method,0,25,50,75,overall_coverage,mean_width,median_width,prop_infinite,target_coverage,coverage_diff
HCP,1.0,0.9333,0.7333,0.8,0.8667,2.2538,2.2538,0.0,0.9,-0.033299999999999996
HCP++,1.0,1.0,1.0,1.0,1.0,2.5342,2.2912,0.0667,0.9,0.09999999999999998
HCP.sample,0.8,0.9333,0.8667,0.8667,0.8667,1.9035,1.8992,0.0,0.9,-0.033299999999999996
Pooling,1.0,0.9333,0.7333,0.7333,0.85,1.9912,1.9912,0.0,0.9,-0.050000000000000044
Repeated,1.0,0.9333,0.7333,0.8667,0.8833,2.2657,2.2538,0.0,0.9,-0.016700000000000048
Subsampling,0.8,0.9333,0.7333,0.7333,0.8,2.2005,2.2466,0.0,0.9,-0.09999999999999998
