summary,spearman_rho,p_value,subsample
age_mean,-0.3131894406183919,0.03406199275394599,0
age_sd,-0.32095391342853274,0.02964463064965889,0
age_sq_mean,-0.32880921252381573,0.025670388935406484,0
age_sq_sd,-0.37068352344906463,0.01121370055592257,0
english_mean,-0.4587402569002533,0.0013438499056102587,0
entry_recency_mean,-0.08375394382145268,0.5799979197113131,0
entry_recency_sd,0.16036808706363442,0.2870363910604064,0
hours_mean,0.05217566444593681,0.7305691689621331,0
hours_sd,0.07320498554103257,0.6287507075111538,0
prop_educ_<HS,,,0
prop_educ_BAplus,0.4971604825576127,0.00043994248368960673,0
prop_educ_HS,,,0
prop_educ_SomeCollege,,,0
prop_female,0.03083263880370454,0.8388142848514187,0
prop_married,0.13612798282733485,0.3670222266309897,0
age_mean,-0.31442477401183583,0.03332490055153563,1
age_sd,-0.39758946916912863,0.006215811249135042,1
age_sq_mean,-0.3301699729970144,0.02502934677364014,1
age_sq_sd,-0.439340074596814,0.0022526416134708966,1
english_mean,-0.37567402492203145,0.010087152224180386,1
entry_recency_mean,-0.002352363759385122,0.9876209679466815,1
entry_recency_sd,0.21885527175743047,0.14393858222950912,1
hours_mean,0.013768606535595852,0.9276375980741611,1
hours_sd,0.10991869809078161,0.46710585319878434,1
prop_educ_<HS,,,1
prop_educ_BAplus,0.5272073057765497,0.0001668837302972606,1
prop_educ_HS,,,1
prop_educ_SomeCollege,,,1
prop_female,-0.11681952546938033,0.43942973602247276,1
prop_married,0.24903723314201762,0.09512142470044213,1
age_mean,-0.36767025602592585,0.011944821810394022,2
age_sd,-0.3685186772417032,0.011734953424243716,2
age_sq_mean,-0.38899193708846447,0.007544620941630419,2
age_sq_sd,-0.37266281141008084,0.0107546210037733,2
english_mean,-0.5340181837400378,0.00013225385970206286,2
entry_recency_mean,0.027021231078200154,0.858522127727557,2
entry_recency_sd,0.26982665217804175,0.06975624063746459,2
hours_mean,0.11105650883384205,0.46247939469886423,2
hours_sd,0.11464760515446039,0.4480408169003462,2
prop_educ_<HS,,,2
prop_educ_BAplus,0.5428226168539695,9.71846950493995e-05,2
prop_educ_HS,,,2
prop_educ_SomeCollege,,,2
prop_female,0.18264863914775875,0.22438781816077347,2
prop_married,0.23064518018737185,0.1230404431908519,2
age_mean,-0.3181056936485705,0.031206308505626182,3
age_sd,-0.22155654613625056,0.13893307468856067,3
age_sq_mean,-0.3220054101578226,0.029084743163374466,3
age_sq_sd,-0.24017422351955914,0.10789150138768781,3
english_mean,-0.4592178667530365,0.0013263594866217022,3
entry_recency_mean,-0.05260883925925375,0.7284174118573303,3
entry_recency_sd,0.26943888214342027,0.07017443772508947,3
hours_mean,0.0438187780821178,0.7724640085626399,3
hours_sd,0.08485721526020117,0.5749995519098974,3
prop_educ_<HS,,,3
prop_educ_BAplus,0.4955807161456144,0.00046181896048968314,3
prop_educ_HS,,,3
prop_educ_SomeCollege,,,3
prop_female,-0.00858303331685893,0.9548543497535784,3
prop_married,-0.02302438027060745,0.8792804770063922,3
age_mean,-0.3573165716475299,0.014776007282867881,4
age_sd,-0.30843824283934,0.03702336664785711,4
age_sq_mean,-0.36567345079774244,0.012451470380394814,4
age_sq_sd,-0.3273247465530536,0.026385282963939986,4
english_mean,-0.47427317458101653,0.0008690682192347663,4
entry_recency_mean,-0.05484721817934785,0.7173316909091806,4
entry_recency_sd,0.282437069733638,0.05719927384784007,4
hours_mean,-0.07635424914238517,0.6140187977565875,4
hours_sd,-0.07451312509512635,0.6226135986891507,4
prop_educ_<HS,,,4
prop_educ_BAplus,0.5404031327361216,0.00010586195439499571,4
prop_educ_HS,,,4
prop_educ_SomeCollege,,,4
prop_female,-0.06742073370535141,0.656180634904451,4
prop_married,0.18625679518168894,0.21520887089608431,4
age_mean,-0.357181829913038,0.014816320537204093,5
age_sd,-0.29924359860613625,0.04335544326316345,5
age_sq_mean,-0.3789099390370382,0.009409872062838352,5
age_sq_sd,-0.33400484342148323,0.02329434916627848,5
english_mean,-0.4676025312260962,0.0010505946238092937,5
entry_recency_mean,-0.14853939054327897,0.32452726215680794,5
entry_recency_sd,0.1556764460787758,0.30155389889109524,5
hours_mean,0.0597792559139133,0.6931101392913379,5
hours_sd,0.09115408038826789,0.5468551642530092,5
prop_educ_<HS,,,5
prop_educ_BAplus,0.4838649956868002,0.0006571197733326162,5
prop_educ_HS,,,5
prop_educ_SomeCollege,,,5
prop_female,-0.06017520803535038,0.6911782835149125,5
prop_married,0.15006631243914303,0.3195221434722923,5
age_mean,-0.3190224068984063,0.030696406458139276,6
age_sd,-0.3379015665947339,0.02163575426760534,6
age_sq_mean,-0.33437595991417385,0.023131930890466248,6
age_sq_sd,-0.3810747852443997,0.00897895054010144,6
english_mean,-0.42113267372995566,0.0035621085728909665,6
entry_recency_mean,0.03452338410644263,0.8198227978516069,6
entry_recency_sd,0.23265688643971874,0.11971585662067775,6
hours_mean,0.06698245675539126,0.6582779660675891,6
hours_sd,0.11632844321985937,0.44136867730334495,6
prop_educ_<HS,,,6
prop_educ_BAplus,0.5178932786353423,0.00022757024121968322,6
prop_educ_HS,,,6
prop_educ_SomeCollege,,,6
prop_female,0.06387788553350324,0.6732081879770302,6
prop_married,0.032999867153919116,0.8276506585460609,6
age_mean,-0.39809019259325723,0.006145121477593969,7
age_sd,-0.4114444848962419,0.004500593478551865,7
age_sq_mean,-0.4084137002059359,0.004835516104336212,7
age_sq_sd,-0.44960763089458544,0.0017202308285089345,7
english_mean,-0.46620660323055935,0.0010926115757507182,7
entry_recency_mean,-0.10524045326017807,0.4863858191875685,7
entry_recency_sd,0.1496356422784693,0.32092888008372944,7
hours_mean,0.04950663015644993,0.7438719898181376,7
hours_sd,0.07918128546738633,0.6009209166105546,7
prop_educ_<HS,,,7
prop_educ_BAplus,0.4924717155318449,0.0005077542562678104,7
prop_educ_HS,,,7
prop_educ_SomeCollege,,,7
prop_female,0.018032940343217545,0.9053157396368015,7
prop_married,0.12372720193764031,0.412661323780748,7
age_mean,-0.37031573894173475,0.011300830262118713,8
age_sd,-0.37940476102729226,0.00930983708717496,8
age_sq_mean,-0.40092951760334344,0.005757345427695502,8
age_sq_sd,-0.41614529380365545,0.0040212189315035176,8
english_mean,-0.4730756771929373,0.000899425640100675,8
entry_recency_mean,-0.0005881636109543549,0.996904747167133,8
entry_recency_sd,0.1803539357657538,0.23036399283176773,8
hours_mean,0.09705495004233826,0.521093559926897,8
hours_sd,0.13733004198249815,0.3627661396397906,8
prop_educ_<HS,,,8
prop_educ_BAplus,0.5292859156784347,0.00015553059390250971,8
prop_educ_HS,,,8
prop_educ_SomeCollege,,,8
prop_female,-0.0682062239770908,0.6524282962607939,8
prop_married,0.0669968656516979,0.6582089723155918,8
age_mean,-0.3364791550945571,0.022229300517196543,9
age_sd,-0.32367543437492996,0.028213581845648667,9
age_sq_mean,-0.341921995265548,0.020029656387210885,9
age_sq_sd,-0.34612798218270746,0.018458132458978104,9
english_mean,-0.4231599776733682,0.003389066193000234,9
entry_recency_mean,-0.10458358775498089,0.4891257348114462,9
entry_recency_sd,0.22598598620546054,0.13100706561370357,9
hours_mean,-0.0013614323293023734,0.9928354411490015,9
hours_sd,0.046514701416862266,0.7588722080375032,9
prop_educ_<HS,,,9
prop_educ_BAplus,0.4823992825520622,0.0006861612491921156,9
prop_educ_HS,,,9
prop_educ_SomeCollege,,,9
prop_female,0.0275711402578532,0.8556731309337436,9
prop_married,0.11680291262040567,0.43949525131611566,9
age_mean,-0.3711038247974956,0.0111148350103532,10
age_sd,-0.30369699651842275,0.040186297909955315,10
age_sq_mean,-0.39591944495202114,0.006456710818517918,10
age_sq_sd,-0.3240465508676205,0.028022967472058763,10
english_mean,-0.5212299466963702,0.000203848413442266,10
entry_recency_mean,-0.02448617980341551,0.8716783142012796,10
entry_recency_sd,0.17384251107990878,0.24791328708821114,10
hours_mean,0.041992995662029554,0.7817076000078121,10
hours_sd,0.06176377882808532,0.6834472327220904,10
prop_educ_<HS,,,10
prop_educ_BAplus,0.5145197477915221,0.0002540692191215783,10
prop_educ_HS,,,10
prop_educ_SomeCollege,,,10
prop_female,0.06181304683828797,0.6832079682018148,10
prop_married,0.1837929942706653,0.22144786806579767,10
age_mean,-0.35932941709802063,0.014184803966628919,11
age_sd,-0.2352878563658004,0.1154709366676586,11
age_sq_mean,-0.3762502708394227,0.009963564778382953,11
age_sq_sd,-0.26825537146647643,0.07146310547899813,11
english_mean,-0.40907887965409867,0.0047602012507114684,11
entry_recency_mean,0.027432083367274818,0.8563933937118567,11
entry_recency_sd,0.1039190269716408,0.49190589458826417,11
hours_mean,0.016469598785147546,0.9134916559675149,11
hours_sd,0.06407944773789938,0.6722349924227925,11
prop_educ_<HS,,,11
prop_educ_BAplus,,,11
prop_educ_HS,,,11
prop_educ_SomeCollege,,,11
prop_female,0.058782698297052266,0.6979808673177513,11
prop_married,0.0959615944820343,0.525820910697503,11
age_mean,-0.3509231081627765,0.016794807488297935,12
age_sd,-0.3883235312434326,0.007657526194205222,12
age_sq_mean,-0.36203530238416864,0.013421877701803645,12
age_sq_sd,-0.3909712250494806,0.007218693024248893,12
english_mean,-0.4327442872882887,0.0026671166047504725,12
entry_recency_mean,-0.09755133335959433,0.5189543386196873,12
entry_recency_sd,0.0795141604672559,0.5993867328451157,12
hours_mean,0.006252721523719311,0.9671035319206929,12
hours_sd,0.01456901805800046,0.9234430925566727,12
prop_educ_<HS,,,12
prop_educ_BAplus,0.5105762679632623,0.00028856392335024775,12
prop_educ_HS,,,12
prop_educ_SomeCollege,,,12
prop_female,0.0004998724316501651,0.9973693840085446,12
prop_married,0.03643452607686665,0.8100278524311344,12
age_mean,-0.37961373126485687,0.009267866773195885,13
age_sd,-0.31142859011614227,0.03513585482241714,13
age_sq_mean,-0.4024758363228873,0.005555255455017457,13
age_sq_sd,-0.33678821711666224,0.02209918558284601,13
english_mean,-0.47306755457864597,0.0008996347523195913,13
entry_recency_mean,-0.2735748014345028,0.06581501001674873,13
entry_recency_sd,0.2290451188582028,0.12573406380692187,13
hours_mean,-0.06738492219990656,0.6563519094862982,13
hours_sd,0.009124687381927054,0.952008540106021,13
prop_educ_<HS,,,13
prop_educ_BAplus,0.5256575279538572,0.00017583233146665407,13
prop_educ_HS,,,13
prop_educ_SomeCollege,,,13
prop_female,0.12010221507184844,0.42659061045005153,13
prop_married,0.03230630685001966,0.8312197161696685,13
age_mean,-0.36264791446283945,0.01325409686773967,14
age_sd,-0.39992127926957843,0.005892532658655165,14
age_sq_mean,-0.38713635462501184,0.00786166689715702,14
age_sq_sd,-0.4144134168377663,0.004192353939637762,14
english_mean,-0.4579286487466043,0.0013740429474509046,14
entry_recency_mean,-0.01768078117541724,0.9071566360083971,14
entry_recency_sd,0.3090781856624355,0.036612577660693445,14
hours_mean,0.06763843345124973,0.6551398247247755,14
hours_sd,0.09324876973794553,0.5376410543087066,14
prop_educ_<HS,,,14
prop_educ_BAplus,0.5273649137707511,0.00016599724460598619,14
prop_educ_HS,,,14
prop_educ_SomeCollege,,,14
prop_female,0.05896189648293582,0.6971041337544208,14
prop_married,0.14522464703981763,0.3355612519941942,14
age_mean,-0.3768225003317061,0.009842129221169746,15
age_sd,-0.26936872094454806,0.07025031597332772,15
age_sq_mean,-0.38614671064450373,0.008035420270850135,15
age_sq_sd,-0.2894090115498371,0.05107836703722592,15
english_mean,-0.44022703843170763,0.002201493973538286,15
entry_recency_mean,-0.04067490047454537,0.7883995001963303,15
entry_recency_sd,0.19067873804191052,0.20432016516038298,15
hours_mean,0.04431253744603254,0.7699694851976983,15
hours_sd,0.05932044456297829,0.6953510972430242,15
prop_educ_<HS,,,15
prop_educ_BAplus,0.5090622108923096,0.00030289495776141564,15
prop_educ_HS,,,15
prop_educ_SomeCollege,,,15
prop_female,-0.06191982364414472,0.6826895241785657,15
prop_married,0.18297710713080373,0.2235412131256868,15
age_mean,-0.26342587079898905,0.07691687991885222,16
age_sd,-0.306665928459947,0.03818085456779708,16
age_sq_mean,-0.258730048154086,0.08252861331798322,16
age_sq_sd,-0.31786127598944486,0.031343438935994075,16
english_mean,-0.45046966814940864,0.0016810856519061824,16
entry_recency_mean,-0.04061926512737619,0.7886822935081368,16
entry_recency_sd,0.16738386130074998,0.26619128285527566,16
hours_mean,0.01373554632720719,0.9278108905261999,16
hours_sd,0.06299896727802423,0.6774579967401589,16
prop_educ_<HS,,,16
prop_educ_BAplus,0.4830349692884911,0.0006734273580860335,16
prop_educ_HS,,,16
prop_educ_SomeCollege,,,16
prop_female,-0.07036524917804492,0.6421583805597786,16
prop_married,0.22579917860932236,0.13133434613899175,16
age_mean,-0.28516300950468415,0.05473949597622974,17
age_sd,-0.23578267835605446,0.11468549685138273,17
age_sq_mean,-0.29461372719217416,0.04686331981269914,17
age_sq_sd,-0.27307988587145343,0.06632502995141784,17
english_mean,-0.41643147530066477,0.003993537296097063,17
entry_recency_mean,0.05076623803520121,0.7375844696752059,17
entry_recency_sd,0.3613351166993093,0.013615858434057956,17
hours_mean,-0.014882930690782762,0.9217986080619212,17
hours_sd,0.02471245931800268,0.8705025406289734,17
prop_educ_<HS,,,17
prop_educ_BAplus,0.47424969317611043,0.000869654565650413,17
prop_educ_HS,,,17
prop_educ_SomeCollege,,,17
prop_female,-0.03517298863989078,0.8164903334035787,17
prop_married,0.21111896937133576,0.1590114119326063,17
age_mean,-0.3575330896532027,0.014711422895094967,18
age_sd,-0.28575969937171347,0.05421259605516381,18
age_sq_mean,-0.36066337814642013,0.013804199759358706,18
age_sq_sd,-0.30740816144532807,0.0376925430564788,18
english_mean,-0.43095817292568656,0.002790339657302976,18
entry_recency_mean,-0.1168567523379132,0.4392829458698055,18
entry_recency_sd,0.250310304456315,0.09338747540475288,18
hours_mean,0.056797203927259204,0.7077207926998852,18
hours_sd,0.07429202413246863,0.6236491279575517,18
prop_educ_<HS,,,18
prop_educ_BAplus,0.48534590679916406,0.0006289021201702121,18
prop_educ_HS,,,18
prop_educ_SomeCollege,,,18
prop_female,0.06860739403378625,0.6505151443859202,18
prop_married,0.1880016884623197,0.2108649835135804,18
age_mean,-0.29322199742903665,0.04796171602145888,19
age_sd,-0.21549497675563847,0.15035003816378015,19
age_sq_mean,-0.30320217452816867,0.040528774828328014,19
age_sq_sd,-0.2501325160734219,0.09362814529222555,19
english_mean,-0.41347480547290505,0.00428774057830173,19
entry_recency_mean,-0.04958075787425733,0.7435015088214373,19
entry_recency_sd,0.0751843345374948,0.6194743996167302,19
hours_mean,-0.030018027587519994,0.8430186696427167,19
hours_sd,0.020321134590653447,0.8933666903508745,19
prop_educ_<HS,,,19
prop_educ_BAplus,0.4863327603290737,0.000610707313335081,19
prop_educ_HS,,,19
prop_educ_SomeCollege,,,19
prop_female,-0.0214945145609571,0.8872481330872202,19
prop_married,0.20310488070014646,0.17580879193742854,19
age_mean,-0.32781896910076397,0.02614545232323154,20
age_sd,-0.2746880573397791,0.06467918097175267,20
age_sq_mean,-0.3413758472335942,0.020241753954055617,20
age_sq_sd,-0.278770338759375,0.060647112022784576,20
english_mean,-0.4920577648650305,0.000514170736731498,20
entry_recency_mean,0.014243711629933329,0.9251475986771298,20
entry_recency_sd,0.1423275637768618,0.3453935405396042,20
hours_mean,-0.08977833698659418,0.5529475524395143,20
hours_sd,-0.06971879782665619,0.645226568333171,20
prop_educ_<HS,,,20
prop_educ_BAplus,0.4701429595822467,0.0009778152149320055,20
prop_educ_HS,,,20
prop_educ_SomeCollege,,,20
prop_female,-0.14136606388169204,0.3486955178144944,20
prop_married,0.06355681394177239,0.6747594974209967,20
age_mean,-0.325746710309392,0.027163369239527987,21
age_sd,-0.2877389873327296,0.05249399434696564,21
age_sq_mean,-0.33845824133376967,0.021407117967604892,21
age_sq_sd,-0.3233043178822394,0.02840527345885785,21
english_mean,-0.5013787556503737,0.0003860271546365709,21
entry_recency_mean,-0.12270950283279276,0.41654538967972404,21
entry_recency_sd,0.18359594306841542,0.22195220135842622,21
hours_mean,0.10335466136155637,0.4942733040207428,21
hours_sd,0.1480983158802262,0.32598218924573125,21
prop_educ_<HS,,,21
prop_educ_BAplus,0.5277213679571359,0.00016400806874512533,21
prop_educ_HS,,,21
prop_educ_SomeCollege,,,21
prop_female,-0.07118266175291292,0.6382872076432736,21
prop_married,0.07873486035538342,0.6029811237311644,21
age_mean,-0.31529087274989104,0.03281601743509039,22
age_sd,-0.34148902602407577,0.020197646085949577,22
age_sq_mean,-0.34575686569001696,0.01859247127953706,22
age_sq_sd,-0.3492206196217953,0.01737019636981603,22
english_mean,-0.4323557169179639,0.002693507554834576,22
entry_recency_mean,-0.029260633534533117,0.8469316258587825,22
entry_recency_sd,0.30780775360796325,0.03743178454289951,22
hours_mean,0.029127776999108276,0.847618386626675,22
hours_sd,0.102438297606051,0.49812977532323016,22
prop_educ_<HS,,,22
prop_educ_BAplus,,,22
prop_educ_HS,,,22
prop_educ_SomeCollege,,,22
prop_female,-0.044065126772958714,0.771219144004309,22
prop_married,0.19326001173578963,0.1981458731784301,22
age_mean,-0.2900413341706101,0.050550488233507974,23
age_sd,-0.25780225692235964,0.08367434637562768,23
age_sq_mean,-0.3079029834355821,0.03736986038506464,23
age_sq_sd,-0.3048721987452761,0.03938240376933053,23
english_mean,-0.4515401898340625,0.0016335752651572713,23
entry_recency_mean,-0.012194395687920453,0.9358927106893953,23
entry_recency_sd,0.11458575049832095,0.4482874014037519,23
hours_mean,-0.03504433425711846,0.8171500766682379,23
hours_sd,0.10919030519053423,0.4700805325258035,23
prop_educ_<HS,,,23
prop_educ_BAplus,0.5419979154853583,0.00010006678144306785,23
prop_educ_HS,,,23
prop_educ_SomeCollege,,,23
prop_female,-0.09152807036616148,0.5452045397957874,23
prop_married,0.13976718497724072,0.3542290772251312,23
age_mean,-0.3646331979420253,0.012722613590384324,24
age_sd,-0.3061805478902503,0.03850298301654782,24
age_sq_mean,-0.38150775448587193,0.008894838382423147,24
age_sq_sd,-0.35342660653895475,0.015978083200183183,24
english_mean,-0.466417498703404,0.0010861690445975803,24
entry_recency_mean,-0.03712998744449548,0.8064705210260921,24
entry_recency_sd,0.12275813646201832,0.4163593062332035,24
hours_mean,-0.08553590541433531,0.5719345519364586,24
hours_sd,-0.020844376339451822,0.8906374823828077,24
prop_educ_<HS,,,24
prop_educ_BAplus,0.494044665012407,0.000484024253242784,24
prop_educ_HS,,,24
prop_educ_SomeCollege,,,24
prop_female,-0.05630863911524706,0.7101246342571387,24
prop_married,0.101550322918875,0.5018814616143576,24
age_mean,-0.3262516402773402,0.026912349247659853,25
age_sd,-0.276234376059323,0.06312747536967127,25
age_sq_mean,-0.3541688395243358,0.01574251911884697,25
age_sq_sd,-0.29039865553034516,0.050254144056588665,25
english_mean,-0.46139605297913816,0.0012491360569947252,25
entry_recency_mean,-0.23286594994966708,0.11937428944095478,25
entry_recency_sd,0.21466658413194215,0.1519624210438091,25
hours_mean,0.051493253339437876,0.7339631359149441,25
hours_sd,0.13457310449640758,0.37257188068208297,25
prop_educ_<HS,,,25
prop_educ_BAplus,,,25
prop_educ_HS,,,25
prop_educ_SomeCollege,,,25
prop_female,0.07445919230327765,0.6228661272732939,25
prop_married,0.27065649159202726,0.06886792241037916,25
age_mean,-0.39466921975150365,0.0066423217515857525,26
age_sd,-0.41583074929574715,0.004051837848656263,26
age_sq_mean,-0.39542462296176706,0.006529627497259337,26
age_sq_sd,-0.4322888612356937,0.0026980714098445435,26
english_mean,-0.4948462432306429,0.0004723194933720779,26
entry_recency_mean,-0.01937724591014004,0.8982930392688473,26
entry_recency_sd,0.2938096166623614,0.047495428484057085,26
hours_mean,0.08528833405278877,0.5730517281555729,26
hours_sd,0.1336142981899519,0.37601892051112984,26
prop_educ_<HS,,,26
prop_educ_BAplus,0.4659923371312277,0.0010991919789498387,26
prop_educ_HS,,,26
prop_educ_SomeCollege,,,26
prop_female,-0.10802265482125761,0.47487009560210336,26
prop_married,0.0804026726883025,0.5953000937912858,26
age_mean,-0.35631782594334843,0.015077050726790775,27
age_sd,-0.3685918959349498,0.011716990697177505,27
age_sq_mean,-0.3714876091832275,0.011025212863905868,27
age_sq_sd,-0.40235213082532384,0.00557119213974097,27
english_mean,-0.49588197577039705,0.0004575730778264398,27
entry_recency_mean,-0.03709787302129053,0.806634703938001,27
entry_recency_sd,0.2584906080067386,0.08282311675628148,27
hours_mean,0.18403836088967154,0.22082098511018639,27
hours_sd,0.28049226273874345,0.05900783512939869,27
prop_educ_<HS,,,27
prop_educ_BAplus,0.5240942886631123,0.00018529761397899233,27
prop_educ_HS,,,27
prop_educ_SomeCollege,,,27
prop_female,-0.02335434236771731,0.8775635282327932,27
prop_married,0.14409097954032696,0.33938783857217786,27
age_mean,-0.2923160907425796,0.048687839861112386,28
age_sd,-0.27927377246959195,0.060164117629228075,28
age_sq_mean,-0.2871823125936938,0.0529728453236467,28
age_sq_sd,-0.3177375704918814,0.03141303383008339,28
english_mean,-0.5353308118833799,0.00012638432029828128,28
entry_recency_mean,0.00024762488635702917,0.9986968538281642,28
entry_recency_sd,0.19129732275575292,0.2028283755019752,28
hours_mean,-0.0103976761550788,0.9453227404652003,28
hours_sd,0.05493371115356761,0.7169044630173003,28
prop_educ_<HS,,,28
prop_educ_BAplus,0.4838993350204315,0.0006564528056041956,28
prop_educ_HS,,,28
prop_educ_SomeCollege,,,28
prop_female,-0.0882873280167435,0.5595864471767139,28
prop_married,0.14045226179938558,0.3518515709459954,28
age_mean,-0.3302725649299809,0.02498156389461115,29
age_sd,-0.30258364704035107,0.04096022598241279,29
age_sq_mean,-0.34117976228016694,0.02031836390340939,29
age_sq_sd,-0.33159258621899473,0.02437352614801844,29
english_mean,-0.46058337793573656,0.001277466320709082,29
entry_recency_mean,-0.05614574529238746,0.7109267268706974,29
entry_recency_sd,0.18298300188478808,0.2235260399523405,29
hours_mean,-0.03870202401113644,0.7984437832311252,29
hours_sd,0.03232404218813265,0.8311284080106642,29
prop_educ_<HS,,,29
prop_educ_BAplus,0.5143619341122367,0.00025537457147208157,29
prop_educ_HS,,,29
prop_educ_SomeCollege,,,29
prop_female,-0.06192001964429987,0.6826885726523597,29
prop_married,0.1825258486336466,0.2247048701419147,29
age_mean,-0.3049528589108268,0.03932771523985992,30
age_sd,-0.3277577157945259,0.026175077523240973,30
age_sq_mean,-0.3191601837138618,0.03062037141750693,30
age_sq_sd,-0.3302936784945779,0.024971739576419686,30
english_mean,-0.4210804179604872,0.003566669615700569,30
entry_recency_mean,0.08064780177776683,0.5941748072004432,30
entry_recency_sd,0.10300070841293928,0.49576106742211445,30
hours_mean,0.053276577613295024,0.7251045302464825,30
hours_sd,0.14736871825222653,0.32839780774716165,30
prop_educ_<HS,,,30
prop_educ_BAplus,,,30
prop_educ_HS,,,30
prop_educ_SomeCollege,,,30
prop_female,-0.017388240152864363,0.9086862478115323,30
prop_married,0.13765481308084904,0.36162137440162445,30
age_mean,-0.3540888109494682,0.015767775302820555,31
age_sd,-0.32949975325482084,0.02534338910439187,31
age_sq_mean,-0.36537545381569875,0.012528634087380095,31
age_sq_sd,-0.3386437995801149,0.021331358607406547,31
english_mean,-0.5258740810322031,0.00017455630491728248,31
entry_recency_mean,-0.09887950849579183,0.513252029805147,31
entry_recency_sd,0.12074773614203062,0.4240909651019424,31
hours_mean,0.0017331600755046256,0.9908792915343902,31
hours_sd,0.06823410293061383,0.6522952719040245,31
prop_educ_<HS,,,31
prop_educ_BAplus,0.5450765740101068,8.968926423832736e-05,31
prop_educ_HS,,,31
prop_educ_SomeCollege,,,31
prop_female,0.08252192952796349,0.5856026810090269,31
prop_married,0.23101032949309042,0.12243187641073111,31
age_mean,-0.3415930143366464,0.020157191299815445,32
age_sd,-0.35336475379017296,0.015997847853053745,32
age_sq_mean,-0.34606612943392573,0.01848046515008433,32
age_sq_sd,-0.3702505542075924,0.01131633317265156,32
english_mean,-0.4625729257146199,0.0012091019166895517,32
entry_recency_mean,-0.11186799795406728,0.45919493388894606,32
entry_recency_sd,0.23213823322495772,0.12056642079377326,32
hours_mean,0.02422730713281269,0.8730237811089248,32
hours_sd,0.052329039093970055,0.7298070590271133,32
prop_educ_<HS,,,32
prop_educ_BAplus,0.4853935455855281,0.0006280127396399765,32
prop_educ_HS,,,32
prop_educ_SomeCollege,,,32
prop_female,0.010008553970208865,0.9473660558919141,32
prop_married,0.18145851058628282,0.22747381678653988,32
age_mean,-0.32071138416923123,0.029775031331380868,33
age_sd,-0.3670342112709411,0.012104254958104127,33
age_sq_mean,-0.33010812024823266,0.025058191994410645,33
age_sq_sd,-0.39375459874465973,0.0067810244454110415,33
english_mean,-0.44373204272377753,0.0020092811813962282,33
entry_recency_mean,-0.18192552754719904,0.22625938082196026,33
entry_recency_sd,0.1558118788152607,0.30112832587897376,33
hours_mean,0.015007160485881873,0.9211478979938765,33
hours_sd,0.053784282114191465,0.7225889486811689,33
prop_educ_<HS,,,33
prop_educ_BAplus,,,33
prop_educ_HS,,,33
prop_educ_SomeCollege,,,33
prop_female,-0.06224248171473054,0.6811237693415492,33
prop_married,0.20192413433063988,0.17838767628698007,33
age_mean,-0.39339441966380007,0.006836331271812039,34
age_sd,-0.34372632416689314,0.019342204493226395,34
age_sq_mean,-0.40043469561308936,0.0058233513372710054,34
age_sq_sd,-0.3790336445346017,0.00938477695852596,34
english_mean,-0.423049972807811,0.003398262624739334,34
entry_recency_mean,0.04768841774022322,0.7529769191364474,34
entry_recency_sd,0.0991591296289319,0.5120555485441999,34
hours_mean,0.04874061180447834,0.7477037913975072,34
hours_sd,0.10691577313702981,0.479434161913697,34
prop_educ_<HS,,,34
prop_educ_BAplus,0.4993637429566522,0.0004109901644463043,34
prop_educ_HS,,,34
prop_educ_SomeCollege,,,34
prop_female,-0.19519404196353327,0.19360692319268744,34
prop_married,0.10623307626691697,0.4822606420441762,34
age_mean,-0.3469772243377383,0.018153801295009153,35
age_sd,-0.3687042354880484,0.01168947622725966,35
age_sq_mean,-0.36326119359525394,0.013087929214350232,35
age_sq_sd,-0.3941257152373502,0.006724444505668234,35
english_mean,-0.46601218726154925,0.0010985808714589651,35
entry_recency_mean,-0.057721565368685765,0.703180442151757,35
entry_recency_sd,0.08981573045406095,0.5527815341268881,35
hours_mean,0.01454391941315314,0.9235745897897937,35
hours_sd,0.09183456554895396,0.5438535898454113,35
prop_educ_<HS,,,35
prop_educ_BAplus,0.4933602471416158,0.0004942241129566807,35
prop_educ_HS,,,35
prop_educ_SomeCollege,,,35
prop_female,0.053770804738298913,0.7226556893207966,35
prop_married,0.04953064749696272,0.743751947902359,35
age_mean,-0.470215246034085,0.0009758119337937624,36
age_sd,-0.41651641029634595,0.003985353939646427,36
age_sq_mean,-0.474843552397542,0.0008549337173761228,36
age_sq_sd,-0.4541228815556537,0.0015238280053631954,36
english_mean,-0.3746866998124063,0.010301967412662556,36
entry_recency_mean,-0.17095931175990967,0.25596511226183905,36
entry_recency_sd,0.16850767313528156,0.26294823521953936,36
hours_mean,-0.051290047219396374,0.7349747540042971,36
hours_sd,-0.0029076171920425545,0.9846993261798769,36
prop_educ_<HS,,,36
prop_educ_BAplus,0.4583218770974359,0.001359339682179963,36
prop_educ_HS,,,36
prop_educ_SomeCollege,,,36
prop_female,-0.10271867925568283,0.4969481647082275,36
prop_married,0.08281520258809737,0.5842663039132553,36
age_mean,-0.3508102108480843,0.016832456802347354,37
age_sd,-0.29906726243421417,0.04348500592182992,37
age_sq_mean,-0.3518292841211604,0.016495190134423212,37
age_sq_sd,-0.3311596169775225,0.02457158415514258,37
english_mean,-0.4581777725321966,0.0013647115809761938,37
entry_recency_mean,0.022374952651260806,0.8826613500101657,37
entry_recency_sd,0.10410459666266157,0.4911287494215707,37
hours_mean,0.09859833906904138,0.5144565517497652,37
hours_sd,0.13377719636215085,0.3754319429801801,37
prop_educ_<HS,,,37
prop_educ_BAplus,0.467875991484935,0.0010425346391699454,37
prop_educ_HS,,,37
prop_educ_SomeCollege,,,37
prop_female,-0.008516486691668948,0.9552040197482993,37
prop_married,0.1098274103011437,0.46747810952640106,37
age_mean,-0.3733043617701501,0.010609322506503269,38
age_sd,-0.3247887838530016,0.02764495228631959,38
age_sq_mean,-0.4019191615838515,0.005627284501240272,38
age_sq_sd,-0.35899335392931275,0.01428208633590768,38
english_mean,-0.5103589693354668,0.0002905823193244568,38
entry_recency_mean,-0.08847218947934453,0.5587613062476323,38
entry_recency_sd,0.3029180336348164,0.04072651196349295,38
hours_mean,0.1905327619015714,0.20467332459605994,38
hours_sd,0.25575384993812783,0.0862479454394163,38
prop_educ_<HS,,,38
prop_educ_BAplus,0.5285591837654319,0.0001594175998055426,38
prop_educ_HS,,,38
prop_educ_SomeCollege,,,38
prop_female,-0.0916520973352827,0.5446576679523477,38
prop_married,0.15049855049855165,0.3181142078500671,38
age_mean,-0.36890757810577074,0.011639813751871854,39
age_sd,-0.2441946521903733,0.10194539684941717,39
age_sq_mean,-0.38373445344201523,0.008472908198790203,39
age_sq_sd,-0.2666471999981508,0.0732440865786559,39
english_mean,-0.514907577415669,0.000250886906455224,39
entry_recency_mean,-0.03406526189830458,0.8221748538452688,39
entry_recency_sd,0.08736970179696536,0.5636907551441394,39
hours_mean,0.01104718985211845,0.9419128658368353,39
hours_sd,-0.00185586862005296,0.9902335712139078,39
prop_educ_<HS,,,39
prop_educ_BAplus,0.546748178615384,8.447496127241462e-05,39
prop_educ_HS,,,39
prop_educ_SomeCollege,,,39
prop_female,-0.07163687436106415,0.636140207611566,39
prop_married,0.1833606863824319,0.22255535729573533,39
age_mean,-0.30440553768183026,0.03970003001062657,40
age_sd,-0.33616968962884475,0.022360229001651955,40
age_sq_mean,-0.3341079251372095,0.023249140129235433,40
age_sq_sd,-0.3570759187170783,0.014848073640310515,40
english_mean,-0.465383409549241,0.001118086476176474,40
entry_recency_mean,-0.14550209453043883,0.3346288558552253,40
entry_recency_sd,0.14783718717989375,0.32684547339603087,40
hours_mean,0.051397243394305826,0.7344410453932483,40
hours_sd,0.11667227391399608,0.44001063353628744,40
prop_educ_<HS,,,40
prop_educ_BAplus,0.5393047977190316,0.0001100290500198483,40
prop_educ_HS,,,40
prop_educ_SomeCollege,,,40
prop_female,-0.05291566852218027,0.726894512992675,40
prop_married,0.14246669905948262,0.34491732209837117,40
age_mean,-0.2531173561966407,0.08965077303905329,41
age_sd,-0.28897604230836477,0.051442383932074086,41
age_sq_mean,-0.26596681976155145,0.07400804987288356,41
age_sq_sd,-0.3077792779380186,0.037450317498466286,41
english_mean,-0.42799256988899664,0.0030060398585535536,41
entry_recency_mean,0.11175133686585116,0.4596663357494302,41
entry_recency_sd,0.2612982420423749,0.07942110236938224,41
hours_mean,0.025909354411867938,0.8642879945920686,41
hours_sd,0.14834118949280659,0.3251805416347438,41
prop_educ_<HS,,,41
prop_educ_BAplus,0.4913536099460593,0.0005252532791664579,41
prop_educ_HS,,,41
prop_educ_SomeCollege,,,41
prop_female,-0.14563994547935197,0.33416619095941696,41
prop_married,0.18705165395056797,0.213222425076177,41
age_mean,-0.34025307566455426,0.020683729801926266,42
age_sd,-0.2916357105059803,0.049239032339449804,42
age_sq_mean,-0.35082879109012094,0.0168262556996074,42
age_sq_sd,-0.32837624328234344,0.025877209079507177,42
english_mean,-0.49497973264977063,0.00047039520335060493,42
entry_recency_mean,0.050778789178982875,0.7375219032229863,42
entry_recency_sd,0.1850919637066152,0.21814311883371443,42
hours_mean,0.0036821692738555523,0.980624114359171,42
hours_sd,-0.027032985741599867,0.8584612098419336,42
prop_educ_<HS,,,42
prop_educ_BAplus,0.5234150248949249,0.00018955267557662278,42
prop_educ_HS,,,42
prop_educ_SomeCollege,,,42
prop_female,-0.020106235114957675,0.8944879524585951,42
prop_married,0.15183504689018149,0.31378568596410367,42
age_mean,-0.2529707836443347,0.08984296691067084,43
age_sd,-0.19168166847466236,0.20190534784130207,43
age_sq_mean,-0.26503902852982514,0.07505993528378564,43
age_sq_sd,-0.2091241436311176,0.16307847694127356,43
english_mean,-0.4319924533386093,0.0027183877236999876,43
entry_recency_mean,-0.1891458140075749,0.20805015371671925,43
entry_recency_sd,0.34198455904775427,0.020005479594716657,43
hours_mean,0.055825618404054034,0.7125039384130184,43
hours_sd,0.14076329303206064,0.3507753889640095,43
prop_educ_<HS,,,43
prop_educ_BAplus,,,43
prop_educ_HS,,,43
prop_educ_SomeCollege,,,43
prop_female,0.11020558762281676,0.46593699953095297,43
prop_married,0.1893652385803696,0.20751333581497872,43
age_mean,-0.3096325785137982,0.03625974153417485,44
age_sd,-0.34724133166077903,0.018060025759299953,44
age_sq_mean,-0.3135934363235037,0.03381947276294509,44
age_sq_sd,-0.3904145503104449,0.0073091036287826604,44
english_mean,-0.47687385715951686,0.0008062750774317592,44
entry_recency_mean,0.04709131978134269,0.7559742813563022,44
entry_recency_sd,0.2763079063822182,0.06305443530541764,44
hours_mean,-0.03898887819194782,0.796981310808844,44
hours_sd,0.06126703690611978,0.685861315267568,44
prop_educ_<HS,,,44
prop_educ_BAplus,0.5289537291180311,0.0001572965229286847,44
prop_educ_HS,,,44
prop_educ_SomeCollege,,,44
prop_female,0.09353389493324285,0.5363926940030648,44
prop_married,0.12431225543425502,0.4104378707874465,44
age_mean,-0.30059197117183833,0.04237510271826897,45
age_sd,-0.36623012553677825,0.01230841220923787,45
age_sq_mean,-0.32880921252381573,0.025670388935406484,45
age_sq_sd,-0.35750888795855057,0.014718629990262749,45
english_mean,-0.49602118165922227,0.00045562304207756674,45
entry_recency_mean,-0.04120368174182583,0.7857130647637214,45
entry_recency_sd,0.06448546762972353,0.670276231562849,45
hours_mean,0.041555910376369805,0.7839249563844439,45
hours_sd,0.058392596107874346,0.6998908011470157,45
prop_educ_<HS,,,45
prop_educ_BAplus,0.48499709162114246,0.0006354487640231596,45
prop_educ_HS,,,45
prop_educ_SomeCollege,,,45
prop_female,0.04809864100527781,0.7509197245055876,45
prop_married,0.15533553286482263,0.30262686778685804,45
age_mean,-0.3658368449774418,0.012409333588019506,46
age_sd,-0.23367968489747476,0.11805182773216531,46
age_sq_mean,-0.3786625280419112,0.009460235637109331,46
age_sq_sd,-0.3110574736234517,0.035365703941593836,46
english_mean,-0.4828275248989639,0.0006775593238015799,46
entry_recency_mean,-0.12530206300997906,0.40669186952024106,46
entry_recency_sd,0.19423560014650418,0.19584697626839814,46
hours_mean,-0.09054083935685661,0.5495668942601868,46
hours_sd,-0.02022647255759835,0.893860574896963,46
prop_educ_<HS,,,46
prop_educ_BAplus,,,46
prop_educ_HS,,,46
prop_educ_SomeCollege,,,46
prop_female,-0.04921858465659489,0.7453121476702728,46
prop_married,0.1020586961331929,0.4997318237320453,46
age_mean,-0.21277533728907186,0.15569111219423876,47
age_sd,-0.1937228091844603,0.19705296350070592,47
age_sq_mean,-0.20510371496030344,0.17150447995231796,47
age_sq_sd,-0.1908775827404995,0.20383978989409418,47
english_mean,-0.3899954790259368,0.0073778111994157744,47
entry_recency_mean,0.0028172552636379195,0.9851747815830891,47
entry_recency_sd,0.11212193742940448,0.45816972479993767,47
hours_mean,0.008175915655112512,0.9569936830277667,47
hours_sd,-0.040488867060822074,0.7893452094647772,47
prop_educ_<HS,,,47
prop_educ_BAplus,0.5163753139731676,0.00023916739232779258,47
prop_educ_HS,,,47
prop_educ_SomeCollege,,,47
prop_female,0.04459566988055499,0.768540105019959,47
prop_married,0.18924403692938574,0.20780973321650759,47
age_mean,-0.20741145455134669,0.1666302987401639,48
age_sd,-0.3293040345140698,0.025435714780965818,48
age_sq_mean,-0.21160477865303964,0.15803226005476767,48
age_sq_sd,-0.3295514455091968,0.025319051293753163,48
english_mean,-0.44176101506085874,0.002115456390029472,48
entry_recency_mean,-0.010124795159467927,0.9467556273994795,48
entry_recency_sd,0.22525762354569903,0.13228659031251716,48
hours_mean,-0.08273766515404238,0.5846194906938379,48
hours_sd,0.008754863987837013,0.9539515025034352,48
prop_educ_<HS,,,48
prop_educ_BAplus,0.436499569063345,0.0024235844250203244,48
prop_educ_HS,,,48
prop_educ_SomeCollege,,,48
prop_female,0.12465922160139255,0.4091225041188765,48
prop_married,0.15660345100066927,0.2986486816284138,48
age_mean,-0.3353863907872375,0.0226945216092825,49
age_sd,-0.27178097814703656,0.06767853667223114,49
age_sq_mean,-0.36282822435378165,0.013205056202036143,49
age_sq_sd,-0.29874877661588223,0.04371981275164616,49
english_mean,-0.4625657189125823,0.0012093435511086315,49
entry_recency_mean,-0.12608350192384382,0.40374841897789326,49
entry_recency_sd,0.17102285038155576,0.2557858018888012,49
hours_mean,0.05312680248664034,0.7258471870413313,49
hours_sd,0.0448206096943581,0.7674050484770782,49
prop_educ_<HS,,,49
prop_educ_BAplus,0.48956297905127766,0.0005544096459079011,49
prop_educ_HS,,,49
prop_educ_SomeCollege,,,49
prop_female,0.07857020245471782,0.6037417772552671,49
prop_married,0.10889569718542268,0.47128654347842136,49
age_mean,-0.3193739096578657,0.030502731236350944,50
age_sd,-0.29410982045725054,0.047258634657205055,50
age_sq_mean,-0.33635524787519,0.02228164566176454,50
age_sq_sd,-0.32089206067975096,0.029677841892329523,50
english_mean,-0.43253664258265434,0.002681190918498879,50
entry_recency_mean,-0.09885160501973492,0.5133715041065573,50
entry_recency_sd,-0.043175881444169804,0.7757153905784961,50
hours_mean,-0.053882708775956314,0.7221015967401487,50
hours_sd,-0.04058166049182472,0.7888734523184274,50
prop_educ_<HS,,,50
prop_educ_BAplus,0.480855190339768,0.0007179960462431288,50
prop_educ_HS,,,50
prop_educ_SomeCollege,,,50
prop_female,0.0887407451874442,0.557563608360283,50
prop_married,0.150862633329784,0.31693132485522885,50
age_mean,-0.3186118834373229,0.030923890881671648,51
age_sd,-0.39645741852576954,0.006378238513200214,51
age_sq_mean,-0.3329326866705601,0.023768953470212708,51
age_sq_sd,-0.43259812497960254,0.0026770167853666896,51
english_mean,-0.43916369742053224,0.002262936910256614,51
entry_recency_mean,0.015607118533163962,0.9180060696425881,51
entry_recency_sd,0.15265729135214903,0.31114135584735403,51
hours_mean,-0.04702839557164257,0.7562903610261461,51
hours_sd,0.009463470563608693,0.9502288968608156,51
prop_educ_<HS,,,51
prop_educ_BAplus,0.5117441746900341,0.0002779312192370942,51
prop_educ_HS,,,51
prop_educ_SomeCollege,,,51
prop_female,-0.16509929587504457,0.2728656029019551,51
prop_married,0.08049896193950816,0.5948579575646259,51
age_mean,-0.401789309341841,0.0056442027837999694,52
age_sd,-0.23282092570886911,0.11944778752286865,52
age_sq_mean,-0.3901052865665361,0.007359754188479613,52
age_sq_sd,-0.25842078441017724,0.08290915211378418,52
english_mean,-0.4191964493456474,0.003734570358224592,52
entry_recency_mean,-0.0151951614823915,0.9201632542990327,52
entry_recency_sd,0.17896759726044045,0.23402694970554141,52
hours_mean,0.0462915569644079,0.7599945517455103,52
hours_sd,0.147974591305556,0.3263910406666667,52
prop_educ_<HS,,,52
prop_educ_BAplus,,,52
prop_educ_HS,,,52
prop_educ_SomeCollege,,,52
prop_female,-0.002529331005255169,0.9866897795361032,52
prop_married,0.09902234012672263,0.5126406866666197,52
age_mean,-0.345324916502503,0.01874986962593493,53
age_sd,-0.28310003117409793,0.05659302853677519,53
age_sq_mean,-0.34878765038032294,0.017519159414847982,53
age_sq_sd,-0.32528360584325566,0.027395308048895593,53
english_mean,-0.4578185614829439,0.0013781845189028005,53
entry_recency_mean,0.042771914720489156,0.7777603570004341,53
entry_recency_sd,0.024403919622565554,0.8721058152597528,53
hours_mean,-0.15731398249130998,0.2964341434855967,53
hours_sd,-0.09384508988734468,0.5350318019459566,53
prop_educ_<HS,,,53
prop_educ_BAplus,,,53
prop_educ_HS,,,53
prop_educ_SomeCollege,,,53
prop_female,0.0002180842576087026,0.9988523136870859,53
prop_married,0.07352474154449118,0.6272482694242981,53
age_mean,-0.39327190373458815,0.006855232999269134,54
age_sd,-0.3671579167685046,0.012073104709347339,54
age_sq_mean,-0.4230728016672121,0.003396352325936369,54
age_sq_sd,-0.38490965566886853,0.008257270657840121,54
english_mean,-0.45035980600942266,0.0016860301261728868,54
entry_recency_mean,-0.07912103927925261,0.601198767486423,54
entry_recency_sd,0.07946210808193423,0.5996265234750925,54
hours_mean,-0.0030021735576859997,0.9842018066173401,54
hours_sd,0.051404389720300946,0.7344054696453685,54
prop_educ_<HS,,,54
prop_educ_BAplus,0.5000621936846524,0.0004021773195579791,54
prop_educ_HS,,,54
prop_educ_SomeCollege,,,54
prop_female,-0.020411100643070505,0.8928973433521512,54
prop_married,0.08320943035011438,0.5824720619512489,54
age_mean,-0.32073617412726885,0.029761680712129996,55
age_sd,-0.36270451885621807,0.013238684902569572,55
age_sq_mean,-0.34996285260717636,0.017117325303720152,55
age_sq_sd,-0.37303392790277146,0.010670363685105216,55
english_mean,-0.49913253673148655,0.000413945570141172,55
entry_recency_mean,-0.16062679985480371,0.28624933191964347,55
entry_recency_sd,0.21271816246354966,0.1558048697089015,55
hours_mean,0.13406838850304625,0.374384041040848,55
hours_sd,0.15107702594906797,0.3162360809713817,55
prop_educ_<HS,,,55
prop_educ_BAplus,0.5061406812299232,0.00033237930393980686,55
prop_educ_HS,,,55
prop_educ_SomeCollege,,,55
prop_female,0.022214284538908228,0.8834980974401787,55
prop_married,0.13450032490104896,0.37283286832234597,55
age_mean,-0.3913098985381666,0.00716416370788603,56
age_sd,-0.3468702151680885,0.018191913599514047,56
age_sq_mean,-0.3940020097397868,0.006743258807769934,56
age_sq_sd,-0.3653023343050518,0.012547630062874796,56
english_mean,-0.48522916869708055,0.0006310863153567625,56
entry_recency_mean,-0.038897538116747406,0.7974469166935033,56
entry_recency_sd,0.23713445005147255,0.11256049107383258,56
hours_mean,-0.04494114058712095,0.7667970420873503,56
hours_sd,0.07091855025177747,0.6395369753206331,56
prop_educ_<HS,,,56
prop_educ_BAplus,0.5226477375572038,0.0001944655712984499,56
prop_educ_HS,,,56
prop_educ_SomeCollege,,,56
prop_female,0.07660796568759404,0.6128383577816355,56
prop_married,0.17553775987182701,0.2432597779517468,56
age_mean,-0.32941668005940045,0.02538254266466807,57
age_sd,-0.28415152790338777,0.05564208395345661,57
age_sq_mean,-0.3330563959828389,0.023713782018004816,57
age_sq_sd,-0.3440868414729095,0.019207259856298904,57
english_mean,-0.4795433581509142,0.0007460758733117956,57
entry_recency_mean,0.06329911157501558,0.6760055946129951,57
entry_recency_sd,0.02681482035250374,0.8595919719846528,57
hours_mean,0.031046929149952822,0.8377090185205015,57
hours_sd,0.03909334824171248,0.7964488604104303,57
prop_educ_<HS,,,57
prop_educ_BAplus,0.496929090850201,0.00044308728874947083,57
prop_educ_HS,,,57
prop_educ_SomeCollege,,,57
prop_female,0.0743817681727049,0.6232287238245308,57
prop_married,-0.025817108375875326,0.8647666733354443,57
age_mean,-0.30552841322142277,0.03893928672769836,58
age_sd,-0.27982183548866485,0.059641811032256936,58
age_sq_mean,-0.3219435574090408,0.029117432745626858,58
age_sq_sd,-0.27747143103495814,0.0619076187935012,58
english_mean,-0.4085195205825095,0.004823465450328483,58
entry_recency_mean,-0.053465932311018545,0.7241659762615509,58
entry_recency_sd,0.25778722910971014,0.08369300607448613,58
hours_mean,0.05673004318571391,0.7080510716061363,58
hours_sd,0.1112283926285074,0.4617826495360767,58
prop_educ_<HS,,,58
prop_educ_BAplus,0.46471446055371246,0.001139176949638628,58
prop_educ_HS,,,58
prop_educ_SomeCollege,,,58
prop_female,-0.010777232797439069,0.9433299889873789,58
prop_married,0.036428841619998154,0.8100569445290196,58
age_mean,-0.27233765288607237,0.06709580105016996,59
age_sd,-0.30624240254638974,0.03846180890976706,59
age_sq_mean,-0.2811207432130817,0.05841844019284237,59
age_sq_sd,-0.33258223019950284,0.02392583267236228,59
english_mean,-0.47868686069924443,0.000764936295382043,59
entry_recency_mean,-0.14656677144726304,0.3310658601183891,59
entry_recency_sd,0.026536465815972556,0.8610351009208544,59
hours_mean,-0.02941363340734884,0.8461408793969176,59
hours_sd,0.011228005151320407,0.9409637859143316,59
prop_educ_<HS,,,59
prop_educ_BAplus,0.5303459650459829,0.00015001501354212422,59
prop_educ_HS,,,59
prop_educ_SomeCollege,,,59
prop_female,0.029683836946216104,0.8447447571595238,59
prop_married,0.2034515090867733,0.17505683845325704,59
age_mean,-0.24212152446824226,0.10497923603842448,60
age_sd,-0.22004793921607382,0.1417123418341815,60
age_sq_mean,-0.25031807431976716,0.09337696837688336,60
age_sq_sd,-0.24066904550981322,0.10714569069776322,60
english_mean,-0.37053249526778753,0.011249409840893957,60
entry_recency_mean,-0.02880953967082596,0.8492638694640737,60
entry_recency_sd,0.2698801873078981,0.06969866025962451,60
hours_mean,0.12328292540851513,0.4143543578563274,60
hours_sd,0.14057337622067856,0.3514322698921784,60
prop_educ_<HS,,,60
prop_educ_BAplus,,,60
prop_educ_HS,,,60
prop_educ_SomeCollege,,,60
prop_female,-0.04613512872877007,0.760781625805582,60
prop_married,0.21206130138521295,0.15711616004953574,60
age_mean,-0.35781146994621066,0.014628738838549543,61
age_sd,-0.44317494502128285,0.0020388015903979382,61
age_sq_mean,-0.382002576476126,0.008799542804281652,61
age_sq_sd,-0.45325694307270914,0.0015598712368459808,61
english_mean,-0.42552310190397397,0.0031967191350427966,61
entry_recency_mean,-0.08389329640897669,0.5793654994026292,61
entry_recency_sd,0.2041329555679821,0.1735853124661455,61
hours_mean,0.09698608088586357,0.5213907053736077,61
hours_sd,0.15792784684773128,0.29452945394967905,61
prop_educ_<HS,,,61
prop_educ_BAplus,0.4738702980144361,0.0008791775044534216,61
prop_educ_HS,,,61
prop_educ_SomeCollege,,,61
prop_female,-0.062070261328650164,0.6819593344140693,61
prop_married,0.14083660225392494,0.3505220294752632,61
age_mean,-0.3224162967625137,0.028868360022578275,62
age_sd,-0.3578181517024594,0.01462675910373924,62
age_sq_mean,-0.331035911479959,0.024628418742834907,62
age_sq_sd,-0.36660124202946875,0.012213822846802624,62
english_mean,-0.4695966317245452,0.0009930748831940854,62
entry_recency_mean,-0.0007429435085739219,0.9960902125866455,62
entry_recency_sd,0.1862191849393599,0.21530318121096695,62
hours_mean,-0.056324223824750566,0.7100479110510826,62
hours_sd,0.016546630782686853,0.9130885822940424,62
prop_educ_<HS,,,62
prop_educ_BAplus,0.5101182851353109,0.00029283282215857855,62
prop_educ_HS,,,62
prop_educ_SomeCollege,,,62
prop_female,-0.1468493785173132,0.33012409482313726,62
prop_married,0.09074545773316363,0.5486613680274706,62
age_mean,-0.4319710284521553,0.002719861436565715,63
age_sd,-0.3696938794685566,0.011449471374807186,63
age_sq_mean,-0.44997874738727606,0.0017032803154525095,63
age_sq_sd,-0.3895486118275003,0.0074516913366394905,63
english_mean,-0.4848334479894129,0.0006385410934927932,63
entry_recency_mean,-0.0319185733715461,0.833216460935839,63
entry_recency_sd,0.14555298316710966,0.33445801350301646,63
hours_mean,-0.03728813381457348,0.8056621281713103,63
hours_sd,0.007639050033221396,0.959815274400665,63
prop_educ_<HS,,,63
prop_educ_BAplus,0.5251720149298319,0.0001787240025458992,63
prop_educ_HS,,,63
prop_educ_SomeCollege,,,63
prop_female,-0.07375659797366975,0.6261597773716061,63
prop_married,0.0804187489995804,0.5952262653115477,63
age_mean,-0.3475720312819343,0.01794318325321737,64
age_sd,-0.288914189559583,0.051494557023771884,64
age_sq_mean,-0.3609726418903289,0.01371721471452306,64
age_sq_sd,-0.308954480164872,0.036691692484731746,64
english_mean,-0.47267348772436646,0.0009098321626019661,64
entry_recency_mean,-0.09460852281756409,0.531700356425129,64
entry_recency_sd,0.18847694951344612,0.20969251311929063,64
hours_mean,-0.024793441746497547,0.8700818139099098,64
hours_sd,0.048498537348774136,0.7489159614937843,64
prop_educ_<HS,,,64
prop_educ_BAplus,0.4874817848332555,0.0005901191317236406,64
prop_educ_HS,,,64
prop_educ_SomeCollege,,,64
prop_female,-0.022469711087180617,0.8821679144082629,64
prop_married,0.1085999798279762,0.47249875062459534,64
age_mean,-0.3517891267621558,0.016508371111623066,65
age_sd,-0.25087474905880297,0.09262656834712686,65
age_sq_mean,-0.3457366004914251,0.018599830703312246,65
age_sq_sd,-0.29182126875232556,0.04908820828776056,65
english_mean,-0.47142862845799044,0.0009427283752769617,65
entry_recency_mean,-0.14788026039818253,0.3267029759032108,65
entry_recency_sd,0.15437733804473872,0.3056557408744195,65
hours_mean,0.10776309327370465,0.47593828849297404,65
hours_sd,0.2240513833537064,0.13442612849151703,65
prop_educ_<HS,,,65
prop_educ_BAplus,0.48482030478330906,0.0006387900421148024,65
prop_educ_HS,,,65
prop_educ_SomeCollege,,,65
prop_female,-0.0653879841127449,0.6659299831214837,65
prop_married,0.17761167772383324,0.23764788417238514,65
age_mean,-0.3085381580838046,0.036958981109436455,66
age_sd,-0.24227721697813887,0.10474901851644518,66
age_sq_mean,-0.32410840361640225,0.027991302822378213,66
age_sq_sd,-0.29448093694994104,0.0469672322026378,66
english_mean,-0.4429514309967824,0.0020507530500079186,66
entry_recency_mean,0.057325161191652256,0.7051262905050308,66
entry_recency_sd,0.18308978217275573,0.22325130921815972,66
hours_mean,0.0031870876908161507,0.9832288762304926,66
hours_sd,0.002660078355409243,0.9860018079357846,66
prop_educ_<HS,,,66
prop_educ_BAplus,0.5309166623304922,0.00014711974583177378,66
prop_educ_HS,,,66
prop_educ_SomeCollege,,,66
prop_female,0.021391678964039776,0.8877841123805111,66
prop_married,0.08591980168580729,0.5702041831041478,66
age_mean,-0.3772555229866059,0.009751083493175184,67
age_sd,-0.38286851495907065,0.008634893151309183,67
age_sq_mean,-0.38559003590546786,0.008134607234690937,67
age_sq_sd,-0.4155886190646196,0.004075546625904196,67
english_mean,-0.49454550240420864,0.0004766807516193049,67
entry_recency_mean,-0.11150693733467154,0.46065474808036283,67
entry_recency_sd,0.28524274678704836,0.05466884719900849,67
hours_mean,-0.007675186175040075,0.9596253389352213,67
hours_sd,-0.02718512137328586,0.8576728489716591,67
prop_educ_<HS,,,67
prop_educ_BAplus,,,67
prop_educ_HS,,,67
prop_educ_SomeCollege,,,67
prop_female,-0.0186138059982629,0.9022803678315849,67
prop_married,0.07768771319990245,0.6078255970933313,67
age_mean,-0.32054806254492235,0.029863112405998503,68
age_sd,-0.2996765678476086,0.04303865508876507,68
age_sq_mean,-0.324170256365184,0.027959667948837967,68
age_sq_sd,-0.316809779260155,0.03193908467270464,68
english_mean,-0.4943641727369736,0.00047932782589062226,68
entry_recency_mean,-0.0230081132344064,0.879365136328526,68
entry_recency_sd,0.1715591793487177,0.25427560219431855,68
hours_mean,0.048828928402296565,0.7472617022357354,68
hours_sd,0.11721457338424734,0.43787340036648703,68
prop_educ_<HS,,,68
prop_educ_BAplus,0.5346023774504639,0.00012961164501649957,68
prop_educ_HS,,,68
prop_educ_SomeCollege,,,68
prop_female,0.03921450428207443,0.7958314814187215,68
prop_married,0.17460332010535395,0.2458174585549904,68
age_mean,-0.2956834932166528,0.046032989364632924,69
age_sd,-0.27716216729104937,0.06221080293058156,69
age_sq_mean,-0.3220672629066043,0.029052084075425942,69
age_sq_sd,-0.3168716320089368,0.03190378930168766,69
english_mean,-0.4644764795594144,0.0011467651036961093,69
entry_recency_mean,-0.17563820201249847,0.24298593379203903,69
entry_recency_sd,0.16274963821192753,0.27984440084641143,69
hours_mean,0.0381592925557436,0.8012126631006273,69
hours_sd,0.18967730305160657,0.20675154820646185,69
prop_educ_<HS,,,69
prop_educ_BAplus,0.5275434919602493,0.0001649979763631536,69
prop_educ_HS,,,69
prop_educ_SomeCollege,,,69
prop_female,0.020958719154758033,0.8900412402623367,69
prop_married,0.16224519878546365,0.28135778524215194,69
age_mean,-0.32819912384085825,0.02596221515539433,70
age_sd,-0.25941042839068534,0.0816962395417112,70
age_sq_mean,-0.3466228041729615,0.018280290305370837,70
age_sq_sd,-0.2819866816960263,0.057614097610166455,70
english_mean,-0.460814465964082,0.0012693528079904795,70
entry_recency_mean,-0.13181301359953929,0.38254595924631135,70
entry_recency_sd,0.30513573228037416,0.03920395546918653,70
hours_mean,0.003341491264300919,0.9824164963154387,70
hours_sd,0.07633335368814846,0.6141160589228497,70
prop_educ_<HS,,,70
prop_educ_BAplus,0.5682480893334826,3.79741284998526e-05,70
prop_educ_HS,,,70
prop_educ_SomeCollege,,,70
prop_female,-0.07778607825725566,0.6073698129906421,70
prop_married,0.13846955750400486,0.3587591690461716,70
age_mean,-0.2755964900778645,0.06376394497740077,71
age_sd,-0.35126176033159323,0.016682300565578474,71
age_sq_mean,-0.3019651195525336,0.041395426583768935,71
age_sq_sd,-0.34952988336570406,0.017264451786999698,71
english_mean,-0.5021530140289802,0.0003768047931928211,71
entry_recency_mean,-0.1407123170761622,0.3509516298757591,71
entry_recency_sd,0.16816225445804825,0.2639422138074047,71
hours_mean,0.0022586702856146005,0.9881139826670148,71
hours_sd,0.0320436764625829,0.8325720925415269,71
prop_educ_<HS,,,71
prop_educ_BAplus,0.5399057171807131,0.00010773101926901839,71
prop_educ_HS,,,71
prop_educ_SomeCollege,,,71
prop_female,-0.02406867522826711,0.8738484313429614,71
prop_married,0.2292732387971758,0.12534734807358813,71
age_mean,-0.4004531652133792,0.005820875838874832,72
age_sd,-0.4467624044506247,0.0018552370771309726,72
age_sq_mean,-0.4154649135670561,0.004087706388827476,72
age_sq_sd,-0.4701427434901286,0.0009778212090181388,72
english_mean,-0.4670182124208208,0.0010680035933373353,72
entry_recency_mean,0.12694655011119524,0.4005119246566906,72
entry_recency_sd,0.09343433942896633,0.5368284166543206,72
hours_mean,0.1052976641926928,0.48614756096573414,72
hours_sd,0.15389438447493792,0.3071896969587998,72
prop_educ_<HS,,,72
prop_educ_BAplus,0.46849404606955575,0.0010245211380474767,72
prop_educ_HS,,,72
prop_educ_SomeCollege,,,72
prop_female,-0.048077097855467016,0.7510277170816697,72
prop_married,0.08267757254857451,0.5848932813518772,72
age_mean,-0.32296307909710137,0.028582486985680066,73
age_sd,-0.4205986917159419,0.0036089582387396186,73
age_sq_mean,-0.3334481686824474,0.023539767666290005,73
age_sq_sd,-0.43612373166016266,0.0024470398186781815,73
english_mean,-0.47000961328643376,0.000981520297730663,73
entry_recency_mean,-0.06405979738926817,0.6723298462032787,73
entry_recency_sd,0.15430119808378448,0.30589725025304393,73
hours_mean,-0.010615605462465833,0.9441785250240572,73
hours_sd,0.06649785673805476,0.6605999969847898,73
prop_educ_<HS,,,73
prop_educ_BAplus,,,73
prop_educ_HS,,,73
prop_educ_SomeCollege,,,73
prop_female,0.18193167770340685,0.22624341774340762,73
prop_married,0.09328968695527393,0.5374618203986183,73
age_mean,-0.3584610239632292,0.014437345808983123,74
age_sd,-0.30369699651842275,0.040186297909955315,74
age_sq_mean,-0.3610963473878925,0.013682551761765282,74
age_sq_sd,-0.31365528907228546,0.033782468463570255,74
english_mean,-0.43664915778199576,0.002414304230408318,74
entry_recency_mean,-0.06778521885596603,0.6544384167741035,74
entry_recency_sd,0.15947113922856299,0.28977600731194714,74
hours_mean,0.059810197557761076,0.6929591049913761,74
hours_sd,0.10328227451308607,0.49457737856659695,74
prop_educ_<HS,,,74
prop_educ_BAplus,0.5198872284748073,0.00021311079629910258,74
prop_educ_HS,,,74
prop_educ_SomeCollege,,,74
prop_female,0.06511926380642881,0.6672229353792871,74
prop_married,0.043790831434189756,0.7726052660822744,74
age_mean,-0.29868955007457004,0.04376359187247991,75
age_sd,-0.37519877411013286,0.010190068451653668,75
age_sq_mean,-0.33302546865476923,0.02372756481723217,75
age_sq_sd,-0.41385674209873047,0.004248699384627018,75
english_mean,-0.43702239922060804,0.002391285786125501,75
entry_recency_mean,0.02204065742102635,0.8844024754629953,75
entry_recency_sd,0.09680552214917729,0.5221701503576769,75
hours_mean,0.015683541190486955,0.9176059512813716,75
hours_sd,0.07728977631015785,0.6096709773580031,75
prop_educ_<HS,,,75
prop_educ_BAplus,0.5186125176096442,0.00022225519041798003,75
prop_educ_HS,,,75
prop_educ_SomeCollege,,,75
prop_female,0.05065066503503528,0.7381606707273886,75
prop_married,0.1808917835946958,0.22895355421965555,75
age_mean,-0.3871412431582473,0.007860816737298127,76
age_sd,-0.41979460598177903,0.0036805262925114204,76
age_sq_mean,-0.39239383827146107,0.006992031939369347,76
age_sq_sd,-0.4184956982573621,0.0037987684098378803,76
english_mean,-0.4639023715290572,0.0011652567387558765,76
entry_recency_mean,-0.1519272538272973,0.31348844083021166,76
entry_recency_sd,0.1285649027858354,0.3944837192065369,76
hours_mean,0.014648968523233477,0.9230242282456356,76
hours_sd,0.10235431157945546,0.4984839977508384,76
prop_educ_<HS,,,76
prop_educ_BAplus,0.5381609616567489,0.0001145270009398526,76
prop_educ_HS,,,76
prop_educ_SomeCollege,,,76
prop_female,0.062344844822193865,0.6806273110594057,76
prop_married,0.033453844798808176,0.8253163466495067,76
age_mean,-0.19791617919386628,0.18734399582755362,77
age_sd,-0.245802823658699,0.09963873996950512,77
age_sq_mean,-0.2083819106457365,0.16461091172596007,77
age_sq_sd,-0.3049959042428396,0.03929855548481148,77
english_mean,-0.4253643997082211,0.003209329205861103,77
entry_recency_mean,-0.09558473621280819,0.5274552269677926,77
entry_recency_sd,0.23393430951937913,0.11764030567900434,77
hours_mean,0.16229631708993975,0.2812041799457668,77
hours_sd,0.2064535579986389,0.168641122563835,77
prop_educ_<HS,,,77
prop_educ_BAplus,0.4943270656121174,0.0004798711484765394,77
prop_educ_HS,,,77
prop_educ_SomeCollege,,,77
prop_female,-0.008914205858754663,0.9531143259174718,77
prop_married,0.18339164481740317,0.22247592076271314,77
age_mean,-0.37785081920015934,0.00962710191913503,78
age_sd,-0.3275721575481806,0.02626499385544299,78
age_sq_mean,-0.39165160528607995,0.007109508037533915,78
age_sq_sd,-0.36462195406845255,0.012725571654551604,78
english_mean,-0.4782369734925916,0.0007750131358153307,78
entry_recency_mean,-0.12212812020215066,0.4187735583503499,78
entry_recency_sd,0.16687352008642867,0.26767274066763036,78
hours_mean,-0.008606028192507574,0.9547335248662955,78
hours_sd,0.029072584926589984,0.8479037178503985,78
prop_educ_<HS,,,78
prop_educ_BAplus,,,78
prop_educ_HS,,,78
prop_educ_SomeCollege,,,78
prop_female,-0.10667435686459967,0.4804326673465827,78
prop_married,0.038054158589536966,0.8017493102423091,78
age_mean,-0.27325137002810906,0.0661479576250905,79
age_sd,-0.4133128123237682,0.004304393951591375,79
age_sq_mean,-0.27772740606610585,0.061657569633658454,79
age_sq_sd,-0.4062488539985744,0.005087882254786446,79
english_mean,-0.45762735788269476,0.001385404164312273,79
entry_recency_mean,0.0005264794171852753,0.9972293632903448,79
entry_recency_sd,0.011752384666494456,0.9382118369751304,79
hours_mean,0.059027547412668524,0.6967830318645005,79
hours_sd,0.14096676134179403,0.3500724707859874,79
prop_educ_<HS,,,79
prop_educ_BAplus,0.5032899790218682,0.00036362208994432745,79
prop_educ_HS,,,79
prop_educ_SomeCollege,,,79
prop_female,0.0066345934050175475,0.9650956511738812,79
prop_married,0.17960445642850623,0.23233933568061357,79
age_mean,-0.2817962663908916,0.05779020157734718,80
age_sd,-0.3333244631848839,0.023594598224440516,80
age_sq_mean,-0.30592369547456594,0.03867434616991431,80
age_sq_sd,-0.34952988336570406,0.017264451786999698,80
english_mean,-0.5285104865650843,0.00015968118864305005,80
entry_recency_mean,-0.05134328171125598,0.7347096945079044,80
entry_recency_sd,0.2115380915423699,0.1581664067042357,80
hours_mean,0.057174863780121495,0.7058645506703848,80
hours_sd,0.13499600346210075,0.37105752848587037,80
prop_educ_<HS,,,80
prop_educ_BAplus,0.501024652215307,0.0003903123927426973,80
prop_educ_HS,,,80
prop_educ_SomeCollege,,,80
prop_female,-0.17688298286396612,0.23960953706401242,80
prop_married,0.1702566585484074,0.2579536695884602,80
age_mean,-0.3498916524196941,0.017141446509228594,81
age_sd,-0.3687042354880484,0.01168947622725966,81
age_sq_mean,-0.3634467518415992,0.013038004069748114,81
age_sq_sd,-0.3867652381323212,0.007926439918188396,81
english_mean,-0.4268073016003198,0.00309627265940731,81
entry_recency_mean,-0.16148237901557766,0.2836565114381447,81
entry_recency_sd,0.12164093246412597,0.4206459248287909,81
hours_mean,-0.028904848929844525,0.8487709950980772,81
hours_sd,0.049544051774186686,0.7436849541260532,81
prop_educ_<HS,,,81
prop_educ_BAplus,0.4924910357535521,0.0005074565485218625,81
prop_educ_HS,,,81
prop_educ_SomeCollege,,,81
prop_female,0.009946818905773,0.9476902633002792,81
prop_married,0.08481109291661675,0.5752081146001722,81
age_mean,-0.2682575347104069,0.07146073306682334,82
age_sd,-0.37292172186471095,0.010695778690477938,82
age_sq_mean,-0.29448093694994104,0.0469672322026378,82
age_sq_sd,-0.3867652381323212,0.007926439918188396,82
english_mean,-0.4985140693194928,0.00042194553395711617,82
entry_recency_mean,0.10705570001824094,0.4788559207434065,82
entry_recency_sd,0.30145796306326866,0.04175507957181093,82
hours_mean,0.010308022723001223,0.9457934883486483,82
hours_sd,0.040827850319121076,0.7876221981606413,82
prop_educ_<HS,,,82
prop_educ_BAplus,0.5097316131652198,0.00029648137615466685,82
prop_educ_HS,,,82
prop_educ_SomeCollege,,,82
prop_female,-0.021488808937181348,0.8872778695051585,82
prop_married,0.12869529224182072,0.3940003496046711,82
age_mean,-0.3651308886494124,0.012592267074359436,83
age_sd,-0.4754620798853596,0.000839838839526545,83
age_sq_mean,-0.37909549728338354,0.009372251030016928,83
age_sq_sd,-0.47317352818043457,0.0008969099346678739,83
english_mean,-0.47950018814893075,0.0007470164269962302,83
entry_recency_mean,-0.05496932898259422,0.716728555310605,83
entry_recency_sd,0.05650945646441985,0.7091362320324992,83
hours_mean,0.03753337251417466,0.8044089443915984,83
hours_sd,0.03814045311122047,0.8013088207463396,83
prop_educ_<HS,,,83
prop_educ_BAplus,0.5029452503662764,0.00036757444366733785,83
prop_educ_HS,,,83
prop_educ_SomeCollege,,,83
prop_female,-0.019317301247859634,0.898606032586713,83
prop_married,0.21206393906357643,0.15711087836006055,83
age_mean,-0.3028684169127527,0.040761121662256754,84
age_sd,-0.42231266479205737,0.003460469715728284,84
age_sq_mean,-0.3502721163510851,0.017012886203542132,84
age_sq_sd,-0.4381648723699606,0.0023220279120019197,84
english_mean,-0.43418464577356847,0.00257126895653466,84
entry_recency_mean,-0.16941729246778908,0.2603426571105188,84
entry_recency_sd,0.17632213475158456,0.24112683090967327,84
hours_mean,0.14518758926912398,0.33568591129183123,84
hours_sd,0.17226521734835293,0.25229668376349895,84
prop_educ_<HS,,,84
prop_educ_BAplus,,,84
prop_educ_HS,,,84
prop_educ_SomeCollege,,,84
prop_female,-0.015068598311948216,0.9208261082372982,84
prop_married,0.2645448110490542,0.07562504655076124,84
age_mean,-0.3090570022139063,0.03662611539590952,85
age_sd,-0.35342660653895475,0.015978083200183183,85
age_sq_mean,-0.3407467930386947,0.02048838908675054,85
age_sq_sd,-0.3542925450218993,0.015703546535689943,85
english_mean,-0.4376124894370762,0.0023552893655980948,85
entry_recency_mean,-0.06841000661348985,0.6514561942893382,85
entry_recency_sd,0.07043021413100983,0.6418503685803865,85
hours_mean,0.020123251883127996,0.8943991581127573,85
hours_sd,0.09251790448297108,0.540847412293139,85
prop_educ_<HS,,,85
prop_educ_BAplus,0.5359949729906869,0.00012350563302750372,85
prop_educ_HS,,,85
prop_educ_SomeCollege,,,85
prop_female,0.096332596323448,0.5242144373232619,85
prop_married,0.07355414485996163,0.6271101867874305,85
age_mean,-0.2340394714026716,0.11747066144360432,86
age_sd,-0.29843951287197346,0.04394880861950197,86
age_sq_mean,-0.24141127849519428,0.10603437567594892,86
age_sq_sd,-0.3085215109233997,0.0369697021708044,86
english_mean,-0.43290754188763614,0.0026560968834848705,86
entry_recency_mean,-0.038142480668389836,0.801298471834336,86
entry_recency_sd,-0.03154684747353381,0.835131745972972,86
hours_mean,-0.11323994441319207,0.4536708622988971,86
hours_sd,-0.06761339454363537,0.6552595014591951,86
prop_educ_<HS,,,86
prop_educ_BAplus,0.5074942365151974,0.00031841130643224053,86
prop_educ_HS,,,86
prop_educ_SomeCollege,,,86
prop_female,-0.0945354331788347,0.53201886287983,86
prop_married,0.16376203950588353,0.27682320859959325,86
age_mean,-0.3066178703749639,0.03821264988450354,87
age_sd,-0.31358184954329343,0.03382640844056654,87
age_sq_mean,-0.3023455592096047,0.041127301248138105,87
age_sq_sd,-0.3220054101578226,0.029084743163374466,87
english_mean,-0.470532301846694,0.000967068589064665,87
entry_recency_mean,-0.1186200517911954,0.4323612490959276,87
entry_recency_sd,0.17792491838511212,0.23680801272628113,87
hours_mean,0.08396266440145828,0.57905080493348,87
hours_sd,0.07413737795400804,0.624373842561589,87
prop_educ_<HS,,,87
prop_educ_BAplus,0.4859323159050735,0.0006180326062788954,87
prop_educ_HS,,,87
prop_educ_SomeCollege,,,87
prop_female,0.14398230677483578,0.3397560667516307,87
prop_married,0.17622985115232512,0.24137711523481006,87
age_mean,-0.3067132206074192,0.03814958719684863,88
age_sd,-0.27791297003452414,0.06147680660145895,88
age_sq_mean,-0.33957159081184135,0.020955934104536986,88
age_sq_sd,-0.2995528623500451,0.04312897268319215,88
english_mean,-0.42924002730404626,0.002913580947654393,88
entry_recency_mean,-0.02316366189197883,0.8785556615783214,88
entry_recency_sd,0.19027078985998042,0.20530818665571757,88
hours_mean,0.027047171248961315,0.8583876953268474,88
hours_sd,0.1408560836009677,0.3504547200375131,88
prop_educ_<HS,,,88
prop_educ_BAplus,0.5176310229312212,0.00022953672424242983,88
prop_educ_HS,,,88
prop_educ_SomeCollege,,,88
prop_female,0.039002324973512394,0.7969127717474146,88
prop_married,0.0798139169911258,0.5980066561730114,88
age_mean,-0.19847290543632437,0.1860811098921341,89
age_sd,-0.2054193130390952,0.17083189112561892,89
age_sq_mean,-0.2174124119678729,0.14666630817782994,89
age_sq_sd,-0.193784661933242,0.19690721983910636,89
english_mean,-0.43267050098420706,0.002672110414109675,89
entry_recency_mean,-0.11876181480839565,0.4318074306027885,89
entry_recency_sd,0.19551575912257935,0.1928590993986532,89
hours_mean,0.021111325817077576,0.8892455643961583,89
hours_sd,0.08465592903290484,0.5759100104155733,89
prop_educ_<HS,,,89
prop_educ_BAplus,0.48634814627663847,0.0006104274215277348,89
prop_educ_HS,,,89
prop_educ_SomeCollege,,,89
prop_female,0.019005822267418784,0.900232623980442,89
prop_married,0.22423256251145704,0.13410312867231816,89
age_mean,-0.3349636225456433,0.02287668377430313,90
age_sd,-0.33994270730453185,0.02080732843257287,90
age_sq_mean,-0.336602658870317,0.022177228566202706,90
age_sq_sd,-0.35132361308037496,0.01666182100293227,90
english_mean,-0.46227994558347474,0.0012189599119940121,90
entry_recency_mean,0.020954608751364838,0.8900626729767349,90
entry_recency_sd,0.21913363487865958,0.1434166866812957,90
hours_mean,-0.004516922357038496,0.9762327117589897,90
hours_sd,0.08112238152688148,0.5919988808605485,90
prop_educ_<HS,,,90
prop_educ_BAplus,0.5186739552033369,0.00022180643170346075,90
prop_educ_HS,,,90
prop_educ_SomeCollege,,,90
prop_female,0.0665217905656199,0.6604852402874579,90
prop_married,0.13167516072966245,0.3830482214475147,90
age_mean,-0.36461632155307155,0.01272705369053915,91
age_sd,-0.3834370134084165,0.008528249938993133,91
age_sq_mean,-0.3978987329130373,0.006172067908804849,91
age_sq_sd,-0.40216657257897853,0.005595171817347768,91
english_mean,-0.44850175826407673,0.0017716320339092413,91
entry_recency_mean,-0.10189816779758089,0.5004101018730371,91
entry_recency_sd,0.09683943695202303,0.5220237011457397,91
hours_mean,-0.10167424168380905,0.5013570404879146,91
hours_sd,-0.01772135898395085,0.9069444925906227,91
prop_educ_<HS,,,91
prop_educ_BAplus,0.5529558395783482,6.743891365145483e-05,91
prop_educ_HS,,,91
prop_educ_SomeCollege,,,91
prop_female,-0.06486261845483592,0.6684586801105284,91
prop_married,0.26860256809835575,0.07108313450077508,91
age_mean,-0.24265482207192451,0.10419227334820075,92
age_sd,-0.3447053689607271,0.018977590177870707,92
age_sq_mean,-0.2887904840620195,0.051599031457563324,92
age_sq_sd,-0.36740532776363155,0.012011009907942826,92
english_mean,-0.3843653369170072,0.008356551024092189,92
entry_recency_mean,-0.11420013669841884,0.4498263332959696,92
entry_recency_sd,0.33476772260149995,0.02296150781264815,92
hours_mean,-0.07042970337092883,0.6418527899652944,92
hours_sd,-0.043205477313401984,0.7755656287506559,92
prop_educ_<HS,,,92
prop_educ_BAplus,,,92
prop_educ_HS,,,92
prop_educ_SomeCollege,,,92
prop_female,-0.17239081779170348,0.251945733499981,92
prop_married,0.19227230454921954,0.2004926712110026,92
age_mean,-0.29341282883037295,0.047809882113826266,93
age_sd,-0.31885091996995296,0.030791263686775386,93
age_sq_mean,-0.3075937196916734,0.03757126994080645,93
age_sq_sd,-0.35342660653895475,0.015978083200183183,93
english_mean,-0.4059449728278633,0.005124211048963328,93
entry_recency_mean,-0.05837756695866963,0.6999644203770514,93
entry_recency_sd,0.13646820586122765,0.36581457408801643,93
hours_mean,0.10489685237573922,0.4878180461189777,93
hours_sd,0.14964025745750587,0.32091378443498847,93
prop_educ_<HS,,,93
prop_educ_BAplus,0.5113236329663496,0.0002817183403992621,93
prop_educ_HS,,,93
prop_educ_SomeCollege,,,93
prop_female,0.12509359157594538,0.40747920363065643,93
prop_married,0.06984109847991231,0.644645655525624,93
age_mean,-0.312766077596176,0.034317676986564453,94
age_sd,-0.35274622630235536,0.016196638077604287,94
age_sq_mean,-0.3314688807214312,0.02442997739252986,94
age_sq_sd,-0.36165302212692824,0.013527491071724249,94
english_mean,-0.4292488450993996,0.0029129364089679867,94
entry_recency_mean,-0.09584698219394804,0.5263176836644203,94
entry_recency_sd,0.09485411518983813,0.5306308098930004,94
hours_mean,-0.1312386165205394,0.3846413265521676,94
hours_sd,-0.1120669902847891,0.45839145326606817,94
prop_educ_<HS,,,94
prop_educ_BAplus,0.49168227970303624,0.0005200539605497063,94
prop_educ_HS,,,94
prop_educ_SomeCollege,,,94
prop_female,-0.02677366243259754,0.8598053267897744,94
prop_married,0.12598756036264466,0.40410913804936993,94
age_mean,-0.3983871983397932,0.006103522614151694,95
age_sd,-0.3486639448827594,0.01756191830597785,95
age_sq_mean,-0.41775346527198115,0.0038678202698668304,95
age_sq_sd,-0.3677145915075403,0.011933775841142764,95
english_mean,-0.4240541998421199,0.0033151168311329467,95
entry_recency_mean,-0.10819696856125968,0.4741534432062772,95
entry_recency_sd,0.1742969945666405,0.24665985772750995,95
hours_mean,-0.002383315914113874,0.987458098814324,95
hours_sd,0.03628782847255412,0.8107787071956855,95
prop_educ_<HS,,,95
prop_educ_BAplus,0.47538052286418814,0.0008418154503469651,95
prop_educ_HS,,,95
prop_educ_SomeCollege,,,95
prop_female,0.010179136662534687,0.9464702689887562,95
prop_married,0.1370055471809046,0.36391211590741,95
age_mean,-0.3430052238255942,0.019614518747863866,96
age_sd,-0.2856978466229317,0.05426702387476459,96
age_sq_mean,-0.36888979373439373,0.011644150016342685,96
age_sq_sd,-0.35175658232184726,0.01651905982597342,96
english_mean,-0.48670671413474076,0.0006039371101388012,96
entry_recency_mean,-0.09459510505275416,0.5317588207124229,96
entry_recency_sd,0.1269605969400552,0.4004593728118867,96
hours_mean,0.08697684613598257,0.5654521688430262,96
hours_sd,0.26513998354172885,0.07494490910976292,96
prop_educ_<HS,,,96
prop_educ_BAplus,0.5221736753754301,0.00019755837446436972,96
prop_educ_HS,,,96
prop_educ_SomeCollege,,,96
prop_female,-0.12623314714450667,0.4031861576994135,96
prop_married,0.03381250625627246,0.823473194698931,96
age_mean,-0.3168374776392754,0.03192327500299771,97
age_sd,-0.2743169408470885,0.0650560742536005,97
age_sq_mean,-0.3149541967967024,0.033013065636294955,97
age_sq_sd,-0.3177994232406631,0.031378220405225005,97
english_mean,-0.45896753230977444,0.0013355014715300542,97
entry_recency_mean,-0.11359918930913404,0.4522303850372802,97
entry_recency_sd,0.3149409048229873,0.033020865119640294,97
hours_mean,0.001733213600313567,0.9908790098733629,97
hours_sd,0.08326407049929843,0.5822235752755498,97
prop_educ_<HS,,,97
prop_educ_BAplus,0.4951856896238973,0.0004674401132569052,97
prop_educ_HS,,,97
prop_educ_SomeCollege,,,97
prop_female,-0.09958979236726441,0.5102155216000609,97
prop_married,0.18726780753381927,0.2126844486982328,97
age_mean,-0.3649031226956141,0.01265177726691245,98
age_sd,-0.33183999721412183,0.02426095099376066,98
age_sq_mean,-0.37822955880043885,0.009548930355068841,98
age_sq_sd,-0.36035411440251136,0.01389165449750138,98
english_mean,-0.5034072309615678,0.00036228654726160357,98
entry_recency_mean,-0.05829879167413298,0.7003503400795701,98
entry_recency_sd,0.14369722902558255,0.3407232025156234,98
hours_mean,0.006127769607491672,0.9677605728957479,98
hours_sd,0.053784282114191465,0.7225889486811689,98
prop_educ_<HS,,,98
prop_educ_BAplus,0.5308059904576183,0.00014767720789146758,98
prop_educ_HS,,,98
prop_educ_SomeCollege,,,98
prop_female,-0.05677033606494145,0.7078529154305925,98
prop_married,0.15959875304576876,0.28938519316213457,98
age_mean,-0.4126905779532278,0.004368888902858211,99
age_sd,-0.30252179429156933,0.04100357693404278,99
age_sq_mean,-0.41169189589136895,0.004474170818970346,99
age_sq_sd,-0.35070508559255736,0.016867578537701693,99
english_mean,-0.5202324994524351,0.00021069331107570266,99
entry_recency_mean,-0.060669010486232626,0.6887717332850807,99
entry_recency_sd,0.11627016904631794,0.44159907493901834,99
hours_mean,-0.005292001249468323,0.9721558582513239,99
hours_sd,0.03810599363117967,0.8014847115011557,99
prop_educ_<HS,,,99
prop_educ_BAplus,0.5509953186952427,7.244568675562824e-05,99
prop_educ_HS,,,99
prop_educ_SomeCollege,,,99
prop_female,-0.09680042729048227,0.5221921524840955,99
prop_married,0.009872086139759727,0.9480827405262063,99
age_mean,-0.33759291525481316,0.0217634046678714,100
age_sd,-0.3785388225443477,0.00948550432250586,100
age_sq_mean,-0.3551584835048439,0.01543302549693595,100
age_sq_sd,-0.40488809352537575,0.005252328128235485,100
english_mean,-0.4433896164893668,0.0020273810528883365,100
entry_recency_mean,-0.13532282047410205,0.36988976487798364,100
entry_recency_sd,0.15737280486643032,0.29625128640102755,100
hours_mean,-0.039995125544896135,0.7918566166805129,100
hours_sd,0.02401442207001599,0.8741304975755768,100
prop_educ_<HS,,,100
prop_educ_BAplus,0.4974081895106021,0.0004365982343373717,100
prop_educ_HS,,,100
prop_educ_SomeCollege,,,100
prop_female,0.019520739081730795,0.8975438703255502,100
prop_married,0.1160501966742329,0.442469374988455,100
age_mean,-0.2601847552154898,0.08075694698937676,101
age_sd,-0.3551584835048439,0.01543302549693595,101
age_sq_mean,-0.2803166574789189,0.059173368316057795,101
age_sq_sd,-0.3501484108535216,0.01705459689481947,101
english_mean,-0.45610595569071943,0.0014440606377948042,101
entry_recency_mean,-0.12594875342569808,0.4042550964298728,101
entry_recency_sd,0.33767498109415894,0.02172940272186031,101
hours_mean,0.1016280439148615,0.501552515531974,101
hours_sd,0.14134619632659828,0.3487639503598142,101
prop_educ_<HS,,,101
prop_educ_BAplus,0.5235468046497187,0.00018872031472292447,101
prop_educ_HS,,,101
prop_educ_SomeCollege,,,101
prop_female,-0.05422589439055302,0.7204031925643607,101
prop_married,0.29545535574822934,0.04620905411759882,101
age_mean,-0.2948938819899648,0.046644702686442746,102
age_sd,-0.2625649185785549,0.07792263124670103,102
age_sq_mean,-0.3230569068871124,0.028533668581307736,102
age_sq_sd,-0.31786127598944486,0.031343438935994075,102
english_mean,-0.4270235421052017,0.0030796349918668937,102
entry_recency_mean,-0.14763818910971552,0.32750431702245913,102
entry_recency_sd,0.20008739675332898,0.18245315284732574,102
hours_mean,-0.07591625680392462,0.6160588710412062,102
hours_sd,-0.016546630782686853,0.9130885822940424,102
prop_educ_<HS,,,102
prop_educ_BAplus,0.5292402759879364,0.00015577214627627263,102
prop_educ_HS,,,102
prop_educ_SomeCollege,,,102
prop_female,-0.11199252069747723,0.45869205343447556,102
prop_married,0.12873078533232488,0.393868832348278,102
age_mean,-0.31281828979008647,0.03428605883270145,103
age_sd,-0.2385660520512335,0.11034280303001494,103
age_sq_mean,-0.31693348475771854,0.031868526213006634,103
age_sq_sd,-0.28136815420820876,0.05818771472702621,103
english_mean,-0.5059170380562911,0.0003347397148585945,103
entry_recency_mean,0.054816266024619094,0.717484598342791,103
entry_recency_sd,0.22633316648168672,0.13040044001916729,103
hours_mean,-0.04951427230931133,0.7438337926526707,103
hours_sd,-0.029597452962724192,0.8451910460017575,103
prop_educ_<HS,,,103
prop_educ_BAplus,,,103
prop_educ_HS,,,103
prop_educ_SomeCollege,,,103
prop_female,-0.028028158357030486,0.8533067683744895,103
prop_married,0.0,1.0,103
age_mean,-0.3662021505946831,0.012315567718829325,104
age_sd,-0.33030386378463367,0.024967001430493966,104
age_sq_mean,-0.3928268075129333,0.00692428425045392,104
age_sq_sd,-0.3691372047295208,0.011583949241202748,104
english_mean,-0.4468067130179523,0.0018530646356657188,104
entry_recency_mean,-0.10531708359383063,0.4860667016066447,104
entry_recency_sd,0.17955852971343814,0.23246075723446324,104
hours_mean,-0.07197042892185539,0.6345654174571191,104
hours_sd,-0.010886755206552846,0.9427550366342197,104
prop_educ_<HS,,,104
prop_educ_BAplus,0.5053500006367045,0.00034079241352406425,104
prop_educ_HS,,,104
prop_educ_SomeCollege,,,104
prop_female,-0.14511072729558572,0.33594456040845133,104
prop_married,0.1839361207946897,0.22108204712344373,104
age_mean,-0.33382949714216653,0.023371420845292135,105
age_sd,-0.3320357941565381,0.024172169564981562,105
age_sq_mean,-0.33530375114590016,0.02273003335026265,105
age_sq_sd,-0.31792312873822665,0.031308689400664995,105
english_mean,-0.4264833010711762,0.0031213494891992838,105
entry_recency_mean,-0.12156984401287857,0.42091952907443037,105
entry_recency_sd,0.18673920688498294,0.2140017374381671,105
hours_mean,0.06781617101069477,0.654290550758349,105
hours_sd,0.15952807771420333,0.28960159224592147,105
prop_educ_<HS,,,105
prop_educ_BAplus,0.5270510701512915,0.00016776673592790766,105
prop_educ_HS,,,105
prop_educ_SomeCollege,,,105
prop_female,-0.026360806055969264,0.8619460397490021,105
prop_married,0.19760199102225776,0.18805939563049218,105
age_mean,-0.2694185717307516,0.07019639644189664,106
age_sd,-0.16935282616444838,0.2605267490048502,106
age_sq_mean,-0.29720245789633837,0.04487458719477167,106
age_sq_sd,-0.2020729302699974,0.1780612010102031,106
english_mean,-0.4277929399680003,0.00302107331177137,106
entry_recency_mean,-0.10700700939180781,0.4790570907139385,106
entry_recency_sd,0.06761756576388324,0.6552395639728334,106
hours_mean,0.02499776208552811,0.86902046973931,106
hours_sd,0.07912430614090271,0.6011836995310634,106
prop_educ_<HS,,,106
prop_educ_BAplus,,,106
prop_educ_HS,,,106
prop_educ_SomeCollege,,,106
prop_female,0.053114108104921426,0.7259101433167434,106
prop_married,0.2139621047821706,0.1533435893437078,106
age_mean,-0.25590849611658845,0.08605152094432247,107
age_sd,-0.29235603224308443,0.0486556383313832,107
age_sq_mean,-0.2899437006536461,0.05063170588711425,107
age_sq_sd,-0.33715933360935285,0.021943791217122095,107
english_mean,-0.4970578275224759,0.0004413351610701172,107
entry_recency_mean,-0.058021793337050556,0.7017079460279372,107
entry_recency_sd,0.14245566614029093,0.34495506971420753,107
hours_mean,0.09991673625539646,0.508820871317404,107
hours_sd,0.08604513369547366,0.5696397854889282,107
prop_educ_<HS,,,107
prop_educ_BAplus,0.5063357944029858,0.00033033229518943997,107
prop_educ_HS,,,107
prop_educ_SomeCollege,,,107
prop_female,-0.016618564691966743,0.9127122041014682,107
prop_married,0.1981803430587879,0.18674400314710493,107
age_mean,-0.39471890590281633,0.006634857848278894,108
age_sd,-0.40575403200832033,0.005147153471335624,108
age_sq_mean,-0.4196709004842155,0.0036916465790445695,108
age_sq_sd,-0.44193789004564765,0.002105729759648006,108
english_mean,-0.4198688231681312,0.0036738687866310683,108
entry_recency_mean,-0.08248862213806195,0.5857545416306098,108
entry_recency_sd,0.14505811539603575,0.33612167669352916,108
hours_mean,0.01305616478095848,0.931372740913012,108
hours_sd,0.09167708208020824,0.5445475346192291,108
prop_educ_<HS,,,108
prop_educ_BAplus,0.5270019637266479,0.0001680451480793933,108
prop_educ_HS,,,108
prop_educ_SomeCollege,,,108
prop_female,0.014205034845902173,0.9253502754053672,108
prop_married,0.06327013590180147,0.6761457576191273,108
age_mean,-0.25441650430372353,0.0879611981970868,109
age_sd,-0.2919449742498891,0.04898786700606057,109
age_sq_mean,-0.2719046836446001,0.06754869378785365,109
age_sq_sd,-0.29732616339390183,0.044781300832250015,109
english_mean,-0.45915327392544003,0.0013287130077524207,109
entry_recency_mean,-0.0989567135463593,0.5129215338370181,109
entry_recency_sd,0.21821248787984787,0.1451490893809205,109
hours_mean,0.017485807213296945,0.9081760614657765,109
hours_sd,0.0779701985105674,0.606517069926584,109
prop_educ_<HS,,,109
prop_educ_BAplus,0.5273257990193806,0.0001662168506869309,109
prop_educ_HS,,,109
prop_educ_SomeCollege,,,109
prop_female,0.011114647928441143,0.9415587763176932,109
prop_married,0.14954082274576846,0.3212391215352452,109
age_mean,-0.22172485248800386,0.1386255390753861,110
age_sd,-0.38447668642739624,0.008336158134447587,110
age_sq_mean,-0.22904072873884304,0.1257415148590285,110
age_sq_sd,-0.3884971150982104,0.007628065287416387,110
english_mean,-0.4121059741695919,0.004430252095278858,110
entry_recency_mean,-0.09391076867440709,0.5347447958688483,110
entry_recency_sd,0.2725877612594046,0.06683528519858582,110
hours_mean,0.16916357916439134,0.26106767053408075,110
hours_sd,0.2235565155826325,0.13531132007835325,110
prop_educ_<HS,,,110
prop_educ_BAplus,0.5182557921883401,0.000224877109991265,110
prop_educ_HS,,,110
prop_educ_SomeCollege,,,110
prop_female,-0.02680831348661023,0.8596257016778943,110
prop_married,0.24033432738253277,0.10764975509643634,110
age_mean,-0.35190199073908596,0.016471348111690157,111
age_sd,-0.319593152955334,0.03038244376668005,111
age_sq_mean,-0.36944646847342955,0.011509073284997801,111
age_sq_sd,-0.38787858761039284,0.007733492609209032,111
english_mean,-0.42670927761757055,0.003103840698825732,111
entry_recency_mean,-0.04982818763124735,0.742265301512027,111
entry_recency_sd,0.054186349778069846,0.7205988286815792,111
hours_mean,-0.019624878445732886,0.8970002203438664,111
hours_sd,0.06515304761586999,0.6670603314808021,111
prop_educ_<HS,,,111
prop_educ_BAplus,,,111
prop_educ_HS,,,111
prop_educ_SomeCollege,,,111
prop_female,0.025766709978987674,0.8650282185504087,111
prop_married,0.0629178470956317,0.6778507374115476,111
age_mean,-0.29541424121054954,0.046240842334384184,112
age_sd,-0.3047484932477126,0.03946639860758613,112
age_sq_mean,-0.3152016077918294,0.03286816709040453,112
age_sq_sd,-0.35021026360230334,0.017033730736079753,112
english_mean,-0.42518793572406965,0.0032234019296315517,112
entry_recency_mean,-0.03154901700012373,0.8351205649272666,112
entry_recency_sd,0.19655529282341305,0.19045674091251943,112
hours_mean,0.10618188987736848,0.48247291416462007,112
hours_sd,0.12700327589895757,0.4002997272945707,112
prop_educ_<HS,,,112
prop_educ_BAplus,0.47680188929098277,0.0008079565477276583,112
prop_educ_HS,,,112
prop_educ_SomeCollege,,,112
prop_female,-0.012123807287058688,0.9362630364362787,112
prop_married,0.17682607913082765,0.23976318498189605,112
age_mean,-0.20855583627195506,0.1642508844324344,113
age_sd,-0.2331848629072207,0.11885467122268166,113
age_sq_mean,-0.23930828503661455,0.10920620840065486,113
age_sq_sd,-0.25273033152225566,0.09015895405809266,113
english_mean,-0.47276389830865256,0.0009074834815039263,113
entry_recency_mean,-0.08690023104390088,0.5657959787216309,113
entry_recency_sd,0.10630706177789329,0.4819539076534015,113
hours_mean,-0.0038669893939209427,0.9796517740021101,113
hours_sd,0.045035745179951826,0.7663199154631942,113
prop_educ_<HS,,,113
prop_educ_BAplus,0.5053869272395988,0.0003403952628211686,113
prop_educ_HS,,,113
prop_educ_SomeCollege,,,113
prop_female,-0.14655325915876394,0.3311109307129848,113
prop_married,0.20233946852352483,0.17747745940880175,113
age_mean,-0.34796463340160005,0.017805299854825752,114
age_sd,-0.22842220125102547,0.12679462276778705,114
age_sq_mean,-0.36629197828556,0.012292603956425376,114
age_sq_sd,-0.2847082026424236,0.05514387007377454,114
english_mean,-0.4628619977834269,0.0011994451313992367,114
entry_recency_mean,-0.13649900235379459,0.3657053774409964,114
entry_recency_sd,0.18402327692894724,0.22085948738922803,114
hours_mean,0.032591612285288125,0.8297511247187864,114
hours_sd,0.058563494366971454,0.6990538597045386,114
prop_educ_<HS,,,114
prop_educ_BAplus,0.5085052317439517,0.00030832666858983263,114
prop_educ_HS,,,114
prop_educ_SomeCollege,,,114
prop_female,-0.02220301983122453,0.8835567679079119,114
prop_married,0.06768028773703784,0.6549397957863079,114
age_mean,-0.4145189781184873,0.0041817433578023285,115
age_sd,-0.3954864757105489,0.006520473996459474,115
age_sq_mean,-0.42369132915502966,0.0033449523255516295,115
age_sq_sd,-0.41979460598177903,0.0036805262925114204,115
english_mean,-0.4838154401760892,0.0006580833545381205,115
entry_recency_mean,-0.024121415999387087,0.8735742429608865,115
entry_recency_sd,0.09329408482030896,0.5374425577014542,115
hours_mean,0.11136928929348543,0.4612119355666101,115
hours_sd,0.1827834042450947,0.22404020257852073,115
prop_educ_<HS,,,115
prop_educ_BAplus,0.53074477317532,0.00014798638730449977,115
prop_educ_HS,,,115
prop_educ_SomeCollege,,,115
prop_female,0.03648663819839524,0.8097611631382868,115
prop_married,0.13744566930924745,0.3623583212877021,115
age_mean,-0.37452174474725647,0.010338237600508005,116
age_sd,-0.32102566536371696,0.02960614279133186,116
age_sq_mean,-0.37420913012962476,0.010407276029964385,116
age_sq_sd,-0.3430971974924014,0.019579607253574504,116
english_mean,-0.4659796625804882,0.0010995823372226367,116
entry_recency_mean,-0.11143122803478786,0.4609611678646783,116
entry_recency_sd,0.18037930255643506,0.23029733790703436,116
hours_mean,0.1155670397714628,0.44438426090475175,116
hours_sd,0.1820691803464549,0.2258867244096263,116
prop_educ_<HS,,,116
prop_educ_BAplus,0.5232615852756771,0.00019052604078420034,116
prop_educ_HS,,,116
prop_educ_SomeCollege,,,116
prop_female,0.05105094608360091,0.7361656363049087,116
prop_married,0.020063538670925245,0.894710750252248,116
age_mean,-0.30319067876011824,0.040536759595641556,117
age_sd,-0.29448093694994104,0.0469672322026378,117
age_sq_mean,-0.318798897742697,0.030820087529054074,117
age_sq_sd,-0.31835609797969894,0.031066334979121805,117
english_mean,-0.44279299108486936,0.0020592624772187785,117
entry_recency_mean,0.052722919933795354,0.7278510691065656,117
entry_recency_sd,0.11453095976791479,0.4485058875962909,117
hours_mean,-0.030849771143142732,0.838725908384498,117
hours_sd,0.01803118831085315,0.9053248971002801,117
prop_educ_<HS,,,117
prop_educ_BAplus,0.5061631081697493,0.00033214343296299664,117
prop_educ_HS,,,117
prop_educ_SomeCollege,,,117
prop_female,-0.012243792631479539,0.9356335689894493,117
prop_married,0.08753848164363845,0.5629347959850293,117
age_mean,-0.3562339816191657,0.015102558748752933,118
age_sd,-0.37723991481993074,0.009754352577239304,118
age_sq_mean,-0.3672197695172863,0.012057555319650075,118
age_sq_sd,-0.3918371635324252,0.007079979823306286,118
english_mean,-0.4167732286177319,0.003960699209439747,118
entry_recency_mean,0.04887345231669879,0.7470388579025148,118
entry_recency_sd,0.24615060410691939,0.09914523365802201,118
hours_mean,-0.03082453802556417,0.8388560730650496,118
hours_sd,0.09835496950093682,0.5155002843837838,118
prop_educ_<HS,,,118
prop_educ_BAplus,0.5148413513223618,0.00025142775368688317,118
prop_educ_HS,,,118
prop_educ_SomeCollege,,,118
prop_female,-0.05633392557012801,0.7100001509900424,118
prop_married,0.05257488445097822,0.7285860049619565,118
age_mean,-0.31790048907570184,0.03132140490126713,119
age_sd,-0.32176792123739034,0.029210424035058455,119
age_sq_mean,-0.32640702044784864,0.026835493920502662,119
age_sq_sd,-0.3452620436997629,0.018772873428654052,119
english_mean,-0.45106590973550126,0.0016544749458426516,119
entry_recency_mean,-0.026478817746671206,0.8613340334647988,119
entry_recency_sd,0.1408121247014454,0.3506066123760937,119
hours_mean,-0.08914012455966663,0.5557847007038487,119
hours_sd,0.008010424995730644,0.9578633943204051,119
prop_educ_<HS,,,119
prop_educ_BAplus,,,119
prop_educ_HS,,,119
prop_educ_SomeCollege,,,119
prop_female,-0.057382495161032304,0.7048447369009385,119
prop_married,0.11380793443024859,0.4513945198999404,119
age_mean,-0.34392249402519215,0.019268677640671493,120
age_sd,-0.3853426249103409,0.008179028730540768,120
age_sq_mean,-0.35942632317078504,0.014156856988944979,120
age_sq_sd,-0.3880641458567381,0.007701732888317937,120
english_mean,-0.40524021325993975,0.0052093366593744545,120
entry_recency_mean,-0.04984682764494525,0.7421721983195533,120
entry_recency_sd,0.19228705829790071,0.20045747275793827,120
hours_mean,-0.06157007051813731,0.6843882526510165,120
hours_sd,-0.019794100375550627,0.896116912472609,120
prop_educ_<HS,,,120
prop_educ_BAplus,,,120
prop_educ_HS,,,120
prop_educ_SomeCollege,,,120
prop_female,-0.0421802995552757,0.780757920576475,120
prop_married,0.23851440431489987,0.1104222265327508,120
age_mean,-0.2870985124041606,0.053045234292161535,121
age_sd,-0.3209328833795078,0.02965591907042906,121
age_sq_mean,-0.299058040359791,0.043491790501022344,121
age_sq_sd,-0.3362933951264082,0.022307814312350387,121
english_mean,-0.40465183147391365,0.0052813472610239946,121
entry_recency_mean,-0.17776021846676165,0.23724935884420986,121
entry_recency_sd,0.24769697051040554,0.09697368201510427,121
hours_mean,0.13980371423367355,0.35410205854058924,121
hours_sd,0.2030441702585779,0.17594073224026124,121
prop_educ_<HS,,,121
prop_educ_BAplus,0.46568034512644974,0.0011088369232007606,121
prop_educ_HS,,,121
prop_educ_SomeCollege,,,121
prop_female,-0.055528914461376574,0.7139668099453801,121
prop_married,0.1916600643129249,0.20195715288919594,121
age_mean,-0.28533099938931206,0.05459073928995904,122
age_sd,-0.24425650493915507,0.10185592721789839,122
age_sq_mean,-0.2894708642986188,0.05102653501179237,122
age_sq_sd,-0.2832855894204432,0.056424272609002936,122
english_mean,-0.4575947184068581,0.0013866399538895937,122
entry_recency_mean,-0.024764783619130735,0.8702306969692492,122
entry_recency_sd,0.13242673514173994,0.3803146198956164,122
hours_mean,-0.04511709469016442,0.7659097076173635,122
hours_sd,-0.007332264374096736,0.9614278606356684,122
prop_educ_<HS,,,122
prop_educ_BAplus,0.5120000246139073,0.00027564978695990554,122
prop_educ_HS,,,122
prop_educ_SomeCollege,,,122
prop_female,0.042081485168728505,0.7812588959528464,122
prop_married,0.10690779812136106,0.4794671293624738,122
age_mean,-0.3458517853641256,0.018558033380189177,123
age_sd,-0.25112216005393,0.09229456127388112,123
age_sq_mean,-0.3206446496846239,0.029810995856070503,123
age_sq_sd,-0.2721520946397271,0.06728960159445294,123
english_mean,-0.43168930569539005,0.002739305401585087,123
entry_recency_mean,-0.09162705569933159,0.5447680627813629,123
entry_recency_sd,0.20708938875486022,0.16730443051048907,123
hours_mean,-0.05129405807112453,0.7349547825377286,123
hours_sd,-0.01132114779029335,0.9404749217916338,123
prop_educ_<HS,,,123
prop_educ_BAplus,0.48597324759125027,0.0006172802437458248,123
prop_educ_HS,,,123
prop_educ_SomeCollege,,,123
prop_female,0.01227579653170634,0.9354656765858278,123
prop_married,0.16582293759261085,0.2707396465487159,123
age_mean,-0.238177152965188,0.11094192120710389,124
age_sd,-0.411197073901115,0.004527152477966631,124
age_sq_mean,-0.2451842961708814,0.10052111193711831,124
age_sq_sd,-0.4040221550424313,0.005359371618630995,124
english_mean,-0.4587519883259015,0.001343417844414601,124
entry_recency_mean,0.1044925734793107,0.4895060053329799,124
entry_recency_sd,0.21563198096615463,0.15008459143707445,124
hours_mean,-0.0005260241819793646,0.9972317589898609,124
hours_sd,-0.003990363707499952,0.9790027167586332,124
prop_educ_<HS,,,124
prop_educ_BAplus,0.5048236520293116,0.0003464990214796545,124
prop_educ_HS,,,124
prop_educ_SomeCollege,,,124
prop_female,-0.03472611770242302,0.8187824364805601,124
prop_married,0.04729948490312335,0.754928911545579,124
age_mean,-0.2987764167858647,0.04369939389122372,125
age_sd,-0.3321492609580306,0.0241208441500737,125
age_sq_mean,-0.3077792779380186,0.037450317498466286,125
age_sq_sd,-0.3292421817652881,0.025464950699592058,125
english_mean,-0.4209586693250613,0.003577316101889909,125
entry_recency_mean,-0.17238088541293348,0.25197347438307693,125
entry_recency_sd,0.2003843380206133,0.1817914414099501,125
hours_mean,0.00810796209064973,0.9573507968506554,125
hours_sd,0.03587901997740943,0.8128720313328146,125
prop_educ_<HS,,,125
prop_educ_BAplus,0.49037473764954964,0.0005410164200421074,125
prop_educ_HS,,,125
prop_educ_SomeCollege,,,125
prop_female,-0.12965986068512678,0.3904353402662865,125
prop_married,0.06196772157027414,0.6824570075593697,125
age_mean,-0.32970565247798317,0.025246563347416373,126
age_sd,-0.30468664049893085,0.039508451041961865,126
age_sq_mean,-0.34816912289250534,0.01773383798751734,126
age_sq_sd,-0.323922845370057,0.028086386183851158,126
english_mean,-0.47342442139574936,0.0008904883139003625,126
entry_recency_mean,-0.010092896670369389,0.9469231360013581,126
entry_recency_sd,0.16352791260393418,0.2775199713076794,126
hours_mean,-0.06596351273601445,0.6631640444971922,126
hours_sd,-0.014938360127173363,0.9215082649025195,126
prop_educ_<HS,,,126
prop_educ_BAplus,0.5323543802031796,0.0001400495408403583,126
prop_educ_HS,,,126
prop_educ_SomeCollege,,,126
prop_female,0.07397120154409702,0.6251529822081763,126
prop_married,0.1513969463222439,0.31520042454339564,126
age_mean,-0.2525761613813136,0.09036200862645632,127
age_sd,-0.19632062463329403,0.19099719002368207,127
age_sq_mean,-0.2548333249808354,0.08742439770097744,127
age_sq_sd,-0.21209307557264187,0.15705254403260963,127
english_mean,-0.44836078342150343,0.0017782815328256005,127
entry_recency_mean,-0.004179832115781152,0.9780059728047169,127
entry_recency_sd,0.1830279275166163,0.2234104241559757,127
hours_mean,-0.08021807486170918,0.5961481255442174,127
hours_sd,-0.008567134068793007,0.9549378917721022,127
prop_educ_<HS,,,127
prop_educ_BAplus,,,127
prop_educ_HS,,,127
prop_educ_SomeCollege,,,127
prop_female,0.00024957520625027476,0.9986865901194859,127
prop_married,0.06318560410942443,0.6765547221922215,127
age_mean,-0.3407374786417235,0.020492059930495007,128
age_sd,-0.2514314237978388,0.09188085076924347,128
age_sq_mean,-0.3396334435606231,0.02093110467762673,128
age_sq_sd,-0.2563796437003793,0.08545524093802945,128
english_mean,-0.45263058815677487,0.0015864123629722126,128
entry_recency_mean,-0.06889311300130888,0.6491539240918709,128
entry_recency_sd,0.08375637025425689,0.5799869052204907,128
hours_mean,-0.0887515928951369,0.5575152553907756,128
hours_sd,-0.08491908709050391,0.5747198251416366,128
prop_educ_<HS,,,128
prop_educ_BAplus,0.5194866015877248,0.000215947348722282,128
prop_educ_HS,,,128
prop_educ_SomeCollege,,,128
prop_female,0.04563963380920025,0.7632763002945758,128
prop_married,0.10919106964952904,0.4700774052696792,128
age_mean,-0.37958699508816535,0.009273227453027692,129
age_sd,-0.4144134168377663,0.004192353939637762,129
age_sq_mean,-0.3836107479444517,0.008495887099660508,129
age_sq_sd,-0.4174442015280723,0.0038969151080190667,129
english_mean,-0.4509392153901884,0.0016600979037658498,129
entry_recency_mean,-0.019596951449261574,0.897146006092522,129
entry_recency_sd,0.16902827305742757,0.2614548730543922,129
hours_mean,0.07899157861882294,0.6017960196493327,129
hours_sd,0.12457527746484123,0.4094405183972101,129
prop_educ_<HS,,,129
prop_educ_BAplus,,,129
prop_educ_HS,,,129
prop_educ_SomeCollege,,,129
prop_female,-0.13339555283569135,0.3768079942095329,129
prop_married,-0.014793664272021344,0.9222662127722663,129
age_mean,-0.26053181165934025,0.08033870935926937,130
age_sd,-0.27796625302521216,0.06142498050097894,130
age_sq_mean,-0.29491390619141333,0.04662910870005071,130
age_sq_sd,-0.2966457831573025,0.045296335528609045,130
english_mean,-0.44192299322774387,0.0021065474296434916,130
entry_recency_mean,-0.1481851864556455,0.32569531508421723,130
entry_recency_sd,0.1920337019246779,0.20106251736513125,130
hours_mean,-0.005202212016724471,0.97262810848619,130
hours_sd,0.0330704932968119,0.8272874082206597,130
prop_educ_<HS,,,130
prop_educ_BAplus,0.49013283774969185,0.0005449767783251954,130
prop_educ_HS,,,130
prop_educ_SomeCollege,,,130
prop_female,-0.05042872803194755,0.7392675584782866,130
prop_married,0.21834154647162377,0.14490544099819097,130
age_mean,-0.3613153313553283,0.013621374347114842,131
age_sd,-0.34425208874407837,0.019145672400811248,131
age_sq_mean,-0.37860067529312946,0.00947286272705243,131
age_sq_sd,-0.37377616088815246,0.01050354752159239,131
english_mean,-0.4978618460442377,0.0004305328129716579,131
entry_recency_mean,-0.009317461980850955,0.9509958576088836,131
entry_recency_sd,0.21270691412469367,0.15582725705834585,131
hours_mean,0.11574318522228964,0.443685618941601,131
hours_sd,0.14001233187518392,0.35337719058830297,131
prop_educ_<HS,,,131
prop_educ_BAplus,0.5111119200177004,0.0002836424891293144,131
prop_educ_HS,,,131
prop_educ_SomeCollege,,,131
prop_female,-0.03602723308990909,0.8121129487676915,131
prop_married,0.06680908898293052,0.6591083186813435,131
age_mean,-0.34986216602365044,0.01715144433775548,132
age_sd,-0.32677814838468533,0.026652663787198543,132
age_sq_mean,-0.36987943771490184,0.011404943653461222,132
age_sq_sd,-0.3434683139850919,0.01943927003757749,132
english_mean,-0.44336067579488847,0.0020289173886516272,132
entry_recency_mean,-0.06785760358984388,0.6540926376894434,132
entry_recency_sd,0.08594704470575815,0.5700814799031391,132
hours_mean,0.02813203319802995,0.8527690989168686,132
hours_sd,0.10100264661350816,0.5042025663715959,132
prop_educ_<HS,,,132
prop_educ_BAplus,,,132
prop_educ_HS,,,132
prop_educ_SomeCollege,,,132
prop_female,-0.10382933049185009,0.49228176168808896,132
prop_married,0.030779839687860418,0.8390866592542401,132
age_mean,-0.3572678608696495,0.01479057023378917,133
age_sd,-0.18289857814765295,0.22374341559758687,133
age_sq_mean,-0.35812741544636817,0.014535376601673474,133
age_sq_sd,-0.22495844731924713,0.13281485630390766,133
english_mean,-0.482783854480662,0.0006784320620940758,133
entry_recency_mean,-0.09450629301524946,0.5321458744708458,133
entry_recency_sd,0.14010511672069428,0.353055089317106,133
hours_mean,-0.08286172222435807,0.5840544507317111,133
hours_sd,-0.04317987655989887,0.7756951739142346,133
prop_educ_<HS,,,133
prop_educ_BAplus,0.5117637297171218,0.0002777562449272994,133
prop_educ_HS,,,133
prop_educ_SomeCollege,,,133
prop_female,-0.004456823758481729,0.9765488519869477,133
prop_married,0.11224451797601692,0.4576752843438357,133
age_mean,-0.2906420277988375,0.05005310931878496,134
age_sd,-0.31210897035274154,0.03471766171870809,134
age_sq_mean,-0.29367685121577825,0.047600457453398706,134
age_sq_sd,-0.34724133166077903,0.018060025759299953,134
english_mean,-0.4673672269027792,0.0010575744827855183,134
entry_recency_mean,-0.13544244573639208,0.36946287863160915,134
entry_recency_sd,0.235904556351467,0.11449266206101316,134
hours_mean,0.0949348240419809,0.5302795558828902,134
hours_sd,0.15161511336276487,0.3144954025240135,134
prop_educ_<HS,,,134
prop_educ_BAplus,0.5051225054957098,0.0003432483953830839,134
prop_educ_HS,,,134
prop_educ_SomeCollege,,,134
prop_female,-0.024988903876187085,0.8690664790910069,134
prop_married,0.009060122200963739,0.9523477303761376,134
age_mean,-0.38602067297101567,0.0080577853581191,135
age_sd,-0.271162450659219,0.06833072687141702,135
age_sq_mean,-0.39060010855679017,0.007278858415869784,135
age_sq_sd,-0.30419181850867677,0.039846193926387885,135
english_mean,-0.42448413167278265,0.0032800704839375423,135
entry_recency_mean,-0.15624931116022617,0.2997564128563608,135
entry_recency_sd,0.2211303956985141,0.13971402024780566,135
hours_mean,0.11080529153022935,0.4634987424721745,135
hours_sd,0.16951268515014767,0.2600704103950635,135
prop_educ_<HS,,,135
prop_educ_BAplus,0.5491205781137319,7.754835967542404e-05,135
prop_educ_HS,,,135
prop_educ_SomeCollege,,,135
prop_female,-0.013355626481528845,0.9298025603783969,135
prop_married,0.010544693709408009,0.9445508278059606,135
age_mean,-0.29398238525358633,0.0473590352688188,136
age_sd,-0.29120274126450796,0.049592415093468595,136
age_sq_mean,-0.31179970660883277,0.034907237957208,136
age_sq_sd,-0.2926253544864884,0.04843895643289779,136
english_mean,-0.4158696603170807,0.004048039070416437,136
entry_recency_mean,-0.13410740232426221,0.37424377628513994,136
entry_recency_sd,0.24028182159008252,0.10772898971312264,136
hours_mean,-0.029145229360846906,0.8475281656557736,136
hours_sd,0.018465892769526954,0.9030531741196102,136
prop_educ_<HS,,,136
prop_educ_BAplus,0.4994106699751862,0.0004103926441448506,136
prop_educ_HS,,,136
prop_educ_SomeCollege,,,136
prop_female,-0.054208449348761754,0.7204894949432687,136
prop_married,0.05615689016663276,0.7108718394146486,136
age_mean,-0.331551181290473,0.02439240853603137,137
age_sd,-0.2719046836446001,0.06754869378785365,137
age_sq_mean,-0.3440249887241278,0.019230355248272112,137
age_sq_sd,-0.27419323534952506,0.06518209323280742,137
english_mean,-0.3684537127898771,0.01175091087400277,137
entry_recency_mean,-0.19673076491609956,0.19005333345986739,137
entry_recency_sd,0.27040596809912365,0.0691351495803513,137
hours_mean,-0.05905306338211224,0.6966582461659566,137
hours_sd,0.07583848591707457,0.6164214111121249,137
prop_educ_<HS,,,137
prop_educ_BAplus,0.49553405666003136,0.00046247973128132923,137
prop_educ_HS,,,137
prop_educ_SomeCollege,,,137
prop_female,-0.15489544080579373,0.30401560616462475,137
prop_married,0.12340016219638615,0.41390721106535366,137
age_mean,-0.3395930263260241,0.020947326484653802,138
age_sd,-0.28363452572742276,0.05610802777146394,138
age_sq_mean,-0.35126176033159323,0.016682300565578474,138
age_sq_sd,-0.3220054101578226,0.029084743163374466,138
english_mean,-0.4474278067048401,0.001822849029444771,138
entry_recency_mean,-0.0675295970727815,0.6556600845993199,138
entry_recency_sd,0.1009189836334714,0.5045576188105088,138
hours_mean,0.0821500644158591,0.5872991509256458,138
hours_sd,0.09987050204985062,0.5090179762129041,138
prop_educ_<HS,,,138
prop_educ_BAplus,0.5038370597254693,0.0003574284052444879,138
prop_educ_HS,,,138
prop_educ_SomeCollege,,,138
prop_female,-0.08362405471695485,0.5805876733296055,138
prop_married,0.06995252977075403,0.6441165531210546,138
age_mean,-0.29680609974415595,0.04517454702632508,139
age_sd,-0.3198194995689978,0.030258672015794495,139
age_sq_mean,-0.3045010822525856,0.039634828682677474,139
age_sq_sd,-0.34693206791687026,0.01816987593293225,139
english_mean,-0.4582187047518168,0.001363183800484234,139
entry_recency_mean,0.006107202385780383,0.9678687245937435,139
entry_recency_sd,0.1264966727125032,0.4021971160416484,139
hours_mean,0.030846914726926078,0.8387406429534556,139
hours_sd,0.14557493322418263,0.33438433995228894,139
prop_educ_<HS,,,139
prop_educ_BAplus,0.47505040112130925,0.000849858866040313,139
prop_educ_HS,,,139
prop_educ_SomeCollege,,,139
prop_female,-0.0052156134256877585,0.9725576226216552,139
prop_married,0.1266574261410086,0.4015944804915692,139
age_mean,-0.2788665897554512,0.06055452977452384,140
age_sd,-0.35614812748535196,0.015128716222437602,140
age_sq_mean,-0.3191601837138618,0.03062037141750693,140
age_sq_sd,-0.387569323866484,0.007786677218578204,140
english_mean,-0.4258474882996589,0.0031710797169998413,140
entry_recency_mean,-0.0948449212793923,0.5306708300591666,140
entry_recency_sd,0.09824337313968876,0.5159792393459897,140
hours_mean,-0.059946917826825104,0.6922918785147614,140
hours_sd,-0.015836745557785258,0.9168038954777947,140
prop_educ_<HS,,,140
prop_educ_BAplus,0.47546188459397737,0.000839843567630218,140
prop_educ_HS,,,140
prop_educ_SomeCollege,,,140
prop_female,0.03610332265461445,0.8117233175541478,140
prop_married,0.23422250829192928,0.11717583357112182,140
age_mean,-0.290528143476085,0.050147100929125395,141
age_sd,-0.3679620025026674,0.011872294960932079,141
age_sq_mean,-0.3047484932477126,0.03946639860758613,141
age_sq_sd,-0.38323963145176115,0.008565146799924647,141
english_mean,-0.4386662305589502,0.0022921989974082103,141
entry_recency_mean,0.011611003623243037,0.9389537372864802,141
entry_recency_sd,0.19353508518695536,0.19749576444820463,141
hours_mean,0.05349975356719538,0.7239983801746637,141
hours_sd,0.11600840758952816,0.4426348165750604,141
prop_educ_<HS,,,141
prop_educ_BAplus,0.5069064208857914,0.00032441079024952995,141
prop_educ_HS,,,141
prop_educ_SomeCollege,,,141
prop_female,-0.15512058246252147,0.30330464769179544,141
prop_married,0.1162321317742261,0.44174949812829795,141
age_mean,-0.3342625598701123,0.023181459139739985,142
age_sd,-0.35633368573169727,0.015072229812953225,142
age_sq_mean,-0.3452620436997629,0.018772873428654052,142
age_sq_sd,-0.37278651690764436,0.01072647201992242,142
english_mean,-0.378555315310584,0.009482132077095628,142
entry_recency_mean,-0.015658888617819708,0.917735020060898,142
entry_recency_sd,0.18333720079731353,0.22261563224900452,142
hours_mean,-0.08966888387086995,0.5534336344735932,142
hours_sd,-0.054930322589202454,0.7169211990596668,142
prop_educ_<HS,,,142
prop_educ_BAplus,0.5001706626692186,0.00040082407835461195,142
prop_educ_HS,,,142
prop_educ_SomeCollege,,,142
prop_female,-0.16695404628459218,0.2674386202328708,142
prop_married,0.20202421539914406,0.17816803969153708,142
age_mean,-0.2553596456323209,0.08675022724620404,143
age_sd,-0.3945211631101935,0.006664606188721554,143
age_sq_mean,-0.27029651217627443,0.0692521612761578,143
age_sq_sd,-0.40297065831314133,0.0054919050719832285,143
english_mean,-0.4391262484515859,0.0022651281873861877,143
entry_recency_mean,-0.022149955047887637,0.8838331558194265,143
entry_recency_sd,0.3189324423010595,0.030746139724697592,143
hours_mean,0.037441700485918154,0.8048773370880989,143
hours_sd,0.11109096242644233,0.46233968886027593,143
prop_educ_<HS,,,143
prop_educ_BAplus,0.5208908467408601,0.00020615250546805603,143
prop_educ_HS,,,143
prop_educ_SomeCollege,,,143
prop_female,-0.032581343020284995,0.8298039751722098,143
prop_married,0.2188368756945952,0.1439731219683885,143
age_mean,-0.30254978354030315,0.04098395536570935,144
age_sd,-0.2122167810702054,0.15680504923214392,144
age_sq_mean,-0.3091400384112173,0.03657307288786301,144
age_sq_sd,-0.2451842961708814,0.10052111193711831,144
english_mean,-0.4470785730055931,0.0018397846917881369,144
entry_recency_mean,0.04805110341922672,0.751158029556902,144
entry_recency_sd,0.23824790253638875,0.11083274392758419,144
hours_mean,0.055679493593022586,0.7132242661303192,144
hours_sd,0.16794057037381238,0.2645814494041138,144
prop_educ_<HS,,,144
prop_educ_BAplus,0.5056448120887538,0.00033763330312330103,144
prop_educ_HS,,,144
prop_educ_SomeCollege,,,144
prop_female,0.026616276152051723,0.8606212782581659,144
prop_married,0.17954670757232513,0.23249201977492504,144
age_mean,-0.31688956687404296,0.03189356107027585,145
age_sd,-0.3446435162119453,0.01900045234674901,145
age_sq_mean,-0.3333863159336657,0.023567169588994043,145
age_sq_sd,-0.3508906438389027,0.01680562646617353,145
english_mean,-0.4236289109320824,0.0033501081162201807,145
entry_recency_mean,0.0008354759612560249,0.9956032591709351,145
entry_recency_sd,0.2862633486133492,0.05377104079247914,145
hours_mean,0.05317744434517201,0.7255960525713202,145
hours_sd,0.12482654549331616,0.40848903714871515,145
prop_educ_<HS,,,145
prop_educ_BAplus,0.4586421878860677,0.0013474665694955046,145
prop_educ_HS,,,145
prop_educ_SomeCollege,,,145
prop_female,0.018786988959261335,0.9013756477350048,145
prop_married,0.10932827804916001,0.4695162916034188,145
age_mean,-0.35452183360436795,0.015631527329814734,146
age_sd,-0.3001713898378627,0.04267892651691254,146
age_sq_mean,-0.3685186772417032,0.011734953424243716,146
age_sq_sd,-0.3652404815562701,0.012563718218284291,146
english_mean,-0.49315683907722313,0.0004972925555951073,146
entry_recency_mean,-0.13380001118309717,0.3753497770669956,146
entry_recency_sd,0.02635170880968496,0.8619932212141994,146
hours_mean,-0.026833031883259112,0.8594975700408565,146
hours_sd,0.016206419682482077,0.9148689149032231,146
prop_educ_<HS,,,146
prop_educ_BAplus,0.5240244447236948,0.00018573110077050806,146
prop_educ_HS,,,146
prop_educ_SomeCollege,,,146
prop_female,0.016584266978022098,0.9128916569141112,146
prop_married,0.08885273642889797,0.5570645093695495,146
age_mean,-0.3383658384717763,0.021444928297623417,147
age_sd,-0.30599498392183194,0.03862672235659125,147
age_sq_mean,-0.348292828390069,0.017690725165071433,147
age_sq_sd,-0.33047923674092317,0.024885536587866176,147
english_mean,-0.4290010292430988,0.0029310984748267452,147
entry_recency_mean,-0.05353446737223256,0.7238263744805896,147
entry_recency_sd,0.22851928941585448,0.12662888293912575,147
hours_mean,0.025030244748328184,0.8688517591415591,147
hours_sd,0.054401170074641444,0.7195362771158316,147
prop_educ_<HS,,,147
prop_educ_BAplus,,,147
prop_educ_HS,,,147
prop_educ_SomeCollege,,,147
prop_female,-0.031862446331655754,0.8335055896180185,147
prop_married,0.10580197057581853,0.4840499866973541,147
age_mean,-0.33524216886694885,0.02275652665882389,148
age_sd,-0.3134078780771585,0.03393068644295597,148
age_sq_mean,-0.33227296645559407,0.024064991329668016,148
age_sq_sd,-0.35602442198778844,0.015166473715533044,148
english_mean,-0.4646313360238938,0.0011418223152405127,148
entry_recency_mean,-0.10291933960242224,0.49610340924185026,148
entry_recency_sd,0.18077023256752656,0.2292717863247868,148
hours_mean,0.0018269108394914483,0.9903859531116306,148
hours_sd,0.024899570652377214,0.8695304978619234,148
prop_educ_<HS,,,148
prop_educ_BAplus,,,148
prop_educ_HS,,,148
prop_educ_SomeCollege,,,148
prop_female,-0.015737161642544153,0.9173252281360204,148
prop_married,0.07821029254957247,0.6054058642897217,148
age_mean,-0.3149196875764388,0.033033318160695074,149
age_sd,-0.2849556136375506,0.05492359697549377,149
age_sq_mean,-0.32979885650432383,0.025202835130129882,149
age_sq_sd,-0.30784113068680036,0.03741007117212739,149
english_mean,-0.45197202686531257,0.0016147501649731262,149
entry_recency_mean,-0.12147595172063672,0.4212810549411042,149
entry_recency_sd,0.24722500575813242,0.09763252922261526,149
hours_mean,0.04951733016154888,0.74381850900324,149
hours_sd,0.07432295336816074,0.6235042272053853,149
prop_educ_<HS,,,149
prop_educ_BAplus,0.501550326171117,0.0003839661646538289,149
prop_educ_HS,,,149
prop_educ_SomeCollege,,,149
prop_female,0.013516318491653124,0.9289601053620988,149
prop_married,0.034916434221662074,0.8178060756170328,149
age_mean,-0.3670455295314637,0.012101402055366955,150
age_sd,-0.3548492197609351,0.015529182098327963,150
age_sq_mean,-0.3902908448128814,0.007329327512600581,150
age_sq_sd,-0.3797758775199828,0.009235413127787,150
english_mean,-0.4771025762070195,0.0008009520279434088,150
entry_recency_mean,0.022405208219963373,0.8825037954013489,150
entry_recency_sd,0.09560226752433829,0.52737914372852,150
hours_mean,0.06743462480126923,0.6561142030846007,150
hours_sd,0.13690124187257335,0.3642809411001411,150
prop_educ_<HS,,,150
prop_educ_BAplus,0.4819628402703199,0.0006950285396194217,150
prop_educ_HS,,,150
prop_educ_SomeCollege,,,150
prop_female,-0.064475054561602,0.6703264403424497,150
prop_married,0.1323345928331893,0.38064913299413733,150
age_mean,-0.2642203117317641,0.07599791339931801,151
age_sd,-0.27320359136901695,0.066197255422223,151
age_sq_mean,-0.2905842137766904,0.050100806860772076,151
age_sq_sd,-0.31087191537710646,0.035481092109934144,151
english_mean,-0.3997092578308784,0.005921309831705834,151
entry_recency_mean,-0.23161965278181118,0.12142142291755735,151
entry_recency_sd,0.0032787012287602293,0.9827468581183958,151
hours_mean,0.0009899798308204365,0.9947901838585492,151
hours_sd,0.03355718579292567,0.8247851841465665,151
prop_educ_<HS,,,151
prop_educ_BAplus,0.4911083688016572,0.0005291632187958614,151
prop_educ_HS,,,151
prop_educ_SomeCollege,,,151
prop_female,0.09074597289129259,0.5486590891241708,151
prop_married,0.17971011920866187,0.23206014826941224,151
age_mean,-0.31948915137412187,0.03043945492937161,152
age_sd,-0.32089206067975096,0.029677841892329523,152
age_sq_mean,-0.33419040166782854,0.02321302097815627,152
age_sq_sd,-0.34606612943392573,0.01848046515008433,152
english_mean,-0.422523444545293,0.003442584820178523,152
entry_recency_mean,0.01661976715260686,0.9127059126538237,152
entry_recency_sd,0.21313336315438855,0.1549801516689415,152
hours_mean,-0.029055100404624903,0.8479941131095157,152
hours_sd,0.02406517207882029,0.8738666440121949,152
prop_educ_<HS,,,152
prop_educ_BAplus,,,152
prop_educ_HS,,,152
prop_educ_SomeCollege,,,152
prop_female,-0.07319446760886562,0.628800153405187,152
prop_married,0.15858877571807659,0.292487606617859,152
age_mean,-0.3742589961011002,0.010396237060882002,153
age_sd,-0.44540164397742615,0.0019230640659779162,153
age_sq_mean,-0.424124298396502,0.003309380312690735,153
age_sq_sd,-0.46803975003154885,0.0010377344850668057,153
english_mean,-0.4548616719587765,0.0014936643490666777,153
entry_recency_mean,-0.060397756898118014,0.6900933152114428,153
entry_recency_sd,0.16114131795593736,0.2846882456464739,153
hours_mean,0.08739935382625856,0.563557910527937,153
hours_sd,0.1477489589012501,0.3271374773163585,153
prop_educ_<HS,,,153
prop_educ_BAplus,0.5087463566639163,0.0003059644860298428,153
prop_educ_HS,,,153
prop_educ_SomeCollege,,,153
prop_female,-0.033876388794631125,0.8231450022992398,153
prop_married,0.014470261183911716,0.923960512826372,153
age_mean,-0.3374897085566308,0.021806229242233254,154
age_sd,-0.3372830391069163,0.02189219744607554,154
age_sq_mean,-0.3379015665947339,0.02163575426760534,154
age_sq_sd,-0.36010670340738443,0.013961957817023349,154
english_mean,-0.45955670757576744,0.001314074097919777,154
entry_recency_mean,-0.05116549214352115,0.7355950443662912,154
entry_recency_sd,0.13833793845586764,0.35922061437138,154
hours_mean,0.023795593118736413,0.8752683621062531,154
hours_sd,0.06353256909314633,0.6748766946406305,154
prop_educ_<HS,,,154
prop_educ_BAplus,0.5140047770703741,0.00025835122321010056,154
prop_educ_HS,,,154
prop_educ_SomeCollege,,,154
prop_female,-0.07163735911021918,0.6361379178412333,154
prop_married,0.2301320564936057,0.12389947824227093,154
age_mean,-0.28808806096946277,0.05219550790355155,155
age_sd,-0.34031382379722236,0.020659610391207648,155
age_sq_mean,-0.3143975220576665,0.033341017814149575,155
age_sq_sd,-0.36944646847342955,0.011509073284997801,155
english_mean,-0.45899197921703117,0.001334606227608009,155
entry_recency_mean,-0.08518885532685329,0.5735009114216852,155
entry_recency_sd,0.2950649085028105,0.046511650943470303,155
hours_mean,0.07219774335895263,0.6334931257701466,155
hours_sd,0.15142019822936015,0.31512523669042775,155
prop_educ_<HS,,,155
prop_educ_BAplus,0.4907364987942279,0.0005351419769531451,155
prop_educ_HS,,,155
prop_educ_SomeCollege,,,155
prop_female,-0.13796682319145157,0.36052365113831103,155
prop_married,0.1524141857671928,0.3119216990137459,155
age_mean,-0.2678079924248326,0.07195508289180123,156
age_sd,-0.33846867839504036,0.02140285075030079,156
age_sq_mean,-0.27394582435439807,0.06543471420322156,156
age_sq_sd,-0.3525606680560101,0.016256682196867035,156
english_mean,-0.495618273313542,0.00046128771022474165,156
entry_recency_mean,-0.1361498035702598,0.3669447000050192,156
entry_recency_sd,0.14811097412589988,0.3259403778409374,156
hours_mean,0.06474687269895026,0.6690162788928932,156
hours_sd,0.08941642038591457,0.5545555967090902,156
prop_educ_<HS,,,156
prop_educ_BAplus,0.5195784161277937,0.00021529427125642207,156
prop_educ_HS,,,156
prop_educ_SomeCollege,,,156
prop_female,0.024262079158598304,0.8728430359997275,156
prop_married,0.31930576556460905,0.030540198713760316,156
age_mean,-0.3194990046995841,0.03043404977254524,157
age_sd,-0.2808733322179547,0.05864989865116873,157
age_sq_mean,-0.3156345770333017,0.032615859447454335,157
age_sq_sd,-0.2913264467620715,0.049491239705129426,157
english_mean,-0.4164479966203169,0.003991944339819755,157
entry_recency_mean,-0.06922198642494008,0.6475885070983622,157
entry_recency_sd,0.1936479446683539,0.19722946876326028,157
hours_mean,-0.06369363277479499,0.674098271422677,157
hours_sd,0.08969201732671378,0.5533308817947271,157
prop_educ_<HS,,,157
prop_educ_BAplus,0.5365407293655385,0.0001211849290131349,157
prop_educ_HS,,,157
prop_educ_SomeCollege,,,157
prop_female,-0.030160779200043803,0.842281581989909,157
prop_married,0.011971803265986191,0.9370605355366453,157
age_mean,-0.3509231081627765,0.016794807488297935,158
age_sd,-0.406867381486392,0.005014631210519124,158
age_sq_mean,-0.37118979149280645,0.011094705785282613,158
age_sq_sd,-0.42319650716477564,0.0033860171596362277,158
english_mean,-0.4029661042582849,0.005492485230684183,158
entry_recency_mean,0.016963352709323334,0.9109084412805265,158
entry_recency_sd,0.2027039591583731,0.17668142259497108,158
hours_mean,-0.03492374011397406,0.817768600392505,158
hours_sd,0.0626954943915594,0.678927683790359,158
prop_educ_<HS,,,158
prop_educ_BAplus,0.5591445360540771,5.3634527534466375e-05,158
prop_educ_HS,,,158
prop_educ_SomeCollege,,,158
prop_female,-0.0809001310760831,0.5930174493173515,158
prop_married,0.09103916341718638,0.5473628356520102,158
age_mean,-0.28559605887371176,0.054356688619881875,159
age_sd,-0.32466507835543806,0.027707658383938426,159
age_sq_mean,-0.30264549978913285,0.04091691252521216,159
age_sq_sd,-0.3424786700045839,0.01981540062192648,159
english_mean,-0.45715720838124785,0.0014032998402836638,159
entry_recency_mean,0.06662962009748917,0.6599683203591281,159
entry_recency_sd,0.22375589329105186,0.1349541630255571,159
hours_mean,-0.07236166781309142,0.6327203192551597,159
hours_sd,-0.08692723950504071,0.565674767314579,159
prop_educ_<HS,,,159
prop_educ_BAplus,0.4902798813935192,0.0005425663019376897,159
prop_educ_HS,,,159
prop_educ_SomeCollege,,,159
prop_female,0.022382228224543874,0.8826234623570076,159
prop_married,0.12981346944049896,0.38986936022860147,159
age_mean,-0.3741509641675575,0.010420165108912052,160
age_sd,-0.36443639582210724,0.012774473667049762,160
age_sq_mean,-0.3801469940126734,0.009161502196347334,160
age_sq_sd,-0.39449683173004085,0.006668274575222811,160
english_mean,-0.4540618631979825,0.0015263433292305394,160
entry_recency_mean,-0.09366411326454627,0.5358230294074379,160
entry_recency_sd,0.06346287719907007,0.6752136208045207,160
hours_mean,-0.026140579621479795,0.8630883434040237,160
hours_sd,0.00556726242458133,0.9707081699777289,160
prop_educ_<HS,,,160
prop_educ_BAplus,0.473226900217744,0.0008955404175537838,160
prop_educ_HS,,,160
prop_educ_SomeCollege,,,160
prop_female,-0.04694223790750001,0.756723210389581,160
prop_married,0.14691268845912575,0.3299133493422222,160
age_mean,-0.3140189172872653,0.03356559780912699,161
age_sd,-0.25303959526616443,0.08975269754868609,161
age_sq_mean,-0.3219435574090408,0.029117432745626858,161
age_sq_sd,-0.27246135838363583,0.06696684726975637,161
english_mean,-0.4379592058687755,0.0023343631857033827,161
entry_recency_mean,-0.15868525365033748,0.2921903210484163,161
entry_recency_sd,0.21377628405594676,0.1537094317239825,161
hours_mean,-0.06698245675539126,0.6582779660675891,161
hours_sd,0.030312520794198345,0.8414982214929596,161
prop_educ_<HS,,,161
prop_educ_BAplus,0.47671267948670515,0.0008100452198402424,161
prop_educ_HS,,,161
prop_educ_SomeCollege,,,161
prop_female,-0.1083859611808754,0.4733770905960796,161
prop_married,0.09437438826886667,0.5327209856439836,161
age_mean,-0.37104999943592176,0.011127454229153712,162
age_sd,-0.2698718647363964,0.06970760923187834,162
age_sq_mean,-0.36561159804896065,0.012467453112621223,162
age_sq_sd,-0.2976972798865924,0.04450238868599479,162
english_mean,-0.4719569372633297,0.0009286397860634939,162
entry_recency_mean,-0.020602282075582155,0.891900082783912,162
entry_recency_sd,0.24536162674557602,0.10026752521571744,162
hours_mean,0.14537329072630042,0.3350615160992583,162
hours_sd,0.15484130519975195,0.3041867162956239,162
prop_educ_<HS,,,162
prop_educ_BAplus,0.5241772900384308,0.0001847836588426989,162
prop_educ_HS,,,162
prop_educ_SomeCollege,,,162
prop_female,-0.06729414565957392,0.656786141756662,162
prop_married,0.08056559844951892,0.5945520641313762,162
age_mean,-0.2859407839736355,0.05405350198449312,163
age_sd,-0.3130986143332497,0.03411671318132556,163
age_sq_mean,-0.29565613917679445,0.04605407098494177,163
age_sq_sd,-0.33845824133376967,0.021407117967604892,163
english_mean,-0.45314762835225125,0.0015644747119932289,163
entry_recency_mean,-0.04710336031617336,0.7559138040672136,163
entry_recency_sd,0.306415938001818,0.03834648628495567,163
hours_mean,-0.0198008186251503,0.8960818469832239,163
hours_sd,0.005134094784908444,0.9729863801125138,163
prop_educ_<HS,,,163
prop_educ_BAplus,0.5050428926385135,0.00034411164284260486,163
prop_educ_HS,,,163
prop_educ_SomeCollege,,,163
prop_female,0.007551308758058437,0.96027646116695,163
prop_married,0.14392001569261292,0.33996724610272133,163
age_mean,-0.3086214321849925,0.036905389498007965,164
age_sd,-0.27042021767383795,0.06911992789365667,164
age_sq_mean,-0.3306029422384867,0.024828206231124396,164
age_sq_sd,-0.2873060180912574,0.05286613067493524,164
english_mean,-0.40899040146994403,0.004770159726512729,164
entry_recency_mean,-0.08857959507316837,0.558282156763837,164
entry_recency_sd,0.32498436335664144,0.027546054443891212,164
hours_mean,0.0025690288424863833,0.9864808948464653,164
hours_sd,0.05462776982515438,0.718416028397619,164
prop_educ_<HS,,,164
prop_educ_BAplus,0.5497255035801587,7.58671333891021e-05,164
prop_educ_HS,,,164
prop_educ_SomeCollege,,,164
prop_female,-0.0293379772877719,0.8465318728967384,164
prop_married,0.12871669741865913,0.3939210310923785,164
age_mean,-0.38580415496534287,0.008096331548401265,165
age_sd,-0.3688393145595076,0.011656465609409809,165
age_sq_mean,-0.399506904381363,0.005948888719998627,165
age_sq_sd,-0.3814459017370902,0.008906812657093643,165
english_mean,-0.44274250027786693,0.0020619807777165753,165
entry_recency_mean,-0.1390714473720837,0.3566535819336702,165
entry_recency_sd,0.2087594644706252,0.16383010068332307,165
hours_mean,0.14069165457586116,0.3510230824735992,165
hours_sd,0.16392494916822803,0.276339068382855,165
prop_educ_<HS,,,165
prop_educ_BAplus,0.5223283598451987,0.0001965443393105899,165
prop_educ_HS,,,165
prop_educ_SomeCollege,,,165
prop_female,0.03362333625462053,0.8244452179461895,165
prop_married,0.2626253085549008,0.0778517491888527,165
age_mean,-0.4129980841968583,0.004336910807097438,166
age_sd,-0.28365670591313374,0.05608797388396164,166
age_sq_mean,-0.41991831147934255,0.003669435410152717,166
age_sq_sd,-0.3346852236580826,0.022997308410873912,166
english_mean,-0.4408025439535042,0.0021688589311230373,166
entry_recency_mean,0.003373368117255517,0.9822487814099848,166
entry_recency_sd,0.34223199293329115,0.019910103406567476,166
hours_mean,0.05212825905565783,0.7308047756619911,166
hours_sd,0.047785669144323084,0.7524890673718032,166
prop_educ_<HS,,,166
prop_educ_BAplus,0.5066874094301177,0.0003266720847776806,166
prop_educ_HS,,,166
prop_educ_SomeCollege,,,166
prop_female,-0.034771900342874376,0.8185475377627167,166
prop_married,0.05344389177817017,0.7242752016377985,166
age_mean,-0.27336381361012474,0.06603205408311091,167
age_sd,-0.2426483334708294,0.10420182101418479,167
age_sq_mean,-0.29608910841826674,0.04572130343937471,167
age_sq_sd,-0.27660549255201355,0.06275952168587237,167
english_mean,-0.43248880539751117,0.0026844426270420706,167
entry_recency_mean,-0.13385566654566974,0.375149383336524,167
entry_recency_sd,0.28195960871902104,0.05763910952634234,167
hours_mean,-0.13537718966536633,0.36969571016199004,167
hours_sd,-0.08768861866461196,0.5622627345457127,167
prop_educ_<HS,,,167
prop_educ_BAplus,,,167
prop_educ_HS,,,167
prop_educ_SomeCollege,,,167
prop_female,-0.1321110789711379,0.38146130151783014,167
prop_married,0.1123153105197611,0.45738986755870575,167
age_mean,-0.25382879444575746,0.0887224328426809,168
age_sd,-0.3043558355341367,0.039733982373669846,168
age_sq_mean,-0.24654505664408005,0.09858778032841974,168
age_sq_sd,-0.3176138649943179,0.03148275663361938,168
english_mean,-0.4449646025008247,0.0019453097993702945,168
entry_recency_mean,-0.12823551536401845,0.39570634004979627,168
entry_recency_sd,0.19032677694107072,0.20517239181533076,168
hours_mean,0.0636587518722593,0.6742668228162834,168
hours_sd,0.1289210068063456,0.39316441683991277,168
prop_educ_<HS,,,168
prop_educ_BAplus,,,168
prop_educ_HS,,,168
prop_educ_SomeCollege,,,168
prop_female,0.06412801198611778,0.6720005905813499,168
prop_married,0.19331748591448317,0.19800991395897682,168
age_mean,-0.36327507727127045,0.013084188119416303,169
age_sd,-0.35119990758281144,0.016702801457539922,169
age_sq_mean,-0.3970946471788746,0.006286360981895599,169
age_sq_sd,-0.36078708364398365,0.01376934949054255,169
english_mean,-0.46816004898207886,0.0010342208203314458,169
entry_recency_mean,-0.029340830233879664,0.8465171281079229,169
entry_recency_sd,0.18483311249610015,0.21879892466267165,169
hours_mean,0.04092695297692842,0.7871186603383152,169
hours_sd,0.10327271797598367,0.4946175298083754,169
prop_educ_<HS,,,169
prop_educ_BAplus,0.48202988802347274,0.0006936596697045674,169
prop_educ_HS,,,169
prop_educ_SomeCollege,,,169
prop_female,0.023108204192316985,0.8788442492658745,169
prop_married,0.09090078406152155,0.5479744559381295,169
age_mean,-0.300161923458153,0.042685785341532494,170
age_sd,-0.2514314237978388,0.09188085076924347,170
age_sq_mean,-0.30493405149405783,0.0393404613193705,170
age_sq_sd,-0.2993673041036998,0.04326473892620741,170
english_mean,-0.4720374580359678,0.0009265091245796004,170
entry_recency_mean,-0.03522246417916229,0.816236654853567,170
entry_recency_sd,0.07738494770168047,0.60922941380009,170
hours_mean,0.049271265003631506,0.7450486942892424,170
hours_sd,0.1056803469400816,0.4845554249248959,170
prop_educ_<HS,,,170
prop_educ_BAplus,0.5384138908633844,0.00011351823109441394,170
prop_educ_HS,,,170
prop_educ_SomeCollege,,,170
prop_female,0.06293560127378565,0.6777647739179633,170
prop_married,0.1146594832448031,0.44799347323316313,170
age_mean,-0.32207606467652106,0.029047439099081106,171
age_sd,-0.29757357438902887,0.04459520176698861,171
age_sq_mean,-0.3254691640896009,0.027302176779857582,171
age_sq_sd,-0.331035911479959,0.024628418742834907,171
english_mean,-0.49812577701636074,0.00042703906849477337,171
entry_recency_mean,-0.1368592594948533,0.36442945508819957,171
entry_recency_sd,0.18765346051977846,0.211726963535596,171
hours_mean,0.06922286750473101,0.6475843152299653,171
hours_sd,0.10335594321431453,0.4942679202276164,171
prop_educ_<HS,,,171
prop_educ_BAplus,,,171
prop_educ_HS,,,171
prop_educ_SomeCollege,,,171
prop_female,-0.13217674034418547,0.3812226054071993,171
prop_married,0.1241636651095117,0.41100192539992675,171
age_mean,-0.4077594914129021,0.0049106016702793135,172
age_sd,-0.29899618761100927,0.04353731720299967,172
age_sq_mean,-0.4049499462741576,0.005244754000004329,172
age_sq_sd,-0.31847980347726246,0.03099737702699893,172
english_mean,-0.4811933907991669,0.0007109122193475431,172
entry_recency_mean,-0.04569820519640944,0.7629812859320774,172
entry_recency_sd,0.27653295422191954,0.06283130689304192,172
hours_mean,-0.0066532749206605415,0.9649974292250869,172
hours_sd,0.07772277225587301,0.6076631306427964,172
prop_educ_<HS,,,172
prop_educ_BAplus,0.5083752103585483,0.0003096072505243992,172
prop_educ_HS,,,172
prop_educ_SomeCollege,,,172
prop_female,0.011740722990518614,0.9382730299400455,172
prop_married,-0.035132544290184115,0.8166977196494432,172
age_mean,-0.36894668166652844,0.011630284210508993,173
age_sd,-0.30177956130618827,0.041526721382374815,173
age_sq_mean,-0.38589929964937664,0.008079373586612985,173
age_sq_sd,-0.33072664773605015,0.02477098632767046,173
english_mean,-0.44515048675407,0.0019358204403474354,173
entry_recency_mean,-0.09711396215674548,0.5208390110274467,173
entry_recency_sd,0.24887198194910193,0.0953483136386974,173
hours_mean,-0.01748472740922556,0.9081817076521355,173
hours_sd,0.025764053331534708,0.8650420057628051,173
prop_educ_<HS,,,173
prop_educ_BAplus,0.4961404415331434,0.0004539583708584293,173
prop_educ_HS,,,173
prop_educ_SomeCollege,,,173
prop_female,0.012556924197784012,0.9339910012169583,173
prop_married,0.1371761076298314,0.36330949744795493,173
age_mean,-0.23361361552378201,0.11815878639034726,174
age_sd,-0.2709768924128737,0.06852735346608549,174
age_sq_mean,-0.2516788347929658,0.09155091915795165,174
age_sq_sd,-0.3006043590793349,0.04236618066165956,174
english_mean,-0.4889950541179945,0.0005639562500450261,174
entry_recency_mean,-0.06503690787495349,0.6676193835981735,174
entry_recency_sd,0.2646451462926133,0.07551004823550657,174
hours_mean,0.07487415610748356,0.6209242542489091,174
hours_sd,0.08982127070206636,0.5527569387199737,174
prop_educ_<HS,,,174
prop_educ_BAplus,0.5195731755144112,0.00021533149956751366,174
prop_educ_HS,,,174
prop_educ_SomeCollege,,,174
prop_female,-0.12246705060558702,0.4174737740754011,174
prop_married,0.16626312229976753,0.2694518222301735,174
age_mean,-0.2913364712662843,0.04948304826000255,175
age_sd,-0.2919449742498891,0.04898786700606057,175
age_sq_mean,-0.3052433152379666,0.03913129784014258,175
age_sq_sd,-0.3208302079309692,0.029711084012921832,175
english_mean,-0.44995858147114864,0.0017041975576298004,175
entry_recency_mean,-0.14063682276597822,0.35121273845778866,175
entry_recency_sd,0.22196873372444012,0.13818080886540132,175
hours_mean,0.10971906908423215,0.46792011281031726,175
hours_sd,0.18619974160690064,0.21535194799826068,175
prop_educ_<HS,,,175
prop_educ_BAplus,0.49047014174510034,0.0005394616028016633,175
prop_educ_HS,,,175
prop_educ_SomeCollege,,,175
prop_female,0.14419102968613362,0.3390490459640565,175
prop_married,0.12255919413552444,0.4171208046610377,175
age_mean,-0.29416961717435397,0.04721158304422845,176
age_sd,-0.35571515824387967,0.015261218026642449,176
age_sq_mean,-0.30732485902883006,0.037747090491704154,176
age_sq_sd,-0.3807036687517091,0.009051591445475885,176
english_mean,-0.487352525412921,0.000592403653713123,176
entry_recency_mean,0.04242280037447931,0.7795288474327547,176
entry_recency_sd,0.021220728316911346,0.8886752169488822,176
hours_mean,0.057531171478138084,0.7041148044860733,176
hours_sd,0.1787963972985284,0.23448203919242783,176
prop_educ_<HS,,,176
prop_educ_BAplus,0.5225637257518003,0.00019501044685815634,176
prop_educ_HS,,,176
prop_educ_SomeCollege,,,176
prop_female,-0.024637049552834526,0.8708943475993213,176
prop_married,0.25543138743870264,0.08665864696582593,176
age_mean,-0.30574492454887264,0.03879398485006779,177
age_sd,-0.3081503944307092,0.03720937217450496,177
age_sq_mean,-0.32515990034569214,0.02745754241957278,177
age_sq_sd,-0.3254073113408191,0.02733319119240552,177
english_mean,-0.49638942531348573,0.0004505006082676324,177
entry_recency_mean,-0.021463105976840317,0.8874118294078448,177
entry_recency_sd,0.14486360467857903,0.33677699442420855,177
hours_mean,0.09426755083490614,0.5331870245586077,177
hours_sd,0.22614759679066593,0.13072442230964554,177
prop_educ_<HS,,,177
prop_educ_BAplus,,,177
prop_educ_HS,,,177
prop_educ_SomeCollege,,,177
prop_female,-0.0011553371027903958,0.9939199984151199,177
prop_married,0.14859987903876434,0.3243280537874548,177
age_mean,-0.3172720997297515,0.03167604839853013,178
age_sd,-0.2523592150295651,0.0906483459425875,178
age_sq_mean,-0.3268917773115813,0.026596894434594214,178
age_sq_sd,-0.2674512857323136,0.07234926467771585,178
english_mean,-0.46619645492649797,0.001092922449009044,178
entry_recency_mean,-0.05475605299569807,0.7177820893840358,178
entry_recency_sd,0.2715193862452484,0.06795375959112421,178
hours_mean,-0.0848110457867683,0.575208327736399,178
hours_sd,-0.0909347575289515,0.5478242670575875,178
prop_educ_<HS,,,178
prop_educ_BAplus,0.513960423372961,0.0002587230627929544,178
prop_educ_HS,,,178
prop_educ_SomeCollege,,,178
prop_female,-0.04623898036706093,0.760259065983909,178
prop_married,0.0877973405588517,0.5617762941854343,178
age_mean,-0.34289208230134566,0.019657537140434316,179
age_sd,-0.35435439777068106,0.015684090984208598,179
age_sq_mean,-0.36295192985134517,0.013171500427174587,179
age_sq_sd,-0.4000017263716171,0.005881645643189467,179
english_mean,-0.43886362675499935,0.0022805479312862165,179
entry_recency_mean,0.07085823713023781,0.6398225139494045,179
entry_recency_sd,0.08025889136649043,0.5959605711219716,179
hours_mean,0.05102277070499121,0.7363060087606265,179
hours_sd,0.05307620541485739,0.7260981278345466,179
prop_educ_<HS,,,179
prop_educ_BAplus,0.5213924685910439,0.0002027524171189394,179
prop_educ_HS,,,179
prop_educ_SomeCollege,,,179
prop_female,0.08729251685700133,0.5640366211507973,179
prop_married,0.12005001998040321,0.4267930867444799,179
age_mean,-0.30958753497907976,0.0362883040932502,180
age_sd,-0.21790723395812692,0.1457265804593295,180
age_sq_mean,-0.3023362360452241,0.04113385498789996,180
age_sq_sd,-0.24172054223910305,0.10557394073370378,180
english_mean,-0.4455877252514926,0.0019136610222140272,180
entry_recency_mean,-0.17007102235638968,0.2584807553557096,180
entry_recency_sd,0.1490835140440633,0.32273805106448583,180
hours_mean,0.011850283827265643,0.937698139156793,180
hours_sd,0.08167907343213647,0.5894509853846032,180
prop_educ_<HS,,,180
prop_educ_BAplus,0.5052913219103028,0.0003414243718362673,180
prop_educ_HS,,,180
prop_educ_SomeCollege,,,180
prop_female,-0.032498867637308304,0.8302284591137576,180
prop_married,0.2124384682272619,0.156362239119807,180
age_mean,-0.29921865453574037,0.04337375172980529,181
age_sd,-0.33437595991417385,0.023131930890466248,181
age_sq_mean,-0.29175941600354377,0.04913844133041754,181
age_sq_sd,-0.3272628938042718,0.026415426925718615,181
english_mean,-0.4870989049727256,0.0005969092223751672,181
entry_recency_mean,-0.07185536914313385,0.6351084620145007,181
entry_recency_sd,0.09194978190080001,0.543346162639788,181
hours_mean,0.0360459025033015,0.8120173442925578,181
hours_sd,0.018834742794460853,0.901126200009589,181
prop_educ_<HS,,,181
prop_educ_BAplus,,,181
prop_educ_HS,,,181
prop_educ_SomeCollege,,,181
prop_female,-0.08556135133994078,0.5718197827896287,181
prop_married,0.13449899170898447,0.3728376501687756,181
age_mean,-0.379997570686482,0.00919119958024311,182
age_sd,-0.2949757589401951,0.04658096718567292,182
age_sq_mean,-0.3979605856618191,0.006163351418263483,182
age_sq_sd,-0.32652066081889075,0.026779400143761407,182
english_mean,-0.4951993200350111,0.00046724513373127196,182
entry_recency_mean,-0.07034450840054483,0.6422567292992097,182
entry_recency_sd,0.2583528502716248,0.08299292639933714,182
hours_mean,0.053245638834193226,0.7252579190970293,182
hours_sd,0.14480621555988757,0.3369704930858639,182
prop_educ_<HS,,,182
prop_educ_BAplus,0.5882115783494672,1.7165828458099776e-05,182
prop_educ_HS,,,182
prop_educ_SomeCollege,,,182
prop_female,-0.047322803050461465,0.7548118387260395,182
prop_married,0.15388591506430932,0.30721664131288945,182
age_mean,-0.2593736409874969,0.0817410762685486,183
age_sd,-0.27555399582272366,0.06380652598446677,183
age_sq_mean,-0.28767713458394784,0.052547026879071215,183
age_sq_sd,-0.304377376755022,0.039719264288418786,183
english_mean,-0.4997682378817511,0.0004058653927337551,183
entry_recency_mean,-0.09294995433860158,0.538950864222412,183
entry_recency_sd,0.13769271073742406,0.36148793392558165,183
hours_mean,0.023949571579531072,0.8744676803928453,183
hours_sd,0.09528709778281426,0.5287477569482767,183
prop_educ_<HS,,,183
prop_educ_BAplus,0.5203172206781607,0.00021010392781443458,183
prop_educ_HS,,,183
prop_educ_SomeCollege,,,183
prop_female,0.058727310837003006,0.698251931265589,183
prop_married,0.20485624922834816,0.1720332050832162,183
age_mean,-0.3249734794170891,0.027551550327574826,184
age_sd,-0.2981085152640528,0.04419497942745377,184
age_sq_mean,-0.35138546582915675,0.016641362752216025,184
age_sq_sd,-0.32503619484812857,0.027519894471336265,184
english_mean,-0.5047708875292226,0.00034707581771729087,184
entry_recency_mean,-0.03256166677464669,0.8299052404361411,184
entry_recency_sd,0.22692080383658586,0.1293784636461418,184
hours_mean,0.05836494848460073,0.7000262331867736,184
hours_sd,0.1307768754263986,0.38633063395002704,184
prop_educ_<HS,,,184
prop_educ_BAplus,0.49812162183550934,0.00042709387354392873,184
prop_educ_HS,,,184
prop_educ_SomeCollege,,,184
prop_female,-0.008846329065491366,0.9534709421474332,184
prop_married,0.14254672617545938,0.3446435964635477,184
age_mean,-0.3892185864624623,0.00750666443859072,185
age_sd,-0.3714876091832275,0.011025212863905868,185
age_sq_mean,-0.41094966290598794,0.004553848404468749,185
age_sq_sd,-0.3661682727879965,0.012324237841234873,185
english_mean,-0.444307414114755,0.001979190451197419,185
entry_recency_mean,0.012383156981313944,0.934902484136864,185
entry_recency_sd,0.13011126918932153,0.38877347340407925,185
hours_mean,0.030880713742082698,0.8385662972397543,185
hours_sd,0.16172897343408763,0.28291207019091186,185
prop_educ_<HS,,,185
prop_educ_BAplus,0.5328327369822329,0.00013776651915754608,185
prop_educ_HS,,,185
prop_educ_SomeCollege,,,185
prop_female,0.06103567186835213,0.6869867698661949,185
prop_married,0.21139153703973454,0.15846150570140513,185
age_mean,-0.32432396546755454,0.027881181525106602,186
age_sd,-0.3024599415427876,0.041046965403338666,186
age_sq_mean,-0.3304173839921414,0.024914243236713915,186
age_sq_sd,-0.3302936784945779,0.024971739576419686,186
english_mean,-0.49845066490977397,0.000422773501410067,186
entry_recency_mean,-0.03816990201928719,0.8011585130471441,186
entry_recency_sd,0.23712713684272918,0.11257190635831876,186
hours_mean,0.0018266285385024354,0.9903874386401521,186
hours_sd,0.036468943291682675,0.8098517163049505,186
prop_educ_<HS,,,186
prop_educ_BAplus,0.5141891285476816,0.00025681088676914835,186
prop_educ_HS,,,186
prop_educ_SomeCollege,,,186
prop_female,-0.05586875389256983,0.7122913477036102,186
prop_married,0.12255090798984035,0.4171525390144456,186
age_mean,-0.3143107413326125,0.033392384286770445,187
age_sd,-0.35682850772195135,0.01492247521306563,187
age_sq_mean,-0.3359222786337177,0.0224653684777883,187
age_sq_sd,-0.3753843323564781,0.010149778690941724,187
english_mean,-0.46044595968332586,0.0012823129574214725,187
entry_recency_mean,-0.1578295595367201,0.29483388471014044,187
entry_recency_sd,0.16320351022392432,0.2784872984447118,187
hours_mean,0.05971737262621774,0.693412243213443,187
hours_sd,0.07332869485331145,0.6281692578553557,187
prop_educ_<HS,,,187
prop_educ_BAplus,0.5232717254881492,0.00019046157536009543,187
prop_educ_HS,,,187
prop_educ_SomeCollege,,,187
prop_female,-0.05233693871684287,0.7297678132174721,187
prop_married,0.19676162792547802,0.1899824427902306,187
age_mean,-0.2923830826262511,0.04863383964960471,188
age_sd,-0.3433446084875284,0.019485954555049,188
age_sq_mean,-0.3165005155162462,0.03211604652730177,188
age_sq_sd,-0.3600448506586026,0.013979580937898905,188
english_mean,-0.5091533519506132,0.0003020144204945065,188
entry_recency_mean,-0.06187144630416996,0.682924397588249,188
entry_recency_sd,0.08393935690506937,0.5791565329537902,188
hours_mean,-0.03363979741621092,0.8243606242520527,188
hours_sd,-0.025121513382981218,0.8683777529611342,188
prop_educ_<HS,,,188
prop_educ_BAplus,0.487858236701371,0.0005835107636647741,188
prop_educ_HS,,,188
prop_educ_SomeCollege,,,188
prop_female,-0.06842950607213229,0.651363206192546,188
prop_married,0.12953016836891518,0.3909135739325668,188
age_mean,-0.35646561231368185,0.015032178738235553,189
age_sd,-0.318603508974826,0.03092854594299235,189
age_sq_mean,-0.3807036687517091,0.009051591445475885,189
age_sq_sd,-0.3679001497538856,0.011887639710018844,189
english_mean,-0.47830308193340854,0.0007735249857926437,189
entry_recency_mean,-0.06654507731564052,0.6603735935623268,189
entry_recency_sd,0.07759666612693314,0.6082476037821676,189
hours_mean,0.017233431798292703,0.9094958282322567,189
hours_sd,0.09417661819304947,0.5335838414094012,189
prop_educ_<HS,,,189
prop_educ_BAplus,0.5224600599694926,0.0001956846999160236,189
prop_educ_HS,,,189
prop_educ_SomeCollege,,,189
prop_female,-0.07210508817479111,0.6339301108785437,189
prop_married,0.07701938524826234,0.6109262503437658,189
age_mean,-0.291004203802431,0.04975514352766138,190
age_sd,-0.3167479265113733,0.03197441234789277,190
age_sq_mean,-0.3122326758503051,0.034642069261780546,190
age_sq_sd,-0.3311596169775225,0.02457158415514258,190
english_mean,-0.4766247080765559,0.0008121096305875826,190
entry_recency_mean,-0.09284558830384748,0.539408699726364,190
entry_recency_sd,0.15080630223622635,0.31711415878684174,190
hours_mean,-0.051789353743507134,0.7324898618179398,190
hours_sd,-0.05678432545236087,0.7077841215488351,190
prop_educ_<HS,,,190
prop_educ_BAplus,0.5319874842367703,0.00014182384032697891,190
prop_educ_HS,,,190
prop_educ_SomeCollege,,,190
prop_female,0.03433383212953748,0.8207957925874718,190
prop_married,0.18242949760042512,0.22495387017980475,190
age_mean,-0.277447102440784,0.061931426270426956,191
age_sd,-0.3477159494878873,0.017892534165948784,191
age_sq_mean,-0.2958416974231397,0.04591121603225131,191
age_sq_sd,-0.349282472370577,0.017349003708063887,191
english_mean,-0.4396110761933493,0.0022369037000887024,191
entry_recency_mean,-0.0584939196404317,0.6993945460366088,191
entry_recency_sd,0.1457649922968283,0.33374684479400024,191
hours_mean,-0.026235275060059206,0.8625971288270632,191
hours_sd,-0.010453436887566121,0.9450299640084784,191
prop_educ_<HS,,,191
prop_educ_BAplus,0.521642029824752,0.00020107984999894534,191
prop_educ_HS,,,191
prop_educ_SomeCollege,,,191
prop_female,-0.06841248027547508,0.6514443977170526,191
prop_married,0.1719918867255591,0.2530615552644103,191
age_mean,-0.3626762177257815,0.013246388682198407,192
age_sd,-0.38930120083237324,0.007492870338449185,192
age_sq_mean,-0.36635383103434177,0.012276813067550567,192
age_sq_sd,-0.4240624456477202,0.0033144415819489985,192
english_mean,-0.4952173963856517,0.0004669866691183772,192
entry_recency_mean,-0.08206430171789446,0.5876907167095005,192
entry_recency_sd,0.11356514867202011,0.45236677188747243,192
hours_mean,0.025594270027250576,0.8659232128478268,192
hours_sd,0.10828325415810684,0.4737989114780123,192
prop_educ_<HS,,,192
prop_educ_BAplus,,,192
prop_educ_HS,,,192
prop_educ_SomeCollege,,,192
prop_female,0.00739691555021483,0.9610880157098529,192
prop_married,0.15383298452489366,0.30738506732418985,192
age_mean,-0.39108131775376276,0.0072009278561841385,193
age_sd,-0.3810129324956179,0.008991022348869027,193
age_sq_mean,-0.41775346527198115,0.0038678202698668304,193
age_sq_sd,-0.4114444848962419,0.004500593478551865,193
english_mean,-0.46328524342293786,0.001185430147808644,193
entry_recency_mean,-0.09129482484473704,0.546233700958609,193
entry_recency_sd,0.04988885717138714,0.7419622824904913,193
hours_mean,-6.187755820359469e-05,0.9996743641694034,193
hours_sd,0.03432827557387467,0.820824319128617,193
prop_educ_<HS,,,193
prop_educ_BAplus,0.48496945144324227,0.0006359701276281923,193
prop_educ_HS,,,193
prop_educ_SomeCollege,,,193
prop_female,0.17127208586437093,0.25508325581774555,193
prop_married,0.13404996681692588,0.3744502826639021,193
age_mean,-0.31119823643921385,0.03527837784201955,194
age_sd,-0.3403756765460041,0.02063507672771816,194
age_sq_mean,-0.35398328127799045,0.015801131948662842,194
age_sq_sd,-0.3502721163510851,0.017012886203542132,194
english_mean,-0.46263533437059823,0.0012070112374152197,194
entry_recency_mean,-0.2424547223155371,0.10448701934889552,194
entry_recency_sd,0.30062289945367515,0.042352830322342654,194
hours_mean,0.18209441513153407,0.2258213053786826,194
hours_sd,0.17920951874923297,0.23338489667001938,194
prop_educ_<HS,,,194
prop_educ_BAplus,0.5130432087830539,0.0002665218868115743,194
prop_educ_HS,,,194
prop_educ_SomeCollege,,,194
prop_female,-0.0764732099102713,0.6134652011576274,194
prop_married,0.14852918701668527,0.3245608732807423,194
age_mean,-0.3322623452768149,0.024069782521993884,195
age_sd,-0.28427523340095134,0.05553105809155889,195
age_sq_mean,-0.359178912175658,0.01422830159553447,195
age_sq_sd,-0.29646022491095725,0.04543763291479671,195
english_mean,-0.4340048560255559,0.0025830644779244053,195
entry_recency_mean,-0.02903312113556901,0.8481077490216062,195
entry_recency_sd,0.12486902698589665,0.40832829742296234,195
hours_mean,-0.07957899758462751,0.5990881052336193,195
hours_sd,-0.024096104176607975,0.8737058320751099,195
prop_educ_<HS,,,195
prop_educ_BAplus,0.5141471881141592,0.0002571605852466095,195
prop_educ_HS,,,195
prop_educ_SomeCollege,,,195
prop_female,0.02356416332924171,0.8764720192412372,195
prop_married,0.14209742447088664,0.3461821262382261,195
age_mean,-0.2615914077756362,0.079072293373507,196
age_sd,-0.20423777647735883,0.17335975482349447,196
age_sq_mean,-0.2824196509374986,0.05721527249049493,196
age_sq_sd,-0.21920614168254385,0.14328097595020275,196
english_mean,-0.41635231086110847,0.004001177921894268,196
entry_recency_mean,-0.04933773463763007,0.7447163220371146,196
entry_recency_sd,0.10237577014091223,0.4983934810681214,196
hours_mean,0.13385355128550153,0.3751569984145854,196
hours_sd,0.1568991737580755,0.29772570022851036,196
prop_educ_<HS,,,196
prop_educ_BAplus,0.4476765611895457,0.001810870437563101,196
prop_educ_HS,,,196
prop_educ_SomeCollege,,,196
prop_female,-0.027389571704644216,0.8566136113301874,196
prop_married,0.2416791783791612,0.10563543480174321,196
age_mean,-0.4182896330922379,0.00381782991910295,197
age_sd,-0.35119990758281144,0.016702801457539922,197
age_sq_mean,-0.4455872022237714,0.001913687394602058,197
age_sq_sd,-0.3791573500321653,0.009359739499368865,197
english_mean,-0.4688039001678056,0.0010155953336042612,197
entry_recency_mean,-0.010746373986075915,0.9434919915537526,197
entry_recency_sd,0.12017119990516303,0.4263230860138708,197
hours_mean,0.0979077137600207,0.517421181353231,197
hours_sd,0.15273532577376547,0.3108911374354811,197
prop_educ_<HS,,,197
prop_educ_BAplus,0.5543084257800752,6.417107271624617e-05,197
prop_educ_HS,,,197
prop_educ_SomeCollege,,,197
prop_female,-0.0495175244554508,0.7438175378935897,197
prop_married,0.12313973885978727,0.41490085228643486,197
age_mean,-0.2930326166086008,0.048112782236145575,198
age_sd,-0.40828999470837235,0.004849636810622836,198
age_sq_mean,-0.31606754627477396,0.03236515510196633,198
age_sq_sd,-0.43643299540407143,0.0024277246475808804,198
english_mean,-0.40321006615396593,0.005461481049325825,198
entry_recency_mean,-0.10673697839285883,0.4801735576563879,198
entry_recency_sd,0.3396858197570268,0.020910098758718562,198
hours_mean,0.03694432275425077,0.8074198333378667,198
hours_sd,0.14218608175530273,0.34587820589537815,198
prop_educ_<HS,,,198
prop_educ_BAplus,0.47505040112130925,0.000849858866040313,198
prop_educ_HS,,,198
prop_educ_SomeCollege,,,198
prop_female,-0.15171105089901665,0.31418569079821346,198
prop_married,0.26088773376718294,0.07991155389088789,198
age_mean,-0.31084623950904666,0.03549708287077539,199
age_sd,-0.253410711758855,0.08926706929113976,199
age_sq_mean,-0.3286236542774705,0.025758856518269937,199
age_sq_sd,-0.3095730076526895,0.03629751996398137,199
english_mean,-0.438174115294631,0.0023214749037460676,199
entry_recency_mean,-0.07543843135946249,0.6182877484455953,199
entry_recency_sd,0.2241922011774166,0.1341750332244351,199
hours_mean,0.043046470488907536,0.776370333958927,199
hours_sd,0.07541012826148527,0.6184198785448279,199
prop_educ_<HS,,,199
prop_educ_BAplus,0.45935299795675505,0.0013214478129007286,199
prop_educ_HS,,,199
prop_educ_SomeCollege,,,199
prop_female,-0.01646008894868299,0.9135414181411831,199
prop_married,0.13821954122127783,0.3596360126226933,199
