tau_B,alpha,experiment,o,method,coverage_mean,width_mean,width_median,width_std,n_infinite,base_seed
0.0,0.05,0,0,Donor-HCP-no-within,1.0,,,,100,12345
0.0,0.05,0,0,Donor-HCP-within,1.0,,,,100,12345
0.0,0.05,0,0,HCP,1.0,,,,100,12345
0.0,0.05,0,0,Pooling,0.97,8.466092647319034,8.466092647319034,1.4170425459125113e-15,0,12345
0.0,0.05,0,0,Repeated,1.0,,,,100,12345
0.0,0.05,0,0,S-HCP-within,1.0,,,,100,12345
0.0,0.05,0,0,Std-CP,1.0,,,,100,12345
0.0,0.05,0,0,Subsampling,1.0,,,,100,12345
0.0,0.05,0,5,Donor-HCP-no-within,1.0,,,,100,12345
0.0,0.05,0,5,Donor-HCP-within,1.0,,,,100,12345
0.0,0.05,0,5,HCP,1.0,,,,100,12345
0.0,0.05,0,5,Pooling,0.97,8.466092647319034,8.466092647319034,1.4170425459125113e-15,0,12345
0.0,0.05,0,5,Repeated,1.0,,,,100,12345
0.0,0.05,0,5,S-HCP-within,1.0,15.642912030416644,15.13035623750773,1.325788582061605,0,12345
0.0,0.05,0,5,Std-CP,0.72,5.790753265216846,4.930612922275902,4.015984585901505,0,12345
0.0,0.05,0,5,Subsampling,1.0,,,,100,12345
0.0,0.05,0,10,Donor-HCP-no-within,0.99,11.960671477503858,11.794872051027795,0.6214990295680565,0,12345
0.0,0.05,0,10,Donor-HCP-within,1.0,,,,100,12345
0.0,0.05,0,10,HCP,1.0,,,,100,12345
0.0,0.05,0,10,Pooling,0.97,8.466092647319034,8.466092647319034,1.4170425459125113e-15,0,12345
0.0,0.05,0,10,Repeated,1.0,,,,100,12345
0.0,0.05,0,10,S-HCP-within,0.99,15.556126467767601,15.13035623750773,1.0610581871146147,0,12345
0.0,0.05,0,10,Std-CP,0.89,65.20046890410991,12.494238042114382,377.13284667359983,0,12345
0.0,0.05,0,10,Subsampling,1.0,,,,100,12345
0.0,0.05,0,15,Donor-HCP-no-within,0.98,8.789205206957634,8.591896988442826,0.5859930006552654,0,12345
0.0,0.05,0,15,Donor-HCP-within,1.0,10.39121155075867,10.713539209615888,0.9446244418065075,0,12345
0.0,0.05,0,15,HCP,1.0,,,,100,12345
0.0,0.05,0,15,Pooling,0.97,8.466092647319034,8.466092647319034,1.4170425459125113e-15,0,12345
0.0,0.05,0,15,Repeated,1.0,,,,100,12345
0.0,0.05,0,15,S-HCP-within,1.0,15.628317322059447,15.13035623750773,0.9116157893467612,0,12345
0.0,0.05,0,15,Std-CP,0.92,9.058537450961234,8.012474322916244,4.55040311241369,0,12345
0.0,0.05,0,15,Subsampling,1.0,,,,100,12345
0.0,0.05,0,20,Donor-HCP-no-within,0.94,7.779178341711023,7.654526296981207,0.45974533969997916,0,12345
0.0,0.05,0,20,Donor-HCP-within,0.97,6.998338000916683,7.023184003715308,0.2387919778081385,0,12345
0.0,0.05,0,20,HCP,1.0,,,,100,12345
0.0,0.05,0,20,Pooling,0.97,8.466092647319034,8.466092647319034,1.4170425459125113e-15,0,12345
0.0,0.05,0,20,Repeated,1.0,,,,100,12345
0.0,0.05,0,20,S-HCP-within,1.0,14.99171073162024,14.784822231866436,0.6958504249988997,0,12345
0.0,0.05,0,20,Std-CP,0.9,7.189696410084549,6.4732944757940185,3.177496907679578,0,12345
0.0,0.05,0,20,Subsampling,1.0,,,,100,12345
0.0,0.05,0,25,Donor-HCP-no-within,0.97,8.046636261327562,7.415009189608159,2.3499763930409627,0,12345
0.0,0.05,0,25,Donor-HCP-within,1.0,,,,100,12345
0.0,0.05,0,25,HCP,1.0,,,,100,12345
0.0,0.05,0,25,Pooling,0.97,8.466092647319034,8.466092647319034,1.4170425459125113e-15,0,12345
0.0,0.05,0,25,Repeated,1.0,,,,100,12345
0.0,0.05,0,25,S-HCP-within,1.0,,,,100,12345
0.0,0.05,0,25,Std-CP,0.92,7.03888249796918,6.350099255421316,2.4921361374448354,0,12345
0.0,0.05,0,25,Subsampling,1.0,,,,100,12345
0.0,0.05,0,30,Donor-HCP-no-within,0.98,8.32846953770379,8.169142914860139,2.281034990966871,0,12345
0.0,0.05,0,30,Donor-HCP-within,1.0,,,,100,12345
0.0,0.05,0,30,HCP,1.0,,,,100,12345
0.0,0.05,0,30,Pooling,0.97,8.466092647319034,8.466092647319034,1.4170425459125113e-15,0,12345
0.0,0.05,0,30,Repeated,1.0,,,,100,12345
0.0,0.05,0,30,S-HCP-within,1.0,,,,100,12345
0.0,0.05,0,30,Std-CP,0.96,6.693642164881961,6.4915733319024,2.1735217340364437,0,12345
0.0,0.05,0,30,Subsampling,1.0,,,,100,12345
0.0,0.05,0,35,Donor-HCP-no-within,0.98,8.520653297224754,8.528041466981113,2.216889808644349,0,12345
0.0,0.05,0,35,Donor-HCP-within,1.0,,,,100,12345
0.0,0.05,0,35,HCP,1.0,,,,100,12345
0.0,0.05,0,35,Pooling,0.97,8.466092647319034,8.466092647319034,1.4170425459125113e-15,0,12345
0.0,0.05,0,35,Repeated,1.0,,,,100,12345
0.0,0.05,0,35,S-HCP-within,1.0,,,,100,12345
0.0,0.05,0,35,Std-CP,0.98,6.627126824458003,6.468209466091412,1.7879871520386927,0,12345
0.0,0.05,0,35,Subsampling,1.0,,,,100,12345
0.0,0.05,1,0,Donor-HCP-no-within,1.0,,,,100,12345
0.0,0.05,1,0,Donor-HCP-within,1.0,,,,100,12345
0.0,0.05,1,0,HCP,1.0,,,,100,12345
0.0,0.05,1,0,Pooling,0.82,6.978220404850397,6.978220404850397,7.361004375023832e-16,0,12345
0.0,0.05,1,0,Repeated,1.0,,,,100,12345
0.0,0.05,1,0,S-HCP-within,1.0,,,,100,12345
0.0,0.05,1,0,Std-CP,1.0,,,,100,12345
0.0,0.05,1,0,Subsampling,1.0,,,,100,12345
0.0,0.05,1,5,Donor-HCP-no-within,1.0,,,,100,12345
0.0,0.05,1,5,Donor-HCP-within,1.0,,,,100,12345
0.0,0.05,1,5,HCP,1.0,,,,100,12345
0.0,0.05,1,5,Pooling,0.82,6.978220404850397,6.978220404850397,7.361004375023832e-16,0,12345
0.0,0.05,1,5,Repeated,1.0,,,,100,12345
0.0,0.05,1,5,S-HCP-within,0.83,9.309909247476277,8.882417090426227,1.9378581465176072,0,12345
0.0,0.05,1,5,Std-CP,0.76,6.511353673027924,4.9916469644734445,4.632679968701197,0,12345
0.0,0.05,1,5,Subsampling,1.0,,,,100,12345
0.0,0.05,1,10,Donor-HCP-no-within,0.99,11.776621535457636,11.424253064936273,1.463749724206086,0,12345
0.0,0.05,1,10,Donor-HCP-within,1.0,,,,100,12345
0.0,0.05,1,10,HCP,1.0,,,,100,12345
0.0,0.05,1,10,Pooling,0.82,6.978220404850397,6.978220404850397,7.361004375023832e-16,0,12345
0.0,0.05,1,10,Repeated,1.0,,,,100,12345
0.0,0.05,1,10,S-HCP-within,0.85,9.308145426926393,8.900214979040719,1.8281094487862881,0,12345
0.0,0.05,1,10,Std-CP,0.87,28.156376447360053,12.618234207060667,42.80618808053343,0,12345
0.0,0.05,1,10,Subsampling,1.0,,,,100,12345
0.0,0.05,1,15,Donor-HCP-no-within,0.95,9.260867243055301,9.10946236266859,1.1539800430397378,0,12345
0.0,0.05,1,15,Donor-HCP-within,0.99,11.614401039415977,12.11946934259852,1.4524197104296208,0,12345
0.0,0.05,1,15,HCP,1.0,,,,100,12345
0.0,0.05,1,15,Pooling,0.82,6.978220404850397,6.978220404850397,7.361004375023832e-16,0,12345
0.0,0.05,1,15,Repeated,1.0,,,,100,12345
0.0,0.05,1,15,S-HCP-within,0.88,9.452712059529818,8.91801286765521,1.6540175307372844,0,12345
0.0,0.05,1,15,Std-CP,0.91,8.579863554469249,7.904981023056854,4.100754764838619,0,12345
0.0,0.05,1,15,Subsampling,1.0,,,,100,12345
0.0,0.05,1,20,Donor-HCP-no-within,0.89,7.991448837645224,7.878392346665695,1.0342822477609384,0,12345
0.0,0.05,1,20,Donor-HCP-within,0.93,6.74171857210303,6.745777101842872,0.4791877740203161,0,12345
0.0,0.05,1,20,HCP,1.0,,,,100,12345
0.0,0.05,1,20,Pooling,0.82,6.978220404850397,6.978220404850397,7.361004375023832e-16,0,12345
0.0,0.05,1,20,Repeated,1.0,,,,100,12345
0.0,0.05,1,20,S-HCP-within,0.82,8.935822128127748,8.400158143430602,1.319523761040378,0,12345
0.0,0.05,1,20,Std-CP,0.93,7.0091166469503845,6.710581847215553,2.735281661819774,0,12345
0.0,0.05,1,20,Subsampling,1.0,,,,100,12345
0.0,0.05,1,25,Donor-HCP-no-within,0.92,7.351526583640262,6.548903947195631,2.74710778229594,0,12345
0.0,0.05,1,25,Donor-HCP-within,1.0,,,,100,12345
0.0,0.05,1,25,HCP,1.0,,,,100,12345
0.0,0.05,1,25,Pooling,0.82,6.978220404850397,6.978220404850397,7.361004375023832e-16,0,12345
0.0,0.05,1,25,Repeated,1.0,,,,100,12345
0.0,0.05,1,25,S-HCP-within,1.0,,,,100,12345
0.0,0.05,1,25,Std-CP,0.93,6.574813832656006,6.272867221792687,2.324785875325862,0,12345
0.0,0.05,1,25,Subsampling,1.0,,,,100,12345
0.0,0.05,1,30,Donor-HCP-no-within,0.94,7.560721028016434,6.6459957420956,2.735083697129816,0,12345
0.0,0.05,1,30,Donor-HCP-within,1.0,,,,100,12345
0.0,0.05,1,30,HCP,1.0,,,,100,12345
0.0,0.05,1,30,Pooling,0.82,6.978220404850397,6.978220404850397,7.361004375023832e-16,0,12345
0.0,0.05,1,30,Repeated,1.0,,,,100,12345
0.0,0.05,1,30,S-HCP-within,1.0,,,,100,12345
0.0,0.05,1,30,Std-CP,0.91,6.093575175543109,5.843261049343787,1.9550569546921552,0,12345
0.0,0.05,1,30,Subsampling,1.0,,,,100,12345
0.0,0.05,1,35,Donor-HCP-no-within,0.94,7.703594538728274,6.725537598818075,2.751010153184729,0,12345
0.0,0.05,1,35,Donor-HCP-within,1.0,,,,100,12345
0.0,0.05,1,35,HCP,1.0,,,,100,12345
0.0,0.05,1,35,Pooling,0.82,6.978220404850397,6.978220404850397,7.361004375023832e-16,0,12345
0.0,0.05,1,35,Repeated,1.0,,,,100,12345
0.0,0.05,1,35,S-HCP-within,1.0,,,,100,12345
0.0,0.05,1,35,Std-CP,0.92,6.39940384340272,6.0419433085261005,2.1228855160522433,0,12345
0.0,0.05,1,35,Subsampling,1.0,,,,100,12345
0.0,0.05,2,0,Donor-HCP-no-within,1.0,,,,100,12345
0.0,0.05,2,0,Donor-HCP-within,1.0,,,,100,12345
0.0,0.05,2,0,HCP,1.0,,,,100,12345
0.0,0.05,2,0,Pooling,0.88,12.706098945119031,12.706098945119031,3.5706115939831736e-16,0,12345
0.0,0.05,2,0,Repeated,1.0,,,,100,12345
0.0,0.05,2,0,S-HCP-within,1.0,,,,100,12345
0.0,0.05,2,0,Std-CP,1.0,,,,100,12345
0.0,0.05,2,0,Subsampling,1.0,,,,100,12345
0.0,0.05,2,5,Donor-HCP-no-within,1.0,,,,100,12345
0.0,0.05,2,5,Donor-HCP-within,1.0,,,,100,12345
0.0,0.05,2,5,HCP,1.0,,,,100,12345
0.0,0.05,2,5,Pooling,0.88,12.706098945119031,12.706098945119031,3.5706115939831736e-16,0,12345
0.0,0.05,2,5,Repeated,1.0,,,,100,12345
0.0,0.05,2,5,S-HCP-within,0.95,10.079827992595707,9.994926534107659,1.348494106273844,0,12345
0.0,0.05,2,5,Std-CP,0.87,6.645079438888813,4.97649969352349,5.653761742645583,0,12345
0.0,0.05,2,5,Subsampling,1.0,,,,100,12345
0.0,0.05,2,10,Donor-HCP-no-within,1.0,12.912704736110614,13.013825207240068,1.865592733766975,0,12345
0.0,0.05,2,10,Donor-HCP-within,1.0,,,,100,12345
0.0,0.05,2,10,HCP,1.0,,,,100,12345
0.0,0.05,2,10,Pooling,0.88,12.706098945119031,12.706098945119031,3.5706115939831736e-16,0,12345
0.0,0.05,2,10,Repeated,1.0,,,,100,12345
0.0,0.05,2,10,S-HCP-within,0.93,9.884528799333056,9.962797083860998,1.088461364169334,0,12345
0.0,0.05,2,10,Std-CP,0.82,91.61776725338403,12.620514527028167,579.785000671272,0,12345
0.0,0.05,2,10,Subsampling,1.0,,,,100,12345
0.0,0.05,2,15,Donor-HCP-no-within,0.97,11.321558915450694,11.120890951088128,1.802158271063973,0,12345
0.0,0.05,2,15,Donor-HCP-within,0.99,10.532282105637776,10.280864984395937,1.0440173222659508,0,12345
0.0,0.05,2,15,HCP,1.0,,,,100,12345
0.0,0.05,2,15,Pooling,0.88,12.706098945119031,12.706098945119031,3.5706115939831736e-16,0,12345
0.0,0.05,2,15,Repeated,1.0,,,,100,12345
0.0,0.05,2,15,S-HCP-within,0.97,9.947584408837525,9.962797083860998,0.9564430045338215,0,12345
0.0,0.05,2,15,Std-CP,0.91,9.689487790217484,7.601874469278604,7.7803089456059675,0,12345
0.0,0.05,2,15,Subsampling,1.0,,,,100,12345
0.0,0.05,2,20,Donor-HCP-no-within,0.94,10.729412500091769,10.983678031546077,2.1771833783406924,0,12345
0.0,0.05,2,20,Donor-HCP-within,0.95,7.398877699452785,7.289365376767567,0.710567632057151,0,12345
0.0,0.05,2,20,HCP,1.0,,,,100,12345
0.0,0.05,2,20,Pooling,0.88,12.706098945119031,12.706098945119031,3.5706115939831736e-16,0,12345
0.0,0.05,2,20,Repeated,1.0,,,,100,12345
0.0,0.05,2,20,S-HCP-within,0.93,9.629511365284836,9.706211448961099,0.7566852911524943,0,12345
0.0,0.05,2,20,Std-CP,0.96,7.303446472474706,6.715361128287364,4.218223686135142,0,12345
0.0,0.05,2,20,Subsampling,1.0,,,,100,12345
0.0,0.05,2,25,Donor-HCP-no-within,1.0,8.01842747487627,7.661455135246175,2.1522921098528935,0,12345
0.0,0.05,2,25,Donor-HCP-within,1.0,,,,100,12345
0.0,0.05,2,25,HCP,1.0,,,,100,12345
0.0,0.05,2,25,Pooling,0.88,12.706098945119031,12.706098945119031,3.5706115939831736e-16,0,12345
0.0,0.05,2,25,Repeated,1.0,,,,100,12345
0.0,0.05,2,25,S-HCP-within,1.0,,,,100,12345
0.0,0.05,2,25,Std-CP,0.94,7.3368673345555315,6.764386316099392,2.8426401118429614,0,12345
0.0,0.05,2,25,Subsampling,1.0,,,,100,12345
0.0,0.05,2,30,Donor-HCP-no-within,1.0,8.201695233020722,7.79763214823058,2.20328784772504,0,12345
0.0,0.05,2,30,Donor-HCP-within,1.0,,,,100,12345
0.0,0.05,2,30,HCP,1.0,,,,100,12345
0.0,0.05,2,30,Pooling,0.88,12.706098945119031,12.706098945119031,3.5706115939831736e-16,0,12345
0.0,0.05,2,30,Repeated,1.0,,,,100,12345
0.0,0.05,2,30,S-HCP-within,1.0,,,,100,12345
0.0,0.05,2,30,Std-CP,1.0,6.945950128119826,6.9053112219049115,2.568048763338558,0,12345
0.0,0.05,2,30,Subsampling,1.0,,,,100,12345
0.0,0.05,2,35,Donor-HCP-no-within,1.0,8.336119179079557,8.080584410532397,2.1864863702949062,0,12345
0.0,0.05,2,35,Donor-HCP-within,1.0,,,,100,12345
0.0,0.05,2,35,HCP,1.0,,,,100,12345
0.0,0.05,2,35,Pooling,0.88,12.706098945119031,12.706098945119031,3.5706115939831736e-16,0,12345
0.0,0.05,2,35,Repeated,1.0,,,,100,12345
0.0,0.05,2,35,S-HCP-within,1.0,,,,100,12345
0.0,0.05,2,35,Std-CP,1.0,6.8172306981875535,6.495735460654028,2.382536181645694,0,12345
0.0,0.05,2,35,Subsampling,1.0,,,,100,12345
0.0,0.05,3,0,Donor-HCP-no-within,1.0,,,,100,12345
0.0,0.05,3,0,Donor-HCP-within,1.0,,,,100,12345
0.0,0.05,3,0,HCP,1.0,,,,100,12345
0.0,0.05,3,0,Pooling,0.95,7.376180026760335,7.376180026760334,1.1466334093198022e-15,0,12345
0.0,0.05,3,0,Repeated,1.0,,,,100,12345
0.0,0.05,3,0,S-HCP-within,1.0,,,,100,12345
0.0,0.05,3,0,Std-CP,1.0,,,,100,12345
0.0,0.05,3,0,Subsampling,1.0,,,,100,12345
0.0,0.05,3,5,Donor-HCP-no-within,1.0,,,,100,12345
0.0,0.05,3,5,Donor-HCP-within,1.0,,,,100,12345
0.0,0.05,3,5,HCP,1.0,,,,100,12345
0.0,0.05,3,5,Pooling,0.95,7.376180026760335,7.376180026760334,1.1466334093198022e-15,0,12345
0.0,0.05,3,5,Repeated,1.0,,,,100,12345
0.0,0.05,3,5,S-HCP-within,0.95,7.0275899328794535,7.006029475366244,0.8902107536294217,0,12345
0.0,0.05,3,5,Std-CP,0.75,5.659246586096779,4.556831302270057,3.8496907411120906,0,12345
0.0,0.05,3,5,Subsampling,1.0,,,,100,12345
0.0,0.05,3,10,Donor-HCP-no-within,1.0,10.391551671389331,10.131339384884349,1.0487576773389293,0,12345
0.0,0.05,3,10,Donor-HCP-within,1.0,,,,100,12345
0.0,0.05,3,10,HCP,1.0,,,,100,12345
0.0,0.05,3,10,Pooling,0.95,7.376180026760335,7.376180026760334,1.1466334093198022e-15,0,12345
0.0,0.05,3,10,Repeated,1.0,,,,100,12345
0.0,0.05,3,10,S-HCP-within,0.95,7.064857548084117,7.059428040362297,0.693328028072712,0,12345
0.0,0.05,3,10,Std-CP,0.76,38.08095158056542,10.904833985261522,150.84032288932997,0,12345
0.0,0.05,3,10,Subsampling,1.0,,,,100,12345
0.0,0.05,3,15,Donor-HCP-no-within,0.97,8.558578146630946,8.664549796159534,0.4583763474139474,0,12345
0.0,0.05,3,15,Donor-HCP-within,1.0,9.511831033714026,9.498128182166305,0.7663688133955505,0,12345
0.0,0.05,3,15,HCP,1.0,,,,100,12345
0.0,0.05,3,15,Pooling,0.95,7.376180026760335,7.376180026760334,1.1466334093198022e-15,0,12345
0.0,0.05,3,15,Repeated,1.0,,,,100,12345
0.0,0.05,3,15,S-HCP-within,0.92,7.080522485979719,7.107612869313964,0.5258260950053141,0,12345
0.0,0.05,3,15,Std-CP,0.9,9.410314527449792,6.870937786084923,14.886311629437389,0,12345
0.0,0.05,3,15,Subsampling,1.0,,,,100,12345
0.0,0.05,3,20,Donor-HCP-no-within,0.96,7.814196542910721,7.628416986533175,0.6669446154401888,0,12345
0.0,0.05,3,20,Donor-HCP-within,0.95,6.475308768287768,6.3275544619904736,0.48878293497561426,0,12345
0.0,0.05,3,20,HCP,1.0,,,,100,12345
0.0,0.05,3,20,Pooling,0.95,7.376180026760335,7.376180026760334,1.1466334093198022e-15,0,12345
0.0,0.05,3,20,Repeated,1.0,,,,100,12345
0.0,0.05,3,20,S-HCP-within,0.89,6.700230952769363,6.631369182891245,0.5296329677084505,0,12345
0.0,0.05,3,20,Std-CP,0.94,6.442618889409979,5.95423892090839,2.6113433723830353,0,12345
0.0,0.05,3,20,Subsampling,1.0,,,,100,12345
0.0,0.05,3,25,Donor-HCP-no-within,0.95,7.339572448483023,6.93888299325007,2.199924609939343,0,12345
0.0,0.05,3,25,Donor-HCP-within,1.0,,,,100,12345
0.0,0.05,3,25,HCP,1.0,,,,100,12345
0.0,0.05,3,25,Pooling,0.95,7.376180026760335,7.376180026760334,1.1466334093198022e-15,0,12345
0.0,0.05,3,25,Repeated,1.0,,,,100,12345
0.0,0.05,3,25,S-HCP-within,1.0,,,,100,12345
0.0,0.05,3,25,Std-CP,0.96,6.630172790695983,6.310933474333597,2.2121253679604655,0,12345
0.0,0.05,3,25,Subsampling,1.0,,,,100,12345
0.0,0.05,3,30,Donor-HCP-no-within,0.97,7.506623219610932,7.128843222605054,2.267058760216096,0,12345
0.0,0.05,3,30,Donor-HCP-within,1.0,,,,100,12345
0.0,0.05,3,30,HCP,1.0,,,,100,12345
0.0,0.05,3,30,Pooling,0.95,7.376180026760335,7.376180026760334,1.1466334093198022e-15,0,12345
0.0,0.05,3,30,Repeated,1.0,,,,100,12345
0.0,0.05,3,30,S-HCP-within,1.0,,,,100,12345
0.0,0.05,3,30,Std-CP,0.93,6.2940029277944065,5.873305074217551,2.0099547930429646,0,12345
0.0,0.05,3,30,Subsampling,1.0,,,,100,12345
0.0,0.05,3,35,Donor-HCP-no-within,0.99,7.711153888873274,7.414896497786593,2.282986673475549,0,12345
0.0,0.05,3,35,Donor-HCP-within,1.0,,,,100,12345
0.0,0.05,3,35,HCP,1.0,,,,100,12345
0.0,0.05,3,35,Pooling,0.95,7.376180026760335,7.376180026760334,1.1466334093198022e-15,0,12345
0.0,0.05,3,35,Repeated,1.0,,,,100,12345
0.0,0.05,3,35,S-HCP-within,1.0,,,,100,12345
0.0,0.05,3,35,Std-CP,0.94,6.404292782999806,6.27494458142756,1.8380582240356835,0,12345
0.0,0.05,3,35,Subsampling,1.0,,,,100,12345
0.0,0.05,4,0,Donor-HCP-no-within,1.0,,,,100,12345
0.0,0.05,4,0,Donor-HCP-within,1.0,,,,100,12345
0.0,0.05,4,0,HCP,1.0,,,,100,12345
0.0,0.05,4,0,Pooling,0.97,10.583188997749097,10.583188997749097,5.921189464667501e-16,0,12345
0.0,0.05,4,0,Repeated,1.0,,,,100,12345
0.0,0.05,4,0,S-HCP-within,1.0,,,,100,12345
0.0,0.05,4,0,Std-CP,1.0,,,,100,12345
0.0,0.05,4,0,Subsampling,1.0,,,,100,12345
0.0,0.05,4,5,Donor-HCP-no-within,1.0,,,,100,12345
0.0,0.05,4,5,Donor-HCP-within,1.0,,,,100,12345
0.0,0.05,4,5,HCP,1.0,,,,100,12345
0.0,0.05,4,5,Pooling,0.97,10.583188997749097,10.583188997749097,5.921189464667501e-16,0,12345
0.0,0.05,4,5,Repeated,1.0,,,,100,12345
0.0,0.05,4,5,S-HCP-within,0.93,8.420186326340461,8.190700242332888,0.9920917718645229,0,12345
0.0,0.05,4,5,Std-CP,0.73,6.376443419736701,4.634856366139864,5.719143887441193,0,12345
0.0,0.05,4,5,Subsampling,1.0,,,,100,12345
0.0,0.05,4,10,Donor-HCP-no-within,1.0,12.963238388677617,12.637118953930155,1.1434268427226963,0,12345
0.0,0.05,4,10,Donor-HCP-within,1.0,,,,100,12345
0.0,0.05,4,10,HCP,1.0,,,,100,12345
0.0,0.05,4,10,Pooling,0.97,10.583188997749097,10.583188997749097,5.921189464667501e-16,0,12345
0.0,0.05,4,10,Repeated,1.0,,,,100,12345
0.0,0.05,4,10,S-HCP-within,0.95,8.414858678251559,8.307463606205122,0.6130109550617818,0,12345
0.0,0.05,4,10,Std-CP,0.82,36.54282510317558,12.824664304437109,81.01716635624061,0,12345
0.0,0.05,4,10,Subsampling,1.0,,,,100,12345
0.0,0.05,4,15,Donor-HCP-no-within,0.97,10.015973316428227,10.460621079177635,1.2736741018260362,0,12345
0.0,0.05,4,15,Donor-HCP-within,1.0,11.210184828486684,11.622775225084116,1.2370656781488374,0,12345
0.0,0.05,4,15,HCP,1.0,,,,100,12345
0.0,0.05,4,15,Pooling,0.97,10.583188997749097,10.583188997749097,5.921189464667501e-16,0,12345
0.0,0.05,4,15,Repeated,1.0,,,,100,12345
0.0,0.05,4,15,S-HCP-within,0.98,8.495279394065541,8.570701085315804,0.49695274378378973,0,12345
0.0,0.05,4,15,Std-CP,0.88,8.926599403222344,7.286928858371283,5.463502635279924,0,12345
0.0,0.05,4,15,Subsampling,1.0,,,,100,12345
0.0,0.05,4,20,Donor-HCP-no-within,0.92,9.027555969468215,8.899380226827976,1.186154304995784,0,12345
0.0,0.05,4,20,Donor-HCP-within,0.95,6.715572619820262,6.746147704611031,0.39033424193713806,0,12345
0.0,0.05,4,20,HCP,1.0,,,,100,12345
0.0,0.05,4,20,Pooling,0.97,10.583188997749097,10.583188997749097,5.921189464667501e-16,0,12345
0.0,0.05,4,20,Repeated,1.0,,,,100,12345
0.0,0.05,4,20,S-HCP-within,0.96,8.26671771696587,8.190700242332888,0.465095858544002,0,12345
0.0,0.05,4,20,Std-CP,0.93,7.389078116340099,6.3513562159476,3.3486715772118973,0,12345
0.0,0.05,4,20,Subsampling,1.0,,,,100,12345
0.0,0.05,4,25,Donor-HCP-no-within,0.97,7.991108366860868,7.875756640024878,2.300367824276895,0,12345
0.0,0.05,4,25,Donor-HCP-within,1.0,,,,100,12345
0.0,0.05,4,25,HCP,1.0,,,,100,12345
0.0,0.05,4,25,Pooling,0.97,10.583188997749097,10.583188997749097,5.921189464667501e-16,0,12345
0.0,0.05,4,25,Repeated,1.0,,,,100,12345
0.0,0.05,4,25,S-HCP-within,1.0,,,,100,12345
0.0,0.05,4,25,Std-CP,0.93,6.993100811132689,5.992090930407564,3.1908651412335463,0,12345
0.0,0.05,4,25,Subsampling,1.0,,,,100,12345
0.0,0.05,4,30,Donor-HCP-no-within,0.98,8.16909808839892,8.030196703051192,2.3184577635347665,0,12345
0.0,0.05,4,30,Donor-HCP-within,1.0,,,,100,12345
0.0,0.05,4,30,HCP,1.0,,,,100,12345
0.0,0.05,4,30,Pooling,0.97,10.583188997749097,10.583188997749097,5.921189464667501e-16,0,12345
0.0,0.05,4,30,Repeated,1.0,,,,100,12345
0.0,0.05,4,30,S-HCP-within,1.0,,,,100,12345
0.0,0.05,4,30,Std-CP,0.92,6.5339511931966445,5.937658543002735,2.4627827181794038,0,12345
0.0,0.05,4,30,Subsampling,1.0,,,,100,12345
0.0,0.05,4,35,Donor-HCP-no-within,0.98,8.36574814995684,8.178673243762786,2.291190761535012,0,12345
0.0,0.05,4,35,Donor-HCP-within,1.0,,,,100,12345
0.0,0.05,4,35,HCP,1.0,,,,100,12345
0.0,0.05,4,35,Pooling,0.97,10.583188997749097,10.583188997749097,5.921189464667501e-16,0,12345
0.0,0.05,4,35,Repeated,1.0,,,,100,12345
0.0,0.05,4,35,S-HCP-within,1.0,,,,100,12345
0.0,0.05,4,35,Std-CP,0.96,6.388898779952755,5.850771881888576,2.149849802619044,0,12345
0.0,0.05,4,35,Subsampling,1.0,,,,100,12345
0.0,0.05,5,0,Donor-HCP-no-within,1.0,,,,100,12345
0.0,0.05,5,0,Donor-HCP-within,1.0,,,,100,12345
0.0,0.05,5,0,HCP,1.0,,,,100,12345
0.0,0.05,5,0,Pooling,0.93,9.049150297509073,9.049150297509073,7.781967552403668e-16,0,12345
0.0,0.05,5,0,Repeated,1.0,,,,100,12345
0.0,0.05,5,0,S-HCP-within,1.0,,,,100,12345
0.0,0.05,5,0,Std-CP,1.0,,,,100,12345
0.0,0.05,5,0,Subsampling,1.0,,,,100,12345
0.0,0.05,5,5,Donor-HCP-no-within,1.0,,,,100,12345
0.0,0.05,5,5,Donor-HCP-within,1.0,,,,100,12345
0.0,0.05,5,5,HCP,1.0,,,,100,12345
0.0,0.05,5,5,Pooling,0.93,9.049150297509073,9.049150297509073,7.781967552403668e-16,0,12345
0.0,0.05,5,5,Repeated,1.0,,,,100,12345
0.0,0.05,5,5,S-HCP-within,0.93,8.786923096704733,8.715129360783013,0.7390749507086065,0,12345
0.0,0.05,5,5,Std-CP,0.84,6.912704007199237,5.598389621624804,4.975283808746187,0,12345
0.0,0.05,5,5,Subsampling,1.0,,,,100,12345
0.0,0.05,5,10,Donor-HCP-no-within,1.0,11.868698886128593,11.403403418592667,1.2947224296098463,0,12345
0.0,0.05,5,10,Donor-HCP-within,1.0,,,,100,12345
0.0,0.05,5,10,HCP,1.0,,,,100,12345
0.0,0.05,5,10,Pooling,0.93,9.049150297509073,9.049150297509073,7.781967552403668e-16,0,12345
0.0,0.05,5,10,Repeated,1.0,,,,100,12345
0.0,0.05,5,10,S-HCP-within,0.94,8.646071055025605,8.616416768881297,0.6284960414538995,0,12345
0.0,0.05,5,10,Std-CP,0.85,53.77953747930701,11.084779360505884,213.5203752440508,0,12345
0.0,0.05,5,10,Subsampling,1.0,,,,100,12345
0.0,0.05,5,15,Donor-HCP-no-within,1.0,9.677369669772661,9.639438698899987,0.9720022995279215,0,12345
0.0,0.05,5,15,Donor-HCP-within,1.0,10.623863970184733,10.07990553380479,1.3931348398480734,0,12345
0.0,0.05,5,15,HCP,1.0,,,,100,12345
0.0,0.05,5,15,Pooling,0.93,9.049150297509073,9.049150297509073,7.781967552403668e-16,0,12345
0.0,0.05,5,15,Repeated,1.0,,,,100,12345
0.0,0.05,5,15,S-HCP-within,0.94,8.863795517816627,8.72137271388667,0.5934004746432092,0,12345
0.0,0.05,5,15,Std-CP,0.95,9.218605526764032,7.8400020055909945,6.354117816388376,0,12345
0.0,0.05,5,15,Subsampling,1.0,,,,100,12345
0.0,0.05,5,20,Donor-HCP-no-within,0.91,8.555615591848097,8.957346594706081,1.2700175242715601,0,12345
0.0,0.05,5,20,Donor-HCP-within,0.97,6.2080194528100545,6.182813519446282,0.41049966617496514,0,12345
0.0,0.05,5,20,HCP,1.0,,,,100,12345
0.0,0.05,5,20,Pooling,0.93,9.049150297509073,9.049150297509073,7.781967552403668e-16,0,12345
0.0,0.05,5,20,Repeated,1.0,,,,100,12345
0.0,0.05,5,20,S-HCP-within,0.93,8.561325598448256,8.616416768881296,0.4628896063621349,0,12345
0.0,0.05,5,20,Std-CP,0.9,6.73863320588506,6.014957561380109,3.1221606489445763,0,12345
0.0,0.05,5,20,Subsampling,1.0,,,,100,12345
0.0,0.05,5,25,Donor-HCP-no-within,1.0,7.507091343799765,6.933518026872243,2.5284638127208052,0,12345
0.0,0.05,5,25,Donor-HCP-within,1.0,,,,100,12345
0.0,0.05,5,25,HCP,1.0,,,,100,12345
0.0,0.05,5,25,Pooling,0.93,9.049150297509073,9.049150297509073,7.781967552403668e-16,0,12345
0.0,0.05,5,25,Repeated,1.0,,,,100,12345
0.0,0.05,5,25,S-HCP-within,1.0,,,,100,12345
0.0,0.05,5,25,Std-CP,0.98,6.743026840346712,6.509873768788656,2.2835756800892093,0,12345
0.0,0.05,5,25,Subsampling,1.0,,,,100,12345
0.0,0.05,5,30,Donor-HCP-no-within,1.0,7.60945388505101,6.980732531686504,2.5284097020381067,0,12345
0.0,0.05,5,30,Donor-HCP-within,1.0,,,,100,12345
0.0,0.05,5,30,HCP,1.0,,,,100,12345
0.0,0.05,5,30,Pooling,0.93,9.049150297509073,9.049150297509073,7.781967552403668e-16,0,12345
0.0,0.05,5,30,Repeated,1.0,,,,100,12345
0.0,0.05,5,30,S-HCP-within,1.0,,,,100,12345
0.0,0.05,5,30,Std-CP,0.94,6.262461769508741,6.085204552997098,2.0482152474493316,0,12345
0.0,0.05,5,30,Subsampling,1.0,,,,100,12345
0.0,0.05,5,35,Donor-HCP-no-within,1.0,7.888165656236412,7.170580592708724,2.7272398398332007,0,12345
0.0,0.05,5,35,Donor-HCP-within,1.0,,,,100,12345
0.0,0.05,5,35,HCP,1.0,,,,100,12345
0.0,0.05,5,35,Pooling,0.93,9.049150297509073,9.049150297509073,7.781967552403668e-16,0,12345
0.0,0.05,5,35,Repeated,1.0,,,,100,12345
0.0,0.05,5,35,S-HCP-within,1.0,,,,100,12345
0.0,0.05,5,35,Std-CP,0.96,6.454591965295602,6.162589652211702,1.9978477207198095,0,12345
0.0,0.05,5,35,Subsampling,1.0,,,,100,12345
0.0,0.05,6,0,Donor-HCP-no-within,1.0,,,,100,12345
0.0,0.05,6,0,Donor-HCP-within,1.0,,,,100,12345
0.0,0.05,6,0,HCP,1.0,,,,100,12345
0.0,0.05,6,0,Pooling,0.92,11.39283978408362,11.39283978408362,5.04960734217762e-16,0,12345
0.0,0.05,6,0,Repeated,1.0,,,,100,12345
0.0,0.05,6,0,S-HCP-within,1.0,,,,100,12345
0.0,0.05,6,0,Std-CP,1.0,,,,100,12345
0.0,0.05,6,0,Subsampling,1.0,,,,100,12345
0.0,0.05,6,5,Donor-HCP-no-within,1.0,,,,100,12345
0.0,0.05,6,5,Donor-HCP-within,1.0,,,,100,12345
0.0,0.05,6,5,HCP,1.0,,,,100,12345
0.0,0.05,6,5,Pooling,0.92,11.39283978408362,11.39283978408362,5.04960734217762e-16,0,12345
0.0,0.05,6,5,Repeated,1.0,,,,100,12345
0.0,0.05,6,5,S-HCP-within,1.0,11.300342157760872,11.284578487238353,1.2138759444080711,0,12345
0.0,0.05,6,5,Std-CP,0.78,5.813302107306572,5.142117039172955,3.729587368636054,0,12345
0.0,0.05,6,5,Subsampling,1.0,,,,100,12345
0.0,0.05,6,10,Donor-HCP-no-within,1.0,16.247803295983815,16.580710662965444,1.2246224138972046,0,12345
0.0,0.05,6,10,Donor-HCP-within,1.0,,,,100,12345
0.0,0.05,6,10,HCP,1.0,,,,100,12345
0.0,0.05,6,10,Pooling,0.92,11.39283978408362,11.39283978408362,5.04960734217762e-16,0,12345
0.0,0.05,6,10,Repeated,1.0,,,,100,12345
0.0,0.05,6,10,S-HCP-within,1.0,10.900158015933984,10.469804357319305,0.895243717453665,0,12345
0.0,0.05,6,10,Std-CP,0.82,35.035744367964355,11.406969611138706,76.90454253261686,0,12345
0.0,0.05,6,10,Subsampling,1.0,,,,100,12345
0.0,0.05,6,15,Donor-HCP-no-within,0.98,12.980889181105058,12.985311466568923,0.830281099411138,0,12345
0.0,0.05,6,15,Donor-HCP-within,0.99,9.93721808175226,9.908745897406007,0.6117421722866039,0,12345
0.0,0.05,6,15,HCP,1.0,,,,100,12345
0.0,0.05,6,15,Pooling,0.92,11.39283978408362,11.39283978408362,5.04960734217762e-16,0,12345
0.0,0.05,6,15,Repeated,1.0,,,,100,12345
0.0,0.05,6,15,S-HCP-within,0.99,10.890825717099924,10.469804357319303,0.7735810400770419,0,12345
0.0,0.05,6,15,Std-CP,0.94,9.320349270886894,7.8803692850842255,6.322343417329003,0,12345
0.0,0.05,6,15,Subsampling,1.0,,,,100,12345
0.0,0.05,6,20,Donor-HCP-no-within,0.98,11.34655429103843,11.39283978408362,0.8841378010404916,0,12345
0.0,0.05,6,20,Donor-HCP-within,0.97,7.802278742282235,7.806448054544127,0.3900680260552675,0,12345
0.0,0.05,6,20,HCP,1.0,,,,100,12345
0.0,0.05,6,20,Pooling,0.92,11.39283978408362,11.39283978408362,5.04960734217762e-16,0,12345
0.0,0.05,6,20,Repeated,1.0,,,,100,12345
0.0,0.05,6,20,S-HCP-within,1.0,10.444532295282258,10.41461889415983,0.5098063452808788,0,12345
0.0,0.05,6,20,Std-CP,0.89,6.579061515889288,6.059758595571704,2.5147448798915533,0,12345
0.0,0.05,6,20,Subsampling,1.0,,,,100,12345
0.0,0.05,6,25,Donor-HCP-no-within,0.96,7.525835269940294,7.268687466147148,2.138843482676921,0,12345
0.0,0.05,6,25,Donor-HCP-within,1.0,,,,100,12345
0.0,0.05,6,25,HCP,1.0,,,,100,12345
0.0,0.05,6,25,Pooling,0.92,11.39283978408362,11.39283978408362,5.04960734217762e-16,0,12345
0.0,0.05,6,25,Repeated,1.0,,,,100,12345
0.0,0.05,6,25,S-HCP-within,1.0,,,,100,12345
0.0,0.05,6,25,Std-CP,0.9,6.567483576011389,6.269994461597556,2.3522249764675185,0,12345
0.0,0.05,6,25,Subsampling,1.0,,,,100,12345
0.0,0.05,6,30,Donor-HCP-no-within,0.98,7.910433190102265,7.698765257794262,1.99402570574185,0,12345
0.0,0.05,6,30,Donor-HCP-within,1.0,,,,100,12345
0.0,0.05,6,30,HCP,1.0,,,,100,12345
0.0,0.05,6,30,Pooling,0.92,11.39283978408362,11.39283978408362,5.04960734217762e-16,0,12345
0.0,0.05,6,30,Repeated,1.0,,,,100,12345
0.0,0.05,6,30,S-HCP-within,1.0,,,,100,12345
0.0,0.05,6,30,Std-CP,0.96,6.620149979329707,6.5192977397744825,2.2699923269053746,0,12345
0.0,0.05,6,30,Subsampling,1.0,,,,100,12345
0.0,0.05,6,35,Donor-HCP-no-within,0.98,7.976143484345409,7.7810320457231885,1.9957713208557344,0,12345
0.0,0.05,6,35,Donor-HCP-within,1.0,,,,100,12345
0.0,0.05,6,35,HCP,1.0,,,,100,12345
0.0,0.05,6,35,Pooling,0.92,11.39283978408362,11.39283978408362,5.04960734217762e-16,0,12345
0.0,0.05,6,35,Repeated,1.0,,,,100,12345
0.0,0.05,6,35,S-HCP-within,1.0,,,,100,12345
0.0,0.05,6,35,Std-CP,0.96,6.3450755543182344,6.063486366941328,1.8527915459707005,0,12345
0.0,0.05,6,35,Subsampling,1.0,,,,100,12345
0.0,0.05,7,0,Donor-HCP-no-within,1.0,,,,100,12345
0.0,0.05,7,0,Donor-HCP-within,1.0,,,,100,12345
0.0,0.05,7,0,HCP,1.0,,,,100,12345
0.0,0.05,7,0,Pooling,0.81,11.180570870954714,11.180570870954714,1.8724445165742407e-15,0,12345
0.0,0.05,7,0,Repeated,1.0,,,,100,12345
0.0,0.05,7,0,S-HCP-within,1.0,,,,100,12345
0.0,0.05,7,0,Std-CP,1.0,,,,100,12345
0.0,0.05,7,0,Subsampling,1.0,,,,100,12345
0.0,0.05,7,5,Donor-HCP-no-within,1.0,,,,100,12345
0.0,0.05,7,5,Donor-HCP-within,1.0,,,,100,12345
0.0,0.05,7,5,HCP,1.0,,,,100,12345
0.0,0.05,7,5,Pooling,0.81,11.180570870954714,11.180570870954714,1.8724445165742407e-15,0,12345
0.0,0.05,7,5,Repeated,1.0,,,,100,12345
0.0,0.05,7,5,S-HCP-within,0.94,10.763360303701491,10.330726368536524,1.473074907690552,0,12345
0.0,0.05,7,5,Std-CP,0.82,6.019480448183535,5.241621528313338,3.5553772144940274,0,12345
0.0,0.05,7,5,Subsampling,1.0,,,,100,12345
0.0,0.05,7,10,Donor-HCP-no-within,1.0,15.804849448427966,15.749107997289883,2.8463743972304245,0,12345
0.0,0.05,7,10,Donor-HCP-within,1.0,,,,100,12345
0.0,0.05,7,10,HCP,1.0,,,,100,12345
0.0,0.05,7,10,Pooling,0.81,11.180570870954714,11.180570870954714,1.8724445165742407e-15,0,12345
0.0,0.05,7,10,Repeated,1.0,,,,100,12345
0.0,0.05,7,10,S-HCP-within,0.95,10.377551685620256,10.18825555683663,1.1841919914253645,0,12345
0.0,0.05,7,10,Std-CP,0.88,23.98210305938996,14.023346863071446,30.963009968112576,0,12345
0.0,0.05,7,10,Subsampling,1.0,,,,100,12345
0.0,0.05,7,15,Donor-HCP-no-within,0.96,12.182608568194999,11.471671923787035,2.5484360741405734,0,12345
0.0,0.05,7,15,Donor-HCP-within,0.98,12.744834861184666,13.038010431169987,1.847155910046122,0,12345
0.0,0.05,7,15,HCP,1.0,,,,100,12345
0.0,0.05,7,15,Pooling,0.81,11.180570870954714,11.180570870954714,1.8724445165742407e-15,0,12345
0.0,0.05,7,15,Repeated,1.0,,,,100,12345
0.0,0.05,7,15,S-HCP-within,0.96,10.619403193748921,10.330726368536524,0.9600199613351713,0,12345
0.0,0.05,7,15,Std-CP,0.93,9.532378788194467,8.344431289594821,5.741896750830888,0,12345
0.0,0.05,7,15,Subsampling,1.0,,,,100,12345
0.0,0.05,7,20,Donor-HCP-no-within,0.92,11.78770446644378,11.402504033521225,2.8979994771333666,0,12345
0.0,0.05,7,20,Donor-HCP-within,0.9,7.740205568061404,7.350987864827886,1.218087466131217,0,12345
0.0,0.05,7,20,HCP,1.0,,,,100,12345
0.0,0.05,7,20,Pooling,0.81,11.180570870954714,11.180570870954714,1.8724445165742407e-15,0,12345
0.0,0.05,7,20,Repeated,1.0,,,,100,12345
0.0,0.05,7,20,S-HCP-within,0.94,10.04001788696377,10.18825555683663,0.5244160873725561,0,12345
0.0,0.05,7,20,Std-CP,0.87,6.963060200785675,6.255542820140359,3.0754334554652134,0,12345
0.0,0.05,7,20,Subsampling,1.0,,,,100,12345
0.0,0.05,7,25,Donor-HCP-no-within,0.95,8.357433927872435,8.157267316362896,2.2047353444062745,0,12345
0.0,0.05,7,25,Donor-HCP-within,1.0,,,,100,12345
0.0,0.05,7,25,HCP,1.0,,,,100,12345
0.0,0.05,7,25,Pooling,0.81,11.180570870954714,11.180570870954714,1.8724445165742407e-15,0,12345
0.0,0.05,7,25,Repeated,1.0,,,,100,12345
0.0,0.05,7,25,S-HCP-within,1.0,,,,100,12345
0.0,0.05,7,25,Std-CP,0.95,7.029948151784315,6.496011149430168,2.865152736139793,0,12345
0.0,0.05,7,25,Subsampling,1.0,,,,100,12345
0.0,0.05,7,30,Donor-HCP-no-within,0.96,8.581461329543362,8.270906596319225,2.225009009698715,0,12345
0.0,0.05,7,30,Donor-HCP-within,1.0,,,,100,12345
0.0,0.05,7,30,HCP,1.0,,,,100,12345
0.0,0.05,7,30,Pooling,0.81,11.180570870954714,11.180570870954714,1.8724445165742407e-15,0,12345
0.0,0.05,7,30,Repeated,1.0,,,,100,12345
0.0,0.05,7,30,S-HCP-within,1.0,,,,100,12345
0.0,0.05,7,30,Std-CP,0.93,6.553188111472399,6.203210645173363,2.624635907030057,0,12345
0.0,0.05,7,30,Subsampling,1.0,,,,100,12345
0.0,0.05,7,35,Donor-HCP-no-within,0.97,8.733544894730231,8.55159953520522,2.1844586153616765,0,12345
0.0,0.05,7,35,Donor-HCP-within,1.0,,,,100,12345
0.0,0.05,7,35,HCP,1.0,,,,100,12345
0.0,0.05,7,35,Pooling,0.81,11.180570870954714,11.180570870954714,1.8724445165742407e-15,0,12345
0.0,0.05,7,35,Repeated,1.0,,,,100,12345
0.0,0.05,7,35,S-HCP-within,1.0,,,,100,12345
0.0,0.05,7,35,Std-CP,0.97,6.752745477538918,6.518580118688321,2.2507629107988194,0,12345
0.0,0.05,7,35,Subsampling,1.0,,,,100,12345
0.0,0.05,8,0,Donor-HCP-no-within,1.0,,,,100,12345
0.0,0.05,8,0,Donor-HCP-within,1.0,,,,100,12345
0.0,0.05,8,0,HCP,1.0,,,,100,12345
0.0,0.05,8,0,Pooling,0.92,8.013770856604207,8.013770856604207,1.616663158110819e-15,0,12345
0.0,0.05,8,0,Repeated,1.0,,,,100,12345
0.0,0.05,8,0,S-HCP-within,1.0,,,,100,12345
0.0,0.05,8,0,Std-CP,1.0,,,,100,12345
0.0,0.05,8,0,Subsampling,1.0,,,,100,12345
0.0,0.05,8,5,Donor-HCP-no-within,1.0,,,,100,12345
0.0,0.05,8,5,Donor-HCP-within,1.0,,,,100,12345
0.0,0.05,8,5,HCP,1.0,,,,100,12345
0.0,0.05,8,5,Pooling,0.92,8.013770856604207,8.013770856604207,1.616663158110819e-15,0,12345
0.0,0.05,8,5,Repeated,1.0,,,,100,12345
0.0,0.05,8,5,S-HCP-within,0.91,9.041154206376437,8.821599445479002,1.2186002025156182,0,12345
0.0,0.05,8,5,Std-CP,0.75,5.265305543813114,4.892414512450015,2.9866605788755414,0,12345
0.0,0.05,8,5,Subsampling,1.0,,,,100,12345
0.0,0.05,8,10,Donor-HCP-no-within,1.0,12.744145812394743,12.786638657424124,1.2150172088245215,0,12345
0.0,0.05,8,10,Donor-HCP-within,1.0,,,,100,12345
0.0,0.05,8,10,HCP,1.0,,,,100,12345
0.0,0.05,8,10,Pooling,0.92,8.013770856604207,8.013770856604207,1.616663158110819e-15,0,12345
0.0,0.05,8,10,Repeated,1.0,,,,100,12345
0.0,0.05,8,10,S-HCP-within,0.88,9.091089387259208,8.821599445479002,1.0402677165905618,0,12345
0.0,0.05,8,10,Std-CP,0.83,34.31499265272341,10.913653645181828,82.48078477831103,0,12345
0.0,0.05,8,10,Subsampling,1.0,,,,100,12345
0.0,0.05,8,15,Donor-HCP-no-within,0.98,8.976990424159464,8.747738026936311,0.9360800290445069,0,12345
0.0,0.05,8,15,Donor-HCP-within,1.0,16.8636754557414,18.049105801836205,2.6511974522630832,0,12345
0.0,0.05,8,15,HCP,1.0,,,,100,12345
0.0,0.05,8,15,Pooling,0.92,8.013770856604207,8.013770856604207,1.616663158110819e-15,0,12345
0.0,0.05,8,15,Repeated,1.0,,,,100,12345
0.0,0.05,8,15,S-HCP-within,0.91,9.201416049581592,8.918449669125643,1.0553776038111948,0,12345
0.0,0.05,8,15,Std-CP,0.85,9.183240722331083,7.592615833349334,6.622328554297603,0,12345
0.0,0.05,8,15,Subsampling,1.0,,,,100,12345
0.0,0.05,8,20,Donor-HCP-no-within,0.95,8.147573124793832,8.013770856604207,0.8481411906028643,0,12345
0.0,0.05,8,20,Donor-HCP-within,0.84,5.29006031432023,5.1724419557644685,0.3451253654403871,0,12345
0.0,0.05,8,20,HCP,1.0,,,,100,12345
0.0,0.05,8,20,Pooling,0.92,8.013770856604207,8.013770856604207,1.616663158110819e-15,0,12345
0.0,0.05,8,20,Repeated,1.0,,,,100,12345
0.0,0.05,8,20,S-HCP-within,0.9,8.878770641490881,8.766433981955622,0.870173426276114,0,12345
0.0,0.05,8,20,Std-CP,0.88,6.687271349076858,6.376017620007872,2.527682647777196,0,12345
0.0,0.05,8,20,Subsampling,1.0,,,,100,12345
0.0,0.05,8,25,Donor-HCP-no-within,0.94,7.667450850051236,7.307350764431431,2.2261124967523997,0,12345
0.0,0.05,8,25,Donor-HCP-within,1.0,,,,100,12345
0.0,0.05,8,25,HCP,1.0,,,,100,12345
0.0,0.05,8,25,Pooling,0.92,8.013770856604207,8.013770856604207,1.616663158110819e-15,0,12345
0.0,0.05,8,25,Repeated,1.0,,,,100,12345
0.0,0.05,8,25,S-HCP-within,1.0,,,,100,12345
0.0,0.05,8,25,Std-CP,0.93,6.256918984634324,5.951715642880984,2.1521230794716004,0,12345
0.0,0.05,8,25,Subsampling,1.0,,,,100,12345
0.0,0.05,8,30,Donor-HCP-no-within,0.94,7.82894988957587,7.651497176048325,2.1425071088579695,0,12345
0.0,0.05,8,30,Donor-HCP-within,1.0,,,,100,12345
0.0,0.05,8,30,HCP,1.0,,,,100,12345
0.0,0.05,8,30,Pooling,0.92,8.013770856604207,8.013770856604207,1.616663158110819e-15,0,12345
0.0,0.05,8,30,Repeated,1.0,,,,100,12345
0.0,0.05,8,30,S-HCP-within,1.0,,,,100,12345
0.0,0.05,8,30,Std-CP,0.93,6.424886156303721,6.095527419180829,1.9925288560376362,0,12345
0.0,0.05,8,30,Subsampling,1.0,,,,100,12345
0.0,0.05,8,35,Donor-HCP-no-within,0.96,8.078914841576804,7.723690329895948,2.0441818168013013,0,12345
0.0,0.05,8,35,Donor-HCP-within,1.0,,,,100,12345
0.0,0.05,8,35,HCP,1.0,,,,100,12345
0.0,0.05,8,35,Pooling,0.92,8.013770856604207,8.013770856604207,1.616663158110819e-15,0,12345
0.0,0.05,8,35,Repeated,1.0,,,,100,12345
0.0,0.05,8,35,S-HCP-within,1.0,,,,100,12345
0.0,0.05,8,35,Std-CP,0.92,6.375190938140145,6.13966857327342,1.6873937342443492,0,12345
0.0,0.05,8,35,Subsampling,1.0,,,,100,12345
0.0,0.05,9,0,Donor-HCP-no-within,1.0,,,,100,12345
0.0,0.05,9,0,Donor-HCP-within,1.0,,,,100,12345
0.0,0.05,9,0,HCP,1.0,,,,100,12345
0.0,0.05,9,0,Pooling,0.96,7.703963588334871,7.703963588334872,9.859673526924653e-16,0,12345
0.0,0.05,9,0,Repeated,1.0,,,,100,12345
0.0,0.05,9,0,S-HCP-within,1.0,,,,100,12345
0.0,0.05,9,0,Std-CP,1.0,,,,100,12345
0.0,0.05,9,0,Subsampling,1.0,,,,100,12345
0.0,0.05,9,5,Donor-HCP-no-within,1.0,,,,100,12345
0.0,0.05,9,5,Donor-HCP-within,1.0,,,,100,12345
0.0,0.05,9,5,HCP,1.0,,,,100,12345
0.0,0.05,9,5,Pooling,0.96,7.703963588334871,7.703963588334872,9.859673526924653e-16,0,12345
0.0,0.05,9,5,Repeated,1.0,,,,100,12345
0.0,0.05,9,5,S-HCP-within,0.93,7.935212840003206,8.255108680358534,0.5801991918461517,0,12345
0.0,0.05,9,5,Std-CP,0.75,5.758074532754575,4.961126844521894,3.6028677973500813,0,12345
0.0,0.05,9,5,Subsampling,1.0,,,,100,12345
0.0,0.05,9,10,Donor-HCP-no-within,1.0,11.877274852552782,11.465772366850743,1.069497569849148,0,12345
0.0,0.05,9,10,Donor-HCP-within,1.0,,,,100,12345
0.0,0.05,9,10,HCP,1.0,,,,100,12345
0.0,0.05,9,10,Pooling,0.96,7.703963588334871,7.703963588334872,9.859673526924653e-16,0,12345
0.0,0.05,9,10,Repeated,1.0,,,,100,12345
0.0,0.05,9,10,S-HCP-within,0.95,7.913739466563974,8.038447721326438,0.5092688227136493,0,12345
0.0,0.05,9,10,Std-CP,0.84,44.39392155910159,12.12939657661613,234.6885493233955,0,12345
0.0,0.05,9,10,Subsampling,1.0,,,,100,12345
0.0,0.05,9,15,Donor-HCP-no-within,0.96,9.218919997149802,9.18399627287149,0.8677345762430047,0,12345
0.0,0.05,9,15,Donor-HCP-within,0.95,9.929836387651804,9.770082774274048,1.3774109045210525,0,12345
0.0,0.05,9,15,HCP,1.0,,,,100,12345
0.0,0.05,9,15,Pooling,0.96,7.703963588334871,7.703963588334872,9.859673526924653e-16,0,12345
0.0,0.05,9,15,Repeated,1.0,,,,100,12345
0.0,0.05,9,15,S-HCP-within,0.95,8.053683719587584,8.255108680358536,0.35568381507525076,0,12345
0.0,0.05,9,15,Std-CP,0.94,9.753071273898149,8.061764266777189,7.042634754982623,0,12345
0.0,0.05,9,15,Subsampling,1.0,,,,100,12345
0.0,0.05,9,20,Donor-HCP-no-within,0.97,8.37541519860655,8.404256923950605,1.104365640253451,0,12345
0.0,0.05,9,20,Donor-HCP-within,0.93,5.724222283455009,5.824558617447387,0.7201391376285291,0,12345
0.0,0.05,9,20,HCP,1.0,,,,100,12345
0.0,0.05,9,20,Pooling,0.96,7.703963588334871,7.703963588334872,9.859673526924653e-16,0,12345
0.0,0.05,9,20,Repeated,1.0,,,,100,12345
0.0,0.05,9,20,S-HCP-within,0.94,7.800610724965889,7.729569718762925,0.38814887776342755,0,12345
0.0,0.05,9,20,Std-CP,0.92,6.321360621829505,6.201610834188873,2.326345897485,0,12345
0.0,0.05,9,20,Subsampling,1.0,,,,100,12345
0.0,0.05,9,25,Donor-HCP-no-within,0.96,7.799761686598584,7.634288982122342,2.0464163895009824,0,12345
0.0,0.05,9,25,Donor-HCP-within,1.0,,,,100,12345
0.0,0.05,9,25,HCP,1.0,,,,100,12345
0.0,0.05,9,25,Pooling,0.96,7.703963588334871,7.703963588334872,9.859673526924653e-16,0,12345
0.0,0.05,9,25,Repeated,1.0,,,,100,12345
0.0,0.05,9,25,S-HCP-within,1.0,,,,100,12345
0.0,0.05,9,25,Std-CP,0.95,6.563712588853507,6.41640868478588,2.0227069928163908,0,12345
0.0,0.05,9,25,Subsampling,1.0,,,,100,12345
0.0,0.05,9,30,Donor-HCP-no-within,0.96,8.047328098565668,7.8023722047086,2.0290542895246118,0,12345
0.0,0.05,9,30,Donor-HCP-within,1.0,,,,100,12345
0.0,0.05,9,30,HCP,1.0,,,,100,12345
0.0,0.05,9,30,Pooling,0.96,7.703963588334871,7.703963588334872,9.859673526924653e-16,0,12345
0.0,0.05,9,30,Repeated,1.0,,,,100,12345
0.0,0.05,9,30,S-HCP-within,1.0,,,,100,12345
0.0,0.05,9,30,Std-CP,0.93,6.285643162897386,5.962368408945201,2.085436684320412,0,12345
0.0,0.05,9,30,Subsampling,1.0,,,,100,12345
0.0,0.05,9,35,Donor-HCP-no-within,0.97,8.251321319244907,7.970786409112772,2.0644720181493694,0,12345
0.0,0.05,9,35,Donor-HCP-within,1.0,,,,100,12345
0.0,0.05,9,35,HCP,1.0,,,,100,12345
0.0,0.05,9,35,Pooling,0.96,7.703963588334871,7.703963588334872,9.859673526924653e-16,0,12345
0.0,0.05,9,35,Repeated,1.0,,,,100,12345
0.0,0.05,9,35,S-HCP-within,1.0,,,,100,12345
0.0,0.05,9,35,Std-CP,0.98,6.501793449617647,6.165505655119514,2.084904717201391,0,12345
0.0,0.05,9,35,Subsampling,1.0,,,,100,12345
0.0,0.05,10,0,Donor-HCP-no-within,1.0,,,,100,12345
0.0,0.05,10,0,Donor-HCP-within,1.0,,,,100,12345
0.0,0.05,10,0,HCP,1.0,,,,100,12345
0.0,0.05,10,0,Pooling,0.95,9.037021476844615,9.037021476844615,6.914459619635975e-16,0,12345
0.0,0.05,10,0,Repeated,1.0,,,,100,12345
0.0,0.05,10,0,S-HCP-within,1.0,,,,100,12345
0.0,0.05,10,0,Std-CP,1.0,,,,100,12345
0.0,0.05,10,0,Subsampling,1.0,,,,100,12345
0.0,0.05,10,5,Donor-HCP-no-within,1.0,,,,100,12345
0.0,0.05,10,5,Donor-HCP-within,1.0,,,,100,12345
0.0,0.05,10,5,HCP,1.0,,,,100,12345
0.0,0.05,10,5,Pooling,0.95,9.037021476844615,9.037021476844615,6.914459619635975e-16,0,12345
0.0,0.05,10,5,Repeated,1.0,,,,100,12345
0.0,0.05,10,5,S-HCP-within,0.98,12.48544033325355,12.388533470378782,0.997559202387217,0,12345
0.0,0.05,10,5,Std-CP,0.74,6.404312665724348,5.590483751061109,4.146333589471977,0,12345
0.0,0.05,10,5,Subsampling,1.0,,,,100,12345
0.0,0.05,10,10,Donor-HCP-no-within,0.99,12.286840688521115,12.341541165622644,0.8951361199818906,0,12345
0.0,0.05,10,10,Donor-HCP-within,1.0,,,,100,12345
0.0,0.05,10,10,HCP,1.0,,,,100,12345
0.0,0.05,10,10,Pooling,0.95,9.037021476844615,9.037021476844615,6.914459619635975e-16,0,12345
0.0,0.05,10,10,Repeated,1.0,,,,100,12345
0.0,0.05,10,10,S-HCP-within,0.98,12.547093439906995,12.71816963858841,0.7286533535001978,0,12345
0.0,0.05,10,10,Std-CP,0.86,108.68592964392809,12.400383335678379,659.9285998523877,0,12345
0.0,0.05,10,10,Subsampling,1.0,,,,100,12345
0.0,0.05,10,15,Donor-HCP-no-within,0.97,9.672524559610576,9.499404087652238,0.45190401139707753,0,12345
0.0,0.05,10,15,Donor-HCP-within,0.98,10.668455432264947,10.672522580021246,0.822323168627305,0,12345
0.0,0.05,10,15,HCP,1.0,,,,100,12345
0.0,0.05,10,15,Pooling,0.95,9.037021476844615,9.037021476844615,6.914459619635975e-16,0,12345
0.0,0.05,10,15,Repeated,1.0,,,,100,12345
0.0,0.05,10,15,S-HCP-within,0.99,12.657798558702872,12.718169638588412,0.46023082327586506,0,12345
0.0,0.05,10,15,Std-CP,0.87,9.769426926368611,7.872454522396613,8.30682792571955,0,12345
0.0,0.05,10,15,Subsampling,1.0,,,,100,12345
0.0,0.05,10,20,Donor-HCP-no-within,0.97,8.892906984832274,8.897065802576822,0.3938036272464127,0,12345
0.0,0.05,10,20,Donor-HCP-within,0.97,7.733571397443309,7.865284773691494,0.33454524482283016,0,12345
0.0,0.05,10,20,HCP,1.0,,,,100,12345
0.0,0.05,10,20,Pooling,0.95,9.037021476844615,9.037021476844615,6.914459619635975e-16,0,12345
0.0,0.05,10,20,Repeated,1.0,,,,100,12345
0.0,0.05,10,20,S-HCP-within,0.98,12.425176668365832,12.38853347037878,0.4521922596093506,0,12345
0.0,0.05,10,20,Std-CP,0.97,7.261340208137577,6.669431387291649,3.1967182950460704,0,12345
0.0,0.05,10,20,Subsampling,1.0,,,,100,12345
0.0,0.05,10,25,Donor-HCP-no-within,0.98,7.885715529171373,7.86011387209914,2.0456634545885533,0,12345
0.0,0.05,10,25,Donor-HCP-within,1.0,,,,100,12345
0.0,0.05,10,25,HCP,1.0,,,,100,12345
0.0,0.05,10,25,Pooling,0.95,9.037021476844615,9.037021476844615,6.914459619635975e-16,0,12345
0.0,0.05,10,25,Repeated,1.0,,,,100,12345
0.0,0.05,10,25,S-HCP-within,1.0,,,,100,12345
0.0,0.05,10,25,Std-CP,0.92,6.904076964098334,6.400195897547169,2.158149945456645,0,12345
0.0,0.05,10,25,Subsampling,1.0,,,,100,12345
0.0,0.05,10,30,Donor-HCP-no-within,0.99,8.132634483350424,8.041021797684255,2.172660448704886,0,12345
0.0,0.05,10,30,Donor-HCP-within,1.0,,,,100,12345
0.0,0.05,10,30,HCP,1.0,,,,100,12345
0.0,0.05,10,30,Pooling,0.95,9.037021476844615,9.037021476844615,6.914459619635975e-16,0,12345
0.0,0.05,10,30,Repeated,1.0,,,,100,12345
0.0,0.05,10,30,S-HCP-within,1.0,,,,100,12345
0.0,0.05,10,30,Std-CP,0.95,6.425607730375847,6.02022319945563,2.1242680522047257,0,12345
0.0,0.05,10,30,Subsampling,1.0,,,,100,12345
0.0,0.05,10,35,Donor-HCP-no-within,0.99,8.231062538454191,8.070536876794264,2.1592251261903863,0,12345
0.0,0.05,10,35,Donor-HCP-within,1.0,,,,100,12345
0.0,0.05,10,35,HCP,1.0,,,,100,12345
0.0,0.05,10,35,Pooling,0.95,9.037021476844615,9.037021476844615,6.914459619635975e-16,0,12345
0.0,0.05,10,35,Repeated,1.0,,,,100,12345
0.0,0.05,10,35,S-HCP-within,1.0,,,,100,12345
0.0,0.05,10,35,Std-CP,0.97,6.673730032215165,6.449776801094824,1.9296003532258956,0,12345
0.0,0.05,10,35,Subsampling,1.0,,,,100,12345
0.0,0.05,11,0,Donor-HCP-no-within,1.0,,,,100,12345
0.0,0.05,11,0,Donor-HCP-within,1.0,,,,100,12345
0.0,0.05,11,0,HCP,1.0,,,,100,12345
0.0,0.05,11,0,Pooling,0.94,9.924843373523164,9.924843373523164,1.3596483874471457e-15,0,12345
0.0,0.05,11,0,Repeated,1.0,,,,100,12345
0.0,0.05,11,0,S-HCP-within,1.0,,,,100,12345
0.0,0.05,11,0,Std-CP,1.0,,,,100,12345
0.0,0.05,11,0,Subsampling,1.0,,,,100,12345
0.0,0.05,11,5,Donor-HCP-no-within,1.0,,,,100,12345
0.0,0.05,11,5,Donor-HCP-within,1.0,,,,100,12345
0.0,0.05,11,5,HCP,1.0,,,,100,12345
0.0,0.05,11,5,Pooling,0.94,9.924843373523164,9.924843373523164,1.3596483874471457e-15,0,12345
0.0,0.05,11,5,Repeated,1.0,,,,100,12345
0.0,0.05,11,5,S-HCP-within,0.94,10.077470507171915,9.74587414713291,1.4649203478788713,0,12345
0.0,0.05,11,5,Std-CP,0.74,6.062758498540078,5.021710306093446,4.610722969549874,0,12345
0.0,0.05,11,5,Subsampling,1.0,,,,100,12345
0.0,0.05,11,10,Donor-HCP-no-within,0.97,11.248435469250987,11.492870817197229,0.7681804522340597,0,12345
0.0,0.05,11,10,Donor-HCP-within,1.0,,,,100,12345
0.0,0.05,11,10,HCP,1.0,,,,100,12345
0.0,0.05,11,10,Pooling,0.94,9.924843373523164,9.924843373523164,1.3596483874471457e-15,0,12345
0.0,0.05,11,10,Repeated,1.0,,,,100,12345
0.0,0.05,11,10,S-HCP-within,0.94,9.836433901991077,9.745874147132907,1.0347967354752001,0,12345
0.0,0.05,11,10,Std-CP,0.84,812.2746476650411,13.975739402880754,6406.693311313961,0,12345
0.0,0.05,11,10,Subsampling,1.0,,,,100,12345
0.0,0.05,11,15,Donor-HCP-no-within,0.96,9.509192517373522,9.556402136820747,0.7101614999847855,0,12345
0.0,0.05,11,15,Donor-HCP-within,0.93,8.785155919977043,8.514908277643848,1.5294325442090382,0,12345
0.0,0.05,11,15,HCP,1.0,,,,100,12345
0.0,0.05,11,15,Pooling,0.94,9.924843373523164,9.924843373523164,1.3596483874471457e-15,0,12345
0.0,0.05,11,15,Repeated,1.0,,,,100,12345
0.0,0.05,11,15,S-HCP-within,0.95,10.179525015512795,10.149145414928888,0.8504924407896908,0,12345
0.0,0.05,11,15,Std-CP,0.87,8.58086635792156,7.309486186914704,5.368998273608022,0,12345
0.0,0.05,11,15,Subsampling,1.0,,,,100,12345
0.0,0.05,11,20,Donor-HCP-no-within,0.93,8.822055828694108,8.884943206231384,0.7340897596362271,0,12345
0.0,0.05,11,20,Donor-HCP-within,0.92,6.756686314567461,6.867675722727957,0.40943739497811604,0,12345
0.0,0.05,11,20,HCP,1.0,,,,100,12345
0.0,0.05,11,20,Pooling,0.94,9.924843373523164,9.924843373523164,1.3596483874471457e-15,0,12345
0.0,0.05,11,20,Repeated,1.0,,,,100,12345
0.0,0.05,11,20,S-HCP-within,0.94,9.528390237103723,9.318779589865546,0.6418402046410245,0,12345
0.0,0.05,11,20,Std-CP,0.93,6.233450388173111,5.688029359090404,2.2302076782472473,0,12345
0.0,0.05,11,20,Subsampling,1.0,,,,100,12345
0.0,0.05,11,25,Donor-HCP-no-within,0.95,8.014173757530518,7.802442419814896,2.18508713493987,0,12345
0.0,0.05,11,25,Donor-HCP-within,1.0,,,,100,12345
0.0,0.05,11,25,HCP,1.0,,,,100,12345
0.0,0.05,11,25,Pooling,0.94,9.924843373523164,9.924843373523164,1.3596483874471457e-15,0,12345
0.0,0.05,11,25,Repeated,1.0,,,,100,12345
0.0,0.05,11,25,S-HCP-within,1.0,,,,100,12345
0.0,0.05,11,25,Std-CP,0.93,6.642872738954135,6.190917179306046,2.5163169396292013,0,12345
0.0,0.05,11,25,Subsampling,1.0,,,,100,12345
0.0,0.05,11,30,Donor-HCP-no-within,0.98,8.210645429266577,8.170923399733804,2.214298236406866,0,12345
0.0,0.05,11,30,Donor-HCP-within,1.0,,,,100,12345
0.0,0.05,11,30,HCP,1.0,,,,100,12345
0.0,0.05,11,30,Pooling,0.94,9.924843373523164,9.924843373523164,1.3596483874471457e-15,0,12345
0.0,0.05,11,30,Repeated,1.0,,,,100,12345
0.0,0.05,11,30,S-HCP-within,1.0,,,,100,12345
0.0,0.05,11,30,Std-CP,0.92,5.98763473759816,5.6637310517887,1.681643929217425,0,12345
0.0,0.05,11,30,Subsampling,1.0,,,,100,12345
0.0,0.05,11,35,Donor-HCP-no-within,0.98,8.295780253081602,8.246931259761183,2.202028471113664,0,12345
0.0,0.05,11,35,Donor-HCP-within,1.0,,,,100,12345
0.0,0.05,11,35,HCP,1.0,,,,100,12345
0.0,0.05,11,35,Pooling,0.94,9.924843373523164,9.924843373523164,1.3596483874471457e-15,0,12345
0.0,0.05,11,35,Repeated,1.0,,,,100,12345
0.0,0.05,11,35,S-HCP-within,1.0,,,,100,12345
0.0,0.05,11,35,Std-CP,0.92,6.125585691600153,5.614266309116607,1.9494633283408636,0,12345
0.0,0.05,11,35,Subsampling,1.0,,,,100,12345
0.0,0.05,12,0,Donor-HCP-no-within,1.0,,,,100,12345
0.0,0.05,12,0,Donor-HCP-within,1.0,,,,100,12345
0.0,0.05,12,0,HCP,1.0,,,,100,12345
0.0,0.05,12,0,Pooling,0.89,7.756080620321857,7.756080620321857,1.6604303726105399e-15,0,12345
0.0,0.05,12,0,Repeated,1.0,,,,100,12345
0.0,0.05,12,0,S-HCP-within,1.0,,,,100,12345
0.0,0.05,12,0,Std-CP,1.0,,,,100,12345
0.0,0.05,12,0,Subsampling,1.0,,,,100,12345
0.0,0.05,12,5,Donor-HCP-no-within,1.0,,,,100,12345
0.0,0.05,12,5,Donor-HCP-within,1.0,,,,100,12345
0.0,0.05,12,5,HCP,1.0,,,,100,12345
0.0,0.05,12,5,Pooling,0.89,7.756080620321857,7.756080620321857,1.6604303726105399e-15,0,12345
0.0,0.05,12,5,Repeated,1.0,,,,100,12345
0.0,0.05,12,5,S-HCP-within,0.93,8.345364537908724,8.473717870034282,1.1753912590211644,0,12345
0.0,0.05,12,5,Std-CP,0.73,6.266969572844451,5.340272910533795,4.345930271326777,0,12345
0.0,0.05,12,5,Subsampling,1.0,,,,100,12345
0.0,0.05,12,10,Donor-HCP-no-within,0.99,12.832987175653173,13.536831254642568,1.515484590895539,0,12345
0.0,0.05,12,10,Donor-HCP-within,1.0,,,,100,12345
0.0,0.05,12,10,HCP,1.0,,,,100,12345
0.0,0.05,12,10,Pooling,0.89,7.756080620321857,7.756080620321857,1.6604303726105399e-15,0,12345
0.0,0.05,12,10,Repeated,1.0,,,,100,12345
0.0,0.05,12,10,S-HCP-within,0.9,8.232512537392745,8.25897435898122,0.8943771436309017,0,12345
0.0,0.05,12,10,Std-CP,0.78,38.16450944502098,12.142440211065079,95.91071066829267,0,12345
0.0,0.05,12,10,Subsampling,1.0,,,,100,12345
0.0,0.05,12,15,Donor-HCP-no-within,0.95,10.672469932116938,11.040404324918288,1.0627891814304555,0,12345
0.0,0.05,12,15,Donor-HCP-within,0.98,14.516846954669793,15.168068176213088,2.5181878727439244,0,12345
0.0,0.05,12,15,HCP,1.0,,,,100,12345
0.0,0.05,12,15,Pooling,0.89,7.756080620321857,7.756080620321857,1.6604303726105399e-15,0,12345
0.0,0.05,12,15,Repeated,1.0,,,,100,12345
0.0,0.05,12,15,S-HCP-within,0.91,8.582009989757951,8.813245858086539,0.6631677916687919,0,12345
0.0,0.05,12,15,Std-CP,0.82,8.568132338902924,7.222261391997509,5.13516027999717,0,12345
0.0,0.05,12,15,Subsampling,1.0,,,,100,12345
0.0,0.05,12,20,Donor-HCP-no-within,0.91,9.337335899659564,9.630261051474879,1.2726939900178909,0,12345
0.0,0.05,12,20,Donor-HCP-within,0.92,7.505975227276061,7.332927823440759,0.7254351977313357,0,12345
0.0,0.05,12,20,HCP,1.0,,,,100,12345
0.0,0.05,12,20,Pooling,0.89,7.756080620321857,7.756080620321857,1.6604303726105399e-15,0,12345
0.0,0.05,12,20,Repeated,1.0,,,,100,12345
0.0,0.05,12,20,S-HCP-within,0.91,8.12316393673579,8.209718747835666,0.6358625481228853,0,12345
0.0,0.05,12,20,Std-CP,0.86,6.8968814617425815,6.212482997678094,2.883957504455436,0,12345
0.0,0.05,12,20,Subsampling,1.0,,,,100,12345
0.0,0.05,12,25,Donor-HCP-no-within,0.92,7.82004226550324,7.759991990642401,2.060816929041377,0,12345
0.0,0.05,12,25,Donor-HCP-within,1.0,,,,100,12345
0.0,0.05,12,25,HCP,1.0,,,,100,12345
0.0,0.05,12,25,Pooling,0.89,7.756080620321857,7.756080620321857,1.6604303726105399e-15,0,12345
0.0,0.05,12,25,Repeated,1.0,,,,100,12345
0.0,0.05,12,25,S-HCP-within,1.0,,,,100,12345
0.0,0.05,12,25,Std-CP,0.91,6.854486800453618,6.405967260925127,2.3131803116648415,0,12345
0.0,0.05,12,25,Subsampling,1.0,,,,100,12345
0.0,0.05,12,30,Donor-HCP-no-within,0.94,7.961080912603803,7.887731569430774,1.990413547666799,0,12345
0.0,0.05,12,30,Donor-HCP-within,1.0,,,,100,12345
0.0,0.05,12,30,HCP,1.0,,,,100,12345
0.0,0.05,12,30,Pooling,0.89,7.756080620321857,7.756080620321857,1.6604303726105399e-15,0,12345
0.0,0.05,12,30,Repeated,1.0,,,,100,12345
0.0,0.05,12,30,S-HCP-within,1.0,,,,100,12345
0.0,0.05,12,30,Std-CP,0.93,6.370653349069928,6.0610948218047564,2.063714079360062,0,12345
0.0,0.05,12,30,Subsampling,1.0,,,,100,12345
0.0,0.05,12,35,Donor-HCP-no-within,0.95,8.185298108691637,8.22594269252533,2.053455386444318,0,12345
0.0,0.05,12,35,Donor-HCP-within,1.0,,,,100,12345
0.0,0.05,12,35,HCP,1.0,,,,100,12345
0.0,0.05,12,35,Pooling,0.89,7.756080620321857,7.756080620321857,1.6604303726105399e-15,0,12345
0.0,0.05,12,35,Repeated,1.0,,,,100,12345
0.0,0.05,12,35,S-HCP-within,1.0,,,,100,12345
0.0,0.05,12,35,Std-CP,0.92,6.700243571545395,6.390501231626171,2.174203919469031,0,12345
0.0,0.05,12,35,Subsampling,1.0,,,,100,12345
0.0,0.05,13,0,Donor-HCP-no-within,1.0,,,,100,12345
0.0,0.05,13,0,Donor-HCP-within,1.0,,,,100,12345
0.0,0.05,13,0,HCP,1.0,,,,100,12345
0.0,0.05,13,0,Pooling,0.94,7.508716166331689,7.508716166331689,8.373826446313467e-16,0,12345
0.0,0.05,13,0,Repeated,1.0,,,,100,12345
0.0,0.05,13,0,S-HCP-within,1.0,,,,100,12345
0.0,0.05,13,0,Std-CP,1.0,,,,100,12345
0.0,0.05,13,0,Subsampling,1.0,,,,100,12345
0.0,0.05,13,5,Donor-HCP-no-within,1.0,,,,100,12345
0.0,0.05,13,5,Donor-HCP-within,1.0,,,,100,12345
0.0,0.05,13,5,HCP,1.0,,,,100,12345
0.0,0.05,13,5,Pooling,0.94,7.508716166331689,7.508716166331689,8.373826446313467e-16,0,12345
0.0,0.05,13,5,Repeated,1.0,,,,100,12345
0.0,0.05,13,5,S-HCP-within,0.97,9.756149477470176,9.55538305566484,1.5799408575816234,0,12345
0.0,0.05,13,5,Std-CP,0.71,6.123313909834458,4.388692678728766,6.217715907701768,0,12345
0.0,0.05,13,5,Subsampling,1.0,,,,100,12345
0.0,0.05,13,10,Donor-HCP-no-within,1.0,13.485278308659579,13.428439843655767,0.647914103256572,0,12345
0.0,0.05,13,10,Donor-HCP-within,1.0,,,,100,12345
0.0,0.05,13,10,HCP,1.0,,,,100,12345
0.0,0.05,13,10,Pooling,0.94,7.508716166331689,7.508716166331689,8.373826446313467e-16,0,12345
0.0,0.05,13,10,Repeated,1.0,,,,100,12345
0.0,0.05,13,10,S-HCP-within,0.96,9.354361112230599,9.497793042486428,0.7202688521040143,0,12345
0.0,0.05,13,10,Std-CP,0.78,34.479994890778244,10.234530350769685,89.09032996682663,0,12345
0.0,0.05,13,10,Subsampling,1.0,,,,100,12345
0.0,0.05,13,15,Donor-HCP-no-within,0.97,10.344018916218324,10.44956265804344,0.665996797774692,0,12345
0.0,0.05,13,15,Donor-HCP-within,1.0,10.854410745272672,10.776192771440385,0.48132149974633864,0,12345
0.0,0.05,13,15,HCP,1.0,,,,100,12345
0.0,0.05,13,15,Pooling,0.94,7.508716166331689,7.508716166331689,8.373826446313467e-16,0,12345
0.0,0.05,13,15,Repeated,1.0,,,,100,12345
0.0,0.05,13,15,S-HCP-within,0.96,9.390143089841308,9.497793042486428,0.436131022828329,0,12345
0.0,0.05,13,15,Std-CP,0.89,8.47378348497383,6.985930260230379,5.430356107096247,0,12345
0.0,0.05,13,15,Subsampling,1.0,,,,100,12345
0.0,0.05,13,20,Donor-HCP-no-within,0.94,9.121147432312629,9.327137579811243,0.7666307849933168,0,12345
0.0,0.05,13,20,Donor-HCP-within,0.97,7.405331088663324,7.478232332085803,0.32766460572850997,0,12345
0.0,0.05,13,20,HCP,1.0,,,,100,12345
0.0,0.05,13,20,Pooling,0.94,7.508716166331689,7.508716166331689,8.373826446313467e-16,0,12345
0.0,0.05,13,20,Repeated,1.0,,,,100,12345
0.0,0.05,13,20,S-HCP-within,0.95,9.234950076247834,9.252245796650719,0.5099762915713728,0,12345
0.0,0.05,13,20,Std-CP,0.88,6.555069989986256,6.278321252547016,2.63588425196005,0,12345
0.0,0.05,13,20,Subsampling,1.0,,,,100,12345
0.0,0.05,13,25,Donor-HCP-no-within,0.96,7.291722189281071,6.909021505994429,2.083026728734905,0,12345
0.0,0.05,13,25,Donor-HCP-within,1.0,,,,100,12345
0.0,0.05,13,25,HCP,1.0,,,,100,12345
0.0,0.05,13,25,Pooling,0.94,7.508716166331689,7.508716166331689,8.373826446313467e-16,0,12345
0.0,0.05,13,25,Repeated,1.0,,,,100,12345
0.0,0.05,13,25,S-HCP-within,1.0,,,,100,12345
0.0,0.05,13,25,Std-CP,0.89,6.155566906453268,5.64698001653022,2.134778568703315,0,12345
0.0,0.05,13,25,Subsampling,1.0,,,,100,12345
0.0,0.05,13,30,Donor-HCP-no-within,0.96,7.590595574745508,7.385123368436362,2.18139923646431,0,12345
0.0,0.05,13,30,Donor-HCP-within,1.0,,,,100,12345
0.0,0.05,13,30,HCP,1.0,,,,100,12345
0.0,0.05,13,30,Pooling,0.94,7.508716166331689,7.508716166331689,8.373826446313467e-16,0,12345
0.0,0.05,13,30,Repeated,1.0,,,,100,12345
0.0,0.05,13,30,S-HCP-within,1.0,,,,100,12345
0.0,0.05,13,30,Std-CP,0.93,6.417637411367467,6.152936281101455,2.3593309986647992,0,12345
0.0,0.05,13,30,Subsampling,1.0,,,,100,12345
0.0,0.05,13,35,Donor-HCP-no-within,0.97,7.733843411968616,7.5663963924184845,2.1867381942832176,0,12345
0.0,0.05,13,35,Donor-HCP-within,1.0,,,,100,12345
0.0,0.05,13,35,HCP,1.0,,,,100,12345
0.0,0.05,13,35,Pooling,0.94,7.508716166331689,7.508716166331689,8.373826446313467e-16,0,12345
0.0,0.05,13,35,Repeated,1.0,,,,100,12345
0.0,0.05,13,35,S-HCP-within,1.0,,,,100,12345
0.0,0.05,13,35,Std-CP,0.96,6.174772328039565,5.905791515981344,2.036947691794876,0,12345
0.0,0.05,13,35,Subsampling,1.0,,,,100,12345
0.0,0.05,14,0,Donor-HCP-no-within,1.0,,,,100,12345
0.0,0.05,14,0,Donor-HCP-within,1.0,,,,100,12345
0.0,0.05,14,0,HCP,1.0,,,,100,12345
0.0,0.05,14,0,Pooling,0.94,9.572891243519571,9.572891243519571,4.373088237462239e-16,0,12345
0.0,0.05,14,0,Repeated,1.0,,,,100,12345
0.0,0.05,14,0,S-HCP-within,1.0,,,,100,12345
0.0,0.05,14,0,Std-CP,1.0,,,,100,12345
0.0,0.05,14,0,Subsampling,1.0,,,,100,12345
0.0,0.05,14,5,Donor-HCP-no-within,1.0,,,,100,12345
0.0,0.05,14,5,Donor-HCP-within,1.0,,,,100,12345
0.0,0.05,14,5,HCP,1.0,,,,100,12345
0.0,0.05,14,5,Pooling,0.94,9.572891243519571,9.572891243519571,4.373088237462239e-16,0,12345
0.0,0.05,14,5,Repeated,1.0,,,,100,12345
0.0,0.05,14,5,S-HCP-within,0.99,9.933007365744224,10.115191502204151,0.821125048765917,0,12345
0.0,0.05,14,5,Std-CP,0.73,6.35279437852308,5.08519997458669,7.120204576845953,0,12345
0.0,0.05,14,5,Subsampling,1.0,,,,100,12345
0.0,0.05,14,10,Donor-HCP-no-within,1.0,13.767226207823219,13.81990055116028,1.8069284625426396,0,12345
0.0,0.05,14,10,Donor-HCP-within,1.0,,,,100,12345
0.0,0.05,14,10,HCP,1.0,,,,100,12345
0.0,0.05,14,10,Pooling,0.94,9.572891243519571,9.572891243519571,4.373088237462239e-16,0,12345
0.0,0.05,14,10,Repeated,1.0,,,,100,12345
0.0,0.05,14,10,S-HCP-within,0.97,9.659137297962314,9.523537208036103,0.679265922412941,0,12345
0.0,0.05,14,10,Std-CP,0.82,51.55904823355509,13.863692355549054,154.97177723290042,0,12345
0.0,0.05,14,10,Subsampling,1.0,,,,100,12345
0.0,0.05,14,15,Donor-HCP-no-within,0.96,10.08143145837358,10.132365343122267,1.3368563805813933,0,12345
0.0,0.05,14,15,Donor-HCP-within,0.99,10.004703746917242,9.88283730924492,0.7172297787192694,0,12345
0.0,0.05,14,15,HCP,1.0,,,,100,12345
0.0,0.05,14,15,Pooling,0.94,9.572891243519571,9.572891243519571,4.373088237462239e-16,0,12345
0.0,0.05,14,15,Repeated,1.0,,,,100,12345
0.0,0.05,14,15,S-HCP-within,0.98,9.861144510535661,9.874475769717343,0.5928671121937399,0,12345
0.0,0.05,14,15,Std-CP,0.86,8.427243059413899,7.457678361242711,4.166465871984017,0,12345
0.0,0.05,14,15,Subsampling,1.0,,,,100,12345
0.0,0.05,14,20,Donor-HCP-no-within,0.94,9.025697703640112,8.880451677075598,1.1793973124365378,0,12345
0.0,0.05,14,20,Donor-HCP-within,0.96,7.678172022428657,7.7375077727084935,0.531730513308203,0,12345
0.0,0.05,14,20,HCP,1.0,,,,100,12345
0.0,0.05,14,20,Pooling,0.94,9.572891243519571,9.572891243519571,4.373088237462239e-16,0,12345
0.0,0.05,14,20,Repeated,1.0,,,,100,12345
0.0,0.05,14,20,S-HCP-within,0.98,9.39104279878813,9.294632454016451,0.4125976271607101,0,12345
0.0,0.05,14,20,Std-CP,0.91,6.924168898751638,6.276430351760841,3.023117246250888,0,12345
0.0,0.05,14,20,Subsampling,1.0,,,,100,12345
0.0,0.05,14,25,Donor-HCP-no-within,0.93,7.634067076139799,7.33593851719172,2.3426651126910425,0,12345
0.0,0.05,14,25,Donor-HCP-within,1.0,,,,100,12345
0.0,0.05,14,25,HCP,1.0,,,,100,12345
0.0,0.05,14,25,Pooling,0.94,9.572891243519571,9.572891243519571,4.373088237462239e-16,0,12345
0.0,0.05,14,25,Repeated,1.0,,,,100,12345
0.0,0.05,14,25,S-HCP-within,1.0,,,,100,12345
0.0,0.05,14,25,Std-CP,0.89,6.640817176543809,5.999787119592905,2.615338821553887,0,12345
0.0,0.05,14,25,Subsampling,1.0,,,,100,12345
0.0,0.05,14,30,Donor-HCP-no-within,0.93,7.845694451126979,7.5097776273447785,2.259812031266875,0,12345
0.0,0.05,14,30,Donor-HCP-within,1.0,,,,100,12345
0.0,0.05,14,30,HCP,1.0,,,,100,12345
0.0,0.05,14,30,Pooling,0.94,9.572891243519571,9.572891243519571,4.373088237462239e-16,0,12345
0.0,0.05,14,30,Repeated,1.0,,,,100,12345
0.0,0.05,14,30,S-HCP-within,1.0,,,,100,12345
0.0,0.05,14,30,Std-CP,0.87,6.202350675509317,5.840560796442364,1.9683500527778266,0,12345
0.0,0.05,14,30,Subsampling,1.0,,,,100,12345
0.0,0.05,14,35,Donor-HCP-no-within,0.93,7.97794527722449,7.597448885479844,2.223794147435575,0,12345
0.0,0.05,14,35,Donor-HCP-within,1.0,,,,100,12345
0.0,0.05,14,35,HCP,1.0,,,,100,12345
0.0,0.05,14,35,Pooling,0.94,9.572891243519571,9.572891243519571,4.373088237462239e-16,0,12345
0.0,0.05,14,35,Repeated,1.0,,,,100,12345
0.0,0.05,14,35,S-HCP-within,1.0,,,,100,12345
0.0,0.05,14,35,Std-CP,0.96,6.477796437530425,6.17730779442677,2.0564825445101063,0,12345
0.0,0.05,14,35,Subsampling,1.0,,,,100,12345
0.0,0.05,15,0,Donor-HCP-no-within,1.0,,,,100,12345
0.0,0.05,15,0,Donor-HCP-within,1.0,,,,100,12345
0.0,0.05,15,0,HCP,1.0,,,,100,12345
0.0,0.05,15,0,Pooling,0.82,5.666022527267266,5.666022527267266,2.822816319197799e-16,0,12345
0.0,0.05,15,0,Repeated,1.0,,,,100,12345
0.0,0.05,15,0,S-HCP-within,1.0,,,,100,12345
0.0,0.05,15,0,Std-CP,1.0,,,,100,12345
0.0,0.05,15,0,Subsampling,1.0,,,,100,12345
0.0,0.05,15,5,Donor-HCP-no-within,1.0,,,,100,12345
0.0,0.05,15,5,Donor-HCP-within,1.0,,,,100,12345
0.0,0.05,15,5,HCP,1.0,,,,100,12345
0.0,0.05,15,5,Pooling,0.82,5.666022527267266,5.666022527267266,2.822816319197799e-16,0,12345
0.0,0.05,15,5,Repeated,1.0,,,,100,12345
0.0,0.05,15,5,S-HCP-within,0.94,7.322643418775036,7.276774591339617,1.8875345749342043,0,12345
0.0,0.05,15,5,Std-CP,0.73,5.450977999995083,4.385067619942785,3.857028043164758,0,12345
0.0,0.05,15,5,Subsampling,1.0,,,,100,12345
0.0,0.05,15,10,Donor-HCP-no-within,1.0,10.132991506991315,9.677875095870249,1.612819624093135,0,12345
0.0,0.05,15,10,Donor-HCP-within,1.0,,,,100,12345
0.0,0.05,15,10,HCP,1.0,,,,100,12345
0.0,0.05,15,10,Pooling,0.82,5.666022527267266,5.666022527267266,2.822816319197799e-16,0,12345
0.0,0.05,15,10,Repeated,1.0,,,,100,12345
0.0,0.05,15,10,S-HCP-within,0.9,7.095158499738254,6.847907906959419,1.5388422351553888,0,12345
0.0,0.05,15,10,Std-CP,0.84,40.429444358797,12.552846645214006,138.2906714939637,0,12345
0.0,0.05,15,10,Subsampling,1.0,,,,100,12345
0.0,0.05,15,15,Donor-HCP-no-within,0.96,7.475109219191227,7.099979871418844,1.2899445753219438,0,12345
0.0,0.05,15,15,Donor-HCP-within,0.99,8.33747595814731,7.9952402450134255,0.8916216311085009,0,12345
0.0,0.05,15,15,HCP,1.0,,,,100,12345
0.0,0.05,15,15,Pooling,0.82,5.666022527267266,5.666022527267266,2.822816319197799e-16,0,12345
0.0,0.05,15,15,Repeated,1.0,,,,100,12345
0.0,0.05,15,15,S-HCP-within,0.94,7.324920385754708,7.276774591339617,1.5186940970858713,0,12345
0.0,0.05,15,15,Std-CP,0.91,8.29893910370417,6.862251083894643,5.466108537020539,0,12345
0.0,0.05,15,15,Subsampling,1.0,,,,100,12345
0.0,0.05,15,20,Donor-HCP-no-within,0.92,6.330568919692788,5.8776809997487,1.2093659547438325,0,12345
0.0,0.05,15,20,Donor-HCP-within,0.96,6.234224107509308,6.230886967820232,0.5253337403882636,0,12345
0.0,0.05,15,20,HCP,1.0,,,,100,12345
0.0,0.05,15,20,Pooling,0.82,5.666022527267266,5.666022527267266,2.822816319197799e-16,0,12345
0.0,0.05,15,20,Repeated,1.0,,,,100,12345
0.0,0.05,15,20,S-HCP-within,0.92,6.723463014815466,6.241677692992006,1.4016452114989768,0,12345
0.0,0.05,15,20,Std-CP,0.92,6.68390587620163,6.0580395456800415,3.013131144017075,0,12345
0.0,0.05,15,20,Subsampling,1.0,,,,100,12345
0.0,0.05,15,25,Donor-HCP-no-within,0.96,7.597454483675899,6.533685132203589,3.5472949942346816,0,12345
0.0,0.05,15,25,Donor-HCP-within,1.0,,,,100,12345
0.0,0.05,15,25,HCP,1.0,,,,100,12345
0.0,0.05,15,25,Pooling,0.82,5.666022527267266,5.666022527267266,2.822816319197799e-16,0,12345
0.0,0.05,15,25,Repeated,1.0,,,,100,12345
0.0,0.05,15,25,S-HCP-within,1.0,,,,100,12345
0.0,0.05,15,25,Std-CP,0.96,6.446505278234429,6.4943111661619035,1.9851790239236042,0,12345
0.0,0.05,15,25,Subsampling,1.0,,,,100,12345
0.0,0.05,15,30,Donor-HCP-no-within,0.98,7.851706608716622,6.630596831686493,3.6751161703103206,0,12345
0.0,0.05,15,30,Donor-HCP-within,1.0,,,,100,12345
0.0,0.05,15,30,HCP,1.0,,,,100,12345
0.0,0.05,15,30,Pooling,0.82,5.666022527267266,5.666022527267266,2.822816319197799e-16,0,12345
0.0,0.05,15,30,Repeated,1.0,,,,100,12345
0.0,0.05,15,30,S-HCP-within,1.0,,,,100,12345
0.0,0.05,15,30,Std-CP,0.99,6.835913847686808,6.6141940988643135,2.3942187168321314,0,12345
0.0,0.05,15,30,Subsampling,1.0,,,,100,12345
0.0,0.05,15,35,Donor-HCP-no-within,0.98,8.067562820367554,6.879180712368861,3.6739323559301718,0,12345
0.0,0.05,15,35,Donor-HCP-within,1.0,,,,100,12345
0.0,0.05,15,35,HCP,1.0,,,,100,12345
0.0,0.05,15,35,Pooling,0.82,5.666022527267266,5.666022527267266,2.822816319197799e-16,0,12345
0.0,0.05,15,35,Repeated,1.0,,,,100,12345
0.0,0.05,15,35,S-HCP-within,1.0,,,,100,12345
0.0,0.05,15,35,Std-CP,0.97,6.375648990503443,6.093698401513292,1.968757718224916,0,12345
0.0,0.05,15,35,Subsampling,1.0,,,,100,12345
0.0,0.05,16,0,Donor-HCP-no-within,1.0,,,,100,12345
0.0,0.05,16,0,Donor-HCP-within,1.0,,,,100,12345
0.0,0.05,16,0,HCP,1.0,,,,100,12345
0.0,0.05,16,0,Pooling,0.97,9.481799890311379,9.481799890311379,0.0,0,12345
0.0,0.05,16,0,Repeated,1.0,,,,100,12345
0.0,0.05,16,0,S-HCP-within,1.0,,,,100,12345
0.0,0.05,16,0,Std-CP,1.0,,,,100,12345
0.0,0.05,16,0,Subsampling,1.0,,,,100,12345
0.0,0.05,16,5,Donor-HCP-no-within,1.0,,,,100,12345
0.0,0.05,16,5,Donor-HCP-within,1.0,,,,100,12345
0.0,0.05,16,5,HCP,1.0,,,,100,12345
0.0,0.05,16,5,Pooling,0.97,9.481799890311379,9.481799890311379,0.0,0,12345
0.0,0.05,16,5,Repeated,1.0,,,,100,12345
0.0,0.05,16,5,S-HCP-within,0.86,7.386342841646196,7.228237782490437,1.2661998806333898,0,12345
0.0,0.05,16,5,Std-CP,0.64,6.261862673762422,5.094676441529853,5.4293819328596085,0,12345
0.0,0.05,16,5,Subsampling,1.0,,,,100,12345
0.0,0.05,16,10,Donor-HCP-no-within,0.99,12.655043633666754,12.772790984831914,1.3076855009951376,0,12345
0.0,0.05,16,10,Donor-HCP-within,1.0,,,,100,12345
0.0,0.05,16,10,HCP,1.0,,,,100,12345
0.0,0.05,16,10,Pooling,0.97,9.481799890311379,9.481799890311379,0.0,0,12345
0.0,0.05,16,10,Repeated,1.0,,,,100,12345
0.0,0.05,16,10,S-HCP-within,0.88,7.25321964263313,7.198649445589048,0.8057472531663238,0,12345
0.0,0.05,16,10,Std-CP,0.85,35.797428095414766,13.078742118564065,71.3084902648797,0,12345
0.0,0.05,16,10,Subsampling,1.0,,,,100,12345
0.0,0.05,16,15,Donor-HCP-no-within,0.98,10.52769468014591,10.645540689789414,1.1188799620943282,0,12345
0.0,0.05,16,15,Donor-HCP-within,0.98,10.178479057370799,10.340554997374937,0.86404056791834,0,12345
0.0,0.05,16,15,HCP,1.0,,,,100,12345
0.0,0.05,16,15,Pooling,0.97,9.481799890311379,9.481799890311379,0.0,0,12345
0.0,0.05,16,15,Repeated,1.0,,,,100,12345
0.0,0.05,16,15,S-HCP-within,0.87,7.36978224449808,7.223750069173732,0.6356358171872066,0,12345
0.0,0.05,16,15,Std-CP,0.91,11.644593402995328,7.831662866937559,25.575525275246765,0,12345
0.0,0.05,16,15,Subsampling,1.0,,,,100,12345
0.0,0.05,16,20,Donor-HCP-no-within,0.96,9.802244202706335,9.940085598206196,1.300248805622302,0,12345
0.0,0.05,16,20,Donor-HCP-within,0.93,6.547257380712772,6.462336863497747,0.42269379219824293,0,12345
0.0,0.05,16,20,HCP,1.0,,,,100,12345
0.0,0.05,16,20,Pooling,0.97,9.481799890311379,9.481799890311379,0.0,0,12345
0.0,0.05,16,20,Repeated,1.0,,,,100,12345
0.0,0.05,16,20,S-HCP-within,0.88,7.11357145884079,7.185280673577394,0.7072331375835645,0,12345
0.0,0.05,16,20,Std-CP,0.9,6.449362376459085,5.955089111585172,2.9009245218264215,0,12345
0.0,0.05,16,20,Subsampling,1.0,,,,100,12345
0.0,0.05,16,25,Donor-HCP-no-within,0.95,7.677064224306928,7.176631208627388,2.385686789321499,0,12345
0.0,0.05,16,25,Donor-HCP-within,1.0,,,,100,12345
0.0,0.05,16,25,HCP,1.0,,,,100,12345
0.0,0.05,16,25,Pooling,0.97,9.481799890311379,9.481799890311379,0.0,0,12345
0.0,0.05,16,25,Repeated,1.0,,,,100,12345
0.0,0.05,16,25,S-HCP-within,1.0,,,,100,12345
0.0,0.05,16,25,Std-CP,0.92,6.493743670656475,6.222005447605433,2.0495374700533175,0,12345
0.0,0.05,16,25,Subsampling,1.0,,,,100,12345
0.0,0.05,16,30,Donor-HCP-no-within,0.96,7.872415892244541,7.642045746670579,2.385063119394626,0,12345
0.0,0.05,16,30,Donor-HCP-within,1.0,,,,100,12345
0.0,0.05,16,30,HCP,1.0,,,,100,12345
0.0,0.05,16,30,Pooling,0.97,9.481799890311379,9.481799890311379,0.0,0,12345
0.0,0.05,16,30,Repeated,1.0,,,,100,12345
0.0,0.05,16,30,S-HCP-within,1.0,,,,100,12345
0.0,0.05,16,30,Std-CP,0.93,6.137291077868286,6.016686550045475,1.9883716526485915,0,12345
0.0,0.05,16,30,Subsampling,1.0,,,,100,12345
0.0,0.05,16,35,Donor-HCP-no-within,0.98,8.196595624570282,7.965687197288658,2.414219134771237,0,12345
0.0,0.05,16,35,Donor-HCP-within,1.0,,,,100,12345
0.0,0.05,16,35,HCP,1.0,,,,100,12345
0.0,0.05,16,35,Pooling,0.97,9.481799890311379,9.481799890311379,0.0,0,12345
0.0,0.05,16,35,Repeated,1.0,,,,100,12345
0.0,0.05,16,35,S-HCP-within,1.0,,,,100,12345
0.0,0.05,16,35,Std-CP,0.95,6.4156636894265,6.000307483156483,1.9454640418554414,0,12345
0.0,0.05,16,35,Subsampling,1.0,,,,100,12345
0.0,0.05,17,0,Donor-HCP-no-within,1.0,,,,100,12345
0.0,0.05,17,0,Donor-HCP-within,1.0,,,,100,12345
0.0,0.05,17,0,HCP,1.0,,,,100,12345
0.0,0.05,17,0,Pooling,0.93,7.2383352690128575,7.2383352690128575,8.51536593133599e-16,0,12345
0.0,0.05,17,0,Repeated,1.0,,,,100,12345
0.0,0.05,17,0,S-HCP-within,1.0,,,,100,12345
0.0,0.05,17,0,Std-CP,1.0,,,,100,12345
0.0,0.05,17,0,Subsampling,1.0,,,,100,12345
0.0,0.05,17,5,Donor-HCP-no-within,1.0,,,,100,12345
0.0,0.05,17,5,Donor-HCP-within,1.0,,,,100,12345
0.0,0.05,17,5,HCP,1.0,,,,100,12345
0.0,0.05,17,5,Pooling,0.93,7.2383352690128575,7.2383352690128575,8.51536593133599e-16,0,12345
0.0,0.05,17,5,Repeated,1.0,,,,100,12345
0.0,0.05,17,5,S-HCP-within,0.9,7.91423470760954,8.081972780249645,1.2345251473882504,0,12345
0.0,0.05,17,5,Std-CP,0.84,5.616507613396659,4.550165132312122,4.296318776091628,0,12345
0.0,0.05,17,5,Subsampling,1.0,,,,100,12345
0.0,0.05,17,10,Donor-HCP-no-within,0.99,10.699707986600473,10.462693646642665,0.8232518421717406,0,12345
0.0,0.05,17,10,Donor-HCP-within,1.0,,,,100,12345
0.0,0.05,17,10,HCP,1.0,,,,100,12345
0.0,0.05,17,10,Pooling,0.93,7.2383352690128575,7.2383352690128575,8.51536593133599e-16,0,12345
0.0,0.05,17,10,Repeated,1.0,,,,100,12345
0.0,0.05,17,10,S-HCP-within,0.94,7.822201269298876,7.703580484517236,1.188768963009981,0,12345
0.0,0.05,17,10,Std-CP,0.92,69.19966045861733,13.168488869958026,263.40522854482685,0,12345
0.0,0.05,17,10,Subsampling,1.0,,,,100,12345
0.0,0.05,17,15,Donor-HCP-no-within,0.97,9.202524047187246,9.489587081404949,0.5593358713616847,0,12345
0.0,0.05,17,15,Donor-HCP-within,0.99,9.633523779206568,9.82742867729003,0.5664925534216647,0,12345
0.0,0.05,17,15,HCP,1.0,,,,100,12345
0.0,0.05,17,15,Pooling,0.93,7.2383352690128575,7.2383352690128575,8.51536593133599e-16,0,12345
0.0,0.05,17,15,Repeated,1.0,,,,100,12345
0.0,0.05,17,15,S-HCP-within,0.93,7.924088622120393,7.968582210446286,0.9661700828434131,0,12345
0.0,0.05,17,15,Std-CP,0.91,9.508281303468108,7.315034608162804,8.076998378278775,0,12345
0.0,0.05,17,15,Subsampling,1.0,,,,100,12345
0.0,0.05,17,20,Donor-HCP-no-within,0.95,8.200612021604138,8.320881716973311,0.7332082663513655,0,12345
0.0,0.05,17,20,Donor-HCP-within,0.96,7.16291411986875,7.3254247619284625,0.37862875540525265,0,12345
0.0,0.05,17,20,HCP,1.0,,,,100,12345
0.0,0.05,17,20,Pooling,0.93,7.2383352690128575,7.2383352690128575,8.51536593133599e-16,0,12345
0.0,0.05,17,20,Repeated,1.0,,,,100,12345
0.0,0.05,17,20,S-HCP-within,0.91,7.567166367825552,7.703580484517236,0.788456389062472,0,12345
0.0,0.05,17,20,Std-CP,0.9,6.803189590619933,6.282095954457086,2.3825383457832228,0,12345
0.0,0.05,17,20,Subsampling,1.0,,,,100,12345
0.0,0.05,17,25,Donor-HCP-no-within,0.97,7.716985281614479,7.602305354943592,2.0643779005969223,0,12345
0.0,0.05,17,25,Donor-HCP-within,1.0,,,,100,12345
0.0,0.05,17,25,HCP,1.0,,,,100,12345
0.0,0.05,17,25,Pooling,0.93,7.2383352690128575,7.2383352690128575,8.51536593133599e-16,0,12345
0.0,0.05,17,25,Repeated,1.0,,,,100,12345
0.0,0.05,17,25,S-HCP-within,1.0,,,,100,12345
0.0,0.05,17,25,Std-CP,0.96,6.181550598392386,5.726876627319199,2.004527229238053,0,12345
0.0,0.05,17,25,Subsampling,1.0,,,,100,12345
0.0,0.05,17,30,Donor-HCP-no-within,0.98,7.813847434034531,7.659109927909869,2.0537246889971232,0,12345
0.0,0.05,17,30,Donor-HCP-within,1.0,,,,100,12345
0.0,0.05,17,30,HCP,1.0,,,,100,12345
0.0,0.05,17,30,Pooling,0.93,7.2383352690128575,7.2383352690128575,8.51536593133599e-16,0,12345
0.0,0.05,17,30,Repeated,1.0,,,,100,12345
0.0,0.05,17,30,S-HCP-within,1.0,,,,100,12345
0.0,0.05,17,30,Std-CP,0.98,6.327277379411974,5.931846844572158,2.1490316193337606,0,12345
0.0,0.05,17,30,Subsampling,1.0,,,,100,12345
0.0,0.05,17,35,Donor-HCP-no-within,0.99,7.918758595737691,7.797035719490584,2.05326980013448,0,12345
0.0,0.05,17,35,Donor-HCP-within,1.0,,,,100,12345
0.0,0.05,17,35,HCP,1.0,,,,100,12345
0.0,0.05,17,35,Pooling,0.93,7.2383352690128575,7.2383352690128575,8.51536593133599e-16,0,12345
0.0,0.05,17,35,Repeated,1.0,,,,100,12345
0.0,0.05,17,35,S-HCP-within,1.0,,,,100,12345
0.0,0.05,17,35,Std-CP,0.97,6.457070436512096,6.24917534312695,2.226070698308131,0,12345
0.0,0.05,17,35,Subsampling,1.0,,,,100,12345
0.0,0.05,18,0,Donor-HCP-no-within,1.0,,,,100,12345
0.0,0.05,18,0,Donor-HCP-within,1.0,,,,100,12345
0.0,0.05,18,0,HCP,1.0,,,,100,12345
0.0,0.05,18,0,Pooling,1.0,12.581548295683135,12.581548295683135,9.940161993243608e-16,0,12345
0.0,0.05,18,0,Repeated,1.0,,,,100,12345
0.0,0.05,18,0,S-HCP-within,1.0,,,,100,12345
0.0,0.05,18,0,Std-CP,1.0,,,,100,12345
0.0,0.05,18,0,Subsampling,1.0,,,,100,12345
0.0,0.05,18,5,Donor-HCP-no-within,1.0,,,,100,12345
0.0,0.05,18,5,Donor-HCP-within,1.0,,,,100,12345
0.0,0.05,18,5,HCP,1.0,,,,100,12345
0.0,0.05,18,5,Pooling,1.0,12.581548295683135,12.581548295683135,9.940161993243608e-16,0,12345
0.0,0.05,18,5,Repeated,1.0,,,,100,12345
0.0,0.05,18,5,S-HCP-within,0.99,12.97471779076461,12.781258640752121,0.9265994652797646,0,12345
0.0,0.05,18,5,Std-CP,0.67,5.929389880240344,4.5839376035953965,4.471724229484847,0,12345
0.0,0.05,18,5,Subsampling,1.0,,,,100,12345
0.0,0.05,18,10,Donor-HCP-no-within,1.0,16.48591537406846,16.719402450216982,2.642737877013746,0,12345
0.0,0.05,18,10,Donor-HCP-within,1.0,,,,100,12345
0.0,0.05,18,10,HCP,1.0,,,,100,12345
0.0,0.05,18,10,Pooling,1.0,12.581548295683135,12.581548295683135,9.940161993243608e-16,0,12345
0.0,0.05,18,10,Repeated,1.0,,,,100,12345
0.0,0.05,18,10,S-HCP-within,0.99,12.787383528030823,12.65931508158192,0.7246091961852194,0,12345
0.0,0.05,18,10,Std-CP,0.8,38.99802133806797,12.560407982848016,155.81478380735558,0,12345
0.0,0.05,18,10,Subsampling,1.0,,,,100,12345
0.0,0.05,18,15,Donor-HCP-no-within,1.0,14.28779977492765,14.327886532046282,2.250373772776312,0,12345
0.0,0.05,18,15,Donor-HCP-within,0.99,15.67164276739366,15.886044445133045,1.2074818522943902,0,12345
0.0,0.05,18,15,HCP,1.0,,,,100,12345
0.0,0.05,18,15,Pooling,1.0,12.581548295683135,12.581548295683135,9.940161993243608e-16,0,12345
0.0,0.05,18,15,Repeated,1.0,,,,100,12345
0.0,0.05,18,15,S-HCP-within,0.99,12.91049861018198,12.65931508158192,0.6131907478402034,0,12345
0.0,0.05,18,15,Std-CP,0.89,8.699225093220738,7.297827744479487,5.113072899524256,0,12345
0.0,0.05,18,15,Subsampling,1.0,,,,100,12345
0.0,0.05,18,20,Donor-HCP-no-within,0.97,12.881243625195637,12.802548142609425,2.2708263930435453,0,12345
0.0,0.05,18,20,Donor-HCP-within,0.98,9.254998737616937,9.454485848511112,1.001686348600171,0,12345
0.0,0.05,18,20,HCP,1.0,,,,100,12345
0.0,0.05,18,20,Pooling,1.0,12.581548295683135,12.581548295683135,9.940161993243608e-16,0,12345
0.0,0.05,18,20,Repeated,1.0,,,,100,12345
0.0,0.05,18,20,S-HCP-within,0.99,12.536286437552421,12.550876783236014,0.31058037303671876,0,12345
0.0,0.05,18,20,Std-CP,0.96,7.094487599020072,6.719263989945595,2.670583851061153,0,12345
0.0,0.05,18,20,Subsampling,1.0,,,,100,12345
0.0,0.05,18,25,Donor-HCP-no-within,0.98,7.587069976250647,7.238621365437995,1.9005500689112071,0,12345
0.0,0.05,18,25,Donor-HCP-within,1.0,,,,100,12345
0.0,0.05,18,25,HCP,1.0,,,,100,12345
0.0,0.05,18,25,Pooling,1.0,12.581548295683135,12.581548295683135,9.940161993243608e-16,0,12345
0.0,0.05,18,25,Repeated,1.0,,,,100,12345
0.0,0.05,18,25,S-HCP-within,1.0,,,,100,12345
0.0,0.05,18,25,Std-CP,0.93,6.8689308972685525,6.240008454040687,2.2622700058854783,0,12345
0.0,0.05,18,25,Subsampling,1.0,,,,100,12345
0.0,0.05,18,30,Donor-HCP-no-within,0.98,7.82087022336536,7.396440461252661,1.9633554527551313,0,12345
0.0,0.05,18,30,Donor-HCP-within,1.0,,,,100,12345
0.0,0.05,18,30,HCP,1.0,,,,100,12345
0.0,0.05,18,30,Pooling,1.0,12.581548295683135,12.581548295683135,9.940161993243608e-16,0,12345
0.0,0.05,18,30,Repeated,1.0,,,,100,12345
0.0,0.05,18,30,S-HCP-within,1.0,,,,100,12345
0.0,0.05,18,30,Std-CP,0.87,6.374727477396814,6.017718432124841,2.064543816428666,0,12345
0.0,0.05,18,30,Subsampling,1.0,,,,100,12345
0.0,0.05,18,35,Donor-HCP-no-within,0.99,8.08649161415446,7.824366203952834,1.9325961902363733,0,12345
0.0,0.05,18,35,Donor-HCP-within,1.0,,,,100,12345
0.0,0.05,18,35,HCP,1.0,,,,100,12345
0.0,0.05,18,35,Pooling,1.0,12.581548295683135,12.581548295683135,9.940161993243608e-16,0,12345
0.0,0.05,18,35,Repeated,1.0,,,,100,12345
0.0,0.05,18,35,S-HCP-within,1.0,,,,100,12345
0.0,0.05,18,35,Std-CP,0.96,6.69594490304723,6.521072429022485,1.9943471228569285,0,12345
0.0,0.05,18,35,Subsampling,1.0,,,,100,12345
0.0,0.05,19,0,Donor-HCP-no-within,1.0,,,,100,12345
0.0,0.05,19,0,Donor-HCP-within,1.0,,,,100,12345
0.0,0.05,19,0,HCP,1.0,,,,100,12345
0.0,0.05,19,0,Pooling,0.97,9.768599304826722,9.768599304826722,6.914459619635975e-16,0,12345
0.0,0.05,19,0,Repeated,1.0,,,,100,12345
0.0,0.05,19,0,S-HCP-within,1.0,,,,100,12345
0.0,0.05,19,0,Std-CP,1.0,,,,100,12345
0.0,0.05,19,0,Subsampling,1.0,,,,100,12345
0.0,0.05,19,5,Donor-HCP-no-within,1.0,,,,100,12345
0.0,0.05,19,5,Donor-HCP-within,1.0,,,,100,12345
0.0,0.05,19,5,HCP,1.0,,,,100,12345
0.0,0.05,19,5,Pooling,0.97,9.768599304826722,9.768599304826722,6.914459619635975e-16,0,12345
0.0,0.05,19,5,Repeated,1.0,,,,100,12345
0.0,0.05,19,5,S-HCP-within,0.95,10.123646644679466,10.092149704610428,0.4263323962480227,0,12345
0.0,0.05,19,5,Std-CP,0.78,6.196183213622044,5.2558355348314585,3.9897777536798067,0,12345
0.0,0.05,19,5,Subsampling,1.0,,,,100,12345
0.0,0.05,19,10,Donor-HCP-no-within,0.99,13.49679056914684,13.839927153959792,1.52537669534802,0,12345
0.0,0.05,19,10,Donor-HCP-within,1.0,,,,100,12345
0.0,0.05,19,10,HCP,1.0,,,,100,12345
0.0,0.05,19,10,Pooling,0.97,9.768599304826722,9.768599304826722,6.914459619635975e-16,0,12345
0.0,0.05,19,10,Repeated,1.0,,,,100,12345
0.0,0.05,19,10,S-HCP-within,0.97,10.104811638286577,10.092149704610428,0.5760693404355737,0,12345
0.0,0.05,19,10,Std-CP,0.86,58.14766234372584,10.951609445485122,224.2128738540554,0,12345
0.0,0.05,19,10,Subsampling,1.0,,,,100,12345
0.0,0.05,19,15,Donor-HCP-no-within,0.98,11.072922675204106,11.239283535706026,0.9916755890247441,0,12345
0.0,0.05,19,15,Donor-HCP-within,1.0,21.494552916135067,22.559195133762707,2.3971648896032263,0,12345
0.0,0.05,19,15,HCP,1.0,,,,100,12345
0.0,0.05,19,15,Pooling,0.97,9.768599304826722,9.768599304826722,6.914459619635975e-16,0,12345
0.0,0.05,19,15,Repeated,1.0,,,,100,12345
0.0,0.05,19,15,S-HCP-within,0.97,10.170655133355849,10.09214970461043,0.5199435754757369,0,12345
0.0,0.05,19,15,Std-CP,0.88,9.39321941996522,7.689688984491784,5.8917857572803545,0,12345
0.0,0.05,19,15,Subsampling,1.0,,,,100,12345
0.0,0.05,19,20,Donor-HCP-no-within,0.97,10.322822814506361,10.363812815660488,1.107165204290763,0,12345
0.0,0.05,19,20,Donor-HCP-within,0.97,7.160036929899475,7.209973457715471,0.467907121322236,0,12345
0.0,0.05,19,20,HCP,1.0,,,,100,12345
0.0,0.05,19,20,Pooling,0.97,9.768599304826722,9.768599304826722,6.914459619635975e-16,0,12345
0.0,0.05,19,20,Repeated,1.0,,,,100,12345
0.0,0.05,19,20,S-HCP-within,0.96,10.066374714559084,9.980086828627627,0.3862159721159797,0,12345
0.0,0.05,19,20,Std-CP,0.89,6.506251044117831,6.008268089447487,2.8733226646175747,0,12345
0.0,0.05,19,20,Subsampling,1.0,,,,100,12345
0.0,0.05,19,25,Donor-HCP-no-within,0.91,7.546693178069557,7.376984200187703,2.1000369332020985,0,12345
0.0,0.05,19,25,Donor-HCP-within,1.0,,,,100,12345
0.0,0.05,19,25,HCP,1.0,,,,100,12345
0.0,0.05,19,25,Pooling,0.97,9.768599304826722,9.768599304826722,6.914459619635975e-16,0,12345
0.0,0.05,19,25,Repeated,1.0,,,,100,12345
0.0,0.05,19,25,S-HCP-within,1.0,,,,100,12345
0.0,0.05,19,25,Std-CP,0.92,6.563975464562809,6.063977604529082,2.5229769752993323,0,12345
0.0,0.05,19,25,Subsampling,1.0,,,,100,12345
0.0,0.05,19,30,Donor-HCP-no-within,0.93,7.779983980396339,7.496853438950291,2.15330882331211,0,12345
0.0,0.05,19,30,Donor-HCP-within,1.0,,,,100,12345
0.0,0.05,19,30,HCP,1.0,,,,100,12345
0.0,0.05,19,30,Pooling,0.97,9.768599304826722,9.768599304826722,6.914459619635975e-16,0,12345
0.0,0.05,19,30,Repeated,1.0,,,,100,12345
0.0,0.05,19,30,S-HCP-within,1.0,,,,100,12345
0.0,0.05,19,30,Std-CP,0.92,6.3007083943103215,5.915064085498926,2.149658469360037,0,12345
0.0,0.05,19,30,Subsampling,1.0,,,,100,12345
0.0,0.05,19,35,Donor-HCP-no-within,0.96,7.942865993467918,7.727811844021967,2.096545654179232,0,12345
0.0,0.05,19,35,Donor-HCP-within,1.0,,,,100,12345
0.0,0.05,19,35,HCP,1.0,,,,100,12345
0.0,0.05,19,35,Pooling,0.97,9.768599304826722,9.768599304826722,6.914459619635975e-16,0,12345
0.0,0.05,19,35,Repeated,1.0,,,,100,12345
0.0,0.05,19,35,S-HCP-within,1.0,,,,100,12345
0.0,0.05,19,35,Std-CP,0.95,6.420346285529418,6.427044268331773,1.7600812637731982,0,12345
0.0,0.05,19,35,Subsampling,1.0,,,,100,12345
0.0,0.05,20,0,Donor-HCP-no-within,1.0,,,,100,12345
0.0,0.05,20,0,Donor-HCP-within,1.0,,,,100,12345
0.0,0.05,20,0,HCP,1.0,,,,100,12345
0.0,0.05,20,0,Pooling,1.0,16.073269558938918,16.073269558938918,0.0,0,12345
0.0,0.05,20,0,Repeated,1.0,,,,100,12345
0.0,0.05,20,0,S-HCP-within,1.0,,,,100,12345
0.0,0.05,20,0,Std-CP,1.0,,,,100,12345
0.0,0.05,20,0,Subsampling,1.0,,,,100,12345
0.0,0.05,20,5,Donor-HCP-no-within,1.0,,,,100,12345
0.0,0.05,20,5,Donor-HCP-within,1.0,,,,100,12345
0.0,0.05,20,5,HCP,1.0,,,,100,12345
0.0,0.05,20,5,Pooling,1.0,16.073269558938918,16.073269558938918,0.0,0,12345
0.0,0.05,20,5,Repeated,1.0,,,,100,12345
0.0,0.05,20,5,S-HCP-within,1.0,12.216973387903,11.978872543357069,1.1665640082959405,0,12345
0.0,0.05,20,5,Std-CP,0.7,4.9919934272843935,4.694064882061655,2.928372156237036,0,12345
0.0,0.05,20,5,Subsampling,1.0,,,,100,12345
0.0,0.05,20,10,Donor-HCP-no-within,1.0,14.068107045758351,13.513906746475485,2.0696456224320343,0,12345
0.0,0.05,20,10,Donor-HCP-within,1.0,,,,100,12345
0.0,0.05,20,10,HCP,1.0,,,,100,12345
0.0,0.05,20,10,Pooling,1.0,16.073269558938918,16.073269558938918,0.0,0,12345
0.0,0.05,20,10,Repeated,1.0,,,,100,12345
0.0,0.05,20,10,S-HCP-within,1.0,11.771821905966368,11.652626628819657,1.0354866576990542,0,12345
0.0,0.05,20,10,Std-CP,0.85,37.33703499435445,10.660881349692744,113.52360196020503,0,12345
0.0,0.05,20,10,Subsampling,1.0,,,,100,12345
0.0,0.05,20,15,Donor-HCP-no-within,1.0,12.465489032731957,11.666080749404507,2.0115194931607774,0,12345
0.0,0.05,20,15,Donor-HCP-within,1.0,9.803488054680026,9.591761666297128,1.1325183338200546,0,12345
0.0,0.05,20,15,HCP,1.0,,,,100,12345
0.0,0.05,20,15,Pooling,1.0,16.073269558938918,16.073269558938918,0.0,0,12345
0.0,0.05,20,15,Repeated,1.0,,,,100,12345
0.0,0.05,20,15,S-HCP-within,0.99,11.979905202810356,11.873262151390755,0.6388043090268135,0,12345
0.0,0.05,20,15,Std-CP,0.88,8.448867366340698,7.336254173533886,5.667937259610286,0,12345
0.0,0.05,20,15,Subsampling,1.0,,,,100,12345
0.0,0.05,20,20,Donor-HCP-no-within,1.0,11.453439534768755,10.579872415129039,1.8897461184356024,0,12345
0.0,0.05,20,20,Donor-HCP-within,1.0,7.99400920259384,7.739880238196875,0.791501445796917,0,12345
0.0,0.05,20,20,HCP,1.0,,,,100,12345
0.0,0.05,20,20,Pooling,1.0,16.073269558938918,16.073269558938918,0.0,0,12345
0.0,0.05,20,20,Repeated,1.0,,,,100,12345
0.0,0.05,20,20,S-HCP-within,1.0,11.540511334827306,11.650908372973454,0.5324518801429339,0,12345
0.0,0.05,20,20,Std-CP,0.91,6.741645459980781,5.79149289934497,3.034435570172663,0,12345
0.0,0.05,20,20,Subsampling,1.0,,,,100,12345
0.0,0.05,20,25,Donor-HCP-no-within,1.0,7.678219469529398,7.488386718587786,2.2174169579838905,0,12345
0.0,0.05,20,25,Donor-HCP-within,1.0,,,,100,12345
0.0,0.05,20,25,HCP,1.0,,,,100,12345
0.0,0.05,20,25,Pooling,1.0,16.073269558938918,16.073269558938918,0.0,0,12345
0.0,0.05,20,25,Repeated,1.0,,,,100,12345
0.0,0.05,20,25,S-HCP-within,1.0,,,,100,12345
0.0,0.05,20,25,Std-CP,0.94,6.638662054023471,6.252824443966262,2.5882206627076325,0,12345
0.0,0.05,20,25,Subsampling,1.0,,,,100,12345
0.0,0.05,20,30,Donor-HCP-no-within,1.0,7.8238035365475325,7.65309461995095,2.150847601377949,0,12345
0.0,0.05,20,30,Donor-HCP-within,1.0,,,,100,12345
0.0,0.05,20,30,HCP,1.0,,,,100,12345
0.0,0.05,20,30,Pooling,1.0,16.073269558938918,16.073269558938918,0.0,0,12345
0.0,0.05,20,30,Repeated,1.0,,,,100,12345
0.0,0.05,20,30,S-HCP-within,1.0,,,,100,12345
0.0,0.05,20,30,Std-CP,0.92,6.015344911821396,5.815075849815827,1.968476479574059,0,12345
0.0,0.05,20,30,Subsampling,1.0,,,,100,12345
0.0,0.05,20,35,Donor-HCP-no-within,1.0,8.033359002538896,7.995736983375843,2.1128452943916427,0,12345
0.0,0.05,20,35,Donor-HCP-within,1.0,,,,100,12345
0.0,0.05,20,35,HCP,1.0,,,,100,12345
0.0,0.05,20,35,Pooling,1.0,16.073269558938918,16.073269558938918,0.0,0,12345
0.0,0.05,20,35,Repeated,1.0,,,,100,12345
0.0,0.05,20,35,S-HCP-within,1.0,,,,100,12345
0.0,0.05,20,35,Std-CP,0.97,6.453338805029478,6.439233581446192,1.9200677805467405,0,12345
0.0,0.05,20,35,Subsampling,1.0,,,,100,12345
0.0,0.05,21,0,Donor-HCP-no-within,1.0,,,,100,12345
0.0,0.05,21,0,Donor-HCP-within,1.0,,,,100,12345
0.0,0.05,21,0,HCP,1.0,,,,100,12345
0.0,0.05,21,0,Pooling,0.98,9.59752020784018,9.59752020784018,1.3240182150652123e-15,0,12345
0.0,0.05,21,0,Repeated,1.0,,,,100,12345
0.0,0.05,21,0,S-HCP-within,1.0,,,,100,12345
0.0,0.05,21,0,Std-CP,1.0,,,,100,12345
0.0,0.05,21,0,Subsampling,1.0,,,,100,12345
0.0,0.05,21,5,Donor-HCP-no-within,1.0,,,,100,12345
0.0,0.05,21,5,Donor-HCP-within,1.0,,,,100,12345
0.0,0.05,21,5,HCP,1.0,,,,100,12345
0.0,0.05,21,5,Pooling,0.98,9.59752020784018,9.59752020784018,1.3240182150652123e-15,0,12345
0.0,0.05,21,5,Repeated,1.0,,,,100,12345
0.0,0.05,21,5,S-HCP-within,0.96,11.576316197353712,11.460248625787571,2.253091030875598,0,12345
0.0,0.05,21,5,Std-CP,0.72,6.146346523337263,4.990656426183175,3.940697411671889,0,12345
0.0,0.05,21,5,Subsampling,1.0,,,,100,12345
0.0,0.05,21,10,Donor-HCP-no-within,1.0,15.595519501203233,15.833581064353309,1.0198248958403884,0,12345
0.0,0.05,21,10,Donor-HCP-within,1.0,,,,100,12345
0.0,0.05,21,10,HCP,1.0,,,,100,12345
0.0,0.05,21,10,Pooling,0.98,9.59752020784018,9.59752020784018,1.3240182150652123e-15,0,12345
0.0,0.05,21,10,Repeated,1.0,,,,100,12345
0.0,0.05,21,10,S-HCP-within,0.97,11.272757972027504,11.460248625787571,1.774312108693982,0,12345
0.0,0.05,21,10,Std-CP,0.86,43.42302332755213,11.294433747926213,160.3171636015164,0,12345
0.0,0.05,21,10,Subsampling,1.0,,,,100,12345
0.0,0.05,21,15,Donor-HCP-no-within,1.0,11.521985652395863,11.389184051025794,0.7991919991338605,0,12345
0.0,0.05,21,15,Donor-HCP-within,1.0,35.214909302735016,36.50941827532253,5.186678215192254,0,12345
0.0,0.05,21,15,HCP,1.0,,,,100,12345
0.0,0.05,21,15,Pooling,0.98,9.59752020784018,9.59752020784018,1.3240182150652123e-15,0,12345
0.0,0.05,21,15,Repeated,1.0,,,,100,12345
0.0,0.05,21,15,S-HCP-within,0.97,11.374018341319658,11.595003229657223,1.4911637513515772,0,12345
0.0,0.05,21,15,Std-CP,0.89,8.551554612129605,6.980820483871498,5.094464535539753,0,12345
0.0,0.05,21,15,Subsampling,1.0,,,,100,12345
0.0,0.05,21,20,Donor-HCP-no-within,0.98,10.168342304968748,9.59752020784018,1.1420897118956324,0,12345
0.0,0.05,21,20,Donor-HCP-within,0.97,8.485640273339639,8.442689266787301,0.5720234035426501,0,12345
0.0,0.05,21,20,HCP,1.0,,,,100,12345
0.0,0.05,21,20,Pooling,0.98,9.59752020784018,9.59752020784018,1.3240182150652123e-15,0,12345
0.0,0.05,21,20,Repeated,1.0,,,,100,12345
0.0,0.05,21,20,S-HCP-within,0.97,10.236705732574904,9.77300338154842,1.0117609475973428,0,12345
0.0,0.05,21,20,Std-CP,0.86,7.016102575829902,6.270806632921001,3.1526233199827316,0,12345
0.0,0.05,21,20,Subsampling,1.0,,,,100,12345
0.0,0.05,21,25,Donor-HCP-no-within,0.9,7.282978936179242,6.995839723488171,1.9677969984909973,0,12345
0.0,0.05,21,25,Donor-HCP-within,1.0,,,,100,12345
0.0,0.05,21,25,HCP,1.0,,,,100,12345
0.0,0.05,21,25,Pooling,0.98,9.59752020784018,9.59752020784018,1.3240182150652123e-15,0,12345
0.0,0.05,21,25,Repeated,1.0,,,,100,12345
0.0,0.05,21,25,S-HCP-within,1.0,,,,100,12345
0.0,0.05,21,25,Std-CP,0.9,6.373648565856962,5.562981996441651,2.120366998650887,0,12345
0.0,0.05,21,25,Subsampling,1.0,,,,100,12345
0.0,0.05,21,30,Donor-HCP-no-within,0.9,7.407237272832948,7.141993540884805,2.0262372469134013,0,12345
0.0,0.05,21,30,Donor-HCP-within,1.0,,,,100,12345
0.0,0.05,21,30,HCP,1.0,,,,100,12345
0.0,0.05,21,30,Pooling,0.98,9.59752020784018,9.59752020784018,1.3240182150652123e-15,0,12345
0.0,0.05,21,30,Repeated,1.0,,,,100,12345
0.0,0.05,21,30,S-HCP-within,1.0,,,,100,12345
0.0,0.05,21,30,Std-CP,0.92,5.95195940947891,5.862425757820886,1.6132696474034733,0,12345
0.0,0.05,21,30,Subsampling,1.0,,,,100,12345
0.0,0.05,21,35,Donor-HCP-no-within,0.91,7.571625498663796,7.222744027544099,2.015511022298728,0,12345
0.0,0.05,21,35,Donor-HCP-within,1.0,,,,100,12345
0.0,0.05,21,35,HCP,1.0,,,,100,12345
0.0,0.05,21,35,Pooling,0.98,9.59752020784018,9.59752020784018,1.3240182150652123e-15,0,12345
0.0,0.05,21,35,Repeated,1.0,,,,100,12345
0.0,0.05,21,35,S-HCP-within,1.0,,,,100,12345
0.0,0.05,21,35,Std-CP,0.91,6.367164569911738,6.0105101343111045,2.0703088019227662,0,12345
0.0,0.05,21,35,Subsampling,1.0,,,,100,12345
0.0,0.05,22,0,Donor-HCP-no-within,1.0,,,,100,12345
0.0,0.05,22,0,Donor-HCP-within,1.0,,,,100,12345
0.0,0.05,22,0,HCP,1.0,,,,100,12345
0.0,0.05,22,0,Pooling,0.91,9.03887174520051,9.03887174520051,0.0,0,12345
0.0,0.05,22,0,Repeated,1.0,,,,100,12345
0.0,0.05,22,0,S-HCP-within,1.0,,,,100,12345
0.0,0.05,22,0,Std-CP,1.0,,,,100,12345
0.0,0.05,22,0,Subsampling,1.0,,,,100,12345
0.0,0.05,22,5,Donor-HCP-no-within,1.0,,,,100,12345
0.0,0.05,22,5,Donor-HCP-within,1.0,,,,100,12345
0.0,0.05,22,5,HCP,1.0,,,,100,12345
0.0,0.05,22,5,Pooling,0.91,9.03887174520051,9.03887174520051,0.0,0,12345
0.0,0.05,22,5,Repeated,1.0,,,,100,12345
0.0,0.05,22,5,S-HCP-within,0.94,7.07037848744551,7.043517682136361,1.0931977640767656,0,12345
0.0,0.05,22,5,Std-CP,0.77,5.966710717954857,5.052095803065839,4.026376710589876,0,12345
0.0,0.05,22,5,Subsampling,1.0,,,,100,12345
0.0,0.05,22,10,Donor-HCP-no-within,0.99,11.581771990217682,11.47679933574646,1.1921014535529502,0,12345
0.0,0.05,22,10,Donor-HCP-within,1.0,,,,100,12345
0.0,0.05,22,10,HCP,1.0,,,,100,12345
0.0,0.05,22,10,Pooling,0.91,9.03887174520051,9.03887174520051,0.0,0,12345
0.0,0.05,22,10,Repeated,1.0,,,,100,12345
0.0,0.05,22,10,S-HCP-within,0.93,6.761140637902886,6.472183158541181,0.9236311545649895,0,12345
0.0,0.05,22,10,Std-CP,0.82,40.394461886055055,14.081145101378628,68.02629179717623,0,12345
0.0,0.05,22,10,Subsampling,1.0,,,,100,12345
0.0,0.05,22,15,Donor-HCP-no-within,0.97,10.272071313398895,9.850136058094758,0.8669842328377045,0,12345
0.0,0.05,22,15,Donor-HCP-within,1.0,10.095627601398524,9.812855575961873,1.2981425931726949,0,12345
0.0,0.05,22,15,HCP,1.0,,,,100,12345
0.0,0.05,22,15,Pooling,0.91,9.03887174520051,9.03887174520051,0.0,0,12345
0.0,0.05,22,15,Repeated,1.0,,,,100,12345
0.0,0.05,22,15,S-HCP-within,0.93,7.035582908987395,7.043517682136361,0.6862659801770541,0,12345
0.0,0.05,22,15,Std-CP,0.93,8.931915017429894,7.4175526038854755,5.772009768943228,0,12345
0.0,0.05,22,15,Subsampling,1.0,,,,100,12345
0.0,0.05,22,20,Donor-HCP-no-within,0.95,9.573764475823598,9.21769826613674,0.8740891315294074,0,12345
0.0,0.05,22,20,Donor-HCP-within,1.0,8.084294156918096,8.14047270063728,0.8476382703881143,0,12345
0.0,0.05,22,20,HCP,1.0,,,,100,12345
0.0,0.05,22,20,Pooling,0.91,9.03887174520051,9.03887174520051,0.0,0,12345
0.0,0.05,22,20,Repeated,1.0,,,,100,12345
0.0,0.05,22,20,S-HCP-within,0.96,6.642710926023082,6.472183158541181,0.5505696114293522,0,12345
0.0,0.05,22,20,Std-CP,0.91,6.667289899949589,6.412158550149119,2.4849489173796684,0,12345
0.0,0.05,22,20,Subsampling,1.0,,,,100,12345
0.0,0.05,22,25,Donor-HCP-no-within,0.98,7.595367670637369,7.490592380944952,1.939143712739389,0,12345
0.0,0.05,22,25,Donor-HCP-within,1.0,,,,100,12345
0.0,0.05,22,25,HCP,1.0,,,,100,12345
0.0,0.05,22,25,Pooling,0.91,9.03887174520051,9.03887174520051,0.0,0,12345
0.0,0.05,22,25,Repeated,1.0,,,,100,12345
0.0,0.05,22,25,S-HCP-within,1.0,,,,100,12345
0.0,0.05,22,25,Std-CP,0.92,6.550521794883168,6.12655776318306,2.0866836817287684,0,12345
0.0,0.05,22,25,Subsampling,1.0,,,,100,12345
0.0,0.05,22,30,Donor-HCP-no-within,0.98,7.867936772568513,7.735994778240629,2.0034277654358688,0,12345
0.0,0.05,22,30,Donor-HCP-within,1.0,,,,100,12345
0.0,0.05,22,30,HCP,1.0,,,,100,12345
0.0,0.05,22,30,Pooling,0.91,9.03887174520051,9.03887174520051,0.0,0,12345
0.0,0.05,22,30,Repeated,1.0,,,,100,12345
0.0,0.05,22,30,S-HCP-within,1.0,,,,100,12345
0.0,0.05,22,30,Std-CP,0.95,6.475360229964143,6.475443979291954,2.0266844687499166,0,12345
0.0,0.05,22,30,Subsampling,1.0,,,,100,12345
0.0,0.05,22,35,Donor-HCP-no-within,0.98,7.9722318268869445,7.846326515973754,2.0180729527918886,0,12345
0.0,0.05,22,35,Donor-HCP-within,1.0,,,,100,12345
0.0,0.05,22,35,HCP,1.0,,,,100,12345
0.0,0.05,22,35,Pooling,0.91,9.03887174520051,9.03887174520051,0.0,0,12345
0.0,0.05,22,35,Repeated,1.0,,,,100,12345
0.0,0.05,22,35,S-HCP-within,1.0,,,,100,12345
0.0,0.05,22,35,Std-CP,0.96,6.780171232321789,6.52618556903271,2.0114606376119344,0,12345
0.0,0.05,22,35,Subsampling,1.0,,,,100,12345
0.0,0.05,23,0,Donor-HCP-no-within,1.0,,,,100,12345
0.0,0.05,23,0,Donor-HCP-within,1.0,,,,100,12345
0.0,0.05,23,0,HCP,1.0,,,,100,12345
0.0,0.05,23,0,Pooling,1.0,9.822337197277337,9.822337197277335,1.546120173718338e-15,0,12345
0.0,0.05,23,0,Repeated,1.0,,,,100,12345
0.0,0.05,23,0,S-HCP-within,1.0,,,,100,12345
0.0,0.05,23,0,Std-CP,1.0,,,,100,12345
0.0,0.05,23,0,Subsampling,1.0,,,,100,12345
0.0,0.05,23,5,Donor-HCP-no-within,1.0,,,,100,12345
0.0,0.05,23,5,Donor-HCP-within,1.0,,,,100,12345
0.0,0.05,23,5,HCP,1.0,,,,100,12345
0.0,0.05,23,5,Pooling,1.0,9.822337197277337,9.822337197277335,1.546120173718338e-15,0,12345
0.0,0.05,23,5,Repeated,1.0,,,,100,12345
0.0,0.05,23,5,S-HCP-within,0.98,11.695556106540772,12.141181643916752,1.1188590046469542,0,12345
0.0,0.05,23,5,Std-CP,0.76,6.357502577709189,4.776969943234812,4.340268299363303,0,12345
0.0,0.05,23,5,Subsampling,1.0,,,,100,12345
0.0,0.05,23,10,Donor-HCP-no-within,1.0,14.986541882959646,15.095965034462195,0.36851056516670266,0,12345
0.0,0.05,23,10,Donor-HCP-within,1.0,,,,100,12345
0.0,0.05,23,10,HCP,1.0,,,,100,12345
0.0,0.05,23,10,Pooling,1.0,9.822337197277337,9.822337197277335,1.546120173718338e-15,0,12345
0.0,0.05,23,10,Repeated,1.0,,,,100,12345
0.0,0.05,23,10,S-HCP-within,0.98,11.790308321282236,12.141181643916752,0.790738986092904,0,12345
0.0,0.05,23,10,Std-CP,0.81,29.176938560057508,11.55638089609444,60.83924116733651,0,12345
0.0,0.05,23,10,Subsampling,1.0,,,,100,12345
0.0,0.05,23,15,Donor-HCP-no-within,1.0,11.083215342478958,11.041606937414752,0.7432632617923882,0,12345
0.0,0.05,23,15,Donor-HCP-within,1.0,10.513175977989796,10.333600913731836,0.6371831525813881,0,12345
0.0,0.05,23,15,HCP,1.0,,,,100,12345
0.0,0.05,23,15,Pooling,1.0,9.822337197277337,9.822337197277335,1.546120173718338e-15,0,12345
0.0,0.05,23,15,Repeated,1.0,,,,100,12345
0.0,0.05,23,15,S-HCP-within,0.97,11.78281298004696,12.141181643916752,0.7524453689666594,0,12345
0.0,0.05,23,15,Std-CP,0.9,8.524423589502742,7.582792996848879,4.1331009529164,0,12345
0.0,0.05,23,15,Subsampling,1.0,,,,100,12345
0.0,0.05,23,20,Donor-HCP-no-within,1.0,10.026885410759643,9.881255045499646,0.8549637490903698,0,12345
0.0,0.05,23,20,Donor-HCP-within,1.0,8.114738577928408,8.208194401340169,0.49584781581811666,0,12345
0.0,0.05,23,20,HCP,1.0,,,,100,12345
0.0,0.05,23,20,Pooling,1.0,9.822337197277337,9.822337197277335,1.546120173718338e-15,0,12345
0.0,0.05,23,20,Repeated,1.0,,,,100,12345
0.0,0.05,23,20,S-HCP-within,0.97,11.54407245224716,11.400802165731633,0.6664489659342246,0,12345
0.0,0.05,23,20,Std-CP,0.94,6.9173199486567185,6.885885342526747,2.428198351313306,0,12345
0.0,0.05,23,20,Subsampling,1.0,,,,100,12345
0.0,0.05,23,25,Donor-HCP-no-within,0.95,7.573304966678716,7.078600621863742,2.4981830246670054,0,12345
0.0,0.05,23,25,Donor-HCP-within,1.0,,,,100,12345
0.0,0.05,23,25,HCP,1.0,,,,100,12345
0.0,0.05,23,25,Pooling,1.0,9.822337197277337,9.822337197277335,1.546120173718338e-15,0,12345
0.0,0.05,23,25,Repeated,1.0,,,,100,12345
0.0,0.05,23,25,S-HCP-within,1.0,,,,100,12345
0.0,0.05,23,25,Std-CP,0.93,6.8230944183702915,6.658691763138036,2.0882620211841467,0,12345
0.0,0.05,23,25,Subsampling,1.0,,,,100,12345
0.0,0.05,23,30,Donor-HCP-no-within,0.96,7.781226067497099,7.237061792730607,2.5071209998308537,0,12345
0.0,0.05,23,30,Donor-HCP-within,1.0,,,,100,12345
0.0,0.05,23,30,HCP,1.0,,,,100,12345
0.0,0.05,23,30,Pooling,1.0,9.822337197277337,9.822337197277335,1.546120173718338e-15,0,12345
0.0,0.05,23,30,Repeated,1.0,,,,100,12345
0.0,0.05,23,30,S-HCP-within,1.0,,,,100,12345
0.0,0.05,23,30,Std-CP,0.95,6.247408382330557,5.863786461669281,2.108889174585916,0,12345
0.0,0.05,23,30,Subsampling,1.0,,,,100,12345
0.0,0.05,23,35,Donor-HCP-no-within,0.96,7.951645518033647,7.271059838686517,2.489419584203693,0,12345
0.0,0.05,23,35,Donor-HCP-within,1.0,,,,100,12345
0.0,0.05,23,35,HCP,1.0,,,,100,12345
0.0,0.05,23,35,Pooling,1.0,9.822337197277337,9.822337197277335,1.546120173718338e-15,0,12345
0.0,0.05,23,35,Repeated,1.0,,,,100,12345
0.0,0.05,23,35,S-HCP-within,1.0,,,,100,12345
0.0,0.05,23,35,Std-CP,0.99,6.6260465526964,6.284831033037147,2.0568493510262327,0,12345
0.0,0.05,23,35,Subsampling,1.0,,,,100,12345
0.0,0.05,24,0,Donor-HCP-no-within,1.0,,,,100,12345
0.0,0.05,24,0,Donor-HCP-within,1.0,,,,100,12345
0.0,0.05,24,0,HCP,1.0,,,,100,12345
0.0,0.05,24,0,Pooling,0.93,8.919747195270988,8.91974719527099,1.4722008750047665e-15,0,12345
0.0,0.05,24,0,Repeated,1.0,,,,100,12345
0.0,0.05,24,0,S-HCP-within,1.0,,,,100,12345
0.0,0.05,24,0,Std-CP,1.0,,,,100,12345
0.0,0.05,24,0,Subsampling,1.0,,,,100,12345
0.0,0.05,24,5,Donor-HCP-no-within,1.0,,,,100,12345
0.0,0.05,24,5,Donor-HCP-within,1.0,,,,100,12345
0.0,0.05,24,5,HCP,1.0,,,,100,12345
0.0,0.05,24,5,Pooling,0.93,8.919747195270988,8.91974719527099,1.4722008750047665e-15,0,12345
0.0,0.05,24,5,Repeated,1.0,,,,100,12345
0.0,0.05,24,5,S-HCP-within,0.99,10.441025310375837,10.460935702434229,1.118143408402348,0,12345
0.0,0.05,24,5,Std-CP,0.79,6.795168697548348,5.135477173174,7.6113902318332824,0,12345
0.0,0.05,24,5,Subsampling,1.0,,,,100,12345
0.0,0.05,24,10,Donor-HCP-no-within,1.0,11.943481731697158,11.685566878772093,1.3935287267307974,0,12345
0.0,0.05,24,10,Donor-HCP-within,1.0,,,,100,12345
0.0,0.05,24,10,HCP,1.0,,,,100,12345
0.0,0.05,24,10,Pooling,0.93,8.919747195270988,8.91974719527099,1.4722008750047665e-15,0,12345
0.0,0.05,24,10,Repeated,1.0,,,,100,12345
0.0,0.05,24,10,S-HCP-within,0.99,10.692395330609784,10.46093570243423,0.8818058303134029,0,12345
0.0,0.05,24,10,Std-CP,0.85,28.248121863061797,12.260965160766133,39.58303584343415,0,12345
0.0,0.05,24,10,Subsampling,1.0,,,,100,12345
0.0,0.05,24,15,Donor-HCP-no-within,0.93,9.980946461730944,9.839495959664124,0.877524577570306,0,12345
0.0,0.05,24,15,Donor-HCP-within,1.0,13.585648887552999,14.101665612280193,1.6937714528303986,0,12345
0.0,0.05,24,15,HCP,1.0,,,,100,12345
0.0,0.05,24,15,Pooling,0.93,8.919747195270988,8.91974719527099,1.4722008750047665e-15,0,12345
0.0,0.05,24,15,Repeated,1.0,,,,100,12345
0.0,0.05,24,15,S-HCP-within,0.99,10.518151775919964,10.46093570243423,0.7024511933543454,0,12345
0.0,0.05,24,15,Std-CP,0.93,9.041772310672691,8.423813561121982,4.781293304293647,0,12345
0.0,0.05,24,15,Subsampling,1.0,,,,100,12345
0.0,0.05,24,20,Donor-HCP-no-within,0.93,9.267083604969143,9.053126442186915,0.7287759292290222,0,12345
0.0,0.05,24,20,Donor-HCP-within,0.91,6.713800968136675,6.6333028187694,0.4369102250956861,0,12345
0.0,0.05,24,20,HCP,1.0,,,,100,12345
0.0,0.05,24,20,Pooling,0.93,8.919747195270988,8.91974719527099,1.4722008750047665e-15,0,12345
0.0,0.05,24,20,Repeated,1.0,,,,100,12345
0.0,0.05,24,20,S-HCP-within,0.98,10.063120437894481,10.213681636174478,0.46508708850203,0,12345
0.0,0.05,24,20,Std-CP,0.95,7.508944857055479,6.603003664464949,3.745284436892872,0,12345
0.0,0.05,24,20,Subsampling,1.0,,,,100,12345
0.0,0.05,24,25,Donor-HCP-no-within,0.95,7.7842165931923315,7.673702883577089,2.062628375644832,0,12345
0.0,0.05,24,25,Donor-HCP-within,1.0,,,,100,12345
0.0,0.05,24,25,HCP,1.0,,,,100,12345
0.0,0.05,24,25,Pooling,0.93,8.919747195270988,8.91974719527099,1.4722008750047665e-15,0,12345
0.0,0.05,24,25,Repeated,1.0,,,,100,12345
0.0,0.05,24,25,S-HCP-within,1.0,,,,100,12345
0.0,0.05,24,25,Std-CP,0.93,6.934116164999841,6.3668692793472825,2.6118487401281434,0,12345
0.0,0.05,24,25,Subsampling,1.0,,,,100,12345
0.0,0.05,24,30,Donor-HCP-no-within,0.96,7.980001097873501,7.749467530823493,2.13969415852331,0,12345
0.0,0.05,24,30,Donor-HCP-within,1.0,,,,100,12345
0.0,0.05,24,30,HCP,1.0,,,,100,12345
0.0,0.05,24,30,Pooling,0.93,8.919747195270988,8.91974719527099,1.4722008750047665e-15,0,12345
0.0,0.05,24,30,Repeated,1.0,,,,100,12345
0.0,0.05,24,30,S-HCP-within,1.0,,,,100,12345
0.0,0.05,24,30,Std-CP,0.93,6.50471913073385,6.297270595060269,1.9038078198741344,0,12345
0.0,0.05,24,30,Subsampling,1.0,,,,100,12345
0.0,0.05,24,35,Donor-HCP-no-within,0.97,8.12758945987101,7.861812790049216,2.2126443509145743,0,12345
0.0,0.05,24,35,Donor-HCP-within,1.0,,,,100,12345
0.0,0.05,24,35,HCP,1.0,,,,100,12345
0.0,0.05,24,35,Pooling,0.93,8.919747195270988,8.91974719527099,1.4722008750047665e-15,0,12345
0.0,0.05,24,35,Repeated,1.0,,,,100,12345
0.0,0.05,24,35,S-HCP-within,1.0,,,,100,12345
0.0,0.05,24,35,Std-CP,0.95,6.747177790421014,6.476318271055942,1.935396504383874,0,12345
0.0,0.05,24,35,Subsampling,1.0,,,,100,12345
0.0,0.05,25,0,Donor-HCP-no-within,1.0,,,,100,12345
0.0,0.05,25,0,Donor-HCP-within,1.0,,,,100,12345
0.0,0.05,25,0,HCP,1.0,,,,100,12345
0.0,0.05,25,0,Pooling,0.96,7.759471117024433,7.759471117024432,6.054266517991696e-16,0,12345
0.0,0.05,25,0,Repeated,1.0,,,,100,12345
0.0,0.05,25,0,S-HCP-within,1.0,,,,100,12345
0.0,0.05,25,0,Std-CP,1.0,,,,100,12345
0.0,0.05,25,0,Subsampling,1.0,,,,100,12345
0.0,0.05,25,5,Donor-HCP-no-within,1.0,,,,100,12345
0.0,0.05,25,5,Donor-HCP-within,1.0,,,,100,12345
0.0,0.05,25,5,HCP,1.0,,,,100,12345
0.0,0.05,25,5,Pooling,0.96,7.759471117024433,7.759471117024432,6.054266517991696e-16,0,12345
0.0,0.05,25,5,Repeated,1.0,,,,100,12345
0.0,0.05,25,5,S-HCP-within,0.97,12.302000708806824,12.54694074864734,1.461821603210737,0,12345
0.0,0.05,25,5,Std-CP,0.67,5.6444687483538765,4.509940470139999,4.8118647008816975,0,12345
0.0,0.05,25,5,Subsampling,1.0,,,,100,12345
0.0,0.05,25,10,Donor-HCP-no-within,1.0,14.13772242491667,14.142036919418992,0.603680337555567,0,12345
0.0,0.05,25,10,Donor-HCP-within,1.0,,,,100,12345
0.0,0.05,25,10,HCP,1.0,,,,100,12345
0.0,0.05,25,10,Pooling,0.96,7.759471117024433,7.759471117024432,6.054266517991696e-16,0,12345
0.0,0.05,25,10,Repeated,1.0,,,,100,12345
0.0,0.05,25,10,S-HCP-within,0.97,12.115072590806873,11.99072086723799,1.1121174467604809,0,12345
0.0,0.05,25,10,Std-CP,0.83,50.209349071736284,10.600777460950308,127.58111034593983,0,12345
0.0,0.05,25,10,Subsampling,1.0,,,,100,12345
0.0,0.05,25,15,Donor-HCP-no-within,0.98,8.784517741806832,8.709080246294864,0.597984341328171,0,12345
0.0,0.05,25,15,Donor-HCP-within,1.0,11.28545724678687,11.453035947989811,1.2232622501782717,0,12345
0.0,0.05,25,15,HCP,1.0,,,,100,12345
0.0,0.05,25,15,Pooling,0.96,7.759471117024433,7.759471117024432,6.054266517991696e-16,0,12345
0.0,0.05,25,15,Repeated,1.0,,,,100,12345
0.0,0.05,25,15,S-HCP-within,0.97,12.234277233444676,12.143242666245246,0.7365294754735459,0,12345
0.0,0.05,25,15,Std-CP,0.85,8.341906119998546,6.534085440476774,7.601915626533923,0,12345
0.0,0.05,25,15,Subsampling,1.0,,,,100,12345
0.0,0.05,25,20,Donor-HCP-no-within,0.96,7.967547858293475,7.796332921609226,0.45010824997908544,0,12345
0.0,0.05,25,20,Donor-HCP-within,0.96,6.419971311363078,6.303328175315471,0.3074402670753657,0,12345
0.0,0.05,25,20,HCP,1.0,,,,100,12345
0.0,0.05,25,20,Pooling,0.96,7.759471117024433,7.759471117024432,6.054266517991696e-16,0,12345
0.0,0.05,25,20,Repeated,1.0,,,,100,12345
0.0,0.05,25,20,S-HCP-within,0.97,11.818797719886891,11.926067817350955,0.7506007417946899,0,12345
0.0,0.05,25,20,Std-CP,0.94,6.514108513348591,6.006708034545119,2.555049315879175,0,12345
0.0,0.05,25,20,Subsampling,1.0,,,,100,12345
0.0,0.05,25,25,Donor-HCP-no-within,0.97,7.309023485722639,6.865699610850088,2.3886393544745426,0,12345
0.0,0.05,25,25,Donor-HCP-within,1.0,,,,100,12345
0.0,0.05,25,25,HCP,1.0,,,,100,12345
0.0,0.05,25,25,Pooling,0.96,7.759471117024433,7.759471117024432,6.054266517991696e-16,0,12345
0.0,0.05,25,25,Repeated,1.0,,,,100,12345
0.0,0.05,25,25,S-HCP-within,1.0,,,,100,12345
0.0,0.05,25,25,Std-CP,0.95,6.42582872209258,5.783187244959664,2.567996700710334,0,12345
0.0,0.05,25,25,Subsampling,1.0,,,,100,12345
0.0,0.05,25,30,Donor-HCP-no-within,0.98,7.439894953448576,7.009588353272517,2.394672267829676,0,12345
0.0,0.05,25,30,Donor-HCP-within,1.0,,,,100,12345
0.0,0.05,25,30,HCP,1.0,,,,100,12345
0.0,0.05,25,30,Pooling,0.96,7.759471117024433,7.759471117024432,6.054266517991696e-16,0,12345
0.0,0.05,25,30,Repeated,1.0,,,,100,12345
0.0,0.05,25,30,S-HCP-within,1.0,,,,100,12345
0.0,0.05,25,30,Std-CP,0.96,6.220684497062109,6.004536180310762,2.11021199553543,0,12345
0.0,0.05,25,30,Subsampling,1.0,,,,100,12345
0.0,0.05,25,35,Donor-HCP-no-within,0.99,7.682117448740619,7.299982031352156,2.3737353239796,0,12345
0.0,0.05,25,35,Donor-HCP-within,1.0,,,,100,12345
0.0,0.05,25,35,HCP,1.0,,,,100,12345
0.0,0.05,25,35,Pooling,0.96,7.759471117024433,7.759471117024432,6.054266517991696e-16,0,12345
0.0,0.05,25,35,Repeated,1.0,,,,100,12345
0.0,0.05,25,35,S-HCP-within,1.0,,,,100,12345
0.0,0.05,25,35,Std-CP,1.0,6.498285986914985,6.324921202885865,2.1347969027122233,0,12345
0.0,0.05,25,35,Subsampling,1.0,,,,100,12345
0.0,0.05,26,0,Donor-HCP-no-within,1.0,,,,100,12345
0.0,0.05,26,0,Donor-HCP-within,1.0,,,,100,12345
0.0,0.05,26,0,HCP,1.0,,,,100,12345
0.0,0.05,26,0,Pooling,0.87,5.972825465693752,5.972825465693752,5.921189464667501e-16,0,12345
0.0,0.05,26,0,Repeated,1.0,,,,100,12345
0.0,0.05,26,0,S-HCP-within,1.0,,,,100,12345
0.0,0.05,26,0,Std-CP,1.0,,,,100,12345
0.0,0.05,26,0,Subsampling,1.0,,,,100,12345
0.0,0.05,26,5,Donor-HCP-no-within,1.0,,,,100,12345
0.0,0.05,26,5,Donor-HCP-within,1.0,,,,100,12345
0.0,0.05,26,5,HCP,1.0,,,,100,12345
0.0,0.05,26,5,Pooling,0.87,5.972825465693752,5.972825465693752,5.921189464667501e-16,0,12345
0.0,0.05,26,5,Repeated,1.0,,,,100,12345
0.0,0.05,26,5,S-HCP-within,0.96,11.325460999183294,10.922473295817888,1.3953481202738354,0,12345
0.0,0.05,26,5,Std-CP,0.72,4.886578103086343,4.088948875805001,3.2736353598343118,0,12345
0.0,0.05,26,5,Subsampling,1.0,,,,100,12345
0.0,0.05,26,10,Donor-HCP-no-within,0.99,8.761794771985368,8.567105712854612,0.7783676590028754,0,12345
0.0,0.05,26,10,Donor-HCP-within,1.0,,,,100,12345
0.0,0.05,26,10,HCP,1.0,,,,100,12345
0.0,0.05,26,10,Pooling,0.87,5.972825465693752,5.972825465693752,5.921189464667501e-16,0,12345
0.0,0.05,26,10,Repeated,1.0,,,,100,12345
0.0,0.05,26,10,S-HCP-within,0.96,11.463936421440936,10.922473295817888,1.2339373200046801,0,12345
0.0,0.05,26,10,Std-CP,0.89,47.91280478908523,10.389718027469879,272.14707043476704,0,12345
0.0,0.05,26,10,Subsampling,1.0,,,,100,12345
0.0,0.05,26,15,Donor-HCP-no-within,0.91,7.37383772804578,7.251034232770699,0.4008999277283346,0,12345
0.0,0.05,26,15,Donor-HCP-within,1.0,10.876694542462076,11.362603482889426,1.2210620565146049,0,12345
0.0,0.05,26,15,HCP,1.0,,,,100,12345
0.0,0.05,26,15,Pooling,0.87,5.972825465693752,5.972825465693752,5.921189464667501e-16,0,12345
0.0,0.05,26,15,Repeated,1.0,,,,100,12345
0.0,0.05,26,15,S-HCP-within,0.97,11.50463156463021,10.922473295817888,1.0595105844532862,0,12345
0.0,0.05,26,15,Std-CP,0.92,8.893882703653839,6.674534490490288,10.05427246834692,0,12345
0.0,0.05,26,15,Subsampling,1.0,,,,100,12345
0.0,0.05,26,20,Donor-HCP-no-within,0.92,6.775958053295601,6.748261960498136,0.3491428068224182,0,12345
0.0,0.05,26,20,Donor-HCP-within,0.96,6.3697394588049905,6.407741022768093,0.34987571524668554,0,12345
0.0,0.05,26,20,HCP,1.0,,,,100,12345
0.0,0.05,26,20,Pooling,0.87,5.972825465693752,5.972825465693752,5.921189464667501e-16,0,12345
0.0,0.05,26,20,Repeated,1.0,,,,100,12345
0.0,0.05,26,20,S-HCP-within,0.98,10.912531647591775,10.799194882218139,0.7966476043307242,0,12345
0.0,0.05,26,20,Std-CP,0.89,6.575070876302135,5.931637540851514,3.2162597223092733,0,12345
0.0,0.05,26,20,Subsampling,1.0,,,,100,12345
0.0,0.05,26,25,Donor-HCP-no-within,0.99,7.525673270134165,7.259885101272807,2.573314589241171,0,12345
0.0,0.05,26,25,Donor-HCP-within,1.0,,,,100,12345
0.0,0.05,26,25,HCP,1.0,,,,100,12345
0.0,0.05,26,25,Pooling,0.87,5.972825465693752,5.972825465693752,5.921189464667501e-16,0,12345
0.0,0.05,26,25,Repeated,1.0,,,,100,12345
0.0,0.05,26,25,S-HCP-within,1.0,,,,100,12345
0.0,0.05,26,25,Std-CP,0.96,6.296637926540526,6.287916882556392,2.1543263938672537,0,12345
0.0,0.05,26,25,Subsampling,1.0,,,,100,12345
0.0,0.05,26,30,Donor-HCP-no-within,0.99,7.789913479311386,7.378166831452803,2.5898782945023933,0,12345
0.0,0.05,26,30,Donor-HCP-within,1.0,,,,100,12345
0.0,0.05,26,30,HCP,1.0,,,,100,12345
0.0,0.05,26,30,Pooling,0.87,5.972825465693752,5.972825465693752,5.921189464667501e-16,0,12345
0.0,0.05,26,30,Repeated,1.0,,,,100,12345
0.0,0.05,26,30,S-HCP-within,1.0,,,,100,12345
0.0,0.05,26,30,Std-CP,0.93,6.274362136136605,6.040206273093715,2.1148542110127675,0,12345
0.0,0.05,26,30,Subsampling,1.0,,,,100,12345
0.0,0.05,26,35,Donor-HCP-no-within,0.99,8.021646082045716,7.518881549817214,2.6294210401656404,0,12345
0.0,0.05,26,35,Donor-HCP-within,1.0,,,,100,12345
0.0,0.05,26,35,HCP,1.0,,,,100,12345
0.0,0.05,26,35,Pooling,0.87,5.972825465693752,5.972825465693752,5.921189464667501e-16,0,12345
0.0,0.05,26,35,Repeated,1.0,,,,100,12345
0.0,0.05,26,35,S-HCP-within,1.0,,,,100,12345
0.0,0.05,26,35,Std-CP,0.93,6.186995902914269,6.006063031850143,2.088766567817546,0,12345
0.0,0.05,26,35,Subsampling,1.0,,,,100,12345
0.0,0.05,27,0,Donor-HCP-no-within,1.0,,,,100,12345
0.0,0.05,27,0,Donor-HCP-within,1.0,,,,100,12345
0.0,0.05,27,0,HCP,1.0,,,,100,12345
0.0,0.05,27,0,Pooling,0.89,8.599245210493024,8.599245210493024,3.5706115939831736e-16,0,12345
0.0,0.05,27,0,Repeated,1.0,,,,100,12345
0.0,0.05,27,0,S-HCP-within,1.0,,,,100,12345
0.0,0.05,27,0,Std-CP,1.0,,,,100,12345
0.0,0.05,27,0,Subsampling,1.0,,,,100,12345
0.0,0.05,27,5,Donor-HCP-no-within,1.0,,,,100,12345
0.0,0.05,27,5,Donor-HCP-within,1.0,,,,100,12345
0.0,0.05,27,5,HCP,1.0,,,,100,12345
0.0,0.05,27,5,Pooling,0.89,8.599245210493024,8.599245210493024,3.5706115939831736e-16,0,12345
0.0,0.05,27,5,Repeated,1.0,,,,100,12345
0.0,0.05,27,5,S-HCP-within,0.87,7.284967026675606,7.153370894202832,0.8812317425559254,0,12345
0.0,0.05,27,5,Std-CP,0.77,6.253572678342604,5.192489422651869,4.96862483504236,0,12345
0.0,0.05,27,5,Subsampling,1.0,,,,100,12345
0.0,0.05,27,10,Donor-HCP-no-within,0.99,11.817822582245768,11.486427542240385,1.456323369815007,0,12345
0.0,0.05,27,10,Donor-HCP-within,1.0,,,,100,12345
0.0,0.05,27,10,HCP,1.0,,,,100,12345
0.0,0.05,27,10,Pooling,0.89,8.599245210493024,8.599245210493024,3.5706115939831736e-16,0,12345
0.0,0.05,27,10,Repeated,1.0,,,,100,12345
0.0,0.05,27,10,S-HCP-within,0.86,7.0651156382478435,7.087769495729909,0.5722898724130349,0,12345
0.0,0.05,27,10,Std-CP,0.83,65.90259285039375,11.603333430476312,301.3902497947455,0,12345
0.0,0.05,27,10,Subsampling,1.0,,,,100,12345
0.0,0.05,27,15,Donor-HCP-no-within,0.98,10.138462894747853,10.033453667688988,1.0044039302894539,0,12345
0.0,0.05,27,15,Donor-HCP-within,0.98,10.008510411112509,9.982302705270222,1.07936824628272,0,12345
0.0,0.05,27,15,HCP,1.0,,,,100,12345
0.0,0.05,27,15,Pooling,0.89,8.599245210493024,8.599245210493024,3.5706115939831736e-16,0,12345
0.0,0.05,27,15,Repeated,1.0,,,,100,12345
0.0,0.05,27,15,S-HCP-within,0.86,7.240324656386081,7.143037109078081,0.6091172034763903,0,12345
0.0,0.05,27,15,Std-CP,0.93,8.947007255473855,7.702744651371344,5.549050090682694,0,12345
0.0,0.05,27,15,Subsampling,1.0,,,,100,12345
0.0,0.05,27,20,Donor-HCP-no-within,0.98,9.344542077492562,9.199028655725758,0.9335638013295163,0,12345
0.0,0.05,27,20,Donor-HCP-within,0.98,7.173314306183163,7.251231824266234,0.4944688965344373,0,12345
0.0,0.05,27,20,HCP,1.0,,,,100,12345
0.0,0.05,27,20,Pooling,0.89,8.599245210493024,8.599245210493024,3.5706115939831736e-16,0,12345
0.0,0.05,27,20,Repeated,1.0,,,,100,12345
0.0,0.05,27,20,S-HCP-within,0.84,6.966093816259489,6.827939281776798,0.4379623392112397,0,12345
0.0,0.05,27,20,Std-CP,0.9,6.780068389125545,6.212399134785578,2.50946733290666,0,12345
0.0,0.05,27,20,Subsampling,1.0,,,,100,12345
0.0,0.05,27,25,Donor-HCP-no-within,0.93,8.072452066315616,7.943588750833286,2.3357183554995435,0,12345
0.0,0.05,27,25,Donor-HCP-within,1.0,,,,100,12345
0.0,0.05,27,25,HCP,1.0,,,,100,12345
0.0,0.05,27,25,Pooling,0.89,8.599245210493024,8.599245210493024,3.5706115939831736e-16,0,12345
0.0,0.05,27,25,Repeated,1.0,,,,100,12345
0.0,0.05,27,25,S-HCP-within,1.0,,,,100,12345
0.0,0.05,27,25,Std-CP,0.93,6.759062009450614,6.496575510588874,2.2684969113688007,0,12345
0.0,0.05,27,25,Subsampling,1.0,,,,100,12345
0.0,0.05,27,30,Donor-HCP-no-within,0.94,8.325095761555616,8.148209597342813,2.4205117214784044,0,12345
0.0,0.05,27,30,Donor-HCP-within,1.0,,,,100,12345
0.0,0.05,27,30,HCP,1.0,,,,100,12345
0.0,0.05,27,30,Pooling,0.89,8.599245210493024,8.599245210493024,3.5706115939831736e-16,0,12345
0.0,0.05,27,30,Repeated,1.0,,,,100,12345
0.0,0.05,27,30,S-HCP-within,1.0,,,,100,12345
0.0,0.05,27,30,Std-CP,0.91,6.2729247269275445,6.188668902782085,2.065869228019077,0,12345
0.0,0.05,27,30,Subsampling,1.0,,,,100,12345
0.0,0.05,27,35,Donor-HCP-no-within,0.94,8.486085253073492,8.324744796140703,2.4317150877452014,0,12345
0.0,0.05,27,35,Donor-HCP-within,1.0,,,,100,12345
0.0,0.05,27,35,HCP,1.0,,,,100,12345
0.0,0.05,27,35,Pooling,0.89,8.599245210493024,8.599245210493024,3.5706115939831736e-16,0,12345
0.0,0.05,27,35,Repeated,1.0,,,,100,12345
0.0,0.05,27,35,S-HCP-within,1.0,,,,100,12345
0.0,0.05,27,35,Std-CP,0.94,6.47528411923772,6.182543548899712,2.1492898067949278,0,12345
0.0,0.05,27,35,Subsampling,1.0,,,,100,12345
0.0,0.05,28,0,Donor-HCP-no-within,1.0,,,,100,12345
0.0,0.05,28,0,Donor-HCP-within,1.0,,,,100,12345
0.0,0.05,28,0,HCP,1.0,,,,100,12345
0.0,0.05,28,0,Pooling,0.81,7.866552907156636,7.866552907156635,1.8118874944198157e-15,0,12345
0.0,0.05,28,0,Repeated,1.0,,,,100,12345
0.0,0.05,28,0,S-HCP-within,1.0,,,,100,12345
0.0,0.05,28,0,Std-CP,1.0,,,,100,12345
0.0,0.05,28,0,Subsampling,1.0,,,,100,12345
0.0,0.05,28,5,Donor-HCP-no-within,1.0,,,,100,12345
0.0,0.05,28,5,Donor-HCP-within,1.0,,,,100,12345
0.0,0.05,28,5,HCP,1.0,,,,100,12345
0.0,0.05,28,5,Pooling,0.81,7.866552907156636,7.866552907156635,1.8118874944198157e-15,0,12345
0.0,0.05,28,5,Repeated,1.0,,,,100,12345
0.0,0.05,28,5,S-HCP-within,0.91,7.629266201408296,7.2933622928594275,1.142487282577162,0,12345
0.0,0.05,28,5,Std-CP,0.71,6.151170836413305,4.9689164664242425,5.0449775892607995,0,12345
0.0,0.05,28,5,Subsampling,1.0,,,,100,12345
0.0,0.05,28,10,Donor-HCP-no-within,0.99,11.854585807072944,11.8707798755892,1.1978974857463194,0,12345
0.0,0.05,28,10,Donor-HCP-within,1.0,,,,100,12345
0.0,0.05,28,10,HCP,1.0,,,,100,12345
0.0,0.05,28,10,Pooling,0.81,7.866552907156636,7.866552907156635,1.8118874944198157e-15,0,12345
0.0,0.05,28,10,Repeated,1.0,,,,100,12345
0.0,0.05,28,10,S-HCP-within,0.91,7.241376070267964,7.280718990998096,0.9443430350020147,0,12345
0.0,0.05,28,10,Std-CP,0.81,500.2454345583197,13.790180616814627,4562.371571478998,0,12345
0.0,0.05,28,10,Subsampling,1.0,,,,100,12345
0.0,0.05,28,15,Donor-HCP-no-within,0.94,9.188627556474572,9.003056871231415,1.150802515275071,0,12345
0.0,0.05,28,15,Donor-HCP-within,1.0,11.578610955976346,11.848929955827739,0.8594945432292005,0,12345
0.0,0.05,28,15,HCP,1.0,,,,100,12345
0.0,0.05,28,15,Pooling,0.81,7.866552907156636,7.866552907156635,1.8118874944198157e-15,0,12345
0.0,0.05,28,15,Repeated,1.0,,,,100,12345
0.0,0.05,28,15,S-HCP-within,0.93,7.557185079718826,7.2933622928594275,0.8645777617607338,0,12345
0.0,0.05,28,15,Std-CP,0.84,8.84640597691239,7.759905247855864,5.136271314040838,0,12345
0.0,0.05,28,15,Subsampling,1.0,,,,100,12345
0.0,0.05,28,20,Donor-HCP-no-within,0.88,8.136116060717741,8.12838708055968,1.290735254644648,0,12345
0.0,0.05,28,20,Donor-HCP-within,0.85,6.154329801254124,5.83964248548263,0.7479243709324399,0,12345
0.0,0.05,28,20,HCP,1.0,,,,100,12345
0.0,0.05,28,20,Pooling,0.81,7.866552907156636,7.866552907156635,1.8118874944198157e-15,0,12345
0.0,0.05,28,20,Repeated,1.0,,,,100,12345
0.0,0.05,28,20,S-HCP-within,0.89,7.149373020666784,7.220777984232676,0.7980698930139426,0,12345
0.0,0.05,28,20,Std-CP,0.92,6.498676427301503,6.389457569315083,2.2693108757881775,0,12345
0.0,0.05,28,20,Subsampling,1.0,,,,100,12345
0.0,0.05,28,25,Donor-HCP-no-within,0.96,8.284124606883056,8.056768648991946,2.584785156555688,0,12345
0.0,0.05,28,25,Donor-HCP-within,1.0,,,,100,12345
0.0,0.05,28,25,HCP,1.0,,,,100,12345
0.0,0.05,28,25,Pooling,0.81,7.866552907156636,7.866552907156635,1.8118874944198157e-15,0,12345
0.0,0.05,28,25,Repeated,1.0,,,,100,12345
0.0,0.05,28,25,S-HCP-within,1.0,,,,100,12345
0.0,0.05,28,25,Std-CP,0.92,6.615626204439175,6.308717827105134,2.5459074251741343,0,12345
0.0,0.05,28,25,Subsampling,1.0,,,,100,12345
0.0,0.05,28,30,Donor-HCP-no-within,0.97,8.461712117956756,8.313182607702192,2.523477513890224,0,12345
0.0,0.05,28,30,Donor-HCP-within,1.0,,,,100,12345
0.0,0.05,28,30,HCP,1.0,,,,100,12345
0.0,0.05,28,30,Pooling,0.81,7.866552907156636,7.866552907156635,1.8118874944198157e-15,0,12345
0.0,0.05,28,30,Repeated,1.0,,,,100,12345
0.0,0.05,28,30,S-HCP-within,1.0,,,,100,12345
0.0,0.05,28,30,Std-CP,0.94,6.219630721530881,6.205640740413954,1.9931931052627363,0,12345
0.0,0.05,28,30,Subsampling,1.0,,,,100,12345
0.0,0.05,28,35,Donor-HCP-no-within,0.97,8.583033779961704,8.471285786634166,2.55356829358566,0,12345
0.0,0.05,28,35,Donor-HCP-within,1.0,,,,100,12345
0.0,0.05,28,35,HCP,1.0,,,,100,12345
0.0,0.05,28,35,Pooling,0.81,7.866552907156636,7.866552907156635,1.8118874944198157e-15,0,12345
0.0,0.05,28,35,Repeated,1.0,,,,100,12345
0.0,0.05,28,35,S-HCP-within,1.0,,,,100,12345
0.0,0.05,28,35,Std-CP,0.92,6.360154731964173,6.042505597327942,2.081409165037611,0,12345
0.0,0.05,28,35,Subsampling,1.0,,,,100,12345
0.0,0.05,29,0,Donor-HCP-no-within,1.0,,,,100,12345
0.0,0.05,29,0,Donor-HCP-within,1.0,,,,100,12345
0.0,0.05,29,0,HCP,1.0,,,,100,12345
0.0,0.05,29,0,Pooling,0.98,13.901567485756956,13.901567485756956,1.83808481743854e-15,0,12345
0.0,0.05,29,0,Repeated,1.0,,,,100,12345
0.0,0.05,29,0,S-HCP-within,1.0,,,,100,12345
0.0,0.05,29,0,Std-CP,1.0,,,,100,12345
0.0,0.05,29,0,Subsampling,1.0,,,,100,12345
0.0,0.05,29,5,Donor-HCP-no-within,1.0,,,,100,12345
0.0,0.05,29,5,Donor-HCP-within,1.0,,,,100,12345
0.0,0.05,29,5,HCP,1.0,,,,100,12345
0.0,0.05,29,5,Pooling,0.98,13.901567485756956,13.901567485756956,1.83808481743854e-15,0,12345
0.0,0.05,29,5,Repeated,1.0,,,,100,12345
0.0,0.05,29,5,S-HCP-within,0.97,10.281776942207314,10.295649540996934,2.05968406543151,0,12345
0.0,0.05,29,5,Std-CP,0.82,6.549372475346201,5.255967024790773,4.792777877092592,0,12345
0.0,0.05,29,5,Subsampling,1.0,,,,100,12345
0.0,0.05,29,10,Donor-HCP-no-within,1.0,20.99705663718022,22.568507308825303,3.7457081145513405,0,12345
0.0,0.05,29,10,Donor-HCP-within,1.0,,,,100,12345
0.0,0.05,29,10,HCP,1.0,,,,100,12345
0.0,0.05,29,10,Pooling,0.98,13.901567485756956,13.901567485756956,1.83808481743854e-15,0,12345
0.0,0.05,29,10,Repeated,1.0,,,,100,12345
0.0,0.05,29,10,S-HCP-within,0.97,9.797123479806881,9.56048624047407,1.6292782280799627,0,12345
0.0,0.05,29,10,Std-CP,0.86,42.27421922496578,13.555504171267684,136.97198688158127,0,12345
0.0,0.05,29,10,Subsampling,1.0,,,,100,12345
0.0,0.05,29,15,Donor-HCP-no-within,0.99,14.236878920027777,14.297564296448378,2.3580462542208336,0,12345
0.0,0.05,29,15,Donor-HCP-within,1.0,16.934821046560522,17.240277164201935,0.9924097327988771,0,12345
0.0,0.05,29,15,HCP,1.0,,,,100,12345
0.0,0.05,29,15,Pooling,0.98,13.901567485756956,13.901567485756956,1.83808481743854e-15,0,12345
0.0,0.05,29,15,Repeated,1.0,,,,100,12345
0.0,0.05,29,15,S-HCP-within,0.98,10.312757889856027,10.4909429785613,1.3565017296648763,0,12345
0.0,0.05,29,15,Std-CP,0.89,9.35206474808812,7.714466675404478,5.563772259273998,0,12345
0.0,0.05,29,15,Subsampling,1.0,,,,100,12345
0.0,0.05,29,20,Donor-HCP-no-within,0.98,13.042037699647318,13.557133954777655,2.1995004986924864,0,12345
0.0,0.05,29,20,Donor-HCP-within,0.95,8.32737631621424,8.686358775407463,1.513225767919772,0,12345
0.0,0.05,29,20,HCP,1.0,,,,100,12345
0.0,0.05,29,20,Pooling,0.98,13.901567485756956,13.901567485756956,1.83808481743854e-15,0,12345
0.0,0.05,29,20,Repeated,1.0,,,,100,12345
0.0,0.05,29,20,S-HCP-within,0.98,9.093483014338943,8.735153517994643,1.0695011172433793,0,12345
0.0,0.05,29,20,Std-CP,0.94,7.283116132582315,6.462221496368684,3.8936747220816352,0,12345
0.0,0.05,29,20,Subsampling,1.0,,,,100,12345
0.0,0.05,29,25,Donor-HCP-no-within,0.96,7.690198194605233,7.470319953584767,2.076264800914232,0,12345
0.0,0.05,29,25,Donor-HCP-within,1.0,,,,100,12345
0.0,0.05,29,25,HCP,1.0,,,,100,12345
0.0,0.05,29,25,Pooling,0.98,13.901567485756956,13.901567485756956,1.83808481743854e-15,0,12345
0.0,0.05,29,25,Repeated,1.0,,,,100,12345
0.0,0.05,29,25,S-HCP-within,1.0,,,,100,12345
0.0,0.05,29,25,Std-CP,0.96,7.0788633990448195,6.903668488117628,2.1854225789856634,0,12345
0.0,0.05,29,25,Subsampling,1.0,,,,100,12345
0.0,0.05,29,30,Donor-HCP-no-within,0.96,7.7941696240958604,7.493558799554755,2.032132579677492,0,12345
0.0,0.05,29,30,Donor-HCP-within,1.0,,,,100,12345
0.0,0.05,29,30,HCP,1.0,,,,100,12345
0.0,0.05,29,30,Pooling,0.98,13.901567485756956,13.901567485756956,1.83808481743854e-15,0,12345
0.0,0.05,29,30,Repeated,1.0,,,,100,12345
0.0,0.05,29,30,S-HCP-within,1.0,,,,100,12345
0.0,0.05,29,30,Std-CP,0.94,6.7863130449512035,6.180365948934626,2.251579019413771,0,12345
0.0,0.05,29,30,Subsampling,1.0,,,,100,12345
0.0,0.05,29,35,Donor-HCP-no-within,0.97,7.976893208552639,7.721484462229344,2.025153848327281,0,12345
0.0,0.05,29,35,Donor-HCP-within,1.0,,,,100,12345
0.0,0.05,29,35,HCP,1.0,,,,100,12345
0.0,0.05,29,35,Pooling,0.98,13.901567485756956,13.901567485756956,1.83808481743854e-15,0,12345
0.0,0.05,29,35,Repeated,1.0,,,,100,12345
0.0,0.05,29,35,S-HCP-within,1.0,,,,100,12345
0.0,0.05,29,35,Std-CP,0.95,6.535425030610912,6.380107991014098,1.9612131225748792,0,12345
0.0,0.05,29,35,Subsampling,1.0,,,,100,12345
0.0,0.05,30,0,Donor-HCP-no-within,1.0,,,,100,12345
0.0,0.05,30,0,Donor-HCP-within,1.0,,,,100,12345
0.0,0.05,30,0,HCP,1.0,,,,100,12345
0.0,0.05,30,0,Pooling,0.91,8.253430606213328,8.253430606213328,0.0,0,12345
0.0,0.05,30,0,Repeated,1.0,,,,100,12345
0.0,0.05,30,0,S-HCP-within,1.0,,,,100,12345
0.0,0.05,30,0,Std-CP,1.0,,,,100,12345
0.0,0.05,30,0,Subsampling,1.0,,,,100,12345
0.0,0.05,30,5,Donor-HCP-no-within,1.0,,,,100,12345
0.0,0.05,30,5,Donor-HCP-within,1.0,,,,100,12345
0.0,0.05,30,5,HCP,1.0,,,,100,12345
0.0,0.05,30,5,Pooling,0.91,8.253430606213328,8.253430606213328,0.0,0,12345
0.0,0.05,30,5,Repeated,1.0,,,,100,12345
0.0,0.05,30,5,S-HCP-within,0.99,16.281587173824498,15.755080898560195,1.559844938056009,0,12345
0.0,0.05,30,5,Std-CP,0.74,5.804424978472914,4.790279581431481,3.588741934277702,0,12345
0.0,0.05,30,5,Subsampling,1.0,,,,100,12345
0.0,0.05,30,10,Donor-HCP-no-within,0.99,11.073569940513348,10.858877199778934,0.6928159786249457,0,12345
0.0,0.05,30,10,Donor-HCP-within,1.0,,,,100,12345
0.0,0.05,30,10,HCP,1.0,,,,100,12345
0.0,0.05,30,10,Pooling,0.91,8.253430606213328,8.253430606213328,0.0,0,12345
0.0,0.05,30,10,Repeated,1.0,,,,100,12345
0.0,0.05,30,10,S-HCP-within,0.99,16.09469664046006,15.755080898560195,1.1129868595749204,0,12345
0.0,0.05,30,10,Std-CP,0.84,32.35815092905713,11.932978903686092,67.015251150889,0,12345
0.0,0.05,30,10,Subsampling,1.0,,,,100,12345
0.0,0.05,30,15,Donor-HCP-no-within,0.96,9.189221456758641,9.041515168820538,0.5641172405961465,0,12345
0.0,0.05,30,15,Donor-HCP-within,0.98,8.731604387065353,8.518315199314262,0.760765601095166,0,12345
0.0,0.05,30,15,HCP,1.0,,,,100,12345
0.0,0.05,30,15,Pooling,0.91,8.253430606213328,8.253430606213328,0.0,0,12345
0.0,0.05,30,15,Repeated,1.0,,,,100,12345
0.0,0.05,30,15,S-HCP-within,0.99,16.158970985001723,15.830992157912561,0.9525102891429471,0,12345
0.0,0.05,30,15,Std-CP,0.85,9.05615395801379,7.5185948592932155,5.198860658698111,0,12345
0.0,0.05,30,15,Subsampling,1.0,,,,100,12345
0.0,0.05,30,20,Donor-HCP-no-within,0.91,8.528260143332558,8.377028878390846,0.54135738277345,0,12345
0.0,0.05,30,20,Donor-HCP-within,0.92,5.805890815445615,5.7040612306551,0.383805074211646,0,12345
0.0,0.05,30,20,HCP,1.0,,,,100,12345
0.0,0.05,30,20,Pooling,0.91,8.253430606213328,8.253430606213328,0.0,0,12345
0.0,0.05,30,20,Repeated,1.0,,,,100,12345
0.0,0.05,30,20,S-HCP-within,0.99,15.466975568537325,15.312518285077836,0.46741201107521846,0,12345
0.0,0.05,30,20,Std-CP,0.88,6.772522851332514,6.3834309210049085,2.0861759956618102,0,12345
0.0,0.05,30,20,Subsampling,1.0,,,,100,12345
0.0,0.05,30,25,Donor-HCP-no-within,0.93,7.654719185164713,7.658424466952985,2.107377570687209,0,12345
0.0,0.05,30,25,Donor-HCP-within,1.0,,,,100,12345
0.0,0.05,30,25,HCP,1.0,,,,100,12345
0.0,0.05,30,25,Pooling,0.91,8.253430606213328,8.253430606213328,0.0,0,12345
0.0,0.05,30,25,Repeated,1.0,,,,100,12345
0.0,0.05,30,25,S-HCP-within,1.0,,,,100,12345
0.0,0.05,30,25,Std-CP,0.89,6.97345704643407,6.639069395109512,2.5764033598031055,0,12345
0.0,0.05,30,25,Subsampling,1.0,,,,100,12345
0.0,0.05,30,30,Donor-HCP-no-within,0.93,7.8363500805588115,7.715815434797537,2.0853941620372876,0,12345
0.0,0.05,30,30,Donor-HCP-within,1.0,,,,100,12345
0.0,0.05,30,30,HCP,1.0,,,,100,12345
0.0,0.05,30,30,Pooling,0.91,8.253430606213328,8.253430606213328,0.0,0,12345
0.0,0.05,30,30,Repeated,1.0,,,,100,12345
0.0,0.05,30,30,S-HCP-within,1.0,,,,100,12345
0.0,0.05,30,30,Std-CP,0.96,6.7868089673685965,6.355200631492474,2.12438807935568,0,12345
0.0,0.05,30,30,Subsampling,1.0,,,,100,12345
0.0,0.05,30,35,Donor-HCP-no-within,0.93,7.922343184773565,7.857994185263185,2.0723632463770687,0,12345
0.0,0.05,30,35,Donor-HCP-within,1.0,,,,100,12345
0.0,0.05,30,35,HCP,1.0,,,,100,12345
0.0,0.05,30,35,Pooling,0.91,8.253430606213328,8.253430606213328,0.0,0,12345
0.0,0.05,30,35,Repeated,1.0,,,,100,12345
0.0,0.05,30,35,S-HCP-within,1.0,,,,100,12345
0.0,0.05,30,35,Std-CP,0.91,6.830851308095781,6.6223583482913035,2.4284294997669176,0,12345
0.0,0.05,30,35,Subsampling,1.0,,,,100,12345
0.0,0.05,31,0,Donor-HCP-no-within,1.0,,,,100,12345
0.0,0.05,31,0,Donor-HCP-within,1.0,,,,100,12345
0.0,0.05,31,0,HCP,1.0,,,,100,12345
0.0,0.05,31,0,Pooling,0.95,8.58228747350686,8.58228747350686,3.5706115939831736e-16,0,12345
0.0,0.05,31,0,Repeated,1.0,,,,100,12345
0.0,0.05,31,0,S-HCP-within,1.0,,,,100,12345
0.0,0.05,31,0,Std-CP,1.0,,,,100,12345
0.0,0.05,31,0,Subsampling,1.0,,,,100,12345
0.0,0.05,31,5,Donor-HCP-no-within,1.0,,,,100,12345
0.0,0.05,31,5,Donor-HCP-within,1.0,,,,100,12345
0.0,0.05,31,5,HCP,1.0,,,,100,12345
0.0,0.05,31,5,Pooling,0.95,8.58228747350686,8.58228747350686,3.5706115939831736e-16,0,12345
0.0,0.05,31,5,Repeated,1.0,,,,100,12345
0.0,0.05,31,5,S-HCP-within,0.98,10.442272639418375,10.67403754001134,1.2872715182548025,0,12345
0.0,0.05,31,5,Std-CP,0.75,6.242450595271156,5.356321505045647,3.9076878358094747,0,12345
0.0,0.05,31,5,Subsampling,1.0,,,,100,12345
0.0,0.05,31,10,Donor-HCP-no-within,1.0,12.335576728891402,12.561357903636157,0.7624489675241497,0,12345
0.0,0.05,31,10,Donor-HCP-within,1.0,,,,100,12345
0.0,0.05,31,10,HCP,1.0,,,,100,12345
0.0,0.05,31,10,Pooling,0.95,8.58228747350686,8.58228747350686,3.5706115939831736e-16,0,12345
0.0,0.05,31,10,Repeated,1.0,,,,100,12345
0.0,0.05,31,10,S-HCP-within,0.99,9.989584031300884,9.569695512580637,0.9661520326532801,0,12345
0.0,0.05,31,10,Std-CP,0.8,77.62602634099703,12.90158490984932,339.9529074307309,0,12345
0.0,0.05,31,10,Subsampling,1.0,,,,100,12345
0.0,0.05,31,15,Donor-HCP-no-within,0.99,10.176185973282395,10.417221842374538,0.9191719861265735,0,12345
0.0,0.05,31,15,Donor-HCP-within,0.99,13.376162656641123,12.883006414460937,1.261411449471479,0,12345
0.0,0.05,31,15,HCP,1.0,,,,100,12345
0.0,0.05,31,15,Pooling,0.95,8.58228747350686,8.58228747350686,3.5706115939831736e-16,0,12345
0.0,0.05,31,15,Repeated,1.0,,,,100,12345
0.0,0.05,31,15,S-HCP-within,0.98,10.060116381011701,9.751791357047036,0.795106184540819,0,12345
0.0,0.05,31,15,Std-CP,0.9,9.917045748468556,7.658823420719224,8.519286767561477,0,12345
0.0,0.05,31,15,Subsampling,1.0,,,,100,12345
0.0,0.05,31,20,Donor-HCP-no-within,0.96,9.081216583663638,9.05885250973484,0.8341490034358201,0,12345
0.0,0.05,31,20,Donor-HCP-within,0.99,8.942552532338066,9.28233355497175,0.8644176396864853,0,12345
0.0,0.05,31,20,HCP,1.0,,,,100,12345
0.0,0.05,31,20,Pooling,0.95,8.58228747350686,8.58228747350686,3.5706115939831736e-16,0,12345
0.0,0.05,31,20,Repeated,1.0,,,,100,12345
0.0,0.05,31,20,S-HCP-within,0.98,9.735157364954565,9.485538202739992,0.6213292063142162,0,12345
0.0,0.05,31,20,Std-CP,0.95,6.942844173480268,6.847816302153069,2.7106488327007225,0,12345
0.0,0.05,31,20,Subsampling,1.0,,,,100,12345
0.0,0.05,31,25,Donor-HCP-no-within,0.96,7.420978720153939,7.326060838589335,1.6327316223268684,0,12345
0.0,0.05,31,25,Donor-HCP-within,1.0,,,,100,12345
0.0,0.05,31,25,HCP,1.0,,,,100,12345
0.0,0.05,31,25,Pooling,0.95,8.58228747350686,8.58228747350686,3.5706115939831736e-16,0,12345
0.0,0.05,31,25,Repeated,1.0,,,,100,12345
0.0,0.05,31,25,S-HCP-within,1.0,,,,100,12345
0.0,0.05,31,25,Std-CP,0.95,6.804905468812032,6.5819720201587915,2.227928351446788,0,12345
0.0,0.05,31,25,Subsampling,1.0,,,,100,12345
0.0,0.05,31,30,Donor-HCP-no-within,0.98,7.55267026380978,7.601524929405608,1.615554715683082,0,12345
0.0,0.05,31,30,Donor-HCP-within,1.0,,,,100,12345
0.0,0.05,31,30,HCP,1.0,,,,100,12345
0.0,0.05,31,30,Pooling,0.95,8.58228747350686,8.58228747350686,3.5706115939831736e-16,0,12345
0.0,0.05,31,30,Repeated,1.0,,,,100,12345
0.0,0.05,31,30,S-HCP-within,1.0,,,,100,12345
0.0,0.05,31,30,Std-CP,0.95,6.216629628843682,6.05686199999163,2.2389365313317016,0,12345
0.0,0.05,31,30,Subsampling,1.0,,,,100,12345
0.0,0.05,31,35,Donor-HCP-no-within,0.98,7.615252995185722,7.630244974791552,1.5903208211026603,0,12345
0.0,0.05,31,35,Donor-HCP-within,1.0,,,,100,12345
0.0,0.05,31,35,HCP,1.0,,,,100,12345
0.0,0.05,31,35,Pooling,0.95,8.58228747350686,8.58228747350686,3.5706115939831736e-16,0,12345
0.0,0.05,31,35,Repeated,1.0,,,,100,12345
0.0,0.05,31,35,S-HCP-within,1.0,,,,100,12345
0.0,0.05,31,35,Std-CP,0.95,6.381435733800484,6.336108050454818,1.8695570648040538,0,12345
0.0,0.05,31,35,Subsampling,1.0,,,,100,12345
0.0,0.05,32,0,Donor-HCP-no-within,1.0,,,,100,12345
0.0,0.05,32,0,Donor-HCP-within,1.0,,,,100,12345
0.0,0.05,32,0,HCP,1.0,,,,100,12345
0.0,0.05,32,0,Pooling,0.91,9.221717246190124,9.221717246190124,0.0,0,12345
0.0,0.05,32,0,Repeated,1.0,,,,100,12345
0.0,0.05,32,0,S-HCP-within,1.0,,,,100,12345
0.0,0.05,32,0,Std-CP,1.0,,,,100,12345
0.0,0.05,32,0,Subsampling,1.0,,,,100,12345
0.0,0.05,32,5,Donor-HCP-no-within,1.0,,,,100,12345
0.0,0.05,32,5,Donor-HCP-within,1.0,,,,100,12345
0.0,0.05,32,5,HCP,1.0,,,,100,12345
0.0,0.05,32,5,Pooling,0.91,9.221717246190124,9.221717246190124,0.0,0,12345
0.0,0.05,32,5,Repeated,1.0,,,,100,12345
0.0,0.05,32,5,S-HCP-within,0.97,11.138068115158594,11.322483672408811,1.2583460125819508,0,12345
0.0,0.05,32,5,Std-CP,0.7,5.646950483002321,4.880727359655216,3.4271094848027066,0,12345
0.0,0.05,32,5,Subsampling,1.0,,,,100,12345
0.0,0.05,32,10,Donor-HCP-no-within,0.98,13.765155591464433,14.329438857594951,1.207038933980339,0,12345
0.0,0.05,32,10,Donor-HCP-within,1.0,,,,100,12345
0.0,0.05,32,10,HCP,1.0,,,,100,12345
0.0,0.05,32,10,Pooling,0.91,9.221717246190124,9.221717246190124,0.0,0,12345
0.0,0.05,32,10,Repeated,1.0,,,,100,12345
0.0,0.05,32,10,S-HCP-within,0.97,10.73668424660682,10.809018577927723,0.9954756086132175,0,12345
0.0,0.05,32,10,Std-CP,0.89,51.46439878132371,12.12380147198926,236.18342751160307,0,12345
0.0,0.05,32,10,Subsampling,1.0,,,,100,12345
0.0,0.05,32,15,Donor-HCP-no-within,0.96,11.713816836141438,11.969029900299105,1.2270338060060204,0,12345
0.0,0.05,32,15,Donor-HCP-within,0.98,9.898654142362382,10.001860066488275,0.6280034524516217,0,12345
0.0,0.05,32,15,HCP,1.0,,,,100,12345
0.0,0.05,32,15,Pooling,0.91,9.221717246190124,9.221717246190124,0.0,0,12345
0.0,0.05,32,15,Repeated,1.0,,,,100,12345
0.0,0.05,32,15,S-HCP-within,0.99,11.19605419096218,11.430294062038413,0.8200116771594271,0,12345
0.0,0.05,32,15,Std-CP,0.9,9.265972809856564,8.217729073934025,5.107549798290188,0,12345
0.0,0.05,32,15,Subsampling,1.0,,,,100,12345
0.0,0.05,32,20,Donor-HCP-no-within,0.94,10.71944381810279,11.104012973148691,1.3198320954199283,0,12345
0.0,0.05,32,20,Donor-HCP-within,0.99,7.5883207741124865,7.618436215065778,0.5476060601639158,0,12345
0.0,0.05,32,20,HCP,1.0,,,,100,12345
0.0,0.05,32,20,Pooling,0.91,9.221717246190124,9.221717246190124,0.0,0,12345
0.0,0.05,32,20,Repeated,1.0,,,,100,12345
0.0,0.05,32,20,S-HCP-within,0.98,10.68008819618746,10.809018577927723,0.8132771253546439,0,12345
0.0,0.05,32,20,Std-CP,0.93,7.114968628973835,6.675058708373002,2.458019893985262,0,12345
0.0,0.05,32,20,Subsampling,1.0,,,,100,12345
0.0,0.05,32,25,Donor-HCP-no-within,0.93,8.283831954236302,8.243643707415014,2.1985876406506684,0,12345
0.0,0.05,32,25,Donor-HCP-within,1.0,,,,100,12345
0.0,0.05,32,25,HCP,1.0,,,,100,12345
0.0,0.05,32,25,Pooling,0.91,9.221717246190124,9.221717246190124,0.0,0,12345
0.0,0.05,32,25,Repeated,1.0,,,,100,12345
0.0,0.05,32,25,S-HCP-within,1.0,,,,100,12345
0.0,0.05,32,25,Std-CP,0.94,7.033852185553867,6.6039752156504825,2.4281936009574814,0,12345
0.0,0.05,32,25,Subsampling,1.0,,,,100,12345
0.0,0.05,32,30,Donor-HCP-no-within,0.95,8.503189630121742,8.438744508677395,2.2522404137323937,0,12345
0.0,0.05,32,30,Donor-HCP-within,1.0,,,,100,12345
0.0,0.05,32,30,HCP,1.0,,,,100,12345
0.0,0.05,32,30,Pooling,0.91,9.221717246190124,9.221717246190124,0.0,0,12345
0.0,0.05,32,30,Repeated,1.0,,,,100,12345
0.0,0.05,32,30,S-HCP-within,1.0,,,,100,12345
0.0,0.05,32,30,Std-CP,0.94,6.789825811563593,6.4386280063373444,2.245283068411433,0,12345
0.0,0.05,32,30,Subsampling,1.0,,,,100,12345
0.0,0.05,32,35,Donor-HCP-no-within,0.96,8.616440929163943,8.484843104244565,2.256711398016099,0,12345
0.0,0.05,32,35,Donor-HCP-within,1.0,,,,100,12345
0.0,0.05,32,35,HCP,1.0,,,,100,12345
0.0,0.05,32,35,Pooling,0.91,9.221717246190124,9.221717246190124,0.0,0,12345
0.0,0.05,32,35,Repeated,1.0,,,,100,12345
0.0,0.05,32,35,S-HCP-within,1.0,,,,100,12345
0.0,0.05,32,35,Std-CP,0.95,6.5749733239098465,6.458423255992759,1.7904470188258386,0,12345
0.0,0.05,32,35,Subsampling,1.0,,,,100,12345
0.0,0.05,33,0,Donor-HCP-no-within,1.0,,,,100,12345
0.0,0.05,33,0,Donor-HCP-within,1.0,,,,100,12345
0.0,0.05,33,0,HCP,1.0,,,,100,12345
0.0,0.05,33,0,Pooling,0.9,6.831494742512071,6.831494742512071,1.021687940773871e-15,0,12345
0.0,0.05,33,0,Repeated,1.0,,,,100,12345
0.0,0.05,33,0,S-HCP-within,1.0,,,,100,12345
0.0,0.05,33,0,Std-CP,1.0,,,,100,12345
0.0,0.05,33,0,Subsampling,1.0,,,,100,12345
0.0,0.05,33,5,Donor-HCP-no-within,1.0,,,,100,12345
0.0,0.05,33,5,Donor-HCP-within,1.0,,,,100,12345
0.0,0.05,33,5,HCP,1.0,,,,100,12345
0.0,0.05,33,5,Pooling,0.9,6.831494742512071,6.831494742512071,1.021687940773871e-15,0,12345
0.0,0.05,33,5,Repeated,1.0,,,,100,12345
0.0,0.05,33,5,S-HCP-within,0.93,7.133727873106461,7.1236881944082775,1.1234452908465429,0,12345
0.0,0.05,33,5,Std-CP,0.81,6.178229955326977,4.819809074621532,5.2758852963110225,0,12345
0.0,0.05,33,5,Subsampling,1.0,,,,100,12345
0.0,0.05,33,10,Donor-HCP-no-within,0.97,12.932848997313494,12.878088962515623,0.9673514587292527,0,12345
0.0,0.05,33,10,Donor-HCP-within,1.0,,,,100,12345
0.0,0.05,33,10,HCP,1.0,,,,100,12345
0.0,0.05,33,10,Pooling,0.9,6.831494742512071,6.831494742512071,1.021687940773871e-15,0,12345
0.0,0.05,33,10,Repeated,1.0,,,,100,12345
0.0,0.05,33,10,S-HCP-within,0.91,6.949704963115504,6.795315350309512,0.8891397002395143,0,12345
0.0,0.05,33,10,Std-CP,0.79,34.37971777085838,11.124507066119676,89.97858566240048,0,12345
0.0,0.05,33,10,Subsampling,1.0,,,,100,12345
0.0,0.05,33,15,Donor-HCP-no-within,0.97,9.62479601614688,9.810628448486767,0.9086311108916478,0,12345
0.0,0.05,33,15,Donor-HCP-within,0.96,8.578035562144157,8.26444451067228,0.7817934193754303,0,12345
0.0,0.05,33,15,HCP,1.0,,,,100,12345
0.0,0.05,33,15,Pooling,0.9,6.831494742512071,6.831494742512071,1.021687940773871e-15,0,12345
0.0,0.05,33,15,Repeated,1.0,,,,100,12345
0.0,0.05,33,15,S-HCP-within,0.94,7.088028897642495,7.105298920373431,0.6423603989629338,0,12345
0.0,0.05,33,15,Std-CP,0.84,9.163419697073103,6.903408651175086,6.891369505223535,0,12345
0.0,0.05,33,15,Subsampling,1.0,,,,100,12345
0.0,0.05,33,20,Donor-HCP-no-within,0.94,8.594685478281011,8.67949967584754,0.8659850113309545,0,12345
0.0,0.05,33,20,Donor-HCP-within,0.9,6.180516105438224,6.182707693009128,0.630156596915811,0,12345
0.0,0.05,33,20,HCP,1.0,,,,100,12345
0.0,0.05,33,20,Pooling,0.9,6.831494742512071,6.831494742512071,1.021687940773871e-15,0,12345
0.0,0.05,33,20,Repeated,1.0,,,,100,12345
0.0,0.05,33,20,S-HCP-within,0.94,6.762189555506878,6.4431675790014395,0.605820738404091,0,12345
0.0,0.05,33,20,Std-CP,0.88,6.590131291267573,6.165100036575527,2.311802449067417,0,12345
0.0,0.05,33,20,Subsampling,1.0,,,,100,12345
0.0,0.05,33,25,Donor-HCP-no-within,0.95,7.86573092314893,7.558208712500349,2.4945934833529337,0,12345
0.0,0.05,33,25,Donor-HCP-within,1.0,,,,100,12345
0.0,0.05,33,25,HCP,1.0,,,,100,12345
0.0,0.05,33,25,Pooling,0.9,6.831494742512071,6.831494742512071,1.021687940773871e-15,0,12345
0.0,0.05,33,25,Repeated,1.0,,,,100,12345
0.0,0.05,33,25,S-HCP-within,1.0,,,,100,12345
0.0,0.05,33,25,Std-CP,0.92,6.493439632092736,6.229072402168089,2.205051472788313,0,12345
0.0,0.05,33,25,Subsampling,1.0,,,,100,12345
0.0,0.05,33,30,Donor-HCP-no-within,0.95,8.063921886209194,7.660835921579592,2.5969371057130495,0,12345
0.0,0.05,33,30,Donor-HCP-within,1.0,,,,100,12345
0.0,0.05,33,30,HCP,1.0,,,,100,12345
0.0,0.05,33,30,Pooling,0.9,6.831494742512071,6.831494742512071,1.021687940773871e-15,0,12345
0.0,0.05,33,30,Repeated,1.0,,,,100,12345
0.0,0.05,33,30,S-HCP-within,1.0,,,,100,12345
0.0,0.05,33,30,Std-CP,0.96,6.514217422022098,6.094293655780734,2.1118778137351093,0,12345
0.0,0.05,33,30,Subsampling,1.0,,,,100,12345
0.0,0.05,33,35,Donor-HCP-no-within,0.95,8.225532593251312,7.867477966779266,2.4914542128943626,0,12345
0.0,0.05,33,35,Donor-HCP-within,1.0,,,,100,12345
0.0,0.05,33,35,HCP,1.0,,,,100,12345
0.0,0.05,33,35,Pooling,0.9,6.831494742512071,6.831494742512071,1.021687940773871e-15,0,12345
0.0,0.05,33,35,Repeated,1.0,,,,100,12345
0.0,0.05,33,35,S-HCP-within,1.0,,,,100,12345
0.0,0.05,33,35,Std-CP,0.92,6.348156899334762,6.224057095490186,1.8991120657091485,0,12345
0.0,0.05,33,35,Subsampling,1.0,,,,100,12345
0.0,0.05,34,0,Donor-HCP-no-within,1.0,,,,100,12345
0.0,0.05,34,0,Donor-HCP-within,1.0,,,,100,12345
0.0,0.05,34,0,HCP,1.0,,,,100,12345
0.0,0.05,34,0,Pooling,0.94,8.941538784968579,8.941538784968579,7.574411013266429e-16,0,12345
0.0,0.05,34,0,Repeated,1.0,,,,100,12345
0.0,0.05,34,0,S-HCP-within,1.0,,,,100,12345
0.0,0.05,34,0,Std-CP,1.0,,,,100,12345
0.0,0.05,34,0,Subsampling,1.0,,,,100,12345
0.0,0.05,34,5,Donor-HCP-no-within,1.0,,,,100,12345
0.0,0.05,34,5,Donor-HCP-within,1.0,,,,100,12345
0.0,0.05,34,5,HCP,1.0,,,,100,12345
0.0,0.05,34,5,Pooling,0.94,8.941538784968579,8.941538784968579,7.574411013266429e-16,0,12345
0.0,0.05,34,5,Repeated,1.0,,,,100,12345
0.0,0.05,34,5,S-HCP-within,0.9,7.617460018658175,7.430869518455225,0.9825266360370556,0,12345
0.0,0.05,34,5,Std-CP,0.67,5.607822965924006,4.7528034718822845,4.499270322205717,0,12345
0.0,0.05,34,5,Subsampling,1.0,,,,100,12345
0.0,0.05,34,10,Donor-HCP-no-within,1.0,12.864525589817438,12.880731347822977,0.8215070062062781,0,12345
0.0,0.05,34,10,Donor-HCP-within,1.0,,,,100,12345
0.0,0.05,34,10,HCP,1.0,,,,100,12345
0.0,0.05,34,10,Pooling,0.94,8.941538784968579,8.941538784968579,7.574411013266429e-16,0,12345
0.0,0.05,34,10,Repeated,1.0,,,,100,12345
0.0,0.05,34,10,S-HCP-within,0.91,7.739699165945389,7.82147068124803,0.7635349424223257,0,12345
0.0,0.05,34,10,Std-CP,0.77,37.36628987575132,10.966637429817954,118.29213759427499,0,12345
0.0,0.05,34,10,Subsampling,1.0,,,,100,12345
0.0,0.05,34,15,Donor-HCP-no-within,0.95,10.126167106593659,9.947750246069901,0.5377988198409739,0,12345
0.0,0.05,34,15,Donor-HCP-within,0.95,9.971589336108368,9.82499580848917,0.5511850017739344,0,12345
0.0,0.05,34,15,HCP,1.0,,,,100,12345
0.0,0.05,34,15,Pooling,0.94,8.941538784968579,8.941538784968579,7.574411013266429e-16,0,12345
0.0,0.05,34,15,Repeated,1.0,,,,100,12345
0.0,0.05,34,15,S-HCP-within,0.91,7.601504204889103,7.430869518455225,0.5763327907583569,0,12345
0.0,0.05,34,15,Std-CP,0.9,8.778209136062532,7.33335645333548,5.705278573340878,0,12345
0.0,0.05,34,15,Subsampling,1.0,,,,100,12345
0.0,0.05,34,20,Donor-HCP-no-within,0.95,9.202896801838943,9.160063405185198,0.5114824888835835,0,12345
0.0,0.05,34,20,Donor-HCP-within,0.97,8.625521643442935,8.68566005565863,0.3875482131417801,0,12345
0.0,0.05,34,20,HCP,1.0,,,,100,12345
0.0,0.05,34,20,Pooling,0.94,8.941538784968579,8.941538784968579,7.574411013266429e-16,0,12345
0.0,0.05,34,20,Repeated,1.0,,,,100,12345
0.0,0.05,34,20,S-HCP-within,0.89,7.274693890595574,7.118669950843611,0.5063771569440811,0,12345
0.0,0.05,34,20,Std-CP,0.9,6.207857202690276,5.994866582087127,1.935919012422565,0,12345
0.0,0.05,34,20,Subsampling,1.0,,,,100,12345
0.0,0.05,34,25,Donor-HCP-no-within,0.97,7.5277180954886695,7.0834167766843805,2.153678108980642,0,12345
0.0,0.05,34,25,Donor-HCP-within,1.0,,,,100,12345
0.0,0.05,34,25,HCP,1.0,,,,100,12345
0.0,0.05,34,25,Pooling,0.94,8.941538784968579,8.941538784968579,7.574411013266429e-16,0,12345
0.0,0.05,34,25,Repeated,1.0,,,,100,12345
0.0,0.05,34,25,S-HCP-within,1.0,,,,100,12345
0.0,0.05,34,25,Std-CP,0.94,6.591139428229138,6.217974485758861,2.1942368811567765,0,12345
0.0,0.05,34,25,Subsampling,1.0,,,,100,12345
0.0,0.05,34,30,Donor-HCP-no-within,0.97,7.771523217541443,7.185254614864152,2.1536846218350543,0,12345
0.0,0.05,34,30,Donor-HCP-within,1.0,,,,100,12345
0.0,0.05,34,30,HCP,1.0,,,,100,12345
0.0,0.05,34,30,Pooling,0.94,8.941538784968579,8.941538784968579,7.574411013266429e-16,0,12345
0.0,0.05,34,30,Repeated,1.0,,,,100,12345
0.0,0.05,34,30,S-HCP-within,1.0,,,,100,12345
0.0,0.05,34,30,Std-CP,0.96,6.2415965585911435,6.108146215370246,1.8697625570488394,0,12345
0.0,0.05,34,30,Subsampling,1.0,,,,100,12345
0.0,0.05,34,35,Donor-HCP-no-within,0.97,7.881356748479875,7.54406456795374,2.1123594139672774,0,12345
0.0,0.05,34,35,Donor-HCP-within,1.0,,,,100,12345
0.0,0.05,34,35,HCP,1.0,,,,100,12345
0.0,0.05,34,35,Pooling,0.94,8.941538784968579,8.941538784968579,7.574411013266429e-16,0,12345
0.0,0.05,34,35,Repeated,1.0,,,,100,12345
0.0,0.05,34,35,S-HCP-within,1.0,,,,100,12345
0.0,0.05,34,35,Std-CP,0.93,6.1289418258245565,5.8512056314725935,1.700735440047591,0,12345
0.0,0.05,34,35,Subsampling,1.0,,,,100,12345
0.0,0.05,35,0,Donor-HCP-no-within,1.0,,,,100,12345
0.0,0.05,35,0,Donor-HCP-within,1.0,,,,100,12345
0.0,0.05,35,0,HCP,1.0,,,,100,12345
0.0,0.05,35,0,Pooling,0.93,7.6855646373485875,7.6855646373485875,1.6676132339974293e-15,0,12345
0.0,0.05,35,0,Repeated,1.0,,,,100,12345
0.0,0.05,35,0,S-HCP-within,1.0,,,,100,12345
0.0,0.05,35,0,Std-CP,1.0,,,,100,12345
0.0,0.05,35,0,Subsampling,1.0,,,,100,12345
0.0,0.05,35,5,Donor-HCP-no-within,1.0,,,,100,12345
0.0,0.05,35,5,Donor-HCP-within,1.0,,,,100,12345
0.0,0.05,35,5,HCP,1.0,,,,100,12345
0.0,0.05,35,5,Pooling,0.93,7.6855646373485875,7.6855646373485875,1.6676132339974293e-15,0,12345
0.0,0.05,35,5,Repeated,1.0,,,,100,12345
0.0,0.05,35,5,S-HCP-within,0.98,12.179564860032249,11.895977525389462,1.4324075628714088,0,12345
0.0,0.05,35,5,Std-CP,0.71,5.761849033593499,5.0196431538352435,3.5027205035267692,0,12345
0.0,0.05,35,5,Subsampling,1.0,,,,100,12345
0.0,0.05,35,10,Donor-HCP-no-within,0.99,13.115795374233471,12.763763201289517,0.9573285819798925,0,12345
0.0,0.05,35,10,Donor-HCP-within,1.0,,,,100,12345
0.0,0.05,35,10,HCP,1.0,,,,100,12345
0.0,0.05,35,10,Pooling,0.93,7.6855646373485875,7.6855646373485875,1.6676132339974293e-15,0,12345
0.0,0.05,35,10,Repeated,1.0,,,,100,12345
0.0,0.05,35,10,S-HCP-within,0.97,11.648010159575387,11.453224319974034,1.1581941367616635,0,12345
0.0,0.05,35,10,Std-CP,0.8,35.07880131891483,13.407463947678918,62.73138507328263,0,12345
0.0,0.05,35,10,Subsampling,1.0,,,,100,12345
0.0,0.05,35,15,Donor-HCP-no-within,0.98,10.293705739110516,10.568864592333213,1.155207701668351,0,12345
0.0,0.05,35,15,Donor-HCP-within,0.97,9.672200093379262,9.604880304362005,1.2272359853530395,0,12345
0.0,0.05,35,15,HCP,1.0,,,,100,12345
0.0,0.05,35,15,Pooling,0.93,7.6855646373485875,7.6855646373485875,1.6676132339974293e-15,0,12345
0.0,0.05,35,15,Repeated,1.0,,,,100,12345
0.0,0.05,35,15,S-HCP-within,0.96,12.023361358333872,11.895977525389462,0.9865206474291082,0,12345
0.0,0.05,35,15,Std-CP,0.94,9.942369669202005,6.803995545575466,16.367926880187344,0,12345
0.0,0.05,35,15,Subsampling,1.0,,,,100,12345
0.0,0.05,35,20,Donor-HCP-no-within,0.96,8.728045864829793,8.83186030477631,0.813756199225944,0,12345
0.0,0.05,35,20,Donor-HCP-within,0.96,7.635177293116449,7.84644261349986,0.5769185537424161,0,12345
0.0,0.05,35,20,HCP,1.0,,,,100,12345
0.0,0.05,35,20,Pooling,0.93,7.6855646373485875,7.6855646373485875,1.6676132339974293e-15,0,12345
0.0,0.05,35,20,Repeated,1.0,,,,100,12345
0.0,0.05,35,20,S-HCP-within,0.98,11.49034591339371,11.25395539770588,0.7376568831575818,0,12345
0.0,0.05,35,20,Std-CP,0.89,6.500281400219668,6.023432043793196,2.7015305131442404,0,12345
0.0,0.05,35,20,Subsampling,1.0,,,,100,12345
0.0,0.05,35,25,Donor-HCP-no-within,0.96,7.539713899011974,6.994480540124072,2.374634164566887,0,12345
0.0,0.05,35,25,Donor-HCP-within,1.0,,,,100,12345
0.0,0.05,35,25,HCP,1.0,,,,100,12345
0.0,0.05,35,25,Pooling,0.93,7.6855646373485875,7.6855646373485875,1.6676132339974293e-15,0,12345
0.0,0.05,35,25,Repeated,1.0,,,,100,12345
0.0,0.05,35,25,S-HCP-within,1.0,,,,100,12345
0.0,0.05,35,25,Std-CP,0.95,6.60564049504179,6.622837079615658,2.4032690068759854,0,12345
0.0,0.05,35,25,Subsampling,1.0,,,,100,12345
0.0,0.05,35,30,Donor-HCP-no-within,0.97,7.71707674143084,7.160512488783672,2.415743520039783,0,12345
0.0,0.05,35,30,Donor-HCP-within,1.0,,,,100,12345
0.0,0.05,35,30,HCP,1.0,,,,100,12345
0.0,0.05,35,30,Pooling,0.93,7.6855646373485875,7.6855646373485875,1.6676132339974293e-15,0,12345
0.0,0.05,35,30,Repeated,1.0,,,,100,12345
0.0,0.05,35,30,S-HCP-within,1.0,,,,100,12345
0.0,0.05,35,30,Std-CP,0.96,6.260807897970266,5.94342760539301,1.8919482757738124,0,12345
0.0,0.05,35,30,Subsampling,1.0,,,,100,12345
0.0,0.05,35,35,Donor-HCP-no-within,0.97,7.908531907828319,7.378554184689044,2.4888469157311257,0,12345
0.0,0.05,35,35,Donor-HCP-within,1.0,,,,100,12345
0.0,0.05,35,35,HCP,1.0,,,,100,12345
0.0,0.05,35,35,Pooling,0.93,7.6855646373485875,7.6855646373485875,1.6676132339974293e-15,0,12345
0.0,0.05,35,35,Repeated,1.0,,,,100,12345
0.0,0.05,35,35,S-HCP-within,1.0,,,,100,12345
0.0,0.05,35,35,Std-CP,0.96,6.360530212075133,6.226297394585775,2.0563364576569727,0,12345
0.0,0.05,35,35,Subsampling,1.0,,,,100,12345
0.0,0.05,36,0,Donor-HCP-no-within,1.0,,,,100,12345
0.0,0.05,36,0,Donor-HCP-within,1.0,,,,100,12345
0.0,0.05,36,0,HCP,1.0,,,,100,12345
0.0,0.05,36,0,Pooling,0.83,7.326169074106169,7.32616907410617,1.3300228636261594e-15,0,12345
0.0,0.05,36,0,Repeated,1.0,,,,100,12345
0.0,0.05,36,0,S-HCP-within,1.0,,,,100,12345
0.0,0.05,36,0,Std-CP,1.0,,,,100,12345
0.0,0.05,36,0,Subsampling,1.0,,,,100,12345
0.0,0.05,36,5,Donor-HCP-no-within,1.0,,,,100,12345
0.0,0.05,36,5,Donor-HCP-within,1.0,,,,100,12345
0.0,0.05,36,5,HCP,1.0,,,,100,12345
0.0,0.05,36,5,Pooling,0.83,7.326169074106169,7.32616907410617,1.3300228636261594e-15,0,12345
0.0,0.05,36,5,Repeated,1.0,,,,100,12345
0.0,0.05,36,5,S-HCP-within,0.93,9.1217164741188,8.998420569193334,1.4632271378865973,0,12345
0.0,0.05,36,5,Std-CP,0.82,6.07718441573359,5.227877861412459,4.1319284830563605,0,12345
0.0,0.05,36,5,Subsampling,1.0,,,,100,12345
0.0,0.05,36,10,Donor-HCP-no-within,0.98,11.933675514139855,12.051123259565593,1.2125174804567722,0,12345
0.0,0.05,36,10,Donor-HCP-within,1.0,,,,100,12345
0.0,0.05,36,10,HCP,1.0,,,,100,12345
0.0,0.05,36,10,Pooling,0.83,7.326169074106169,7.32616907410617,1.3300228636261594e-15,0,12345
0.0,0.05,36,10,Repeated,1.0,,,,100,12345
0.0,0.05,36,10,S-HCP-within,0.93,9.006045905738388,8.998420569193334,1.2607576814965271,0,12345
0.0,0.05,36,10,Std-CP,0.83,25.923870627063476,12.38744910330593,60.36371114681181,0,12345
0.0,0.05,36,10,Subsampling,1.0,,,,100,12345
0.0,0.05,36,15,Donor-HCP-no-within,0.96,9.327957525480816,9.21791081245415,1.0499729363948007,0,12345
0.0,0.05,36,15,Donor-HCP-within,0.96,10.781209332277424,11.208968981636616,1.3014887717895025,0,12345
0.0,0.05,36,15,HCP,1.0,,,,100,12345
0.0,0.05,36,15,Pooling,0.83,7.326169074106169,7.32616907410617,1.3300228636261594e-15,0,12345
0.0,0.05,36,15,Repeated,1.0,,,,100,12345
0.0,0.05,36,15,S-HCP-within,0.92,9.098681113642767,8.998420569193335,0.9704398288708186,0,12345
0.0,0.05,36,15,Std-CP,0.9,8.986355116960926,7.412476842881963,6.217006943252143,0,12345
0.0,0.05,36,15,Subsampling,1.0,,,,100,12345
0.0,0.05,36,20,Donor-HCP-no-within,0.91,8.213110131298812,7.94735937656019,0.9404685777253818,0,12345
0.0,0.05,36,20,Donor-HCP-within,0.91,6.923698678349659,6.688668463104808,0.8135765028165413,0,12345
0.0,0.05,36,20,HCP,1.0,,,,100,12345
0.0,0.05,36,20,Pooling,0.83,7.326169074106169,7.32616907410617,1.3300228636261594e-15,0,12345
0.0,0.05,36,20,Repeated,1.0,,,,100,12345
0.0,0.05,36,20,S-HCP-within,0.9,8.55226992878641,8.404985988313896,0.9004074472281954,0,12345
0.0,0.05,36,20,Std-CP,0.91,7.292820975316828,6.5912555322825215,3.2535471142839265,0,12345
0.0,0.05,36,20,Subsampling,1.0,,,,100,12345
0.0,0.05,36,25,Donor-HCP-no-within,0.95,7.871463834810084,7.298948939304439,2.584935226454715,0,12345
0.0,0.05,36,25,Donor-HCP-within,1.0,,,,100,12345
0.0,0.05,36,25,HCP,1.0,,,,100,12345
0.0,0.05,36,25,Pooling,0.83,7.326169074106169,7.32616907410617,1.3300228636261594e-15,0,12345
0.0,0.05,36,25,Repeated,1.0,,,,100,12345
0.0,0.05,36,25,S-HCP-within,1.0,,,,100,12345
0.0,0.05,36,25,Std-CP,0.97,6.822667624570143,6.245436910970206,2.323313905347356,0,12345
0.0,0.05,36,25,Subsampling,1.0,,,,100,12345
0.0,0.05,36,30,Donor-HCP-no-within,0.95,8.119799612631532,7.498644729531019,2.670076716000072,0,12345
0.0,0.05,36,30,Donor-HCP-within,1.0,,,,100,12345
0.0,0.05,36,30,HCP,1.0,,,,100,12345
0.0,0.05,36,30,Pooling,0.83,7.326169074106169,7.32616907410617,1.3300228636261594e-15,0,12345
0.0,0.05,36,30,Repeated,1.0,,,,100,12345
0.0,0.05,36,30,S-HCP-within,1.0,,,,100,12345
0.0,0.05,36,30,Std-CP,0.96,6.715212720452743,6.269736439478022,2.252484154537944,0,12345
0.0,0.05,36,30,Subsampling,1.0,,,,100,12345
0.0,0.05,36,35,Donor-HCP-no-within,0.96,8.347638944380185,7.9292764130704745,2.6906617886542246,0,12345
0.0,0.05,36,35,Donor-HCP-within,1.0,,,,100,12345
0.0,0.05,36,35,HCP,1.0,,,,100,12345
0.0,0.05,36,35,Pooling,0.83,7.326169074106169,7.32616907410617,1.3300228636261594e-15,0,12345
0.0,0.05,36,35,Repeated,1.0,,,,100,12345
0.0,0.05,36,35,S-HCP-within,1.0,,,,100,12345
0.0,0.05,36,35,Std-CP,0.95,6.600088361116207,6.579956371166276,1.8025084349891665,0,12345
0.0,0.05,36,35,Subsampling,1.0,,,,100,12345
0.0,0.05,37,0,Donor-HCP-no-within,1.0,,,,100,12345
0.0,0.05,37,0,Donor-HCP-within,1.0,,,,100,12345
0.0,0.05,37,0,HCP,1.0,,,,100,12345
0.0,0.05,37,0,Pooling,0.95,13.545539647753174,13.545539647753174,7.361004375023832e-16,0,12345
0.0,0.05,37,0,Repeated,1.0,,,,100,12345
0.0,0.05,37,0,S-HCP-within,1.0,,,,100,12345
0.0,0.05,37,0,Std-CP,1.0,,,,100,12345
0.0,0.05,37,0,Subsampling,1.0,,,,100,12345
0.0,0.05,37,5,Donor-HCP-no-within,1.0,,,,100,12345
0.0,0.05,37,5,Donor-HCP-within,1.0,,,,100,12345
0.0,0.05,37,5,HCP,1.0,,,,100,12345
0.0,0.05,37,5,Pooling,0.95,13.545539647753174,13.545539647753174,7.361004375023832e-16,0,12345
0.0,0.05,37,5,Repeated,1.0,,,,100,12345
0.0,0.05,37,5,S-HCP-within,0.96,8.25383073538526,8.103320306134403,1.0413318002118837,0,12345
0.0,0.05,37,5,Std-CP,0.76,5.843595674204829,4.92892829380358,4.670962729907638,0,12345
0.0,0.05,37,5,Subsampling,1.0,,,,100,12345
0.0,0.05,37,10,Donor-HCP-no-within,1.0,18.652836835021354,20.194685402308835,3.1747599429095428,0,12345
0.0,0.05,37,10,Donor-HCP-within,1.0,,,,100,12345
0.0,0.05,37,10,HCP,1.0,,,,100,12345
0.0,0.05,37,10,Pooling,0.95,13.545539647753174,13.545539647753174,7.361004375023832e-16,0,12345
0.0,0.05,37,10,Repeated,1.0,,,,100,12345
0.0,0.05,37,10,S-HCP-within,0.98,8.032563581464466,8.055105175656196,0.67245071344638,0,12345
0.0,0.05,37,10,Std-CP,0.83,98.71468447763937,14.16537089115576,314.49982066841017,0,12345
0.0,0.05,37,10,Subsampling,1.0,,,,100,12345
0.0,0.05,37,15,Donor-HCP-no-within,0.98,14.56477818348211,14.990390393443251,1.6791041302139593,0,12345
0.0,0.05,37,15,Donor-HCP-within,1.0,15.44217292719163,15.866537486474542,2.273290501447883,0,12345
0.0,0.05,37,15,HCP,1.0,,,,100,12345
0.0,0.05,37,15,Pooling,0.95,13.545539647753174,13.545539647753174,7.361004375023832e-16,0,12345
0.0,0.05,37,15,Repeated,1.0,,,,100,12345
0.0,0.05,37,15,S-HCP-within,0.95,8.122690383032268,8.055105175656198,0.6142652414343104,0,12345
0.0,0.05,37,15,Std-CP,0.81,9.829912201604246,7.303559796196577,10.885776503133672,0,12345
0.0,0.05,37,15,Subsampling,1.0,,,,100,12345
0.0,0.05,37,20,Donor-HCP-no-within,0.96,12.986040665980635,13.545539647753174,1.621569650072037,0,12345
0.0,0.05,37,20,Donor-HCP-within,0.94,9.01511315351049,9.069680233925304,0.6125029762817402,0,12345
0.0,0.05,37,20,HCP,1.0,,,,100,12345
0.0,0.05,37,20,Pooling,0.95,13.545539647753174,13.545539647753174,7.361004375023832e-16,0,12345
0.0,0.05,37,20,Repeated,1.0,,,,100,12345
0.0,0.05,37,20,S-HCP-within,0.95,7.881320753563557,7.886110829758316,0.4077106670569832,0,12345
0.0,0.05,37,20,Std-CP,0.93,6.670382313177088,5.928942694670338,3.176815789268777,0,12345
0.0,0.05,37,20,Subsampling,1.0,,,,100,12345
0.0,0.05,37,25,Donor-HCP-no-within,0.94,7.368691754351627,7.169971131475858,2.1135460030475426,0,12345
0.0,0.05,37,25,Donor-HCP-within,1.0,,,,100,12345
0.0,0.05,37,25,HCP,1.0,,,,100,12345
0.0,0.05,37,25,Pooling,0.95,13.545539647753174,13.545539647753174,7.361004375023832e-16,0,12345
0.0,0.05,37,25,Repeated,1.0,,,,100,12345
0.0,0.05,37,25,S-HCP-within,1.0,,,,100,12345
0.0,0.05,37,25,Std-CP,0.87,6.196139145563642,5.952328637583227,2.1813714506693005,0,12345
0.0,0.05,37,25,Subsampling,1.0,,,,100,12345
0.0,0.05,37,30,Donor-HCP-no-within,0.96,7.784074814395728,7.487850957110639,2.1765427453816595,0,12345
0.0,0.05,37,30,Donor-HCP-within,1.0,,,,100,12345
0.0,0.05,37,30,HCP,1.0,,,,100,12345
0.0,0.05,37,30,Pooling,0.95,13.545539647753174,13.545539647753174,7.361004375023832e-16,0,12345
0.0,0.05,37,30,Repeated,1.0,,,,100,12345
0.0,0.05,37,30,S-HCP-within,1.0,,,,100,12345
0.0,0.05,37,30,Std-CP,0.95,5.987111940734719,5.790734042243251,1.7981278074269116,0,12345
0.0,0.05,37,30,Subsampling,1.0,,,,100,12345
0.0,0.05,37,35,Donor-HCP-no-within,0.96,7.995339557599221,7.648235613511513,2.247135978667231,0,12345
0.0,0.05,37,35,Donor-HCP-within,1.0,,,,100,12345
0.0,0.05,37,35,HCP,1.0,,,,100,12345
0.0,0.05,37,35,Pooling,0.95,13.545539647753174,13.545539647753174,7.361004375023832e-16,0,12345
0.0,0.05,37,35,Repeated,1.0,,,,100,12345
0.0,0.05,37,35,S-HCP-within,1.0,,,,100,12345
0.0,0.05,37,35,Std-CP,0.95,6.042782082157202,5.574274324402442,1.8161870340606785,0,12345
0.0,0.05,37,35,Subsampling,1.0,,,,100,12345
0.0,0.05,38,0,Donor-HCP-no-within,1.0,,,,100,12345
0.0,0.05,38,0,Donor-HCP-within,1.0,,,,100,12345
0.0,0.05,38,0,HCP,1.0,,,,100,12345
0.0,0.05,38,0,Pooling,0.87,8.309387150244252,8.309387150244252,2.3684757858670005e-15,0,12345
0.0,0.05,38,0,Repeated,1.0,,,,100,12345
0.0,0.05,38,0,S-HCP-within,1.0,,,,100,12345
0.0,0.05,38,0,Std-CP,1.0,,,,100,12345
0.0,0.05,38,0,Subsampling,1.0,,,,100,12345
0.0,0.05,38,5,Donor-HCP-no-within,1.0,,,,100,12345
0.0,0.05,38,5,Donor-HCP-within,1.0,,,,100,12345
0.0,0.05,38,5,HCP,1.0,,,,100,12345
0.0,0.05,38,5,Pooling,0.87,8.309387150244252,8.309387150244252,2.3684757858670005e-15,0,12345
0.0,0.05,38,5,Repeated,1.0,,,,100,12345
0.0,0.05,38,5,S-HCP-within,0.97,8.281735373829367,7.965372001428024,1.0860301859734012,0,12345
0.0,0.05,38,5,Std-CP,0.76,6.082252138354013,4.496815503671845,4.894585011818113,0,12345
0.0,0.05,38,5,Subsampling,1.0,,,,100,12345
0.0,0.05,38,10,Donor-HCP-no-within,1.0,11.085743993805085,10.681473781967455,1.2637650275474142,0,12345
0.0,0.05,38,10,Donor-HCP-within,1.0,,,,100,12345
0.0,0.05,38,10,HCP,1.0,,,,100,12345
0.0,0.05,38,10,Pooling,0.87,8.309387150244252,8.309387150244252,2.3684757858670005e-15,0,12345
0.0,0.05,38,10,Repeated,1.0,,,,100,12345
0.0,0.05,38,10,S-HCP-within,0.97,8.109082887311137,7.965372001428023,0.9918106327385025,0,12345
0.0,0.05,38,10,Std-CP,0.82,22.851963230770526,10.941613736268227,43.13742520329484,0,12345
0.0,0.05,38,10,Subsampling,1.0,,,,100,12345
0.0,0.05,38,15,Donor-HCP-no-within,0.97,9.318446360689988,9.302676154015387,1.0780085456297648,0,12345
0.0,0.05,38,15,Donor-HCP-within,1.0,12.698377903953524,13.089117575675488,1.7438170502118624,0,12345
0.0,0.05,38,15,HCP,1.0,,,,100,12345
0.0,0.05,38,15,Pooling,0.87,8.309387150244252,8.309387150244252,2.3684757858670005e-15,0,12345
0.0,0.05,38,15,Repeated,1.0,,,,100,12345
0.0,0.05,38,15,S-HCP-within,0.98,8.292991726038139,7.965372001428026,0.8011784959996145,0,12345
0.0,0.05,38,15,Std-CP,0.96,10.35347573752634,7.70491824615835,7.2583213612106885,0,12345
0.0,0.05,38,15,Subsampling,1.0,,,,100,12345
0.0,0.05,38,20,Donor-HCP-no-within,0.93,8.239853327454869,8.13939990779145,0.9601553982381699,0,12345
0.0,0.05,38,20,Donor-HCP-within,0.92,6.295973677145877,6.432715499889159,0.4253676751598249,0,12345
0.0,0.05,38,20,HCP,1.0,,,,100,12345
0.0,0.05,38,20,Pooling,0.87,8.309387150244252,8.309387150244252,2.3684757858670005e-15,0,12345
0.0,0.05,38,20,Repeated,1.0,,,,100,12345
0.0,0.05,38,20,S-HCP-within,0.97,7.795341061176604,7.886722945730355,0.6010751099410376,0,12345
0.0,0.05,38,20,Std-CP,0.9,6.999411938475808,6.4185804170731355,3.133501525425502,0,12345
0.0,0.05,38,20,Subsampling,1.0,,,,100,12345
0.0,0.05,38,25,Donor-HCP-no-within,0.99,7.562394029338748,7.370423066868243,1.9937926567148994,0,12345
0.0,0.05,38,25,Donor-HCP-within,1.0,,,,100,12345
0.0,0.05,38,25,HCP,1.0,,,,100,12345
0.0,0.05,38,25,Pooling,0.87,8.309387150244252,8.309387150244252,2.3684757858670005e-15,0,12345
0.0,0.05,38,25,Repeated,1.0,,,,100,12345
0.0,0.05,38,25,S-HCP-within,1.0,,,,100,12345
0.0,0.05,38,25,Std-CP,0.94,6.786145712065237,6.362064877494811,2.5749293517332146,0,12345
0.0,0.05,38,25,Subsampling,1.0,,,,100,12345
0.0,0.05,38,30,Donor-HCP-no-within,1.0,7.7074310862942434,7.423778507012845,1.9538234501553275,0,12345
0.0,0.05,38,30,Donor-HCP-within,1.0,,,,100,12345
0.0,0.05,38,30,HCP,1.0,,,,100,12345
0.0,0.05,38,30,Pooling,0.87,8.309387150244252,8.309387150244252,2.3684757858670005e-15,0,12345
0.0,0.05,38,30,Repeated,1.0,,,,100,12345
0.0,0.05,38,30,S-HCP-within,1.0,,,,100,12345
0.0,0.05,38,30,Std-CP,0.95,6.388725946415384,5.868589086623589,2.3882546433086507,0,12345
0.0,0.05,38,30,Subsampling,1.0,,,,100,12345
0.0,0.05,38,35,Donor-HCP-no-within,1.0,7.826856248845569,7.474584859345869,1.8523961142432797,0,12345
0.0,0.05,38,35,Donor-HCP-within,1.0,,,,100,12345
0.0,0.05,38,35,HCP,1.0,,,,100,12345
0.0,0.05,38,35,Pooling,0.87,8.309387150244252,8.309387150244252,2.3684757858670005e-15,0,12345
0.0,0.05,38,35,Repeated,1.0,,,,100,12345
0.0,0.05,38,35,S-HCP-within,1.0,,,,100,12345
0.0,0.05,38,35,Std-CP,0.97,6.808676841959092,6.406931401782511,2.0976933132738895,0,12345
0.0,0.05,38,35,Subsampling,1.0,,,,100,12345
0.0,0.05,39,0,Donor-HCP-no-within,1.0,,,,100,12345
0.0,0.05,39,0,Donor-HCP-within,1.0,,,,100,12345
0.0,0.05,39,0,HCP,1.0,,,,100,12345
0.0,0.05,39,0,Pooling,0.89,9.819108190707286,9.819108190707286,1.636259790671482e-15,0,12345
0.0,0.05,39,0,Repeated,1.0,,,,100,12345
0.0,0.05,39,0,S-HCP-within,1.0,,,,100,12345
0.0,0.05,39,0,Std-CP,1.0,,,,100,12345
0.0,0.05,39,0,Subsampling,1.0,,,,100,12345
0.0,0.05,39,5,Donor-HCP-no-within,1.0,,,,100,12345
0.0,0.05,39,5,Donor-HCP-within,1.0,,,,100,12345
0.0,0.05,39,5,HCP,1.0,,,,100,12345
0.0,0.05,39,5,Pooling,0.89,9.819108190707286,9.819108190707286,1.636259790671482e-15,0,12345
0.0,0.05,39,5,Repeated,1.0,,,,100,12345
0.0,0.05,39,5,S-HCP-within,0.99,9.470118411173665,9.57353080980132,0.9789296643466644,0,12345
0.0,0.05,39,5,Std-CP,0.77,5.956675571117353,4.749418301508863,4.326239888536661,0,12345
0.0,0.05,39,5,Subsampling,1.0,,,,100,12345
0.0,0.05,39,10,Donor-HCP-no-within,1.0,13.857158042840027,14.086115635242535,1.321196853400406,0,12345
0.0,0.05,39,10,Donor-HCP-within,1.0,,,,100,12345
0.0,0.05,39,10,HCP,1.0,,,,100,12345
0.0,0.05,39,10,Pooling,0.89,9.819108190707286,9.819108190707286,1.636259790671482e-15,0,12345
0.0,0.05,39,10,Repeated,1.0,,,,100,12345
0.0,0.05,39,10,S-HCP-within,0.97,9.659578777095808,9.57353080980132,0.7717983469740919,0,12345
0.0,0.05,39,10,Std-CP,0.84,25.542738490871457,9.83205212634536,40.27727560235299,0,12345
0.0,0.05,39,10,Subsampling,1.0,,,,100,12345
0.0,0.05,39,15,Donor-HCP-no-within,1.0,11.509433433463691,12.01216402506887,1.3873343816222632,0,12345
0.0,0.05,39,15,Donor-HCP-within,1.0,11.007758438170733,11.053207388896055,1.3355213514452888,0,12345
0.0,0.05,39,15,HCP,1.0,,,,100,12345
0.0,0.05,39,15,Pooling,0.89,9.819108190707286,9.819108190707286,1.636259790671482e-15,0,12345
0.0,0.05,39,15,Repeated,1.0,,,,100,12345
0.0,0.05,39,15,S-HCP-within,0.97,9.800229627650618,9.787823431764487,0.5333962465025991,0,12345
0.0,0.05,39,15,Std-CP,0.92,8.807106632274126,6.9723124042698315,6.3436279312077355,0,12345
0.0,0.05,39,15,Subsampling,1.0,,,,100,12345
0.0,0.05,39,20,Donor-HCP-no-within,0.96,10.30421837371541,10.502561351227339,1.159999844245309,0,12345
0.0,0.05,39,20,Donor-HCP-within,0.99,8.030935266674746,8.024813710194355,0.5496039357857148,0,12345
0.0,0.05,39,20,HCP,1.0,,,,100,12345
0.0,0.05,39,20,Pooling,0.89,9.819108190707286,9.819108190707286,1.636259790671482e-15,0,12345
0.0,0.05,39,20,Repeated,1.0,,,,100,12345
0.0,0.05,39,20,S-HCP-within,0.97,9.334854387524159,9.418167214479709,0.6508913139324939,0,12345
0.0,0.05,39,20,Std-CP,0.92,6.9347631784925845,6.519828512903199,2.6185038184654226,0,12345
0.0,0.05,39,20,Subsampling,1.0,,,,100,12345
0.0,0.05,39,25,Donor-HCP-no-within,0.95,7.67301309059148,7.470208233423288,1.873770216332539,0,12345
0.0,0.05,39,25,Donor-HCP-within,1.0,,,,100,12345
0.0,0.05,39,25,HCP,1.0,,,,100,12345
0.0,0.05,39,25,Pooling,0.89,9.819108190707286,9.819108190707286,1.636259790671482e-15,0,12345
0.0,0.05,39,25,Repeated,1.0,,,,100,12345
0.0,0.05,39,25,S-HCP-within,1.0,,,,100,12345
0.0,0.05,39,25,Std-CP,0.94,6.955276216381402,6.263399544391635,2.7391220869505983,0,12345
0.0,0.05,39,25,Subsampling,1.0,,,,100,12345
0.0,0.05,39,30,Donor-HCP-no-within,0.95,7.899015220729805,7.470208233423288,2.0056816348153985,0,12345
0.0,0.05,39,30,Donor-HCP-within,1.0,,,,100,12345
0.0,0.05,39,30,HCP,1.0,,,,100,12345
0.0,0.05,39,30,Pooling,0.89,9.819108190707286,9.819108190707286,1.636259790671482e-15,0,12345
0.0,0.05,39,30,Repeated,1.0,,,,100,12345
0.0,0.05,39,30,S-HCP-within,1.0,,,,100,12345
0.0,0.05,39,30,Std-CP,0.92,6.472353776169474,6.0653228171394,2.502203353626844,0,12345
0.0,0.05,39,30,Subsampling,1.0,,,,100,12345
0.0,0.05,39,35,Donor-HCP-no-within,0.98,8.053369859874495,7.857279435053518,1.9633686731862978,0,12345
0.0,0.05,39,35,Donor-HCP-within,1.0,,,,100,12345
0.0,0.05,39,35,HCP,1.0,,,,100,12345
0.0,0.05,39,35,Pooling,0.89,9.819108190707286,9.819108190707286,1.636259790671482e-15,0,12345
0.0,0.05,39,35,Repeated,1.0,,,,100,12345
0.0,0.05,39,35,S-HCP-within,1.0,,,,100,12345
0.0,0.05,39,35,Std-CP,0.99,6.4778110702616525,6.291068511333888,1.9502786834197057,0,12345
0.0,0.05,39,35,Subsampling,1.0,,,,100,12345
0.0,0.05,40,0,Donor-HCP-no-within,1.0,,,,100,12345
0.0,0.05,40,0,Donor-HCP-within,1.0,,,,100,12345
0.0,0.05,40,0,HCP,1.0,,,,100,12345
0.0,0.05,40,0,Pooling,0.96,8.115091884023965,8.115091884023965,1.3478763183615572e-15,0,12345
0.0,0.05,40,0,Repeated,1.0,,,,100,12345
0.0,0.05,40,0,S-HCP-within,1.0,,,,100,12345
0.0,0.05,40,0,Std-CP,1.0,,,,100,12345
0.0,0.05,40,0,Subsampling,1.0,,,,100,12345
0.0,0.05,40,5,Donor-HCP-no-within,1.0,,,,100,12345
0.0,0.05,40,5,Donor-HCP-within,1.0,,,,100,12345
0.0,0.05,40,5,HCP,1.0,,,,100,12345
0.0,0.05,40,5,Pooling,0.96,8.115091884023965,8.115091884023965,1.3478763183615572e-15,0,12345
0.0,0.05,40,5,Repeated,1.0,,,,100,12345
0.0,0.05,40,5,S-HCP-within,0.98,8.435636312339494,8.705332385805562,0.769688401298494,0,12345
0.0,0.05,40,5,Std-CP,0.77,6.561689273154132,5.175557960528511,4.92745414775592,0,12345
0.0,0.05,40,5,Subsampling,1.0,,,,100,12345
0.0,0.05,40,10,Donor-HCP-no-within,0.99,11.439687267738693,11.546103539100818,0.8427823595147383,0,12345
0.0,0.05,40,10,Donor-HCP-within,1.0,,,,100,12345
0.0,0.05,40,10,HCP,1.0,,,,100,12345
0.0,0.05,40,10,Pooling,0.96,8.115091884023965,8.115091884023965,1.3478763183615572e-15,0,12345
0.0,0.05,40,10,Repeated,1.0,,,,100,12345
0.0,0.05,40,10,S-HCP-within,0.98,8.548630721905186,8.620152631010285,0.5774895561662647,0,12345
0.0,0.05,40,10,Std-CP,0.85,26.055299199527955,10.842865761161775,40.803378552704054,0,12345
0.0,0.05,40,10,Subsampling,1.0,,,,100,12345
0.0,0.05,40,15,Donor-HCP-no-within,0.99,9.083687305475399,9.073515057062348,0.539234234061681,0,12345
0.0,0.05,40,15,Donor-HCP-within,0.99,10.38027537070958,10.366958895942169,0.6660548555038712,0,12345
0.0,0.05,40,15,HCP,1.0,,,,100,12345
0.0,0.05,40,15,Pooling,0.96,8.115091884023965,8.115091884023965,1.3478763183615572e-15,0,12345
0.0,0.05,40,15,Repeated,1.0,,,,100,12345
0.0,0.05,40,15,S-HCP-within,0.98,8.624779929575787,8.705332385805562,0.42377149884338006,0,12345
0.0,0.05,40,15,Std-CP,0.88,7.299915191403338,6.4239805445723785,3.3025455347858075,0,12345
0.0,0.05,40,15,Subsampling,1.0,,,,100,12345
0.0,0.05,40,20,Donor-HCP-no-within,0.99,8.361957174360038,8.392388352970034,0.5404595108259195,0,12345
0.0,0.05,40,20,Donor-HCP-within,0.98,6.946084833301063,6.8688849346852585,0.2724780496315282,0,12345
0.0,0.05,40,20,HCP,1.0,,,,100,12345
0.0,0.05,40,20,Pooling,0.96,8.115091884023965,8.115091884023965,1.3478763183615572e-15,0,12345
0.0,0.05,40,20,Repeated,1.0,,,,100,12345
0.0,0.05,40,20,S-HCP-within,0.98,8.29286320698186,8.318413468757313,0.45060805115661157,0,12345
0.0,0.05,40,20,Std-CP,0.93,7.093566653756671,6.730437097725707,2.9035355792832296,0,12345
0.0,0.05,40,20,Subsampling,1.0,,,,100,12345
0.0,0.05,40,25,Donor-HCP-no-within,0.97,7.933116055219534,7.552083057646873,2.271686635775612,0,12345
0.0,0.05,40,25,Donor-HCP-within,1.0,,,,100,12345
0.0,0.05,40,25,HCP,1.0,,,,100,12345
0.0,0.05,40,25,Pooling,0.96,8.115091884023965,8.115091884023965,1.3478763183615572e-15,0,12345
0.0,0.05,40,25,Repeated,1.0,,,,100,12345
0.0,0.05,40,25,S-HCP-within,1.0,,,,100,12345
0.0,0.05,40,25,Std-CP,0.92,6.886903742150684,6.607527629824372,2.619720842002937,0,12345
0.0,0.05,40,25,Subsampling,1.0,,,,100,12345
0.0,0.05,40,30,Donor-HCP-no-within,0.98,8.120946210016864,7.704785569292387,2.2306333577465196,0,12345
0.0,0.05,40,30,Donor-HCP-within,1.0,,,,100,12345
0.0,0.05,40,30,HCP,1.0,,,,100,12345
0.0,0.05,40,30,Pooling,0.96,8.115091884023965,8.115091884023965,1.3478763183615572e-15,0,12345
0.0,0.05,40,30,Repeated,1.0,,,,100,12345
0.0,0.05,40,30,S-HCP-within,1.0,,,,100,12345
0.0,0.05,40,30,Std-CP,0.93,6.50892870259671,6.184608561481255,2.2508393020518223,0,12345
0.0,0.05,40,30,Subsampling,1.0,,,,100,12345
0.0,0.05,40,35,Donor-HCP-no-within,0.98,8.311695878048395,8.05312452312213,2.1708990062372613,0,12345
0.0,0.05,40,35,Donor-HCP-within,1.0,,,,100,12345
0.0,0.05,40,35,HCP,1.0,,,,100,12345
0.0,0.05,40,35,Pooling,0.96,8.115091884023965,8.115091884023965,1.3478763183615572e-15,0,12345
0.0,0.05,40,35,Repeated,1.0,,,,100,12345
0.0,0.05,40,35,S-HCP-within,1.0,,,,100,12345
0.0,0.05,40,35,Std-CP,0.93,6.441995566968874,6.086204647943332,2.055333029772151,0,12345
0.0,0.05,40,35,Subsampling,1.0,,,,100,12345
0.0,0.05,41,0,Donor-HCP-no-within,1.0,,,,100,12345
0.0,0.05,41,0,Donor-HCP-within,1.0,,,,100,12345
0.0,0.05,41,0,HCP,1.0,,,,100,12345
0.0,0.05,41,0,Pooling,0.85,6.830333012818269,6.830333012818269,1.7309181902809442e-15,0,12345
0.0,0.05,41,0,Repeated,1.0,,,,100,12345
0.0,0.05,41,0,S-HCP-within,1.0,,,,100,12345
0.0,0.05,41,0,Std-CP,1.0,,,,100,12345
0.0,0.05,41,0,Subsampling,1.0,,,,100,12345
0.0,0.05,41,5,Donor-HCP-no-within,1.0,,,,100,12345
0.0,0.05,41,5,Donor-HCP-within,1.0,,,,100,12345
0.0,0.05,41,5,HCP,1.0,,,,100,12345
0.0,0.05,41,5,Pooling,0.85,6.830333012818269,6.830333012818269,1.7309181902809442e-15,0,12345
0.0,0.05,41,5,Repeated,1.0,,,,100,12345
0.0,0.05,41,5,S-HCP-within,0.95,9.410953381565147,9.25339204986873,1.1909228442932347,0,12345
0.0,0.05,41,5,Std-CP,0.71,5.989045438232202,5.016487453604515,3.97399426944927,0,12345
0.0,0.05,41,5,Subsampling,1.0,,,,100,12345
0.0,0.05,41,10,Donor-HCP-no-within,1.0,12.932597298985316,12.81244626406339,0.8113371544887579,0,12345
0.0,0.05,41,10,Donor-HCP-within,1.0,,,,100,12345
0.0,0.05,41,10,HCP,1.0,,,,100,12345
0.0,0.05,41,10,Pooling,0.85,6.830333012818269,6.830333012818269,1.7309181902809442e-15,0,12345
0.0,0.05,41,10,Repeated,1.0,,,,100,12345
0.0,0.05,41,10,S-HCP-within,0.97,9.163134342940292,9.020317852382494,1.015029896778254,0,12345
0.0,0.05,41,10,Std-CP,0.82,49.880576435040005,12.244864478157671,206.13112014044043,0,12345
0.0,0.05,41,10,Subsampling,1.0,,,,100,12345
0.0,0.05,41,15,Donor-HCP-no-within,0.97,9.973487006024676,10.048113037440707,0.662630119839972,0,12345
0.0,0.05,41,15,Donor-HCP-within,0.99,12.112137658067466,12.682291297905941,1.434779645396388,0,12345
0.0,0.05,41,15,HCP,1.0,,,,100,12345
0.0,0.05,41,15,Pooling,0.85,6.830333012818269,6.830333012818269,1.7309181902809442e-15,0,12345
0.0,0.05,41,15,Repeated,1.0,,,,100,12345
0.0,0.05,41,15,S-HCP-within,0.95,9.20091953683927,9.25339204986873,0.6353997146462971,0,12345
0.0,0.05,41,15,Std-CP,0.89,8.621497179349843,7.516073966106794,5.420987273046836,0,12345
0.0,0.05,41,15,Subsampling,1.0,,,,100,12345
0.0,0.05,41,20,Donor-HCP-no-within,0.94,8.883894522077856,8.756307066557898,0.8406319323855098,0,12345
0.0,0.05,41,20,Donor-HCP-within,0.89,7.134948321869338,7.116651614186047,0.4728316337165643,0,12345
0.0,0.05,41,20,HCP,1.0,,,,100,12345
0.0,0.05,41,20,Pooling,0.85,6.830333012818269,6.830333012818269,1.7309181902809442e-15,0,12345
0.0,0.05,41,20,Repeated,1.0,,,,100,12345
0.0,0.05,41,20,S-HCP-within,0.93,8.948402585500798,8.958868941186672,0.5345306263965368,0,12345
0.0,0.05,41,20,Std-CP,0.91,7.456972435332419,6.813399817053048,3.206218839530419,0,12345
0.0,0.05,41,20,Subsampling,1.0,,,,100,12345
0.0,0.05,41,25,Donor-HCP-no-within,0.98,8.159344038444964,8.16783758721731,2.2254778922109364,0,12345
0.0,0.05,41,25,Donor-HCP-within,1.0,,,,100,12345
0.0,0.05,41,25,HCP,1.0,,,,100,12345
0.0,0.05,41,25,Pooling,0.85,6.830333012818269,6.830333012818269,1.7309181902809442e-15,0,12345
0.0,0.05,41,25,Repeated,1.0,,,,100,12345
0.0,0.05,41,25,S-HCP-within,1.0,,,,100,12345
0.0,0.05,41,25,Std-CP,0.89,7.193303757096264,6.972669080074707,2.8250078918820396,0,12345
0.0,0.05,41,25,Subsampling,1.0,,,,100,12345
0.0,0.05,41,30,Donor-HCP-no-within,0.99,8.333926960801548,8.313693460204838,2.207776831119458,0,12345
0.0,0.05,41,30,Donor-HCP-within,1.0,,,,100,12345
0.0,0.05,41,30,HCP,1.0,,,,100,12345
0.0,0.05,41,30,Pooling,0.85,6.830333012818269,6.830333012818269,1.7309181902809442e-15,0,12345
0.0,0.05,41,30,Repeated,1.0,,,,100,12345
0.0,0.05,41,30,S-HCP-within,1.0,,,,100,12345
0.0,0.05,41,30,Std-CP,0.94,6.691584484346839,6.4951031736809,2.4038795326009126,0,12345
0.0,0.05,41,30,Subsampling,1.0,,,,100,12345
0.0,0.05,41,35,Donor-HCP-no-within,1.0,8.595921428484258,8.465728987183832,2.129742097830175,0,12345
0.0,0.05,41,35,Donor-HCP-within,1.0,,,,100,12345
0.0,0.05,41,35,HCP,1.0,,,,100,12345
0.0,0.05,41,35,Pooling,0.85,6.830333012818269,6.830333012818269,1.7309181902809442e-15,0,12345
0.0,0.05,41,35,Repeated,1.0,,,,100,12345
0.0,0.05,41,35,S-HCP-within,1.0,,,,100,12345
0.0,0.05,41,35,Std-CP,0.95,6.874914914585061,6.533945938746076,2.2283826903525004,0,12345
0.0,0.05,41,35,Subsampling,1.0,,,,100,12345
0.0,0.05,42,0,Donor-HCP-no-within,1.0,,,,100,12345
0.0,0.05,42,0,Donor-HCP-within,1.0,,,,100,12345
0.0,0.05,42,0,HCP,1.0,,,,100,12345
0.0,0.05,42,0,Pooling,0.9,7.344944908790074,7.344944908790075,1.021687940773871e-15,0,12345
0.0,0.05,42,0,Repeated,1.0,,,,100,12345
0.0,0.05,42,0,S-HCP-within,1.0,,,,100,12345
0.0,0.05,42,0,Std-CP,1.0,,,,100,12345
0.0,0.05,42,0,Subsampling,1.0,,,,100,12345
0.0,0.05,42,5,Donor-HCP-no-within,1.0,,,,100,12345
0.0,0.05,42,5,Donor-HCP-within,1.0,,,,100,12345
0.0,0.05,42,5,HCP,1.0,,,,100,12345
0.0,0.05,42,5,Pooling,0.9,7.344944908790074,7.344944908790075,1.021687940773871e-15,0,12345
0.0,0.05,42,5,Repeated,1.0,,,,100,12345
0.0,0.05,42,5,S-HCP-within,0.97,8.978924329163357,8.996969802370128,0.6888738011497286,0,12345
0.0,0.05,42,5,Std-CP,0.81,6.135805265503599,4.660008416305238,4.17919902750429,0,12345
0.0,0.05,42,5,Subsampling,1.0,,,,100,12345
0.0,0.05,42,10,Donor-HCP-no-within,0.99,10.735773262839281,10.612119800558833,0.9204554126695971,0,12345
0.0,0.05,42,10,Donor-HCP-within,1.0,,,,100,12345
0.0,0.05,42,10,HCP,1.0,,,,100,12345
0.0,0.05,42,10,Pooling,0.9,7.344944908790074,7.344944908790075,1.021687940773871e-15,0,12345
0.0,0.05,42,10,Repeated,1.0,,,,100,12345
0.0,0.05,42,10,S-HCP-within,0.98,8.944786923070467,8.935656287532037,0.48251509335319887,0,12345
0.0,0.05,42,10,Std-CP,0.8,40.82856416056987,14.188127559952616,74.96416305583944,0,12345
0.0,0.05,42,10,Subsampling,1.0,,,,100,12345
0.0,0.05,42,15,Donor-HCP-no-within,0.96,8.42740223728402,8.032556531796988,1.0070388385094171,0,12345
0.0,0.05,42,15,Donor-HCP-within,0.97,9.173170709383362,9.06686381236473,1.247222661844791,0,12345
0.0,0.05,42,15,HCP,1.0,,,,100,12345
0.0,0.05,42,15,Pooling,0.9,7.344944908790074,7.344944908790075,1.021687940773871e-15,0,12345
0.0,0.05,42,15,Repeated,1.0,,,,100,12345
0.0,0.05,42,15,S-HCP-within,0.99,9.019139677305356,8.996969802370128,0.3084957499810359,0,12345
0.0,0.05,42,15,Std-CP,0.96,8.900939482838808,7.4574114350060725,4.9381319718298915,0,12345
0.0,0.05,42,15,Subsampling,1.0,,,,100,12345
0.0,0.05,42,20,Donor-HCP-no-within,0.93,7.581856649666101,7.43132483668176,0.569149802630591,0,12345
0.0,0.05,42,20,Donor-HCP-within,0.91,5.737855484334358,5.693949860898285,0.32437402539086246,0,12345
0.0,0.05,42,20,HCP,1.0,,,,100,12345
0.0,0.05,42,20,Pooling,0.9,7.344944908790074,7.344944908790075,1.021687940773871e-15,0,12345
0.0,0.05,42,20,Repeated,1.0,,,,100,12345
0.0,0.05,42,20,S-HCP-within,0.99,8.765694812335708,8.885997925748013,0.3712080588117198,0,12345
0.0,0.05,42,20,Std-CP,0.92,7.0970597861666045,6.734798524996551,2.813391650720712,0,12345
0.0,0.05,42,20,Subsampling,1.0,,,,100,12345
0.0,0.05,42,25,Donor-HCP-no-within,0.99,7.461285011325754,7.1184960240460935,2.2395399391343633,0,12345
0.0,0.05,42,25,Donor-HCP-within,1.0,,,,100,12345
0.0,0.05,42,25,HCP,1.0,,,,100,12345
0.0,0.05,42,25,Pooling,0.9,7.344944908790074,7.344944908790075,1.021687940773871e-15,0,12345
0.0,0.05,42,25,Repeated,1.0,,,,100,12345
0.0,0.05,42,25,S-HCP-within,1.0,,,,100,12345
0.0,0.05,42,25,Std-CP,0.93,6.576159668015048,6.241829979133778,2.2343546702354695,0,12345
0.0,0.05,42,25,Subsampling,1.0,,,,100,12345
0.0,0.05,42,30,Donor-HCP-no-within,0.99,7.664497213609231,7.435560824245851,2.1672804783434465,0,12345
0.0,0.05,42,30,Donor-HCP-within,1.0,,,,100,12345
0.0,0.05,42,30,HCP,1.0,,,,100,12345
0.0,0.05,42,30,Pooling,0.9,7.344944908790074,7.344944908790075,1.021687940773871e-15,0,12345
0.0,0.05,42,30,Repeated,1.0,,,,100,12345
0.0,0.05,42,30,S-HCP-within,1.0,,,,100,12345
0.0,0.05,42,30,Std-CP,0.96,6.234011231583318,6.019168889959225,2.060368864849957,0,12345
0.0,0.05,42,30,Subsampling,1.0,,,,100,12345
0.0,0.05,42,35,Donor-HCP-no-within,0.99,7.7799850141722535,7.781207789802131,2.092744674639834,0,12345
0.0,0.05,42,35,Donor-HCP-within,1.0,,,,100,12345
0.0,0.05,42,35,HCP,1.0,,,,100,12345
0.0,0.05,42,35,Pooling,0.9,7.344944908790074,7.344944908790075,1.021687940773871e-15,0,12345
0.0,0.05,42,35,Repeated,1.0,,,,100,12345
0.0,0.05,42,35,S-HCP-within,1.0,,,,100,12345
0.0,0.05,42,35,Std-CP,0.97,6.5961021259693755,6.353785912112528,1.9545625589395363,0,12345
0.0,0.05,42,35,Subsampling,1.0,,,,100,12345
0.0,0.05,43,0,Donor-HCP-no-within,1.0,,,,100,12345
0.0,0.05,43,0,Donor-HCP-within,1.0,,,,100,12345
0.0,0.05,43,0,HCP,1.0,,,,100,12345
0.0,0.05,43,0,Pooling,0.93,9.740296253774567,9.740296253774567,3.5706115939831736e-16,0,12345
0.0,0.05,43,0,Repeated,1.0,,,,100,12345
0.0,0.05,43,0,S-HCP-within,1.0,,,,100,12345
0.0,0.05,43,0,Std-CP,1.0,,,,100,12345
0.0,0.05,43,0,Subsampling,1.0,,,,100,12345
0.0,0.05,43,5,Donor-HCP-no-within,1.0,,,,100,12345
0.0,0.05,43,5,Donor-HCP-within,1.0,,,,100,12345
0.0,0.05,43,5,HCP,1.0,,,,100,12345
0.0,0.05,43,5,Pooling,0.93,9.740296253774567,9.740296253774567,3.5706115939831736e-16,0,12345
0.0,0.05,43,5,Repeated,1.0,,,,100,12345
0.0,0.05,43,5,S-HCP-within,0.91,8.901143058513986,9.020633195596226,0.7117279839873341,0,12345
0.0,0.05,43,5,Std-CP,0.76,5.707757092834251,4.490769204761774,4.144567055398276,0,12345
0.0,0.05,43,5,Subsampling,1.0,,,,100,12345
0.0,0.05,43,10,Donor-HCP-no-within,0.99,13.404017126346792,13.299293087705507,1.490594252516059,0,12345
0.0,0.05,43,10,Donor-HCP-within,1.0,,,,100,12345
0.0,0.05,43,10,HCP,1.0,,,,100,12345
0.0,0.05,43,10,Pooling,0.93,9.740296253774567,9.740296253774567,3.5706115939831736e-16,0,12345
0.0,0.05,43,10,Repeated,1.0,,,,100,12345
0.0,0.05,43,10,S-HCP-within,0.94,8.883182637758802,9.0096519708252,0.6278214498540573,0,12345
0.0,0.05,43,10,Std-CP,0.84,36.598445764816184,13.528439403916469,66.44024841122474,0,12345
0.0,0.05,43,10,Subsampling,1.0,,,,100,12345
0.0,0.05,43,15,Donor-HCP-no-within,0.98,10.452688081095221,10.37996255906387,0.8951134539482757,0,12345
0.0,0.05,43,15,Donor-HCP-within,0.98,9.98357731448055,9.869980404612495,1.1398210984850692,0,12345
0.0,0.05,43,15,HCP,1.0,,,,100,12345
0.0,0.05,43,15,Pooling,0.93,9.740296253774567,9.740296253774567,3.5706115939831736e-16,0,12345
0.0,0.05,43,15,Repeated,1.0,,,,100,12345
0.0,0.05,43,15,S-HCP-within,0.92,8.99495863918809,9.020633195596226,0.5436927368928519,0,12345
0.0,0.05,43,15,Std-CP,0.9,8.980222024666809,7.513764922876497,5.588330746456918,0,12345
0.0,0.05,43,15,Subsampling,1.0,,,,100,12345
0.0,0.05,43,20,Donor-HCP-no-within,0.95,9.556032467582906,9.740296253774567,0.7567959312228135,0,12345
0.0,0.05,43,20,Donor-HCP-within,0.97,7.756822833794932,7.809727694336729,0.30587913141721884,0,12345
0.0,0.05,43,20,HCP,1.0,,,,100,12345
0.0,0.05,43,20,Pooling,0.93,9.740296253774567,9.740296253774567,3.5706115939831736e-16,0,12345
0.0,0.05,43,20,Repeated,1.0,,,,100,12345
0.0,0.05,43,20,S-HCP-within,0.92,8.839460541287918,8.896705645466035,0.5226236770610243,0,12345
0.0,0.05,43,20,Std-CP,0.87,7.031528126735124,6.171747931742384,3.114298536936968,0,12345
0.0,0.05,43,20,Subsampling,1.0,,,,100,12345
0.0,0.05,43,25,Donor-HCP-no-within,0.97,7.682996047216967,6.8135368394244935,2.979752979069301,0,12345
0.0,0.05,43,25,Donor-HCP-within,1.0,,,,100,12345
0.0,0.05,43,25,HCP,1.0,,,,100,12345
0.0,0.05,43,25,Pooling,0.93,9.740296253774567,9.740296253774567,3.5706115939831736e-16,0,12345
0.0,0.05,43,25,Repeated,1.0,,,,100,12345
0.0,0.05,43,25,S-HCP-within,1.0,,,,100,12345
0.0,0.05,43,25,Std-CP,0.95,6.767111371182825,6.214927506333628,2.5637818149755,0,12345
0.0,0.05,43,25,Subsampling,1.0,,,,100,12345
0.0,0.05,43,30,Donor-HCP-no-within,0.97,7.892142028595203,7.13755072813731,2.94902560725245,0,12345
0.0,0.05,43,30,Donor-HCP-within,1.0,,,,100,12345
0.0,0.05,43,30,HCP,1.0,,,,100,12345
0.0,0.05,43,30,Pooling,0.93,9.740296253774567,9.740296253774567,3.5706115939831736e-16,0,12345
0.0,0.05,43,30,Repeated,1.0,,,,100,12345
0.0,0.05,43,30,S-HCP-within,1.0,,,,100,12345
0.0,0.05,43,30,Std-CP,0.95,6.50785374404054,5.958633149380793,2.411951946549231,0,12345
0.0,0.05,43,30,Subsampling,1.0,,,,100,12345
0.0,0.05,43,35,Donor-HCP-no-within,0.98,8.04713661488909,7.19455807880375,2.951025982856314,0,12345
0.0,0.05,43,35,Donor-HCP-within,1.0,,,,100,12345
0.0,0.05,43,35,HCP,1.0,,,,100,12345
0.0,0.05,43,35,Pooling,0.93,9.740296253774567,9.740296253774567,3.5706115939831736e-16,0,12345
0.0,0.05,43,35,Repeated,1.0,,,,100,12345
0.0,0.05,43,35,S-HCP-within,1.0,,,,100,12345
0.0,0.05,43,35,Std-CP,0.94,6.5238637890463345,6.3143783508483855,2.2748402250849113,0,12345
0.0,0.05,43,35,Subsampling,1.0,,,,100,12345
0.0,0.05,44,0,Donor-HCP-no-within,1.0,,,,100,12345
0.0,0.05,44,0,Donor-HCP-within,1.0,,,,100,12345
0.0,0.05,44,0,HCP,1.0,,,,100,12345
0.0,0.05,44,0,Pooling,0.97,8.536784673248938,8.536784673248938,7.781967552403668e-16,0,12345
0.0,0.05,44,0,Repeated,1.0,,,,100,12345
0.0,0.05,44,0,S-HCP-within,1.0,,,,100,12345
0.0,0.05,44,0,Std-CP,1.0,,,,100,12345
0.0,0.05,44,0,Subsampling,1.0,,,,100,12345
0.0,0.05,44,5,Donor-HCP-no-within,1.0,,,,100,12345
0.0,0.05,44,5,Donor-HCP-within,1.0,,,,100,12345
0.0,0.05,44,5,HCP,1.0,,,,100,12345
0.0,0.05,44,5,Pooling,0.97,8.536784673248938,8.536784673248938,7.781967552403668e-16,0,12345
0.0,0.05,44,5,Repeated,1.0,,,,100,12345
0.0,0.05,44,5,S-HCP-within,0.99,8.243641475050143,8.269816826579085,0.9972498324965735,0,12345
0.0,0.05,44,5,Std-CP,0.79,5.80250597686936,4.80034121924392,4.732969464851683,0,12345
0.0,0.05,44,5,Subsampling,1.0,,,,100,12345
0.0,0.05,44,10,Donor-HCP-no-within,1.0,15.482256831736997,15.992612885188358,1.3586187838878967,0,12345
0.0,0.05,44,10,Donor-HCP-within,1.0,,,,100,12345
0.0,0.05,44,10,HCP,1.0,,,,100,12345
0.0,0.05,44,10,Pooling,0.97,8.536784673248938,8.536784673248938,7.781967552403668e-16,0,12345
0.0,0.05,44,10,Repeated,1.0,,,,100,12345
0.0,0.05,44,10,S-HCP-within,0.97,8.173148612031817,8.250724500974918,0.7653199750141182,0,12345
0.0,0.05,44,10,Std-CP,0.86,27.189149766216545,12.503239492913265,46.99527877105213,0,12345
0.0,0.05,44,10,Subsampling,1.0,,,,100,12345
0.0,0.05,44,15,Donor-HCP-no-within,1.0,10.925474324389825,10.863405300596831,0.810157241213738,0,12345
0.0,0.05,44,15,Donor-HCP-within,0.99,12.11486226079685,12.056540558227901,0.36747974054630117,0,12345
0.0,0.05,44,15,HCP,1.0,,,,100,12345
0.0,0.05,44,15,Pooling,0.97,8.536784673248938,8.536784673248938,7.781967552403668e-16,0,12345
0.0,0.05,44,15,Repeated,1.0,,,,100,12345
0.0,0.05,44,15,S-HCP-within,0.97,8.232603191324575,8.250724500974918,0.5963047924535295,0,12345
0.0,0.05,44,15,Std-CP,0.89,8.3096253864581,7.367334474842621,3.8371292665756203,0,12345
0.0,0.05,44,15,Subsampling,1.0,,,,100,12345
0.0,0.05,44,20,Donor-HCP-no-within,0.98,9.718214991542546,9.582203150965029,0.9556651675051144,0,12345
0.0,0.05,44,20,Donor-HCP-within,0.99,7.738259477337524,7.627709924650815,0.5755148571642307,0,12345
0.0,0.05,44,20,HCP,1.0,,,,100,12345
0.0,0.05,44,20,Pooling,0.97,8.536784673248938,8.536784673248938,7.781967552403668e-16,0,12345
0.0,0.05,44,20,Repeated,1.0,,,,100,12345
0.0,0.05,44,20,S-HCP-within,0.97,7.767719813181473,7.614649962332429,0.5250449189215537,0,12345
0.0,0.05,44,20,Std-CP,0.9,6.667669046164142,6.526640679586553,2.6191406263862516,0,12345
0.0,0.05,44,20,Subsampling,1.0,,,,100,12345
0.0,0.05,44,25,Donor-HCP-no-within,0.94,7.317753472453328,6.98730999244596,1.9894935891482752,0,12345
0.0,0.05,44,25,Donor-HCP-within,1.0,,,,100,12345
0.0,0.05,44,25,HCP,1.0,,,,100,12345
0.0,0.05,44,25,Pooling,0.97,8.536784673248938,8.536784673248938,7.781967552403668e-16,0,12345
0.0,0.05,44,25,Repeated,1.0,,,,100,12345
0.0,0.05,44,25,S-HCP-within,1.0,,,,100,12345
0.0,0.05,44,25,Std-CP,0.91,6.691535837073863,6.557222926211388,2.4177538004311283,0,12345
0.0,0.05,44,25,Subsampling,1.0,,,,100,12345
0.0,0.05,44,30,Donor-HCP-no-within,0.96,7.454831500880184,7.354172110506745,1.958866182634322,0,12345
0.0,0.05,44,30,Donor-HCP-within,1.0,,,,100,12345
0.0,0.05,44,30,HCP,1.0,,,,100,12345
0.0,0.05,44,30,Pooling,0.97,8.536784673248938,8.536784673248938,7.781967552403668e-16,0,12345
0.0,0.05,44,30,Repeated,1.0,,,,100,12345
0.0,0.05,44,30,S-HCP-within,1.0,,,,100,12345
0.0,0.05,44,30,Std-CP,0.92,6.245914135777448,5.990335467905336,2.126707130025574,0,12345
0.0,0.05,44,30,Subsampling,1.0,,,,100,12345
0.0,0.05,44,35,Donor-HCP-no-within,0.96,7.687509870419172,7.669159461427631,1.9405961575388433,0,12345
0.0,0.05,44,35,Donor-HCP-within,1.0,,,,100,12345
0.0,0.05,44,35,HCP,1.0,,,,100,12345
0.0,0.05,44,35,Pooling,0.97,8.536784673248938,8.536784673248938,7.781967552403668e-16,0,12345
0.0,0.05,44,35,Repeated,1.0,,,,100,12345
0.0,0.05,44,35,S-HCP-within,1.0,,,,100,12345
0.0,0.05,44,35,Std-CP,0.95,6.271709974473245,6.147988249024537,1.9446075034704275,0,12345
0.0,0.05,44,35,Subsampling,1.0,,,,100,12345
0.0,0.05,45,0,Donor-HCP-no-within,1.0,,,,100,12345
0.0,0.05,45,0,Donor-HCP-within,1.0,,,,100,12345
0.0,0.05,45,0,HCP,1.0,,,,100,12345
0.0,0.05,45,0,Pooling,0.95,9.956261048947972,9.956261048947972,6.184480694873352e-16,0,12345
0.0,0.05,45,0,Repeated,1.0,,,,100,12345
0.0,0.05,45,0,S-HCP-within,1.0,,,,100,12345
0.0,0.05,45,0,Std-CP,1.0,,,,100,12345
0.0,0.05,45,0,Subsampling,1.0,,,,100,12345
0.0,0.05,45,5,Donor-HCP-no-within,1.0,,,,100,12345
0.0,0.05,45,5,Donor-HCP-within,1.0,,,,100,12345
0.0,0.05,45,5,HCP,1.0,,,,100,12345
0.0,0.05,45,5,Pooling,0.95,9.956261048947972,9.956261048947972,6.184480694873352e-16,0,12345
0.0,0.05,45,5,Repeated,1.0,,,,100,12345
0.0,0.05,45,5,S-HCP-within,0.95,12.354016011673107,12.625635887329203,0.8487583284895084,0,12345
0.0,0.05,45,5,Std-CP,0.78,6.233502114510779,5.043632428742297,4.6879244520362775,0,12345
0.0,0.05,45,5,Subsampling,1.0,,,,100,12345
0.0,0.05,45,10,Donor-HCP-no-within,1.0,13.0793969863264,12.92839908408571,0.7239739199934107,0,12345
0.0,0.05,45,10,Donor-HCP-within,1.0,,,,100,12345
0.0,0.05,45,10,HCP,1.0,,,,100,12345
0.0,0.05,45,10,Pooling,0.95,9.956261048947972,9.956261048947972,6.184480694873352e-16,0,12345
0.0,0.05,45,10,Repeated,1.0,,,,100,12345
0.0,0.05,45,10,S-HCP-within,0.96,12.376243953687588,12.460511701239827,0.9650931086485499,0,12345
0.0,0.05,45,10,Std-CP,0.86,48.449015137657234,13.632638614443835,127.77143116019928,0,12345
0.0,0.05,45,10,Subsampling,1.0,,,,100,12345
0.0,0.05,45,15,Donor-HCP-no-within,0.99,11.574094343450405,11.691464201191147,0.9908386719309371,0,12345
0.0,0.05,45,15,Donor-HCP-within,0.97,10.28072310486001,10.341050186930634,0.760436371123889,0,12345
0.0,0.05,45,15,HCP,1.0,,,,100,12345
0.0,0.05,45,15,Pooling,0.95,9.956261048947972,9.956261048947972,6.184480694873352e-16,0,12345
0.0,0.05,45,15,Repeated,1.0,,,,100,12345
0.0,0.05,45,15,S-HCP-within,0.98,12.54439620354467,12.625635887329205,0.9022631064705169,0,12345
0.0,0.05,45,15,Std-CP,0.88,9.169412874546929,7.330170094776872,7.974278926827769,0,12345
0.0,0.05,45,15,Subsampling,1.0,,,,100,12345
0.0,0.05,45,20,Donor-HCP-no-within,0.97,11.025492265422642,11.119620098220949,0.9699454145489815,0,12345
0.0,0.05,45,20,Donor-HCP-within,0.95,7.459376047051714,7.701662857094017,0.5663481631953963,0,12345
0.0,0.05,45,20,HCP,1.0,,,,100,12345
0.0,0.05,45,20,Pooling,0.95,9.956261048947972,9.956261048947972,6.184480694873352e-16,0,12345
0.0,0.05,45,20,Repeated,1.0,,,,100,12345
0.0,0.05,45,20,S-HCP-within,0.96,12.191849332801048,12.001347807454728,0.7246560802464262,0,12345
0.0,0.05,45,20,Std-CP,0.92,6.503055788274123,5.932380830241219,2.5661499668502787,0,12345
0.0,0.05,45,20,Subsampling,1.0,,,,100,12345
0.0,0.05,45,25,Donor-HCP-no-within,0.94,8.56229343782672,8.192380483916736,2.546141145730647,0,12345
0.0,0.05,45,25,Donor-HCP-within,1.0,,,,100,12345
0.0,0.05,45,25,HCP,1.0,,,,100,12345
0.0,0.05,45,25,Pooling,0.95,9.956261048947972,9.956261048947972,6.184480694873352e-16,0,12345
0.0,0.05,45,25,Repeated,1.0,,,,100,12345
0.0,0.05,45,25,S-HCP-within,1.0,,,,100,12345
0.0,0.05,45,25,Std-CP,0.93,6.550247980882091,6.047655636825622,3.0554945698704636,0,12345
0.0,0.05,45,25,Subsampling,1.0,,,,100,12345
0.0,0.05,45,30,Donor-HCP-no-within,0.95,8.792964297695853,8.365993045829441,2.450924357927779,0,12345
0.0,0.05,45,30,Donor-HCP-within,1.0,,,,100,12345
0.0,0.05,45,30,HCP,1.0,,,,100,12345
0.0,0.05,45,30,Pooling,0.95,9.956261048947972,9.956261048947972,6.184480694873352e-16,0,12345
0.0,0.05,45,30,Repeated,1.0,,,,100,12345
0.0,0.05,45,30,S-HCP-within,1.0,,,,100,12345
0.0,0.05,45,30,Std-CP,0.94,6.240072114138047,6.046293333619265,2.0274941714180876,0,12345
0.0,0.05,45,30,Subsampling,1.0,,,,100,12345
0.0,0.05,45,35,Donor-HCP-no-within,0.98,8.960868455543558,8.652055120442302,2.361040149138346,0,12345
0.0,0.05,45,35,Donor-HCP-within,1.0,,,,100,12345
0.0,0.05,45,35,HCP,1.0,,,,100,12345
0.0,0.05,45,35,Pooling,0.95,9.956261048947972,9.956261048947972,6.184480694873352e-16,0,12345
0.0,0.05,45,35,Repeated,1.0,,,,100,12345
0.0,0.05,45,35,S-HCP-within,1.0,,,,100,12345
0.0,0.05,45,35,Std-CP,0.97,6.20036745440741,5.954320528564388,1.7416657418549972,0,12345
0.0,0.05,45,35,Subsampling,1.0,,,,100,12345
0.0,0.05,46,0,Donor-HCP-no-within,1.0,,,,100,12345
0.0,0.05,46,0,Donor-HCP-within,1.0,,,,100,12345
0.0,0.05,46,0,HCP,1.0,,,,100,12345
0.0,0.05,46,0,Pooling,0.94,6.471378894429551,6.471378894429552,1.2624018355444048e-15,0,12345
0.0,0.05,46,0,Repeated,1.0,,,,100,12345
0.0,0.05,46,0,S-HCP-within,1.0,,,,100,12345
0.0,0.05,46,0,Std-CP,1.0,,,,100,12345
0.0,0.05,46,0,Subsampling,1.0,,,,100,12345
0.0,0.05,46,5,Donor-HCP-no-within,1.0,,,,100,12345
0.0,0.05,46,5,Donor-HCP-within,1.0,,,,100,12345
0.0,0.05,46,5,HCP,1.0,,,,100,12345
0.0,0.05,46,5,Pooling,0.94,6.471378894429551,6.471378894429552,1.2624018355444048e-15,0,12345
0.0,0.05,46,5,Repeated,1.0,,,,100,12345
0.0,0.05,46,5,S-HCP-within,0.88,8.329719073807153,8.261713670087225,0.9101899662479164,0,12345
0.0,0.05,46,5,Std-CP,0.75,5.920597844395811,5.1940560586119915,3.5234551128539224,0,12345
0.0,0.05,46,5,Subsampling,1.0,,,,100,12345
0.0,0.05,46,10,Donor-HCP-no-within,0.98,10.27989119699369,10.65614062148172,0.8486909812396519,0,12345
0.0,0.05,46,10,Donor-HCP-within,1.0,,,,100,12345
0.0,0.05,46,10,HCP,1.0,,,,100,12345
0.0,0.05,46,10,Pooling,0.94,6.471378894429551,6.471378894429552,1.2624018355444048e-15,0,12345
0.0,0.05,46,10,Repeated,1.0,,,,100,12345
0.0,0.05,46,10,S-HCP-within,0.94,8.518985425598284,8.515457772469993,0.7501510536731798,0,12345
0.0,0.05,46,10,Std-CP,0.75,35.328046910946256,10.092915382017036,139.47833102813433,0,12345
0.0,0.05,46,10,Subsampling,1.0,,,,100,12345
0.0,0.05,46,15,Donor-HCP-no-within,0.96,7.599899713631728,7.521091167713334,0.5490204228844446,0,12345
0.0,0.05,46,15,Donor-HCP-within,0.99,10.409758157906447,10.405488337460149,0.39579349999117697,0,12345
0.0,0.05,46,15,HCP,1.0,,,,100,12345
0.0,0.05,46,15,Pooling,0.94,6.471378894429551,6.471378894429552,1.2624018355444048e-15,0,12345
0.0,0.05,46,15,Repeated,1.0,,,,100,12345
0.0,0.05,46,15,S-HCP-within,0.94,8.451812948274673,8.333893061502746,0.6856066399975961,0,12345
0.0,0.05,46,15,Std-CP,0.91,8.548818141465876,7.222973572786847,5.288379163945894,0,12345
0.0,0.05,46,15,Subsampling,1.0,,,,100,12345
0.0,0.05,46,20,Donor-HCP-no-within,0.94,6.798718620941881,6.858195148647511,0.5249800259473789,0,12345
0.0,0.05,46,20,Donor-HCP-within,0.91,5.109003615240928,5.009439562453387,0.4179360335227779,0,12345
0.0,0.05,46,20,HCP,1.0,,,,100,12345
0.0,0.05,46,20,Pooling,0.94,6.471378894429551,6.471378894429552,1.2624018355444048e-15,0,12345
0.0,0.05,46,20,Repeated,1.0,,,,100,12345
0.0,0.05,46,20,S-HCP-within,0.92,8.188898604188271,8.148004279513557,0.568767870553217,0,12345
0.0,0.05,46,20,Std-CP,0.94,6.9236394656411235,6.349233782994869,3.156718433357828,0,12345
0.0,0.05,46,20,Subsampling,1.0,,,,100,12345
0.0,0.05,46,25,Donor-HCP-no-within,0.96,7.3287725810519575,7.4746324731190565,1.849436916007001,0,12345
0.0,0.05,46,25,Donor-HCP-within,1.0,,,,100,12345
0.0,0.05,46,25,HCP,1.0,,,,100,12345
0.0,0.05,46,25,Pooling,0.94,6.471378894429551,6.471378894429552,1.2624018355444048e-15,0,12345
0.0,0.05,46,25,Repeated,1.0,,,,100,12345
0.0,0.05,46,25,S-HCP-within,1.0,,,,100,12345
0.0,0.05,46,25,Std-CP,0.93,6.631206919839102,6.364621722161804,2.3208318476425482,0,12345
0.0,0.05,46,25,Subsampling,1.0,,,,100,12345
0.0,0.05,46,30,Donor-HCP-no-within,0.97,7.567808631577683,7.4746324731190565,1.9470752372491986,0,12345
0.0,0.05,46,30,Donor-HCP-within,1.0,,,,100,12345
0.0,0.05,46,30,HCP,1.0,,,,100,12345
0.0,0.05,46,30,Pooling,0.94,6.471378894429551,6.471378894429552,1.2624018355444048e-15,0,12345
0.0,0.05,46,30,Repeated,1.0,,,,100,12345
0.0,0.05,46,30,S-HCP-within,1.0,,,,100,12345
0.0,0.05,46,30,Std-CP,0.92,6.267513400526598,5.980525159855684,1.9149957575147452,0,12345
0.0,0.05,46,30,Subsampling,1.0,,,,100,12345
0.0,0.05,46,35,Donor-HCP-no-within,0.97,7.681840936315354,7.607243359194294,1.9787198940163158,0,12345
0.0,0.05,46,35,Donor-HCP-within,1.0,,,,100,12345
0.0,0.05,46,35,HCP,1.0,,,,100,12345
0.0,0.05,46,35,Pooling,0.94,6.471378894429551,6.471378894429552,1.2624018355444048e-15,0,12345
0.0,0.05,46,35,Repeated,1.0,,,,100,12345
0.0,0.05,46,35,S-HCP-within,1.0,,,,100,12345
0.0,0.05,46,35,Std-CP,0.93,6.427057422880929,6.31365419091687,1.890226058807865,0,12345
0.0,0.05,46,35,Subsampling,1.0,,,,100,12345
0.0,0.05,47,0,Donor-HCP-no-within,1.0,,,,100,12345
0.0,0.05,47,0,Donor-HCP-within,1.0,,,,100,12345
0.0,0.05,47,0,HCP,1.0,,,,100,12345
0.0,0.05,47,0,Pooling,0.96,9.149599451096044,9.149599451096044,1.3119264712386716e-15,0,12345
0.0,0.05,47,0,Repeated,1.0,,,,100,12345
0.0,0.05,47,0,S-HCP-within,1.0,,,,100,12345
0.0,0.05,47,0,Std-CP,1.0,,,,100,12345
0.0,0.05,47,0,Subsampling,1.0,,,,100,12345
0.0,0.05,47,5,Donor-HCP-no-within,1.0,,,,100,12345
0.0,0.05,47,5,Donor-HCP-within,1.0,,,,100,12345
0.0,0.05,47,5,HCP,1.0,,,,100,12345
0.0,0.05,47,5,Pooling,0.96,9.149599451096044,9.149599451096044,1.3119264712386716e-15,0,12345
0.0,0.05,47,5,Repeated,1.0,,,,100,12345
0.0,0.05,47,5,S-HCP-within,0.99,9.298352796712718,9.453841458501646,0.9483212241731525,0,12345
0.0,0.05,47,5,Std-CP,0.77,6.286468988713737,5.131340159507533,3.857683297408869,0,12345
0.0,0.05,47,5,Subsampling,1.0,,,,100,12345
0.0,0.05,47,10,Donor-HCP-no-within,0.99,13.720262146559042,13.690697590112219,1.5395408591450779,0,12345
0.0,0.05,47,10,Donor-HCP-within,1.0,,,,100,12345
0.0,0.05,47,10,HCP,1.0,,,,100,12345
0.0,0.05,47,10,Pooling,0.96,9.149599451096044,9.149599451096044,1.3119264712386716e-15,0,12345
0.0,0.05,47,10,Repeated,1.0,,,,100,12345
0.0,0.05,47,10,S-HCP-within,0.98,9.114760575139972,9.391216110540714,0.8317317048391243,0,12345
0.0,0.05,47,10,Std-CP,0.85,412.66459156322907,14.688742909425777,3805.025815877748,0,12345
0.0,0.05,47,10,Subsampling,1.0,,,,100,12345
0.0,0.05,47,15,Donor-HCP-no-within,0.99,11.830715722525287,11.899911820510521,1.1923384459747837,0,12345
0.0,0.05,47,15,Donor-HCP-within,1.0,17.50182227793982,18.005345007307426,2.2449136377760825,0,12345
0.0,0.05,47,15,HCP,1.0,,,,100,12345
0.0,0.05,47,15,Pooling,0.96,9.149599451096044,9.149599451096044,1.3119264712386716e-15,0,12345
0.0,0.05,47,15,Repeated,1.0,,,,100,12345
0.0,0.05,47,15,S-HCP-within,0.99,9.163235470783217,9.328590762579786,0.7518662387261629,0,12345
0.0,0.05,47,15,Std-CP,0.82,8.95055335489447,7.086522106128407,5.822227266813023,0,12345
0.0,0.05,47,15,Subsampling,1.0,,,,100,12345
0.0,0.05,47,20,Donor-HCP-no-within,0.98,10.436734979800638,10.674893518747908,1.061070028248851,0,12345
0.0,0.05,47,20,Donor-HCP-within,0.97,7.861546786186946,8.04230997592083,0.7100912458717292,0,12345
0.0,0.05,47,20,HCP,1.0,,,,100,12345
0.0,0.05,47,20,Pooling,0.96,9.149599451096044,9.149599451096044,1.3119264712386716e-15,0,12345
0.0,0.05,47,20,Repeated,1.0,,,,100,12345
0.0,0.05,47,20,S-HCP-within,0.99,8.774345042313886,8.57993394761094,0.6467981423880989,0,12345
0.0,0.05,47,20,Std-CP,0.9,6.836994339185069,6.315780999535789,2.889940418528782,0,12345
0.0,0.05,47,20,Subsampling,1.0,,,,100,12345
0.0,0.05,47,25,Donor-HCP-no-within,0.97,7.64354318426356,7.401576739221541,2.144926910411276,0,12345
0.0,0.05,47,25,Donor-HCP-within,1.0,,,,100,12345
0.0,0.05,47,25,HCP,1.0,,,,100,12345
0.0,0.05,47,25,Pooling,0.96,9.149599451096044,9.149599451096044,1.3119264712386716e-15,0,12345
0.0,0.05,47,25,Repeated,1.0,,,,100,12345
0.0,0.05,47,25,S-HCP-within,1.0,,,,100,12345
0.0,0.05,47,25,Std-CP,0.95,6.979339091821434,6.465502841019542,2.455295033646156,0,12345
0.0,0.05,47,25,Subsampling,1.0,,,,100,12345
0.0,0.05,47,30,Donor-HCP-no-within,0.98,7.861951656344574,7.4884721152546945,2.1442387152736426,0,12345
0.0,0.05,47,30,Donor-HCP-within,1.0,,,,100,12345
0.0,0.05,47,30,HCP,1.0,,,,100,12345
0.0,0.05,47,30,Pooling,0.96,9.149599451096044,9.149599451096044,1.3119264712386716e-15,0,12345
0.0,0.05,47,30,Repeated,1.0,,,,100,12345
0.0,0.05,47,30,S-HCP-within,1.0,,,,100,12345
0.0,0.05,47,30,Std-CP,0.92,6.685889444204013,6.518821213478849,2.3103873346152164,0,12345
0.0,0.05,47,30,Subsampling,1.0,,,,100,12345
0.0,0.05,47,35,Donor-HCP-no-within,0.98,8.013716123787797,7.560966080144766,2.1723139696873983,0,12345
0.0,0.05,47,35,Donor-HCP-within,1.0,,,,100,12345
0.0,0.05,47,35,HCP,1.0,,,,100,12345
0.0,0.05,47,35,Pooling,0.96,9.149599451096044,9.149599451096044,1.3119264712386716e-15,0,12345
0.0,0.05,47,35,Repeated,1.0,,,,100,12345
0.0,0.05,47,35,S-HCP-within,1.0,,,,100,12345
0.0,0.05,47,35,Std-CP,0.94,6.660279459966933,6.561039334711187,1.9129563500726126,0,12345
0.0,0.05,47,35,Subsampling,1.0,,,,100,12345
0.0,0.05,48,0,Donor-HCP-no-within,1.0,,,,100,12345
0.0,0.05,48,0,Donor-HCP-within,1.0,,,,100,12345
0.0,0.05,48,0,HCP,1.0,,,,100,12345
0.0,0.05,48,0,Pooling,0.94,8.873415037616564,8.873415037616564,1.4503892858778862e-15,0,12345
0.0,0.05,48,0,Repeated,1.0,,,,100,12345
0.0,0.05,48,0,S-HCP-within,1.0,,,,100,12345
0.0,0.05,48,0,Std-CP,1.0,,,,100,12345
0.0,0.05,48,0,Subsampling,1.0,,,,100,12345
0.0,0.05,48,5,Donor-HCP-no-within,1.0,,,,100,12345
0.0,0.05,48,5,Donor-HCP-within,1.0,,,,100,12345
0.0,0.05,48,5,HCP,1.0,,,,100,12345
0.0,0.05,48,5,Pooling,0.94,8.873415037616564,8.873415037616564,1.4503892858778862e-15,0,12345
0.0,0.05,48,5,Repeated,1.0,,,,100,12345
0.0,0.05,48,5,S-HCP-within,0.96,8.60475748072555,8.548245656817851,0.9238006677528703,0,12345
0.0,0.05,48,5,Std-CP,0.76,6.815409209488056,5.620991321292443,5.697499429972412,0,12345
0.0,0.05,48,5,Subsampling,1.0,,,,100,12345
0.0,0.05,48,10,Donor-HCP-no-within,1.0,14.7015115628308,15.064414446804442,1.3542407302277346,0,12345
0.0,0.05,48,10,Donor-HCP-within,1.0,,,,100,12345
0.0,0.05,48,10,HCP,1.0,,,,100,12345
0.0,0.05,48,10,Pooling,0.94,8.873415037616564,8.873415037616564,1.4503892858778862e-15,0,12345
0.0,0.05,48,10,Repeated,1.0,,,,100,12345
0.0,0.05,48,10,S-HCP-within,0.97,8.583233665145578,8.548245656817851,0.6433194491732729,0,12345
0.0,0.05,48,10,Std-CP,0.8,78.28887235312605,13.54031151206592,329.75581346391823,0,12345
0.0,0.05,48,10,Subsampling,1.0,,,,100,12345
0.0,0.05,48,15,Donor-HCP-no-within,0.96,10.113404804613939,9.979579610615584,0.7897249357584641,0,12345
0.0,0.05,48,15,Donor-HCP-within,0.99,11.91249400654239,12.202296153430545,1.024721263249338,0,12345
0.0,0.05,48,15,HCP,1.0,,,,100,12345
0.0,0.05,48,15,Pooling,0.94,8.873415037616564,8.873415037616564,1.4503892858778862e-15,0,12345
0.0,0.05,48,15,Repeated,1.0,,,,100,12345
0.0,0.05,48,15,S-HCP-within,0.97,8.664789501706041,8.548245656817853,0.486704860487795,0,12345
0.0,0.05,48,15,Std-CP,0.86,8.89242125370152,7.158503058158731,5.905658073042098,0,12345
0.0,0.05,48,15,Subsampling,1.0,,,,100,12345
0.0,0.05,48,20,Donor-HCP-no-within,0.95,9.086913791240823,8.873415037616565,0.7713168275381432,0,12345
0.0,0.05,48,20,Donor-HCP-within,0.97,8.581769797990535,8.639714454890488,0.8057847059105298,0,12345
0.0,0.05,48,20,HCP,1.0,,,,100,12345
0.0,0.05,48,20,Pooling,0.94,8.873415037616564,8.873415037616564,1.4503892858778862e-15,0,12345
0.0,0.05,48,20,Repeated,1.0,,,,100,12345
0.0,0.05,48,20,S-HCP-within,0.97,8.374293922478698,8.371345425000992,0.41621606793068255,0,12345
0.0,0.05,48,20,Std-CP,0.94,6.956131497476442,6.41556583640155,2.5875495837816107,0,12345
0.0,0.05,48,20,Subsampling,1.0,,,,100,12345
0.0,0.05,48,25,Donor-HCP-no-within,0.99,7.648234916825718,7.554707122110137,2.1824615668012135,0,12345
0.0,0.05,48,25,Donor-HCP-within,1.0,,,,100,12345
0.0,0.05,48,25,HCP,1.0,,,,100,12345
0.0,0.05,48,25,Pooling,0.94,8.873415037616564,8.873415037616564,1.4503892858778862e-15,0,12345
0.0,0.05,48,25,Repeated,1.0,,,,100,12345
0.0,0.05,48,25,S-HCP-within,1.0,,,,100,12345
0.0,0.05,48,25,Std-CP,0.91,6.59352439873073,6.197553276447056,2.2038710710416245,0,12345
0.0,0.05,48,25,Subsampling,1.0,,,,100,12345
0.0,0.05,48,30,Donor-HCP-no-within,0.99,7.7486210482872835,7.640886605029099,2.163091694795105,0,12345
0.0,0.05,48,30,Donor-HCP-within,1.0,,,,100,12345
0.0,0.05,48,30,HCP,1.0,,,,100,12345
0.0,0.05,48,30,Pooling,0.94,8.873415037616564,8.873415037616564,1.4503892858778862e-15,0,12345
0.0,0.05,48,30,Repeated,1.0,,,,100,12345
0.0,0.05,48,30,S-HCP-within,1.0,,,,100,12345
0.0,0.05,48,30,Std-CP,0.94,6.672479888418159,6.481765622095388,2.12200717520295,0,12345
0.0,0.05,48,30,Subsampling,1.0,,,,100,12345
0.0,0.05,48,35,Donor-HCP-no-within,0.99,7.849268196660911,7.8166328946294605,2.1251519344097987,0,12345
0.0,0.05,48,35,Donor-HCP-within,1.0,,,,100,12345
0.0,0.05,48,35,HCP,1.0,,,,100,12345
0.0,0.05,48,35,Pooling,0.94,8.873415037616564,8.873415037616564,1.4503892858778862e-15,0,12345
0.0,0.05,48,35,Repeated,1.0,,,,100,12345
0.0,0.05,48,35,S-HCP-within,1.0,,,,100,12345
0.0,0.05,48,35,Std-CP,0.96,6.344512645765962,5.9198300376283655,2.098360895384006,0,12345
0.0,0.05,48,35,Subsampling,1.0,,,,100,12345
0.0,0.05,49,0,Donor-HCP-no-within,1.0,,,,100,12345
0.0,0.05,49,0,Donor-HCP-within,1.0,,,,100,12345
0.0,0.05,49,0,HCP,1.0,,,,100,12345
0.0,0.05,49,0,Pooling,0.86,6.6443419854477455,6.6443419854477455,8.926528984957934e-17,0,12345
0.0,0.05,49,0,Repeated,1.0,,,,100,12345
0.0,0.05,49,0,S-HCP-within,1.0,,,,100,12345
0.0,0.05,49,0,Std-CP,1.0,,,,100,12345
0.0,0.05,49,0,Subsampling,1.0,,,,100,12345
0.0,0.05,49,5,Donor-HCP-no-within,1.0,,,,100,12345
0.0,0.05,49,5,Donor-HCP-within,1.0,,,,100,12345
0.0,0.05,49,5,HCP,1.0,,,,100,12345
0.0,0.05,49,5,Pooling,0.86,6.6443419854477455,6.6443419854477455,8.926528984957934e-17,0,12345
0.0,0.05,49,5,Repeated,1.0,,,,100,12345
0.0,0.05,49,5,S-HCP-within,0.94,8.565648400583166,8.261677349883719,1.165493995133635,0,12345
0.0,0.05,49,5,Std-CP,0.77,5.607600106230617,4.975560691947278,3.4114151202345853,0,12345
0.0,0.05,49,5,Subsampling,1.0,,,,100,12345
0.0,0.05,49,10,Donor-HCP-no-within,0.99,11.1680087746401,10.946851825942609,1.0593596219646837,0,12345
0.0,0.05,49,10,Donor-HCP-within,1.0,,,,100,12345
0.0,0.05,49,10,HCP,1.0,,,,100,12345
0.0,0.05,49,10,Pooling,0.86,6.6443419854477455,6.6443419854477455,8.926528984957934e-17,0,12345
0.0,0.05,49,10,Repeated,1.0,,,,100,12345
0.0,0.05,49,10,S-HCP-within,0.96,8.361372181982903,8.192888309985854,0.8873749132309743,0,12345
0.0,0.05,49,10,Std-CP,0.87,39.50422790061781,13.087965666022173,117.14866556394209,0,12345
0.0,0.05,49,10,Subsampling,1.0,,,,100,12345
0.0,0.05,49,15,Donor-HCP-no-within,0.89,8.39297874150336,8.457753672975542,0.6633362331521554,0,12345
0.0,0.05,49,15,Donor-HCP-within,0.99,11.52947083524398,12.269877543872884,1.3374956643522375,0,12345
0.0,0.05,49,15,HCP,1.0,,,,100,12345
0.0,0.05,49,15,Pooling,0.86,6.6443419854477455,6.6443419854477455,8.926528984957934e-17,0,12345
0.0,0.05,49,15,Repeated,1.0,,,,100,12345
0.0,0.05,49,15,S-HCP-within,0.95,8.4050353355622,8.261677349883719,0.6828851751919409,0,12345
0.0,0.05,49,15,Std-CP,0.84,8.71474064478322,8.001928086695262,4.194742240812311,0,12345
0.0,0.05,49,15,Subsampling,1.0,,,,100,12345
0.0,0.05,49,20,Donor-HCP-no-within,0.88,7.472295160030707,7.38895300779275,0.6069948600113813,0,12345
0.0,0.05,49,20,Donor-HCP-within,0.93,6.876772937308821,6.796558027781302,0.4372033516397988,0,12345
0.0,0.05,49,20,HCP,1.0,,,,100,12345
0.0,0.05,49,20,Pooling,0.86,6.6443419854477455,6.6443419854477455,8.926528984957934e-17,0,12345
0.0,0.05,49,20,Repeated,1.0,,,,100,12345
0.0,0.05,49,20,S-HCP-within,0.93,8.080227571374374,8.169192318889529,0.47138339889855974,0,12345
0.0,0.05,49,20,Std-CP,0.91,7.198329116136787,6.705239273939814,3.026025345851506,0,12345
0.0,0.05,49,20,Subsampling,1.0,,,,100,12345
0.0,0.05,49,25,Donor-HCP-no-within,0.95,7.873745508060469,7.220865425513234,2.551248349661315,0,12345
0.0,0.05,49,25,Donor-HCP-within,1.0,,,,100,12345
0.0,0.05,49,25,HCP,1.0,,,,100,12345
0.0,0.05,49,25,Pooling,0.86,6.6443419854477455,6.6443419854477455,8.926528984957934e-17,0,12345
0.0,0.05,49,25,Repeated,1.0,,,,100,12345
0.0,0.05,49,25,S-HCP-within,1.0,,,,100,12345
0.0,0.05,49,25,Std-CP,0.92,6.813031341086368,6.277554302827315,2.8274572908968305,0,12345
0.0,0.05,49,25,Subsampling,1.0,,,,100,12345
0.0,0.05,49,30,Donor-HCP-no-within,0.95,8.139498756939647,7.844171924532214,2.470818967983707,0,12345
0.0,0.05,49,30,Donor-HCP-within,1.0,,,,100,12345
0.0,0.05,49,30,HCP,1.0,,,,100,12345
0.0,0.05,49,30,Pooling,0.86,6.6443419854477455,6.6443419854477455,8.926528984957934e-17,0,12345
0.0,0.05,49,30,Repeated,1.0,,,,100,12345
0.0,0.05,49,30,S-HCP-within,1.0,,,,100,12345
0.0,0.05,49,30,Std-CP,0.95,6.591668572831448,6.1774577594918245,2.171464088523298,0,12345
0.0,0.05,49,30,Subsampling,1.0,,,,100,12345
0.0,0.05,49,35,Donor-HCP-no-within,0.95,8.300236611972842,8.03429300303901,2.4231784405082313,0,12345
0.0,0.05,49,35,Donor-HCP-within,1.0,,,,100,12345
0.0,0.05,49,35,HCP,1.0,,,,100,12345
0.0,0.05,49,35,Pooling,0.86,6.6443419854477455,6.6443419854477455,8.926528984957934e-17,0,12345
0.0,0.05,49,35,Repeated,1.0,,,,100,12345
0.0,0.05,49,35,S-HCP-within,1.0,,,,100,12345
0.0,0.05,49,35,Std-CP,0.92,6.540090659585339,6.188898621872597,2.0159928521265287,0,12345
0.0,0.05,49,35,Subsampling,1.0,,,,100,12345
0.0,0.1,0,0,Donor-HCP-no-within,1.0,12.689846230051721,12.689846230051721,3.9920651226976273e-16,0,12345
0.0,0.1,0,0,Donor-HCP-within,1.0,12.689846230051721,12.689846230051721,3.9920651226976273e-16,0,12345
0.0,0.1,0,0,HCP,1.0,12.689846230051721,12.689846230051721,3.9920651226976273e-16,0,12345
0.0,0.1,0,0,Pooling,0.9,7.713615309259147,7.713615309259147,1.262401835544405e-16,0,12345
0.0,0.1,0,0,Repeated,0.94,8.523712663789702,8.523712663789702,2.52480367108881e-16,0,12345
0.0,0.1,0,0,S-HCP-within,0.86,9.339871521869814,8.834393104675101,2.1082942645923577,0,12345
0.0,0.1,0,0,Std-CP,1.0,,,,100,12345
0.0,0.1,0,0,Subsampling,0.96,9.560100581988216,9.560100581988216,3.092240347436676e-16,0,12345
0.0,0.1,0,5,Donor-HCP-no-within,0.97,10.232904351933604,9.952783017580233,0.7724939032121676,0,12345
0.0,0.1,0,5,Donor-HCP-within,0.99,10.45561462229085,10.549172563452132,0.796875215657104,0,12345
0.0,0.1,0,5,HCP,1.0,12.689846230051721,12.689846230051721,3.9920651226976273e-16,0,12345
0.0,0.1,0,5,Pooling,0.9,7.713615309259147,7.713615309259147,1.262401835544405e-16,0,12345
0.0,0.1,0,5,Repeated,0.94,8.523712663789702,8.523712663789702,2.52480367108881e-16,0,12345
0.0,0.1,0,5,S-HCP-within,0.89,8.420415472129273,8.294748312942453,0.9223350735117277,0,12345
0.0,0.1,0,5,Std-CP,0.73,5.783830176974192,5.112605166790268,4.811286122425183,0,12345
0.0,0.1,0,5,Subsampling,0.96,9.560100581988216,9.560100581988216,3.092240347436676e-16,0,12345
0.0,0.1,0,10,Donor-HCP-no-within,0.96,9.138377391046758,8.823848563734543,1.0925898832348035,0,12345
0.0,0.1,0,10,Donor-HCP-within,0.97,84.56197386543892,88.92092660810162,20.0692340017839,0,12345
0.0,0.1,0,10,HCP,1.0,12.689846230051721,12.689846230051721,3.9920651226976273e-16,0,12345
0.0,0.1,0,10,Pooling,0.9,7.713615309259147,7.713615309259147,1.262401835544405e-16,0,12345
0.0,0.1,0,10,Repeated,0.94,8.523712663789702,8.523712663789702,2.52480367108881e-16,0,12345
0.0,0.1,0,10,S-HCP-within,0.9,8.455215591416044,8.42305429880567,0.69089743562561,0,12345
0.0,0.1,0,10,Std-CP,0.81,31.314342464193395,13.82865890706751,50.644899450509975,0,12345
0.0,0.1,0,10,Subsampling,0.96,9.560100581988216,9.560100581988216,3.092240347436676e-16,0,12345
0.0,0.1,0,15,Donor-HCP-no-within,0.93,8.386322260899277,8.123905859987282,1.1062732074949535,0,12345
0.0,0.1,0,15,Donor-HCP-within,0.91,6.781447883787674,6.7172516692112305,0.4965976512378464,0,12345
0.0,0.1,0,15,HCP,1.0,12.689846230051721,12.689846230051721,3.9920651226976273e-16,0,12345
0.0,0.1,0,15,Pooling,0.9,7.713615309259147,7.713615309259147,1.262401835544405e-16,0,12345
0.0,0.1,0,15,Repeated,0.94,8.523712663789702,8.523712663789702,2.52480367108881e-16,0,12345
0.0,0.1,0,15,S-HCP-within,0.89,8.193107074149133,8.116293350607506,0.40344487233763615,0,12345
0.0,0.1,0,15,Std-CP,0.83,8.943210487595284,7.94729972528971,5.475524161799502,0,12345
0.0,0.1,0,15,Subsampling,0.96,9.560100581988216,9.560100581988216,3.092240347436676e-16,0,12345
0.0,0.1,0,20,Donor-HCP-no-within,0.9,7.825283669276217,7.269394145168821,1.3441208259991684,0,12345
0.0,0.1,0,20,Donor-HCP-within,0.88,6.160668940883008,6.135805439510561,0.49516379289826723,0,12345
0.0,0.1,0,20,HCP,1.0,12.689846230051721,12.689846230051721,3.9920651226976273e-16,0,12345
0.0,0.1,0,20,Pooling,0.9,7.713615309259147,7.713615309259147,1.262401835544405e-16,0,12345
0.0,0.1,0,20,Repeated,0.94,8.523712663789702,8.523712663789702,2.52480367108881e-16,0,12345
0.0,0.1,0,20,S-HCP-within,0.9,8.161557074341827,8.116293350607503,0.38682747888123764,0,12345
0.0,0.1,0,20,Std-CP,0.91,6.895495255072249,6.368848627295243,2.851222640984985,0,12345
0.0,0.1,0,20,Subsampling,0.96,9.560100581988216,9.560100581988216,3.092240347436676e-16,0,12345
0.0,0.1,0,25,Donor-HCP-no-within,0.88,6.8214311824326295,6.643155902413205,2.054466715631567,0,12345
0.0,0.1,0,25,Donor-HCP-within,0.88,6.318499948187184,5.999830099831664,2.073610496906405,0,12345
0.0,0.1,0,25,HCP,1.0,12.689846230051721,12.689846230051721,3.9920651226976273e-16,0,12345
0.0,0.1,0,25,Pooling,0.9,7.713615309259147,7.713615309259147,1.262401835544405e-16,0,12345
0.0,0.1,0,25,Repeated,0.94,8.523712663789702,8.523712663789702,2.52480367108881e-16,0,12345
0.0,0.1,0,25,S-HCP-within,0.9,7.45591050574686,7.267693788311326,2.292728076227486,0,12345
0.0,0.1,0,25,Std-CP,0.96,6.78189085688086,6.321682750102515,2.5060619045490644,0,12345
0.0,0.1,0,25,Subsampling,0.96,9.560100581988216,9.560100581988216,3.092240347436676e-16,0,12345
0.0,0.1,0,30,Donor-HCP-no-within,0.86,6.421339191768405,6.070757997149063,1.8584283651347613,0,12345
0.0,0.1,0,30,Donor-HCP-within,0.9,6.06255556272026,5.757738760367317,1.7698977723222973,0,12345
0.0,0.1,0,30,HCP,1.0,12.689846230051721,12.689846230051721,3.9920651226976273e-16,0,12345
0.0,0.1,0,30,Pooling,0.9,7.713615309259147,7.713615309259147,1.262401835544405e-16,0,12345
0.0,0.1,0,30,Repeated,0.94,8.523712663789702,8.523712663789702,2.52480367108881e-16,0,12345
0.0,0.1,0,30,S-HCP-within,0.93,7.579676799992524,7.261051616243561,2.105717190971651,0,12345
0.0,0.1,0,30,Std-CP,0.92,6.529035799912986,6.1619178744037555,2.2358712800450555,0,12345
0.0,0.1,0,30,Subsampling,0.96,9.560100581988216,9.560100581988216,3.092240347436676e-16,0,12345
0.0,0.1,0,35,Donor-HCP-no-within,0.88,6.601932090076198,6.498086643198325,1.9203838619725502,0,12345
0.0,0.1,0,35,Donor-HCP-within,0.93,6.236671925413004,6.090778448820589,1.6890642801771745,0,12345
0.0,0.1,0,35,HCP,1.0,12.689846230051721,12.689846230051721,3.9920651226976273e-16,0,12345
0.0,0.1,0,35,Pooling,0.9,7.713615309259147,7.713615309259147,1.262401835544405e-16,0,12345
0.0,0.1,0,35,Repeated,0.94,8.523712663789702,8.523712663789702,2.52480367108881e-16,0,12345
0.0,0.1,0,35,S-HCP-within,0.93,7.723371853158727,7.495334552888472,2.1446287320941275,0,12345
0.0,0.1,0,35,Std-CP,0.94,6.789240991591652,6.50684088972124,2.3289740345328194,0,12345
0.0,0.1,0,35,Subsampling,0.96,9.560100581988216,9.560100581988216,3.092240347436676e-16,0,12345
0.0,0.1,1,0,Donor-HCP-no-within,0.86,7.615646892047761,7.61564689204776,1.2239439900268025e-15,0,12345
0.0,0.1,1,0,Donor-HCP-within,0.86,7.615646892047761,7.61564689204776,1.2239439900268025e-15,0,12345
0.0,0.1,1,0,HCP,0.86,7.615646892047761,7.61564689204776,1.2239439900268025e-15,0,12345
0.0,0.1,1,0,Pooling,0.71,5.370701033718674,5.3707010337186745,5.645632638395598e-16,0,12345
0.0,0.1,1,0,Repeated,0.82,6.252557119608537,6.252557119608536,1.2239439900268025e-15,0,12345
0.0,0.1,1,0,S-HCP-within,0.91,8.760823721458694,7.91489796224597,2.5014912037727557,0,12345
0.0,0.1,1,0,Std-CP,1.0,,,,100,12345
0.0,0.1,1,0,Subsampling,0.75,5.71890506627584,5.718905066275841,1.2239439900268025e-15,0,12345
0.0,0.1,1,5,Donor-HCP-no-within,0.96,9.582913273805206,9.70585315495402,1.5304681552464128,0,12345
0.0,0.1,1,5,Donor-HCP-within,0.98,10.19188410677163,10.605339458177323,1.2783729561397852,0,12345
0.0,0.1,1,5,HCP,0.86,7.615646892047761,7.61564689204776,1.2239439900268025e-15,0,12345
0.0,0.1,1,5,Pooling,0.71,5.370701033718674,5.3707010337186745,5.645632638395598e-16,0,12345
0.0,0.1,1,5,Repeated,0.82,6.252557119608537,6.252557119608536,1.2239439900268025e-15,0,12345
0.0,0.1,1,5,S-HCP-within,0.92,7.8083395943019855,7.576639659109777,1.0519819021004992,0,12345
0.0,0.1,1,5,Std-CP,0.74,6.803206580294865,5.3961131481579825,6.553591406343509,0,12345
0.0,0.1,1,5,Subsampling,0.75,5.71890506627584,5.718905066275841,1.2239439900268025e-15,0,12345
0.0,0.1,1,10,Donor-HCP-no-within,0.89,7.963104650239838,7.835620180808567,0.9751447472416724,0,12345
0.0,0.1,1,10,Donor-HCP-within,0.95,16.7854243596068,16.941532273907555,1.605723647924894,0,12345
0.0,0.1,1,10,HCP,0.86,7.615646892047761,7.61564689204776,1.2239439900268025e-15,0,12345
0.0,0.1,1,10,Pooling,0.71,5.370701033718674,5.3707010337186745,5.645632638395598e-16,0,12345
0.0,0.1,1,10,Repeated,0.82,6.252557119608537,6.252557119608536,1.2239439900268025e-15,0,12345
0.0,0.1,1,10,S-HCP-within,0.96,7.591136105914284,7.50599997349886,0.7646911640557037,0,12345
0.0,0.1,1,10,Std-CP,0.8,36.14054654403132,10.524044672507861,148.34440035004602,0,12345
0.0,0.1,1,10,Subsampling,0.75,5.71890506627584,5.718905066275841,1.2239439900268025e-15,0,12345
0.0,0.1,1,15,Donor-HCP-no-within,0.87,7.2657292347090126,7.377277093637212,0.9545155839050173,0,12345
0.0,0.1,1,15,Donor-HCP-within,0.98,8.549393629131293,8.422333197535346,0.5324485562496709,0,12345
0.0,0.1,1,15,HCP,0.86,7.615646892047761,7.61564689204776,1.2239439900268025e-15,0,12345
0.0,0.1,1,15,Pooling,0.71,5.370701033718674,5.3707010337186745,5.645632638395598e-16,0,12345
0.0,0.1,1,15,Repeated,0.82,6.252557119608537,6.252557119608536,1.2239439900268025e-15,0,12345
0.0,0.1,1,15,S-HCP-within,0.95,7.45895401313852,7.505999973498858,0.4549335773055247,0,12345
0.0,0.1,1,15,Std-CP,0.91,8.473034954718752,7.156066089433825,5.231618161059624,0,12345
0.0,0.1,1,15,Subsampling,0.75,5.71890506627584,5.718905066275841,1.2239439900268025e-15,0,12345
0.0,0.1,1,20,Donor-HCP-no-within,0.82,6.729206681233422,6.662008290858823,0.8033420144303386,0,12345
0.0,0.1,1,20,Donor-HCP-within,0.91,5.675134078807767,5.618424015468186,0.3404351217391213,0,12345
0.0,0.1,1,20,HCP,0.86,7.615646892047761,7.61564689204776,1.2239439900268025e-15,0,12345
0.0,0.1,1,20,Pooling,0.71,5.370701033718674,5.3707010337186745,5.645632638395598e-16,0,12345
0.0,0.1,1,20,Repeated,0.82,6.252557119608537,6.252557119608536,1.2239439900268025e-15,0,12345
0.0,0.1,1,20,S-HCP-within,0.93,7.316118223751764,7.304314111525537,0.42900980682103035,0,12345
0.0,0.1,1,20,Std-CP,0.92,6.481732021607487,5.823572683840343,2.9785543562750223,0,12345
0.0,0.1,1,20,Subsampling,0.75,5.71890506627584,5.718905066275841,1.2239439900268025e-15,0,12345
0.0,0.1,1,25,Donor-HCP-no-within,0.94,7.1682516455092244,7.048998607062691,2.261174339852439,0,12345
0.0,0.1,1,25,Donor-HCP-within,0.97,6.58891915762143,6.069850573914015,2.404165117109365,0,12345
0.0,0.1,1,25,HCP,0.86,7.615646892047761,7.61564689204776,1.2239439900268025e-15,0,12345
0.0,0.1,1,25,Pooling,0.71,5.370701033718674,5.3707010337186745,5.645632638395598e-16,0,12345
0.0,0.1,1,25,Repeated,0.82,6.252557119608537,6.252557119608536,1.2239439900268025e-15,0,12345
0.0,0.1,1,25,S-HCP-within,0.96,7.475283007140011,7.404644161161855,2.411963750438613,0,12345
0.0,0.1,1,25,Std-CP,0.95,6.667592053354427,6.088807536097206,2.8312370972728864,0,12345
0.0,0.1,1,25,Subsampling,0.75,5.71890506627584,5.718905066275841,1.2239439900268025e-15,0,12345
0.0,0.1,1,30,Donor-HCP-no-within,0.94,6.815323704440241,6.898413926607004,2.213048378949379,0,12345
0.0,0.1,1,30,Donor-HCP-within,0.97,6.1183967063316675,5.656368225813757,2.3306928751460148,0,12345
0.0,0.1,1,30,HCP,0.86,7.615646892047761,7.61564689204776,1.2239439900268025e-15,0,12345
0.0,0.1,1,30,Pooling,0.71,5.370701033718674,5.3707010337186745,5.645632638395598e-16,0,12345
0.0,0.1,1,30,Repeated,0.82,6.252557119608537,6.252557119608536,1.2239439900268025e-15,0,12345
0.0,0.1,1,30,S-HCP-within,0.96,7.756031052395759,7.761827950879594,2.5499596544414653,0,12345
0.0,0.1,1,30,Std-CP,0.96,6.237369588096803,5.745133472459541,2.1386877751730196,0,12345
0.0,0.1,1,30,Subsampling,0.75,5.71890506627584,5.718905066275841,1.2239439900268025e-15,0,12345
0.0,0.1,1,35,Donor-HCP-no-within,0.95,7.054905007990559,6.917568920679541,2.2484391565477013,0,12345
0.0,0.1,1,35,Donor-HCP-within,0.96,6.18254843640123,5.958187778315375,1.951819453979912,0,12345
0.0,0.1,1,35,HCP,0.86,7.615646892047761,7.61564689204776,1.2239439900268025e-15,0,12345
0.0,0.1,1,35,Pooling,0.71,5.370701033718674,5.3707010337186745,5.645632638395598e-16,0,12345
0.0,0.1,1,35,Repeated,0.82,6.252557119608537,6.252557119608536,1.2239439900268025e-15,0,12345
0.0,0.1,1,35,S-HCP-within,0.96,7.993371047104632,7.885815460060938,2.5089225046700996,0,12345
0.0,0.1,1,35,Std-CP,0.97,6.323498033960254,5.829510784356414,2.0757554324044265,0,12345
0.0,0.1,1,35,Subsampling,0.75,5.71890506627584,5.718905066275841,1.2239439900268025e-15,0,12345
0.0,0.1,2,0,Donor-HCP-no-within,0.96,11.441808341476825,11.441808341476825,1.2497140578941108e-15,0,12345
0.0,0.1,2,0,Donor-HCP-within,0.96,11.441808341476825,11.441808341476825,1.2497140578941108e-15,0,12345
0.0,0.1,2,0,HCP,0.96,11.441808341476825,11.441808341476825,1.2497140578941108e-15,0,12345
0.0,0.1,2,0,Pooling,0.82,8.457403731855393,8.457403731855393,0.0,0,12345
0.0,0.1,2,0,Repeated,0.9,9.366956240758103,9.366956240758103,1.1842378929335002e-15,0,12345
0.0,0.1,2,0,S-HCP-within,0.95,11.009261465142318,10.944289174166336,2.2747845721238877,0,12345
0.0,0.1,2,0,Std-CP,1.0,,,,100,12345
0.0,0.1,2,0,Subsampling,0.82,8.204171551663855,8.204171551663855,1.0410032219846393e-15,0,12345
0.0,0.1,2,5,Donor-HCP-no-within,0.97,9.699808763928614,9.510456136142743,0.6024913556900366,0,12345
0.0,0.1,2,5,Donor-HCP-within,0.96,10.187864907820792,10.191261455084636,0.7312665651866606,0,12345
0.0,0.1,2,5,HCP,0.96,11.441808341476825,11.441808341476825,1.2497140578941108e-15,0,12345
0.0,0.1,2,5,Pooling,0.82,8.457403731855393,8.457403731855393,0.0,0,12345
0.0,0.1,2,5,Repeated,0.9,9.366956240758103,9.366956240758103,1.1842378929335002e-15,0,12345
0.0,0.1,2,5,S-HCP-within,0.97,9.985447050272015,9.854301229738649,0.824624287459858,0,12345
0.0,0.1,2,5,Std-CP,0.72,5.510590890925933,4.502684419584549,4.3146905842456444,0,12345
0.0,0.1,2,5,Subsampling,0.82,8.204171551663855,8.204171551663855,1.0410032219846393e-15,0,12345
0.0,0.1,2,10,Donor-HCP-no-within,0.92,8.862846329312353,8.644506889185529,0.5448066466023949,0,12345
0.0,0.1,2,10,Donor-HCP-within,0.94,23.643223464975748,24.466284882292925,3.1758673051947235,0,12345
0.0,0.1,2,10,HCP,0.96,11.441808341476825,11.441808341476825,1.2497140578941108e-15,0,12345
0.0,0.1,2,10,Pooling,0.82,8.457403731855393,8.457403731855393,0.0,0,12345
0.0,0.1,2,10,Repeated,0.9,9.366956240758103,9.366956240758103,1.1842378929335002e-15,0,12345
0.0,0.1,2,10,S-HCP-within,0.96,9.750445293259917,9.706417623414119,0.6182361819633783,0,12345
0.0,0.1,2,10,Std-CP,0.82,33.65836676258315,13.0209166771915,66.91391635993116,0,12345
0.0,0.1,2,10,Subsampling,0.82,8.204171551663855,8.204171551663855,1.0410032219846393e-15,0,12345
0.0,0.1,2,15,Donor-HCP-no-within,0.92,8.449393945004774,8.27325512546513,0.5989358709621191,0,12345
0.0,0.1,2,15,Donor-HCP-within,0.92,6.881244097272604,6.679903061072942,0.6211739101724586,0,12345
0.0,0.1,2,15,HCP,0.96,11.441808341476825,11.441808341476825,1.2497140578941108e-15,0,12345
0.0,0.1,2,15,Pooling,0.82,8.457403731855393,8.457403731855393,0.0,0,12345
0.0,0.1,2,15,Repeated,0.9,9.366956240758103,9.366956240758103,1.1842378929335002e-15,0,12345
0.0,0.1,2,15,S-HCP-within,0.97,9.785871715424932,9.70641762341412,0.49616437456954027,0,12345
0.0,0.1,2,15,Std-CP,0.9,9.136386890359416,7.096267731059738,7.095339964320346,0,12345
0.0,0.1,2,15,Subsampling,0.82,8.204171551663855,8.204171551663855,1.0410032219846393e-15,0,12345
0.0,0.1,2,20,Donor-HCP-no-within,0.91,7.970991370441348,7.795592010548214,0.6642126595729326,0,12345
0.0,0.1,2,20,Donor-HCP-within,0.88,5.759366816335184,5.80994145426888,0.4000111090311957,0,12345
0.0,0.1,2,20,HCP,0.96,11.441808341476825,11.441808341476825,1.2497140578941108e-15,0,12345
0.0,0.1,2,20,Pooling,0.82,8.457403731855393,8.457403731855393,0.0,0,12345
0.0,0.1,2,20,Repeated,0.9,9.366956240758103,9.366956240758103,1.1842378929335002e-15,0,12345
0.0,0.1,2,20,S-HCP-within,0.97,9.560261221747526,9.4704755778958,0.36720164669435523,0,12345
0.0,0.1,2,20,Std-CP,0.9,6.964984228781705,6.268144393780818,3.2811614019240123,0,12345
0.0,0.1,2,20,Subsampling,0.82,8.204171551663855,8.204171551663855,1.0410032219846393e-15,0,12345
0.0,0.1,2,25,Donor-HCP-no-within,0.94,6.923573146081527,6.5591091392814285,1.8172104396490145,0,12345
0.0,0.1,2,25,Donor-HCP-within,0.93,6.2187672695660945,6.232931652153233,2.046991645118127,0,12345
0.0,0.1,2,25,HCP,0.96,11.441808341476825,11.441808341476825,1.2497140578941108e-15,0,12345
0.0,0.1,2,25,Pooling,0.82,8.457403731855393,8.457403731855393,0.0,0,12345
0.0,0.1,2,25,Repeated,0.9,9.366956240758103,9.366956240758103,1.1842378929335002e-15,0,12345
0.0,0.1,2,25,S-HCP-within,0.94,7.335274701067748,7.088552708019788,2.2000339837130576,0,12345
0.0,0.1,2,25,Std-CP,0.9,6.613392028217646,6.245158879792653,2.556358668125151,0,12345
0.0,0.1,2,25,Subsampling,0.82,8.204171551663855,8.204171551663855,1.0410032219846393e-15,0,12345
0.0,0.1,2,30,Donor-HCP-no-within,0.91,6.5002711957008525,6.267510016751238,1.7024838781433045,0,12345
0.0,0.1,2,30,Donor-HCP-within,0.93,6.329467756548454,6.1410585581686075,1.8535536704304976,0,12345
0.0,0.1,2,30,HCP,0.96,11.441808341476825,11.441808341476825,1.2497140578941108e-15,0,12345
0.0,0.1,2,30,Pooling,0.82,8.457403731855393,8.457403731855393,0.0,0,12345
0.0,0.1,2,30,Repeated,0.9,9.366956240758103,9.366956240758103,1.1842378929335002e-15,0,12345
0.0,0.1,2,30,S-HCP-within,0.94,7.580316890172685,7.34266347434804,2.1442244822715524,0,12345
0.0,0.1,2,30,Std-CP,0.94,6.3242171505722045,6.122464361970929,1.9399558228006994,0,12345
0.0,0.1,2,30,Subsampling,0.82,8.204171551663855,8.204171551663855,1.0410032219846393e-15,0,12345
0.0,0.1,2,35,Donor-HCP-no-within,0.93,6.663895838930923,6.4650221791803,1.7059351935996034,0,12345
0.0,0.1,2,35,Donor-HCP-within,0.91,6.260287437782688,6.052362925320811,1.8605389956091702,0,12345
0.0,0.1,2,35,HCP,0.96,11.441808341476825,11.441808341476825,1.2497140578941108e-15,0,12345
0.0,0.1,2,35,Pooling,0.82,8.457403731855393,8.457403731855393,0.0,0,12345
0.0,0.1,2,35,Repeated,0.9,9.366956240758103,9.366956240758103,1.1842378929335002e-15,0,12345
0.0,0.1,2,35,S-HCP-within,0.95,7.777339071659884,7.610383751344296,2.153373457744529,0,12345
0.0,0.1,2,35,Std-CP,0.88,6.406443904908979,6.137069622721476,1.9534272769471996,0,12345
0.0,0.1,2,35,Subsampling,0.82,8.204171551663855,8.204171551663855,1.0410032219846393e-15,0,12345
0.0,0.1,3,0,Donor-HCP-no-within,0.96,9.2505461853019,9.2505461853019,0.0,0,12345
0.0,0.1,3,0,Donor-HCP-within,0.96,9.2505461853019,9.2505461853019,0.0,0,12345
0.0,0.1,3,0,HCP,0.96,9.2505461853019,9.2505461853019,0.0,0,12345
0.0,0.1,3,0,Pooling,0.9,6.772503080802068,6.772503080802068,0.0,0,12345
0.0,0.1,3,0,Repeated,0.95,8.114102523471196,8.114102523471196,1.2749633572278068e-15,0,12345
0.0,0.1,3,0,S-HCP-within,0.85,9.112180623362732,9.578449622034285,1.9017783969021969,0,12345
0.0,0.1,3,0,Std-CP,1.0,,,,100,12345
0.0,0.1,3,0,Subsampling,0.95,8.57578519312894,8.57578519312894,1.4503892858778862e-15,0,12345
0.0,0.1,3,5,Donor-HCP-no-within,0.95,8.13801856948936,7.901673500211189,0.6445696603072354,0,12345
0.0,0.1,3,5,Donor-HCP-within,0.95,9.916031893353347,10.042905194321339,0.7199630996244644,0,12345
0.0,0.1,3,5,HCP,0.96,9.2505461853019,9.2505461853019,0.0,0,12345
0.0,0.1,3,5,Pooling,0.9,6.772503080802068,6.772503080802068,0.0,0,12345
0.0,0.1,3,5,Repeated,0.95,8.114102523471196,8.114102523471196,1.2749633572278068e-15,0,12345
0.0,0.1,3,5,S-HCP-within,0.88,8.920915683829564,9.222337894520813,1.0060007494074052,0,12345
0.0,0.1,3,5,Std-CP,0.75,6.144843087270658,5.3263386614959884,3.5495726841088784,0,12345
0.0,0.1,3,5,Subsampling,0.95,8.57578519312894,8.57578519312894,1.4503892858778862e-15,0,12345
0.0,0.1,3,10,Donor-HCP-no-within,0.93,7.59811355993368,7.536263817836982,0.5324785387048542,0,12345
0.0,0.1,3,10,Donor-HCP-within,0.99,71.80041237995519,74.33744073831939,15.564837489978538,0,12345
0.0,0.1,3,10,HCP,0.96,9.2505461853019,9.2505461853019,0.0,0,12345
0.0,0.1,3,10,Pooling,0.9,6.772503080802068,6.772503080802068,0.0,0,12345
0.0,0.1,3,10,Repeated,0.95,8.114102523471196,8.114102523471196,1.2749633572278068e-15,0,12345
0.0,0.1,3,10,S-HCP-within,0.87,8.71441514003479,8.722846089662799,0.9579026447395372,0,12345
0.0,0.1,3,10,Std-CP,0.85,68.02613852681806,12.772015680011197,430.19250602291044,0,12345
0.0,0.1,3,10,Subsampling,0.95,8.57578519312894,8.57578519312894,1.4503892858778862e-15,0,12345
0.0,0.1,3,15,Donor-HCP-no-within,0.92,7.019191390094002,7.0511954343311185,0.5498116993876069,0,12345
0.0,0.1,3,15,Donor-HCP-within,0.89,6.072980754021053,5.994508900890774,0.29949870539867735,0,12345
0.0,0.1,3,15,HCP,0.96,9.2505461853019,9.2505461853019,0.0,0,12345
0.0,0.1,3,15,Pooling,0.9,6.772503080802068,6.772503080802068,0.0,0,12345
0.0,0.1,3,15,Repeated,0.95,8.114102523471196,8.114102523471196,1.2749633572278068e-15,0,12345
0.0,0.1,3,15,S-HCP-within,0.88,8.61269667100835,8.423868110719546,0.8580816704070603,0,12345
0.0,0.1,3,15,Std-CP,0.89,8.706466769021466,7.066512966557185,5.996797566797294,0,12345
0.0,0.1,3,15,Subsampling,0.95,8.57578519312894,8.57578519312894,1.4503892858778862e-15,0,12345
0.0,0.1,3,20,Donor-HCP-no-within,0.88,6.58654920068609,6.627183218987098,0.4953134188403182,0,12345
0.0,0.1,3,20,Donor-HCP-within,0.83,5.1080974342016585,5.061112495183583,0.24455663524980245,0,12345
0.0,0.1,3,20,HCP,0.96,9.2505461853019,9.2505461853019,0.0,0,12345
0.0,0.1,3,20,Pooling,0.9,6.772503080802068,6.772503080802068,0.0,0,12345
0.0,0.1,3,20,Repeated,0.95,8.114102523471196,8.114102523471196,1.2749633572278068e-15,0,12345
0.0,0.1,3,20,S-HCP-within,0.86,8.395432378163582,8.145200897107529,0.7650412028530458,0,12345
0.0,0.1,3,20,Std-CP,0.97,6.851890767161552,6.531948452697998,2.7908351105347955,0,12345
0.0,0.1,3,20,Subsampling,0.95,8.57578519312894,8.57578519312894,1.4503892858778862e-15,0,12345
0.0,0.1,3,25,Donor-HCP-no-within,0.9,6.61609028386865,6.351045453710714,2.323203811789628,0,12345
0.0,0.1,3,25,Donor-HCP-within,0.96,6.693225181571406,6.172611826155675,2.3000958493336547,0,12345
0.0,0.1,3,25,HCP,0.96,9.2505461853019,9.2505461853019,0.0,0,12345
0.0,0.1,3,25,Pooling,0.9,6.772503080802068,6.772503080802068,0.0,0,12345
0.0,0.1,3,25,Repeated,0.95,8.114102523471196,8.114102523471196,1.2749633572278068e-15,0,12345
0.0,0.1,3,25,S-HCP-within,0.92,6.91035736903812,6.765587115837501,2.5215443737774756,0,12345
0.0,0.1,3,25,Std-CP,0.95,7.138019649658459,6.759515838280166,2.758012876887653,0,12345
0.0,0.1,3,25,Subsampling,0.95,8.57578519312894,8.57578519312894,1.4503892858778862e-15,0,12345
0.0,0.1,3,30,Donor-HCP-no-within,0.9,6.178688682433776,5.8110428565873455,2.171306103308092,0,12345
0.0,0.1,3,30,Donor-HCP-within,0.95,6.3609773824337905,6.178160727030061,2.238302351378694,0,12345
0.0,0.1,3,30,HCP,0.96,9.2505461853019,9.2505461853019,0.0,0,12345
0.0,0.1,3,30,Pooling,0.9,6.772503080802068,6.772503080802068,0.0,0,12345
0.0,0.1,3,30,Repeated,0.95,8.114102523471196,8.114102523471196,1.2749633572278068e-15,0,12345
0.0,0.1,3,30,S-HCP-within,0.92,7.08626296628197,6.956477145373732,2.5467324101817215,0,12345
0.0,0.1,3,30,Std-CP,0.94,6.704673302473378,6.3926262218864185,2.1645787413672792,0,12345
0.0,0.1,3,30,Subsampling,0.95,8.57578519312894,8.57578519312894,1.4503892858778862e-15,0,12345
0.0,0.1,3,35,Donor-HCP-no-within,0.91,6.437399584565089,6.110851910110277,2.1504286633473124,0,12345
0.0,0.1,3,35,Donor-HCP-within,0.95,6.407970104937932,5.988356632613339,2.0641113026746787,0,12345
0.0,0.1,3,35,HCP,0.96,9.2505461853019,9.2505461853019,0.0,0,12345
0.0,0.1,3,35,Pooling,0.9,6.772503080802068,6.772503080802068,0.0,0,12345
0.0,0.1,3,35,Repeated,0.95,8.114102523471196,8.114102523471196,1.2749633572278068e-15,0,12345
0.0,0.1,3,35,S-HCP-within,0.94,7.291071927903549,6.8575918392248205,2.4223757491051905,0,12345
0.0,0.1,3,35,Std-CP,0.97,6.960967335362155,6.542106264199711,2.279006010135864,0,12345
0.0,0.1,3,35,Subsampling,0.95,8.57578519312894,8.57578519312894,1.4503892858778862e-15,0,12345
0.0,0.1,4,0,Donor-HCP-no-within,0.95,8.302175541186859,8.302175541186859,1.1976195368092882e-15,0,12345
0.0,0.1,4,0,Donor-HCP-within,0.95,8.302175541186859,8.302175541186859,1.1976195368092882e-15,0,12345
0.0,0.1,4,0,HCP,0.95,8.302175541186859,8.302175541186859,1.1976195368092882e-15,0,12345
0.0,0.1,4,0,Pooling,0.86,6.135779340579509,6.135779340579509,1.5016746079147852e-15,0,12345
0.0,0.1,4,0,Repeated,0.92,6.746350344030925,6.746350344030926,1.3360005245927818e-15,0,12345
0.0,0.1,4,0,S-HCP-within,0.92,6.606394063408669,6.370862865357767,1.3583694535419146,0,12345
0.0,0.1,4,0,Std-CP,1.0,,,,100,12345
0.0,0.1,4,0,Subsampling,0.79,5.007215689194477,5.007215689194478,1.3857699539371563e-15,0,12345
0.0,0.1,4,5,Donor-HCP-no-within,0.95,7.07897561808412,6.982876041933931,0.3338168309545267,0,12345
0.0,0.1,4,5,Donor-HCP-within,0.93,7.167483622172945,7.261332498492667,0.4058738252540022,0,12345
0.0,0.1,4,5,HCP,0.95,8.302175541186859,8.302175541186859,1.1976195368092882e-15,0,12345
0.0,0.1,4,5,Pooling,0.86,6.135779340579509,6.135779340579509,1.5016746079147852e-15,0,12345
0.0,0.1,4,5,Repeated,0.92,6.746350344030925,6.746350344030926,1.3360005245927818e-15,0,12345
0.0,0.1,4,5,S-HCP-within,0.92,6.408940710884158,6.348666775680957,0.4077644996265013,0,12345
0.0,0.1,4,5,Std-CP,0.77,6.033449784294884,4.844276756634557,4.619742350699723,0,12345
0.0,0.1,4,5,Subsampling,0.79,5.007215689194477,5.007215689194478,1.3857699539371563e-15,0,12345
0.0,0.1,4,10,Donor-HCP-no-within,0.93,6.682564017348981,6.697433146259932,0.3457053471460584,0,12345
0.0,0.1,4,10,Donor-HCP-within,0.91,11.03147152868238,10.847371994722934,2.0826928090607133,0,12345
0.0,0.1,4,10,HCP,0.95,8.302175541186859,8.302175541186859,1.1976195368092882e-15,0,12345
0.0,0.1,4,10,Pooling,0.86,6.135779340579509,6.135779340579509,1.5016746079147852e-15,0,12345
0.0,0.1,4,10,Repeated,0.92,6.746350344030925,6.746350344030926,1.3360005245927818e-15,0,12345
0.0,0.1,4,10,S-HCP-within,0.92,6.34293613383143,6.3524488646281965,0.3227707824516757,0,12345
0.0,0.1,4,10,Std-CP,0.88,696.0078415240313,12.844120794195323,6583.120191412378,0,12345
0.0,0.1,4,10,Subsampling,0.79,5.007215689194477,5.007215689194478,1.3857699539371563e-15,0,12345
0.0,0.1,4,15,Donor-HCP-no-within,0.91,6.358746422838161,6.405313114508163,0.3475938605511161,0,12345
0.0,0.1,4,15,Donor-HCP-within,0.87,5.569433810503241,5.535245065930213,0.24208191028319903,0,12345
0.0,0.1,4,15,HCP,0.95,8.302175541186859,8.302175541186859,1.1976195368092882e-15,0,12345
0.0,0.1,4,15,Pooling,0.86,6.135779340579509,6.135779340579509,1.5016746079147852e-15,0,12345
0.0,0.1,4,15,Repeated,0.92,6.746350344030925,6.746350344030926,1.3360005245927818e-15,0,12345
0.0,0.1,4,15,S-HCP-within,0.93,6.341886639544347,6.3333751904009015,0.2509818996770994,0,12345
0.0,0.1,4,15,Std-CP,0.9,8.008016104722842,7.044883879426046,4.3732678608678475,0,12345
0.0,0.1,4,15,Subsampling,0.79,5.007215689194477,5.007215689194478,1.3857699539371563e-15,0,12345
0.0,0.1,4,20,Donor-HCP-no-within,0.87,6.06779591902455,6.119716746085117,0.3496250639682553,0,12345
0.0,0.1,4,20,Donor-HCP-within,0.87,5.177494310241562,5.2175889700813265,0.252376619678978,0,12345
0.0,0.1,4,20,HCP,0.95,8.302175541186859,8.302175541186859,1.1976195368092882e-15,0,12345
0.0,0.1,4,20,Pooling,0.86,6.135779340579509,6.135779340579509,1.5016746079147852e-15,0,12345
0.0,0.1,4,20,Repeated,0.92,6.746350344030925,6.746350344030926,1.3360005245927818e-15,0,12345
0.0,0.1,4,20,S-HCP-within,0.92,6.24446550843511,6.258844900183295,0.2566931401468391,0,12345
0.0,0.1,4,20,Std-CP,0.9,6.520951047595867,6.14823665159874,2.46551146743753,0,12345
0.0,0.1,4,20,Subsampling,0.79,5.007215689194477,5.007215689194478,1.3857699539371563e-15,0,12345
0.0,0.1,4,25,Donor-HCP-no-within,0.94,6.5002346460384635,6.057130860596381,2.23845948270549,0,12345
0.0,0.1,4,25,Donor-HCP-within,0.92,6.104368048371855,5.652669830412521,2.1215043767346193,0,12345
0.0,0.1,4,25,HCP,0.95,8.302175541186859,8.302175541186859,1.1976195368092882e-15,0,12345
0.0,0.1,4,25,Pooling,0.86,6.135779340579509,6.135779340579509,1.5016746079147852e-15,0,12345
0.0,0.1,4,25,Repeated,0.92,6.746350344030925,6.746350344030926,1.3360005245927818e-15,0,12345
0.0,0.1,4,25,S-HCP-within,0.9,6.687496905399786,6.112426033678156,2.5794640569324896,0,12345
0.0,0.1,4,25,Std-CP,0.94,6.484675503728896,6.096091548185452,2.3907543989650937,0,12345
0.0,0.1,4,25,Subsampling,0.79,5.007215689194477,5.007215689194478,1.3857699539371563e-15,0,12345
0.0,0.1,4,30,Donor-HCP-no-within,0.9,6.065827668151922,5.5791711429062705,2.167242135845741,0,12345
0.0,0.1,4,30,Donor-HCP-within,0.94,5.844071733640958,5.818325476785602,1.8039667102004704,0,12345
0.0,0.1,4,30,HCP,0.95,8.302175541186859,8.302175541186859,1.1976195368092882e-15,0,12345
0.0,0.1,4,30,Pooling,0.86,6.135779340579509,6.135779340579509,1.5016746079147852e-15,0,12345
0.0,0.1,4,30,Repeated,0.92,6.746350344030925,6.746350344030926,1.3360005245927818e-15,0,12345
0.0,0.1,4,30,S-HCP-within,0.91,6.85151078381827,6.5141263869706885,2.5897216855100225,0,12345
0.0,0.1,4,30,Std-CP,0.98,6.273884827971192,6.132606028987162,1.8451396362034356,0,12345
0.0,0.1,4,30,Subsampling,0.79,5.007215689194477,5.007215689194478,1.3857699539371563e-15,0,12345
0.0,0.1,4,35,Donor-HCP-no-within,0.93,6.2816250141266,5.881603676066007,2.172819849630104,0,12345
0.0,0.1,4,35,Donor-HCP-within,0.93,6.041460019851121,5.877340615607063,1.8238106179784346,0,12345
0.0,0.1,4,35,HCP,0.95,8.302175541186859,8.302175541186859,1.1976195368092882e-15,0,12345
0.0,0.1,4,35,Pooling,0.86,6.135779340579509,6.135779340579509,1.5016746079147852e-15,0,12345
0.0,0.1,4,35,Repeated,0.92,6.746350344030925,6.746350344030926,1.3360005245927818e-15,0,12345
0.0,0.1,4,35,S-HCP-within,0.93,7.149736860428042,6.644995005464682,2.486411771881148,0,12345
0.0,0.1,4,35,Std-CP,0.98,6.481063465706804,6.245165897969375,1.9228363743241406,0,12345
0.0,0.1,4,35,Subsampling,0.79,5.007215689194477,5.007215689194478,1.3857699539371563e-15,0,12345
0.0,0.1,5,0,Donor-HCP-no-within,1.0,14.216583980295603,14.216583980295603,9.61416594793231e-16,0,12345
0.0,0.1,5,0,Donor-HCP-within,1.0,14.216583980295603,14.216583980295603,9.61416594793231e-16,0,12345
0.0,0.1,5,0,HCP,1.0,14.216583980295603,14.216583980295603,9.61416594793231e-16,0,12345
0.0,0.1,5,0,Pooling,0.95,9.175212075938909,9.175212075938909,8.373826446313467e-16,0,12345
0.0,0.1,5,0,Repeated,0.99,11.515088293676023,11.515088293676023,8.56202581996519e-16,0,12345
0.0,0.1,5,0,S-HCP-within,0.88,7.216565829402881,7.244308819672014,1.474859956365668,0,12345
0.0,0.1,5,0,Std-CP,1.0,,,,100,12345
0.0,0.1,5,0,Subsampling,0.99,12.80976170237566,12.80976170237566,9.276721042310028e-16,0,12345
0.0,0.1,5,5,Donor-HCP-no-within,0.98,9.567928787511706,9.494286679329562,1.4452031834398824,0,12345
0.0,0.1,5,5,Donor-HCP-within,0.99,9.491832624443184,9.701797340827277,1.3010581445110878,0,12345
0.0,0.1,5,5,HCP,1.0,14.216583980295603,14.216583980295603,9.61416594793231e-16,0,12345
0.0,0.1,5,5,Pooling,0.95,9.175212075938909,9.175212075938909,8.373826446313467e-16,0,12345
0.0,0.1,5,5,Repeated,0.99,11.515088293676023,11.515088293676023,8.56202581996519e-16,0,12345
0.0,0.1,5,5,S-HCP-within,0.92,6.670697759837821,6.732180058909815,0.7960795633204341,0,12345
0.0,0.1,5,5,Std-CP,0.74,6.205340042949157,5.551982172883892,4.339653000785986,0,12345
0.0,0.1,5,5,Subsampling,0.99,12.80976170237566,12.80976170237566,9.276721042310028e-16,0,12345
0.0,0.1,5,10,Donor-HCP-no-within,0.99,8.870461239760637,8.91603281523932,1.3730225617698715,0,12345
0.0,0.1,5,10,Donor-HCP-within,0.98,51.23582559661255,53.35569275775982,9.840831872191606,0,12345
0.0,0.1,5,10,HCP,1.0,14.216583980295603,14.216583980295603,9.61416594793231e-16,0,12345
0.0,0.1,5,10,Pooling,0.95,9.175212075938909,9.175212075938909,8.373826446313467e-16,0,12345
0.0,0.1,5,10,Repeated,0.99,11.515088293676023,11.515088293676023,8.56202581996519e-16,0,12345
0.0,0.1,5,10,S-HCP-within,0.92,6.554856493356844,6.607908732194215,0.6619380047655086,0,12345
0.0,0.1,5,10,Std-CP,0.83,30.970953186963296,14.013060212589405,50.36092350815233,0,12345
0.0,0.1,5,10,Subsampling,0.99,12.80976170237566,12.80976170237566,9.276721042310028e-16,0,12345
0.0,0.1,5,15,Donor-HCP-no-within,0.98,8.473244525802622,8.788764568832512,1.1472018671422906,0,12345
0.0,0.1,5,15,Donor-HCP-within,0.96,8.228783720477184,8.417782887800847,0.39902110461768603,0,12345
0.0,0.1,5,15,HCP,1.0,14.216583980295603,14.216583980295603,9.61416594793231e-16,0,12345
0.0,0.1,5,15,Pooling,0.95,9.175212075938909,9.175212075938909,8.373826446313467e-16,0,12345
0.0,0.1,5,15,Repeated,0.99,11.515088293676023,11.515088293676023,8.56202581996519e-16,0,12345
0.0,0.1,5,15,S-HCP-within,0.91,6.485252922089924,6.434135038247682,0.5184435960772026,0,12345
0.0,0.1,5,15,Std-CP,0.88,8.473010506539737,7.210483166084508,4.706546410894301,0,12345
0.0,0.1,5,15,Subsampling,0.99,12.80976170237566,12.80976170237566,9.276721042310028e-16,0,12345
0.0,0.1,5,20,Donor-HCP-no-within,0.96,7.9410906206201135,8.320134181653088,1.109162629202011,0,12345
0.0,0.1,5,20,Donor-HCP-within,0.92,6.090853374423666,6.114497701717832,0.3091114930835135,0,12345
0.0,0.1,5,20,HCP,1.0,14.216583980295603,14.216583980295603,9.61416594793231e-16,0,12345
0.0,0.1,5,20,Pooling,0.95,9.175212075938909,9.175212075938909,8.373826446313467e-16,0,12345
0.0,0.1,5,20,Repeated,0.99,11.515088293676023,11.515088293676023,8.56202581996519e-16,0,12345
0.0,0.1,5,20,S-HCP-within,0.89,6.413591252160069,6.237449767240221,0.5040815905243289,0,12345
0.0,0.1,5,20,Std-CP,0.94,7.15089468416302,6.5448450653302785,2.8162463753201266,0,12345
0.0,0.1,5,20,Subsampling,0.99,12.80976170237566,12.80976170237566,9.276721042310028e-16,0,12345
0.0,0.1,5,25,Donor-HCP-no-within,0.93,6.4562522251144365,6.21688159832936,1.5549021826172111,0,12345
0.0,0.1,5,25,Donor-HCP-within,0.94,6.711011728916009,6.220512168224189,2.391891616718582,0,12345
0.0,0.1,5,25,HCP,1.0,14.216583980295603,14.216583980295603,9.61416594793231e-16,0,12345
0.0,0.1,5,25,Pooling,0.95,9.175212075938909,9.175212075938909,8.373826446313467e-16,0,12345
0.0,0.1,5,25,Repeated,0.99,11.515088293676023,11.515088293676023,8.56202581996519e-16,0,12345
0.0,0.1,5,25,S-HCP-within,0.93,6.994908811382468,6.668375487446755,1.9582064350346615,0,12345
0.0,0.1,5,25,Std-CP,0.95,7.155917184739062,6.655658208759725,2.593477733257355,0,12345
0.0,0.1,5,25,Subsampling,0.99,12.80976170237566,12.80976170237566,9.276721042310028e-16,0,12345
0.0,0.1,5,30,Donor-HCP-no-within,0.91,6.034389116155491,5.832491604227425,1.5241467433121527,0,12345
0.0,0.1,5,30,Donor-HCP-within,0.94,6.578963815305944,6.332677346433247,1.9476420272087795,0,12345
0.0,0.1,5,30,HCP,1.0,14.216583980295603,14.216583980295603,9.61416594793231e-16,0,12345
0.0,0.1,5,30,Pooling,0.95,9.175212075938909,9.175212075938909,8.373826446313467e-16,0,12345
0.0,0.1,5,30,Repeated,0.99,11.515088293676023,11.515088293676023,8.56202581996519e-16,0,12345
0.0,0.1,5,30,S-HCP-within,0.96,7.2481310815083715,6.877012066531265,1.8697068389520082,0,12345
0.0,0.1,5,30,Std-CP,0.95,6.415233264176959,5.909024970567491,2.1270183633235304,0,12345
0.0,0.1,5,30,Subsampling,0.99,12.80976170237566,12.80976170237566,9.276721042310028e-16,0,12345
0.0,0.1,5,35,Donor-HCP-no-within,0.92,6.287999908959731,6.015534377741902,1.5275712787145195,0,12345
0.0,0.1,5,35,Donor-HCP-within,0.96,6.598869363647916,6.458299973391807,2.0931049013315697,0,12345
0.0,0.1,5,35,HCP,1.0,14.216583980295603,14.216583980295603,9.61416594793231e-16,0,12345
0.0,0.1,5,35,Pooling,0.95,9.175212075938909,9.175212075938909,8.373826446313467e-16,0,12345
0.0,0.1,5,35,Repeated,0.99,11.515088293676023,11.515088293676023,8.56202581996519e-16,0,12345
0.0,0.1,5,35,S-HCP-within,0.97,7.380145257871633,7.082261623627553,1.8844585071198874,0,12345
0.0,0.1,5,35,Std-CP,0.94,6.629135988450741,6.0755509077822545,2.3401418242333576,0,12345
0.0,0.1,5,35,Subsampling,0.99,12.80976170237566,12.80976170237566,9.276721042310028e-16,0,12345
0.0,0.1,6,0,Donor-HCP-no-within,1.0,15.012614853678599,15.012614853678599,9.276721042310028e-16,0,12345
0.0,0.1,6,0,Donor-HCP-within,1.0,15.012614853678599,15.012614853678599,9.276721042310028e-16,0,12345
0.0,0.1,6,0,HCP,1.0,15.012614853678599,15.012614853678599,9.276721042310028e-16,0,12345
0.0,0.1,6,0,Pooling,0.97,9.700789696204893,9.700789696204893,7.574411013266429e-16,0,12345
0.0,0.1,6,0,Repeated,0.98,11.412917653865422,11.412917653865422,2.265299103854178e-15,0,12345
0.0,0.1,6,0,S-HCP-within,0.96,11.031677832913642,10.861562863733816,2.709081897510546,0,12345
0.0,0.1,6,0,Std-CP,1.0,,,,100,12345
0.0,0.1,6,0,Subsampling,0.95,8.844862657246637,8.844862657246637,7.361004375023832e-16,0,12345
0.0,0.1,6,5,Donor-HCP-no-within,1.0,12.204910965255147,12.629837143967109,1.1696734842557537,0,12345
0.0,0.1,6,5,Donor-HCP-within,1.0,12.391144494223308,12.410636964168184,0.8466149215582718,0,12345
0.0,0.1,6,5,HCP,1.0,15.012614853678599,15.012614853678599,9.276721042310028e-16,0,12345
0.0,0.1,6,5,Pooling,0.97,9.700789696204893,9.700789696204893,7.574411013266429e-16,0,12345
0.0,0.1,6,5,Repeated,0.98,11.412917653865422,11.412917653865422,2.265299103854178e-15,0,12345
0.0,0.1,6,5,S-HCP-within,0.96,9.385268681433427,9.161548975335219,1.1869727183359144,0,12345
0.0,0.1,6,5,Std-CP,0.75,7.254659579543255,6.015328783746956,5.881202370230441,0,12345
0.0,0.1,6,5,Subsampling,0.95,8.844862657246637,8.844862657246637,7.361004375023832e-16,0,12345
0.0,0.1,6,10,Donor-HCP-no-within,0.98,10.804464224622004,11.009747537827081,0.79560132191622,0,12345
0.0,0.1,6,10,Donor-HCP-within,1.0,39.403385629949355,41.05680502506216,5.894437918756988,0,12345
0.0,0.1,6,10,HCP,1.0,15.012614853678599,15.012614853678599,9.276721042310028e-16,0,12345
0.0,0.1,6,10,Pooling,0.97,9.700789696204893,9.700789696204893,7.574411013266429e-16,0,12345
0.0,0.1,6,10,Repeated,0.98,11.412917653865422,11.412917653865422,2.265299103854178e-15,0,12345
0.0,0.1,6,10,S-HCP-within,0.98,9.363244944192491,9.16154897533522,0.9242961214001337,0,12345
0.0,0.1,6,10,Std-CP,0.87,20.052082436075207,10.948484693808904,22.372197794784505,0,12345
0.0,0.1,6,10,Subsampling,0.95,8.844862657246637,8.844862657246637,7.361004375023832e-16,0,12345
0.0,0.1,6,15,Donor-HCP-no-within,0.94,9.959396298791994,10.029525733722892,0.9333509636142927,0,12345
0.0,0.1,6,15,Donor-HCP-within,0.97,9.586580264666885,9.748903293197259,0.5025826186581736,0,12345
0.0,0.1,6,15,HCP,1.0,15.012614853678599,15.012614853678599,9.276721042310028e-16,0,12345
0.0,0.1,6,15,Pooling,0.97,9.700789696204893,9.700789696204893,7.574411013266429e-16,0,12345
0.0,0.1,6,15,Repeated,0.98,11.412917653865422,11.412917653865422,2.265299103854178e-15,0,12345
0.0,0.1,6,15,S-HCP-within,0.96,9.390989249094133,9.161548975335222,0.6839646761722215,0,12345
0.0,0.1,6,15,Std-CP,0.86,9.5660619418938,7.910401402183613,6.760394220538505,0,12345
0.0,0.1,6,15,Subsampling,0.95,8.844862657246637,8.844862657246637,7.361004375023832e-16,0,12345
0.0,0.1,6,20,Donor-HCP-no-within,0.96,9.14010861226666,9.450493337589762,0.8202105765003389,0,12345
0.0,0.1,6,20,Donor-HCP-within,0.96,7.242887119344915,7.347110185652646,0.5902309860414939,0,12345
0.0,0.1,6,20,HCP,1.0,15.012614853678599,15.012614853678599,9.276721042310028e-16,0,12345
0.0,0.1,6,20,Pooling,0.97,9.700789696204893,9.700789696204893,7.574411013266429e-16,0,12345
0.0,0.1,6,20,Repeated,0.98,11.412917653865422,11.412917653865422,2.265299103854178e-15,0,12345
0.0,0.1,6,20,S-HCP-within,0.96,8.965821449126747,8.85918175802324,0.6132374760633332,0,12345
0.0,0.1,6,20,Std-CP,0.87,7.171525741778186,7.163348406420157,2.5932618108188805,0,12345
0.0,0.1,6,20,Subsampling,0.95,8.844862657246637,8.844862657246637,7.361004375023832e-16,0,12345
0.0,0.1,6,25,Donor-HCP-no-within,0.87,6.5598154940328355,6.159833740658115,1.8576769911475568,0,12345
0.0,0.1,6,25,Donor-HCP-within,0.91,6.887130890155451,6.696325830622589,2.219359731729943,0,12345
0.0,0.1,6,25,HCP,1.0,15.012614853678599,15.012614853678599,9.276721042310028e-16,0,12345
0.0,0.1,6,25,Pooling,0.97,9.700789696204893,9.700789696204893,7.574411013266429e-16,0,12345
0.0,0.1,6,25,Repeated,0.98,11.412917653865422,11.412917653865422,2.265299103854178e-15,0,12345
0.0,0.1,6,25,S-HCP-within,0.86,6.7510690229847405,6.515719330932197,2.1946297630034723,0,12345
0.0,0.1,6,25,Std-CP,0.92,7.048391882749821,6.244374780602978,2.9499046314920374,0,12345
0.0,0.1,6,25,Subsampling,0.95,8.844862657246637,8.844862657246637,7.361004375023832e-16,0,12345
0.0,0.1,6,30,Donor-HCP-no-within,0.84,6.1444906675871245,5.807818403661891,1.7126099930231786,0,12345
0.0,0.1,6,30,Donor-HCP-within,0.91,6.678649009436499,6.48425276708055,2.044651047540734,0,12345
0.0,0.1,6,30,HCP,1.0,15.012614853678599,15.012614853678599,9.276721042310028e-16,0,12345
0.0,0.1,6,30,Pooling,0.97,9.700789696204893,9.700789696204893,7.574411013266429e-16,0,12345
0.0,0.1,6,30,Repeated,0.98,11.412917653865422,11.412917653865422,2.265299103854178e-15,0,12345
0.0,0.1,6,30,S-HCP-within,0.88,7.0337785114601,6.914455784312089,2.138107700958196,0,12345
0.0,0.1,6,30,Std-CP,0.95,7.2041757188787505,6.685326544530398,2.521949436290223,0,12345
0.0,0.1,6,30,Subsampling,0.95,8.844862657246637,8.844862657246637,7.361004375023832e-16,0,12345
0.0,0.1,6,35,Donor-HCP-no-within,0.86,6.331464288794332,5.950027769826242,1.752674835031287,0,12345
0.0,0.1,6,35,Donor-HCP-within,0.92,6.6815801601665825,6.581589881328823,1.9808347871423118,0,12345
0.0,0.1,6,35,HCP,1.0,15.012614853678599,15.012614853678599,9.276721042310028e-16,0,12345
0.0,0.1,6,35,Pooling,0.97,9.700789696204893,9.700789696204893,7.574411013266429e-16,0,12345
0.0,0.1,6,35,Repeated,0.98,11.412917653865422,11.412917653865422,2.265299103854178e-15,0,12345
0.0,0.1,6,35,S-HCP-within,0.89,7.181264357321038,7.18374500242752,2.142395274963234,0,12345
0.0,0.1,6,35,Std-CP,0.97,6.840044235255618,6.556982922053933,2.113892674251993,0,12345
0.0,0.1,6,35,Subsampling,0.95,8.844862657246637,8.844862657246637,7.361004375023832e-16,0,12345
0.0,0.1,7,0,Donor-HCP-no-within,0.99,14.10043553455968,14.10043553455968,1.7853057969915868e-16,0,12345
0.0,0.1,7,0,Donor-HCP-within,0.99,14.10043553455968,14.10043553455968,1.7853057969915868e-16,0,12345
0.0,0.1,7,0,HCP,0.99,14.10043553455968,14.10043553455968,1.7853057969915868e-16,0,12345
0.0,0.1,7,0,Pooling,0.96,10.209286456779118,10.209286456779118,0.0,0,12345
0.0,0.1,7,0,Repeated,0.97,11.211419832577349,11.211419832577349,1.4393595494877737e-15,0,12345
0.0,0.1,7,0,S-HCP-within,0.92,7.29137262742876,6.94922314760932,1.4434483180709632,0,12345
0.0,0.1,7,0,Std-CP,1.0,,,,100,12345
0.0,0.1,7,0,Subsampling,0.98,12.109018136424572,12.109018136424574,1.4722008750047665e-15,0,12345
0.0,0.1,7,5,Donor-HCP-no-within,0.98,11.920915688757873,11.856146132972752,1.7220249143363122,0,12345
0.0,0.1,7,5,Donor-HCP-within,0.98,11.51774848440958,11.333371386238468,1.4885202252106189,0,12345
0.0,0.1,7,5,HCP,0.99,14.10043553455968,14.10043553455968,1.7853057969915868e-16,0,12345
0.0,0.1,7,5,Pooling,0.96,10.209286456779118,10.209286456779118,0.0,0,12345
0.0,0.1,7,5,Repeated,0.97,11.211419832577349,11.211419832577349,1.4393595494877737e-15,0,12345
0.0,0.1,7,5,S-HCP-within,0.92,6.651046221288018,6.711030760562004,0.4908206682964347,0,12345
0.0,0.1,7,5,Std-CP,0.7,5.892747978246556,4.671424652683917,5.437558953981034,0,12345
0.0,0.1,7,5,Subsampling,0.98,12.109018136424572,12.109018136424574,1.4722008750047665e-15,0,12345
0.0,0.1,7,10,Donor-HCP-no-within,0.97,11.369291134932187,11.194572232414375,1.9804854635015259,0,12345
0.0,0.1,7,10,Donor-HCP-within,1.0,107.94534331913583,111.64894681707366,22.2040924368402,0,12345
0.0,0.1,7,10,HCP,0.99,14.10043553455968,14.10043553455968,1.7853057969915868e-16,0,12345
0.0,0.1,7,10,Pooling,0.96,10.209286456779118,10.209286456779118,0.0,0,12345
0.0,0.1,7,10,Repeated,0.97,11.211419832577349,11.211419832577349,1.4393595494877737e-15,0,12345
0.0,0.1,7,10,S-HCP-within,0.91,6.6973664052989115,6.788285369121695,0.4353164718909479,0,12345
0.0,0.1,7,10,Std-CP,0.9,44.69304709001589,11.916340978894066,157.87435381693788,0,12345
0.0,0.1,7,10,Subsampling,0.98,12.109018136424572,12.109018136424574,1.4722008750047665e-15,0,12345
0.0,0.1,7,15,Donor-HCP-no-within,0.97,10.514708982983972,10.58344512873532,1.7991950977889106,0,12345
0.0,0.1,7,15,Donor-HCP-within,0.9,8.563432141089441,8.344366734058044,1.1516180647881862,0,12345
0.0,0.1,7,15,HCP,0.99,14.10043553455968,14.10043553455968,1.7853057969915868e-16,0,12345
0.0,0.1,7,15,Pooling,0.96,10.209286456779118,10.209286456779118,0.0,0,12345
0.0,0.1,7,15,Repeated,0.97,11.211419832577349,11.211419832577349,1.4393595494877737e-15,0,12345
0.0,0.1,7,15,S-HCP-within,0.93,6.664679247208145,6.711030760562004,0.2506345498180308,0,12345
0.0,0.1,7,15,Std-CP,0.88,10.05672933557112,7.077102429889544,10.92178893001859,0,12345
0.0,0.1,7,15,Subsampling,0.98,12.109018136424572,12.109018136424574,1.4722008750047665e-15,0,12345
0.0,0.1,7,20,Donor-HCP-no-within,0.93,10.710319360507885,10.26983367678411,1.8548606916534756,0,12345
0.0,0.1,7,20,Donor-HCP-within,0.9,6.737268555221053,6.690415810865238,0.7911366589285064,0,12345
0.0,0.1,7,20,HCP,0.99,14.10043553455968,14.10043553455968,1.7853057969915868e-16,0,12345
0.0,0.1,7,20,Pooling,0.96,10.209286456779118,10.209286456779118,0.0,0,12345
0.0,0.1,7,20,Repeated,0.97,11.211419832577349,11.211419832577349,1.4393595494877737e-15,0,12345
0.0,0.1,7,20,S-HCP-within,0.93,6.565609066258738,6.596046725544355,0.23611492911034548,0,12345
0.0,0.1,7,20,Std-CP,0.87,6.848420762087553,6.226180140570749,2.9233708412385275,0,12345
0.0,0.1,7,20,Subsampling,0.98,12.109018136424572,12.109018136424574,1.4722008750047665e-15,0,12345
0.0,0.1,7,25,Donor-HCP-no-within,0.93,6.3969433399501625,6.338318887819004,1.6054572281923607,0,12345
0.0,0.1,7,25,Donor-HCP-within,0.94,6.315512353898705,6.153237445098173,1.9986455827055032,0,12345
0.0,0.1,7,25,HCP,0.99,14.10043553455968,14.10043553455968,1.7853057969915868e-16,0,12345
0.0,0.1,7,25,Pooling,0.96,10.209286456779118,10.209286456779118,0.0,0,12345
0.0,0.1,7,25,Repeated,0.97,11.211419832577349,11.211419832577349,1.4393595494877737e-15,0,12345
0.0,0.1,7,25,S-HCP-within,0.96,6.745703228120591,6.593271064154791,1.8740673237577157,0,12345
0.0,0.1,7,25,Std-CP,0.92,6.753658921604979,6.401240464352531,2.5740948810855766,0,12345
0.0,0.1,7,25,Subsampling,0.98,12.109018136424572,12.109018136424574,1.4722008750047665e-15,0,12345
0.0,0.1,7,30,Donor-HCP-no-within,0.92,6.019501846070539,5.992555204087714,1.4076669021875294,0,12345
0.0,0.1,7,30,Donor-HCP-within,0.93,6.198672570393369,5.996379613563763,1.9818899832483772,0,12345
0.0,0.1,7,30,HCP,0.99,14.10043553455968,14.10043553455968,1.7853057969915868e-16,0,12345
0.0,0.1,7,30,Pooling,0.96,10.209286456779118,10.209286456779118,0.0,0,12345
0.0,0.1,7,30,Repeated,0.97,11.211419832577349,11.211419832577349,1.4393595494877737e-15,0,12345
0.0,0.1,7,30,S-HCP-within,0.95,6.993046021845628,6.885355195359815,1.8670831939731696,0,12345
0.0,0.1,7,30,Std-CP,0.97,6.385376792026376,5.971618603123963,2.369056771848441,0,12345
0.0,0.1,7,30,Subsampling,0.98,12.109018136424572,12.109018136424574,1.4722008750047665e-15,0,12345
0.0,0.1,7,35,Donor-HCP-no-within,0.93,6.209937619446927,6.204799921686506,1.4452697947239808,0,12345
0.0,0.1,7,35,Donor-HCP-within,0.95,6.101266801055113,5.847551213851798,1.8965709179738586,0,12345
0.0,0.1,7,35,HCP,0.99,14.10043553455968,14.10043553455968,1.7853057969915868e-16,0,12345
0.0,0.1,7,35,Pooling,0.96,10.209286456779118,10.209286456779118,0.0,0,12345
0.0,0.1,7,35,Repeated,0.97,11.211419832577349,11.211419832577349,1.4393595494877737e-15,0,12345
0.0,0.1,7,35,S-HCP-within,0.94,7.143710192780277,7.159404235018744,1.824969328726892,0,12345
0.0,0.1,7,35,Std-CP,0.94,6.350230512566108,6.168765127824734,1.935240829928937,0,12345
0.0,0.1,7,35,Subsampling,0.98,12.109018136424572,12.109018136424574,1.4722008750047665e-15,0,12345
0.0,0.1,8,0,Donor-HCP-no-within,1.0,14.477359226300955,14.477359226300955,8.18129895335741e-16,0,12345
0.0,0.1,8,0,Donor-HCP-within,1.0,14.477359226300955,14.477359226300955,8.18129895335741e-16,0,12345
0.0,0.1,8,0,HCP,1.0,14.477359226300955,14.477359226300955,8.18129895335741e-16,0,12345
0.0,0.1,8,0,Pooling,0.92,7.656660471941634,7.656660471941635,7.141223187966347e-16,0,12345
0.0,0.1,8,0,Repeated,1.0,10.561038255071596,10.561038255071596,1.5563935104807336e-15,0,12345
0.0,0.1,8,0,S-HCP-within,0.92,9.552336071749707,9.784955762459319,1.9883539719363625,0,12345
0.0,0.1,8,0,Std-CP,1.0,,,,100,12345
0.0,0.1,8,0,Subsampling,1.0,12.1852449967325,12.1852449967325,7.361004375023832e-16,0,12345
0.0,0.1,8,5,Donor-HCP-no-within,1.0,11.950741622628875,12.108014619837384,1.9513422267231495,0,12345
0.0,0.1,8,5,Donor-HCP-within,1.0,12.173266862368818,12.215420025359755,1.512339242619563,0,12345
0.0,0.1,8,5,HCP,1.0,14.477359226300955,14.477359226300955,8.18129895335741e-16,0,12345
0.0,0.1,8,5,Pooling,0.92,7.656660471941634,7.656660471941635,7.141223187966347e-16,0,12345
0.0,0.1,8,5,Repeated,1.0,10.561038255071596,10.561038255071596,1.5563935104807336e-15,0,12345
0.0,0.1,8,5,S-HCP-within,0.88,8.254238909694557,8.004327458099837,1.228382381663664,0,12345
0.0,0.1,8,5,Std-CP,0.74,5.9360931967522,4.980833911987194,4.457401038759931,0,12345
0.0,0.1,8,5,Subsampling,1.0,12.1852449967325,12.1852449967325,7.361004375023832e-16,0,12345
0.0,0.1,8,10,Donor-HCP-no-within,0.99,10.327651268849076,10.846098315641989,2.0153956886361337,0,12345
0.0,0.1,8,10,Donor-HCP-within,0.95,21.526995227560274,21.193161467997,3.067553548706637,0,12345
0.0,0.1,8,10,HCP,1.0,14.477359226300955,14.477359226300955,8.18129895335741e-16,0,12345
0.0,0.1,8,10,Pooling,0.92,7.656660471941634,7.656660471941635,7.141223187966347e-16,0,12345
0.0,0.1,8,10,Repeated,1.0,10.561038255071596,10.561038255071596,1.5563935104807336e-15,0,12345
0.0,0.1,8,10,S-HCP-within,0.92,8.4769438289307,8.983864547881513,1.0154186308862865,0,12345
0.0,0.1,8,10,Std-CP,0.83,23.89877365498535,12.789579993978736,38.16563389412128,0,12345
0.0,0.1,8,10,Subsampling,1.0,12.1852449967325,12.1852449967325,7.361004375023832e-16,0,12345
0.0,0.1,8,15,Donor-HCP-no-within,0.92,8.957393706898904,8.821938013815494,1.826611926545312,0,12345
0.0,0.1,8,15,Donor-HCP-within,0.92,7.403653003438129,6.988808716093246,0.9305432402941111,0,12345
0.0,0.1,8,15,HCP,1.0,14.477359226300955,14.477359226300955,8.18129895335741e-16,0,12345
0.0,0.1,8,15,Pooling,0.92,7.656660471941634,7.656660471941635,7.141223187966347e-16,0,12345
0.0,0.1,8,15,Repeated,1.0,10.561038255071596,10.561038255071596,1.5563935104807336e-15,0,12345
0.0,0.1,8,15,S-HCP-within,0.93,8.26456205375549,8.004327458099837,0.8642877786788382,0,12345
0.0,0.1,8,15,Std-CP,0.89,9.572886342708683,7.643622124136837,8.907398820332913,0,12345
0.0,0.1,8,15,Subsampling,1.0,12.1852449967325,12.1852449967325,7.361004375023832e-16,0,12345
0.0,0.1,8,20,Donor-HCP-no-within,0.9,8.338053107101386,7.830443934293218,1.6867426130393428,0,12345
0.0,0.1,8,20,Donor-HCP-within,0.9,6.090826155349929,5.932170680353728,0.6512610254922683,0,12345
0.0,0.1,8,20,HCP,1.0,14.477359226300955,14.477359226300955,8.18129895335741e-16,0,12345
0.0,0.1,8,20,Pooling,0.92,7.656660471941634,7.656660471941635,7.141223187966347e-16,0,12345
0.0,0.1,8,20,Repeated,1.0,10.561038255071596,10.561038255071596,1.5563935104807336e-15,0,12345
0.0,0.1,8,20,S-HCP-within,0.91,7.787449453845697,7.8241744576493915,0.7664643652070114,0,12345
0.0,0.1,8,20,Std-CP,0.9,6.350443868358049,5.742739175754126,2.4597635559494133,0,12345
0.0,0.1,8,20,Subsampling,1.0,12.1852449967325,12.1852449967325,7.361004375023832e-16,0,12345
0.0,0.1,8,25,Donor-HCP-no-within,0.89,6.833567688504197,6.426963937950672,2.004298440302246,0,12345
0.0,0.1,8,25,Donor-HCP-within,0.88,6.354957688690852,5.950873199708127,2.0886361217070135,0,12345
0.0,0.1,8,25,HCP,1.0,14.477359226300955,14.477359226300955,8.18129895335741e-16,0,12345
0.0,0.1,8,25,Pooling,0.92,7.656660471941634,7.656660471941635,7.141223187966347e-16,0,12345
0.0,0.1,8,25,Repeated,1.0,10.561038255071596,10.561038255071596,1.5563935104807336e-15,0,12345
0.0,0.1,8,25,S-HCP-within,0.92,7.2361105334059825,6.834766837635142,2.4502605792150196,0,12345
0.0,0.1,8,25,Std-CP,0.9,6.718831945045108,6.352072816579378,2.4160202628330785,0,12345
0.0,0.1,8,25,Subsampling,1.0,12.1852449967325,12.1852449967325,7.361004375023832e-16,0,12345
0.0,0.1,8,30,Donor-HCP-no-within,0.88,6.419874650933807,6.178557143268494,1.9319008143180791,0,12345
0.0,0.1,8,30,Donor-HCP-within,0.9,6.320499555073605,5.999236824169547,1.9547392376507193,0,12345
0.0,0.1,8,30,HCP,1.0,14.477359226300955,14.477359226300955,8.18129895335741e-16,0,12345
0.0,0.1,8,30,Pooling,0.92,7.656660471941634,7.656660471941635,7.141223187966347e-16,0,12345
0.0,0.1,8,30,Repeated,1.0,10.561038255071596,10.561038255071596,1.5563935104807336e-15,0,12345
0.0,0.1,8,30,S-HCP-within,0.92,7.358126280878363,7.247973467221957,2.588375990673256,0,12345
0.0,0.1,8,30,Std-CP,0.92,6.3546739458031025,6.15909010260683,1.956416604625935,0,12345
0.0,0.1,8,30,Subsampling,1.0,12.1852449967325,12.1852449967325,7.361004375023832e-16,0,12345
0.0,0.1,8,35,Donor-HCP-no-within,0.89,6.66007823670087,6.334653215138115,1.9612047450553982,0,12345
0.0,0.1,8,35,Donor-HCP-within,0.93,6.6242644293021335,6.468943027063627,2.0084717916646406,0,12345
0.0,0.1,8,35,HCP,1.0,14.477359226300955,14.477359226300955,8.18129895335741e-16,0,12345
0.0,0.1,8,35,Pooling,0.92,7.656660471941634,7.656660471941635,7.141223187966347e-16,0,12345
0.0,0.1,8,35,Repeated,1.0,10.561038255071596,10.561038255071596,1.5563935104807336e-15,0,12345
0.0,0.1,8,35,S-HCP-within,0.93,7.641407320197732,7.535673910057356,2.3906407193883004,0,12345
0.0,0.1,8,35,Std-CP,0.9,6.406987767439269,5.991761660957696,2.062006653439055,0,12345
0.0,0.1,8,35,Subsampling,1.0,12.1852449967325,12.1852449967325,7.361004375023832e-16,0,12345
0.0,0.1,9,0,Donor-HCP-no-within,0.93,13.13886050458881,13.13886050458881,1.1570103937666858e-15,0,12345
0.0,0.1,9,0,Donor-HCP-within,0.93,13.13886050458881,13.13886050458881,1.1570103937666858e-15,0,12345
0.0,0.1,9,0,HCP,0.93,13.13886050458881,13.13886050458881,1.1570103937666858e-15,0,12345
0.0,0.1,9,0,Pooling,0.8,9.520858446260185,9.520858446260185,1.636259790671482e-15,0,12345
0.0,0.1,9,0,Repeated,0.89,10.991145488771767,10.991145488771767,1.1431534819946198e-15,0,12345
0.0,0.1,9,0,S-HCP-within,0.94,9.433833580969601,9.041949944656178,2.1774097946976094,0,12345
0.0,0.1,9,0,Std-CP,1.0,,,,100,12345
0.0,0.1,9,0,Subsampling,0.93,12.732271640206612,12.732271640206612,6.914459619635975e-16,0,12345
0.0,0.1,9,5,Donor-HCP-no-within,0.93,10.43740530577448,8.745146809167295,3.2104653062264017,0,12345
0.0,0.1,9,5,Donor-HCP-within,0.93,9.226496883431645,8.221516137854502,2.1007709916706725,0,12345
0.0,0.1,9,5,HCP,0.93,13.13886050458881,13.13886050458881,1.1570103937666858e-15,0,12345
0.0,0.1,9,5,Pooling,0.8,9.520858446260185,9.520858446260185,1.636259790671482e-15,0,12345
0.0,0.1,9,5,Repeated,0.89,10.991145488771767,10.991145488771767,1.1431534819946198e-15,0,12345
0.0,0.1,9,5,S-HCP-within,0.91,8.479768345726097,8.596333409779435,0.6814758987881566,0,12345
0.0,0.1,9,5,Std-CP,0.7,5.2913823298959,4.641530356809213,3.202422858184795,0,12345
0.0,0.1,9,5,Subsampling,0.93,12.732271640206612,12.732271640206612,6.914459619635975e-16,0,12345
0.0,0.1,9,10,Donor-HCP-no-within,0.88,9.17173004278781,8.128061499029883,2.721634773099581,0,12345
0.0,0.1,9,10,Donor-HCP-within,0.94,17.331460880130454,17.032943357573345,1.9586958056575317,0,12345
0.0,0.1,9,10,HCP,0.93,13.13886050458881,13.13886050458881,1.1570103937666858e-15,0,12345
0.0,0.1,9,10,Pooling,0.8,9.520858446260185,9.520858446260185,1.636259790671482e-15,0,12345
0.0,0.1,9,10,Repeated,0.89,10.991145488771767,10.991145488771767,1.1431534819946198e-15,0,12345
0.0,0.1,9,10,S-HCP-within,0.94,8.531227299258898,8.596333409779437,0.5873916178582055,0,12345
0.0,0.1,9,10,Std-CP,0.77,54.17734583253705,10.98864552807285,288.7617308939681,0,12345
0.0,0.1,9,10,Subsampling,0.93,12.732271640206612,12.732271640206612,6.914459619635975e-16,0,12345
0.0,0.1,9,15,Donor-HCP-no-within,0.84,9.375537925872186,8.048258847484766,3.0021002107411388,0,12345
0.0,0.1,9,15,Donor-HCP-within,0.88,7.453239077762488,6.860236436463229,1.4031264520440683,0,12345
0.0,0.1,9,15,HCP,0.93,13.13886050458881,13.13886050458881,1.1570103937666858e-15,0,12345
0.0,0.1,9,15,Pooling,0.8,9.520858446260185,9.520858446260185,1.636259790671482e-15,0,12345
0.0,0.1,9,15,Repeated,0.89,10.991145488771767,10.991145488771767,1.1431534819946198e-15,0,12345
0.0,0.1,9,15,S-HCP-within,0.9,8.411583044009841,8.560657318647309,0.41626321731465094,0,12345
0.0,0.1,9,15,Std-CP,0.89,8.724951798248103,7.032730963128798,6.824526929301774,0,12345
0.0,0.1,9,15,Subsampling,0.93,12.732271640206612,12.732271640206612,6.914459619635975e-16,0,12345
0.0,0.1,9,20,Donor-HCP-no-within,0.86,8.740084484094515,7.491314296915622,2.937636992831601,0,12345
0.0,0.1,9,20,Donor-HCP-within,0.81,5.849685577931241,5.314233475071376,1.3470152014767867,0,12345
0.0,0.1,9,20,HCP,0.93,13.13886050458881,13.13886050458881,1.1570103937666858e-15,0,12345
0.0,0.1,9,20,Pooling,0.8,9.520858446260185,9.520858446260185,1.636259790671482e-15,0,12345
0.0,0.1,9,20,Repeated,0.89,10.991145488771767,10.991145488771767,1.1431534819946198e-15,0,12345
0.0,0.1,9,20,S-HCP-within,0.89,8.26204806411975,8.341591412081378,0.3583742407829314,0,12345
0.0,0.1,9,20,Std-CP,0.92,6.477075780897,5.950020111864694,2.4341323764159424,0,12345
0.0,0.1,9,20,Subsampling,0.93,12.732271640206612,12.732271640206612,6.914459619635975e-16,0,12345
0.0,0.1,9,25,Donor-HCP-no-within,0.83,6.761213597742782,6.4949903587837134,2.3016804063449303,0,12345
0.0,0.1,9,25,Donor-HCP-within,0.87,6.404471038812137,6.060334357219424,2.3159448454081017,0,12345
0.0,0.1,9,25,HCP,0.93,13.13886050458881,13.13886050458881,1.1570103937666858e-15,0,12345
0.0,0.1,9,25,Pooling,0.8,9.520858446260185,9.520858446260185,1.636259790671482e-15,0,12345
0.0,0.1,9,25,Repeated,0.89,10.991145488771767,10.991145488771767,1.1431534819946198e-15,0,12345
0.0,0.1,9,25,S-HCP-within,0.84,7.1351084061852665,6.914005610548592,2.583663603096327,0,12345
0.0,0.1,9,25,Std-CP,0.88,6.077824842350993,5.703293460915059,2.187688732809741,0,12345
0.0,0.1,9,25,Subsampling,0.93,12.732271640206612,12.732271640206612,6.914459619635975e-16,0,12345
0.0,0.1,9,30,Donor-HCP-no-within,0.81,6.377665251273408,5.953926868936631,2.1461535069093935,0,12345
0.0,0.1,9,30,Donor-HCP-within,0.87,6.488109479505649,6.101252939818326,2.2506453213518003,0,12345
0.0,0.1,9,30,HCP,0.93,13.13886050458881,13.13886050458881,1.1570103937666858e-15,0,12345
0.0,0.1,9,30,Pooling,0.8,9.520858446260185,9.520858446260185,1.636259790671482e-15,0,12345
0.0,0.1,9,30,Repeated,0.89,10.991145488771767,10.991145488771767,1.1431534819946198e-15,0,12345
0.0,0.1,9,30,S-HCP-within,0.89,7.473362241278027,7.183696689005896,2.77137240934942,0,12345
0.0,0.1,9,30,Std-CP,0.9,6.443984312853217,5.974707911767863,2.2500237594917443,0,12345
0.0,0.1,9,30,Subsampling,0.93,12.732271640206612,12.732271640206612,6.914459619635975e-16,0,12345
0.0,0.1,9,35,Donor-HCP-no-within,0.83,6.550192982942192,6.175067820254775,2.100076011848294,0,12345
0.0,0.1,9,35,Donor-HCP-within,0.93,6.5114591128842765,6.202870351340271,2.0827026779643596,0,12345
0.0,0.1,9,35,HCP,0.93,13.13886050458881,13.13886050458881,1.1570103937666858e-15,0,12345
0.0,0.1,9,35,Pooling,0.8,9.520858446260185,9.520858446260185,1.636259790671482e-15,0,12345
0.0,0.1,9,35,Repeated,0.89,10.991145488771767,10.991145488771767,1.1431534819946198e-15,0,12345
0.0,0.1,9,35,S-HCP-within,0.92,7.632248235533279,7.350574346021466,2.779793343983726,0,12345
0.0,0.1,9,35,Std-CP,0.89,6.550832427890835,6.0776932176456455,2.315694604104524,0,12345
0.0,0.1,9,35,Subsampling,0.93,12.732271640206612,12.732271640206612,6.914459619635975e-16,0,12345
0.0,0.1,10,0,Donor-HCP-no-within,0.98,11.602602097789791,11.602602097789791,0.0,0,12345
0.0,0.1,10,0,Donor-HCP-within,0.98,11.602602097789791,11.602602097789791,0.0,0,12345
0.0,0.1,10,0,HCP,0.98,11.602602097789791,11.602602097789791,0.0,0,12345
0.0,0.1,10,0,Pooling,0.91,7.84956300492334,7.84956300492334,0.0,0,12345
0.0,0.1,10,0,Repeated,0.94,8.90427371066022,8.90427371066022,0.0,0,12345
0.0,0.1,10,0,S-HCP-within,0.95,8.128541050025067,8.273108214971282,1.7420674257071662,0,12345
0.0,0.1,10,0,Std-CP,1.0,,,,100,12345
0.0,0.1,10,0,Subsampling,0.96,10.523390132657127,10.523390132657127,0.0,0,12345
0.0,0.1,10,5,Donor-HCP-no-within,0.96,11.297471038074685,11.26817868564126,1.1446540458000842,0,12345
0.0,0.1,10,5,Donor-HCP-within,0.97,11.160393549327207,11.331644663014451,1.0378773092151392,0,12345
0.0,0.1,10,5,HCP,0.98,11.602602097789791,11.602602097789791,0.0,0,12345
0.0,0.1,10,5,Pooling,0.91,7.84956300492334,7.84956300492334,0.0,0,12345
0.0,0.1,10,5,Repeated,0.94,8.90427371066022,8.90427371066022,0.0,0,12345
0.0,0.1,10,5,S-HCP-within,0.94,7.434534951255753,7.264108678406146,0.9606142056451303,0,12345
0.0,0.1,10,5,Std-CP,0.83,6.121917306997188,4.862793726108718,4.049951398720561,0,12345
0.0,0.1,10,5,Subsampling,0.96,10.523390132657127,10.523390132657127,0.0,0,12345
0.0,0.1,10,10,Donor-HCP-no-within,0.95,10.088358911357117,9.77553417061516,0.9457807150449704,0,12345
0.0,0.1,10,10,Donor-HCP-within,0.95,13.527912316506086,13.495679681039055,1.3731569158906258,0,12345
0.0,0.1,10,10,HCP,0.98,11.602602097789791,11.602602097789791,0.0,0,12345
0.0,0.1,10,10,Pooling,0.91,7.84956300492334,7.84956300492334,0.0,0,12345
0.0,0.1,10,10,Repeated,0.94,8.90427371066022,8.90427371066022,0.0,0,12345
0.0,0.1,10,10,S-HCP-within,0.96,7.370327108857963,7.264108678406146,0.738611310697794,0,12345
0.0,0.1,10,10,Std-CP,0.87,23.64288182096001,11.347011592407593,51.61719346804824,0,12345
0.0,0.1,10,10,Subsampling,0.96,10.523390132657127,10.523390132657127,0.0,0,12345
0.0,0.1,10,15,Donor-HCP-no-within,0.94,9.223275651359986,9.078599760929258,0.9759860019094152,0,12345
0.0,0.1,10,15,Donor-HCP-within,0.95,7.663334110644041,7.59212858591443,0.6321332527574814,0,12345
0.0,0.1,10,15,HCP,0.98,11.602602097789791,11.602602097789791,0.0,0,12345
0.0,0.1,10,15,Pooling,0.91,7.84956300492334,7.84956300492334,0.0,0,12345
0.0,0.1,10,15,Repeated,0.94,8.90427371066022,8.90427371066022,0.0,0,12345
0.0,0.1,10,15,S-HCP-within,0.95,7.187823565111446,7.077644890956183,0.5778691474081213,0,12345
0.0,0.1,10,15,Std-CP,0.93,10.152778048990431,8.16421628134387,7.356957419958371,0,12345
0.0,0.1,10,15,Subsampling,0.96,10.523390132657127,10.523390132657127,0.0,0,12345
0.0,0.1,10,20,Donor-HCP-no-within,0.93,8.411928195672715,8.146518195969758,1.1922501708402569,0,12345
0.0,0.1,10,20,Donor-HCP-within,0.97,6.139986290089213,6.121197284563024,0.412196104077976,0,12345
0.0,0.1,10,20,HCP,0.98,11.602602097789791,11.602602097789791,0.0,0,12345
0.0,0.1,10,20,Pooling,0.91,7.84956300492334,7.84956300492334,0.0,0,12345
0.0,0.1,10,20,Repeated,0.94,8.90427371066022,8.90427371066022,0.0,0,12345
0.0,0.1,10,20,S-HCP-within,0.93,6.883012540490105,6.968641696350687,0.41226248992183867,0,12345
0.0,0.1,10,20,Std-CP,0.92,7.227762856569386,6.575347165139401,3.3704153091198186,0,12345
0.0,0.1,10,20,Subsampling,0.96,10.523390132657127,10.523390132657127,0.0,0,12345
0.0,0.1,10,25,Donor-HCP-no-within,0.93,6.613250521473675,6.573716045641266,1.7253708311268632,0,12345
0.0,0.1,10,25,Donor-HCP-within,0.95,6.47688039905468,6.1429248517092825,2.5219004281713127,0,12345
0.0,0.1,10,25,HCP,0.98,11.602602097789791,11.602602097789791,0.0,0,12345
0.0,0.1,10,25,Pooling,0.91,7.84956300492334,7.84956300492334,0.0,0,12345
0.0,0.1,10,25,Repeated,0.94,8.90427371066022,8.90427371066022,0.0,0,12345
0.0,0.1,10,25,S-HCP-within,0.91,6.761244276022377,6.734716861676661,1.7675379287405393,0,12345
0.0,0.1,10,25,Std-CP,0.97,6.670047265399842,6.349027632101855,2.4009380353741023,0,12345
0.0,0.1,10,25,Subsampling,0.96,10.523390132657127,10.523390132657127,0.0,0,12345
0.0,0.1,10,30,Donor-HCP-no-within,0.9,6.135548903939176,6.102114843333985,1.6000992195539014,0,12345
0.0,0.1,10,30,Donor-HCP-within,0.97,6.230511937522532,6.0940859580667945,2.1011478157687487,0,12345
0.0,0.1,10,30,HCP,0.98,11.602602097789791,11.602602097789791,0.0,0,12345
0.0,0.1,10,30,Pooling,0.91,7.84956300492334,7.84956300492334,0.0,0,12345
0.0,0.1,10,30,Repeated,0.94,8.90427371066022,8.90427371066022,0.0,0,12345
0.0,0.1,10,30,S-HCP-within,0.91,6.839718816701913,6.679623557295178,1.7808739674270522,0,12345
0.0,0.1,10,30,Std-CP,0.94,6.235709302904569,5.970585112435478,2.0740450469129215,0,12345
0.0,0.1,10,30,Subsampling,0.96,10.523390132657127,10.523390132657127,0.0,0,12345
0.0,0.1,10,35,Donor-HCP-no-within,0.93,6.398565429412018,6.3122087091057555,1.5791219440544997,0,12345
0.0,0.1,10,35,Donor-HCP-within,0.96,6.356415852223103,6.189920974927174,2.0843758093551,0,12345
0.0,0.1,10,35,HCP,0.98,11.602602097789791,11.602602097789791,0.0,0,12345
0.0,0.1,10,35,Pooling,0.91,7.84956300492334,7.84956300492334,0.0,0,12345
0.0,0.1,10,35,Repeated,0.94,8.90427371066022,8.90427371066022,0.0,0,12345
0.0,0.1,10,35,S-HCP-within,0.98,7.232766817722196,6.678296353266628,1.9747962816992037,0,12345
0.0,0.1,10,35,Std-CP,0.96,6.495869396587203,6.1634118803239275,2.1539664840539436,0,12345
0.0,0.1,10,35,Subsampling,0.96,10.523390132657127,10.523390132657127,0.0,0,12345
0.0,0.1,11,0,Donor-HCP-no-within,0.99,13.110385807114458,13.110385807114458,1.6556244859096878e-15,0,12345
0.0,0.1,11,0,Donor-HCP-within,0.99,13.110385807114458,13.110385807114458,1.6556244859096878e-15,0,12345
0.0,0.1,11,0,HCP,0.99,13.110385807114458,13.110385807114458,1.6556244859096878e-15,0,12345
0.0,0.1,11,0,Pooling,0.97,9.281225416523485,9.281225416523485,1.6067752172924281e-15,0,12345
0.0,0.1,11,0,Repeated,0.98,10.565101894341376,10.565101894341376,1.6067752172924281e-15,0,12345
0.0,0.1,11,0,S-HCP-within,0.88,7.935130780246755,7.967917002826345,1.434519398993248,0,12345
0.0,0.1,11,0,Std-CP,1.0,,,,100,12345
0.0,0.1,11,0,Subsampling,0.99,10.982092594636471,10.982092594636471,1.6067752172924281e-15,0,12345
0.0,0.1,11,5,Donor-HCP-no-within,0.98,9.509566639725083,9.44068262064524,1.0824302281180407,0,12345
0.0,0.1,11,5,Donor-HCP-within,0.99,9.19428734917675,8.998035545433545,0.7708020676641003,0,12345
0.0,0.1,11,5,HCP,0.99,13.110385807114458,13.110385807114458,1.6556244859096878e-15,0,12345
0.0,0.1,11,5,Pooling,0.97,9.281225416523485,9.281225416523485,1.6067752172924281e-15,0,12345
0.0,0.1,11,5,Repeated,0.98,10.565101894341376,10.565101894341376,1.6067752172924281e-15,0,12345
0.0,0.1,11,5,S-HCP-within,0.86,7.548743668894226,7.303740520878976,0.6638654408760623,0,12345
0.0,0.1,11,5,Std-CP,0.8,6.120244703049608,4.985402671860434,4.4284810804942865,0,12345
0.0,0.1,11,5,Subsampling,0.99,10.982092594636471,10.982092594636471,1.6067752172924281e-15,0,12345
0.0,0.1,11,10,Donor-HCP-no-within,0.97,8.644739552452787,8.295287560340665,0.8643360687555969,0,12345
0.0,0.1,11,10,Donor-HCP-within,0.99,41.920163664801805,44.893031083723415,9.336798903590745,0,12345
0.0,0.1,11,10,HCP,0.99,13.110385807114458,13.110385807114458,1.6556244859096878e-15,0,12345
0.0,0.1,11,10,Pooling,0.97,9.281225416523485,9.281225416523485,1.6067752172924281e-15,0,12345
0.0,0.1,11,10,Repeated,0.98,10.565101894341376,10.565101894341376,1.6067752172924281e-15,0,12345
0.0,0.1,11,10,S-HCP-within,0.89,7.510250229112773,7.303740520878974,0.6284990910164077,0,12345
0.0,0.1,11,10,Std-CP,0.82,32.56075756653697,11.59632752321447,80.21310996535033,0,12345
0.0,0.1,11,10,Subsampling,0.99,10.982092594636471,10.982092594636471,1.6067752172924281e-15,0,12345
0.0,0.1,11,15,Donor-HCP-no-within,0.96,8.072144926905596,7.8696193972346755,0.6483518027006722,0,12345
0.0,0.1,11,15,Donor-HCP-within,0.99,9.059179337493159,9.176321155309767,0.5674172867575263,0,12345
0.0,0.1,11,15,HCP,0.99,13.110385807114458,13.110385807114458,1.6556244859096878e-15,0,12345
0.0,0.1,11,15,Pooling,0.97,9.281225416523485,9.281225416523485,1.6067752172924281e-15,0,12345
0.0,0.1,11,15,Repeated,0.98,10.565101894341376,10.565101894341376,1.6067752172924281e-15,0,12345
0.0,0.1,11,15,S-HCP-within,0.88,7.529750748905886,7.333321216778875,0.584187344257818,0,12345
0.0,0.1,11,15,Std-CP,0.87,7.993571897034115,6.889937241024965,3.608592003060137,0,12345
0.0,0.1,11,15,Subsampling,0.99,10.982092594636471,10.982092594636471,1.6067752172924281e-15,0,12345
0.0,0.1,11,20,Donor-HCP-no-within,0.96,7.515019875702485,7.287895589727752,0.864889550107329,0,12345
0.0,0.1,11,20,Donor-HCP-within,0.91,5.808640445130015,5.74471160401818,0.5033097143385455,0,12345
0.0,0.1,11,20,HCP,0.99,13.110385807114458,13.110385807114458,1.6556244859096878e-15,0,12345
0.0,0.1,11,20,Pooling,0.97,9.281225416523485,9.281225416523485,1.6067752172924281e-15,0,12345
0.0,0.1,11,20,Repeated,0.98,10.565101894341376,10.565101894341376,1.6067752172924281e-15,0,12345
0.0,0.1,11,20,S-HCP-within,0.86,7.400676149086427,7.262804053139449,0.4612453614084245,0,12345
0.0,0.1,11,20,Std-CP,0.95,6.8478913344023935,6.7491783406209365,2.284257772719578,0,12345
0.0,0.1,11,20,Subsampling,0.99,10.982092594636471,10.982092594636471,1.6067752172924281e-15,0,12345
0.0,0.1,11,25,Donor-HCP-no-within,0.93,6.726422212742617,6.573066434240013,1.7308710620614918,0,12345
0.0,0.1,11,25,Donor-HCP-within,0.96,6.8475474137339924,6.59914931757125,2.7685332855060345,0,12345
0.0,0.1,11,25,HCP,0.99,13.110385807114458,13.110385807114458,1.6556244859096878e-15,0,12345
0.0,0.1,11,25,Pooling,0.97,9.281225416523485,9.281225416523485,1.6067752172924281e-15,0,12345
0.0,0.1,11,25,Repeated,0.98,10.565101894341376,10.565101894341376,1.6067752172924281e-15,0,12345
0.0,0.1,11,25,S-HCP-within,0.92,6.810026913242041,6.559918206992908,1.9476164211850229,0,12345
0.0,0.1,11,25,Std-CP,0.96,6.956170304348964,6.525270679852021,2.566340249722899,0,12345
0.0,0.1,11,25,Subsampling,0.99,10.982092594636471,10.982092594636471,1.6067752172924281e-15,0,12345
0.0,0.1,11,30,Donor-HCP-no-within,0.92,6.272563310841937,6.282350810752645,1.588593862955548,0,12345
0.0,0.1,11,30,Donor-HCP-within,0.94,6.489797794117206,6.26451471075756,2.2951936135335145,0,12345
0.0,0.1,11,30,HCP,0.99,13.110385807114458,13.110385807114458,1.6556244859096878e-15,0,12345
0.0,0.1,11,30,Pooling,0.97,9.281225416523485,9.281225416523485,1.6067752172924281e-15,0,12345
0.0,0.1,11,30,Repeated,0.98,10.565101894341376,10.565101894341376,1.6067752172924281e-15,0,12345
0.0,0.1,11,30,S-HCP-within,0.96,7.181094329139909,6.998624396996498,2.05617103907865,0,12345
0.0,0.1,11,30,Std-CP,0.97,6.63929911361639,6.305614117974998,2.3330347429175893,0,12345
0.0,0.1,11,30,Subsampling,0.99,10.982092594636471,10.982092594636471,1.6067752172924281e-15,0,12345
0.0,0.1,11,35,Donor-HCP-no-within,0.92,6.460374017037701,6.412485676528394,1.621663701148766,0,12345
0.0,0.1,11,35,Donor-HCP-within,0.95,6.451552999801296,6.277321873196758,1.8878378953590373,0,12345
0.0,0.1,11,35,HCP,0.99,13.110385807114458,13.110385807114458,1.6556244859096878e-15,0,12345
0.0,0.1,11,35,Pooling,0.97,9.281225416523485,9.281225416523485,1.6067752172924281e-15,0,12345
0.0,0.1,11,35,Repeated,0.98,10.565101894341376,10.565101894341376,1.6067752172924281e-15,0,12345
0.0,0.1,11,35,S-HCP-within,0.97,7.442138038183758,7.198983898710217,2.032438259945788,0,12345
0.0,0.1,11,35,Std-CP,0.96,6.596542676726062,6.281293077049071,1.9129686952672038,0,12345
0.0,0.1,11,35,Subsampling,0.99,10.982092594636471,10.982092594636471,1.6067752172924281e-15,0,12345
0.0,0.1,12,0,Donor-HCP-no-within,0.94,8.660068035673458,8.660068035673458,6.914459619635975e-16,0,12345
0.0,0.1,12,0,Donor-HCP-within,0.94,8.660068035673458,8.660068035673458,6.914459619635975e-16,0,12345
0.0,0.1,12,0,HCP,0.94,8.660068035673458,8.660068035673458,6.914459619635975e-16,0,12345
0.0,0.1,12,0,Pooling,0.88,6.562223781114714,6.562223781114714,1.0177808980084189e-15,0,12345
0.0,0.1,12,0,Repeated,0.9,7.320658220346051,7.320658220346051,9.059437472099078e-16,0,12345
0.0,0.1,12,0,S-HCP-within,0.87,7.593476445779886,7.4240751417270605,1.9492018334969738,0,12345
0.0,0.1,12,0,Std-CP,1.0,,,,100,12345
0.0,0.1,12,0,Subsampling,0.89,6.946960647781066,6.946960647781065,9.276721042310028e-16,0,12345
0.0,0.1,12,5,Donor-HCP-no-within,0.93,8.45787487689474,8.26866976234356,0.644598034517074,0,12345
0.0,0.1,12,5,Donor-HCP-within,0.94,7.61475968020454,7.443135912724568,0.4488556169506786,0,12345
0.0,0.1,12,5,HCP,0.94,8.660068035673458,8.660068035673458,6.914459619635975e-16,0,12345
0.0,0.1,12,5,Pooling,0.88,6.562223781114714,6.562223781114714,1.0177808980084189e-15,0,12345
0.0,0.1,12,5,Repeated,0.9,7.320658220346051,7.320658220346051,9.059437472099078e-16,0,12345
0.0,0.1,12,5,S-HCP-within,0.88,7.125263145766798,7.0374339543233795,0.9187574939948183,0,12345
0.0,0.1,12,5,Std-CP,0.72,6.9401816012299244,5.316997902634128,7.62051103417429,0,12345
0.0,0.1,12,5,Subsampling,0.89,6.946960647781066,6.946960647781065,9.276721042310028e-16,0,12345
0.0,0.1,12,10,Donor-HCP-no-within,0.92,7.8092649023479,7.786623814549387,0.695034755794831,0,12345
0.0,0.1,12,10,Donor-HCP-within,0.91,10.5549932387366,10.480173726208026,1.0994132005386443,0,12345
0.0,0.1,12,10,HCP,0.94,8.660068035673458,8.660068035673458,6.914459619635975e-16,0,12345
0.0,0.1,12,10,Pooling,0.88,6.562223781114714,6.562223781114714,1.0177808980084189e-15,0,12345
0.0,0.1,12,10,Repeated,0.9,7.320658220346051,7.320658220346051,9.059437472099078e-16,0,12345
0.0,0.1,12,10,S-HCP-within,0.88,6.965642797977841,6.764700551840434,0.733634737952587,0,12345
0.0,0.1,12,10,Std-CP,0.82,48.42431890361816,10.874145836670472,184.28172534371456,0,12345
0.0,0.1,12,10,Subsampling,0.89,6.946960647781066,6.946960647781065,9.276721042310028e-16,0,12345
0.0,0.1,12,15,Donor-HCP-no-within,0.92,7.39677128045297,7.545771999842195,0.8875293381313925,0,12345
0.0,0.1,12,15,Donor-HCP-within,0.95,6.916076633079237,6.93411494954843,0.49150591450792885,0,12345
0.0,0.1,12,15,HCP,0.94,8.660068035673458,8.660068035673458,6.914459619635975e-16,0,12345
0.0,0.1,12,15,Pooling,0.88,6.562223781114714,6.562223781114714,1.0177808980084189e-15,0,12345
0.0,0.1,12,15,Repeated,0.9,7.320658220346051,7.320658220346051,9.059437472099078e-16,0,12345
0.0,0.1,12,15,S-HCP-within,0.87,6.861842936073344,6.764685923378316,0.544543278299068,0,12345
0.0,0.1,12,15,Std-CP,0.86,9.011785294476008,8.190394411004716,4.356815830351123,0,12345
0.0,0.1,12,15,Subsampling,0.89,6.946960647781066,6.946960647781065,9.276721042310028e-16,0,12345
0.0,0.1,12,20,Donor-HCP-no-within,0.86,6.798697241536129,6.450799684013644,0.8903264937725808,0,12345
0.0,0.1,12,20,Donor-HCP-within,0.9,5.780935504468895,5.6476423420237705,0.3920326850096097,0,12345
0.0,0.1,12,20,HCP,0.94,8.660068035673458,8.660068035673458,6.914459619635975e-16,0,12345
0.0,0.1,12,20,Pooling,0.88,6.562223781114714,6.562223781114714,1.0177808980084189e-15,0,12345
0.0,0.1,12,20,Repeated,0.9,7.320658220346051,7.320658220346051,9.059437472099078e-16,0,12345
0.0,0.1,12,20,S-HCP-within,0.87,6.631127219125205,6.498279011526139,0.6065467527883528,0,12345
0.0,0.1,12,20,Std-CP,0.92,6.6314024758825125,6.207943058802595,2.5032571148318863,0,12345
0.0,0.1,12,20,Subsampling,0.89,6.946960647781066,6.946960647781065,9.276721042310028e-16,0,12345
0.0,0.1,12,25,Donor-HCP-no-within,0.94,6.718789095085716,5.796512672758384,3.0508409349301098,0,12345
0.0,0.1,12,25,Donor-HCP-within,0.92,6.540316436745666,6.110053277110301,2.3320270995223775,0,12345
0.0,0.1,12,25,HCP,0.94,8.660068035673458,8.660068035673458,6.914459619635975e-16,0,12345
0.0,0.1,12,25,Pooling,0.88,6.562223781114714,6.562223781114714,1.0177808980084189e-15,0,12345
0.0,0.1,12,25,Repeated,0.9,7.320658220346051,7.320658220346051,9.059437472099078e-16,0,12345
0.0,0.1,12,25,S-HCP-within,0.94,7.174598724803593,6.19211249049374,3.4411581272617817,0,12345
0.0,0.1,12,25,Std-CP,0.95,7.017214550741739,6.543356572213716,2.726762348752002,0,12345
0.0,0.1,12,25,Subsampling,0.89,6.946960647781066,6.946960647781065,9.276721042310028e-16,0,12345
0.0,0.1,12,30,Donor-HCP-no-within,0.92,6.364809965307824,5.6779756966397,2.86713589612946,0,12345
0.0,0.1,12,30,Donor-HCP-within,0.94,6.375994008166305,6.06793577996519,2.1345239750432436,0,12345
0.0,0.1,12,30,HCP,0.94,8.660068035673458,8.660068035673458,6.914459619635975e-16,0,12345
0.0,0.1,12,30,Pooling,0.88,6.562223781114714,6.562223781114714,1.0177808980084189e-15,0,12345
0.0,0.1,12,30,Repeated,0.9,7.320658220346051,7.320658220346051,9.059437472099078e-16,0,12345
0.0,0.1,12,30,S-HCP-within,0.96,7.293209129704759,6.5766482339392915,3.317813814394998,0,12345
0.0,0.1,12,30,Std-CP,0.95,6.341302553061819,6.151801413122881,2.0184136071637218,0,12345
0.0,0.1,12,30,Subsampling,0.89,6.946960647781066,6.946960647781065,9.276721042310028e-16,0,12345
0.0,0.1,12,35,Donor-HCP-no-within,0.93,6.583632491725253,5.849997229775759,3.0016543665187276,0,12345
0.0,0.1,12,35,Donor-HCP-within,0.95,6.5485416627477955,6.00709481140475,2.3543833620588055,0,12345
0.0,0.1,12,35,HCP,0.94,8.660068035673458,8.660068035673458,6.914459619635975e-16,0,12345
0.0,0.1,12,35,Pooling,0.88,6.562223781114714,6.562223781114714,1.0177808980084189e-15,0,12345
0.0,0.1,12,35,Repeated,0.9,7.320658220346051,7.320658220346051,9.059437472099078e-16,0,12345
0.0,0.1,12,35,S-HCP-within,0.96,7.5533493251342545,6.708630042523641,3.317022652157752,0,12345
0.0,0.1,12,35,Std-CP,0.97,6.318093482925154,6.041374929658869,2.0159562136049924,0,12345
0.0,0.1,12,35,Subsampling,0.89,6.946960647781066,6.946960647781065,9.276721042310028e-16,0,12345
0.0,0.1,13,0,Donor-HCP-no-within,0.96,8.25587551863821,8.25587551863821,1.3360005245927818e-15,0,12345
0.0,0.1,13,0,Donor-HCP-within,0.96,8.25587551863821,8.25587551863821,1.3360005245927818e-15,0,12345
0.0,0.1,13,0,HCP,0.96,8.25587551863821,8.25587551863821,1.3360005245927818e-15,0,12345
0.0,0.1,13,0,Pooling,0.83,5.392245922915956,5.392245922915956,1.350828953484428e-15,0,12345
0.0,0.1,13,0,Repeated,0.9,6.1149328145434,6.114932814543401,8.608432803881525e-16,0,12345
0.0,0.1,13,0,S-HCP-within,0.89,8.253523391681023,8.141664033648532,2.0448863895956766,0,12345
0.0,0.1,13,0,Std-CP,1.0,,,,100,12345
0.0,0.1,13,0,Subsampling,0.55,3.66678174496474,3.666781744964741,1.4149322803396863e-15,0,12345
0.0,0.1,13,5,Donor-HCP-no-within,0.97,8.57891095700453,8.638650617189796,0.6153455947526707,0,12345
0.0,0.1,13,5,Donor-HCP-within,0.96,8.30299580825205,8.36910720704575,0.5478270224130422,0,12345
0.0,0.1,13,5,HCP,0.96,8.25587551863821,8.25587551863821,1.3360005245927818e-15,0,12345
0.0,0.1,13,5,Pooling,0.83,5.392245922915956,5.392245922915956,1.350828953484428e-15,0,12345
0.0,0.1,13,5,Repeated,0.9,6.1149328145434,6.114932814543401,8.608432803881525e-16,0,12345
0.0,0.1,13,5,S-HCP-within,0.92,7.630097131532477,7.8213696340729095,0.8915694650022167,0,12345
0.0,0.1,13,5,Std-CP,0.77,5.096232409751929,4.49146876937983,3.337824901167213,0,12345
0.0,0.1,13,5,Subsampling,0.55,3.66678174496474,3.666781744964741,1.4149322803396863e-15,0,12345
0.0,0.1,13,10,Donor-HCP-no-within,0.93,7.58190419955974,7.586117942484769,0.37829754103197955,0,12345
0.0,0.1,13,10,Donor-HCP-within,0.99,76.85289466676223,79.61162412179216,7.40321445723613,0,12345
0.0,0.1,13,10,HCP,0.96,8.25587551863821,8.25587551863821,1.3360005245927818e-15,0,12345
0.0,0.1,13,10,Pooling,0.83,5.392245922915956,5.392245922915956,1.350828953484428e-15,0,12345
0.0,0.1,13,10,Repeated,0.9,6.1149328145434,6.114932814543401,8.608432803881525e-16,0,12345
0.0,0.1,13,10,S-HCP-within,0.89,7.471050179602962,7.454124176929987,0.6561988925303793,0,12345
0.0,0.1,13,10,Std-CP,0.82,53.12215496705904,14.319740554008401,190.57155644128977,0,12345
0.0,0.1,13,10,Subsampling,0.55,3.66678174496474,3.666781744964741,1.4149322803396863e-15,0,12345
0.0,0.1,13,15,Donor-HCP-no-within,0.89,6.89667848873654,6.982590528551036,0.5279865131938632,0,12345
0.0,0.1,13,15,Donor-HCP-within,0.87,6.317247307749349,6.296966033321267,0.24023035054376723,0,12345
0.0,0.1,13,15,HCP,0.96,8.25587551863821,8.25587551863821,1.3360005245927818e-15,0,12345
0.0,0.1,13,15,Pooling,0.83,5.392245922915956,5.392245922915956,1.350828953484428e-15,0,12345
0.0,0.1,13,15,Repeated,0.9,6.1149328145434,6.114932814543401,8.608432803881525e-16,0,12345
0.0,0.1,13,15,S-HCP-within,0.92,7.479153936988842,7.454124176929987,0.5797617822807247,0,12345
0.0,0.1,13,15,Std-CP,0.9,9.163781165826087,8.261167643642736,4.947963912524662,0,12345
0.0,0.1,13,15,Subsampling,0.55,3.66678174496474,3.666781744964741,1.4149322803396863e-15,0,12345
0.0,0.1,13,20,Donor-HCP-no-within,0.88,6.390537293796908,6.4979412916768275,0.4808532741466431,0,12345
0.0,0.1,13,20,Donor-HCP-within,0.89,5.2343183763132854,5.254784265675477,0.2797213721843814,0,12345
0.0,0.1,13,20,HCP,0.96,8.25587551863821,8.25587551863821,1.3360005245927818e-15,0,12345
0.0,0.1,13,20,Pooling,0.83,5.392245922915956,5.392245922915956,1.350828953484428e-15,0,12345
0.0,0.1,13,20,Repeated,0.9,6.1149328145434,6.114932814543401,8.608432803881525e-16,0,12345
0.0,0.1,13,20,S-HCP-within,0.91,7.251408489915868,7.231812613169715,0.475105624736975,0,12345
0.0,0.1,13,20,Std-CP,0.89,7.2702342071653,6.682169426338172,3.0410321286449,0,12345
0.0,0.1,13,20,Subsampling,0.55,3.66678174496474,3.666781744964741,1.4149322803396863e-15,0,12345
0.0,0.1,13,25,Donor-HCP-no-within,0.94,7.086606003702281,7.095092323403497,2.0475561874510926,0,12345
0.0,0.1,13,25,Donor-HCP-within,0.93,6.291370700946609,6.070657400157059,1.802340048407087,0,12345
0.0,0.1,13,25,HCP,0.96,8.25587551863821,8.25587551863821,1.3360005245927818e-15,0,12345
0.0,0.1,13,25,Pooling,0.83,5.392245922915956,5.392245922915956,1.350828953484428e-15,0,12345
0.0,0.1,13,25,Repeated,0.9,6.1149328145434,6.114932814543401,8.608432803881525e-16,0,12345
0.0,0.1,13,25,S-HCP-within,0.94,7.359176984794242,7.248863033515923,2.164033450738351,0,12345
0.0,0.1,13,25,Std-CP,0.95,6.894157168967042,6.5282232538295775,2.360556450956776,0,12345
0.0,0.1,13,25,Subsampling,0.55,3.66678174496474,3.666781744964741,1.4149322803396863e-15,0,12345
0.0,0.1,13,30,Donor-HCP-no-within,0.89,6.593244298490427,6.23073956719702,1.9245620950726798,0,12345
0.0,0.1,13,30,Donor-HCP-within,0.91,6.253472049360839,6.126156987042233,1.8729730692803332,0,12345
0.0,0.1,13,30,HCP,0.96,8.25587551863821,8.25587551863821,1.3360005245927818e-15,0,12345
0.0,0.1,13,30,Pooling,0.83,5.392245922915956,5.392245922915956,1.350828953484428e-15,0,12345
0.0,0.1,13,30,Repeated,0.9,6.1149328145434,6.114932814543401,8.608432803881525e-16,0,12345
0.0,0.1,13,30,S-HCP-within,0.95,7.553792223270981,7.58340091232821,2.0919865610090898,0,12345
0.0,0.1,13,30,Std-CP,0.91,6.268125414081416,6.058224193780655,1.9785849121291337,0,12345
0.0,0.1,13,30,Subsampling,0.55,3.66678174496474,3.666781744964741,1.4149322803396863e-15,0,12345
0.0,0.1,13,35,Donor-HCP-no-within,0.93,6.816487559939902,6.432896836571635,1.9263664932322266,0,12345
0.0,0.1,13,35,Donor-HCP-within,0.96,6.325381274734923,6.324795045565323,1.5611171636675572,0,12345
0.0,0.1,13,35,HCP,0.96,8.25587551863821,8.25587551863821,1.3360005245927818e-15,0,12345
0.0,0.1,13,35,Pooling,0.83,5.392245922915956,5.392245922915956,1.350828953484428e-15,0,12345
0.0,0.1,13,35,Repeated,0.9,6.1149328145434,6.114932814543401,8.608432803881525e-16,0,12345
0.0,0.1,13,35,S-HCP-within,0.97,7.639232004014519,7.54562295585985,2.1920227191755197,0,12345
0.0,0.1,13,35,Std-CP,0.96,6.514714325997361,6.3712596481921615,1.4619979716704443,0,12345
0.0,0.1,13,35,Subsampling,0.55,3.66678174496474,3.666781744964741,1.4149322803396863e-15,0,12345
0.0,0.1,14,0,Donor-HCP-no-within,0.93,10.31478452021939,10.31478452021939,8.56202581996519e-16,0,12345
0.0,0.1,14,0,Donor-HCP-within,0.93,10.31478452021939,10.31478452021939,8.56202581996519e-16,0,12345
0.0,0.1,14,0,HCP,0.93,10.31478452021939,10.31478452021939,8.56202581996519e-16,0,12345
0.0,0.1,14,0,Pooling,0.79,7.281133219562015,7.281133219562015,7.361004375023832e-16,0,12345
0.0,0.1,14,0,Repeated,0.85,7.981487062503265,7.981487062503266,1.1431534819946198e-15,0,12345
0.0,0.1,14,0,S-HCP-within,0.67,14.42857545474287,14.507537662226557,1.7908786425229557,0,12345
0.0,0.1,14,0,Std-CP,1.0,,,,100,12345
0.0,0.1,14,0,Subsampling,0.73,6.474367327740708,6.474367327740708,7.141223187966347e-16,0,12345
0.0,0.1,14,5,Donor-HCP-no-within,0.91,8.793636818979431,8.659656642449967,1.0203592940009074,0,12345
0.0,0.1,14,5,Donor-HCP-within,0.94,8.485617715198659,8.037680118929805,0.9199122200262176,0,12345
0.0,0.1,14,5,HCP,0.93,10.31478452021939,10.31478452021939,8.56202581996519e-16,0,12345
0.0,0.1,14,5,Pooling,0.79,7.281133219562015,7.281133219562015,7.361004375023832e-16,0,12345
0.0,0.1,14,5,Repeated,0.85,7.981487062503265,7.981487062503266,1.1431534819946198e-15,0,12345
0.0,0.1,14,5,S-HCP-within,0.67,14.045637936695043,13.67979475767969,1.3858853585648745,0,12345
0.0,0.1,14,5,Std-CP,0.74,6.099449428188661,4.92451430704484,4.7081203641988205,0,12345
0.0,0.1,14,5,Subsampling,0.73,6.474367327740708,6.474367327740708,7.141223187966347e-16,0,12345
0.0,0.1,14,10,Donor-HCP-no-within,0.92,8.213869705945159,8.18882837158656,0.8205728676520746,0,12345
0.0,0.1,14,10,Donor-HCP-within,0.98,18.77822487447396,19.1109241021247,3.2110015556830267,0,12345
0.0,0.1,14,10,HCP,0.93,10.31478452021939,10.31478452021939,8.56202581996519e-16,0,12345
0.0,0.1,14,10,Pooling,0.79,7.281133219562015,7.281133219562015,7.361004375023832e-16,0,12345
0.0,0.1,14,10,Repeated,0.85,7.981487062503265,7.981487062503266,1.1431534819946198e-15,0,12345
0.0,0.1,14,10,S-HCP-within,0.65,13.861801912569101,13.63470188546848,1.1406096702529156,0,12345
0.0,0.1,14,10,Std-CP,0.83,27.852888370079665,11.860366318000665,52.8195891129744,0,12345
0.0,0.1,14,10,Subsampling,0.73,6.474367327740708,6.474367327740708,7.141223187966347e-16,0,12345
0.0,0.1,14,15,Donor-HCP-no-within,0.87,8.065389921078639,7.626681938418481,1.1682766246229406,0,12345
0.0,0.1,14,15,Donor-HCP-within,0.91,7.44185073477951,7.312814825446658,0.45149587228058097,0,12345
0.0,0.1,14,15,HCP,0.93,10.31478452021939,10.31478452021939,8.56202581996519e-16,0,12345
0.0,0.1,14,15,Pooling,0.79,7.281133219562015,7.281133219562015,7.361004375023832e-16,0,12345
0.0,0.1,14,15,Repeated,0.85,7.981487062503265,7.981487062503266,1.1431534819946198e-15,0,12345
0.0,0.1,14,15,S-HCP-within,0.66,14.048618453846577,13.600523516107522,1.4466092315416355,0,12345
0.0,0.1,14,15,Std-CP,0.88,8.630791770013184,7.296498734605727,4.690867153752422,0,12345
0.0,0.1,14,15,Subsampling,0.73,6.474367327740708,6.474367327740708,7.141223187966347e-16,0,12345
0.0,0.1,14,20,Donor-HCP-no-within,0.81,7.627681909268047,7.375400400797492,0.915274595136692,0,12345
0.0,0.1,14,20,Donor-HCP-within,0.95,6.144437083569957,6.1519978750728415,0.2934984251804779,0,12345
0.0,0.1,14,20,HCP,0.93,10.31478452021939,10.31478452021939,8.56202581996519e-16,0,12345
0.0,0.1,14,20,Pooling,0.79,7.281133219562015,7.281133219562015,7.361004375023832e-16,0,12345
0.0,0.1,14,20,Repeated,0.85,7.981487062503265,7.981487062503266,1.1431534819946198e-15,0,12345
0.0,0.1,14,20,S-HCP-within,0.63,13.713964364502559,13.081469749107994,1.2146880542087772,0,12345
0.0,0.1,14,20,Std-CP,0.95,7.030687313715539,6.8792160095773465,3.162253252071109,0,12345
0.0,0.1,14,20,Subsampling,0.73,6.474367327740708,6.474367327740708,7.141223187966347e-16,0,12345
0.0,0.1,14,25,Donor-HCP-no-within,0.95,6.453035081189444,6.262822140991048,1.7878662744072054,0,12345
0.0,0.1,14,25,Donor-HCP-within,0.93,6.706618779624851,6.422496200930837,2.373389346819315,0,12345
0.0,0.1,14,25,HCP,0.93,10.31478452021939,10.31478452021939,8.56202581996519e-16,0,12345
0.0,0.1,14,25,Pooling,0.79,7.281133219562015,7.281133219562015,7.361004375023832e-16,0,12345
0.0,0.1,14,25,Repeated,0.85,7.981487062503265,7.981487062503266,1.1431534819946198e-15,0,12345
0.0,0.1,14,25,S-HCP-within,0.93,6.889464408522854,6.545029589883354,2.1919520705226874,0,12345
0.0,0.1,14,25,Std-CP,0.95,6.850658986063224,6.2905103343008975,2.446487857242246,0,12345
0.0,0.1,14,25,Subsampling,0.73,6.474367327740708,6.474367327740708,7.141223187966347e-16,0,12345
0.0,0.1,14,30,Donor-HCP-no-within,0.93,6.037785857688671,5.7514849265647605,1.659810091575271,0,12345
0.0,0.1,14,30,Donor-HCP-within,0.96,6.68556525975036,6.312935541771358,2.119451566081393,0,12345
0.0,0.1,14,30,HCP,0.93,10.31478452021939,10.31478452021939,8.56202581996519e-16,0,12345
0.0,0.1,14,30,Pooling,0.79,7.281133219562015,7.281133219562015,7.361004375023832e-16,0,12345
0.0,0.1,14,30,Repeated,0.85,7.981487062503265,7.981487062503266,1.1431534819946198e-15,0,12345
0.0,0.1,14,30,S-HCP-within,0.95,6.982880807028831,6.754721090504313,2.081992841120654,0,12345
0.0,0.1,14,30,Std-CP,0.93,6.166941968673452,5.783840720590792,2.000608482315625,0,12345
0.0,0.1,14,30,Subsampling,0.73,6.474367327740708,6.474367327740708,7.141223187966347e-16,0,12345
0.0,0.1,14,35,Donor-HCP-no-within,0.93,6.2039717064927995,5.957322463374681,1.691297539415496,0,12345
0.0,0.1,14,35,Donor-HCP-within,0.96,6.4569057438579645,6.1675008732810594,2.053758897350938,0,12345
0.0,0.1,14,35,HCP,0.93,10.31478452021939,10.31478452021939,8.56202581996519e-16,0,12345
0.0,0.1,14,35,Pooling,0.79,7.281133219562015,7.281133219562015,7.361004375023832e-16,0,12345
0.0,0.1,14,35,Repeated,0.85,7.981487062503265,7.981487062503266,1.1431534819946198e-15,0,12345
0.0,0.1,14,35,S-HCP-within,0.96,7.00564830620997,6.9237827606747295,1.976357344877112,0,12345
0.0,0.1,14,35,Std-CP,0.97,6.35215173761977,6.059898030841601,2.0380197974359007,0,12345
0.0,0.1,14,35,Subsampling,0.73,6.474367327740708,6.474367327740708,7.141223187966347e-16,0,12345
0.0,0.1,15,0,Donor-HCP-no-within,0.95,9.281591706129092,9.281591706129092,1.7853057969915868e-16,0,12345
0.0,0.1,15,0,Donor-HCP-within,0.95,9.281591706129092,9.281591706129092,1.7853057969915868e-16,0,12345
0.0,0.1,15,0,HCP,0.95,9.281591706129092,9.281591706129092,1.7853057969915868e-16,0,12345
0.0,0.1,15,0,Pooling,0.86,6.537168354429674,6.537168354429674,3.3400013114819546e-16,0,12345
0.0,0.1,15,0,Repeated,0.89,7.21194973082995,7.21194973082995,3.3400013114819546e-16,0,12345
0.0,0.1,15,0,S-HCP-within,0.93,9.306321762159941,9.230867104935836,1.9406131431022131,0,12345
0.0,0.1,15,0,Std-CP,1.0,,,,100,12345
0.0,0.1,15,0,Subsampling,0.96,10.02094745462891,10.02094745462891,1.7853057969915868e-16,0,12345
0.0,0.1,15,5,Donor-HCP-no-within,0.93,9.211696889693055,9.377276369057682,0.7498491982371882,0,12345
0.0,0.1,15,5,Donor-HCP-within,0.96,9.419169909427856,9.632889081139648,0.8041018132245382,0,12345
0.0,0.1,15,5,HCP,0.95,9.281591706129092,9.281591706129092,1.7853057969915868e-16,0,12345
0.0,0.1,15,5,Pooling,0.86,6.537168354429674,6.537168354429674,3.3400013114819546e-16,0,12345
0.0,0.1,15,5,Repeated,0.89,7.21194973082995,7.21194973082995,3.3400013114819546e-16,0,12345
0.0,0.1,15,5,S-HCP-within,0.93,8.373450516211234,8.392054525038986,0.7255523891147619,0,12345
0.0,0.1,15,5,Std-CP,0.63,5.5895990937531215,5.057844833425804,4.077194465156382,0,12345
0.0,0.1,15,5,Subsampling,0.96,10.02094745462891,10.02094745462891,1.7853057969915868e-16,0,12345
0.0,0.1,15,10,Donor-HCP-no-within,0.94,8.436398240698841,8.677087213936055,0.6507136900879082,0,12345
0.0,0.1,15,10,Donor-HCP-within,0.93,14.29350092217001,14.630257474829202,1.856342946073967,0,12345
0.0,0.1,15,10,HCP,0.95,9.281591706129092,9.281591706129092,1.7853057969915868e-16,0,12345
0.0,0.1,15,10,Pooling,0.86,6.537168354429674,6.537168354429674,3.3400013114819546e-16,0,12345
0.0,0.1,15,10,Repeated,0.89,7.21194973082995,7.21194973082995,3.3400013114819546e-16,0,12345
0.0,0.1,15,10,S-HCP-within,0.93,8.363730688310168,8.453970109250506,0.534530971147428,0,12345
0.0,0.1,15,10,Std-CP,0.93,56.12260114093162,11.02617650558014,209.69562059444212,0,12345
0.0,0.1,15,10,Subsampling,0.96,10.02094745462891,10.02094745462891,1.7853057969915868e-16,0,12345
0.0,0.1,15,15,Donor-HCP-no-within,0.89,7.726709172517475,7.841900744320417,0.6510302990574488,0,12345
0.0,0.1,15,15,Donor-HCP-within,0.89,6.909086960162486,7.025392342808907,0.3839996881937135,0,12345
0.0,0.1,15,15,HCP,0.95,9.281591706129092,9.281591706129092,1.7853057969915868e-16,0,12345
0.0,0.1,15,15,Pooling,0.86,6.537168354429674,6.537168354429674,3.3400013114819546e-16,0,12345
0.0,0.1,15,15,Repeated,0.89,7.21194973082995,7.21194973082995,3.3400013114819546e-16,0,12345
0.0,0.1,15,15,S-HCP-within,0.93,8.299315715964763,8.377302561383132,0.42004717326393903,0,12345
0.0,0.1,15,15,Std-CP,0.87,8.203454572298316,7.129110218051112,4.006552029931444,0,12345
0.0,0.1,15,15,Subsampling,0.96,10.02094745462891,10.02094745462891,1.7853057969915868e-16,0,12345
0.0,0.1,15,20,Donor-HCP-no-within,0.85,7.142246362511763,7.157796904199499,0.6526251649316545,0,12345
0.0,0.1,15,20,Donor-HCP-within,0.84,5.570197741928064,5.508288057718985,0.2993495048534356,0,12345
0.0,0.1,15,20,HCP,0.95,9.281591706129092,9.281591706129092,1.7853057969915868e-16,0,12345
0.0,0.1,15,20,Pooling,0.86,6.537168354429674,6.537168354429674,3.3400013114819546e-16,0,12345
0.0,0.1,15,20,Repeated,0.89,7.21194973082995,7.21194973082995,3.3400013114819546e-16,0,12345
0.0,0.1,15,20,S-HCP-within,0.92,8.05286254606235,8.141776136791762,0.4343841953157205,0,12345
0.0,0.1,15,20,Std-CP,0.92,7.567867246203252,6.905169004179548,3.3247674864893892,0,12345
0.0,0.1,15,20,Subsampling,0.96,10.02094745462891,10.02094745462891,1.7853057969915868e-16,0,12345
0.0,0.1,15,25,Donor-HCP-no-within,0.92,6.5209081079416595,6.2832463831928855,2.002576535881098,0,12345
0.0,0.1,15,25,Donor-HCP-within,0.93,6.416241019875424,6.184809636492062,2.3826267053346166,0,12345
0.0,0.1,15,25,HCP,0.95,9.281591706129092,9.281591706129092,1.7853057969915868e-16,0,12345
0.0,0.1,15,25,Pooling,0.86,6.537168354429674,6.537168354429674,3.3400013114819546e-16,0,12345
0.0,0.1,15,25,Repeated,0.89,7.21194973082995,7.21194973082995,3.3400013114819546e-16,0,12345
0.0,0.1,15,25,S-HCP-within,0.86,6.642992940920015,6.409319534219991,2.1090998970808537,0,12345
0.0,0.1,15,25,Std-CP,0.95,6.8618213967590975,6.085749320085778,2.5576350797873464,0,12345
0.0,0.1,15,25,Subsampling,0.96,10.02094745462891,10.02094745462891,1.7853057969915868e-16,0,12345
0.0,0.1,15,30,Donor-HCP-no-within,0.87,6.127922324107435,5.648300446298503,1.9853939752222765,0,12345
0.0,0.1,15,30,Donor-HCP-within,0.93,6.18820830715896,6.118800064371952,1.603161232319031,0,12345
0.0,0.1,15,30,HCP,0.95,9.281591706129092,9.281591706129092,1.7853057969915868e-16,0,12345
0.0,0.1,15,30,Pooling,0.86,6.537168354429674,6.537168354429674,3.3400013114819546e-16,0,12345
0.0,0.1,15,30,Repeated,0.89,7.21194973082995,7.21194973082995,3.3400013114819546e-16,0,12345
0.0,0.1,15,30,S-HCP-within,0.9,7.101972595377631,6.8911444376410955,2.2048037777086353,0,12345
0.0,0.1,15,30,Std-CP,0.89,6.6276170531225125,6.282373307344484,2.2911196755250507,0,12345
0.0,0.1,15,30,Subsampling,0.96,10.02094745462891,10.02094745462891,1.7853057969915868e-16,0,12345
0.0,0.1,15,35,Donor-HCP-no-within,0.91,6.34206050726914,5.896335239349659,1.9723425080738552,0,12345
0.0,0.1,15,35,Donor-HCP-within,0.94,6.381978969128627,6.220063118848559,1.6950414144740937,0,12345
0.0,0.1,15,35,HCP,0.95,9.281591706129092,9.281591706129092,1.7853057969915868e-16,0,12345
0.0,0.1,15,35,Pooling,0.86,6.537168354429674,6.537168354429674,3.3400013114819546e-16,0,12345
0.0,0.1,15,35,Repeated,0.89,7.21194973082995,7.21194973082995,3.3400013114819546e-16,0,12345
0.0,0.1,15,35,S-HCP-within,0.94,7.401101595242073,7.059436911935837,2.25570750687811,0,12345
0.0,0.1,15,35,Std-CP,0.93,6.476224205723939,6.2947203879022915,1.9013597020359656,0,12345
0.0,0.1,15,35,Subsampling,0.96,10.02094745462891,10.02094745462891,1.7853057969915868e-16,0,12345
0.0,0.1,16,0,Donor-HCP-no-within,0.99,13.001353462676745,13.001353462676747,3.5706115939831736e-16,0,12345
0.0,0.1,16,0,Donor-HCP-within,0.99,13.001353462676745,13.001353462676747,3.5706115939831736e-16,0,12345
0.0,0.1,16,0,HCP,0.99,13.001353462676745,13.001353462676747,3.5706115939831736e-16,0,12345
0.0,0.1,16,0,Pooling,0.93,9.126993396783725,9.126993396783725,1.7853057969915868e-16,0,12345
0.0,0.1,16,0,Repeated,0.96,9.745223725797812,9.745223725797814,1.4829863735896286e-15,0,12345
0.0,0.1,16,0,S-HCP-within,0.93,9.28338197454651,8.725995240906826,2.0695544595747704,0,12345
0.0,0.1,16,0,Std-CP,1.0,,,,100,12345
0.0,0.1,16,0,Subsampling,1.0,15.320860556365314,15.320860556365314,1.5767393872298544e-15,0,12345
0.0,0.1,16,5,Donor-HCP-no-within,0.96,10.76291242268139,11.150202271991187,0.7940146389233428,0,12345
0.0,0.1,16,5,Donor-HCP-within,0.98,10.048563752358017,10.225442492567609,0.8921426637690597,0,12345
0.0,0.1,16,5,HCP,0.99,13.001353462676745,13.001353462676747,3.5706115939831736e-16,0,12345
0.0,0.1,16,5,Pooling,0.93,9.126993396783725,9.126993396783725,1.7853057969915868e-16,0,12345
0.0,0.1,16,5,Repeated,0.96,9.745223725797812,9.745223725797814,1.4829863735896286e-15,0,12345
0.0,0.1,16,5,S-HCP-within,0.93,8.339925293247903,8.444110763741449,0.6930702043532253,0,12345
0.0,0.1,16,5,Std-CP,0.74,6.585147621163709,5.087930640499154,4.703298756957727,0,12345
0.0,0.1,16,5,Subsampling,1.0,15.320860556365314,15.320860556365314,1.5767393872298544e-15,0,12345
0.0,0.1,16,10,Donor-HCP-no-within,0.97,9.928279884313257,10.457734027922104,1.007050711679431,0,12345
0.0,0.1,16,10,Donor-HCP-within,0.98,29.357258963089038,31.07934029039515,5.983048409841761,0,12345
0.0,0.1,16,10,HCP,0.99,13.001353462676745,13.001353462676747,3.5706115939831736e-16,0,12345
0.0,0.1,16,10,Pooling,0.93,9.126993396783725,9.126993396783725,1.7853057969915868e-16,0,12345
0.0,0.1,16,10,Repeated,0.96,9.745223725797812,9.745223725797814,1.4829863735896286e-15,0,12345
0.0,0.1,16,10,S-HCP-within,0.91,8.18621591613514,8.245928247070971,0.5368860271869088,0,12345
0.0,0.1,16,10,Std-CP,0.82,46.0570272087912,13.42796081567016,185.28611470798404,0,12345
0.0,0.1,16,10,Subsampling,1.0,15.320860556365314,15.320860556365314,1.5767393872298544e-15,0,12345
0.0,0.1,16,15,Donor-HCP-no-within,0.95,9.366295809077185,9.736348383222975,1.1183498627207284,0,12345
0.0,0.1,16,15,Donor-HCP-within,0.95,7.770924772113283,7.820846762325271,0.7310490461564068,0,12345
0.0,0.1,16,15,HCP,0.99,13.001353462676745,13.001353462676747,3.5706115939831736e-16,0,12345
0.0,0.1,16,15,Pooling,0.93,9.126993396783725,9.126993396783725,1.7853057969915868e-16,0,12345
0.0,0.1,16,15,Repeated,0.96,9.745223725797812,9.745223725797814,1.4829863735896286e-15,0,12345
0.0,0.1,16,15,S-HCP-within,0.95,8.174565082398026,8.233972956724735,0.5424822951200391,0,12345
0.0,0.1,16,15,Std-CP,0.9,8.399239737803452,7.8376437353047095,4.75886330654799,0,12345
0.0,0.1,16,15,Subsampling,1.0,15.320860556365314,15.320860556365314,1.5767393872298544e-15,0,12345
0.0,0.1,16,20,Donor-HCP-no-within,0.93,8.812477474471015,8.982229657764243,0.8379078195203069,0,12345
0.0,0.1,16,20,Donor-HCP-within,0.93,6.347389631587123,6.5413183068422285,0.5190711523231478,0,12345
0.0,0.1,16,20,HCP,0.99,13.001353462676745,13.001353462676747,3.5706115939831736e-16,0,12345
0.0,0.1,16,20,Pooling,0.93,9.126993396783725,9.126993396783725,1.7853057969915868e-16,0,12345
0.0,0.1,16,20,Repeated,0.96,9.745223725797812,9.745223725797814,1.4829863735896286e-15,0,12345
0.0,0.1,16,20,S-HCP-within,0.93,8.043127589075139,8.117252299992472,0.514391379037164,0,12345
0.0,0.1,16,20,Std-CP,0.87,6.901760615174064,6.2475044079183,3.13199688265289,0,12345
0.0,0.1,16,20,Subsampling,1.0,15.320860556365314,15.320860556365314,1.5767393872298544e-15,0,12345
0.0,0.1,16,25,Donor-HCP-no-within,0.93,6.390994183435572,6.271237352947361,1.6637047108365388,0,12345
0.0,0.1,16,25,Donor-HCP-within,0.93,6.749697311456787,6.416777885870609,2.098688716957909,0,12345
0.0,0.1,16,25,HCP,0.99,13.001353462676745,13.001353462676747,3.5706115939831736e-16,0,12345
0.0,0.1,16,25,Pooling,0.93,9.126993396783725,9.126993396783725,1.7853057969915868e-16,0,12345
0.0,0.1,16,25,Repeated,0.96,9.745223725797812,9.745223725797814,1.4829863735896286e-15,0,12345
0.0,0.1,16,25,S-HCP-within,0.95,6.934214581827558,6.775425549907348,2.0219094427332456,0,12345
0.0,0.1,16,25,Std-CP,0.92,7.1061910449196946,7.007549707418441,2.7122106860182833,0,12345
0.0,0.1,16,25,Subsampling,1.0,15.320860556365314,15.320860556365314,1.5767393872298544e-15,0,12345
0.0,0.1,16,30,Donor-HCP-no-within,0.9,5.958230407881569,5.871053081571294,1.4150445278561257,0,12345
0.0,0.1,16,30,Donor-HCP-within,0.96,6.332954571418916,6.184959711052908,1.9211398817803789,0,12345
0.0,0.1,16,30,HCP,0.99,13.001353462676745,13.001353462676747,3.5706115939831736e-16,0,12345
0.0,0.1,16,30,Pooling,0.93,9.126993396783725,9.126993396783725,1.7853057969915868e-16,0,12345
0.0,0.1,16,30,Repeated,0.96,9.745223725797812,9.745223725797814,1.4829863735896286e-15,0,12345
0.0,0.1,16,30,S-HCP-within,0.96,6.94485485713658,6.7558057053704905,2.085245314076664,0,12345
0.0,0.1,16,30,Std-CP,0.96,6.498607840241452,6.286421851758359,2.0694202684597096,0,12345
0.0,0.1,16,30,Subsampling,1.0,15.320860556365314,15.320860556365314,1.5767393872298544e-15,0,12345
0.0,0.1,16,35,Donor-HCP-no-within,0.91,6.155214317169425,6.020965861935959,1.460624994423022,0,12345
0.0,0.1,16,35,Donor-HCP-within,0.94,6.358619046523307,6.22476643273831,1.9350114518978143,0,12345
0.0,0.1,16,35,HCP,0.99,13.001353462676745,13.001353462676747,3.5706115939831736e-16,0,12345
0.0,0.1,16,35,Pooling,0.93,9.126993396783725,9.126993396783725,1.7853057969915868e-16,0,12345
0.0,0.1,16,35,Repeated,0.96,9.745223725797812,9.745223725797814,1.4829863735896286e-15,0,12345
0.0,0.1,16,35,S-HCP-within,0.95,6.976551790253423,6.27264786095988,2.1701246435651482,0,12345
0.0,0.1,16,35,Std-CP,0.92,6.517644580021547,6.330542814291212,2.0973404329370156,0,12345
0.0,0.1,16,35,Subsampling,1.0,15.320860556365314,15.320860556365314,1.5767393872298544e-15,0,12345
0.0,0.1,17,0,Donor-HCP-no-within,0.99,10.77086766664361,10.77086766664361,7.574411013266429e-16,0,12345
0.0,0.1,17,0,Donor-HCP-within,0.99,10.77086766664361,10.77086766664361,7.574411013266429e-16,0,12345
0.0,0.1,17,0,HCP,0.99,10.77086766664361,10.77086766664361,7.574411013266429e-16,0,12345
0.0,0.1,17,0,Pooling,0.96,8.616949577177099,8.616949577177099,1.4936939954824199e-15,0,12345
0.0,0.1,17,0,Repeated,0.97,8.92984281102249,8.92984281102249,1.616663158110819e-15,0,12345
0.0,0.1,17,0,S-HCP-within,0.88,7.772915338534043,7.08434902117353,2.0019912326616183,0,12345
0.0,0.1,17,0,Std-CP,1.0,,,,100,12345
0.0,0.1,17,0,Subsampling,0.98,9.250010593636901,9.250010593636901,6.914459619635975e-16,0,12345
0.0,0.1,17,5,Donor-HCP-no-within,0.98,9.773586685762227,9.371900281754652,0.8695057392404402,0,12345
0.0,0.1,17,5,Donor-HCP-within,0.97,9.173785215933563,8.879784136512171,0.603031922865952,0,12345
0.0,0.1,17,5,HCP,0.99,10.77086766664361,10.77086766664361,7.574411013266429e-16,0,12345
0.0,0.1,17,5,Pooling,0.96,8.616949577177099,8.616949577177099,1.4936939954824199e-15,0,12345
0.0,0.1,17,5,Repeated,0.97,8.92984281102249,8.92984281102249,1.616663158110819e-15,0,12345
0.0,0.1,17,5,S-HCP-within,0.8,6.818487226646498,6.855111085701097,0.8871883586796783,0,12345
0.0,0.1,17,5,Std-CP,0.73,5.565485581760912,4.953948514956749,3.4014098997764153,0,12345
0.0,0.1,17,5,Subsampling,0.98,9.250010593636901,9.250010593636901,6.914459619635975e-16,0,12345
0.0,0.1,17,10,Donor-HCP-no-within,0.97,9.116408406611622,8.937605597212574,0.8228052988052698,0,12345
0.0,0.1,17,10,Donor-HCP-within,0.93,33.48604757450318,34.98680026333243,6.460794571727521,0,12345
0.0,0.1,17,10,HCP,0.99,10.77086766664361,10.77086766664361,7.574411013266429e-16,0,12345
0.0,0.1,17,10,Pooling,0.96,8.616949577177099,8.616949577177099,1.4936939954824199e-15,0,12345
0.0,0.1,17,10,Repeated,0.97,8.92984281102249,8.92984281102249,1.616663158110819e-15,0,12345
0.0,0.1,17,10,S-HCP-within,0.82,6.769541432852836,6.834057326653365,0.609522198957089,0,12345
0.0,0.1,17,10,Std-CP,0.75,28.833106980419462,11.739594628985394,68.21231926323405,0,12345
0.0,0.1,17,10,Subsampling,0.98,9.250010593636901,9.250010593636901,6.914459619635975e-16,0,12345
0.0,0.1,17,15,Donor-HCP-no-within,0.96,8.613052367943842,8.35614195653475,0.8302738041934672,0,12345
0.0,0.1,17,15,Donor-HCP-within,0.96,7.907373802495117,7.757891158934555,0.6673906253051907,0,12345
0.0,0.1,17,15,HCP,0.99,10.77086766664361,10.77086766664361,7.574411013266429e-16,0,12345
0.0,0.1,17,15,Pooling,0.96,8.616949577177099,8.616949577177099,1.4936939954824199e-15,0,12345
0.0,0.1,17,15,Repeated,0.97,8.92984281102249,8.92984281102249,1.616663158110819e-15,0,12345
0.0,0.1,17,15,S-HCP-within,0.83,6.7707650336887095,6.8007959298461085,0.5791101231953164,0,12345
0.0,0.1,17,15,Std-CP,0.88,9.708010614244538,7.686289894541974,6.824653486958533,0,12345
0.0,0.1,17,15,Subsampling,0.98,9.250010593636901,9.250010593636901,6.914459619635975e-16,0,12345
0.0,0.1,17,20,Donor-HCP-no-within,0.94,8.41227536687762,8.399120537785866,0.7955991246820238,0,12345
0.0,0.1,17,20,Donor-HCP-within,0.89,5.677906819238974,5.604755847123593,0.4680861849140169,0,12345
0.0,0.1,17,20,HCP,0.99,10.77086766664361,10.77086766664361,7.574411013266429e-16,0,12345
0.0,0.1,17,20,Pooling,0.96,8.616949577177099,8.616949577177099,1.4936939954824199e-15,0,12345
0.0,0.1,17,20,Repeated,0.97,8.92984281102249,8.92984281102249,1.616663158110819e-15,0,12345
0.0,0.1,17,20,S-HCP-within,0.82,6.6812063386300515,6.713261117657076,0.5803931673114128,0,12345
0.0,0.1,17,20,Std-CP,0.9,6.947073953249958,6.260835080768578,3.2251173696328697,0,12345
0.0,0.1,17,20,Subsampling,0.98,9.250010593636901,9.250010593636901,6.914459619635975e-16,0,12345
0.0,0.1,17,25,Donor-HCP-no-within,0.94,6.916411419541582,6.476457959694388,2.2950511496085406,0,12345
0.0,0.1,17,25,Donor-HCP-within,0.91,6.59243178933396,6.145884287415389,2.3926950429485245,0,12345
0.0,0.1,17,25,HCP,0.99,10.77086766664361,10.77086766664361,7.574411013266429e-16,0,12345
0.0,0.1,17,25,Pooling,0.96,8.616949577177099,8.616949577177099,1.4936939954824199e-15,0,12345
0.0,0.1,17,25,Repeated,0.97,8.92984281102249,8.92984281102249,1.616663158110819e-15,0,12345
0.0,0.1,17,25,S-HCP-within,0.94,7.212615023315355,6.860788401734238,2.4683106432411,0,12345
0.0,0.1,17,25,Std-CP,0.91,6.750563719804324,6.299690471518399,2.663044532105367,0,12345
0.0,0.1,17,25,Subsampling,0.98,9.250010593636901,9.250010593636901,6.914459619635975e-16,0,12345
0.0,0.1,17,30,Donor-HCP-no-within,0.91,6.553036163037334,5.758694731922553,2.305923980546367,0,12345
0.0,0.1,17,30,Donor-HCP-within,0.91,6.289053969713357,6.06952457871786,1.945337528590364,0,12345
0.0,0.1,17,30,HCP,0.99,10.77086766664361,10.77086766664361,7.574411013266429e-16,0,12345
0.0,0.1,17,30,Pooling,0.96,8.616949577177099,8.616949577177099,1.4936939954824199e-15,0,12345
0.0,0.1,17,30,Repeated,0.97,8.92984281102249,8.92984281102249,1.616663158110819e-15,0,12345
0.0,0.1,17,30,S-HCP-within,0.98,7.52167126989978,7.023336440080506,2.603553941473885,0,12345
0.0,0.1,17,30,Std-CP,0.89,6.538766752851423,6.13698037488601,2.0084382433299006,0,12345
0.0,0.1,17,30,Subsampling,0.98,9.250010593636901,9.250010593636901,6.914459619635975e-16,0,12345
0.0,0.1,17,35,Donor-HCP-no-within,0.91,6.797156199801728,6.272598938042534,2.268352165359201,0,12345
0.0,0.1,17,35,Donor-HCP-within,0.91,6.552264136071776,6.389925810702957,1.8877952606994481,0,12345
0.0,0.1,17,35,HCP,0.99,10.77086766664361,10.77086766664361,7.574411013266429e-16,0,12345
0.0,0.1,17,35,Pooling,0.96,8.616949577177099,8.616949577177099,1.4936939954824199e-15,0,12345
0.0,0.1,17,35,Repeated,0.97,8.92984281102249,8.92984281102249,1.616663158110819e-15,0,12345
0.0,0.1,17,35,S-HCP-within,0.98,7.848371309859271,7.661902782159597,2.4066325622090163,0,12345
0.0,0.1,17,35,Std-CP,0.93,6.282943432540172,5.951223702532714,1.7307971719994362,0,12345
0.0,0.1,17,35,Subsampling,0.98,9.250010593636901,9.250010593636901,6.914459619635975e-16,0,12345
0.0,0.1,18,0,Donor-HCP-no-within,1.0,15.08407454963676,15.08407454963676,8.373826446313467e-16,0,12345
0.0,0.1,18,0,Donor-HCP-within,1.0,15.08407454963676,15.08407454963676,8.373826446313467e-16,0,12345
0.0,0.1,18,0,HCP,1.0,15.08407454963676,15.08407454963676,8.373826446313467e-16,0,12345
0.0,0.1,18,0,Pooling,0.93,9.230009488459174,9.230009488459174,6.914459619635975e-16,0,12345
0.0,0.1,18,0,Repeated,0.96,11.5566215980136,11.5566215980136,7.574411013266429e-16,0,12345
0.0,0.1,18,0,S-HCP-within,0.97,10.995068445716852,10.8622062508217,2.5389962364143153,0,12345
0.0,0.1,18,0,Std-CP,1.0,,,,100,12345
0.0,0.1,18,0,Subsampling,1.0,16.955927069134432,16.955927069134432,0.0,0,12345
0.0,0.1,18,5,Donor-HCP-no-within,1.0,11.598275638484118,11.970332560909121,1.028691044129793,0,12345
0.0,0.1,18,5,Donor-HCP-within,0.99,10.544755367469904,10.51157841997427,0.9668973074505791,0,12345
0.0,0.1,18,5,HCP,1.0,15.08407454963676,15.08407454963676,8.373826446313467e-16,0,12345
0.0,0.1,18,5,Pooling,0.93,9.230009488459174,9.230009488459174,6.914459619635975e-16,0,12345
0.0,0.1,18,5,Repeated,0.96,11.5566215980136,11.5566215980136,7.574411013266429e-16,0,12345
0.0,0.1,18,5,S-HCP-within,0.99,10.147452077380716,10.18446539019324,0.9854509156192311,0,12345
0.0,0.1,18,5,Std-CP,0.74,5.504709177840322,4.778466709175335,3.1188665306533654,0,12345
0.0,0.1,18,5,Subsampling,1.0,16.955927069134432,16.955927069134432,0.0,0,12345
0.0,0.1,18,10,Donor-HCP-no-within,0.96,10.286487053443512,10.304470710722999,0.8802418248381947,0,12345
0.0,0.1,18,10,Donor-HCP-within,0.95,27.322590536098573,27.67515661893053,5.473068340271022,0,12345
0.0,0.1,18,10,HCP,1.0,15.08407454963676,15.08407454963676,8.373826446313467e-16,0,12345
0.0,0.1,18,10,Pooling,0.93,9.230009488459174,9.230009488459174,6.914459619635975e-16,0,12345
0.0,0.1,18,10,Repeated,0.96,11.5566215980136,11.5566215980136,7.574411013266429e-16,0,12345
0.0,0.1,18,10,S-HCP-within,0.98,10.149044475600371,10.171869295976744,0.8442817869087872,0,12345
0.0,0.1,18,10,Std-CP,0.84,45.744027763274225,11.46062379856435,157.42940741765662,0,12345
0.0,0.1,18,10,Subsampling,1.0,16.955927069134432,16.955927069134432,0.0,0,12345
0.0,0.1,18,15,Donor-HCP-no-within,0.94,9.53169834718333,9.592283115698287,0.8380904924168984,0,12345
0.0,0.1,18,15,Donor-HCP-within,0.94,7.8227312166847955,7.995463187377348,0.5472194824621236,0,12345
0.0,0.1,18,15,HCP,1.0,15.08407454963676,15.08407454963676,8.373826446313467e-16,0,12345
0.0,0.1,18,15,Pooling,0.93,9.230009488459174,9.230009488459174,6.914459619635975e-16,0,12345
0.0,0.1,18,15,Repeated,0.96,11.5566215980136,11.5566215980136,7.574411013266429e-16,0,12345
0.0,0.1,18,15,S-HCP-within,0.98,10.06603621019078,10.013941816881044,0.6263817521831899,0,12345
0.0,0.1,18,15,Std-CP,0.83,9.88790804967561,7.1808730095752304,11.442625543240327,0,12345
0.0,0.1,18,15,Subsampling,1.0,16.955927069134432,16.955927069134432,0.0,0,12345
0.0,0.1,18,20,Donor-HCP-no-within,0.91,8.770345003215887,8.653489673772619,0.8061208737806855,0,12345
0.0,0.1,18,20,Donor-HCP-within,0.88,6.113801908315777,5.942544382288361,0.5909400993505193,0,12345
0.0,0.1,18,20,HCP,1.0,15.08407454963676,15.08407454963676,8.373826446313467e-16,0,12345
0.0,0.1,18,20,Pooling,0.93,9.230009488459174,9.230009488459174,6.914459619635975e-16,0,12345
0.0,0.1,18,20,Repeated,0.96,11.5566215980136,11.5566215980136,7.574411013266429e-16,0,12345
0.0,0.1,18,20,S-HCP-within,1.0,9.901193734220044,9.959058528283297,0.3935595818501481,0,12345
0.0,0.1,18,20,Std-CP,0.87,7.15401681535682,6.318803052022147,3.834706098119132,0,12345
0.0,0.1,18,20,Subsampling,1.0,16.955927069134432,16.955927069134432,0.0,0,12345
0.0,0.1,18,25,Donor-HCP-no-within,0.91,6.124868716647094,6.033450038623549,1.48960062692563,0,12345
0.0,0.1,18,25,Donor-HCP-within,0.91,6.230234850933742,5.614804841609752,2.296408211536066,0,12345
0.0,0.1,18,25,HCP,1.0,15.08407454963676,15.08407454963676,8.373826446313467e-16,0,12345
0.0,0.1,18,25,Pooling,0.93,9.230009488459174,9.230009488459174,6.914459619635975e-16,0,12345
0.0,0.1,18,25,Repeated,0.96,11.5566215980136,11.5566215980136,7.574411013266429e-16,0,12345
0.0,0.1,18,25,S-HCP-within,0.91,6.4276232917780876,6.180808291491049,1.8249699237399977,0,12345
0.0,0.1,18,25,Std-CP,0.9,6.273083534048862,6.001360329413727,2.1118300445755986,0,12345
0.0,0.1,18,25,Subsampling,1.0,16.955927069134432,16.955927069134432,0.0,0,12345
0.0,0.1,18,30,Donor-HCP-no-within,0.92,5.731779073688643,5.625907014335996,1.36129691439036,0,12345
0.0,0.1,18,30,Donor-HCP-within,0.95,6.068243168801139,5.679231735629422,1.7926899783562678,0,12345
0.0,0.1,18,30,HCP,1.0,15.08407454963676,15.08407454963676,8.373826446313467e-16,0,12345
0.0,0.1,18,30,Pooling,0.93,9.230009488459174,9.230009488459174,6.914459619635975e-16,0,12345
0.0,0.1,18,30,Repeated,0.96,11.5566215980136,11.5566215980136,7.574411013266429e-16,0,12345
0.0,0.1,18,30,S-HCP-within,0.92,6.601559326585885,6.224602320967701,1.8288994068866613,0,12345
0.0,0.1,18,30,Std-CP,0.94,6.185349429006611,6.059942652893456,1.831141038329822,0,12345
0.0,0.1,18,30,Subsampling,1.0,16.955927069134432,16.955927069134432,0.0,0,12345
0.0,0.1,18,35,Donor-HCP-no-within,0.92,5.962822904736896,6.024812893354673,1.4021563821445464,0,12345
0.0,0.1,18,35,Donor-HCP-within,0.97,5.993200717460781,5.734310676705428,1.8084014800689128,0,12345
0.0,0.1,18,35,HCP,1.0,15.08407454963676,15.08407454963676,8.373826446313467e-16,0,12345
0.0,0.1,18,35,Pooling,0.93,9.230009488459174,9.230009488459174,6.914459619635975e-16,0,12345
0.0,0.1,18,35,Repeated,0.96,11.5566215980136,11.5566215980136,7.574411013266429e-16,0,12345
0.0,0.1,18,35,S-HCP-within,0.95,6.9199058466014325,6.794349776823523,1.9319530652053842,0,12345
0.0,0.1,18,35,Std-CP,0.93,6.108572846110531,5.693891080975203,2.068396329736193,0,12345
0.0,0.1,18,35,Subsampling,1.0,16.955927069134432,16.955927069134432,0.0,0,12345
0.0,0.1,19,0,Donor-HCP-no-within,1.0,13.745007846266763,13.745007846266763,1.1707033010852319e-15,0,12345
0.0,0.1,19,0,Donor-HCP-within,1.0,13.745007846266763,13.745007846266763,1.1707033010852319e-15,0,12345
0.0,0.1,19,0,HCP,1.0,13.745007846266763,13.745007846266763,1.1707033010852319e-15,0,12345
0.0,0.1,19,0,Pooling,0.97,9.552600214301604,9.552600214301606,1.5665994789205884e-15,0,12345
0.0,0.1,19,0,Repeated,0.99,11.87113749293726,11.871137492937258,1.596826049079051e-15,0,12345
0.0,0.1,19,0,S-HCP-within,0.9,9.658680104391673,8.950321121423702,1.9508794758957262,0,12345
0.0,0.1,19,0,Std-CP,1.0,,,,100,12345
0.0,0.1,19,0,Subsampling,0.99,11.230246532267488,11.230246532267486,1.586814501802178e-15,0,12345
0.0,0.1,19,5,Donor-HCP-no-within,0.99,11.578176802428613,11.288876515820846,0.9295173831009971,0,12345
0.0,0.1,19,5,Donor-HCP-within,0.99,11.256677397152693,11.075154018046465,0.7927968406282362,0,12345
0.0,0.1,19,5,HCP,1.0,13.745007846266763,13.745007846266763,1.1707033010852319e-15,0,12345
0.0,0.1,19,5,Pooling,0.97,9.552600214301604,9.552600214301606,1.5665994789205884e-15,0,12345
0.0,0.1,19,5,Repeated,0.99,11.87113749293726,11.871137492937258,1.596826049079051e-15,0,12345
0.0,0.1,19,5,S-HCP-within,0.91,8.360744548803018,8.285235979548673,0.8133351217223779,0,12345
0.0,0.1,19,5,Std-CP,0.71,6.009414162465677,4.715073878171559,5.0766299166524655,0,12345
0.0,0.1,19,5,Subsampling,0.99,11.230246532267488,11.230246532267486,1.586814501802178e-15,0,12345
0.0,0.1,19,10,Donor-HCP-no-within,0.99,10.831311962416562,10.584556972153948,0.9504361745741333,0,12345
0.0,0.1,19,10,Donor-HCP-within,0.98,61.71708464247289,62.704093706967505,13.800297760536566,0,12345
0.0,0.1,19,10,HCP,1.0,13.745007846266763,13.745007846266763,1.1707033010852319e-15,0,12345
0.0,0.1,19,10,Pooling,0.97,9.552600214301604,9.552600214301606,1.5665994789205884e-15,0,12345
0.0,0.1,19,10,Repeated,0.99,11.87113749293726,11.871137492937258,1.596826049079051e-15,0,12345
0.0,0.1,19,10,S-HCP-within,0.94,8.344246706184302,8.285235979548673,0.8198441842467789,0,12345
0.0,0.1,19,10,Std-CP,0.85,30.27595591040313,13.287580349057233,76.36716146614893,0,12345
0.0,0.1,19,10,Subsampling,0.99,11.230246532267488,11.230246532267486,1.586814501802178e-15,0,12345
0.0,0.1,19,15,Donor-HCP-no-within,0.98,9.890012510363489,10.097199776059039,0.6750180452620689,0,12345
0.0,0.1,19,15,Donor-HCP-within,0.98,8.222125795817437,8.229162740785625,0.40795602928287894,0,12345
0.0,0.1,19,15,HCP,1.0,13.745007846266763,13.745007846266763,1.1707033010852319e-15,0,12345
0.0,0.1,19,15,Pooling,0.97,9.552600214301604,9.552600214301606,1.5665994789205884e-15,0,12345
0.0,0.1,19,15,Repeated,0.99,11.87113749293726,11.871137492937258,1.596826049079051e-15,0,12345
0.0,0.1,19,15,S-HCP-within,0.94,8.329971391013915,8.25486741642835,0.6208112336268763,0,12345
0.0,0.1,19,15,Std-CP,0.9,9.005498218636017,7.644881532854365,6.999981181435182,0,12345
0.0,0.1,19,15,Subsampling,0.99,11.230246532267488,11.230246532267486,1.586814501802178e-15,0,12345
0.0,0.1,19,20,Donor-HCP-no-within,0.98,8.914285868657501,8.691305998293373,0.6585020985818202,0,12345
0.0,0.1,19,20,Donor-HCP-within,0.94,6.054547068790799,6.037630991689365,0.4572551526516045,0,12345
0.0,0.1,19,20,HCP,1.0,13.745007846266763,13.745007846266763,1.1707033010852319e-15,0,12345
0.0,0.1,19,20,Pooling,0.97,9.552600214301604,9.552600214301606,1.5665994789205884e-15,0,12345
0.0,0.1,19,20,Repeated,0.99,11.87113749293726,11.871137492937258,1.596826049079051e-15,0,12345
0.0,0.1,19,20,S-HCP-within,0.93,8.175749943114472,8.21990665459947,0.6674381119335547,0,12345
0.0,0.1,19,20,Std-CP,0.93,7.032252227798933,6.552008373501921,2.848181252902855,0,12345
0.0,0.1,19,20,Subsampling,0.99,11.230246532267488,11.230246532267486,1.586814501802178e-15,0,12345
0.0,0.1,19,25,Donor-HCP-no-within,0.9,6.459638782183095,6.047932338668362,1.9923818460683589,0,12345
0.0,0.1,19,25,Donor-HCP-within,0.97,6.781883095838074,6.384688434337624,2.369433846795052,0,12345
0.0,0.1,19,25,HCP,1.0,13.745007846266763,13.745007846266763,1.1707033010852319e-15,0,12345
0.0,0.1,19,25,Pooling,0.97,9.552600214301604,9.552600214301606,1.5665994789205884e-15,0,12345
0.0,0.1,19,25,Repeated,0.99,11.87113749293726,11.871137492937258,1.596826049079051e-15,0,12345
0.0,0.1,19,25,S-HCP-within,0.95,7.170788610114031,6.8028103080698745,2.3875368708831535,0,12345
0.0,0.1,19,25,Std-CP,0.89,6.646293296354859,6.23098510660502,2.4096712155846536,0,12345
0.0,0.1,19,25,Subsampling,0.99,11.230246532267488,11.230246532267486,1.586814501802178e-15,0,12345
0.0,0.1,19,30,Donor-HCP-no-within,0.89,6.096360977889387,5.571283264000602,1.9504137992460882,0,12345
0.0,0.1,19,30,Donor-HCP-within,0.96,6.622196324674439,6.082949490572181,2.3988250886598856,0,12345
0.0,0.1,19,30,HCP,1.0,13.745007846266763,13.745007846266763,1.1707033010852319e-15,0,12345
0.0,0.1,19,30,Pooling,0.97,9.552600214301604,9.552600214301606,1.5665994789205884e-15,0,12345
0.0,0.1,19,30,Repeated,0.99,11.87113749293726,11.871137492937258,1.596826049079051e-15,0,12345
0.0,0.1,19,30,S-HCP-within,0.94,7.108022469654019,7.06503872728075,2.150397622531244,0,12345
0.0,0.1,19,30,Std-CP,0.93,6.502925431856642,6.128975688996395,2.2617608034375376,0,12345
0.0,0.1,19,30,Subsampling,0.99,11.230246532267488,11.230246532267486,1.586814501802178e-15,0,12345
0.0,0.1,19,35,Donor-HCP-no-within,0.9,6.293568939459558,5.779363335285751,1.9392159795705455,0,12345
0.0,0.1,19,35,Donor-HCP-within,0.96,6.624202302065509,6.277225897488092,2.151895271831955,0,12345
0.0,0.1,19,35,HCP,1.0,13.745007846266763,13.745007846266763,1.1707033010852319e-15,0,12345
0.0,0.1,19,35,Pooling,0.97,9.552600214301604,9.552600214301606,1.5665994789205884e-15,0,12345
0.0,0.1,19,35,Repeated,0.99,11.87113749293726,11.871137492937258,1.596826049079051e-15,0,12345
0.0,0.1,19,35,S-HCP-within,0.93,7.256098678421142,7.132316376322885,2.1333776408131246,0,12345
0.0,0.1,19,35,Std-CP,0.95,6.398187752250624,5.996257076584703,1.8980576530597528,0,12345
0.0,0.1,19,35,Subsampling,0.99,11.230246532267488,11.230246532267486,1.586814501802178e-15,0,12345
0.0,0.1,20,0,Donor-HCP-no-within,1.0,12.081773434601864,12.081773434601864,0.0,0,12345
0.0,0.1,20,0,Donor-HCP-within,1.0,12.081773434601864,12.081773434601864,0.0,0,12345
0.0,0.1,20,0,HCP,1.0,12.081773434601864,12.081773434601864,0.0,0,12345
0.0,0.1,20,0,Pooling,0.94,8.91211273851826,8.91211273851826,0.0,0,12345
0.0,0.1,20,0,Repeated,0.94,9.396369791627244,9.396369791627244,0.0,0,12345
0.0,0.1,20,0,S-HCP-within,0.98,17.61053051636247,17.908296379516848,2.2033625047646774,0,12345
0.0,0.1,20,0,Std-CP,1.0,,,,100,12345
0.0,0.1,20,0,Subsampling,0.95,9.750121371232154,9.750121371232154,0.0,0,12345
0.0,0.1,20,5,Donor-HCP-no-within,0.98,12.412099926353148,11.652241377620747,3.4026612581015026,0,12345
0.0,0.1,20,5,Donor-HCP-within,0.99,11.479590350600475,10.179896721308307,3.169626156446705,0,12345
0.0,0.1,20,5,HCP,1.0,12.081773434601864,12.081773434601864,0.0,0,12345
0.0,0.1,20,5,Pooling,0.94,8.91211273851826,8.91211273851826,0.0,0,12345
0.0,0.1,20,5,Repeated,0.94,9.396369791627244,9.396369791627244,0.0,0,12345
0.0,0.1,20,5,S-HCP-within,0.97,15.423236740340272,15.391521288481727,1.4461876924563384,0,12345
0.0,0.1,20,5,Std-CP,0.72,5.880376467396355,4.739403803115088,4.594214212262659,0,12345
0.0,0.1,20,5,Subsampling,0.95,9.750121371232154,9.750121371232154,0.0,0,12345
0.0,0.1,20,10,Donor-HCP-no-within,0.91,10.90462368390743,10.054329291527118,2.9814123700263595,0,12345
0.0,0.1,20,10,Donor-HCP-within,1.0,96.66591253874326,103.09584001195127,20.17064624478522,0,12345
0.0,0.1,20,10,HCP,1.0,12.081773434601864,12.081773434601864,0.0,0,12345
0.0,0.1,20,10,Pooling,0.94,8.91211273851826,8.91211273851826,0.0,0,12345
0.0,0.1,20,10,Repeated,0.94,9.396369791627244,9.396369791627244,0.0,0,12345
0.0,0.1,20,10,S-HCP-within,0.97,15.180925015904595,15.365636786691894,1.3204614091606859,0,12345
0.0,0.1,20,10,Std-CP,0.78,37.19948167954386,13.389643277277287,91.45231602964422,0,12345
0.0,0.1,20,10,Subsampling,0.95,9.750121371232154,9.750121371232154,0.0,0,12345
0.0,0.1,20,15,Donor-HCP-no-within,0.93,10.555110207091504,10.078583941806206,2.9370652358488285,0,12345
0.0,0.1,20,15,Donor-HCP-within,0.96,8.244581741023394,7.682390014798619,1.2903910766982116,0,12345
0.0,0.1,20,15,HCP,1.0,12.081773434601864,12.081773434601864,0.0,0,12345
0.0,0.1,20,15,Pooling,0.94,8.91211273851826,8.91211273851826,0.0,0,12345
0.0,0.1,20,15,Repeated,0.94,9.396369791627244,9.396369791627244,0.0,0,12345
0.0,0.1,20,15,S-HCP-within,0.96,14.843585304252066,14.32552938218365,0.9994521108541131,0,12345
0.0,0.1,20,15,Std-CP,0.92,8.669115482620462,7.388726153117538,5.098126321891525,0,12345
0.0,0.1,20,15,Subsampling,0.95,9.750121371232154,9.750121371232154,0.0,0,12345
0.0,0.1,20,20,Donor-HCP-no-within,0.91,9.68975647914524,8.90708743809136,2.7178722061386167,0,12345
0.0,0.1,20,20,Donor-HCP-within,0.88,6.16783127246779,5.976800400281716,1.2330582208203713,0,12345
0.0,0.1,20,20,HCP,1.0,12.081773434601864,12.081773434601864,0.0,0,12345
0.0,0.1,20,20,Pooling,0.94,8.91211273851826,8.91211273851826,0.0,0,12345
0.0,0.1,20,20,Repeated,0.94,9.396369791627244,9.396369791627244,0.0,0,12345
0.0,0.1,20,20,S-HCP-within,0.94,14.310154264011773,14.04780762870882,0.874694290325679,0,12345
0.0,0.1,20,20,Std-CP,0.92,6.5872290238619415,6.286067256403914,2.754163359101839,0,12345
0.0,0.1,20,20,Subsampling,0.95,9.750121371232154,9.750121371232154,0.0,0,12345
0.0,0.1,20,25,Donor-HCP-no-within,0.97,6.992151971570422,6.448813617089183,2.0824638331602445,0,12345
0.0,0.1,20,25,Donor-HCP-within,0.92,6.474056306830754,6.469705833448279,2.079777800350647,0,12345
0.0,0.1,20,25,HCP,1.0,12.081773434601864,12.081773434601864,0.0,0,12345
0.0,0.1,20,25,Pooling,0.94,8.91211273851826,8.91211273851826,0.0,0,12345
0.0,0.1,20,25,Repeated,0.94,9.396369791627244,9.396369791627244,0.0,0,12345
0.0,0.1,20,25,S-HCP-within,0.94,7.510571534798797,7.287354206112834,2.5001434040144916,0,12345
0.0,0.1,20,25,Std-CP,0.97,6.56147040327073,6.01034699046375,2.363446949614909,0,12345
0.0,0.1,20,25,Subsampling,0.95,9.750121371232154,9.750121371232154,0.0,0,12345
0.0,0.1,20,30,Donor-HCP-no-within,0.93,6.55702290338689,6.241701332622191,1.9847693922952216,0,12345
0.0,0.1,20,30,Donor-HCP-within,0.94,6.30185815306846,5.729923610271168,2.220994610444674,0,12345
0.0,0.1,20,30,HCP,1.0,12.081773434601864,12.081773434601864,0.0,0,12345
0.0,0.1,20,30,Pooling,0.94,8.91211273851826,8.91211273851826,0.0,0,12345
0.0,0.1,20,30,Repeated,0.94,9.396369791627244,9.396369791627244,0.0,0,12345
0.0,0.1,20,30,S-HCP-within,0.95,7.528069271628426,7.4034420655073205,2.34661287035894,0,12345
0.0,0.1,20,30,Std-CP,0.96,6.174702927477646,5.898287332841438,2.081261499800119,0,12345
0.0,0.1,20,30,Subsampling,0.95,9.750121371232154,9.750121371232154,0.0,0,12345
0.0,0.1,20,35,Donor-HCP-no-within,0.95,6.742747525044957,6.366214731622854,1.9719817378820808,0,12345
0.0,0.1,20,35,Donor-HCP-within,0.97,6.182717934715322,5.837655593195134,1.8782950827525482,0,12345
0.0,0.1,20,35,HCP,1.0,12.081773434601864,12.081773434601864,0.0,0,12345
0.0,0.1,20,35,Pooling,0.94,8.91211273851826,8.91211273851826,0.0,0,12345
0.0,0.1,20,35,Repeated,0.94,9.396369791627244,9.396369791627244,0.0,0,12345
0.0,0.1,20,35,S-HCP-within,0.97,7.554431403185597,7.227024651230984,2.283428217181074,0,12345
0.0,0.1,20,35,Std-CP,0.96,6.74117204258838,6.302514616460831,2.1035264266989526,0,12345
0.0,0.1,20,35,Subsampling,0.95,9.750121371232154,9.750121371232154,0.0,0,12345
0.0,0.1,21,0,Donor-HCP-no-within,0.92,9.091679768858477,9.091679768858477,5.921189464667501e-16,0,12345
0.0,0.1,21,0,Donor-HCP-within,0.92,9.091679768858477,9.091679768858477,5.921189464667501e-16,0,12345
0.0,0.1,21,0,HCP,0.92,9.091679768858477,9.091679768858477,5.921189464667501e-16,0,12345
0.0,0.1,21,0,Pooling,0.79,6.896424254988382,6.896424254988382,5.429795603532312e-16,0,12345
0.0,0.1,21,0,Repeated,0.81,7.343781434745715,7.343781434745715,5.715767409973099e-16,0,12345
0.0,0.1,21,0,S-HCP-within,0.95,11.711456993325731,12.262168094009809,2.103363663153493,0,12345
0.0,0.1,21,0,Std-CP,1.0,,,,100,12345
0.0,0.1,21,0,Subsampling,0.92,9.091679768858477,9.091679768858477,5.921189464667501e-16,0,12345
0.0,0.1,21,5,Donor-HCP-no-within,0.89,8.461198945787189,8.372738334823062,0.6238619169135865,0,12345
0.0,0.1,21,5,Donor-HCP-within,0.91,8.426927971260566,8.302436445973541,0.6832048857245332,0,12345
0.0,0.1,21,5,HCP,0.92,9.091679768858477,9.091679768858477,5.921189464667501e-16,0,12345
0.0,0.1,21,5,Pooling,0.79,6.896424254988382,6.896424254988382,5.429795603532312e-16,0,12345
0.0,0.1,21,5,Repeated,0.81,7.343781434745715,7.343781434745715,5.715767409973099e-16,0,12345
0.0,0.1,21,5,S-HCP-within,0.91,10.409462921749869,10.271041105853708,1.1165776429442256,0,12345
0.0,0.1,21,5,Std-CP,0.75,5.368011263658725,4.6318068235345855,3.557878862577772,0,12345
0.0,0.1,21,5,Subsampling,0.92,9.091679768858477,9.091679768858477,5.921189464667501e-16,0,12345
0.0,0.1,21,10,Donor-HCP-no-within,0.86,7.962072485514259,7.87596986051342,0.5385765563182429,0,12345
0.0,0.1,21,10,Donor-HCP-within,1.0,228.55920268095534,248.71570003812081,52.32177292632096,0,12345
0.0,0.1,21,10,HCP,0.92,9.091679768858477,9.091679768858477,5.921189464667501e-16,0,12345
0.0,0.1,21,10,Pooling,0.79,6.896424254988382,6.896424254988382,5.429795603532312e-16,0,12345
0.0,0.1,21,10,Repeated,0.81,7.343781434745715,7.343781434745715,5.715767409973099e-16,0,12345
0.0,0.1,21,10,S-HCP-within,0.94,10.322506471500486,10.230067218675295,1.067488794692463,0,12345
0.0,0.1,21,10,Std-CP,0.81,49.085061234624106,13.577925604950503,92.75047014185671,0,12345
0.0,0.1,21,10,Subsampling,0.92,9.091679768858477,9.091679768858477,5.921189464667501e-16,0,12345
0.0,0.1,21,15,Donor-HCP-no-within,0.84,7.68685795347391,7.500532526023186,0.5508970799881863,0,12345
0.0,0.1,21,15,Donor-HCP-within,0.91,7.780881926852057,7.783136289366492,0.4648357850696007,0,12345
0.0,0.1,21,15,HCP,0.92,9.091679768858477,9.091679768858477,5.921189464667501e-16,0,12345
0.0,0.1,21,15,Pooling,0.79,6.896424254988382,6.896424254988382,5.429795603532312e-16,0,12345
0.0,0.1,21,15,Repeated,0.81,7.343781434745715,7.343781434745715,5.715767409973099e-16,0,12345
0.0,0.1,21,15,S-HCP-within,0.91,10.13473903177875,10.095240084237158,0.7353094987861185,0,12345
0.0,0.1,21,15,Std-CP,0.88,8.892779826002991,7.897549845409987,5.936245182824196,0,12345
0.0,0.1,21,15,Subsampling,0.92,9.091679768858477,9.091679768858477,5.921189464667501e-16,0,12345
0.0,0.1,21,20,Donor-HCP-no-within,0.8,7.304198246316658,7.17192132276557,0.5142420664486369,0,12345
0.0,0.1,21,20,Donor-HCP-within,0.89,5.983882777135192,5.891958791545058,0.38703433776678975,0,12345
0.0,0.1,21,20,HCP,0.92,9.091679768858477,9.091679768858477,5.921189464667501e-16,0,12345
0.0,0.1,21,20,Pooling,0.79,6.896424254988382,6.896424254988382,5.429795603532312e-16,0,12345
0.0,0.1,21,20,Repeated,0.81,7.343781434745715,7.343781434745715,5.715767409973099e-16,0,12345
0.0,0.1,21,20,S-HCP-within,0.89,9.646358352668571,9.593591232472093,0.5160799321227901,0,12345
0.0,0.1,21,20,Std-CP,0.94,6.53328648868648,6.4221687683712485,2.589413448202188,0,12345
0.0,0.1,21,20,Subsampling,0.92,9.091679768858477,9.091679768858477,5.921189464667501e-16,0,12345
0.0,0.1,21,25,Donor-HCP-no-within,0.89,7.258000200006568,7.21994463240801,2.535195717268757,0,12345
0.0,0.1,21,25,Donor-HCP-within,0.93,6.2457053064222405,5.92326880403599,2.4480822966726854,0,12345
0.0,0.1,21,25,HCP,0.92,9.091679768858477,9.091679768858477,5.921189464667501e-16,0,12345
0.0,0.1,21,25,Pooling,0.79,6.896424254988382,6.896424254988382,5.429795603532312e-16,0,12345
0.0,0.1,21,25,Repeated,0.81,7.343781434745715,7.343781434745715,5.715767409973099e-16,0,12345
0.0,0.1,21,25,S-HCP-within,0.93,7.545955171088581,7.3707142751239285,2.6771439303567854,0,12345
0.0,0.1,21,25,Std-CP,0.92,6.182599728768159,5.983469078298375,2.0431223082727294,0,12345
0.0,0.1,21,25,Subsampling,0.92,9.091679768858477,9.091679768858477,5.921189464667501e-16,0,12345
0.0,0.1,21,30,Donor-HCP-no-within,0.88,6.920873263185201,6.70146421887735,2.4274420049926837,0,12345
0.0,0.1,21,30,Donor-HCP-within,0.98,6.292652427814633,5.641366147588714,2.4367072135892274,0,12345
0.0,0.1,21,30,HCP,0.92,9.091679768858477,9.091679768858477,5.921189464667501e-16,0,12345
0.0,0.1,21,30,Pooling,0.79,6.896424254988382,6.896424254988382,5.429795603532312e-16,0,12345
0.0,0.1,21,30,Repeated,0.81,7.343781434745715,7.343781434745715,5.715767409973099e-16,0,12345
0.0,0.1,21,30,S-HCP-within,0.95,7.864493415995017,7.564687150306261,2.7601291335578773,0,12345
0.0,0.1,21,30,Std-CP,0.97,6.151226576796422,5.957692810125913,1.9008278668880554,0,12345
0.0,0.1,21,30,Subsampling,0.92,9.091679768858477,9.091679768858477,5.921189464667501e-16,0,12345
0.0,0.1,21,35,Donor-HCP-no-within,0.88,7.143248538395809,7.017184639236676,2.4085404194090243,0,12345
0.0,0.1,21,35,Donor-HCP-within,0.96,6.1708665155558515,5.62207344718653,2.2016760282472743,0,12345
0.0,0.1,21,35,HCP,0.92,9.091679768858477,9.091679768858477,5.921189464667501e-16,0,12345
0.0,0.1,21,35,Pooling,0.79,6.896424254988382,6.896424254988382,5.429795603532312e-16,0,12345
0.0,0.1,21,35,Repeated,0.81,7.343781434745715,7.343781434745715,5.715767409973099e-16,0,12345
0.0,0.1,21,35,S-HCP-within,0.96,8.033445245867995,7.946902505743049,2.785687643094783,0,12345
0.0,0.1,21,35,Std-CP,0.95,6.104005644239569,5.7035592066266725,1.8256984438914763,0,12345
0.0,0.1,21,35,Subsampling,0.92,9.091679768858477,9.091679768858477,5.921189464667501e-16,0,12345
0.0,0.1,22,0,Donor-HCP-no-within,0.97,10.272868330903805,10.272868330903805,3.5706115939831736e-16,0,12345
0.0,0.1,22,0,Donor-HCP-within,0.97,10.272868330903805,10.272868330903805,3.5706115939831736e-16,0,12345
0.0,0.1,22,0,HCP,0.97,10.272868330903805,10.272868330903805,3.5706115939831736e-16,0,12345
0.0,0.1,22,0,Pooling,0.9,8.010913391977738,8.010913391977738,0.0,0,12345
0.0,0.1,22,0,Repeated,0.94,8.601428193178954,8.601428193178954,0.0,0,12345
0.0,0.1,22,0,S-HCP-within,0.88,10.942914757996933,10.745684028640731,2.340513510332571,0,12345
0.0,0.1,22,0,Std-CP,1.0,,,,100,12345
0.0,0.1,22,0,Subsampling,0.97,10.017408012600747,10.017408012600747,3.092240347436676e-16,0,12345
0.0,0.1,22,5,Donor-HCP-no-within,0.94,10.241853970167808,10.176646382634875,0.6162826065293349,0,12345
0.0,0.1,22,5,Donor-HCP-within,0.97,10.11591417093172,9.879763607243298,0.5395824000729698,0,12345
0.0,0.1,22,5,HCP,0.97,10.272868330903805,10.272868330903805,3.5706115939831736e-16,0,12345
0.0,0.1,22,5,Pooling,0.9,8.010913391977738,8.010913391977738,0.0,0,12345
0.0,0.1,22,5,Repeated,0.94,8.601428193178954,8.601428193178954,0.0,0,12345
0.0,0.1,22,5,S-HCP-within,0.87,9.710989999121804,9.4708838536678,1.1614109369403662,0,12345
0.0,0.1,22,5,Std-CP,0.79,6.544041255048308,5.4177740365569065,5.184418356117348,0,12345
0.0,0.1,22,5,Subsampling,0.97,10.017408012600747,10.017408012600747,3.092240347436676e-16,0,12345
0.0,0.1,22,10,Donor-HCP-no-within,0.95,9.25169423633667,9.093296593542753,0.5322620019533018,0,12345
0.0,0.1,22,10,Donor-HCP-within,0.94,22.319923932570415,22.780768002589284,2.9437201967964053,0,12345
0.0,0.1,22,10,HCP,0.97,10.272868330903805,10.272868330903805,3.5706115939831736e-16,0,12345
0.0,0.1,22,10,Pooling,0.9,8.010913391977738,8.010913391977738,0.0,0,12345
0.0,0.1,22,10,Repeated,0.94,8.601428193178954,8.601428193178954,0.0,0,12345
0.0,0.1,22,10,S-HCP-within,0.87,9.636941767943897,9.369571184681396,0.9234596704334049,0,12345
0.0,0.1,22,10,Std-CP,0.81,57.74551142332296,10.168443822337167,212.68121484282136,0,12345
0.0,0.1,22,10,Subsampling,0.97,10.017408012600747,10.017408012600747,3.092240347436676e-16,0,12345
0.0,0.1,22,15,Donor-HCP-no-within,0.95,8.640823143322244,8.58253754642437,0.5421526628783139,0,12345
0.0,0.1,22,15,Donor-HCP-within,0.84,7.614527430761594,7.62413505992545,0.4157487363364801,0,12345
0.0,0.1,22,15,HCP,0.97,10.272868330903805,10.272868330903805,3.5706115939831736e-16,0,12345
0.0,0.1,22,15,Pooling,0.9,8.010913391977738,8.010913391977738,0.0,0,12345
0.0,0.1,22,15,Repeated,0.94,8.601428193178954,8.601428193178954,0.0,0,12345
0.0,0.1,22,15,S-HCP-within,0.86,9.715910455414333,9.4708838536678,0.9551085112572475,0,12345
0.0,0.1,22,15,Std-CP,0.89,9.44709530160629,7.736248936941633,6.930857414703905,0,12345
0.0,0.1,22,15,Subsampling,0.97,10.017408012600747,10.017408012600747,3.092240347436676e-16,0,12345
0.0,0.1,22,20,Donor-HCP-no-within,0.9,7.9759670857823,7.919597624159444,0.7570629706003301,0,12345
0.0,0.1,22,20,Donor-HCP-within,0.83,5.469405707784217,5.3776679189780126,0.5172411017156467,0,12345
0.0,0.1,22,20,HCP,0.97,10.272868330903805,10.272868330903805,3.5706115939831736e-16,0,12345
0.0,0.1,22,20,Pooling,0.9,8.010913391977738,8.010913391977738,0.0,0,12345
0.0,0.1,22,20,Repeated,0.94,8.601428193178954,8.601428193178954,0.0,0,12345
0.0,0.1,22,20,S-HCP-within,0.85,9.393726041464078,9.203998027977264,0.8174060790265015,0,12345
0.0,0.1,22,20,Std-CP,0.89,6.773980394870694,6.358371833157243,2.478879645862597,0,12345
0.0,0.1,22,20,Subsampling,0.97,10.017408012600747,10.017408012600747,3.092240347436676e-16,0,12345
0.0,0.1,22,25,Donor-HCP-no-within,0.87,6.53606769032991,6.642542792494503,1.8635253270465857,0,12345
0.0,0.1,22,25,Donor-HCP-within,0.91,6.8034005455101445,6.482476162104314,2.0110354974564277,0,12345
0.0,0.1,22,25,HCP,0.97,10.272868330903805,10.272868330903805,3.5706115939831736e-16,0,12345
0.0,0.1,22,25,Pooling,0.9,8.010913391977738,8.010913391977738,0.0,0,12345
0.0,0.1,22,25,Repeated,0.94,8.601428193178954,8.601428193178954,0.0,0,12345
0.0,0.1,22,25,S-HCP-within,0.89,7.093560453836536,6.9899008111931895,2.242974209411397,0,12345
0.0,0.1,22,25,Std-CP,0.95,6.457426447322324,6.199789769157862,2.118017763619726,0,12345
0.0,0.1,22,25,Subsampling,0.97,10.017408012600747,10.017408012600747,3.092240347436676e-16,0,12345
0.0,0.1,22,30,Donor-HCP-no-within,0.86,6.143133834193625,6.426880055999241,1.792878136479778,0,12345
0.0,0.1,22,30,Donor-HCP-within,0.93,6.5215233892207,5.997762577150918,2.111970469570495,0,12345
0.0,0.1,22,30,HCP,0.97,10.272868330903805,10.272868330903805,3.5706115939831736e-16,0,12345
0.0,0.1,22,30,Pooling,0.9,8.010913391977738,8.010913391977738,0.0,0,12345
0.0,0.1,22,30,Repeated,0.94,8.601428193178954,8.601428193178954,0.0,0,12345
0.0,0.1,22,30,S-HCP-within,0.88,7.367831262815036,7.302723351247184,2.3146651048417315,0,12345
0.0,0.1,22,30,Std-CP,0.9,6.2045217219650945,5.809293960793086,1.9108056808409237,0,12345
0.0,0.1,22,30,Subsampling,0.97,10.017408012600747,10.017408012600747,3.092240347436676e-16,0,12345
0.0,0.1,22,35,Donor-HCP-no-within,0.86,6.3279621174311815,6.532853452820284,1.745889633380488,0,12345
0.0,0.1,22,35,Donor-HCP-within,0.92,6.449691069048284,6.1150303224068505,1.9093849203903142,0,12345
0.0,0.1,22,35,HCP,0.97,10.272868330903805,10.272868330903805,3.5706115939831736e-16,0,12345
0.0,0.1,22,35,Pooling,0.9,8.010913391977738,8.010913391977738,0.0,0,12345
0.0,0.1,22,35,Repeated,0.94,8.601428193178954,8.601428193178954,0.0,0,12345
0.0,0.1,22,35,S-HCP-within,0.9,7.31206665628659,7.209933000292921,2.095018498090947,0,12345
0.0,0.1,22,35,Std-CP,0.94,6.688159085458048,6.152407081251532,2.1155696837219753,0,12345
0.0,0.1,22,35,Subsampling,0.97,10.017408012600747,10.017408012600747,3.092240347436676e-16,0,12345
0.0,0.1,23,0,Donor-HCP-no-within,1.0,11.624127609077867,11.624127609077867,3.092240347436676e-16,0,12345
0.0,0.1,23,0,Donor-HCP-within,1.0,11.624127609077867,11.624127609077867,3.092240347436676e-16,0,12345
0.0,0.1,23,0,HCP,1.0,11.624127609077867,11.624127609077867,3.092240347436676e-16,0,12345
0.0,0.1,23,0,Pooling,0.92,7.4514293213667235,7.4514293213667235,9.53092484914215e-16,0,12345
0.0,0.1,23,0,Repeated,0.95,8.311232609947247,8.311232609947247,1.3596483874471457e-15,0,12345
0.0,0.1,23,0,S-HCP-within,0.87,8.65504154541326,8.31848671954312,1.6956824609050247,0,12345
0.0,0.1,23,0,Std-CP,1.0,,,,100,12345
0.0,0.1,23,0,Subsampling,0.99,9.737728117886647,9.737728117886647,2.52480367108881e-16,0,12345
0.0,0.1,23,5,Donor-HCP-no-within,0.97,8.701224315931539,8.531922274631919,0.5591485657929132,0,12345
0.0,0.1,23,5,Donor-HCP-within,1.0,8.90925906195189,8.987997207503724,0.6654816077476381,0,12345
0.0,0.1,23,5,HCP,1.0,11.624127609077867,11.624127609077867,3.092240347436676e-16,0,12345
0.0,0.1,23,5,Pooling,0.92,7.4514293213667235,7.4514293213667235,9.53092484914215e-16,0,12345
0.0,0.1,23,5,Repeated,0.95,8.311232609947247,8.311232609947247,1.3596483874471457e-15,0,12345
0.0,0.1,23,5,S-HCP-within,0.87,8.050557915393364,8.00301323076674,0.8195509336539166,0,12345
0.0,0.1,23,5,Std-CP,0.73,5.412015084516474,4.636262754512377,3.495976788626773,0,12345
0.0,0.1,23,5,Subsampling,0.99,9.737728117886647,9.737728117886647,2.52480367108881e-16,0,12345
0.0,0.1,23,10,Donor-HCP-no-within,0.98,7.808174502129217,7.692264936012069,0.4141065991442656,0,12345
0.0,0.1,23,10,Donor-HCP-within,0.95,16.236710568920756,16.251549394819055,2.02176113909929,0,12345
0.0,0.1,23,10,HCP,1.0,11.624127609077867,11.624127609077867,3.092240347436676e-16,0,12345
0.0,0.1,23,10,Pooling,0.92,7.4514293213667235,7.4514293213667235,9.53092484914215e-16,0,12345
0.0,0.1,23,10,Repeated,0.95,8.311232609947247,8.311232609947247,1.3596483874471457e-15,0,12345
0.0,0.1,23,10,S-HCP-within,0.85,8.024203173551212,7.983258078428967,0.728297980010047,0,12345
0.0,0.1,23,10,Std-CP,0.86,29.016490318868165,13.124492701844904,45.16788129052595,0,12345
0.0,0.1,23,10,Subsampling,0.99,9.737728117886647,9.737728117886647,2.52480367108881e-16,0,12345
0.0,0.1,23,15,Donor-HCP-no-within,0.9,7.31154298588662,7.297937484621184,0.5000352637293326,0,12345
0.0,0.1,23,15,Donor-HCP-within,0.95,6.454887973605873,6.373615678801968,0.29778156121972904,0,12345
0.0,0.1,23,15,HCP,1.0,11.624127609077867,11.624127609077867,3.092240347436676e-16,0,12345
0.0,0.1,23,15,Pooling,0.92,7.4514293213667235,7.4514293213667235,9.53092484914215e-16,0,12345
0.0,0.1,23,15,Repeated,0.95,8.311232609947247,8.311232609947247,1.3596483874471457e-15,0,12345
0.0,0.1,23,15,S-HCP-within,0.88,8.095327581711018,8.00301323076674,0.665964906706791,0,12345
0.0,0.1,23,15,Std-CP,0.89,9.487019131796458,8.051834718073174,6.759784153148257,0,12345
0.0,0.1,23,15,Subsampling,0.99,9.737728117886647,9.737728117886647,2.52480367108881e-16,0,12345
0.0,0.1,23,20,Donor-HCP-no-within,0.9,6.910842473242534,6.851360281864801,0.4622332009164914,0,12345
0.0,0.1,23,20,Donor-HCP-within,0.94,6.041621911718567,6.052020800075795,0.3229405408545973,0,12345
0.0,0.1,23,20,HCP,1.0,11.624127609077867,11.624127609077867,3.092240347436676e-16,0,12345
0.0,0.1,23,20,Pooling,0.92,7.4514293213667235,7.4514293213667235,9.53092484914215e-16,0,12345
0.0,0.1,23,20,Repeated,0.95,8.311232609947247,8.311232609947247,1.3596483874471457e-15,0,12345
0.0,0.1,23,20,S-HCP-within,0.86,7.939313591764715,7.9416676535968485,0.6062425544085033,0,12345
0.0,0.1,23,20,Std-CP,0.89,7.240430694130657,6.767513229166742,3.052473946992531,0,12345
0.0,0.1,23,20,Subsampling,0.99,9.737728117886647,9.737728117886647,2.52480367108881e-16,0,12345
0.0,0.1,23,25,Donor-HCP-no-within,0.93,6.827124768476686,6.363673740529286,2.04701114186222,0,12345
0.0,0.1,23,25,Donor-HCP-within,0.95,6.607450063513512,6.222044198024856,2.194121414401267,0,12345
0.0,0.1,23,25,HCP,1.0,11.624127609077867,11.624127609077867,3.092240347436676e-16,0,12345
0.0,0.1,23,25,Pooling,0.92,7.4514293213667235,7.4514293213667235,9.53092484914215e-16,0,12345
0.0,0.1,23,25,Repeated,0.95,8.311232609947247,8.311232609947247,1.3596483874471457e-15,0,12345
0.0,0.1,23,25,S-HCP-within,0.95,7.343439923119814,7.058885304330068,2.3594601019415764,0,12345
0.0,0.1,23,25,Std-CP,0.91,6.55577382527282,6.098732300912561,2.2598885342757744,0,12345
0.0,0.1,23,25,Subsampling,0.99,9.737728117886647,9.737728117886647,2.52480367108881e-16,0,12345
0.0,0.1,23,30,Donor-HCP-no-within,0.92,6.438653864511817,6.088825552666272,1.9407774880805477,0,12345
0.0,0.1,23,30,Donor-HCP-within,0.96,6.629367582503886,6.412148654285977,2.0586802568231684,0,12345
0.0,0.1,23,30,HCP,1.0,11.624127609077867,11.624127609077867,3.092240347436676e-16,0,12345
0.0,0.1,23,30,Pooling,0.92,7.4514293213667235,7.4514293213667235,9.53092484914215e-16,0,12345
0.0,0.1,23,30,Repeated,0.95,8.311232609947247,8.311232609947247,1.3596483874471457e-15,0,12345
0.0,0.1,23,30,S-HCP-within,0.94,7.376423136627389,7.203902600147246,2.3590758493080197,0,12345
0.0,0.1,23,30,Std-CP,0.93,6.415437394547296,5.858904971420241,2.4716293480653926,0,12345
0.0,0.1,23,30,Subsampling,0.99,9.737728117886647,9.737728117886647,2.52480367108881e-16,0,12345
0.0,0.1,23,35,Donor-HCP-no-within,0.93,6.630126216322319,6.322714429429702,1.9295650182803057,0,12345
0.0,0.1,23,35,Donor-HCP-within,0.99,6.922507852433245,6.796427088804179,2.0593845931453076,0,12345
0.0,0.1,23,35,HCP,1.0,11.624127609077867,11.624127609077867,3.092240347436676e-16,0,12345
0.0,0.1,23,35,Pooling,0.92,7.4514293213667235,7.4514293213667235,9.53092484914215e-16,0,12345
0.0,0.1,23,35,Repeated,0.95,8.311232609947247,8.311232609947247,1.3596483874471457e-15,0,12345
0.0,0.1,23,35,S-HCP-within,0.95,7.785607774567259,7.788254931445431,2.328081071878725,0,12345
0.0,0.1,23,35,Std-CP,0.97,6.8487161633931715,6.5527812426751115,2.3648681395277373,0,12345
0.0,0.1,23,35,Subsampling,0.99,9.737728117886647,9.737728117886647,2.52480367108881e-16,0,12345
0.0,0.1,24,0,Donor-HCP-no-within,1.0,13.677534299633246,13.677534299633244,1.6264909881953126e-15,0,12345
0.0,0.1,24,0,Donor-HCP-within,1.0,13.677534299633246,13.677534299633244,1.6264909881953126e-15,0,12345
0.0,0.1,24,0,HCP,1.0,13.677534299633246,13.677534299633244,1.6264909881953126e-15,0,12345
0.0,0.1,24,0,Pooling,0.99,10.921291477378785,10.921291477378787,0.0,0,12345
0.0,0.1,24,0,Repeated,1.0,12.200230780065558,12.20023078006556,2.955206930357777e-15,0,12345
0.0,0.1,24,0,S-HCP-within,0.93,10.836185101888667,11.389680990505813,2.1002367362988696,0,12345
0.0,0.1,24,0,Std-CP,1.0,,,,100,12345
0.0,0.1,24,0,Subsampling,0.99,11.613127245623382,11.613127245623382,1.546120173718338e-15,0,12345
0.0,0.1,24,5,Donor-HCP-no-within,0.98,10.511089949397515,10.742348344356088,1.0596765194681526,0,12345
0.0,0.1,24,5,Donor-HCP-within,0.98,9.27951409210777,9.202366323990748,0.949612968636004,0,12345
0.0,0.1,24,5,HCP,1.0,13.677534299633246,13.677534299633244,1.6264909881953126e-15,0,12345
0.0,0.1,24,5,Pooling,0.99,10.921291477378785,10.921291477378787,0.0,0,12345
0.0,0.1,24,5,Repeated,1.0,12.200230780065558,12.20023078006556,2.955206930357777e-15,0,12345
0.0,0.1,24,5,S-HCP-within,0.95,9.864675836990154,9.694284112693175,1.2813336995612181,0,12345
0.0,0.1,24,5,Std-CP,0.7,5.7036605079139155,4.554692458068692,5.9089554503942,0,12345
0.0,0.1,24,5,Subsampling,0.99,11.613127245623382,11.613127245623382,1.546120173718338e-15,0,12345
0.0,0.1,24,10,Donor-HCP-no-within,1.0,10.041270813481406,10.102714642535403,0.9576617086963505,0,12345
0.0,0.1,24,10,Donor-HCP-within,0.92,14.396705530444867,13.975682150095427,1.634952447419888,0,12345
0.0,0.1,24,10,HCP,1.0,13.677534299633246,13.677534299633244,1.6264909881953126e-15,0,12345
0.0,0.1,24,10,Pooling,0.99,10.921291477378785,10.921291477378787,0.0,0,12345
0.0,0.1,24,10,Repeated,1.0,12.200230780065558,12.20023078006556,2.955206930357777e-15,0,12345
0.0,0.1,24,10,S-HCP-within,0.92,9.868175990333723,9.726419953362988,0.8847853554319531,0,12345
0.0,0.1,24,10,Std-CP,0.81,45.89360048271581,11.709069245718199,147.85133586193987,0,12345
0.0,0.1,24,10,Subsampling,0.99,11.613127245623382,11.613127245623382,1.546120173718338e-15,0,12345
0.0,0.1,24,15,Donor-HCP-no-within,0.98,9.450045934148848,9.559018281175176,0.9549900502048786,0,12345
0.0,0.1,24,15,Donor-HCP-within,0.98,8.256958400925303,8.403692396706234,0.5498923760163277,0,12345
0.0,0.1,24,15,HCP,1.0,13.677534299633246,13.677534299633244,1.6264909881953126e-15,0,12345
0.0,0.1,24,15,Pooling,0.99,10.921291477378785,10.921291477378787,0.0,0,12345
0.0,0.1,24,15,Repeated,1.0,12.200230780065558,12.20023078006556,2.955206930357777e-15,0,12345
0.0,0.1,24,15,S-HCP-within,0.93,9.766225230482643,9.69633576516867,0.8741844469002964,0,12345
0.0,0.1,24,15,Std-CP,0.92,9.418845770864202,7.647649815545362,5.930638218502844,0,12345
0.0,0.1,24,15,Subsampling,0.99,11.613127245623382,11.613127245623382,1.546120173718338e-15,0,12345
0.0,0.1,24,20,Donor-HCP-no-within,0.94,9.011378310865707,9.09007305526966,0.9148539548733206,0,12345
0.0,0.1,24,20,Donor-HCP-within,0.95,6.3884538875755705,6.416496724627775,0.3567735006299618,0,12345
0.0,0.1,24,20,HCP,1.0,13.677534299633246,13.677534299633244,1.6264909881953126e-15,0,12345
0.0,0.1,24,20,Pooling,0.99,10.921291477378785,10.921291477378787,0.0,0,12345
0.0,0.1,24,20,Repeated,1.0,12.200230780065558,12.20023078006556,2.955206930357777e-15,0,12345
0.0,0.1,24,20,S-HCP-within,0.93,9.55758162819054,9.692232460217681,0.6399327883156577,0,12345
0.0,0.1,24,20,Std-CP,0.94,6.963550881413144,6.494351437828222,2.7260298840764015,0,12345
0.0,0.1,24,20,Subsampling,0.99,11.613127245623382,11.613127245623382,1.546120173718338e-15,0,12345
0.0,0.1,24,25,Donor-HCP-no-within,0.92,6.354037703242323,6.0645978399984894,1.8198471458415402,0,12345
0.0,0.1,24,25,Donor-HCP-within,0.95,6.686595556462934,6.501212129819965,1.9703282923954895,0,12345
0.0,0.1,24,25,HCP,1.0,13.677534299633246,13.677534299633244,1.6264909881953126e-15,0,12345
0.0,0.1,24,25,Pooling,0.99,10.921291477378785,10.921291477378787,0.0,0,12345
0.0,0.1,24,25,Repeated,1.0,12.200230780065558,12.20023078006556,2.955206930357777e-15,0,12345
0.0,0.1,24,25,S-HCP-within,0.91,6.643532692112949,6.497439653060525,2.016688690700897,0,12345
0.0,0.1,24,25,Std-CP,0.94,7.090091208872094,6.911075182539122,2.540216526788869,0,12345
0.0,0.1,24,25,Subsampling,0.99,11.613127245623382,11.613127245623382,1.546120173718338e-15,0,12345
0.0,0.1,24,30,Donor-HCP-no-within,0.91,6.012878644159847,5.584763907869186,1.7482750984702906,0,12345
0.0,0.1,24,30,Donor-HCP-within,0.96,6.383712822182344,6.14682993556977,1.9040088953628025,0,12345
0.0,0.1,24,30,HCP,1.0,13.677534299633246,13.677534299633244,1.6264909881953126e-15,0,12345
0.0,0.1,24,30,Pooling,0.99,10.921291477378785,10.921291477378787,0.0,0,12345
0.0,0.1,24,30,Repeated,1.0,12.200230780065558,12.20023078006556,2.955206930357777e-15,0,12345
0.0,0.1,24,30,S-HCP-within,0.92,6.849502247639821,6.709968510744084,2.1082025744263557,0,12345
0.0,0.1,24,30,Std-CP,0.93,6.496055074640853,6.352840747753759,1.812155489555955,0,12345
0.0,0.1,24,30,Subsampling,0.99,11.613127245623382,11.613127245623382,1.546120173718338e-15,0,12345
0.0,0.1,24,35,Donor-HCP-no-within,0.91,6.172198919263053,5.745994351417334,1.6965196253218582,0,12345
0.0,0.1,24,35,Donor-HCP-within,0.97,6.253062471855773,5.916927516810421,2.001217434708153,0,12345
0.0,0.1,24,35,HCP,1.0,13.677534299633246,13.677534299633244,1.6264909881953126e-15,0,12345
0.0,0.1,24,35,Pooling,0.99,10.921291477378785,10.921291477378787,0.0,0,12345
0.0,0.1,24,35,Repeated,1.0,12.200230780065558,12.20023078006556,2.955206930357777e-15,0,12345
0.0,0.1,24,35,S-HCP-within,0.95,7.135464976204293,6.958973130777116,2.086526074509116,0,12345
0.0,0.1,24,35,Std-CP,0.94,6.409065526433916,6.061598886340743,1.9276132772324617,0,12345
0.0,0.1,24,35,Subsampling,0.99,11.613127245623382,11.613127245623382,1.546120173718338e-15,0,12345
0.0,0.1,25,0,Donor-HCP-no-within,0.97,12.269625715510884,12.269625715510884,1.7853057969915868e-16,0,12345
0.0,0.1,25,0,Donor-HCP-within,0.97,12.269625715510884,12.269625715510884,1.7853057969915868e-16,0,12345
0.0,0.1,25,0,HCP,0.97,12.269625715510884,12.269625715510884,1.7853057969915868e-16,0,12345
0.0,0.1,25,0,Pooling,0.74,7.062243983519306,7.062243983519306,1.7763568394002505e-15,0,12345
0.0,0.1,25,0,Repeated,0.88,9.543677907954184,9.543677907954184,1.3713194031207103e-15,0,12345
0.0,0.1,25,0,S-HCP-within,0.78,7.842451936400837,7.681624962930918,1.90585766821462,0,12345
0.0,0.1,25,0,Std-CP,1.0,,,,100,12345
0.0,0.1,25,0,Subsampling,0.95,11.327478699828895,11.327478699828895,0.0,0,12345
0.0,0.1,25,5,Donor-HCP-no-within,0.89,9.729630859953712,9.552013121608656,1.098217413282158,0,12345
0.0,0.1,25,5,Donor-HCP-within,0.91,10.020473943268364,10.239154944599015,1.326766434789235,0,12345
0.0,0.1,25,5,HCP,0.97,12.269625715510884,12.269625715510884,1.7853057969915868e-16,0,12345
0.0,0.1,25,5,Pooling,0.74,7.062243983519306,7.062243983519306,1.7763568394002505e-15,0,12345
0.0,0.1,25,5,Repeated,0.88,9.543677907954184,9.543677907954184,1.3713194031207103e-15,0,12345
0.0,0.1,25,5,S-HCP-within,0.77,7.097106399901333,7.184114049932099,0.7182574949969536,0,12345
0.0,0.1,25,5,Std-CP,0.74,6.153800851520654,4.98482057847099,4.06515199237115,0,12345
0.0,0.1,25,5,Subsampling,0.95,11.327478699828895,11.327478699828895,0.0,0,12345
0.0,0.1,25,10,Donor-HCP-no-within,0.86,8.936162992226851,9.05693342925688,1.0046905571107554,0,12345
0.0,0.1,25,10,Donor-HCP-within,0.99,43.0222746048378,44.214016899268,8.240230233442238,0,12345
0.0,0.1,25,10,HCP,0.97,12.269625715510884,12.269625715510884,1.7853057969915868e-16,0,12345
0.0,0.1,25,10,Pooling,0.74,7.062243983519306,7.062243983519306,1.7763568394002505e-15,0,12345
0.0,0.1,25,10,Repeated,0.88,9.543677907954184,9.543677907954184,1.3713194031207103e-15,0,12345
0.0,0.1,25,10,S-HCP-within,0.79,7.184789865187598,7.451712967811477,0.6310140253094612,0,12345
0.0,0.1,25,10,Std-CP,0.85,24.55447335476166,10.86559922219336,35.280595481068055,0,12345
0.0,0.1,25,10,Subsampling,0.95,11.327478699828895,11.327478699828895,0.0,0,12345
0.0,0.1,25,15,Donor-HCP-no-within,0.83,7.920654110743328,8.322098016548678,1.0637792196329232,0,12345
0.0,0.1,25,15,Donor-HCP-within,0.95,8.712182740627611,8.73432460151282,0.5608211109984149,0,12345
0.0,0.1,25,15,HCP,0.97,12.269625715510884,12.269625715510884,1.7853057969915868e-16,0,12345
0.0,0.1,25,15,Pooling,0.74,7.062243983519306,7.062243983519306,1.7763568394002505e-15,0,12345
0.0,0.1,25,15,Repeated,0.88,9.543677907954184,9.543677907954184,1.3713194031207103e-15,0,12345
0.0,0.1,25,15,S-HCP-within,0.77,7.1396550378677714,7.152394884360863,0.5242607145827365,0,12345
0.0,0.1,25,15,Std-CP,0.87,8.98684309284913,7.6256186876067735,6.070407933109625,0,12345
0.0,0.1,25,15,Subsampling,0.95,11.327478699828895,11.327478699828895,0.0,0,12345
0.0,0.1,25,20,Donor-HCP-no-within,0.78,7.411662628466039,7.363818093197324,1.0340626175869012,0,12345
0.0,0.1,25,20,Donor-HCP-within,0.88,6.5693357810049635,6.612980747769476,0.5685660914247428,0,12345
0.0,0.1,25,20,HCP,0.97,12.269625715510884,12.269625715510884,1.7853057969915868e-16,0,12345
0.0,0.1,25,20,Pooling,0.74,7.062243983519306,7.062243983519306,1.7763568394002505e-15,0,12345
0.0,0.1,25,20,Repeated,0.88,9.543677907954184,9.543677907954184,1.3713194031207103e-15,0,12345
0.0,0.1,25,20,S-HCP-within,0.75,6.939093076030999,6.756558456092598,0.45199026326317215,0,12345
0.0,0.1,25,20,Std-CP,0.92,7.246252342328155,6.797574716294996,2.955009032097161,0,12345
0.0,0.1,25,20,Subsampling,0.95,11.327478699828895,11.327478699828895,0.0,0,12345
0.0,0.1,25,25,Donor-HCP-no-within,0.88,6.587139448235477,6.329955323861629,2.063332490333156,0,12345
0.0,0.1,25,25,Donor-HCP-within,0.91,6.4792104399066455,6.354476017325478,2.154153794191529,0,12345
0.0,0.1,25,25,HCP,0.97,12.269625715510884,12.269625715510884,1.7853057969915868e-16,0,12345
0.0,0.1,25,25,Pooling,0.74,7.062243983519306,7.062243983519306,1.7763568394002505e-15,0,12345
0.0,0.1,25,25,Repeated,0.88,9.543677907954184,9.543677907954184,1.3713194031207103e-15,0,12345
0.0,0.1,25,25,S-HCP-within,0.9,6.754194037081469,6.338983271954602,2.2409323470613614,0,12345
0.0,0.1,25,25,Std-CP,0.91,6.766328237141717,6.36152307444476,2.300988669683178,0,12345
0.0,0.1,25,25,Subsampling,0.95,11.327478699828895,11.327478699828895,0.0,0,12345
0.0,0.1,25,30,Donor-HCP-no-within,0.86,6.242605008449377,5.988392125251076,1.9090467524584007,0,12345
0.0,0.1,25,30,Donor-HCP-within,0.91,6.23972777866901,6.236015045834036,1.7903527109187398,0,12345
0.0,0.1,25,30,HCP,0.97,12.269625715510884,12.269625715510884,1.7853057969915868e-16,0,12345
0.0,0.1,25,30,Pooling,0.74,7.062243983519306,7.062243983519306,1.7763568394002505e-15,0,12345
0.0,0.1,25,30,Repeated,0.88,9.543677907954184,9.543677907954184,1.3713194031207103e-15,0,12345
0.0,0.1,25,30,S-HCP-within,0.9,7.093529444670637,6.905560695577918,2.3790409057423045,0,12345
0.0,0.1,25,30,Std-CP,0.91,6.4419801519912605,6.246994155229718,1.966993195180953,0,12345
0.0,0.1,25,30,Subsampling,0.95,11.327478699828895,11.327478699828895,0.0,0,12345
0.0,0.1,25,35,Donor-HCP-no-within,0.88,6.430614266279892,6.144242512464881,1.9258610158703178,0,12345
0.0,0.1,25,35,Donor-HCP-within,0.92,6.363410205373819,6.180287628597978,1.9615409529347037,0,12345
0.0,0.1,25,35,HCP,0.97,12.269625715510884,12.269625715510884,1.7853057969915868e-16,0,12345
0.0,0.1,25,35,Pooling,0.74,7.062243983519306,7.062243983519306,1.7763568394002505e-15,0,12345
0.0,0.1,25,35,Repeated,0.88,9.543677907954184,9.543677907954184,1.3713194031207103e-15,0,12345
0.0,0.1,25,35,S-HCP-within,0.89,7.3215368358152695,7.1651705706881685,2.3737633882966733,0,12345
0.0,0.1,25,35,Std-CP,0.93,6.769814876198819,6.597552471169951,1.916304966431059,0,12345
0.0,0.1,25,35,Subsampling,0.95,11.327478699828895,11.327478699828895,0.0,0,12345
0.0,0.1,26,0,Donor-HCP-no-within,0.97,10.49703269433474,10.497032694334738,1.2239439900268025e-15,0,12345
0.0,0.1,26,0,Donor-HCP-within,0.97,10.49703269433474,10.497032694334738,1.2239439900268025e-15,0,12345
0.0,0.1,26,0,HCP,0.97,10.49703269433474,10.497032694334738,1.2239439900268025e-15,0,12345
0.0,0.1,26,0,Pooling,0.92,7.756854847293027,7.756854847293027,2.3617375765208525e-16,0,12345
0.0,0.1,26,0,Repeated,0.92,8.571240150286929,8.571240150286929,1.2239439900268025e-15,0,12345
0.0,0.1,26,0,S-HCP-within,0.88,6.84219680516054,6.564104748976884,1.6894906679560848,0,12345
0.0,0.1,26,0,Std-CP,1.0,,,,100,12345
0.0,0.1,26,0,Subsampling,0.91,7.286596093753332,7.286596093753332,2.3617375765208525e-16,0,12345
0.0,0.1,26,5,Donor-HCP-no-within,0.94,8.39811650006614,8.549431119946249,0.58111938953413,0,12345
0.0,0.1,26,5,Donor-HCP-within,0.95,8.59198609619895,8.594703830333003,0.4757247255594032,0,12345
0.0,0.1,26,5,HCP,0.97,10.49703269433474,10.497032694334738,1.2239439900268025e-15,0,12345
0.0,0.1,26,5,Pooling,0.92,7.756854847293027,7.756854847293027,2.3617375765208525e-16,0,12345
0.0,0.1,26,5,Repeated,0.92,8.571240150286929,8.571240150286929,1.2239439900268025e-15,0,12345
0.0,0.1,26,5,S-HCP-within,0.88,6.033143088454275,6.085769502600126,0.6077972949644628,0,12345
0.0,0.1,26,5,Std-CP,0.74,5.783443001358962,4.86522290010458,4.151767568926732,0,12345
0.0,0.1,26,5,Subsampling,0.91,7.286596093753332,7.286596093753332,2.3617375765208525e-16,0,12345
0.0,0.1,26,10,Donor-HCP-no-within,0.91,7.651348840460604,7.836463210310323,0.6685319059269068,0,12345
0.0,0.1,26,10,Donor-HCP-within,0.91,33.68243202235171,34.621301667739225,8.03308707113748,0,12345
0.0,0.1,26,10,HCP,0.97,10.49703269433474,10.497032694334738,1.2239439900268025e-15,0,12345
0.0,0.1,26,10,Pooling,0.92,7.756854847293027,7.756854847293027,2.3617375765208525e-16,0,12345
0.0,0.1,26,10,Repeated,0.92,8.571240150286929,8.571240150286929,1.2239439900268025e-15,0,12345
0.0,0.1,26,10,S-HCP-within,0.9,6.142848613847031,6.085769502600127,0.43885928019188025,0,12345
0.0,0.1,26,10,Std-CP,0.88,220.20441639336275,13.651277821461541,1496.937629548267,0,12345
0.0,0.1,26,10,Subsampling,0.91,7.286596093753332,7.286596093753332,2.3617375765208525e-16,0,12345
0.0,0.1,26,15,Donor-HCP-no-within,0.9,7.205678503618587,7.431385038248255,0.7221200809217052,0,12345
0.0,0.1,26,15,Donor-HCP-within,0.93,6.67081380392584,6.702028149334443,0.31243764522503376,0,12345
0.0,0.1,26,15,HCP,0.97,10.49703269433474,10.497032694334738,1.2239439900268025e-15,0,12345
0.0,0.1,26,15,Pooling,0.92,7.756854847293027,7.756854847293027,2.3617375765208525e-16,0,12345
0.0,0.1,26,15,Repeated,0.92,8.571240150286929,8.571240150286929,1.2239439900268025e-15,0,12345
0.0,0.1,26,15,S-HCP-within,0.9,6.096890723112312,6.0593044880737335,0.34469023879740845,0,12345
0.0,0.1,26,15,Std-CP,0.91,8.187190055087571,7.302047147382018,3.8633390905220315,0,12345
0.0,0.1,26,15,Subsampling,0.91,7.286596093753332,7.286596093753332,2.3617375765208525e-16,0,12345
0.0,0.1,26,20,Donor-HCP-no-within,0.91,7.034680415312062,7.1847807900952825,0.7439390165563677,0,12345
0.0,0.1,26,20,Donor-HCP-within,0.86,5.246578375081679,5.129949493850347,0.2818300990261655,0,12345
0.0,0.1,26,20,HCP,0.97,10.49703269433474,10.497032694334738,1.2239439900268025e-15,0,12345
0.0,0.1,26,20,Pooling,0.92,7.756854847293027,7.756854847293027,2.3617375765208525e-16,0,12345
0.0,0.1,26,20,Repeated,0.92,8.571240150286929,8.571240150286929,1.2239439900268025e-15,0,12345
0.0,0.1,26,20,S-HCP-within,0.9,5.936697885873303,5.936107418883829,0.34790368006470856,0,12345
0.0,0.1,26,20,Std-CP,0.91,6.472709675576964,5.926766887766494,2.5434236722263943,0,12345
0.0,0.1,26,20,Subsampling,0.91,7.286596093753332,7.286596093753332,2.3617375765208525e-16,0,12345
0.0,0.1,26,25,Donor-HCP-no-within,0.95,5.9995980568572875,5.385361659605191,2.4206390580104573,0,12345
0.0,0.1,26,25,Donor-HCP-within,0.93,6.203671680149354,5.462061494527752,2.6019330805303653,0,12345
0.0,0.1,26,25,HCP,0.97,10.49703269433474,10.497032694334738,1.2239439900268025e-15,0,12345
0.0,0.1,26,25,Pooling,0.92,7.756854847293027,7.756854847293027,2.3617375765208525e-16,0,12345
0.0,0.1,26,25,Repeated,0.92,8.571240150286929,8.571240150286929,1.2239439900268025e-15,0,12345
0.0,0.1,26,25,S-HCP-within,0.94,6.258853962325831,5.531650026158177,2.421214611773466,0,12345
0.0,0.1,26,25,Std-CP,0.85,6.357490853066631,6.22733828880923,2.4057481237282454,0,12345
0.0,0.1,26,25,Subsampling,0.91,7.286596093753332,7.286596093753332,2.3617375765208525e-16,0,12345
0.0,0.1,26,30,Donor-HCP-no-within,0.93,5.751977703138845,5.200926646993986,2.357728331612297,0,12345
0.0,0.1,26,30,Donor-HCP-within,0.92,5.8049385131757,5.402887736957952,2.0500250593224147,0,12345
0.0,0.1,26,30,HCP,0.97,10.49703269433474,10.497032694334738,1.2239439900268025e-15,0,12345
0.0,0.1,26,30,Pooling,0.92,7.756854847293027,7.756854847293027,2.3617375765208525e-16,0,12345
0.0,0.1,26,30,Repeated,0.92,8.571240150286929,8.571240150286929,1.2239439900268025e-15,0,12345
0.0,0.1,26,30,S-HCP-within,0.95,6.407500259292175,5.7066040753306915,2.4773061691055576,0,12345
0.0,0.1,26,30,Std-CP,0.92,6.283581779810359,5.932457601923275,2.2095543559918744,0,12345
0.0,0.1,26,30,Subsampling,0.91,7.286596093753332,7.286596093753332,2.3617375765208525e-16,0,12345
0.0,0.1,26,35,Donor-HCP-no-within,0.96,5.934665978298187,5.358409025853288,2.3292976713405245,0,12345
0.0,0.1,26,35,Donor-HCP-within,0.92,6.089033320774118,5.868150359680353,1.9733354182855731,0,12345
0.0,0.1,26,35,HCP,0.97,10.49703269433474,10.497032694334738,1.2239439900268025e-15,0,12345
0.0,0.1,26,35,Pooling,0.92,7.756854847293027,7.756854847293027,2.3617375765208525e-16,0,12345
0.0,0.1,26,35,Repeated,0.92,8.571240150286929,8.571240150286929,1.2239439900268025e-15,0,12345
0.0,0.1,26,35,S-HCP-within,0.98,6.699550154688865,6.0592943072284715,2.57468994711929,0,12345
0.0,0.1,26,35,Std-CP,0.9,6.0997223749904945,5.71052650447807,2.0817327629507236,0,12345
0.0,0.1,26,35,Subsampling,0.91,7.286596093753332,7.286596093753332,2.3617375765208525e-16,0,12345
0.0,0.1,27,0,Donor-HCP-no-within,0.95,11.540325884960517,11.540325884960517,0.0,0,12345
0.0,0.1,27,0,Donor-HCP-within,0.95,11.540325884960517,11.540325884960517,0.0,0,12345
0.0,0.1,27,0,HCP,0.95,11.540325884960517,11.540325884960517,0.0,0,12345
0.0,0.1,27,0,Pooling,0.84,8.54157889462251,8.54157889462251,0.0,0,12345
0.0,0.1,27,0,Repeated,0.89,10.069757598003601,10.069757598003601,1.4613357754045038e-15,0,12345
0.0,0.1,27,0,S-HCP-within,0.97,10.53295131845222,11.110425167670456,1.8370006460151191,0,12345
0.0,0.1,27,0,Std-CP,1.0,,,,100,12345
0.0,0.1,27,0,Subsampling,0.87,9.412771840163721,9.412771840163721,0.0,0,12345
0.0,0.1,27,5,Donor-HCP-no-within,0.94,10.743665357047252,10.79271585836041,0.8280765593646389,0,12345
0.0,0.1,27,5,Donor-HCP-within,0.96,10.602035557470085,10.66555793078059,0.5870391432948043,0,12345
0.0,0.1,27,5,HCP,0.95,11.540325884960517,11.540325884960517,0.0,0,12345
0.0,0.1,27,5,Pooling,0.84,8.54157889462251,8.54157889462251,0.0,0,12345
0.0,0.1,27,5,Repeated,0.89,10.069757598003601,10.069757598003601,1.4613357754045038e-15,0,12345
0.0,0.1,27,5,S-HCP-within,0.99,9.999752641792588,10.07879576424348,1.0459082237521173,0,12345
0.0,0.1,27,5,Std-CP,0.71,5.509457218449737,4.913045538529867,3.154880438281289,0,12345
0.0,0.1,27,5,Subsampling,0.87,9.412771840163721,9.412771840163721,0.0,0,12345
0.0,0.1,27,10,Donor-HCP-no-within,0.94,9.426164069451788,9.606305855571435,0.9454617612642563,0,12345
0.0,0.1,27,10,Donor-HCP-within,0.99,204.69614480158026,214.29916338471634,45.37247177238369,0,12345
0.0,0.1,27,10,HCP,0.95,11.540325884960517,11.540325884960517,0.0,0,12345
0.0,0.1,27,10,Pooling,0.84,8.54157889462251,8.54157889462251,0.0,0,12345
0.0,0.1,27,10,Repeated,0.89,10.069757598003601,10.069757598003601,1.4613357754045038e-15,0,12345
0.0,0.1,27,10,S-HCP-within,0.98,9.985439596700466,10.013753430154722,0.7486058636748177,0,12345
0.0,0.1,27,10,Std-CP,0.79,45.074016927950694,12.258332096841166,203.42765992008074,0,12345
0.0,0.1,27,10,Subsampling,0.87,9.412771840163721,9.412771840163721,0.0,0,12345
0.0,0.1,27,15,Donor-HCP-no-within,0.9,8.808383908618087,8.792646475875927,0.7929139588350513,0,12345
0.0,0.1,27,15,Donor-HCP-within,0.94,7.721548345027554,7.678013634645904,0.3818393327280707,0,12345
0.0,0.1,27,15,HCP,0.95,11.540325884960517,11.540325884960517,0.0,0,12345
0.0,0.1,27,15,Pooling,0.84,8.54157889462251,8.54157889462251,0.0,0,12345
0.0,0.1,27,15,Repeated,0.89,10.069757598003601,10.069757598003601,1.4613357754045038e-15,0,12345
0.0,0.1,27,15,S-HCP-within,0.99,9.933474458826657,10.007400357998016,0.6279745990522417,0,12345
0.0,0.1,27,15,Std-CP,0.9,8.588248772984711,7.247788146095754,4.775132948816694,0,12345
0.0,0.1,27,15,Subsampling,0.87,9.412771840163721,9.412771840163721,0.0,0,12345
0.0,0.1,27,20,Donor-HCP-no-within,0.86,8.439124286227043,8.61332023426889,0.9141836746564287,0,12345
0.0,0.1,27,20,Donor-HCP-within,0.89,5.760041417187295,5.755854305665714,0.27389429917858354,0,12345
0.0,0.1,27,20,HCP,0.95,11.540325884960517,11.540325884960517,0.0,0,12345
0.0,0.1,27,20,Pooling,0.84,8.54157889462251,8.54157889462251,0.0,0,12345
0.0,0.1,27,20,Repeated,0.89,10.069757598003601,10.069757598003601,1.4613357754045038e-15,0,12345
0.0,0.1,27,20,S-HCP-within,0.99,9.738960862178653,9.99402196650475,0.5740850570560045,0,12345
0.0,0.1,27,20,Std-CP,0.91,6.504867836263353,6.024556675184508,3.287450182370779,0,12345
0.0,0.1,27,20,Subsampling,0.87,9.412771840163721,9.412771840163721,0.0,0,12345
0.0,0.1,27,25,Donor-HCP-no-within,0.92,6.265479020140782,6.05255234629413,1.718626545560413,0,12345
0.0,0.1,27,25,Donor-HCP-within,0.94,6.434075370342808,5.987974355869133,2.3449689237137825,0,12345
0.0,0.1,27,25,HCP,0.95,11.540325884960517,11.540325884960517,0.0,0,12345
0.0,0.1,27,25,Pooling,0.84,8.54157889462251,8.54157889462251,0.0,0,12345
0.0,0.1,27,25,Repeated,0.89,10.069757598003601,10.069757598003601,1.4613357754045038e-15,0,12345
0.0,0.1,27,25,S-HCP-within,0.92,6.756838459394994,6.661787869590716,1.8622054954734486,0,12345
0.0,0.1,27,25,Std-CP,0.91,6.440398231072886,5.878377141896728,2.5081263482701632,0,12345
0.0,0.1,27,25,Subsampling,0.87,9.412771840163721,9.412771840163721,0.0,0,12345
0.0,0.1,27,30,Donor-HCP-no-within,0.89,5.91236200818452,5.585636133392452,1.6737373942959797,0,12345
0.0,0.1,27,30,Donor-HCP-within,0.92,6.050819751944501,5.946266026175209,1.7497873508453843,0,12345
0.0,0.1,27,30,HCP,0.95,11.540325884960517,11.540325884960517,0.0,0,12345
0.0,0.1,27,30,Pooling,0.84,8.54157889462251,8.54157889462251,0.0,0,12345
0.0,0.1,27,30,Repeated,0.89,10.069757598003601,10.069757598003601,1.4613357754045038e-15,0,12345
0.0,0.1,27,30,S-HCP-within,0.92,7.021541105330699,6.818725720123659,1.879655456020012,0,12345
0.0,0.1,27,30,Std-CP,0.94,6.135945265962319,5.870567258957774,2.1593205374808266,0,12345
0.0,0.1,27,30,Subsampling,0.87,9.412771840163721,9.412771840163721,0.0,0,12345
0.0,0.1,27,35,Donor-HCP-no-within,0.89,6.153788111770186,5.959834159335124,1.7030525497768236,0,12345
0.0,0.1,27,35,Donor-HCP-within,0.97,6.314641732131358,6.030445600540986,1.9091028157142234,0,12345
0.0,0.1,27,35,HCP,0.95,11.540325884960517,11.540325884960517,0.0,0,12345
0.0,0.1,27,35,Pooling,0.84,8.54157889462251,8.54157889462251,0.0,0,12345
0.0,0.1,27,35,Repeated,0.89,10.069757598003601,10.069757598003601,1.4613357754045038e-15,0,12345
0.0,0.1,27,35,S-HCP-within,0.95,7.388701124866252,7.2916407321107855,1.9434885266535704,0,12345
0.0,0.1,27,35,Std-CP,0.95,6.1878969926090654,5.887839844458532,2.1033351231735202,0,12345
0.0,0.1,27,35,Subsampling,0.87,9.412771840163721,9.412771840163721,0.0,0,12345
0.0,0.1,28,0,Donor-HCP-no-within,0.93,8.271163936070277,8.271163936070277,1.071183478194952e-15,0,12345
0.0,0.1,28,0,Donor-HCP-within,0.93,8.271163936070277,8.271163936070277,1.071183478194952e-15,0,12345
0.0,0.1,28,0,HCP,0.93,8.271163936070277,8.271163936070277,1.071183478194952e-15,0,12345
0.0,0.1,28,0,Pooling,0.73,5.492387290324665,5.492387290324665,5.502682027278313e-16,0,12345
0.0,0.1,28,0,Repeated,0.8,6.260612203661873,6.260612203661873,1.246521935036137e-15,0,12345
0.0,0.1,28,0,S-HCP-within,0.85,7.524341008891684,7.171438330073482,1.6884556454287276,0,12345
0.0,0.1,28,0,Std-CP,1.0,,,,100,12345
0.0,0.1,28,0,Subsampling,0.92,7.569199146300117,7.569199146300118,9.859673526924653e-16,0,12345
0.0,0.1,28,5,Donor-HCP-no-within,0.8,6.26076674818611,6.140800316782312,0.4812059487529348,0,12345
0.0,0.1,28,5,Donor-HCP-within,0.9,6.176874119945932,6.113136910318591,0.3837579907339446,0,12345
0.0,0.1,28,5,HCP,0.93,8.271163936070277,8.271163936070277,1.071183478194952e-15,0,12345
0.0,0.1,28,5,Pooling,0.73,5.492387290324665,5.492387290324665,5.502682027278313e-16,0,12345
0.0,0.1,28,5,Repeated,0.8,6.260612203661873,6.260612203661873,1.246521935036137e-15,0,12345
0.0,0.1,28,5,S-HCP-within,0.86,6.8647823660479075,6.9208425202875254,0.659698417068059,0,12345
0.0,0.1,28,5,Std-CP,0.69,5.667242386640384,4.882623390374912,4.068574729451481,0,12345
0.0,0.1,28,5,Subsampling,0.92,7.569199146300117,7.569199146300118,9.859673526924653e-16,0,12345
0.0,0.1,28,10,Donor-HCP-no-within,0.8,5.726203465137324,5.5928785034840685,0.45003758417056977,0,12345
0.0,0.1,28,10,Donor-HCP-within,0.99,15.227489767835332,15.221016402479407,2.5927611430754154,0,12345
0.0,0.1,28,10,HCP,0.93,8.271163936070277,8.271163936070277,1.071183478194952e-15,0,12345
0.0,0.1,28,10,Pooling,0.73,5.492387290324665,5.492387290324665,5.502682027278313e-16,0,12345
0.0,0.1,28,10,Repeated,0.8,6.260612203661873,6.260612203661873,1.246521935036137e-15,0,12345
0.0,0.1,28,10,S-HCP-within,0.85,6.885805339728938,6.759743933774833,0.7975275336303768,0,12345
0.0,0.1,28,10,Std-CP,0.83,219.97610405217065,11.434974757972228,1850.3796767758229,0,12345
0.0,0.1,28,10,Subsampling,0.92,7.569199146300117,7.569199146300118,9.859673526924653e-16,0,12345
0.0,0.1,28,15,Donor-HCP-no-within,0.76,5.428469703300992,5.2951157369111135,0.3845070989544819,0,12345
0.0,0.1,28,15,Donor-HCP-within,0.84,5.64575391644084,5.785088728796188,0.48885631573546884,0,12345
0.0,0.1,28,15,HCP,0.93,8.271163936070277,8.271163936070277,1.071183478194952e-15,0,12345
0.0,0.1,28,15,Pooling,0.73,5.492387290324665,5.492387290324665,5.502682027278313e-16,0,12345
0.0,0.1,28,15,Repeated,0.8,6.260612203661873,6.260612203661873,1.246521935036137e-15,0,12345
0.0,0.1,28,15,S-HCP-within,0.84,6.906751043338341,6.846929939494435,0.6054243060211413,0,12345
0.0,0.1,28,15,Std-CP,0.91,9.100563096983112,7.4150111120435245,5.330151274704495,0,12345
0.0,0.1,28,15,Subsampling,0.92,7.569199146300117,7.569199146300118,9.859673526924653e-16,0,12345
0.0,0.1,28,20,Donor-HCP-no-within,0.68,5.259931932815615,5.1373159721335675,0.4656353482255902,0,12345
0.0,0.1,28,20,Donor-HCP-within,0.82,4.579329905613926,4.54298557416876,0.27549502162823436,0,12345
0.0,0.1,28,20,HCP,0.93,8.271163936070277,8.271163936070277,1.071183478194952e-15,0,12345
0.0,0.1,28,20,Pooling,0.73,5.492387290324665,5.492387290324665,5.502682027278313e-16,0,12345
0.0,0.1,28,20,Repeated,0.8,6.260612203661873,6.260612203661873,1.246521935036137e-15,0,12345
0.0,0.1,28,20,S-HCP-within,0.82,6.790579318864872,6.671798851206518,0.5238793528147976,0,12345
0.0,0.1,28,20,Std-CP,0.89,6.457102963016423,5.936263474804704,2.3921241195537934,0,12345
0.0,0.1,28,20,Subsampling,0.92,7.569199146300117,7.569199146300118,9.859673526924653e-16,0,12345
0.0,0.1,28,25,Donor-HCP-no-within,0.89,6.725477747096133,6.221889302916601,2.4929741430185723,0,12345
0.0,0.1,28,25,Donor-HCP-within,0.92,6.230768197794927,5.906236066553518,2.069730719145328,0,12345
0.0,0.1,28,25,HCP,0.93,8.271163936070277,8.271163936070277,1.071183478194952e-15,0,12345
0.0,0.1,28,25,Pooling,0.73,5.492387290324665,5.492387290324665,5.502682027278313e-16,0,12345
0.0,0.1,28,25,Repeated,0.8,6.260612203661873,6.260612203661873,1.246521935036137e-15,0,12345
0.0,0.1,28,25,S-HCP-within,0.92,7.035637635458145,6.9814970572830255,2.4759015288168262,0,12345
0.0,0.1,28,25,Std-CP,0.92,6.498930995602514,5.729498103730148,2.7363318918540376,0,12345
0.0,0.1,28,25,Subsampling,0.92,7.569199146300117,7.569199146300118,9.859673526924653e-16,0,12345
0.0,0.1,28,30,Donor-HCP-no-within,0.86,6.2937284117822,5.834322861363819,2.282396105377045,0,12345
0.0,0.1,28,30,Donor-HCP-within,0.94,6.0296073939802115,5.893028764201868,1.9254149622768502,0,12345
0.0,0.1,28,30,HCP,0.93,8.271163936070277,8.271163936070277,1.071183478194952e-15,0,12345
0.0,0.1,28,30,Pooling,0.73,5.492387290324665,5.492387290324665,5.502682027278313e-16,0,12345
0.0,0.1,28,30,Repeated,0.8,6.260612203661873,6.260612203661873,1.246521935036137e-15,0,12345
0.0,0.1,28,30,S-HCP-within,0.92,7.253907954859605,7.030305920450401,2.5176662727194974,0,12345
0.0,0.1,28,30,Std-CP,0.91,6.15715856680957,5.8377531133962615,2.1058834510920574,0,12345
0.0,0.1,28,30,Subsampling,0.92,7.569199146300117,7.569199146300118,9.859673526924653e-16,0,12345
0.0,0.1,28,35,Donor-HCP-no-within,0.89,6.483313335476583,5.923594069922956,2.299271664348225,0,12345
0.0,0.1,28,35,Donor-HCP-within,0.91,6.041603647247358,5.792571711091529,1.7561204486790145,0,12345
0.0,0.1,28,35,HCP,0.93,8.271163936070277,8.271163936070277,1.071183478194952e-15,0,12345
0.0,0.1,28,35,Pooling,0.73,5.492387290324665,5.492387290324665,5.502682027278313e-16,0,12345
0.0,0.1,28,35,Repeated,0.8,6.260612203661873,6.260612203661873,1.246521935036137e-15,0,12345
0.0,0.1,28,35,S-HCP-within,0.95,7.579492421313438,7.127294158439535,2.5248041057400332,0,12345
0.0,0.1,28,35,Std-CP,0.93,6.200831248875328,5.9458381610945885,1.742288422793272,0,12345
0.0,0.1,28,35,Subsampling,0.92,7.569199146300117,7.569199146300118,9.859673526924653e-16,0,12345
0.0,0.1,29,0,Donor-HCP-no-within,0.97,10.692240800232355,10.692240800232355,7.574411013266429e-16,0,12345
0.0,0.1,29,0,Donor-HCP-within,0.97,10.692240800232355,10.692240800232355,7.574411013266429e-16,0,12345
0.0,0.1,29,0,HCP,0.97,10.692240800232355,10.692240800232355,7.574411013266429e-16,0,12345
0.0,0.1,29,0,Pooling,0.84,6.571754437251421,6.571754437251421,6.43701159343627e-16,0,12345
0.0,0.1,29,0,Repeated,0.92,7.656073458284791,7.656073458284791,1.0748964303270176e-15,0,12345
0.0,0.1,29,0,S-HCP-within,0.94,8.88460449896491,9.106430534822252,2.620697755594197,0,12345
0.0,0.1,29,0,Std-CP,1.0,,,,100,12345
0.0,0.1,29,0,Subsampling,0.95,9.024819492597352,9.024819492597352,6.914459619635975e-16,0,12345
0.0,0.1,29,5,Donor-HCP-no-within,0.94,8.208176480030218,8.089478271810535,0.9872090254669724,0,12345
0.0,0.1,29,5,Donor-HCP-within,0.95,8.831130008554435,8.796494527527155,0.7265483688448756,0,12345
0.0,0.1,29,5,HCP,0.97,10.692240800232355,10.692240800232355,7.574411013266429e-16,0,12345
0.0,0.1,29,5,Pooling,0.84,6.571754437251421,6.571754437251421,6.43701159343627e-16,0,12345
0.0,0.1,29,5,Repeated,0.92,7.656073458284791,7.656073458284791,1.0748964303270176e-15,0,12345
0.0,0.1,29,5,S-HCP-within,0.88,7.156780900512502,6.904694249744222,1.2820223535806525,0,12345
0.0,0.1,29,5,Std-CP,0.79,6.9540489850452385,5.5804095190262,5.375657997275356,0,12345
0.0,0.1,29,5,Subsampling,0.95,9.024819492597352,9.024819492597352,6.914459619635975e-16,0,12345
0.0,0.1,29,10,Donor-HCP-no-within,0.87,7.401800632543257,7.064044208973161,0.8433226212112203,0,12345
0.0,0.1,29,10,Donor-HCP-within,0.9,13.401247052514561,13.165845479266586,1.3658744384540842,0,12345
0.0,0.1,29,10,HCP,0.97,10.692240800232355,10.692240800232355,7.574411013266429e-16,0,12345
0.0,0.1,29,10,Pooling,0.84,6.571754437251421,6.571754437251421,6.43701159343627e-16,0,12345
0.0,0.1,29,10,Repeated,0.92,7.656073458284791,7.656073458284791,1.0748964303270176e-15,0,12345
0.0,0.1,29,10,S-HCP-within,0.91,7.19396587661184,7.012202495988538,0.8764619084231426,0,12345
0.0,0.1,29,10,Std-CP,0.77,182.49368807397042,11.43636179831908,1292.7841101254435,0,12345
0.0,0.1,29,10,Subsampling,0.95,9.024819492597352,9.024819492597352,6.914459619635975e-16,0,12345
0.0,0.1,29,15,Donor-HCP-no-within,0.89,6.845726706524756,6.797915491872324,0.5602412805917366,0,12345
0.0,0.1,29,15,Donor-HCP-within,0.93,6.666426820951553,6.599570327515324,0.4973882580753254,0,12345
0.0,0.1,29,15,HCP,0.97,10.692240800232355,10.692240800232355,7.574411013266429e-16,0,12345
0.0,0.1,29,15,Pooling,0.84,6.571754437251421,6.571754437251421,6.43701159343627e-16,0,12345
0.0,0.1,29,15,Repeated,0.92,7.656073458284791,7.656073458284791,1.0748964303270176e-15,0,12345
0.0,0.1,29,15,S-HCP-within,0.87,6.831698375270747,6.580615599850802,0.7095207754909378,0,12345
0.0,0.1,29,15,Std-CP,0.88,9.041218201062796,7.921250147026851,5.893174476140128,0,12345
0.0,0.1,29,15,Subsampling,0.95,9.024819492597352,9.024819492597352,6.914459619635975e-16,0,12345
0.0,0.1,29,20,Donor-HCP-no-within,0.84,6.418547261167301,6.4306393053150686,0.6723771655995076,0,12345
0.0,0.1,29,20,Donor-HCP-within,0.95,5.705457298393855,5.673604491439484,0.4232692505260915,0,12345
0.0,0.1,29,20,HCP,0.97,10.692240800232355,10.692240800232355,7.574411013266429e-16,0,12345
0.0,0.1,29,20,Pooling,0.84,6.571754437251421,6.571754437251421,6.43701159343627e-16,0,12345
0.0,0.1,29,20,Repeated,0.92,7.656073458284791,7.656073458284791,1.0748964303270176e-15,0,12345
0.0,0.1,29,20,S-HCP-within,0.85,6.671528303245863,6.4621807742015775,0.6405857280490669,0,12345
0.0,0.1,29,20,Std-CP,0.92,7.079646758428679,6.456924637141276,3.0281556452672085,0,12345
0.0,0.1,29,20,Subsampling,0.95,9.024819492597352,9.024819492597352,6.914459619635975e-16,0,12345
0.0,0.1,29,25,Donor-HCP-no-within,0.92,6.370377455077053,5.998568550919854,1.7688028710109003,0,12345
0.0,0.1,29,25,Donor-HCP-within,0.93,6.8800438916466335,6.419921576209694,2.5551180828083737,0,12345
0.0,0.1,29,25,HCP,0.97,10.692240800232355,10.692240800232355,7.574411013266429e-16,0,12345
0.0,0.1,29,25,Pooling,0.84,6.571754437251421,6.571754437251421,6.43701159343627e-16,0,12345
0.0,0.1,29,25,Repeated,0.92,7.656073458284791,7.656073458284791,1.0748964303270176e-15,0,12345
0.0,0.1,29,25,S-HCP-within,0.94,6.756875227183705,6.359916291976792,2.3133620909394548,0,12345
0.0,0.1,29,25,Std-CP,0.94,7.045716697741118,6.489525883631344,2.7140458948955137,0,12345
0.0,0.1,29,25,Subsampling,0.95,9.024819492597352,9.024819492597352,6.914459619635975e-16,0,12345
0.0,0.1,29,30,Donor-HCP-no-within,0.9,5.895807714564565,5.49371799028853,1.7501161964925656,0,12345
0.0,0.1,29,30,Donor-HCP-within,0.94,6.474890292063983,6.070509222018675,2.0200747719995316,0,12345
0.0,0.1,29,30,HCP,0.97,10.692240800232355,10.692240800232355,7.574411013266429e-16,0,12345
0.0,0.1,29,30,Pooling,0.84,6.571754437251421,6.571754437251421,6.43701159343627e-16,0,12345
0.0,0.1,29,30,Repeated,0.92,7.656073458284791,7.656073458284791,1.0748964303270176e-15,0,12345
0.0,0.1,29,30,S-HCP-within,0.95,6.805418311413073,6.4395787104593465,2.2744599143055235,0,12345
0.0,0.1,29,30,Std-CP,0.93,6.455995907265804,6.1307920422318265,2.1558539567389494,0,12345
0.0,0.1,29,30,Subsampling,0.95,9.024819492597352,9.024819492597352,6.914459619635975e-16,0,12345
0.0,0.1,29,35,Donor-HCP-no-within,0.9,6.07172298894683,5.676042001844047,1.8046028022534821,0,12345
0.0,0.1,29,35,Donor-HCP-within,0.97,6.386869508583135,6.1127049640543545,1.9746155347950003,0,12345
0.0,0.1,29,35,HCP,0.97,10.692240800232355,10.692240800232355,7.574411013266429e-16,0,12345
0.0,0.1,29,35,Pooling,0.84,6.571754437251421,6.571754437251421,6.43701159343627e-16,0,12345
0.0,0.1,29,35,Repeated,0.92,7.656073458284791,7.656073458284791,1.0748964303270176e-15,0,12345
0.0,0.1,29,35,S-HCP-within,0.93,6.848744263181638,6.4395787104593465,2.2633152832434797,0,12345
0.0,0.1,29,35,Std-CP,0.95,6.617161267029068,6.405151940067357,1.7710819070119475,0,12345
0.0,0.1,29,35,Subsampling,0.95,9.024819492597352,9.024819492597352,6.914459619635975e-16,0,12345
0.0,0.1,30,0,Donor-HCP-no-within,0.98,11.097077570359154,11.097077570359154,1.820661819318084e-15,0,12345
0.0,0.1,30,0,Donor-HCP-within,0.98,11.097077570359154,11.097077570359154,1.820661819318084e-15,0,12345
0.0,0.1,30,0,HCP,0.98,11.097077570359154,11.097077570359154,1.820661819318084e-15,0,12345
0.0,0.1,30,0,Pooling,0.9,8.477134702721884,8.477134702721884,1.7673625697621668e-15,0,12345
0.0,0.1,30,0,Repeated,0.94,9.251909212093972,9.251909212093972,1.596826049079051e-15,0,12345
0.0,0.1,30,0,S-HCP-within,0.93,9.07552441454237,9.055297285581418,1.8955008691764157,0,12345
0.0,0.1,30,0,Std-CP,1.0,,,,100,12345
0.0,0.1,30,0,Subsampling,0.87,7.5705743659334495,7.5705743659334495,1.194288182548653e-15,0,12345
0.0,0.1,30,5,Donor-HCP-no-within,0.96,10.599649270106879,11.446663227790006,1.5899250628184722,0,12345
0.0,0.1,30,5,Donor-HCP-within,0.96,10.299850691479218,11.009403185475144,1.4345058411041585,0,12345
0.0,0.1,30,5,HCP,0.98,11.097077570359154,11.097077570359154,1.820661819318084e-15,0,12345
0.0,0.1,30,5,Pooling,0.9,8.477134702721884,8.477134702721884,1.7673625697621668e-15,0,12345
0.0,0.1,30,5,Repeated,0.94,9.251909212093972,9.251909212093972,1.596826049079051e-15,0,12345
0.0,0.1,30,5,S-HCP-within,0.93,8.021334117385912,7.909777517658307,0.6469672824225654,0,12345
0.0,0.1,30,5,Std-CP,0.74,5.277998162125864,4.7447796240797,3.187967491476649,0,12345
0.0,0.1,30,5,Subsampling,0.87,7.5705743659334495,7.5705743659334495,1.194288182548653e-15,0,12345
0.0,0.1,30,10,Donor-HCP-no-within,0.95,10.12430252783689,10.114425650430377,1.2629419179513428,0,12345
0.0,0.1,30,10,Donor-HCP-within,0.94,15.227388358676793,16.25347341731755,2.678292650642589,0,12345
0.0,0.1,30,10,HCP,0.98,11.097077570359154,11.097077570359154,1.820661819318084e-15,0,12345
0.0,0.1,30,10,Pooling,0.9,8.477134702721884,8.477134702721884,1.7673625697621668e-15,0,12345
0.0,0.1,30,10,Repeated,0.94,9.251909212093972,9.251909212093972,1.596826049079051e-15,0,12345
0.0,0.1,30,10,S-HCP-within,0.91,7.86213232867924,7.86406354794219,0.5654717796839316,0,12345
0.0,0.1,30,10,Std-CP,0.83,58.36788815904457,13.707073109808176,241.70088293233437,0,12345
0.0,0.1,30,10,Subsampling,0.87,7.5705743659334495,7.5705743659334495,1.194288182548653e-15,0,12345
0.0,0.1,30,15,Donor-HCP-no-within,0.9,8.944985025410094,8.766512749575885,1.2580275369558773,0,12345
0.0,0.1,30,15,Donor-HCP-within,0.92,7.3357496027977405,7.099729348616108,0.7070302712744034,0,12345
0.0,0.1,30,15,HCP,0.98,11.097077570359154,11.097077570359154,1.820661819318084e-15,0,12345
0.0,0.1,30,15,Pooling,0.9,8.477134702721884,8.477134702721884,1.7673625697621668e-15,0,12345
0.0,0.1,30,15,Repeated,0.94,9.251909212093972,9.251909212093972,1.596826049079051e-15,0,12345
0.0,0.1,30,15,S-HCP-within,0.93,7.89341867731043,7.905123987620165,0.43463566372002704,0,12345
0.0,0.1,30,15,Std-CP,0.87,8.734141298931828,7.7892833100833325,4.4399281961655515,0,12345
0.0,0.1,30,15,Subsampling,0.87,7.5705743659334495,7.5705743659334495,1.194288182548653e-15,0,12345
0.0,0.1,30,20,Donor-HCP-no-within,0.9,8.746261210851031,9.139383145561737,1.2538920148371566,0,12345
0.0,0.1,30,20,Donor-HCP-within,0.89,6.016312247249326,5.925776602383275,0.7620657789333626,0,12345
0.0,0.1,30,20,HCP,0.98,11.097077570359154,11.097077570359154,1.820661819318084e-15,0,12345
0.0,0.1,30,20,Pooling,0.9,8.477134702721884,8.477134702721884,1.7673625697621668e-15,0,12345
0.0,0.1,30,20,Repeated,0.94,9.251909212093972,9.251909212093972,1.596826049079051e-15,0,12345
0.0,0.1,30,20,S-HCP-within,0.93,7.742282438843663,7.719048252550671,0.3582924128372811,0,12345
0.0,0.1,30,20,Std-CP,0.95,7.14675588408591,6.674497850355793,3.7205471561357855,0,12345
0.0,0.1,30,20,Subsampling,0.87,7.5705743659334495,7.5705743659334495,1.194288182548653e-15,0,12345
0.0,0.1,30,25,Donor-HCP-no-within,0.94,6.810325855784928,6.6331044723857815,2.1885569492271206,0,12345
0.0,0.1,30,25,Donor-HCP-within,0.96,6.560026072013131,6.369882889204439,2.435859680993843,0,12345
0.0,0.1,30,25,HCP,0.98,11.097077570359154,11.097077570359154,1.820661819318084e-15,0,12345
0.0,0.1,30,25,Pooling,0.9,8.477134702721884,8.477134702721884,1.7673625697621668e-15,0,12345
0.0,0.1,30,25,Repeated,0.94,9.251909212093972,9.251909212093972,1.596826049079051e-15,0,12345
0.0,0.1,30,25,S-HCP-within,0.92,7.208146693146347,6.972796546599174,2.506298203053454,0,12345
0.0,0.1,30,25,Std-CP,0.95,6.673543688868963,6.329949450017011,2.311663485223785,0,12345
0.0,0.1,30,25,Subsampling,0.87,7.5705743659334495,7.5705743659334495,1.194288182548653e-15,0,12345
0.0,0.1,30,30,Donor-HCP-no-within,0.93,6.3728436156164445,6.063717283704891,2.0500322231362285,0,12345
0.0,0.1,30,30,Donor-HCP-within,0.98,6.333310234404593,6.118899841326032,2.246187958056338,0,12345
0.0,0.1,30,30,HCP,0.98,11.097077570359154,11.097077570359154,1.820661819318084e-15,0,12345
0.0,0.1,30,30,Pooling,0.9,8.477134702721884,8.477134702721884,1.7673625697621668e-15,0,12345
0.0,0.1,30,30,Repeated,0.94,9.251909212093972,9.251909212093972,1.596826049079051e-15,0,12345
0.0,0.1,30,30,S-HCP-within,0.94,7.369816732563976,7.074001093742527,2.3601747140352702,0,12345
0.0,0.1,30,30,Std-CP,0.95,6.199293416325542,6.167966702944675,1.822678914930061,0,12345
0.0,0.1,30,30,Subsampling,0.87,7.5705743659334495,7.5705743659334495,1.194288182548653e-15,0,12345
0.0,0.1,30,35,Donor-HCP-no-within,0.94,6.558500436934089,6.287460880049552,2.020920472215558,0,12345
0.0,0.1,30,35,Donor-HCP-within,0.97,6.181513819766134,5.947954533761181,1.795854721652124,0,12345
0.0,0.1,30,35,HCP,0.98,11.097077570359154,11.097077570359154,1.820661819318084e-15,0,12345
0.0,0.1,30,35,Pooling,0.9,8.477134702721884,8.477134702721884,1.7673625697621668e-15,0,12345
0.0,0.1,30,35,Repeated,0.94,9.251909212093972,9.251909212093972,1.596826049079051e-15,0,12345
0.0,0.1,30,35,S-HCP-within,0.95,7.403982948136299,7.100163275234359,2.3258638291343376,0,12345
0.0,0.1,30,35,Std-CP,0.97,6.472783672997845,6.297148592764287,2.2532711159260916,0,12345
0.0,0.1,30,35,Subsampling,0.87,7.5705743659334495,7.5705743659334495,1.194288182548653e-15,0,12345
0.0,0.1,31,0,Donor-HCP-no-within,1.0,10.890549605266518,10.890549605266518,1.5767393872298544e-15,0,12345
0.0,0.1,31,0,Donor-HCP-within,1.0,10.890549605266518,10.890549605266518,1.5767393872298544e-15,0,12345
0.0,0.1,31,0,HCP,1.0,10.890549605266518,10.890549605266518,1.5767393872298544e-15,0,12345
0.0,0.1,31,0,Pooling,0.93,7.747752220753505,7.747752220753505,0.0,0,12345
0.0,0.1,31,0,Repeated,0.96,8.952407432055008,8.952407432055008,1.7401008445872258e-15,0,12345
0.0,0.1,31,0,S-HCP-within,0.97,8.580342710518728,8.133944299217617,2.1119367030179568,0,12345
0.0,0.1,31,0,Std-CP,1.0,,,,100,12345
0.0,0.1,31,0,Subsampling,0.93,7.747752220753505,7.747752220753505,0.0,0,12345
0.0,0.1,31,5,Donor-HCP-no-within,0.98,9.791942220762257,9.725264263065865,0.5785535445453628,0,12345
0.0,0.1,31,5,Donor-HCP-within,0.99,9.342000384549074,9.100500972228323,0.5196948731057522,0,12345
0.0,0.1,31,5,HCP,1.0,10.890549605266518,10.890549605266518,1.5767393872298544e-15,0,12345
0.0,0.1,31,5,Pooling,0.93,7.747752220753505,7.747752220753505,0.0,0,12345
0.0,0.1,31,5,Repeated,0.96,8.952407432055008,8.952407432055008,1.7401008445872258e-15,0,12345
0.0,0.1,31,5,S-HCP-within,0.93,7.719992332709653,7.570025363421273,0.6671684447895019,0,12345
0.0,0.1,31,5,Std-CP,0.81,5.966451125318482,5.382454598330844,3.8042472878630758,0,12345
0.0,0.1,31,5,Subsampling,0.93,7.747752220753505,7.747752220753505,0.0,0,12345
0.0,0.1,31,10,Donor-HCP-no-within,0.95,8.782240998281456,8.70345468942024,0.49936961352910864,0,12345
0.0,0.1,31,10,Donor-HCP-within,0.99,32.965004980396586,35.20080400307244,4.04063410806447,0,12345
0.0,0.1,31,10,HCP,1.0,10.890549605266518,10.890549605266518,1.5767393872298544e-15,0,12345
0.0,0.1,31,10,Pooling,0.93,7.747752220753505,7.747752220753505,0.0,0,12345
0.0,0.1,31,10,Repeated,0.96,8.952407432055008,8.952407432055008,1.7401008445872258e-15,0,12345
0.0,0.1,31,10,S-HCP-within,0.91,7.662871941167982,7.551210943866906,0.5909957435795478,0,12345
0.0,0.1,31,10,Std-CP,0.82,32.24890684960091,12.648972696973408,67.94654093763724,0,12345
0.0,0.1,31,10,Subsampling,0.93,7.747752220753505,7.747752220753505,0.0,0,12345
0.0,0.1,31,15,Donor-HCP-no-within,0.94,8.375977696687018,8.307751523890069,0.6310728764337897,0,12345
0.0,0.1,31,15,Donor-HCP-within,0.91,6.717365781429604,6.734336256690925,0.4016536437212876,0,12345
0.0,0.1,31,15,HCP,1.0,10.890549605266518,10.890549605266518,1.5767393872298544e-15,0,12345
0.0,0.1,31,15,Pooling,0.93,7.747752220753505,7.747752220753505,0.0,0,12345
0.0,0.1,31,15,Repeated,0.96,8.952407432055008,8.952407432055008,1.7401008445872258e-15,0,12345
0.0,0.1,31,15,S-HCP-within,0.92,7.530690044027685,7.365146395205258,0.44506960312071536,0,12345
0.0,0.1,31,15,Std-CP,0.92,9.51545808128147,7.415327553236236,9.562682943447566,0,12345
0.0,0.1,31,15,Subsampling,0.93,7.747752220753505,7.747752220753505,0.0,0,12345
0.0,0.1,31,20,Donor-HCP-no-within,0.92,7.86657118701872,7.77211809851797,0.5333560139368142,0,12345
0.0,0.1,31,20,Donor-HCP-within,0.87,5.670692936806163,5.699507537473689,0.39686473377626474,0,12345
0.0,0.1,31,20,HCP,1.0,10.890549605266518,10.890549605266518,1.5767393872298544e-15,0,12345
0.0,0.1,31,20,Pooling,0.93,7.747752220753505,7.747752220753505,0.0,0,12345
0.0,0.1,31,20,Repeated,0.96,8.952407432055008,8.952407432055008,1.7401008445872258e-15,0,12345
0.0,0.1,31,20,S-HCP-within,0.92,7.41878520803073,7.2574985310778075,0.3142210434341648,0,12345
0.0,0.1,31,20,Std-CP,0.95,7.427362445839174,6.752129049396117,3.401336553215755,0,12345
0.0,0.1,31,20,Subsampling,0.93,7.747752220753505,7.747752220753505,0.0,0,12345
0.0,0.1,31,25,Donor-HCP-no-within,0.92,6.199833865329469,6.114587018179219,1.538027249526027,0,12345
0.0,0.1,31,25,Donor-HCP-within,0.93,6.912224151872,6.6117910728174145,2.7280454884818677,0,12345
0.0,0.1,31,25,HCP,1.0,10.890549605266518,10.890549605266518,1.5767393872298544e-15,0,12345
0.0,0.1,31,25,Pooling,0.93,7.747752220753505,7.747752220753505,0.0,0,12345
0.0,0.1,31,25,Repeated,0.96,8.952407432055008,8.952407432055008,1.7401008445872258e-15,0,12345
0.0,0.1,31,25,S-HCP-within,0.95,6.424578009385315,6.473961811726472,1.5668695261900694,0,12345
0.0,0.1,31,25,Std-CP,0.93,6.627761118962091,6.00435253477159,2.824000047032996,0,12345
0.0,0.1,31,25,Subsampling,0.93,7.747752220753505,7.747752220753505,0.0,0,12345
0.0,0.1,31,30,Donor-HCP-no-within,0.92,5.8525339757360655,5.750155071159175,1.3908648256279985,0,12345
0.0,0.1,31,30,Donor-HCP-within,0.97,6.40569951868217,6.3763233935664925,2.0336979402940267,0,12345
0.0,0.1,31,30,HCP,1.0,10.890549605266518,10.890549605266518,1.5767393872298544e-15,0,12345
0.0,0.1,31,30,Pooling,0.93,7.747752220753505,7.747752220753505,0.0,0,12345
0.0,0.1,31,30,Repeated,0.96,8.952407432055008,8.952407432055008,1.7401008445872258e-15,0,12345
0.0,0.1,31,30,S-HCP-within,0.95,6.647744313973785,6.675069011770329,1.5175769737666307,0,12345
0.0,0.1,31,30,Std-CP,0.96,6.730480010731669,6.548882538828932,2.2382052576653915,0,12345
0.0,0.1,31,30,Subsampling,0.93,7.747752220753505,7.747752220753505,0.0,0,12345
0.0,0.1,31,35,Donor-HCP-no-within,0.93,6.055874680870708,5.93099110799162,1.4171921281974769,0,12345
0.0,0.1,31,35,Donor-HCP-within,0.96,6.419187995961838,6.222720696676879,2.093672542678021,0,12345
0.0,0.1,31,35,HCP,1.0,10.890549605266518,10.890549605266518,1.5767393872298544e-15,0,12345
0.0,0.1,31,35,Pooling,0.93,7.747752220753505,7.747752220753505,0.0,0,12345
0.0,0.1,31,35,Repeated,0.96,8.952407432055008,8.952407432055008,1.7401008445872258e-15,0,12345
0.0,0.1,31,35,S-HCP-within,0.95,6.763501403419436,6.705753077294318,1.618505836316864,0,12345
0.0,0.1,31,35,Std-CP,0.99,6.606901821109444,6.334128783211401,2.139682026348931,0,12345
0.0,0.1,31,35,Subsampling,0.93,7.747752220753505,7.747752220753505,0.0,0,12345
0.0,0.1,32,0,Donor-HCP-no-within,0.99,10.784703571436971,10.784703571436971,2.52480367108881e-16,0,12345
0.0,0.1,32,0,Donor-HCP-within,0.99,10.784703571436971,10.784703571436971,2.52480367108881e-16,0,12345
0.0,0.1,32,0,HCP,0.99,10.784703571436971,10.784703571436971,2.52480367108881e-16,0,12345
0.0,0.1,32,0,Pooling,0.87,6.924699496037241,6.924699496037241,1.1291265276791196e-15,0,12345
0.0,0.1,32,0,Repeated,0.94,8.438097269293257,8.438097269293259,1.616663158110819e-15,0,12345
0.0,0.1,32,0,S-HCP-within,0.93,7.967711003677067,7.731079507587183,1.7731463760584467,0,12345
0.0,0.1,32,0,Std-CP,1.0,,,,100,12345
0.0,0.1,32,0,Subsampling,0.96,10.135787419319783,10.135787419319783,2.52480367108881e-16,0,12345
0.0,0.1,32,5,Donor-HCP-no-within,0.98,9.205332638903924,9.43491242874292,0.7728889544000599,0,12345
0.0,0.1,32,5,Donor-HCP-within,0.98,9.585136327456048,9.668340896247578,1.0589712277507628,0,12345
0.0,0.1,32,5,HCP,0.99,10.784703571436971,10.784703571436971,2.52480367108881e-16,0,12345
0.0,0.1,32,5,Pooling,0.87,6.924699496037241,6.924699496037241,1.1291265276791196e-15,0,12345
0.0,0.1,32,5,Repeated,0.94,8.438097269293257,8.438097269293259,1.616663158110819e-15,0,12345
0.0,0.1,32,5,S-HCP-within,0.89,6.895480449915184,6.967451067829484,0.6794317810516167,0,12345
0.0,0.1,32,5,Std-CP,0.76,5.096570133657987,4.478544539648678,3.2699767165723586,0,12345
0.0,0.1,32,5,Subsampling,0.96,10.135787419319783,10.135787419319783,2.52480367108881e-16,0,12345
0.0,0.1,32,10,Donor-HCP-no-within,0.9,8.189437020091555,8.493683928056182,0.7841921660127319,0,12345
0.0,0.1,32,10,Donor-HCP-within,0.92,9.868493296361017,9.763892076805703,1.209791503702101,0,12345
0.0,0.1,32,10,HCP,0.99,10.784703571436971,10.784703571436971,2.52480367108881e-16,0,12345
0.0,0.1,32,10,Pooling,0.87,6.924699496037241,6.924699496037241,1.1291265276791196e-15,0,12345
0.0,0.1,32,10,Repeated,0.94,8.438097269293257,8.438097269293259,1.616663158110819e-15,0,12345
0.0,0.1,32,10,S-HCP-within,0.85,6.888728462494337,6.924559875571113,0.5667785259443325,0,12345
0.0,0.1,32,10,Std-CP,0.88,94.0133322399306,11.067443346298447,441.61746198694453,0,12345
0.0,0.1,32,10,Subsampling,0.96,10.135787419319783,10.135787419319783,2.52480367108881e-16,0,12345
0.0,0.1,32,15,Donor-HCP-no-within,0.92,7.478632588321049,7.455458282708079,0.6332018405680697,0,12345
0.0,0.1,32,15,Donor-HCP-within,0.96,6.929482091523148,6.995499800589926,0.28921093453853125,0,12345
0.0,0.1,32,15,HCP,0.99,10.784703571436971,10.784703571436971,2.52480367108881e-16,0,12345
0.0,0.1,32,15,Pooling,0.87,6.924699496037241,6.924699496037241,1.1291265276791196e-15,0,12345
0.0,0.1,32,15,Repeated,0.94,8.438097269293257,8.438097269293259,1.616663158110819e-15,0,12345
0.0,0.1,32,15,S-HCP-within,0.86,6.785040039486177,6.632565474289045,0.5427150431135271,0,12345
0.0,0.1,32,15,Std-CP,0.91,8.889268524836888,7.590898197876399,5.3044441476858415,0,12345
0.0,0.1,32,15,Subsampling,0.96,10.135787419319783,10.135787419319783,2.52480367108881e-16,0,12345
0.0,0.1,32,20,Donor-HCP-no-within,0.93,7.004689716169749,6.909721852788895,0.5782380199498193,0,12345
0.0,0.1,32,20,Donor-HCP-within,0.91,5.99422774653421,6.013224298554569,0.3134635965069461,0,12345
0.0,0.1,32,20,HCP,0.99,10.784703571436971,10.784703571436971,2.52480367108881e-16,0,12345
0.0,0.1,32,20,Pooling,0.87,6.924699496037241,6.924699496037241,1.1291265276791196e-15,0,12345
0.0,0.1,32,20,Repeated,0.94,8.438097269293257,8.438097269293259,1.616663158110819e-15,0,12345
0.0,0.1,32,20,S-HCP-within,0.88,6.619931964184003,6.442766513855844,0.45121552298159395,0,12345
0.0,0.1,32,20,Std-CP,0.98,6.683449133221217,6.235653935975671,2.6371897108354396,0,12345
0.0,0.1,32,20,Subsampling,0.96,10.135787419319783,10.135787419319783,2.52480367108881e-16,0,12345
0.0,0.1,32,25,Donor-HCP-no-within,0.97,6.570489739653458,6.577291188367324,1.667499202188243,0,12345
0.0,0.1,32,25,Donor-HCP-within,0.95,6.025539488176032,5.658491612096304,2.0873159771457073,0,12345
0.0,0.1,32,25,HCP,0.99,10.784703571436971,10.784703571436971,2.52480367108881e-16,0,12345
0.0,0.1,32,25,Pooling,0.87,6.924699496037241,6.924699496037241,1.1291265276791196e-15,0,12345
0.0,0.1,32,25,Repeated,0.94,8.438097269293257,8.438097269293259,1.616663158110819e-15,0,12345
0.0,0.1,32,25,S-HCP-within,0.96,6.90271859745219,7.041482050175307,2.1002693039832163,0,12345
0.0,0.1,32,25,Std-CP,0.95,6.343353560298353,6.129663440806588,1.9995478890259488,0,12345
0.0,0.1,32,25,Subsampling,0.96,10.135787419319783,10.135787419319783,2.52480367108881e-16,0,12345
0.0,0.1,32,30,Donor-HCP-no-within,0.93,6.100078447969926,6.09787174733163,1.6147564123843519,0,12345
0.0,0.1,32,30,Donor-HCP-within,0.95,5.900132658888731,5.8775419467036505,1.8890944691687512,0,12345
0.0,0.1,32,30,HCP,0.99,10.784703571436971,10.784703571436971,2.52480367108881e-16,0,12345
0.0,0.1,32,30,Pooling,0.87,6.924699496037241,6.924699496037241,1.1291265276791196e-15,0,12345
0.0,0.1,32,30,Repeated,0.94,8.438097269293257,8.438097269293259,1.616663158110819e-15,0,12345
0.0,0.1,32,30,S-HCP-within,0.95,6.928961296989737,7.001405194492104,2.1113396318577977,0,12345
0.0,0.1,32,30,Std-CP,0.95,6.234530901188262,5.979743794992667,2.0430763880761225,0,12345
0.0,0.1,32,30,Subsampling,0.96,10.135787419319783,10.135787419319783,2.52480367108881e-16,0,12345
0.0,0.1,32,35,Donor-HCP-no-within,0.95,6.345354695722937,6.2178761133267635,1.584993795918793,0,12345
0.0,0.1,32,35,Donor-HCP-within,0.97,6.135755560716484,6.250475362149494,1.9145675420254828,0,12345
0.0,0.1,32,35,HCP,0.99,10.784703571436971,10.784703571436971,2.52480367108881e-16,0,12345
0.0,0.1,32,35,Pooling,0.87,6.924699496037241,6.924699496037241,1.1291265276791196e-15,0,12345
0.0,0.1,32,35,Repeated,0.94,8.438097269293257,8.438097269293259,1.616663158110819e-15,0,12345
0.0,0.1,32,35,S-HCP-within,0.96,7.193354487506474,7.164301544834666,2.141393071733078,0,12345
0.0,0.1,32,35,Std-CP,0.99,6.0966586721257165,5.999814472653325,1.687105526743551,0,12345
0.0,0.1,32,35,Subsampling,0.96,10.135787419319783,10.135787419319783,2.52480367108881e-16,0,12345
0.0,0.1,33,0,Donor-HCP-no-within,0.86,7.9639789472190685,7.9639789472190685,0.0,0,12345
0.0,0.1,33,0,Donor-HCP-within,0.86,7.9639789472190685,7.9639789472190685,0.0,0,12345
0.0,0.1,33,0,HCP,0.86,7.9639789472190685,7.9639789472190685,0.0,0,12345
0.0,0.1,33,0,Pooling,0.73,5.645936314120945,5.645936314120945,0.0,0,12345
0.0,0.1,33,0,Repeated,0.8,6.613267139974668,6.613267139974667,4.638360521155014e-16,0,12345
0.0,0.1,33,0,S-HCP-within,0.82,6.844096956193551,6.110638050834481,2.601440316445154,0,12345
0.0,0.1,33,0,Std-CP,1.0,,,,100,12345
0.0,0.1,33,0,Subsampling,0.78,6.235041989316742,6.235041989316741,0.0,0,12345
0.0,0.1,33,5,Donor-HCP-no-within,0.78,6.480353276505598,6.422950698326925,0.27819662309149296,0,12345
0.0,0.1,33,5,Donor-HCP-within,0.92,7.814241294141883,7.682424617413183,0.5667906275106357,0,12345
0.0,0.1,33,5,HCP,0.86,7.9639789472190685,7.9639789472190685,0.0,0,12345
0.0,0.1,33,5,Pooling,0.73,5.645936314120945,5.645936314120945,0.0,0,12345
0.0,0.1,33,5,Repeated,0.8,6.613267139974668,6.613267139974667,4.638360521155014e-16,0,12345
0.0,0.1,33,5,S-HCP-within,0.8,5.913789534797867,5.800916705550984,0.8694628042503716,0,12345
0.0,0.1,33,5,Std-CP,0.77,5.954643593608065,4.972486208091258,3.7526576906203277,0,12345
0.0,0.1,33,5,Subsampling,0.78,6.235041989316742,6.235041989316741,0.0,0,12345
0.0,0.1,33,10,Donor-HCP-no-within,0.75,6.079247365599814,5.960785575121368,0.34878439647477805,0,12345
0.0,0.1,33,10,Donor-HCP-within,0.94,10.37280742544913,10.46732436723983,0.8371623743592912,0,12345
0.0,0.1,33,10,HCP,0.86,7.9639789472190685,7.9639789472190685,0.0,0,12345
0.0,0.1,33,10,Pooling,0.73,5.645936314120945,5.645936314120945,0.0,0,12345
0.0,0.1,33,10,Repeated,0.8,6.613267139974668,6.613267139974667,4.638360521155014e-16,0,12345
0.0,0.1,33,10,S-HCP-within,0.83,5.881828010291957,5.748873631934652,0.7413664977137114,0,12345
0.0,0.1,33,10,Std-CP,0.89,53.22601894891438,11.885245962624415,259.3226365618759,0,12345
0.0,0.1,33,10,Subsampling,0.78,6.235041989316742,6.235041989316741,0.0,0,12345
0.0,0.1,33,15,Donor-HCP-no-within,0.72,5.7688449839243034,5.7356750079587595,0.3076457869655641,0,12345
0.0,0.1,33,15,Donor-HCP-within,1.0,9.741478259753617,9.924096952094317,1.32793269503252,0,12345
0.0,0.1,33,15,HCP,0.86,7.9639789472190685,7.9639789472190685,0.0,0,12345
0.0,0.1,33,15,Pooling,0.73,5.645936314120945,5.645936314120945,0.0,0,12345
0.0,0.1,33,15,Repeated,0.8,6.613267139974668,6.613267139974667,4.638360521155014e-16,0,12345
0.0,0.1,33,15,S-HCP-within,0.8,5.7402656206383345,5.486613414326634,0.61946218609578,0,12345
0.0,0.1,33,15,Std-CP,0.94,10.258103156567877,8.476387886251423,7.784067688281828,0,12345
0.0,0.1,33,15,Subsampling,0.78,6.235041989316742,6.235041989316741,0.0,0,12345
0.0,0.1,33,20,Donor-HCP-no-within,0.73,5.539883689785734,5.437134587448215,0.3730948792389667,0,12345
0.0,0.1,33,20,Donor-HCP-within,0.89,5.148318744238915,5.109184589898823,0.22709516864224863,0,12345
0.0,0.1,33,20,HCP,0.86,7.9639789472190685,7.9639789472190685,0.0,0,12345
0.0,0.1,33,20,Pooling,0.73,5.645936314120945,5.645936314120945,0.0,0,12345
0.0,0.1,33,20,Repeated,0.8,6.613267139974668,6.613267139974667,4.638360521155014e-16,0,12345
0.0,0.1,33,20,S-HCP-within,0.76,5.60727745042386,5.486613414326634,0.49125018645097057,0,12345
0.0,0.1,33,20,Std-CP,0.94,6.837188399632193,6.168167083285971,2.68323837691999,0,12345
0.0,0.1,33,20,Subsampling,0.78,6.235041989316742,6.235041989316741,0.0,0,12345
0.0,0.1,33,25,Donor-HCP-no-within,0.93,7.048550468341952,6.814902011276913,2.195906870918628,0,12345
0.0,0.1,33,25,Donor-HCP-within,0.97,6.582380227479359,5.692177934171232,2.777706785672134,0,12345
0.0,0.1,33,25,HCP,0.86,7.9639789472190685,7.9639789472190685,0.0,0,12345
0.0,0.1,33,25,Pooling,0.73,5.645936314120945,5.645936314120945,0.0,0,12345
0.0,0.1,33,25,Repeated,0.8,6.613267139974668,6.613267139974667,4.638360521155014e-16,0,12345
0.0,0.1,33,25,S-HCP-within,0.93,7.312952113067094,7.019764742107087,2.404163697316585,0,12345
0.0,0.1,33,25,Std-CP,0.94,6.415204099753697,6.304897288523036,2.094141046786132,0,12345
0.0,0.1,33,25,Subsampling,0.78,6.235041989316742,6.235041989316741,0.0,0,12345
0.0,0.1,33,30,Donor-HCP-no-within,0.91,6.621088737027541,6.3348090428939035,2.045330946032445,0,12345
0.0,0.1,33,30,Donor-HCP-within,0.99,6.206799014809295,5.7073701742928,2.1035723192097953,0,12345
0.0,0.1,33,30,HCP,0.86,7.9639789472190685,7.9639789472190685,0.0,0,12345
0.0,0.1,33,30,Pooling,0.73,5.645936314120945,5.645936314120945,0.0,0,12345
0.0,0.1,33,30,Repeated,0.8,6.613267139974668,6.613267139974667,4.638360521155014e-16,0,12345
0.0,0.1,33,30,S-HCP-within,0.96,7.592548537847156,7.153332032177074,2.349887104932304,0,12345
0.0,0.1,33,30,Std-CP,0.92,6.457302462139289,5.702741548574218,2.520257576385266,0,12345
0.0,0.1,33,30,Subsampling,0.78,6.235041989316742,6.235041989316741,0.0,0,12345
0.0,0.1,33,35,Donor-HCP-no-within,0.92,6.781845852555067,6.4128162391856005,2.0746220752440405,0,12345
0.0,0.1,33,35,Donor-HCP-within,0.94,6.065746337342444,5.4581984701885595,2.010795038663594,0,12345
0.0,0.1,33,35,HCP,0.86,7.9639789472190685,7.9639789472190685,0.0,0,12345
0.0,0.1,33,35,Pooling,0.73,5.645936314120945,5.645936314120945,0.0,0,12345
0.0,0.1,33,35,Repeated,0.8,6.613267139974668,6.613267139974667,4.638360521155014e-16,0,12345
0.0,0.1,33,35,S-HCP-within,0.96,7.668594559984059,7.175235050033568,2.2511961436484924,0,12345
0.0,0.1,33,35,Std-CP,0.96,6.257270226938098,5.731111845091128,2.15731886356678,0,12345
0.0,0.1,33,35,Subsampling,0.78,6.235041989316742,6.235041989316741,0.0,0,12345
0.0,0.1,34,0,Donor-HCP-no-within,1.0,12.622897710578783,12.622897710578783,7.781967552403668e-16,0,12345
0.0,0.1,34,0,Donor-HCP-within,1.0,12.622897710578783,12.622897710578783,7.781967552403668e-16,0,12345
0.0,0.1,34,0,HCP,1.0,12.622897710578783,12.622897710578783,7.781967552403668e-16,0,12345
0.0,0.1,34,0,Pooling,0.91,7.314933875933292,7.314933875933292,6.43701159343627e-16,0,12345
0.0,0.1,34,0,Repeated,0.97,8.144367751264868,8.144367751264868,2.1938204919831897e-15,0,12345
0.0,0.1,34,0,S-HCP-within,0.91,8.6679900605241,8.574807266740057,1.6582595563729845,0,12345
0.0,0.1,34,0,Std-CP,1.0,,,,100,12345
0.0,0.1,34,0,Subsampling,1.0,12.622897710578783,12.622897710578783,7.781967552403668e-16,0,12345
0.0,0.1,34,5,Donor-HCP-no-within,0.98,9.645056313878667,9.498895194797427,0.7870580176009414,0,12345
0.0,0.1,34,5,Donor-HCP-within,0.99,10.334449292419258,10.28862641830138,0.4866357640628369,0,12345
0.0,0.1,34,5,HCP,1.0,12.622897710578783,12.622897710578783,7.781967552403668e-16,0,12345
0.0,0.1,34,5,Pooling,0.91,7.314933875933292,7.314933875933292,6.43701159343627e-16,0,12345
0.0,0.1,34,5,Repeated,0.97,8.144367751264868,8.144367751264868,2.1938204919831897e-15,0,12345
0.0,0.1,34,5,S-HCP-within,0.89,8.23117472231475,8.242946073384092,0.5647945591713789,0,12345
0.0,0.1,34,5,Std-CP,0.78,5.598931230132624,4.48180822372397,3.9181180264455535,0,12345
0.0,0.1,34,5,Subsampling,1.0,12.622897710578783,12.622897710578783,7.781967552403668e-16,0,12345
0.0,0.1,34,10,Donor-HCP-no-within,0.97,8.989582132190499,8.811100753990774,0.9312815993820183,0,12345
0.0,0.1,34,10,Donor-HCP-within,0.98,40.09331443074659,41.34833363022681,7.247822305977811,0,12345
0.0,0.1,34,10,HCP,1.0,12.622897710578783,12.622897710578783,7.781967552403668e-16,0,12345
0.0,0.1,34,10,Pooling,0.91,7.314933875933292,7.314933875933292,6.43701159343627e-16,0,12345
0.0,0.1,34,10,Repeated,0.97,8.144367751264868,8.144367751264868,2.1938204919831897e-15,0,12345
0.0,0.1,34,10,S-HCP-within,0.9,8.21933469260809,8.22862000766904,0.5686447302503547,0,12345
0.0,0.1,34,10,Std-CP,0.8,45.203728522993245,10.940957190454096,180.49560581175226,0,12345
0.0,0.1,34,10,Subsampling,1.0,12.622897710578783,12.622897710578783,7.781967552403668e-16,0,12345
0.0,0.1,34,15,Donor-HCP-no-within,0.95,8.483724121802897,8.193846909786647,1.0274641080724398,0,12345
0.0,0.1,34,15,Donor-HCP-within,0.96,8.234007943572085,8.223082823235632,0.4639012613034528,0,12345
0.0,0.1,34,15,HCP,1.0,12.622897710578783,12.622897710578783,7.781967552403668e-16,0,12345
0.0,0.1,34,15,Pooling,0.91,7.314933875933292,7.314933875933292,6.43701159343627e-16,0,12345
0.0,0.1,34,15,Repeated,0.97,8.144367751264868,8.144367751264868,2.1938204919831897e-15,0,12345
0.0,0.1,34,15,S-HCP-within,0.89,8.231847862881727,8.22862000766904,0.5233008803175171,0,12345
0.0,0.1,34,15,Std-CP,0.9,8.811372783427945,7.0420913219323396,5.569664380682595,0,12345
0.0,0.1,34,15,Subsampling,1.0,12.622897710578783,12.622897710578783,7.781967552403668e-16,0,12345
0.0,0.1,34,20,Donor-HCP-no-within,0.93,7.844279194435655,7.736357897674722,1.1028376020664061,0,12345
0.0,0.1,34,20,Donor-HCP-within,0.94,6.420530096270095,6.479570098786581,0.22388310760903934,0,12345
0.0,0.1,34,20,HCP,1.0,12.622897710578783,12.622897710578783,7.781967552403668e-16,0,12345
0.0,0.1,34,20,Pooling,0.91,7.314933875933292,7.314933875933292,6.43701159343627e-16,0,12345
0.0,0.1,34,20,Repeated,0.97,8.144367751264868,8.144367751264868,2.1938204919831897e-15,0,12345
0.0,0.1,34,20,S-HCP-within,0.89,8.100019971872946,8.070776569049357,0.3528530958399258,0,12345
0.0,0.1,34,20,Std-CP,0.91,6.793141884445513,6.549765078355336,2.6140042181088052,0,12345
0.0,0.1,34,20,Subsampling,1.0,12.622897710578783,12.622897710578783,7.781967552403668e-16,0,12345
0.0,0.1,34,25,Donor-HCP-no-within,0.92,6.8142986592529295,6.543902749091961,2.127265981865644,0,12345
0.0,0.1,34,25,Donor-HCP-within,0.92,6.73087202039335,6.257709259925767,3.173145439104808,0,12345
0.0,0.1,34,25,HCP,1.0,12.622897710578783,12.622897710578783,7.781967552403668e-16,0,12345
0.0,0.1,34,25,Pooling,0.91,7.314933875933292,7.314933875933292,6.43701159343627e-16,0,12345
0.0,0.1,34,25,Repeated,0.97,8.144367751264868,8.144367751264868,2.1938204919831897e-15,0,12345
0.0,0.1,34,25,S-HCP-within,0.91,7.291780408883113,7.0511591718931985,2.428702827565905,0,12345
0.0,0.1,34,25,Std-CP,0.95,6.519581836600947,5.974570773583337,2.608755149522345,0,12345
0.0,0.1,34,25,Subsampling,1.0,12.622897710578783,12.622897710578783,7.781967552403668e-16,0,12345
0.0,0.1,34,30,Donor-HCP-no-within,0.88,6.343343876272056,5.902182301473154,2.0732963366178985,0,12345
0.0,0.1,34,30,Donor-HCP-within,0.94,6.247040402775599,6.026488856577497,2.257736051437108,0,12345
0.0,0.1,34,30,HCP,1.0,12.622897710578783,12.622897710578783,7.781967552403668e-16,0,12345
0.0,0.1,34,30,Pooling,0.91,7.314933875933292,7.314933875933292,6.43701159343627e-16,0,12345
0.0,0.1,34,30,Repeated,0.97,8.144367751264868,8.144367751264868,2.1938204919831897e-15,0,12345
0.0,0.1,34,30,S-HCP-within,0.94,7.3950770516331525,6.99393818151244,2.3644132719435644,0,12345
0.0,0.1,34,30,Std-CP,0.96,6.23343427325318,5.888182156024583,2.1423459396821896,0,12345
0.0,0.1,34,30,Subsampling,1.0,12.622897710578783,12.622897710578783,7.781967552403668e-16,0,12345
0.0,0.1,34,35,Donor-HCP-no-within,0.89,6.474248228084004,5.950092171078819,2.0317287421531596,0,12345
0.0,0.1,34,35,Donor-HCP-within,0.95,6.171407907662236,5.917272301216617,2.0630706576007323,0,12345
0.0,0.1,34,35,HCP,1.0,12.622897710578783,12.622897710578783,7.781967552403668e-16,0,12345
0.0,0.1,34,35,Pooling,0.91,7.314933875933292,7.314933875933292,6.43701159343627e-16,0,12345
0.0,0.1,34,35,Repeated,0.97,8.144367751264868,8.144367751264868,2.1938204919831897e-15,0,12345
0.0,0.1,34,35,S-HCP-within,0.93,7.423320390577584,6.999995558908158,2.3266064500726964,0,12345
0.0,0.1,34,35,Std-CP,0.93,5.994312413909913,6.152535109457563,1.9110094686195094,0,12345
0.0,0.1,34,35,Subsampling,1.0,12.622897710578783,12.622897710578783,7.781967552403668e-16,0,12345
0.0,0.1,35,0,Donor-HCP-no-within,0.98,9.297561900107802,9.297561900107802,9.61416594793231e-16,0,12345
0.0,0.1,35,0,Donor-HCP-within,0.98,9.297561900107802,9.297561900107802,9.61416594793231e-16,0,12345
0.0,0.1,35,0,HCP,0.98,9.297561900107802,9.297561900107802,9.61416594793231e-16,0,12345
0.0,0.1,35,0,Pooling,0.87,5.318051843854749,5.31805184385475,1.1570103937666858e-15,0,12345
0.0,0.1,35,0,Repeated,0.94,6.516807815171409,6.516807815171408,1.009921468435524e-15,0,12345
0.0,0.1,35,0,S-HCP-within,0.96,8.06365731652088,7.397223909553718,2.2945079541712796,0,12345
0.0,0.1,35,0,Std-CP,1.0,,,,100,12345
0.0,0.1,35,0,Subsampling,0.94,6.888838385451841,6.888838385451841,1.2718346080767228e-15,0,12345
0.0,0.1,35,5,Donor-HCP-no-within,0.94,6.906411185685093,6.931734904160905,0.39482585459409564,0,12345
0.0,0.1,35,5,Donor-HCP-within,0.96,7.53963992221353,7.610507638413907,0.5040747958993639,0,12345
0.0,0.1,35,5,HCP,0.98,9.297561900107802,9.297561900107802,9.61416594793231e-16,0,12345
0.0,0.1,35,5,Pooling,0.87,5.318051843854749,5.31805184385475,1.1570103937666858e-15,0,12345
0.0,0.1,35,5,Repeated,0.94,6.516807815171409,6.516807815171408,1.009921468435524e-15,0,12345
0.0,0.1,35,5,S-HCP-within,0.95,7.100502265245496,7.027364033112877,0.6868417018312253,0,12345
0.0,0.1,35,5,Std-CP,0.7,5.599539167331402,4.532634457653058,4.005124495455329,0,12345
0.0,0.1,35,5,Subsampling,0.94,6.888838385451841,6.888838385451841,1.2718346080767228e-15,0,12345
0.0,0.1,35,10,Donor-HCP-no-within,0.91,5.999163027226125,5.9068830779197175,0.40303791852730547,0,12345
0.0,0.1,35,10,Donor-HCP-within,0.89,14.356595500642714,14.077657529891503,1.891687924720136,0,12345
0.0,0.1,35,10,HCP,0.98,9.297561900107802,9.297561900107802,9.61416594793231e-16,0,12345
0.0,0.1,35,10,Pooling,0.87,5.318051843854749,5.31805184385475,1.1570103937666858e-15,0,12345
0.0,0.1,35,10,Repeated,0.94,6.516807815171409,6.516807815171408,1.009921468435524e-15,0,12345
0.0,0.1,35,10,S-HCP-within,0.94,6.930741888764598,6.9259377048479465,0.7307832853505207,0,12345
0.0,0.1,35,10,Std-CP,0.83,50.24207374103802,11.380830348786692,141.33879959674906,0,12345
0.0,0.1,35,10,Subsampling,0.94,6.888838385451841,6.888838385451841,1.2718346080767228e-15,0,12345
0.0,0.1,35,15,Donor-HCP-no-within,0.89,5.633130158275523,5.565419282439169,0.34319844597348187,0,12345
0.0,0.1,35,15,Donor-HCP-within,0.94,6.33400030962337,6.2456238766659276,0.624068859538204,0,12345
0.0,0.1,35,15,HCP,0.98,9.297561900107802,9.297561900107802,9.61416594793231e-16,0,12345
0.0,0.1,35,15,Pooling,0.87,5.318051843854749,5.31805184385475,1.1570103937666858e-15,0,12345
0.0,0.1,35,15,Repeated,0.94,6.516807815171409,6.516807815171408,1.009921468435524e-15,0,12345
0.0,0.1,35,15,S-HCP-within,0.93,6.952666888376479,6.9259377048479465,0.5602225464627314,0,12345
0.0,0.1,35,15,Std-CP,0.86,9.891835547630988,7.790652686583986,7.741958116211114,0,12345
0.0,0.1,35,15,Subsampling,0.94,6.888838385451841,6.888838385451841,1.2718346080767228e-15,0,12345
0.0,0.1,35,20,Donor-HCP-no-within,0.86,5.314435153035762,5.261737342338986,0.25689180163344444,0,12345
0.0,0.1,35,20,Donor-HCP-within,0.87,5.221890231444558,5.255870006419128,0.21150583099779716,0,12345
0.0,0.1,35,20,HCP,0.98,9.297561900107802,9.297561900107802,9.61416594793231e-16,0,12345
0.0,0.1,35,20,Pooling,0.87,5.318051843854749,5.31805184385475,1.1570103937666858e-15,0,12345
0.0,0.1,35,20,Repeated,0.94,6.516807815171409,6.516807815171408,1.009921468435524e-15,0,12345
0.0,0.1,35,20,S-HCP-within,0.94,6.81141463124538,6.9206866889586145,0.41861247495750153,0,12345
0.0,0.1,35,20,Std-CP,0.91,7.041937710613331,6.095948692746562,4.233995005259557,0,12345
0.0,0.1,35,20,Subsampling,0.94,6.888838385451841,6.888838385451841,1.2718346080767228e-15,0,12345
0.0,0.1,35,25,Donor-HCP-no-within,0.91,6.368032276168747,5.760721882828641,2.103432015090151,0,12345
0.0,0.1,35,25,Donor-HCP-within,0.92,6.360632711582753,6.27257979595922,1.9033451699553292,0,12345
0.0,0.1,35,25,HCP,0.98,9.297561900107802,9.297561900107802,9.61416594793231e-16,0,12345
0.0,0.1,35,25,Pooling,0.87,5.318051843854749,5.31805184385475,1.1570103937666858e-15,0,12345
0.0,0.1,35,25,Repeated,0.94,6.516807815171409,6.516807815171408,1.009921468435524e-15,0,12345
0.0,0.1,35,25,S-HCP-within,0.93,6.8273404378225635,6.452563943392126,2.3546505691359685,0,12345
0.0,0.1,35,25,Std-CP,0.95,6.66682644663068,6.154523088447439,2.310868203529111,0,12345
0.0,0.1,35,25,Subsampling,0.94,6.888838385451841,6.888838385451841,1.2718346080767228e-15,0,12345
0.0,0.1,35,30,Donor-HCP-no-within,0.89,5.927350502399057,5.2703903791767,1.9434688292537048,0,12345
0.0,0.1,35,30,Donor-HCP-within,0.91,6.256253400836163,6.228470183271994,1.7280188017162317,0,12345
0.0,0.1,35,30,HCP,0.98,9.297561900107802,9.297561900107802,9.61416594793231e-16,0,12345
0.0,0.1,35,30,Pooling,0.87,5.318051843854749,5.31805184385475,1.1570103937666858e-15,0,12345
0.0,0.1,35,30,Repeated,0.94,6.516807815171409,6.516807815171408,1.009921468435524e-15,0,12345
0.0,0.1,35,30,S-HCP-within,0.94,6.708629779619635,6.2663049107187,2.255757713741456,0,12345
0.0,0.1,35,30,Std-CP,0.92,6.4646676337377835,6.327373193161181,2.2500767724814064,0,12345
0.0,0.1,35,30,Subsampling,0.94,6.888838385451841,6.888838385451841,1.2718346080767228e-15,0,12345
0.0,0.1,35,35,Donor-HCP-no-within,0.9,6.077073508046956,5.51494665552884,1.9555884041566158,0,12345
0.0,0.1,35,35,Donor-HCP-within,0.92,6.194176635765442,6.139552739863458,1.7784131784359616,0,12345
0.0,0.1,35,35,HCP,0.98,9.297561900107802,9.297561900107802,9.61416594793231e-16,0,12345
0.0,0.1,35,35,Pooling,0.87,5.318051843854749,5.31805184385475,1.1570103937666858e-15,0,12345
0.0,0.1,35,35,Repeated,0.94,6.516807815171409,6.516807815171408,1.009921468435524e-15,0,12345
0.0,0.1,35,35,S-HCP-within,0.98,6.839278056522127,6.414016860263272,2.1410477704669604,0,12345
0.0,0.1,35,35,Std-CP,0.95,6.513523362077343,6.325614002018503,2.0492970643858333,0,12345
0.0,0.1,35,35,Subsampling,0.94,6.888838385451841,6.888838385451841,1.2718346080767228e-15,0,12345
0.0,0.1,36,0,Donor-HCP-no-within,0.99,14.192622280523253,14.192622280523253,9.10330909659042e-16,0,12345
0.0,0.1,36,0,Donor-HCP-within,0.99,14.192622280523253,14.192622280523253,9.10330909659042e-16,0,12345
0.0,0.1,36,0,HCP,0.99,14.192622280523253,14.192622280523253,9.10330909659042e-16,0,12345
0.0,0.1,36,0,Pooling,0.96,9.535000141810976,9.535000141810976,7.574411013266429e-16,0,12345
0.0,0.1,36,0,Repeated,0.98,11.2229994139078,11.2229994139078,8.18129895335741e-16,0,12345
0.0,0.1,36,0,S-HCP-within,0.97,10.472153412503499,10.65731438767661,1.7516735973252093,0,12345
0.0,0.1,36,0,Std-CP,1.0,,,,100,12345
0.0,0.1,36,0,Subsampling,0.96,9.660521183070756,9.660521183070756,7.574411013266429e-16,0,12345
0.0,0.1,36,5,Donor-HCP-no-within,0.97,12.351844356012917,12.576820692243473,1.1835784148697022,0,12345
0.0,0.1,36,5,Donor-HCP-within,1.0,11.025196782094449,10.659352535777288,0.6695955833403221,0,12345
0.0,0.1,36,5,HCP,0.99,14.192622280523253,14.192622280523253,9.10330909659042e-16,0,12345
0.0,0.1,36,5,Pooling,0.96,9.535000141810976,9.535000141810976,7.574411013266429e-16,0,12345
0.0,0.1,36,5,Repeated,0.98,11.2229994139078,11.2229994139078,8.18129895335741e-16,0,12345
0.0,0.1,36,5,S-HCP-within,0.96,9.7427557600034,9.532558801461857,0.8346577653944269,0,12345
0.0,0.1,36,5,Std-CP,0.82,6.177310386383815,4.791102192729688,4.862260534434756,0,12345
0.0,0.1,36,5,Subsampling,0.96,9.660521183070756,9.660521183070756,7.574411013266429e-16,0,12345
0.0,0.1,36,10,Donor-HCP-no-within,0.97,10.51707517694119,10.47836910484483,0.5629154867950703,0,12345
0.0,0.1,36,10,Donor-HCP-within,0.91,14.16896071614067,14.169376309659945,1.4170513241068485,0,12345
0.0,0.1,36,10,HCP,0.99,14.192622280523253,14.192622280523253,9.10330909659042e-16,0,12345
0.0,0.1,36,10,Pooling,0.96,9.535000141810976,9.535000141810976,7.574411013266429e-16,0,12345
0.0,0.1,36,10,Repeated,0.98,11.2229994139078,11.2229994139078,8.18129895335741e-16,0,12345
0.0,0.1,36,10,S-HCP-within,0.95,9.674585213352877,9.459459903037246,0.727685862575926,0,12345
0.0,0.1,36,10,Std-CP,0.74,35.3397186375989,11.67066305070258,72.59490946625843,0,12345
0.0,0.1,36,10,Subsampling,0.96,9.660521183070756,9.660521183070756,7.574411013266429e-16,0,12345
0.0,0.1,36,15,Donor-HCP-no-within,0.96,9.753525724351753,9.734628441514136,0.4677883224355812,0,12345
0.0,0.1,36,15,Donor-HCP-within,0.97,8.104021005148814,8.000604702239883,0.7676795967427041,0,12345
0.0,0.1,36,15,HCP,0.99,14.192622280523253,14.192622280523253,9.10330909659042e-16,0,12345
0.0,0.1,36,15,Pooling,0.96,9.535000141810976,9.535000141810976,7.574411013266429e-16,0,12345
0.0,0.1,36,15,Repeated,0.98,11.2229994139078,11.2229994139078,8.18129895335741e-16,0,12345
0.0,0.1,36,15,S-HCP-within,0.96,9.621547304854534,9.47869558829666,0.48077597447784,0,12345
0.0,0.1,36,15,Std-CP,0.92,7.876555293752939,6.994093719213174,3.779843743171142,0,12345
0.0,0.1,36,15,Subsampling,0.96,9.660521183070756,9.660521183070756,7.574411013266429e-16,0,12345
0.0,0.1,36,20,Donor-HCP-no-within,0.96,9.237367297197334,9.191196189710844,0.5355745119062678,0,12345
0.0,0.1,36,20,Donor-HCP-within,0.92,6.121414059888249,6.061154128253882,0.25682138329538684,0,12345
0.0,0.1,36,20,HCP,0.99,14.192622280523253,14.192622280523253,9.10330909659042e-16,0,12345
0.0,0.1,36,20,Pooling,0.96,9.535000141810976,9.535000141810976,7.574411013266429e-16,0,12345
0.0,0.1,36,20,Repeated,0.98,11.2229994139078,11.2229994139078,8.18129895335741e-16,0,12345
0.0,0.1,36,20,S-HCP-within,0.96,9.481931677343992,9.459459903037242,0.4331641175793983,0,12345
0.0,0.1,36,20,Std-CP,0.89,6.623025443724214,5.837984845694086,3.2056439271338557,0,12345
0.0,0.1,36,20,Subsampling,0.96,9.660521183070756,9.660521183070756,7.574411013266429e-16,0,12345
0.0,0.1,36,25,Donor-HCP-no-within,0.95,6.271906744583667,5.995273509116703,2.132238841717087,0,12345
0.0,0.1,36,25,Donor-HCP-within,0.91,5.886893118692111,5.704500560726343,1.9360916279335412,0,12345
0.0,0.1,36,25,HCP,0.99,14.192622280523253,14.192622280523253,9.10330909659042e-16,0,12345
0.0,0.1,36,25,Pooling,0.96,9.535000141810976,9.535000141810976,7.574411013266429e-16,0,12345
0.0,0.1,36,25,Repeated,0.98,11.2229994139078,11.2229994139078,8.18129895335741e-16,0,12345
0.0,0.1,36,25,S-HCP-within,0.94,6.638441561502784,6.311417020308616,2.3308749712797088,0,12345
0.0,0.1,36,25,Std-CP,0.92,6.264283186217293,5.8821855138323995,2.395611827466386,0,12345
0.0,0.1,36,25,Subsampling,0.96,9.660521183070756,9.660521183070756,7.574411013266429e-16,0,12345
0.0,0.1,36,30,Donor-HCP-no-within,0.91,5.9525610701098755,5.694766839390307,1.9531189653152505,0,12345
0.0,0.1,36,30,Donor-HCP-within,0.9,5.584340658428517,5.291849671730574,1.6833833790146817,0,12345
0.0,0.1,36,30,HCP,0.99,14.192622280523253,14.192622280523253,9.10330909659042e-16,0,12345
0.0,0.1,36,30,Pooling,0.96,9.535000141810976,9.535000141810976,7.574411013266429e-16,0,12345
0.0,0.1,36,30,Repeated,0.98,11.2229994139078,11.2229994139078,8.18129895335741e-16,0,12345
0.0,0.1,36,30,S-HCP-within,0.93,6.665926316019903,6.285326138744991,2.2873536014544436,0,12345
0.0,0.1,36,30,Std-CP,0.93,5.9819011461440175,5.882019274472551,1.9119269037479414,0,12345
0.0,0.1,36,30,Subsampling,0.96,9.660521183070756,9.660521183070756,7.574411013266429e-16,0,12345
0.0,0.1,36,35,Donor-HCP-no-within,0.95,6.194211203421187,6.047427187632961,1.9221898327020708,0,12345
0.0,0.1,36,35,Donor-HCP-within,0.94,6.06024251967665,5.7155126255793665,1.8284196403414763,0,12345
0.0,0.1,36,35,HCP,0.99,14.192622280523253,14.192622280523253,9.10330909659042e-16,0,12345
0.0,0.1,36,35,Pooling,0.96,9.535000141810976,9.535000141810976,7.574411013266429e-16,0,12345
0.0,0.1,36,35,Repeated,0.98,11.2229994139078,11.2229994139078,8.18129895335741e-16,0,12345
0.0,0.1,36,35,S-HCP-within,0.96,6.923884713818086,6.60151579997657,2.1674618652166977,0,12345
0.0,0.1,36,35,Std-CP,0.95,6.148344407765028,5.86473303372084,2.041078825653173,0,12345
0.0,0.1,36,35,Subsampling,0.96,9.660521183070756,9.660521183070756,7.574411013266429e-16,0,12345
0.0,0.1,37,0,Donor-HCP-no-within,0.99,10.527933233340612,10.527933233340612,3.9920651226976273e-16,0,12345
0.0,0.1,37,0,Donor-HCP-within,0.99,10.527933233340612,10.527933233340612,3.9920651226976273e-16,0,12345
0.0,0.1,37,0,HCP,0.99,10.527933233340612,10.527933233340612,3.9920651226976273e-16,0,12345
0.0,0.1,37,0,Pooling,0.9,7.235795266079711,7.23579526607971,1.0896217251034794e-15,0,12345
0.0,0.1,37,0,Repeated,0.95,8.292100924034415,8.292100924034415,3.5706115939831736e-16,0,12345
0.0,0.1,37,0,S-HCP-within,0.98,12.530899043307933,11.814538514487602,3.654986252205387,0,12345
0.0,0.1,37,0,Std-CP,1.0,,,,100,12345
0.0,0.1,37,0,Subsampling,0.96,8.542659319541407,8.542659319541407,3.5706115939831736e-16,0,12345
0.0,0.1,37,5,Donor-HCP-no-within,0.98,9.106591601315854,9.113770904745202,0.6567068756136373,0,12345
0.0,0.1,37,5,Donor-HCP-within,0.98,9.67776837052583,9.614623477124237,0.6163292727177412,0,12345
0.0,0.1,37,5,HCP,0.99,10.527933233340612,10.527933233340612,3.9920651226976273e-16,0,12345
0.0,0.1,37,5,Pooling,0.9,7.235795266079711,7.23579526607971,1.0896217251034794e-15,0,12345
0.0,0.1,37,5,Repeated,0.95,8.292100924034415,8.292100924034415,3.5706115939831736e-16,0,12345
0.0,0.1,37,5,S-HCP-within,0.93,9.68445942105601,9.596657847599921,1.1906132733461372,0,12345
0.0,0.1,37,5,Std-CP,0.77,5.708025577440343,5.133714847441674,3.374714096801596,0,12345
0.0,0.1,37,5,Subsampling,0.96,8.542659319541407,8.542659319541407,3.5706115939831736e-16,0,12345
0.0,0.1,37,10,Donor-HCP-no-within,0.95,8.186254866154721,7.945659558582945,0.6113815669434218,0,12345
0.0,0.1,37,10,Donor-HCP-within,0.97,25.697878454991674,27.691778533257384,5.446193791421069,0,12345
0.0,0.1,37,10,HCP,0.99,10.527933233340612,10.527933233340612,3.9920651226976273e-16,0,12345
0.0,0.1,37,10,Pooling,0.9,7.235795266079711,7.23579526607971,1.0896217251034794e-15,0,12345
0.0,0.1,37,10,Repeated,0.95,8.292100924034415,8.292100924034415,3.5706115939831736e-16,0,12345
0.0,0.1,37,10,S-HCP-within,0.94,9.39809499166102,9.480451482941401,0.8380544304480971,0,12345
0.0,0.1,37,10,Std-CP,0.84,39.94315950682088,11.730539722233646,123.57134791560655,0,12345
0.0,0.1,37,10,Subsampling,0.96,8.542659319541407,8.542659319541407,3.5706115939831736e-16,0,12345
0.0,0.1,37,15,Donor-HCP-no-within,0.9,7.756071843372879,7.553301986428728,0.6307325667134859,0,12345
0.0,0.1,37,15,Donor-HCP-within,0.92,6.901582030627498,6.89709362917331,0.5355400099187968,0,12345
0.0,0.1,37,15,HCP,0.99,10.527933233340612,10.527933233340612,3.9920651226976273e-16,0,12345
0.0,0.1,37,15,Pooling,0.9,7.235795266079711,7.23579526607971,1.0896217251034794e-15,0,12345
0.0,0.1,37,15,Repeated,0.95,8.292100924034415,8.292100924034415,3.5706115939831736e-16,0,12345
0.0,0.1,37,15,S-HCP-within,0.93,9.06302842917239,8.926030725817444,0.6780460912028895,0,12345
0.0,0.1,37,15,Std-CP,0.89,8.215878638706517,6.894501630002607,4.990518710883118,0,12345
0.0,0.1,37,15,Subsampling,0.96,8.542659319541407,8.542659319541407,3.5706115939831736e-16,0,12345
0.0,0.1,37,20,Donor-HCP-no-within,0.9,7.204437018092855,7.222816258215332,0.5207912361296981,0,12345
0.0,0.1,37,20,Donor-HCP-within,0.88,5.1849520795808735,5.131790875720395,0.3209239693744599,0,12345
0.0,0.1,37,20,HCP,0.99,10.527933233340612,10.527933233340612,3.9920651226976273e-16,0,12345
0.0,0.1,37,20,Pooling,0.9,7.235795266079711,7.23579526607971,1.0896217251034794e-15,0,12345
0.0,0.1,37,20,Repeated,0.95,8.292100924034415,8.292100924034415,3.5706115939831736e-16,0,12345
0.0,0.1,37,20,S-HCP-within,0.9,8.867292502356705,8.723900935835957,0.6344971629088966,0,12345
0.0,0.1,37,20,Std-CP,0.93,6.9331799139400125,6.358231329066628,2.865357564905674,0,12345
0.0,0.1,37,20,Subsampling,0.96,8.542659319541407,8.542659319541407,3.5706115939831736e-16,0,12345
0.0,0.1,37,25,Donor-HCP-no-within,0.91,6.22209339401905,5.9907795262546175,1.6953136127156756,0,12345
0.0,0.1,37,25,Donor-HCP-within,0.94,6.282105317303298,6.047956221994069,2.1983235113791286,0,12345
0.0,0.1,37,25,HCP,0.99,10.527933233340612,10.527933233340612,3.9920651226976273e-16,0,12345
0.0,0.1,37,25,Pooling,0.9,7.235795266079711,7.23579526607971,1.0896217251034794e-15,0,12345
0.0,0.1,37,25,Repeated,0.95,8.292100924034415,8.292100924034415,3.5706115939831736e-16,0,12345
0.0,0.1,37,25,S-HCP-within,0.9,6.640471992873763,6.413855184117528,2.0149416645477576,0,12345
0.0,0.1,37,25,Std-CP,0.94,6.39723111728436,5.958178734230985,2.390067087568744,0,12345
0.0,0.1,37,25,Subsampling,0.96,8.542659319541407,8.542659319541407,3.5706115939831736e-16,0,12345
0.0,0.1,37,30,Donor-HCP-no-within,0.91,5.86946552242057,5.556134858166197,1.587820173485282,0,12345
0.0,0.1,37,30,Donor-HCP-within,0.95,6.414758843093888,6.052972583790428,2.1929726525410316,0,12345
0.0,0.1,37,30,HCP,0.99,10.527933233340612,10.527933233340612,3.9920651226976273e-16,0,12345
0.0,0.1,37,30,Pooling,0.9,7.235795266079711,7.23579526607971,1.0896217251034794e-15,0,12345
0.0,0.1,37,30,Repeated,0.95,8.292100924034415,8.292100924034415,3.5706115939831736e-16,0,12345
0.0,0.1,37,30,S-HCP-within,0.92,6.814104850304703,6.46869811138051,1.9688886650442472,0,12345
0.0,0.1,37,30,Std-CP,0.97,6.396957527924169,6.1005040667787,2.052060215696632,0,12345
0.0,0.1,37,30,Subsampling,0.96,8.542659319541407,8.542659319541407,3.5706115939831736e-16,0,12345
0.0,0.1,37,35,Donor-HCP-no-within,0.91,6.062547007446792,5.968310146440555,1.5601835800965795,0,12345
0.0,0.1,37,35,Donor-HCP-within,0.94,6.460987511685457,6.0216641754846325,2.1236066551863506,0,12345
0.0,0.1,37,35,HCP,0.99,10.527933233340612,10.527933233340612,3.9920651226976273e-16,0,12345
0.0,0.1,37,35,Pooling,0.9,7.235795266079711,7.23579526607971,1.0896217251034794e-15,0,12345
0.0,0.1,37,35,Repeated,0.95,8.292100924034415,8.292100924034415,3.5706115939831736e-16,0,12345
0.0,0.1,37,35,S-HCP-within,0.95,7.0336197258188,6.651762343377468,2.0561505801097097,0,12345
0.0,0.1,37,35,Std-CP,0.94,6.335765566996802,5.94216561217007,1.9789898079484587,0,12345
0.0,0.1,37,35,Subsampling,0.96,8.542659319541407,8.542659319541407,3.5706115939831736e-16,0,12345
0.0,0.1,38,0,Donor-HCP-no-within,0.98,9.313779534999146,9.313779534999146,1.1976195368092882e-15,0,12345
0.0,0.1,38,0,Donor-HCP-within,0.98,9.313779534999146,9.313779534999146,1.1976195368092882e-15,0,12345
0.0,0.1,38,0,HCP,0.98,9.313779534999146,9.313779534999146,1.1976195368092882e-15,0,12345
0.0,0.1,38,0,Pooling,0.94,7.13677035360481,7.13677035360481,7.574411013266429e-16,0,12345
0.0,0.1,38,0,Repeated,0.94,7.3852597030733,7.385259703073299,1.1361616519899644e-15,0,12345
0.0,0.1,38,0,S-HCP-within,0.88,7.6199998538463625,7.446286771313282,1.6289331627675452,0,12345
0.0,0.1,38,0,Std-CP,1.0,,,,100,12345
0.0,0.1,38,0,Subsampling,0.97,7.688587117635959,7.688587117635958,1.1077531149480598e-15,0,12345
0.0,0.1,38,5,Donor-HCP-no-within,0.97,8.110693206704633,8.237984950014734,0.616520819957537,0,12345
0.0,0.1,38,5,Donor-HCP-within,0.98,8.358801877324028,8.386692999204705,0.3520108717510996,0,12345
0.0,0.1,38,5,HCP,0.98,9.313779534999146,9.313779534999146,1.1976195368092882e-15,0,12345
0.0,0.1,38,5,Pooling,0.94,7.13677035360481,7.13677035360481,7.574411013266429e-16,0,12345
0.0,0.1,38,5,Repeated,0.94,7.3852597030733,7.385259703073299,1.1361616519899644e-15,0,12345
0.0,0.1,38,5,S-HCP-within,0.88,6.987947014358719,7.149687521253613,0.8303211133282534,0,12345
0.0,0.1,38,5,Std-CP,0.73,6.11467075617344,4.859996686981308,5.004026217716262,0,12345
0.0,0.1,38,5,Subsampling,0.97,7.688587117635959,7.688587117635958,1.1077531149480598e-15,0,12345
0.0,0.1,38,10,Donor-HCP-no-within,0.96,7.714654152798398,7.845441374278014,0.5383175109047497,0,12345
0.0,0.1,38,10,Donor-HCP-within,0.99,170.2357912563645,177.83562783956154,18.54453479837361,0,12345
0.0,0.1,38,10,HCP,0.98,9.313779534999146,9.313779534999146,1.1976195368092882e-15,0,12345
0.0,0.1,38,10,Pooling,0.94,7.13677035360481,7.13677035360481,7.574411013266429e-16,0,12345
0.0,0.1,38,10,Repeated,0.94,7.3852597030733,7.385259703073299,1.1361616519899644e-15,0,12345
0.0,0.1,38,10,S-HCP-within,0.9,6.9626805319475125,6.905090301140184,0.6543436537598187,0,12345
0.0,0.1,38,10,Std-CP,0.83,79.51939423989201,11.443905749196553,337.7451419751729,0,12345
0.0,0.1,38,10,Subsampling,0.97,7.688587117635959,7.688587117635958,1.1077531149480598e-15,0,12345
0.0,0.1,38,15,Donor-HCP-no-within,0.95,7.316703557983403,7.451767842762685,0.6701492987539517,0,12345
0.0,0.1,38,15,Donor-HCP-within,0.94,6.856289849744131,6.878630461363324,0.35630082528352197,0,12345
0.0,0.1,38,15,HCP,0.98,9.313779534999146,9.313779534999146,1.1976195368092882e-15,0,12345
0.0,0.1,38,15,Pooling,0.94,7.13677035360481,7.13677035360481,7.574411013266429e-16,0,12345
0.0,0.1,38,15,Repeated,0.94,7.3852597030733,7.385259703073299,1.1361616519899644e-15,0,12345
0.0,0.1,38,15,S-HCP-within,0.9,7.009802757537862,7.149687521253611,0.5688227553007069,0,12345
0.0,0.1,38,15,Std-CP,0.9,8.274324857924295,7.2375522708294655,3.9756845327598613,0,12345
0.0,0.1,38,15,Subsampling,0.97,7.688587117635959,7.688587117635958,1.1077531149480598e-15,0,12345
0.0,0.1,38,20,Donor-HCP-no-within,0.95,6.987590036336815,7.077468558821253,0.5944629048915633,0,12345
0.0,0.1,38,20,Donor-HCP-within,0.96,6.225223006304916,6.238479870660029,0.2353429785024302,0,12345
0.0,0.1,38,20,HCP,0.98,9.313779534999146,9.313779534999146,1.1976195368092882e-15,0,12345
0.0,0.1,38,20,Pooling,0.94,7.13677035360481,7.13677035360481,7.574411013266429e-16,0,12345
0.0,0.1,38,20,Repeated,0.94,7.3852597030733,7.385259703073299,1.1361616519899644e-15,0,12345
0.0,0.1,38,20,S-HCP-within,0.89,6.835731486887704,6.728001674434031,0.5567142302919948,0,12345
0.0,0.1,38,20,Std-CP,0.94,7.043682178937669,6.59092326311816,2.7392256492200175,0,12345
0.0,0.1,38,20,Subsampling,0.97,7.688587117635959,7.688587117635958,1.1077531149480598e-15,0,12345
0.0,0.1,38,25,Donor-HCP-no-within,0.95,6.443378201190314,6.309929839223163,1.78602556462638,0,12345
0.0,0.1,38,25,Donor-HCP-within,0.93,6.449368321823652,6.002901208045895,2.5342888229742013,0,12345
0.0,0.1,38,25,HCP,0.98,9.313779534999146,9.313779534999146,1.1976195368092882e-15,0,12345
0.0,0.1,38,25,Pooling,0.94,7.13677035360481,7.13677035360481,7.574411013266429e-16,0,12345
0.0,0.1,38,25,Repeated,0.94,7.3852597030733,7.385259703073299,1.1361616519899644e-15,0,12345
0.0,0.1,38,25,S-HCP-within,0.96,6.827178750713304,6.745936315810468,2.086685441161735,0,12345
0.0,0.1,38,25,Std-CP,0.96,7.174240184725884,6.507905964229875,3.794249598360157,0,12345
0.0,0.1,38,25,Subsampling,0.97,7.688587117635959,7.688587117635958,1.1077531149480598e-15,0,12345
0.0,0.1,38,30,Donor-HCP-no-within,0.95,6.077503723735576,5.9317447862977595,1.6618000321085664,0,12345
0.0,0.1,38,30,Donor-HCP-within,0.95,6.365458669486782,6.14033705204138,2.246211527115105,0,12345
0.0,0.1,38,30,HCP,0.98,9.313779534999146,9.313779534999146,1.1976195368092882e-15,0,12345
0.0,0.1,38,30,Pooling,0.94,7.13677035360481,7.13677035360481,7.574411013266429e-16,0,12345
0.0,0.1,38,30,Repeated,0.94,7.3852597030733,7.385259703073299,1.1361616519899644e-15,0,12345
0.0,0.1,38,30,S-HCP-within,0.94,6.997788297472025,6.908630432905993,2.278405714312857,0,12345
0.0,0.1,38,30,Std-CP,0.94,6.9035291915703985,6.029007182315301,2.7018934359687,0,12345
0.0,0.1,38,30,Subsampling,0.97,7.688587117635959,7.688587117635958,1.1077531149480598e-15,0,12345
0.0,0.1,38,35,Donor-HCP-no-within,0.95,6.265085613041282,6.184681143737819,1.6196679030354257,0,12345
0.0,0.1,38,35,Donor-HCP-within,0.96,6.583132114128744,6.402155435931627,2.1138123112435077,0,12345
0.0,0.1,38,35,HCP,0.98,9.313779534999146,9.313779534999146,1.1976195368092882e-15,0,12345
0.0,0.1,38,35,Pooling,0.94,7.13677035360481,7.13677035360481,7.574411013266429e-16,0,12345
0.0,0.1,38,35,Repeated,0.94,7.3852597030733,7.385259703073299,1.1361616519899644e-15,0,12345
0.0,0.1,38,35,S-HCP-within,0.96,7.155894348185184,7.005092317554287,2.130525539975932,0,12345
0.0,0.1,38,35,Std-CP,0.95,6.3796216053619865,6.023359368455434,2.063469993147228,0,12345
0.0,0.1,38,35,Subsampling,0.97,7.688587117635959,7.688587117635958,1.1077531149480598e-15,0,12345
0.0,0.1,39,0,Donor-HCP-no-within,0.99,11.611499614455983,11.611499614455983,1.636259790671482e-15,0,12345
0.0,0.1,39,0,Donor-HCP-within,0.99,11.611499614455983,11.611499614455983,1.636259790671482e-15,0,12345
0.0,0.1,39,0,HCP,0.99,11.611499614455983,11.611499614455983,1.636259790671482e-15,0,12345
0.0,0.1,39,0,Pooling,0.94,9.499428454709482,9.499428454709482,1.596826049079051e-15,0,12345
0.0,0.1,39,0,Repeated,0.95,9.825600593264987,9.825600593264987,7.984130245395255e-16,0,12345
0.0,0.1,39,0,S-HCP-within,0.99,15.138509450156096,15.588643623525144,2.636381205832171,0,12345
0.0,0.1,39,0,Std-CP,1.0,,,,100,12345
0.0,0.1,39,0,Subsampling,0.89,7.228245566934554,7.228245566934554,7.414931867948143e-16,0,12345
0.0,0.1,39,5,Donor-HCP-no-within,0.98,11.235093212472462,10.613861781132279,1.9838534828650292,0,12345
0.0,0.1,39,5,Donor-HCP-within,1.0,10.949146513618041,10.282928169000083,1.8647695523805354,0,12345
0.0,0.1,39,5,HCP,0.99,11.611499614455983,11.611499614455983,1.636259790671482e-15,0,12345
0.0,0.1,39,5,Pooling,0.94,9.499428454709482,9.499428454709482,1.596826049079051e-15,0,12345
0.0,0.1,39,5,Repeated,0.95,9.825600593264987,9.825600593264987,7.984130245395255e-16,0,12345
0.0,0.1,39,5,S-HCP-within,0.99,13.211663202979068,12.72994416983019,1.3692977354741385,0,12345
0.0,0.1,39,5,Std-CP,0.8,6.403918308540544,5.810605149933462,4.009955506547969,0,12345
0.0,0.1,39,5,Subsampling,0.89,7.228245566934554,7.228245566934554,7.414931867948143e-16,0,12345
0.0,0.1,39,10,Donor-HCP-no-within,1.0,10.31048024302918,9.933085348505259,1.5330801914189405,0,12345
0.0,0.1,39,10,Donor-HCP-within,0.96,21.082187345950473,20.76174211194889,4.407864649886845,0,12345
0.0,0.1,39,10,HCP,0.99,11.611499614455983,11.611499614455983,1.636259790671482e-15,0,12345
0.0,0.1,39,10,Pooling,0.94,9.499428454709482,9.499428454709482,1.596826049079051e-15,0,12345
0.0,0.1,39,10,Repeated,0.95,9.825600593264987,9.825600593264987,7.984130245395255e-16,0,12345
0.0,0.1,39,10,S-HCP-within,0.99,13.054684401938676,12.765058652589914,1.0313578023648926,0,12345
0.0,0.1,39,10,Std-CP,0.83,26.093358585250076,14.500309597502927,31.900461653827826,0,12345
0.0,0.1,39,10,Subsampling,0.89,7.228245566934554,7.228245566934554,7.414931867948143e-16,0,12345
0.0,0.1,39,15,Donor-HCP-no-within,0.96,9.924612869844273,9.640030066826633,1.4315073732883987,0,12345
0.0,0.1,39,15,Donor-HCP-within,0.95,8.70381104702485,8.65371005459152,0.8618054012092444,0,12345
0.0,0.1,39,15,HCP,0.99,11.611499614455983,11.611499614455983,1.636259790671482e-15,0,12345
0.0,0.1,39,15,Pooling,0.94,9.499428454709482,9.499428454709482,1.596826049079051e-15,0,12345
0.0,0.1,39,15,Repeated,0.95,9.825600593264987,9.825600593264987,7.984130245395255e-16,0,12345
0.0,0.1,39,15,S-HCP-within,0.99,13.138780078125876,12.765058652589914,0.9936902039125567,0,12345
0.0,0.1,39,15,Std-CP,0.89,9.26674324694295,7.974101329009418,4.998249842081583,0,12345
0.0,0.1,39,15,Subsampling,0.89,7.228245566934554,7.228245566934554,7.414931867948143e-16,0,12345
0.0,0.1,39,20,Donor-HCP-no-within,0.95,9.261022704270824,9.024397829245785,1.1792762714899971,0,12345
0.0,0.1,39,20,Donor-HCP-within,0.98,7.192141659547292,7.059663214562334,1.073237280436497,0,12345
0.0,0.1,39,20,HCP,0.99,11.611499614455983,11.611499614455983,1.636259790671482e-15,0,12345
0.0,0.1,39,20,Pooling,0.94,9.499428454709482,9.499428454709482,1.596826049079051e-15,0,12345
0.0,0.1,39,20,Repeated,0.95,9.825600593264987,9.825600593264987,7.984130245395255e-16,0,12345
0.0,0.1,39,20,S-HCP-within,0.99,12.70650999707927,12.676961734938331,0.7116371133404551,0,12345
0.0,0.1,39,20,Std-CP,0.96,7.064042033777528,6.726990154342405,2.6963711176574074,0,12345
0.0,0.1,39,20,Subsampling,0.89,7.228245566934554,7.228245566934554,7.414931867948143e-16,0,12345
0.0,0.1,39,25,Donor-HCP-no-within,0.95,6.640521674585515,6.218309057602216,2.0535064257296707,0,12345
0.0,0.1,39,25,Donor-HCP-within,0.95,6.515480326692027,6.404585981065999,2.2039302939048993,0,12345
0.0,0.1,39,25,HCP,0.99,11.611499614455983,11.611499614455983,1.636259790671482e-15,0,12345
0.0,0.1,39,25,Pooling,0.94,9.499428454709482,9.499428454709482,1.596826049079051e-15,0,12345
0.0,0.1,39,25,Repeated,0.95,9.825600593264987,9.825600593264987,7.984130245395255e-16,0,12345
0.0,0.1,39,25,S-HCP-within,0.96,7.070194010757515,6.80292604195842,2.479437405172005,0,12345
0.0,0.1,39,25,Std-CP,0.93,6.756559326355578,6.380860872441627,2.482469018475499,0,12345
0.0,0.1,39,25,Subsampling,0.89,7.228245566934554,7.228245566934554,7.414931867948143e-16,0,12345
0.0,0.1,39,30,Donor-HCP-no-within,0.94,6.227709257040321,5.601455277719387,1.9182699734197923,0,12345
0.0,0.1,39,30,Donor-HCP-within,0.95,6.297647874614913,5.884773470772888,2.0478112358392146,0,12345
0.0,0.1,39,30,HCP,0.99,11.611499614455983,11.611499614455983,1.636259790671482e-15,0,12345
0.0,0.1,39,30,Pooling,0.94,9.499428454709482,9.499428454709482,1.596826049079051e-15,0,12345
0.0,0.1,39,30,Repeated,0.95,9.825600593264987,9.825600593264987,7.984130245395255e-16,0,12345
0.0,0.1,39,30,S-HCP-within,0.98,7.112313995521105,6.748006059034772,2.389479531209062,0,12345
0.0,0.1,39,30,Std-CP,0.98,6.482726628588946,6.106977776397068,2.3448427864904398,0,12345
0.0,0.1,39,30,Subsampling,0.89,7.228245566934554,7.228245566934554,7.414931867948143e-16,0,12345
0.0,0.1,39,35,Donor-HCP-no-within,0.95,6.439848892078356,5.827238503452765,1.8826251845800164,0,12345
0.0,0.1,39,35,Donor-HCP-within,0.98,6.375190673397402,6.196045119013126,2.070378901970924,0,12345
0.0,0.1,39,35,HCP,0.99,11.611499614455983,11.611499614455983,1.636259790671482e-15,0,12345
0.0,0.1,39,35,Pooling,0.94,9.499428454709482,9.499428454709482,1.596826049079051e-15,0,12345
0.0,0.1,39,35,Repeated,0.95,9.825600593264987,9.825600593264987,7.984130245395255e-16,0,12345
0.0,0.1,39,35,S-HCP-within,0.98,7.447937744465586,7.089205052995245,2.2359855313294235,0,12345
0.0,0.1,39,35,Std-CP,0.96,6.457716598716127,6.271159014828076,2.099333521256888,0,12345
0.0,0.1,39,35,Subsampling,0.89,7.228245566934554,7.228245566934554,7.414931867948143e-16,0,12345
0.0,0.1,40,0,Donor-HCP-no-within,1.0,21.16215093997355,21.16215093997355,3.5706115939831736e-16,0,12345
0.0,0.1,40,0,Donor-HCP-within,1.0,21.16215093997355,21.16215093997355,3.5706115939831736e-16,0,12345
0.0,0.1,40,0,HCP,1.0,21.16215093997355,21.16215093997355,3.5706115939831736e-16,0,12345
0.0,0.1,40,0,Pooling,0.96,15.041766724545596,15.041766724545596,0.0,0,12345
0.0,0.1,40,0,Repeated,0.99,17.635781366311345,17.635781366311345,2.944401750009533e-15,0,12345
0.0,0.1,40,0,S-HCP-within,0.86,10.058352814365218,9.628357001537857,2.808620933834688,0,12345
0.0,0.1,40,0,Std-CP,1.0,,,,100,12345
0.0,0.1,40,0,Subsampling,0.95,14.281223309623302,14.2812233096233,0.0,0,12345
0.0,0.1,40,5,Donor-HCP-no-within,0.99,14.513504395787447,14.957952679323789,4.409960714441341,0,12345
0.0,0.1,40,5,Donor-HCP-within,0.97,13.983531929436925,14.871065367667152,3.469932967373505,0,12345
0.0,0.1,40,5,HCP,1.0,21.16215093997355,21.16215093997355,3.5706115939831736e-16,0,12345
0.0,0.1,40,5,Pooling,0.96,15.041766724545596,15.041766724545596,0.0,0,12345
0.0,0.1,40,5,Repeated,0.99,17.635781366311345,17.635781366311345,2.944401750009533e-15,0,12345
0.0,0.1,40,5,S-HCP-within,0.88,8.315374088692385,7.8445760238894895,1.292590317148044,0,12345
0.0,0.1,40,5,Std-CP,0.74,6.212236490854978,5.527401016205243,4.128489055724747,0,12345
0.0,0.1,40,5,Subsampling,0.95,14.281223309623302,14.2812233096233,0.0,0,12345
0.0,0.1,40,10,Donor-HCP-no-within,0.98,12.716036966204117,13.270045757614419,3.8191720754159517,0,12345
0.0,0.1,40,10,Donor-HCP-within,0.89,12.281108247100438,11.9769396742084,2.4808092876709575,0,12345
0.0,0.1,40,10,HCP,1.0,21.16215093997355,21.16215093997355,3.5706115939831736e-16,0,12345
0.0,0.1,40,10,Pooling,0.96,15.041766724545596,15.041766724545596,0.0,0,12345
0.0,0.1,40,10,Repeated,0.99,17.635781366311345,17.635781366311345,2.944401750009533e-15,0,12345
0.0,0.1,40,10,S-HCP-within,0.91,8.253129749060319,7.844576023889491,1.0119556512713273,0,12345
0.0,0.1,40,10,Std-CP,0.78,42.98730797279424,12.398731518793578,183.30500371434817,0,12345
0.0,0.1,40,10,Subsampling,0.95,14.281223309623302,14.2812233096233,0.0,0,12345
0.0,0.1,40,15,Donor-HCP-no-within,0.95,12.467411644837041,12.45364217801098,3.442292613590913,0,12345
0.0,0.1,40,15,Donor-HCP-within,0.89,8.047012276448168,8.074010857849942,1.689610225773566,0,12345
0.0,0.1,40,15,HCP,1.0,21.16215093997355,21.16215093997355,3.5706115939831736e-16,0,12345
0.0,0.1,40,15,Pooling,0.96,15.041766724545596,15.041766724545596,0.0,0,12345
0.0,0.1,40,15,Repeated,0.99,17.635781366311345,17.635781366311345,2.944401750009533e-15,0,12345
0.0,0.1,40,15,S-HCP-within,0.89,8.094561377658298,7.844576023889489,0.9265386594103426,0,12345
0.0,0.1,40,15,Std-CP,0.89,8.631485476004327,8.04541222287454,4.00168193760167,0,12345
0.0,0.1,40,15,Subsampling,0.95,14.281223309623302,14.2812233096233,0.0,0,12345
0.0,0.1,40,20,Donor-HCP-no-within,0.93,11.4079492890386,11.5460300844939,3.1536217157910755,0,12345
0.0,0.1,40,20,Donor-HCP-within,0.87,6.777368128070864,6.68731190079796,1.4722306742615643,0,12345
0.0,0.1,40,20,HCP,1.0,21.16215093997355,21.16215093997355,3.5706115939831736e-16,0,12345
0.0,0.1,40,20,Pooling,0.96,15.041766724545596,15.041766724545596,0.0,0,12345
0.0,0.1,40,20,Repeated,0.99,17.635781366311345,17.635781366311345,2.944401750009533e-15,0,12345
0.0,0.1,40,20,S-HCP-within,0.89,7.697126114284274,7.604023971996087,0.7616786776238541,0,12345
0.0,0.1,40,20,Std-CP,0.91,6.869302192770583,6.159105564981334,2.959940044000731,0,12345
0.0,0.1,40,20,Subsampling,0.95,14.281223309623302,14.2812233096233,0.0,0,12345
0.0,0.1,40,25,Donor-HCP-no-within,0.93,6.681053253682461,6.2948802193623745,2.1063674363784304,0,12345
0.0,0.1,40,25,Donor-HCP-within,0.94,6.813354575538163,6.423594793014365,2.693756867876124,0,12345
0.0,0.1,40,25,HCP,1.0,21.16215093997355,21.16215093997355,3.5706115939831736e-16,0,12345
0.0,0.1,40,25,Pooling,0.96,15.041766724545596,15.041766724545596,0.0,0,12345
0.0,0.1,40,25,Repeated,0.99,17.635781366311345,17.635781366311345,2.944401750009533e-15,0,12345
0.0,0.1,40,25,S-HCP-within,0.93,7.074812712417114,6.816160147494491,2.456188233571169,0,12345
0.0,0.1,40,25,Std-CP,0.93,6.756889988795948,6.5711987422470095,2.348184048005792,0,12345
0.0,0.1,40,25,Subsampling,0.95,14.281223309623302,14.2812233096233,0.0,0,12345
0.0,0.1,40,30,Donor-HCP-no-within,0.92,6.3436750099691555,5.993255511404451,2.0162453319939457,0,12345
0.0,0.1,40,30,Donor-HCP-within,0.94,6.41167084997149,6.198941897674211,2.1200763098531503,0,12345
0.0,0.1,40,30,HCP,1.0,21.16215093997355,21.16215093997355,3.5706115939831736e-16,0,12345
0.0,0.1,40,30,Pooling,0.96,15.041766724545596,15.041766724545596,0.0,0,12345
0.0,0.1,40,30,Repeated,0.99,17.635781366311345,17.635781366311345,2.944401750009533e-15,0,12345
0.0,0.1,40,30,S-HCP-within,0.93,7.175711347389668,6.595060181548111,2.4959873263396557,0,12345
0.0,0.1,40,30,Std-CP,0.95,6.498333076223378,6.3746348867674705,2.0056200515479774,0,12345
0.0,0.1,40,30,Subsampling,0.95,14.281223309623302,14.2812233096233,0.0,0,12345
0.0,0.1,40,35,Donor-HCP-no-within,0.94,6.468906502165007,6.168516372622778,1.9883909370782242,0,12345
0.0,0.1,40,35,Donor-HCP-within,0.95,6.366844958199716,6.192602187767944,2.0291770514367125,0,12345
0.0,0.1,40,35,HCP,1.0,21.16215093997355,21.16215093997355,3.5706115939831736e-16,0,12345
0.0,0.1,40,35,Pooling,0.96,15.041766724545596,15.041766724545596,0.0,0,12345
0.0,0.1,40,35,Repeated,0.99,17.635781366311345,17.635781366311345,2.944401750009533e-15,0,12345
0.0,0.1,40,35,S-HCP-within,0.92,7.291857803981551,6.884333792367355,2.376683656022519,0,12345
0.0,0.1,40,35,Std-CP,0.93,6.309834419384353,6.07228663516791,1.8450334585279466,0,12345
0.0,0.1,40,35,Subsampling,0.95,14.281223309623302,14.2812233096233,0.0,0,12345
0.0,0.1,41,0,Donor-HCP-no-within,1.0,12.70979936575344,12.70979936575344,6.43701159343627e-16,0,12345
0.0,0.1,41,0,Donor-HCP-within,1.0,12.70979936575344,12.70979936575344,6.43701159343627e-16,0,12345
0.0,0.1,41,0,HCP,1.0,12.70979936575344,12.70979936575344,6.43701159343627e-16,0,12345
0.0,0.1,41,0,Pooling,0.95,8.997457571563698,8.997457571563697,1.6747652892626934e-15,0,12345
0.0,0.1,41,0,Repeated,0.95,9.539620668432294,9.539620668432294,1.4829863735896286e-15,0,12345
0.0,0.1,41,0,S-HCP-within,0.95,9.98974985783996,9.814865919461084,1.5205354387511965,0,12345
0.0,0.1,41,0,Std-CP,1.0,,,,100,12345
0.0,0.1,41,0,Subsampling,1.0,13.500633678657998,13.500633678657998,7.574411013266429e-16,0,12345
0.0,0.1,41,5,Donor-HCP-no-within,0.99,10.424276620898896,10.217004236502284,0.47648261373903716,0,12345
0.0,0.1,41,5,Donor-HCP-within,0.99,10.11754535384878,9.903567578836675,0.6186238974810618,0,12345
0.0,0.1,41,5,HCP,1.0,12.70979936575344,12.70979936575344,6.43701159343627e-16,0,12345
0.0,0.1,41,5,Pooling,0.95,8.997457571563698,8.997457571563697,1.6747652892626934e-15,0,12345
0.0,0.1,41,5,Repeated,0.95,9.539620668432294,9.539620668432294,1.4829863735896286e-15,0,12345
0.0,0.1,41,5,S-HCP-within,0.95,9.397420005316855,9.43290804176581,0.838758964452689,0,12345
0.0,0.1,41,5,Std-CP,0.78,5.953310620058085,4.503658439459709,4.5768906884965235,0,12345
0.0,0.1,41,5,Subsampling,1.0,13.500633678657998,13.500633678657998,7.574411013266429e-16,0,12345
0.0,0.1,41,10,Donor-HCP-no-within,0.94,9.64048301668739,9.509200375827461,0.48372133540883294,0,12345
0.0,0.1,41,10,Donor-HCP-within,0.93,12.629652987295621,12.733594875632797,0.9726198485661712,0,12345
0.0,0.1,41,10,HCP,1.0,12.70979936575344,12.70979936575344,6.43701159343627e-16,0,12345
0.0,0.1,41,10,Pooling,0.95,8.997457571563698,8.997457571563697,1.6747652892626934e-15,0,12345
0.0,0.1,41,10,Repeated,0.95,9.539620668432294,9.539620668432294,1.4829863735896286e-15,0,12345
0.0,0.1,41,10,S-HCP-within,0.95,9.496949197671503,9.5461130118711,0.6299813746046018,0,12345
0.0,0.1,41,10,Std-CP,0.84,92.41546384007924,11.151546346476223,719.275251105534,0,12345
0.0,0.1,41,10,Subsampling,1.0,13.500633678657998,13.500633678657998,7.574411013266429e-16,0,12345
0.0,0.1,41,15,Donor-HCP-no-within,0.93,9.007381213135993,8.866878235912786,0.49392550531562623,0,12345
0.0,0.1,41,15,Donor-HCP-within,0.98,8.101327872988573,8.11818184697158,0.43894366332194296,0,12345
0.0,0.1,41,15,HCP,1.0,12.70979936575344,12.70979936575344,6.43701159343627e-16,0,12345
0.0,0.1,41,15,Pooling,0.95,8.997457571563698,8.997457571563697,1.6747652892626934e-15,0,12345
0.0,0.1,41,15,Repeated,0.95,9.539620668432294,9.539620668432294,1.4829863735896286e-15,0,12345
0.0,0.1,41,15,S-HCP-within,0.94,9.456522735179323,9.475806312685343,0.4819188295422779,0,12345
0.0,0.1,41,15,Std-CP,0.92,9.469204546816707,7.738255876541542,6.8804173956491494,0,12345
0.0,0.1,41,15,Subsampling,1.0,13.500633678657998,13.500633678657998,7.574411013266429e-16,0,12345
0.0,0.1,41,20,Donor-HCP-no-within,0.95,8.575287639025266,8.436702670851517,0.45442089893119625,0,12345
0.0,0.1,41,20,Donor-HCP-within,0.97,6.314751943637567,6.1940383013163585,0.412119854316599,0,12345
0.0,0.1,41,20,HCP,1.0,12.70979936575344,12.70979936575344,6.43701159343627e-16,0,12345
0.0,0.1,41,20,Pooling,0.95,8.997457571563698,8.997457571563697,1.6747652892626934e-15,0,12345
0.0,0.1,41,20,Repeated,0.95,9.539620668432294,9.539620668432294,1.4829863735896286e-15,0,12345
0.0,0.1,41,20,S-HCP-within,0.94,9.371530515671163,9.315023170961048,0.4764602631885058,0,12345
0.0,0.1,41,20,Std-CP,0.9,6.951568603521999,6.772746158845379,2.6998422240087985,0,12345
0.0,0.1,41,20,Subsampling,1.0,13.500633678657998,13.500633678657998,7.574411013266429e-16,0,12345
0.0,0.1,41,25,Donor-HCP-no-within,0.98,6.887736811282024,6.6259990938194,1.8986804240152393,0,12345
0.0,0.1,41,25,Donor-HCP-within,0.94,6.447457490287501,6.106708416940911,2.117787565399116,0,12345
0.0,0.1,41,25,HCP,1.0,12.70979936575344,12.70979936575344,6.43701159343627e-16,0,12345
0.0,0.1,41,25,Pooling,0.95,8.997457571563698,8.997457571563697,1.6747652892626934e-15,0,12345
0.0,0.1,41,25,Repeated,0.95,9.539620668432294,9.539620668432294,1.4829863735896286e-15,0,12345
0.0,0.1,41,25,S-HCP-within,0.97,7.646694850970254,7.152312274676799,2.268170559456476,0,12345
0.0,0.1,41,25,Std-CP,0.93,6.751780625854216,6.194226756923081,2.520147233860375,0,12345
0.0,0.1,41,25,Subsampling,1.0,13.500633678657998,13.500633678657998,7.574411013266429e-16,0,12345
0.0,0.1,41,30,Donor-HCP-no-within,0.97,6.496698939866441,6.060238005616766,1.9445684038525999,0,12345
0.0,0.1,41,30,Donor-HCP-within,0.94,6.363391220176632,6.205996663356333,1.8474580797663345,0,12345
0.0,0.1,41,30,HCP,1.0,12.70979936575344,12.70979936575344,6.43701159343627e-16,0,12345
0.0,0.1,41,30,Pooling,0.95,8.997457571563698,8.997457571563697,1.6747652892626934e-15,0,12345
0.0,0.1,41,30,Repeated,0.95,9.539620668432294,9.539620668432294,1.4829863735896286e-15,0,12345
0.0,0.1,41,30,S-HCP-within,0.97,7.732042702995756,7.33364174568407,2.298867244334143,0,12345
0.0,0.1,41,30,Std-CP,0.96,6.279679925021427,6.139542097544263,1.810663839391539,0,12345
0.0,0.1,41,30,Subsampling,1.0,13.500633678657998,13.500633678657998,7.574411013266429e-16,0,12345
0.0,0.1,41,35,Donor-HCP-no-within,0.97,6.778948974000355,6.218666542604534,1.8914230183076517,0,12345
0.0,0.1,41,35,Donor-HCP-within,0.94,6.323212254155866,6.049902595196128,1.9202387214349348,0,12345
0.0,0.1,41,35,HCP,1.0,12.70979936575344,12.70979936575344,6.43701159343627e-16,0,12345
0.0,0.1,41,35,Pooling,0.95,8.997457571563698,8.997457571563697,1.6747652892626934e-15,0,12345
0.0,0.1,41,35,Repeated,0.95,9.539620668432294,9.539620668432294,1.4829863735896286e-15,0,12345
0.0,0.1,41,35,S-HCP-within,0.97,7.919437699181279,7.489697444740893,2.3099266449442957,0,12345
0.0,0.1,41,35,Std-CP,0.94,6.711696167321862,6.417257792346962,2.0782555946533505,0,12345
0.0,0.1,41,35,Subsampling,1.0,13.500633678657998,13.500633678657998,7.574411013266429e-16,0,12345
0.0,0.1,42,0,Donor-HCP-no-within,0.97,15.027011995150065,15.027011995150065,1.4613357754045038e-15,0,12345
0.0,0.1,42,0,Donor-HCP-within,0.97,15.027011995150065,15.027011995150065,1.4613357754045038e-15,0,12345
0.0,0.1,42,0,HCP,0.97,15.027011995150065,15.027011995150065,1.4613357754045038e-15,0,12345
0.0,0.1,42,0,Pooling,0.93,9.949010662272535,9.949010662272535,0.0,0,12345
0.0,0.1,42,0,Repeated,0.95,11.38237658545005,11.38237658545005,1.636259790671482e-15,0,12345
0.0,0.1,42,0,S-HCP-within,0.9,9.687548356552368,8.875609468315737,2.679396415151912,0,12345
0.0,0.1,42,0,Std-CP,1.0,,,,100,12345
0.0,0.1,42,0,Subsampling,0.95,11.774721916306152,11.774721916306152,1.6556244859096878e-15,0,12345
0.0,0.1,42,5,Donor-HCP-no-within,0.96,13.48875026211788,14.017510210307629,1.9918142406536639,0,12345
0.0,0.1,42,5,Donor-HCP-within,0.96,12.615645671208762,13.293444823349844,1.5841470565545035,0,12345
0.0,0.1,42,5,HCP,0.97,15.027011995150065,15.027011995150065,1.4613357754045038e-15,0,12345
0.0,0.1,42,5,Pooling,0.93,9.949010662272535,9.949010662272535,0.0,0,12345
0.0,0.1,42,5,Repeated,0.95,11.38237658545005,11.38237658545005,1.636259790671482e-15,0,12345
0.0,0.1,42,5,S-HCP-within,0.88,8.408086302446348,8.385892349894874,0.8833322476292901,0,12345
0.0,0.1,42,5,Std-CP,0.77,7.005881782946001,5.445827783187978,5.927422775406794,0,12345
0.0,0.1,42,5,Subsampling,0.95,11.774721916306152,11.774721916306152,1.6556244859096878e-15,0,12345
0.0,0.1,42,10,Donor-HCP-no-within,0.95,12.86241840028885,13.318519206117298,1.6340241774640438,0,12345
0.0,0.1,42,10,Donor-HCP-within,0.98,60.63666992918261,64.03375109291234,12.649425245032447,0,12345
0.0,0.1,42,10,HCP,0.97,15.027011995150065,15.027011995150065,1.4613357754045038e-15,0,12345
0.0,0.1,42,10,Pooling,0.93,9.949010662272535,9.949010662272535,0.0,0,12345
0.0,0.1,42,10,Repeated,0.95,11.38237658545005,11.38237658545005,1.636259790671482e-15,0,12345
0.0,0.1,42,10,S-HCP-within,0.87,8.387000095396296,8.137030088605577,1.0027049748282064,0,12345
0.0,0.1,42,10,Std-CP,0.82,46.57536293646867,10.873074155330134,125.51337933852348,0,12345
0.0,0.1,42,10,Subsampling,0.95,11.774721916306152,11.774721916306152,1.6556244859096878e-15,0,12345
0.0,0.1,42,15,Donor-HCP-no-within,0.95,12.143007974900206,12.709549468651197,1.6869899386832237,0,12345
0.0,0.1,42,15,Donor-HCP-within,0.96,8.596620300817317,8.782934200047535,1.0537916863928332,0,12345
0.0,0.1,42,15,HCP,0.97,15.027011995150065,15.027011995150065,1.4613357754045038e-15,0,12345
0.0,0.1,42,15,Pooling,0.93,9.949010662272535,9.949010662272535,0.0,0,12345
0.0,0.1,42,15,Repeated,0.95,11.38237658545005,11.38237658545005,1.636259790671482e-15,0,12345
0.0,0.1,42,15,S-HCP-within,0.88,8.311416049308253,8.137030088605577,0.8076662541564709,0,12345
0.0,0.1,42,15,Std-CP,0.86,9.791524695323957,7.736443992701229,7.526428570250763,0,12345
0.0,0.1,42,15,Subsampling,0.95,11.774721916306152,11.774721916306152,1.6556244859096878e-15,0,12345
0.0,0.1,42,20,Donor-HCP-no-within,0.92,11.215687963719756,11.768838109552274,1.7075698292721944,0,12345
0.0,0.1,42,20,Donor-HCP-within,0.96,7.088712964601445,7.084422627088934,0.7565710548700153,0,12345
0.0,0.1,42,20,HCP,0.97,15.027011995150065,15.027011995150065,1.4613357754045038e-15,0,12345
0.0,0.1,42,20,Pooling,0.93,9.949010662272535,9.949010662272535,0.0,0,12345
0.0,0.1,42,20,Repeated,0.95,11.38237658545005,11.38237658545005,1.636259790671482e-15,0,12345
0.0,0.1,42,20,S-HCP-within,0.89,8.132087265247774,8.003417265429206,0.5789736247120028,0,12345
0.0,0.1,42,20,Std-CP,0.9,7.310165823495269,6.759114235178277,3.8808106540647724,0,12345
0.0,0.1,42,20,Subsampling,0.95,11.774721916306152,11.774721916306152,1.6556244859096878e-15,0,12345
0.0,0.1,42,25,Donor-HCP-no-within,0.93,6.96816958739406,6.5840929829515,2.350361117468127,0,12345
0.0,0.1,42,25,Donor-HCP-within,0.94,6.675348116458456,6.226023368042241,2.2488815654539587,0,12345
0.0,0.1,42,25,HCP,0.97,15.027011995150065,15.027011995150065,1.4613357754045038e-15,0,12345
0.0,0.1,42,25,Pooling,0.93,9.949010662272535,9.949010662272535,0.0,0,12345
0.0,0.1,42,25,Repeated,0.95,11.38237658545005,11.38237658545005,1.636259790671482e-15,0,12345
0.0,0.1,42,25,S-HCP-within,0.93,7.353104820793577,6.819501559797748,2.6941147597753607,0,12345
0.0,0.1,42,25,Std-CP,0.94,7.493311998134085,6.923435146067712,2.932504269282761,0,12345
0.0,0.1,42,25,Subsampling,0.95,11.774721916306152,11.774721916306152,1.6556244859096878e-15,0,12345
0.0,0.1,42,30,Donor-HCP-no-within,0.92,6.49994438210452,6.083699521725913,2.2533147472530914,0,12345
0.0,0.1,42,30,Donor-HCP-within,0.92,6.555648116804159,6.397553897387145,2.24713604543605,0,12345
0.0,0.1,42,30,HCP,0.97,15.027011995150065,15.027011995150065,1.4613357754045038e-15,0,12345
0.0,0.1,42,30,Pooling,0.93,9.949010662272535,9.949010662272535,0.0,0,12345
0.0,0.1,42,30,Repeated,0.95,11.38237658545005,11.38237658545005,1.636259790671482e-15,0,12345
0.0,0.1,42,30,S-HCP-within,0.92,7.498747099405627,7.1663362307379685,2.524411083718831,0,12345
0.0,0.1,42,30,Std-CP,0.94,6.593341871754489,6.067858989692631,2.2196402123365697,0,12345
0.0,0.1,42,30,Subsampling,0.95,11.774721916306152,11.774721916306152,1.6556244859096878e-15,0,12345
0.0,0.1,42,35,Donor-HCP-no-within,0.92,6.733239279039259,6.340513395668125,2.261707389350076,0,12345
0.0,0.1,42,35,Donor-HCP-within,0.95,6.675843166502671,6.49824375545209,2.190195030327374,0,12345
0.0,0.1,42,35,HCP,0.97,15.027011995150065,15.027011995150065,1.4613357754045038e-15,0,12345
0.0,0.1,42,35,Pooling,0.93,9.949010662272535,9.949010662272535,0.0,0,12345
0.0,0.1,42,35,Repeated,0.95,11.38237658545005,11.38237658545005,1.636259790671482e-15,0,12345
0.0,0.1,42,35,S-HCP-within,0.92,7.660172199681167,6.9498489906053305,2.703918314495118,0,12345
0.0,0.1,42,35,Std-CP,0.94,6.388810316736225,6.1424417352883935,1.9582466768628621,0,12345
0.0,0.1,42,35,Subsampling,0.95,11.774721916306152,11.774721916306152,1.6556244859096878e-15,0,12345
0.0,0.1,43,0,Donor-HCP-no-within,1.0,10.965273334018875,10.965273334018875,0.0,0,12345
0.0,0.1,43,0,Donor-HCP-within,1.0,10.965273334018875,10.965273334018875,0.0,0,12345
0.0,0.1,43,0,HCP,1.0,10.965273334018875,10.965273334018875,0.0,0,12345
0.0,0.1,43,0,Pooling,0.93,8.29937627387497,8.29937627387497,0.0,0,12345
0.0,0.1,43,0,Repeated,0.97,9.15931908851789,9.15931908851789,0.0,0,12345
0.0,0.1,43,0,S-HCP-within,0.95,8.539792609147572,8.259755632981747,1.4833750085718553,0,12345
0.0,0.1,43,0,Std-CP,1.0,,,,100,12345
0.0,0.1,43,0,Subsampling,0.97,9.218990172134298,9.218990172134298,0.0,0,12345
0.0,0.1,43,5,Donor-HCP-no-within,0.98,10.265223247791651,10.482671231171071,0.9072002514946765,0,12345
0.0,0.1,43,5,Donor-HCP-within,0.99,9.953978099438892,10.33803845783769,0.8044213859024485,0,12345
0.0,0.1,43,5,HCP,1.0,10.965273334018875,10.965273334018875,0.0,0,12345
0.0,0.1,43,5,Pooling,0.93,8.29937627387497,8.29937627387497,0.0,0,12345
0.0,0.1,43,5,Repeated,0.97,9.15931908851789,9.15931908851789,0.0,0,12345
0.0,0.1,43,5,S-HCP-within,0.95,7.88472396347636,7.922996446591728,0.6001648320503318,0,12345
0.0,0.1,43,5,Std-CP,0.78,5.351866354619534,4.377764051476982,3.5103034883133715,0,12345
0.0,0.1,43,5,Subsampling,0.97,9.218990172134298,9.218990172134298,0.0,0,12345
0.0,0.1,43,10,Donor-HCP-no-within,0.96,9.668435683361674,9.996646475266566,0.9710529800146874,0,12345
0.0,0.1,43,10,Donor-HCP-within,0.9,11.1691970637731,10.648771551358141,2.3508971213394663,0,12345
0.0,0.1,43,10,HCP,1.0,10.965273334018875,10.965273334018875,0.0,0,12345
0.0,0.1,43,10,Pooling,0.93,8.29937627387497,8.29937627387497,0.0,0,12345
0.0,0.1,43,10,Repeated,0.97,9.15931908851789,9.15931908851789,0.0,0,12345
0.0,0.1,43,10,S-HCP-within,0.96,7.753376128398694,7.742929934685328,0.44502967130817134,0,12345
0.0,0.1,43,10,Std-CP,0.84,57.49899384807789,15.415785387616179,146.45215887225163,0,12345
0.0,0.1,43,10,Subsampling,0.97,9.218990172134298,9.218990172134298,0.0,0,12345
0.0,0.1,43,15,Donor-HCP-no-within,0.94,8.727341247845258,9.007952461595595,1.0565532182971813,0,12345
0.0,0.1,43,15,Donor-HCP-within,0.95,7.26678024982119,7.320232563073571,0.4260997771620888,0,12345
0.0,0.1,43,15,HCP,1.0,10.965273334018875,10.965273334018875,0.0,0,12345
0.0,0.1,43,15,Pooling,0.93,8.29937627387497,8.29937627387497,0.0,0,12345
0.0,0.1,43,15,Repeated,0.97,9.15931908851789,9.15931908851789,0.0,0,12345
0.0,0.1,43,15,S-HCP-within,0.94,7.783626362448411,7.752571880477799,0.43857877247028365,0,12345
0.0,0.1,43,15,Std-CP,0.92,9.902669987868313,7.565227726676225,9.109120640223638,0,12345
0.0,0.1,43,15,Subsampling,0.97,9.218990172134298,9.218990172134298,0.0,0,12345
0.0,0.1,43,20,Donor-HCP-no-within,0.93,8.474444667195474,8.664000561925363,0.957681023436478,0,12345
0.0,0.1,43,20,Donor-HCP-within,0.94,6.434789173179804,6.51297301308297,0.35620961030334264,0,12345
0.0,0.1,43,20,HCP,1.0,10.965273334018875,10.965273334018875,0.0,0,12345
0.0,0.1,43,20,Pooling,0.93,8.29937627387497,8.29937627387497,0.0,0,12345
0.0,0.1,43,20,Repeated,0.97,9.15931908851789,9.15931908851789,0.0,0,12345
0.0,0.1,43,20,S-HCP-within,0.94,7.62653929117636,7.660137679364382,0.2689380841103479,0,12345
0.0,0.1,43,20,Std-CP,0.92,6.727950913552556,6.185685905885501,2.6320804443311605,0,12345
0.0,0.1,43,20,Subsampling,0.97,9.218990172134298,9.218990172134298,0.0,0,12345
0.0,0.1,43,25,Donor-HCP-no-within,0.95,6.901220044572187,6.706876604954399,1.6565244551943963,0,12345
0.0,0.1,43,25,Donor-HCP-within,0.95,6.562348772606389,6.409989116657798,2.0927332990451335,0,12345
0.0,0.1,43,25,HCP,1.0,10.965273334018875,10.965273334018875,0.0,0,12345
0.0,0.1,43,25,Pooling,0.93,8.29937627387497,8.29937627387497,0.0,0,12345
0.0,0.1,43,25,Repeated,0.97,9.15931908851789,9.15931908851789,0.0,0,12345
0.0,0.1,43,25,S-HCP-within,0.95,7.196158575985149,7.199098172321715,2.01899135250658,0,12345
0.0,0.1,43,25,Std-CP,0.96,7.037078324748948,6.635268287478515,2.5750910715622486,0,12345
0.0,0.1,43,25,Subsampling,0.97,9.218990172134298,9.218990172134298,0.0,0,12345
0.0,0.1,43,30,Donor-HCP-no-within,0.93,6.516970568644577,6.256032289909409,1.6604784782557223,0,12345
0.0,0.1,43,30,Donor-HCP-within,0.95,6.587882517657327,6.230302531465526,1.9792607296392613,0,12345
0.0,0.1,43,30,HCP,1.0,10.965273334018875,10.965273334018875,0.0,0,12345
0.0,0.1,43,30,Pooling,0.93,8.29937627387497,8.29937627387497,0.0,0,12345
0.0,0.1,43,30,Repeated,0.97,9.15931908851789,9.15931908851789,0.0,0,12345
0.0,0.1,43,30,S-HCP-within,0.97,7.403420858175898,7.399662626840401,2.1303162270383846,0,12345
0.0,0.1,43,30,Std-CP,0.95,6.472108005282295,6.214436612283919,1.962910469759444,0,12345
0.0,0.1,43,30,Subsampling,0.97,9.218990172134298,9.218990172134298,0.0,0,12345
0.0,0.1,43,35,Donor-HCP-no-within,0.94,6.778641022901569,6.672282566689696,1.5851264013820727,0,12345
0.0,0.1,43,35,Donor-HCP-within,0.97,6.874548461544382,6.711552537267126,1.9635882739725734,0,12345
0.0,0.1,43,35,HCP,1.0,10.965273334018875,10.965273334018875,0.0,0,12345
0.0,0.1,43,35,Pooling,0.93,8.29937627387497,8.29937627387497,0.0,0,12345
0.0,0.1,43,35,Repeated,0.97,9.15931908851789,9.15931908851789,0.0,0,12345
0.0,0.1,43,35,S-HCP-within,0.97,7.730824350300222,7.754841767565348,1.9662265065947668,0,12345
0.0,0.1,43,35,Std-CP,0.96,6.72551594895528,6.465127850953925,2.0903191534917402,0,12345
0.0,0.1,43,35,Subsampling,0.97,9.218990172134298,9.218990172134298,0.0,0,12345
0.0,0.1,44,0,Donor-HCP-no-within,1.0,11.148158829857561,11.148158829857561,9.44695030608341e-16,0,12345
0.0,0.1,44,0,Donor-HCP-within,1.0,11.148158829857561,11.148158829857561,9.44695030608341e-16,0,12345
0.0,0.1,44,0,HCP,1.0,11.148158829857561,11.148158829857561,9.44695030608341e-16,0,12345
0.0,0.1,44,0,Pooling,0.93,7.652722901528982,7.652722901528982,6.43701159343627e-16,0,12345
0.0,0.1,44,0,Repeated,0.97,8.760050967087142,8.760050967087142,1.1707033010852319e-15,0,12345
0.0,0.1,44,0,S-HCP-within,0.97,10.700600786214784,11.106327720757278,1.7802612333587582,0,12345
0.0,0.1,44,0,Std-CP,1.0,,,,100,12345
0.0,0.1,44,0,Subsampling,1.0,11.148158829857561,11.148158829857561,9.44695030608341e-16,0,12345
0.0,0.1,44,5,Donor-HCP-no-within,0.99,9.71120883077138,9.612230645263399,0.5471523696945203,0,12345
0.0,0.1,44,5,Donor-HCP-within,1.0,9.213554588593373,9.149614321031098,0.3630325587914125,0,12345
0.0,0.1,44,5,HCP,1.0,11.148158829857561,11.148158829857561,9.44695030608341e-16,0,12345
0.0,0.1,44,5,Pooling,0.93,7.652722901528982,7.652722901528982,6.43701159343627e-16,0,12345
0.0,0.1,44,5,Repeated,0.97,8.760050967087142,8.760050967087142,1.1707033010852319e-15,0,12345
0.0,0.1,44,5,S-HCP-within,0.97,10.091663927238535,10.003407157103762,0.9887197040198406,0,12345
0.0,0.1,44,5,Std-CP,0.69,5.75094209536742,4.862511068454209,4.647409815530707,0,12345
0.0,0.1,44,5,Subsampling,1.0,11.148158829857561,11.148158829857561,9.44695030608341e-16,0,12345
0.0,0.1,44,10,Donor-HCP-no-within,0.97,8.521157949880806,8.40711654943285,0.4531594744988838,0,12345
0.0,0.1,44,10,Donor-HCP-within,0.99,82.23439130381907,84.2522745142833,11.687042071253941,0,12345
0.0,0.1,44,10,HCP,1.0,11.148158829857561,11.148158829857561,9.44695030608341e-16,0,12345
0.0,0.1,44,10,Pooling,0.93,7.652722901528982,7.652722901528982,6.43701159343627e-16,0,12345
0.0,0.1,44,10,Repeated,0.97,8.760050967087142,8.760050967087142,1.1707033010852319e-15,0,12345
0.0,0.1,44,10,S-HCP-within,0.96,9.93599274467991,9.747838427221854,0.7732028984059482,0,12345
0.0,0.1,44,10,Std-CP,0.86,57.74616479707617,13.902195052200495,280.55797872034515,0,12345
0.0,0.1,44,10,Subsampling,1.0,11.148158829857561,11.148158829857561,9.44695030608341e-16,0,12345
0.0,0.1,44,15,Donor-HCP-no-within,0.93,7.820395530011817,7.808369955496486,0.4810961411994587,0,12345
0.0,0.1,44,15,Donor-HCP-within,0.91,6.7509549447863195,6.748258183610474,0.3851949976497942,0,12345
0.0,0.1,44,15,HCP,1.0,11.148158829857561,11.148158829857561,9.44695030608341e-16,0,12345
0.0,0.1,44,15,Pooling,0.93,7.652722901528982,7.652722901528982,6.43701159343627e-16,0,12345
0.0,0.1,44,15,Repeated,0.97,8.760050967087142,8.760050967087142,1.1707033010852319e-15,0,12345
0.0,0.1,44,15,S-HCP-within,0.97,9.989394500518761,9.770113848374656,0.542638070882385,0,12345
0.0,0.1,44,15,Std-CP,0.89,9.374345316381438,7.158028419449863,8.670049844091428,0,12345
0.0,0.1,44,15,Subsampling,1.0,11.148158829857561,11.148158829857561,9.44695030608341e-16,0,12345
0.0,0.1,44,20,Donor-HCP-no-within,0.92,7.460713244905755,7.593948035951154,0.6364373224072161,0,12345
0.0,0.1,44,20,Donor-HCP-within,0.9,5.92956691811193,5.924819875180219,0.26854205749471405,0,12345
0.0,0.1,44,20,HCP,1.0,11.148158829857561,11.148158829857561,9.44695030608341e-16,0,12345
0.0,0.1,44,20,Pooling,0.93,7.652722901528982,7.652722901528982,6.43701159343627e-16,0,12345
0.0,0.1,44,20,Repeated,0.97,8.760050967087142,8.760050967087142,1.1707033010852319e-15,0,12345
0.0,0.1,44,20,S-HCP-within,0.97,9.738281462407194,9.728394862236392,0.4274532515006332,0,12345
0.0,0.1,44,20,Std-CP,0.9,7.340513751061469,6.45259441069352,3.7669083981180935,0,12345
0.0,0.1,44,20,Subsampling,1.0,11.148158829857561,11.148158829857561,9.44695030608341e-16,0,12345
0.0,0.1,44,25,Donor-HCP-no-within,0.9,6.450099156222485,6.156144302540511,1.6021772627867314,0,12345
0.0,0.1,44,25,Donor-HCP-within,0.96,6.5337729203941555,6.140497360408696,2.4143567692327976,0,12345
0.0,0.1,44,25,HCP,1.0,11.148158829857561,11.148158829857561,9.44695030608341e-16,0,12345
0.0,0.1,44,25,Pooling,0.93,7.652722901528982,7.652722901528982,6.43701159343627e-16,0,12345
0.0,0.1,44,25,Repeated,0.97,8.760050967087142,8.760050967087142,1.1707033010852319e-15,0,12345
0.0,0.1,44,25,S-HCP-within,0.93,6.713352270889504,6.470496261232675,1.7544307339967988,0,12345
0.0,0.1,44,25,Std-CP,0.95,6.584854401605032,6.1802100552473895,2.6849789561884534,0,12345
0.0,0.1,44,25,Subsampling,1.0,11.148158829857561,11.148158829857561,9.44695030608341e-16,0,12345
0.0,0.1,44,30,Donor-HCP-no-within,0.88,6.023861278050381,5.821781023960083,1.458162938852591,0,12345
0.0,0.1,44,30,Donor-HCP-within,0.96,6.240833629060765,6.059110464098444,1.90424270106791,0,12345
0.0,0.1,44,30,HCP,1.0,11.148158829857561,11.148158829857561,9.44695030608341e-16,0,12345
0.0,0.1,44,30,Pooling,0.93,7.652722901528982,7.652722901528982,6.43701159343627e-16,0,12345
0.0,0.1,44,30,Repeated,0.97,8.760050967087142,8.760050967087142,1.1707033010852319e-15,0,12345
0.0,0.1,44,30,S-HCP-within,0.93,6.921548697789688,6.668512181535391,1.7862317456355679,0,12345
0.0,0.1,44,30,Std-CP,0.92,6.388919953719499,6.067501381536577,2.0269168889446982,0,12345
0.0,0.1,44,30,Subsampling,1.0,11.148158829857561,11.148158829857561,9.44695030608341e-16,0,12345
0.0,0.1,44,35,Donor-HCP-no-within,0.9,6.174016691187606,5.999337972438694,1.4733548280581776,0,12345
0.0,0.1,44,35,Donor-HCP-within,0.95,6.171237720572935,5.729306289901691,1.826735003602292,0,12345
0.0,0.1,44,35,HCP,1.0,11.148158829857561,11.148158829857561,9.44695030608341e-16,0,12345
0.0,0.1,44,35,Pooling,0.93,7.652722901528982,7.652722901528982,6.43701159343627e-16,0,12345
0.0,0.1,44,35,Repeated,0.97,8.760050967087142,8.760050967087142,1.1707033010852319e-15,0,12345
0.0,0.1,44,35,S-HCP-within,0.96,7.12793770975711,7.0265927168799855,1.8335574084027546,0,12345
0.0,0.1,44,35,Std-CP,0.96,6.2910563439921585,6.077194087482056,1.8834172677082273,0,12345
0.0,0.1,44,35,Subsampling,1.0,11.148158829857561,11.148158829857561,9.44695030608341e-16,0,12345
0.0,0.1,45,0,Donor-HCP-no-within,1.0,11.891238011913607,11.891238011913607,3.5706115939831736e-16,0,12345
0.0,0.1,45,0,Donor-HCP-within,1.0,11.891238011913607,11.891238011913607,3.5706115939831736e-16,0,12345
0.0,0.1,45,0,HCP,1.0,11.891238011913607,11.891238011913607,3.5706115939831736e-16,0,12345
0.0,0.1,45,0,Pooling,0.97,6.55530712779366,6.55530712779366,1.4365888836858366e-15,0,12345
0.0,0.1,45,0,Repeated,1.0,8.311769934781509,8.311769934781509,0.0,0,12345
0.0,0.1,45,0,S-HCP-within,0.96,13.214695729053053,13.205006211950895,1.979374941462405,0,12345
0.0,0.1,45,0,Std-CP,1.0,,,,100,12345
0.0,0.1,45,0,Subsampling,1.0,8.28789082849676,8.28789082849676,1.5563935104807336e-15,0,12345
0.0,0.1,45,5,Donor-HCP-no-within,1.0,9.094179839404067,8.977907294090208,0.6572890283057323,0,12345
0.0,0.1,45,5,Donor-HCP-within,1.0,9.689336437774218,9.637505730171517,0.6430036073661674,0,12345
0.0,0.1,45,5,HCP,1.0,11.891238011913607,11.891238011913607,3.5706115939831736e-16,0,12345
0.0,0.1,45,5,Pooling,0.97,6.55530712779366,6.55530712779366,1.4365888836858366e-15,0,12345
0.0,0.1,45,5,Repeated,1.0,8.311769934781509,8.311769934781509,0.0,0,12345
0.0,0.1,45,5,S-HCP-within,0.96,12.815463813342365,12.870338763986217,1.1883851335396631,0,12345
0.0,0.1,45,5,Std-CP,0.76,6.485695157369137,4.938880506852096,6.01944422370262,0,12345
0.0,0.1,45,5,Subsampling,1.0,8.28789082849676,8.28789082849676,1.5563935104807336e-15,0,12345
0.0,0.1,45,10,Donor-HCP-no-within,0.97,8.061326097382342,7.950055460296048,0.6281337924274615,0,12345
0.0,0.1,45,10,Donor-HCP-within,0.98,19.061545355599087,19.651175136833807,2.509984297516917,0,12345
0.0,0.1,45,10,HCP,1.0,11.891238011913607,11.891238011913607,3.5706115939831736e-16,0,12345
0.0,0.1,45,10,Pooling,0.97,6.55530712779366,6.55530712779366,1.4365888836858366e-15,0,12345
0.0,0.1,45,10,Repeated,1.0,8.311769934781509,8.311769934781509,0.0,0,12345
0.0,0.1,45,10,S-HCP-within,0.95,12.62475648766788,12.802419684446626,0.9244778559835674,0,12345
0.0,0.1,45,10,Std-CP,0.87,141.86463662999927,14.809277420585808,1049.3642935180453,0,12345
0.0,0.1,45,10,Subsampling,1.0,8.28789082849676,8.28789082849676,1.5563935104807336e-15,0,12345
0.0,0.1,45,15,Donor-HCP-no-within,0.99,7.533954711200969,7.3327315592018305,0.7605790955028991,0,12345
0.0,0.1,45,15,Donor-HCP-within,0.97,7.551413469205653,7.520930641915442,0.60153140334145,0,12345
0.0,0.1,45,15,HCP,1.0,11.891238011913607,11.891238011913607,3.5706115939831736e-16,0,12345
0.0,0.1,45,15,Pooling,0.97,6.55530712779366,6.55530712779366,1.4365888836858366e-15,0,12345
0.0,0.1,45,15,Repeated,1.0,8.311769934781509,8.311769934781509,0.0,0,12345
0.0,0.1,45,15,S-HCP-within,0.95,12.62194230257099,12.78760261230211,0.7543022642822848,0,12345
0.0,0.1,45,15,Std-CP,0.93,8.928164575310891,7.467173308212838,7.457299002264784,0,12345
0.0,0.1,45,15,Subsampling,1.0,8.28789082849676,8.28789082849676,1.5563935104807336e-15,0,12345
0.0,0.1,45,20,Donor-HCP-no-within,0.99,7.128128312749339,6.975167607342652,0.7854660426362895,0,12345
0.0,0.1,45,20,Donor-HCP-within,0.9,5.2693978841261515,5.266646208404893,0.2758634660363645,0,12345
0.0,0.1,45,20,HCP,1.0,11.891238011913607,11.891238011913607,3.5706115939831736e-16,0,12345
0.0,0.1,45,20,Pooling,0.97,6.55530712779366,6.55530712779366,1.4365888836858366e-15,0,12345
0.0,0.1,45,20,Repeated,1.0,8.311769934781509,8.311769934781509,0.0,0,12345
0.0,0.1,45,20,S-HCP-within,0.95,12.38648387203616,12.300215979015837,0.6172665510309938,0,12345
0.0,0.1,45,20,Std-CP,0.92,6.938509855297582,6.213475848154519,3.0947405555615535,0,12345
0.0,0.1,45,20,Subsampling,1.0,8.28789082849676,8.28789082849676,1.5563935104807336e-15,0,12345
0.0,0.1,45,25,Donor-HCP-no-within,0.94,6.667950897266358,6.249104971245388,1.9868863125403362,0,12345
0.0,0.1,45,25,Donor-HCP-within,0.94,6.653164249922764,6.272701555902775,2.322092513749186,0,12345
0.0,0.1,45,25,HCP,1.0,11.891238011913607,11.891238011913607,3.5706115939831736e-16,0,12345
0.0,0.1,45,25,Pooling,0.97,6.55530712779366,6.55530712779366,1.4365888836858366e-15,0,12345
0.0,0.1,45,25,Repeated,1.0,8.311769934781509,8.311769934781509,0.0,0,12345
0.0,0.1,45,25,S-HCP-within,0.95,6.922781738997406,6.619980110787572,2.006267674840901,0,12345
0.0,0.1,45,25,Std-CP,0.95,6.626356875199274,6.508427891948247,1.8976806242375535,0,12345
0.0,0.1,45,25,Subsampling,1.0,8.28789082849676,8.28789082849676,1.5563935104807336e-15,0,12345
0.0,0.1,45,30,Donor-HCP-no-within,0.89,6.260967445037206,5.912170626317477,1.8251498660664973,0,12345
0.0,0.1,45,30,Donor-HCP-within,0.97,6.122551020215512,5.942875697603881,1.885895305850275,0,12345
0.0,0.1,45,30,HCP,1.0,11.891238011913607,11.891238011913607,3.5706115939831736e-16,0,12345
0.0,0.1,45,30,Pooling,0.97,6.55530712779366,6.55530712779366,1.4365888836858366e-15,0,12345
0.0,0.1,45,30,Repeated,1.0,8.311769934781509,8.311769934781509,0.0,0,12345
0.0,0.1,45,30,S-HCP-within,0.94,6.978198748790468,6.7144757526992755,1.9837566634298627,0,12345
0.0,0.1,45,30,Std-CP,0.95,6.4814290007336055,6.032960423290334,2.3888482596592686,0,12345
0.0,0.1,45,30,Subsampling,1.0,8.28789082849676,8.28789082849676,1.5563935104807336e-15,0,12345
0.0,0.1,45,35,Donor-HCP-no-within,0.92,6.4575705858869465,6.165143264803541,1.8043115385455484,0,12345
0.0,0.1,45,35,Donor-HCP-within,0.96,6.233073646242145,5.920030471474627,1.8961596812529822,0,12345
0.0,0.1,45,35,HCP,1.0,11.891238011913607,11.891238011913607,3.5706115939831736e-16,0,12345
0.0,0.1,45,35,Pooling,0.97,6.55530712779366,6.55530712779366,1.4365888836858366e-15,0,12345
0.0,0.1,45,35,Repeated,1.0,8.311769934781509,8.311769934781509,0.0,0,12345
0.0,0.1,45,35,S-HCP-within,0.94,7.156579974525848,6.852989625659497,1.9199833648743407,0,12345
0.0,0.1,45,35,Std-CP,0.97,6.279843787449303,6.046584429860787,2.0382746259911126,0,12345
0.0,0.1,45,35,Subsampling,1.0,8.28789082849676,8.28789082849676,1.5563935104807336e-15,0,12345
0.0,0.1,46,0,Donor-HCP-no-within,0.96,10.584572807052428,10.584572807052428,1.6556244859096878e-15,0,12345
0.0,0.1,46,0,Donor-HCP-within,0.96,10.584572807052428,10.584572807052428,1.6556244859096878e-15,0,12345
0.0,0.1,46,0,HCP,0.96,10.584572807052428,10.584572807052428,1.6556244859096878e-15,0,12345
0.0,0.1,46,0,Pooling,0.79,7.211002361305009,7.21100236130501,1.4963589289044808e-15,0,12345
0.0,0.1,46,0,Repeated,0.92,9.108044518190518,9.108044518190518,5.35591739097476e-16,0,12345
0.0,0.1,46,0,S-HCP-within,0.81,7.829075255526207,7.59333015278024,2.008449936317526,0,12345
0.0,0.1,46,0,Std-CP,1.0,,,,100,12345
0.0,0.1,46,0,Subsampling,0.6,4.596827313697631,4.596827313697631,4.281012909982595e-16,0,12345
0.0,0.1,46,5,Donor-HCP-no-within,0.93,9.570882170382193,9.588873351668099,0.7330553253923872,0,12345
0.0,0.1,46,5,Donor-HCP-within,0.94,9.263365253567951,9.284274792573108,0.5895570914590428,0,12345
0.0,0.1,46,5,HCP,0.96,10.584572807052428,10.584572807052428,1.6556244859096878e-15,0,12345
0.0,0.1,46,5,Pooling,0.79,7.211002361305009,7.21100236130501,1.4963589289044808e-15,0,12345
0.0,0.1,46,5,Repeated,0.92,9.108044518190518,9.108044518190518,5.35591739097476e-16,0,12345
0.0,0.1,46,5,S-HCP-within,0.8,7.4908071764467365,7.59333015278024,1.131091746759014,0,12345
0.0,0.1,46,5,Std-CP,0.77,6.270172964727997,5.379549446309154,4.134989736282608,0,12345
0.0,0.1,46,5,Subsampling,0.6,4.596827313697631,4.596827313697631,4.281012909982595e-16,0,12345
0.0,0.1,46,10,Donor-HCP-no-within,0.9,8.810703508579572,9.002921891845475,0.7641716549351816,0,12345
0.0,0.1,46,10,Donor-HCP-within,0.91,14.431412848719168,14.02644714475354,2.6269873697560833,0,12345
0.0,0.1,46,10,HCP,0.96,10.584572807052428,10.584572807052428,1.6556244859096878e-15,0,12345
0.0,0.1,46,10,Pooling,0.79,7.211002361305009,7.21100236130501,1.4963589289044808e-15,0,12345
0.0,0.1,46,10,Repeated,0.92,9.108044518190518,9.108044518190518,5.35591739097476e-16,0,12345
0.0,0.1,46,10,S-HCP-within,0.78,7.25575165879346,7.3376006889535965,0.9403065610188341,0,12345
0.0,0.1,46,10,Std-CP,0.79,140.14236732737837,13.039926040021669,1098.7762293361377,0,12345
0.0,0.1,46,10,Subsampling,0.6,4.596827313697631,4.596827313697631,4.281012909982595e-16,0,12345
0.0,0.1,46,15,Donor-HCP-no-within,0.87,8.135018975988343,7.993026476577864,0.7872092065318822,0,12345
0.0,0.1,46,15,Donor-HCP-within,0.86,6.838587619769145,6.810482701335314,0.36636758699701455,0,12345
0.0,0.1,46,15,HCP,0.96,10.584572807052428,10.584572807052428,1.6556244859096878e-15,0,12345
0.0,0.1,46,15,Pooling,0.79,7.211002361305009,7.21100236130501,1.4963589289044808e-15,0,12345
0.0,0.1,46,15,Repeated,0.92,9.108044518190518,9.108044518190518,5.35591739097476e-16,0,12345
0.0,0.1,46,15,S-HCP-within,0.81,7.3512404545480425,7.3376006889535965,0.9658923980471145,0,12345
0.0,0.1,46,15,Std-CP,0.88,8.799754871433727,7.133398845121762,5.818544368988978,0,12345
0.0,0.1,46,15,Subsampling,0.6,4.596827313697631,4.596827313697631,4.281012909982595e-16,0,12345
0.0,0.1,46,20,Donor-HCP-no-within,0.84,7.617468494455031,7.489617684269378,0.7826803480585653,0,12345
0.0,0.1,46,20,Donor-HCP-within,0.89,5.766990110004446,5.720026788338183,0.44287674229969826,0,12345
0.0,0.1,46,20,HCP,0.96,10.584572807052428,10.584572807052428,1.6556244859096878e-15,0,12345
0.0,0.1,46,20,Pooling,0.79,7.211002361305009,7.21100236130501,1.4963589289044808e-15,0,12345
0.0,0.1,46,20,Repeated,0.92,9.108044518190518,9.108044518190518,5.35591739097476e-16,0,12345
0.0,0.1,46,20,S-HCP-within,0.78,7.158244357773353,6.796293942815684,0.9270927018142904,0,12345
0.0,0.1,46,20,Std-CP,0.89,7.033165773348236,6.762063188485143,2.397305408498252,0,12345
0.0,0.1,46,20,Subsampling,0.6,4.596827313697631,4.596827313697631,4.281012909982595e-16,0,12345
0.0,0.1,46,25,Donor-HCP-no-within,0.9,7.348587502464495,7.106880923835054,2.545470090230404,0,12345
0.0,0.1,46,25,Donor-HCP-within,0.91,6.579133942818737,6.226610198253612,2.2813302214238176,0,12345
0.0,0.1,46,25,HCP,0.96,10.584572807052428,10.584572807052428,1.6556244859096878e-15,0,12345
0.0,0.1,46,25,Pooling,0.79,7.211002361305009,7.21100236130501,1.4963589289044808e-15,0,12345
0.0,0.1,46,25,Repeated,0.92,9.108044518190518,9.108044518190518,5.35591739097476e-16,0,12345
0.0,0.1,46,25,S-HCP-within,0.89,7.688125572370401,7.521282104313483,2.703183014864889,0,12345
0.0,0.1,46,25,Std-CP,0.93,7.063604736175917,6.661805433921467,2.8577193556812803,0,12345
0.0,0.1,46,25,Subsampling,0.6,4.596827313697631,4.596827313697631,4.281012909982595e-16,0,12345
0.0,0.1,46,30,Donor-HCP-no-within,0.88,6.947786829671414,6.681362038684078,2.5140673845973818,0,12345
0.0,0.1,46,30,Donor-HCP-within,0.9,6.513033837429569,6.213548907356621,2.03830389145814,0,12345
0.0,0.1,46,30,HCP,0.96,10.584572807052428,10.584572807052428,1.6556244859096878e-15,0,12345
0.0,0.1,46,30,Pooling,0.79,7.211002361305009,7.21100236130501,1.4963589289044808e-15,0,12345
0.0,0.1,46,30,Repeated,0.92,9.108044518190518,9.108044518190518,5.35591739097476e-16,0,12345
0.0,0.1,46,30,S-HCP-within,0.91,7.884183344708923,7.59239639360119,2.7431978558865278,0,12345
0.0,0.1,46,30,Std-CP,0.9,6.249142215960681,5.971948858799444,2.010710032132192,0,12345
0.0,0.1,46,30,Subsampling,0.6,4.596827313697631,4.596827313697631,4.281012909982595e-16,0,12345
0.0,0.1,46,35,Donor-HCP-no-within,0.88,7.158016131190628,6.90716603118344,2.525382536925808,0,12345
0.0,0.1,46,35,Donor-HCP-within,0.93,6.698511406465257,6.3656985296991415,2.0661593671344725,0,12345
0.0,0.1,46,35,HCP,0.96,10.584572807052428,10.584572807052428,1.6556244859096878e-15,0,12345
0.0,0.1,46,35,Pooling,0.79,7.211002361305009,7.21100236130501,1.4963589289044808e-15,0,12345
0.0,0.1,46,35,Repeated,0.92,9.108044518190518,9.108044518190518,5.35591739097476e-16,0,12345
0.0,0.1,46,35,S-HCP-within,0.91,8.220206212753414,7.693585842807112,2.719156186221776,0,12345
0.0,0.1,46,35,Std-CP,0.93,6.656469185139449,6.1784295105758416,1.9314809616240576,0,12345
0.0,0.1,46,35,Subsampling,0.6,4.596827313697631,4.596827313697631,4.281012909982595e-16,0,12345
0.0,0.1,47,0,Donor-HCP-no-within,0.95,13.372344414997325,13.372344414997325,1.5148822026532858e-15,0,12345
0.0,0.1,47,0,Donor-HCP-within,0.95,13.372344414997325,13.372344414997325,1.5148822026532858e-15,0,12345
0.0,0.1,47,0,HCP,0.95,13.372344414997325,13.372344414997325,1.5148822026532858e-15,0,12345
0.0,0.1,47,0,Pooling,0.89,10.236745894513454,10.236745894513454,6.43701159343627e-16,0,12345
0.0,0.1,47,0,Repeated,0.92,11.432041682301579,11.432041682301579,1.6747652892626934e-15,0,12345
0.0,0.1,47,0,S-HCP-within,0.97,14.589154577911847,14.88700416695345,2.84300346049227,0,12345
0.0,0.1,47,0,Std-CP,1.0,,,,100,12345
0.0,0.1,47,0,Subsampling,0.89,10.325987347989464,10.325987347989464,1.586814501802178e-15,0,12345
0.0,0.1,47,5,Donor-HCP-no-within,0.95,11.495074379628605,11.486496225121064,1.1807154430829652,0,12345
0.0,0.1,47,5,Donor-HCP-within,0.96,10.369769560843798,10.427089003161186,1.1517060652511442,0,12345
0.0,0.1,47,5,HCP,0.95,13.372344414997325,13.372344414997325,1.5148822026532858e-15,0,12345
0.0,0.1,47,5,Pooling,0.89,10.236745894513454,10.236745894513454,6.43701159343627e-16,0,12345
0.0,0.1,47,5,Repeated,0.92,11.432041682301579,11.432041682301579,1.6747652892626934e-15,0,12345
0.0,0.1,47,5,S-HCP-within,0.96,12.84951850374386,12.870529907841991,1.3090765358833143,0,12345
0.0,0.1,47,5,Std-CP,0.65,5.974545950795694,5.289118781563219,3.831794882704633,0,12345
0.0,0.1,47,5,Subsampling,0.89,10.325987347989464,10.325987347989464,1.586814501802178e-15,0,12345
0.0,0.1,47,10,Donor-HCP-no-within,0.94,10.51449624420993,10.710026417808493,1.471478362936438,0,12345
0.0,0.1,47,10,Donor-HCP-within,0.94,14.680638096973635,14.493550814521102,1.192984406305171,0,12345
0.0,0.1,47,10,HCP,0.95,13.372344414997325,13.372344414997325,1.5148822026532858e-15,0,12345
0.0,0.1,47,10,Pooling,0.89,10.236745894513454,10.236745894513454,6.43701159343627e-16,0,12345
0.0,0.1,47,10,Repeated,0.92,11.432041682301579,11.432041682301579,1.6747652892626934e-15,0,12345
0.0,0.1,47,10,S-HCP-within,0.96,12.934907107548,13.183728839198679,0.8966134518667306,0,12345
0.0,0.1,47,10,Std-CP,0.77,34.30799431635093,13.14457527975508,81.42939176638995,0,12345
0.0,0.1,47,10,Subsampling,0.89,10.325987347989464,10.325987347989464,1.586814501802178e-15,0,12345
0.0,0.1,47,15,Donor-HCP-no-within,0.94,9.952917745168794,10.051454625031056,1.533748289173325,0,12345
0.0,0.1,47,15,Donor-HCP-within,0.94,8.0832379482881,8.126973685643524,0.5606061304751028,0,12345
0.0,0.1,47,15,HCP,0.95,13.372344414997325,13.372344414997325,1.5148822026532858e-15,0,12345
0.0,0.1,47,15,Pooling,0.89,10.236745894513454,10.236745894513454,6.43701159343627e-16,0,12345
0.0,0.1,47,15,Repeated,0.92,11.432041682301579,11.432041682301579,1.6747652892626934e-15,0,12345
0.0,0.1,47,15,S-HCP-within,0.96,12.742701612741076,12.620844169279668,0.7081445878121493,0,12345
0.0,0.1,47,15,Std-CP,0.88,9.673195183839288,8.45569946841346,5.110231230380326,0,12345
0.0,0.1,47,15,Subsampling,0.89,10.325987347989464,10.325987347989464,1.586814501802178e-15,0,12345
0.0,0.1,47,20,Donor-HCP-no-within,0.93,9.2461779751215,9.190799037944274,1.3682859797983122,0,12345
0.0,0.1,47,20,Donor-HCP-within,0.95,7.14604345567286,7.064087558745534,0.4202211331914155,0,12345
0.0,0.1,47,20,HCP,0.95,13.372344414997325,13.372344414997325,1.5148822026532858e-15,0,12345
0.0,0.1,47,20,Pooling,0.89,10.236745894513454,10.236745894513454,6.43701159343627e-16,0,12345
0.0,0.1,47,20,Repeated,0.92,11.432041682301579,11.432041682301579,1.6747652892626934e-15,0,12345
0.0,0.1,47,20,S-HCP-within,0.95,12.339883764723005,12.45256035732416,0.6486152934644688,0,12345
0.0,0.1,47,20,Std-CP,0.91,7.793876267337571,6.96256942174778,3.5832050426446576,0,12345
0.0,0.1,47,20,Subsampling,0.89,10.325987347989464,10.325987347989464,1.586814501802178e-15,0,12345
0.0,0.1,47,25,Donor-HCP-no-within,0.97,6.544921846500885,6.620082253988819,1.7972149746297617,0,12345
0.0,0.1,47,25,Donor-HCP-within,0.88,6.553604629299446,6.274333492219512,2.480620310243684,0,12345
0.0,0.1,47,25,HCP,0.95,13.372344414997325,13.372344414997325,1.5148822026532858e-15,0,12345
0.0,0.1,47,25,Pooling,0.89,10.236745894513454,10.236745894513454,6.43701159343627e-16,0,12345
0.0,0.1,47,25,Repeated,0.92,11.432041682301579,11.432041682301579,1.6747652892626934e-15,0,12345
0.0,0.1,47,25,S-HCP-within,0.97,6.853298973047718,6.877110549247437,2.146520684860066,0,12345
0.0,0.1,47,25,Std-CP,0.97,6.962396914541028,6.70480763117968,2.6989258018760536,0,12345
0.0,0.1,47,25,Subsampling,0.89,10.325987347989464,10.325987347989464,1.586814501802178e-15,0,12345
0.0,0.1,47,30,Donor-HCP-no-within,0.93,6.1466523512531515,6.2657048895608805,1.6905520613266816,0,12345
0.0,0.1,47,30,Donor-HCP-within,0.93,6.455570280450621,6.139894128976341,2.269665321476546,0,12345
0.0,0.1,47,30,HCP,0.95,13.372344414997325,13.372344414997325,1.5148822026532858e-15,0,12345
0.0,0.1,47,30,Pooling,0.89,10.236745894513454,10.236745894513454,6.43701159343627e-16,0,12345
0.0,0.1,47,30,Repeated,0.92,11.432041682301579,11.432041682301579,1.6747652892626934e-15,0,12345
0.0,0.1,47,30,S-HCP-within,0.99,7.046144202526815,7.160383953189912,2.060804819340478,0,12345
0.0,0.1,47,30,Std-CP,0.95,6.553560983395425,6.1194030726802815,2.3236964796175688,0,12345
0.0,0.1,47,30,Subsampling,0.89,10.325987347989464,10.325987347989464,1.586814501802178e-15,0,12345
0.0,0.1,47,35,Donor-HCP-no-within,0.95,6.376300055561018,6.434689870587518,1.6396589763785268,0,12345
0.0,0.1,47,35,Donor-HCP-within,0.95,6.511720511024192,6.598116091644802,2.176736665401037,0,12345
0.0,0.1,47,35,HCP,0.95,13.372344414997325,13.372344414997325,1.5148822026532858e-15,0,12345
0.0,0.1,47,35,Pooling,0.89,10.236745894513454,10.236745894513454,6.43701159343627e-16,0,12345
0.0,0.1,47,35,Repeated,0.92,11.432041682301579,11.432041682301579,1.6747652892626934e-15,0,12345
0.0,0.1,47,35,S-HCP-within,0.99,7.369254059408361,7.306448928470941,2.014726589492607,0,12345
0.0,0.1,47,35,Std-CP,0.93,6.516066180333819,6.413068236933259,1.9908760176012799,0,12345
0.0,0.1,47,35,Subsampling,0.89,10.325987347989464,10.325987347989464,1.586814501802178e-15,0,12345
0.0,0.1,48,0,Donor-HCP-no-within,0.87,8.776594844208688,8.776594844208688,0.0,0,12345
0.0,0.1,48,0,Donor-HCP-within,0.87,8.776594844208688,8.776594844208688,0.0,0,12345
0.0,0.1,48,0,HCP,0.87,8.776594844208688,8.776594844208688,0.0,0,12345
0.0,0.1,48,0,Pooling,0.78,6.337830539392549,6.337830539392549,0.0,0,12345
0.0,0.1,48,0,Repeated,0.82,7.135730622818379,7.135730622818379,0.0,0,12345
0.0,0.1,48,0,S-HCP-within,0.95,8.999833998789509,8.87719024440252,2.513381318467634,0,12345
0.0,0.1,48,0,Std-CP,1.0,,,,100,12345
0.0,0.1,48,0,Subsampling,0.63,4.948482146630294,4.948482146630294,1.4198513545079785e-15,0,12345
0.0,0.1,48,5,Donor-HCP-no-within,0.98,11.381776349707481,11.698292904684461,1.30354513581637,0,12345
0.0,0.1,48,5,Donor-HCP-within,0.99,11.038262361194372,11.469506407725078,1.081739318013866,0,12345
0.0,0.1,48,5,HCP,0.87,8.776594844208688,8.776594844208688,0.0,0,12345
0.0,0.1,48,5,Pooling,0.78,6.337830539392549,6.337830539392549,0.0,0,12345
0.0,0.1,48,5,Repeated,0.82,7.135730622818379,7.135730622818379,0.0,0,12345
0.0,0.1,48,5,S-HCP-within,0.93,7.446883630276602,7.4460311402492465,1.1638201028255593,0,12345
0.0,0.1,48,5,Std-CP,0.71,5.197273816114983,4.869624955043888,3.0361114198394024,0,12345
0.0,0.1,48,5,Subsampling,0.63,4.948482146630294,4.948482146630294,1.4198513545079785e-15,0,12345
0.0,0.1,48,10,Donor-HCP-no-within,0.95,9.87207132001791,10.589398796644545,1.384633002694361,0,12345
0.0,0.1,48,10,Donor-HCP-within,0.99,44.363138077487555,46.4056049475746,11.64828280513418,0,12345
0.0,0.1,48,10,HCP,0.87,8.776594844208688,8.776594844208688,0.0,0,12345
0.0,0.1,48,10,Pooling,0.78,6.337830539392549,6.337830539392549,0.0,0,12345
0.0,0.1,48,10,Repeated,0.82,7.135730622818379,7.135730622818379,0.0,0,12345
0.0,0.1,48,10,S-HCP-within,0.94,7.591277363866869,7.851645985432977,0.9507286750577076,0,12345
0.0,0.1,48,10,Std-CP,0.86,27.530521717507813,11.633529681254917,43.59253350866804,0,12345
0.0,0.1,48,10,Subsampling,0.63,4.948482146630294,4.948482146630294,1.4198513545079785e-15,0,12345
0.0,0.1,48,15,Donor-HCP-no-within,0.94,9.20584884954938,9.54101124919896,1.1113441233022738,0,12345
0.0,0.1,48,15,Donor-HCP-within,0.94,8.039149084418437,8.11553889230003,0.5072783464677283,0,12345
0.0,0.1,48,15,HCP,0.87,8.776594844208688,8.776594844208688,0.0,0,12345
0.0,0.1,48,15,Pooling,0.78,6.337830539392549,6.337830539392549,0.0,0,12345
0.0,0.1,48,15,Repeated,0.82,7.135730622818379,7.135730622818379,0.0,0,12345
0.0,0.1,48,15,S-HCP-within,0.93,7.324090386786841,7.4460311402492465,0.7486908059451363,0,12345
0.0,0.1,48,15,Std-CP,0.92,8.91014620093645,8.206454887169876,5.182171630826422,0,12345
0.0,0.1,48,15,Subsampling,0.63,4.948482146630294,4.948482146630294,1.4198513545079785e-15,0,12345
0.0,0.1,48,20,Donor-HCP-no-within,0.93,7.899178104653037,8.189720837076251,0.9695296432240649,0,12345
0.0,0.1,48,20,Donor-HCP-within,0.94,7.109764680801923,7.26895488128436,0.47961085819896737,0,12345
0.0,0.1,48,20,HCP,0.87,8.776594844208688,8.776594844208688,0.0,0,12345
0.0,0.1,48,20,Pooling,0.78,6.337830539392549,6.337830539392549,0.0,0,12345
0.0,0.1,48,20,Repeated,0.82,7.135730622818379,7.135730622818379,0.0,0,12345
0.0,0.1,48,20,S-HCP-within,0.92,6.870935036515796,6.683520738373716,0.7961907580131291,0,12345
0.0,0.1,48,20,Std-CP,0.94,6.785816476109153,6.776269776517208,2.555424792304127,0,12345
0.0,0.1,48,20,Subsampling,0.63,4.948482146630294,4.948482146630294,1.4198513545079785e-15,0,12345
0.0,0.1,48,25,Donor-HCP-no-within,0.92,6.892977073358285,6.545470719944588,2.132553587237317,0,12345
0.0,0.1,48,25,Donor-HCP-within,0.91,6.616264346494642,6.0902132218480185,2.591099973271823,0,12345
0.0,0.1,48,25,HCP,0.87,8.776594844208688,8.776594844208688,0.0,0,12345
0.0,0.1,48,25,Pooling,0.78,6.337830539392549,6.337830539392549,0.0,0,12345
0.0,0.1,48,25,Repeated,0.82,7.135730622818379,7.135730622818379,0.0,0,12345
0.0,0.1,48,25,S-HCP-within,0.93,7.352771197085449,7.088344174894248,2.346965006268182,0,12345
0.0,0.1,48,25,Std-CP,0.92,6.390285021514858,6.1117759328505485,2.4204211800631783,0,12345
0.0,0.1,48,25,Subsampling,0.63,4.948482146630294,4.948482146630294,1.4198513545079785e-15,0,12345
0.0,0.1,48,30,Donor-HCP-no-within,0.88,6.448757778993144,5.986859837812704,2.0633954423449623,0,12345
0.0,0.1,48,30,Donor-HCP-within,0.96,6.281458059122001,6.061925358175307,2.1954123838404493,0,12345
0.0,0.1,48,30,HCP,0.87,8.776594844208688,8.776594844208688,0.0,0,12345
0.0,0.1,48,30,Pooling,0.78,6.337830539392549,6.337830539392549,0.0,0,12345
0.0,0.1,48,30,Repeated,0.82,7.135730622818379,7.135730622818379,0.0,0,12345
0.0,0.1,48,30,S-HCP-within,0.91,7.515443074606424,7.210782902169102,2.2661929182535285,0,12345
0.0,0.1,48,30,Std-CP,0.92,6.284955831453322,5.9350054283928975,2.4152382715700282,0,12345
0.0,0.1,48,30,Subsampling,0.63,4.948482146630294,4.948482146630294,1.4198513545079785e-15,0,12345
0.0,0.1,48,35,Donor-HCP-no-within,0.89,6.6403712068242235,6.096383043547352,2.0587408132059237,0,12345
0.0,0.1,48,35,Donor-HCP-within,0.98,6.4249172425304275,6.367663536046564,1.985592760324311,0,12345
0.0,0.1,48,35,HCP,0.87,8.776594844208688,8.776594844208688,0.0,0,12345
0.0,0.1,48,35,Pooling,0.78,6.337830539392549,6.337830539392549,0.0,0,12345
0.0,0.1,48,35,Repeated,0.82,7.135730622818379,7.135730622818379,0.0,0,12345
0.0,0.1,48,35,S-HCP-within,0.93,7.79247528500855,7.599181734632834,2.1934262560117475,0,12345
0.0,0.1,48,35,Std-CP,0.98,6.409480675724625,6.374018946768259,1.8510576609906007,0,12345
0.0,0.1,48,35,Subsampling,0.63,4.948482146630294,4.948482146630294,1.4198513545079785e-15,0,12345
0.0,0.1,49,0,Donor-HCP-no-within,0.99,11.68543467678959,11.68543467678959,0.0,0,12345
0.0,0.1,49,0,Donor-HCP-within,0.99,11.68543467678959,11.68543467678959,0.0,0,12345
0.0,0.1,49,0,HCP,0.99,11.68543467678959,11.68543467678959,0.0,0,12345
0.0,0.1,49,0,Pooling,0.91,8.532389250294397,8.532389250294397,2.3140207875333715e-15,0,12345
0.0,0.1,49,0,Repeated,0.95,9.500390097817832,9.500390097817832,2.300205614583429e-15,0,12345
0.0,0.1,49,0,S-HCP-within,0.95,12.769055745727572,12.96580889763834,1.817374074749958,0,12345
0.0,0.1,49,0,Std-CP,1.0,,,,100,12345
0.0,0.1,49,0,Subsampling,0.83,7.161412717078675,7.161412717078675,8.229853082613323e-16,0,12345
0.0,0.1,49,5,Donor-HCP-no-within,1.0,12.726281938301325,12.805843231360619,2.1620994408206506,0,12345
0.0,0.1,49,5,Donor-HCP-within,1.0,12.434005064198182,11.830241203965116,2.1261336299990883,0,12345
0.0,0.1,49,5,HCP,0.99,11.68543467678959,11.68543467678959,0.0,0,12345
0.0,0.1,49,5,Pooling,0.91,8.532389250294397,8.532389250294397,2.3140207875333715e-15,0,12345
0.0,0.1,49,5,Repeated,0.95,9.500390097817832,9.500390097817832,2.300205614583429e-15,0,12345
0.0,0.1,49,5,S-HCP-within,0.94,11.770625066513478,11.534012256339906,1.11184193235674,0,12345
0.0,0.1,49,5,Std-CP,0.76,5.805956998102457,5.100813589208586,4.111751949396678,0,12345
0.0,0.1,49,5,Subsampling,0.83,7.161412717078675,7.161412717078675,8.229853082613323e-16,0,12345
0.0,0.1,49,10,Donor-HCP-no-within,0.96,12.080427294828798,11.66914472814831,2.358032609767267,0,12345
0.0,0.1,49,10,Donor-HCP-within,0.92,20.931307012631102,21.321701138772486,3.608686918790318,0,12345
0.0,0.1,49,10,HCP,0.99,11.68543467678959,11.68543467678959,0.0,0,12345
0.0,0.1,49,10,Pooling,0.91,8.532389250294397,8.532389250294397,2.3140207875333715e-15,0,12345
0.0,0.1,49,10,Repeated,0.95,9.500390097817832,9.500390097817832,2.300205614583429e-15,0,12345
0.0,0.1,49,10,S-HCP-within,0.94,11.834928844078513,11.534012256339906,0.9900891852288788,0,12345
0.0,0.1,49,10,Std-CP,0.89,52.20107652014754,11.769020787830211,241.87234932504404,0,12345
0.0,0.1,49,10,Subsampling,0.83,7.161412717078675,7.161412717078675,8.229853082613323e-16,0,12345
0.0,0.1,49,15,Donor-HCP-no-within,0.97,11.8280771211056,11.124427345497207,2.6587650012034354,0,12345
0.0,0.1,49,15,Donor-HCP-within,0.96,9.935483998628209,9.361385953311256,1.3797463152455898,0,12345
0.0,0.1,49,15,HCP,0.99,11.68543467678959,11.68543467678959,0.0,0,12345
0.0,0.1,49,15,Pooling,0.91,8.532389250294397,8.532389250294397,2.3140207875333715e-15,0,12345
0.0,0.1,49,15,Repeated,0.95,9.500390097817832,9.500390097817832,2.300205614583429e-15,0,12345
0.0,0.1,49,15,S-HCP-within,0.95,11.63687697824555,11.333928670315602,0.7158691056934408,0,12345
0.0,0.1,49,15,Std-CP,0.91,8.31732773314691,7.31569562359065,4.771651581955306,0,12345
0.0,0.1,49,15,Subsampling,0.83,7.161412717078675,7.161412717078675,8.229853082613323e-16,0,12345
0.0,0.1,49,20,Donor-HCP-no-within,0.96,11.433750935871045,10.858565901284608,2.897778012743891,0,12345
0.0,0.1,49,20,Donor-HCP-within,0.95,7.128708932423548,6.931957432358352,1.023541579674767,0,12345
0.0,0.1,49,20,HCP,0.99,11.68543467678959,11.68543467678959,0.0,0,12345
0.0,0.1,49,20,Pooling,0.91,8.532389250294397,8.532389250294397,2.3140207875333715e-15,0,12345
0.0,0.1,49,20,Repeated,0.95,9.500390097817832,9.500390097817832,2.300205614583429e-15,0,12345
0.0,0.1,49,20,S-HCP-within,0.95,11.335213682976196,11.10456224923135,0.6416209883445019,0,12345
0.0,0.1,49,20,Std-CP,0.92,6.832660250372834,5.858414571140967,3.683391325573484,0,12345
0.0,0.1,49,20,Subsampling,0.83,7.161412717078675,7.161412717078675,8.229853082613323e-16,0,12345
0.0,0.1,49,25,Donor-HCP-no-within,0.89,6.906332929850776,6.698933457081458,1.909478873035533,0,12345
0.0,0.1,49,25,Donor-HCP-within,0.94,6.41765569231576,6.198848127614433,2.197034287246129,0,12345
0.0,0.1,49,25,HCP,0.99,11.68543467678959,11.68543467678959,0.0,0,12345
0.0,0.1,49,25,Pooling,0.91,8.532389250294397,8.532389250294397,2.3140207875333715e-15,0,12345
0.0,0.1,49,25,Repeated,0.95,9.500390097817832,9.500390097817832,2.300205614583429e-15,0,12345
0.0,0.1,49,25,S-HCP-within,0.91,7.413427563874951,6.973198017476717,2.2761828070449175,0,12345
0.0,0.1,49,25,Std-CP,0.92,6.651689956101498,6.408101850464764,2.7214484780075874,0,12345
0.0,0.1,49,25,Subsampling,0.83,7.161412717078675,7.161412717078675,8.229853082613323e-16,0,12345
0.0,0.1,49,30,Donor-HCP-no-within,0.88,6.5084615901116765,6.441232729483811,1.7431954082759011,0,12345
0.0,0.1,49,30,Donor-HCP-within,0.92,6.246609869567472,6.252236507178016,1.917912932726063,0,12345
0.0,0.1,49,30,HCP,0.99,11.68543467678959,11.68543467678959,0.0,0,12345
0.0,0.1,49,30,Pooling,0.91,8.532389250294397,8.532389250294397,2.3140207875333715e-15,0,12345
0.0,0.1,49,30,Repeated,0.95,9.500390097817832,9.500390097817832,2.300205614583429e-15,0,12345
0.0,0.1,49,30,S-HCP-within,0.92,7.692260109911871,7.543780611260825,2.1290924124809703,0,12345
0.0,0.1,49,30,Std-CP,0.92,6.374586933608385,5.880612848572835,2.2341165427436778,0,12345
0.0,0.1,49,30,Subsampling,0.83,7.161412717078675,7.161412717078675,8.229853082613323e-16,0,12345
0.0,0.1,49,35,Donor-HCP-no-within,0.88,6.750845540943513,6.57941511614677,1.8071755816006,0,12345
0.0,0.1,49,35,Donor-HCP-within,0.93,6.23848258620835,6.17815220422745,1.8264246338499834,0,12345
0.0,0.1,49,35,HCP,0.99,11.68543467678959,11.68543467678959,0.0,0,12345
0.0,0.1,49,35,Pooling,0.91,8.532389250294397,8.532389250294397,2.3140207875333715e-15,0,12345
0.0,0.1,49,35,Repeated,0.95,9.500390097817832,9.500390097817832,2.300205614583429e-15,0,12345
0.0,0.1,49,35,S-HCP-within,0.93,7.877050370017322,7.463316482319772,2.123655257836484,0,12345
0.0,0.1,49,35,Std-CP,0.93,6.443758094597143,6.354749974983102,2.1204820693291224,0,12345
0.0,0.1,49,35,Subsampling,0.83,7.161412717078675,7.161412717078675,8.229853082613323e-16,0,12345
5.0,0.05,0,0,Donor-HCP-no-within,1.0,,,,100,12345
5.0,0.05,0,0,Donor-HCP-within,1.0,,,,100,12345
5.0,0.05,0,0,HCP,1.0,,,,100,12345
5.0,0.05,0,0,Pooling,0.97,28.187687081939693,28.187687081939693,1.5563935104807336e-15,0,12345
5.0,0.05,0,0,Repeated,1.0,,,,100,12345
5.0,0.05,0,0,S-HCP-within,1.0,,,,100,12345
5.0,0.05,0,0,Std-CP,1.0,,,,100,12345
5.0,0.05,0,0,Subsampling,1.0,,,,100,12345
5.0,0.05,0,5,Donor-HCP-no-within,1.0,,,,100,12345
5.0,0.05,0,5,Donor-HCP-within,1.0,,,,100,12345
5.0,0.05,0,5,HCP,1.0,,,,100,12345
5.0,0.05,0,5,Pooling,0.97,28.187687081939693,28.187687081939693,1.5563935104807336e-15,0,12345
5.0,0.05,0,5,Repeated,1.0,,,,100,12345
5.0,0.05,0,5,S-HCP-within,0.97,54.32664839912668,53.963405603148914,2.265974453094797,0,12345
5.0,0.05,0,5,Std-CP,0.71,7.167134524555096,5.522897257467614,8.814656983886778,0,12345
5.0,0.05,0,5,Subsampling,1.0,,,,100,12345
5.0,0.05,0,10,Donor-HCP-no-within,1.0,33.84867851583602,34.02982495606861,3.581785430376469,0,12345
5.0,0.05,0,10,Donor-HCP-within,1.0,,,,100,12345
5.0,0.05,0,10,HCP,1.0,,,,100,12345
5.0,0.05,0,10,Pooling,0.97,28.187687081939693,28.187687081939693,1.5563935104807336e-15,0,12345
5.0,0.05,0,10,Repeated,1.0,,,,100,12345
5.0,0.05,0,10,S-HCP-within,0.97,54.227596611591196,53.72649406005657,2.032346943223538,0,12345
5.0,0.05,0,10,Std-CP,0.8,30.835573430061086,11.388218582398732,70.52221737301608,0,12345
5.0,0.05,0,10,Subsampling,1.0,,,,100,12345
5.0,0.05,0,15,Donor-HCP-no-within,1.0,30.79084568408093,30.754880887005022,3.4417782123048215,0,12345
5.0,0.05,0,15,Donor-HCP-within,0.98,21.587509737591468,22.43433557541781,2.092031201026136,0,12345
5.0,0.05,0,15,HCP,1.0,,,,100,12345
5.0,0.05,0,15,Pooling,0.97,28.187687081939693,28.187687081939693,1.5563935104807336e-15,0,12345
5.0,0.05,0,15,Repeated,1.0,,,,100,12345
5.0,0.05,0,15,S-HCP-within,0.97,54.39810981534279,53.963405603148914,1.872498513938599,0,12345
5.0,0.05,0,15,Std-CP,0.81,10.209759349875808,7.600909629888532,13.023924645041417,0,12345
5.0,0.05,0,15,Subsampling,1.0,,,,100,12345
5.0,0.05,0,20,Donor-HCP-no-within,0.99,28.927634219674538,29.288230844032707,3.4239992924623763,0,12345
5.0,0.05,0,20,Donor-HCP-within,0.98,14.975457775524571,14.910671245294605,1.3909992696142166,0,12345
5.0,0.05,0,20,HCP,1.0,,,,100,12345
5.0,0.05,0,20,Pooling,0.97,28.187687081939693,28.187687081939693,1.5563935104807336e-15,0,12345
5.0,0.05,0,20,Repeated,1.0,,,,100,12345
5.0,0.05,0,20,S-HCP-within,0.97,53.823507043516976,53.72649406005657,1.853873393800516,0,12345
5.0,0.05,0,20,Std-CP,0.88,7.460018898672399,6.639230229093253,3.3172208405048123,0,12345
5.0,0.05,0,20,Subsampling,1.0,,,,100,12345
5.0,0.05,0,25,Donor-HCP-no-within,0.97,18.79469330537225,17.68902592921489,10.250177505870617,0,12345
5.0,0.05,0,25,Donor-HCP-within,1.0,,,,100,12345
5.0,0.05,0,25,HCP,1.0,,,,100,12345
5.0,0.05,0,25,Pooling,0.97,28.187687081939693,28.187687081939693,1.5563935104807336e-15,0,12345
5.0,0.05,0,25,Repeated,1.0,,,,100,12345
5.0,0.05,0,25,S-HCP-within,1.0,,,,100,12345
5.0,0.05,0,25,Std-CP,0.92,7.026068166981518,6.763701268981783,2.626129149400953,0,12345
5.0,0.05,0,25,Subsampling,1.0,,,,100,12345
5.0,0.05,0,30,Donor-HCP-no-within,0.97,19.178038051149873,18.83783625343744,10.38775947695103,0,12345
5.0,0.05,0,30,Donor-HCP-within,1.0,,,,100,12345
5.0,0.05,0,30,HCP,1.0,,,,100,12345
5.0,0.05,0,30,Pooling,0.97,28.187687081939693,28.187687081939693,1.5563935104807336e-15,0,12345
5.0,0.05,0,30,Repeated,1.0,,,,100,12345
5.0,0.05,0,30,S-HCP-within,1.0,,,,100,12345
5.0,0.05,0,30,Std-CP,0.92,7.017488654047693,6.531527710451273,2.513804580702765,0,12345
5.0,0.05,0,30,Subsampling,1.0,,,,100,12345
5.0,0.05,0,35,Donor-HCP-no-within,0.97,19.327098165645655,18.83783625343744,10.433198602985414,0,12345
5.0,0.05,0,35,Donor-HCP-within,1.0,,,,100,12345
5.0,0.05,0,35,HCP,1.0,,,,100,12345
5.0,0.05,0,35,Pooling,0.97,28.187687081939693,28.187687081939693,1.5563935104807336e-15,0,12345
5.0,0.05,0,35,Repeated,1.0,,,,100,12345
5.0,0.05,0,35,S-HCP-within,1.0,,,,100,12345
5.0,0.05,0,35,Std-CP,0.95,6.681145072476372,6.516723125995796,2.110808726080332,0,12345
5.0,0.05,0,35,Subsampling,1.0,,,,100,12345
5.0,0.05,1,0,Donor-HCP-no-within,1.0,,,,100,12345
5.0,0.05,1,0,Donor-HCP-within,1.0,,,,100,12345
5.0,0.05,1,0,HCP,1.0,,,,100,12345
5.0,0.05,1,0,Pooling,0.95,51.582433775368074,51.582433775368074,0.0,0,12345
5.0,0.05,1,0,Repeated,1.0,,,,100,12345
5.0,0.05,1,0,S-HCP-within,1.0,,,,100,12345
5.0,0.05,1,0,Std-CP,1.0,,,,100,12345
5.0,0.05,1,0,Subsampling,1.0,,,,100,12345
5.0,0.05,1,5,Donor-HCP-no-within,1.0,,,,100,12345
5.0,0.05,1,5,Donor-HCP-within,1.0,,,,100,12345
5.0,0.05,1,5,HCP,1.0,,,,100,12345
5.0,0.05,1,5,Pooling,0.95,51.582433775368074,51.582433775368074,0.0,0,12345
5.0,0.05,1,5,Repeated,1.0,,,,100,12345
5.0,0.05,1,5,S-HCP-within,0.98,27.75060170556095,27.46345552428412,2.3219541835047015,0,12345
5.0,0.05,1,5,Std-CP,0.79,6.345442014128672,5.415390132608298,4.330726156332684,0,12345
5.0,0.05,1,5,Subsampling,1.0,,,,100,12345
5.0,0.05,1,10,Donor-HCP-no-within,0.97,51.65718622984089,54.209821626430106,14.835291592260857,0,12345
5.0,0.05,1,10,Donor-HCP-within,1.0,,,,100,12345
5.0,0.05,1,10,HCP,1.0,,,,100,12345
5.0,0.05,1,10,Pooling,0.95,51.582433775368074,51.582433775368074,0.0,0,12345
5.0,0.05,1,10,Repeated,1.0,,,,100,12345
5.0,0.05,1,10,S-HCP-within,0.95,27.412177905664258,27.352203387767027,1.9145449840856912,0,12345
5.0,0.05,1,10,Std-CP,0.85,42.94005951892677,10.727731629667343,140.1733370771062,0,12345
5.0,0.05,1,10,Subsampling,1.0,,,,100,12345
5.0,0.05,1,15,Donor-HCP-no-within,0.99,46.83340903936934,48.00962872946387,15.0715005482529,0,12345
5.0,0.05,1,15,Donor-HCP-within,0.97,30.869152050290158,33.98411161233153,9.17874899821251,0,12345
5.0,0.05,1,15,HCP,1.0,,,,100,12345
5.0,0.05,1,15,Pooling,0.95,51.582433775368074,51.582433775368074,0.0,0,12345
5.0,0.05,1,15,Repeated,1.0,,,,100,12345
5.0,0.05,1,15,S-HCP-within,0.97,27.67546714274257,27.46345552428412,1.7572424987975295,0,12345
5.0,0.05,1,15,Std-CP,0.92,8.742992126329005,7.573538344008484,5.359791472438107,0,12345
5.0,0.05,1,15,Subsampling,1.0,,,,100,12345
5.0,0.05,1,20,Donor-HCP-no-within,0.97,44.945738899844336,47.18480172544619,13.440142235878096,0,12345
5.0,0.05,1,20,Donor-HCP-within,0.95,24.75821539848875,25.903088054344238,7.328999649171422,0,12345
5.0,0.05,1,20,HCP,1.0,,,,100,12345
5.0,0.05,1,20,Pooling,0.95,51.582433775368074,51.582433775368074,0.0,0,12345
5.0,0.05,1,20,Repeated,1.0,,,,100,12345
5.0,0.05,1,20,S-HCP-within,0.96,27.049033262267812,26.74743156762228,1.4819106804553037,0,12345
5.0,0.05,1,20,Std-CP,0.91,6.7227716394435255,5.986500388858237,3.0904802077816598,0,12345
5.0,0.05,1,20,Subsampling,1.0,,,,100,12345
5.0,0.05,1,25,Donor-HCP-no-within,0.97,18.716501019407396,15.97739624989472,8.690567684157438,0,12345
5.0,0.05,1,25,Donor-HCP-within,1.0,,,,100,12345
5.0,0.05,1,25,HCP,1.0,,,,100,12345
5.0,0.05,1,25,Pooling,0.95,51.582433775368074,51.582433775368074,0.0,0,12345
5.0,0.05,1,25,Repeated,1.0,,,,100,12345
5.0,0.05,1,25,S-HCP-within,1.0,,,,100,12345
5.0,0.05,1,25,Std-CP,0.94,6.630561548162699,6.396040655244324,2.32577275586976,0,12345
5.0,0.05,1,25,Subsampling,1.0,,,,100,12345
5.0,0.05,1,30,Donor-HCP-no-within,0.97,19.16459157840758,16.75022178414462,8.730655796645728,0,12345
5.0,0.05,1,30,Donor-HCP-within,1.0,,,,100,12345
5.0,0.05,1,30,HCP,1.0,,,,100,12345
5.0,0.05,1,30,Pooling,0.95,51.582433775368074,51.582433775368074,0.0,0,12345
5.0,0.05,1,30,Repeated,1.0,,,,100,12345
5.0,0.05,1,30,S-HCP-within,1.0,,,,100,12345
5.0,0.05,1,30,Std-CP,0.97,6.461952842594334,6.177717467799164,2.091608591676717,0,12345
5.0,0.05,1,30,Subsampling,1.0,,,,100,12345
5.0,0.05,1,35,Donor-HCP-no-within,0.97,19.412799734350966,17.125278072960185,8.737165512115466,0,12345
5.0,0.05,1,35,Donor-HCP-within,1.0,,,,100,12345
5.0,0.05,1,35,HCP,1.0,,,,100,12345
5.0,0.05,1,35,Pooling,0.95,51.582433775368074,51.582433775368074,0.0,0,12345
5.0,0.05,1,35,Repeated,1.0,,,,100,12345
5.0,0.05,1,35,S-HCP-within,1.0,,,,100,12345
5.0,0.05,1,35,Std-CP,0.98,6.36714000910644,6.161947496163929,1.7636117067544703,0,12345
5.0,0.05,1,35,Subsampling,1.0,,,,100,12345
5.0,0.05,2,0,Donor-HCP-no-within,1.0,,,,100,12345
5.0,0.05,2,0,Donor-HCP-within,1.0,,,,100,12345
5.0,0.05,2,0,HCP,1.0,,,,100,12345
5.0,0.05,2,0,Pooling,0.9,24.111438388627477,24.111438388627473,2.3952390736185764e-15,0,12345
5.0,0.05,2,0,Repeated,1.0,,,,100,12345
5.0,0.05,2,0,S-HCP-within,1.0,,,,100,12345
5.0,0.05,2,0,Std-CP,1.0,,,,100,12345
5.0,0.05,2,0,Subsampling,1.0,,,,100,12345
5.0,0.05,2,5,Donor-HCP-no-within,1.0,,,,100,12345
5.0,0.05,2,5,Donor-HCP-within,1.0,,,,100,12345
5.0,0.05,2,5,HCP,1.0,,,,100,12345
5.0,0.05,2,5,Pooling,0.9,24.111438388627477,24.111438388627473,2.3952390736185764e-15,0,12345
5.0,0.05,2,5,Repeated,1.0,,,,100,12345
5.0,0.05,2,5,S-HCP-within,0.96,30.65054841894529,30.29709792687411,1.9312908676773428,0,12345
5.0,0.05,2,5,Std-CP,0.77,5.948528228235516,4.938964207874728,5.504834646995334,0,12345
5.0,0.05,2,5,Subsampling,1.0,,,,100,12345
5.0,0.05,2,10,Donor-HCP-no-within,1.0,33.68112638585283,32.96240557012955,4.741550298454371,0,12345
5.0,0.05,2,10,Donor-HCP-within,1.0,,,,100,12345
5.0,0.05,2,10,HCP,1.0,,,,100,12345
5.0,0.05,2,10,Pooling,0.9,24.111438388627477,24.111438388627473,2.3952390736185764e-15,0,12345
5.0,0.05,2,10,Repeated,1.0,,,,100,12345
5.0,0.05,2,10,S-HCP-within,0.99,30.380831872962197,30.264664672280503,1.6268882179011934,0,12345
5.0,0.05,2,10,Std-CP,0.91,23.9081530722567,12.331695562628024,37.45563104386454,0,12345
5.0,0.05,2,10,Subsampling,1.0,,,,100,12345
5.0,0.05,2,15,Donor-HCP-no-within,0.97,29.84713801200526,28.841466672730533,4.874412551831502,0,12345
5.0,0.05,2,15,Donor-HCP-within,0.96,20.679574780221238,20.393721242632868,2.771900693004363,0,12345
5.0,0.05,2,15,HCP,1.0,,,,100,12345
5.0,0.05,2,15,Pooling,0.9,24.111438388627477,24.111438388627473,2.3952390736185764e-15,0,12345
5.0,0.05,2,15,Repeated,1.0,,,,100,12345
5.0,0.05,2,15,S-HCP-within,0.98,30.687070172521445,30.29709792687411,1.3415357031964608,0,12345
5.0,0.05,2,15,Std-CP,0.93,9.53469910741409,7.35066279738553,6.325044456974414,0,12345
5.0,0.05,2,15,Subsampling,1.0,,,,100,12345
5.0,0.05,2,20,Donor-HCP-no-within,0.95,28.71737744804385,28.994242828797265,4.844772257956562,0,12345
5.0,0.05,2,20,Donor-HCP-within,0.98,16.965130671095284,18.016624793123054,2.315543047654957,0,12345
5.0,0.05,2,20,HCP,1.0,,,,100,12345
5.0,0.05,2,20,Pooling,0.9,24.111438388627477,24.111438388627473,2.3952390736185764e-15,0,12345
5.0,0.05,2,20,Repeated,1.0,,,,100,12345
5.0,0.05,2,20,S-HCP-within,0.96,29.615470969376958,29.255145775764618,1.3680128349056928,0,12345
5.0,0.05,2,20,Std-CP,0.92,7.131685697221111,6.535576774820455,2.8758416613505915,0,12345
5.0,0.05,2,20,Subsampling,1.0,,,,100,12345
5.0,0.05,2,25,Donor-HCP-no-within,0.97,16.42628589959977,16.353713681790488,6.837149291023751,0,12345
5.0,0.05,2,25,Donor-HCP-within,1.0,,,,100,12345
5.0,0.05,2,25,HCP,1.0,,,,100,12345
5.0,0.05,2,25,Pooling,0.9,24.111438388627477,24.111438388627473,2.3952390736185764e-15,0,12345
5.0,0.05,2,25,Repeated,1.0,,,,100,12345
5.0,0.05,2,25,S-HCP-within,1.0,,,,100,12345
5.0,0.05,2,25,Std-CP,0.91,6.686168763485552,6.228620437572528,2.572126201825357,0,12345
5.0,0.05,2,25,Subsampling,1.0,,,,100,12345
5.0,0.05,2,30,Donor-HCP-no-within,0.97,16.539860985013437,16.353713681790488,6.766877284766289,0,12345
5.0,0.05,2,30,Donor-HCP-within,1.0,,,,100,12345
5.0,0.05,2,30,HCP,1.0,,,,100,12345
5.0,0.05,2,30,Pooling,0.9,24.111438388627477,24.111438388627473,2.3952390736185764e-15,0,12345
5.0,0.05,2,30,Repeated,1.0,,,,100,12345
5.0,0.05,2,30,S-HCP-within,1.0,,,,100,12345
5.0,0.05,2,30,Std-CP,0.99,6.419272343928784,6.043801699342105,2.3299608727094556,0,12345
5.0,0.05,2,30,Subsampling,1.0,,,,100,12345
5.0,0.05,2,35,Donor-HCP-no-within,0.97,16.668526852172768,16.353713681790488,6.804037710043531,0,12345
5.0,0.05,2,35,Donor-HCP-within,1.0,,,,100,12345
5.0,0.05,2,35,HCP,1.0,,,,100,12345
5.0,0.05,2,35,Pooling,0.9,24.111438388627477,24.111438388627473,2.3952390736185764e-15,0,12345
5.0,0.05,2,35,Repeated,1.0,,,,100,12345
5.0,0.05,2,35,S-HCP-within,1.0,,,,100,12345
5.0,0.05,2,35,Std-CP,0.95,6.363567483631633,6.220624984751008,1.9602488137741436,0,12345
5.0,0.05,2,35,Subsampling,1.0,,,,100,12345
5.0,0.05,3,0,Donor-HCP-no-within,1.0,,,,100,12345
5.0,0.05,3,0,Donor-HCP-within,1.0,,,,100,12345
5.0,0.05,3,0,HCP,1.0,,,,100,12345
5.0,0.05,3,0,Pooling,0.9,22.29318179794574,22.293181797945742,7.984130245395255e-16,0,12345
5.0,0.05,3,0,Repeated,1.0,,,,100,12345
5.0,0.05,3,0,S-HCP-within,1.0,,,,100,12345
5.0,0.05,3,0,Std-CP,1.0,,,,100,12345
5.0,0.05,3,0,Subsampling,1.0,,,,100,12345
5.0,0.05,3,5,Donor-HCP-no-within,1.0,,,,100,12345
5.0,0.05,3,5,Donor-HCP-within,1.0,,,,100,12345
5.0,0.05,3,5,HCP,1.0,,,,100,12345
5.0,0.05,3,5,Pooling,0.9,22.29318179794574,22.293181797945742,7.984130245395255e-16,0,12345
5.0,0.05,3,5,Repeated,1.0,,,,100,12345
5.0,0.05,3,5,S-HCP-within,0.93,19.208045807452347,18.706130727990534,2.4594583868364106,0,12345
5.0,0.05,3,5,Std-CP,0.81,6.3716240471270655,5.161137118721022,4.969815446005103,0,12345
5.0,0.05,3,5,Subsampling,1.0,,,,100,12345
5.0,0.05,3,10,Donor-HCP-no-within,1.0,27.87814436305007,28.526056692000623,3.384617838999179,0,12345
5.0,0.05,3,10,Donor-HCP-within,1.0,,,,100,12345
5.0,0.05,3,10,HCP,1.0,,,,100,12345
5.0,0.05,3,10,Pooling,0.9,22.29318179794574,22.293181797945742,7.984130245395255e-16,0,12345
5.0,0.05,3,10,Repeated,1.0,,,,100,12345
5.0,0.05,3,10,S-HCP-within,0.92,18.904168636020767,18.44157619930251,2.3001198708750397,0,12345
5.0,0.05,3,10,Std-CP,0.96,64.61006530289377,16.077674899566865,155.61696962039667,0,12345
5.0,0.05,3,10,Subsampling,1.0,,,,100,12345
5.0,0.05,3,15,Donor-HCP-no-within,0.98,25.759013505271973,28.040190181481513,3.66238530944865,0,12345
5.0,0.05,3,15,Donor-HCP-within,1.0,32.396108601244336,33.546816982009005,4.31659002074743,0,12345
5.0,0.05,3,15,HCP,1.0,,,,100,12345
5.0,0.05,3,15,Pooling,0.9,22.29318179794574,22.293181797945742,7.984130245395255e-16,0,12345
5.0,0.05,3,15,Repeated,1.0,,,,100,12345
5.0,0.05,3,15,S-HCP-within,0.94,18.975260351053883,18.493771415501477,2.1283367753856393,0,12345
5.0,0.05,3,15,Std-CP,0.88,8.806203286977405,7.556095274166008,4.366706980506009,0,12345
5.0,0.05,3,15,Subsampling,1.0,,,,100,12345
5.0,0.05,3,20,Donor-HCP-no-within,0.92,24.30272754254211,25.218105241352315,3.8037337304834216,0,12345
5.0,0.05,3,20,Donor-HCP-within,0.95,14.40962004044498,15.517463380616931,2.179666961294809,0,12345
5.0,0.05,3,20,HCP,1.0,,,,100,12345
5.0,0.05,3,20,Pooling,0.9,22.29318179794574,22.293181797945742,7.984130245395255e-16,0,12345
5.0,0.05,3,20,Repeated,1.0,,,,100,12345
5.0,0.05,3,20,S-HCP-within,0.93,18.59231008095351,18.133139744243834,2.0756608222151613,0,12345
5.0,0.05,3,20,Std-CP,0.91,6.449245226715338,6.145405771391953,2.3857173480604597,0,12345
5.0,0.05,3,20,Subsampling,1.0,,,,100,12345
5.0,0.05,3,25,Donor-HCP-no-within,0.99,14.029150528377743,12.972407425498417,6.053897480198081,0,12345
5.0,0.05,3,25,Donor-HCP-within,1.0,,,,100,12345
5.0,0.05,3,25,HCP,1.0,,,,100,12345
5.0,0.05,3,25,Pooling,0.9,22.29318179794574,22.293181797945742,7.984130245395255e-16,0,12345
5.0,0.05,3,25,Repeated,1.0,,,,100,12345
5.0,0.05,3,25,S-HCP-within,1.0,,,,100,12345
5.0,0.05,3,25,Std-CP,0.89,6.843563257948656,6.546921148815727,2.3101716149514786,0,12345
5.0,0.05,3,25,Subsampling,1.0,,,,100,12345
5.0,0.05,3,30,Donor-HCP-no-within,0.99,14.218694212415114,12.972407425498417,6.150091440035525,0,12345
5.0,0.05,3,30,Donor-HCP-within,1.0,,,,100,12345
5.0,0.05,3,30,HCP,1.0,,,,100,12345
5.0,0.05,3,30,Pooling,0.9,22.29318179794574,22.293181797945742,7.984130245395255e-16,0,12345
5.0,0.05,3,30,Repeated,1.0,,,,100,12345
5.0,0.05,3,30,S-HCP-within,1.0,,,,100,12345
5.0,0.05,3,30,Std-CP,0.93,6.467307787667199,6.2163224610180645,1.9641860455412292,0,12345
5.0,0.05,3,30,Subsampling,1.0,,,,100,12345
5.0,0.05,3,35,Donor-HCP-no-within,1.0,14.363058176991474,13.099437155780304,6.145358992879045,0,12345
5.0,0.05,3,35,Donor-HCP-within,1.0,,,,100,12345
5.0,0.05,3,35,HCP,1.0,,,,100,12345
5.0,0.05,3,35,Pooling,0.9,22.29318179794574,22.293181797945742,7.984130245395255e-16,0,12345
5.0,0.05,3,35,Repeated,1.0,,,,100,12345
5.0,0.05,3,35,S-HCP-within,1.0,,,,100,12345
5.0,0.05,3,35,Std-CP,0.92,6.599794366840613,6.269883582613124,2.079112227013567,0,12345
5.0,0.05,3,35,Subsampling,1.0,,,,100,12345
5.0,0.05,4,0,Donor-HCP-no-within,1.0,,,,100,12345
5.0,0.05,4,0,Donor-HCP-within,1.0,,,,100,12345
5.0,0.05,4,0,HCP,1.0,,,,100,12345
5.0,0.05,4,0,Pooling,0.99,39.02167850324414,39.02167850324414,3.193652098158102e-15,0,12345
5.0,0.05,4,0,Repeated,1.0,,,,100,12345
5.0,0.05,4,0,S-HCP-within,1.0,,,,100,12345
5.0,0.05,4,0,Std-CP,1.0,,,,100,12345
5.0,0.05,4,0,Subsampling,1.0,,,,100,12345
5.0,0.05,4,5,Donor-HCP-no-within,1.0,,,,100,12345
5.0,0.05,4,5,Donor-HCP-within,1.0,,,,100,12345
5.0,0.05,4,5,HCP,1.0,,,,100,12345
5.0,0.05,4,5,Pooling,0.99,39.02167850324414,39.02167850324414,3.193652098158102e-15,0,12345
5.0,0.05,4,5,Repeated,1.0,,,,100,12345
5.0,0.05,4,5,S-HCP-within,0.99,35.43288474873674,35.49085124834112,0.8836685034468849,0,12345
5.0,0.05,4,5,Std-CP,0.82,6.917686240877604,5.194655103486761,5.696497802271658,0,12345
5.0,0.05,4,5,Subsampling,1.0,,,,100,12345
5.0,0.05,4,10,Donor-HCP-no-within,1.0,40.525189926329695,42.509000917728216,5.032795362624086,0,12345
5.0,0.05,4,10,Donor-HCP-within,1.0,,,,100,12345
5.0,0.05,4,10,HCP,1.0,,,,100,12345
5.0,0.05,4,10,Pooling,0.99,39.02167850324414,39.02167850324414,3.193652098158102e-15,0,12345
5.0,0.05,4,10,Repeated,1.0,,,,100,12345
5.0,0.05,4,10,S-HCP-within,0.99,35.2733463707099,35.47862418293745,0.6256050737670116,0,12345
5.0,0.05,4,10,Std-CP,0.81,130.94745870216335,12.736906894774425,978.4948226917635,0,12345
5.0,0.05,4,10,Subsampling,1.0,,,,100,12345
5.0,0.05,4,15,Donor-HCP-no-within,1.0,37.27190017387801,39.84287344976643,5.342126723235349,0,12345
5.0,0.05,4,15,Donor-HCP-within,0.99,23.668301240724666,25.210438928335087,3.2522500052730385,0,12345
5.0,0.05,4,15,HCP,1.0,,,,100,12345
5.0,0.05,4,15,Pooling,0.99,39.02167850324414,39.02167850324414,3.193652098158102e-15,0,12345
5.0,0.05,4,15,Repeated,1.0,,,,100,12345
5.0,0.05,4,15,S-HCP-within,0.99,35.4873815074242,35.49085124834112,0.38300058383049346,0,12345
5.0,0.05,4,15,Std-CP,0.9,8.691857000681457,7.26589692831077,4.584146940473,0,12345
5.0,0.05,4,15,Subsampling,1.0,,,,100,12345
5.0,0.05,4,20,Donor-HCP-no-within,0.99,35.776508240084624,37.95089658207823,5.210995028861666,0,12345
5.0,0.05,4,20,Donor-HCP-within,0.96,17.763180361286423,18.555876918686266,2.690001083441117,0,12345
5.0,0.05,4,20,HCP,1.0,,,,100,12345
5.0,0.05,4,20,Pooling,0.99,39.02167850324414,39.02167850324414,3.193652098158102e-15,0,12345
5.0,0.05,4,20,Repeated,1.0,,,,100,12345
5.0,0.05,4,20,S-HCP-within,0.99,35.09838603955883,35.2014909811367,0.4957434302556305,0,12345
5.0,0.05,4,20,Std-CP,0.87,6.881932441227316,5.9254723611570945,3.1359856293037303,0,12345
5.0,0.05,4,20,Subsampling,1.0,,,,100,12345
5.0,0.05,4,25,Donor-HCP-no-within,0.96,16.699781615325374,16.42273738104143,7.241396613929422,0,12345
5.0,0.05,4,25,Donor-HCP-within,1.0,,,,100,12345
5.0,0.05,4,25,HCP,1.0,,,,100,12345
5.0,0.05,4,25,Pooling,0.99,39.02167850324414,39.02167850324414,3.193652098158102e-15,0,12345
5.0,0.05,4,25,Repeated,1.0,,,,100,12345
5.0,0.05,4,25,S-HCP-within,1.0,,,,100,12345
5.0,0.05,4,25,Std-CP,0.96,7.164447688357737,6.709703101054346,2.9369372279494708,0,12345
5.0,0.05,4,25,Subsampling,1.0,,,,100,12345
5.0,0.05,4,30,Donor-HCP-no-within,0.96,17.017650462142075,16.50398308027006,7.275665611401869,0,12345
5.0,0.05,4,30,Donor-HCP-within,1.0,,,,100,12345
5.0,0.05,4,30,HCP,1.0,,,,100,12345
5.0,0.05,4,30,Pooling,0.99,39.02167850324414,39.02167850324414,3.193652098158102e-15,0,12345
5.0,0.05,4,30,Repeated,1.0,,,,100,12345
5.0,0.05,4,30,S-HCP-within,1.0,,,,100,12345
5.0,0.05,4,30,Std-CP,0.92,6.386375688034961,5.99152874709618,2.1012095703355507,0,12345
5.0,0.05,4,30,Subsampling,1.0,,,,100,12345
5.0,0.05,4,35,Donor-HCP-no-within,0.96,17.308197047142436,16.63147418435921,7.114285923553275,0,12345
5.0,0.05,4,35,Donor-HCP-within,1.0,,,,100,12345
5.0,0.05,4,35,HCP,1.0,,,,100,12345
5.0,0.05,4,35,Pooling,0.99,39.02167850324414,39.02167850324414,3.193652098158102e-15,0,12345
5.0,0.05,4,35,Repeated,1.0,,,,100,12345
5.0,0.05,4,35,S-HCP-within,1.0,,,,100,12345
5.0,0.05,4,35,Std-CP,0.93,6.817341012499492,6.6147118026096425,2.3523515879557286,0,12345
5.0,0.05,4,35,Subsampling,1.0,,,,100,12345
5.0,0.05,5,0,Donor-HCP-no-within,1.0,,,,100,12345
5.0,0.05,5,0,Donor-HCP-within,1.0,,,,100,12345
5.0,0.05,5,0,HCP,1.0,,,,100,12345
5.0,0.05,5,0,Pooling,0.87,17.487533700871616,17.487533700871616,0.0,0,12345
5.0,0.05,5,0,Repeated,1.0,,,,100,12345
5.0,0.05,5,0,S-HCP-within,1.0,,,,100,12345
5.0,0.05,5,0,Std-CP,1.0,,,,100,12345
5.0,0.05,5,0,Subsampling,1.0,,,,100,12345
5.0,0.05,5,5,Donor-HCP-no-within,1.0,,,,100,12345
5.0,0.05,5,5,Donor-HCP-within,1.0,,,,100,12345
5.0,0.05,5,5,HCP,1.0,,,,100,12345
5.0,0.05,5,5,Pooling,0.87,17.487533700871616,17.487533700871616,0.0,0,12345
5.0,0.05,5,5,Repeated,1.0,,,,100,12345
5.0,0.05,5,5,S-HCP-within,0.98,25.838211325133138,26.086878161514676,1.2153083449643383,0,12345
5.0,0.05,5,5,Std-CP,0.74,5.715011292994164,4.585574608586203,4.038045688591776,0,12345
5.0,0.05,5,5,Subsampling,1.0,,,,100,12345
5.0,0.05,5,10,Donor-HCP-no-within,0.99,24.584089846434726,24.592875798529512,4.078288837066241,0,12345
5.0,0.05,5,10,Donor-HCP-within,1.0,,,,100,12345
5.0,0.05,5,10,HCP,1.0,,,,100,12345
5.0,0.05,5,10,Pooling,0.87,17.487533700871616,17.487533700871616,0.0,0,12345
5.0,0.05,5,10,Repeated,1.0,,,,100,12345
5.0,0.05,5,10,S-HCP-within,0.98,25.81903087074875,26.083256303386328,1.0403005686554505,0,12345
5.0,0.05,5,10,Std-CP,0.87,31.152612945417022,11.725531564104196,68.51192413498073,0,12345
5.0,0.05,5,10,Subsampling,1.0,,,,100,12345
5.0,0.05,5,15,Donor-HCP-no-within,0.94,21.781389836034354,20.58518682843941,3.5719551054076493,0,12345
5.0,0.05,5,15,Donor-HCP-within,0.99,16.296344955913614,15.731710178832067,2.2602751831533454,0,12345
5.0,0.05,5,15,HCP,1.0,,,,100,12345
5.0,0.05,5,15,Pooling,0.87,17.487533700871616,17.487533700871616,0.0,0,12345
5.0,0.05,5,15,Repeated,1.0,,,,100,12345
5.0,0.05,5,15,S-HCP-within,0.98,25.832275753558296,26.07963444525798,0.9264090349055799,0,12345
5.0,0.05,5,15,Std-CP,0.9,8.48289533495763,7.221999338192095,3.750707730650956,0,12345
5.0,0.05,5,15,Subsampling,1.0,,,,100,12345
5.0,0.05,5,20,Donor-HCP-no-within,0.92,19.725437071223077,18.272058722351723,3.1531991542046476,0,12345
5.0,0.05,5,20,Donor-HCP-within,0.94,12.446723405320668,12.049970613764932,1.6151734395409787,0,12345
5.0,0.05,5,20,HCP,1.0,,,,100,12345
5.0,0.05,5,20,Pooling,0.87,17.487533700871616,17.487533700871616,0.0,0,12345
5.0,0.05,5,20,Repeated,1.0,,,,100,12345
5.0,0.05,5,20,S-HCP-within,0.98,25.553207692117542,25.522459756153815,0.8154771730139696,0,12345
5.0,0.05,5,20,Std-CP,0.91,6.887459985754675,6.21519160229983,2.9835418007253494,0,12345
5.0,0.05,5,20,Subsampling,1.0,,,,100,12345
5.0,0.05,5,25,Donor-HCP-no-within,0.96,15.106029378498054,13.690055493203463,7.742996505942378,0,12345
5.0,0.05,5,25,Donor-HCP-within,1.0,,,,100,12345
5.0,0.05,5,25,HCP,1.0,,,,100,12345
5.0,0.05,5,25,Pooling,0.87,17.487533700871616,17.487533700871616,0.0,0,12345
5.0,0.05,5,25,Repeated,1.0,,,,100,12345
5.0,0.05,5,25,S-HCP-within,1.0,,,,100,12345
5.0,0.05,5,25,Std-CP,0.97,6.547184917129556,6.1843368630532956,2.3918360659810247,0,12345
5.0,0.05,5,25,Subsampling,1.0,,,,100,12345
5.0,0.05,5,30,Donor-HCP-no-within,0.97,15.49807446072009,14.256206932638804,7.831905565319296,0,12345
5.0,0.05,5,30,Donor-HCP-within,1.0,,,,100,12345
5.0,0.05,5,30,HCP,1.0,,,,100,12345
5.0,0.05,5,30,Pooling,0.87,17.487533700871616,17.487533700871616,0.0,0,12345
5.0,0.05,5,30,Repeated,1.0,,,,100,12345
5.0,0.05,5,30,S-HCP-within,1.0,,,,100,12345
5.0,0.05,5,30,Std-CP,0.96,6.60517280886749,6.508506247166808,2.267493925461413,0,12345
5.0,0.05,5,30,Subsampling,1.0,,,,100,12345
5.0,0.05,5,35,Donor-HCP-no-within,0.98,15.616991443886564,14.256206932638804,7.865961988416785,0,12345
5.0,0.05,5,35,Donor-HCP-within,1.0,,,,100,12345
5.0,0.05,5,35,HCP,1.0,,,,100,12345
5.0,0.05,5,35,Pooling,0.87,17.487533700871616,17.487533700871616,0.0,0,12345
5.0,0.05,5,35,Repeated,1.0,,,,100,12345
5.0,0.05,5,35,S-HCP-within,1.0,,,,100,12345
5.0,0.05,5,35,Std-CP,0.92,6.371254258676512,5.877240165618166,2.3522264783429865,0,12345
5.0,0.05,5,35,Subsampling,1.0,,,,100,12345
5.0,0.05,6,0,Donor-HCP-no-within,1.0,,,,100,12345
5.0,0.05,6,0,Donor-HCP-within,1.0,,,,100,12345
5.0,0.05,6,0,HCP,1.0,,,,100,12345
5.0,0.05,6,0,Pooling,1.0,47.82886377016896,47.82886377016895,0.0,0,12345
5.0,0.05,6,0,Repeated,1.0,,,,100,12345
5.0,0.05,6,0,S-HCP-within,1.0,,,,100,12345
5.0,0.05,6,0,Std-CP,1.0,,,,100,12345
5.0,0.05,6,0,Subsampling,1.0,,,,100,12345
5.0,0.05,6,5,Donor-HCP-no-within,1.0,,,,100,12345
5.0,0.05,6,5,Donor-HCP-within,1.0,,,,100,12345
5.0,0.05,6,5,HCP,1.0,,,,100,12345
5.0,0.05,6,5,Pooling,1.0,47.82886377016896,47.82886377016895,0.0,0,12345
5.0,0.05,6,5,Repeated,1.0,,,,100,12345
5.0,0.05,6,5,S-HCP-within,0.92,23.070036742550005,21.794985714132707,3.7877720381680837,0,12345
5.0,0.05,6,5,Std-CP,0.74,6.359556484187709,5.206367189341646,5.6588702311460795,0,12345
5.0,0.05,6,5,Subsampling,1.0,,,,100,12345
5.0,0.05,6,10,Donor-HCP-no-within,1.0,46.52598310496833,50.768145445247065,7.6786931072032685,0,12345
5.0,0.05,6,10,Donor-HCP-within,1.0,,,,100,12345
5.0,0.05,6,10,HCP,1.0,,,,100,12345
5.0,0.05,6,10,Pooling,1.0,47.82886377016896,47.82886377016895,0.0,0,12345
5.0,0.05,6,10,Repeated,1.0,,,,100,12345
5.0,0.05,6,10,S-HCP-within,0.91,22.978893550014586,21.794985714132707,3.8279242916013816,0,12345
5.0,0.05,6,10,Std-CP,0.84,29.560784705074656,11.482682746349887,70.2142294000032,0,12345
5.0,0.05,6,10,Subsampling,1.0,,,,100,12345
5.0,0.05,6,15,Donor-HCP-no-within,1.0,45.1589920718392,47.34388003732721,6.191544432100513,0,12345
5.0,0.05,6,15,Donor-HCP-within,0.98,28.389332723523875,29.96090532768421,5.485932662309039,0,12345
5.0,0.05,6,15,HCP,1.0,,,,100,12345
5.0,0.05,6,15,Pooling,1.0,47.82886377016896,47.82886377016895,0.0,0,12345
5.0,0.05,6,15,Repeated,1.0,,,,100,12345
5.0,0.05,6,15,S-HCP-within,0.92,23.29647642335176,22.15176819985998,3.7905534824271423,0,12345
5.0,0.05,6,15,Std-CP,0.89,9.162278961658254,7.8688641224164835,5.755318131265427,0,12345
5.0,0.05,6,15,Subsampling,1.0,,,,100,12345
5.0,0.05,6,20,Donor-HCP-no-within,0.99,43.47662618172062,46.83246701101015,8.060677529085135,0,12345
5.0,0.05,6,20,Donor-HCP-within,0.96,21.26092086398994,23.011124840607565,3.9372530702867317,0,12345
5.0,0.05,6,20,HCP,1.0,,,,100,12345
5.0,0.05,6,20,Pooling,1.0,47.82886377016896,47.82886377016895,0.0,0,12345
5.0,0.05,6,20,Repeated,1.0,,,,100,12345
5.0,0.05,6,20,S-HCP-within,0.88,22.48272287649994,21.461396819832096,3.4799650530581214,0,12345
5.0,0.05,6,20,Std-CP,0.93,7.063519692417329,6.1967101677144205,3.4116390344540783,0,12345
5.0,0.05,6,20,Subsampling,1.0,,,,100,12345
5.0,0.05,6,25,Donor-HCP-no-within,0.97,15.452462773541699,14.550466194609399,7.722085626820289,0,12345
5.0,0.05,6,25,Donor-HCP-within,1.0,,,,100,12345
5.0,0.05,6,25,HCP,1.0,,,,100,12345
5.0,0.05,6,25,Pooling,1.0,47.82886377016896,47.82886377016895,0.0,0,12345
5.0,0.05,6,25,Repeated,1.0,,,,100,12345
5.0,0.05,6,25,S-HCP-within,1.0,,,,100,12345
5.0,0.05,6,25,Std-CP,0.94,6.763738219610755,6.310633808924456,2.5514722582419394,0,12345
5.0,0.05,6,25,Subsampling,1.0,,,,100,12345
5.0,0.05,6,30,Donor-HCP-no-within,0.97,15.623308271540397,14.550466194609399,7.742215760441741,0,12345
5.0,0.05,6,30,Donor-HCP-within,1.0,,,,100,12345
5.0,0.05,6,30,HCP,1.0,,,,100,12345
5.0,0.05,6,30,Pooling,1.0,47.82886377016896,47.82886377016895,0.0,0,12345
5.0,0.05,6,30,Repeated,1.0,,,,100,12345
5.0,0.05,6,30,S-HCP-within,1.0,,,,100,12345
5.0,0.05,6,30,Std-CP,0.95,6.227664634314411,6.0489855022328225,2.025135177757499,0,12345
5.0,0.05,6,30,Subsampling,1.0,,,,100,12345
5.0,0.05,6,35,Donor-HCP-no-within,0.97,15.852196577517377,14.550466194609399,7.647975453082252,0,12345
5.0,0.05,6,35,Donor-HCP-within,1.0,,,,100,12345
5.0,0.05,6,35,HCP,1.0,,,,100,12345
5.0,0.05,6,35,Pooling,1.0,47.82886377016896,47.82886377016895,0.0,0,12345
5.0,0.05,6,35,Repeated,1.0,,,,100,12345
5.0,0.05,6,35,S-HCP-within,1.0,,,,100,12345
5.0,0.05,6,35,Std-CP,0.96,6.307515305470072,6.238934531241367,2.1387507383559483,0,12345
5.0,0.05,6,35,Subsampling,1.0,,,,100,12345
5.0,0.05,7,0,Donor-HCP-no-within,1.0,,,,100,12345
5.0,0.05,7,0,Donor-HCP-within,1.0,,,,100,12345
5.0,0.05,7,0,HCP,1.0,,,,100,12345
5.0,0.05,7,0,Pooling,0.73,20.76085489697013,20.76085489697013,0.0,0,12345
5.0,0.05,7,0,Repeated,1.0,,,,100,12345
5.0,0.05,7,0,S-HCP-within,1.0,,,,100,12345
5.0,0.05,7,0,Std-CP,1.0,,,,100,12345
5.0,0.05,7,0,Subsampling,1.0,,,,100,12345
5.0,0.05,7,5,Donor-HCP-no-within,1.0,,,,100,12345
5.0,0.05,7,5,Donor-HCP-within,1.0,,,,100,12345
5.0,0.05,7,5,HCP,1.0,,,,100,12345
5.0,0.05,7,5,Pooling,0.73,20.76085489697013,20.76085489697013,0.0,0,12345
5.0,0.05,7,5,Repeated,1.0,,,,100,12345
5.0,0.05,7,5,S-HCP-within,0.97,34.94066679546052,34.576642179782525,2.4005770011509084,0,12345
5.0,0.05,7,5,Std-CP,0.8,6.411077834810559,5.188048378745922,5.20399287668773,0,12345
5.0,0.05,7,5,Subsampling,1.0,,,,100,12345
5.0,0.05,7,10,Donor-HCP-no-within,0.99,29.675094508493824,27.10868572047849,6.062783732353876,0,12345
5.0,0.05,7,10,Donor-HCP-within,1.0,,,,100,12345
5.0,0.05,7,10,HCP,1.0,,,,100,12345
5.0,0.05,7,10,Pooling,0.73,20.76085489697013,20.76085489697013,0.0,0,12345
5.0,0.05,7,10,Repeated,1.0,,,,100,12345
5.0,0.05,7,10,S-HCP-within,0.97,34.6582684817161,34.42583943459228,2.230642092898303,0,12345
5.0,0.05,7,10,Std-CP,0.85,1039.401341868344,12.998003051101225,9197.251815070354,0,12345
5.0,0.05,7,10,Subsampling,1.0,,,,100,12345
5.0,0.05,7,15,Donor-HCP-no-within,0.97,26.31802431201085,24.031816203359575,5.81615807441051,0,12345
5.0,0.05,7,15,Donor-HCP-within,0.96,18.628145510408405,17.60553947763708,3.41263342806669,0,12345
5.0,0.05,7,15,HCP,1.0,,,,100,12345
5.0,0.05,7,15,Pooling,0.73,20.76085489697013,20.76085489697013,0.0,0,12345
5.0,0.05,7,15,Repeated,1.0,,,,100,12345
5.0,0.05,7,15,S-HCP-within,0.98,34.84861563540846,34.576642179782525,2.032850326517747,0,12345
5.0,0.05,7,15,Std-CP,0.87,8.141569983435808,6.8056550351118705,5.045868488735764,0,12345
5.0,0.05,7,15,Subsampling,1.0,,,,100,12345
5.0,0.05,7,20,Donor-HCP-no-within,0.86,25.713677597208438,22.502584981192413,5.497350754732931,0,12345
5.0,0.05,7,20,Donor-HCP-within,0.85,14.343643973136118,13.542524646276082,2.923300667672102,0,12345
5.0,0.05,7,20,HCP,1.0,,,,100,12345
5.0,0.05,7,20,Pooling,0.73,20.76085489697013,20.76085489697013,0.0,0,12345
5.0,0.05,7,20,Repeated,1.0,,,,100,12345
5.0,0.05,7,20,S-HCP-within,0.98,34.01365162360361,33.215917947318246,2.091313203566396,0,12345
5.0,0.05,7,20,Std-CP,0.86,6.648626994768664,6.057900787996253,2.7198391710147076,0,12345
5.0,0.05,7,20,Subsampling,1.0,,,,100,12345
5.0,0.05,7,25,Donor-HCP-no-within,0.92,18.10501069169375,17.057194289112775,8.849423971852374,0,12345
5.0,0.05,7,25,Donor-HCP-within,1.0,,,,100,12345
5.0,0.05,7,25,HCP,1.0,,,,100,12345
5.0,0.05,7,25,Pooling,0.73,20.76085489697013,20.76085489697013,0.0,0,12345
5.0,0.05,7,25,Repeated,1.0,,,,100,12345
5.0,0.05,7,25,S-HCP-within,1.0,,,,100,12345
5.0,0.05,7,25,Std-CP,0.95,6.985857967787582,6.623072880721342,2.4491641582907473,0,12345
5.0,0.05,7,25,Subsampling,1.0,,,,100,12345
5.0,0.05,7,30,Donor-HCP-no-within,0.92,18.54410009193728,17.502888537405873,8.89627077437175,0,12345
5.0,0.05,7,30,Donor-HCP-within,1.0,,,,100,12345
5.0,0.05,7,30,HCP,1.0,,,,100,12345
5.0,0.05,7,30,Pooling,0.73,20.76085489697013,20.76085489697013,0.0,0,12345
5.0,0.05,7,30,Repeated,1.0,,,,100,12345
5.0,0.05,7,30,S-HCP-within,1.0,,,,100,12345
5.0,0.05,7,30,Std-CP,0.95,6.416405523644005,5.95180895106204,2.1829539880045616,0,12345
5.0,0.05,7,30,Subsampling,1.0,,,,100,12345
5.0,0.05,7,35,Donor-HCP-no-within,0.92,18.726897599539942,17.850195839141357,8.873319130109023,0,12345
5.0,0.05,7,35,Donor-HCP-within,1.0,,,,100,12345
5.0,0.05,7,35,HCP,1.0,,,,100,12345
5.0,0.05,7,35,Pooling,0.73,20.76085489697013,20.76085489697013,0.0,0,12345
5.0,0.05,7,35,Repeated,1.0,,,,100,12345
5.0,0.05,7,35,S-HCP-within,1.0,,,,100,12345
5.0,0.05,7,35,Std-CP,0.94,6.374488123470846,6.158096756980637,1.8517999974984796,0,12345
5.0,0.05,7,35,Subsampling,1.0,,,,100,12345
5.0,0.05,8,0,Donor-HCP-no-within,1.0,,,,100,12345
5.0,0.05,8,0,Donor-HCP-within,1.0,,,,100,12345
5.0,0.05,8,0,HCP,1.0,,,,100,12345
5.0,0.05,8,0,Pooling,0.9,27.370390534885033,27.370390534885033,7.984130245395255e-16,0,12345
5.0,0.05,8,0,Repeated,1.0,,,,100,12345
5.0,0.05,8,0,S-HCP-within,1.0,,,,100,12345
5.0,0.05,8,0,Std-CP,1.0,,,,100,12345
5.0,0.05,8,0,Subsampling,1.0,,,,100,12345
5.0,0.05,8,5,Donor-HCP-no-within,1.0,,,,100,12345
5.0,0.05,8,5,Donor-HCP-within,1.0,,,,100,12345
5.0,0.05,8,5,HCP,1.0,,,,100,12345
5.0,0.05,8,5,Pooling,0.9,27.370390534885033,27.370390534885033,7.984130245395255e-16,0,12345
5.0,0.05,8,5,Repeated,1.0,,,,100,12345
5.0,0.05,8,5,S-HCP-within,0.95,28.254384342760314,28.278290047716588,1.353298770068403,0,12345
5.0,0.05,8,5,Std-CP,0.83,6.9900701873415185,5.22376418637059,5.624625406983695,0,12345
5.0,0.05,8,5,Subsampling,1.0,,,,100,12345
5.0,0.05,8,10,Donor-HCP-no-within,0.99,39.149501745456796,40.00710229894891,4.774475514372791,0,12345
5.0,0.05,8,10,Donor-HCP-within,1.0,,,,100,12345
5.0,0.05,8,10,HCP,1.0,,,,100,12345
5.0,0.05,8,10,Pooling,0.9,27.370390534885033,27.370390534885033,7.984130245395255e-16,0,12345
5.0,0.05,8,10,Repeated,1.0,,,,100,12345
5.0,0.05,8,10,S-HCP-within,0.95,28.471894188088253,28.361052221641522,0.9469511737003187,0,12345
5.0,0.05,8,10,Std-CP,0.85,30.72033653399973,13.049500315975921,65.71378329741633,0,12345
5.0,0.05,8,10,Subsampling,1.0,,,,100,12345
5.0,0.05,8,15,Donor-HCP-no-within,0.97,30.127775483015075,29.80482618527066,5.786510393959833,0,12345
5.0,0.05,8,15,Donor-HCP-within,0.98,22.51289868435565,22.213087319139035,3.6674068347735864,0,12345
5.0,0.05,8,15,HCP,1.0,,,,100,12345
5.0,0.05,8,15,Pooling,0.9,27.370390534885033,27.370390534885033,7.984130245395255e-16,0,12345
5.0,0.05,8,15,Repeated,1.0,,,,100,12345
5.0,0.05,8,15,S-HCP-within,0.95,28.591362892144925,28.386533721142975,0.8820979392372296,0,12345
5.0,0.05,8,15,Std-CP,0.89,8.702108364091423,7.03576781116949,7.523166250638064,0,12345
5.0,0.05,8,15,Subsampling,1.0,,,,100,12345
5.0,0.05,8,20,Donor-HCP-no-within,0.94,28.137529535379073,27.813204429570497,5.036072270532776,0,12345
5.0,0.05,8,20,Donor-HCP-within,0.96,16.37590443677353,16.78405711228382,2.7492542566473506,0,12345
5.0,0.05,8,20,HCP,1.0,,,,100,12345
5.0,0.05,8,20,Pooling,0.9,27.370390534885033,27.370390534885033,7.984130245395255e-16,0,12345
5.0,0.05,8,20,Repeated,1.0,,,,100,12345
5.0,0.05,8,20,S-HCP-within,0.95,28.109445720801464,28.111522894426294,0.894518372321724,0,12345
5.0,0.05,8,20,Std-CP,0.91,6.749979932682138,6.387199464506605,3.2771892627804533,0,12345
5.0,0.05,8,20,Subsampling,1.0,,,,100,12345
5.0,0.05,8,25,Donor-HCP-no-within,0.93,16.645045221119734,14.981288161555632,8.391962396705173,0,12345
5.0,0.05,8,25,Donor-HCP-within,1.0,,,,100,12345
5.0,0.05,8,25,HCP,1.0,,,,100,12345
5.0,0.05,8,25,Pooling,0.9,27.370390534885033,27.370390534885033,7.984130245395255e-16,0,12345
5.0,0.05,8,25,Repeated,1.0,,,,100,12345
5.0,0.05,8,25,S-HCP-within,1.0,,,,100,12345
5.0,0.05,8,25,Std-CP,0.9,7.020677612427176,6.560364592429089,2.89372220601667,0,12345
5.0,0.05,8,25,Subsampling,1.0,,,,100,12345
5.0,0.05,8,30,Donor-HCP-no-within,0.95,16.89987544113517,15.040453512656573,8.308700791278543,0,12345
5.0,0.05,8,30,Donor-HCP-within,1.0,,,,100,12345
5.0,0.05,8,30,HCP,1.0,,,,100,12345
5.0,0.05,8,30,Pooling,0.9,27.370390534885033,27.370390534885033,7.984130245395255e-16,0,12345
5.0,0.05,8,30,Repeated,1.0,,,,100,12345
5.0,0.05,8,30,S-HCP-within,1.0,,,,100,12345
5.0,0.05,8,30,Std-CP,0.93,6.464668670139868,6.252511465457577,2.162367934933988,0,12345
5.0,0.05,8,30,Subsampling,1.0,,,,100,12345
5.0,0.05,8,35,Donor-HCP-no-within,0.96,17.089337362144825,15.17422991321229,8.434890748146755,0,12345
5.0,0.05,8,35,Donor-HCP-within,1.0,,,,100,12345
5.0,0.05,8,35,HCP,1.0,,,,100,12345
5.0,0.05,8,35,Pooling,0.9,27.370390534885033,27.370390534885033,7.984130245395255e-16,0,12345
5.0,0.05,8,35,Repeated,1.0,,,,100,12345
5.0,0.05,8,35,S-HCP-within,1.0,,,,100,12345
5.0,0.05,8,35,Std-CP,0.95,6.2703272850357985,6.290539651470797,2.0029016891049505,0,12345
5.0,0.05,8,35,Subsampling,1.0,,,,100,12345
5.0,0.05,9,0,Donor-HCP-no-within,1.0,,,,100,12345
5.0,0.05,9,0,Donor-HCP-within,1.0,,,,100,12345
5.0,0.05,9,0,HCP,1.0,,,,100,12345
5.0,0.05,9,0,Pooling,0.97,49.12260728756583,49.12260728756582,5.1988889552273155e-15,0,12345
5.0,0.05,9,0,Repeated,1.0,,,,100,12345
5.0,0.05,9,0,S-HCP-within,1.0,,,,100,12345
5.0,0.05,9,0,Std-CP,1.0,,,,100,12345
5.0,0.05,9,0,Subsampling,1.0,,,,100,12345
5.0,0.05,9,5,Donor-HCP-no-within,1.0,,,,100,12345
5.0,0.05,9,5,Donor-HCP-within,1.0,,,,100,12345
5.0,0.05,9,5,HCP,1.0,,,,100,12345
5.0,0.05,9,5,Pooling,0.97,49.12260728756583,49.12260728756582,5.1988889552273155e-15,0,12345
5.0,0.05,9,5,Repeated,1.0,,,,100,12345
5.0,0.05,9,5,S-HCP-within,0.98,41.149269439689704,41.18625674268867,2.212060158121436,0,12345
5.0,0.05,9,5,Std-CP,0.69,6.070391304974607,5.075639846531546,4.528140922771069,0,12345
5.0,0.05,9,5,Subsampling,1.0,,,,100,12345
5.0,0.05,9,10,Donor-HCP-no-within,1.0,57.601403065894544,55.187626028221615,17.238832932894773,0,12345
5.0,0.05,9,10,Donor-HCP-within,1.0,,,,100,12345
5.0,0.05,9,10,HCP,1.0,,,,100,12345
5.0,0.05,9,10,Pooling,0.97,49.12260728756583,49.12260728756582,5.1988889552273155e-15,0,12345
5.0,0.05,9,10,Repeated,1.0,,,,100,12345
5.0,0.05,9,10,S-HCP-within,0.98,40.87924988220918,41.027912540389785,1.7418439998994086,0,12345
5.0,0.05,9,10,Std-CP,0.88,61.642095289762274,12.041659266559773,200.2406072110522,0,12345
5.0,0.05,9,10,Subsampling,1.0,,,,100,12345
5.0,0.05,9,15,Donor-HCP-no-within,1.0,55.88665573334733,51.507812973858606,16.74963087277586,0,12345
5.0,0.05,9,15,Donor-HCP-within,0.98,33.645142473133134,30.963494204878465,11.054217742729158,0,12345
5.0,0.05,9,15,HCP,1.0,,,,100,12345
5.0,0.05,9,15,Pooling,0.97,49.12260728756583,49.12260728756582,5.1988889552273155e-15,0,12345
5.0,0.05,9,15,Repeated,1.0,,,,100,12345
5.0,0.05,9,15,S-HCP-within,0.98,40.853233630312445,41.027912540389785,1.5610269885145642,0,12345
5.0,0.05,9,15,Std-CP,0.86,8.608967584786472,7.0021992596093385,4.570907305514217,0,12345
5.0,0.05,9,15,Subsampling,1.0,,,,100,12345
5.0,0.05,9,20,Donor-HCP-no-within,0.99,52.29417311869653,47.901200915940144,19.090362639546253,0,12345
5.0,0.05,9,20,Donor-HCP-within,0.96,26.520508452386544,23.026744886159754,10.028572892971784,0,12345
5.0,0.05,9,20,HCP,1.0,,,,100,12345
5.0,0.05,9,20,Pooling,0.97,49.12260728756583,49.12260728756582,5.1988889552273155e-15,0,12345
5.0,0.05,9,20,Repeated,1.0,,,,100,12345
5.0,0.05,9,20,S-HCP-within,0.98,40.147518192304844,40.16224263938772,1.1705820527750899,0,12345
5.0,0.05,9,20,Std-CP,0.89,7.146378981162462,6.513349232323028,3.7664395368118324,0,12345
5.0,0.05,9,20,Subsampling,1.0,,,,100,12345
5.0,0.05,9,25,Donor-HCP-no-within,0.96,14.677372682643565,13.974191195928068,6.935438250888345,0,12345
5.0,0.05,9,25,Donor-HCP-within,1.0,,,,100,12345
5.0,0.05,9,25,HCP,1.0,,,,100,12345
5.0,0.05,9,25,Pooling,0.97,49.12260728756583,49.12260728756582,5.1988889552273155e-15,0,12345
5.0,0.05,9,25,Repeated,1.0,,,,100,12345
5.0,0.05,9,25,S-HCP-within,1.0,,,,100,12345
5.0,0.05,9,25,Std-CP,0.9,6.48025775414532,6.0943765622509085,2.10797551618515,0,12345
5.0,0.05,9,25,Subsampling,1.0,,,,100,12345
5.0,0.05,9,30,Donor-HCP-no-within,0.96,14.866605533463884,14.103252865438105,6.886345868547509,0,12345
5.0,0.05,9,30,Donor-HCP-within,1.0,,,,100,12345
5.0,0.05,9,30,HCP,1.0,,,,100,12345
5.0,0.05,9,30,Pooling,0.97,49.12260728756583,49.12260728756582,5.1988889552273155e-15,0,12345
5.0,0.05,9,30,Repeated,1.0,,,,100,12345
5.0,0.05,9,30,S-HCP-within,1.0,,,,100,12345
5.0,0.05,9,30,Std-CP,0.92,6.573413537480105,5.9107032454624715,2.234031634634154,0,12345
5.0,0.05,9,30,Subsampling,1.0,,,,100,12345
5.0,0.05,9,35,Donor-HCP-no-within,0.97,14.94743894181785,14.103252865438105,6.881035345867186,0,12345
5.0,0.05,9,35,Donor-HCP-within,1.0,,,,100,12345
5.0,0.05,9,35,HCP,1.0,,,,100,12345
5.0,0.05,9,35,Pooling,0.97,49.12260728756583,49.12260728756582,5.1988889552273155e-15,0,12345
5.0,0.05,9,35,Repeated,1.0,,,,100,12345
5.0,0.05,9,35,S-HCP-within,1.0,,,,100,12345
5.0,0.05,9,35,Std-CP,0.9,6.4752455248773035,6.161666887576637,2.1397328010963568,0,12345
5.0,0.05,9,35,Subsampling,1.0,,,,100,12345
5.0,0.05,10,0,Donor-HCP-no-within,1.0,,,,100,12345
5.0,0.05,10,0,Donor-HCP-within,1.0,,,,100,12345
5.0,0.05,10,0,HCP,1.0,,,,100,12345
5.0,0.05,10,0,Pooling,0.93,30.19654360278656,30.196543602786562,5.04960734217762e-16,0,12345
5.0,0.05,10,0,Repeated,1.0,,,,100,12345
5.0,0.05,10,0,S-HCP-within,1.0,,,,100,12345
5.0,0.05,10,0,Std-CP,1.0,,,,100,12345
5.0,0.05,10,0,Subsampling,1.0,,,,100,12345
5.0,0.05,10,5,Donor-HCP-no-within,1.0,,,,100,12345
5.0,0.05,10,5,Donor-HCP-within,1.0,,,,100,12345
5.0,0.05,10,5,HCP,1.0,,,,100,12345
5.0,0.05,10,5,Pooling,0.93,30.19654360278656,30.196543602786562,5.04960734217762e-16,0,12345
5.0,0.05,10,5,Repeated,1.0,,,,100,12345
5.0,0.05,10,5,S-HCP-within,0.99,33.21546624778934,32.761984304692334,1.6107502962581421,0,12345
5.0,0.05,10,5,Std-CP,0.79,6.405030558935525,5.304604024970988,4.730003116170524,0,12345
5.0,0.05,10,5,Subsampling,1.0,,,,100,12345
5.0,0.05,10,10,Donor-HCP-no-within,1.0,35.74720275118261,35.94909524981263,5.805026140040683,0,12345
5.0,0.05,10,10,Donor-HCP-within,1.0,,,,100,12345
5.0,0.05,10,10,HCP,1.0,,,,100,12345
5.0,0.05,10,10,Pooling,0.93,30.19654360278656,30.196543602786562,5.04960734217762e-16,0,12345
5.0,0.05,10,10,Repeated,1.0,,,,100,12345
5.0,0.05,10,10,S-HCP-within,0.99,32.945294849387814,32.72161362251912,1.5616542376093745,0,12345
5.0,0.05,10,10,Std-CP,0.82,81.11359337429296,13.620550262081187,441.47208898473826,0,12345
5.0,0.05,10,10,Subsampling,1.0,,,,100,12345
5.0,0.05,10,15,Donor-HCP-no-within,0.99,30.556470822395564,30.796936167089626,5.254501883098983,0,12345
5.0,0.05,10,15,Donor-HCP-within,1.0,25.285160671704322,24.417993967760815,2.4725350877166616,0,12345
5.0,0.05,10,15,HCP,1.0,,,,100,12345
5.0,0.05,10,15,Pooling,0.93,30.19654360278656,30.196543602786562,5.04960734217762e-16,0,12345
5.0,0.05,10,15,Repeated,1.0,,,,100,12345
5.0,0.05,10,15,S-HCP-within,0.99,33.24675302125374,32.761984304692334,1.6261144293886374,0,12345
5.0,0.05,10,15,Std-CP,0.9,9.641665189232462,8.08428899074045,6.447719683639288,0,12345
5.0,0.05,10,15,Subsampling,1.0,,,,100,12345
5.0,0.05,10,20,Donor-HCP-no-within,0.98,30.179286923007815,29.305805066210194,4.726665841172781,0,12345
5.0,0.05,10,20,Donor-HCP-within,0.98,17.418343170524327,17.550475952578736,2.120115958858444,0,12345
5.0,0.05,10,20,HCP,1.0,,,,100,12345
5.0,0.05,10,20,Pooling,0.93,30.19654360278656,30.196543602786562,5.04960734217762e-16,0,12345
5.0,0.05,10,20,Repeated,1.0,,,,100,12345
5.0,0.05,10,20,S-HCP-within,0.98,32.67116020712561,32.21478274742854,1.2983004528324598,0,12345
5.0,0.05,10,20,Std-CP,0.97,7.536888420203328,7.042169316563626,2.8886349004622853,0,12345
5.0,0.05,10,20,Subsampling,1.0,,,,100,12345
5.0,0.05,10,25,Donor-HCP-no-within,0.99,15.638141067082472,14.423366851518296,8.110298322140844,0,12345
5.0,0.05,10,25,Donor-HCP-within,1.0,,,,100,12345
5.0,0.05,10,25,HCP,1.0,,,,100,12345
5.0,0.05,10,25,Pooling,0.93,30.19654360278656,30.196543602786562,5.04960734217762e-16,0,12345
5.0,0.05,10,25,Repeated,1.0,,,,100,12345
5.0,0.05,10,25,S-HCP-within,1.0,,,,100,12345
5.0,0.05,10,25,Std-CP,0.97,6.991495832526784,6.610665276531033,2.1562071030741157,0,12345
5.0,0.05,10,25,Subsampling,1.0,,,,100,12345
5.0,0.05,10,30,Donor-HCP-no-within,0.99,15.814085294983645,14.423366851518296,8.24267471725826,0,12345
5.0,0.05,10,30,Donor-HCP-within,1.0,,,,100,12345
5.0,0.05,10,30,HCP,1.0,,,,100,12345
5.0,0.05,10,30,Pooling,0.93,30.19654360278656,30.196543602786562,5.04960734217762e-16,0,12345
5.0,0.05,10,30,Repeated,1.0,,,,100,12345
5.0,0.05,10,30,S-HCP-within,1.0,,,,100,12345
5.0,0.05,10,30,Std-CP,0.96,6.574214125005151,6.436199643579691,2.013828954486497,0,12345
5.0,0.05,10,30,Subsampling,1.0,,,,100,12345
5.0,0.05,10,35,Donor-HCP-no-within,0.99,16.225290373138208,15.77820127477457,8.140447317260234,0,12345
5.0,0.05,10,35,Donor-HCP-within,1.0,,,,100,12345
5.0,0.05,10,35,HCP,1.0,,,,100,12345
5.0,0.05,10,35,Pooling,0.93,30.19654360278656,30.196543602786562,5.04960734217762e-16,0,12345
5.0,0.05,10,35,Repeated,1.0,,,,100,12345
5.0,0.05,10,35,S-HCP-within,1.0,,,,100,12345
5.0,0.05,10,35,Std-CP,0.99,6.566905610248962,6.25536569912355,1.965471742521008,0,12345
5.0,0.05,10,35,Subsampling,1.0,,,,100,12345
5.0,0.05,11,0,Donor-HCP-no-within,1.0,,,,100,12345
5.0,0.05,11,0,Donor-HCP-within,1.0,,,,100,12345
5.0,0.05,11,0,HCP,1.0,,,,100,12345
5.0,0.05,11,0,Pooling,0.95,34.30061506740077,34.30061506740077,0.0,0,12345
5.0,0.05,11,0,Repeated,1.0,,,,100,12345
5.0,0.05,11,0,S-HCP-within,1.0,,,,100,12345
5.0,0.05,11,0,Std-CP,1.0,,,,100,12345
5.0,0.05,11,0,Subsampling,1.0,,,,100,12345
5.0,0.05,11,5,Donor-HCP-no-within,1.0,,,,100,12345
5.0,0.05,11,5,Donor-HCP-within,1.0,,,,100,12345
5.0,0.05,11,5,HCP,1.0,,,,100,12345
5.0,0.05,11,5,Pooling,0.95,34.30061506740077,34.30061506740077,0.0,0,12345
5.0,0.05,11,5,Repeated,1.0,,,,100,12345
5.0,0.05,11,5,S-HCP-within,0.93,30.35814781639322,29.608494834610763,3.7541461281572266,0,12345
5.0,0.05,11,5,Std-CP,0.74,6.22423774000736,4.6733248361752775,5.47454585287027,0,12345
5.0,0.05,11,5,Subsampling,1.0,,,,100,12345
5.0,0.05,11,10,Donor-HCP-no-within,0.99,47.66966611629047,48.256706873003914,19.29384063791675,0,12345
5.0,0.05,11,10,Donor-HCP-within,1.0,,,,100,12345
5.0,0.05,11,10,HCP,1.0,,,,100,12345
5.0,0.05,11,10,Pooling,0.95,34.30061506740077,34.30061506740077,0.0,0,12345
5.0,0.05,11,10,Repeated,1.0,,,,100,12345
5.0,0.05,11,10,S-HCP-within,0.94,30.214636686434446,29.608494834610763,3.6128818252415567,0,12345
5.0,0.05,11,10,Std-CP,0.88,69.54503956941817,11.862436053340732,359.6034005521192,0,12345
5.0,0.05,11,10,Subsampling,1.0,,,,100,12345
5.0,0.05,11,15,Donor-HCP-no-within,0.97,45.16100842038883,42.43035676331329,18.08641924985394,0,12345
5.0,0.05,11,15,Donor-HCP-within,0.98,31.49045098992154,26.933471330975003,11.64790113731635,0,12345
5.0,0.05,11,15,HCP,1.0,,,,100,12345
5.0,0.05,11,15,Pooling,0.95,34.30061506740077,34.30061506740077,0.0,0,12345
5.0,0.05,11,15,Repeated,1.0,,,,100,12345
5.0,0.05,11,15,S-HCP-within,0.94,30.04623106666422,29.468421884730187,3.727492553534063,0,12345
5.0,0.05,11,15,Std-CP,0.91,9.543690530209204,7.7234243352582554,7.852004679703013,0,12345
5.0,0.05,11,15,Subsampling,1.0,,,,100,12345
5.0,0.05,11,20,Donor-HCP-no-within,0.96,39.97027009452998,34.30061506740077,17.68079586236201,0,12345
5.0,0.05,11,20,Donor-HCP-within,0.96,22.71872408383355,20.795006346304532,9.670597739094756,0,12345
5.0,0.05,11,20,HCP,1.0,,,,100,12345
5.0,0.05,11,20,Pooling,0.95,34.30061506740077,34.30061506740077,0.0,0,12345
5.0,0.05,11,20,Repeated,1.0,,,,100,12345
5.0,0.05,11,20,S-HCP-within,0.94,29.703496421204495,29.077920687286465,3.7596344292890636,0,12345
5.0,0.05,11,20,Std-CP,0.91,6.847767297231149,6.690888302519368,2.4488810721463166,0,12345
5.0,0.05,11,20,Subsampling,1.0,,,,100,12345
5.0,0.05,11,25,Donor-HCP-no-within,0.99,17.48134734486546,15.789629618363826,8.824917755655553,0,12345
5.0,0.05,11,25,Donor-HCP-within,1.0,,,,100,12345
5.0,0.05,11,25,HCP,1.0,,,,100,12345
5.0,0.05,11,25,Pooling,0.95,34.30061506740077,34.30061506740077,0.0,0,12345
5.0,0.05,11,25,Repeated,1.0,,,,100,12345
5.0,0.05,11,25,S-HCP-within,1.0,,,,100,12345
5.0,0.05,11,25,Std-CP,0.96,7.1081741131604455,6.65070922134488,2.6648465405512636,0,12345
5.0,0.05,11,25,Subsampling,1.0,,,,100,12345
5.0,0.05,11,30,Donor-HCP-no-within,0.99,17.685914711049865,15.912758081121517,8.838218961683905,0,12345
5.0,0.05,11,30,Donor-HCP-within,1.0,,,,100,12345
5.0,0.05,11,30,HCP,1.0,,,,100,12345
5.0,0.05,11,30,Pooling,0.95,34.30061506740077,34.30061506740077,0.0,0,12345
5.0,0.05,11,30,Repeated,1.0,,,,100,12345
5.0,0.05,11,30,S-HCP-within,1.0,,,,100,12345
5.0,0.05,11,30,Std-CP,0.98,6.304321399670544,5.883963497818925,2.101409054075359,0,12345
5.0,0.05,11,30,Subsampling,1.0,,,,100,12345
5.0,0.05,11,35,Donor-HCP-no-within,0.99,17.911263208437926,16.097714446404453,8.815535398649004,0,12345
5.0,0.05,11,35,Donor-HCP-within,1.0,,,,100,12345
5.0,0.05,11,35,HCP,1.0,,,,100,12345
5.0,0.05,11,35,Pooling,0.95,34.30061506740077,34.30061506740077,0.0,0,12345
5.0,0.05,11,35,Repeated,1.0,,,,100,12345
5.0,0.05,11,35,S-HCP-within,1.0,,,,100,12345
5.0,0.05,11,35,Std-CP,0.97,6.6081318635773,6.368176769139246,2.1867934759431513,0,12345
5.0,0.05,11,35,Subsampling,1.0,,,,100,12345
5.0,0.05,12,0,Donor-HCP-no-within,1.0,,,,100,12345
5.0,0.05,12,0,Donor-HCP-within,1.0,,,,100,12345
5.0,0.05,12,0,HCP,1.0,,,,100,12345
5.0,0.05,12,0,Pooling,0.79,18.115010712553982,18.115010712553982,0.0,0,12345
5.0,0.05,12,0,Repeated,1.0,,,,100,12345
5.0,0.05,12,0,S-HCP-within,1.0,,,,100,12345
5.0,0.05,12,0,Std-CP,1.0,,,,100,12345
5.0,0.05,12,0,Subsampling,1.0,,,,100,12345
5.0,0.05,12,5,Donor-HCP-no-within,1.0,,,,100,12345
5.0,0.05,12,5,Donor-HCP-within,1.0,,,,100,12345
5.0,0.05,12,5,HCP,1.0,,,,100,12345
5.0,0.05,12,5,Pooling,0.79,18.115010712553982,18.115010712553982,0.0,0,12345
5.0,0.05,12,5,Repeated,1.0,,,,100,12345
5.0,0.05,12,5,S-HCP-within,0.94,22.77308498031742,22.510330536813285,1.8699154816557102,0,12345
5.0,0.05,12,5,Std-CP,0.76,5.768313045032025,4.750900201184674,3.9324787630947946,0,12345
5.0,0.05,12,5,Subsampling,1.0,,,,100,12345
5.0,0.05,12,10,Donor-HCP-no-within,1.0,23.82796231125491,23.68633804651072,3.4968409523627937,0,12345
5.0,0.05,12,10,Donor-HCP-within,1.0,,,,100,12345
5.0,0.05,12,10,HCP,1.0,,,,100,12345
5.0,0.05,12,10,Pooling,0.79,18.115010712553982,18.115010712553982,0.0,0,12345
5.0,0.05,12,10,Repeated,1.0,,,,100,12345
5.0,0.05,12,10,S-HCP-within,0.97,22.82834645164345,22.63092426081235,2.0152377296783857,0,12345
5.0,0.05,12,10,Std-CP,0.81,82.64213941881138,10.684779904948293,287.8034695857806,0,12345
5.0,0.05,12,10,Subsampling,1.0,,,,100,12345
5.0,0.05,12,15,Donor-HCP-no-within,0.94,20.025002804323503,19.774314875957792,3.537294044223365,0,12345
5.0,0.05,12,15,Donor-HCP-within,0.94,13.679652473153828,12.936373180204125,2.409086105781253,0,12345
5.0,0.05,12,15,HCP,1.0,,,,100,12345
5.0,0.05,12,15,Pooling,0.79,18.115010712553982,18.115010712553982,0.0,0,12345
5.0,0.05,12,15,Repeated,1.0,,,,100,12345
5.0,0.05,12,15,S-HCP-within,0.96,22.932753158252602,22.510330536813285,1.701545281526757,0,12345
5.0,0.05,12,15,Std-CP,0.88,8.280642785460822,7.055171518216884,4.465131586321842,0,12345
5.0,0.05,12,15,Subsampling,1.0,,,,100,12345
5.0,0.05,12,20,Donor-HCP-no-within,0.87,18.669483987257344,18.595384759983915,2.8048359509717455,0,12345
5.0,0.05,12,20,Donor-HCP-within,0.82,9.956082428336158,9.668698968894532,1.261654540920408,0,12345
5.0,0.05,12,20,HCP,1.0,,,,100,12345
5.0,0.05,12,20,Pooling,0.79,18.115010712553982,18.115010712553982,0.0,0,12345
5.0,0.05,12,20,Repeated,1.0,,,,100,12345
5.0,0.05,12,20,S-HCP-within,0.95,22.37379171079066,22.471414426078894,1.692147531629865,0,12345
5.0,0.05,12,20,Std-CP,0.87,6.705597647639902,6.077807942279945,2.899851261570238,0,12345
5.0,0.05,12,20,Subsampling,1.0,,,,100,12345
5.0,0.05,12,25,Donor-HCP-no-within,0.96,15.67552907945909,13.473867001762281,8.689541691906825,0,12345
5.0,0.05,12,25,Donor-HCP-within,1.0,,,,100,12345
5.0,0.05,12,25,HCP,1.0,,,,100,12345
5.0,0.05,12,25,Pooling,0.79,18.115010712553982,18.115010712553982,0.0,0,12345
5.0,0.05,12,25,Repeated,1.0,,,,100,12345
5.0,0.05,12,25,S-HCP-within,1.0,,,,100,12345
5.0,0.05,12,25,Std-CP,0.91,6.397333483030327,5.9386268304865695,2.159000857403803,0,12345
5.0,0.05,12,25,Subsampling,1.0,,,,100,12345
5.0,0.05,12,30,Donor-HCP-no-within,0.97,15.808917353754468,13.679119834030132,8.661314821313564,0,12345
5.0,0.05,12,30,Donor-HCP-within,1.0,,,,100,12345
5.0,0.05,12,30,HCP,1.0,,,,100,12345
5.0,0.05,12,30,Pooling,0.79,18.115010712553982,18.115010712553982,0.0,0,12345
5.0,0.05,12,30,Repeated,1.0,,,,100,12345
5.0,0.05,12,30,S-HCP-within,1.0,,,,100,12345
5.0,0.05,12,30,Std-CP,0.94,6.142591591373922,5.55760607100725,2.4055450737495314,0,12345
5.0,0.05,12,30,Subsampling,1.0,,,,100,12345
5.0,0.05,12,35,Donor-HCP-no-within,0.97,15.933710208998582,13.679119834030132,8.62968162936487,0,12345
5.0,0.05,12,35,Donor-HCP-within,1.0,,,,100,12345
5.0,0.05,12,35,HCP,1.0,,,,100,12345
5.0,0.05,12,35,Pooling,0.79,18.115010712553982,18.115010712553982,0.0,0,12345
5.0,0.05,12,35,Repeated,1.0,,,,100,12345
5.0,0.05,12,35,S-HCP-within,1.0,,,,100,12345
5.0,0.05,12,35,Std-CP,0.94,6.1114508635260485,5.792571627970673,2.004090840428159,0,12345
5.0,0.05,12,35,Subsampling,1.0,,,,100,12345
5.0,0.05,13,0,Donor-HCP-no-within,1.0,,,,100,12345
5.0,0.05,13,0,Donor-HCP-within,1.0,,,,100,12345
5.0,0.05,13,0,HCP,1.0,,,,100,12345
5.0,0.05,13,0,Pooling,0.99,39.47767708540745,39.47767708540745,0.0,0,12345
5.0,0.05,13,0,Repeated,1.0,,,,100,12345
5.0,0.05,13,0,S-HCP-within,1.0,,,,100,12345
5.0,0.05,13,0,Std-CP,1.0,,,,100,12345
5.0,0.05,13,0,Subsampling,1.0,,,,100,12345
5.0,0.05,13,5,Donor-HCP-no-within,1.0,,,,100,12345
5.0,0.05,13,5,Donor-HCP-within,1.0,,,,100,12345
5.0,0.05,13,5,HCP,1.0,,,,100,12345
5.0,0.05,13,5,Pooling,0.99,39.47767708540745,39.47767708540745,0.0,0,12345
5.0,0.05,13,5,Repeated,1.0,,,,100,12345
5.0,0.05,13,5,S-HCP-within,0.99,49.13231796121822,48.67399923337133,1.4720605367770365,0,12345
5.0,0.05,13,5,Std-CP,0.78,6.133867756038,4.930039752959472,4.322228273130584,0,12345
5.0,0.05,13,5,Subsampling,1.0,,,,100,12345
5.0,0.05,13,10,Donor-HCP-no-within,1.0,46.690129805779854,48.18918247581409,6.242458214809212,0,12345
5.0,0.05,13,10,Donor-HCP-within,1.0,,,,100,12345
5.0,0.05,13,10,HCP,1.0,,,,100,12345
5.0,0.05,13,10,Pooling,0.99,39.47767708540745,39.47767708540745,0.0,0,12345
5.0,0.05,13,10,Repeated,1.0,,,,100,12345
5.0,0.05,13,10,S-HCP-within,1.0,48.982623821552146,48.67399923337133,1.282701232248526,0,12345
5.0,0.05,13,10,Std-CP,0.78,35.80355400329118,11.904579892444008,93.8485226851369,0,12345
5.0,0.05,13,10,Subsampling,1.0,,,,100,12345
5.0,0.05,13,15,Donor-HCP-no-within,0.98,42.02652765568901,44.87278762256116,7.377748169817252,0,12345
5.0,0.05,13,15,Donor-HCP-within,0.99,28.229942875110556,29.73760617843974,3.918279710353289,0,12345
5.0,0.05,13,15,HCP,1.0,,,,100,12345
5.0,0.05,13,15,Pooling,0.99,39.47767708540745,39.47767708540745,0.0,0,12345
5.0,0.05,13,15,Repeated,1.0,,,,100,12345
5.0,0.05,13,15,S-HCP-within,1.0,49.01395204000647,48.67399923337133,1.142036685934553,0,12345
5.0,0.05,13,15,Std-CP,0.94,9.725450163587654,7.7551298390039385,6.119603823386742,0,12345
5.0,0.05,13,15,Subsampling,1.0,,,,100,12345
5.0,0.05,13,20,Donor-HCP-no-within,0.96,38.594589321476505,41.44554914983592,7.960115159859589,0,12345
5.0,0.05,13,20,Donor-HCP-within,0.95,21.536975369990852,22.912450225339633,4.075190776933202,0,12345
5.0,0.05,13,20,HCP,1.0,,,,100,12345
5.0,0.05,13,20,Pooling,0.99,39.47767708540745,39.47767708540745,0.0,0,12345
5.0,0.05,13,20,Repeated,1.0,,,,100,12345
5.0,0.05,13,20,S-HCP-within,1.0,48.473970890377785,48.42179884958907,1.1761817573036188,0,12345
5.0,0.05,13,20,Std-CP,0.9,6.746486766065651,6.25820275629339,2.4989045439142483,0,12345
5.0,0.05,13,20,Subsampling,1.0,,,,100,12345
5.0,0.05,13,25,Donor-HCP-no-within,0.95,18.628902703295037,17.211475642881446,9.072444475967353,0,12345
5.0,0.05,13,25,Donor-HCP-within,1.0,,,,100,12345
5.0,0.05,13,25,HCP,1.0,,,,100,12345
5.0,0.05,13,25,Pooling,0.99,39.47767708540745,39.47767708540745,0.0,0,12345
5.0,0.05,13,25,Repeated,1.0,,,,100,12345
5.0,0.05,13,25,S-HCP-within,1.0,,,,100,12345
5.0,0.05,13,25,Std-CP,0.96,7.2787790038138205,6.901123679269867,2.5141543176236296,0,12345
5.0,0.05,13,25,Subsampling,1.0,,,,100,12345
5.0,0.05,13,30,Donor-HCP-no-within,0.96,18.79791265606621,17.211475642881446,9.152615684606836,0,12345
5.0,0.05,13,30,Donor-HCP-within,1.0,,,,100,12345
5.0,0.05,13,30,HCP,1.0,,,,100,12345
5.0,0.05,13,30,Pooling,0.99,39.47767708540745,39.47767708540745,0.0,0,12345
5.0,0.05,13,30,Repeated,1.0,,,,100,12345
5.0,0.05,13,30,S-HCP-within,1.0,,,,100,12345
5.0,0.05,13,30,Std-CP,0.96,6.7296270140978285,6.614437341874549,2.6806367016051063,0,12345
5.0,0.05,13,30,Subsampling,1.0,,,,100,12345
5.0,0.05,13,35,Donor-HCP-no-within,0.96,19.046075586784838,17.211475642881446,9.012372010374555,0,12345
5.0,0.05,13,35,Donor-HCP-within,1.0,,,,100,12345
5.0,0.05,13,35,HCP,1.0,,,,100,12345
5.0,0.05,13,35,Pooling,0.99,39.47767708540745,39.47767708540745,0.0,0,12345
5.0,0.05,13,35,Repeated,1.0,,,,100,12345
5.0,0.05,13,35,S-HCP-within,1.0,,,,100,12345
5.0,0.05,13,35,Std-CP,0.95,6.687099564455775,6.476367439107532,1.8860528521715199,0,12345
5.0,0.05,13,35,Subsampling,1.0,,,,100,12345
5.0,0.05,14,0,Donor-HCP-no-within,1.0,,,,100,12345
5.0,0.05,14,0,Donor-HCP-within,1.0,,,,100,12345
5.0,0.05,14,0,HCP,1.0,,,,100,12345
5.0,0.05,14,0,Pooling,0.92,48.45944445010238,48.45944445010238,0.0,0,12345
5.0,0.05,14,0,Repeated,1.0,,,,100,12345
5.0,0.05,14,0,S-HCP-within,1.0,,,,100,12345
5.0,0.05,14,0,Std-CP,1.0,,,,100,12345
5.0,0.05,14,0,Subsampling,1.0,,,,100,12345
5.0,0.05,14,5,Donor-HCP-no-within,1.0,,,,100,12345
5.0,0.05,14,5,Donor-HCP-within,1.0,,,,100,12345
5.0,0.05,14,5,HCP,1.0,,,,100,12345
5.0,0.05,14,5,Pooling,0.92,48.45944445010238,48.45944445010238,0.0,0,12345
5.0,0.05,14,5,Repeated,1.0,,,,100,12345
5.0,0.05,14,5,S-HCP-within,0.96,19.464761800807942,19.542436466060146,1.9369186233098896,0,12345
5.0,0.05,14,5,Std-CP,0.81,5.838027867465567,4.802231239850187,3.569454963547344,0,12345
5.0,0.05,14,5,Subsampling,1.0,,,,100,12345
5.0,0.05,14,10,Donor-HCP-no-within,1.0,32.960311036870316,25.854770658765972,10.190250974163611,0,12345
5.0,0.05,14,10,Donor-HCP-within,1.0,,,,100,12345
5.0,0.05,14,10,HCP,1.0,,,,100,12345
5.0,0.05,14,10,Pooling,0.92,48.45944445010238,48.45944445010238,0.0,0,12345
5.0,0.05,14,10,Repeated,1.0,,,,100,12345
5.0,0.05,14,10,S-HCP-within,0.95,19.39789091162697,18.860195740384768,1.4481319402026467,0,12345
5.0,0.05,14,10,Std-CP,0.78,598.8289659575905,10.762894024342145,5620.001199010649,0,12345
5.0,0.05,14,10,Subsampling,1.0,,,,100,12345
5.0,0.05,14,15,Donor-HCP-no-within,0.97,30.433711144627665,25.806603605117573,9.383529918904987,0,12345
5.0,0.05,14,15,Donor-HCP-within,1.0,20.90805258056146,16.926149645244514,6.591590872310638,0,12345
5.0,0.05,14,15,HCP,1.0,,,,100,12345
5.0,0.05,14,15,Pooling,0.92,48.45944445010238,48.45944445010238,0.0,0,12345
5.0,0.05,14,15,Repeated,1.0,,,,100,12345
5.0,0.05,14,15,S-HCP-within,0.95,19.54839177761179,18.860195740384764,1.6499716180718182,0,12345
5.0,0.05,14,15,Std-CP,0.88,9.963785433801979,7.940394561651331,7.720264973910436,0,12345
5.0,0.05,14,15,Subsampling,1.0,,,,100,12345
5.0,0.05,14,20,Donor-HCP-no-within,0.98,27.581189643386256,23.041468569897788,9.118403410469798,0,12345
5.0,0.05,14,20,Donor-HCP-within,0.98,16.073194210162537,13.278647785515776,5.0124800854627285,0,12345
5.0,0.05,14,20,HCP,1.0,,,,100,12345
5.0,0.05,14,20,Pooling,0.92,48.45944445010238,48.45944445010238,0.0,0,12345
5.0,0.05,14,20,Repeated,1.0,,,,100,12345
5.0,0.05,14,20,S-HCP-within,0.94,19.072877613414036,18.79767395618064,1.57459425063389,0,12345
5.0,0.05,14,20,Std-CP,0.91,7.043840535262875,6.715149493814607,2.6620436788758735,0,12345
5.0,0.05,14,20,Subsampling,1.0,,,,100,12345
5.0,0.05,14,25,Donor-HCP-no-within,0.96,14.956746266764682,13.338333849824135,6.932981782689491,0,12345
5.0,0.05,14,25,Donor-HCP-within,1.0,,,,100,12345
5.0,0.05,14,25,HCP,1.0,,,,100,12345
5.0,0.05,14,25,Pooling,0.92,48.45944445010238,48.45944445010238,0.0,0,12345
5.0,0.05,14,25,Repeated,1.0,,,,100,12345
5.0,0.05,14,25,S-HCP-within,1.0,,,,100,12345
5.0,0.05,14,25,Std-CP,0.92,6.495077967782713,5.836284177776118,2.391119926940351,0,12345
5.0,0.05,14,25,Subsampling,1.0,,,,100,12345
5.0,0.05,14,30,Donor-HCP-no-within,0.96,15.187994414654234,13.698340184462797,6.857151904666656,0,12345
5.0,0.05,14,30,Donor-HCP-within,1.0,,,,100,12345
5.0,0.05,14,30,HCP,1.0,,,,100,12345
5.0,0.05,14,30,Pooling,0.92,48.45944445010238,48.45944445010238,0.0,0,12345
5.0,0.05,14,30,Repeated,1.0,,,,100,12345
5.0,0.05,14,30,S-HCP-within,1.0,,,,100,12345
5.0,0.05,14,30,Std-CP,0.91,6.644061859224693,6.3992070179496725,2.2604502460042823,0,12345
5.0,0.05,14,30,Subsampling,1.0,,,,100,12345
5.0,0.05,14,35,Donor-HCP-no-within,0.97,15.41377272794423,13.89731183168264,6.89203927374054,0,12345
5.0,0.05,14,35,Donor-HCP-within,1.0,,,,100,12345
5.0,0.05,14,35,HCP,1.0,,,,100,12345
5.0,0.05,14,35,Pooling,0.92,48.45944445010238,48.45944445010238,0.0,0,12345
5.0,0.05,14,35,Repeated,1.0,,,,100,12345
5.0,0.05,14,35,S-HCP-within,1.0,,,,100,12345
5.0,0.05,14,35,Std-CP,0.92,6.620129966629505,6.216621262143285,2.1731492177221656,0,12345
5.0,0.05,14,35,Subsampling,1.0,,,,100,12345
5.0,0.05,15,0,Donor-HCP-no-within,1.0,,,,100,12345
5.0,0.05,15,0,Donor-HCP-within,1.0,,,,100,12345
5.0,0.05,15,0,HCP,1.0,,,,100,12345
5.0,0.05,15,0,Pooling,1.0,39.36022721460987,39.36022721460987,7.4556558930908e-15,0,12345
5.0,0.05,15,0,Repeated,1.0,,,,100,12345
5.0,0.05,15,0,S-HCP-within,1.0,,,,100,12345
5.0,0.05,15,0,Std-CP,1.0,,,,100,12345
5.0,0.05,15,0,Subsampling,1.0,,,,100,12345
5.0,0.05,15,5,Donor-HCP-no-within,1.0,,,,100,12345
5.0,0.05,15,5,Donor-HCP-within,1.0,,,,100,12345
5.0,0.05,15,5,HCP,1.0,,,,100,12345
5.0,0.05,15,5,Pooling,1.0,39.36022721460987,39.36022721460987,7.4556558930908e-15,0,12345
5.0,0.05,15,5,Repeated,1.0,,,,100,12345
5.0,0.05,15,5,S-HCP-within,0.95,27.898743359972737,28.57623451216221,2.7115965496279855,0,12345
5.0,0.05,15,5,Std-CP,0.73,5.415906741386969,4.618327813165701,3.6790980099076327,0,12345
5.0,0.05,15,5,Subsampling,1.0,,,,100,12345
5.0,0.05,15,10,Donor-HCP-no-within,1.0,48.76011962857265,47.260345734579744,4.324092789721283,0,12345
5.0,0.05,15,10,Donor-HCP-within,1.0,,,,100,12345
5.0,0.05,15,10,HCP,1.0,,,,100,12345
5.0,0.05,15,10,Pooling,1.0,39.36022721460987,39.36022721460987,7.4556558930908e-15,0,12345
5.0,0.05,15,10,Repeated,1.0,,,,100,12345
5.0,0.05,15,10,S-HCP-within,0.94,28.025236138570996,28.57623451216221,2.6535835478461136,0,12345
5.0,0.05,15,10,Std-CP,0.85,41.44014750573865,10.977022394943656,112.93689325711911,0,12345
5.0,0.05,15,10,Subsampling,1.0,,,,100,12345
5.0,0.05,15,15,Donor-HCP-no-within,0.99,44.033820543867904,42.07236964496401,4.292064290081587,0,12345
5.0,0.05,15,15,Donor-HCP-within,1.0,26.294273584319626,25.132978503648925,2.998006352188658,0,12345
5.0,0.05,15,15,HCP,1.0,,,,100,12345
5.0,0.05,15,15,Pooling,1.0,39.36022721460987,39.36022721460987,7.4556558930908e-15,0,12345
5.0,0.05,15,15,Repeated,1.0,,,,100,12345
5.0,0.05,15,15,S-HCP-within,0.95,28.023692333217618,28.411589099338755,2.5701289897797905,0,12345
5.0,0.05,15,15,Std-CP,0.82,8.04399670049992,7.069375289576662,4.694948120996226,0,12345
5.0,0.05,15,15,Subsampling,1.0,,,,100,12345
5.0,0.05,15,20,Donor-HCP-no-within,1.0,41.34687426088106,40.19545866704703,3.648214003585288,0,12345
5.0,0.05,15,20,Donor-HCP-within,0.99,21.736250364384304,20.72990458118647,2.368814000214769,0,12345
5.0,0.05,15,20,HCP,1.0,,,,100,12345
5.0,0.05,15,20,Pooling,1.0,39.36022721460987,39.36022721460987,7.4556558930908e-15,0,12345
5.0,0.05,15,20,Repeated,1.0,,,,100,12345
5.0,0.05,15,20,S-HCP-within,0.93,27.349773443741565,26.55372625827004,2.4912130017987644,0,12345
5.0,0.05,15,20,Std-CP,0.87,6.3981888444835056,5.822912749973486,2.6804232722244428,0,12345
5.0,0.05,15,20,Subsampling,1.0,,,,100,12345
5.0,0.05,15,25,Donor-HCP-no-within,0.96,18.105792191019283,16.756197499029035,7.347209921122849,0,12345
5.0,0.05,15,25,Donor-HCP-within,1.0,,,,100,12345
5.0,0.05,15,25,HCP,1.0,,,,100,12345
5.0,0.05,15,25,Pooling,1.0,39.36022721460987,39.36022721460987,7.4556558930908e-15,0,12345
5.0,0.05,15,25,Repeated,1.0,,,,100,12345
5.0,0.05,15,25,S-HCP-within,1.0,,,,100,12345
5.0,0.05,15,25,Std-CP,0.92,6.6127372897425,6.027451755101309,2.3484691141485063,0,12345
5.0,0.05,15,25,Subsampling,1.0,,,,100,12345
5.0,0.05,15,30,Donor-HCP-no-within,0.97,18.507910519211162,16.998525008506647,7.318129441460572,0,12345
5.0,0.05,15,30,Donor-HCP-within,1.0,,,,100,12345
5.0,0.05,15,30,HCP,1.0,,,,100,12345
5.0,0.05,15,30,Pooling,1.0,39.36022721460987,39.36022721460987,7.4556558930908e-15,0,12345
5.0,0.05,15,30,Repeated,1.0,,,,100,12345
5.0,0.05,15,30,S-HCP-within,1.0,,,,100,12345
5.0,0.05,15,30,Std-CP,0.89,6.212262934528875,6.210757064816473,1.9568690359348513,0,12345
5.0,0.05,15,30,Subsampling,1.0,,,,100,12345
5.0,0.05,15,35,Donor-HCP-no-within,0.97,18.727719467502755,17.173833532396745,7.314767288170667,0,12345
5.0,0.05,15,35,Donor-HCP-within,1.0,,,,100,12345
5.0,0.05,15,35,HCP,1.0,,,,100,12345
5.0,0.05,15,35,Pooling,1.0,39.36022721460987,39.36022721460987,7.4556558930908e-15,0,12345
5.0,0.05,15,35,Repeated,1.0,,,,100,12345
5.0,0.05,15,35,S-HCP-within,1.0,,,,100,12345
5.0,0.05,15,35,Std-CP,0.94,6.435439752866306,5.848856023678437,2.0673709268474716,0,12345
5.0,0.05,15,35,Subsampling,1.0,,,,100,12345
5.0,0.05,16,0,Donor-HCP-no-within,1.0,,,,100,12345
5.0,0.05,16,0,Donor-HCP-within,1.0,,,,100,12345
5.0,0.05,16,0,HCP,1.0,,,,100,12345
5.0,0.05,16,0,Pooling,0.82,20.28427025460564,20.28427025460564,1.4282446375932695e-15,0,12345
5.0,0.05,16,0,Repeated,1.0,,,,100,12345
5.0,0.05,16,0,S-HCP-within,1.0,,,,100,12345
5.0,0.05,16,0,Std-CP,1.0,,,,100,12345
5.0,0.05,16,0,Subsampling,1.0,,,,100,12345
5.0,0.05,16,5,Donor-HCP-no-within,1.0,,,,100,12345
5.0,0.05,16,5,Donor-HCP-within,1.0,,,,100,12345
5.0,0.05,16,5,HCP,1.0,,,,100,12345
5.0,0.05,16,5,Pooling,0.82,20.28427025460564,20.28427025460564,1.4282446375932695e-15,0,12345
5.0,0.05,16,5,Repeated,1.0,,,,100,12345
5.0,0.05,16,5,S-HCP-within,0.92,27.042161758383294,27.17034975119216,2.250778080445375,0,12345
5.0,0.05,16,5,Std-CP,0.63,5.508687912297181,4.385972534977349,4.068295780725542,0,12345
5.0,0.05,16,5,Subsampling,1.0,,,,100,12345
5.0,0.05,16,10,Donor-HCP-no-within,0.99,29.292930549314566,28.868287347333943,4.551907554750035,0,12345
5.0,0.05,16,10,Donor-HCP-within,1.0,,,,100,12345
5.0,0.05,16,10,HCP,1.0,,,,100,12345
5.0,0.05,16,10,Pooling,0.82,20.28427025460564,20.28427025460564,1.4282446375932695e-15,0,12345
5.0,0.05,16,10,Repeated,1.0,,,,100,12345
5.0,0.05,16,10,S-HCP-within,0.95,26.977825615227456,27.097106645735415,2.5051156980728,0,12345
5.0,0.05,16,10,Std-CP,0.83,22.4868757726323,9.901385134706386,32.01214352523946,0,12345
5.0,0.05,16,10,Subsampling,1.0,,,,100,12345
5.0,0.05,16,15,Donor-HCP-no-within,0.93,24.21993381272218,23.715489315345856,4.342159324698319,0,12345
5.0,0.05,16,15,Donor-HCP-within,0.97,17.872743100514384,17.462494518893898,2.6489529439160098,0,12345
5.0,0.05,16,15,HCP,1.0,,,,100,12345
5.0,0.05,16,15,Pooling,0.82,20.28427025460564,20.28427025460564,1.4282446375932695e-15,0,12345
5.0,0.05,16,15,Repeated,1.0,,,,100,12345
5.0,0.05,16,15,S-HCP-within,0.95,27.19234105544417,27.149367661696303,2.1936946184202584,0,12345
5.0,0.05,16,15,Std-CP,0.85,8.46045956815847,7.208403178236056,5.400847885774201,0,12345
5.0,0.05,16,15,Subsampling,1.0,,,,100,12345
5.0,0.05,16,20,Donor-HCP-no-within,0.9,22.41093246970414,22.574745678322778,4.338580718490105,0,12345
5.0,0.05,16,20,Donor-HCP-within,0.9,13.20337915194531,13.119906205120294,1.867160652989306,0,12345
5.0,0.05,16,20,HCP,1.0,,,,100,12345
5.0,0.05,16,20,Pooling,0.82,20.28427025460564,20.28427025460564,1.4282446375932695e-15,0,12345
5.0,0.05,16,20,Repeated,1.0,,,,100,12345
5.0,0.05,16,20,S-HCP-within,0.96,26.688094036075285,26.56359360831437,2.4447605428951973,0,12345
5.0,0.05,16,20,Std-CP,0.89,6.886169493343501,6.523853476726842,2.839243049618673,0,12345
5.0,0.05,16,20,Subsampling,1.0,,,,100,12345
5.0,0.05,16,25,Donor-HCP-no-within,0.96,16.01137328067135,14.191840958686559,8.08226761272444,0,12345
5.0,0.05,16,25,Donor-HCP-within,1.0,,,,100,12345
5.0,0.05,16,25,HCP,1.0,,,,100,12345
5.0,0.05,16,25,Pooling,0.82,20.28427025460564,20.28427025460564,1.4282446375932695e-15,0,12345
5.0,0.05,16,25,Repeated,1.0,,,,100,12345
5.0,0.05,16,25,S-HCP-within,1.0,,,,100,12345
5.0,0.05,16,25,Std-CP,0.9,6.529238232059197,6.490347225911217,2.3102686978098284,0,12345
5.0,0.05,16,25,Subsampling,1.0,,,,100,12345
5.0,0.05,16,30,Donor-HCP-no-within,0.96,16.189078890633358,14.191840958686559,8.08286135932434,0,12345
5.0,0.05,16,30,Donor-HCP-within,1.0,,,,100,12345
5.0,0.05,16,30,HCP,1.0,,,,100,12345
5.0,0.05,16,30,Pooling,0.82,20.28427025460564,20.28427025460564,1.4282446375932695e-15,0,12345
5.0,0.05,16,30,Repeated,1.0,,,,100,12345
5.0,0.05,16,30,S-HCP-within,1.0,,,,100,12345
5.0,0.05,16,30,Std-CP,0.93,6.291029032806732,6.422863938923447,2.093150918022401,0,12345
5.0,0.05,16,30,Subsampling,1.0,,,,100,12345
5.0,0.05,16,35,Donor-HCP-no-within,0.96,16.342020554176173,14.535818789719162,8.077680462729186,0,12345
5.0,0.05,16,35,Donor-HCP-within,1.0,,,,100,12345
5.0,0.05,16,35,HCP,1.0,,,,100,12345
5.0,0.05,16,35,Pooling,0.82,20.28427025460564,20.28427025460564,1.4282446375932695e-15,0,12345
5.0,0.05,16,35,Repeated,1.0,,,,100,12345
5.0,0.05,16,35,S-HCP-within,1.0,,,,100,12345
5.0,0.05,16,35,Std-CP,0.98,6.33463953766646,6.408866779363863,1.8582577661602444,0,12345
5.0,0.05,16,35,Subsampling,1.0,,,,100,12345
5.0,0.05,17,0,Donor-HCP-no-within,1.0,,,,100,12345
5.0,0.05,17,0,Donor-HCP-within,1.0,,,,100,12345
5.0,0.05,17,0,HCP,1.0,,,,100,12345
5.0,0.05,17,0,Pooling,0.9,40.029436265778244,40.029436265778244,7.141223187966347e-16,0,12345
5.0,0.05,17,0,Repeated,1.0,,,,100,12345
5.0,0.05,17,0,S-HCP-within,1.0,,,,100,12345
5.0,0.05,17,0,Std-CP,1.0,,,,100,12345
5.0,0.05,17,0,Subsampling,1.0,,,,100,12345
5.0,0.05,17,5,Donor-HCP-no-within,1.0,,,,100,12345
5.0,0.05,17,5,Donor-HCP-within,1.0,,,,100,12345
5.0,0.05,17,5,HCP,1.0,,,,100,12345
5.0,0.05,17,5,Pooling,0.9,40.029436265778244,40.029436265778244,7.141223187966347e-16,0,12345
5.0,0.05,17,5,Repeated,1.0,,,,100,12345
5.0,0.05,17,5,S-HCP-within,1.0,42.82853428972975,42.730098314680035,1.745390586614036,0,12345
5.0,0.05,17,5,Std-CP,0.81,6.35697747357384,5.662060948246403,3.5909439049572733,0,12345
5.0,0.05,17,5,Subsampling,1.0,,,,100,12345
5.0,0.05,17,10,Donor-HCP-no-within,1.0,50.70969390153427,49.350132626379605,6.778740632550832,0,12345
5.0,0.05,17,10,Donor-HCP-within,1.0,,,,100,12345
5.0,0.05,17,10,HCP,1.0,,,,100,12345
5.0,0.05,17,10,Pooling,0.9,40.029436265778244,40.029436265778244,7.141223187966347e-16,0,12345
5.0,0.05,17,10,Repeated,1.0,,,,100,12345
5.0,0.05,17,10,S-HCP-within,1.0,42.67580779787574,42.73009831468003,1.3978593006971103,0,12345
5.0,0.05,17,10,Std-CP,0.86,51.609750184721634,12.540558178709924,132.5796981213544,0,12345
5.0,0.05,17,10,Subsampling,1.0,,,,100,12345
5.0,0.05,17,15,Donor-HCP-no-within,0.96,45.68541173647083,44.73079927544537,6.870227146987702,0,12345
5.0,0.05,17,15,Donor-HCP-within,0.97,28.96420813253886,27.74411923264131,4.096903107359086,0,12345
5.0,0.05,17,15,HCP,1.0,,,,100,12345
5.0,0.05,17,15,Pooling,0.9,40.029436265778244,40.029436265778244,7.141223187966347e-16,0,12345
5.0,0.05,17,15,Repeated,1.0,,,,100,12345
5.0,0.05,17,15,S-HCP-within,1.0,43.067455714581044,43.603152416921375,1.1346661931177853,0,12345
5.0,0.05,17,15,Std-CP,0.87,8.674344361670565,7.667852822271572,4.780113694470321,0,12345
5.0,0.05,17,15,Subsampling,1.0,,,,100,12345
5.0,0.05,17,20,Donor-HCP-no-within,0.93,44.63848306818758,41.04932660927179,9.206443620372765,0,12345
5.0,0.05,17,20,Donor-HCP-within,0.95,22.39001138361107,21.614950156343703,3.2751808004524077,0,12345
5.0,0.05,17,20,HCP,1.0,,,,100,12345
5.0,0.05,17,20,Pooling,0.9,40.029436265778244,40.029436265778244,7.141223187966347e-16,0,12345
5.0,0.05,17,20,Repeated,1.0,,,,100,12345
5.0,0.05,17,20,S-HCP-within,1.0,41.97527980361944,41.35918494891655,0.9380017684851807,0,12345
5.0,0.05,17,20,Std-CP,0.95,7.155880962788731,6.596854336240444,2.9724836823348624,0,12345
5.0,0.05,17,20,Subsampling,1.0,,,,100,12345
5.0,0.05,17,25,Donor-HCP-no-within,0.95,15.765748839780114,15.126190754854958,7.062201732735624,0,12345
5.0,0.05,17,25,Donor-HCP-within,1.0,,,,100,12345
5.0,0.05,17,25,HCP,1.0,,,,100,12345
5.0,0.05,17,25,Pooling,0.9,40.029436265778244,40.029436265778244,7.141223187966347e-16,0,12345
5.0,0.05,17,25,Repeated,1.0,,,,100,12345
5.0,0.05,17,25,S-HCP-within,1.0,,,,100,12345
5.0,0.05,17,25,Std-CP,0.93,6.584989193981715,6.425660963675254,2.355004743341392,0,12345
5.0,0.05,17,25,Subsampling,1.0,,,,100,12345
5.0,0.05,17,30,Donor-HCP-no-within,0.95,16.031371589089844,15.621727735406814,7.1085520284796315,0,12345
5.0,0.05,17,30,Donor-HCP-within,1.0,,,,100,12345
5.0,0.05,17,30,HCP,1.0,,,,100,12345
5.0,0.05,17,30,Pooling,0.9,40.029436265778244,40.029436265778244,7.141223187966347e-16,0,12345
5.0,0.05,17,30,Repeated,1.0,,,,100,12345
5.0,0.05,17,30,S-HCP-within,1.0,,,,100,12345
5.0,0.05,17,30,Std-CP,0.92,6.584021201392018,6.302261358740941,2.1215209318302395,0,12345
5.0,0.05,17,30,Subsampling,1.0,,,,100,12345
5.0,0.05,17,35,Donor-HCP-no-within,0.95,16.253573251777578,15.760555797819944,7.073480643795512,0,12345
5.0,0.05,17,35,Donor-HCP-within,1.0,,,,100,12345
5.0,0.05,17,35,HCP,1.0,,,,100,12345
5.0,0.05,17,35,Pooling,0.9,40.029436265778244,40.029436265778244,7.141223187966347e-16,0,12345
5.0,0.05,17,35,Repeated,1.0,,,,100,12345
5.0,0.05,17,35,S-HCP-within,1.0,,,,100,12345
5.0,0.05,17,35,Std-CP,0.93,6.732695402078683,6.266674857033305,2.2507536205105922,0,12345
5.0,0.05,17,35,Subsampling,1.0,,,,100,12345
5.0,0.05,18,0,Donor-HCP-no-within,1.0,,,,100,12345
5.0,0.05,18,0,Donor-HCP-within,1.0,,,,100,12345
5.0,0.05,18,0,HCP,1.0,,,,100,12345
5.0,0.05,18,0,Pooling,0.96,28.780830507140962,28.780830507140962,7.984130245395255e-16,0,12345
5.0,0.05,18,0,Repeated,1.0,,,,100,12345
5.0,0.05,18,0,S-HCP-within,1.0,,,,100,12345
5.0,0.05,18,0,Std-CP,1.0,,,,100,12345
5.0,0.05,18,0,Subsampling,1.0,,,,100,12345
5.0,0.05,18,5,Donor-HCP-no-within,1.0,,,,100,12345
5.0,0.05,18,5,Donor-HCP-within,1.0,,,,100,12345
5.0,0.05,18,5,HCP,1.0,,,,100,12345
5.0,0.05,18,5,Pooling,0.96,28.780830507140962,28.780830507140962,7.984130245395255e-16,0,12345
5.0,0.05,18,5,Repeated,1.0,,,,100,12345
5.0,0.05,18,5,S-HCP-within,0.94,21.28449042646574,20.937876646596713,3.158263335794297,0,12345
5.0,0.05,18,5,Std-CP,0.74,6.234640413793489,5.596163003329108,3.912860563814384,0,12345
5.0,0.05,18,5,Subsampling,1.0,,,,100,12345
5.0,0.05,18,10,Donor-HCP-no-within,1.0,30.62925674289288,31.193324942422915,3.0943214118526328,0,12345
5.0,0.05,18,10,Donor-HCP-within,1.0,,,,100,12345
5.0,0.05,18,10,HCP,1.0,,,,100,12345
5.0,0.05,18,10,Pooling,0.96,28.780830507140962,28.780830507140962,7.984130245395255e-16,0,12345
5.0,0.05,18,10,Repeated,1.0,,,,100,12345
5.0,0.05,18,10,S-HCP-within,0.92,21.261789400319444,20.280634924335004,3.2025716630022694,0,12345
5.0,0.05,18,10,Std-CP,0.81,142.6376951103928,12.913912553727693,1060.4874338500751,0,12345
5.0,0.05,18,10,Subsampling,1.0,,,,100,12345
5.0,0.05,18,15,Donor-HCP-no-within,0.97,28.012171967354476,29.267028973762343,3.4328583895491174,0,12345
5.0,0.05,18,15,Donor-HCP-within,1.0,25.578417378186476,25.655324291165094,2.1347085113834825,0,12345
5.0,0.05,18,15,HCP,1.0,,,,100,12345
5.0,0.05,18,15,Pooling,0.96,28.780830507140962,28.780830507140962,7.984130245395255e-16,0,12345
5.0,0.05,18,15,Repeated,1.0,,,,100,12345
5.0,0.05,18,15,S-HCP-within,0.94,21.407438246271976,20.82009906504225,3.1262992602626243,0,12345
5.0,0.05,18,15,Std-CP,0.87,9.433832363122852,7.935913105510301,7.329968020891254,0,12345
5.0,0.05,18,15,Subsampling,1.0,,,,100,12345
5.0,0.05,18,20,Donor-HCP-no-within,0.97,27.277534371918886,28.414491426874008,3.1353779440320038,0,12345
5.0,0.05,18,20,Donor-HCP-within,0.94,14.99994178731318,15.30739481662976,1.640807006623843,0,12345
5.0,0.05,18,20,HCP,1.0,,,,100,12345
5.0,0.05,18,20,Pooling,0.96,28.780830507140962,28.780830507140962,7.984130245395255e-16,0,12345
5.0,0.05,18,20,Repeated,1.0,,,,100,12345
5.0,0.05,18,20,S-HCP-within,0.92,21.019774509395926,20.266722873900434,2.9563330993880514,0,12345
5.0,0.05,18,20,Std-CP,0.94,7.045877131283857,6.8129950032754785,2.8478962882974628,0,12345
5.0,0.05,18,20,Subsampling,1.0,,,,100,12345
5.0,0.05,18,25,Donor-HCP-no-within,0.97,15.745759348212575,15.563254906325476,7.447897175397799,0,12345
5.0,0.05,18,25,Donor-HCP-within,1.0,,,,100,12345
5.0,0.05,18,25,HCP,1.0,,,,100,12345
5.0,0.05,18,25,Pooling,0.96,28.780830507140962,28.780830507140962,7.984130245395255e-16,0,12345
5.0,0.05,18,25,Repeated,1.0,,,,100,12345
5.0,0.05,18,25,S-HCP-within,1.0,,,,100,12345
5.0,0.05,18,25,Std-CP,0.95,6.633011592271841,6.455806272981411,2.3007682625281287,0,12345
5.0,0.05,18,25,Subsampling,1.0,,,,100,12345
5.0,0.05,18,30,Donor-HCP-no-within,0.97,15.934870823036661,15.570842497998486,7.402010749040973,0,12345
5.0,0.05,18,30,Donor-HCP-within,1.0,,,,100,12345
5.0,0.05,18,30,HCP,1.0,,,,100,12345
5.0,0.05,18,30,Pooling,0.96,28.780830507140962,28.780830507140962,7.984130245395255e-16,0,12345
5.0,0.05,18,30,Repeated,1.0,,,,100,12345
5.0,0.05,18,30,S-HCP-within,1.0,,,,100,12345
5.0,0.05,18,30,Std-CP,0.93,6.910627966049556,6.716758114290396,2.401939743924904,0,12345
5.0,0.05,18,30,Subsampling,1.0,,,,100,12345
5.0,0.05,18,35,Donor-HCP-no-within,0.97,16.092832464570012,15.97179865998164,7.454436275087096,0,12345
5.0,0.05,18,35,Donor-HCP-within,1.0,,,,100,12345
5.0,0.05,18,35,HCP,1.0,,,,100,12345
5.0,0.05,18,35,Pooling,0.96,28.780830507140962,28.780830507140962,7.984130245395255e-16,0,12345
5.0,0.05,18,35,Repeated,1.0,,,,100,12345
5.0,0.05,18,35,S-HCP-within,1.0,,,,100,12345
5.0,0.05,18,35,Std-CP,0.92,6.708363222120609,6.414619057661284,2.279071658215758,0,12345
5.0,0.05,18,35,Subsampling,1.0,,,,100,12345
5.0,0.05,19,0,Donor-HCP-no-within,1.0,,,,100,12345
5.0,0.05,19,0,Donor-HCP-within,1.0,,,,100,12345
5.0,0.05,19,0,HCP,1.0,,,,100,12345
5.0,0.05,19,0,Pooling,0.77,21.212478729657803,21.212478729657807,2.8115023806061374e-15,0,12345
5.0,0.05,19,0,Repeated,1.0,,,,100,12345
5.0,0.05,19,0,S-HCP-within,1.0,,,,100,12345
5.0,0.05,19,0,Std-CP,1.0,,,,100,12345
5.0,0.05,19,0,Subsampling,1.0,,,,100,12345
5.0,0.05,19,5,Donor-HCP-no-within,1.0,,,,100,12345
5.0,0.05,19,5,Donor-HCP-within,1.0,,,,100,12345
5.0,0.05,19,5,HCP,1.0,,,,100,12345
5.0,0.05,19,5,Pooling,0.77,21.212478729657803,21.212478729657807,2.8115023806061374e-15,0,12345
5.0,0.05,19,5,Repeated,1.0,,,,100,12345
5.0,0.05,19,5,S-HCP-within,0.87,23.27285603945388,22.65033288347656,4.216848981911811,0,12345
5.0,0.05,19,5,Std-CP,0.74,5.824834773108563,4.968179835197298,3.8207233183529152,0,12345
5.0,0.05,19,5,Subsampling,1.0,,,,100,12345
5.0,0.05,19,10,Donor-HCP-no-within,0.99,29.130156396500915,28.010723505598627,6.289876092531819,0,12345
5.0,0.05,19,10,Donor-HCP-within,1.0,,,,100,12345
5.0,0.05,19,10,HCP,1.0,,,,100,12345
5.0,0.05,19,10,Pooling,0.77,21.212478729657803,21.212478729657807,2.8115023806061374e-15,0,12345
5.0,0.05,19,10,Repeated,1.0,,,,100,12345
5.0,0.05,19,10,S-HCP-within,0.89,23.01395059212121,21.85480650146374,4.009013982600268,0,12345
5.0,0.05,19,10,Std-CP,0.86,17.058183835177022,9.442194311932717,18.019581473616498,0,12345
5.0,0.05,19,10,Subsampling,1.0,,,,100,12345
5.0,0.05,19,15,Donor-HCP-no-within,0.93,26.167903834358455,24.68935714066843,5.610127335491954,0,12345
5.0,0.05,19,15,Donor-HCP-within,0.97,18.90935289020808,18.249654770226,3.2103240299020888,0,12345
5.0,0.05,19,15,HCP,1.0,,,,100,12345
5.0,0.05,19,15,Pooling,0.77,21.212478729657803,21.212478729657807,2.8115023806061374e-15,0,12345
5.0,0.05,19,15,Repeated,1.0,,,,100,12345
5.0,0.05,19,15,S-HCP-within,0.89,23.040081619626957,21.647701022548866,3.9215521854462643,0,12345
5.0,0.05,19,15,Std-CP,0.86,9.237577717248731,7.629192636404603,6.760513012358988,0,12345
5.0,0.05,19,15,Subsampling,1.0,,,,100,12345
5.0,0.05,19,20,Donor-HCP-no-within,0.85,24.696933077354355,23.056023406546487,5.463160128153544,0,12345
5.0,0.05,19,20,Donor-HCP-within,0.85,13.100025898739313,12.413624141614733,2.9049911053835795,0,12345
5.0,0.05,19,20,HCP,1.0,,,,100,12345
5.0,0.05,19,20,Pooling,0.77,21.212478729657803,21.212478729657807,2.8115023806061374e-15,0,12345
5.0,0.05,19,20,Repeated,1.0,,,,100,12345
5.0,0.05,19,20,S-HCP-within,0.87,22.4498066942575,21.385299687760934,3.783142648966895,0,12345
5.0,0.05,19,20,Std-CP,0.86,6.878972917386834,6.27565329643763,2.967261364048021,0,12345
5.0,0.05,19,20,Subsampling,1.0,,,,100,12345
5.0,0.05,19,25,Donor-HCP-no-within,0.93,18.39308236971,17.14340505265438,7.668909300967976,0,12345
5.0,0.05,19,25,Donor-HCP-within,1.0,,,,100,12345
5.0,0.05,19,25,HCP,1.0,,,,100,12345
5.0,0.05,19,25,Pooling,0.77,21.212478729657803,21.212478729657807,2.8115023806061374e-15,0,12345
5.0,0.05,19,25,Repeated,1.0,,,,100,12345
5.0,0.05,19,25,S-HCP-within,1.0,,,,100,12345
5.0,0.05,19,25,Std-CP,0.93,6.888181540411548,6.5593487147544725,2.5599685651968507,0,12345
5.0,0.05,19,25,Subsampling,1.0,,,,100,12345
5.0,0.05,19,30,Donor-HCP-no-within,0.93,18.713567660692412,17.49458114191768,7.561641493254111,0,12345
5.0,0.05,19,30,Donor-HCP-within,1.0,,,,100,12345
5.0,0.05,19,30,HCP,1.0,,,,100,12345
5.0,0.05,19,30,Pooling,0.77,21.212478729657803,21.212478729657807,2.8115023806061374e-15,0,12345
5.0,0.05,19,30,Repeated,1.0,,,,100,12345
5.0,0.05,19,30,S-HCP-within,1.0,,,,100,12345
5.0,0.05,19,30,Std-CP,0.89,6.139159095674506,5.837889645459118,1.8763787897843744,0,12345
5.0,0.05,19,30,Subsampling,1.0,,,,100,12345
5.0,0.05,19,35,Donor-HCP-no-within,0.94,18.86515214578104,17.49458114191768,7.451439071391872,0,12345
5.0,0.05,19,35,Donor-HCP-within,1.0,,,,100,12345
5.0,0.05,19,35,HCP,1.0,,,,100,12345
5.0,0.05,19,35,Pooling,0.77,21.212478729657803,21.212478729657807,2.8115023806061374e-15,0,12345
5.0,0.05,19,35,Repeated,1.0,,,,100,12345
5.0,0.05,19,35,S-HCP-within,1.0,,,,100,12345
5.0,0.05,19,35,Std-CP,0.95,6.489884394838544,6.231891784939004,1.8902500568921392,0,12345
5.0,0.05,19,35,Subsampling,1.0,,,,100,12345
5.0,0.05,20,0,Donor-HCP-no-within,1.0,,,,100,12345
5.0,0.05,20,0,Donor-HCP-within,1.0,,,,100,12345
5.0,0.05,20,0,HCP,1.0,,,,100,12345
5.0,0.05,20,0,Pooling,0.83,18.985231641497833,18.985231641497833,0.0,0,12345
5.0,0.05,20,0,Repeated,1.0,,,,100,12345
5.0,0.05,20,0,S-HCP-within,1.0,,,,100,12345
5.0,0.05,20,0,Std-CP,1.0,,,,100,12345
5.0,0.05,20,0,Subsampling,1.0,,,,100,12345
5.0,0.05,20,5,Donor-HCP-no-within,1.0,,,,100,12345
5.0,0.05,20,5,Donor-HCP-within,1.0,,,,100,12345
5.0,0.05,20,5,HCP,1.0,,,,100,12345
5.0,0.05,20,5,Pooling,0.83,18.985231641497833,18.985231641497833,0.0,0,12345
5.0,0.05,20,5,Repeated,1.0,,,,100,12345
5.0,0.05,20,5,S-HCP-within,0.91,21.75158784110845,21.307345583873712,2.289450227892689,0,12345
5.0,0.05,20,5,Std-CP,0.75,6.173428459053971,4.91497167987238,4.97981552668881,0,12345
5.0,0.05,20,5,Subsampling,1.0,,,,100,12345
5.0,0.05,20,10,Donor-HCP-no-within,0.99,28.13521913866466,26.717735053221116,5.104929532718632,0,12345
5.0,0.05,20,10,Donor-HCP-within,1.0,,,,100,12345
5.0,0.05,20,10,HCP,1.0,,,,100,12345
5.0,0.05,20,10,Pooling,0.83,18.985231641497833,18.985231641497833,0.0,0,12345
5.0,0.05,20,10,Repeated,1.0,,,,100,12345
5.0,0.05,20,10,S-HCP-within,0.9,21.393326184808835,21.254379737649415,2.172429356177543,0,12345
5.0,0.05,20,10,Std-CP,0.82,27.890053025009934,13.011519254585824,51.53218444845215,0,12345
5.0,0.05,20,10,Subsampling,1.0,,,,100,12345
5.0,0.05,20,15,Donor-HCP-no-within,0.97,25.013570110005148,23.664811441129494,4.040691185861856,0,12345
5.0,0.05,20,15,Donor-HCP-within,0.98,17.968834631962125,17.658414033546805,1.863889904298751,0,12345
5.0,0.05,20,15,HCP,1.0,,,,100,12345
5.0,0.05,20,15,Pooling,0.83,18.985231641497833,18.985231641497833,0.0,0,12345
5.0,0.05,20,15,Repeated,1.0,,,,100,12345
5.0,0.05,20,15,S-HCP-within,0.91,21.817041665750793,21.254379737649415,2.3183806605171617,0,12345
5.0,0.05,20,15,Std-CP,0.92,9.249546257898313,7.690897858589704,5.694950934821381,0,12345
5.0,0.05,20,15,Subsampling,1.0,,,,100,12345
5.0,0.05,20,20,Donor-HCP-no-within,0.96,23.014310953795498,21.5957487430316,3.6823680938460623,0,12345
5.0,0.05,20,20,Donor-HCP-within,0.95,13.25603801455652,12.455378589438524,2.171365040655934,0,12345
5.0,0.05,20,20,HCP,1.0,,,,100,12345
5.0,0.05,20,20,Pooling,0.83,18.985231641497833,18.985231641497833,0.0,0,12345
5.0,0.05,20,20,Repeated,1.0,,,,100,12345
5.0,0.05,20,20,S-HCP-within,0.91,21.38449035189017,20.68811347022011,1.9927923040805544,0,12345
5.0,0.05,20,20,Std-CP,0.88,7.096735382771301,6.546748225904729,2.747999303185512,0,12345
5.0,0.05,20,20,Subsampling,1.0,,,,100,12345
5.0,0.05,20,25,Donor-HCP-no-within,0.97,14.863599843946526,13.299877297919846,7.772513773604222,0,12345
5.0,0.05,20,25,Donor-HCP-within,1.0,,,,100,12345
5.0,0.05,20,25,HCP,1.0,,,,100,12345
5.0,0.05,20,25,Pooling,0.83,18.985231641497833,18.985231641497833,0.0,0,12345
5.0,0.05,20,25,Repeated,1.0,,,,100,12345
5.0,0.05,20,25,S-HCP-within,1.0,,,,100,12345
5.0,0.05,20,25,Std-CP,0.91,6.896500126180801,6.695390151619209,2.47664992183949,0,12345
5.0,0.05,20,25,Subsampling,1.0,,,,100,12345
5.0,0.05,20,30,Donor-HCP-no-within,0.97,14.981884046642955,13.299877297919846,7.792229015920598,0,12345
5.0,0.05,20,30,Donor-HCP-within,1.0,,,,100,12345
5.0,0.05,20,30,HCP,1.0,,,,100,12345
5.0,0.05,20,30,Pooling,0.83,18.985231641497833,18.985231641497833,0.0,0,12345
5.0,0.05,20,30,Repeated,1.0,,,,100,12345
5.0,0.05,20,30,S-HCP-within,1.0,,,,100,12345
5.0,0.05,20,30,Std-CP,0.93,6.426549931655197,6.109629967636671,1.8501855658516062,0,12345
5.0,0.05,20,30,Subsampling,1.0,,,,100,12345
5.0,0.05,20,35,Donor-HCP-no-within,0.97,15.158199898875832,13.562039930048975,7.773128925916375,0,12345
5.0,0.05,20,35,Donor-HCP-within,1.0,,,,100,12345
5.0,0.05,20,35,HCP,1.0,,,,100,12345
5.0,0.05,20,35,Pooling,0.83,18.985231641497833,18.985231641497833,0.0,0,12345
5.0,0.05,20,35,Repeated,1.0,,,,100,12345
5.0,0.05,20,35,S-HCP-within,1.0,,,,100,12345
5.0,0.05,20,35,Std-CP,0.91,6.673835512166108,6.691954506979558,2.040362977363836,0,12345
5.0,0.05,20,35,Subsampling,1.0,,,,100,12345
5.0,0.05,21,0,Donor-HCP-no-within,1.0,,,,100,12345
5.0,0.05,21,0,Donor-HCP-within,1.0,,,,100,12345
5.0,0.05,21,0,HCP,1.0,,,,100,12345
5.0,0.05,21,0,Pooling,0.86,20.990798970377362,20.990798970377366,2.76578384785439e-15,0,12345
5.0,0.05,21,0,Repeated,1.0,,,,100,12345
5.0,0.05,21,0,S-HCP-within,1.0,,,,100,12345
5.0,0.05,21,0,Std-CP,1.0,,,,100,12345
5.0,0.05,21,0,Subsampling,1.0,,,,100,12345
5.0,0.05,21,5,Donor-HCP-no-within,1.0,,,,100,12345
5.0,0.05,21,5,Donor-HCP-within,1.0,,,,100,12345
5.0,0.05,21,5,HCP,1.0,,,,100,12345
5.0,0.05,21,5,Pooling,0.86,20.990798970377362,20.990798970377366,2.76578384785439e-15,0,12345
5.0,0.05,21,5,Repeated,1.0,,,,100,12345
5.0,0.05,21,5,S-HCP-within,0.97,37.92295725809833,37.94906566626554,0.8234221513167553,0,12345
5.0,0.05,21,5,Std-CP,0.8,5.76044558404117,5.107435474189598,3.2258884792616986,0,12345
5.0,0.05,21,5,Subsampling,1.0,,,,100,12345
5.0,0.05,21,10,Donor-HCP-no-within,0.99,28.903970810268596,29.24166043060145,1.3077990403759028,0,12345
5.0,0.05,21,10,Donor-HCP-within,1.0,,,,100,12345
5.0,0.05,21,10,HCP,1.0,,,,100,12345
5.0,0.05,21,10,Pooling,0.86,20.990798970377362,20.990798970377366,2.76578384785439e-15,0,12345
5.0,0.05,21,10,Repeated,1.0,,,,100,12345
5.0,0.05,21,10,S-HCP-within,0.97,37.8682810724318,37.94906566626553,0.6791118679249885,0,12345
5.0,0.05,21,10,Std-CP,0.84,109.4474645298629,13.93370157882216,503.0604373289515,0,12345
5.0,0.05,21,10,Subsampling,1.0,,,,100,12345
5.0,0.05,21,15,Donor-HCP-no-within,0.98,24.949924001597942,25.32210596261474,1.7688241020541104,0,12345
5.0,0.05,21,15,Donor-HCP-within,0.99,21.075498247777876,21.77995243054473,1.3492066914225074,0,12345
5.0,0.05,21,15,HCP,1.0,,,,100,12345
5.0,0.05,21,15,Pooling,0.86,20.990798970377362,20.990798970377366,2.76578384785439e-15,0,12345
5.0,0.05,21,15,Repeated,1.0,,,,100,12345
5.0,0.05,21,15,S-HCP-within,0.98,37.970608205036896,37.99290415027929,0.5251850898053733,0,12345
5.0,0.05,21,15,Std-CP,0.9,8.855077392077783,7.43766526141429,5.789940822681352,0,12345
5.0,0.05,21,15,Subsampling,1.0,,,,100,12345
5.0,0.05,21,20,Donor-HCP-no-within,0.94,24.075904751092608,24.759435797111493,1.7967992991685575,0,12345
5.0,0.05,21,20,Donor-HCP-within,0.98,15.853898618907667,16.688103128332248,1.583659715598281,0,12345
5.0,0.05,21,20,HCP,1.0,,,,100,12345
5.0,0.05,21,20,Pooling,0.86,20.990798970377362,20.990798970377366,2.76578384785439e-15,0,12345
5.0,0.05,21,20,Repeated,1.0,,,,100,12345
5.0,0.05,21,20,S-HCP-within,0.98,37.55874835006727,37.72653467249677,0.468896587875117,0,12345
5.0,0.05,21,20,Std-CP,0.95,7.1703982174396454,6.655323180921672,2.9679641035651247,0,12345
5.0,0.05,21,20,Subsampling,1.0,,,,100,12345
5.0,0.05,21,25,Donor-HCP-no-within,0.93,17.957032235002533,16.542394846167156,8.545826731217398,0,12345
5.0,0.05,21,25,Donor-HCP-within,1.0,,,,100,12345
5.0,0.05,21,25,HCP,1.0,,,,100,12345
5.0,0.05,21,25,Pooling,0.86,20.990798970377362,20.990798970377366,2.76578384785439e-15,0,12345
5.0,0.05,21,25,Repeated,1.0,,,,100,12345
5.0,0.05,21,25,S-HCP-within,1.0,,,,100,12345
5.0,0.05,21,25,Std-CP,0.99,7.0642070065179015,6.541186567812781,2.5082313715331117,0,12345
5.0,0.05,21,25,Subsampling,1.0,,,,100,12345
5.0,0.05,21,30,Donor-HCP-no-within,0.94,18.201890832308337,16.542394846167156,8.53370135156462,0,12345
5.0,0.05,21,30,Donor-HCP-within,1.0,,,,100,12345
5.0,0.05,21,30,HCP,1.0,,,,100,12345
5.0,0.05,21,30,Pooling,0.86,20.990798970377362,20.990798970377366,2.76578384785439e-15,0,12345
5.0,0.05,21,30,Repeated,1.0,,,,100,12345
5.0,0.05,21,30,S-HCP-within,1.0,,,,100,12345
5.0,0.05,21,30,Std-CP,0.95,6.524181582076685,6.449704738585562,1.754131988476353,0,12345
5.0,0.05,21,30,Subsampling,1.0,,,,100,12345
5.0,0.05,21,35,Donor-HCP-no-within,0.94,18.373499110425968,16.931012420242098,8.512822509163438,0,12345
5.0,0.05,21,35,Donor-HCP-within,1.0,,,,100,12345
5.0,0.05,21,35,HCP,1.0,,,,100,12345
5.0,0.05,21,35,Pooling,0.86,20.990798970377362,20.990798970377366,2.76578384785439e-15,0,12345
5.0,0.05,21,35,Repeated,1.0,,,,100,12345
5.0,0.05,21,35,S-HCP-within,1.0,,,,100,12345
5.0,0.05,21,35,Std-CP,0.97,6.272724509525927,6.221324152769217,1.8830827525273426,0,12345
5.0,0.05,21,35,Subsampling,1.0,,,,100,12345
5.0,0.05,22,0,Donor-HCP-no-within,1.0,,,,100,12345
5.0,0.05,22,0,Donor-HCP-within,1.0,,,,100,12345
5.0,0.05,22,0,HCP,1.0,,,,100,12345
5.0,0.05,22,0,Pooling,0.91,28.96639900883064,28.966399008830642,1.1842378929335002e-15,0,12345
5.0,0.05,22,0,Repeated,1.0,,,,100,12345
5.0,0.05,22,0,S-HCP-within,1.0,,,,100,12345
5.0,0.05,22,0,Std-CP,1.0,,,,100,12345
5.0,0.05,22,0,Subsampling,1.0,,,,100,12345
5.0,0.05,22,5,Donor-HCP-no-within,1.0,,,,100,12345
5.0,0.05,22,5,Donor-HCP-within,1.0,,,,100,12345
5.0,0.05,22,5,HCP,1.0,,,,100,12345
5.0,0.05,22,5,Pooling,0.91,28.96639900883064,28.966399008830642,1.1842378929335002e-15,0,12345
5.0,0.05,22,5,Repeated,1.0,,,,100,12345
5.0,0.05,22,5,S-HCP-within,0.97,37.60821255601258,36.826741090216615,4.78801182992638,0,12345
5.0,0.05,22,5,Std-CP,0.8,7.0532859194332245,4.90161456663332,8.33026737419237,0,12345
5.0,0.05,22,5,Subsampling,1.0,,,,100,12345
5.0,0.05,22,10,Donor-HCP-no-within,1.0,38.92766533819581,38.647127086644915,3.4105246818435644,0,12345
5.0,0.05,22,10,Donor-HCP-within,1.0,,,,100,12345
5.0,0.05,22,10,HCP,1.0,,,,100,12345
5.0,0.05,22,10,Pooling,0.91,28.96639900883064,28.966399008830642,1.1842378929335002e-15,0,12345
5.0,0.05,22,10,Repeated,1.0,,,,100,12345
5.0,0.05,22,10,S-HCP-within,0.96,36.98938228199395,35.66563252553337,4.847186952164471,0,12345
5.0,0.05,22,10,Std-CP,0.83,35.30868823421818,11.207169946197157,118.11823059613815,0,12345
5.0,0.05,22,10,Subsampling,1.0,,,,100,12345
5.0,0.05,22,15,Donor-HCP-no-within,1.0,30.292406680090366,29.89881415653297,2.2127146656740804,0,12345
5.0,0.05,22,15,Donor-HCP-within,1.0,22.404992682117257,22.15745446717822,0.8906007309784523,0,12345
5.0,0.05,22,15,HCP,1.0,,,,100,12345
5.0,0.05,22,15,Pooling,0.91,28.96639900883064,28.966399008830642,1.1842378929335002e-15,0,12345
5.0,0.05,22,15,Repeated,1.0,,,,100,12345
5.0,0.05,22,15,S-HCP-within,0.97,37.45987226921868,36.368980639062514,4.776539801942669,0,12345
5.0,0.05,22,15,Std-CP,0.91,8.320478616556203,7.409034904074914,4.459664849110836,0,12345
5.0,0.05,22,15,Subsampling,1.0,,,,100,12345
5.0,0.05,22,20,Donor-HCP-no-within,0.96,28.816233069959804,28.551061297529856,2.2298805073903103,0,12345
5.0,0.05,22,20,Donor-HCP-within,0.95,15.494907448952674,15.320548958616406,0.7791913931123913,0,12345
5.0,0.05,22,20,HCP,1.0,,,,100,12345
5.0,0.05,22,20,Pooling,0.91,28.96639900883064,28.966399008830642,1.1842378929335002e-15,0,12345
5.0,0.05,22,20,Repeated,1.0,,,,100,12345
5.0,0.05,22,20,S-HCP-within,0.96,36.59712540730988,35.15366422245047,4.493735827295166,0,12345
5.0,0.05,22,20,Std-CP,0.9,6.903654436775813,6.113030822234212,2.8472007095229013,0,12345
5.0,0.05,22,20,Subsampling,1.0,,,,100,12345
5.0,0.05,22,25,Donor-HCP-no-within,0.96,16.67223107013269,15.20880272302232,7.88505332498028,0,12345
5.0,0.05,22,25,Donor-HCP-within,1.0,,,,100,12345
5.0,0.05,22,25,HCP,1.0,,,,100,12345
5.0,0.05,22,25,Pooling,0.91,28.96639900883064,28.966399008830642,1.1842378929335002e-15,0,12345
5.0,0.05,22,25,Repeated,1.0,,,,100,12345
5.0,0.05,22,25,S-HCP-within,1.0,,,,100,12345
5.0,0.05,22,25,Std-CP,0.93,6.89203167477657,6.5305113304606985,2.6421672575428703,0,12345
5.0,0.05,22,25,Subsampling,1.0,,,,100,12345
5.0,0.05,22,30,Donor-HCP-no-within,0.97,16.91851479958583,15.290565126323234,7.825649199025139,0,12345
5.0,0.05,22,30,Donor-HCP-within,1.0,,,,100,12345
5.0,0.05,22,30,HCP,1.0,,,,100,12345
5.0,0.05,22,30,Pooling,0.91,28.96639900883064,28.966399008830642,1.1842378929335002e-15,0,12345
5.0,0.05,22,30,Repeated,1.0,,,,100,12345
5.0,0.05,22,30,S-HCP-within,1.0,,,,100,12345
5.0,0.05,22,30,Std-CP,0.96,6.5358014455267,6.5858478597663925,2.0199609613910505,0,12345
5.0,0.05,22,30,Subsampling,1.0,,,,100,12345
5.0,0.05,22,35,Donor-HCP-no-within,0.98,17.112090680146736,15.92042772513873,7.8086336995618755,0,12345
5.0,0.05,22,35,Donor-HCP-within,1.0,,,,100,12345
5.0,0.05,22,35,HCP,1.0,,,,100,12345
5.0,0.05,22,35,Pooling,0.91,28.96639900883064,28.966399008830642,1.1842378929335002e-15,0,12345
5.0,0.05,22,35,Repeated,1.0,,,,100,12345
5.0,0.05,22,35,S-HCP-within,1.0,,,,100,12345
5.0,0.05,22,35,Std-CP,0.97,6.503632881256266,6.244852709067447,2.00640522359598,0,12345
5.0,0.05,22,35,Subsampling,1.0,,,,100,12345
5.0,0.05,23,0,Donor-HCP-no-within,1.0,,,,100,12345
5.0,0.05,23,0,Donor-HCP-within,1.0,,,,100,12345
5.0,0.05,23,0,HCP,1.0,,,,100,12345
5.0,0.05,23,0,Pooling,0.94,20.247728894192974,20.247728894192974,9.44695030608341e-16,0,12345
5.0,0.05,23,0,Repeated,1.0,,,,100,12345
5.0,0.05,23,0,S-HCP-within,1.0,,,,100,12345
5.0,0.05,23,0,Std-CP,1.0,,,,100,12345
5.0,0.05,23,0,Subsampling,1.0,,,,100,12345
5.0,0.05,23,5,Donor-HCP-no-within,1.0,,,,100,12345
5.0,0.05,23,5,Donor-HCP-within,1.0,,,,100,12345
5.0,0.05,23,5,HCP,1.0,,,,100,12345
5.0,0.05,23,5,Pooling,0.94,20.247728894192974,20.247728894192974,9.44695030608341e-16,0,12345
5.0,0.05,23,5,Repeated,1.0,,,,100,12345
5.0,0.05,23,5,S-HCP-within,0.87,18.2983574011277,17.253111089890673,4.58873457514488,0,12345
5.0,0.05,23,5,Std-CP,0.77,6.487589828668685,4.845481489686039,5.117531257965196,0,12345
5.0,0.05,23,5,Subsampling,1.0,,,,100,12345
5.0,0.05,23,10,Donor-HCP-no-within,1.0,29.62581808956086,29.85825934640356,3.274975219729614,0,12345
5.0,0.05,23,10,Donor-HCP-within,1.0,,,,100,12345
5.0,0.05,23,10,HCP,1.0,,,,100,12345
5.0,0.05,23,10,Pooling,0.94,20.247728894192974,20.247728894192974,9.44695030608341e-16,0,12345
5.0,0.05,23,10,Repeated,1.0,,,,100,12345
5.0,0.05,23,10,S-HCP-within,0.85,18.297303124576757,17.253111089890673,4.174752019491885,0,12345
5.0,0.05,23,10,Std-CP,0.88,24.03595113031162,12.610608945460225,37.30031884083038,0,12345
5.0,0.05,23,10,Subsampling,1.0,,,,100,12345
5.0,0.05,23,15,Donor-HCP-no-within,0.98,22.93392258926415,23.039161610813657,3.6225557431349626,0,12345
5.0,0.05,23,15,Donor-HCP-within,1.0,18.049319701762556,17.822207615250942,1.9170551243853364,0,12345
5.0,0.05,23,15,HCP,1.0,,,,100,12345
5.0,0.05,23,15,Pooling,0.94,20.247728894192974,20.247728894192974,9.44695030608341e-16,0,12345
5.0,0.05,23,15,Repeated,1.0,,,,100,12345
5.0,0.05,23,15,S-HCP-within,0.88,18.27560908654967,16.569910840558656,4.455623677477443,0,12345
5.0,0.05,23,15,Std-CP,0.92,11.152707425769997,7.459976379619213,14.84498407527487,0,12345
5.0,0.05,23,15,Subsampling,1.0,,,,100,12345
5.0,0.05,23,20,Donor-HCP-no-within,0.98,20.811106474794236,20.35619554944728,3.256093623548778,0,12345
5.0,0.05,23,20,Donor-HCP-within,0.97,12.41102284966827,12.062299321097406,1.4097194268246354,0,12345
5.0,0.05,23,20,HCP,1.0,,,,100,12345
5.0,0.05,23,20,Pooling,0.94,20.247728894192974,20.247728894192974,9.44695030608341e-16,0,12345
5.0,0.05,23,20,Repeated,1.0,,,,100,12345
5.0,0.05,23,20,S-HCP-within,0.87,17.950685918223442,16.401810255240527,4.441596467628781,0,12345
5.0,0.05,23,20,Std-CP,0.91,6.693287925367352,6.199501489176436,2.6255600096736473,0,12345
5.0,0.05,23,20,Subsampling,1.0,,,,100,12345
5.0,0.05,23,25,Donor-HCP-no-within,0.97,15.245457622252712,13.585011807624976,7.525559453704805,0,12345
5.0,0.05,23,25,Donor-HCP-within,1.0,,,,100,12345
5.0,0.05,23,25,HCP,1.0,,,,100,12345
5.0,0.05,23,25,Pooling,0.94,20.247728894192974,20.247728894192974,9.44695030608341e-16,0,12345
5.0,0.05,23,25,Repeated,1.0,,,,100,12345
5.0,0.05,23,25,S-HCP-within,1.0,,,,100,12345
5.0,0.05,23,25,Std-CP,0.93,6.647317298451887,6.083023265250423,2.701652426762028,0,12345
5.0,0.05,23,25,Subsampling,1.0,,,,100,12345
5.0,0.05,23,30,Donor-HCP-no-within,0.98,15.53418624777106,15.155614481511694,7.49216553211537,0,12345
5.0,0.05,23,30,Donor-HCP-within,1.0,,,,100,12345
5.0,0.05,23,30,HCP,1.0,,,,100,12345
5.0,0.05,23,30,Pooling,0.94,20.247728894192974,20.247728894192974,9.44695030608341e-16,0,12345
5.0,0.05,23,30,Repeated,1.0,,,,100,12345
5.0,0.05,23,30,S-HCP-within,1.0,,,,100,12345
5.0,0.05,23,30,Std-CP,0.95,6.444940464089599,5.95253147796592,2.018113163391847,0,12345
5.0,0.05,23,30,Subsampling,1.0,,,,100,12345
5.0,0.05,23,35,Donor-HCP-no-within,0.98,15.619236303873027,15.155614481511694,7.511376445207001,0,12345
5.0,0.05,23,35,Donor-HCP-within,1.0,,,,100,12345
5.0,0.05,23,35,HCP,1.0,,,,100,12345
5.0,0.05,23,35,Pooling,0.94,20.247728894192974,20.247728894192974,9.44695030608341e-16,0,12345
5.0,0.05,23,35,Repeated,1.0,,,,100,12345
5.0,0.05,23,35,S-HCP-within,1.0,,,,100,12345
5.0,0.05,23,35,Std-CP,0.97,6.467965511290076,6.344877073110538,2.014257075941646,0,12345
5.0,0.05,23,35,Subsampling,1.0,,,,100,12345
5.0,0.05,24,0,Donor-HCP-no-within,1.0,,,,100,12345
5.0,0.05,24,0,Donor-HCP-within,1.0,,,,100,12345
5.0,0.05,24,0,HCP,1.0,,,,100,12345
5.0,0.05,24,0,Pooling,0.66,17.428616504283518,17.428616504283518,1.1291265276791196e-15,0,12345
5.0,0.05,24,0,Repeated,1.0,,,,100,12345
5.0,0.05,24,0,S-HCP-within,1.0,,,,100,12345
5.0,0.05,24,0,Std-CP,1.0,,,,100,12345
5.0,0.05,24,0,Subsampling,1.0,,,,100,12345
5.0,0.05,24,5,Donor-HCP-no-within,1.0,,,,100,12345
5.0,0.05,24,5,Donor-HCP-within,1.0,,,,100,12345
5.0,0.05,24,5,HCP,1.0,,,,100,12345
5.0,0.05,24,5,Pooling,0.66,17.428616504283518,17.428616504283518,1.1291265276791196e-15,0,12345
5.0,0.05,24,5,Repeated,1.0,,,,100,12345
5.0,0.05,24,5,S-HCP-within,0.93,23.180089707246566,23.047247945779176,3.5466925126293574,0,12345
5.0,0.05,24,5,Std-CP,0.69,6.079045481811992,5.102978037921403,5.160619787695259,0,12345
5.0,0.05,24,5,Subsampling,1.0,,,,100,12345
5.0,0.05,24,10,Donor-HCP-no-within,0.98,29.33868389168599,28.876573923343813,8.687251078786211,0,12345
5.0,0.05,24,10,Donor-HCP-within,1.0,,,,100,12345
5.0,0.05,24,10,HCP,1.0,,,,100,12345
5.0,0.05,24,10,Pooling,0.66,17.428616504283518,17.428616504283518,1.1291265276791196e-15,0,12345
5.0,0.05,24,10,Repeated,1.0,,,,100,12345
5.0,0.05,24,10,S-HCP-within,0.93,23.06845286545757,22.797611162258058,3.682542822398789,0,12345
5.0,0.05,24,10,Std-CP,0.82,42.86287936545984,11.331335485857625,134.52535094572673,0,12345
5.0,0.05,24,10,Subsampling,1.0,,,,100,12345
5.0,0.05,24,15,Donor-HCP-no-within,0.88,26.41052937060359,25.926625860064767,7.774026464976052,0,12345
5.0,0.05,24,15,Donor-HCP-within,0.93,19.360837938838294,19.88171923929201,4.330903438648344,0,12345
5.0,0.05,24,15,HCP,1.0,,,,100,12345
5.0,0.05,24,15,Pooling,0.66,17.428616504283518,17.428616504283518,1.1291265276791196e-15,0,12345
5.0,0.05,24,15,Repeated,1.0,,,,100,12345
5.0,0.05,24,15,S-HCP-within,0.94,23.229326182835187,22.797611162258058,3.188096950674333,0,12345
5.0,0.05,24,15,Std-CP,0.87,9.45179085240623,8.035665215530429,8.337058806437962,0,12345
5.0,0.05,24,15,Subsampling,1.0,,,,100,12345
5.0,0.05,24,20,Donor-HCP-no-within,0.79,24.637161783912347,24.578276138299408,6.767324241456652,0,12345
5.0,0.05,24,20,Donor-HCP-within,0.88,14.68434635994415,14.569125233065487,2.891889948842152,0,12345
5.0,0.05,24,20,HCP,1.0,,,,100,12345
5.0,0.05,24,20,Pooling,0.66,17.428616504283518,17.428616504283518,1.1291265276791196e-15,0,12345
5.0,0.05,24,20,Repeated,1.0,,,,100,12345
5.0,0.05,24,20,S-HCP-within,0.92,22.622446932809584,22.183696736758836,2.9930510765481375,0,12345
5.0,0.05,24,20,Std-CP,0.91,6.604879745356134,6.234047139624348,2.776838287207361,0,12345
5.0,0.05,24,20,Subsampling,1.0,,,,100,12345
5.0,0.05,24,25,Donor-HCP-no-within,0.96,18.892955876588243,17.66603723794671,8.35624530630407,0,12345
5.0,0.05,24,25,Donor-HCP-within,1.0,,,,100,12345
5.0,0.05,24,25,HCP,1.0,,,,100,12345
5.0,0.05,24,25,Pooling,0.66,17.428616504283518,17.428616504283518,1.1291265276791196e-15,0,12345
5.0,0.05,24,25,Repeated,1.0,,,,100,12345
5.0,0.05,24,25,S-HCP-within,1.0,,,,100,12345
5.0,0.05,24,25,Std-CP,0.91,6.579542473974877,6.3408800875952664,2.086977915368708,0,12345
5.0,0.05,24,25,Subsampling,1.0,,,,100,12345
5.0,0.05,24,30,Donor-HCP-no-within,0.96,19.12962320047568,17.896350497461654,8.263273627011209,0,12345
5.0,0.05,24,30,Donor-HCP-within,1.0,,,,100,12345
5.0,0.05,24,30,HCP,1.0,,,,100,12345
5.0,0.05,24,30,Pooling,0.66,17.428616504283518,17.428616504283518,1.1291265276791196e-15,0,12345
5.0,0.05,24,30,Repeated,1.0,,,,100,12345
5.0,0.05,24,30,S-HCP-within,1.0,,,,100,12345
5.0,0.05,24,30,Std-CP,0.93,6.3438993692051655,5.923773219357232,1.9527535222164905,0,12345
5.0,0.05,24,30,Subsampling,1.0,,,,100,12345
5.0,0.05,24,35,Donor-HCP-no-within,0.96,19.28381730361665,18.227778715710443,8.214589189687088,0,12345
5.0,0.05,24,35,Donor-HCP-within,1.0,,,,100,12345
5.0,0.05,24,35,HCP,1.0,,,,100,12345
5.0,0.05,24,35,Pooling,0.66,17.428616504283518,17.428616504283518,1.1291265276791196e-15,0,12345
5.0,0.05,24,35,Repeated,1.0,,,,100,12345
5.0,0.05,24,35,S-HCP-within,1.0,,,,100,12345
5.0,0.05,24,35,Std-CP,0.91,6.538904056968156,6.292009862815659,1.8605289819888722,0,12345
5.0,0.05,24,35,Subsampling,1.0,,,,100,12345
5.0,0.05,25,0,Donor-HCP-no-within,1.0,,,,100,12345
5.0,0.05,25,0,Donor-HCP-within,1.0,,,,100,12345
5.0,0.05,25,0,HCP,1.0,,,,100,12345
5.0,0.05,25,0,Pooling,0.99,44.56945218214187,44.56945218214187,0.0,0,12345
5.0,0.05,25,0,Repeated,1.0,,,,100,12345
5.0,0.05,25,0,S-HCP-within,1.0,,,,100,12345
5.0,0.05,25,0,Std-CP,1.0,,,,100,12345
5.0,0.05,25,0,Subsampling,1.0,,,,100,12345
5.0,0.05,25,5,Donor-HCP-no-within,1.0,,,,100,12345
5.0,0.05,25,5,Donor-HCP-within,1.0,,,,100,12345
5.0,0.05,25,5,HCP,1.0,,,,100,12345
5.0,0.05,25,5,Pooling,0.99,44.56945218214187,44.56945218214187,0.0,0,12345
5.0,0.05,25,5,Repeated,1.0,,,,100,12345
5.0,0.05,25,5,S-HCP-within,0.99,25.76265924261369,25.940345524271457,1.8690009051847958,0,12345
5.0,0.05,25,5,Std-CP,0.78,6.174305427598097,5.096480240496119,4.293365575688463,0,12345
5.0,0.05,25,5,Subsampling,1.0,,,,100,12345
5.0,0.05,25,10,Donor-HCP-no-within,0.98,46.14960020785231,34.21586685954932,20.528104385701635,0,12345
5.0,0.05,25,10,Donor-HCP-within,1.0,,,,100,12345
5.0,0.05,25,10,HCP,1.0,,,,100,12345
5.0,0.05,25,10,Pooling,0.99,44.56945218214187,44.56945218214187,0.0,0,12345
5.0,0.05,25,10,Repeated,1.0,,,,100,12345
5.0,0.05,25,10,S-HCP-within,1.0,25.719994278046347,25.940345524271457,1.9145496104844262,0,12345
5.0,0.05,25,10,Std-CP,0.8,66.95175663276852,11.36699029305747,306.4076907500294,0,12345
5.0,0.05,25,10,Subsampling,1.0,,,,100,12345
5.0,0.05,25,15,Donor-HCP-no-within,0.97,40.3343889666658,32.25540020836344,18.80712085059103,0,12345
5.0,0.05,25,15,Donor-HCP-within,0.98,26.73251304636012,20.50956202499369,11.730898059950983,0,12345
5.0,0.05,25,15,HCP,1.0,,,,100,12345
5.0,0.05,25,15,Pooling,0.99,44.56945218214187,44.56945218214187,0.0,0,12345
5.0,0.05,25,15,Repeated,1.0,,,,100,12345
5.0,0.05,25,15,S-HCP-within,1.0,26.209279816436528,25.960686481988546,1.7751835290990212,0,12345
5.0,0.05,25,15,Std-CP,0.88,9.255461530320964,7.359839749987989,8.078883789121505,0,12345
5.0,0.05,25,15,Subsampling,1.0,,,,100,12345
5.0,0.05,25,20,Donor-HCP-no-within,0.98,41.85386557523411,30.139771256918635,21.92482655074101,0,12345
5.0,0.05,25,20,Donor-HCP-within,0.94,20.89646007239808,14.912474843600613,10.581362393781353,0,12345
5.0,0.05,25,20,HCP,1.0,,,,100,12345
5.0,0.05,25,20,Pooling,0.99,44.56945218214187,44.56945218214187,0.0,0,12345
5.0,0.05,25,20,Repeated,1.0,,,,100,12345
5.0,0.05,25,20,S-HCP-within,0.99,25.535555218447662,25.64987875416636,1.6558986587253153,0,12345
5.0,0.05,25,20,Std-CP,0.94,6.4109646038286074,6.1391259513799,2.291575865698661,0,12345
5.0,0.05,25,20,Subsampling,1.0,,,,100,12345
5.0,0.05,25,25,Donor-HCP-no-within,0.96,14.665927467938998,12.968245273674619,7.747562694738601,0,12345
5.0,0.05,25,25,Donor-HCP-within,1.0,,,,100,12345
5.0,0.05,25,25,HCP,1.0,,,,100,12345
5.0,0.05,25,25,Pooling,0.99,44.56945218214187,44.56945218214187,0.0,0,12345
5.0,0.05,25,25,Repeated,1.0,,,,100,12345
5.0,0.05,25,25,S-HCP-within,1.0,,,,100,12345
5.0,0.05,25,25,Std-CP,0.92,6.535527553944466,6.226729747713815,2.218024035340284,0,12345
5.0,0.05,25,25,Subsampling,1.0,,,,100,12345
5.0,0.05,25,30,Donor-HCP-no-within,0.96,14.830733689377992,13.022780953242796,7.9109840525520205,0,12345
5.0,0.05,25,30,Donor-HCP-within,1.0,,,,100,12345
5.0,0.05,25,30,HCP,1.0,,,,100,12345
5.0,0.05,25,30,Pooling,0.99,44.56945218214187,44.56945218214187,0.0,0,12345
5.0,0.05,25,30,Repeated,1.0,,,,100,12345
5.0,0.05,25,30,S-HCP-within,1.0,,,,100,12345
5.0,0.05,25,30,Std-CP,0.96,6.205797631398793,5.822358854841617,2.1575824400298522,0,12345
5.0,0.05,25,30,Subsampling,1.0,,,,100,12345
5.0,0.05,25,35,Donor-HCP-no-within,0.97,15.002190352728457,13.193738799053506,7.832887244772996,0,12345
5.0,0.05,25,35,Donor-HCP-within,1.0,,,,100,12345
5.0,0.05,25,35,HCP,1.0,,,,100,12345
5.0,0.05,25,35,Pooling,0.99,44.56945218214187,44.56945218214187,0.0,0,12345
5.0,0.05,25,35,Repeated,1.0,,,,100,12345
5.0,0.05,25,35,S-HCP-within,1.0,,,,100,12345
5.0,0.05,25,35,Std-CP,0.95,6.347052275945419,6.161160405386278,1.8803377614985606,0,12345
5.0,0.05,25,35,Subsampling,1.0,,,,100,12345
5.0,0.05,26,0,Donor-HCP-no-within,1.0,,,,100,12345
5.0,0.05,26,0,Donor-HCP-within,1.0,,,,100,12345
5.0,0.05,26,0,HCP,1.0,,,,100,12345
5.0,0.05,26,0,Pooling,0.99,41.77991434408406,41.77991434408406,0.0,0,12345
5.0,0.05,26,0,Repeated,1.0,,,,100,12345
5.0,0.05,26,0,S-HCP-within,1.0,,,,100,12345
5.0,0.05,26,0,Std-CP,1.0,,,,100,12345
5.0,0.05,26,0,Subsampling,1.0,,,,100,12345
5.0,0.05,26,5,Donor-HCP-no-within,1.0,,,,100,12345
5.0,0.05,26,5,Donor-HCP-within,1.0,,,,100,12345
5.0,0.05,26,5,HCP,1.0,,,,100,12345
5.0,0.05,26,5,Pooling,0.99,41.77991434408406,41.77991434408406,0.0,0,12345
5.0,0.05,26,5,Repeated,1.0,,,,100,12345
5.0,0.05,26,5,S-HCP-within,0.99,34.736812095629105,35.25686468350265,2.5850023926980596,0,12345
5.0,0.05,26,5,Std-CP,0.78,6.122951387260961,5.2739295033491524,3.8983833626167357,0,12345
5.0,0.05,26,5,Subsampling,1.0,,,,100,12345
5.0,0.05,26,10,Donor-HCP-no-within,1.0,55.64985176551777,52.59527805766678,9.163732027953955,0,12345
5.0,0.05,26,10,Donor-HCP-within,1.0,,,,100,12345
5.0,0.05,26,10,HCP,1.0,,,,100,12345
5.0,0.05,26,10,Pooling,0.99,41.77991434408406,41.77991434408406,0.0,0,12345
5.0,0.05,26,10,Repeated,1.0,,,,100,12345
5.0,0.05,26,10,S-HCP-within,0.97,34.363940377233554,33.93557532609755,1.905239938828171,0,12345
5.0,0.05,26,10,Std-CP,0.85,58.038414889646745,13.757086862898454,182.8741618988276,0,12345
5.0,0.05,26,10,Subsampling,1.0,,,,100,12345
5.0,0.05,26,15,Donor-HCP-no-within,0.99,49.8489366628123,48.60040078342743,6.80277403393114,0,12345
5.0,0.05,26,15,Donor-HCP-within,1.0,34.8666541464481,33.64151450498714,4.5948583478639975,0,12345
5.0,0.05,26,15,HCP,1.0,,,,100,12345
5.0,0.05,26,15,Pooling,0.99,41.77991434408406,41.77991434408406,0.0,0,12345
5.0,0.05,26,15,Repeated,1.0,,,,100,12345
5.0,0.05,26,15,S-HCP-within,0.99,34.71874389037712,33.93557532609755,1.6502091248316386,0,12345
5.0,0.05,26,15,Std-CP,0.9,8.598878078642192,7.476758909408279,5.167804838045931,0,12345
5.0,0.05,26,15,Subsampling,1.0,,,,100,12345
5.0,0.05,26,20,Donor-HCP-no-within,0.98,46.60809857155752,45.477546265236626,6.44605036027471,0,12345
5.0,0.05,26,20,Donor-HCP-within,0.99,22.634292558115476,21.772135969857324,3.378611098911586,0,12345
5.0,0.05,26,20,HCP,1.0,,,,100,12345
5.0,0.05,26,20,Pooling,0.99,41.77991434408406,41.77991434408406,0.0,0,12345
5.0,0.05,26,20,Repeated,1.0,,,,100,12345
5.0,0.05,26,20,S-HCP-within,0.98,33.62391805824599,33.396816481077245,1.5414866501222817,0,12345
5.0,0.05,26,20,Std-CP,0.94,6.933216946767485,6.352199646613734,3.101457701747497,0,12345
5.0,0.05,26,20,Subsampling,1.0,,,,100,12345
5.0,0.05,26,25,Donor-HCP-no-within,0.98,16.306760362164542,14.496067361081824,8.504017851776934,0,12345
5.0,0.05,26,25,Donor-HCP-within,1.0,,,,100,12345
5.0,0.05,26,25,HCP,1.0,,,,100,12345
5.0,0.05,26,25,Pooling,0.99,41.77991434408406,41.77991434408406,0.0,0,12345
5.0,0.05,26,25,Repeated,1.0,,,,100,12345
5.0,0.05,26,25,S-HCP-within,1.0,,,,100,12345
5.0,0.05,26,25,Std-CP,0.92,6.443196837595496,6.166622877855605,2.4447262556939804,0,12345
5.0,0.05,26,25,Subsampling,1.0,,,,100,12345
5.0,0.05,26,30,Donor-HCP-no-within,0.99,16.487576226277838,14.496067361081824,8.480069611412901,0,12345
5.0,0.05,26,30,Donor-HCP-within,1.0,,,,100,12345
5.0,0.05,26,30,HCP,1.0,,,,100,12345
5.0,0.05,26,30,Pooling,0.99,41.77991434408406,41.77991434408406,0.0,0,12345
5.0,0.05,26,30,Repeated,1.0,,,,100,12345
5.0,0.05,26,30,S-HCP-within,1.0,,,,100,12345
5.0,0.05,26,30,Std-CP,0.97,6.513993440191335,6.254148215336141,2.013526051402011,0,12345
5.0,0.05,26,30,Subsampling,1.0,,,,100,12345
5.0,0.05,26,35,Donor-HCP-no-within,0.99,16.600781795597428,14.754149495398375,8.46627891598727,0,12345
5.0,0.05,26,35,Donor-HCP-within,1.0,,,,100,12345
5.0,0.05,26,35,HCP,1.0,,,,100,12345
5.0,0.05,26,35,Pooling,0.99,41.77991434408406,41.77991434408406,0.0,0,12345
5.0,0.05,26,35,Repeated,1.0,,,,100,12345
5.0,0.05,26,35,S-HCP-within,1.0,,,,100,12345
5.0,0.05,26,35,Std-CP,0.97,6.442297225925108,6.246289339658306,1.654500797838524,0,12345
5.0,0.05,26,35,Subsampling,1.0,,,,100,12345
5.0,0.05,27,0,Donor-HCP-no-within,1.0,,,,100,12345
5.0,0.05,27,0,Donor-HCP-within,1.0,,,,100,12345
5.0,0.05,27,0,HCP,1.0,,,,100,12345
5.0,0.05,27,0,Pooling,0.93,28.076818873293828,28.076818873293828,3.1127870209614672e-15,0,12345
5.0,0.05,27,0,Repeated,1.0,,,,100,12345
5.0,0.05,27,0,S-HCP-within,1.0,,,,100,12345
5.0,0.05,27,0,Std-CP,1.0,,,,100,12345
5.0,0.05,27,0,Subsampling,1.0,,,,100,12345
5.0,0.05,27,5,Donor-HCP-no-within,1.0,,,,100,12345
5.0,0.05,27,5,Donor-HCP-within,1.0,,,,100,12345
5.0,0.05,27,5,HCP,1.0,,,,100,12345
5.0,0.05,27,5,Pooling,0.93,28.076818873293828,28.076818873293828,3.1127870209614672e-15,0,12345
5.0,0.05,27,5,Repeated,1.0,,,,100,12345
5.0,0.05,27,5,S-HCP-within,0.98,44.45381897048076,43.516735691337956,3.4959818231623183,0,12345
5.0,0.05,27,5,Std-CP,0.67,5.87297952705097,5.387700465301848,2.933092809223632,0,12345
5.0,0.05,27,5,Subsampling,1.0,,,,100,12345
5.0,0.05,27,10,Donor-HCP-no-within,0.97,32.10057701876822,32.52502801327785,3.000670803162918,0,12345
5.0,0.05,27,10,Donor-HCP-within,1.0,,,,100,12345
5.0,0.05,27,10,HCP,1.0,,,,100,12345
5.0,0.05,27,10,Pooling,0.93,28.076818873293828,28.076818873293828,3.1127870209614672e-15,0,12345
5.0,0.05,27,10,Repeated,1.0,,,,100,12345
5.0,0.05,27,10,S-HCP-within,0.98,44.30496242943043,43.149631726082575,3.080104852723642,0,12345
5.0,0.05,27,10,Std-CP,0.82,26.190826775193887,14.010183783807063,40.671019796059305,0,12345
5.0,0.05,27,10,Subsampling,1.0,,,,100,12345
5.0,0.05,27,15,Donor-HCP-no-within,0.93,29.104206447960927,29.650080255770668,2.6476241076688924,0,12345
5.0,0.05,27,15,Donor-HCP-within,0.98,21.092327256435265,21.96926334785428,2.0310828814460606,0,12345
5.0,0.05,27,15,HCP,1.0,,,,100,12345
5.0,0.05,27,15,Pooling,0.93,28.076818873293828,28.076818873293828,3.1127870209614672e-15,0,12345
5.0,0.05,27,15,Repeated,1.0,,,,100,12345
5.0,0.05,27,15,S-HCP-within,0.98,44.59490585716736,43.516735691337956,3.042761610317067,0,12345
5.0,0.05,27,15,Std-CP,0.86,9.083554288265615,7.994717736903324,5.001301114628035,0,12345
5.0,0.05,27,15,Subsampling,1.0,,,,100,12345
5.0,0.05,27,20,Donor-HCP-no-within,0.94,28.475970472563777,28.70835095362253,2.719855227253006,0,12345
5.0,0.05,27,20,Donor-HCP-within,0.96,15.559669186436638,15.92805194500059,1.9045265783870777,0,12345
5.0,0.05,27,20,HCP,1.0,,,,100,12345
5.0,0.05,27,20,Pooling,0.93,28.076818873293828,28.076818873293828,3.1127870209614672e-15,0,12345
5.0,0.05,27,20,Repeated,1.0,,,,100,12345
5.0,0.05,27,20,S-HCP-within,0.98,43.38864070540444,42.97601264345229,2.7675722475785216,0,12345
5.0,0.05,27,20,Std-CP,0.93,7.023713475069774,6.5288026123074765,2.7673246632408612,0,12345
5.0,0.05,27,20,Subsampling,1.0,,,,100,12345
5.0,0.05,27,25,Donor-HCP-no-within,0.95,15.839717886680662,14.923753459467097,7.44571611020658,0,12345
5.0,0.05,27,25,Donor-HCP-within,1.0,,,,100,12345
5.0,0.05,27,25,HCP,1.0,,,,100,12345
5.0,0.05,27,25,Pooling,0.93,28.076818873293828,28.076818873293828,3.1127870209614672e-15,0,12345
5.0,0.05,27,25,Repeated,1.0,,,,100,12345
5.0,0.05,27,25,S-HCP-within,1.0,,,,100,12345
5.0,0.05,27,25,Std-CP,0.92,6.795595514014276,6.3753876160910075,2.0065324822282635,0,12345
5.0,0.05,27,25,Subsampling,1.0,,,,100,12345
5.0,0.05,27,30,Donor-HCP-no-within,0.95,15.961030980568726,15.31721187939148,7.489767868882144,0,12345
5.0,0.05,27,30,Donor-HCP-within,1.0,,,,100,12345
5.0,0.05,27,30,HCP,1.0,,,,100,12345
5.0,0.05,27,30,Pooling,0.93,28.076818873293828,28.076818873293828,3.1127870209614672e-15,0,12345
5.0,0.05,27,30,Repeated,1.0,,,,100,12345
5.0,0.05,27,30,S-HCP-within,1.0,,,,100,12345
5.0,0.05,27,30,Std-CP,0.97,6.750071623788662,6.639895725440999,2.1256663986065605,0,12345
5.0,0.05,27,30,Subsampling,1.0,,,,100,12345
5.0,0.05,27,35,Donor-HCP-no-within,0.95,16.086382870406705,15.31721187939148,7.521726877840962,0,12345
5.0,0.05,27,35,Donor-HCP-within,1.0,,,,100,12345
5.0,0.05,27,35,HCP,1.0,,,,100,12345
5.0,0.05,27,35,Pooling,0.93,28.076818873293828,28.076818873293828,3.1127870209614672e-15,0,12345
5.0,0.05,27,35,Repeated,1.0,,,,100,12345
5.0,0.05,27,35,S-HCP-within,1.0,,,,100,12345
5.0,0.05,27,35,Std-CP,0.97,6.6711340504228085,6.508448004774269,1.8898925388854284,0,12345
5.0,0.05,27,35,Subsampling,1.0,,,,100,12345
5.0,0.05,28,0,Donor-HCP-no-within,1.0,,,,100,12345
5.0,0.05,28,0,Donor-HCP-within,1.0,,,,100,12345
5.0,0.05,28,0,HCP,1.0,,,,100,12345
5.0,0.05,28,0,Pooling,0.99,34.89701918568795,34.89701918568795,0.0,0,12345
5.0,0.05,28,0,Repeated,1.0,,,,100,12345
5.0,0.05,28,0,S-HCP-within,1.0,,,,100,12345
5.0,0.05,28,0,Std-CP,1.0,,,,100,12345
5.0,0.05,28,0,Subsampling,1.0,,,,100,12345
5.0,0.05,28,5,Donor-HCP-no-within,1.0,,,,100,12345
5.0,0.05,28,5,Donor-HCP-within,1.0,,,,100,12345
5.0,0.05,28,5,HCP,1.0,,,,100,12345
5.0,0.05,28,5,Pooling,0.99,34.89701918568795,34.89701918568795,0.0,0,12345
5.0,0.05,28,5,Repeated,1.0,,,,100,12345
5.0,0.05,28,5,S-HCP-within,1.0,26.527814410722062,25.51530069483144,3.0130467174328173,0,12345
5.0,0.05,28,5,Std-CP,0.81,5.6363185572893455,4.804964985588567,3.5673599699337473,0,12345
5.0,0.05,28,5,Subsampling,1.0,,,,100,12345
5.0,0.05,28,10,Donor-HCP-no-within,0.99,32.21029931824586,30.450487809239313,5.4455104037766136,0,12345
5.0,0.05,28,10,Donor-HCP-within,1.0,,,,100,12345
5.0,0.05,28,10,HCP,1.0,,,,100,12345
5.0,0.05,28,10,Pooling,0.99,34.89701918568795,34.89701918568795,0.0,0,12345
5.0,0.05,28,10,Repeated,1.0,,,,100,12345
5.0,0.05,28,10,S-HCP-within,0.97,26.010766305907666,25.515300694831435,2.586782207843632,0,12345
5.0,0.05,28,10,Std-CP,0.82,30.253727666183664,11.595600337866173,57.866022144632126,0,12345
5.0,0.05,28,10,Subsampling,1.0,,,,100,12345
5.0,0.05,28,15,Donor-HCP-no-within,0.99,28.43522083926735,28.08683279605824,3.775485526844748,0,12345
5.0,0.05,28,15,Donor-HCP-within,1.0,22.819864382719793,20.53213654750145,4.140741672692481,0,12345
5.0,0.05,28,15,HCP,1.0,,,,100,12345
5.0,0.05,28,15,Pooling,0.99,34.89701918568795,34.89701918568795,0.0,0,12345
5.0,0.05,28,15,Repeated,1.0,,,,100,12345
5.0,0.05,28,15,S-HCP-within,0.98,25.923350936818082,25.515300694831435,2.141266279559008,0,12345
5.0,0.05,28,15,Std-CP,0.89,10.14410418695109,7.904428014820549,7.44612519188242,0,12345
5.0,0.05,28,15,Subsampling,1.0,,,,100,12345
5.0,0.05,28,20,Donor-HCP-no-within,0.97,27.218242921254514,25.914444608899867,4.430135939705084,0,12345
5.0,0.05,28,20,Donor-HCP-within,0.97,16.106278608054883,15.328814120890026,1.8597973240642725,0,12345
5.0,0.05,28,20,HCP,1.0,,,,100,12345
5.0,0.05,28,20,Pooling,0.99,34.89701918568795,34.89701918568795,0.0,0,12345
5.0,0.05,28,20,Repeated,1.0,,,,100,12345
5.0,0.05,28,20,S-HCP-within,0.98,24.85036758207426,24.397250568547168,1.5455152549520879,0,12345
5.0,0.05,28,20,Std-CP,0.91,6.955608785001637,6.261775237407461,3.0139579060185357,0,12345
5.0,0.05,28,20,Subsampling,1.0,,,,100,12345
5.0,0.05,28,25,Donor-HCP-no-within,0.96,13.288800360263803,12.276433028005345,6.151396694153681,0,12345
5.0,0.05,28,25,Donor-HCP-within,1.0,,,,100,12345
5.0,0.05,28,25,HCP,1.0,,,,100,12345
5.0,0.05,28,25,Pooling,0.99,34.89701918568795,34.89701918568795,0.0,0,12345
5.0,0.05,28,25,Repeated,1.0,,,,100,12345
5.0,0.05,28,25,S-HCP-within,1.0,,,,100,12345
5.0,0.05,28,25,Std-CP,0.95,6.515240716352288,6.074574911776296,2.2151218335259664,0,12345
5.0,0.05,28,25,Subsampling,1.0,,,,100,12345
5.0,0.05,28,30,Donor-HCP-no-within,0.97,13.539335028637158,12.276433028005345,6.088897157865712,0,12345
5.0,0.05,28,30,Donor-HCP-within,1.0,,,,100,12345
5.0,0.05,28,30,HCP,1.0,,,,100,12345
5.0,0.05,28,30,Pooling,0.99,34.89701918568795,34.89701918568795,0.0,0,12345
5.0,0.05,28,30,Repeated,1.0,,,,100,12345
5.0,0.05,28,30,S-HCP-within,1.0,,,,100,12345
5.0,0.05,28,30,Std-CP,0.93,6.212720237623181,5.967232239173518,1.8217430858891488,0,12345
5.0,0.05,28,30,Subsampling,1.0,,,,100,12345
5.0,0.05,28,35,Donor-HCP-no-within,0.97,13.76045989906062,12.876406054530523,6.070336379330025,0,12345
5.0,0.05,28,35,Donor-HCP-within,1.0,,,,100,12345
5.0,0.05,28,35,HCP,1.0,,,,100,12345
5.0,0.05,28,35,Pooling,0.99,34.89701918568795,34.89701918568795,0.0,0,12345
5.0,0.05,28,35,Repeated,1.0,,,,100,12345
5.0,0.05,28,35,S-HCP-within,1.0,,,,100,12345
5.0,0.05,28,35,Std-CP,0.95,6.235649542257473,5.980305429987309,1.7922010216191364,0,12345
5.0,0.05,28,35,Subsampling,1.0,,,,100,12345
5.0,0.05,29,0,Donor-HCP-no-within,1.0,,,,100,12345
5.0,0.05,29,0,Donor-HCP-within,1.0,,,,100,12345
5.0,0.05,29,0,HCP,1.0,,,,100,12345
5.0,0.05,29,0,Pooling,0.94,25.49927462540022,25.49927462540022,0.0,0,12345
5.0,0.05,29,0,Repeated,1.0,,,,100,12345
5.0,0.05,29,0,S-HCP-within,1.0,,,,100,12345
5.0,0.05,29,0,Std-CP,1.0,,,,100,12345
5.0,0.05,29,0,Subsampling,1.0,,,,100,12345
5.0,0.05,29,5,Donor-HCP-no-within,1.0,,,,100,12345
5.0,0.05,29,5,Donor-HCP-within,1.0,,,,100,12345
5.0,0.05,29,5,HCP,1.0,,,,100,12345
5.0,0.05,29,5,Pooling,0.94,25.49927462540022,25.49927462540022,0.0,0,12345
5.0,0.05,29,5,Repeated,1.0,,,,100,12345
5.0,0.05,29,5,S-HCP-within,0.99,29.03430523499186,29.076377949273986,1.1320488995396694,0,12345
5.0,0.05,29,5,Std-CP,0.85,6.32302802237647,4.902039156590303,4.256764530963714,0,12345
5.0,0.05,29,5,Subsampling,1.0,,,,100,12345
5.0,0.05,29,10,Donor-HCP-no-within,0.99,31.759023937186583,31.11030794530413,3.6052770664044855,0,12345
5.0,0.05,29,10,Donor-HCP-within,1.0,,,,100,12345
5.0,0.05,29,10,HCP,1.0,,,,100,12345
5.0,0.05,29,10,Pooling,0.94,25.49927462540022,25.49927462540022,0.0,0,12345
5.0,0.05,29,10,Repeated,1.0,,,,100,12345
5.0,0.05,29,10,S-HCP-within,0.99,28.790136923028985,28.71685280611153,0.8207822521147788,0,12345
5.0,0.05,29,10,Std-CP,0.92,56.960886173601686,10.985978224177043,304.4726864894395,0,12345
5.0,0.05,29,10,Subsampling,1.0,,,,100,12345
5.0,0.05,29,15,Donor-HCP-no-within,0.96,29.461912335174063,28.342743986253634,4.75338806128073,0,12345
5.0,0.05,29,15,Donor-HCP-within,0.98,19.16022972185501,19.01119026249838,3.069665933500741,0,12345
5.0,0.05,29,15,HCP,1.0,,,,100,12345
5.0,0.05,29,15,Pooling,0.94,25.49927462540022,25.49927462540022,0.0,0,12345
5.0,0.05,29,15,Repeated,1.0,,,,100,12345
5.0,0.05,29,15,S-HCP-within,0.99,28.986166155306332,28.902771262139446,0.5566884158126967,0,12345
5.0,0.05,29,15,Std-CP,0.9,8.766797638429342,7.757138519559851,4.591621678588358,0,12345
5.0,0.05,29,15,Subsampling,1.0,,,,100,12345
5.0,0.05,29,20,Donor-HCP-no-within,0.96,26.765161541259616,25.561276745003642,3.578094283114525,0,12345
5.0,0.05,29,20,Donor-HCP-within,0.95,14.336695848192472,13.383658916976461,2.298512601329228,0,12345
5.0,0.05,29,20,HCP,1.0,,,,100,12345
5.0,0.05,29,20,Pooling,0.94,25.49927462540022,25.49927462540022,0.0,0,12345
5.0,0.05,29,20,Repeated,1.0,,,,100,12345
5.0,0.05,29,20,S-HCP-within,0.99,28.496393081891256,28.581295060303127,0.48491417166561473,0,12345
5.0,0.05,29,20,Std-CP,0.95,6.6579521202226,6.407885228553676,2.395190276621295,0,12345
5.0,0.05,29,20,Subsampling,1.0,,,,100,12345
5.0,0.05,29,25,Donor-HCP-no-within,0.95,15.564145630278922,12.769848582948223,8.125613184963989,0,12345
5.0,0.05,29,25,Donor-HCP-within,1.0,,,,100,12345
5.0,0.05,29,25,HCP,1.0,,,,100,12345
5.0,0.05,29,25,Pooling,0.94,25.49927462540022,25.49927462540022,0.0,0,12345
5.0,0.05,29,25,Repeated,1.0,,,,100,12345
5.0,0.05,29,25,S-HCP-within,1.0,,,,100,12345
5.0,0.05,29,25,Std-CP,0.95,6.660285075839035,5.843944743584062,2.727314757639403,0,12345
5.0,0.05,29,25,Subsampling,1.0,,,,100,12345
5.0,0.05,29,30,Donor-HCP-no-within,0.96,15.867869950565007,13.432386880355443,8.142097080599651,0,12345
5.0,0.05,29,30,Donor-HCP-within,1.0,,,,100,12345
5.0,0.05,29,30,HCP,1.0,,,,100,12345
5.0,0.05,29,30,Pooling,0.94,25.49927462540022,25.49927462540022,0.0,0,12345
5.0,0.05,29,30,Repeated,1.0,,,,100,12345
5.0,0.05,29,30,S-HCP-within,1.0,,,,100,12345
5.0,0.05,29,30,Std-CP,0.99,6.512682213463103,6.108755775465376,2.1888767158043474,0,12345
5.0,0.05,29,30,Subsampling,1.0,,,,100,12345
5.0,0.05,29,35,Donor-HCP-no-within,0.97,16.11497530572318,14.14296898681473,8.113436833351845,0,12345
5.0,0.05,29,35,Donor-HCP-within,1.0,,,,100,12345
5.0,0.05,29,35,HCP,1.0,,,,100,12345
5.0,0.05,29,35,Pooling,0.94,25.49927462540022,25.49927462540022,0.0,0,12345
5.0,0.05,29,35,Repeated,1.0,,,,100,12345
5.0,0.05,29,35,S-HCP-within,1.0,,,,100,12345
5.0,0.05,29,35,Std-CP,0.96,6.756739118004316,6.5640915363637315,2.067592121564359,0,12345
5.0,0.05,29,35,Subsampling,1.0,,,,100,12345
5.0,0.05,30,0,Donor-HCP-no-within,1.0,,,,100,12345
5.0,0.05,30,0,Donor-HCP-within,1.0,,,,100,12345
5.0,0.05,30,0,HCP,1.0,,,,100,12345
5.0,0.05,30,0,Pooling,0.77,36.851437511216986,36.851437511216986,1.009921468435524e-15,0,12345
5.0,0.05,30,0,Repeated,1.0,,,,100,12345
5.0,0.05,30,0,S-HCP-within,1.0,,,,100,12345
5.0,0.05,30,0,Std-CP,1.0,,,,100,12345
5.0,0.05,30,0,Subsampling,1.0,,,,100,12345
5.0,0.05,30,5,Donor-HCP-no-within,1.0,,,,100,12345
5.0,0.05,30,5,Donor-HCP-within,1.0,,,,100,12345
5.0,0.05,30,5,HCP,1.0,,,,100,12345
5.0,0.05,30,5,Pooling,0.77,36.851437511216986,36.851437511216986,1.009921468435524e-15,0,12345
5.0,0.05,30,5,Repeated,1.0,,,,100,12345
5.0,0.05,30,5,S-HCP-within,0.98,26.86706693686184,26.799883627230088,1.4504057967299928,0,12345
5.0,0.05,30,5,Std-CP,0.75,6.130364167968901,5.0148494476250844,3.929960836413262,0,12345
5.0,0.05,30,5,Subsampling,1.0,,,,100,12345
5.0,0.05,30,10,Donor-HCP-no-within,0.99,43.58052413112546,42.95692519443059,9.736076996580689,0,12345
5.0,0.05,30,10,Donor-HCP-within,1.0,,,,100,12345
5.0,0.05,30,10,HCP,1.0,,,,100,12345
5.0,0.05,30,10,Pooling,0.77,36.851437511216986,36.851437511216986,1.009921468435524e-15,0,12345
5.0,0.05,30,10,Repeated,1.0,,,,100,12345
5.0,0.05,30,10,S-HCP-within,0.97,26.90377483818976,26.85536327211301,1.285585084869529,0,12345
5.0,0.05,30,10,Std-CP,0.8,36.15792927754443,13.415719229412113,96.13761060109381,0,12345
5.0,0.05,30,10,Subsampling,1.0,,,,100,12345
5.0,0.05,30,15,Donor-HCP-no-within,0.94,38.78066085294411,38.619528011046015,7.483514218930898,0,12345
5.0,0.05,30,15,Donor-HCP-within,0.97,27.225340237817765,27.4313522185395,5.235585417005741,0,12345
5.0,0.05,30,15,HCP,1.0,,,,100,12345
5.0,0.05,30,15,Pooling,0.77,36.851437511216986,36.851437511216986,1.009921468435524e-15,0,12345
5.0,0.05,30,15,Repeated,1.0,,,,100,12345
5.0,0.05,30,15,S-HCP-within,0.99,27.000806215261626,26.799883627230088,1.1149652332967328,0,12345
5.0,0.05,30,15,Std-CP,0.93,8.885487458874588,7.858460718226938,5.174166407266385,0,12345
5.0,0.05,30,15,Subsampling,1.0,,,,100,12345
5.0,0.05,30,20,Donor-HCP-no-within,0.89,38.52762332204967,36.851437511216986,8.44830030289585,0,12345
5.0,0.05,30,20,Donor-HCP-within,0.89,20.43446910844013,20.166658580109896,4.131885354014497,0,12345
5.0,0.05,30,20,HCP,1.0,,,,100,12345
5.0,0.05,30,20,Pooling,0.77,36.851437511216986,36.851437511216986,1.009921468435524e-15,0,12345
5.0,0.05,30,20,Repeated,1.0,,,,100,12345
5.0,0.05,30,20,S-HCP-within,0.98,26.59589485910051,26.514134480859067,1.0609133588605366,0,12345
5.0,0.05,30,20,Std-CP,0.89,6.7268493120230355,6.25709963921632,2.4830388741238703,0,12345
5.0,0.05,30,20,Subsampling,1.0,,,,100,12345
5.0,0.05,30,25,Donor-HCP-no-within,0.92,17.855776472654295,16.55070949297268,8.04789561202442,0,12345
5.0,0.05,30,25,Donor-HCP-within,1.0,,,,100,12345
5.0,0.05,30,25,HCP,1.0,,,,100,12345
5.0,0.05,30,25,Pooling,0.77,36.851437511216986,36.851437511216986,1.009921468435524e-15,0,12345
5.0,0.05,30,25,Repeated,1.0,,,,100,12345
5.0,0.05,30,25,S-HCP-within,1.0,,,,100,12345
5.0,0.05,30,25,Std-CP,0.93,7.046078278374145,6.364377899330664,3.066598305420988,0,12345
5.0,0.05,30,25,Subsampling,1.0,,,,100,12345
5.0,0.05,30,30,Donor-HCP-no-within,0.94,18.044124286989767,16.8366874362682,7.9235546920920354,0,12345
5.0,0.05,30,30,Donor-HCP-within,1.0,,,,100,12345
5.0,0.05,30,30,HCP,1.0,,,,100,12345
5.0,0.05,30,30,Pooling,0.77,36.851437511216986,36.851437511216986,1.009921468435524e-15,0,12345
5.0,0.05,30,30,Repeated,1.0,,,,100,12345
5.0,0.05,30,30,S-HCP-within,1.0,,,,100,12345
5.0,0.05,30,30,Std-CP,0.92,6.488174659898161,6.541506518064796,1.941500097931187,0,12345
5.0,0.05,30,30,Subsampling,1.0,,,,100,12345
5.0,0.05,30,35,Donor-HCP-no-within,0.95,18.31412678081119,17.54589551091862,7.983827276484047,0,12345
5.0,0.05,30,35,Donor-HCP-within,1.0,,,,100,12345
5.0,0.05,30,35,HCP,1.0,,,,100,12345
5.0,0.05,30,35,Pooling,0.77,36.851437511216986,36.851437511216986,1.009921468435524e-15,0,12345
5.0,0.05,30,35,Repeated,1.0,,,,100,12345
5.0,0.05,30,35,S-HCP-within,1.0,,,,100,12345
5.0,0.05,30,35,Std-CP,0.97,6.647451731208089,6.278440633788138,2.202600671551582,0,12345
5.0,0.05,30,35,Subsampling,1.0,,,,100,12345
5.0,0.05,31,0,Donor-HCP-no-within,1.0,,,,100,12345
5.0,0.05,31,0,Donor-HCP-within,1.0,,,,100,12345
5.0,0.05,31,0,HCP,1.0,,,,100,12345
5.0,0.05,31,0,Pooling,0.85,21.760668601645595,21.760668601645595,2.8340850918250226e-15,0,12345
5.0,0.05,31,0,Repeated,1.0,,,,100,12345
5.0,0.05,31,0,S-HCP-within,1.0,,,,100,12345
5.0,0.05,31,0,Std-CP,1.0,,,,100,12345
5.0,0.05,31,0,Subsampling,1.0,,,,100,12345
5.0,0.05,31,5,Donor-HCP-no-within,1.0,,,,100,12345
5.0,0.05,31,5,Donor-HCP-within,1.0,,,,100,12345
5.0,0.05,31,5,HCP,1.0,,,,100,12345
5.0,0.05,31,5,Pooling,0.85,21.760668601645595,21.760668601645595,2.8340850918250226e-15,0,12345
5.0,0.05,31,5,Repeated,1.0,,,,100,12345
5.0,0.05,31,5,S-HCP-within,1.0,42.58427091540989,43.50397516934102,1.9756427779550656,0,12345
5.0,0.05,31,5,Std-CP,0.66,6.012494509846158,4.881495978339896,4.363119480666916,0,12345
5.0,0.05,31,5,Subsampling,1.0,,,,100,12345
5.0,0.05,31,10,Donor-HCP-no-within,0.99,36.51299953853516,32.97490692929635,7.476271185346422,0,12345
5.0,0.05,31,10,Donor-HCP-within,1.0,,,,100,12345
5.0,0.05,31,10,HCP,1.0,,,,100,12345
5.0,0.05,31,10,Pooling,0.85,21.760668601645595,21.760668601645595,2.8340850918250226e-15,0,12345
5.0,0.05,31,10,Repeated,1.0,,,,100,12345
5.0,0.05,31,10,S-HCP-within,1.0,42.12647716977462,43.1939088003967,1.9041809367388691,0,12345
5.0,0.05,31,10,Std-CP,0.83,62.10659939969371,13.121611797472882,349.00038231505687,0,12345
5.0,0.05,31,10,Subsampling,1.0,,,,100,12345
5.0,0.05,31,15,Donor-HCP-no-within,0.92,32.76286894627877,30.90509117898855,7.320652116863871,0,12345
5.0,0.05,31,15,Donor-HCP-within,0.98,27.428404192051456,27.745745355995496,3.9700203047804905,0,12345
5.0,0.05,31,15,HCP,1.0,,,,100,12345
5.0,0.05,31,15,Pooling,0.85,21.760668601645595,21.760668601645595,2.8340850918250226e-15,0,12345
5.0,0.05,31,15,Repeated,1.0,,,,100,12345
5.0,0.05,31,15,S-HCP-within,1.0,42.70356130808659,43.50397516934101,1.4714989953193645,0,12345
5.0,0.05,31,15,Std-CP,0.86,9.00011757499454,7.3945661357418135,5.099022485493306,0,12345
5.0,0.05,31,15,Subsampling,1.0,,,,100,12345
5.0,0.05,31,20,Donor-HCP-no-within,0.85,30.19233032365988,26.558472557482588,7.645035097381518,0,12345
5.0,0.05,31,20,Donor-HCP-within,0.91,17.474626197565666,17.242272882778337,3.4728997849339436,0,12345
5.0,0.05,31,20,HCP,1.0,,,,100,12345
5.0,0.05,31,20,Pooling,0.85,21.760668601645595,21.760668601645595,2.8340850918250226e-15,0,12345
5.0,0.05,31,20,Repeated,1.0,,,,100,12345
5.0,0.05,31,20,S-HCP-within,1.0,41.29947034025989,41.37606511770362,1.5246747510049234,0,12345
5.0,0.05,31,20,Std-CP,0.89,6.976155555044298,6.593680447800587,2.347882500091226,0,12345
5.0,0.05,31,20,Subsampling,1.0,,,,100,12345
5.0,0.05,31,25,Donor-HCP-no-within,0.92,16.711722168909176,16.276974043962607,7.5350541500580395,0,12345
5.0,0.05,31,25,Donor-HCP-within,1.0,,,,100,12345
5.0,0.05,31,25,HCP,1.0,,,,100,12345
5.0,0.05,31,25,Pooling,0.85,21.760668601645595,21.760668601645595,2.8340850918250226e-15,0,12345
5.0,0.05,31,25,Repeated,1.0,,,,100,12345
5.0,0.05,31,25,S-HCP-within,1.0,,,,100,12345
5.0,0.05,31,25,Std-CP,0.87,6.609674130419353,6.145720204482877,2.251750056198034,0,12345
5.0,0.05,31,25,Subsampling,1.0,,,,100,12345
5.0,0.05,31,30,Donor-HCP-no-within,0.95,17.087225981826617,16.484455516614588,7.375503856124149,0,12345
5.0,0.05,31,30,Donor-HCP-within,1.0,,,,100,12345
5.0,0.05,31,30,HCP,1.0,,,,100,12345
5.0,0.05,31,30,Pooling,0.85,21.760668601645595,21.760668601645595,2.8340850918250226e-15,0,12345
5.0,0.05,31,30,Repeated,1.0,,,,100,12345
5.0,0.05,31,30,S-HCP-within,1.0,,,,100,12345
5.0,0.05,31,30,Std-CP,0.92,6.3313014191994,6.083062651630048,1.9866576537628302,0,12345
5.0,0.05,31,30,Subsampling,1.0,,,,100,12345
5.0,0.05,31,35,Donor-HCP-no-within,0.97,17.46172778597274,16.907044257683513,7.3921386852342845,0,12345
5.0,0.05,31,35,Donor-HCP-within,1.0,,,,100,12345
5.0,0.05,31,35,HCP,1.0,,,,100,12345
5.0,0.05,31,35,Pooling,0.85,21.760668601645595,21.760668601645595,2.8340850918250226e-15,0,12345
5.0,0.05,31,35,Repeated,1.0,,,,100,12345
5.0,0.05,31,35,S-HCP-within,1.0,,,,100,12345
5.0,0.05,31,35,Std-CP,0.94,6.517324428441146,6.416351906470428,1.946006503342565,0,12345
5.0,0.05,31,35,Subsampling,1.0,,,,100,12345
5.0,0.05,32,0,Donor-HCP-no-within,1.0,,,,100,12345
5.0,0.05,32,0,Donor-HCP-within,1.0,,,,100,12345
5.0,0.05,32,0,HCP,1.0,,,,100,12345
5.0,0.05,32,0,Pooling,0.91,34.516021490793236,34.516021490793236,0.0,0,12345
5.0,0.05,32,0,Repeated,1.0,,,,100,12345
5.0,0.05,32,0,S-HCP-within,1.0,,,,100,12345
5.0,0.05,32,0,Std-CP,1.0,,,,100,12345
5.0,0.05,32,0,Subsampling,1.0,,,,100,12345
5.0,0.05,32,5,Donor-HCP-no-within,1.0,,,,100,12345
5.0,0.05,32,5,Donor-HCP-within,1.0,,,,100,12345
5.0,0.05,32,5,HCP,1.0,,,,100,12345
5.0,0.05,32,5,Pooling,0.91,34.516021490793236,34.516021490793236,0.0,0,12345
5.0,0.05,32,5,Repeated,1.0,,,,100,12345
5.0,0.05,32,5,S-HCP-within,0.95,24.33464366157275,23.938063801424185,1.9779568769494469,0,12345
5.0,0.05,32,5,Std-CP,0.68,6.317873489777842,5.413544462077706,4.118546173956435,0,12345
5.0,0.05,32,5,Subsampling,1.0,,,,100,12345
5.0,0.05,32,10,Donor-HCP-no-within,0.99,42.628918529556685,40.29167189202785,7.495870866267314,0,12345
5.0,0.05,32,10,Donor-HCP-within,1.0,,,,100,12345
5.0,0.05,32,10,HCP,1.0,,,,100,12345
5.0,0.05,32,10,Pooling,0.91,34.516021490793236,34.516021490793236,0.0,0,12345
5.0,0.05,32,10,Repeated,1.0,,,,100,12345
5.0,0.05,32,10,S-HCP-within,0.93,23.977981718277984,23.880709714191916,1.9297844529317825,0,12345
5.0,0.05,32,10,Std-CP,0.79,41.83632523334746,10.138708558626867,107.87181711807543,0,12345
5.0,0.05,32,10,Subsampling,1.0,,,,100,12345
5.0,0.05,32,15,Donor-HCP-no-within,0.95,38.398385968100854,36.542977352779616,7.9668314624920225,0,12345
5.0,0.05,32,15,Donor-HCP-within,1.0,27.15403884289765,27.63750253770292,4.352616734646906,0,12345
5.0,0.05,32,15,HCP,1.0,,,,100,12345
5.0,0.05,32,15,Pooling,0.91,34.516021490793236,34.516021490793236,0.0,0,12345
5.0,0.05,32,15,Repeated,1.0,,,,100,12345
5.0,0.05,32,15,S-HCP-within,0.94,24.10477721320623,23.93806380142418,1.239483802559749,0,12345
5.0,0.05,32,15,Std-CP,0.88,9.053357534550544,8.052760380153938,5.618681527405041,0,12345
5.0,0.05,32,15,Subsampling,1.0,,,,100,12345
5.0,0.05,32,20,Donor-HCP-no-within,0.94,37.122338498891466,35.27157714486464,7.636634825302218,0,12345
5.0,0.05,32,20,Donor-HCP-within,0.98,20.427568453620076,20.93600345039629,4.252163274904001,0,12345
5.0,0.05,32,20,HCP,1.0,,,,100,12345
5.0,0.05,32,20,Pooling,0.91,34.516021490793236,34.516021490793236,0.0,0,12345
5.0,0.05,32,20,Repeated,1.0,,,,100,12345
5.0,0.05,32,20,S-HCP-within,0.92,23.557427637543793,23.471289591898497,1.296991826809075,0,12345
5.0,0.05,32,20,Std-CP,0.91,7.6259154826174305,6.610568508938621,3.8070306612545752,0,12345
5.0,0.05,32,20,Subsampling,1.0,,,,100,12345
5.0,0.05,32,25,Donor-HCP-no-within,0.98,16.284833873624827,14.635071440609225,7.789092623937194,0,12345
5.0,0.05,32,25,Donor-HCP-within,1.0,,,,100,12345
5.0,0.05,32,25,HCP,1.0,,,,100,12345
5.0,0.05,32,25,Pooling,0.91,34.516021490793236,34.516021490793236,0.0,0,12345
5.0,0.05,32,25,Repeated,1.0,,,,100,12345
5.0,0.05,32,25,S-HCP-within,1.0,,,,100,12345
5.0,0.05,32,25,Std-CP,0.93,6.848830573310775,6.311442786168458,2.600139794960895,0,12345
5.0,0.05,32,25,Subsampling,1.0,,,,100,12345
5.0,0.05,32,30,Donor-HCP-no-within,0.98,16.655167616950198,15.011398279757266,7.768371528040087,0,12345
5.0,0.05,32,30,Donor-HCP-within,1.0,,,,100,12345
5.0,0.05,32,30,HCP,1.0,,,,100,12345
5.0,0.05,32,30,Pooling,0.91,34.516021490793236,34.516021490793236,0.0,0,12345
5.0,0.05,32,30,Repeated,1.0,,,,100,12345
5.0,0.05,32,30,S-HCP-within,1.0,,,,100,12345
5.0,0.05,32,30,Std-CP,0.96,6.345053282251891,6.078054588985473,2.0265532657561556,0,12345
5.0,0.05,32,30,Subsampling,1.0,,,,100,12345
5.0,0.05,32,35,Donor-HCP-no-within,0.98,16.727895361086702,15.011398279757266,7.737859486743589,0,12345
5.0,0.05,32,35,Donor-HCP-within,1.0,,,,100,12345
5.0,0.05,32,35,HCP,1.0,,,,100,12345
5.0,0.05,32,35,Pooling,0.91,34.516021490793236,34.516021490793236,0.0,0,12345
5.0,0.05,32,35,Repeated,1.0,,,,100,12345
5.0,0.05,32,35,S-HCP-within,1.0,,,,100,12345
5.0,0.05,32,35,Std-CP,0.94,6.47678320804936,6.0686970583072055,2.504285734978881,0,12345
5.0,0.05,32,35,Subsampling,1.0,,,,100,12345
5.0,0.05,33,0,Donor-HCP-no-within,1.0,,,,100,12345
5.0,0.05,33,0,Donor-HCP-within,1.0,,,,100,12345
5.0,0.05,33,0,HCP,1.0,,,,100,12345
5.0,0.05,33,0,Pooling,0.94,28.85797297016724,28.857972970167236,2.7426388062414207e-15,0,12345
5.0,0.05,33,0,Repeated,1.0,,,,100,12345
5.0,0.05,33,0,S-HCP-within,1.0,,,,100,12345
5.0,0.05,33,0,Std-CP,1.0,,,,100,12345
5.0,0.05,33,0,Subsampling,1.0,,,,100,12345
5.0,0.05,33,5,Donor-HCP-no-within,1.0,,,,100,12345
5.0,0.05,33,5,Donor-HCP-within,1.0,,,,100,12345
5.0,0.05,33,5,HCP,1.0,,,,100,12345
5.0,0.05,33,5,Pooling,0.94,28.85797297016724,28.857972970167236,2.7426388062414207e-15,0,12345
5.0,0.05,33,5,Repeated,1.0,,,,100,12345
5.0,0.05,33,5,S-HCP-within,0.99,31.958811178958445,31.817446828083874,1.9570181594346292,0,12345
5.0,0.05,33,5,Std-CP,0.74,6.1917255899883035,4.874819932659143,6.297727195573541,0,12345
5.0,0.05,33,5,Subsampling,1.0,,,,100,12345
5.0,0.05,33,10,Donor-HCP-no-within,1.0,35.4696586442575,36.07836226995815,5.360286973141012,0,12345
5.0,0.05,33,10,Donor-HCP-within,1.0,,,,100,12345
5.0,0.05,33,10,HCP,1.0,,,,100,12345
5.0,0.05,33,10,Pooling,0.94,28.85797297016724,28.857972970167236,2.7426388062414207e-15,0,12345
5.0,0.05,33,10,Repeated,1.0,,,,100,12345
5.0,0.05,33,10,S-HCP-within,0.99,31.514946517077306,30.624582798505045,1.6600933461523488,0,12345
5.0,0.05,33,10,Std-CP,0.81,24.857778810329652,10.375016410059953,53.06549354050438,0,12345
5.0,0.05,33,10,Subsampling,1.0,,,,100,12345
5.0,0.05,33,15,Donor-HCP-no-within,0.99,31.22527218271409,31.92141886718983,3.951452303469694,0,12345
5.0,0.05,33,15,Donor-HCP-within,1.0,24.77205915808358,25.773088764873116,3.1039939579351197,0,12345
5.0,0.05,33,15,HCP,1.0,,,,100,12345
5.0,0.05,33,15,Pooling,0.94,28.85797297016724,28.857972970167236,2.7426388062414207e-15,0,12345
5.0,0.05,33,15,Repeated,1.0,,,,100,12345
5.0,0.05,33,15,S-HCP-within,1.0,31.763459557414887,31.737173751328314,1.5034208772782756,0,12345
5.0,0.05,33,15,Std-CP,0.91,10.396097007698994,8.697485150695115,6.336703451922634,0,12345
5.0,0.05,33,15,Subsampling,1.0,,,,100,12345
5.0,0.05,33,20,Donor-HCP-no-within,0.94,28.525276663458218,29.511914697195344,3.888197211868334,0,12345
5.0,0.05,33,20,Donor-HCP-within,0.96,16.93742594970901,18.076909791338704,2.5930220866098592,0,12345
5.0,0.05,33,20,HCP,1.0,,,,100,12345
5.0,0.05,33,20,Pooling,0.94,28.85797297016724,28.857972970167236,2.7426388062414207e-15,0,12345
5.0,0.05,33,20,Repeated,1.0,,,,100,12345
5.0,0.05,33,20,S-HCP-within,0.99,30.67886343619863,30.624582798505045,0.5336851699562756,0,12345
5.0,0.05,33,20,Std-CP,0.95,6.929611272253629,6.077216776049145,3.2584841945691134,0,12345
5.0,0.05,33,20,Subsampling,1.0,,,,100,12345
5.0,0.05,33,25,Donor-HCP-no-within,0.98,15.62061748655975,14.222798196360031,7.229019995135549,0,12345
5.0,0.05,33,25,Donor-HCP-within,1.0,,,,100,12345
5.0,0.05,33,25,HCP,1.0,,,,100,12345
5.0,0.05,33,25,Pooling,0.94,28.85797297016724,28.857972970167236,2.7426388062414207e-15,0,12345
5.0,0.05,33,25,Repeated,1.0,,,,100,12345
5.0,0.05,33,25,S-HCP-within,1.0,,,,100,12345
5.0,0.05,33,25,Std-CP,0.97,6.540009927831392,6.0920599404822475,2.239563391122832,0,12345
5.0,0.05,33,25,Subsampling,1.0,,,,100,12345
5.0,0.05,33,30,Donor-HCP-no-within,0.98,15.901018277335204,14.335988905346504,7.227417968843583,0,12345
5.0,0.05,33,30,Donor-HCP-within,1.0,,,,100,12345
5.0,0.05,33,30,HCP,1.0,,,,100,12345
5.0,0.05,33,30,Pooling,0.94,28.85797297016724,28.857972970167236,2.7426388062414207e-15,0,12345
5.0,0.05,33,30,Repeated,1.0,,,,100,12345
5.0,0.05,33,30,S-HCP-within,1.0,,,,100,12345
5.0,0.05,33,30,Std-CP,0.94,6.505733859377829,6.208919677133634,2.0665454609762937,0,12345
5.0,0.05,33,30,Subsampling,1.0,,,,100,12345
5.0,0.05,33,35,Donor-HCP-no-within,0.99,15.947956559179937,14.579702194542012,7.234359847864852,0,12345
5.0,0.05,33,35,Donor-HCP-within,1.0,,,,100,12345
5.0,0.05,33,35,HCP,1.0,,,,100,12345
5.0,0.05,33,35,Pooling,0.94,28.85797297016724,28.857972970167236,2.7426388062414207e-15,0,12345
5.0,0.05,33,35,Repeated,1.0,,,,100,12345
5.0,0.05,33,35,S-HCP-within,1.0,,,,100,12345
5.0,0.05,33,35,Std-CP,0.97,6.891137171375499,6.3551618061075725,2.4107806024311293,0,12345
5.0,0.05,33,35,Subsampling,1.0,,,,100,12345
5.0,0.05,34,0,Donor-HCP-no-within,1.0,,,,100,12345
5.0,0.05,34,0,Donor-HCP-within,1.0,,,,100,12345
5.0,0.05,34,0,HCP,1.0,,,,100,12345
5.0,0.05,34,0,Pooling,0.78,16.767878365022735,16.767878365022735,3.173629003604356e-15,0,12345
5.0,0.05,34,0,Repeated,1.0,,,,100,12345
5.0,0.05,34,0,S-HCP-within,1.0,,,,100,12345
5.0,0.05,34,0,Std-CP,1.0,,,,100,12345
5.0,0.05,34,0,Subsampling,1.0,,,,100,12345
5.0,0.05,34,5,Donor-HCP-no-within,1.0,,,,100,12345
5.0,0.05,34,5,Donor-HCP-within,1.0,,,,100,12345
5.0,0.05,34,5,HCP,1.0,,,,100,12345
5.0,0.05,34,5,Pooling,0.78,16.767878365022735,16.767878365022735,3.173629003604356e-15,0,12345
5.0,0.05,34,5,Repeated,1.0,,,,100,12345
5.0,0.05,34,5,S-HCP-within,1.0,25.345549837981096,25.129043927158506,1.529239303527245,0,12345
5.0,0.05,34,5,Std-CP,0.71,6.29627838798705,5.3162856694536265,4.234063531475922,0,12345
5.0,0.05,34,5,Subsampling,1.0,,,,100,12345
5.0,0.05,34,10,Donor-HCP-no-within,0.99,29.87567546253672,31.149664942650958,5.549067068274111,0,12345
5.0,0.05,34,10,Donor-HCP-within,1.0,,,,100,12345
5.0,0.05,34,10,HCP,1.0,,,,100,12345
5.0,0.05,34,10,Pooling,0.78,16.767878365022735,16.767878365022735,3.173629003604356e-15,0,12345
5.0,0.05,34,10,Repeated,1.0,,,,100,12345
5.0,0.05,34,10,S-HCP-within,0.99,25.273114619787727,24.881002152201262,1.2155224660421418,0,12345
5.0,0.05,34,10,Std-CP,0.78,78.35491539830447,12.282790657547771,296.0382659431148,0,12345
5.0,0.05,34,10,Subsampling,1.0,,,,100,12345
5.0,0.05,34,15,Donor-HCP-no-within,0.92,25.201910457146287,26.212362209149042,5.459052487102353,0,12345
5.0,0.05,34,15,Donor-HCP-within,0.98,18.384038140819285,18.561444489209826,2.591836302185485,0,12345
5.0,0.05,34,15,HCP,1.0,,,,100,12345
5.0,0.05,34,15,Pooling,0.78,16.767878365022735,16.767878365022735,3.173629003604356e-15,0,12345
5.0,0.05,34,15,Repeated,1.0,,,,100,12345
5.0,0.05,34,15,S-HCP-within,0.99,25.373932087897256,25.129043927158506,1.0593498786842246,0,12345
5.0,0.05,34,15,Std-CP,0.88,9.509392022086757,7.512253613418016,5.6447226433235596,0,12345
5.0,0.05,34,15,Subsampling,1.0,,,,100,12345
5.0,0.05,34,20,Donor-HCP-no-within,0.88,23.220652636964868,23.857050408355455,5.605463451458634,0,12345
5.0,0.05,34,20,Donor-HCP-within,0.9,13.655077355515498,14.037508112469684,2.133301328758491,0,12345
5.0,0.05,34,20,HCP,1.0,,,,100,12345
5.0,0.05,34,20,Pooling,0.78,16.767878365022735,16.767878365022735,3.173629003604356e-15,0,12345
5.0,0.05,34,20,Repeated,1.0,,,,100,12345
5.0,0.05,34,20,S-HCP-within,0.99,24.575109576143312,24.40648528212809,0.8307309416221679,0,12345
5.0,0.05,34,20,Std-CP,0.94,7.60069803899752,7.0817222633830665,3.1760969208579795,0,12345
5.0,0.05,34,20,Subsampling,1.0,,,,100,12345
5.0,0.05,34,25,Donor-HCP-no-within,0.98,16.370398711597115,14.02409225891239,7.589788288294072,0,12345
5.0,0.05,34,25,Donor-HCP-within,1.0,,,,100,12345
5.0,0.05,34,25,HCP,1.0,,,,100,12345
5.0,0.05,34,25,Pooling,0.78,16.767878365022735,16.767878365022735,3.173629003604356e-15,0,12345
5.0,0.05,34,25,Repeated,1.0,,,,100,12345
5.0,0.05,34,25,S-HCP-within,1.0,,,,100,12345
5.0,0.05,34,25,Std-CP,0.93,7.001314703724513,6.72110128056828,2.89348379890344,0,12345
5.0,0.05,34,25,Subsampling,1.0,,,,100,12345
5.0,0.05,34,30,Donor-HCP-no-within,1.0,16.58699818245208,14.121443497140987,7.591043010031028,0,12345
5.0,0.05,34,30,Donor-HCP-within,1.0,,,,100,12345
5.0,0.05,34,30,HCP,1.0,,,,100,12345
5.0,0.05,34,30,Pooling,0.78,16.767878365022735,16.767878365022735,3.173629003604356e-15,0,12345
5.0,0.05,34,30,Repeated,1.0,,,,100,12345
5.0,0.05,34,30,S-HCP-within,1.0,,,,100,12345
5.0,0.05,34,30,Std-CP,0.94,6.851759833801267,6.525329877969538,2.309268128253394,0,12345
5.0,0.05,34,30,Subsampling,1.0,,,,100,12345
5.0,0.05,34,35,Donor-HCP-no-within,1.0,16.802733829769114,14.21443299271146,7.649007749895448,0,12345
5.0,0.05,34,35,Donor-HCP-within,1.0,,,,100,12345
5.0,0.05,34,35,HCP,1.0,,,,100,12345
5.0,0.05,34,35,Pooling,0.78,16.767878365022735,16.767878365022735,3.173629003604356e-15,0,12345
5.0,0.05,34,35,Repeated,1.0,,,,100,12345
5.0,0.05,34,35,S-HCP-within,1.0,,,,100,12345
5.0,0.05,34,35,Std-CP,0.95,7.048839954216366,6.882512805384769,2.051878378981012,0,12345
5.0,0.05,34,35,Subsampling,1.0,,,,100,12345
5.0,0.05,35,0,Donor-HCP-no-within,1.0,,,,100,12345
5.0,0.05,35,0,Donor-HCP-within,1.0,,,,100,12345
5.0,0.05,35,0,HCP,1.0,,,,100,12345
5.0,0.05,35,0,Pooling,0.9,27.31159165470237,27.311591654702372,2.6720010491855637e-15,0,12345
5.0,0.05,35,0,Repeated,1.0,,,,100,12345
5.0,0.05,35,0,S-HCP-within,1.0,,,,100,12345
5.0,0.05,35,0,Std-CP,1.0,,,,100,12345
5.0,0.05,35,0,Subsampling,1.0,,,,100,12345
5.0,0.05,35,5,Donor-HCP-no-within,1.0,,,,100,12345
5.0,0.05,35,5,Donor-HCP-within,1.0,,,,100,12345
5.0,0.05,35,5,HCP,1.0,,,,100,12345
5.0,0.05,35,5,Pooling,0.9,27.31159165470237,27.311591654702372,2.6720010491855637e-15,0,12345
5.0,0.05,35,5,Repeated,1.0,,,,100,12345
5.0,0.05,35,5,S-HCP-within,1.0,30.108058461658242,29.701042473342323,1.447119551078332,0,12345
5.0,0.05,35,5,Std-CP,0.73,5.655142766482475,4.538382430193426,3.977602761172793,0,12345
5.0,0.05,35,5,Subsampling,1.0,,,,100,12345
5.0,0.05,35,10,Donor-HCP-no-within,0.99,32.80577898715267,32.19390319101531,2.556905358987766,0,12345
5.0,0.05,35,10,Donor-HCP-within,1.0,,,,100,12345
5.0,0.05,35,10,HCP,1.0,,,,100,12345
5.0,0.05,35,10,Pooling,0.9,27.31159165470237,27.311591654702372,2.6720010491855637e-15,0,12345
5.0,0.05,35,10,Repeated,1.0,,,,100,12345
5.0,0.05,35,10,S-HCP-within,1.0,29.719535783679802,29.447793161530036,1.27819431851922,0,12345
5.0,0.05,35,10,Std-CP,0.82,76.17953755489525,11.112470647974845,377.09036588446475,0,12345
5.0,0.05,35,10,Subsampling,1.0,,,,100,12345
5.0,0.05,35,15,Donor-HCP-no-within,0.96,28.71275733640386,28.679004894919238,3.5377023486214867,0,12345
5.0,0.05,35,15,Donor-HCP-within,0.97,21.565689553519864,21.692930812583832,3.459176795091313,0,12345
5.0,0.05,35,15,HCP,1.0,,,,100,12345
5.0,0.05,35,15,Pooling,0.9,27.31159165470237,27.311591654702372,2.6720010491855637e-15,0,12345
5.0,0.05,35,15,Repeated,1.0,,,,100,12345
5.0,0.05,35,15,S-HCP-within,1.0,30.1529520581218,29.701042473342323,0.988932406458013,0,12345
5.0,0.05,35,15,Std-CP,0.91,9.165845367114562,7.8555466908004234,7.1594771107067,0,12345
5.0,0.05,35,15,Subsampling,1.0,,,,100,12345
5.0,0.05,35,20,Donor-HCP-no-within,0.97,27.221163224719522,27.268191858413715,2.9242198571890943,0,12345
5.0,0.05,35,20,Donor-HCP-within,0.96,15.141589603406842,14.81495480540854,1.8746040424239787,0,12345
5.0,0.05,35,20,HCP,1.0,,,,100,12345
5.0,0.05,35,20,Pooling,0.9,27.31159165470237,27.311591654702372,2.6720010491855637e-15,0,12345
5.0,0.05,35,20,Repeated,1.0,,,,100,12345
5.0,0.05,35,20,S-HCP-within,1.0,29.51623873425465,29.404276095504432,0.6620383276041985,0,12345
5.0,0.05,35,20,Std-CP,0.9,6.232975887745559,6.313266565960692,2.1344163107189336,0,12345
5.0,0.05,35,20,Subsampling,1.0,,,,100,12345
5.0,0.05,35,25,Donor-HCP-no-within,0.96,14.931909009359488,13.598123986961959,8.054276834187696,0,12345
5.0,0.05,35,25,Donor-HCP-within,1.0,,,,100,12345
5.0,0.05,35,25,HCP,1.0,,,,100,12345
5.0,0.05,35,25,Pooling,0.9,27.31159165470237,27.311591654702372,2.6720010491855637e-15,0,12345
5.0,0.05,35,25,Repeated,1.0,,,,100,12345
5.0,0.05,35,25,S-HCP-within,1.0,,,,100,12345
5.0,0.05,35,25,Std-CP,0.97,6.765443488758776,6.470924494597222,2.1696399583904817,0,12345
5.0,0.05,35,25,Subsampling,1.0,,,,100,12345
5.0,0.05,35,30,Donor-HCP-no-within,0.96,15.205253247733244,13.878790224515807,8.053252221671995,0,12345
5.0,0.05,35,30,Donor-HCP-within,1.0,,,,100,12345
5.0,0.05,35,30,HCP,1.0,,,,100,12345
5.0,0.05,35,30,Pooling,0.9,27.31159165470237,27.311591654702372,2.6720010491855637e-15,0,12345
5.0,0.05,35,30,Repeated,1.0,,,,100,12345
5.0,0.05,35,30,S-HCP-within,1.0,,,,100,12345
5.0,0.05,35,30,Std-CP,0.98,6.490845509328451,6.219650962981447,1.9074392152944428,0,12345
5.0,0.05,35,30,Subsampling,1.0,,,,100,12345
5.0,0.05,35,35,Donor-HCP-no-within,0.97,15.495503392470978,13.878790224515807,8.100108565138903,0,12345
5.0,0.05,35,35,Donor-HCP-within,1.0,,,,100,12345
5.0,0.05,35,35,HCP,1.0,,,,100,12345
5.0,0.05,35,35,Pooling,0.9,27.31159165470237,27.311591654702372,2.6720010491855637e-15,0,12345
5.0,0.05,35,35,Repeated,1.0,,,,100,12345
5.0,0.05,35,35,S-HCP-within,1.0,,,,100,12345
5.0,0.05,35,35,Std-CP,0.95,6.253258750855981,6.10192931145723,1.8219575340027263,0,12345
5.0,0.05,35,35,Subsampling,1.0,,,,100,12345
5.0,0.05,36,0,Donor-HCP-no-within,1.0,,,,100,12345
5.0,0.05,36,0,Donor-HCP-within,1.0,,,,100,12345
5.0,0.05,36,0,HCP,1.0,,,,100,12345
5.0,0.05,36,0,Pooling,1.0,41.848453086644696,41.848453086644696,0.0,0,12345
5.0,0.05,36,0,Repeated,1.0,,,,100,12345
5.0,0.05,36,0,S-HCP-within,1.0,,,,100,12345
5.0,0.05,36,0,Std-CP,1.0,,,,100,12345
5.0,0.05,36,0,Subsampling,1.0,,,,100,12345
5.0,0.05,36,5,Donor-HCP-no-within,1.0,,,,100,12345
5.0,0.05,36,5,Donor-HCP-within,1.0,,,,100,12345
5.0,0.05,36,5,HCP,1.0,,,,100,12345
5.0,0.05,36,5,Pooling,1.0,41.848453086644696,41.848453086644696,0.0,0,12345
5.0,0.05,36,5,Repeated,1.0,,,,100,12345
5.0,0.05,36,5,S-HCP-within,0.97,32.888511649626366,32.80994609603012,1.8126054757568977,0,12345
5.0,0.05,36,5,Std-CP,0.79,5.391467824741755,4.747991943473437,3.0839746093493288,0,12345
5.0,0.05,36,5,Subsampling,1.0,,,,100,12345
5.0,0.05,36,10,Donor-HCP-no-within,1.0,39.46256169256743,38.824162962908574,7.742462334170158,0,12345
5.0,0.05,36,10,Donor-HCP-within,1.0,,,,100,12345
5.0,0.05,36,10,HCP,1.0,,,,100,12345
5.0,0.05,36,10,Pooling,1.0,41.848453086644696,41.848453086644696,0.0,0,12345
5.0,0.05,36,10,Repeated,1.0,,,,100,12345
5.0,0.05,36,10,S-HCP-within,0.96,32.649061703640875,32.45047458231903,1.454852524478451,0,12345
5.0,0.05,36,10,Std-CP,0.81,22.892399820074257,9.988045284492737,33.70813702135501,0,12345
5.0,0.05,36,10,Subsampling,1.0,,,,100,12345
5.0,0.05,36,15,Donor-HCP-no-within,1.0,37.37886726449386,40.018851720671876,7.639705483096771,0,12345
5.0,0.05,36,15,Donor-HCP-within,1.0,26.394370862601992,26.70615300938253,3.977097998012561,0,12345
5.0,0.05,36,15,HCP,1.0,,,,100,12345
5.0,0.05,36,15,Pooling,1.0,41.848453086644696,41.848453086644696,0.0,0,12345
5.0,0.05,36,15,Repeated,1.0,,,,100,12345
5.0,0.05,36,15,S-HCP-within,0.97,32.82534488624309,32.45047458231903,1.440973960796894,0,12345
5.0,0.05,36,15,Std-CP,0.88,8.545469263133645,7.261215731345909,4.821949227167504,0,12345
5.0,0.05,36,15,Subsampling,1.0,,,,100,12345
5.0,0.05,36,20,Donor-HCP-no-within,0.99,35.728369349749435,37.72398901405565,7.179543847330242,0,12345
5.0,0.05,36,20,Donor-HCP-within,0.98,19.061831689512857,19.457561334681657,3.1407377101859333,0,12345
5.0,0.05,36,20,HCP,1.0,,,,100,12345
5.0,0.05,36,20,Pooling,1.0,41.848453086644696,41.848453086644696,0.0,0,12345
5.0,0.05,36,20,Repeated,1.0,,,,100,12345
5.0,0.05,36,20,S-HCP-within,0.98,32.38874335755591,32.05950143473491,1.478340650775343,0,12345
5.0,0.05,36,20,Std-CP,0.97,7.05462169566227,6.566564993924731,3.034431942228602,0,12345
5.0,0.05,36,20,Subsampling,1.0,,,,100,12345
5.0,0.05,36,25,Donor-HCP-no-within,0.95,14.460732386502853,12.366540014353816,6.827405993712269,0,12345
5.0,0.05,36,25,Donor-HCP-within,1.0,,,,100,12345
5.0,0.05,36,25,HCP,1.0,,,,100,12345
5.0,0.05,36,25,Pooling,1.0,41.848453086644696,41.848453086644696,0.0,0,12345
5.0,0.05,36,25,Repeated,1.0,,,,100,12345
5.0,0.05,36,25,S-HCP-within,1.0,,,,100,12345
5.0,0.05,36,25,Std-CP,0.92,6.6956071264702235,6.606017678102235,2.220930969539345,0,12345
5.0,0.05,36,25,Subsampling,1.0,,,,100,12345
5.0,0.05,36,30,Donor-HCP-no-within,0.95,14.688892548322771,13.042668900350225,6.86598232118091,0,12345
5.0,0.05,36,30,Donor-HCP-within,1.0,,,,100,12345
5.0,0.05,36,30,HCP,1.0,,,,100,12345
5.0,0.05,36,30,Pooling,1.0,41.848453086644696,41.848453086644696,0.0,0,12345
5.0,0.05,36,30,Repeated,1.0,,,,100,12345
5.0,0.05,36,30,S-HCP-within,1.0,,,,100,12345
5.0,0.05,36,30,Std-CP,0.9,6.35381677195561,6.212588771809079,2.208119321008738,0,12345
5.0,0.05,36,30,Subsampling,1.0,,,,100,12345
5.0,0.05,36,35,Donor-HCP-no-within,0.95,14.797029737993673,13.042668900350225,6.89617819627402,0,12345
5.0,0.05,36,35,Donor-HCP-within,1.0,,,,100,12345
5.0,0.05,36,35,HCP,1.0,,,,100,12345
5.0,0.05,36,35,Pooling,1.0,41.848453086644696,41.848453086644696,0.0,0,12345
5.0,0.05,36,35,Repeated,1.0,,,,100,12345
5.0,0.05,36,35,S-HCP-within,1.0,,,,100,12345
5.0,0.05,36,35,Std-CP,0.91,6.4837228824610245,6.307634879113213,2.054847007892017,0,12345
5.0,0.05,36,35,Subsampling,1.0,,,,100,12345
5.0,0.05,37,0,Donor-HCP-no-within,1.0,,,,100,12345
5.0,0.05,37,0,Donor-HCP-within,1.0,,,,100,12345
5.0,0.05,37,0,HCP,1.0,,,,100,12345
5.0,0.05,37,0,Pooling,1.0,45.754419018967226,45.754419018967226,0.0,0,12345
5.0,0.05,37,0,Repeated,1.0,,,,100,12345
5.0,0.05,37,0,S-HCP-within,1.0,,,,100,12345
5.0,0.05,37,0,Std-CP,1.0,,,,100,12345
5.0,0.05,37,0,Subsampling,1.0,,,,100,12345
5.0,0.05,37,5,Donor-HCP-no-within,1.0,,,,100,12345
5.0,0.05,37,5,Donor-HCP-within,1.0,,,,100,12345
5.0,0.05,37,5,HCP,1.0,,,,100,12345
5.0,0.05,37,5,Pooling,1.0,45.754419018967226,45.754419018967226,0.0,0,12345
5.0,0.05,37,5,Repeated,1.0,,,,100,12345
5.0,0.05,37,5,S-HCP-within,1.0,44.057518298989905,44.182720071109955,1.3244321898980134,0,12345
5.0,0.05,37,5,Std-CP,0.77,6.0708270679292875,5.148883792959668,4.314106840557809,0,12345
5.0,0.05,37,5,Subsampling,1.0,,,,100,12345
5.0,0.05,37,10,Donor-HCP-no-within,1.0,46.54982845455775,48.35490376528295,5.206312759468793,0,12345
5.0,0.05,37,10,Donor-HCP-within,1.0,,,,100,12345
5.0,0.05,37,10,HCP,1.0,,,,100,12345
5.0,0.05,37,10,Pooling,1.0,45.754419018967226,45.754419018967226,0.0,0,12345
5.0,0.05,37,10,Repeated,1.0,,,,100,12345
5.0,0.05,37,10,S-HCP-within,1.0,43.99498582382515,44.182720071109955,1.1356802389455367,0,12345
5.0,0.05,37,10,Std-CP,0.88,45.8401312310356,10.112523226931955,220.64697051285364,0,12345
5.0,0.05,37,10,Subsampling,1.0,,,,100,12345
5.0,0.05,37,15,Donor-HCP-no-within,1.0,42.712992062490656,41.22490422225671,5.072288611857456,0,12345
5.0,0.05,37,15,Donor-HCP-within,1.0,28.47396943614378,27.732337695028175,2.973449617521411,0,12345
5.0,0.05,37,15,HCP,1.0,,,,100,12345
5.0,0.05,37,15,Pooling,1.0,45.754419018967226,45.754419018967226,0.0,0,12345
5.0,0.05,37,15,Repeated,1.0,,,,100,12345
5.0,0.05,37,15,S-HCP-within,1.0,44.14795715646992,44.182720071109955,0.7796854379251293,0,12345
5.0,0.05,37,15,Std-CP,0.93,8.550439634939774,7.155396273086213,4.707853026621811,0,12345
5.0,0.05,37,15,Subsampling,1.0,,,,100,12345
5.0,0.05,37,20,Donor-HCP-no-within,0.99,41.01063563689376,39.83869168324422,5.345218270139258,0,12345
5.0,0.05,37,20,Donor-HCP-within,1.0,22.963530091200678,22.710466327962912,2.4486464147226643,0,12345
5.0,0.05,37,20,HCP,1.0,,,,100,12345
5.0,0.05,37,20,Pooling,1.0,45.754419018967226,45.754419018967226,0.0,0,12345
5.0,0.05,37,20,Repeated,1.0,,,,100,12345
5.0,0.05,37,20,S-HCP-within,1.0,43.405970718893194,43.49353684905911,0.9532148259276718,0,12345
5.0,0.05,37,20,Std-CP,0.93,6.598094122341766,5.800918332356925,2.468224892675424,0,12345
5.0,0.05,37,20,Subsampling,1.0,,,,100,12345
5.0,0.05,37,25,Donor-HCP-no-within,0.97,15.47568145631982,14.279649909612143,7.017594080024674,0,12345
5.0,0.05,37,25,Donor-HCP-within,1.0,,,,100,12345
5.0,0.05,37,25,HCP,1.0,,,,100,12345
5.0,0.05,37,25,Pooling,1.0,45.754419018967226,45.754419018967226,0.0,0,12345
5.0,0.05,37,25,Repeated,1.0,,,,100,12345
5.0,0.05,37,25,S-HCP-within,1.0,,,,100,12345
5.0,0.05,37,25,Std-CP,0.99,6.695203626006966,6.46028234394677,2.6343475062428627,0,12345
5.0,0.05,37,25,Subsampling,1.0,,,,100,12345
5.0,0.05,37,30,Donor-HCP-no-within,0.98,15.838897699229381,14.425806158703326,6.9605487491461755,0,12345
5.0,0.05,37,30,Donor-HCP-within,1.0,,,,100,12345
5.0,0.05,37,30,HCP,1.0,,,,100,12345
5.0,0.05,37,30,Pooling,1.0,45.754419018967226,45.754419018967226,0.0,0,12345
5.0,0.05,37,30,Repeated,1.0,,,,100,12345
5.0,0.05,37,30,S-HCP-within,1.0,,,,100,12345
5.0,0.05,37,30,Std-CP,0.92,6.206348963128479,5.711208796592899,2.024101263315965,0,12345
5.0,0.05,37,30,Subsampling,1.0,,,,100,12345
5.0,0.05,37,35,Donor-HCP-no-within,0.98,16.160681102093328,15.014161327881505,7.0551616015616325,0,12345
5.0,0.05,37,35,Donor-HCP-within,1.0,,,,100,12345
5.0,0.05,37,35,HCP,1.0,,,,100,12345
5.0,0.05,37,35,Pooling,1.0,45.754419018967226,45.754419018967226,0.0,0,12345
5.0,0.05,37,35,Repeated,1.0,,,,100,12345
5.0,0.05,37,35,S-HCP-within,1.0,,,,100,12345
5.0,0.05,37,35,Std-CP,0.97,6.341239597060901,5.709680931068558,2.243822277077741,0,12345
5.0,0.05,37,35,Subsampling,1.0,,,,100,12345
5.0,0.05,38,0,Donor-HCP-no-within,1.0,,,,100,12345
5.0,0.05,38,0,Donor-HCP-within,1.0,,,,100,12345
5.0,0.05,38,0,HCP,1.0,,,,100,12345
5.0,0.05,38,0,Pooling,0.97,30.188487272809965,30.188487272809965,1.1291265276791196e-15,0,12345
5.0,0.05,38,0,Repeated,1.0,,,,100,12345
5.0,0.05,38,0,S-HCP-within,1.0,,,,100,12345
5.0,0.05,38,0,Std-CP,1.0,,,,100,12345
5.0,0.05,38,0,Subsampling,1.0,,,,100,12345
5.0,0.05,38,5,Donor-HCP-no-within,1.0,,,,100,12345
5.0,0.05,38,5,Donor-HCP-within,1.0,,,,100,12345
5.0,0.05,38,5,HCP,1.0,,,,100,12345
5.0,0.05,38,5,Pooling,0.97,30.188487272809965,30.188487272809965,1.1291265276791196e-15,0,12345
5.0,0.05,38,5,Repeated,1.0,,,,100,12345
5.0,0.05,38,5,S-HCP-within,0.98,29.882073916265746,29.94146351691768,1.660333113342131,0,12345
5.0,0.05,38,5,Std-CP,0.86,6.944766346389748,5.826686885114375,4.967860634790703,0,12345
5.0,0.05,38,5,Subsampling,1.0,,,,100,12345
5.0,0.05,38,10,Donor-HCP-no-within,0.99,36.81727051193524,34.710149227469515,3.2911390606532485,0,12345
5.0,0.05,38,10,Donor-HCP-within,1.0,,,,100,12345
5.0,0.05,38,10,HCP,1.0,,,,100,12345
5.0,0.05,38,10,Pooling,0.97,30.188487272809965,30.188487272809965,1.1291265276791196e-15,0,12345
5.0,0.05,38,10,Repeated,1.0,,,,100,12345
5.0,0.05,38,10,S-HCP-within,0.98,29.439365769049722,29.11834722427276,1.2263838379674874,0,12345
5.0,0.05,38,10,Std-CP,0.85,140.9943349303294,12.739541671807338,712.3229171645518,0,12345
5.0,0.05,38,10,Subsampling,1.0,,,,100,12345
5.0,0.05,38,15,Donor-HCP-no-within,1.0,33.699792960992085,31.918893754017333,3.1915618809356165,0,12345
5.0,0.05,38,15,Donor-HCP-within,0.99,22.44411203559215,21.843577994130257,1.6291847513327398,0,12345
5.0,0.05,38,15,HCP,1.0,,,,100,12345
5.0,0.05,38,15,Pooling,0.97,30.188487272809965,30.188487272809965,1.1291265276791196e-15,0,12345
5.0,0.05,38,15,Repeated,1.0,,,,100,12345
5.0,0.05,38,15,S-HCP-within,0.97,29.883912262499805,29.94146351691768,1.3134000359981077,0,12345
5.0,0.05,38,15,Std-CP,0.89,9.604584685193688,8.268344887333797,5.5845345649655815,0,12345
5.0,0.05,38,15,Subsampling,1.0,,,,100,12345
5.0,0.05,38,20,Donor-HCP-no-within,0.98,31.50518864055013,30.577492612326377,2.8588293339771935,0,12345
5.0,0.05,38,20,Donor-HCP-within,0.99,17.485845408061785,16.837737295596117,1.384852344672765,0,12345
5.0,0.05,38,20,HCP,1.0,,,,100,12345
5.0,0.05,38,20,Pooling,0.97,30.188487272809965,30.188487272809965,1.1291265276791196e-15,0,12345
5.0,0.05,38,20,Repeated,1.0,,,,100,12345
5.0,0.05,38,20,S-HCP-within,0.97,29.056852729011897,28.813483322140268,0.9463451888028453,0,12345
5.0,0.05,38,20,Std-CP,0.95,6.988315816463566,6.495496070094509,3.1664016245406033,0,12345
5.0,0.05,38,20,Subsampling,1.0,,,,100,12345
5.0,0.05,38,25,Donor-HCP-no-within,0.99,14.750065832520674,12.872015657847351,6.732257148655829,0,12345
5.0,0.05,38,25,Donor-HCP-within,1.0,,,,100,12345
5.0,0.05,38,25,HCP,1.0,,,,100,12345
5.0,0.05,38,25,Pooling,0.97,30.188487272809965,30.188487272809965,1.1291265276791196e-15,0,12345
5.0,0.05,38,25,Repeated,1.0,,,,100,12345
5.0,0.05,38,25,S-HCP-within,1.0,,,,100,12345
5.0,0.05,38,25,Std-CP,0.93,6.836944935054293,6.361331694707664,2.61338704489282,0,12345
5.0,0.05,38,25,Subsampling,1.0,,,,100,12345
5.0,0.05,38,30,Donor-HCP-no-within,0.99,14.921957816155809,13.539358316307332,6.72846617277441,0,12345
5.0,0.05,38,30,Donor-HCP-within,1.0,,,,100,12345
5.0,0.05,38,30,HCP,1.0,,,,100,12345
5.0,0.05,38,30,Pooling,0.97,30.188487272809965,30.188487272809965,1.1291265276791196e-15,0,12345
5.0,0.05,38,30,Repeated,1.0,,,,100,12345
5.0,0.05,38,30,S-HCP-within,1.0,,,,100,12345
5.0,0.05,38,30,Std-CP,0.94,6.535959441197664,6.197117635868308,2.1191349835090265,0,12345
5.0,0.05,38,30,Subsampling,1.0,,,,100,12345
5.0,0.05,38,35,Donor-HCP-no-within,1.0,15.11173895502294,13.689611288241421,6.78542917869077,0,12345
5.0,0.05,38,35,Donor-HCP-within,1.0,,,,100,12345
5.0,0.05,38,35,HCP,1.0,,,,100,12345
5.0,0.05,38,35,Pooling,0.97,30.188487272809965,30.188487272809965,1.1291265276791196e-15,0,12345
5.0,0.05,38,35,Repeated,1.0,,,,100,12345
5.0,0.05,38,35,S-HCP-within,1.0,,,,100,12345
5.0,0.05,38,35,Std-CP,0.95,6.341158051935822,5.950979653823625,2.1496514666448765,0,12345
5.0,0.05,38,35,Subsampling,1.0,,,,100,12345
5.0,0.05,39,0,Donor-HCP-no-within,1.0,,,,100,12345
5.0,0.05,39,0,Donor-HCP-within,1.0,,,,100,12345
5.0,0.05,39,0,HCP,1.0,,,,100,12345
5.0,0.05,39,0,Pooling,0.84,21.399732890429135,21.399732890429135,3.5706115939831736e-16,0,12345
5.0,0.05,39,0,Repeated,1.0,,,,100,12345
5.0,0.05,39,0,S-HCP-within,1.0,,,,100,12345
5.0,0.05,39,0,Std-CP,1.0,,,,100,12345
5.0,0.05,39,0,Subsampling,1.0,,,,100,12345
5.0,0.05,39,5,Donor-HCP-no-within,1.0,,,,100,12345
5.0,0.05,39,5,Donor-HCP-within,1.0,,,,100,12345
5.0,0.05,39,5,HCP,1.0,,,,100,12345
5.0,0.05,39,5,Pooling,0.84,21.399732890429135,21.399732890429135,3.5706115939831736e-16,0,12345
5.0,0.05,39,5,Repeated,1.0,,,,100,12345
5.0,0.05,39,5,S-HCP-within,0.95,26.454725417817453,26.418232005328647,2.5588079933139536,0,12345
5.0,0.05,39,5,Std-CP,0.78,6.306289092171017,5.028057627673881,4.200446369243201,0,12345
5.0,0.05,39,5,Subsampling,1.0,,,,100,12345
5.0,0.05,39,10,Donor-HCP-no-within,0.99,27.5674476803701,26.383566868249844,3.292660846641464,0,12345
5.0,0.05,39,10,Donor-HCP-within,1.0,,,,100,12345
5.0,0.05,39,10,HCP,1.0,,,,100,12345
5.0,0.05,39,10,Pooling,0.84,21.399732890429135,21.399732890429135,3.5706115939831736e-16,0,12345
5.0,0.05,39,10,Repeated,1.0,,,,100,12345
5.0,0.05,39,10,S-HCP-within,0.94,26.355861042143765,26.25311637513064,2.226063379260904,0,12345
5.0,0.05,39,10,Std-CP,0.81,26.397068849412687,12.195038837590378,43.19112639248235,0,12345
5.0,0.05,39,10,Subsampling,1.0,,,,100,12345
5.0,0.05,39,15,Donor-HCP-no-within,0.94,24.531087002235036,22.869921438522894,4.31589709003756,0,12345
5.0,0.05,39,15,Donor-HCP-within,0.98,18.324427045492858,18.035268197181068,1.8875610308310884,0,12345
5.0,0.05,39,15,HCP,1.0,,,,100,12345
5.0,0.05,39,15,Pooling,0.84,21.399732890429135,21.399732890429135,3.5706115939831736e-16,0,12345
5.0,0.05,39,15,Repeated,1.0,,,,100,12345
5.0,0.05,39,15,S-HCP-within,0.95,26.456070559906756,26.25311637513064,2.25065592493563,0,12345
5.0,0.05,39,15,Std-CP,0.9,9.445219749946196,7.756548286460478,6.198278158032766,0,12345
5.0,0.05,39,15,Subsampling,1.0,,,,100,12345
5.0,0.05,39,20,Donor-HCP-no-within,0.88,23.139759906763473,22.147680250428493,3.489861984912312,0,12345
5.0,0.05,39,20,Donor-HCP-within,0.89,12.751862781309432,12.216856113876736,1.7855409547254193,0,12345
5.0,0.05,39,20,HCP,1.0,,,,100,12345
5.0,0.05,39,20,Pooling,0.84,21.399732890429135,21.399732890429135,3.5706115939831736e-16,0,12345
5.0,0.05,39,20,Repeated,1.0,,,,100,12345
5.0,0.05,39,20,S-HCP-within,0.95,25.95384202788817,25.359770146082866,2.169555859122064,0,12345
5.0,0.05,39,20,Std-CP,0.89,6.774513085382748,6.467725992791678,2.642455472661992,0,12345
5.0,0.05,39,20,Subsampling,1.0,,,,100,12345
5.0,0.05,39,25,Donor-HCP-no-within,0.95,16.91321678370899,14.023882525911429,9.329829354147678,0,12345
5.0,0.05,39,25,Donor-HCP-within,1.0,,,,100,12345
5.0,0.05,39,25,HCP,1.0,,,,100,12345
5.0,0.05,39,25,Pooling,0.84,21.399732890429135,21.399732890429135,3.5706115939831736e-16,0,12345
5.0,0.05,39,25,Repeated,1.0,,,,100,12345
5.0,0.05,39,25,S-HCP-within,1.0,,,,100,12345
5.0,0.05,39,25,Std-CP,0.94,6.761867533759967,6.167839723448868,3.0214831184414064,0,12345
5.0,0.05,39,25,Subsampling,1.0,,,,100,12345
5.0,0.05,39,30,Donor-HCP-no-within,0.96,17.205684922248935,15.234949437887124,9.3502842878816,0,12345
5.0,0.05,39,30,Donor-HCP-within,1.0,,,,100,12345
5.0,0.05,39,30,HCP,1.0,,,,100,12345
5.0,0.05,39,30,Pooling,0.84,21.399732890429135,21.399732890429135,3.5706115939831736e-16,0,12345
5.0,0.05,39,30,Repeated,1.0,,,,100,12345
5.0,0.05,39,30,S-HCP-within,1.0,,,,100,12345
5.0,0.05,39,30,Std-CP,0.94,6.383736817275451,6.22935392357821,2.1453492226197532,0,12345
5.0,0.05,39,30,Subsampling,1.0,,,,100,12345
5.0,0.05,39,35,Donor-HCP-no-within,0.96,17.388909782551565,15.234949437887124,9.228889687141068,0,12345
5.0,0.05,39,35,Donor-HCP-within,1.0,,,,100,12345
5.0,0.05,39,35,HCP,1.0,,,,100,12345
5.0,0.05,39,35,Pooling,0.84,21.399732890429135,21.399732890429135,3.5706115939831736e-16,0,12345
5.0,0.05,39,35,Repeated,1.0,,,,100,12345
5.0,0.05,39,35,S-HCP-within,1.0,,,,100,12345
5.0,0.05,39,35,Std-CP,0.93,6.554222674097457,6.2617492297063935,2.0512321882806233,0,12345
5.0,0.05,39,35,Subsampling,1.0,,,,100,12345
5.0,0.05,40,0,Donor-HCP-no-within,1.0,,,,100,12345
5.0,0.05,40,0,Donor-HCP-within,1.0,,,,100,12345
5.0,0.05,40,0,HCP,1.0,,,,100,12345
5.0,0.05,40,0,Pooling,0.91,24.653492004583605,24.653492004583605,1.7492352949848955e-15,0,12345
5.0,0.05,40,0,Repeated,1.0,,,,100,12345
5.0,0.05,40,0,S-HCP-within,1.0,,,,100,12345
5.0,0.05,40,0,Std-CP,1.0,,,,100,12345
5.0,0.05,40,0,Subsampling,1.0,,,,100,12345
5.0,0.05,40,5,Donor-HCP-no-within,1.0,,,,100,12345
5.0,0.05,40,5,Donor-HCP-within,1.0,,,,100,12345
5.0,0.05,40,5,HCP,1.0,,,,100,12345
5.0,0.05,40,5,Pooling,0.91,24.653492004583605,24.653492004583605,1.7492352949848955e-15,0,12345
5.0,0.05,40,5,Repeated,1.0,,,,100,12345
5.0,0.05,40,5,S-HCP-within,0.86,19.51007568348649,18.799095662479893,3.62995508008648,0,12345
5.0,0.05,40,5,Std-CP,0.87,6.925560958029173,5.891252942978964,4.609665622509643,0,12345
5.0,0.05,40,5,Subsampling,1.0,,,,100,12345
5.0,0.05,40,10,Donor-HCP-no-within,0.97,29.417202804373982,29.8649143637275,5.074192660187518,0,12345
5.0,0.05,40,10,Donor-HCP-within,1.0,,,,100,12345
5.0,0.05,40,10,HCP,1.0,,,,100,12345
5.0,0.05,40,10,Pooling,0.91,24.653492004583605,24.653492004583605,1.7492352949848955e-15,0,12345
5.0,0.05,40,10,Repeated,1.0,,,,100,12345
5.0,0.05,40,10,S-HCP-within,0.88,19.69644399557265,18.799095662479893,3.467674045266984,0,12345
5.0,0.05,40,10,Std-CP,0.91,37.49936629872139,12.078412649218397,122.83640487513613,0,12345
5.0,0.05,40,10,Subsampling,1.0,,,,100,12345
5.0,0.05,40,15,Donor-HCP-no-within,0.93,26.075415500108633,26.382549456017735,4.809220654213016,0,12345
5.0,0.05,40,15,Donor-HCP-within,0.96,18.216000266432644,19.276500393469114,3.641060040809776,0,12345
5.0,0.05,40,15,HCP,1.0,,,,100,12345
5.0,0.05,40,15,Pooling,0.91,24.653492004583605,24.653492004583605,1.7492352949848955e-15,0,12345
5.0,0.05,40,15,Repeated,1.0,,,,100,12345
5.0,0.05,40,15,S-HCP-within,0.88,19.954224504721562,19.041521477496566,3.3442989549358817,0,12345
5.0,0.05,40,15,Std-CP,0.9,10.032941733386197,7.984879877245472,7.313390403047563,0,12345
5.0,0.05,40,15,Subsampling,1.0,,,,100,12345
5.0,0.05,40,20,Donor-HCP-no-within,0.94,24.13892087398593,24.955769369648493,5.556752147191168,0,12345
5.0,0.05,40,20,Donor-HCP-within,0.95,14.328586329947402,15.012959083784978,2.5246889879775662,0,12345
5.0,0.05,40,20,HCP,1.0,,,,100,12345
5.0,0.05,40,20,Pooling,0.91,24.653492004583605,24.653492004583605,1.7492352949848955e-15,0,12345
5.0,0.05,40,20,Repeated,1.0,,,,100,12345
5.0,0.05,40,20,S-HCP-within,0.84,19.186983617333198,18.417993576286563,3.164725574031585,0,12345
5.0,0.05,40,20,Std-CP,0.96,7.151989556952889,6.408639847087329,2.9878161133780887,0,12345
5.0,0.05,40,20,Subsampling,1.0,,,,100,12345
5.0,0.05,40,25,Donor-HCP-no-within,0.98,17.13576529137504,15.961225674921726,7.996645515187523,0,12345
5.0,0.05,40,25,Donor-HCP-within,1.0,,,,100,12345
5.0,0.05,40,25,HCP,1.0,,,,100,12345
5.0,0.05,40,25,Pooling,0.91,24.653492004583605,24.653492004583605,1.7492352949848955e-15,0,12345
5.0,0.05,40,25,Repeated,1.0,,,,100,12345
5.0,0.05,40,25,S-HCP-within,1.0,,,,100,12345
5.0,0.05,40,25,Std-CP,0.96,6.506631115264464,6.025808143021582,2.424214763773555,0,12345
5.0,0.05,40,25,Subsampling,1.0,,,,100,12345
5.0,0.05,40,30,Donor-HCP-no-within,0.98,17.295354300882448,16.340571600410655,7.986786161439841,0,12345
5.0,0.05,40,30,Donor-HCP-within,1.0,,,,100,12345
5.0,0.05,40,30,HCP,1.0,,,,100,12345
5.0,0.05,40,30,Pooling,0.91,24.653492004583605,24.653492004583605,1.7492352949848955e-15,0,12345
5.0,0.05,40,30,Repeated,1.0,,,,100,12345
5.0,0.05,40,30,S-HCP-within,1.0,,,,100,12345
5.0,0.05,40,30,Std-CP,0.95,6.503692274089372,6.0935563475293,2.163720863701745,0,12345
5.0,0.05,40,30,Subsampling,1.0,,,,100,12345
5.0,0.05,40,35,Donor-HCP-no-within,0.98,17.483805889297102,16.340571600410655,7.84736573701152,0,12345
5.0,0.05,40,35,Donor-HCP-within,1.0,,,,100,12345
5.0,0.05,40,35,HCP,1.0,,,,100,12345
5.0,0.05,40,35,Pooling,0.91,24.653492004583605,24.653492004583605,1.7492352949848955e-15,0,12345
5.0,0.05,40,35,Repeated,1.0,,,,100,12345
5.0,0.05,40,35,S-HCP-within,1.0,,,,100,12345
5.0,0.05,40,35,Std-CP,0.96,6.390425206153882,5.917406999350417,2.0292360402665492,0,12345
5.0,0.05,40,35,Subsampling,1.0,,,,100,12345
5.0,0.05,41,0,Donor-HCP-no-within,1.0,,,,100,12345
5.0,0.05,41,0,Donor-HCP-within,1.0,,,,100,12345
5.0,0.05,41,0,HCP,1.0,,,,100,12345
5.0,0.05,41,0,Pooling,0.96,25.981352608548526,25.981352608548526,0.0,0,12345
5.0,0.05,41,0,Repeated,1.0,,,,100,12345
5.0,0.05,41,0,S-HCP-within,1.0,,,,100,12345
5.0,0.05,41,0,Std-CP,1.0,,,,100,12345
5.0,0.05,41,0,Subsampling,1.0,,,,100,12345
5.0,0.05,41,5,Donor-HCP-no-within,1.0,,,,100,12345
5.0,0.05,41,5,Donor-HCP-within,1.0,,,,100,12345
5.0,0.05,41,5,HCP,1.0,,,,100,12345
5.0,0.05,41,5,Pooling,0.96,25.981352608548526,25.981352608548526,0.0,0,12345
5.0,0.05,41,5,Repeated,1.0,,,,100,12345
5.0,0.05,41,5,S-HCP-within,0.99,26.680663353415866,26.8571192772039,1.8321583204180314,0,12345
5.0,0.05,41,5,Std-CP,0.76,6.565590723991899,5.0401840173501755,4.294412591886588,0,12345
5.0,0.05,41,5,Subsampling,1.0,,,,100,12345
5.0,0.05,41,10,Donor-HCP-no-within,1.0,38.77742711431194,40.29260284066038,5.663810866285849,0,12345
5.0,0.05,41,10,Donor-HCP-within,1.0,,,,100,12345
5.0,0.05,41,10,HCP,1.0,,,,100,12345
5.0,0.05,41,10,Pooling,0.96,25.981352608548526,25.981352608548526,0.0,0,12345
5.0,0.05,41,10,Repeated,1.0,,,,100,12345
5.0,0.05,41,10,S-HCP-within,0.99,26.316615554900967,26.21318463904911,1.8287623004120697,0,12345
5.0,0.05,41,10,Std-CP,0.81,58.7889594737051,11.174242734365592,328.17351889341745,0,12345
5.0,0.05,41,10,Subsampling,1.0,,,,100,12345
5.0,0.05,41,15,Donor-HCP-no-within,1.0,32.82271084367719,33.311434696923584,5.525835459295472,0,12345
5.0,0.05,41,15,Donor-HCP-within,0.97,22.920838038030073,22.27228690524789,3.092500849064361,0,12345
5.0,0.05,41,15,HCP,1.0,,,,100,12345
5.0,0.05,41,15,Pooling,0.96,25.981352608548526,25.981352608548526,0.0,0,12345
5.0,0.05,41,15,Repeated,1.0,,,,100,12345
5.0,0.05,41,15,S-HCP-within,0.99,26.709122717399104,26.8571192772039,1.5243927549686052,0,12345
5.0,0.05,41,15,Std-CP,0.86,9.357645591213437,6.778512901395206,11.884912356212247,0,12345
5.0,0.05,41,15,Subsampling,1.0,,,,100,12345
5.0,0.05,41,20,Donor-HCP-no-within,1.0,29.83096889148809,28.661397373520394,4.198908390869241,0,12345
5.0,0.05,41,20,Donor-HCP-within,1.0,18.357246635246202,17.866325657895516,2.7271122069789886,0,12345
5.0,0.05,41,20,HCP,1.0,,,,100,12345
5.0,0.05,41,20,Pooling,0.96,25.981352608548526,25.981352608548526,0.0,0,12345
5.0,0.05,41,20,Repeated,1.0,,,,100,12345
5.0,0.05,41,20,S-HCP-within,0.99,25.726308114460444,25.172753272875106,1.6685434034064826,0,12345
5.0,0.05,41,20,Std-CP,0.91,6.673758216305503,5.879584095345027,2.685169722187679,0,12345
5.0,0.05,41,20,Subsampling,1.0,,,,100,12345
5.0,0.05,41,25,Donor-HCP-no-within,0.95,17.575407139087893,16.084604782461536,7.465506398626167,0,12345
5.0,0.05,41,25,Donor-HCP-within,1.0,,,,100,12345
5.0,0.05,41,25,HCP,1.0,,,,100,12345
5.0,0.05,41,25,Pooling,0.96,25.981352608548526,25.981352608548526,0.0,0,12345
5.0,0.05,41,25,Repeated,1.0,,,,100,12345
5.0,0.05,41,25,S-HCP-within,1.0,,,,100,12345
5.0,0.05,41,25,Std-CP,0.95,6.806205316638236,6.6028560981495446,2.381413008998322,0,12345
5.0,0.05,41,25,Subsampling,1.0,,,,100,12345
5.0,0.05,41,30,Donor-HCP-no-within,0.95,17.92693821630521,16.29856822770966,7.481325346344862,0,12345
5.0,0.05,41,30,Donor-HCP-within,1.0,,,,100,12345
5.0,0.05,41,30,HCP,1.0,,,,100,12345
5.0,0.05,41,30,Pooling,0.96,25.981352608548526,25.981352608548526,0.0,0,12345
5.0,0.05,41,30,Repeated,1.0,,,,100,12345
5.0,0.05,41,30,S-HCP-within,1.0,,,,100,12345
5.0,0.05,41,30,Std-CP,0.95,6.791288644636844,6.209075909516107,2.4487675968282177,0,12345
5.0,0.05,41,30,Subsampling,1.0,,,,100,12345
5.0,0.05,41,35,Donor-HCP-no-within,0.95,18.213857759398987,16.51126908282726,7.583955998423029,0,12345
5.0,0.05,41,35,Donor-HCP-within,1.0,,,,100,12345
5.0,0.05,41,35,HCP,1.0,,,,100,12345
5.0,0.05,41,35,Pooling,0.96,25.981352608548526,25.981352608548526,0.0,0,12345
5.0,0.05,41,35,Repeated,1.0,,,,100,12345
5.0,0.05,41,35,S-HCP-within,1.0,,,,100,12345
5.0,0.05,41,35,Std-CP,0.93,6.476136247567872,6.374655681582134,1.86905328219354,0,12345
5.0,0.05,41,35,Subsampling,1.0,,,,100,12345
5.0,0.05,42,0,Donor-HCP-no-within,1.0,,,,100,12345
5.0,0.05,42,0,Donor-HCP-within,1.0,,,,100,12345
5.0,0.05,42,0,HCP,1.0,,,,100,12345
5.0,0.05,42,0,Pooling,0.85,46.738028866386564,46.73802886638657,7.141223187966347e-16,0,12345
5.0,0.05,42,0,Repeated,1.0,,,,100,12345
5.0,0.05,42,0,S-HCP-within,1.0,,,,100,12345
5.0,0.05,42,0,Std-CP,1.0,,,,100,12345
5.0,0.05,42,0,Subsampling,1.0,,,,100,12345
5.0,0.05,42,5,Donor-HCP-no-within,1.0,,,,100,12345
5.0,0.05,42,5,Donor-HCP-within,1.0,,,,100,12345
5.0,0.05,42,5,HCP,1.0,,,,100,12345
5.0,0.05,42,5,Pooling,0.85,46.738028866386564,46.73802886638657,7.141223187966347e-16,0,12345
5.0,0.05,42,5,Repeated,1.0,,,,100,12345
5.0,0.05,42,5,S-HCP-within,0.95,27.223499274833035,27.19940489441815,2.310470537089588,0,12345
5.0,0.05,42,5,Std-CP,0.79,6.725442465422426,5.2001241401481835,6.998443035108856,0,12345
5.0,0.05,42,5,Subsampling,1.0,,,,100,12345
5.0,0.05,42,10,Donor-HCP-no-within,1.0,47.405407041900624,45.73769484119239,9.576670607376194,0,12345
5.0,0.05,42,10,Donor-HCP-within,1.0,,,,100,12345
5.0,0.05,42,10,HCP,1.0,,,,100,12345
5.0,0.05,42,10,Pooling,0.85,46.738028866386564,46.73802886638657,7.141223187966347e-16,0,12345
5.0,0.05,42,10,Repeated,1.0,,,,100,12345
5.0,0.05,42,10,S-HCP-within,0.96,26.882120177590174,26.283798601016542,1.79629911301345,0,12345
5.0,0.05,42,10,Std-CP,0.87,211.66376137482897,13.920081154670703,1416.6807513065287,0,12345
5.0,0.05,42,10,Subsampling,1.0,,,,100,12345
5.0,0.05,42,15,Donor-HCP-no-within,0.92,40.13912927917673,40.07329453314442,9.827100713223375,0,12345
5.0,0.05,42,15,Donor-HCP-within,0.97,29.002846664380225,27.7200655381899,5.368073305723916,0,12345
5.0,0.05,42,15,HCP,1.0,,,,100,12345
5.0,0.05,42,15,Pooling,0.85,46.738028866386564,46.73802886638657,7.141223187966347e-16,0,12345
5.0,0.05,42,15,Repeated,1.0,,,,100,12345
5.0,0.05,42,15,S-HCP-within,0.96,27.18725075440347,26.819890721986322,1.656590391267043,0,12345
5.0,0.05,42,15,Std-CP,0.91,8.629242025986231,8.042260360811131,3.7127625512413225,0,12345
5.0,0.05,42,15,Subsampling,1.0,,,,100,12345
5.0,0.05,42,20,Donor-HCP-no-within,0.88,40.0443342460952,37.72420439925419,10.768431849960956,0,12345
5.0,0.05,42,20,Donor-HCP-within,0.92,20.09266015421228,19.164923719035784,5.296352430821467,0,12345
5.0,0.05,42,20,HCP,1.0,,,,100,12345
5.0,0.05,42,20,Pooling,0.85,46.738028866386564,46.73802886638657,7.141223187966347e-16,0,12345
5.0,0.05,42,20,Repeated,1.0,,,,100,12345
5.0,0.05,42,20,S-HCP-within,0.95,26.233297688479542,26.128408450349163,1.5181179615376723,0,12345
5.0,0.05,42,20,Std-CP,0.93,6.767846666304813,6.2292398714907105,3.142889189467489,0,12345
5.0,0.05,42,20,Subsampling,1.0,,,,100,12345
5.0,0.05,42,25,Donor-HCP-no-within,0.97,18.52337859815358,17.296033689246464,8.539566703433202,0,12345
5.0,0.05,42,25,Donor-HCP-within,1.0,,,,100,12345
5.0,0.05,42,25,HCP,1.0,,,,100,12345
5.0,0.05,42,25,Pooling,0.85,46.738028866386564,46.73802886638657,7.141223187966347e-16,0,12345
5.0,0.05,42,25,Repeated,1.0,,,,100,12345
5.0,0.05,42,25,S-HCP-within,1.0,,,,100,12345
5.0,0.05,42,25,Std-CP,0.93,7.026561740352881,6.418846254449132,2.7133398769438672,0,12345
5.0,0.05,42,25,Subsampling,1.0,,,,100,12345
5.0,0.05,42,30,Donor-HCP-no-within,0.98,18.80559096484612,17.553271817649588,8.431725733464422,0,12345
5.0,0.05,42,30,Donor-HCP-within,1.0,,,,100,12345
5.0,0.05,42,30,HCP,1.0,,,,100,12345
5.0,0.05,42,30,Pooling,0.85,46.738028866386564,46.73802886638657,7.141223187966347e-16,0,12345
5.0,0.05,42,30,Repeated,1.0,,,,100,12345
5.0,0.05,42,30,S-HCP-within,1.0,,,,100,12345
5.0,0.05,42,30,Std-CP,0.96,6.541363329198297,6.289484782254546,1.8416861207252204,0,12345
5.0,0.05,42,30,Subsampling,1.0,,,,100,12345
5.0,0.05,42,35,Donor-HCP-no-within,0.98,19.039158134727874,17.829209297319064,8.435084626703576,0,12345
5.0,0.05,42,35,Donor-HCP-within,1.0,,,,100,12345
5.0,0.05,42,35,HCP,1.0,,,,100,12345
5.0,0.05,42,35,Pooling,0.85,46.738028866386564,46.73802886638657,7.141223187966347e-16,0,12345
5.0,0.05,42,35,Repeated,1.0,,,,100,12345
5.0,0.05,42,35,S-HCP-within,1.0,,,,100,12345
5.0,0.05,42,35,Std-CP,0.96,6.447746294830412,6.278752635646359,1.6674812426743626,0,12345
5.0,0.05,42,35,Subsampling,1.0,,,,100,12345
5.0,0.05,43,0,Donor-HCP-no-within,1.0,,,,100,12345
5.0,0.05,43,0,Donor-HCP-within,1.0,,,,100,12345
5.0,0.05,43,0,HCP,1.0,,,,100,12345
5.0,0.05,43,0,Pooling,0.99,87.2449694719813,87.2449694719813,0.0,0,12345
5.0,0.05,43,0,Repeated,1.0,,,,100,12345
5.0,0.05,43,0,S-HCP-within,1.0,,,,100,12345
5.0,0.05,43,0,Std-CP,1.0,,,,100,12345
5.0,0.05,43,0,Subsampling,1.0,,,,100,12345
5.0,0.05,43,5,Donor-HCP-no-within,1.0,,,,100,12345
5.0,0.05,43,5,Donor-HCP-within,1.0,,,,100,12345
5.0,0.05,43,5,HCP,1.0,,,,100,12345
5.0,0.05,43,5,Pooling,0.99,87.2449694719813,87.2449694719813,0.0,0,12345
5.0,0.05,43,5,Repeated,1.0,,,,100,12345
5.0,0.05,43,5,S-HCP-within,0.97,73.46167966779113,73.09790599822949,2.8663294316845014,0,12345
5.0,0.05,43,5,Std-CP,0.78,5.88070918056111,4.677355992251028,3.952832671837647,0,12345
5.0,0.05,43,5,Subsampling,1.0,,,,100,12345
5.0,0.05,43,10,Donor-HCP-no-within,1.0,63.9451579865371,70.91519860278842,16.845005545861987,0,12345
5.0,0.05,43,10,Donor-HCP-within,1.0,,,,100,12345
5.0,0.05,43,10,HCP,1.0,,,,100,12345
5.0,0.05,43,10,Pooling,0.99,87.2449694719813,87.2449694719813,0.0,0,12345
5.0,0.05,43,10,Repeated,1.0,,,,100,12345
5.0,0.05,43,10,S-HCP-within,0.97,72.91093725893585,72.69075209071111,2.6324924053300927,0,12345
5.0,0.05,43,10,Std-CP,0.87,44.94797930449912,13.078261485069309,132.92469652260368,0,12345
5.0,0.05,43,10,Subsampling,1.0,,,,100,12345
5.0,0.05,43,15,Donor-HCP-no-within,0.99,63.73673374245973,70.2800907787354,15.361592931827154,0,12345
5.0,0.05,43,15,Donor-HCP-within,0.99,42.87508468025705,48.00326679123505,10.349851974737893,0,12345
5.0,0.05,43,15,HCP,1.0,,,,100,12345
5.0,0.05,43,15,Pooling,0.99,87.2449694719813,87.2449694719813,0.0,0,12345
5.0,0.05,43,15,Repeated,1.0,,,,100,12345
5.0,0.05,43,15,S-HCP-within,0.97,73.29229159386365,72.7170783166012,2.1556093292287324,0,12345
5.0,0.05,43,15,Std-CP,0.94,8.027096656558518,7.386792873959065,4.16342813175428,0,12345
5.0,0.05,43,15,Subsampling,1.0,,,,100,12345
5.0,0.05,43,20,Donor-HCP-no-within,1.0,61.84284515392256,67.3356606097246,15.344122014333015,0,12345
5.0,0.05,43,20,Donor-HCP-within,0.98,32.021638022109244,35.00548433049008,7.773258006941334,0,12345
5.0,0.05,43,20,HCP,1.0,,,,100,12345
5.0,0.05,43,20,Pooling,0.99,87.2449694719813,87.2449694719813,0.0,0,12345
5.0,0.05,43,20,Repeated,1.0,,,,100,12345
5.0,0.05,43,20,S-HCP-within,0.97,72.5108783195799,72.16177347566777,1.8824125303846693,0,12345
5.0,0.05,43,20,Std-CP,0.96,6.910816877533082,6.290974925563873,3.682046296381655,0,12345
5.0,0.05,43,20,Subsampling,1.0,,,,100,12345
5.0,0.05,43,25,Donor-HCP-no-within,0.97,17.946003356849534,17.39750296520569,7.55324836044379,0,12345
5.0,0.05,43,25,Donor-HCP-within,1.0,,,,100,12345
5.0,0.05,43,25,HCP,1.0,,,,100,12345
5.0,0.05,43,25,Pooling,0.99,87.2449694719813,87.2449694719813,0.0,0,12345
5.0,0.05,43,25,Repeated,1.0,,,,100,12345
5.0,0.05,43,25,S-HCP-within,1.0,,,,100,12345
5.0,0.05,43,25,Std-CP,0.95,6.589912425763711,5.903864151466179,2.7555861512994517,0,12345
5.0,0.05,43,25,Subsampling,1.0,,,,100,12345
5.0,0.05,43,30,Donor-HCP-no-within,0.97,18.125617136830964,17.39750296520569,7.652038353546806,0,12345
5.0,0.05,43,30,Donor-HCP-within,1.0,,,,100,12345
5.0,0.05,43,30,HCP,1.0,,,,100,12345
5.0,0.05,43,30,Pooling,0.99,87.2449694719813,87.2449694719813,0.0,0,12345
5.0,0.05,43,30,Repeated,1.0,,,,100,12345
5.0,0.05,43,30,S-HCP-within,1.0,,,,100,12345
5.0,0.05,43,30,Std-CP,0.96,6.333920365914266,5.915785933637794,2.1789204314404116,0,12345
5.0,0.05,43,30,Subsampling,1.0,,,,100,12345
5.0,0.05,43,35,Donor-HCP-no-within,0.97,18.453367147038296,17.751523863170988,7.666120630387157,0,12345
5.0,0.05,43,35,Donor-HCP-within,1.0,,,,100,12345
5.0,0.05,43,35,HCP,1.0,,,,100,12345
5.0,0.05,43,35,Pooling,0.99,87.2449694719813,87.2449694719813,0.0,0,12345
5.0,0.05,43,35,Repeated,1.0,,,,100,12345
5.0,0.05,43,35,S-HCP-within,1.0,,,,100,12345
5.0,0.05,43,35,Std-CP,0.97,6.503089655743757,5.950979480916797,2.2444791654675837,0,12345
5.0,0.05,43,35,Subsampling,1.0,,,,100,12345
5.0,0.05,44,0,Donor-HCP-no-within,1.0,,,,100,12345
5.0,0.05,44,0,Donor-HCP-within,1.0,,,,100,12345
5.0,0.05,44,0,HCP,1.0,,,,100,12345
5.0,0.05,44,0,Pooling,1.0,44.67793819491416,44.67793819491416,0.0,0,12345
5.0,0.05,44,0,Repeated,1.0,,,,100,12345
5.0,0.05,44,0,S-HCP-within,1.0,,,,100,12345
5.0,0.05,44,0,Std-CP,1.0,,,,100,12345
5.0,0.05,44,0,Subsampling,1.0,,,,100,12345
5.0,0.05,44,5,Donor-HCP-no-within,1.0,,,,100,12345
5.0,0.05,44,5,Donor-HCP-within,1.0,,,,100,12345
5.0,0.05,44,5,HCP,1.0,,,,100,12345
5.0,0.05,44,5,Pooling,1.0,44.67793819491416,44.67793819491416,0.0,0,12345
5.0,0.05,44,5,Repeated,1.0,,,,100,12345
5.0,0.05,44,5,S-HCP-within,0.98,33.08825502149977,32.915893445248834,2.323372483920603,0,12345
5.0,0.05,44,5,Std-CP,0.75,6.100191754188064,4.7911345299885895,4.78066403753651,0,12345
5.0,0.05,44,5,Subsampling,1.0,,,,100,12345
5.0,0.05,44,10,Donor-HCP-no-within,1.0,50.019478643923165,52.491060180438566,5.449190415884283,0,12345
5.0,0.05,44,10,Donor-HCP-within,1.0,,,,100,12345
5.0,0.05,44,10,HCP,1.0,,,,100,12345
5.0,0.05,44,10,Pooling,1.0,44.67793819491416,44.67793819491416,0.0,0,12345
5.0,0.05,44,10,Repeated,1.0,,,,100,12345
5.0,0.05,44,10,S-HCP-within,0.98,32.339472763647045,31.83422009236557,1.7127790226310253,0,12345
5.0,0.05,44,10,Std-CP,0.85,40.4845169119663,14.832098811149798,76.87686749513146,0,12345
5.0,0.05,44,10,Subsampling,1.0,,,,100,12345
5.0,0.05,44,15,Donor-HCP-no-within,1.0,43.657467437111215,45.87954763935733,6.196454267939388,0,12345
5.0,0.05,44,15,Donor-HCP-within,1.0,29.10077171639817,29.687554495205347,2.8397865647421425,0,12345
5.0,0.05,44,15,HCP,1.0,,,,100,12345
5.0,0.05,44,15,Pooling,1.0,44.67793819491416,44.67793819491416,0.0,0,12345
5.0,0.05,44,15,Repeated,1.0,,,,100,12345
5.0,0.05,44,15,S-HCP-within,0.98,32.594186390181996,32.43568142334258,1.6478347761966805,0,12345
5.0,0.05,44,15,Std-CP,0.89,8.848281760443632,8.003453480504916,4.118315521632486,0,12345
5.0,0.05,44,15,Subsampling,1.0,,,,100,12345
5.0,0.05,44,20,Donor-HCP-no-within,1.0,41.228540932494305,43.069063195572824,6.104617265085866,0,12345
5.0,0.05,44,20,Donor-HCP-within,1.0,21.886594038971158,22.117019199560403,2.436532070620594,0,12345
5.0,0.05,44,20,HCP,1.0,,,,100,12345
5.0,0.05,44,20,Pooling,1.0,44.67793819491416,44.67793819491416,0.0,0,12345
5.0,0.05,44,20,Repeated,1.0,,,,100,12345
5.0,0.05,44,20,S-HCP-within,0.97,31.888690283575244,31.652527657027512,1.52374998558237,0,12345
5.0,0.05,44,20,Std-CP,0.89,6.8046774877254235,6.494275455961436,2.1808479692126417,0,12345
5.0,0.05,44,20,Subsampling,1.0,,,,100,12345
5.0,0.05,44,25,Donor-HCP-no-within,0.98,14.948362330452898,14.599248750449082,6.28575284873788,0,12345
5.0,0.05,44,25,Donor-HCP-within,1.0,,,,100,12345
5.0,0.05,44,25,HCP,1.0,,,,100,12345
5.0,0.05,44,25,Pooling,1.0,44.67793819491416,44.67793819491416,0.0,0,12345
5.0,0.05,44,25,Repeated,1.0,,,,100,12345
5.0,0.05,44,25,S-HCP-within,1.0,,,,100,12345
5.0,0.05,44,25,Std-CP,0.95,6.974077958162249,6.647166900607607,2.415318796475311,0,12345
5.0,0.05,44,25,Subsampling,1.0,,,,100,12345
5.0,0.05,44,30,Donor-HCP-no-within,0.98,15.163298944144753,14.599248750449082,6.127696004870636,0,12345
5.0,0.05,44,30,Donor-HCP-within,1.0,,,,100,12345
5.0,0.05,44,30,HCP,1.0,,,,100,12345
5.0,0.05,44,30,Pooling,1.0,44.67793819491416,44.67793819491416,0.0,0,12345
5.0,0.05,44,30,Repeated,1.0,,,,100,12345
5.0,0.05,44,30,S-HCP-within,1.0,,,,100,12345
5.0,0.05,44,30,Std-CP,0.93,6.588751991445886,6.379561709899093,1.840732968932168,0,12345
5.0,0.05,44,30,Subsampling,1.0,,,,100,12345
5.0,0.05,44,35,Donor-HCP-no-within,0.98,15.278114588144728,14.599248750449082,6.106136775411122,0,12345
5.0,0.05,44,35,Donor-HCP-within,1.0,,,,100,12345
5.0,0.05,44,35,HCP,1.0,,,,100,12345
5.0,0.05,44,35,Pooling,1.0,44.67793819491416,44.67793819491416,0.0,0,12345
5.0,0.05,44,35,Repeated,1.0,,,,100,12345
5.0,0.05,44,35,S-HCP-within,1.0,,,,100,12345
5.0,0.05,44,35,Std-CP,0.96,6.59144380185555,6.333464426772753,2.113989919832555,0,12345
5.0,0.05,44,35,Subsampling,1.0,,,,100,12345
5.0,0.05,45,0,Donor-HCP-no-within,1.0,,,,100,12345
5.0,0.05,45,0,Donor-HCP-within,1.0,,,,100,12345
5.0,0.05,45,0,HCP,1.0,,,,100,12345
5.0,0.05,45,0,Pooling,0.87,21.025635065782115,21.02563506578212,5.04960734217762e-16,0,12345
5.0,0.05,45,0,Repeated,1.0,,,,100,12345
5.0,0.05,45,0,S-HCP-within,1.0,,,,100,12345
5.0,0.05,45,0,Std-CP,1.0,,,,100,12345
5.0,0.05,45,0,Subsampling,1.0,,,,100,12345
5.0,0.05,45,5,Donor-HCP-no-within,1.0,,,,100,12345
5.0,0.05,45,5,Donor-HCP-within,1.0,,,,100,12345
5.0,0.05,45,5,HCP,1.0,,,,100,12345
5.0,0.05,45,5,Pooling,0.87,21.025635065782115,21.02563506578212,5.04960734217762e-16,0,12345
5.0,0.05,45,5,Repeated,1.0,,,,100,12345
5.0,0.05,45,5,S-HCP-within,1.0,25.435519412922048,25.171261781101645,0.976996763965987,0,12345
5.0,0.05,45,5,Std-CP,0.79,6.1962095623327995,5.1478197910223855,4.422258828049798,0,12345
5.0,0.05,45,5,Subsampling,1.0,,,,100,12345
5.0,0.05,45,10,Donor-HCP-no-within,1.0,26.92903628135699,26.90837407280658,3.0087233202418946,0,12345
5.0,0.05,45,10,Donor-HCP-within,1.0,,,,100,12345
5.0,0.05,45,10,HCP,1.0,,,,100,12345
5.0,0.05,45,10,Pooling,0.87,21.025635065782115,21.02563506578212,5.04960734217762e-16,0,12345
5.0,0.05,45,10,Repeated,1.0,,,,100,12345
5.0,0.05,45,10,S-HCP-within,1.0,25.14723188825728,25.157030083193696,0.778439143282461,0,12345
5.0,0.05,45,10,Std-CP,0.84,31.646063628524672,11.970735032715208,65.91358251233522,0,12345
5.0,0.05,45,10,Subsampling,1.0,,,,100,12345
5.0,0.05,45,15,Donor-HCP-no-within,0.94,23.59327599388869,23.045114934241454,2.9898038720572866,0,12345
5.0,0.05,45,15,Donor-HCP-within,0.99,18.24847876139183,18.55900844625872,1.5325372659788075,0,12345
5.0,0.05,45,15,HCP,1.0,,,,100,12345
5.0,0.05,45,15,Pooling,0.87,21.025635065782115,21.02563506578212,5.04960734217762e-16,0,12345
5.0,0.05,45,15,Repeated,1.0,,,,100,12345
5.0,0.05,45,15,S-HCP-within,1.0,25.238171016731123,25.157030083193696,0.6693364094899513,0,12345
5.0,0.05,45,15,Std-CP,0.91,9.012982945756566,7.112410700042744,6.86165848885113,0,12345
5.0,0.05,45,15,Subsampling,1.0,,,,100,12345
5.0,0.05,45,20,Donor-HCP-no-within,0.92,22.073526159081013,21.621914871366105,2.541201615757698,0,12345
5.0,0.05,45,20,Donor-HCP-within,0.96,13.17957905471657,13.240751777547175,1.264110181433105,0,12345
5.0,0.05,45,20,HCP,1.0,,,,100,12345
5.0,0.05,45,20,Pooling,0.87,21.025635065782115,21.02563506578212,5.04960734217762e-16,0,12345
5.0,0.05,45,20,Repeated,1.0,,,,100,12345
5.0,0.05,45,20,S-HCP-within,0.99,24.883066768271643,24.990542381668675,0.6119284866602936,0,12345
5.0,0.05,45,20,Std-CP,0.9,6.9019387562912735,6.279854615937233,3.321665305744987,0,12345
5.0,0.05,45,20,Subsampling,1.0,,,,100,12345
5.0,0.05,45,25,Donor-HCP-no-within,0.97,15.826659223175389,14.271716341072143,6.98506051998662,0,12345
5.0,0.05,45,25,Donor-HCP-within,1.0,,,,100,12345
5.0,0.05,45,25,HCP,1.0,,,,100,12345
5.0,0.05,45,25,Pooling,0.87,21.025635065782115,21.02563506578212,5.04960734217762e-16,0,12345
5.0,0.05,45,25,Repeated,1.0,,,,100,12345
5.0,0.05,45,25,S-HCP-within,1.0,,,,100,12345
5.0,0.05,45,25,Std-CP,0.96,6.872186441206776,6.568670434557983,2.2827811586295548,0,12345
5.0,0.05,45,25,Subsampling,1.0,,,,100,12345
5.0,0.05,45,30,Donor-HCP-no-within,0.99,16.057500292523603,14.779691155248326,6.907104438675225,0,12345
5.0,0.05,45,30,Donor-HCP-within,1.0,,,,100,12345
5.0,0.05,45,30,HCP,1.0,,,,100,12345
5.0,0.05,45,30,Pooling,0.87,21.025635065782115,21.02563506578212,5.04960734217762e-16,0,12345
5.0,0.05,45,30,Repeated,1.0,,,,100,12345
5.0,0.05,45,30,S-HCP-within,1.0,,,,100,12345
5.0,0.05,45,30,Std-CP,0.96,6.701063345183278,6.354747503618396,2.1325779604485047,0,12345
5.0,0.05,45,30,Subsampling,1.0,,,,100,12345
5.0,0.05,45,35,Donor-HCP-no-within,0.99,16.159904498481588,14.99018632074744,6.884691825997588,0,12345
5.0,0.05,45,35,Donor-HCP-within,1.0,,,,100,12345
5.0,0.05,45,35,HCP,1.0,,,,100,12345
5.0,0.05,45,35,Pooling,0.87,21.025635065782115,21.02563506578212,5.04960734217762e-16,0,12345
5.0,0.05,45,35,Repeated,1.0,,,,100,12345
5.0,0.05,45,35,S-HCP-within,1.0,,,,100,12345
5.0,0.05,45,35,Std-CP,0.97,6.574525860813809,6.2608882963778445,1.755025802659174,0,12345
5.0,0.05,45,35,Subsampling,1.0,,,,100,12345
5.0,0.05,46,0,Donor-HCP-no-within,1.0,,,,100,12345
5.0,0.05,46,0,Donor-HCP-within,1.0,,,,100,12345
5.0,0.05,46,0,HCP,1.0,,,,100,12345
5.0,0.05,46,0,Pooling,0.82,17.01774167237518,17.01774167237518,0.0,0,12345
5.0,0.05,46,0,Repeated,1.0,,,,100,12345
5.0,0.05,46,0,S-HCP-within,1.0,,,,100,12345
5.0,0.05,46,0,Std-CP,1.0,,,,100,12345
5.0,0.05,46,0,Subsampling,1.0,,,,100,12345
5.0,0.05,46,5,Donor-HCP-no-within,1.0,,,,100,12345
5.0,0.05,46,5,Donor-HCP-within,1.0,,,,100,12345
5.0,0.05,46,5,HCP,1.0,,,,100,12345
5.0,0.05,46,5,Pooling,0.82,17.01774167237518,17.01774167237518,0.0,0,12345
5.0,0.05,46,5,Repeated,1.0,,,,100,12345
5.0,0.05,46,5,S-HCP-within,0.88,19.07134722508046,18.373213936929417,2.1884051721208126,0,12345
5.0,0.05,46,5,Std-CP,0.8,6.18988481308914,5.48120790297179,3.6736159907670856,0,12345
5.0,0.05,46,5,Subsampling,1.0,,,,100,12345
5.0,0.05,46,10,Donor-HCP-no-within,0.99,29.8020321761983,33.051320835265,5.8767388610330995,0,12345
5.0,0.05,46,10,Donor-HCP-within,1.0,,,,100,12345
5.0,0.05,46,10,HCP,1.0,,,,100,12345
5.0,0.05,46,10,Pooling,0.82,17.01774167237518,17.01774167237518,0.0,0,12345
5.0,0.05,46,10,Repeated,1.0,,,,100,12345
5.0,0.05,46,10,S-HCP-within,0.9,18.84278326474253,18.34783243935728,1.9461245124130133,0,12345
5.0,0.05,46,10,Std-CP,0.81,84.81485168251315,13.062230861482313,368.08299974228095,0,12345
5.0,0.05,46,10,Subsampling,1.0,,,,100,12345
5.0,0.05,46,15,Donor-HCP-no-within,0.95,25.51021586327496,26.81992543047751,4.907530811098717,0,12345
5.0,0.05,46,15,Donor-HCP-within,0.96,17.004800040061976,17.1299670727104,3.0639955728054775,0,12345
5.0,0.05,46,15,HCP,1.0,,,,100,12345
5.0,0.05,46,15,Pooling,0.82,17.01774167237518,17.01774167237518,0.0,0,12345
5.0,0.05,46,15,Repeated,1.0,,,,100,12345
5.0,0.05,46,15,S-HCP-within,0.92,18.912668280451477,18.373213936929417,2.047179681626126,0,12345
5.0,0.05,46,15,Std-CP,0.87,9.531700892642094,7.660364599597803,6.532095816672327,0,12345
5.0,0.05,46,15,Subsampling,1.0,,,,100,12345
5.0,0.05,46,20,Donor-HCP-no-within,0.91,24.12391385735522,24.619544581617113,4.465626321990618,0,12345
5.0,0.05,46,20,Donor-HCP-within,0.94,13.19624535062289,13.740502793062962,2.244245986374842,0,12345
5.0,0.05,46,20,HCP,1.0,,,,100,12345
5.0,0.05,46,20,Pooling,0.82,17.01774167237518,17.01774167237518,0.0,0,12345
5.0,0.05,46,20,Repeated,1.0,,,,100,12345
5.0,0.05,46,20,S-HCP-within,0.88,18.598827319560574,17.929036676982555,2.0018246698149893,0,12345
5.0,0.05,46,20,Std-CP,0.86,6.411042382745729,6.194075707269123,2.3050943665665624,0,12345
5.0,0.05,46,20,Subsampling,1.0,,,,100,12345
5.0,0.05,46,25,Donor-HCP-no-within,0.98,15.884537660332931,15.110055856800749,6.6269845974490424,0,12345
5.0,0.05,46,25,Donor-HCP-within,1.0,,,,100,12345
5.0,0.05,46,25,HCP,1.0,,,,100,12345
5.0,0.05,46,25,Pooling,0.82,17.01774167237518,17.01774167237518,0.0,0,12345
5.0,0.05,46,25,Repeated,1.0,,,,100,12345
5.0,0.05,46,25,S-HCP-within,1.0,,,,100,12345
5.0,0.05,46,25,Std-CP,0.91,6.823401279457565,6.7538942177398935,2.5852454085048744,0,12345
5.0,0.05,46,25,Subsampling,1.0,,,,100,12345
5.0,0.05,46,30,Donor-HCP-no-within,0.98,16.142696394740096,15.361202944784432,6.581183493738725,0,12345
5.0,0.05,46,30,Donor-HCP-within,1.0,,,,100,12345
5.0,0.05,46,30,HCP,1.0,,,,100,12345
5.0,0.05,46,30,Pooling,0.82,17.01774167237518,17.01774167237518,0.0,0,12345
5.0,0.05,46,30,Repeated,1.0,,,,100,12345
5.0,0.05,46,30,S-HCP-within,1.0,,,,100,12345
5.0,0.05,46,30,Std-CP,0.92,6.261142097557625,6.213246566775068,1.8334251006945745,0,12345
5.0,0.05,46,30,Subsampling,1.0,,,,100,12345
5.0,0.05,46,35,Donor-HCP-no-within,0.98,16.408112572014524,15.722206779861843,6.538703215405185,0,12345
5.0,0.05,46,35,Donor-HCP-within,1.0,,,,100,12345
5.0,0.05,46,35,HCP,1.0,,,,100,12345
5.0,0.05,46,35,Pooling,0.82,17.01774167237518,17.01774167237518,0.0,0,12345
5.0,0.05,46,35,Repeated,1.0,,,,100,12345
5.0,0.05,46,35,S-HCP-within,1.0,,,,100,12345
5.0,0.05,46,35,Std-CP,0.95,6.417204100146306,6.04237519621163,1.9060423697185365,0,12345
5.0,0.05,46,35,Subsampling,1.0,,,,100,12345
5.0,0.05,47,0,Donor-HCP-no-within,1.0,,,,100,12345
5.0,0.05,47,0,Donor-HCP-within,1.0,,,,100,12345
5.0,0.05,47,0,HCP,1.0,,,,100,12345
5.0,0.05,47,0,Pooling,0.85,22.267596478037095,22.267596478037092,7.984130245395255e-16,0,12345
5.0,0.05,47,0,Repeated,1.0,,,,100,12345
5.0,0.05,47,0,S-HCP-within,1.0,,,,100,12345
5.0,0.05,47,0,Std-CP,1.0,,,,100,12345
5.0,0.05,47,0,Subsampling,1.0,,,,100,12345
5.0,0.05,47,5,Donor-HCP-no-within,1.0,,,,100,12345
5.0,0.05,47,5,Donor-HCP-within,1.0,,,,100,12345
5.0,0.05,47,5,HCP,1.0,,,,100,12345
5.0,0.05,47,5,Pooling,0.85,22.267596478037095,22.267596478037092,7.984130245395255e-16,0,12345
5.0,0.05,47,5,Repeated,1.0,,,,100,12345
5.0,0.05,47,5,S-HCP-within,0.94,33.67398242747383,33.20785995044442,2.624322970995521,0,12345
5.0,0.05,47,5,Std-CP,0.69,5.77140096528655,5.0632991273496515,3.9328099884469414,0,12345
5.0,0.05,47,5,Subsampling,1.0,,,,100,12345
5.0,0.05,47,10,Donor-HCP-no-within,0.97,36.73124040851351,39.02520240454052,6.819642239012048,0,12345
5.0,0.05,47,10,Donor-HCP-within,1.0,,,,100,12345
5.0,0.05,47,10,HCP,1.0,,,,100,12345
5.0,0.05,47,10,Pooling,0.85,22.267596478037095,22.267596478037092,7.984130245395255e-16,0,12345
5.0,0.05,47,10,Repeated,1.0,,,,100,12345
5.0,0.05,47,10,S-HCP-within,0.94,33.83138003116862,33.58525700892862,2.357463149737891,0,12345
5.0,0.05,47,10,Std-CP,0.85,29.870850733978724,11.317782372734733,72.88437467530137,0,12345
5.0,0.05,47,10,Subsampling,1.0,,,,100,12345
5.0,0.05,47,15,Donor-HCP-no-within,0.99,34.59559317096041,35.7181548505526,6.164359430074602,0,12345
5.0,0.05,47,15,Donor-HCP-within,0.98,23.364377638320953,25.00350547254763,4.3528566976066,0,12345
5.0,0.05,47,15,HCP,1.0,,,,100,12345
5.0,0.05,47,15,Pooling,0.85,22.267596478037095,22.267596478037092,7.984130245395255e-16,0,12345
5.0,0.05,47,15,Repeated,1.0,,,,100,12345
5.0,0.05,47,15,S-HCP-within,0.96,33.93075842430394,33.20785995044443,2.433649350775992,0,12345
5.0,0.05,47,15,Std-CP,0.89,8.552236994975047,7.077460258395234,5.332863709540242,0,12345
5.0,0.05,47,15,Subsampling,1.0,,,,100,12345
5.0,0.05,47,20,Donor-HCP-no-within,0.96,32.870517006386756,34.74847073212672,6.823268208797997,0,12345
5.0,0.05,47,20,Donor-HCP-within,0.97,17.96773786947818,18.77580445954881,3.243364323489959,0,12345
5.0,0.05,47,20,HCP,1.0,,,,100,12345
5.0,0.05,47,20,Pooling,0.85,22.267596478037095,22.267596478037092,7.984130245395255e-16,0,12345
5.0,0.05,47,20,Repeated,1.0,,,,100,12345
5.0,0.05,47,20,S-HCP-within,0.96,33.070800538242196,32.59879795112019,2.5078209951795203,0,12345
5.0,0.05,47,20,Std-CP,0.89,6.6879249365407825,6.206405300403569,3.1625331644842434,0,12345
5.0,0.05,47,20,Subsampling,1.0,,,,100,12345
5.0,0.05,47,25,Donor-HCP-no-within,0.96,16.305549702356725,15.251252693820012,7.010798533416578,0,12345
5.0,0.05,47,25,Donor-HCP-within,1.0,,,,100,12345
5.0,0.05,47,25,HCP,1.0,,,,100,12345
5.0,0.05,47,25,Pooling,0.85,22.267596478037095,22.267596478037092,7.984130245395255e-16,0,12345
5.0,0.05,47,25,Repeated,1.0,,,,100,12345
5.0,0.05,47,25,S-HCP-within,1.0,,,,100,12345
5.0,0.05,47,25,Std-CP,0.94,6.439969217558723,5.779019086875916,2.4733391269486966,0,12345
5.0,0.05,47,25,Subsampling,1.0,,,,100,12345
5.0,0.05,47,30,Donor-HCP-no-within,0.96,16.508110251606617,15.251252693820012,6.961961687168113,0,12345
5.0,0.05,47,30,Donor-HCP-within,1.0,,,,100,12345
5.0,0.05,47,30,HCP,1.0,,,,100,12345
5.0,0.05,47,30,Pooling,0.85,22.267596478037095,22.267596478037092,7.984130245395255e-16,0,12345
5.0,0.05,47,30,Repeated,1.0,,,,100,12345
5.0,0.05,47,30,S-HCP-within,1.0,,,,100,12345
5.0,0.05,47,30,Std-CP,0.93,6.5167611452275676,6.211068437645327,2.1751163172265864,0,12345
5.0,0.05,47,30,Subsampling,1.0,,,,100,12345
5.0,0.05,47,35,Donor-HCP-no-within,0.97,16.854861084244096,15.41509865979407,6.957243138637874,0,12345
5.0,0.05,47,35,Donor-HCP-within,1.0,,,,100,12345
5.0,0.05,47,35,HCP,1.0,,,,100,12345
5.0,0.05,47,35,Pooling,0.85,22.267596478037095,22.267596478037092,7.984130245395255e-16,0,12345
5.0,0.05,47,35,Repeated,1.0,,,,100,12345
5.0,0.05,47,35,S-HCP-within,1.0,,,,100,12345
5.0,0.05,47,35,Std-CP,0.95,6.487168968473303,6.276369466518089,1.9310616243283127,0,12345
5.0,0.05,47,35,Subsampling,1.0,,,,100,12345
5.0,0.05,48,0,Donor-HCP-no-within,1.0,,,,100,12345
5.0,0.05,48,0,Donor-HCP-within,1.0,,,,100,12345
5.0,0.05,48,0,HCP,1.0,,,,100,12345
5.0,0.05,48,0,Pooling,0.99,27.385037170346923,27.385037170346923,4.530598207708356e-15,0,12345
5.0,0.05,48,0,Repeated,1.0,,,,100,12345
5.0,0.05,48,0,S-HCP-within,1.0,,,,100,12345
5.0,0.05,48,0,Std-CP,1.0,,,,100,12345
5.0,0.05,48,0,Subsampling,1.0,,,,100,12345
5.0,0.05,48,5,Donor-HCP-no-within,1.0,,,,100,12345
5.0,0.05,48,5,Donor-HCP-within,1.0,,,,100,12345
5.0,0.05,48,5,HCP,1.0,,,,100,12345
5.0,0.05,48,5,Pooling,0.99,27.385037170346923,27.385037170346923,4.530598207708356e-15,0,12345
5.0,0.05,48,5,Repeated,1.0,,,,100,12345
5.0,0.05,48,5,S-HCP-within,0.96,40.994630103542,41.003522346884154,1.035840396590147,0,12345
5.0,0.05,48,5,Std-CP,0.75,5.353396887456042,4.588150545149704,2.8585672234376616,0,12345
5.0,0.05,48,5,Subsampling,1.0,,,,100,12345
5.0,0.05,48,10,Donor-HCP-no-within,1.0,35.47112353512691,34.66871920168509,3.625789326657308,0,12345
5.0,0.05,48,10,Donor-HCP-within,1.0,,,,100,12345
5.0,0.05,48,10,HCP,1.0,,,,100,12345
5.0,0.05,48,10,Pooling,0.99,27.385037170346923,27.385037170346923,4.530598207708356e-15,0,12345
5.0,0.05,48,10,Repeated,1.0,,,,100,12345
5.0,0.05,48,10,S-HCP-within,0.99,40.91969593763938,40.80231775229752,1.3076797931492197,0,12345
5.0,0.05,48,10,Std-CP,0.87,1337.2699461223667,11.237223513886711,12644.787675306228,0,12345
5.0,0.05,48,10,Subsampling,1.0,,,,100,12345
5.0,0.05,48,15,Donor-HCP-no-within,1.0,31.110163903284594,31.204311980716668,3.6654794634468884,0,12345
5.0,0.05,48,15,Donor-HCP-within,1.0,25.809657167525152,26.190589731823984,2.5928003266313033,0,12345
5.0,0.05,48,15,HCP,1.0,,,,100,12345
5.0,0.05,48,15,Pooling,0.99,27.385037170346923,27.385037170346923,4.530598207708356e-15,0,12345
5.0,0.05,48,15,Repeated,1.0,,,,100,12345
5.0,0.05,48,15,S-HCP-within,0.99,40.93246684914612,40.91497530579831,0.962973411484714,0,12345
5.0,0.05,48,15,Std-CP,0.86,9.04752359534278,7.4078078669192315,6.952388088850927,0,12345
5.0,0.05,48,15,Subsampling,1.0,,,,100,12345
5.0,0.05,48,20,Donor-HCP-no-within,0.98,29.856289262109808,29.956672409245897,4.040076286901531,0,12345
5.0,0.05,48,20,Donor-HCP-within,0.98,16.66709420163574,16.58054375021075,2.214125634402407,0,12345
5.0,0.05,48,20,HCP,1.0,,,,100,12345
5.0,0.05,48,20,Pooling,0.99,27.385037170346923,27.385037170346923,4.530598207708356e-15,0,12345
5.0,0.05,48,20,Repeated,1.0,,,,100,12345
5.0,0.05,48,20,S-HCP-within,0.95,40.56688886600072,40.36507056910885,0.7226437380564871,0,12345
5.0,0.05,48,20,Std-CP,0.91,7.043769459559003,6.333998122598789,3.071057671323501,0,12345
5.0,0.05,48,20,Subsampling,1.0,,,,100,12345
5.0,0.05,48,25,Donor-HCP-no-within,0.96,15.789872560566309,14.306829150408571,7.613828251875566,0,12345
5.0,0.05,48,25,Donor-HCP-within,1.0,,,,100,12345
5.0,0.05,48,25,HCP,1.0,,,,100,12345
5.0,0.05,48,25,Pooling,0.99,27.385037170346923,27.385037170346923,4.530598207708356e-15,0,12345
5.0,0.05,48,25,Repeated,1.0,,,,100,12345
5.0,0.05,48,25,S-HCP-within,1.0,,,,100,12345
5.0,0.05,48,25,Std-CP,0.92,6.631314260313782,6.024026537137409,2.767042403672446,0,12345
5.0,0.05,48,25,Subsampling,1.0,,,,100,12345
5.0,0.05,48,30,Donor-HCP-no-within,0.96,16.058726974977084,14.437630362871978,7.630365354119818,0,12345
5.0,0.05,48,30,Donor-HCP-within,1.0,,,,100,12345
5.0,0.05,48,30,HCP,1.0,,,,100,12345
5.0,0.05,48,30,Pooling,0.99,27.385037170346923,27.385037170346923,4.530598207708356e-15,0,12345
5.0,0.05,48,30,Repeated,1.0,,,,100,12345
5.0,0.05,48,30,S-HCP-within,1.0,,,,100,12345
5.0,0.05,48,30,Std-CP,0.96,6.415509995050197,5.983553934822318,2.0332315549104223,0,12345
5.0,0.05,48,30,Subsampling,1.0,,,,100,12345
5.0,0.05,48,35,Donor-HCP-no-within,0.96,16.25023826124138,14.988998741017673,7.556962035846071,0,12345
5.0,0.05,48,35,Donor-HCP-within,1.0,,,,100,12345
5.0,0.05,48,35,HCP,1.0,,,,100,12345
5.0,0.05,48,35,Pooling,0.99,27.385037170346923,27.385037170346923,4.530598207708356e-15,0,12345
5.0,0.05,48,35,Repeated,1.0,,,,100,12345
5.0,0.05,48,35,S-HCP-within,1.0,,,,100,12345
5.0,0.05,48,35,Std-CP,0.96,6.353951829823995,6.075644014293044,2.317201755887266,0,12345
5.0,0.05,48,35,Subsampling,1.0,,,,100,12345
5.0,0.05,49,0,Donor-HCP-no-within,1.0,,,,100,12345
5.0,0.05,49,0,Donor-HCP-within,1.0,,,,100,12345
5.0,0.05,49,0,HCP,1.0,,,,100,12345
5.0,0.05,49,0,Pooling,0.91,28.664697909585517,28.664697909585513,3.272519581342964e-15,0,12345
5.0,0.05,49,0,Repeated,1.0,,,,100,12345
5.0,0.05,49,0,S-HCP-within,1.0,,,,100,12345
5.0,0.05,49,0,Std-CP,1.0,,,,100,12345
5.0,0.05,49,0,Subsampling,1.0,,,,100,12345
5.0,0.05,49,5,Donor-HCP-no-within,1.0,,,,100,12345
5.0,0.05,49,5,Donor-HCP-within,1.0,,,,100,12345
5.0,0.05,49,5,HCP,1.0,,,,100,12345
5.0,0.05,49,5,Pooling,0.91,28.664697909585517,28.664697909585513,3.272519581342964e-15,0,12345
5.0,0.05,49,5,Repeated,1.0,,,,100,12345
5.0,0.05,49,5,S-HCP-within,0.95,45.093222217763596,44.71292828139711,2.7328566499001323,0,12345
5.0,0.05,49,5,Std-CP,0.76,6.782614123786068,5.655961383930034,5.784477192695985,0,12345
5.0,0.05,49,5,Subsampling,1.0,,,,100,12345
5.0,0.05,49,10,Donor-HCP-no-within,0.99,35.44368885467975,33.40482281339217,5.355227583229995,0,12345
5.0,0.05,49,10,Donor-HCP-within,1.0,,,,100,12345
5.0,0.05,49,10,HCP,1.0,,,,100,12345
5.0,0.05,49,10,Pooling,0.91,28.664697909585517,28.664697909585513,3.272519581342964e-15,0,12345
5.0,0.05,49,10,Repeated,1.0,,,,100,12345
5.0,0.05,49,10,S-HCP-within,0.96,44.79376899165014,44.331122848178,2.733973454165199,0,12345
5.0,0.05,49,10,Std-CP,0.85,50.58126170826505,13.253468712029251,167.18761081644567,0,12345
5.0,0.05,49,10,Subsampling,1.0,,,,100,12345
5.0,0.05,49,15,Donor-HCP-no-within,0.98,27.99743483928571,25.449615163829378,5.624086860723988,0,12345
5.0,0.05,49,15,Donor-HCP-within,0.98,22.22787573860986,21.812567381117983,2.1419333102066274,0,12345
5.0,0.05,49,15,HCP,1.0,,,,100,12345
5.0,0.05,49,15,Pooling,0.91,28.664697909585517,28.664697909585513,3.272519581342964e-15,0,12345
5.0,0.05,49,15,Repeated,1.0,,,,100,12345
5.0,0.05,49,15,S-HCP-within,0.95,45.07743564357029,44.3406854640591,2.6866949875673463,0,12345
5.0,0.05,49,15,Std-CP,0.89,9.818170726523055,7.491063006638246,11.217648973469094,0,12345
5.0,0.05,49,15,Subsampling,1.0,,,,100,12345
5.0,0.05,49,20,Donor-HCP-no-within,0.94,25.905198136615446,23.386372938277677,4.580545848848361,0,12345
5.0,0.05,49,20,Donor-HCP-within,0.96,14.018931675501483,13.061483046419362,2.492789885004215,0,12345
5.0,0.05,49,20,HCP,1.0,,,,100,12345
5.0,0.05,49,20,Pooling,0.91,28.664697909585517,28.664697909585513,3.272519581342964e-15,0,12345
5.0,0.05,49,20,Repeated,1.0,,,,100,12345
5.0,0.05,49,20,S-HCP-within,0.94,44.20890557830652,43.680378718470024,2.4284528904827773,0,12345
5.0,0.05,49,20,Std-CP,0.92,7.540991268849045,6.990752855190095,3.324377893104037,0,12345
5.0,0.05,49,20,Subsampling,1.0,,,,100,12345
5.0,0.05,49,25,Donor-HCP-no-within,0.99,17.599055491677074,16.42448483718524,7.765020445848009,0,12345
5.0,0.05,49,25,Donor-HCP-within,1.0,,,,100,12345
5.0,0.05,49,25,HCP,1.0,,,,100,12345
5.0,0.05,49,25,Pooling,0.91,28.664697909585517,28.664697909585513,3.272519581342964e-15,0,12345
5.0,0.05,49,25,Repeated,1.0,,,,100,12345
5.0,0.05,49,25,S-HCP-within,1.0,,,,100,12345
5.0,0.05,49,25,Std-CP,0.91,7.422021109619419,6.864511562994931,2.914604159344932,0,12345
5.0,0.05,49,25,Subsampling,1.0,,,,100,12345
5.0,0.05,49,30,Donor-HCP-no-within,0.99,17.747406908600432,16.52162322548297,7.703878771428269,0,12345
5.0,0.05,49,30,Donor-HCP-within,1.0,,,,100,12345
5.0,0.05,49,30,HCP,1.0,,,,100,12345
5.0,0.05,49,30,Pooling,0.91,28.664697909585517,28.664697909585513,3.272519581342964e-15,0,12345
5.0,0.05,49,30,Repeated,1.0,,,,100,12345
5.0,0.05,49,30,S-HCP-within,1.0,,,,100,12345
5.0,0.05,49,30,Std-CP,0.92,6.679259173636305,6.405425518821694,2.000848007306459,0,12345
5.0,0.05,49,30,Subsampling,1.0,,,,100,12345
5.0,0.05,49,35,Donor-HCP-no-within,0.99,17.987802449132264,16.838241388073172,7.653787326438531,0,12345
5.0,0.05,49,35,Donor-HCP-within,1.0,,,,100,12345
5.0,0.05,49,35,HCP,1.0,,,,100,12345
5.0,0.05,49,35,Pooling,0.91,28.664697909585517,28.664697909585513,3.272519581342964e-15,0,12345
5.0,0.05,49,35,Repeated,1.0,,,,100,12345
5.0,0.05,49,35,S-HCP-within,1.0,,,,100,12345
5.0,0.05,49,35,Std-CP,0.96,6.787400885715729,6.386357604150796,2.001234523466568,0,12345
5.0,0.05,49,35,Subsampling,1.0,,,,100,12345
5.0,0.1,0,0,Donor-HCP-no-within,0.89,20.70165165119799,20.70165165119799,7.141223187966347e-16,0,12345
5.0,0.1,0,0,Donor-HCP-within,0.89,20.70165165119799,20.70165165119799,7.141223187966347e-16,0,12345
5.0,0.1,0,0,HCP,0.89,20.70165165119799,20.70165165119799,7.141223187966347e-16,0,12345
5.0,0.1,0,0,Pooling,0.82,16.865727185062397,16.865727185062397,0.0,0,12345
5.0,0.1,0,0,Repeated,0.87,18.99437653559123,18.99437653559123,5.04960734217762e-16,0,12345
5.0,0.1,0,0,S-HCP-within,0.96,35.01771666130086,35.71757342856587,2.4559988289958405,0,12345
5.0,0.1,0,0,Std-CP,1.0,,,,100,12345
5.0,0.1,0,0,Subsampling,0.87,19.323162462267284,19.323162462267284,1.5148822026532858e-15,0,12345
5.0,0.1,0,5,Donor-HCP-no-within,0.91,25.025453944026385,26.28238982564499,4.828272025879196,0,12345
5.0,0.1,0,5,Donor-HCP-within,0.94,23.391375205171265,25.12419149658251,4.717846100317101,0,12345
5.0,0.1,0,5,HCP,0.89,20.70165165119799,20.70165165119799,7.141223187966347e-16,0,12345
5.0,0.1,0,5,Pooling,0.82,16.865727185062397,16.865727185062397,0.0,0,12345
5.0,0.1,0,5,Repeated,0.87,18.99437653559123,18.99437653559123,5.04960734217762e-16,0,12345
5.0,0.1,0,5,S-HCP-within,0.95,33.05197339085634,33.83823380594738,2.409795139273829,0,12345
5.0,0.1,0,5,Std-CP,0.7,5.816420124097595,4.583230226467833,5.777998171911935,0,12345
5.0,0.1,0,5,Subsampling,0.87,19.323162462267284,19.323162462267284,1.5148822026532858e-15,0,12345
5.0,0.1,0,10,Donor-HCP-no-within,0.94,23.498129143113147,24.81324031009413,4.342442766840659,0,12345
5.0,0.1,0,10,Donor-HCP-within,0.94,21.402079607929764,21.4565580873384,2.0327354166651475,0,12345
5.0,0.1,0,10,HCP,0.89,20.70165165119799,20.70165165119799,7.141223187966347e-16,0,12345
5.0,0.1,0,10,Pooling,0.82,16.865727185062397,16.865727185062397,0.0,0,12345
5.0,0.1,0,10,Repeated,0.87,18.99437653559123,18.99437653559123,5.04960734217762e-16,0,12345
5.0,0.1,0,10,S-HCP-within,0.95,32.26809321420669,32.03104590783337,2.16556266351068,0,12345
5.0,0.1,0,10,Std-CP,0.87,34.191929743391356,13.76089567465716,69.7574103754183,0,12345
5.0,0.1,0,10,Subsampling,0.87,19.323162462267284,19.323162462267284,1.5148822026532858e-15,0,12345
5.0,0.1,0,15,Donor-HCP-no-within,0.92,22.946214812829115,23.529500336210493,4.151340283081629,0,12345
5.0,0.1,0,15,Donor-HCP-within,0.94,14.656189552716874,14.358090990843401,2.1421245388834866,0,12345
5.0,0.1,0,15,HCP,0.89,20.70165165119799,20.70165165119799,7.141223187966347e-16,0,12345
5.0,0.1,0,15,Pooling,0.82,16.865727185062397,16.865727185062397,0.0,0,12345
5.0,0.1,0,15,Repeated,0.87,18.99437653559123,18.99437653559123,5.04960734217762e-16,0,12345
5.0,0.1,0,15,S-HCP-within,0.95,31.408992962656797,30.632567312231643,2.1380639719858756,0,12345
5.0,0.1,0,15,Std-CP,0.88,9.015792613402972,7.688263788051582,5.504828107023995,0,12345
5.0,0.1,0,15,Subsampling,0.87,19.323162462267284,19.323162462267284,1.5148822026532858e-15,0,12345
5.0,0.1,0,20,Donor-HCP-no-within,0.88,21.007942767756507,22.13264945803538,3.7218090619587594,0,12345
5.0,0.1,0,20,Donor-HCP-within,0.93,12.062221872599862,12.54574965389838,1.9378740098889415,0,12345
5.0,0.1,0,20,HCP,0.89,20.70165165119799,20.70165165119799,7.141223187966347e-16,0,12345
5.0,0.1,0,20,Pooling,0.82,16.865727185062397,16.865727185062397,0.0,0,12345
5.0,0.1,0,20,Repeated,0.87,18.99437653559123,18.99437653559123,5.04960734217762e-16,0,12345
5.0,0.1,0,20,S-HCP-within,0.94,27.76409767688105,27.385641762755142,3.0099747344067382,0,12345
5.0,0.1,0,20,Std-CP,0.95,7.163538471324785,6.529171754548006,2.9090094039033594,0,12345
5.0,0.1,0,20,Subsampling,0.87,19.323162462267284,19.323162462267284,1.5148822026532858e-15,0,12345
5.0,0.1,0,25,Donor-HCP-no-within,0.97,12.104378410634261,10.849917603214882,6.6657835004671995,0,12345
5.0,0.1,0,25,Donor-HCP-within,0.95,6.785598653530092,6.481148317714393,2.318985642756515,0,12345
5.0,0.1,0,25,HCP,0.89,20.70165165119799,20.70165165119799,7.141223187966347e-16,0,12345
5.0,0.1,0,25,Pooling,0.82,16.865727185062397,16.865727185062397,0.0,0,12345
5.0,0.1,0,25,Repeated,0.87,18.99437653559123,18.99437653559123,5.04960734217762e-16,0,12345
5.0,0.1,0,25,S-HCP-within,0.97,12.538785979415108,11.064958279510918,6.684865735296619,0,12345
5.0,0.1,0,25,Std-CP,0.97,6.795725035385082,6.3306577913757405,2.636092302607642,0,12345
5.0,0.1,0,25,Subsampling,0.87,19.323162462267284,19.323162462267284,1.5148822026532858e-15,0,12345
5.0,0.1,0,30,Donor-HCP-no-within,0.91,11.713332328117236,10.560725789767195,6.653118752524666,0,12345
5.0,0.1,0,30,Donor-HCP-within,0.97,6.440200180271706,6.334858785148535,1.8770926555782201,0,12345
5.0,0.1,0,30,HCP,0.89,20.70165165119799,20.70165165119799,7.141223187966347e-16,0,12345
5.0,0.1,0,30,Pooling,0.82,16.865727185062397,16.865727185062397,0.0,0,12345
5.0,0.1,0,30,Repeated,0.87,18.99437653559123,18.99437653559123,5.04960734217762e-16,0,12345
5.0,0.1,0,30,S-HCP-within,0.94,12.402955753937329,10.539805146682468,6.6600200083322845,0,12345
5.0,0.1,0,30,Std-CP,0.95,6.464718569156378,6.3269345740580025,2.20252047656676,0,12345
5.0,0.1,0,30,Subsampling,0.87,19.323162462267284,19.323162462267284,1.5148822026532858e-15,0,12345
5.0,0.1,0,35,Donor-HCP-no-within,0.94,11.958588084985161,10.841915037341048,6.665568109105584,0,12345
5.0,0.1,0,35,Donor-HCP-within,0.98,6.339063645352812,6.197888931667199,1.807694051308322,0,12345
5.0,0.1,0,35,HCP,0.89,20.70165165119799,20.70165165119799,7.141223187966347e-16,0,12345
5.0,0.1,0,35,Pooling,0.82,16.865727185062397,16.865727185062397,0.0,0,12345
5.0,0.1,0,35,Repeated,0.87,18.99437653559123,18.99437653559123,5.04960734217762e-16,0,12345
5.0,0.1,0,35,S-HCP-within,0.96,12.637670297022277,11.42172432095487,6.644134039154306,0,12345
5.0,0.1,0,35,Std-CP,0.97,6.5285456981025085,6.406482199674751,1.688086823798644,0,12345
5.0,0.1,0,35,Subsampling,0.87,19.323162462267284,19.323162462267284,1.5148822026532858e-15,0,12345
5.0,0.1,1,0,Donor-HCP-no-within,1.0,32.50036872262881,32.50036872262881,0.0,0,12345
5.0,0.1,1,0,Donor-HCP-within,1.0,32.50036872262881,32.50036872262881,0.0,0,12345
5.0,0.1,1,0,HCP,1.0,32.50036872262881,32.50036872262881,0.0,0,12345
5.0,0.1,1,0,Pooling,0.97,25.30929311320685,25.30929311320685,0.0,0,12345
5.0,0.1,1,0,Repeated,0.98,28.81495152378126,28.814951523781257,2.2863069639892396e-15,0,12345
5.0,0.1,1,0,S-HCP-within,1.0,33.73025207120222,33.418546048245005,3.1758902292741444,0,12345
5.0,0.1,1,0,Std-CP,1.0,,,,100,12345
5.0,0.1,1,0,Subsampling,1.0,30.32892645693657,30.32892645693657,0.0,0,12345
5.0,0.1,1,5,Donor-HCP-no-within,0.99,31.80576856494892,30.841971864920918,1.8545724471488607,0,12345
5.0,0.1,1,5,Donor-HCP-within,0.98,28.291088748035143,27.850037741467247,1.653340288559825,0,12345
5.0,0.1,1,5,HCP,1.0,32.50036872262881,32.50036872262881,0.0,0,12345
5.0,0.1,1,5,Pooling,0.97,25.30929311320685,25.30929311320685,0.0,0,12345
5.0,0.1,1,5,Repeated,0.98,28.81495152378126,28.814951523781257,2.2863069639892396e-15,0,12345
5.0,0.1,1,5,S-HCP-within,0.98,29.719108298766493,30.0534450277528,1.9708503156535262,0,12345
5.0,0.1,1,5,Std-CP,0.82,6.455653080709712,5.402664150410038,4.183043882457996,0,12345
5.0,0.1,1,5,Subsampling,1.0,30.32892645693657,30.32892645693657,0.0,0,12345
5.0,0.1,1,10,Donor-HCP-no-within,0.98,29.535646392290477,29.502725704490686,2.3167790740752445,0,12345
5.0,0.1,1,10,Donor-HCP-within,0.94,26.61097618663415,25.863714911493524,2.024090642312761,0,12345
5.0,0.1,1,10,HCP,1.0,32.50036872262881,32.50036872262881,0.0,0,12345
5.0,0.1,1,10,Pooling,0.97,25.30929311320685,25.30929311320685,0.0,0,12345
5.0,0.1,1,10,Repeated,0.98,28.81495152378126,28.814951523781257,2.2863069639892396e-15,0,12345
5.0,0.1,1,10,S-HCP-within,0.99,29.076049988505716,27.805491564494197,1.7975278681129796,0,12345
5.0,0.1,1,10,Std-CP,0.77,29.913496640143823,10.727455549795035,72.17586132447082,0,12345
5.0,0.1,1,10,Subsampling,1.0,30.32892645693657,30.32892645693657,0.0,0,12345
5.0,0.1,1,15,Donor-HCP-no-within,0.98,28.24736156566692,27.321711916395664,2.9028460685126443,0,12345
5.0,0.1,1,15,Donor-HCP-within,0.97,17.75039245319364,16.84763754470761,1.40606225348655,0,12345
5.0,0.1,1,15,HCP,1.0,32.50036872262881,32.50036872262881,0.0,0,12345
5.0,0.1,1,15,Pooling,0.97,25.30929311320685,25.30929311320685,0.0,0,12345
5.0,0.1,1,15,Repeated,0.98,28.81495152378126,28.814951523781257,2.2863069639892396e-15,0,12345
5.0,0.1,1,15,S-HCP-within,1.0,28.14992352811189,27.80452674248413,1.3572055935949559,0,12345
5.0,0.1,1,15,Std-CP,0.86,8.87953562870816,7.593263525634981,4.84201000082421,0,12345
5.0,0.1,1,15,Subsampling,1.0,30.32892645693657,30.32892645693657,0.0,0,12345
5.0,0.1,1,20,Donor-HCP-no-within,0.97,26.134241842945343,25.61677606393628,2.3690989512951464,0,12345
5.0,0.1,1,20,Donor-HCP-within,0.96,14.235171952745537,13.745928113406043,1.364908454975497,0,12345
5.0,0.1,1,20,HCP,1.0,32.50036872262881,32.50036872262881,0.0,0,12345
5.0,0.1,1,20,Pooling,0.97,25.30929311320685,25.30929311320685,0.0,0,12345
5.0,0.1,1,20,Repeated,0.98,28.81495152378126,28.814951523781257,2.2863069639892396e-15,0,12345
5.0,0.1,1,20,S-HCP-within,0.99,26.814273020726525,26.893973836767927,1.0134751579211976,0,12345
5.0,0.1,1,20,Std-CP,0.96,6.922645323775608,6.729284680421831,2.5054959859702204,0,12345
5.0,0.1,1,20,Subsampling,1.0,30.32892645693657,30.32892645693657,0.0,0,12345
5.0,0.1,1,25,Donor-HCP-no-within,0.94,14.704945115410988,13.065672879457438,7.847900433528487,0,12345
5.0,0.1,1,25,Donor-HCP-within,0.96,7.089000210332864,6.756971275415815,2.35934005933297,0,12345
5.0,0.1,1,25,HCP,1.0,32.50036872262881,32.50036872262881,0.0,0,12345
5.0,0.1,1,25,Pooling,0.97,25.30929311320685,25.30929311320685,0.0,0,12345
5.0,0.1,1,25,Repeated,0.98,28.81495152378126,28.814951523781257,2.2863069639892396e-15,0,12345
5.0,0.1,1,25,S-HCP-within,0.92,14.975007838849073,13.375349445456532,8.031138164395507,0,12345
5.0,0.1,1,25,Std-CP,0.93,6.934342893819913,6.629162533984733,2.769982209398334,0,12345
5.0,0.1,1,25,Subsampling,1.0,30.32892645693657,30.32892645693657,0.0,0,12345
5.0,0.1,1,30,Donor-HCP-no-within,0.92,14.202586511839488,12.48309234240755,7.827099479070166,0,12345
5.0,0.1,1,30,Donor-HCP-within,0.95,6.433435836578148,6.209005717552358,1.9036400460836769,0,12345
5.0,0.1,1,30,HCP,1.0,32.50036872262881,32.50036872262881,0.0,0,12345
5.0,0.1,1,30,Pooling,0.97,25.30929311320685,25.30929311320685,0.0,0,12345
5.0,0.1,1,30,Repeated,0.98,28.81495152378126,28.814951523781257,2.2863069639892396e-15,0,12345
5.0,0.1,1,30,S-HCP-within,0.92,15.243201531714355,13.549043814100356,8.023690055366565,0,12345
5.0,0.1,1,30,Std-CP,0.91,6.32224051769549,6.140388553200422,1.8540494315293237,0,12345
5.0,0.1,1,30,Subsampling,1.0,30.32892645693657,30.32892645693657,0.0,0,12345
5.0,0.1,1,35,Donor-HCP-no-within,0.93,14.394170472189787,12.720123909701275,7.809798839279767,0,12345
5.0,0.1,1,35,Donor-HCP-within,0.95,6.48097525072397,6.039840329527609,2.08102046449818,0,12345
5.0,0.1,1,35,HCP,1.0,32.50036872262881,32.50036872262881,0.0,0,12345
5.0,0.1,1,35,Pooling,0.97,25.30929311320685,25.30929311320685,0.0,0,12345
5.0,0.1,1,35,Repeated,0.98,28.81495152378126,28.814951523781257,2.2863069639892396e-15,0,12345
5.0,0.1,1,35,S-HCP-within,0.94,15.424661442368109,13.549043814100356,7.98455702646012,0,12345
5.0,0.1,1,35,Std-CP,0.95,6.586843598813247,6.593252138204409,2.0302424856559775,0,12345
5.0,0.1,1,35,Subsampling,1.0,30.32892645693657,30.32892645693657,0.0,0,12345
5.0,0.1,2,0,Donor-HCP-no-within,0.96,31.55661057183542,31.55661057183542,3.5166445854584803e-15,0,12345
5.0,0.1,2,0,Donor-HCP-within,0.96,31.55661057183542,31.55661057183542,3.5166445854584803e-15,0,12345
5.0,0.1,2,0,HCP,0.96,31.55661057183542,31.55661057183542,3.5166445854584803e-15,0,12345
5.0,0.1,2,0,Pooling,0.87,24.709878477237098,24.709878477237098,0.0,0,12345
5.0,0.1,2,0,Repeated,0.9,27.57977060985023,27.57977060985023,3.3685082407539813e-15,0,12345
5.0,0.1,2,0,S-HCP-within,0.96,32.402037781419764,32.412443925593735,3.267162207888228,0,12345
5.0,0.1,2,0,Std-CP,1.0,,,,100,12345
5.0,0.1,2,0,Subsampling,0.9,28.979257846699785,28.97925784669978,3.4618363805618884e-15,0,12345
5.0,0.1,2,5,Donor-HCP-no-within,0.92,27.46587361397119,28.940952263747803,3.0870773584480613,0,12345
5.0,0.1,2,5,Donor-HCP-within,0.93,23.668628076995333,24.584605952594487,2.4037586250759255,0,12345
5.0,0.1,2,5,HCP,0.96,31.55661057183542,31.55661057183542,3.5166445854584803e-15,0,12345
5.0,0.1,2,5,Pooling,0.87,24.709878477237098,24.709878477237098,0.0,0,12345
5.0,0.1,2,5,Repeated,0.9,27.57977060985023,27.57977060985023,3.3685082407539813e-15,0,12345
5.0,0.1,2,5,S-HCP-within,0.95,30.377235491206402,30.064628912588965,1.7329559415714941,0,12345
5.0,0.1,2,5,Std-CP,0.77,5.33895251390339,4.8298990274313685,3.0784344585202463,0,12345
5.0,0.1,2,5,Subsampling,0.9,28.979257846699785,28.97925784669978,3.4618363805618884e-15,0,12345
5.0,0.1,2,10,Donor-HCP-no-within,0.92,25.10905521267166,25.083880208948237,2.469883410011112,0,12345
5.0,0.1,2,10,Donor-HCP-within,0.94,21.03889304519616,20.742995500989732,1.4902107632330384,0,12345
5.0,0.1,2,10,HCP,0.96,31.55661057183542,31.55661057183542,3.5166445854584803e-15,0,12345
5.0,0.1,2,10,Pooling,0.87,24.709878477237098,24.709878477237098,0.0,0,12345
5.0,0.1,2,10,Repeated,0.9,27.57977060985023,27.57977060985023,3.3685082407539813e-15,0,12345
5.0,0.1,2,10,S-HCP-within,0.96,30.133144284050214,29.924355196918512,1.1768470395862907,0,12345
5.0,0.1,2,10,Std-CP,0.83,63.107176554627856,13.703776417147312,233.31041913498186,0,12345
5.0,0.1,2,10,Subsampling,0.9,28.979257846699785,28.97925784669978,3.4618363805618884e-15,0,12345
5.0,0.1,2,15,Donor-HCP-no-within,0.92,23.35684628937711,23.61480664144395,2.618796313365345,0,12345
5.0,0.1,2,15,Donor-HCP-within,0.93,16.871241600091206,17.171237246110564,1.4524957687394324,0,12345
5.0,0.1,2,15,HCP,0.96,31.55661057183542,31.55661057183542,3.5166445854584803e-15,0,12345
5.0,0.1,2,15,Pooling,0.87,24.709878477237098,24.709878477237098,0.0,0,12345
5.0,0.1,2,15,Repeated,0.9,27.57977060985023,27.57977060985023,3.3685082407539813e-15,0,12345
5.0,0.1,2,15,S-HCP-within,0.97,30.052783777442073,29.78408148124806,0.943928545376343,0,12345
5.0,0.1,2,15,Std-CP,0.88,8.499212073926012,7.271185334417789,6.119144784018163,0,12345
5.0,0.1,2,15,Subsampling,0.9,28.979257846699785,28.97925784669978,3.4618363805618884e-15,0,12345
5.0,0.1,2,20,Donor-HCP-no-within,0.88,22.775812863381795,23.26087446311157,2.47062191835464,0,12345
5.0,0.1,2,20,Donor-HCP-within,0.88,12.150354244092878,12.35425959686959,1.1962159816413966,0,12345
5.0,0.1,2,20,HCP,0.96,31.55661057183542,31.55661057183542,3.5166445854584803e-15,0,12345
5.0,0.1,2,20,Pooling,0.87,24.709878477237098,24.709878477237098,0.0,0,12345
5.0,0.1,2,20,Repeated,0.9,27.57977060985023,27.57977060985023,3.3685082407539813e-15,0,12345
5.0,0.1,2,20,S-HCP-within,0.97,29.618456681369665,29.67977176295574,0.81855263789479,0,12345
5.0,0.1,2,20,Std-CP,0.88,7.044398869666646,6.014499419151948,4.56227045640712,0,12345
5.0,0.1,2,20,Subsampling,0.9,28.979257846699785,28.97925784669978,3.4618363805618884e-15,0,12345
5.0,0.1,2,25,Donor-HCP-no-within,0.9,14.017723041182455,12.6147468500015,7.610542158264941,0,12345
5.0,0.1,2,25,Donor-HCP-within,0.94,6.764048663246847,6.5169279818440975,2.102777141257661,0,12345
5.0,0.1,2,25,HCP,0.96,31.55661057183542,31.55661057183542,3.5166445854584803e-15,0,12345
5.0,0.1,2,25,Pooling,0.87,24.709878477237098,24.709878477237098,0.0,0,12345
5.0,0.1,2,25,Repeated,0.9,27.57977060985023,27.57977060985023,3.3685082407539813e-15,0,12345
5.0,0.1,2,25,S-HCP-within,0.93,14.651990786866673,13.34317089409091,7.652812611982235,0,12345
5.0,0.1,2,25,Std-CP,0.88,6.654861194541189,6.044704032766061,2.40312908701068,0,12345
5.0,0.1,2,25,Subsampling,0.9,28.979257846699785,28.97925784669978,3.4618363805618884e-15,0,12345
5.0,0.1,2,30,Donor-HCP-no-within,0.85,13.632094399595479,12.160997249159601,7.579225303799041,0,12345
5.0,0.1,2,30,Donor-HCP-within,0.92,6.625391295784883,6.472635687414155,1.8404059532803847,0,12345
5.0,0.1,2,30,HCP,0.96,31.55661057183542,31.55661057183542,3.5166445854584803e-15,0,12345
5.0,0.1,2,30,Pooling,0.87,24.709878477237098,24.709878477237098,0.0,0,12345
5.0,0.1,2,30,Repeated,0.9,27.57977060985023,27.57977060985023,3.3685082407539813e-15,0,12345
5.0,0.1,2,30,S-HCP-within,0.94,14.982011250082305,12.95278718064656,7.836182591534532,0,12345
5.0,0.1,2,30,Std-CP,0.92,6.37063769583072,5.9842642567565765,1.8088585383055802,0,12345
5.0,0.1,2,30,Subsampling,0.9,28.979257846699785,28.97925784669978,3.4618363805618884e-15,0,12345
5.0,0.1,2,35,Donor-HCP-no-within,0.88,13.838570746209543,12.6147468500015,7.599793603435443,0,12345
5.0,0.1,2,35,Donor-HCP-within,0.92,6.532758523763432,6.428736072292436,1.7817791535933074,0,12345
5.0,0.1,2,35,HCP,0.96,31.55661057183542,31.55661057183542,3.5166445854584803e-15,0,12345
5.0,0.1,2,35,Pooling,0.87,24.709878477237098,24.709878477237098,0.0,0,12345
5.0,0.1,2,35,Repeated,0.9,27.57977060985023,27.57977060985023,3.3685082407539813e-15,0,12345
5.0,0.1,2,35,S-HCP-within,0.95,15.242085607225485,13.272124088714172,7.923798171656653,0,12345
5.0,0.1,2,35,Std-CP,0.93,6.208633460019181,6.1291925206290765,1.903774083830864,0,12345
5.0,0.1,2,35,Subsampling,0.9,28.979257846699785,28.97925784669978,3.4618363805618884e-15,0,12345
5.0,0.1,3,0,Donor-HCP-no-within,0.98,34.62862569676791,34.62862569676791,0.0,0,12345
5.0,0.1,3,0,Donor-HCP-within,0.98,34.62862569676791,34.62862569676791,0.0,0,12345
5.0,0.1,3,0,HCP,0.98,34.62862569676791,34.62862569676791,0.0,0,12345
5.0,0.1,3,0,Pooling,0.88,26.255796108224654,26.255796108224654,1.922833189586462e-15,0,12345
5.0,0.1,3,0,Repeated,0.95,30.64136592307341,30.64136592307341,0.0,0,12345
5.0,0.1,3,0,S-HCP-within,0.94,27.6582639593474,27.82307392051061,2.570632281254481,0,12345
5.0,0.1,3,0,Std-CP,1.0,,,,100,12345
5.0,0.1,3,0,Subsampling,0.98,33.810608320880604,33.810608320880604,0.0,0,12345
5.0,0.1,3,5,Donor-HCP-no-within,0.95,32.37629848574855,35.10565229045548,5.0115157909066435,0,12345
5.0,0.1,3,5,Donor-HCP-within,0.98,28.7293236076904,30.804024257730433,4.357025229119031,0,12345
5.0,0.1,3,5,HCP,0.98,34.62862569676791,34.62862569676791,0.0,0,12345
5.0,0.1,3,5,Pooling,0.88,26.255796108224654,26.255796108224654,1.922833189586462e-15,0,12345
5.0,0.1,3,5,Repeated,0.95,30.64136592307341,30.64136592307341,0.0,0,12345
5.0,0.1,3,5,S-HCP-within,0.95,25.51060186465028,25.967444968561814,1.8361996798123077,0,12345
5.0,0.1,3,5,Std-CP,0.7,6.190706443972013,4.935534748690798,4.84602459834052,0,12345
5.0,0.1,3,5,Subsampling,0.98,33.810608320880604,33.810608320880604,0.0,0,12345
5.0,0.1,3,10,Donor-HCP-no-within,0.94,30.23310799611426,32.34075014980395,4.64727854957125,0,12345
5.0,0.1,3,10,Donor-HCP-within,0.86,20.71488463393299,20.68165817437975,2.733790879405571,0,12345
5.0,0.1,3,10,HCP,0.98,34.62862569676791,34.62862569676791,0.0,0,12345
5.0,0.1,3,10,Pooling,0.88,26.255796108224654,26.255796108224654,1.922833189586462e-15,0,12345
5.0,0.1,3,10,Repeated,0.95,30.64136592307341,30.64136592307341,0.0,0,12345
5.0,0.1,3,10,S-HCP-within,0.97,24.820185667108706,24.804057135673126,1.9245234400783193,0,12345
5.0,0.1,3,10,Std-CP,0.8,44.84848368503611,13.764433317857355,129.49187770298767,0,12345
5.0,0.1,3,10,Subsampling,0.98,33.810608320880604,33.810608320880604,0.0,0,12345
5.0,0.1,3,15,Donor-HCP-no-within,0.9,28.7439283162035,30.56761563382861,4.546437984949922,0,12345
5.0,0.1,3,15,Donor-HCP-within,0.89,18.23114967476217,18.959419214071577,2.658123747196021,0,12345
5.0,0.1,3,15,HCP,0.98,34.62862569676791,34.62862569676791,0.0,0,12345
5.0,0.1,3,15,Pooling,0.88,26.255796108224654,26.255796108224654,1.922833189586462e-15,0,12345
5.0,0.1,3,15,Repeated,0.95,30.64136592307341,30.64136592307341,0.0,0,12345
5.0,0.1,3,15,S-HCP-within,0.94,24.67381969898343,24.804057135673126,1.4468920811333175,0,12345
5.0,0.1,3,15,Std-CP,0.88,8.979712655437272,7.93713337320327,5.3840313205210855,0,12345
5.0,0.1,3,15,Subsampling,0.98,33.810608320880604,33.810608320880604,0.0,0,12345
5.0,0.1,3,20,Donor-HCP-no-within,0.93,27.11938632819551,28.052913128102904,4.722794480547092,0,12345
5.0,0.1,3,20,Donor-HCP-within,0.89,14.791346630037403,15.68417584515258,2.595416412974205,0,12345
5.0,0.1,3,20,HCP,0.98,34.62862569676791,34.62862569676791,0.0,0,12345
5.0,0.1,3,20,Pooling,0.88,26.255796108224654,26.255796108224654,1.922833189586462e-15,0,12345
5.0,0.1,3,20,Repeated,0.95,30.64136592307341,30.64136592307341,0.0,0,12345
5.0,0.1,3,20,S-HCP-within,0.95,22.931557701467653,22.92102892530197,1.1430937749798673,0,12345
5.0,0.1,3,20,Std-CP,0.92,6.901548659984588,6.361779663275041,2.9632805056043536,0,12345
5.0,0.1,3,20,Subsampling,0.98,33.810608320880604,33.810608320880604,0.0,0,12345
5.0,0.1,3,25,Donor-HCP-no-within,0.9,14.06479809704048,11.527578286815402,7.512728799863292,0,12345
5.0,0.1,3,25,Donor-HCP-within,0.95,7.103945090536122,7.073409858366899,2.2049098300957244,0,12345
5.0,0.1,3,25,HCP,0.98,34.62862569676791,34.62862569676791,0.0,0,12345
5.0,0.1,3,25,Pooling,0.88,26.255796108224654,26.255796108224654,1.922833189586462e-15,0,12345
5.0,0.1,3,25,Repeated,0.95,30.64136592307341,30.64136592307341,0.0,0,12345
5.0,0.1,3,25,S-HCP-within,0.91,14.714923943329088,12.125923021754193,7.739538253445634,0,12345
5.0,0.1,3,25,Std-CP,0.96,6.669868366427672,6.318769058924305,2.274441290469808,0,12345
5.0,0.1,3,25,Subsampling,0.98,33.810608320880604,33.810608320880604,0.0,0,12345
5.0,0.1,3,30,Donor-HCP-no-within,0.88,13.532243078464514,11.304381716431688,7.397706394894262,0,12345
5.0,0.1,3,30,Donor-HCP-within,0.93,6.502386792517218,6.135928709933978,1.9449156748098253,0,12345
5.0,0.1,3,30,HCP,0.98,34.62862569676791,34.62862569676791,0.0,0,12345
5.0,0.1,3,30,Pooling,0.88,26.255796108224654,26.255796108224654,1.922833189586462e-15,0,12345
5.0,0.1,3,30,Repeated,0.95,30.64136592307341,30.64136592307341,0.0,0,12345
5.0,0.1,3,30,S-HCP-within,0.91,14.845654745807169,12.89081857837926,7.683750523913144,0,12345
5.0,0.1,3,30,Std-CP,0.94,6.4393425988031945,6.089022587326458,2.0163951236082043,0,12345
5.0,0.1,3,30,Subsampling,0.98,33.810608320880604,33.810608320880604,0.0,0,12345
5.0,0.1,3,35,Donor-HCP-no-within,0.89,13.801050899349834,11.57667135520176,7.373423713169608,0,12345
5.0,0.1,3,35,Donor-HCP-within,0.95,6.749568160177979,6.555601310283626,2.0119499715891203,0,12345
5.0,0.1,3,35,HCP,0.98,34.62862569676791,34.62862569676791,0.0,0,12345
5.0,0.1,3,35,Pooling,0.88,26.255796108224654,26.255796108224654,1.922833189586462e-15,0,12345
5.0,0.1,3,35,Repeated,0.95,30.64136592307341,30.64136592307341,0.0,0,12345
5.0,0.1,3,35,S-HCP-within,0.92,15.037187602576404,13.52784262694049,7.505887141236228,0,12345
5.0,0.1,3,35,Std-CP,0.98,6.891457144480788,6.806269100909149,1.9617873560603518,0,12345
5.0,0.1,3,35,Subsampling,0.98,33.810608320880604,33.810608320880604,0.0,0,12345
5.0,0.1,4,0,Donor-HCP-no-within,0.97,26.29233821282881,26.29233821282881,7.141223187966347e-16,0,12345
5.0,0.1,4,0,Donor-HCP-within,0.97,26.29233821282881,26.29233821282881,7.141223187966347e-16,0,12345
5.0,0.1,4,0,HCP,0.97,26.29233821282881,26.29233821282881,7.141223187966347e-16,0,12345
5.0,0.1,4,0,Pooling,0.88,21.039822580122518,21.039822580122518,3.5706115939831736e-16,0,12345
5.0,0.1,4,0,Repeated,0.89,22.02397568450522,22.02397568450522,4.269830445319169e-15,0,12345
5.0,0.1,4,0,S-HCP-within,0.95,29.15808796152819,29.095983468513502,2.539446217955632,0,12345
5.0,0.1,4,0,Std-CP,1.0,,,,100,12345
5.0,0.1,4,0,Subsampling,0.86,20.548420697456994,20.548420697456994,4.269830445319169e-15,0,12345
5.0,0.1,4,5,Donor-HCP-no-within,0.99,58.44308247644294,62.17161366732536,19.248215929559812,0,12345
5.0,0.1,4,5,Donor-HCP-within,1.0,50.70633760293504,52.8545497485552,15.426592017111254,0,12345
5.0,0.1,4,5,HCP,0.97,26.29233821282881,26.29233821282881,7.141223187966347e-16,0,12345
5.0,0.1,4,5,Pooling,0.88,21.039822580122518,21.039822580122518,3.5706115939831736e-16,0,12345
5.0,0.1,4,5,Repeated,0.89,22.02397568450522,22.02397568450522,4.269830445319169e-15,0,12345
5.0,0.1,4,5,S-HCP-within,0.95,28.062244873087614,28.04734165789202,1.173468265041967,0,12345
5.0,0.1,4,5,Std-CP,0.67,6.356416313670143,5.887046048050713,3.689143012168865,0,12345
5.0,0.1,4,5,Subsampling,0.86,20.548420697456994,20.548420697456994,4.269830445319169e-15,0,12345
5.0,0.1,4,10,Donor-HCP-no-within,0.99,56.38868732536639,61.11374708349746,18.21852497634078,0,12345
5.0,0.1,4,10,Donor-HCP-within,1.0,73.02944581907025,81.2232489446036,17.092710420207645,0,12345
5.0,0.1,4,10,HCP,0.97,26.29233821282881,26.29233821282881,7.141223187966347e-16,0,12345
5.0,0.1,4,10,Pooling,0.88,21.039822580122518,21.039822580122518,3.5706115939831736e-16,0,12345
5.0,0.1,4,10,Repeated,0.89,22.02397568450522,22.02397568450522,4.269830445319169e-15,0,12345
5.0,0.1,4,10,S-HCP-within,0.95,28.006889603806684,28.013319236420678,1.1352310210314651,0,12345
5.0,0.1,4,10,Std-CP,0.75,27.999462186449332,12.166240777132199,49.210301757257284,0,12345
5.0,0.1,4,10,Subsampling,0.86,20.548420697456994,20.548420697456994,4.269830445319169e-15,0,12345
5.0,0.1,4,15,Donor-HCP-no-within,0.99,54.756675942472505,60.81939081500653,18.58323605623164,0,12345
5.0,0.1,4,15,Donor-HCP-within,1.0,31.90575030075984,27.67370882268815,12.057822343557,0,12345
5.0,0.1,4,15,HCP,0.97,26.29233821282881,26.29233821282881,7.141223187966347e-16,0,12345
5.0,0.1,4,15,Pooling,0.88,21.039822580122518,21.039822580122518,3.5706115939831736e-16,0,12345
5.0,0.1,4,15,Repeated,0.89,22.02397568450522,22.02397568450522,4.269830445319169e-15,0,12345
5.0,0.1,4,15,S-HCP-within,0.96,27.87444351049342,27.550085415488347,0.946209619762667,0,12345
5.0,0.1,4,15,Std-CP,0.88,8.954896823277391,7.97560560974939,4.342175944218784,0,12345
5.0,0.1,4,15,Subsampling,0.86,20.548420697456994,20.548420697456994,4.269830445319169e-15,0,12345
5.0,0.1,4,20,Donor-HCP-no-within,0.97,39.15565798170781,42.0559518539754,10.91078534904446,0,12345
5.0,0.1,4,20,Donor-HCP-within,0.99,22.290145583422078,22.850656713003275,5.512759700025044,0,12345
5.0,0.1,4,20,HCP,0.97,26.29233821282881,26.29233821282881,7.141223187966347e-16,0,12345
5.0,0.1,4,20,Pooling,0.88,21.039822580122518,21.039822580122518,3.5706115939831736e-16,0,12345
5.0,0.1,4,20,Repeated,0.89,22.02397568450522,22.02397568450522,4.269830445319169e-15,0,12345
5.0,0.1,4,20,S-HCP-within,0.94,27.456250974253557,27.356267940309813,0.8098460899866677,0,12345
5.0,0.1,4,20,Std-CP,0.91,7.0080431555289895,6.373170693559972,2.839218091405428,0,12345
5.0,0.1,4,20,Subsampling,0.86,20.548420697456994,20.548420697456994,4.269830445319169e-15,0,12345
5.0,0.1,4,25,Donor-HCP-no-within,0.87,13.146927866528426,11.2895547592843,6.307052321321935,0,12345
5.0,0.1,4,25,Donor-HCP-within,0.9,6.572063324511582,6.322703319965877,2.3486886664399114,0,12345
5.0,0.1,4,25,HCP,0.97,26.29233821282881,26.29233821282881,7.141223187966347e-16,0,12345
5.0,0.1,4,25,Pooling,0.88,21.039822580122518,21.039822580122518,3.5706115939831736e-16,0,12345
5.0,0.1,4,25,Repeated,0.89,22.02397568450522,22.02397568450522,4.269830445319169e-15,0,12345
5.0,0.1,4,25,S-HCP-within,0.86,13.44511098061938,12.196865532732435,6.381269676803784,0,12345
5.0,0.1,4,25,Std-CP,0.89,7.077544714948403,6.668567218716996,2.3732204986895025,0,12345
5.0,0.1,4,25,Subsampling,0.86,20.548420697456994,20.548420697456994,4.269830445319169e-15,0,12345
5.0,0.1,4,30,Donor-HCP-no-within,0.85,12.76107264730784,11.015803698719434,6.314387299963779,0,12345
5.0,0.1,4,30,Donor-HCP-within,0.88,6.530351110233646,6.3133057649214805,2.076030842987615,0,12345
5.0,0.1,4,30,HCP,0.97,26.29233821282881,26.29233821282881,7.141223187966347e-16,0,12345
5.0,0.1,4,30,Pooling,0.88,21.039822580122518,21.039822580122518,3.5706115939831736e-16,0,12345
5.0,0.1,4,30,Repeated,0.89,22.02397568450522,22.02397568450522,4.269830445319169e-15,0,12345
5.0,0.1,4,30,S-HCP-within,0.86,13.711953470642927,12.85980339170243,6.573228354338461,0,12345
5.0,0.1,4,30,Std-CP,0.93,6.255998282742455,5.96523318013797,2.008110333317275,0,12345
5.0,0.1,4,30,Subsampling,0.86,20.548420697456994,20.548420697456994,4.269830445319169e-15,0,12345
5.0,0.1,4,35,Donor-HCP-no-within,0.86,13.031946532613414,11.015803698719434,6.320449623487517,0,12345
5.0,0.1,4,35,Donor-HCP-within,0.95,6.674442633055732,6.388628002742397,2.1515084221546585,0,12345
5.0,0.1,4,35,HCP,0.97,26.29233821282881,26.29233821282881,7.141223187966347e-16,0,12345
5.0,0.1,4,35,Pooling,0.88,21.039822580122518,21.039822580122518,3.5706115939831736e-16,0,12345
5.0,0.1,4,35,Repeated,0.89,22.02397568450522,22.02397568450522,4.269830445319169e-15,0,12345
5.0,0.1,4,35,S-HCP-within,0.88,14.189875589742563,13.056044832857278,6.468835217391818,0,12345
5.0,0.1,4,35,Std-CP,0.95,6.683234046542449,6.362617614307963,2.570785801704591,0,12345
5.0,0.1,4,35,Subsampling,0.86,20.548420697456994,20.548420697456994,4.269830445319169e-15,0,12345
5.0,0.1,5,0,Donor-HCP-no-within,0.96,28.855199428304385,28.855199428304388,1.712405163993038e-15,0,12345
5.0,0.1,5,0,Donor-HCP-within,0.96,28.855199428304385,28.855199428304388,1.712405163993038e-15,0,12345
5.0,0.1,5,0,HCP,0.96,28.855199428304385,28.855199428304388,1.712405163993038e-15,0,12345
5.0,0.1,5,0,Pooling,0.88,21.27992045318914,21.27992045318914,2.9873879909648398e-15,0,12345
5.0,0.1,5,0,Repeated,0.94,24.532814834087876,24.53281483408788,3.2135504345848563e-15,0,12345
5.0,0.1,5,0,S-HCP-within,0.9,25.50272979278097,25.575561794570483,3.2876950012746677,0,12345
5.0,0.1,5,0,Std-CP,1.0,,,,100,12345
5.0,0.1,5,0,Subsampling,0.86,20.137313618149044,20.137313618149044,3.5706115939831736e-16,0,12345
5.0,0.1,5,5,Donor-HCP-no-within,0.95,25.832322856143595,26.010402654082498,1.6661856137617408,0,12345
5.0,0.1,5,5,Donor-HCP-within,0.96,23.245391020604355,23.170204025152728,1.2099596858246289,0,12345
5.0,0.1,5,5,HCP,0.96,28.855199428304385,28.855199428304388,1.712405163993038e-15,0,12345
5.0,0.1,5,5,Pooling,0.88,21.27992045318914,21.27992045318914,2.9873879909648398e-15,0,12345
5.0,0.1,5,5,Repeated,0.94,24.532814834087876,24.53281483408788,3.2135504345848563e-15,0,12345
5.0,0.1,5,5,S-HCP-within,0.91,24.8655136841578,24.740699535276796,1.9077108394749833,0,12345
5.0,0.1,5,5,Std-CP,0.71,6.000082428528317,4.878158879319197,4.866683585411731,0,12345
5.0,0.1,5,5,Subsampling,0.86,20.137313618149044,20.137313618149044,3.5706115939831736e-16,0,12345
5.0,0.1,5,10,Donor-HCP-no-within,0.94,24.518208467076,24.84234395884519,1.59124401156162,0,12345
5.0,0.1,5,10,Donor-HCP-within,0.97,52.290005412308595,54.542767626922654,10.933953753542308,0,12345
5.0,0.1,5,10,HCP,0.96,28.855199428304385,28.855199428304388,1.712405163993038e-15,0,12345
5.0,0.1,5,10,Pooling,0.88,21.27992045318914,21.27992045318914,2.9873879909648398e-15,0,12345
5.0,0.1,5,10,Repeated,0.94,24.532814834087876,24.53281483408788,3.2135504345848563e-15,0,12345
5.0,0.1,5,10,S-HCP-within,0.9,24.14922297364532,24.139253655345314,1.8664102643799072,0,12345
5.0,0.1,5,10,Std-CP,0.77,29.773212139712033,11.444866315145791,72.1290721158639,0,12345
5.0,0.1,5,10,Subsampling,0.86,20.137313618149044,20.137313618149044,3.5706115939831736e-16,0,12345
5.0,0.1,5,15,Donor-HCP-no-within,0.95,22.80428603142092,22.829035933954945,1.8025979893621344,0,12345
5.0,0.1,5,15,Donor-HCP-within,0.92,16.053758154839162,16.068185813711473,0.9818337298231404,0,12345
5.0,0.1,5,15,HCP,0.96,28.855199428304385,28.855199428304388,1.712405163993038e-15,0,12345
5.0,0.1,5,15,Pooling,0.88,21.27992045318914,21.27992045318914,2.9873879909648398e-15,0,12345
5.0,0.1,5,15,Repeated,0.94,24.532814834087876,24.53281483408788,3.2135504345848563e-15,0,12345
5.0,0.1,5,15,S-HCP-within,0.9,24.111779571656985,24.139253655345314,1.704619672589803,0,12345
5.0,0.1,5,15,Std-CP,0.93,8.366132129028658,6.846274070096507,6.329564747876512,0,12345
5.0,0.1,5,15,Subsampling,0.86,20.137313618149044,20.137313618149044,3.5706115939831736e-16,0,12345
5.0,0.1,5,20,Donor-HCP-no-within,0.91,21.091580088472398,20.76597322536297,2.000411187783025,0,12345
5.0,0.1,5,20,Donor-HCP-within,0.92,12.300042339567671,12.16071475465419,0.901143257301681,0,12345
5.0,0.1,5,20,HCP,0.96,28.855199428304385,28.855199428304388,1.712405163993038e-15,0,12345
5.0,0.1,5,20,Pooling,0.88,21.27992045318914,21.27992045318914,2.9873879909648398e-15,0,12345
5.0,0.1,5,20,Repeated,0.94,24.532814834087876,24.53281483408788,3.2135504345848563e-15,0,12345
5.0,0.1,5,20,S-HCP-within,0.9,24.035753891765683,23.929669141560538,1.4577190474107877,0,12345
5.0,0.1,5,20,Std-CP,0.93,6.917175303774141,6.448393591207278,2.6525224657059274,0,12345
5.0,0.1,5,20,Subsampling,0.86,20.137313618149044,20.137313618149044,3.5706115939831736e-16,0,12345
5.0,0.1,5,25,Donor-HCP-no-within,0.95,16.316004663191737,15.854114597717064,7.532293653049999,0,12345
5.0,0.1,5,25,Donor-HCP-within,0.92,6.404432703127732,6.229120861266814,2.150177410691639,0,12345
5.0,0.1,5,25,HCP,0.96,28.855199428304385,28.855199428304388,1.712405163993038e-15,0,12345
5.0,0.1,5,25,Pooling,0.88,21.27992045318914,21.27992045318914,2.9873879909648398e-15,0,12345
5.0,0.1,5,25,Repeated,0.94,24.532814834087876,24.53281483408788,3.2135504345848563e-15,0,12345
5.0,0.1,5,25,S-HCP-within,0.95,16.99806036119302,16.77923411942515,7.786071213022155,0,12345
5.0,0.1,5,25,Std-CP,0.88,6.228307784549109,5.820744972628468,2.157777562994553,0,12345
5.0,0.1,5,25,Subsampling,0.86,20.137313618149044,20.137313618149044,3.5706115939831736e-16,0,12345
5.0,0.1,5,30,Donor-HCP-no-within,0.89,15.688494541072926,14.9116685500576,7.385747659248987,0,12345
5.0,0.1,5,30,Donor-HCP-within,0.93,6.196538112666011,6.17043522308183,2.0339209948502313,0,12345
5.0,0.1,5,30,HCP,0.96,28.855199428304385,28.855199428304388,1.712405163993038e-15,0,12345
5.0,0.1,5,30,Pooling,0.88,21.27992045318914,21.27992045318914,2.9873879909648398e-15,0,12345
5.0,0.1,5,30,Repeated,0.94,24.532814834087876,24.53281483408788,3.2135504345848563e-15,0,12345
5.0,0.1,5,30,S-HCP-within,0.92,17.13223165175732,16.871464961896535,7.713270109586237,0,12345
5.0,0.1,5,30,Std-CP,0.9,6.058285776764481,6.0553083849822205,1.861403604788809,0,12345
5.0,0.1,5,30,Subsampling,0.86,20.137313618149044,20.137313618149044,3.5706115939831736e-16,0,12345
5.0,0.1,5,35,Donor-HCP-no-within,0.91,16.01997803155549,15.556481836100321,7.510345958364494,0,12345
5.0,0.1,5,35,Donor-HCP-within,0.97,6.354016724924691,6.092615586106344,2.062671457255338,0,12345
5.0,0.1,5,35,HCP,0.96,28.855199428304385,28.855199428304388,1.712405163993038e-15,0,12345
5.0,0.1,5,35,Pooling,0.88,21.27992045318914,21.27992045318914,2.9873879909648398e-15,0,12345
5.0,0.1,5,35,Repeated,0.94,24.532814834087876,24.53281483408788,3.2135504345848563e-15,0,12345
5.0,0.1,5,35,S-HCP-within,0.94,17.404546019902174,16.942500590865954,7.905881688643794,0,12345
5.0,0.1,5,35,Std-CP,0.94,6.502399387673054,6.190970705189299,2.097015848519077,0,12345
5.0,0.1,5,35,Subsampling,0.86,20.137313618149044,20.137313618149044,3.5706115939831736e-16,0,12345
5.0,0.1,6,0,Donor-HCP-no-within,0.95,40.30128074415421,40.30128074415421,0.0,0,12345
5.0,0.1,6,0,Donor-HCP-within,0.95,40.30128074415421,40.30128074415421,0.0,0,12345
5.0,0.1,6,0,HCP,0.95,40.30128074415421,40.30128074415421,0.0,0,12345
5.0,0.1,6,0,Pooling,0.93,35.73237366316112,35.73237366316112,4.039685873742096e-15,0,12345
5.0,0.1,6,0,Repeated,0.93,37.015299498654116,37.015299498654116,0.0,0,12345
5.0,0.1,6,0,S-HCP-within,0.92,49.782131713156076,49.47995686143172,3.78592585282289,0,12345
5.0,0.1,6,0,Std-CP,1.0,,,,100,12345
5.0,0.1,6,0,Subsampling,0.95,39.32320020322492,39.32320020322492,4.22480461289299e-15,0,12345
5.0,0.1,6,5,Donor-HCP-no-within,0.95,35.474064200032046,28.512842174577365,14.323814916907283,0,12345
5.0,0.1,6,5,Donor-HCP-within,0.96,32.40055476450723,25.265259488426892,12.939410202039053,0,12345
5.0,0.1,6,5,HCP,0.95,40.30128074415421,40.30128074415421,0.0,0,12345
5.0,0.1,6,5,Pooling,0.93,35.73237366316112,35.73237366316112,4.039685873742096e-15,0,12345
5.0,0.1,6,5,Repeated,0.93,37.015299498654116,37.015299498654116,0.0,0,12345
5.0,0.1,6,5,S-HCP-within,0.92,46.93184998867003,48.23218892271882,3.188283754346153,0,12345
5.0,0.1,6,5,Std-CP,0.76,5.538446563946662,4.998875205777413,3.2872392816853457,0,12345
5.0,0.1,6,5,Subsampling,0.95,39.32320020322492,39.32320020322492,4.22480461289299e-15,0,12345
5.0,0.1,6,10,Donor-HCP-no-within,0.95,36.70134022747621,26.64837490047951,16.115238375846076,0,12345
5.0,0.1,6,10,Donor-HCP-within,0.99,545.8503068228766,585.2286108729327,144.1926745488592,0,12345
5.0,0.1,6,10,HCP,0.95,40.30128074415421,40.30128074415421,0.0,0,12345
5.0,0.1,6,10,Pooling,0.93,35.73237366316112,35.73237366316112,4.039685873742096e-15,0,12345
5.0,0.1,6,10,Repeated,0.93,37.015299498654116,37.015299498654116,0.0,0,12345
5.0,0.1,6,10,S-HCP-within,0.92,45.67964018760008,46.56983592228897,3.355976491933346,0,12345
5.0,0.1,6,10,Std-CP,0.8,41.464163886996865,13.39319010077428,97.85318918091784,0,12345
5.0,0.1,6,10,Subsampling,0.95,39.32320020322492,39.32320020322492,4.22480461289299e-15,0,12345
5.0,0.1,6,15,Donor-HCP-no-within,0.96,36.224691704751564,27.443950667920294,15.350424783332853,0,12345
5.0,0.1,6,15,Donor-HCP-within,0.94,20.84834806540264,17.164652486625126,7.925859156730351,0,12345
5.0,0.1,6,15,HCP,0.95,40.30128074415421,40.30128074415421,0.0,0,12345
5.0,0.1,6,15,Pooling,0.93,35.73237366316112,35.73237366316112,4.039685873742096e-15,0,12345
5.0,0.1,6,15,Repeated,0.93,37.015299498654116,37.015299498654116,0.0,0,12345
5.0,0.1,6,15,S-HCP-within,0.93,45.03282987450803,42.89225275968087,3.2380449951001093,0,12345
5.0,0.1,6,15,Std-CP,0.89,8.778212073313728,7.116394419341301,5.341732330309256,0,12345
5.0,0.1,6,15,Subsampling,0.95,39.32320020322492,39.32320020322492,4.22480461289299e-15,0,12345
5.0,0.1,6,20,Donor-HCP-no-within,0.94,31.798331988136866,24.547273342124925,12.641294725016516,0,12345
5.0,0.1,6,20,Donor-HCP-within,0.95,17.506015449534154,14.44767068920715,5.513229994627065,0,12345
5.0,0.1,6,20,HCP,0.95,40.30128074415421,40.30128074415421,0.0,0,12345
5.0,0.1,6,20,Pooling,0.93,35.73237366316112,35.73237366316112,4.039685873742096e-15,0,12345
5.0,0.1,6,20,Repeated,0.93,37.015299498654116,37.015299498654116,0.0,0,12345
5.0,0.1,6,20,S-HCP-within,0.92,42.14254649611351,41.95481979247574,3.5352571969321662,0,12345
5.0,0.1,6,20,Std-CP,0.87,6.757667927448851,6.228167322641615,2.7030941438062013,0,12345
5.0,0.1,6,20,Subsampling,0.95,39.32320020322492,39.32320020322492,4.22480461289299e-15,0,12345
5.0,0.1,6,25,Donor-HCP-no-within,0.93,15.131550106942035,14.753106690149355,7.058690723742663,0,12345
5.0,0.1,6,25,Donor-HCP-within,0.92,6.77029814752061,6.449300372667372,2.3990740244427964,0,12345
5.0,0.1,6,25,HCP,0.95,40.30128074415421,40.30128074415421,0.0,0,12345
5.0,0.1,6,25,Pooling,0.93,35.73237366316112,35.73237366316112,4.039685873742096e-15,0,12345
5.0,0.1,6,25,Repeated,0.93,37.015299498654116,37.015299498654116,0.0,0,12345
5.0,0.1,6,25,S-HCP-within,0.91,15.759714893948884,16.364644592909386,7.2085375577839175,0,12345
5.0,0.1,6,25,Std-CP,0.93,6.709824465430927,6.1609729565323015,2.119175831086136,0,12345
5.0,0.1,6,25,Subsampling,0.95,39.32320020322492,39.32320020322492,4.22480461289299e-15,0,12345
5.0,0.1,6,30,Donor-HCP-no-within,0.92,14.545841185139253,14.541808046699028,6.971237680654521,0,12345
5.0,0.1,6,30,Donor-HCP-within,0.93,6.480170378933488,6.216718167614662,1.9252214542201072,0,12345
5.0,0.1,6,30,HCP,0.95,40.30128074415421,40.30128074415421,0.0,0,12345
5.0,0.1,6,30,Pooling,0.93,35.73237366316112,35.73237366316112,4.039685873742096e-15,0,12345
5.0,0.1,6,30,Repeated,0.93,37.015299498654116,37.015299498654116,0.0,0,12345
5.0,0.1,6,30,S-HCP-within,0.95,16.027253666557243,16.311490089655827,7.188727862074367,0,12345
5.0,0.1,6,30,Std-CP,0.9,6.327113616455294,6.294911793150179,2.1337824066746838,0,12345
5.0,0.1,6,30,Subsampling,0.95,39.32320020322492,39.32320020322492,4.22480461289299e-15,0,12345
5.0,0.1,6,35,Donor-HCP-no-within,0.95,14.884718652612165,14.637683899335677,7.005375382755488,0,12345
5.0,0.1,6,35,Donor-HCP-within,0.92,6.587363735859989,6.320273610492325,2.019532720625492,0,12345
5.0,0.1,6,35,HCP,0.95,40.30128074415421,40.30128074415421,0.0,0,12345
5.0,0.1,6,35,Pooling,0.93,35.73237366316112,35.73237366316112,4.039685873742096e-15,0,12345
5.0,0.1,6,35,Repeated,0.93,37.015299498654116,37.015299498654116,0.0,0,12345
5.0,0.1,6,35,S-HCP-within,0.96,16.153788065612233,15.883773070349434,7.210874541454245,0,12345
5.0,0.1,6,35,Std-CP,0.92,6.540773090079471,6.079896607940258,2.0094786704977254,0,12345
5.0,0.1,6,35,Subsampling,0.95,39.32320020322492,39.32320020322492,4.22480461289299e-15,0,12345
5.0,0.1,7,0,Donor-HCP-no-within,1.0,34.401445886061865,34.401445886061865,0.0,0,12345
5.0,0.1,7,0,Donor-HCP-within,1.0,34.401445886061865,34.401445886061865,0.0,0,12345
5.0,0.1,7,0,HCP,1.0,34.401445886061865,34.401445886061865,0.0,0,12345
5.0,0.1,7,0,Pooling,0.96,27.40405237245508,27.404052372455084,3.44337312155261e-15,0,12345
5.0,0.1,7,0,Repeated,0.96,28.43850326300611,28.438503263006112,3.44337312155261e-15,0,12345
5.0,0.1,7,0,S-HCP-within,0.99,41.058096408418244,41.44159543757253,3.663562471352485,0,12345
5.0,0.1,7,0,Std-CP,1.0,,,,100,12345
5.0,0.1,7,0,Subsampling,0.97,29.790333625256807,29.790333625256807,7.141223187966347e-16,0,12345
5.0,0.1,7,5,Donor-HCP-no-within,1.0,37.240521828039775,34.81338750939227,6.988273820378211,0,12345
5.0,0.1,7,5,Donor-HCP-within,1.0,30.993032015129828,29.86095806709359,4.873778882481719,0,12345
5.0,0.1,7,5,HCP,1.0,34.401445886061865,34.401445886061865,0.0,0,12345
5.0,0.1,7,5,Pooling,0.96,27.40405237245508,27.404052372455084,3.44337312155261e-15,0,12345
5.0,0.1,7,5,Repeated,0.96,28.43850326300611,28.438503263006112,3.44337312155261e-15,0,12345
5.0,0.1,7,5,S-HCP-within,0.99,38.91345837051427,39.66136674785588,2.3076352597893437,0,12345
5.0,0.1,7,5,Std-CP,0.81,7.3933702153519185,6.023050003931518,6.450129384566386,0,12345
5.0,0.1,7,5,Subsampling,0.97,29.790333625256807,29.790333625256807,7.141223187966347e-16,0,12345
5.0,0.1,7,10,Donor-HCP-no-within,0.98,33.734255033970264,32.79167063226164,4.553298320578681,0,12345
5.0,0.1,7,10,Donor-HCP-within,0.99,36.95970816301294,37.78297119026197,5.385110362608742,0,12345
5.0,0.1,7,10,HCP,1.0,34.401445886061865,34.401445886061865,0.0,0,12345
5.0,0.1,7,10,Pooling,0.96,27.40405237245508,27.404052372455084,3.44337312155261e-15,0,12345
5.0,0.1,7,10,Repeated,0.96,28.43850326300611,28.438503263006112,3.44337312155261e-15,0,12345
5.0,0.1,7,10,S-HCP-within,0.99,38.851982659731426,38.746783108023486,1.8562341164768854,0,12345
5.0,0.1,7,10,Std-CP,0.89,22.39306389242914,11.731303034200648,43.83239039351394,0,12345
5.0,0.1,7,10,Subsampling,0.97,29.790333625256807,29.790333625256807,7.141223187966347e-16,0,12345
5.0,0.1,7,15,Donor-HCP-no-within,0.99,31.689628057965233,30.751036135292296,3.795979730250452,0,12345
5.0,0.1,7,15,Donor-HCP-within,1.0,22.25743367268056,20.846502139190413,3.155451166275923,0,12345
5.0,0.1,7,15,HCP,1.0,34.401445886061865,34.401445886061865,0.0,0,12345
5.0,0.1,7,15,Pooling,0.96,27.40405237245508,27.404052372455084,3.44337312155261e-15,0,12345
5.0,0.1,7,15,Repeated,0.96,28.43850326300611,28.438503263006112,3.44337312155261e-15,0,12345
5.0,0.1,7,15,S-HCP-within,0.99,38.747368237212086,38.746783108023486,1.6626833592383012,0,12345
5.0,0.1,7,15,Std-CP,0.94,9.198955874795836,8.177037856932735,5.319028123195521,0,12345
5.0,0.1,7,15,Subsampling,0.97,29.790333625256807,29.790333625256807,7.141223187966347e-16,0,12345
5.0,0.1,7,20,Donor-HCP-no-within,0.99,29.962125089802775,27.839539034251345,5.0295801263910445,0,12345
5.0,0.1,7,20,Donor-HCP-within,1.0,16.940921257190645,16.094499433261312,2.0867445404251805,0,12345
5.0,0.1,7,20,HCP,1.0,34.401445886061865,34.401445886061865,0.0,0,12345
5.0,0.1,7,20,Pooling,0.96,27.40405237245508,27.404052372455084,3.44337312155261e-15,0,12345
5.0,0.1,7,20,Repeated,0.96,28.43850326300611,28.438503263006112,3.44337312155261e-15,0,12345
5.0,0.1,7,20,S-HCP-within,0.99,37.789200689237575,38.273020947304495,1.4753193930481294,0,12345
5.0,0.1,7,20,Std-CP,0.88,6.973042808455259,6.359594950757241,2.9590095988451166,0,12345
5.0,0.1,7,20,Subsampling,0.97,29.790333625256807,29.790333625256807,7.141223187966347e-16,0,12345
5.0,0.1,7,25,Donor-HCP-no-within,0.94,17.54341858107921,15.904121124952734,7.0373572051625395,0,12345
5.0,0.1,7,25,Donor-HCP-within,0.92,6.876420632597551,6.63638958531099,2.1844079489921713,0,12345
5.0,0.1,7,25,HCP,1.0,34.401445886061865,34.401445886061865,0.0,0,12345
5.0,0.1,7,25,Pooling,0.96,27.40405237245508,27.404052372455084,3.44337312155261e-15,0,12345
5.0,0.1,7,25,Repeated,0.96,28.43850326300611,28.438503263006112,3.44337312155261e-15,0,12345
5.0,0.1,7,25,S-HCP-within,0.92,18.063186453597293,16.933555528367446,7.352921543177896,0,12345
5.0,0.1,7,25,Std-CP,0.91,6.874904624469395,6.492408107756114,2.3494677544589266,0,12345
5.0,0.1,7,25,Subsampling,0.97,29.790333625256807,29.790333625256807,7.141223187966347e-16,0,12345
5.0,0.1,7,30,Donor-HCP-no-within,0.92,16.617995392415697,15.15098475930774,6.939485811791187,0,12345
5.0,0.1,7,30,Donor-HCP-within,0.92,6.48182189203681,6.415975371150492,2.0794946089529827,0,12345
5.0,0.1,7,30,HCP,1.0,34.401445886061865,34.401445886061865,0.0,0,12345
5.0,0.1,7,30,Pooling,0.96,27.40405237245508,27.404052372455084,3.44337312155261e-15,0,12345
5.0,0.1,7,30,Repeated,0.96,28.43850326300611,28.438503263006112,3.44337312155261e-15,0,12345
5.0,0.1,7,30,S-HCP-within,0.95,18.33859141283087,16.357109974279588,7.386382258398606,0,12345
5.0,0.1,7,30,Std-CP,0.92,6.590097637355753,6.439684889876461,1.9670758370211119,0,12345
5.0,0.1,7,30,Subsampling,0.97,29.790333625256807,29.790333625256807,7.141223187966347e-16,0,12345
5.0,0.1,7,35,Donor-HCP-no-within,0.93,17.13502265395889,15.445055904786745,7.050600331174645,0,12345
5.0,0.1,7,35,Donor-HCP-within,0.95,6.539671636645444,6.637673216001524,1.8864358752315036,0,12345
5.0,0.1,7,35,HCP,1.0,34.401445886061865,34.401445886061865,0.0,0,12345
5.0,0.1,7,35,Pooling,0.96,27.40405237245508,27.404052372455084,3.44337312155261e-15,0,12345
5.0,0.1,7,35,Repeated,0.96,28.43850326300611,28.438503263006112,3.44337312155261e-15,0,12345
5.0,0.1,7,35,S-HCP-within,0.97,19.102501763057067,18.83775309192621,7.658148542740659,0,12345
5.0,0.1,7,35,Std-CP,0.93,6.576258602989077,6.145683496200119,2.112759161444831,0,12345
5.0,0.1,7,35,Subsampling,0.97,29.790333625256807,29.790333625256807,7.141223187966347e-16,0,12345
5.0,0.1,8,0,Donor-HCP-no-within,0.93,43.442034254676535,43.442034254676535,5.1988889552273155e-15,0,12345
5.0,0.1,8,0,Donor-HCP-within,0.93,43.442034254676535,43.442034254676535,5.1988889552273155e-15,0,12345
5.0,0.1,8,0,HCP,0.93,43.442034254676535,43.442034254676535,5.1988889552273155e-15,0,12345
5.0,0.1,8,0,Pooling,0.87,36.463177095697006,36.463177095697006,0.0,0,12345
5.0,0.1,8,0,Repeated,0.93,40.063570662463945,40.063570662463945,0.0,0,12345
5.0,0.1,8,0,S-HCP-within,0.86,25.923575128931134,26.373248734955894,2.543636282394718,0,12345
5.0,0.1,8,0,Std-CP,1.0,,,,100,12345
5.0,0.1,8,0,Subsampling,0.93,42.96722009506503,42.96722009506503,0.0,0,12345
5.0,0.1,8,5,Donor-HCP-no-within,0.91,36.81149737608213,37.03924750011957,4.81691160098812,0,12345
5.0,0.1,8,5,Donor-HCP-within,0.91,32.24379418721751,32.220170520354216,4.211575360510243,0,12345
5.0,0.1,8,5,HCP,0.93,43.442034254676535,43.442034254676535,5.1988889552273155e-15,0,12345
5.0,0.1,8,5,Pooling,0.87,36.463177095697006,36.463177095697006,0.0,0,12345
5.0,0.1,8,5,Repeated,0.93,40.063570662463945,40.063570662463945,0.0,0,12345
5.0,0.1,8,5,S-HCP-within,0.88,25.68116721648037,25.235608689936896,2.0905638181431856,0,12345
5.0,0.1,8,5,Std-CP,0.73,6.3370428333192175,4.864375720949877,4.729905930691302,0,12345
5.0,0.1,8,5,Subsampling,0.93,42.96722009506503,42.96722009506503,0.0,0,12345
5.0,0.1,8,10,Donor-HCP-no-within,0.92,34.736206483190415,35.46783387506783,5.093231026492951,0,12345
5.0,0.1,8,10,Donor-HCP-within,0.88,24.28577948513314,24.51734394063846,3.5756315718296663,0,12345
5.0,0.1,8,10,HCP,0.93,43.442034254676535,43.442034254676535,5.1988889552273155e-15,0,12345
5.0,0.1,8,10,Pooling,0.87,36.463177095697006,36.463177095697006,0.0,0,12345
5.0,0.1,8,10,Repeated,0.93,40.063570662463945,40.063570662463945,0.0,0,12345
5.0,0.1,8,10,S-HCP-within,0.9,25.427020412373835,25.126412680222465,1.8725812473995729,0,12345
5.0,0.1,8,10,Std-CP,0.86,23.11360555170795,13.251938012865716,35.264705720009275,0,12345
5.0,0.1,8,10,Subsampling,0.93,42.96722009506503,42.96722009506503,0.0,0,12345
5.0,0.1,8,15,Donor-HCP-no-within,0.87,33.17805875897321,32.965328180982695,4.998837090062885,0,12345
5.0,0.1,8,15,Donor-HCP-within,0.87,20.01799780447196,20.00027710524881,2.9518406718308308,0,12345
5.0,0.1,8,15,HCP,0.93,43.442034254676535,43.442034254676535,5.1988889552273155e-15,0,12345
5.0,0.1,8,15,Pooling,0.87,36.463177095697006,36.463177095697006,0.0,0,12345
5.0,0.1,8,15,Repeated,0.93,40.063570662463945,40.063570662463945,0.0,0,12345
5.0,0.1,8,15,S-HCP-within,0.91,25.565007873053673,25.235608689936896,1.9079583979796093,0,12345
5.0,0.1,8,15,Std-CP,0.9,8.651606226061618,7.561627677705282,4.697505527751782,0,12345
5.0,0.1,8,15,Subsampling,0.93,42.96722009506503,42.96722009506503,0.0,0,12345
5.0,0.1,8,20,Donor-HCP-no-within,0.89,31.758591150373995,30.932901196734942,5.40954055176805,0,12345
5.0,0.1,8,20,Donor-HCP-within,0.85,17.42212550601085,17.43009431045016,2.505131934872307,0,12345
5.0,0.1,8,20,HCP,0.93,43.442034254676535,43.442034254676535,5.1988889552273155e-15,0,12345
5.0,0.1,8,20,Pooling,0.87,36.463177095697006,36.463177095697006,0.0,0,12345
5.0,0.1,8,20,Repeated,0.93,40.063570662463945,40.063570662463945,0.0,0,12345
5.0,0.1,8,20,S-HCP-within,0.87,24.843068554774476,23.934596372830946,1.680456466780314,0,12345
5.0,0.1,8,20,Std-CP,0.94,7.316740465633,6.422879792295033,3.907746247535122,0,12345
5.0,0.1,8,20,Subsampling,0.93,42.96722009506503,42.96722009506503,0.0,0,12345
5.0,0.1,8,25,Donor-HCP-no-within,0.95,17.02105739149479,15.344036740385894,8.770644984554155,0,12345
5.0,0.1,8,25,Donor-HCP-within,0.93,6.917102977213582,6.466621295802902,2.8160194292677954,0,12345
5.0,0.1,8,25,HCP,0.93,43.442034254676535,43.442034254676535,5.1988889552273155e-15,0,12345
5.0,0.1,8,25,Pooling,0.87,36.463177095697006,36.463177095697006,0.0,0,12345
5.0,0.1,8,25,Repeated,0.93,40.063570662463945,40.063570662463945,0.0,0,12345
5.0,0.1,8,25,S-HCP-within,0.94,17.30037732939351,15.959465054858349,9.198206820018306,0,12345
5.0,0.1,8,25,Std-CP,0.96,6.662427709847466,6.233435889500747,2.4003003897608006,0,12345
5.0,0.1,8,25,Subsampling,0.93,42.96722009506503,42.96722009506503,0.0,0,12345
5.0,0.1,8,30,Donor-HCP-no-within,0.91,16.205179090508796,14.08534435501385,8.909231064081103,0,12345
5.0,0.1,8,30,Donor-HCP-within,0.95,6.3670064109388,5.850710638750668,2.2826921575685586,0,12345
5.0,0.1,8,30,HCP,0.93,43.442034254676535,43.442034254676535,5.1988889552273155e-15,0,12345
5.0,0.1,8,30,Pooling,0.87,36.463177095697006,36.463177095697006,0.0,0,12345
5.0,0.1,8,30,Repeated,0.93,40.063570662463945,40.063570662463945,0.0,0,12345
5.0,0.1,8,30,S-HCP-within,0.94,17.723687074607696,15.959465054858349,9.18122448462597,0,12345
5.0,0.1,8,30,Std-CP,0.99,6.564400759655808,6.460704885455236,2.2052769042032754,0,12345
5.0,0.1,8,30,Subsampling,0.93,42.96722009506503,42.96722009506503,0.0,0,12345
5.0,0.1,8,35,Donor-HCP-no-within,0.93,16.61849389839689,14.919440731429574,8.858427353486926,0,12345
5.0,0.1,8,35,Donor-HCP-within,0.95,6.426852543668835,6.177321646772924,1.953670609319357,0,12345
5.0,0.1,8,35,HCP,0.93,43.442034254676535,43.442034254676535,5.1988889552273155e-15,0,12345
5.0,0.1,8,35,Pooling,0.87,36.463177095697006,36.463177095697006,0.0,0,12345
5.0,0.1,8,35,Repeated,0.93,40.063570662463945,40.063570662463945,0.0,0,12345
5.0,0.1,8,35,S-HCP-within,0.96,18.024861363869,16.089332907590524,9.16145031776304,0,12345
5.0,0.1,8,35,Std-CP,0.99,6.4365917866348035,6.450768146220927,1.6207146754547515,0,12345
5.0,0.1,8,35,Subsampling,0.93,42.96722009506503,42.96722009506503,0.0,0,12345
5.0,0.1,9,0,Donor-HCP-no-within,0.99,39.631280341317876,39.631280341317876,0.0,0,12345
5.0,0.1,9,0,Donor-HCP-within,0.99,39.631280341317876,39.631280341317876,0.0,0,12345
5.0,0.1,9,0,HCP,0.99,39.631280341317876,39.631280341317876,0.0,0,12345
5.0,0.1,9,0,Pooling,0.96,34.431090104549824,34.431090104549824,0.0,0,12345
5.0,0.1,9,0,Repeated,0.99,37.76448223580987,37.76448223580987,4.5165061107164786e-15,0,12345
5.0,0.1,9,0,S-HCP-within,0.94,35.01707754686898,35.073227062916885,2.8214720877379706,0,12345
5.0,0.1,9,0,Std-CP,1.0,,,,100,12345
5.0,0.1,9,0,Subsampling,0.99,38.636587657157406,38.636587657157406,0.0,0,12345
5.0,0.1,9,5,Donor-HCP-no-within,0.97,38.716703011958174,36.92323973900117,5.353046015806847,0,12345
5.0,0.1,9,5,Donor-HCP-within,0.99,33.40898919621373,32.709391049194494,4.058943459501979,0,12345
5.0,0.1,9,5,HCP,0.99,39.631280341317876,39.631280341317876,0.0,0,12345
5.0,0.1,9,5,Pooling,0.96,34.431090104549824,34.431090104549824,0.0,0,12345
5.0,0.1,9,5,Repeated,0.99,37.76448223580987,37.76448223580987,4.5165061107164786e-15,0,12345
5.0,0.1,9,5,S-HCP-within,0.91,32.45086354750781,32.07252719885478,1.6447538848589467,0,12345
5.0,0.1,9,5,Std-CP,0.76,6.238113189286971,5.591545652580746,4.452058813730714,0,12345
5.0,0.1,9,5,Subsampling,0.99,38.636587657157406,38.636587657157406,0.0,0,12345
5.0,0.1,9,10,Donor-HCP-no-within,0.97,36.537374686812804,35.73349005010458,4.758300608656573,0,12345
5.0,0.1,9,10,Donor-HCP-within,0.97,27.561959917971286,28.045338291886917,2.500774227335338,0,12345
5.0,0.1,9,10,HCP,0.99,39.631280341317876,39.631280341317876,0.0,0,12345
5.0,0.1,9,10,Pooling,0.96,34.431090104549824,34.431090104549824,0.0,0,12345
5.0,0.1,9,10,Repeated,0.99,37.76448223580987,37.76448223580987,4.5165061107164786e-15,0,12345
5.0,0.1,9,10,S-HCP-within,0.9,31.638524205963016,31.249228420025428,1.498031655345074,0,12345
5.0,0.1,9,10,Std-CP,0.86,37.81687354631325,10.567784311887676,94.9571772091592,0,12345
5.0,0.1,9,10,Subsampling,0.99,38.636587657157406,38.636587657157406,0.0,0,12345
5.0,0.1,9,15,Donor-HCP-no-within,0.97,34.8207116457492,33.568483890651436,5.1007276983698695,0,12345
5.0,0.1,9,15,Donor-HCP-within,0.97,22.545331656432154,22.454839185841976,2.0634015841840276,0,12345
5.0,0.1,9,15,HCP,0.99,39.631280341317876,39.631280341317876,0.0,0,12345
5.0,0.1,9,15,Pooling,0.96,34.431090104549824,34.431090104549824,0.0,0,12345
5.0,0.1,9,15,Repeated,0.99,37.76448223580987,37.76448223580987,4.5165061107164786e-15,0,12345
5.0,0.1,9,15,S-HCP-within,0.92,31.51273465696183,31.249228420025428,1.3262185233219572,0,12345
5.0,0.1,9,15,Std-CP,0.92,8.643879668052021,7.156749960008964,4.831916507642357,0,12345
5.0,0.1,9,15,Subsampling,0.99,38.636587657157406,38.636587657157406,0.0,0,12345
5.0,0.1,9,20,Donor-HCP-no-within,0.96,33.25638737786487,32.762625741009074,3.7346059573466315,0,12345
5.0,0.1,9,20,Donor-HCP-within,0.97,17.540727867966638,16.811626354177896,2.079742679358813,0,12345
5.0,0.1,9,20,HCP,0.99,39.631280341317876,39.631280341317876,0.0,0,12345
5.0,0.1,9,20,Pooling,0.96,34.431090104549824,34.431090104549824,0.0,0,12345
5.0,0.1,9,20,Repeated,0.99,37.76448223580987,37.76448223580987,4.5165061107164786e-15,0,12345
5.0,0.1,9,20,S-HCP-within,0.89,27.611042359754215,27.108532205615113,2.9374203044321794,0,12345
5.0,0.1,9,20,Std-CP,0.91,6.6752092753244305,6.108861558644353,2.7416914839156767,0,12345
5.0,0.1,9,20,Subsampling,0.99,38.636587657157406,38.636587657157406,0.0,0,12345
5.0,0.1,9,25,Donor-HCP-no-within,0.93,15.60606648670734,13.441256476000436,7.590576666727924,0,12345
5.0,0.1,9,25,Donor-HCP-within,0.95,6.562942709554554,5.988928774779502,2.3155759571129955,0,12345
5.0,0.1,9,25,HCP,0.99,39.631280341317876,39.631280341317876,0.0,0,12345
5.0,0.1,9,25,Pooling,0.96,34.431090104549824,34.431090104549824,0.0,0,12345
5.0,0.1,9,25,Repeated,0.99,37.76448223580987,37.76448223580987,4.5165061107164786e-15,0,12345
5.0,0.1,9,25,S-HCP-within,0.95,16.290430767466486,14.86880445277112,7.667907646333207,0,12345
5.0,0.1,9,25,Std-CP,0.96,6.510693239154996,6.154181316084577,2.3235484998587776,0,12345
5.0,0.1,9,25,Subsampling,0.99,38.636587657157406,38.636587657157406,0.0,0,12345
5.0,0.1,9,30,Donor-HCP-no-within,0.93,15.18865258441454,13.57770133132556,7.558180667363162,0,12345
5.0,0.1,9,30,Donor-HCP-within,0.97,6.536997872936439,6.422004770360794,2.0099416823839165,0,12345
5.0,0.1,9,30,HCP,0.99,39.631280341317876,39.631280341317876,0.0,0,12345
5.0,0.1,9,30,Pooling,0.96,34.431090104549824,34.431090104549824,0.0,0,12345
5.0,0.1,9,30,Repeated,0.99,37.76448223580987,37.76448223580987,4.5165061107164786e-15,0,12345
5.0,0.1,9,30,S-HCP-within,0.97,16.534005253612662,15.373654502033492,7.519204077369772,0,12345
5.0,0.1,9,30,Std-CP,0.96,6.425331945011477,6.224836310145605,2.110424324210451,0,12345
5.0,0.1,9,30,Subsampling,0.99,38.636587657157406,38.636587657157406,0.0,0,12345
5.0,0.1,9,35,Donor-HCP-no-within,0.94,15.420400977439119,13.776703129579257,7.50804935098179,0,12345
5.0,0.1,9,35,Donor-HCP-within,0.98,6.698619360341999,6.363710566051209,2.0879234860062788,0,12345
5.0,0.1,9,35,HCP,0.99,39.631280341317876,39.631280341317876,0.0,0,12345
5.0,0.1,9,35,Pooling,0.96,34.431090104549824,34.431090104549824,0.0,0,12345
5.0,0.1,9,35,Repeated,0.99,37.76448223580987,37.76448223580987,4.5165061107164786e-15,0,12345
5.0,0.1,9,35,S-HCP-within,0.98,16.737774711921897,15.583806243336099,7.317339059065071,0,12345
5.0,0.1,9,35,Std-CP,0.99,6.396228983942589,5.828240325238303,2.1802229007464065,0,12345
5.0,0.1,9,35,Subsampling,0.99,38.636587657157406,38.636587657157406,0.0,0,12345
5.0,0.1,10,0,Donor-HCP-no-within,0.79,17.151095130494205,17.151095130494205,3.5706115939831736e-16,0,12345
5.0,0.1,10,0,Donor-HCP-within,0.79,17.151095130494205,17.151095130494205,3.5706115939831736e-16,0,12345
5.0,0.1,10,0,HCP,0.79,17.151095130494205,17.151095130494205,3.5706115939831736e-16,0,12345
5.0,0.1,10,0,Pooling,0.75,13.666742230958928,13.666742230958928,1.3943684022347811e-15,0,12345
5.0,0.1,10,0,Repeated,0.77,14.794187756171985,14.794187756171986,1.7583222927292401e-15,0,12345
5.0,0.1,10,0,S-HCP-within,0.95,25.68002003650102,24.97177693751918,3.3827869209940298,0,12345
5.0,0.1,10,0,Std-CP,1.0,,,,100,12345
5.0,0.1,10,0,Subsampling,0.7,12.243596579346175,12.243596579346175,3.092240347436676e-16,0,12345
5.0,0.1,10,5,Donor-HCP-no-within,0.98,48.2626535295441,48.49984961169021,13.712145866408916,0,12345
5.0,0.1,10,5,Donor-HCP-within,0.99,44.68560718133131,42.64478217180735,11.171673466706277,0,12345
5.0,0.1,10,5,HCP,0.79,17.151095130494205,17.151095130494205,3.5706115939831736e-16,0,12345
5.0,0.1,10,5,Pooling,0.75,13.666742230958928,13.666742230958928,1.3943684022347811e-15,0,12345
5.0,0.1,10,5,Repeated,0.77,14.794187756171985,14.794187756171986,1.7583222927292401e-15,0,12345
5.0,0.1,10,5,S-HCP-within,0.97,22.469200426889383,22.81020372524142,1.5882644388434086,0,12345
5.0,0.1,10,5,Std-CP,0.79,6.491790290361234,5.272740439959366,3.863405774867393,0,12345
5.0,0.1,10,5,Subsampling,0.7,12.243596579346175,12.243596579346175,3.092240347436676e-16,0,12345
5.0,0.1,10,10,Donor-HCP-no-within,0.98,49.509841060363804,47.16507874264309,13.445047241740067,0,12345
5.0,0.1,10,10,Donor-HCP-within,0.94,36.76540842577871,36.28472230317699,8.872644361888842,0,12345
5.0,0.1,10,10,HCP,0.79,17.151095130494205,17.151095130494205,3.5706115939831736e-16,0,12345
5.0,0.1,10,10,Pooling,0.75,13.666742230958928,13.666742230958928,1.3943684022347811e-15,0,12345
5.0,0.1,10,10,Repeated,0.77,14.794187756171985,14.794187756171986,1.7583222927292401e-15,0,12345
5.0,0.1,10,10,S-HCP-within,0.97,22.08417236310856,22.490971787552148,1.6294942014059117,0,12345
5.0,0.1,10,10,Std-CP,0.81,34.56954905882662,15.864351138382832,61.382317511633175,0,12345
5.0,0.1,10,10,Subsampling,0.7,12.243596579346175,12.243596579346175,3.092240347436676e-16,0,12345
5.0,0.1,10,15,Donor-HCP-no-within,0.98,48.07135268785007,55.126314138050176,12.677216501501068,0,12345
5.0,0.1,10,15,Donor-HCP-within,0.99,28.520557270433496,27.496855950273385,7.007867473294518,0,12345
5.0,0.1,10,15,HCP,0.79,17.151095130494205,17.151095130494205,3.5706115939831736e-16,0,12345
5.0,0.1,10,15,Pooling,0.75,13.666742230958928,13.666742230958928,1.3943684022347811e-15,0,12345
5.0,0.1,10,15,Repeated,0.77,14.794187756171985,14.794187756171986,1.7583222927292401e-15,0,12345
5.0,0.1,10,15,S-HCP-within,0.97,21.874887701340572,21.47779317988225,1.48929186309962,0,12345
5.0,0.1,10,15,Std-CP,0.86,9.36475192935547,7.390586536239763,6.6850401359436615,0,12345
5.0,0.1,10,15,Subsampling,0.7,12.243596579346175,12.243596579346175,3.092240347436676e-16,0,12345
5.0,0.1,10,20,Donor-HCP-no-within,0.95,26.962719512052857,25.675936294417937,7.1308921706482415,0,12345
5.0,0.1,10,20,Donor-HCP-within,0.96,18.527369125841965,19.536712212379193,3.663109025860563,0,12345
5.0,0.1,10,20,HCP,0.79,17.151095130494205,17.151095130494205,3.5706115939831736e-16,0,12345
5.0,0.1,10,20,Pooling,0.75,13.666742230958928,13.666742230958928,1.3943684022347811e-15,0,12345
5.0,0.1,10,20,Repeated,0.77,14.794187756171985,14.794187756171986,1.7583222927292401e-15,0,12345
5.0,0.1,10,20,S-HCP-within,0.97,20.90266230403873,21.227734842829314,1.692253914302155,0,12345
5.0,0.1,10,20,Std-CP,0.9,6.794216833217012,6.367206623900348,2.6738448332848352,0,12345
5.0,0.1,10,20,Subsampling,0.7,12.243596579346175,12.243596579346175,3.092240347436676e-16,0,12345
5.0,0.1,10,25,Donor-HCP-no-within,0.9,12.843316300576761,11.301503646943814,6.838076651075669,0,12345
5.0,0.1,10,25,Donor-HCP-within,0.9,6.3949521785047105,6.418645341624876,1.898278178882097,0,12345
5.0,0.1,10,25,HCP,0.79,17.151095130494205,17.151095130494205,3.5706115939831736e-16,0,12345
5.0,0.1,10,25,Pooling,0.75,13.666742230958928,13.666742230958928,1.3943684022347811e-15,0,12345
5.0,0.1,10,25,Repeated,0.77,14.794187756171985,14.794187756171986,1.7583222927292401e-15,0,12345
5.0,0.1,10,25,S-HCP-within,0.9,13.334582587651191,11.810626198617825,6.907691034621886,0,12345
5.0,0.1,10,25,Std-CP,0.96,6.667209233613193,6.321912915852057,2.615823991735917,0,12345
5.0,0.1,10,25,Subsampling,0.7,12.243596579346175,12.243596579346175,3.092240347436676e-16,0,12345
5.0,0.1,10,30,Donor-HCP-no-within,0.86,12.37006205581984,10.875551108337628,6.735997091125135,0,12345
5.0,0.1,10,30,Donor-HCP-within,0.94,6.581681281340994,6.468044700791126,2.1254085762365547,0,12345
5.0,0.1,10,30,HCP,0.79,17.151095130494205,17.151095130494205,3.5706115939831736e-16,0,12345
5.0,0.1,10,30,Pooling,0.75,13.666742230958928,13.666742230958928,1.3943684022347811e-15,0,12345
5.0,0.1,10,30,Repeated,0.77,14.794187756171985,14.794187756171986,1.7583222927292401e-15,0,12345
5.0,0.1,10,30,S-HCP-within,0.91,13.674605812050263,12.08700413376613,6.804460142578584,0,12345
5.0,0.1,10,30,Std-CP,0.91,6.182657469158468,6.0047788086641365,2.0837406244203884,0,12345
5.0,0.1,10,30,Subsampling,0.7,12.243596579346175,12.243596579346175,3.092240347436676e-16,0,12345
5.0,0.1,10,35,Donor-HCP-no-within,0.89,12.577411639235917,10.890422536075505,6.710232769841213,0,12345
5.0,0.1,10,35,Donor-HCP-within,0.96,6.5588836410911915,6.540292073605762,1.775592393461176,0,12345
5.0,0.1,10,35,HCP,0.79,17.151095130494205,17.151095130494205,3.5706115939831736e-16,0,12345
5.0,0.1,10,35,Pooling,0.75,13.666742230958928,13.666742230958928,1.3943684022347811e-15,0,12345
5.0,0.1,10,35,Repeated,0.77,14.794187756171985,14.794187756171986,1.7583222927292401e-15,0,12345
5.0,0.1,10,35,S-HCP-within,0.91,13.720800451835437,11.810626198617825,6.525204939716909,0,12345
5.0,0.1,10,35,Std-CP,0.96,6.294234029080659,6.307585960665809,1.9362631306735638,0,12345
5.0,0.1,10,35,Subsampling,0.7,12.243596579346175,12.243596579346175,3.092240347436676e-16,0,12345
5.0,0.1,11,0,Donor-HCP-no-within,0.92,30.17042653368984,30.17042653368984,3.911409028228123e-15,0,12345
5.0,0.1,11,0,Donor-HCP-within,0.92,30.17042653368984,30.17042653368984,3.911409028228123e-15,0,12345
5.0,0.1,11,0,HCP,0.92,30.17042653368984,30.17042653368984,3.911409028228123e-15,0,12345
5.0,0.1,11,0,Pooling,0.86,26.10380311528168,26.10380311528168,1.071183478194952e-15,0,12345
5.0,0.1,11,0,Repeated,0.89,27.800969861305102,27.800969861305102,3.761872744012832e-15,0,12345
5.0,0.1,11,0,S-HCP-within,0.84,25.673579298919186,26.29564177981669,2.9074509302325215,0,12345
5.0,0.1,11,0,Std-CP,1.0,,,,100,12345
5.0,0.1,11,0,Subsampling,0.77,22.142911335213782,22.14291133521378,3.761872744012832e-15,0,12345
5.0,0.1,11,5,Donor-HCP-no-within,0.92,29.024357514989582,30.130424157898254,2.4128361202937834,0,12345
5.0,0.1,11,5,Donor-HCP-within,0.92,25.497209617001726,26.073934268349763,1.775312848007478,0,12345
5.0,0.1,11,5,HCP,0.92,30.17042653368984,30.17042653368984,3.911409028228123e-15,0,12345
5.0,0.1,11,5,Pooling,0.86,26.10380311528168,26.10380311528168,1.071183478194952e-15,0,12345
5.0,0.1,11,5,Repeated,0.89,27.800969861305102,27.800969861305102,3.761872744012832e-15,0,12345
5.0,0.1,11,5,S-HCP-within,0.83,24.595710440179843,24.39371525804576,2.0803308832931453,0,12345
5.0,0.1,11,5,Std-CP,0.79,6.927010324652767,6.171052930067912,4.880003775857701,0,12345
5.0,0.1,11,5,Subsampling,0.77,22.142911335213782,22.14291133521378,3.761872744012832e-15,0,12345
5.0,0.1,11,10,Donor-HCP-no-within,0.88,27.772301489725518,28.421276712676466,2.2462089051413656,0,12345
5.0,0.1,11,10,Donor-HCP-within,0.98,60.009874199334156,61.20203513238057,8.138398889043222,0,12345
5.0,0.1,11,10,HCP,0.92,30.17042653368984,30.17042653368984,3.911409028228123e-15,0,12345
5.0,0.1,11,10,Pooling,0.86,26.10380311528168,26.10380311528168,1.071183478194952e-15,0,12345
5.0,0.1,11,10,Repeated,0.89,27.800969861305102,27.800969861305102,3.761872744012832e-15,0,12345
5.0,0.1,11,10,S-HCP-within,0.82,24.785488266036644,24.393715258045763,2.1142287742583417,0,12345
5.0,0.1,11,10,Std-CP,0.85,67.13491088337717,10.619855866384462,406.2073343093054,0,12345
5.0,0.1,11,10,Subsampling,0.77,22.142911335213782,22.14291133521378,3.761872744012832e-15,0,12345
5.0,0.1,11,15,Donor-HCP-no-within,0.88,26.786264289244784,27.781607099137197,2.7279072032107106,0,12345
5.0,0.1,11,15,Donor-HCP-within,0.86,17.99050214178948,18.487197672226984,1.600987232943622,0,12345
5.0,0.1,11,15,HCP,0.92,30.17042653368984,30.17042653368984,3.911409028228123e-15,0,12345
5.0,0.1,11,15,Pooling,0.86,26.10380311528168,26.10380311528168,1.071183478194952e-15,0,12345
5.0,0.1,11,15,Repeated,0.89,27.800969861305102,27.800969861305102,3.761872744012832e-15,0,12345
5.0,0.1,11,15,S-HCP-within,0.83,24.842734687489965,24.39371525804576,1.9755351218021373,0,12345
5.0,0.1,11,15,Std-CP,0.88,8.81615016082708,7.776183225174445,4.148153804913882,0,12345
5.0,0.1,11,15,Subsampling,0.77,22.142911335213782,22.14291133521378,3.761872744012832e-15,0,12345
5.0,0.1,11,20,Donor-HCP-no-within,0.91,25.922953021120378,27.05565159366138,3.2673499224751152,0,12345
5.0,0.1,11,20,Donor-HCP-within,0.86,14.474147236769257,15.092623571291083,1.6810271765189908,0,12345
5.0,0.1,11,20,HCP,0.92,30.17042653368984,30.17042653368984,3.911409028228123e-15,0,12345
5.0,0.1,11,20,Pooling,0.86,26.10380311528168,26.10380311528168,1.071183478194952e-15,0,12345
5.0,0.1,11,20,Repeated,0.89,27.800969861305102,27.800969861305102,3.761872744012832e-15,0,12345
5.0,0.1,11,20,S-HCP-within,0.84,24.28493668411498,23.690010060281843,1.9054037589630806,0,12345
5.0,0.1,11,20,Std-CP,0.91,7.343058261347103,6.398191387337181,3.3720572882398345,0,12345
5.0,0.1,11,20,Subsampling,0.77,22.142911335213782,22.14291133521378,3.761872744012832e-15,0,12345
5.0,0.1,11,25,Donor-HCP-no-within,0.92,15.95966178235171,13.759768547356064,8.417769188597498,0,12345
5.0,0.1,11,25,Donor-HCP-within,0.92,7.257298306684899,6.8443009896145925,2.421428067451358,0,12345
5.0,0.1,11,25,HCP,0.92,30.17042653368984,30.17042653368984,3.911409028228123e-15,0,12345
5.0,0.1,11,25,Pooling,0.86,26.10380311528168,26.10380311528168,1.071183478194952e-15,0,12345
5.0,0.1,11,25,Repeated,0.89,27.800969861305102,27.800969861305102,3.761872744012832e-15,0,12345
5.0,0.1,11,25,S-HCP-within,0.93,16.671703202745817,14.104338242117887,8.544420056101695,0,12345
5.0,0.1,11,25,Std-CP,0.91,6.9540975099391025,6.369133128199891,3.1113039689540316,0,12345
5.0,0.1,11,25,Subsampling,0.77,22.142911335213782,22.14291133521378,3.761872744012832e-15,0,12345
5.0,0.1,11,30,Donor-HCP-no-within,0.89,15.46327703975594,13.268503287422824,8.469381824972187,0,12345
5.0,0.1,11,30,Donor-HCP-within,0.96,7.061764597452582,6.960366854592315,2.2657643893539436,0,12345
5.0,0.1,11,30,HCP,0.92,30.17042653368984,30.17042653368984,3.911409028228123e-15,0,12345
5.0,0.1,11,30,Pooling,0.86,26.10380311528168,26.10380311528168,1.071183478194952e-15,0,12345
5.0,0.1,11,30,Repeated,0.89,27.800969861305102,27.800969861305102,3.761872744012832e-15,0,12345
5.0,0.1,11,30,S-HCP-within,0.92,16.71341026315212,14.132327282011072,8.657425340716093,0,12345
5.0,0.1,11,30,Std-CP,0.96,6.880281486932838,6.377780629993907,2.7805418114399787,0,12345
5.0,0.1,11,30,Subsampling,0.77,22.142911335213782,22.14291133521378,3.761872744012832e-15,0,12345
5.0,0.1,11,35,Donor-HCP-no-within,0.93,15.822007260729317,13.458436256221031,8.527175898030874,0,12345
5.0,0.1,11,35,Donor-HCP-within,0.93,6.9380954798862025,6.824622395124524,1.9560196412602826,0,12345
5.0,0.1,11,35,HCP,0.92,30.17042653368984,30.17042653368984,3.911409028228123e-15,0,12345
5.0,0.1,11,35,Pooling,0.86,26.10380311528168,26.10380311528168,1.071183478194952e-15,0,12345
5.0,0.1,11,35,Repeated,0.89,27.800969861305102,27.800969861305102,3.761872744012832e-15,0,12345
5.0,0.1,11,35,S-HCP-within,0.92,16.80806727912745,14.210116493128176,8.841246560841778,0,12345
5.0,0.1,11,35,Std-CP,1.0,6.809124147624369,6.476442298919434,1.9645112884799807,0,12345
5.0,0.1,11,35,Subsampling,0.77,22.142911335213782,22.14291133521378,3.761872744012832e-15,0,12345
5.0,0.1,12,0,Donor-HCP-no-within,0.99,31.497807587804456,31.497807587804456,2.9007785717557725e-15,0,12345
5.0,0.1,12,0,Donor-HCP-within,0.99,31.497807587804456,31.497807587804456,2.9007785717557725e-15,0,12345
5.0,0.1,12,0,HCP,0.99,31.497807587804456,31.497807587804456,2.9007785717557725e-15,0,12345
5.0,0.1,12,0,Pooling,0.92,19.816781986843495,19.816781986843495,0.0,0,12345
5.0,0.1,12,0,Repeated,0.98,27.07171871645353,27.07171871645353,2.8787190989755475e-15,0,12345
5.0,0.1,12,0,S-HCP-within,0.89,20.29519546393527,20.122249141663055,2.90956347064561,0,12345
5.0,0.1,12,0,Std-CP,1.0,,,,100,12345
5.0,0.1,12,0,Subsampling,1.0,33.240632984929825,33.240632984929825,3.0297644053065716e-15,0,12345
5.0,0.1,12,5,Donor-HCP-no-within,0.97,26.72428964447027,27.715248740237435,3.6062481644525977,0,12345
5.0,0.1,12,5,Donor-HCP-within,0.99,24.565698389999742,25.176333515959826,2.519255113974702,0,12345
5.0,0.1,12,5,HCP,0.99,31.497807587804456,31.497807587804456,2.9007785717557725e-15,0,12345
5.0,0.1,12,5,Pooling,0.92,19.816781986843495,19.816781986843495,0.0,0,12345
5.0,0.1,12,5,Repeated,0.98,27.07171871645353,27.07171871645353,2.8787190989755475e-15,0,12345
5.0,0.1,12,5,S-HCP-within,0.9,18.9462815521248,18.718522857176936,1.7982449601745998,0,12345
5.0,0.1,12,5,Std-CP,0.72,6.940030697614029,5.408182893079141,5.676735160538162,0,12345
5.0,0.1,12,5,Subsampling,1.0,33.240632984929825,33.240632984929825,3.0297644053065716e-15,0,12345
5.0,0.1,12,10,Donor-HCP-no-within,0.98,24.480022666777316,25.425334177604135,3.1782870664799954,0,12345
5.0,0.1,12,10,Donor-HCP-within,0.92,19.232086460840684,19.00452773514997,1.3551117146065208,0,12345
5.0,0.1,12,10,HCP,0.99,31.497807587804456,31.497807587804456,2.9007785717557725e-15,0,12345
5.0,0.1,12,10,Pooling,0.92,19.816781986843495,19.816781986843495,0.0,0,12345
5.0,0.1,12,10,Repeated,0.98,27.07171871645353,27.07171871645353,2.8787190989755475e-15,0,12345
5.0,0.1,12,10,S-HCP-within,0.89,18.963493645163283,18.700130892297516,1.4850787200575377,0,12345
5.0,0.1,12,10,Std-CP,0.8,34.572565375210026,11.169604355321496,114.12012767074793,0,12345
5.0,0.1,12,10,Subsampling,1.0,33.240632984929825,33.240632984929825,3.0297644053065716e-15,0,12345
5.0,0.1,12,15,Donor-HCP-no-within,0.96,23.11323329460181,23.322756113541004,2.7047885113747285,0,12345
5.0,0.1,12,15,Donor-HCP-within,0.97,15.291255086687784,15.61472526745645,1.6126257567445634,0,12345
5.0,0.1,12,15,HCP,0.99,31.497807587804456,31.497807587804456,2.9007785717557725e-15,0,12345
5.0,0.1,12,15,Pooling,0.92,19.816781986843495,19.816781986843495,0.0,0,12345
5.0,0.1,12,15,Repeated,0.98,27.07171871645353,27.07171871645353,2.8787190989755475e-15,0,12345
5.0,0.1,12,15,S-HCP-within,0.9,19.00336557297709,18.700130892297516,1.2886771135397226,0,12345
5.0,0.1,12,15,Std-CP,0.88,9.148525642090714,7.9059276479833525,5.327900038997546,0,12345
5.0,0.1,12,15,Subsampling,1.0,33.240632984929825,33.240632984929825,3.0297644053065716e-15,0,12345
5.0,0.1,12,20,Donor-HCP-no-within,0.92,18.8572976216184,18.552041690969478,2.6060292410884425,0,12345
5.0,0.1,12,20,Donor-HCP-within,0.93,10.916904328226916,10.866275829681129,1.0645322725085238,0,12345
5.0,0.1,12,20,HCP,0.99,31.497807587804456,31.497807587804456,2.9007785717557725e-15,0,12345
5.0,0.1,12,20,Pooling,0.92,19.816781986843495,19.816781986843495,0.0,0,12345
5.0,0.1,12,20,Repeated,0.98,27.07171871645353,27.07171871645353,2.8787190989755475e-15,0,12345
5.0,0.1,12,20,S-HCP-within,0.89,18.663884381222765,18.639251929921073,1.0931923422172563,0,12345
5.0,0.1,12,20,Std-CP,0.89,6.8227945707666455,6.615684063858295,3.1077070881968476,0,12345
5.0,0.1,12,20,Subsampling,1.0,33.240632984929825,33.240632984929825,3.0297644053065716e-15,0,12345
5.0,0.1,12,25,Donor-HCP-no-within,0.93,14.643973692083707,14.26058895716903,7.492092034019641,0,12345
5.0,0.1,12,25,Donor-HCP-within,0.91,6.919408308416388,6.57167964928375,2.3161181314757826,0,12345
5.0,0.1,12,25,HCP,0.99,31.497807587804456,31.497807587804456,2.9007785717557725e-15,0,12345
5.0,0.1,12,25,Pooling,0.92,19.816781986843495,19.816781986843495,0.0,0,12345
5.0,0.1,12,25,Repeated,0.98,27.07171871645353,27.07171871645353,2.8787190989755475e-15,0,12345
5.0,0.1,12,25,S-HCP-within,0.96,15.303854409174004,14.997282694016324,7.721760017996337,0,12345
5.0,0.1,12,25,Std-CP,0.87,7.155606055098609,6.776556661928971,2.7834885387470933,0,12345
5.0,0.1,12,25,Subsampling,1.0,33.240632984929825,33.240632984929825,3.0297644053065716e-15,0,12345
5.0,0.1,12,30,Donor-HCP-no-within,0.88,14.014815306451597,13.82732898536506,7.341574054146373,0,12345
5.0,0.1,12,30,Donor-HCP-within,0.93,6.657850010958382,6.287790858537985,2.1588037954447334,0,12345
5.0,0.1,12,30,HCP,0.99,31.497807587804456,31.497807587804456,2.9007785717557725e-15,0,12345
5.0,0.1,12,30,Pooling,0.92,19.816781986843495,19.816781986843495,0.0,0,12345
5.0,0.1,12,30,Repeated,0.98,27.07171871645353,27.07171871645353,2.8787190989755475e-15,0,12345
5.0,0.1,12,30,S-HCP-within,0.96,15.65364324325215,14.997282694016324,7.339736120093719,0,12345
5.0,0.1,12,30,Std-CP,0.96,6.921724982556996,6.524938455058315,2.5528548382205156,0,12345
5.0,0.1,12,30,Subsampling,1.0,33.240632984929825,33.240632984929825,3.0297644053065716e-15,0,12345
5.0,0.1,12,35,Donor-HCP-no-within,0.91,14.331126736287395,13.82732898536506,7.276216195196503,0,12345
5.0,0.1,12,35,Donor-HCP-within,0.94,6.752976326331458,6.37896464825283,1.93293953111261,0,12345
5.0,0.1,12,35,HCP,0.99,31.497807587804456,31.497807587804456,2.9007785717557725e-15,0,12345
5.0,0.1,12,35,Pooling,0.92,19.816781986843495,19.816781986843495,0.0,0,12345
5.0,0.1,12,35,Repeated,0.98,27.07171871645353,27.07171871645353,2.8787190989755475e-15,0,12345
5.0,0.1,12,35,S-HCP-within,0.96,15.881442221072302,14.430363133880757,7.324989135164657,0,12345
5.0,0.1,12,35,Std-CP,0.96,6.647522384665565,6.434682752898844,2.0096511274892768,0,12345
5.0,0.1,12,35,Subsampling,1.0,33.240632984929825,33.240632984929825,3.0297644053065716e-15,0,12345
5.0,0.1,13,0,Donor-HCP-no-within,0.87,25.402817749317002,25.402817749317002,1.009921468435524e-15,0,12345
5.0,0.1,13,0,Donor-HCP-within,0.87,25.402817749317002,25.402817749317002,1.009921468435524e-15,0,12345
5.0,0.1,13,0,HCP,0.87,25.402817749317002,25.402817749317002,1.009921468435524e-15,0,12345
5.0,0.1,13,0,Pooling,0.79,19.314513296031443,19.314513296031443,7.141223187966347e-16,0,12345
5.0,0.1,13,0,Repeated,0.85,21.98243034474924,21.98243034474924,7.984130245395255e-16,0,12345
5.0,0.1,13,0,S-HCP-within,0.91,19.011018773465338,19.45278108931435,2.039806684217983,0,12345
5.0,0.1,13,0,Std-CP,1.0,,,,100,12345
5.0,0.1,13,0,Subsampling,0.75,17.491533959149407,17.491533959149407,6.184480694873352e-16,0,12345
5.0,0.1,13,5,Donor-HCP-no-within,0.88,29.156428440413716,25.044111938614613,9.832289330210395,0,12345
5.0,0.1,13,5,Donor-HCP-within,0.9,27.05086411506514,24.04251906852035,8.386750964717432,0,12345
5.0,0.1,13,5,HCP,0.87,25.402817749317002,25.402817749317002,1.009921468435524e-15,0,12345
5.0,0.1,13,5,Pooling,0.79,19.314513296031443,19.314513296031443,7.141223187966347e-16,0,12345
5.0,0.1,13,5,Repeated,0.85,21.98243034474924,21.98243034474924,7.984130245395255e-16,0,12345
5.0,0.1,13,5,S-HCP-within,0.91,18.28384666881672,17.73055606250208,1.4468577485367855,0,12345
5.0,0.1,13,5,Std-CP,0.76,5.956405742869967,5.120173822121306,3.802943161030041,0,12345
5.0,0.1,13,5,Subsampling,0.75,17.491533959149407,17.491533959149407,6.184480694873352e-16,0,12345
5.0,0.1,13,10,Donor-HCP-no-within,0.87,27.55416525860474,23.258740033837128,9.913318968181416,0,12345
5.0,0.1,13,10,Donor-HCP-within,0.92,25.696924109787325,24.772162215023855,5.656806169777251,0,12345
5.0,0.1,13,10,HCP,0.87,25.402817749317002,25.402817749317002,1.009921468435524e-15,0,12345
5.0,0.1,13,10,Pooling,0.79,19.314513296031443,19.314513296031443,7.141223187966347e-16,0,12345
5.0,0.1,13,10,Repeated,0.85,21.98243034474924,21.98243034474924,7.984130245395255e-16,0,12345
5.0,0.1,13,10,S-HCP-within,0.9,18.239489934237792,17.964622555452372,1.2853830523960448,0,12345
5.0,0.1,13,10,Std-CP,0.83,34.361091271354695,12.817713370826132,70.0398550285961,0,12345
5.0,0.1,13,10,Subsampling,0.75,17.491533959149407,17.491533959149407,6.184480694873352e-16,0,12345
5.0,0.1,13,15,Donor-HCP-no-within,0.84,24.439817151813507,21.625139245196053,8.470586073292589,0,12345
5.0,0.1,13,15,Donor-HCP-within,0.85,18.722196444166613,16.106373924830862,6.303472204601018,0,12345
5.0,0.1,13,15,HCP,0.87,25.402817749317002,25.402817749317002,1.009921468435524e-15,0,12345
5.0,0.1,13,15,Pooling,0.79,19.314513296031443,19.314513296031443,7.141223187966347e-16,0,12345
5.0,0.1,13,15,Repeated,0.85,21.98243034474924,21.98243034474924,7.984130245395255e-16,0,12345
5.0,0.1,13,15,S-HCP-within,0.92,18.229596450762166,17.73055606250208,1.2191154510943178,0,12345
5.0,0.1,13,15,Std-CP,0.85,8.832263486839937,7.783563448913151,5.020769340579042,0,12345
5.0,0.1,13,15,Subsampling,0.75,17.491533959149407,17.491533959149407,6.184480694873352e-16,0,12345
5.0,0.1,13,20,Donor-HCP-no-within,0.8,22.346341227815934,20.532498985616023,5.762341489594049,0,12345
5.0,0.1,13,20,Donor-HCP-within,0.87,13.147321956932645,12.322490798078391,3.319107659950056,0,12345
5.0,0.1,13,20,HCP,0.87,25.402817749317002,25.402817749317002,1.009921468435524e-15,0,12345
5.0,0.1,13,20,Pooling,0.79,19.314513296031443,19.314513296031443,7.141223187966347e-16,0,12345
5.0,0.1,13,20,Repeated,0.85,21.98243034474924,21.98243034474924,7.984130245395255e-16,0,12345
5.0,0.1,13,20,S-HCP-within,0.9,17.846013933795096,17.51823114066202,0.9568904912138088,0,12345
5.0,0.1,13,20,Std-CP,0.92,6.853137695336025,6.63481966067844,2.6098833859857455,0,12345
5.0,0.1,13,20,Subsampling,0.75,17.491533959149407,17.491533959149407,6.184480694873352e-16,0,12345
5.0,0.1,13,25,Donor-HCP-no-within,0.9,15.533522638488261,14.53036589784834,7.83703052626197,0,12345
5.0,0.1,13,25,Donor-HCP-within,0.93,6.837642894018868,6.36295805729605,2.5209216223916293,0,12345
5.0,0.1,13,25,HCP,0.87,25.402817749317002,25.402817749317002,1.009921468435524e-15,0,12345
5.0,0.1,13,25,Pooling,0.79,19.314513296031443,19.314513296031443,7.141223187966347e-16,0,12345
5.0,0.1,13,25,Repeated,0.85,21.98243034474924,21.98243034474924,7.984130245395255e-16,0,12345
5.0,0.1,13,25,S-HCP-within,0.92,15.926328795844968,14.828054248405277,7.829898854958025,0,12345
5.0,0.1,13,25,Std-CP,0.93,6.586249222800433,6.006253264995863,2.4861594301265955,0,12345
5.0,0.1,13,25,Subsampling,0.75,17.491533959149407,17.491533959149407,6.184480694873352e-16,0,12345
5.0,0.1,13,30,Donor-HCP-no-within,0.89,14.936660886030985,14.062514640391845,7.774100869395971,0,12345
5.0,0.1,13,30,Donor-HCP-within,0.92,6.6630559105962925,6.422908738310406,2.247385895979252,0,12345
5.0,0.1,13,30,HCP,0.87,25.402817749317002,25.402817749317002,1.009921468435524e-15,0,12345
5.0,0.1,13,30,Pooling,0.79,19.314513296031443,19.314513296031443,7.141223187966347e-16,0,12345
5.0,0.1,13,30,Repeated,0.85,21.98243034474924,21.98243034474924,7.984130245395255e-16,0,12345
5.0,0.1,13,30,S-HCP-within,0.93,16.0969887355437,15.000897771658046,7.797554449282653,0,12345
5.0,0.1,13,30,Std-CP,0.94,6.511925398650725,5.966194960165576,2.1453030940916946,0,12345
5.0,0.1,13,30,Subsampling,0.75,17.491533959149407,17.491533959149407,6.184480694873352e-16,0,12345
5.0,0.1,13,35,Donor-HCP-no-within,0.89,15.22320477797384,14.11411062333148,7.699308201450862,0,12345
5.0,0.1,13,35,Donor-HCP-within,0.94,6.792681421182379,6.495511958672578,2.119892574073813,0,12345
5.0,0.1,13,35,HCP,0.87,25.402817749317002,25.402817749317002,1.009921468435524e-15,0,12345
5.0,0.1,13,35,Pooling,0.79,19.314513296031443,19.314513296031443,7.141223187966347e-16,0,12345
5.0,0.1,13,35,Repeated,0.85,21.98243034474924,21.98243034474924,7.984130245395255e-16,0,12345
5.0,0.1,13,35,S-HCP-within,0.94,16.36810281050495,15.319019546119673,7.837212553951345,0,12345
5.0,0.1,13,35,Std-CP,0.93,6.412239286499375,6.346310795415738,1.7831797593953393,0,12345
5.0,0.1,13,35,Subsampling,0.75,17.491533959149407,17.491533959149407,6.184480694873352e-16,0,12345
5.0,0.1,14,0,Donor-HCP-no-within,0.77,24.04814382043818,24.04814382043818,4.5446466079598574e-15,0,12345
5.0,0.1,14,0,Donor-HCP-within,0.77,24.04814382043818,24.04814382043818,4.5446466079598574e-15,0,12345
5.0,0.1,14,0,HCP,0.77,24.04814382043818,24.04814382043818,4.5446466079598574e-15,0,12345
5.0,0.1,14,0,Pooling,0.67,18.857042301270575,18.857042301270575,3.5706115939831736e-16,0,12345
5.0,0.1,14,0,Repeated,0.74,21.393335821774404,21.393335821774404,4.488189178837892e-15,0,12345
5.0,0.1,14,0,S-HCP-within,0.8,20.300095608384048,20.25852647946311,1.554134750901356,0,12345
5.0,0.1,14,0,Std-CP,1.0,,,,100,12345
5.0,0.1,14,0,Subsampling,0.74,21.247974908311292,21.247974908311292,0.0,0,12345
5.0,0.1,14,5,Donor-HCP-no-within,0.91,37.64076617658917,39.81026523677274,7.5223490373541795,0,12345
5.0,0.1,14,5,Donor-HCP-within,0.91,32.93898949636291,35.00548405430315,6.894527161053173,0,12345
5.0,0.1,14,5,HCP,0.77,24.04814382043818,24.04814382043818,4.5446466079598574e-15,0,12345
5.0,0.1,14,5,Pooling,0.67,18.857042301270575,18.857042301270575,3.5706115939831736e-16,0,12345
5.0,0.1,14,5,Repeated,0.74,21.393335821774404,21.393335821774404,4.488189178837892e-15,0,12345
5.0,0.1,14,5,S-HCP-within,0.8,19.404462731729517,19.210214324186627,1.351408402949608,0,12345
5.0,0.1,14,5,Std-CP,0.75,5.954374233184598,5.34806497973325,3.0576857688534615,0,12345
5.0,0.1,14,5,Subsampling,0.74,21.247974908311292,21.247974908311292,0.0,0,12345
5.0,0.1,14,10,Donor-HCP-no-within,0.91,35.58855109418234,38.891950899670256,8.295924571857338,0,12345
5.0,0.1,14,10,Donor-HCP-within,0.95,35.507085607507676,35.198784663347176,6.260925808039951,0,12345
5.0,0.1,14,10,HCP,0.77,24.04814382043818,24.04814382043818,4.5446466079598574e-15,0,12345
5.0,0.1,14,10,Pooling,0.67,18.857042301270575,18.857042301270575,3.5706115939831736e-16,0,12345
5.0,0.1,14,10,Repeated,0.74,21.393335821774404,21.393335821774404,4.488189178837892e-15,0,12345
5.0,0.1,14,10,S-HCP-within,0.81,19.343247634162253,18.8816832802028,1.4333539915889009,0,12345
5.0,0.1,14,10,Std-CP,0.83,28.99419972384135,12.510250826080316,42.15904480103469,0,12345
5.0,0.1,14,10,Subsampling,0.74,21.247974908311292,21.247974908311292,0.0,0,12345
5.0,0.1,14,15,Donor-HCP-no-within,0.92,35.23398127046459,35.0286494943945,6.509092735954697,0,12345
5.0,0.1,14,15,Donor-HCP-within,0.89,18.28401931210632,19.297399768398446,3.6521649598674935,0,12345
5.0,0.1,14,15,HCP,0.77,24.04814382043818,24.04814382043818,4.5446466079598574e-15,0,12345
5.0,0.1,14,15,Pooling,0.67,18.857042301270575,18.857042301270575,3.5706115939831736e-16,0,12345
5.0,0.1,14,15,Repeated,0.74,21.393335821774404,21.393335821774404,4.488189178837892e-15,0,12345
5.0,0.1,14,15,S-HCP-within,0.8,19.423334361496604,18.917679639373734,1.4750007800286267,0,12345
5.0,0.1,14,15,Std-CP,0.89,10.130444707098283,7.5217117516002885,7.141770738414415,0,12345
5.0,0.1,14,15,Subsampling,0.74,21.247974908311292,21.247974908311292,0.0,0,12345
5.0,0.1,14,20,Donor-HCP-no-within,0.91,29.78026404838291,30.133302741694543,5.561905866011044,0,12345
5.0,0.1,14,20,Donor-HCP-within,0.86,15.36690341707982,15.19097667772241,2.714174292251573,0,12345
5.0,0.1,14,20,HCP,0.77,24.04814382043818,24.04814382043818,4.5446466079598574e-15,0,12345
5.0,0.1,14,20,Pooling,0.67,18.857042301270575,18.857042301270575,3.5706115939831736e-16,0,12345
5.0,0.1,14,20,Repeated,0.74,21.393335821774404,21.393335821774404,4.488189178837892e-15,0,12345
5.0,0.1,14,20,S-HCP-within,0.8,18.95378442964522,18.588951445044835,1.2902713922715476,0,12345
5.0,0.1,14,20,Std-CP,0.96,7.328973306639387,6.79984715010557,3.1224988437875636,0,12345
5.0,0.1,14,20,Subsampling,0.74,21.247974908311292,21.247974908311292,0.0,0,12345
5.0,0.1,14,25,Donor-HCP-no-within,0.95,16.094939241372845,14.26296191405722,8.735848617737304,0,12345
5.0,0.1,14,25,Donor-HCP-within,0.94,7.033554427027935,6.381797174976584,2.5970817526914383,0,12345
5.0,0.1,14,25,HCP,0.77,24.04814382043818,24.04814382043818,4.5446466079598574e-15,0,12345
5.0,0.1,14,25,Pooling,0.67,18.857042301270575,18.857042301270575,3.5706115939831736e-16,0,12345
5.0,0.1,14,25,Repeated,0.74,21.393335821774404,21.393335821774404,4.488189178837892e-15,0,12345
5.0,0.1,14,25,S-HCP-within,0.94,16.420510020298412,14.833426379256146,8.881344772400494,0,12345
5.0,0.1,14,25,Std-CP,0.97,6.833877376436212,6.712847849091913,2.369956531883822,0,12345
5.0,0.1,14,25,Subsampling,0.74,21.247974908311292,21.247974908311292,0.0,0,12345
5.0,0.1,14,30,Donor-HCP-no-within,0.94,15.605603372144035,13.792356267506825,8.656733471679262,0,12345
5.0,0.1,14,30,Donor-HCP-within,0.95,6.517493501176866,6.250512886030332,1.9406073281748744,0,12345
5.0,0.1,14,30,HCP,0.77,24.04814382043818,24.04814382043818,4.5446466079598574e-15,0,12345
5.0,0.1,14,30,Pooling,0.67,18.857042301270575,18.857042301270575,3.5706115939831736e-16,0,12345
5.0,0.1,14,30,Repeated,0.74,21.393335821774404,21.393335821774404,4.488189178837892e-15,0,12345
5.0,0.1,14,30,S-HCP-within,0.96,16.334072406524,14.60465828099096,8.829070302165007,0,12345
5.0,0.1,14,30,Std-CP,0.93,6.50194689998098,6.267057839753923,2.198835840082809,0,12345
5.0,0.1,14,30,Subsampling,0.74,21.247974908311292,21.247974908311292,0.0,0,12345
5.0,0.1,14,35,Donor-HCP-no-within,0.94,15.889516394006959,14.101364545707419,8.715976415926376,0,12345
5.0,0.1,14,35,Donor-HCP-within,0.94,6.4135852163318585,6.171396602682008,1.8715759746994762,0,12345
5.0,0.1,14,35,HCP,0.77,24.04814382043818,24.04814382043818,4.5446466079598574e-15,0,12345
5.0,0.1,14,35,Pooling,0.67,18.857042301270575,18.857042301270575,3.5706115939831736e-16,0,12345
5.0,0.1,14,35,Repeated,0.74,21.393335821774404,21.393335821774404,4.488189178837892e-15,0,12345
5.0,0.1,14,35,S-HCP-within,0.96,16.708765202104964,14.905425097113422,8.737053212673299,0,12345
5.0,0.1,14,35,Std-CP,0.97,6.454867927898043,6.204131558660723,2.0912900902239726,0,12345
5.0,0.1,14,35,Subsampling,0.74,21.247974908311292,21.247974908311292,0.0,0,12345
5.0,0.1,15,0,Donor-HCP-no-within,0.96,28.92892732979729,28.92892732979729,0.0,0,12345
5.0,0.1,15,0,Donor-HCP-within,0.96,28.92892732979729,28.92892732979729,0.0,0,12345
5.0,0.1,15,0,HCP,0.96,28.92892732979729,28.92892732979729,0.0,0,12345
5.0,0.1,15,0,Pooling,0.87,23.673745977634947,23.673745977634947,2.8115023806061374e-15,0,12345
5.0,0.1,15,0,Repeated,0.88,24.50752109036422,24.50752109036422,0.0,0,12345
5.0,0.1,15,0,S-HCP-within,0.99,33.766270599900196,34.15044708132639,2.7642175704672693,0,12345
5.0,0.1,15,0,Std-CP,1.0,,,,100,12345
5.0,0.1,15,0,Subsampling,0.88,24.653920868440665,24.653920868440665,0.0,0,12345
5.0,0.1,15,5,Donor-HCP-no-within,0.96,29.441559367093696,28.256269349591427,2.9572672063288667,0,12345
5.0,0.1,15,5,Donor-HCP-within,0.96,25.062460901315653,24.480479153984867,2.4020187119111753,0,12345
5.0,0.1,15,5,HCP,0.96,28.92892732979729,28.92892732979729,0.0,0,12345
5.0,0.1,15,5,Pooling,0.87,23.673745977634947,23.673745977634947,2.8115023806061374e-15,0,12345
5.0,0.1,15,5,Repeated,0.88,24.50752109036422,24.50752109036422,0.0,0,12345
5.0,0.1,15,5,S-HCP-within,1.0,31.003092581032146,31.980292635269564,2.009529732027036,0,12345
5.0,0.1,15,5,Std-CP,0.77,5.802784188432432,4.601975404315072,4.373742737153145,0,12345
5.0,0.1,15,5,Subsampling,0.88,24.653920868440665,24.653920868440665,0.0,0,12345
5.0,0.1,15,10,Donor-HCP-no-within,0.92,27.333541128136165,26.846903205283578,2.61526169631271,0,12345
5.0,0.1,15,10,Donor-HCP-within,0.99,82.75361117102348,85.49386580002522,13.11039969153266,0,12345
5.0,0.1,15,10,HCP,0.96,28.92892732979729,28.92892732979729,0.0,0,12345
5.0,0.1,15,10,Pooling,0.87,23.673745977634947,23.673745977634947,2.8115023806061374e-15,0,12345
5.0,0.1,15,10,Repeated,0.88,24.50752109036422,24.50752109036422,0.0,0,12345
5.0,0.1,15,10,S-HCP-within,0.99,30.366028239031642,29.662788812645577,1.8984195585184147,0,12345
5.0,0.1,15,10,Std-CP,0.77,25.311939913140233,9.748259969622739,48.57219999122204,0,12345
5.0,0.1,15,10,Subsampling,0.88,24.653920868440665,24.653920868440665,0.0,0,12345
5.0,0.1,15,15,Donor-HCP-no-within,0.89,26.686104826602122,25.771512433959273,2.918730017394879,0,12345
5.0,0.1,15,15,Donor-HCP-within,0.93,17.493885700020098,17.119422630699454,1.5111252496373153,0,12345
5.0,0.1,15,15,HCP,0.96,28.92892732979729,28.92892732979729,0.0,0,12345
5.0,0.1,15,15,Pooling,0.87,23.673745977634947,23.673745977634947,2.8115023806061374e-15,0,12345
5.0,0.1,15,15,Repeated,0.88,24.50752109036422,24.50752109036422,0.0,0,12345
5.0,0.1,15,15,S-HCP-within,1.0,29.899011841377522,29.55203931151997,1.4178398384879627,0,12345
5.0,0.1,15,15,Std-CP,0.88,8.162343053097036,6.456376390399773,4.603095354578477,0,12345
5.0,0.1,15,15,Subsampling,0.88,24.653920868440665,24.653920868440665,0.0,0,12345
5.0,0.1,15,20,Donor-HCP-no-within,0.9,25.53538986789579,24.46746433977505,3.064149717259214,0,12345
5.0,0.1,15,20,Donor-HCP-within,0.91,13.884379723502489,13.836663207538592,1.2427585633258542,0,12345
5.0,0.1,15,20,HCP,0.96,28.92892732979729,28.92892732979729,0.0,0,12345
5.0,0.1,15,20,Pooling,0.87,23.673745977634947,23.673745977634947,2.8115023806061374e-15,0,12345
5.0,0.1,15,20,Repeated,0.88,24.50752109036422,24.50752109036422,0.0,0,12345
5.0,0.1,15,20,S-HCP-within,0.98,29.18800261055922,29.32559284293586,0.9401200282793191,0,12345
5.0,0.1,15,20,Std-CP,0.91,6.4081324049475805,5.98190386879231,2.5559630018390918,0,12345
5.0,0.1,15,20,Subsampling,0.88,24.653920868440665,24.653920868440665,0.0,0,12345
5.0,0.1,15,25,Donor-HCP-no-within,0.95,16.431553379256762,15.616690336191898,6.573185233365351,0,12345
5.0,0.1,15,25,Donor-HCP-within,0.92,6.845258879182319,6.270087439572864,2.7927821425139467,0,12345
5.0,0.1,15,25,HCP,0.96,28.92892732979729,28.92892732979729,0.0,0,12345
5.0,0.1,15,25,Pooling,0.87,23.673745977634947,23.673745977634947,2.8115023806061374e-15,0,12345
5.0,0.1,15,25,Repeated,0.88,24.50752109036422,24.50752109036422,0.0,0,12345
5.0,0.1,15,25,S-HCP-within,0.95,17.067163336885347,16.414733619541558,6.878303976853212,0,12345
5.0,0.1,15,25,Std-CP,0.93,6.725340286619825,6.343596154585766,2.550652870608123,0,12345
5.0,0.1,15,25,Subsampling,0.88,24.653920868440665,24.653920868440665,0.0,0,12345
5.0,0.1,15,30,Donor-HCP-no-within,0.92,15.656237943470483,15.364192613705159,6.576130169586611,0,12345
5.0,0.1,15,30,Donor-HCP-within,0.95,6.280065160011864,6.049375039060802,1.8708722952419536,0,12345
5.0,0.1,15,30,HCP,0.96,28.92892732979729,28.92892732979729,0.0,0,12345
5.0,0.1,15,30,Pooling,0.87,23.673745977634947,23.673745977634947,2.8115023806061374e-15,0,12345
5.0,0.1,15,30,Repeated,0.88,24.50752109036422,24.50752109036422,0.0,0,12345
5.0,0.1,15,30,S-HCP-within,0.96,17.18033323175345,16.457473619150015,6.787221295737652,0,12345
5.0,0.1,15,30,Std-CP,0.95,6.418138065214991,5.89822456503555,2.2513905143110167,0,12345
5.0,0.1,15,30,Subsampling,0.88,24.653920868440665,24.653920868440665,0.0,0,12345
5.0,0.1,15,35,Donor-HCP-no-within,0.97,16.206269828675048,15.572276255205072,6.502252106312606,0,12345
5.0,0.1,15,35,Donor-HCP-within,0.96,6.414233084699797,6.165584579136652,1.7827243876509198,0,12345
5.0,0.1,15,35,HCP,0.96,28.92892732979729,28.92892732979729,0.0,0,12345
5.0,0.1,15,35,Pooling,0.87,23.673745977634947,23.673745977634947,2.8115023806061374e-15,0,12345
5.0,0.1,15,35,Repeated,0.88,24.50752109036422,24.50752109036422,0.0,0,12345
5.0,0.1,15,35,S-HCP-within,0.97,17.713474857113923,16.851108920254468,6.866286120587411,0,12345
5.0,0.1,15,35,Std-CP,0.95,6.376784168218372,6.003968359311225,2.3101671656189304,0,12345
5.0,0.1,15,35,Subsampling,0.88,24.653920868440665,24.653920868440665,0.0,0,12345
5.0,0.1,16,0,Donor-HCP-no-within,0.99,40.58791225173849,40.58791225173849,0.0,0,12345
5.0,0.1,16,0,Donor-HCP-within,0.99,40.58791225173849,40.58791225173849,0.0,0,12345
5.0,0.1,16,0,HCP,0.99,40.58791225173849,40.58791225173849,0.0,0,12345
5.0,0.1,16,0,Pooling,0.9,31.27947495804805,31.279474958048052,3.1127870209614672e-15,0,12345
5.0,0.1,16,0,Repeated,0.97,36.5014816632342,36.5014816632342,0.0,0,12345
5.0,0.1,16,0,S-HCP-within,0.93,28.8258008551882,28.928196807317654,2.9748668296571195,0,12345
5.0,0.1,16,0,Std-CP,1.0,,,,100,12345
5.0,0.1,16,0,Subsampling,0.98,38.24832931928112,38.24832931928112,3.0297644053065716e-15,0,12345
5.0,0.1,16,5,Donor-HCP-no-within,0.96,34.84790595160656,36.77140533034863,5.811493865025377,0,12345
5.0,0.1,16,5,Donor-HCP-within,0.99,31.139883807424336,32.78279521113737,4.210857150625083,0,12345
5.0,0.1,16,5,HCP,0.99,40.58791225173849,40.58791225173849,0.0,0,12345
5.0,0.1,16,5,Pooling,0.9,31.27947495804805,31.279474958048052,3.1127870209614672e-15,0,12345
5.0,0.1,16,5,Repeated,0.97,36.5014816632342,36.5014816632342,0.0,0,12345
5.0,0.1,16,5,S-HCP-within,0.93,26.045063901510943,25.745661779391547,2.1812709298721784,0,12345
5.0,0.1,16,5,Std-CP,0.85,6.367636649736165,5.113828046003524,4.7571749070032725,0,12345
5.0,0.1,16,5,Subsampling,0.98,38.24832931928112,38.24832931928112,3.0297644053065716e-15,0,12345
5.0,0.1,16,10,Donor-HCP-no-within,0.97,32.948091843881016,34.80512460806415,5.2009589503205715,0,12345
5.0,0.1,16,10,Donor-HCP-within,0.92,28.274448499371278,29.270058240408623,2.114915326778545,0,12345
5.0,0.1,16,10,HCP,0.99,40.58791225173849,40.58791225173849,0.0,0,12345
5.0,0.1,16,10,Pooling,0.9,31.27947495804805,31.279474958048052,3.1127870209614672e-15,0,12345
5.0,0.1,16,10,Repeated,0.97,36.5014816632342,36.5014816632342,0.0,0,12345
5.0,0.1,16,10,S-HCP-within,0.91,25.31357217480022,25.29403347971728,2.0327167036594336,0,12345
5.0,0.1,16,10,Std-CP,0.77,57.29689300587884,13.278115841386096,249.07863236450387,0,12345
5.0,0.1,16,10,Subsampling,0.98,38.24832931928112,38.24832931928112,3.0297644053065716e-15,0,12345
5.0,0.1,16,15,Donor-HCP-no-within,0.94,31.077422959814307,31.75172218925362,4.054463863299754,0,12345
5.0,0.1,16,15,Donor-HCP-within,0.96,19.848430186618266,20.691016184603313,2.481323226531271,0,12345
5.0,0.1,16,15,HCP,0.99,40.58791225173849,40.58791225173849,0.0,0,12345
5.0,0.1,16,15,Pooling,0.9,31.27947495804805,31.279474958048052,3.1127870209614672e-15,0,12345
5.0,0.1,16,15,Repeated,0.97,36.5014816632342,36.5014816632342,0.0,0,12345
5.0,0.1,16,15,S-HCP-within,0.91,24.806828121722944,23.722548564900773,1.935270157865482,0,12345
5.0,0.1,16,15,Std-CP,0.83,9.367888173636691,7.039623964598539,7.09265850877569,0,12345
5.0,0.1,16,15,Subsampling,0.98,38.24832931928112,38.24832931928112,3.0297644053065716e-15,0,12345
5.0,0.1,16,20,Donor-HCP-no-within,0.93,27.840821558514087,28.181334854674176,3.6373457687019926,0,12345
5.0,0.1,16,20,Donor-HCP-within,0.95,15.586648905992652,15.999988368855693,1.7470948709890954,0,12345
5.0,0.1,16,20,HCP,0.99,40.58791225173849,40.58791225173849,0.0,0,12345
5.0,0.1,16,20,Pooling,0.9,31.27947495804805,31.279474958048052,3.1127870209614672e-15,0,12345
5.0,0.1,16,20,Repeated,0.97,36.5014816632342,36.5014816632342,0.0,0,12345
5.0,0.1,16,20,S-HCP-within,0.9,23.81707855718897,23.223541118751598,1.901469109843831,0,12345
5.0,0.1,16,20,Std-CP,0.9,6.883120021756919,6.551100770307189,2.473065218538396,0,12345
5.0,0.1,16,20,Subsampling,0.98,38.24832931928112,38.24832931928112,3.0297644053065716e-15,0,12345
5.0,0.1,16,25,Donor-HCP-no-within,0.94,12.733167309602788,12.25769849432505,5.721732048188842,0,12345
5.0,0.1,16,25,Donor-HCP-within,0.89,6.660359392717154,6.268436596945177,1.9486058694859485,0,12345
5.0,0.1,16,25,HCP,0.99,40.58791225173849,40.58791225173849,0.0,0,12345
5.0,0.1,16,25,Pooling,0.9,31.27947495804805,31.279474958048052,3.1127870209614672e-15,0,12345
5.0,0.1,16,25,Repeated,0.97,36.5014816632342,36.5014816632342,0.0,0,12345
5.0,0.1,16,25,S-HCP-within,0.96,13.344884276301379,12.984002708282635,5.6813285365853305,0,12345
5.0,0.1,16,25,Std-CP,0.91,6.741287974777939,6.632705340167714,1.9473050211394243,0,12345
5.0,0.1,16,25,Subsampling,0.98,38.24832931928112,38.24832931928112,3.0297644053065716e-15,0,12345
5.0,0.1,16,30,Donor-HCP-no-within,0.93,12.21294500066096,11.642885851774437,5.7962852894491785,0,12345
5.0,0.1,16,30,Donor-HCP-within,0.92,6.350445643442418,6.095820375888977,1.7298363687806266,0,12345
5.0,0.1,16,30,HCP,0.99,40.58791225173849,40.58791225173849,0.0,0,12345
5.0,0.1,16,30,Pooling,0.9,31.27947495804805,31.279474958048052,3.1127870209614672e-15,0,12345
5.0,0.1,16,30,Repeated,0.97,36.5014816632342,36.5014816632342,0.0,0,12345
5.0,0.1,16,30,S-HCP-within,0.97,13.632997022435267,13.156111142556835,5.809960807861023,0,12345
5.0,0.1,16,30,Std-CP,0.94,6.319461120402665,5.920328531130531,1.9374835402492663,0,12345
5.0,0.1,16,30,Subsampling,0.98,38.24832931928112,38.24832931928112,3.0297644053065716e-15,0,12345
5.0,0.1,16,35,Donor-HCP-no-within,0.93,12.440750080120552,11.983156754134473,5.800641130360673,0,12345
5.0,0.1,16,35,Donor-HCP-within,0.96,6.5163710160886446,6.441579963116094,1.7177335387469128,0,12345
5.0,0.1,16,35,HCP,0.99,40.58791225173849,40.58791225173849,0.0,0,12345
5.0,0.1,16,35,Pooling,0.9,31.27947495804805,31.279474958048052,3.1127870209614672e-15,0,12345
5.0,0.1,16,35,Repeated,0.97,36.5014816632342,36.5014816632342,0.0,0,12345
5.0,0.1,16,35,S-HCP-within,0.98,14.067816254205628,13.493107703939334,6.040682103331014,0,12345
5.0,0.1,16,35,Std-CP,0.95,6.438909068952237,6.0057962201543935,1.8174805855807061,0,12345
5.0,0.1,16,35,Subsampling,0.98,38.24832931928112,38.24832931928112,3.0297644053065716e-15,0,12345
5.0,0.1,17,0,Donor-HCP-no-within,0.98,39.931227889641946,39.931227889641946,0.0,0,12345
5.0,0.1,17,0,Donor-HCP-within,0.98,39.931227889641946,39.931227889641946,0.0,0,12345
5.0,0.1,17,0,HCP,0.98,39.931227889641946,39.931227889641946,0.0,0,12345
5.0,0.1,17,0,Pooling,0.97,33.73685055956835,33.73685055956835,0.0,0,12345
5.0,0.1,17,0,Repeated,0.98,37.14521192423727,37.14521192423727,0.0,0,12345
5.0,0.1,17,0,S-HCP-within,0.99,51.072191545832204,51.95434318882724,3.1384988084471552,0,12345
5.0,0.1,17,0,Std-CP,1.0,,,,100,12345
5.0,0.1,17,0,Subsampling,0.98,35.75347434372991,35.75347434372991,8.26656349103221e-15,0,12345
5.0,0.1,17,5,Donor-HCP-no-within,0.99,32.88946019514751,31.153527441677056,6.463408731629058,0,12345
5.0,0.1,17,5,Donor-HCP-within,0.99,29.422668289466934,27.233226385330013,5.539317812445291,0,12345
5.0,0.1,17,5,HCP,0.98,39.931227889641946,39.931227889641946,0.0,0,12345
5.0,0.1,17,5,Pooling,0.97,33.73685055956835,33.73685055956835,0.0,0,12345
5.0,0.1,17,5,Repeated,0.98,37.14521192423727,37.14521192423727,0.0,0,12345
5.0,0.1,17,5,S-HCP-within,0.98,47.28993381534565,47.561764545610686,3.120344770291346,0,12345
5.0,0.1,17,5,Std-CP,0.67,5.588211455277323,4.851908818220519,4.362549239314339,0,12345
5.0,0.1,17,5,Subsampling,0.98,35.75347434372991,35.75347434372991,8.26656349103221e-15,0,12345
5.0,0.1,17,10,Donor-HCP-no-within,0.98,31.329967924967637,29.316579758064,5.690703966312866,0,12345
5.0,0.1,17,10,Donor-HCP-within,0.94,39.588087449663696,41.189384425104876,7.775014232885916,0,12345
5.0,0.1,17,10,HCP,0.98,39.931227889641946,39.931227889641946,0.0,0,12345
5.0,0.1,17,10,Pooling,0.97,33.73685055956835,33.73685055956835,0.0,0,12345
5.0,0.1,17,10,Repeated,0.98,37.14521192423727,37.14521192423727,0.0,0,12345
5.0,0.1,17,10,S-HCP-within,0.97,45.844343423366375,46.71484596287743,2.9199132358417534,0,12345
5.0,0.1,17,10,Std-CP,0.86,26.07828886220138,11.713257797087843,47.04049439612495,0,12345
5.0,0.1,17,10,Subsampling,0.98,35.75347434372991,35.75347434372991,8.26656349103221e-15,0,12345
5.0,0.1,17,15,Donor-HCP-no-within,0.97,29.650272412294235,27.640920335509126,6.032994391183139,0,12345
5.0,0.1,17,15,Donor-HCP-within,0.97,19.939006243498657,19.070386055827306,3.0427598007941334,0,12345
5.0,0.1,17,15,HCP,0.98,39.931227889641946,39.931227889641946,0.0,0,12345
5.0,0.1,17,15,Pooling,0.97,33.73685055956835,33.73685055956835,0.0,0,12345
5.0,0.1,17,15,Repeated,0.98,37.14521192423727,37.14521192423727,0.0,0,12345
5.0,0.1,17,15,S-HCP-within,0.97,45.36968075757409,46.714845962877426,2.503609969092059,0,12345
5.0,0.1,17,15,Std-CP,0.95,9.695012707278208,8.466117650358456,7.022310927189419,0,12345
5.0,0.1,17,15,Subsampling,0.98,35.75347434372991,35.75347434372991,8.26656349103221e-15,0,12345
5.0,0.1,17,20,Donor-HCP-no-within,0.98,27.153637029913956,26.33924710494991,4.548533770478472,0,12345
5.0,0.1,17,20,Donor-HCP-within,0.99,16.105446977173564,15.86241000123654,1.6263544679728803,0,12345
5.0,0.1,17,20,HCP,0.98,39.931227889641946,39.931227889641946,0.0,0,12345
5.0,0.1,17,20,Pooling,0.97,33.73685055956835,33.73685055956835,0.0,0,12345
5.0,0.1,17,20,Repeated,0.98,37.14521192423727,37.14521192423727,0.0,0,12345
5.0,0.1,17,20,S-HCP-within,0.97,41.65200311768254,41.636461981108184,1.9283943310850946,0,12345
5.0,0.1,17,20,Std-CP,0.87,6.792524459427841,6.5982925320814845,2.7272758226245406,0,12345
5.0,0.1,17,20,Subsampling,0.98,35.75347434372991,35.75347434372991,8.26656349103221e-15,0,12345
5.0,0.1,17,25,Donor-HCP-no-within,0.9,14.181260820073588,13.215223555609825,7.431213178106784,0,12345
5.0,0.1,17,25,Donor-HCP-within,0.92,6.978019854374915,6.662528242905401,2.1418097623286685,0,12345
5.0,0.1,17,25,HCP,0.98,39.931227889641946,39.931227889641946,0.0,0,12345
5.0,0.1,17,25,Pooling,0.97,33.73685055956835,33.73685055956835,0.0,0,12345
5.0,0.1,17,25,Repeated,0.98,37.14521192423727,37.14521192423727,0.0,0,12345
5.0,0.1,17,25,S-HCP-within,0.94,14.747857846892156,13.745406175600726,7.806270326060273,0,12345
5.0,0.1,17,25,Std-CP,0.88,6.840006105010388,6.655112582571595,2.5016220821860644,0,12345
5.0,0.1,17,25,Subsampling,0.98,35.75347434372991,35.75347434372991,8.26656349103221e-15,0,12345
5.0,0.1,17,30,Donor-HCP-no-within,0.91,13.67702681179923,12.594064358879013,7.498079677389137,0,12345
5.0,0.1,17,30,Donor-HCP-within,0.94,6.72992944991036,6.39194809932391,2.170011433830049,0,12345
5.0,0.1,17,30,HCP,0.98,39.931227889641946,39.931227889641946,0.0,0,12345
5.0,0.1,17,30,Pooling,0.97,33.73685055956835,33.73685055956835,0.0,0,12345
5.0,0.1,17,30,Repeated,0.98,37.14521192423727,37.14521192423727,0.0,0,12345
5.0,0.1,17,30,S-HCP-within,0.97,14.935320543891542,14.185353087018488,7.711354701029038,0,12345
5.0,0.1,17,30,Std-CP,0.96,6.549490596888842,6.2951481868932175,2.0359566007778374,0,12345
5.0,0.1,17,30,Subsampling,0.98,35.75347434372991,35.75347434372991,8.26656349103221e-15,0,12345
5.0,0.1,17,35,Donor-HCP-no-within,0.91,13.955360318077163,13.154229240979781,7.618794449422847,0,12345
5.0,0.1,17,35,Donor-HCP-within,0.93,6.725383350193982,6.281444442916116,2.2161146244445273,0,12345
5.0,0.1,17,35,HCP,0.98,39.931227889641946,39.931227889641946,0.0,0,12345
5.0,0.1,17,35,Pooling,0.97,33.73685055956835,33.73685055956835,0.0,0,12345
5.0,0.1,17,35,Repeated,0.98,37.14521192423727,37.14521192423727,0.0,0,12345
5.0,0.1,17,35,S-HCP-within,0.96,14.99221699590871,14.116112669762018,7.797140977188997,0,12345
5.0,0.1,17,35,Std-CP,0.95,6.516071159567595,6.279136168182109,1.9865021964327032,0,12345
5.0,0.1,17,35,Subsampling,0.98,35.75347434372991,35.75347434372991,8.26656349103221e-15,0,12345
5.0,0.1,18,0,Donor-HCP-no-within,0.98,43.50038114600976,43.50038114600976,0.0,0,12345
5.0,0.1,18,0,Donor-HCP-within,0.98,43.50038114600976,43.50038114600976,0.0,0,12345
5.0,0.1,18,0,HCP,0.98,43.50038114600976,43.50038114600976,0.0,0,12345
5.0,0.1,18,0,Pooling,0.97,37.31437052010962,37.31437052010962,0.0,0,12345
5.0,0.1,18,0,Repeated,0.97,38.195906828894046,38.195906828894046,5.53156769570878e-15,0,12345
5.0,0.1,18,0,S-HCP-within,0.99,41.195986140651286,41.42781419209841,2.6774505286167956,0,12345
5.0,0.1,18,0,Std-CP,1.0,,,,100,12345
5.0,0.1,18,0,Subsampling,0.98,43.50038114600976,43.50038114600976,0.0,0,12345
5.0,0.1,18,5,Donor-HCP-no-within,0.98,39.881817976669396,39.307403261251025,3.9266031615361174,0,12345
5.0,0.1,18,5,Donor-HCP-within,0.99,33.651944171990415,33.684556839606635,2.886413550361915,0,12345
5.0,0.1,18,5,HCP,0.98,43.50038114600976,43.50038114600976,0.0,0,12345
5.0,0.1,18,5,Pooling,0.97,37.31437052010962,37.31437052010962,0.0,0,12345
5.0,0.1,18,5,Repeated,0.97,38.195906828894046,38.195906828894046,5.53156769570878e-15,0,12345
5.0,0.1,18,5,S-HCP-within,0.98,38.41401612443214,38.30924750822352,1.7720334289275235,0,12345
5.0,0.1,18,5,Std-CP,0.6,6.578495154342805,5.052901649945776,7.186198199123573,0,12345
5.0,0.1,18,5,Subsampling,0.98,43.50038114600976,43.50038114600976,0.0,0,12345
5.0,0.1,18,10,Donor-HCP-no-within,0.99,38.11915904174894,38.0721107619859,3.32073764122964,0,12345
5.0,0.1,18,10,Donor-HCP-within,0.97,109.91231021214088,114.16462402900035,21.44933933819072,0,12345
5.0,0.1,18,10,HCP,0.98,43.50038114600976,43.50038114600976,0.0,0,12345
5.0,0.1,18,10,Pooling,0.97,37.31437052010962,37.31437052010962,0.0,0,12345
5.0,0.1,18,10,Repeated,0.97,38.195906828894046,38.195906828894046,5.53156769570878e-15,0,12345
5.0,0.1,18,10,S-HCP-within,0.98,37.66318758497782,37.85256655274608,1.5459374245171769,0,12345
5.0,0.1,18,10,Std-CP,0.83,39.563701378516036,13.434732437750093,103.57145524881288,0,12345
5.0,0.1,18,10,Subsampling,0.98,43.50038114600976,43.50038114600976,0.0,0,12345
5.0,0.1,18,15,Donor-HCP-no-within,0.98,37.236736185397426,37.47469029266421,3.558234098041154,0,12345
5.0,0.1,18,15,Donor-HCP-within,0.97,23.817797446420585,24.120893772654874,2.355072573996812,0,12345
5.0,0.1,18,15,HCP,0.98,43.50038114600976,43.50038114600976,0.0,0,12345
5.0,0.1,18,15,Pooling,0.97,37.31437052010962,37.31437052010962,0.0,0,12345
5.0,0.1,18,15,Repeated,0.97,38.195906828894046,38.195906828894046,5.53156769570878e-15,0,12345
5.0,0.1,18,15,S-HCP-within,0.97,37.20555943301325,37.183334504009906,1.2652239281797641,0,12345
5.0,0.1,18,15,Std-CP,0.84,8.201401034105439,6.927830948741548,4.626433239873926,0,12345
5.0,0.1,18,15,Subsampling,0.98,43.50038114600976,43.50038114600976,0.0,0,12345
5.0,0.1,18,20,Donor-HCP-no-within,0.97,35.149455857830084,34.85914746223516,3.9651338727832526,0,12345
5.0,0.1,18,20,Donor-HCP-within,0.97,19.049881050549928,18.96659718611545,2.156322493456185,0,12345
5.0,0.1,18,20,HCP,0.98,43.50038114600976,43.50038114600976,0.0,0,12345
5.0,0.1,18,20,Pooling,0.97,37.31437052010962,37.31437052010962,0.0,0,12345
5.0,0.1,18,20,Repeated,0.97,38.195906828894046,38.195906828894046,5.53156769570878e-15,0,12345
5.0,0.1,18,20,S-HCP-within,0.96,32.4512910420448,32.90405240277576,3.0333664730032757,0,12345
5.0,0.1,18,20,Std-CP,0.87,6.5679934891248175,6.129545004170519,2.6239581909698013,0,12345
5.0,0.1,18,20,Subsampling,0.98,43.50038114600976,43.50038114600976,0.0,0,12345
5.0,0.1,18,25,Donor-HCP-no-within,0.92,16.711628252894016,15.513670676322056,8.036688182263276,0,12345
5.0,0.1,18,25,Donor-HCP-within,0.89,6.598265070031768,6.301661210331494,2.3632381816653023,0,12345
5.0,0.1,18,25,HCP,0.98,43.50038114600976,43.50038114600976,0.0,0,12345
5.0,0.1,18,25,Pooling,0.97,37.31437052010962,37.31437052010962,0.0,0,12345
5.0,0.1,18,25,Repeated,0.97,38.195906828894046,38.195906828894046,5.53156769570878e-15,0,12345
5.0,0.1,18,25,S-HCP-within,0.93,17.332788152281672,16.446188142106532,8.264242903643664,0,12345
5.0,0.1,18,25,Std-CP,0.88,6.627202039927548,6.257362124456915,2.3339365044991047,0,12345
5.0,0.1,18,25,Subsampling,0.98,43.50038114600976,43.50038114600976,0.0,0,12345
5.0,0.1,18,30,Donor-HCP-no-within,0.9,16.113500441507632,14.037713752552381,7.989634966762472,0,12345
5.0,0.1,18,30,Donor-HCP-within,0.88,6.487226353170355,6.1273984518719065,2.2332929817334297,0,12345
5.0,0.1,18,30,HCP,0.98,43.50038114600976,43.50038114600976,0.0,0,12345
5.0,0.1,18,30,Pooling,0.97,37.31437052010962,37.31437052010962,0.0,0,12345
5.0,0.1,18,30,Repeated,0.97,38.195906828894046,38.195906828894046,5.53156769570878e-15,0,12345
5.0,0.1,18,30,S-HCP-within,0.95,17.582065672363687,16.648084972631466,8.375212757518476,0,12345
5.0,0.1,18,30,Std-CP,0.88,6.321157217529482,6.0861864104357615,2.0785125829087074,0,12345
5.0,0.1,18,30,Subsampling,0.98,43.50038114600976,43.50038114600976,0.0,0,12345
5.0,0.1,18,35,Donor-HCP-no-within,0.94,16.42644649876188,14.420849515065974,8.102579938221988,0,12345
5.0,0.1,18,35,Donor-HCP-within,0.88,6.547021477785397,6.293213810722746,1.9358131583478717,0,12345
5.0,0.1,18,35,HCP,0.98,43.50038114600976,43.50038114600976,0.0,0,12345
5.0,0.1,18,35,Pooling,0.97,37.31437052010962,37.31437052010962,0.0,0,12345
5.0,0.1,18,35,Repeated,0.97,38.195906828894046,38.195906828894046,5.53156769570878e-15,0,12345
5.0,0.1,18,35,S-HCP-within,0.97,17.93253958770934,16.210729259926584,8.47985841439028,0,12345
5.0,0.1,18,35,Std-CP,0.87,6.311963025626973,6.227101690027438,1.9472977901269088,0,12345
5.0,0.1,18,35,Subsampling,0.98,43.50038114600976,43.50038114600976,0.0,0,12345
5.0,0.1,19,0,Donor-HCP-no-within,0.96,37.220315001441946,37.220315001441946,0.0,0,12345
5.0,0.1,19,0,Donor-HCP-within,0.96,37.220315001441946,37.220315001441946,0.0,0,12345
5.0,0.1,19,0,HCP,0.96,37.220315001441946,37.220315001441946,0.0,0,12345
5.0,0.1,19,0,Pooling,0.92,34.57930080621867,34.57930080621867,0.0,0,12345
5.0,0.1,19,0,Repeated,0.92,35.41623079402774,35.41623079402774,0.0,0,12345
5.0,0.1,19,0,S-HCP-within,0.98,34.47805952872958,34.20942318377256,2.861270023567634,0,12345
5.0,0.1,19,0,Std-CP,1.0,,,,100,12345
5.0,0.1,19,0,Subsampling,0.91,33.87642499710681,33.87642499710681,0.0,0,12345
5.0,0.1,19,5,Donor-HCP-no-within,0.92,32.80470347901732,34.89953812624931,6.455487241413248,0,12345
5.0,0.1,19,5,Donor-HCP-within,0.95,28.232087854513097,30.451916222435116,5.261205317612585,0,12345
5.0,0.1,19,5,HCP,0.96,37.220315001441946,37.220315001441946,0.0,0,12345
5.0,0.1,19,5,Pooling,0.92,34.57930080621867,34.57930080621867,0.0,0,12345
5.0,0.1,19,5,Repeated,0.92,35.41623079402774,35.41623079402774,0.0,0,12345
5.0,0.1,19,5,S-HCP-within,0.98,32.992811362411416,32.92907484063838,1.2221390158137917,0,12345
5.0,0.1,19,5,Std-CP,0.68,5.070866827862431,4.445115968526842,2.9697753986447815,0,12345
5.0,0.1,19,5,Subsampling,0.91,33.87642499710681,33.87642499710681,0.0,0,12345
5.0,0.1,19,10,Donor-HCP-no-within,0.94,31.908965509833628,34.417288144357,6.036563385367663,0,12345
5.0,0.1,19,10,Donor-HCP-within,0.93,25.39711149685631,27.105070247497338,5.15287906992981,0,12345
5.0,0.1,19,10,HCP,0.96,37.220315001441946,37.220315001441946,0.0,0,12345
5.0,0.1,19,10,Pooling,0.92,34.57930080621867,34.57930080621867,0.0,0,12345
5.0,0.1,19,10,Repeated,0.92,35.41623079402774,35.41623079402774,0.0,0,12345
5.0,0.1,19,10,S-HCP-within,0.98,32.78964927891598,32.834139075440724,0.9136685242242463,0,12345
5.0,0.1,19,10,Std-CP,0.86,32.919551938484204,9.944156374777819,82.21592013372108,0,12345
5.0,0.1,19,10,Subsampling,0.91,33.87642499710681,33.87642499710681,0.0,0,12345
5.0,0.1,19,15,Donor-HCP-no-within,0.93,31.095681227594387,34.12516750965753,6.905831944927822,0,12345
5.0,0.1,19,15,Donor-HCP-within,0.9,19.735141287207814,21.30873849226529,3.9617304562683335,0,12345
5.0,0.1,19,15,HCP,0.96,37.220315001441946,37.220315001441946,0.0,0,12345
5.0,0.1,19,15,Pooling,0.92,34.57930080621867,34.57930080621867,0.0,0,12345
5.0,0.1,19,15,Repeated,0.92,35.41623079402774,35.41623079402774,0.0,0,12345
5.0,0.1,19,15,S-HCP-within,0.98,32.77150807487837,32.92907484063838,0.5607632680800535,0,12345
5.0,0.1,19,15,Std-CP,0.89,9.385527335963696,7.008932974184143,8.421525364703749,0,12345
5.0,0.1,19,15,Subsampling,0.91,33.87642499710681,33.87642499710681,0.0,0,12345
5.0,0.1,19,20,Donor-HCP-no-within,0.93,30.100894736706792,33.074522835567,6.253438465367914,0,12345
5.0,0.1,19,20,Donor-HCP-within,0.9,15.961601563863235,17.134516978376414,3.1226887462658555,0,12345
5.0,0.1,19,20,HCP,0.96,37.220315001441946,37.220315001441946,0.0,0,12345
5.0,0.1,19,20,Pooling,0.92,34.57930080621867,34.57930080621867,0.0,0,12345
5.0,0.1,19,20,Repeated,0.92,35.41623079402774,35.41623079402774,0.0,0,12345
5.0,0.1,19,20,S-HCP-within,0.98,32.23215906403933,32.39846427108437,0.6097258010598442,0,12345
5.0,0.1,19,20,Std-CP,0.92,6.579176684495744,6.141110034285142,2.5250602848542365,0,12345
5.0,0.1,19,20,Subsampling,0.91,33.87642499710681,33.87642499710681,0.0,0,12345
5.0,0.1,19,25,Donor-HCP-no-within,0.93,14.702136110601014,13.191774361287607,7.350958834125178,0,12345
5.0,0.1,19,25,Donor-HCP-within,0.93,6.729539644004947,6.3310291882513265,2.400485754854069,0,12345
5.0,0.1,19,25,HCP,0.96,37.220315001441946,37.220315001441946,0.0,0,12345
5.0,0.1,19,25,Pooling,0.92,34.57930080621867,34.57930080621867,0.0,0,12345
5.0,0.1,19,25,Repeated,0.92,35.41623079402774,35.41623079402774,0.0,0,12345
5.0,0.1,19,25,S-HCP-within,0.94,15.294420919847854,13.50979608931355,7.719384566701628,0,12345
5.0,0.1,19,25,Std-CP,0.95,6.372389280552289,5.7480153626740424,2.387916331980268,0,12345
5.0,0.1,19,25,Subsampling,0.91,33.87642499710681,33.87642499710681,0.0,0,12345
5.0,0.1,19,30,Donor-HCP-no-within,0.91,14.13302031126003,12.693202450218287,7.330983624080013,0,12345
5.0,0.1,19,30,Donor-HCP-within,0.93,6.286830404733303,5.944128411565323,2.1189427198352915,0,12345
5.0,0.1,19,30,HCP,0.96,37.220315001441946,37.220315001441946,0.0,0,12345
5.0,0.1,19,30,Pooling,0.92,34.57930080621867,34.57930080621867,0.0,0,12345
5.0,0.1,19,30,Repeated,0.92,35.41623079402774,35.41623079402774,0.0,0,12345
5.0,0.1,19,30,S-HCP-within,0.95,15.580900786716933,13.565982340729404,7.7700666516475785,0,12345
5.0,0.1,19,30,Std-CP,0.96,6.382343990778494,6.363914959630751,2.1560717824336457,0,12345
5.0,0.1,19,30,Subsampling,0.91,33.87642499710681,33.87642499710681,0.0,0,12345
5.0,0.1,19,35,Donor-HCP-no-within,0.91,14.366615998437249,13.140031955237212,7.360715715011294,0,12345
5.0,0.1,19,35,Donor-HCP-within,0.94,6.3095326380324845,5.891761483541597,2.126828251887269,0,12345
5.0,0.1,19,35,HCP,0.96,37.220315001441946,37.220315001441946,0.0,0,12345
5.0,0.1,19,35,Pooling,0.92,34.57930080621867,34.57930080621867,0.0,0,12345
5.0,0.1,19,35,Repeated,0.92,35.41623079402774,35.41623079402774,0.0,0,12345
5.0,0.1,19,35,S-HCP-within,0.97,15.845840357513614,13.711662610534654,7.8800135799254205,0,12345
5.0,0.1,19,35,Std-CP,0.93,6.139095275142541,5.913638485687011,2.1693244612497233,0,12345
5.0,0.1,19,35,Subsampling,0.91,33.87642499710681,33.87642499710681,0.0,0,12345
5.0,0.1,20,0,Donor-HCP-no-within,0.99,65.50671759538395,65.50671759538395,0.0,0,12345
5.0,0.1,20,0,Donor-HCP-within,0.99,65.50671759538395,65.50671759538395,0.0,0,12345
5.0,0.1,20,0,HCP,0.99,65.50671759538395,65.50671759538395,0.0,0,12345
5.0,0.1,20,0,Pooling,0.95,53.779309987979474,53.779309987979474,0.0,0,12345
5.0,0.1,20,0,Repeated,0.99,62.22145681620516,62.22145681620516,1.596826049079051e-15,0,12345
5.0,0.1,20,0,S-HCP-within,0.91,25.849343790101884,27.10234106395155,3.4073041066937857,0,12345
5.0,0.1,20,0,Std-CP,1.0,,,,100,12345
5.0,0.1,20,0,Subsampling,0.99,63.40562800817571,63.40562800817571,0.0,0,12345
5.0,0.1,20,5,Donor-HCP-no-within,0.99,54.297121015525526,55.79793356874259,5.620244150779821,0,12345
5.0,0.1,20,5,Donor-HCP-within,0.99,47.24327991199596,48.5489264854046,4.932053121796544,0,12345
5.0,0.1,20,5,HCP,0.99,65.50671759538395,65.50671759538395,0.0,0,12345
5.0,0.1,20,5,Pooling,0.95,53.779309987979474,53.779309987979474,0.0,0,12345
5.0,0.1,20,5,Repeated,0.99,62.22145681620516,62.22145681620516,1.596826049079051e-15,0,12345
5.0,0.1,20,5,S-HCP-within,0.87,23.563067904289163,23.444806217596152,1.8666736666116532,0,12345
5.0,0.1,20,5,Std-CP,0.75,6.72382318906794,5.62409899080833,4.722130637409152,0,12345
5.0,0.1,20,5,Subsampling,0.99,63.40562800817571,63.40562800817571,0.0,0,12345
5.0,0.1,20,10,Donor-HCP-no-within,0.99,51.59542675424228,53.521012974197866,5.950875476858265,0,12345
5.0,0.1,20,10,Donor-HCP-within,0.93,38.958280696847105,39.07904618028644,5.175494925634323,0,12345
5.0,0.1,20,10,HCP,0.99,65.50671759538395,65.50671759538395,0.0,0,12345
5.0,0.1,20,10,Pooling,0.95,53.779309987979474,53.779309987979474,0.0,0,12345
5.0,0.1,20,10,Repeated,0.99,62.22145681620516,62.22145681620516,1.596826049079051e-15,0,12345
5.0,0.1,20,10,S-HCP-within,0.86,23.456620734313052,22.9926288017631,1.5022304120682688,0,12345
5.0,0.1,20,10,Std-CP,0.83,252.95201958862756,12.088337489893416,2027.2643530785151,0,12345
5.0,0.1,20,10,Subsampling,0.99,63.40562800817571,63.40562800817571,0.0,0,12345
5.0,0.1,20,15,Donor-HCP-no-within,0.98,49.77148872029033,52.05050990696556,5.933421827716703,0,12345
5.0,0.1,20,15,Donor-HCP-within,0.98,32.23655174282793,33.3946080552468,3.342308510619778,0,12345
5.0,0.1,20,15,HCP,0.99,65.50671759538395,65.50671759538395,0.0,0,12345
5.0,0.1,20,15,Pooling,0.95,53.779309987979474,53.779309987979474,0.0,0,12345
5.0,0.1,20,15,Repeated,0.99,62.22145681620516,62.22145681620516,1.596826049079051e-15,0,12345
5.0,0.1,20,15,S-HCP-within,0.87,23.3226741133562,22.867973591753262,1.6291699327192724,0,12345
5.0,0.1,20,15,Std-CP,0.89,10.36108806955697,8.383618302601127,7.286737237989332,0,12345
5.0,0.1,20,15,Subsampling,0.99,63.40562800817571,63.40562800817571,0.0,0,12345
5.0,0.1,20,20,Donor-HCP-no-within,0.98,33.63685873993861,32.43044595705274,6.056967833601279,0,12345
5.0,0.1,20,20,Donor-HCP-within,0.97,22.479347470809472,23.570137630998218,3.1338480351684073,0,12345
5.0,0.1,20,20,HCP,0.99,65.50671759538395,65.50671759538395,0.0,0,12345
5.0,0.1,20,20,Pooling,0.95,53.779309987979474,53.779309987979474,0.0,0,12345
5.0,0.1,20,20,Repeated,0.99,62.22145681620516,62.22145681620516,1.596826049079051e-15,0,12345
5.0,0.1,20,20,S-HCP-within,0.86,22.903645692795894,22.525967306281473,1.4706033890598595,0,12345
5.0,0.1,20,20,Std-CP,0.92,6.924095878776442,6.705260146559851,2.7713385053736723,0,12345
5.0,0.1,20,20,Subsampling,0.99,63.40562800817571,63.40562800817571,0.0,0,12345
5.0,0.1,20,25,Donor-HCP-no-within,0.94,19.00390426168472,17.915128046395136,7.8330722266833,0,12345
5.0,0.1,20,25,Donor-HCP-within,0.94,6.88629684185945,6.63180721874258,2.412128851775105,0,12345
5.0,0.1,20,25,HCP,0.99,65.50671759538395,65.50671759538395,0.0,0,12345
5.0,0.1,20,25,Pooling,0.95,53.779309987979474,53.779309987979474,0.0,0,12345
5.0,0.1,20,25,Repeated,0.99,62.22145681620516,62.22145681620516,1.596826049079051e-15,0,12345
5.0,0.1,20,25,S-HCP-within,0.95,19.936789111648075,18.92717751801179,8.43052447079476,0,12345
5.0,0.1,20,25,Std-CP,0.94,6.8092650436380495,6.6643205377495445,2.466178171626202,0,12345
5.0,0.1,20,25,Subsampling,0.99,63.40562800817571,63.40562800817571,0.0,0,12345
5.0,0.1,20,30,Donor-HCP-no-within,0.92,18.22985928776522,17.053659845987255,7.712131684804338,0,12345
5.0,0.1,20,30,Donor-HCP-within,0.93,6.492555268328313,6.00648902886925,2.0995022032274857,0,12345
5.0,0.1,20,30,HCP,0.99,65.50671759538395,65.50671759538395,0.0,0,12345
5.0,0.1,20,30,Pooling,0.95,53.779309987979474,53.779309987979474,0.0,0,12345
5.0,0.1,20,30,Repeated,0.99,62.22145681620516,62.22145681620516,1.596826049079051e-15,0,12345
5.0,0.1,20,30,S-HCP-within,0.95,20.144496313277404,18.9462955635177,8.16390688498274,0,12345
5.0,0.1,20,30,Std-CP,0.97,6.57891173036285,6.119508436384283,2.5926523243093693,0,12345
5.0,0.1,20,30,Subsampling,0.99,63.40562800817571,63.40562800817571,0.0,0,12345
5.0,0.1,20,35,Donor-HCP-no-within,0.95,18.66339027190085,17.384764492387035,7.8210443865863954,0,12345
5.0,0.1,20,35,Donor-HCP-within,0.93,6.435812849754853,5.9662666956678105,2.0516286705073874,0,12345
5.0,0.1,20,35,HCP,0.99,65.50671759538395,65.50671759538395,0.0,0,12345
5.0,0.1,20,35,Pooling,0.95,53.779309987979474,53.779309987979474,0.0,0,12345
5.0,0.1,20,35,Repeated,0.99,62.22145681620516,62.22145681620516,1.596826049079051e-15,0,12345
5.0,0.1,20,35,S-HCP-within,0.95,20.40504492128552,19.000786734161238,8.143687493917476,0,12345
5.0,0.1,20,35,Std-CP,0.97,6.748853172968253,6.501419453405398,2.141018766794692,0,12345
5.0,0.1,20,35,Subsampling,0.99,63.40562800817571,63.40562800817571,0.0,0,12345
5.0,0.1,21,0,Donor-HCP-no-within,0.97,27.281845171309214,27.281845171309214,0.0,0,12345
5.0,0.1,21,0,Donor-HCP-within,0.97,27.281845171309214,27.281845171309214,0.0,0,12345
5.0,0.1,21,0,HCP,0.97,27.281845171309214,27.281845171309214,0.0,0,12345
5.0,0.1,21,0,Pooling,0.91,21.293945706665596,21.293945706665596,0.0,0,12345
5.0,0.1,21,0,Repeated,0.94,23.161834088290142,23.161834088290142,9.44695030608341e-16,0,12345
5.0,0.1,21,0,S-HCP-within,0.84,20.50069339209628,20.158049978473024,2.069304120634552,0,12345
5.0,0.1,21,0,Std-CP,1.0,,,,100,12345
5.0,0.1,21,0,Subsampling,0.97,27.32657486407366,27.32657486407366,3.778780122433364e-15,0,12345
5.0,0.1,21,5,Donor-HCP-no-within,0.95,27.08177027393705,26.586838207252022,2.4282012541485067,0,12345
5.0,0.1,21,5,Donor-HCP-within,0.98,23.750836599772807,22.968697287992043,2.2160676782643756,0,12345
5.0,0.1,21,5,HCP,0.97,27.281845171309214,27.281845171309214,0.0,0,12345
5.0,0.1,21,5,Pooling,0.91,21.293945706665596,21.293945706665596,0.0,0,12345
5.0,0.1,21,5,Repeated,0.94,23.161834088290142,23.161834088290142,9.44695030608341e-16,0,12345
5.0,0.1,21,5,S-HCP-within,0.82,19.802546652065224,19.535047808038595,1.4892617072129886,0,12345
5.0,0.1,21,5,Std-CP,0.69,6.339011761190551,5.067868043673224,5.101181173704439,0,12345
5.0,0.1,21,5,Subsampling,0.97,27.32657486407366,27.32657486407366,3.778780122433364e-15,0,12345
5.0,0.1,21,10,Donor-HCP-no-within,0.96,25.2679501698939,24.92668910431059,1.9482801275645014,0,12345
5.0,0.1,21,10,Donor-HCP-within,0.98,71.20867530828467,77.55493343662363,17.619266743974745,0,12345
5.0,0.1,21,10,HCP,0.97,27.281845171309214,27.281845171309214,0.0,0,12345
5.0,0.1,21,10,Pooling,0.91,21.293945706665596,21.293945706665596,0.0,0,12345
5.0,0.1,21,10,Repeated,0.94,23.161834088290142,23.161834088290142,9.44695030608341e-16,0,12345
5.0,0.1,21,10,S-HCP-within,0.81,19.73246607836727,19.43727240190499,1.241922999803107,0,12345
5.0,0.1,21,10,Std-CP,0.88,56.59136684648317,12.139238207393731,156.06793728419515,0,12345
5.0,0.1,21,10,Subsampling,0.97,27.32657486407366,27.32657486407366,3.778780122433364e-15,0,12345
5.0,0.1,21,15,Donor-HCP-no-within,0.96,23.958793761288884,23.463401291193257,1.8318348880523705,0,12345
5.0,0.1,21,15,Donor-HCP-within,0.98,17.062706160211448,17.104197789420596,1.085440171689678,0,12345
5.0,0.1,21,15,HCP,0.97,27.281845171309214,27.281845171309214,0.0,0,12345
5.0,0.1,21,15,Pooling,0.91,21.293945706665596,21.293945706665596,0.0,0,12345
5.0,0.1,21,15,Repeated,0.94,23.161834088290142,23.161834088290142,9.44695030608341e-16,0,12345
5.0,0.1,21,15,S-HCP-within,0.83,19.733147574313968,19.4462228703271,1.2164388204017913,0,12345
5.0,0.1,21,15,Std-CP,0.91,9.39746250762229,7.795390444635861,6.063153291427112,0,12345
5.0,0.1,21,15,Subsampling,0.97,27.32657486407366,27.32657486407366,3.778780122433364e-15,0,12345
5.0,0.1,21,20,Donor-HCP-no-within,0.95,23.113178546304976,22.622047458861726,1.6509915358717715,0,12345
5.0,0.1,21,20,Donor-HCP-within,0.93,13.285596340470219,13.063728075757531,0.9625498917955262,0,12345
5.0,0.1,21,20,HCP,0.97,27.281845171309214,27.281845171309214,0.0,0,12345
5.0,0.1,21,20,Pooling,0.91,21.293945706665596,21.293945706665596,0.0,0,12345
5.0,0.1,21,20,Repeated,0.94,23.161834088290142,23.161834088290142,9.44695030608341e-16,0,12345
5.0,0.1,21,20,S-HCP-within,0.82,19.563935267929505,19.433228266148227,1.1324365250067328,0,12345
5.0,0.1,21,20,Std-CP,0.93,7.397534650053063,7.025483413092514,3.45564433014509,0,12345
5.0,0.1,21,20,Subsampling,0.97,27.32657486407366,27.32657486407366,3.778780122433364e-15,0,12345
5.0,0.1,21,25,Donor-HCP-no-within,0.91,15.513090997097812,13.688021047817749,7.569441053684361,0,12345
5.0,0.1,21,25,Donor-HCP-within,0.94,6.852453905390329,6.557524105994702,2.405301428201267,0,12345
5.0,0.1,21,25,HCP,0.97,27.281845171309214,27.281845171309214,0.0,0,12345
5.0,0.1,21,25,Pooling,0.91,21.293945706665596,21.293945706665596,0.0,0,12345
5.0,0.1,21,25,Repeated,0.94,23.161834088290142,23.161834088290142,9.44695030608341e-16,0,12345
5.0,0.1,21,25,S-HCP-within,0.91,15.949814139088197,14.002150555453753,7.535122316814828,0,12345
5.0,0.1,21,25,Std-CP,0.96,7.125365742250868,6.676569344343389,2.8952005528185585,0,12345
5.0,0.1,21,25,Subsampling,0.97,27.32657486407366,27.32657486407366,3.778780122433364e-15,0,12345
5.0,0.1,21,30,Donor-HCP-no-within,0.92,14.946964546707095,12.946534911764978,7.566950735861359,0,12345
5.0,0.1,21,30,Donor-HCP-within,0.95,6.7073710005884175,6.653096265048032,2.0617303575282233,0,12345
5.0,0.1,21,30,HCP,0.97,27.281845171309214,27.281845171309214,0.0,0,12345
5.0,0.1,21,30,Pooling,0.91,21.293945706665596,21.293945706665596,0.0,0,12345
5.0,0.1,21,30,Repeated,0.94,23.161834088290142,23.161834088290142,9.44695030608341e-16,0,12345
5.0,0.1,21,30,S-HCP-within,0.95,16.38246907866154,14.962972206667219,7.515593412903689,0,12345
5.0,0.1,21,30,Std-CP,0.94,6.95884490194376,6.677321478969021,2.4622344215657526,0,12345
5.0,0.1,21,30,Subsampling,0.97,27.32657486407366,27.32657486407366,3.778780122433364e-15,0,12345
5.0,0.1,21,35,Donor-HCP-no-within,0.93,15.242629047969494,13.444724311889772,7.529905886611688,0,12345
5.0,0.1,21,35,Donor-HCP-within,0.96,6.697682310692929,6.751118165627723,1.9508647503836622,0,12345
5.0,0.1,21,35,HCP,0.97,27.281845171309214,27.281845171309214,0.0,0,12345
5.0,0.1,21,35,Pooling,0.91,21.293945706665596,21.293945706665596,0.0,0,12345
5.0,0.1,21,35,Repeated,0.94,23.161834088290142,23.161834088290142,9.44695030608341e-16,0,12345
5.0,0.1,21,35,S-HCP-within,0.96,16.821102763569925,15.091242274496086,7.481446354493366,0,12345
5.0,0.1,21,35,Std-CP,0.98,6.654487403351704,6.196719091869088,2.213649025141869,0,12345
5.0,0.1,21,35,Subsampling,0.97,27.32657486407366,27.32657486407366,3.778780122433364e-15,0,12345
5.0,0.1,22,0,Donor-HCP-no-within,0.84,21.699638472822272,21.69963847282227,1.8553442084620055e-15,0,12345
5.0,0.1,22,0,Donor-HCP-within,0.84,21.699638472822272,21.69963847282227,1.8553442084620055e-15,0,12345
5.0,0.1,22,0,HCP,0.84,21.699638472822272,21.69963847282227,1.8553442084620055e-15,0,12345
5.0,0.1,22,0,Pooling,0.7,16.35027786406137,16.35027786406137,0.0,0,12345
5.0,0.1,22,0,Repeated,0.76,18.355531443254577,18.355531443254577,0.0,0,12345
5.0,0.1,22,0,S-HCP-within,0.82,19.1210195577659,19.164181576904642,2.17329649423978,0,12345
5.0,0.1,22,0,Std-CP,1.0,,,,100,12345
5.0,0.1,22,0,Subsampling,0.79,18.85315699344106,18.85315699344106,0.0,0,12345
5.0,0.1,22,5,Donor-HCP-no-within,0.78,19.39314787350963,19.335444741891095,1.904062263806539,0,12345
5.0,0.1,22,5,Donor-HCP-within,0.83,16.75049924519211,16.89870609070247,2.1171532067358094,0,12345
5.0,0.1,22,5,HCP,0.84,21.699638472822272,21.69963847282227,1.8553442084620055e-15,0,12345
5.0,0.1,22,5,Pooling,0.7,16.35027786406137,16.35027786406137,0.0,0,12345
5.0,0.1,22,5,Repeated,0.76,18.355531443254577,18.355531443254577,0.0,0,12345
5.0,0.1,22,5,S-HCP-within,0.8,17.94596911243163,17.68800398645613,1.830998984236647,0,12345
5.0,0.1,22,5,Std-CP,0.73,6.235048447855673,5.110456499589832,4.521639090258373,0,12345
5.0,0.1,22,5,Subsampling,0.79,18.85315699344106,18.85315699344106,0.0,0,12345
5.0,0.1,22,10,Donor-HCP-no-within,0.76,18.016187813020316,17.789455373470393,2.220103381959172,0,12345
5.0,0.1,22,10,Donor-HCP-within,0.95,27.15463300605799,27.526007139520956,4.58411855663619,0,12345
5.0,0.1,22,10,HCP,0.84,21.699638472822272,21.69963847282227,1.8553442084620055e-15,0,12345
5.0,0.1,22,10,Pooling,0.7,16.35027786406137,16.35027786406137,0.0,0,12345
5.0,0.1,22,10,Repeated,0.76,18.355531443254577,18.355531443254577,0.0,0,12345
5.0,0.1,22,10,S-HCP-within,0.82,17.719169450476244,17.045161761985582,1.8482959519615476,0,12345
5.0,0.1,22,10,Std-CP,0.84,44.66267763991352,10.807511578721394,131.1710869330869,0,12345
5.0,0.1,22,10,Subsampling,0.79,18.85315699344106,18.85315699344106,0.0,0,12345
5.0,0.1,22,15,Donor-HCP-no-within,0.77,17.070422597219572,16.672823273256576,2.188083218091326,0,12345
5.0,0.1,22,15,Donor-HCP-within,0.82,11.865639730435646,11.826133215105674,1.2050089581643977,0,12345
5.0,0.1,22,15,HCP,0.84,21.699638472822272,21.69963847282227,1.8553442084620055e-15,0,12345
5.0,0.1,22,15,Pooling,0.7,16.35027786406137,16.35027786406137,0.0,0,12345
5.0,0.1,22,15,Repeated,0.76,18.355531443254577,18.355531443254577,0.0,0,12345
5.0,0.1,22,15,S-HCP-within,0.81,17.64070220340624,16.945997985403633,1.8799838548175483,0,12345
5.0,0.1,22,15,Std-CP,0.91,8.526942137712506,7.279323069539046,5.684866036600349,0,12345
5.0,0.1,22,15,Subsampling,0.79,18.85315699344106,18.85315699344106,0.0,0,12345
5.0,0.1,22,20,Donor-HCP-no-within,0.73,16.63986213290168,16.790422338906218,2.7748244926264296,0,12345
5.0,0.1,22,20,Donor-HCP-within,0.84,9.865201797605431,9.48066819578714,1.4208017276448643,0,12345
5.0,0.1,22,20,HCP,0.84,21.699638472822272,21.69963847282227,1.8553442084620055e-15,0,12345
5.0,0.1,22,20,Pooling,0.7,16.35027786406137,16.35027786406137,0.0,0,12345
5.0,0.1,22,20,Repeated,0.76,18.355531443254577,18.355531443254577,0.0,0,12345
5.0,0.1,22,20,S-HCP-within,0.8,17.423114128951084,16.715713493704783,1.8453205651540472,0,12345
5.0,0.1,22,20,Std-CP,0.93,6.295707348158774,5.712490981559388,2.7176884300647437,0,12345
5.0,0.1,22,20,Subsampling,0.79,18.85315699344106,18.85315699344106,0.0,0,12345
5.0,0.1,22,25,Donor-HCP-no-within,0.95,15.212849625579217,13.728103266120804,9.08119650556505,0,12345
5.0,0.1,22,25,Donor-HCP-within,0.93,6.60155806199514,6.1991468682010495,2.4047943802391663,0,12345
5.0,0.1,22,25,HCP,0.84,21.699638472822272,21.69963847282227,1.8553442084620055e-15,0,12345
5.0,0.1,22,25,Pooling,0.7,16.35027786406137,16.35027786406137,0.0,0,12345
5.0,0.1,22,25,Repeated,0.76,18.355531443254577,18.355531443254577,0.0,0,12345
5.0,0.1,22,25,S-HCP-within,0.96,15.76463860527725,13.694905791232689,9.203123963463655,0,12345
5.0,0.1,22,25,Std-CP,0.91,6.174026876432415,5.590998246046887,2.334993143431511,0,12345
5.0,0.1,22,25,Subsampling,0.79,18.85315699344106,18.85315699344106,0.0,0,12345
5.0,0.1,22,30,Donor-HCP-no-within,0.93,14.68224896680523,12.943091709132851,8.898228491327941,0,12345
5.0,0.1,22,30,Donor-HCP-within,0.93,6.255931208248447,5.879089179595248,2.1484011518944413,0,12345
5.0,0.1,22,30,HCP,0.84,21.699638472822272,21.69963847282227,1.8553442084620055e-15,0,12345
5.0,0.1,22,30,Pooling,0.7,16.35027786406137,16.35027786406137,0.0,0,12345
5.0,0.1,22,30,Repeated,0.76,18.355531443254577,18.355531443254577,0.0,0,12345
5.0,0.1,22,30,S-HCP-within,0.95,15.990866566559808,13.838255075999928,9.023518880748895,0,12345
5.0,0.1,22,30,Std-CP,0.92,6.011393593535853,5.76606938035333,1.6714239033798453,0,12345
5.0,0.1,22,30,Subsampling,0.79,18.85315699344106,18.85315699344106,0.0,0,12345
5.0,0.1,22,35,Donor-HCP-no-within,0.95,15.00749660547669,13.332833824651244,8.976709352365106,0,12345
5.0,0.1,22,35,Donor-HCP-within,0.92,6.3108883402325135,5.8231853384229115,1.8746736103338542,0,12345
5.0,0.1,22,35,HCP,0.84,21.699638472822272,21.69963847282227,1.8553442084620055e-15,0,12345
5.0,0.1,22,35,Pooling,0.7,16.35027786406137,16.35027786406137,0.0,0,12345
5.0,0.1,22,35,Repeated,0.76,18.355531443254577,18.355531443254577,0.0,0,12345
5.0,0.1,22,35,S-HCP-within,0.96,16.43314683795542,13.857902623537683,9.260788129013475,0,12345
5.0,0.1,22,35,Std-CP,0.92,6.211107691599368,6.014846088012245,2.1168996453772224,0,12345
5.0,0.1,22,35,Subsampling,0.79,18.85315699344106,18.85315699344106,0.0,0,12345
5.0,0.1,23,0,Donor-HCP-no-within,0.83,49.33730508407644,49.33730508407644,5.149609274749016e-15,0,12345
5.0,0.1,23,0,Donor-HCP-within,0.83,49.33730508407644,49.33730508407644,5.149609274749016e-15,0,12345
5.0,0.1,23,0,HCP,0.83,49.33730508407644,49.33730508407644,5.149609274749016e-15,0,12345
5.0,0.1,23,0,Pooling,0.7,39.39124956245357,39.39124956245357,7.141223187966347e-16,0,12345
5.0,0.1,23,0,Repeated,0.74,43.785006754669446,43.785006754669446,5.099853428911227e-15,0,12345
5.0,0.1,23,0,S-HCP-within,0.88,28.48291268001369,29.048573514044236,3.5490960677197267,0,12345
5.0,0.1,23,0,Std-CP,1.0,,,,100,12345
5.0,0.1,23,0,Subsampling,0.74,43.850812063732164,43.850812063732164,1.2368961389746705e-15,0,12345
5.0,0.1,23,5,Donor-HCP-no-within,0.76,44.06522421686415,44.98897255952387,11.217919820135478,0,12345
5.0,0.1,23,5,Donor-HCP-within,0.8,37.513277208378646,38.96854144727218,8.981713947055967,0,12345
5.0,0.1,23,5,HCP,0.83,49.33730508407644,49.33730508407644,5.149609274749016e-15,0,12345
5.0,0.1,23,5,Pooling,0.7,39.39124956245357,39.39124956245357,7.141223187966347e-16,0,12345
5.0,0.1,23,5,Repeated,0.74,43.785006754669446,43.785006754669446,5.099853428911227e-15,0,12345
5.0,0.1,23,5,S-HCP-within,0.89,27.133168945599287,26.851196810480968,1.6592526238013994,0,12345
5.0,0.1,23,5,Std-CP,0.78,6.022195056434042,5.186861518655979,3.877970840521198,0,12345
5.0,0.1,23,5,Subsampling,0.74,43.850812063732164,43.850812063732164,1.2368961389746705e-15,0,12345
5.0,0.1,23,10,Donor-HCP-no-within,0.79,41.38119987831099,43.58811845925622,11.19181597114456,0,12345
5.0,0.1,23,10,Donor-HCP-within,0.9,33.47221394012625,34.941749285897,9.220723668494227,0,12345
5.0,0.1,23,10,HCP,0.83,49.33730508407644,49.33730508407644,5.149609274749016e-15,0,12345
5.0,0.1,23,10,Pooling,0.7,39.39124956245357,39.39124956245357,7.141223187966347e-16,0,12345
5.0,0.1,23,10,Repeated,0.74,43.785006754669446,43.785006754669446,5.099853428911227e-15,0,12345
5.0,0.1,23,10,S-HCP-within,0.89,26.930781172802458,26.721697266127208,1.9474515152492196,0,12345
5.0,0.1,23,10,Std-CP,0.88,43.83947731517411,9.566123856181694,100.78932634160442,0,12345
5.0,0.1,23,10,Subsampling,0.74,43.850812063732164,43.850812063732164,1.2368961389746705e-15,0,12345
5.0,0.1,23,15,Donor-HCP-no-within,0.77,40.07785232124213,40.99089131213492,12.126871695847898,0,12345
5.0,0.1,23,15,Donor-HCP-within,0.83,26.50201035944905,26.25402564392235,8.026798635606813,0,12345
5.0,0.1,23,15,HCP,0.83,49.33730508407644,49.33730508407644,5.149609274749016e-15,0,12345
5.0,0.1,23,15,Pooling,0.7,39.39124956245357,39.39124956245357,7.141223187966347e-16,0,12345
5.0,0.1,23,15,Repeated,0.74,43.785006754669446,43.785006754669446,5.099853428911227e-15,0,12345
5.0,0.1,23,15,S-HCP-within,0.89,26.91581602630483,26.721697266127208,1.9486549037712262,0,12345
5.0,0.1,23,15,Std-CP,0.93,9.388210750786598,7.767884922891948,6.946828160092897,0,12345
5.0,0.1,23,15,Subsampling,0.74,43.850812063732164,43.850812063732164,1.2368961389746705e-15,0,12345
5.0,0.1,23,20,Donor-HCP-no-within,0.8,38.165081746282766,36.47530064044023,11.339155496403697,0,12345
5.0,0.1,23,20,Donor-HCP-within,0.78,21.25660291357308,20.657160657560034,5.867270415007372,0,12345
5.0,0.1,23,20,HCP,0.83,49.33730508407644,49.33730508407644,5.149609274749016e-15,0,12345
5.0,0.1,23,20,Pooling,0.7,39.39124956245357,39.39124956245357,7.141223187966347e-16,0,12345
5.0,0.1,23,20,Repeated,0.74,43.785006754669446,43.785006754669446,5.099853428911227e-15,0,12345
5.0,0.1,23,20,S-HCP-within,0.89,26.46982262321902,26.37152149581813,1.8023442225384578,0,12345
5.0,0.1,23,20,Std-CP,0.87,6.641760615577026,6.206542616771398,2.8019076215978376,0,12345
5.0,0.1,23,20,Subsampling,0.74,43.850812063732164,43.850812063732164,1.2368961389746705e-15,0,12345
5.0,0.1,23,25,Donor-HCP-no-within,0.95,14.186637876567472,13.100141725732437,7.706811656835901,0,12345
5.0,0.1,23,25,Donor-HCP-within,0.91,6.582387983168124,6.420126173247276,2.220154406208096,0,12345
5.0,0.1,23,25,HCP,0.83,49.33730508407644,49.33730508407644,5.149609274749016e-15,0,12345
5.0,0.1,23,25,Pooling,0.7,39.39124956245357,39.39124956245357,7.141223187966347e-16,0,12345
5.0,0.1,23,25,Repeated,0.74,43.785006754669446,43.785006754669446,5.099853428911227e-15,0,12345
5.0,0.1,23,25,S-HCP-within,0.95,14.726650033087747,14.000530378384319,7.837431809686699,0,12345
5.0,0.1,23,25,Std-CP,0.94,6.625817980626668,6.400196444522359,2.755872173845802,0,12345
5.0,0.1,23,25,Subsampling,0.74,43.850812063732164,43.850812063732164,1.2368961389746705e-15,0,12345
5.0,0.1,23,30,Donor-HCP-no-within,0.94,13.635234167493188,12.77422057559983,7.6571594261156735,0,12345
5.0,0.1,23,30,Donor-HCP-within,0.98,6.364291828608666,6.022086635131909,1.8816429766813785,0,12345
5.0,0.1,23,30,HCP,0.83,49.33730508407644,49.33730508407644,5.149609274749016e-15,0,12345
5.0,0.1,23,30,Pooling,0.7,39.39124956245357,39.39124956245357,7.141223187966347e-16,0,12345
5.0,0.1,23,30,Repeated,0.74,43.785006754669446,43.785006754669446,5.099853428911227e-15,0,12345
5.0,0.1,23,30,S-HCP-within,0.96,14.931168946970322,13.660755066367027,7.679256090224758,0,12345
5.0,0.1,23,30,Std-CP,0.96,6.287052794513455,6.032750697671954,2.012713519447383,0,12345
5.0,0.1,23,30,Subsampling,0.74,43.850812063732164,43.850812063732164,1.2368961389746705e-15,0,12345
5.0,0.1,23,35,Donor-HCP-no-within,0.94,13.996477189465004,13.112113577902237,7.6246704646481005,0,12345
5.0,0.1,23,35,Donor-HCP-within,0.96,6.651745634690618,6.383193214833007,1.7527287644559613,0,12345
5.0,0.1,23,35,HCP,0.83,49.33730508407644,49.33730508407644,5.149609274749016e-15,0,12345
5.0,0.1,23,35,Pooling,0.7,39.39124956245357,39.39124956245357,7.141223187966347e-16,0,12345
5.0,0.1,23,35,Repeated,0.74,43.785006754669446,43.785006754669446,5.099853428911227e-15,0,12345
5.0,0.1,23,35,S-HCP-within,0.99,15.293010341677986,13.948802386869767,7.508901701691699,0,12345
5.0,0.1,23,35,Std-CP,0.97,6.590423827213024,6.188264961370098,1.7725554493902542,0,12345
5.0,0.1,23,35,Subsampling,0.74,43.850812063732164,43.850812063732164,1.2368961389746705e-15,0,12345
5.0,0.1,24,0,Donor-HCP-no-within,0.86,22.345149513486398,22.345149513486398,3.5706115939831736e-16,0,12345
5.0,0.1,24,0,Donor-HCP-within,0.86,22.345149513486398,22.345149513486398,3.5706115939831736e-16,0,12345
5.0,0.1,24,0,HCP,0.86,22.345149513486398,22.345149513486398,3.5706115939831736e-16,0,12345
5.0,0.1,24,0,Pooling,0.75,16.991827876934252,16.991827876934256,3.1331989578411767e-15,0,12345
5.0,0.1,24,0,Repeated,0.79,18.480084520211776,18.480084520211776,0.0,0,12345
5.0,0.1,24,0,S-HCP-within,0.74,17.633020285752977,17.510508962192553,1.9767193706516162,0,12345
5.0,0.1,24,0,Std-CP,1.0,,,,100,12345
5.0,0.1,24,0,Subsampling,0.85,22.05906297674494,22.05906297674494,0.0,0,12345
5.0,0.1,24,5,Donor-HCP-no-within,0.86,20.316397446858222,19.831273577292734,2.011493409451425,0,12345
5.0,0.1,24,5,Donor-HCP-within,0.86,19.421851263113318,18.817095436353412,2.1680590749235638,0,12345
5.0,0.1,24,5,HCP,0.86,22.345149513486398,22.345149513486398,3.5706115939831736e-16,0,12345
5.0,0.1,24,5,Pooling,0.75,16.991827876934252,16.991827876934256,3.1331989578411767e-15,0,12345
5.0,0.1,24,5,Repeated,0.79,18.480084520211776,18.480084520211776,0.0,0,12345
5.0,0.1,24,5,S-HCP-within,0.71,17.05828869233695,16.575910043545864,1.667716184638907,0,12345
5.0,0.1,24,5,Std-CP,0.77,7.003276127643445,5.684262747792145,6.83180912635174,0,12345
5.0,0.1,24,5,Subsampling,0.85,22.05906297674494,22.05906297674494,0.0,0,12345
5.0,0.1,24,10,Donor-HCP-no-within,0.83,19.394272899722726,18.826599479539347,1.9860103896438908,0,12345
5.0,0.1,24,10,Donor-HCP-within,0.98,59.347409475678596,61.84568806324104,12.015611151470466,0,12345
5.0,0.1,24,10,HCP,0.86,22.345149513486398,22.345149513486398,3.5706115939831736e-16,0,12345
5.0,0.1,24,10,Pooling,0.75,16.991827876934252,16.991827876934256,3.1331989578411767e-15,0,12345
5.0,0.1,24,10,Repeated,0.79,18.480084520211776,18.480084520211776,0.0,0,12345
5.0,0.1,24,10,S-HCP-within,0.7,17.148133795310397,16.715776484271082,1.7898013441874114,0,12345
5.0,0.1,24,10,Std-CP,0.93,28.077447131150798,14.389554785546451,33.53085889537248,0,12345
5.0,0.1,24,10,Subsampling,0.85,22.05906297674494,22.05906297674494,0.0,0,12345
5.0,0.1,24,15,Donor-HCP-no-within,0.82,18.342835226712356,17.683971349155712,1.74749188648029,0,12345
5.0,0.1,24,15,Donor-HCP-within,0.83,12.437804012000184,12.440927905045903,1.0607040917026023,0,12345
5.0,0.1,24,15,HCP,0.86,22.345149513486398,22.345149513486398,3.5706115939831736e-16,0,12345
5.0,0.1,24,15,Pooling,0.75,16.991827876934252,16.991827876934256,3.1331989578411767e-15,0,12345
5.0,0.1,24,15,Repeated,0.79,18.480084520211776,18.480084520211776,0.0,0,12345
5.0,0.1,24,15,S-HCP-within,0.7,17.04831064599012,16.319751671829053,1.9810859374249623,0,12345
5.0,0.1,24,15,Std-CP,0.9,9.670796826534511,7.8270684828512955,6.439421248677052,0,12345
5.0,0.1,24,15,Subsampling,0.85,22.05906297674494,22.05906297674494,0.0,0,12345
5.0,0.1,24,20,Donor-HCP-no-within,0.81,17.622024622591,17.03375616889518,2.1239349481733503,0,12345
5.0,0.1,24,20,Donor-HCP-within,0.86,10.591285718528814,10.254830849646897,0.8671780428219223,0,12345
5.0,0.1,24,20,HCP,0.86,22.345149513486398,22.345149513486398,3.5706115939831736e-16,0,12345
5.0,0.1,24,20,Pooling,0.75,16.991827876934252,16.991827876934256,3.1331989578411767e-15,0,12345
5.0,0.1,24,20,Repeated,0.79,18.480084520211776,18.480084520211776,0.0,0,12345
5.0,0.1,24,20,S-HCP-within,0.71,16.78349836711115,16.268650220462774,1.7165657668352219,0,12345
5.0,0.1,24,20,Std-CP,0.93,6.7837595524467735,6.308809117747769,2.559399423732089,0,12345
5.0,0.1,24,20,Subsampling,0.85,22.05906297674494,22.05906297674494,0.0,0,12345
5.0,0.1,24,25,Donor-HCP-no-within,0.95,15.632783754155357,12.866543017172873,9.215334004650849,0,12345
5.0,0.1,24,25,Donor-HCP-within,0.95,6.516722556169686,6.359025370237151,2.128840329027787,0,12345
5.0,0.1,24,25,HCP,0.86,22.345149513486398,22.345149513486398,3.5706115939831736e-16,0,12345
5.0,0.1,24,25,Pooling,0.75,16.991827876934252,16.991827876934256,3.1331989578411767e-15,0,12345
5.0,0.1,24,25,Repeated,0.79,18.480084520211776,18.480084520211776,0.0,0,12345
5.0,0.1,24,25,S-HCP-within,0.95,15.978949296231976,12.21781307263318,9.40840433438349,0,12345
5.0,0.1,24,25,Std-CP,0.92,6.714064420449396,6.191588448354114,2.454587691359633,0,12345
5.0,0.1,24,25,Subsampling,0.85,22.05906297674494,22.05906297674494,0.0,0,12345
5.0,0.1,24,30,Donor-HCP-no-within,0.94,15.20839961433851,12.152721933930852,9.181525470290353,0,12345
5.0,0.1,24,30,Donor-HCP-within,0.93,6.284449398099516,5.96471862055375,1.9657674848612647,0,12345
5.0,0.1,24,30,HCP,0.86,22.345149513486398,22.345149513486398,3.5706115939831736e-16,0,12345
5.0,0.1,24,30,Pooling,0.75,16.991827876934252,16.991827876934256,3.1331989578411767e-15,0,12345
5.0,0.1,24,30,Repeated,0.79,18.480084520211776,18.480084520211776,0.0,0,12345
5.0,0.1,24,30,S-HCP-within,0.96,16.05317572078437,12.840253954436495,9.405387773624673,0,12345
5.0,0.1,24,30,Std-CP,0.96,6.143282116415459,5.876913811056479,1.8613671616975853,0,12345
5.0,0.1,24,30,Subsampling,0.85,22.05906297674494,22.05906297674494,0.0,0,12345
5.0,0.1,24,35,Donor-HCP-no-within,0.94,15.516790679299032,12.402444037769756,9.13283998427165,0,12345
5.0,0.1,24,35,Donor-HCP-within,0.96,6.513493438240471,6.0685100612799765,2.0699217405420027,0,12345
5.0,0.1,24,35,HCP,0.86,22.345149513486398,22.345149513486398,3.5706115939831736e-16,0,12345
5.0,0.1,24,35,Pooling,0.75,16.991827876934252,16.991827876934256,3.1331989578411767e-15,0,12345
5.0,0.1,24,35,Repeated,0.79,18.480084520211776,18.480084520211776,0.0,0,12345
5.0,0.1,24,35,S-HCP-within,0.97,16.491150465948085,13.296199355652792,9.25877257170366,0,12345
5.0,0.1,24,35,Std-CP,0.95,6.262475340355127,6.015819388366727,1.8826384835276255,0,12345
5.0,0.1,24,35,Subsampling,0.85,22.05906297674494,22.05906297674494,0.0,0,12345
5.0,0.1,25,0,Donor-HCP-no-within,0.99,43.18512343563433,43.18512343563433,7.919999646655821e-15,0,12345
5.0,0.1,25,0,Donor-HCP-within,0.99,43.18512343563433,43.18512343563433,7.919999646655821e-15,0,12345
5.0,0.1,25,0,HCP,0.99,43.18512343563433,43.18512343563433,7.919999646655821e-15,0,12345
5.0,0.1,25,0,Pooling,0.94,32.709834421748766,32.709834421748766,0.0,0,12345
5.0,0.1,25,0,Repeated,0.99,38.17297545938211,38.17297545938211,7.591224376936405e-15,0,12345
5.0,0.1,25,0,S-HCP-within,0.93,39.10314807531647,38.936858979169614,2.4304525848415257,0,12345
5.0,0.1,25,0,Std-CP,1.0,,,,100,12345
5.0,0.1,25,0,Subsampling,0.97,34.35679243832931,34.35679243832931,0.0,0,12345
5.0,0.1,25,5,Donor-HCP-no-within,0.92,39.19438795086369,43.125423065156866,9.11664809845074,0,12345
5.0,0.1,25,5,Donor-HCP-within,0.92,33.71519472614727,34.06769155827466,7.612843162739598,0,12345
5.0,0.1,25,5,HCP,0.99,43.18512343563433,43.18512343563433,7.919999646655821e-15,0,12345
5.0,0.1,25,5,Pooling,0.94,32.709834421748766,32.709834421748766,0.0,0,12345
5.0,0.1,25,5,Repeated,0.99,38.17297545938211,38.17297545938211,7.591224376936405e-15,0,12345
5.0,0.1,25,5,S-HCP-within,0.93,36.693466542439126,36.52476837741709,1.8686998943077742,0,12345
5.0,0.1,25,5,Std-CP,0.88,6.623160136411204,5.860294406712391,3.924870662891735,0,12345
5.0,0.1,25,5,Subsampling,0.97,34.35679243832931,34.35679243832931,0.0,0,12345
5.0,0.1,25,10,Donor-HCP-no-within,0.94,39.11974842097323,41.53227622325955,7.09669563937854,0,12345
5.0,0.1,25,10,Donor-HCP-within,0.9,25.902616555303165,25.165515707424635,4.890101537191906,0,12345
5.0,0.1,25,10,HCP,0.99,43.18512343563433,43.18512343563433,7.919999646655821e-15,0,12345
5.0,0.1,25,10,Pooling,0.94,32.709834421748766,32.709834421748766,0.0,0,12345
5.0,0.1,25,10,Repeated,0.99,38.17297545938211,38.17297545938211,7.591224376936405e-15,0,12345
5.0,0.1,25,10,S-HCP-within,0.94,36.55236664260494,36.52476837741709,1.7573070898174776,0,12345
5.0,0.1,25,10,Std-CP,0.82,21.819546386235405,9.481511053385207,41.331935656963175,0,12345
5.0,0.1,25,10,Subsampling,0.97,34.35679243832931,34.35679243832931,0.0,0,12345
5.0,0.1,25,15,Donor-HCP-no-within,0.93,34.726256752036456,34.40031844999536,8.05846798165182,0,12345
5.0,0.1,25,15,Donor-HCP-within,0.96,22.19767693631478,22.42900030621103,4.371563193759514,0,12345
5.0,0.1,25,15,HCP,0.99,43.18512343563433,43.18512343563433,7.919999646655821e-15,0,12345
5.0,0.1,25,15,Pooling,0.94,32.709834421748766,32.709834421748766,0.0,0,12345
5.0,0.1,25,15,Repeated,0.99,38.17297545938211,38.17297545938211,7.591224376936405e-15,0,12345
5.0,0.1,25,15,S-HCP-within,0.95,35.504213663338284,34.693261372211936,1.8763442390661977,0,12345
5.0,0.1,25,15,Std-CP,0.91,9.167900948819176,7.866691718226601,5.028989381775654,0,12345
5.0,0.1,25,15,Subsampling,0.97,34.35679243832931,34.35679243832931,0.0,0,12345
5.0,0.1,25,20,Donor-HCP-no-within,0.89,27.874349794041645,29.19634073414025,5.962188540589879,0,12345
5.0,0.1,25,20,Donor-HCP-within,0.92,15.072191741870629,14.760550377374852,2.7989816968722194,0,12345
5.0,0.1,25,20,HCP,0.99,43.18512343563433,43.18512343563433,7.919999646655821e-15,0,12345
5.0,0.1,25,20,Pooling,0.94,32.709834421748766,32.709834421748766,0.0,0,12345
5.0,0.1,25,20,Repeated,0.99,38.17297545938211,38.17297545938211,7.591224376936405e-15,0,12345
5.0,0.1,25,20,S-HCP-within,0.94,30.470741316560588,29.120488208168695,3.750248332646857,0,12345
5.0,0.1,25,20,Std-CP,0.9,6.98397684290908,6.70276188182484,2.8127392798723534,0,12345
5.0,0.1,25,20,Subsampling,0.97,34.35679243832931,34.35679243832931,0.0,0,12345
5.0,0.1,25,25,Donor-HCP-no-within,0.89,14.269689161934991,13.323688010713417,6.379993728203076,0,12345
5.0,0.1,25,25,Donor-HCP-within,0.91,6.785097867398388,6.605451485688399,2.1032841861134344,0,12345
5.0,0.1,25,25,HCP,0.99,43.18512343563433,43.18512343563433,7.919999646655821e-15,0,12345
5.0,0.1,25,25,Pooling,0.94,32.709834421748766,32.709834421748766,0.0,0,12345
5.0,0.1,25,25,Repeated,0.99,38.17297545938211,38.17297545938211,7.591224376936405e-15,0,12345
5.0,0.1,25,25,S-HCP-within,0.89,14.691834946512762,13.480283579299273,6.510781472821714,0,12345
5.0,0.1,25,25,Std-CP,0.91,6.646185669683266,6.331874534498703,2.318983150092548,0,12345
5.0,0.1,25,25,Subsampling,0.97,34.35679243832931,34.35679243832931,0.0,0,12345
5.0,0.1,25,30,Donor-HCP-no-within,0.86,13.781535314393231,13.114724885041083,6.337124801206231,0,12345
5.0,0.1,25,30,Donor-HCP-within,0.92,6.494189456419399,6.1867070680610405,2.0874287049906624,0,12345
5.0,0.1,25,30,HCP,0.99,43.18512343563433,43.18512343563433,7.919999646655821e-15,0,12345
5.0,0.1,25,30,Pooling,0.94,32.709834421748766,32.709834421748766,0.0,0,12345
5.0,0.1,25,30,Repeated,0.99,38.17297545938211,38.17297545938211,7.591224376936405e-15,0,12345
5.0,0.1,25,30,S-HCP-within,0.91,14.950721780535314,14.772227150984715,6.690121006476699,0,12345
5.0,0.1,25,30,Std-CP,0.91,6.557077330385891,6.3009446254638615,2.424737443585055,0,12345
5.0,0.1,25,30,Subsampling,0.97,34.35679243832931,34.35679243832931,0.0,0,12345
5.0,0.1,25,35,Donor-HCP-no-within,0.87,14.012238046523473,13.267916174699026,6.230646062262387,0,12345
5.0,0.1,25,35,Donor-HCP-within,0.94,6.553414974764604,6.227356684960623,1.9358247596447835,0,12345
5.0,0.1,25,35,HCP,0.99,43.18512343563433,43.18512343563433,7.919999646655821e-15,0,12345
5.0,0.1,25,35,Pooling,0.94,32.709834421748766,32.709834421748766,0.0,0,12345
5.0,0.1,25,35,Repeated,0.99,38.17297545938211,38.17297545938211,7.591224376936405e-15,0,12345
5.0,0.1,25,35,S-HCP-within,0.9,15.14071740569633,14.904127373226878,6.502309018403702,0,12345
5.0,0.1,25,35,Std-CP,0.92,6.350030659670243,6.20664129987577,1.8307117369744859,0,12345
5.0,0.1,25,35,Subsampling,0.97,34.35679243832931,34.35679243832931,0.0,0,12345
5.0,0.1,26,0,Donor-HCP-no-within,0.9,22.95838698262956,22.95838698262956,3.4618363805618884e-15,0,12345
5.0,0.1,26,0,Donor-HCP-within,0.9,22.95838698262956,22.95838698262956,3.4618363805618884e-15,0,12345
5.0,0.1,26,0,HCP,0.9,22.95838698262956,22.95838698262956,3.4618363805618884e-15,0,12345
5.0,0.1,26,0,Pooling,0.78,18.620646257396533,18.620646257396533,2.0511601988091347e-15,0,12345
5.0,0.1,26,0,Repeated,0.82,20.387381052299386,20.387381052299386,2.0820064439692786e-15,0,12345
5.0,0.1,26,0,S-HCP-within,0.93,25.927252326095278,26.64025291389008,1.679976997221624,0,12345
5.0,0.1,26,0,Std-CP,1.0,,,,100,12345
5.0,0.1,26,0,Subsampling,0.81,19.536612646575925,19.536612646575925,8.746176474924478e-16,0,12345
5.0,0.1,26,5,Donor-HCP-no-within,0.76,18.63259222626735,18.833807637110574,3.323682616215034,0,12345
5.0,0.1,26,5,Donor-HCP-within,0.75,16.69429940207265,17.418721445799306,2.76382634639871,0,12345
5.0,0.1,26,5,HCP,0.9,22.95838698262956,22.95838698262956,3.4618363805618884e-15,0,12345
5.0,0.1,26,5,Pooling,0.78,18.620646257396533,18.620646257396533,2.0511601988091347e-15,0,12345
5.0,0.1,26,5,Repeated,0.82,20.387381052299386,20.387381052299386,2.0820064439692786e-15,0,12345
5.0,0.1,26,5,S-HCP-within,0.94,25.517827486097755,25.447725771185205,0.884738404116036,0,12345
5.0,0.1,26,5,Std-CP,0.71,5.835694576205742,4.783245390442602,5.2200270832833935,0,12345
5.0,0.1,26,5,Subsampling,0.81,19.536612646575925,19.536612646575925,8.746176474924478e-16,0,12345
5.0,0.1,26,10,Donor-HCP-no-within,0.8,18.96137291561408,20.058657818451618,3.0629090293262435,0,12345
5.0,0.1,26,10,Donor-HCP-within,0.98,44.5221797248434,45.57042771858482,3.7873181590453577,0,12345
5.0,0.1,26,10,HCP,0.9,22.95838698262956,22.95838698262956,3.4618363805618884e-15,0,12345
5.0,0.1,26,10,Pooling,0.78,18.620646257396533,18.620646257396533,2.0511601988091347e-15,0,12345
5.0,0.1,26,10,Repeated,0.82,20.387381052299386,20.387381052299386,2.0820064439692786e-15,0,12345
5.0,0.1,26,10,S-HCP-within,0.95,25.637424152620984,25.483307305658055,0.7843176786047742,0,12345
5.0,0.1,26,10,Std-CP,0.89,29.886515051660705,14.0148410706465,35.51133412268516,0,12345
5.0,0.1,26,10,Subsampling,0.81,19.536612646575925,19.536612646575925,8.746176474924478e-16,0,12345
5.0,0.1,26,15,Donor-HCP-no-within,0.73,18.267159042742897,19.337983211904472,3.076404355219199,0,12345
5.0,0.1,26,15,Donor-HCP-within,0.73,12.085066297950075,12.307224097474506,1.9426927447728315,0,12345
5.0,0.1,26,15,HCP,0.9,22.95838698262956,22.95838698262956,3.4618363805618884e-15,0,12345
5.0,0.1,26,15,Pooling,0.78,18.620646257396533,18.620646257396533,2.0511601988091347e-15,0,12345
5.0,0.1,26,15,Repeated,0.82,20.387381052299386,20.387381052299386,2.0820064439692786e-15,0,12345
5.0,0.1,26,15,S-HCP-within,0.94,25.536861742557562,25.412144236712347,0.8266349127777088,0,12345
5.0,0.1,26,15,Std-CP,0.81,9.325855290091944,7.676419745859484,6.567146576206438,0,12345
5.0,0.1,26,15,Subsampling,0.81,19.536612646575925,19.536612646575925,8.746176474924478e-16,0,12345
5.0,0.1,26,20,Donor-HCP-no-within,0.72,17.025062358469963,17.245762847591795,3.1240640612397557,0,12345
5.0,0.1,26,20,Donor-HCP-within,0.78,9.874058995085663,10.312124161759103,1.5130478154441578,0,12345
5.0,0.1,26,20,HCP,0.9,22.95838698262956,22.95838698262956,3.4618363805618884e-15,0,12345
5.0,0.1,26,20,Pooling,0.78,18.620646257396533,18.620646257396533,2.0511601988091347e-15,0,12345
5.0,0.1,26,20,Repeated,0.82,20.387381052299386,20.387381052299386,2.0820064439692786e-15,0,12345
5.0,0.1,26,20,S-HCP-within,0.95,25.3496370386839,25.2240999899173,0.6811699720450523,0,12345
5.0,0.1,26,20,Std-CP,0.88,6.850579981657768,6.4123433074712395,2.736463596441977,0,12345
5.0,0.1,26,20,Subsampling,0.81,19.536612646575925,19.536612646575925,8.746176474924478e-16,0,12345
5.0,0.1,26,25,Donor-HCP-no-within,0.91,14.241761821248716,12.37066312919633,7.116689363347759,0,12345
5.0,0.1,26,25,Donor-HCP-within,0.87,6.774525928546699,6.475226282533332,2.798191337102787,0,12345
5.0,0.1,26,25,HCP,0.9,22.95838698262956,22.95838698262956,3.4618363805618884e-15,0,12345
5.0,0.1,26,25,Pooling,0.78,18.620646257396533,18.620646257396533,2.0511601988091347e-15,0,12345
5.0,0.1,26,25,Repeated,0.82,20.387381052299386,20.387381052299386,2.0820064439692786e-15,0,12345
5.0,0.1,26,25,S-HCP-within,0.89,14.733911941551094,13.406188166630152,7.1833163941240175,0,12345
5.0,0.1,26,25,Std-CP,0.93,6.365435116083781,5.9737082067421285,2.1991914786583924,0,12345
5.0,0.1,26,25,Subsampling,0.81,19.536612646575925,19.536612646575925,8.746176474924478e-16,0,12345
5.0,0.1,26,30,Donor-HCP-no-within,0.88,13.924158233698094,12.248167420609901,7.067603432961072,0,12345
5.0,0.1,26,30,Donor-HCP-within,0.88,6.362977835862393,6.355659936715938,2.073444171056816,0,12345
5.0,0.1,26,30,HCP,0.9,22.95838698262956,22.95838698262956,3.4618363805618884e-15,0,12345
5.0,0.1,26,30,Pooling,0.78,18.620646257396533,18.620646257396533,2.0511601988091347e-15,0,12345
5.0,0.1,26,30,Repeated,0.82,20.387381052299386,20.387381052299386,2.0820064439692786e-15,0,12345
5.0,0.1,26,30,S-HCP-within,0.91,14.976752925143604,13.882482271879049,7.206131179115098,0,12345
5.0,0.1,26,30,Std-CP,0.94,6.353138604401605,6.170708061910668,2.106383614910181,0,12345
5.0,0.1,26,30,Subsampling,0.81,19.536612646575925,19.536612646575925,8.746176474924478e-16,0,12345
5.0,0.1,26,35,Donor-HCP-no-within,0.89,14.101128238308796,12.431045650192349,7.099479643348259,0,12345
5.0,0.1,26,35,Donor-HCP-within,0.89,6.54938033735497,6.267549535508885,1.9842656149164435,0,12345
5.0,0.1,26,35,HCP,0.9,22.95838698262956,22.95838698262956,3.4618363805618884e-15,0,12345
5.0,0.1,26,35,Pooling,0.78,18.620646257396533,18.620646257396533,2.0511601988091347e-15,0,12345
5.0,0.1,26,35,Repeated,0.82,20.387381052299386,20.387381052299386,2.0820064439692786e-15,0,12345
5.0,0.1,26,35,S-HCP-within,0.91,15.079985545796049,14.086051566903556,7.155016782855935,0,12345
5.0,0.1,26,35,Std-CP,0.93,6.495288414683286,6.11092460430475,2.104040854159708,0,12345
5.0,0.1,26,35,Subsampling,0.81,19.536612646575925,19.536612646575925,8.746176474924478e-16,0,12345
5.0,0.1,27,0,Donor-HCP-no-within,1.0,38.794616449587636,38.794616449587636,0.0,0,12345
5.0,0.1,27,0,Donor-HCP-within,1.0,38.794616449587636,38.794616449587636,0.0,0,12345
5.0,0.1,27,0,HCP,1.0,38.794616449587636,38.794616449587636,0.0,0,12345
5.0,0.1,27,0,Pooling,0.94,27.0777094409827,27.0777094409827,3.2529819763906252e-15,0,12345
5.0,0.1,27,0,Repeated,0.98,32.89927678095913,32.89927678095913,0.0,0,12345
5.0,0.1,27,0,S-HCP-within,0.98,25.736849234432324,25.79588156961645,1.894740108173793,0,12345
5.0,0.1,27,0,Std-CP,1.0,,,,100,12345
5.0,0.1,27,0,Subsampling,0.99,36.35644351708115,36.35644351708115,4.1023203976182695e-15,0,12345
5.0,0.1,27,5,Donor-HCP-no-within,0.98,33.35641349333112,32.61477887648341,3.850260932064775,0,12345
5.0,0.1,27,5,Donor-HCP-within,0.99,28.986479513933464,29.024523395542936,3.512323053789782,0,12345
5.0,0.1,27,5,HCP,1.0,38.794616449587636,38.794616449587636,0.0,0,12345
5.0,0.1,27,5,Pooling,0.94,27.0777094409827,27.0777094409827,3.2529819763906252e-15,0,12345
5.0,0.1,27,5,Repeated,0.98,32.89927678095913,32.89927678095913,0.0,0,12345
5.0,0.1,27,5,S-HCP-within,1.0,24.966523179926707,25.057338301774344,0.9721598578247039,0,12345
5.0,0.1,27,5,Std-CP,0.65,6.201118241602386,4.828043571188722,4.202328008623259,0,12345
5.0,0.1,27,5,Subsampling,0.99,36.35644351708115,36.35644351708115,4.1023203976182695e-15,0,12345
5.0,0.1,27,10,Donor-HCP-no-within,0.98,30.12974011752057,29.64570824696206,3.5034039980250244,0,12345
5.0,0.1,27,10,Donor-HCP-within,0.98,47.48515434616076,50.40355990333134,8.017137633299164,0,12345
5.0,0.1,27,10,HCP,1.0,38.794616449587636,38.794616449587636,0.0,0,12345
5.0,0.1,27,10,Pooling,0.94,27.0777094409827,27.0777094409827,3.2529819763906252e-15,0,12345
5.0,0.1,27,10,Repeated,0.98,32.89927678095913,32.89927678095913,0.0,0,12345
5.0,0.1,27,10,S-HCP-within,1.0,24.966519428649658,25.057338301774344,0.6010595783013148,0,12345
5.0,0.1,27,10,Std-CP,0.83,74.56803640763957,13.776989953771388,195.89059432306271,0,12345
5.0,0.1,27,10,Subsampling,0.99,36.35644351708115,36.35644351708115,4.1023203976182695e-15,0,12345
5.0,0.1,27,15,Donor-HCP-no-within,0.98,28.05849717466716,27.045547350064957,3.0029636196615703,0,12345
5.0,0.1,27,15,Donor-HCP-within,0.99,18.954103395467165,18.975073478562578,2.0400299962739217,0,12345
5.0,0.1,27,15,HCP,1.0,38.794616449587636,38.794616449587636,0.0,0,12345
5.0,0.1,27,15,Pooling,0.94,27.0777094409827,27.0777094409827,3.2529819763906252e-15,0,12345
5.0,0.1,27,15,Repeated,0.98,32.89927678095913,32.89927678095913,0.0,0,12345
5.0,0.1,27,15,S-HCP-within,1.0,24.799671532341605,24.912665347313002,0.584010955033443,0,12345
5.0,0.1,27,15,Std-CP,0.9,8.189986762057258,6.986848726140831,4.482430884831661,0,12345
5.0,0.1,27,15,Subsampling,0.99,36.35644351708115,36.35644351708115,4.1023203976182695e-15,0,12345
5.0,0.1,27,20,Donor-HCP-no-within,0.96,25.202889858182267,25.0490745514984,2.9718271203844515,0,12345
5.0,0.1,27,20,Donor-HCP-within,0.96,15.144207805553297,14.916606510428231,1.5428432809209203,0,12345
5.0,0.1,27,20,HCP,1.0,38.794616449587636,38.794616449587636,0.0,0,12345
5.0,0.1,27,20,Pooling,0.94,27.0777094409827,27.0777094409827,3.2529819763906252e-15,0,12345
5.0,0.1,27,20,Repeated,0.98,32.89927678095913,32.89927678095913,0.0,0,12345
5.0,0.1,27,20,S-HCP-within,1.0,24.598290596513976,24.53697581567631,0.5416064268753739,0,12345
5.0,0.1,27,20,Std-CP,0.91,6.681638635353696,6.1484844551575835,2.751052529993214,0,12345
5.0,0.1,27,20,Subsampling,0.99,36.35644351708115,36.35644351708115,4.1023203976182695e-15,0,12345
5.0,0.1,27,25,Donor-HCP-no-within,0.91,12.326229120476647,12.123558800020225,6.165688430253951,0,12345
5.0,0.1,27,25,Donor-HCP-within,0.94,6.615139948783645,5.9914969570468735,2.3712145836359424,0,12345
5.0,0.1,27,25,HCP,1.0,38.794616449587636,38.794616449587636,0.0,0,12345
5.0,0.1,27,25,Pooling,0.94,27.0777094409827,27.0777094409827,3.2529819763906252e-15,0,12345
5.0,0.1,27,25,Repeated,0.98,32.89927678095913,32.89927678095913,0.0,0,12345
5.0,0.1,27,25,S-HCP-within,0.93,12.793956395980626,12.406874776642706,6.423647929180298,0,12345
5.0,0.1,27,25,Std-CP,0.94,6.744206150579264,6.371053401902322,2.2559519256187954,0,12345
5.0,0.1,27,25,Subsampling,0.99,36.35644351708115,36.35644351708115,4.1023203976182695e-15,0,12345
5.0,0.1,27,30,Donor-HCP-no-within,0.89,11.971791397230733,11.572436355006612,6.205452167043082,0,12345
5.0,0.1,27,30,Donor-HCP-within,0.91,6.361222815540599,5.937688135157784,2.104647399288834,0,12345
5.0,0.1,27,30,HCP,1.0,38.794616449587636,38.794616449587636,0.0,0,12345
5.0,0.1,27,30,Pooling,0.94,27.0777094409827,27.0777094409827,3.2529819763906252e-15,0,12345
5.0,0.1,27,30,Repeated,0.98,32.89927678095913,32.89927678095913,0.0,0,12345
5.0,0.1,27,30,S-HCP-within,0.95,13.095457995118231,12.23880575735523,6.347809542846866,0,12345
5.0,0.1,27,30,Std-CP,0.93,6.488789648720109,6.252636009442843,2.0897559710016953,0,12345
5.0,0.1,27,30,Subsampling,0.99,36.35644351708115,36.35644351708115,4.1023203976182695e-15,0,12345
5.0,0.1,27,35,Donor-HCP-no-within,0.91,12.228425097849243,11.695506649516766,6.156081660783332,0,12345
5.0,0.1,27,35,Donor-HCP-within,0.96,6.309535496565541,5.92244326987861,2.0985394785866403,0,12345
5.0,0.1,27,35,HCP,1.0,38.794616449587636,38.794616449587636,0.0,0,12345
5.0,0.1,27,35,Pooling,0.94,27.0777094409827,27.0777094409827,3.2529819763906252e-15,0,12345
5.0,0.1,27,35,Repeated,0.98,32.89927678095913,32.89927678095913,0.0,0,12345
5.0,0.1,27,35,S-HCP-within,0.96,13.288582360900978,12.348370574987154,6.078189267146547,0,12345
5.0,0.1,27,35,Std-CP,0.95,6.213584349449783,6.065068149647013,2.0052779688878317,0,12345
5.0,0.1,27,35,Subsampling,0.99,36.35644351708115,36.35644351708115,4.1023203976182695e-15,0,12345
5.0,0.1,28,0,Donor-HCP-no-within,0.97,24.348304411441454,24.348304411441454,1.820661819318084e-15,0,12345
5.0,0.1,28,0,Donor-HCP-within,0.97,24.348304411441454,24.348304411441454,1.820661819318084e-15,0,12345
5.0,0.1,28,0,HCP,0.97,24.348304411441454,24.348304411441454,1.820661819318084e-15,0,12345
5.0,0.1,28,0,Pooling,0.88,18.662694584690293,18.662694584690293,1.287402318687254e-15,0,12345
5.0,0.1,28,0,Repeated,0.92,20.323693622833915,20.323693622833915,0.0,0,12345
5.0,0.1,28,0,S-HCP-within,0.96,31.800085040567765,31.937248024736473,3.9736379670031003,0,12345
5.0,0.1,28,0,Std-CP,1.0,,,,100,12345
5.0,0.1,28,0,Subsampling,0.85,17.944526556738825,17.944526556738825,2.574804637374508e-15,0,12345
5.0,0.1,28,5,Donor-HCP-no-within,0.93,27.201396792478693,28.70723529864746,3.0979014927885813,0,12345
5.0,0.1,28,5,Donor-HCP-within,0.94,25.0371929886986,25.53788677898467,2.341065542046035,0,12345
5.0,0.1,28,5,HCP,0.97,24.348304411441454,24.348304411441454,1.820661819318084e-15,0,12345
5.0,0.1,28,5,Pooling,0.88,18.662694584690293,18.662694584690293,1.287402318687254e-15,0,12345
5.0,0.1,28,5,Repeated,0.92,20.323693622833915,20.323693622833915,0.0,0,12345
5.0,0.1,28,5,S-HCP-within,0.96,28.891176418845326,28.25326665285504,2.259295418787559,0,12345
5.0,0.1,28,5,Std-CP,0.79,6.589344990150791,5.514032407281608,5.60235159150106,0,12345
5.0,0.1,28,5,Subsampling,0.85,17.944526556738825,17.944526556738825,2.574804637374508e-15,0,12345
5.0,0.1,28,10,Donor-HCP-no-within,0.93,25.981054661109475,27.132011465435077,3.083107372034448,0,12345
5.0,0.1,28,10,Donor-HCP-within,0.97,304.31407889195305,340.4483529442902,103.58294951219139,0,12345
5.0,0.1,28,10,HCP,0.97,24.348304411441454,24.348304411441454,1.820661819318084e-15,0,12345
5.0,0.1,28,10,Pooling,0.88,18.662694584690293,18.662694584690293,1.287402318687254e-15,0,12345
5.0,0.1,28,10,Repeated,0.92,20.323693622833915,20.323693622833915,0.0,0,12345
5.0,0.1,28,10,S-HCP-within,0.97,28.403560352020563,28.25326665285504,1.9249436519484773,0,12345
5.0,0.1,28,10,Std-CP,0.88,62.768172620795575,16.08368609494007,310.2001140784005,0,12345
5.0,0.1,28,10,Subsampling,0.85,17.944526556738825,17.944526556738825,2.574804637374508e-15,0,12345
5.0,0.1,28,15,Donor-HCP-no-within,0.89,25.297281327035776,26.24666988738712,2.556085262014842,0,12345
5.0,0.1,28,15,Donor-HCP-within,0.88,16.38359376042411,17.234895899842524,1.79420026302054,0,12345
5.0,0.1,28,15,HCP,0.97,24.348304411441454,24.348304411441454,1.820661819318084e-15,0,12345
5.0,0.1,28,15,Pooling,0.88,18.662694584690293,18.662694584690293,1.287402318687254e-15,0,12345
5.0,0.1,28,15,Repeated,0.92,20.323693622833915,20.323693622833915,0.0,0,12345
5.0,0.1,28,15,S-HCP-within,0.95,28.062510164611954,27.677752881577266,1.4155578046777695,0,12345
5.0,0.1,28,15,Std-CP,0.91,9.616849376205174,7.909448517093101,5.52451795071868,0,12345
5.0,0.1,28,15,Subsampling,0.85,17.944526556738825,17.944526556738825,2.574804637374508e-15,0,12345
5.0,0.1,28,20,Donor-HCP-no-within,0.92,23.83999641517862,25.523995622487952,3.4627035332380642,0,12345
5.0,0.1,28,20,Donor-HCP-within,0.89,13.17383645690033,13.822218492877006,1.6958524509381927,0,12345
5.0,0.1,28,20,HCP,0.97,24.348304411441454,24.348304411441454,1.820661819318084e-15,0,12345
5.0,0.1,28,20,Pooling,0.88,18.662694584690293,18.662694584690293,1.287402318687254e-15,0,12345
5.0,0.1,28,20,Repeated,0.92,20.323693622833915,20.323693622833915,0.0,0,12345
5.0,0.1,28,20,S-HCP-within,0.96,27.47733617604479,27.130559474296888,1.199840516623079,0,12345
5.0,0.1,28,20,Std-CP,0.93,7.3396934488338,6.952734732103664,2.956151425910065,0,12345
5.0,0.1,28,20,Subsampling,0.85,17.944526556738825,17.944526556738825,2.574804637374508e-15,0,12345
5.0,0.1,28,25,Donor-HCP-no-within,0.96,15.03893781699127,14.087442903146236,6.173114300249321,0,12345
5.0,0.1,28,25,Donor-HCP-within,0.99,7.218118177864052,6.688343780122357,2.6652280091741054,0,12345
5.0,0.1,28,25,HCP,0.97,24.348304411441454,24.348304411441454,1.820661819318084e-15,0,12345
5.0,0.1,28,25,Pooling,0.88,18.662694584690293,18.662694584690293,1.287402318687254e-15,0,12345
5.0,0.1,28,25,Repeated,0.92,20.323693622833915,20.323693622833915,0.0,0,12345
5.0,0.1,28,25,S-HCP-within,0.96,15.787845447068394,15.04595202457774,6.423190577234033,0,12345
5.0,0.1,28,25,Std-CP,0.99,7.330342886091201,6.947044383987727,2.4169532192247734,0,12345
5.0,0.1,28,25,Subsampling,0.85,17.944526556738825,17.944526556738825,2.574804637374508e-15,0,12345
5.0,0.1,28,30,Donor-HCP-no-within,0.93,14.377882879525245,13.243195332276674,6.13408115921189,0,12345
5.0,0.1,28,30,Donor-HCP-within,1.0,6.912889043692298,6.509733638383511,2.490698376444544,0,12345
5.0,0.1,28,30,HCP,0.97,24.348304411441454,24.348304411441454,1.820661819318084e-15,0,12345
5.0,0.1,28,30,Pooling,0.88,18.662694584690293,18.662694584690293,1.287402318687254e-15,0,12345
5.0,0.1,28,30,Repeated,0.92,20.323693622833915,20.323693622833915,0.0,0,12345
5.0,0.1,28,30,S-HCP-within,0.97,15.763892968706948,15.076447712094147,6.423345827420405,0,12345
5.0,0.1,28,30,Std-CP,0.96,6.864549716195006,6.712095027352493,2.037062488023219,0,12345
5.0,0.1,28,30,Subsampling,0.85,17.944526556738825,17.944526556738825,2.574804637374508e-15,0,12345
5.0,0.1,28,35,Donor-HCP-no-within,0.94,14.692051289677442,13.343948938686195,6.057054718232306,0,12345
5.0,0.1,28,35,Donor-HCP-within,0.98,6.629161876480578,6.375980343181634,1.9908340684025276,0,12345
5.0,0.1,28,35,HCP,0.97,24.348304411441454,24.348304411441454,1.820661819318084e-15,0,12345
5.0,0.1,28,35,Pooling,0.88,18.662694584690293,18.662694584690293,1.287402318687254e-15,0,12345
5.0,0.1,28,35,Repeated,0.92,20.323693622833915,20.323693622833915,0.0,0,12345
5.0,0.1,28,35,S-HCP-within,0.96,16.11469968823311,15.576807634409555,6.129753266659257,0,12345
5.0,0.1,28,35,Std-CP,0.97,6.748889895723669,6.416508178633756,2.2341289656497363,0,12345
5.0,0.1,28,35,Subsampling,0.85,17.944526556738825,17.944526556738825,2.574804637374508e-15,0,12345
5.0,0.1,29,0,Donor-HCP-no-within,1.0,48.17553152335231,48.17553152335231,4.4596924514966064e-15,0,12345
5.0,0.1,29,0,Donor-HCP-within,1.0,48.17553152335231,48.17553152335231,4.4596924514966064e-15,0,12345
5.0,0.1,29,0,HCP,1.0,48.17553152335231,48.17553152335231,4.4596924514966064e-15,0,12345
5.0,0.1,29,0,Pooling,1.0,41.65200803138067,41.65200803138067,4.1023203976182695e-15,0,12345
5.0,0.1,29,0,Repeated,1.0,46.01418462970916,46.01418462970916,0.0,0,12345
5.0,0.1,29,0,S-HCP-within,0.9,35.67167559795336,34.81378388717842,4.071694632660186,0,12345
5.0,0.1,29,0,Std-CP,1.0,,,,100,12345
5.0,0.1,29,0,Subsampling,1.0,41.65200803138067,41.65200803138067,4.1023203976182695e-15,0,12345
5.0,0.1,29,5,Donor-HCP-no-within,1.0,38.07065166360043,37.74107990850639,5.628539064813871,0,12345
5.0,0.1,29,5,Donor-HCP-within,0.99,33.61932853209486,34.342847795186444,5.255090705515253,0,12345
5.0,0.1,29,5,HCP,1.0,48.17553152335231,48.17553152335231,4.4596924514966064e-15,0,12345
5.0,0.1,29,5,Pooling,1.0,41.65200803138067,41.65200803138067,4.1023203976182695e-15,0,12345
5.0,0.1,29,5,Repeated,1.0,46.01418462970916,46.01418462970916,0.0,0,12345
5.0,0.1,29,5,S-HCP-within,0.92,34.119295387028146,33.79371558714435,2.2796737969542464,0,12345
5.0,0.1,29,5,Std-CP,0.68,5.73147101749262,5.089921131501152,3.735151130934882,0,12345
5.0,0.1,29,5,Subsampling,1.0,41.65200803138067,41.65200803138067,4.1023203976182695e-15,0,12345
5.0,0.1,29,10,Donor-HCP-no-within,0.98,35.27020623462846,34.547538284817065,6.109780619483864,0,12345
5.0,0.1,29,10,Donor-HCP-within,0.96,26.67391409319997,26.46678593794627,3.053897502589477,0,12345
5.0,0.1,29,10,HCP,1.0,48.17553152335231,48.17553152335231,4.4596924514966064e-15,0,12345
5.0,0.1,29,10,Pooling,1.0,41.65200803138067,41.65200803138067,4.1023203976182695e-15,0,12345
5.0,0.1,29,10,Repeated,1.0,46.01418462970916,46.01418462970916,0.0,0,12345
5.0,0.1,29,10,S-HCP-within,0.87,34.08993742811711,33.644788856773744,2.285231332167953,0,12345
5.0,0.1,29,10,Std-CP,0.88,45.171112905381726,11.618789379272613,206.9333826186951,0,12345
5.0,0.1,29,10,Subsampling,1.0,41.65200803138067,41.65200803138067,4.1023203976182695e-15,0,12345
5.0,0.1,29,15,Donor-HCP-no-within,0.96,34.67011602155319,34.68508184447055,5.916735843717024,0,12345
5.0,0.1,29,15,Donor-HCP-within,0.98,22.086973604131085,22.695104614050322,2.8409410786891525,0,12345
5.0,0.1,29,15,HCP,1.0,48.17553152335231,48.17553152335231,4.4596924514966064e-15,0,12345
5.0,0.1,29,15,Pooling,1.0,41.65200803138067,41.65200803138067,4.1023203976182695e-15,0,12345
5.0,0.1,29,15,Repeated,1.0,46.01418462970916,46.01418462970916,0.0,0,12345
5.0,0.1,29,15,S-HCP-within,0.86,33.97499370674914,33.63983648315482,2.1439848789148814,0,12345
5.0,0.1,29,15,Std-CP,0.9,9.34181944438139,7.280219117267324,7.200416223221663,0,12345
5.0,0.1,29,15,Subsampling,1.0,41.65200803138067,41.65200803138067,4.1023203976182695e-15,0,12345
5.0,0.1,29,20,Donor-HCP-no-within,0.98,33.13711906478911,32.411476007773025,4.634538751361285,0,12345
5.0,0.1,29,20,Donor-HCP-within,0.98,17.22697039668764,17.099892653686346,2.333891159444396,0,12345
5.0,0.1,29,20,HCP,1.0,48.17553152335231,48.17553152335231,4.4596924514966064e-15,0,12345
5.0,0.1,29,20,Pooling,1.0,41.65200803138067,41.65200803138067,4.1023203976182695e-15,0,12345
5.0,0.1,29,20,Repeated,1.0,46.01418462970916,46.01418462970916,0.0,0,12345
5.0,0.1,29,20,S-HCP-within,0.85,33.340215154618825,33.05953430781594,1.9530176556145686,0,12345
5.0,0.1,29,20,Std-CP,0.93,7.441111918530931,6.888075056650391,3.0992620988437363,0,12345
5.0,0.1,29,20,Subsampling,1.0,41.65200803138067,41.65200803138067,4.1023203976182695e-15,0,12345
5.0,0.1,29,25,Donor-HCP-no-within,0.84,15.663808487114377,13.488338405046328,7.821391146106237,0,12345
5.0,0.1,29,25,Donor-HCP-within,0.89,6.358271686578104,6.1499044515495935,2.1577639589661795,0,12345
5.0,0.1,29,25,HCP,1.0,48.17553152335231,48.17553152335231,4.4596924514966064e-15,0,12345
5.0,0.1,29,25,Pooling,1.0,41.65200803138067,41.65200803138067,4.1023203976182695e-15,0,12345
5.0,0.1,29,25,Repeated,1.0,46.01418462970916,46.01418462970916,0.0,0,12345
5.0,0.1,29,25,S-HCP-within,0.86,16.238965358892088,14.702317884333551,7.847689965857007,0,12345
5.0,0.1,29,25,Std-CP,0.91,6.940047013673336,6.745978511764733,2.4375019475552504,0,12345
5.0,0.1,29,25,Subsampling,1.0,41.65200803138067,41.65200803138067,4.1023203976182695e-15,0,12345
5.0,0.1,29,30,Donor-HCP-no-within,0.8,15.161556553138535,13.130149313703718,7.760259163786973,0,12345
5.0,0.1,29,30,Donor-HCP-within,0.9,6.052498957295903,5.853666471629593,1.9862258168457874,0,12345
5.0,0.1,29,30,HCP,1.0,48.17553152335231,48.17553152335231,4.4596924514966064e-15,0,12345
5.0,0.1,29,30,Pooling,1.0,41.65200803138067,41.65200803138067,4.1023203976182695e-15,0,12345
5.0,0.1,29,30,Repeated,1.0,46.01418462970916,46.01418462970916,0.0,0,12345
5.0,0.1,29,30,S-HCP-within,0.87,16.55937500994742,14.110019024460287,8.048890616903886,0,12345
5.0,0.1,29,30,Std-CP,0.9,6.5486896464709075,6.106151844046931,2.4255879113600938,0,12345
5.0,0.1,29,30,Subsampling,1.0,41.65200803138067,41.65200803138067,4.1023203976182695e-15,0,12345
5.0,0.1,29,35,Donor-HCP-no-within,0.81,15.470984526636471,13.525785259650288,7.715788868332048,0,12345
5.0,0.1,29,35,Donor-HCP-within,0.91,6.164240414582604,5.8973940760341685,1.9277102072106296,0,12345
5.0,0.1,29,35,HCP,1.0,48.17553152335231,48.17553152335231,4.4596924514966064e-15,0,12345
5.0,0.1,29,35,Pooling,1.0,41.65200803138067,41.65200803138067,4.1023203976182695e-15,0,12345
5.0,0.1,29,35,Repeated,1.0,46.01418462970916,46.01418462970916,0.0,0,12345
5.0,0.1,29,35,S-HCP-within,0.87,16.818513704290996,14.722025882013039,8.017790648087436,0,12345
5.0,0.1,29,35,Std-CP,0.95,6.35688437095331,5.932717378736289,2.036014789529053,0,12345
5.0,0.1,29,35,Subsampling,1.0,41.65200803138067,41.65200803138067,4.1023203976182695e-15,0,12345
5.0,0.1,30,0,Donor-HCP-no-within,0.94,27.347569890550407,27.347569890550407,2.8787190989755475e-15,0,12345
5.0,0.1,30,0,Donor-HCP-within,0.94,27.347569890550407,27.347569890550407,2.8787190989755475e-15,0,12345
5.0,0.1,30,0,HCP,0.94,27.347569890550407,27.347569890550407,2.8787190989755475e-15,0,12345
5.0,0.1,30,0,Pooling,0.82,20.24173222638761,20.24173222638761,0.0,0,12345
5.0,0.1,30,0,Repeated,0.87,24.462491656459015,24.462491656459015,1.4282446375932695e-15,0,12345
5.0,0.1,30,0,S-HCP-within,0.99,35.55305228246562,35.54167436589453,1.703510496710723,0,12345
5.0,0.1,30,0,Std-CP,1.0,,,,100,12345
5.0,0.1,30,0,Subsampling,0.87,24.387520909961907,24.38752090996191,2.9007785717557725e-15,0,12345
5.0,0.1,30,5,Donor-HCP-no-within,0.89,21.767528700420627,21.41975838653969,1.4278917809559377,0,12345
5.0,0.1,30,5,Donor-HCP-within,0.9,20.076919444410233,20.216672914988706,1.3161284747135773,0,12345
5.0,0.1,30,5,HCP,0.94,27.347569890550407,27.347569890550407,2.8787190989755475e-15,0,12345
5.0,0.1,30,5,Pooling,0.82,20.24173222638761,20.24173222638761,0.0,0,12345
5.0,0.1,30,5,Repeated,0.87,24.462491656459015,24.462491656459015,1.4282446375932695e-15,0,12345
5.0,0.1,30,5,S-HCP-within,0.99,34.59422765665702,34.74912267495365,0.827678900765921,0,12345
5.0,0.1,30,5,Std-CP,0.71,6.375920699534223,5.485139243736764,4.729671303020648,0,12345
5.0,0.1,30,5,Subsampling,0.87,24.387520909961907,24.38752090996191,2.9007785717557725e-15,0,12345
5.0,0.1,30,10,Donor-HCP-no-within,0.86,20.59239620571889,20.006918738164423,1.4834762622730593,0,12345
5.0,0.1,30,10,Donor-HCP-within,1.0,230.775927417536,253.71833348826982,65.8720192439046,0,12345
5.0,0.1,30,10,HCP,0.94,27.347569890550407,27.347569890550407,2.8787190989755475e-15,0,12345
5.0,0.1,30,10,Pooling,0.82,20.24173222638761,20.24173222638761,0.0,0,12345
5.0,0.1,30,10,Repeated,0.87,24.462491656459015,24.462491656459015,1.4282446375932695e-15,0,12345
5.0,0.1,30,10,S-HCP-within,0.98,34.61124308546963,34.744879502119375,0.6825560772046684,0,12345
5.0,0.1,30,10,Std-CP,0.8,32.04164407594689,14.14794315364954,53.43389230394227,0,12345
5.0,0.1,30,10,Subsampling,0.87,24.387520909961907,24.38752090996191,2.9007785717557725e-15,0,12345
5.0,0.1,30,15,Donor-HCP-no-within,0.87,19.528206875503756,19.376553260900785,1.795736372093834,0,12345
5.0,0.1,30,15,Donor-HCP-within,0.85,13.851030289180517,13.589713648869814,1.239855109251524,0,12345
5.0,0.1,30,15,HCP,0.94,27.347569890550407,27.347569890550407,2.8787190989755475e-15,0,12345
5.0,0.1,30,15,Pooling,0.82,20.24173222638761,20.24173222638761,0.0,0,12345
5.0,0.1,30,15,Repeated,0.87,24.462491656459015,24.462491656459015,1.4282446375932695e-15,0,12345
5.0,0.1,30,15,S-HCP-within,0.99,34.70110605222399,34.72804324395203,0.3734165067145992,0,12345
5.0,0.1,30,15,Std-CP,0.92,10.216470123656213,8.200956519818504,6.27329611901092,0,12345
5.0,0.1,30,15,Subsampling,0.87,24.387520909961907,24.38752090996191,2.9007785717557725e-15,0,12345
5.0,0.1,30,20,Donor-HCP-no-within,0.84,18.369510015625238,17.565695346023023,1.883729156183992,0,12345
5.0,0.1,30,20,Donor-HCP-within,0.87,10.864892768826717,10.589035213135054,1.1025211137347697,0,12345
5.0,0.1,30,20,HCP,0.94,27.347569890550407,27.347569890550407,2.8787190989755475e-15,0,12345
5.0,0.1,30,20,Pooling,0.82,20.24173222638761,20.24173222638761,0.0,0,12345
5.0,0.1,30,20,Repeated,0.87,24.462491656459015,24.462491656459015,1.4282446375932695e-15,0,12345
5.0,0.1,30,20,S-HCP-within,0.98,34.58590813782934,34.70760270433026,0.36481008960243816,0,12345
5.0,0.1,30,20,Std-CP,0.9,7.260338854057749,6.182426419347967,3.6249094477629695,0,12345
5.0,0.1,30,20,Subsampling,0.87,24.387520909961907,24.38752090996191,2.9007785717557725e-15,0,12345
5.0,0.1,30,25,Donor-HCP-no-within,0.92,15.405791429750522,13.563587304532529,7.797591187483532,0,12345
5.0,0.1,30,25,Donor-HCP-within,0.92,6.8482500708352525,6.047269873005051,2.480572187528565,0,12345
5.0,0.1,30,25,HCP,0.94,27.347569890550407,27.347569890550407,2.8787190989755475e-15,0,12345
5.0,0.1,30,25,Pooling,0.82,20.24173222638761,20.24173222638761,0.0,0,12345
5.0,0.1,30,25,Repeated,0.87,24.462491656459015,24.462491656459015,1.4282446375932695e-15,0,12345
5.0,0.1,30,25,S-HCP-within,0.94,15.806771390568963,14.056851791007654,7.874787708960587,0,12345
5.0,0.1,30,25,Std-CP,0.88,6.257278577607862,6.116934273316268,1.7366488364238561,0,12345
5.0,0.1,30,25,Subsampling,0.87,24.387520909961907,24.38752090996191,2.9007785717557725e-15,0,12345
5.0,0.1,30,30,Donor-HCP-no-within,0.92,14.806563493758713,12.966933214891776,7.627766493787693,0,12345
5.0,0.1,30,30,Donor-HCP-within,0.91,6.301693094271302,6.252497060611713,1.8970891368721856,0,12345
5.0,0.1,30,30,HCP,0.94,27.347569890550407,27.347569890550407,2.8787190989755475e-15,0,12345
5.0,0.1,30,30,Pooling,0.82,20.24173222638761,20.24173222638761,0.0,0,12345
5.0,0.1,30,30,Repeated,0.87,24.462491656459015,24.462491656459015,1.4282446375932695e-15,0,12345
5.0,0.1,30,30,S-HCP-within,0.98,15.93818027319536,14.160622971019695,7.795133155778767,0,12345
5.0,0.1,30,30,Std-CP,0.96,6.2739051278571845,6.124863855355539,1.8761811348440993,0,12345
5.0,0.1,30,30,Subsampling,0.87,24.387520909961907,24.38752090996191,2.9007785717557725e-15,0,12345
5.0,0.1,30,35,Donor-HCP-no-within,0.92,15.011193008512418,12.966933214891776,7.663367982955299,0,12345
5.0,0.1,30,35,Donor-HCP-within,0.92,6.376862966980403,6.098913643514801,1.8728803483583538,0,12345
5.0,0.1,30,35,HCP,0.94,27.347569890550407,27.347569890550407,2.8787190989755475e-15,0,12345
5.0,0.1,30,35,Pooling,0.82,20.24173222638761,20.24173222638761,0.0,0,12345
5.0,0.1,30,35,Repeated,0.87,24.462491656459015,24.462491656459015,1.4282446375932695e-15,0,12345
5.0,0.1,30,35,S-HCP-within,0.97,16.030360008594457,14.308887291006002,7.715939104151376,0,12345
5.0,0.1,30,35,Std-CP,0.93,6.580236908344685,6.212469167126785,1.891867085817335,0,12345
5.0,0.1,30,35,Subsampling,0.87,24.387520909961907,24.38752090996191,2.9007785717557725e-15,0,12345
5.0,0.1,31,0,Donor-HCP-no-within,0.91,25.924306292721283,25.924306292721287,4.314386404394848e-15,0,12345
5.0,0.1,31,0,Donor-HCP-within,0.91,25.924306292721283,25.924306292721287,4.314386404394848e-15,0,12345
5.0,0.1,31,0,HCP,0.91,25.924306292721283,25.924306292721287,4.314386404394848e-15,0,12345
5.0,0.1,31,0,Pooling,0.73,17.26215446544923,17.26215446544923,0.0,0,12345
5.0,0.1,31,0,Repeated,0.84,20.814884119792385,20.814884119792385,4.314386404394848e-15,0,12345
5.0,0.1,31,0,S-HCP-within,0.9,43.97819984191091,43.16426047406242,2.5182542935408336,0,12345
5.0,0.1,31,0,Std-CP,1.0,,,,100,12345
5.0,0.1,31,0,Subsampling,0.78,18.634094322559086,18.634094322559086,0.0,0,12345
5.0,0.1,31,5,Donor-HCP-no-within,0.95,36.86449739249328,38.061725202580355,7.206553718087761,0,12345
5.0,0.1,31,5,Donor-HCP-within,0.95,33.50082004226535,34.19379375965562,6.124590451784817,0,12345
5.0,0.1,31,5,HCP,0.91,25.924306292721283,25.924306292721287,4.314386404394848e-15,0,12345
5.0,0.1,31,5,Pooling,0.73,17.26215446544923,17.26215446544923,0.0,0,12345
5.0,0.1,31,5,Repeated,0.84,20.814884119792385,20.814884119792385,4.314386404394848e-15,0,12345
5.0,0.1,31,5,S-HCP-within,0.93,42.425279048759876,42.425721306171496,2.0581712081841683,0,12345
5.0,0.1,31,5,Std-CP,0.78,6.973842851121455,5.299838987917346,5.805749906326186,0,12345
5.0,0.1,31,5,Subsampling,0.78,18.634094322559086,18.634094322559086,0.0,0,12345
5.0,0.1,31,10,Donor-HCP-no-within,0.95,36.02216753645399,36.67402798096308,7.399855052893013,0,12345
5.0,0.1,31,10,Donor-HCP-within,0.91,30.55400206425481,30.049018628007435,3.8862819995762696,0,12345
5.0,0.1,31,10,HCP,0.91,25.924306292721283,25.924306292721287,4.314386404394848e-15,0,12345
5.0,0.1,31,10,Pooling,0.73,17.26215446544923,17.26215446544923,0.0,0,12345
5.0,0.1,31,10,Repeated,0.84,20.814884119792385,20.814884119792385,4.314386404394848e-15,0,12345
5.0,0.1,31,10,S-HCP-within,0.92,41.83102926225808,41.8793976164535,2.1381036778905234,0,12345
5.0,0.1,31,10,Std-CP,0.75,23.39286115317935,12.222392697433694,35.65241146593751,0,12345
5.0,0.1,31,10,Subsampling,0.78,18.634094322559086,18.634094322559086,0.0,0,12345
5.0,0.1,31,15,Donor-HCP-no-within,0.89,34.32805893973751,33.856962769672506,6.468706525343582,0,12345
5.0,0.1,31,15,Donor-HCP-within,0.9,21.81781686891402,21.360658358735325,4.053875896386614,0,12345
5.0,0.1,31,15,HCP,0.91,25.924306292721283,25.924306292721287,4.314386404394848e-15,0,12345
5.0,0.1,31,15,Pooling,0.73,17.26215446544923,17.26215446544923,0.0,0,12345
5.0,0.1,31,15,Repeated,0.84,20.814884119792385,20.814884119792385,4.314386404394848e-15,0,12345
5.0,0.1,31,15,S-HCP-within,0.92,41.60980729284525,40.16595727483502,2.1667190716164715,0,12345
5.0,0.1,31,15,Std-CP,0.86,9.419626666272759,7.654982085547921,6.620029991665916,0,12345
5.0,0.1,31,15,Subsampling,0.78,18.634094322559086,18.634094322559086,0.0,0,12345
5.0,0.1,31,20,Donor-HCP-no-within,0.85,32.96511572493574,32.41732123138936,6.739900771669267,0,12345
5.0,0.1,31,20,Donor-HCP-within,0.87,17.00834122690038,17.174359191304163,3.0969935036683442,0,12345
5.0,0.1,31,20,HCP,0.91,25.924306292721283,25.924306292721287,4.314386404394848e-15,0,12345
5.0,0.1,31,20,Pooling,0.73,17.26215446544923,17.26215446544923,0.0,0,12345
5.0,0.1,31,20,Repeated,0.84,20.814884119792385,20.814884119792385,4.314386404394848e-15,0,12345
5.0,0.1,31,20,S-HCP-within,0.87,36.28764407194247,33.74687434435448,4.523182655283161,0,12345
5.0,0.1,31,20,Std-CP,0.89,7.222891804083325,6.579538503817137,2.6928595642806124,0,12345
5.0,0.1,31,20,Subsampling,0.78,18.634094322559086,18.634094322559086,0.0,0,12345
5.0,0.1,31,25,Donor-HCP-no-within,0.9,15.309824422897485,14.849222306759422,6.566278375348786,0,12345
5.0,0.1,31,25,Donor-HCP-within,0.9,6.941961649451208,6.515777595894335,2.3121252656610447,0,12345
5.0,0.1,31,25,HCP,0.91,25.924306292721283,25.924306292721287,4.314386404394848e-15,0,12345
5.0,0.1,31,25,Pooling,0.73,17.26215446544923,17.26215446544923,0.0,0,12345
5.0,0.1,31,25,Repeated,0.84,20.814884119792385,20.814884119792385,4.314386404394848e-15,0,12345
5.0,0.1,31,25,S-HCP-within,0.89,15.719589348974644,14.867227669473287,6.7758950233714765,0,12345
5.0,0.1,31,25,Std-CP,0.92,6.741723468994931,6.221881595406934,2.5980812738253785,0,12345
5.0,0.1,31,25,Subsampling,0.78,18.634094322559086,18.634094322559086,0.0,0,12345
5.0,0.1,31,30,Donor-HCP-no-within,0.89,14.786546385755926,14.555136229461148,6.5098715375930425,0,12345
5.0,0.1,31,30,Donor-HCP-within,0.93,6.901894098673258,6.326261508821902,2.293051623382648,0,12345
5.0,0.1,31,30,HCP,0.91,25.924306292721283,25.924306292721287,4.314386404394848e-15,0,12345
5.0,0.1,31,30,Pooling,0.73,17.26215446544923,17.26215446544923,0.0,0,12345
5.0,0.1,31,30,Repeated,0.84,20.814884119792385,20.814884119792385,4.314386404394848e-15,0,12345
5.0,0.1,31,30,S-HCP-within,0.94,16.250839918196796,15.568077217036997,6.94482020849478,0,12345
5.0,0.1,31,30,Std-CP,0.94,6.8080446627032405,6.488017117123484,2.3903856957454352,0,12345
5.0,0.1,31,30,Subsampling,0.78,18.634094322559086,18.634094322559086,0.0,0,12345
5.0,0.1,31,35,Donor-HCP-no-within,0.9,15.073332962680677,14.882901883739862,6.472954396093383,0,12345
5.0,0.1,31,35,Donor-HCP-within,0.93,6.830084195023328,6.478033663260058,2.0626848611609163,0,12345
5.0,0.1,31,35,HCP,0.91,25.924306292721283,25.924306292721287,4.314386404394848e-15,0,12345
5.0,0.1,31,35,Pooling,0.73,17.26215446544923,17.26215446544923,0.0,0,12345
5.0,0.1,31,35,Repeated,0.84,20.814884119792385,20.814884119792385,4.314386404394848e-15,0,12345
5.0,0.1,31,35,S-HCP-within,0.93,16.468143158755723,15.881234593541304,6.802797786203267,0,12345
5.0,0.1,31,35,Std-CP,0.95,6.582298277106719,6.256648909447982,1.942795326648323,0,12345
5.0,0.1,31,35,Subsampling,0.78,18.634094322559086,18.634094322559086,0.0,0,12345
5.0,0.1,32,0,Donor-HCP-no-within,0.97,36.47693670132262,36.47693670132262,3.778780122433364e-15,0,12345
5.0,0.1,32,0,Donor-HCP-within,0.97,36.47693670132262,36.47693670132262,3.778780122433364e-15,0,12345
5.0,0.1,32,0,HCP,0.97,36.47693670132262,36.47693670132262,3.778780122433364e-15,0,12345
5.0,0.1,32,0,Pooling,0.94,29.267207956197407,29.26720795619741,0.0,0,12345
5.0,0.1,32,0,Repeated,0.95,32.178800493262,32.178800493262,0.0,0,12345
5.0,0.1,32,0,S-HCP-within,0.85,35.26904682605182,35.85224601501275,3.1778774766265516,0,12345
5.0,0.1,32,0,Std-CP,1.0,,,,100,12345
5.0,0.1,32,0,Subsampling,0.96,33.558925604681285,33.558925604681285,3.710688416924011e-15,0,12345
5.0,0.1,32,5,Donor-HCP-no-within,0.97,30.282860699142557,30.63460735675484,4.816527743047992,0,12345
5.0,0.1,32,5,Donor-HCP-within,0.98,26.63671904224496,26.17009787905242,3.8059328608925376,0,12345
5.0,0.1,32,5,HCP,0.97,36.47693670132262,36.47693670132262,3.778780122433364e-15,0,12345
5.0,0.1,32,5,Pooling,0.94,29.267207956197407,29.26720795619741,0.0,0,12345
5.0,0.1,32,5,Repeated,0.95,32.178800493262,32.178800493262,0.0,0,12345
5.0,0.1,32,5,S-HCP-within,0.86,34.00396354077788,33.588730808611814,2.2578250794704995,0,12345
5.0,0.1,32,5,Std-CP,0.7,6.394574465333822,5.530231309277865,4.457993103340445,0,12345
5.0,0.1,32,5,Subsampling,0.96,33.558925604681285,33.558925604681285,3.710688416924011e-15,0,12345
5.0,0.1,32,10,Donor-HCP-no-within,0.95,28.357660407412546,29.16954872626421,4.623851995664897,0,12345
5.0,0.1,32,10,Donor-HCP-within,0.92,22.793436417295972,23.702735607871233,2.2393575018899017,0,12345
5.0,0.1,32,10,HCP,0.97,36.47693670132262,36.47693670132262,3.778780122433364e-15,0,12345
5.0,0.1,32,10,Pooling,0.94,29.267207956197407,29.26720795619741,0.0,0,12345
5.0,0.1,32,10,Repeated,0.95,32.178800493262,32.178800493262,0.0,0,12345
5.0,0.1,32,10,S-HCP-within,0.86,33.676304605634556,32.58407887511264,2.259554175703609,0,12345
5.0,0.1,32,10,Std-CP,0.69,36.5673951840336,12.59436814856001,82.33946054848067,0,12345
5.0,0.1,32,10,Subsampling,0.96,33.558925604681285,33.558925604681285,3.710688416924011e-15,0,12345
5.0,0.1,32,15,Donor-HCP-no-within,0.94,27.38255736246341,28.80016013213681,4.626624378206431,0,12345
5.0,0.1,32,15,Donor-HCP-within,0.89,15.94790714978142,15.934718148369363,2.321160961434282,0,12345
5.0,0.1,32,15,HCP,0.97,36.47693670132262,36.47693670132262,3.778780122433364e-15,0,12345
5.0,0.1,32,15,Pooling,0.94,29.267207956197407,29.26720795619741,0.0,0,12345
5.0,0.1,32,15,Repeated,0.95,32.178800493262,32.178800493262,0.0,0,12345
5.0,0.1,32,15,S-HCP-within,0.87,33.57190359283224,32.58407887511264,2.279419324594573,0,12345
5.0,0.1,32,15,Std-CP,0.85,8.678518179567604,7.225460006350486,6.256537036655333,0,12345
5.0,0.1,32,15,Subsampling,0.96,33.558925604681285,33.558925604681285,3.710688416924011e-15,0,12345
5.0,0.1,32,20,Donor-HCP-no-within,0.91,26.098864400351868,26.81004795220884,3.254644395591531,0,12345
5.0,0.1,32,20,Donor-HCP-within,0.93,13.680082748530888,13.972789848155616,2.2392117498041433,0,12345
5.0,0.1,32,20,HCP,0.97,36.47693670132262,36.47693670132262,3.778780122433364e-15,0,12345
5.0,0.1,32,20,Pooling,0.94,29.267207956197407,29.26720795619741,0.0,0,12345
5.0,0.1,32,20,Repeated,0.95,32.178800493262,32.178800493262,0.0,0,12345
5.0,0.1,32,20,S-HCP-within,0.87,33.09518180194475,32.24178358306443,2.1331278845174393,0,12345
5.0,0.1,32,20,Std-CP,0.92,6.955770045350988,6.114286125505657,2.9903197903042606,0,12345
5.0,0.1,32,20,Subsampling,0.96,33.558925604681285,33.558925604681285,3.710688416924011e-15,0,12345
5.0,0.1,32,25,Donor-HCP-no-within,0.9,15.2693870878352,14.308356255348645,6.4654478184535655,0,12345
5.0,0.1,32,25,Donor-HCP-within,0.96,6.82859385421446,6.314769690513482,2.562031119729685,0,12345
5.0,0.1,32,25,HCP,0.97,36.47693670132262,36.47693670132262,3.778780122433364e-15,0,12345
5.0,0.1,32,25,Pooling,0.94,29.267207956197407,29.26720795619741,0.0,0,12345
5.0,0.1,32,25,Repeated,0.95,32.178800493262,32.178800493262,0.0,0,12345
5.0,0.1,32,25,S-HCP-within,0.91,15.989337149708028,15.072249768849556,6.5954373268199875,0,12345
5.0,0.1,32,25,Std-CP,0.95,6.875391887834954,6.337739663585587,2.541251146932068,0,12345
5.0,0.1,32,25,Subsampling,0.96,33.558925604681285,33.558925604681285,3.710688416924011e-15,0,12345
5.0,0.1,32,30,Donor-HCP-no-within,0.9,14.74075766927385,14.028653636550255,6.255786850315797,0,12345
5.0,0.1,32,30,Donor-HCP-within,0.95,6.621112869391593,6.153663243798462,2.6541591056272456,0,12345
5.0,0.1,32,30,HCP,0.97,36.47693670132262,36.47693670132262,3.778780122433364e-15,0,12345
5.0,0.1,32,30,Pooling,0.94,29.267207956197407,29.26720795619741,0.0,0,12345
5.0,0.1,32,30,Repeated,0.95,32.178800493262,32.178800493262,0.0,0,12345
5.0,0.1,32,30,S-HCP-within,0.94,16.26555280195656,15.072249768849556,6.349692899509652,0,12345
5.0,0.1,32,30,Std-CP,0.92,6.604163764296848,6.191343125919664,2.528975059518129,0,12345
5.0,0.1,32,30,Subsampling,0.96,33.558925604681285,33.558925604681285,3.710688416924011e-15,0,12345
5.0,0.1,32,35,Donor-HCP-no-within,0.9,15.08558011835779,14.294532811656815,6.31332672306363,0,12345
5.0,0.1,32,35,Donor-HCP-within,0.97,6.633594540775494,6.284004527920753,2.404753358117615,0,12345
5.0,0.1,32,35,HCP,0.97,36.47693670132262,36.47693670132262,3.778780122433364e-15,0,12345
5.0,0.1,32,35,Pooling,0.94,29.267207956197407,29.26720795619741,0.0,0,12345
5.0,0.1,32,35,Repeated,0.95,32.178800493262,32.178800493262,0.0,0,12345
5.0,0.1,32,35,S-HCP-within,0.95,16.769179599540006,15.605359438132268,6.532875592541144,0,12345
5.0,0.1,32,35,Std-CP,0.93,6.433117124179407,5.9060304486448505,2.2638591771839764,0,12345
5.0,0.1,32,35,Subsampling,0.96,33.558925604681285,33.558925604681285,3.710688416924011e-15,0,12345
5.0,0.1,33,0,Donor-HCP-no-within,0.87,26.285957017467318,26.285957017467318,0.0,0,12345
5.0,0.1,33,0,Donor-HCP-within,0.87,26.285957017467318,26.285957017467318,0.0,0,12345
5.0,0.1,33,0,HCP,0.87,26.285957017467318,26.285957017467318,0.0,0,12345
5.0,0.1,33,0,Pooling,0.79,20.159107349493844,20.159107349493844,0.0,0,12345
5.0,0.1,33,0,Repeated,0.82,22.643579162001238,22.643579162001238,2.856489275186539e-15,0,12345
5.0,0.1,33,0,S-HCP-within,0.81,17.350875607890675,16.653536620327593,3.793602522827409,0,12345
5.0,0.1,33,0,Std-CP,1.0,,,,100,12345
5.0,0.1,33,0,Subsampling,0.79,20.300546086114714,20.300546086114714,0.0,0,12345
5.0,0.1,33,5,Donor-HCP-no-within,0.88,26.439487572525163,23.978183716093554,5.522078853173946,0,12345
5.0,0.1,33,5,Donor-HCP-within,0.88,23.48069079502272,20.534333609135942,5.936633227884156,0,12345
5.0,0.1,33,5,HCP,0.87,26.285957017467318,26.285957017467318,0.0,0,12345
5.0,0.1,33,5,Pooling,0.79,20.159107349493844,20.159107349493844,0.0,0,12345
5.0,0.1,33,5,Repeated,0.82,22.643579162001238,22.643579162001238,2.856489275186539e-15,0,12345
5.0,0.1,33,5,S-HCP-within,0.8,15.607289574869293,15.245532581820575,2.159141813031853,0,12345
5.0,0.1,33,5,Std-CP,0.8,6.595302448953015,5.18632639953013,4.669756043505326,0,12345
5.0,0.1,33,5,Subsampling,0.79,20.300546086114714,20.300546086114714,0.0,0,12345
5.0,0.1,33,10,Donor-HCP-no-within,0.88,24.369590684609854,22.590641476926184,4.828696358149429,0,12345
5.0,0.1,33,10,Donor-HCP-within,0.98,46.81905761269708,47.464609188380706,6.685806284381197,0,12345
5.0,0.1,33,10,HCP,0.87,26.285957017467318,26.285957017467318,0.0,0,12345
5.0,0.1,33,10,Pooling,0.79,20.159107349493844,20.159107349493844,0.0,0,12345
5.0,0.1,33,10,Repeated,0.82,22.643579162001238,22.643579162001238,2.856489275186539e-15,0,12345
5.0,0.1,33,10,S-HCP-within,0.8,15.461547082323314,14.846110938246085,1.9714367603342993,0,12345
5.0,0.1,33,10,Std-CP,0.85,27.732586816566545,12.434433321469456,53.59026414151382,0,12345
5.0,0.1,33,10,Subsampling,0.79,20.300546086114714,20.300546086114714,0.0,0,12345
5.0,0.1,33,15,Donor-HCP-no-within,0.86,21.826312432176387,20.89357069410545,5.033499311478053,0,12345
5.0,0.1,33,15,Donor-HCP-within,0.85,14.141520245561741,13.454971636325226,2.8431992831166664,0,12345
5.0,0.1,33,15,HCP,0.87,26.285957017467318,26.285957017467318,0.0,0,12345
5.0,0.1,33,15,Pooling,0.79,20.159107349493844,20.159107349493844,0.0,0,12345
5.0,0.1,33,15,Repeated,0.82,22.643579162001238,22.643579162001238,2.856489275186539e-15,0,12345
5.0,0.1,33,15,S-HCP-within,0.81,15.40527955009351,14.665695873577075,2.003634935747738,0,12345
5.0,0.1,33,15,Std-CP,0.88,7.998051294273009,6.861784897369305,4.112574392947093,0,12345
5.0,0.1,33,15,Subsampling,0.79,20.300546086114714,20.300546086114714,0.0,0,12345
5.0,0.1,33,20,Donor-HCP-no-within,0.84,21.009747871091417,20.128426339324967,5.147848138719236,0,12345
5.0,0.1,33,20,Donor-HCP-within,0.8,11.179316806805819,10.668463193271954,2.0625160542221597,0,12345
5.0,0.1,33,20,HCP,0.87,26.285957017467318,26.285957017467318,0.0,0,12345
5.0,0.1,33,20,Pooling,0.79,20.159107349493844,20.159107349493844,0.0,0,12345
5.0,0.1,33,20,Repeated,0.82,22.643579162001238,22.643579162001238,2.856489275186539e-15,0,12345
5.0,0.1,33,20,S-HCP-within,0.76,15.111596580189744,14.416640610138792,1.729141445833064,0,12345
5.0,0.1,33,20,Std-CP,0.9,7.0365160080048375,6.359297385427295,3.2030488249288007,0,12345
5.0,0.1,33,20,Subsampling,0.79,20.300546086114714,20.300546086114714,0.0,0,12345
5.0,0.1,33,25,Donor-HCP-no-within,0.93,14.979870706795314,13.951729515245898,6.518607381982219,0,12345
5.0,0.1,33,25,Donor-HCP-within,0.93,6.907401112932676,6.756211882310595,2.3107204529541776,0,12345
5.0,0.1,33,25,HCP,0.87,26.285957017467318,26.285957017467318,0.0,0,12345
5.0,0.1,33,25,Pooling,0.79,20.159107349493844,20.159107349493844,0.0,0,12345
5.0,0.1,33,25,Repeated,0.82,22.643579162001238,22.643579162001238,2.856489275186539e-15,0,12345
5.0,0.1,33,25,S-HCP-within,0.95,15.511330949707624,14.864361276835595,6.539829579429307,0,12345
5.0,0.1,33,25,Std-CP,0.95,7.004015330920445,7.030607567322544,2.452327411665643,0,12345
5.0,0.1,33,25,Subsampling,0.79,20.300546086114714,20.300546086114714,0.0,0,12345
5.0,0.1,33,30,Donor-HCP-no-within,0.91,14.522626763396467,13.585773153246237,6.572299573306629,0,12345
5.0,0.1,33,30,Donor-HCP-within,0.99,6.827307666902238,6.622129028986814,2.1759498468052016,0,12345
5.0,0.1,33,30,HCP,0.87,26.285957017467318,26.285957017467318,0.0,0,12345
5.0,0.1,33,30,Pooling,0.79,20.159107349493844,20.159107349493844,0.0,0,12345
5.0,0.1,33,30,Repeated,0.82,22.643579162001238,22.643579162001238,2.856489275186539e-15,0,12345
5.0,0.1,33,30,S-HCP-within,0.94,15.845359764823998,14.80098728361633,6.553691704635312,0,12345
5.0,0.1,33,30,Std-CP,0.94,6.594818889797755,6.315268211907766,1.9321729996189427,0,12345
5.0,0.1,33,30,Subsampling,0.79,20.300546086114714,20.300546086114714,0.0,0,12345
5.0,0.1,33,35,Donor-HCP-no-within,0.94,14.8171195945989,13.837552321796181,6.558313548848844,0,12345
5.0,0.1,33,35,Donor-HCP-within,0.97,6.804683902478884,6.535444438010049,1.8112559682209217,0,12345
5.0,0.1,33,35,HCP,0.87,26.285957017467318,26.285957017467318,0.0,0,12345
5.0,0.1,33,35,Pooling,0.79,20.159107349493844,20.159107349493844,0.0,0,12345
5.0,0.1,33,35,Repeated,0.82,22.643579162001238,22.643579162001238,2.856489275186539e-15,0,12345
5.0,0.1,33,35,S-HCP-within,0.94,15.92630642874823,15.062021306003098,6.576915135772563,0,12345
5.0,0.1,33,35,Std-CP,0.96,6.951267276629554,6.739163712284503,2.146965538208675,0,12345
5.0,0.1,33,35,Subsampling,0.79,20.300546086114714,20.300546086114714,0.0,0,12345
5.0,0.1,34,0,Donor-HCP-no-within,0.83,17.66428648076451,17.66428648076451,0.0,0,12345
5.0,0.1,34,0,Donor-HCP-within,0.83,17.66428648076451,17.66428648076451,0.0,0,12345
5.0,0.1,34,0,HCP,0.83,17.66428648076451,17.66428648076451,0.0,0,12345
5.0,0.1,34,0,Pooling,0.68,13.60000016567719,13.60000016567719,1.3119264712386716e-15,0,12345
5.0,0.1,34,0,Repeated,0.77,15.27062572162463,15.27062572162463,1.3478763183615572e-15,0,12345
5.0,0.1,34,0,S-HCP-within,0.73,14.152762602222255,14.153072561945137,2.2743364128200154,0,12345
5.0,0.1,34,0,Std-CP,1.0,,,,100,12345
5.0,0.1,34,0,Subsampling,0.69,13.624339838191334,13.624339838191332,1.1431534819946198e-15,0,12345
5.0,0.1,34,5,Donor-HCP-no-within,0.79,16.27994930679902,16.05353093548301,1.0216036984288888,0,12345
5.0,0.1,34,5,Donor-HCP-within,0.84,15.211927825103647,15.365592396290928,0.9729459158950899,0,12345
5.0,0.1,34,5,HCP,0.83,17.66428648076451,17.66428648076451,0.0,0,12345
5.0,0.1,34,5,Pooling,0.68,13.60000016567719,13.60000016567719,1.3119264712386716e-15,0,12345
5.0,0.1,34,5,Repeated,0.77,15.27062572162463,15.27062572162463,1.3478763183615572e-15,0,12345
5.0,0.1,34,5,S-HCP-within,0.76,13.556600966458161,13.24765655360962,1.6766300185399265,0,12345
5.0,0.1,34,5,Std-CP,0.77,6.645614817865958,5.255738067349794,4.525327570571129,0,12345
5.0,0.1,34,5,Subsampling,0.69,13.624339838191334,13.624339838191332,1.1431534819946198e-15,0,12345
5.0,0.1,34,10,Donor-HCP-no-within,0.76,15.584700657203484,15.215475672563052,1.137771861818311,0,12345
5.0,0.1,34,10,Donor-HCP-within,0.7,12.184652395731867,11.820875433970624,1.148705658299436,0,12345
5.0,0.1,34,10,HCP,0.83,17.66428648076451,17.66428648076451,0.0,0,12345
5.0,0.1,34,10,Pooling,0.68,13.60000016567719,13.60000016567719,1.3119264712386716e-15,0,12345
5.0,0.1,34,10,Repeated,0.77,15.27062572162463,15.27062572162463,1.3478763183615572e-15,0,12345
5.0,0.1,34,10,S-HCP-within,0.71,13.695418874150901,13.330781552227808,1.5843845031916561,0,12345
5.0,0.1,34,10,Std-CP,0.77,596.2658406315905,10.163912667634381,5773.385221782641,0,12345
5.0,0.1,34,10,Subsampling,0.69,13.624339838191334,13.624339838191332,1.1431534819946198e-15,0,12345
5.0,0.1,34,15,Donor-HCP-no-within,0.76,14.837572146840023,14.229663211005779,1.3617333949220687,0,12345
5.0,0.1,34,15,Donor-HCP-within,0.72,9.563424508633183,9.270131520581248,1.1255308020103583,0,12345
5.0,0.1,34,15,HCP,0.83,17.66428648076451,17.66428648076451,0.0,0,12345
5.0,0.1,34,15,Pooling,0.68,13.60000016567719,13.60000016567719,1.3119264712386716e-15,0,12345
5.0,0.1,34,15,Repeated,0.77,15.27062572162463,15.27062572162463,1.3478763183615572e-15,0,12345
5.0,0.1,34,15,S-HCP-within,0.73,13.655498410285515,13.268383073411293,1.5497753195507538,0,12345
5.0,0.1,34,15,Std-CP,0.9,9.094790515233075,7.692456249553103,4.988777600097117,0,12345
5.0,0.1,34,15,Subsampling,0.69,13.624339838191334,13.624339838191332,1.1431534819946198e-15,0,12345
5.0,0.1,34,20,Donor-HCP-no-within,0.73,14.296984208516887,13.669936954048808,1.584626547198665,0,12345
5.0,0.1,34,20,Donor-HCP-within,0.67,8.127715143279316,8.073712500229364,0.7168001224171959,0,12345
5.0,0.1,34,20,HCP,0.83,17.66428648076451,17.66428648076451,0.0,0,12345
5.0,0.1,34,20,Pooling,0.68,13.60000016567719,13.60000016567719,1.3119264712386716e-15,0,12345
5.0,0.1,34,20,Repeated,0.77,15.27062572162463,15.27062572162463,1.3478763183615572e-15,0,12345
5.0,0.1,34,20,S-HCP-within,0.72,13.351315987892338,12.965781349571712,1.3320247083271275,0,12345
5.0,0.1,34,20,Std-CP,0.9,6.908593774989414,5.977162772796987,3.215151173867357,0,12345
5.0,0.1,34,20,Subsampling,0.69,13.624339838191334,13.624339838191332,1.1431534819946198e-15,0,12345
5.0,0.1,34,25,Donor-HCP-no-within,0.84,13.764085827594176,12.54260943152746,6.779504118732447,0,12345
5.0,0.1,34,25,Donor-HCP-within,0.86,6.847844033665926,6.448065977974549,2.425549055475912,0,12345
5.0,0.1,34,25,HCP,0.83,17.66428648076451,17.66428648076451,0.0,0,12345
5.0,0.1,34,25,Pooling,0.68,13.60000016567719,13.60000016567719,1.3119264712386716e-15,0,12345
5.0,0.1,34,25,Repeated,0.77,15.27062572162463,15.27062572162463,1.3478763183615572e-15,0,12345
5.0,0.1,34,25,S-HCP-within,0.86,14.027878175160616,12.672044883660071,6.665374880109485,0,12345
5.0,0.1,34,25,Std-CP,0.87,6.881422307855752,6.603003455371116,2.6770867959076585,0,12345
5.0,0.1,34,25,Subsampling,0.69,13.624339838191334,13.624339838191332,1.1431534819946198e-15,0,12345
5.0,0.1,34,30,Donor-HCP-no-within,0.84,13.318237884339746,11.531772671602809,6.727612085091623,0,12345
5.0,0.1,34,30,Donor-HCP-within,0.92,6.454163940765411,6.1061965922133385,2.0793078008941484,0,12345
5.0,0.1,34,30,HCP,0.83,17.66428648076451,17.66428648076451,0.0,0,12345
5.0,0.1,34,30,Pooling,0.68,13.60000016567719,13.60000016567719,1.3119264712386716e-15,0,12345
5.0,0.1,34,30,Repeated,0.77,15.27062572162463,15.27062572162463,1.3478763183615572e-15,0,12345
5.0,0.1,34,30,S-HCP-within,0.87,14.095500310707619,12.923888856933385,6.648777544962028,0,12345
5.0,0.1,34,30,Std-CP,0.87,6.290123937686603,6.090224812897311,2.0606367713634097,0,12345
5.0,0.1,34,30,Subsampling,0.69,13.624339838191334,13.624339838191332,1.1431534819946198e-15,0,12345
5.0,0.1,34,35,Donor-HCP-no-within,0.84,13.46535684796135,12.241945292087905,6.756417196499073,0,12345
5.0,0.1,34,35,Donor-HCP-within,0.91,6.366319407034914,6.066245537131087,2.0785484321731156,0,12345
5.0,0.1,34,35,HCP,0.83,17.66428648076451,17.66428648076451,0.0,0,12345
5.0,0.1,34,35,Pooling,0.68,13.60000016567719,13.60000016567719,1.3119264712386716e-15,0,12345
5.0,0.1,34,35,Repeated,0.77,15.27062572162463,15.27062572162463,1.3478763183615572e-15,0,12345
5.0,0.1,34,35,S-HCP-within,0.87,14.427141339117847,13.23327889228058,6.911894976672499,0,12345
5.0,0.1,34,35,Std-CP,0.95,6.787548437666683,6.629674923138972,2.126593955165943,0,12345
5.0,0.1,34,35,Subsampling,0.69,13.624339838191334,13.624339838191332,1.1431534819946198e-15,0,12345
5.0,0.1,35,0,Donor-HCP-no-within,0.99,44.385093179026015,44.385093179026015,0.0,0,12345
5.0,0.1,35,0,Donor-HCP-within,0.99,44.385093179026015,44.385093179026015,0.0,0,12345
5.0,0.1,35,0,HCP,0.99,44.385093179026015,44.385093179026015,0.0,0,12345
5.0,0.1,35,0,Pooling,0.93,37.485685968164034,37.485685968164034,0.0,0,12345
5.0,0.1,35,0,Repeated,0.99,41.47574172968591,41.47574172968591,0.0,0,12345
5.0,0.1,35,0,S-HCP-within,0.97,29.505506376293717,29.292389942686626,1.6231190507144684,0,12345
5.0,0.1,35,0,Std-CP,1.0,,,,100,12345
5.0,0.1,35,0,Subsampling,0.99,43.08937129162839,43.08937129162838,0.0,0,12345
5.0,0.1,35,5,Donor-HCP-no-within,1.0,45.83568186640488,45.66128456500852,2.359788873721771,0,12345
5.0,0.1,35,5,Donor-HCP-within,1.0,37.965873015612274,37.00116629737028,1.6948653517770722,0,12345
5.0,0.1,35,5,HCP,0.99,44.385093179026015,44.385093179026015,0.0,0,12345
5.0,0.1,35,5,Pooling,0.93,37.485685968164034,37.485685968164034,0.0,0,12345
5.0,0.1,35,5,Repeated,0.99,41.47574172968591,41.47574172968591,0.0,0,12345
5.0,0.1,35,5,S-HCP-within,0.97,28.175185702171675,28.40625552425818,1.1139210560179063,0,12345
5.0,0.1,35,5,Std-CP,0.76,5.973378520774677,5.096902141151562,3.1593269700592908,0,12345
5.0,0.1,35,5,Subsampling,0.99,43.08937129162839,43.08937129162838,0.0,0,12345
5.0,0.1,35,10,Donor-HCP-no-within,0.98,43.850959083393846,43.846017272788984,1.8886761200355273,0,12345
5.0,0.1,35,10,Donor-HCP-within,0.99,46.5277370125605,46.42418706547873,5.772800358658419,0,12345
5.0,0.1,35,10,HCP,0.99,44.385093179026015,44.385093179026015,0.0,0,12345
5.0,0.1,35,10,Pooling,0.93,37.485685968164034,37.485685968164034,0.0,0,12345
5.0,0.1,35,10,Repeated,0.99,41.47574172968591,41.47574172968591,0.0,0,12345
5.0,0.1,35,10,S-HCP-within,0.97,27.806688695388292,27.883304232616233,1.0038674355111703,0,12345
5.0,0.1,35,10,Std-CP,0.8,40.1687167065727,13.770031924056088,105.74419425938042,0,12345
5.0,0.1,35,10,Subsampling,0.99,43.08937129162839,43.08937129162838,0.0,0,12345
5.0,0.1,35,15,Donor-HCP-no-within,0.97,42.61250840332832,42.141088193606535,2.1763296732923436,0,12345
5.0,0.1,35,15,Donor-HCP-within,0.97,27.565666804141372,27.787527992959156,1.3175977574903648,0,12345
5.0,0.1,35,15,HCP,0.99,44.385093179026015,44.385093179026015,0.0,0,12345
5.0,0.1,35,15,Pooling,0.93,37.485685968164034,37.485685968164034,0.0,0,12345
5.0,0.1,35,15,Repeated,0.99,41.47574172968591,41.47574172968591,0.0,0,12345
5.0,0.1,35,15,S-HCP-within,0.97,27.91249518605974,28.005834111726486,0.8786059929568594,0,12345
5.0,0.1,35,15,Std-CP,0.87,8.473598764892044,7.225066006838344,4.322182242675592,0,12345
5.0,0.1,35,15,Subsampling,0.99,43.08937129162839,43.08937129162838,0.0,0,12345
5.0,0.1,35,20,Donor-HCP-no-within,0.99,32.893671824653396,31.871201167283587,4.665349127421046,0,12345
5.0,0.1,35,20,Donor-HCP-within,0.95,17.869311699339175,17.54315133552678,1.7354059001675912,0,12345
5.0,0.1,35,20,HCP,0.99,44.385093179026015,44.385093179026015,0.0,0,12345
5.0,0.1,35,20,Pooling,0.93,37.485685968164034,37.485685968164034,0.0,0,12345
5.0,0.1,35,20,Repeated,0.99,41.47574172968591,41.47574172968591,0.0,0,12345
5.0,0.1,35,20,S-HCP-within,0.97,27.327889923746106,27.263295515693514,0.7375243246645093,0,12345
5.0,0.1,35,20,Std-CP,0.87,6.46860163375562,5.691048144866409,2.5080566106585125,0,12345
5.0,0.1,35,20,Subsampling,0.99,43.08937129162839,43.08937129162838,0.0,0,12345
5.0,0.1,35,25,Donor-HCP-no-within,0.93,14.484117891169927,14.35941379153401,6.769170193219112,0,12345
5.0,0.1,35,25,Donor-HCP-within,0.9,6.6648993090814495,6.005075937050816,2.7994242328876773,0,12345
5.0,0.1,35,25,HCP,0.99,44.385093179026015,44.385093179026015,0.0,0,12345
5.0,0.1,35,25,Pooling,0.93,37.485685968164034,37.485685968164034,0.0,0,12345
5.0,0.1,35,25,Repeated,0.99,41.47574172968591,41.47574172968591,0.0,0,12345
5.0,0.1,35,25,S-HCP-within,0.93,15.088469983122863,14.440021065972036,6.7984451272307345,0,12345
5.0,0.1,35,25,Std-CP,0.9,6.699714388025432,6.357955182490862,2.2563428060789645,0,12345
5.0,0.1,35,25,Subsampling,0.99,43.08937129162839,43.08937129162838,0.0,0,12345
5.0,0.1,35,30,Donor-HCP-no-within,0.93,14.060699587295256,13.847775774268033,6.737371116512037,0,12345
5.0,0.1,35,30,Donor-HCP-within,0.92,6.437832595393786,5.901651932947273,2.5361794870802266,0,12345
5.0,0.1,35,30,HCP,0.99,44.385093179026015,44.385093179026015,0.0,0,12345
5.0,0.1,35,30,Pooling,0.93,37.485685968164034,37.485685968164034,0.0,0,12345
5.0,0.1,35,30,Repeated,0.99,41.47574172968591,41.47574172968591,0.0,0,12345
5.0,0.1,35,30,S-HCP-within,0.92,15.279231599230373,14.475060260959395,6.753503361837573,0,12345
5.0,0.1,35,30,Std-CP,0.88,6.2979287447302275,5.855332182785511,2.287136530171618,0,12345
5.0,0.1,35,30,Subsampling,0.99,43.08937129162839,43.08937129162838,0.0,0,12345
5.0,0.1,35,35,Donor-HCP-no-within,0.93,14.3362345837419,13.985556534301853,6.698363476931077,0,12345
5.0,0.1,35,35,Donor-HCP-within,0.9,6.509970116259884,6.319660588448787,2.1755542884439523,0,12345
5.0,0.1,35,35,HCP,0.99,44.385093179026015,44.385093179026015,0.0,0,12345
5.0,0.1,35,35,Pooling,0.93,37.485685968164034,37.485685968164034,0.0,0,12345
5.0,0.1,35,35,Repeated,0.99,41.47574172968591,41.47574172968591,0.0,0,12345
5.0,0.1,35,35,S-HCP-within,0.94,15.623283324945515,14.598060020976511,6.96157578935781,0,12345
5.0,0.1,35,35,Std-CP,0.9,6.311733954890549,5.804654547411374,2.190428327663504,0,12345
5.0,0.1,35,35,Subsampling,0.99,43.08937129162839,43.08937129162838,0.0,0,12345
5.0,0.1,36,0,Donor-HCP-no-within,1.0,60.3287139157467,60.3287139157467,5.1988889552273155e-15,0,12345
5.0,0.1,36,0,Donor-HCP-within,1.0,60.3287139157467,60.3287139157467,5.1988889552273155e-15,0,12345
5.0,0.1,36,0,HCP,1.0,60.3287139157467,60.3287139157467,5.1988889552273155e-15,0,12345
5.0,0.1,36,0,Pooling,0.97,54.30529738766187,54.30529738766187,0.0,0,12345
5.0,0.1,36,0,Repeated,0.98,57.18164619794731,57.18164619794731,5.1988889552273155e-15,0,12345
5.0,0.1,36,0,S-HCP-within,0.91,34.442092055515765,34.21276018441945,2.3895487467021215,0,12345
5.0,0.1,36,0,Std-CP,1.0,,,,100,12345
5.0,0.1,36,0,Subsampling,1.0,60.54496599884425,60.54496599884424,5.1988889552273155e-15,0,12345
5.0,0.1,36,5,Donor-HCP-no-within,0.98,52.760886904132455,57.7503491313758,13.254650092173776,0,12345
5.0,0.1,36,5,Donor-HCP-within,0.98,45.52678149937456,47.71519510623389,9.63299365654692,0,12345
5.0,0.1,36,5,HCP,1.0,60.3287139157467,60.3287139157467,5.1988889552273155e-15,0,12345
5.0,0.1,36,5,Pooling,0.97,54.30529738766187,54.30529738766187,0.0,0,12345
5.0,0.1,36,5,Repeated,0.98,57.18164619794731,57.18164619794731,5.1988889552273155e-15,0,12345
5.0,0.1,36,5,S-HCP-within,0.89,33.50689591784385,33.34525711987351,1.3674100100220599,0,12345
5.0,0.1,36,5,Std-CP,0.74,6.228818647561693,5.3457599262866085,3.845128844471043,0,12345
5.0,0.1,36,5,Subsampling,1.0,60.54496599884425,60.54496599884424,5.1988889552273155e-15,0,12345
5.0,0.1,36,10,Donor-HCP-no-within,0.98,51.64694714629097,54.69415677487036,12.45847486336428,0,12345
5.0,0.1,36,10,Donor-HCP-within,0.91,37.65966747632026,37.630443810860825,9.178693972160278,0,12345
5.0,0.1,36,10,HCP,1.0,60.3287139157467,60.3287139157467,5.1988889552273155e-15,0,12345
5.0,0.1,36,10,Pooling,0.97,54.30529738766187,54.30529738766187,0.0,0,12345
5.0,0.1,36,10,Repeated,0.98,57.18164619794731,57.18164619794731,5.1988889552273155e-15,0,12345
5.0,0.1,36,10,S-HCP-within,0.89,33.44946418050674,33.196416564611624,1.1315581314940542,0,12345
5.0,0.1,36,10,Std-CP,0.85,21.687146799071407,11.371230647118946,30.582131456913597,0,12345
5.0,0.1,36,10,Subsampling,1.0,60.54496599884425,60.54496599884424,5.1988889552273155e-15,0,12345
5.0,0.1,36,15,Donor-HCP-no-within,0.96,49.021506757496944,53.58270565382436,12.55608943686288,0,12345
5.0,0.1,36,15,Donor-HCP-within,0.94,31.97796290012498,34.46366745202329,7.319567603878419,0,12345
5.0,0.1,36,15,HCP,1.0,60.3287139157467,60.3287139157467,5.1988889552273155e-15,0,12345
5.0,0.1,36,15,Pooling,0.97,54.30529738766187,54.30529738766187,0.0,0,12345
5.0,0.1,36,15,Repeated,0.98,57.18164619794731,57.18164619794731,5.1988889552273155e-15,0,12345
5.0,0.1,36,15,S-HCP-within,0.9,33.46170795080151,33.196416564611624,1.1886055028647928,0,12345
5.0,0.1,36,15,Std-CP,0.87,8.437925190019643,7.842459811411464,4.508241201405541,0,12345
5.0,0.1,36,15,Subsampling,1.0,60.54496599884425,60.54496599884424,5.1988889552273155e-15,0,12345
5.0,0.1,36,20,Donor-HCP-no-within,0.95,46.36225246072467,46.24130225985987,12.855167054935611,0,12345
5.0,0.1,36,20,Donor-HCP-within,0.95,25.382502111709528,27.733920976986475,6.943282475458483,0,12345
5.0,0.1,36,20,HCP,1.0,60.3287139157467,60.3287139157467,5.1988889552273155e-15,0,12345
5.0,0.1,36,20,Pooling,0.97,54.30529738766187,54.30529738766187,0.0,0,12345
5.0,0.1,36,20,Repeated,0.98,57.18164619794731,57.18164619794731,5.1988889552273155e-15,0,12345
5.0,0.1,36,20,S-HCP-within,0.89,33.13365843726817,32.89674356080705,1.1041134600005618,0,12345
5.0,0.1,36,20,Std-CP,0.93,6.734397303859462,6.441050889733674,2.3496076112924684,0,12345
5.0,0.1,36,20,Subsampling,1.0,60.54496599884425,60.54496599884424,5.1988889552273155e-15,0,12345
5.0,0.1,36,25,Donor-HCP-no-within,0.93,16.16705464293411,13.983478629296863,8.690542309789057,0,12345
5.0,0.1,36,25,Donor-HCP-within,0.91,7.035115440416396,6.629034585726977,2.560038732462733,0,12345
5.0,0.1,36,25,HCP,1.0,60.3287139157467,60.3287139157467,5.1988889552273155e-15,0,12345
5.0,0.1,36,25,Pooling,0.97,54.30529738766187,54.30529738766187,0.0,0,12345
5.0,0.1,36,25,Repeated,0.98,57.18164619794731,57.18164619794731,5.1988889552273155e-15,0,12345
5.0,0.1,36,25,S-HCP-within,0.94,16.7754766080069,15.315119187161741,8.79120842460372,0,12345
5.0,0.1,36,25,Std-CP,0.94,6.42457710450421,5.974458667118201,2.4227176659662972,0,12345
5.0,0.1,36,25,Subsampling,1.0,60.54496599884425,60.54496599884424,5.1988889552273155e-15,0,12345
5.0,0.1,36,30,Donor-HCP-no-within,0.92,15.716991285040825,13.078962027434208,8.542351152637133,0,12345
5.0,0.1,36,30,Donor-HCP-within,0.92,6.514982535226729,6.369457371414592,1.9964007431519437,0,12345
5.0,0.1,36,30,HCP,1.0,60.3287139157467,60.3287139157467,5.1988889552273155e-15,0,12345
5.0,0.1,36,30,Pooling,0.97,54.30529738766187,54.30529738766187,0.0,0,12345
5.0,0.1,36,30,Repeated,0.98,57.18164619794731,57.18164619794731,5.1988889552273155e-15,0,12345
5.0,0.1,36,30,S-HCP-within,0.95,17.07227095002828,15.314189574321825,8.444013662258252,0,12345
5.0,0.1,36,30,Std-CP,0.96,6.543890496784226,6.301840772373265,2.312750560610607,0,12345
5.0,0.1,36,30,Subsampling,1.0,60.54496599884425,60.54496599884424,5.1988889552273155e-15,0,12345
5.0,0.1,36,35,Donor-HCP-no-within,0.94,16.039819590692538,13.796185212745806,8.492424455713275,0,12345
5.0,0.1,36,35,Donor-HCP-within,0.94,6.4607177832736555,6.202053842177419,1.9593243458089131,0,12345
5.0,0.1,36,35,HCP,1.0,60.3287139157467,60.3287139157467,5.1988889552273155e-15,0,12345
5.0,0.1,36,35,Pooling,0.97,54.30529738766187,54.30529738766187,0.0,0,12345
5.0,0.1,36,35,Repeated,0.98,57.18164619794731,57.18164619794731,5.1988889552273155e-15,0,12345
5.0,0.1,36,35,S-HCP-within,0.94,17.163209970529106,14.87604281809657,8.456986033158987,0,12345
5.0,0.1,36,35,Std-CP,0.91,6.233682844315842,6.081632629152663,1.7683623999510718,0,12345
5.0,0.1,36,35,Subsampling,1.0,60.54496599884425,60.54496599884424,5.1988889552273155e-15,0,12345
5.0,0.1,37,0,Donor-HCP-no-within,0.88,23.803440310753253,23.803440310753253,8.746176474924478e-16,0,12345
5.0,0.1,37,0,Donor-HCP-within,0.88,23.803440310753253,23.803440310753253,8.746176474924478e-16,0,12345
5.0,0.1,37,0,HCP,0.88,23.803440310753253,23.803440310753253,8.746176474924478e-16,0,12345
5.0,0.1,37,0,Pooling,0.73,19.0580804568836,19.0580804568836,1.071183478194952e-15,0,12345
5.0,0.1,37,0,Repeated,0.8,20.506904555659112,20.506904555659112,7.984130245395255e-16,0,12345
5.0,0.1,37,0,S-HCP-within,0.92,26.30054964645854,26.842300067950752,2.472573778062544,0,12345
5.0,0.1,37,0,Std-CP,1.0,,,,100,12345
5.0,0.1,37,0,Subsampling,0.84,23.00144891546332,23.00144891546332,8.746176474924478e-16,0,12345
5.0,0.1,37,5,Donor-HCP-no-within,0.92,29.65955136962516,25.888663793848902,7.87972563361848,0,12345
5.0,0.1,37,5,Donor-HCP-within,0.99,27.930938679814982,26.714565605514863,7.386461246593014,0,12345
5.0,0.1,37,5,HCP,0.88,23.803440310753253,23.803440310753253,8.746176474924478e-16,0,12345
5.0,0.1,37,5,Pooling,0.73,19.0580804568836,19.0580804568836,1.071183478194952e-15,0,12345
5.0,0.1,37,5,Repeated,0.8,20.506904555659112,20.506904555659112,7.984130245395255e-16,0,12345
5.0,0.1,37,5,S-HCP-within,0.92,25.102699856188437,25.003666446907076,1.7779133350060081,0,12345
5.0,0.1,37,5,Std-CP,0.76,6.272578736729661,5.270193363412318,4.779384547883264,0,12345
5.0,0.1,37,5,Subsampling,0.84,23.00144891546332,23.00144891546332,8.746176474924478e-16,0,12345
5.0,0.1,37,10,Donor-HCP-no-within,0.91,27.954791080154596,24.45601130289792,7.44688809800696,0,12345
5.0,0.1,37,10,Donor-HCP-within,1.0,300.4155135761979,324.7602254474347,79.71103133705782,0,12345
5.0,0.1,37,10,HCP,0.88,23.803440310753253,23.803440310753253,8.746176474924478e-16,0,12345
5.0,0.1,37,10,Pooling,0.73,19.0580804568836,19.0580804568836,1.071183478194952e-15,0,12345
5.0,0.1,37,10,Repeated,0.8,20.506904555659112,20.506904555659112,7.984130245395255e-16,0,12345
5.0,0.1,37,10,S-HCP-within,0.92,25.120486527707452,25.24537383250925,1.5561499305861732,0,12345
5.0,0.1,37,10,Std-CP,0.85,26.86519438783054,11.72727575886956,46.63640653734526,0,12345
5.0,0.1,37,10,Subsampling,0.84,23.00144891546332,23.00144891546332,8.746176474924478e-16,0,12345
5.0,0.1,37,15,Donor-HCP-no-within,0.84,25.897329138278252,22.49163397743637,7.522805970683217,0,12345
5.0,0.1,37,15,Donor-HCP-within,0.97,17.949654744839737,16.434242820306324,3.3417646979304942,0,12345
5.0,0.1,37,15,HCP,0.88,23.803440310753253,23.803440310753253,8.746176474924478e-16,0,12345
5.0,0.1,37,15,Pooling,0.73,19.0580804568836,19.0580804568836,1.071183478194952e-15,0,12345
5.0,0.1,37,15,Repeated,0.8,20.506904555659112,20.506904555659112,7.984130245395255e-16,0,12345
5.0,0.1,37,15,S-HCP-within,0.91,24.808546670370678,24.580767199991524,1.3638430214721584,0,12345
5.0,0.1,37,15,Std-CP,0.9,9.301402923885387,7.410138913435267,5.889431278933136,0,12345
5.0,0.1,37,15,Subsampling,0.84,23.00144891546332,23.00144891546332,8.746176474924478e-16,0,12345
5.0,0.1,37,20,Donor-HCP-no-within,0.84,24.93282470587208,23.037583085641252,6.015528996543132,0,12345
5.0,0.1,37,20,Donor-HCP-within,0.88,14.701285916519325,13.408264354846505,2.9263017981351176,0,12345
5.0,0.1,37,20,HCP,0.88,23.803440310753253,23.803440310753253,8.746176474924478e-16,0,12345
5.0,0.1,37,20,Pooling,0.73,19.0580804568836,19.0580804568836,1.071183478194952e-15,0,12345
5.0,0.1,37,20,Repeated,0.8,20.506904555659112,20.506904555659112,7.984130245395255e-16,0,12345
5.0,0.1,37,20,S-HCP-within,0.91,24.270695545261564,23.872630763075037,1.170914956198987,0,12345
5.0,0.1,37,20,Std-CP,0.92,7.051006645160952,6.384913522517834,3.0148458134680984,0,12345
5.0,0.1,37,20,Subsampling,0.84,23.00144891546332,23.00144891546332,8.746176474924478e-16,0,12345
5.0,0.1,37,25,Donor-HCP-no-within,0.94,15.375801487027621,14.703737122946709,6.426714039296635,0,12345
5.0,0.1,37,25,Donor-HCP-within,0.92,6.282404176005759,5.7784572787458615,2.2381490950568983,0,12345
5.0,0.1,37,25,HCP,0.88,23.803440310753253,23.803440310753253,8.746176474924478e-16,0,12345
5.0,0.1,37,25,Pooling,0.73,19.0580804568836,19.0580804568836,1.071183478194952e-15,0,12345
5.0,0.1,37,25,Repeated,0.8,20.506904555659112,20.506904555659112,7.984130245395255e-16,0,12345
5.0,0.1,37,25,S-HCP-within,0.97,16.06237517464816,15.462450740241488,6.679770533055956,0,12345
5.0,0.1,37,25,Std-CP,0.94,6.644926121432787,6.171229799709287,2.4930663947833502,0,12345
5.0,0.1,37,25,Subsampling,0.84,23.00144891546332,23.00144891546332,8.746176474924478e-16,0,12345
5.0,0.1,37,30,Donor-HCP-no-within,0.9,14.767099513105151,14.306010604657935,6.243968083226695,0,12345
5.0,0.1,37,30,Donor-HCP-within,0.95,6.202115874820635,5.906544225514571,1.8651864381800871,0,12345
5.0,0.1,37,30,HCP,0.88,23.803440310753253,23.803440310753253,8.746176474924478e-16,0,12345
5.0,0.1,37,30,Pooling,0.73,19.0580804568836,19.0580804568836,1.071183478194952e-15,0,12345
5.0,0.1,37,30,Repeated,0.8,20.506904555659112,20.506904555659112,7.984130245395255e-16,0,12345
5.0,0.1,37,30,S-HCP-within,0.96,16.19793145146181,15.462450740241488,6.488792935462456,0,12345
5.0,0.1,37,30,Std-CP,0.9,6.070716865700694,5.82745638384528,2.063761699527388,0,12345
5.0,0.1,37,30,Subsampling,0.84,23.00144891546332,23.00144891546332,8.746176474924478e-16,0,12345
5.0,0.1,37,35,Donor-HCP-no-within,0.91,15.202129735779303,14.370509346176348,6.268817730269907,0,12345
5.0,0.1,37,35,Donor-HCP-within,0.96,6.446130938674471,6.185352281178634,1.7881650597594605,0,12345
5.0,0.1,37,35,HCP,0.88,23.803440310753253,23.803440310753253,8.746176474924478e-16,0,12345
5.0,0.1,37,35,Pooling,0.73,19.0580804568836,19.0580804568836,1.071183478194952e-15,0,12345
5.0,0.1,37,35,Repeated,0.8,20.506904555659112,20.506904555659112,7.984130245395255e-16,0,12345
5.0,0.1,37,35,S-HCP-within,0.94,16.484096608217996,15.46873135584676,6.477056507163388,0,12345
5.0,0.1,37,35,Std-CP,0.98,6.4265392894702345,6.291177806143086,1.8513596860134316,0,12345
5.0,0.1,37,35,Subsampling,0.84,23.00144891546332,23.00144891546332,8.746176474924478e-16,0,12345
5.0,0.1,38,0,Donor-HCP-no-within,0.96,33.33288531879161,33.33288531879161,0.0,0,12345
5.0,0.1,38,0,Donor-HCP-within,0.96,33.33288531879161,33.33288531879161,0.0,0,12345
5.0,0.1,38,0,HCP,0.96,33.33288531879161,33.33288531879161,0.0,0,12345
5.0,0.1,38,0,Pooling,0.89,27.142313532003094,27.142313532003094,3.291941233045329e-15,0,12345
5.0,0.1,38,0,Repeated,0.93,29.97486152565989,29.97486152565989,1.820661819318084e-15,0,12345
5.0,0.1,38,0,S-HCP-within,1.0,41.733168699015486,41.39786447399385,5.028849073647825,0,12345
5.0,0.1,38,0,Std-CP,1.0,,,,100,12345
5.0,0.1,38,0,Subsampling,0.89,27.142313532003094,27.142313532003094,3.291941233045329e-15,0,12345
5.0,0.1,38,5,Donor-HCP-no-within,0.93,31.371087055273875,30.971132928844604,4.046576437137533,0,12345
5.0,0.1,38,5,Donor-HCP-within,0.95,28.120386920005828,27.97671174935078,3.5104818718798736,0,12345
5.0,0.1,38,5,HCP,0.96,33.33288531879161,33.33288531879161,0.0,0,12345
5.0,0.1,38,5,Pooling,0.89,27.142313532003094,27.142313532003094,3.291941233045329e-15,0,12345
5.0,0.1,38,5,Repeated,0.93,29.97486152565989,29.97486152565989,1.820661819318084e-15,0,12345
5.0,0.1,38,5,S-HCP-within,0.99,38.57015450103757,37.76559413970463,2.7835081897665344,0,12345
5.0,0.1,38,5,Std-CP,0.75,6.653744256485951,5.681486614058304,4.088562927601273,0,12345
5.0,0.1,38,5,Subsampling,0.89,27.142313532003094,27.142313532003094,3.291941233045329e-15,0,12345
5.0,0.1,38,10,Donor-HCP-no-within,0.92,30.378047264378857,28.785681851664705,3.842696817872533,0,12345
5.0,0.1,38,10,Donor-HCP-within,0.92,26.909730075805072,26.64585576154731,3.4019179233688037,0,12345
5.0,0.1,38,10,HCP,0.96,33.33288531879161,33.33288531879161,0.0,0,12345
5.0,0.1,38,10,Pooling,0.89,27.142313532003094,27.142313532003094,3.291941233045329e-15,0,12345
5.0,0.1,38,10,Repeated,0.93,29.97486152565989,29.97486152565989,1.820661819318084e-15,0,12345
5.0,0.1,38,10,S-HCP-within,0.99,37.77629328005433,36.92774046275809,1.970533090299471,0,12345
5.0,0.1,38,10,Std-CP,0.85,25.66239949132746,12.201132907849557,36.21503132107982,0,12345
5.0,0.1,38,10,Subsampling,0.89,27.142313532003094,27.142313532003094,3.291941233045329e-15,0,12345
5.0,0.1,38,15,Donor-HCP-no-within,0.92,29.123885968952933,27.703796992757795,3.860661716576426,0,12345
5.0,0.1,38,15,Donor-HCP-within,0.93,19.30477719001814,18.399354256793593,2.380437215052066,0,12345
5.0,0.1,38,15,HCP,0.96,33.33288531879161,33.33288531879161,0.0,0,12345
5.0,0.1,38,15,Pooling,0.89,27.142313532003094,27.142313532003094,3.291941233045329e-15,0,12345
5.0,0.1,38,15,Repeated,0.93,29.97486152565989,29.97486152565989,1.820661819318084e-15,0,12345
5.0,0.1,38,15,S-HCP-within,1.0,37.238341392127644,36.925807010221405,1.0936388180358119,0,12345
5.0,0.1,38,15,Std-CP,0.88,9.730337409151334,7.723983189079723,6.397154056366668,0,12345
5.0,0.1,38,15,Subsampling,0.89,27.142313532003094,27.142313532003094,3.291941233045329e-15,0,12345
5.0,0.1,38,20,Donor-HCP-no-within,0.93,27.857813168394358,26.691340297829882,3.3869919619783944,0,12345
5.0,0.1,38,20,Donor-HCP-within,0.89,15.137745839024547,14.178629234042823,2.2146381638252084,0,12345
5.0,0.1,38,20,HCP,0.96,33.33288531879161,33.33288531879161,0.0,0,12345
5.0,0.1,38,20,Pooling,0.89,27.142313532003094,27.142313532003094,3.291941233045329e-15,0,12345
5.0,0.1,38,20,Repeated,0.93,29.97486152565989,29.97486152565989,1.820661819318084e-15,0,12345
5.0,0.1,38,20,S-HCP-within,0.99,36.639396925253266,36.88919440659722,0.9043143734106799,0,12345
5.0,0.1,38,20,Std-CP,0.89,7.1164402177637625,6.503086428425183,3.0925394126497068,0,12345
5.0,0.1,38,20,Subsampling,0.89,27.142313532003094,27.142313532003094,3.291941233045329e-15,0,12345
5.0,0.1,38,25,Donor-HCP-no-within,0.91,17.90454948561568,16.912748051512697,8.082168025056246,0,12345
5.0,0.1,38,25,Donor-HCP-within,0.89,6.90450178002789,6.4134491070147845,2.3533940736454935,0,12345
5.0,0.1,38,25,HCP,0.96,33.33288531879161,33.33288531879161,0.0,0,12345
5.0,0.1,38,25,Pooling,0.89,27.142313532003094,27.142313532003094,3.291941233045329e-15,0,12345
5.0,0.1,38,25,Repeated,0.93,29.97486152565989,29.97486152565989,1.820661819318084e-15,0,12345
5.0,0.1,38,25,S-HCP-within,0.91,18.700714031036213,17.786830818092493,7.864752534714448,0,12345
5.0,0.1,38,25,Std-CP,0.92,7.2629198292826205,6.989438865155739,2.9032533331340673,0,12345
5.0,0.1,38,25,Subsampling,0.89,27.142313532003094,27.142313532003094,3.291941233045329e-15,0,12345
5.0,0.1,38,30,Donor-HCP-no-within,0.9,17.24185653489963,16.01594462740937,8.094499427608723,0,12345
5.0,0.1,38,30,Donor-HCP-within,0.91,6.7434346315764255,6.251359006833242,2.1887789542745333,0,12345
5.0,0.1,38,30,HCP,0.96,33.33288531879161,33.33288531879161,0.0,0,12345
5.0,0.1,38,30,Pooling,0.89,27.142313532003094,27.142313532003094,3.291941233045329e-15,0,12345
5.0,0.1,38,30,Repeated,0.93,29.97486152565989,29.97486152565989,1.820661819318084e-15,0,12345
5.0,0.1,38,30,S-HCP-within,0.93,19.123950548726363,18.526722139010303,7.993610510035826,0,12345
5.0,0.1,38,30,Std-CP,0.94,6.970738273908248,6.466452126835039,2.6513343821381716,0,12345
5.0,0.1,38,30,Subsampling,0.89,27.142313532003094,27.142313532003094,3.291941233045329e-15,0,12345
5.0,0.1,38,35,Donor-HCP-no-within,0.91,17.575569462797745,16.94469687337388,8.088190837617391,0,12345
5.0,0.1,38,35,Donor-HCP-within,0.9,6.655812823541769,6.379256784196769,2.11103642920929,0,12345
5.0,0.1,38,35,HCP,0.96,33.33288531879161,33.33288531879161,0.0,0,12345
5.0,0.1,38,35,Pooling,0.89,27.142313532003094,27.142313532003094,3.291941233045329e-15,0,12345
5.0,0.1,38,35,Repeated,0.93,29.97486152565989,29.97486152565989,1.820661819318084e-15,0,12345
5.0,0.1,38,35,S-HCP-within,0.94,19.341225886428866,18.526722139010303,8.331138614713629,0,12345
5.0,0.1,38,35,Std-CP,0.9,6.701994671710411,6.482475402999052,2.216789714881922,0,12345
5.0,0.1,38,35,Subsampling,0.89,27.142313532003094,27.142313532003094,3.291941233045329e-15,0,12345
5.0,0.1,39,0,Donor-HCP-no-within,0.97,47.51928968696829,47.51928968696829,0.0,0,12345
5.0,0.1,39,0,Donor-HCP-within,0.97,47.51928968696829,47.51928968696829,0.0,0,12345
5.0,0.1,39,0,HCP,0.97,47.51928968696829,47.51928968696829,0.0,0,12345
5.0,0.1,39,0,Pooling,0.92,37.118762028335254,37.118762028335254,0.0,0,12345
5.0,0.1,39,0,Repeated,0.97,43.52150526365236,43.52150526365236,0.0,0,12345
5.0,0.1,39,0,S-HCP-within,0.95,54.60906643207874,55.076883166020735,4.053401153772162,0,12345
5.0,0.1,39,0,Std-CP,1.0,,,,100,12345
5.0,0.1,39,0,Subsampling,0.97,43.0855995842272,43.0855995842272,0.0,0,12345
5.0,0.1,39,5,Donor-HCP-no-within,0.97,43.00735876106091,44.49790048560947,3.540753884702482,0,12345
5.0,0.1,39,5,Donor-HCP-within,0.96,36.27144042917409,36.2629021907169,2.8348051990397223,0,12345
5.0,0.1,39,5,HCP,0.97,47.51928968696829,47.51928968696829,0.0,0,12345
5.0,0.1,39,5,Pooling,0.92,37.118762028335254,37.118762028335254,0.0,0,12345
5.0,0.1,39,5,Repeated,0.97,43.52150526365236,43.52150526365236,0.0,0,12345
5.0,0.1,39,5,S-HCP-within,0.93,50.587852056413304,49.523566197313485,3.523942325268689,0,12345
5.0,0.1,39,5,Std-CP,0.73,6.468654880789192,5.500567470228043,4.495295299287854,0,12345
5.0,0.1,39,5,Subsampling,0.97,43.0855995842272,43.0855995842272,0.0,0,12345
5.0,0.1,39,10,Donor-HCP-no-within,0.94,40.69742659500357,42.381018141637995,4.191720246930791,0,12345
5.0,0.1,39,10,Donor-HCP-within,0.93,29.271238841261155,30.148182357982357,2.4908168869076586,0,12345
5.0,0.1,39,10,HCP,0.97,47.51928968696829,47.51928968696829,0.0,0,12345
5.0,0.1,39,10,Pooling,0.92,37.118762028335254,37.118762028335254,0.0,0,12345
5.0,0.1,39,10,Repeated,0.97,43.52150526365236,43.52150526365236,0.0,0,12345
5.0,0.1,39,10,S-HCP-within,0.93,49.06909354796747,47.846083635478415,3.355997188406981,0,12345
5.0,0.1,39,10,Std-CP,0.8,32.044824467720865,12.277903626701512,70.89548874275896,0,12345
5.0,0.1,39,10,Subsampling,0.97,43.0855995842272,43.0855995842272,0.0,0,12345
5.0,0.1,39,15,Donor-HCP-no-within,0.95,37.47716145567658,38.136364301928964,3.6904391805561776,0,12345
5.0,0.1,39,15,Donor-HCP-within,0.95,23.218724271125776,23.102690628883366,2.1038562511920507,0,12345
5.0,0.1,39,15,HCP,0.97,47.51928968696829,47.51928968696829,0.0,0,12345
5.0,0.1,39,15,Pooling,0.92,37.118762028335254,37.118762028335254,0.0,0,12345
5.0,0.1,39,15,Repeated,0.97,43.52150526365236,43.52150526365236,0.0,0,12345
5.0,0.1,39,15,S-HCP-within,0.93,48.81931565674978,47.846083635478415,3.22143644191572,0,12345
5.0,0.1,39,15,Std-CP,0.87,10.090008427715965,7.775745182364056,9.13844811672775,0,12345
5.0,0.1,39,15,Subsampling,0.97,43.0855995842272,43.0855995842272,0.0,0,12345
5.0,0.1,39,20,Donor-HCP-no-within,0.91,34.64081181256432,35.200459182918365,4.458260670217058,0,12345
5.0,0.1,39,20,Donor-HCP-within,0.93,19.308404929767672,19.403166019508255,1.886483922308602,0,12345
5.0,0.1,39,20,HCP,0.97,47.51928968696829,47.51928968696829,0.0,0,12345
5.0,0.1,39,20,Pooling,0.92,37.118762028335254,37.118762028335254,0.0,0,12345
5.0,0.1,39,20,Repeated,0.97,43.52150526365236,43.52150526365236,0.0,0,12345
5.0,0.1,39,20,S-HCP-within,0.93,47.474052582323566,46.86360596224633,2.842840207948906,0,12345
5.0,0.1,39,20,Std-CP,0.91,6.669276268827544,6.088661151347036,2.7697602184348122,0,12345
5.0,0.1,39,20,Subsampling,0.97,43.0855995842272,43.0855995842272,0.0,0,12345
5.0,0.1,39,25,Donor-HCP-no-within,0.9,16.713643992159767,14.558740088611508,8.327182038724851,0,12345
5.0,0.1,39,25,Donor-HCP-within,0.93,7.27345473113699,6.702672061628405,2.6520021458356067,0,12345
5.0,0.1,39,25,HCP,0.97,47.51928968696829,47.51928968696829,0.0,0,12345
5.0,0.1,39,25,Pooling,0.92,37.118762028335254,37.118762028335254,0.0,0,12345
5.0,0.1,39,25,Repeated,0.97,43.52150526365236,43.52150526365236,0.0,0,12345
5.0,0.1,39,25,S-HCP-within,0.94,17.406350079729787,15.553123573813028,8.90070931423869,0,12345
5.0,0.1,39,25,Std-CP,0.94,7.1111140488049225,6.982087964921206,2.3493517443972314,0,12345
5.0,0.1,39,25,Subsampling,0.97,43.0855995842272,43.0855995842272,0.0,0,12345
5.0,0.1,39,30,Donor-HCP-no-within,0.9,16.088457012783916,13.7875262823979,8.271871860611611,0,12345
5.0,0.1,39,30,Donor-HCP-within,0.94,6.625055616311517,6.373919439719316,2.078612124469746,0,12345
5.0,0.1,39,30,HCP,0.97,47.51928968696829,47.51928968696829,0.0,0,12345
5.0,0.1,39,30,Pooling,0.92,37.118762028335254,37.118762028335254,0.0,0,12345
5.0,0.1,39,30,Repeated,0.97,43.52150526365236,43.52150526365236,0.0,0,12345
5.0,0.1,39,30,S-HCP-within,0.94,17.20784545948608,15.457837908519434,8.574959447642133,0,12345
5.0,0.1,39,30,Std-CP,0.95,6.734076009545602,6.51286354332221,2.2638797943280604,0,12345
5.0,0.1,39,30,Subsampling,0.97,43.0855995842272,43.0855995842272,0.0,0,12345
5.0,0.1,39,35,Donor-HCP-no-within,0.9,16.293128740081567,13.834868562371415,8.380753803826257,0,12345
5.0,0.1,39,35,Donor-HCP-within,0.95,6.574521447572781,6.383780977946515,1.9437637482787207,0,12345
5.0,0.1,39,35,HCP,0.97,47.51928968696829,47.51928968696829,0.0,0,12345
5.0,0.1,39,35,Pooling,0.92,37.118762028335254,37.118762028335254,0.0,0,12345
5.0,0.1,39,35,Repeated,0.97,43.52150526365236,43.52150526365236,0.0,0,12345
5.0,0.1,39,35,S-HCP-within,0.94,17.383129891140214,15.242001277693618,8.700733560615932,0,12345
5.0,0.1,39,35,Std-CP,0.96,6.539306545784634,6.145096112959056,2.092979611701901,0,12345
5.0,0.1,39,35,Subsampling,0.97,43.0855995842272,43.0855995842272,0.0,0,12345
5.0,0.1,40,0,Donor-HCP-no-within,0.93,30.918764690640423,30.918764690640423,2.142366956389904e-15,0,12345
5.0,0.1,40,0,Donor-HCP-within,0.93,30.918764690640423,30.918764690640423,2.142366956389904e-15,0,12345
5.0,0.1,40,0,HCP,0.93,30.918764690640423,30.918764690640423,2.142366956389904e-15,0,12345
5.0,0.1,40,0,Pooling,0.8,25.350340010587715,25.350340010587715,0.0,0,12345
5.0,0.1,40,0,Repeated,0.87,28.12373295927447,28.12373295927447,2.019842936871048e-15,0,12345
5.0,0.1,40,0,S-HCP-within,0.98,28.83710839969681,28.570565346508655,1.854391514754548,0,12345
5.0,0.1,40,0,Std-CP,1.0,,,,100,12345
5.0,0.1,40,0,Subsampling,0.93,31.00194482667567,31.00194482667567,0.0,0,12345
5.0,0.1,40,5,Donor-HCP-no-within,0.94,30.37802440464705,29.294064157517887,3.906110416051962,0,12345
5.0,0.1,40,5,Donor-HCP-within,0.93,27.49326820816467,25.91160382284548,3.234141542568243,0,12345
5.0,0.1,40,5,HCP,0.93,30.918764690640423,30.918764690640423,2.142366956389904e-15,0,12345
5.0,0.1,40,5,Pooling,0.8,25.350340010587715,25.350340010587715,0.0,0,12345
5.0,0.1,40,5,Repeated,0.87,28.12373295927447,28.12373295927447,2.019842936871048e-15,0,12345
5.0,0.1,40,5,S-HCP-within,0.99,26.945555521509753,27.06410571762845,1.3435553875943314,0,12345
5.0,0.1,40,5,Std-CP,0.78,6.81339813779664,5.149761625849715,5.011123144273677,0,12345
5.0,0.1,40,5,Subsampling,0.93,31.00194482667567,31.00194482667567,0.0,0,12345
5.0,0.1,40,10,Donor-HCP-no-within,0.95,29.792730496309265,29.247900865936373,3.374309374792334,0,12345
5.0,0.1,40,10,Donor-HCP-within,0.92,24.13627712281365,24.225149740765854,2.940163444084032,0,12345
5.0,0.1,40,10,HCP,0.93,30.918764690640423,30.918764690640423,2.142366956389904e-15,0,12345
5.0,0.1,40,10,Pooling,0.8,25.350340010587715,25.350340010587715,0.0,0,12345
5.0,0.1,40,10,Repeated,0.87,28.12373295927447,28.12373295927447,2.019842936871048e-15,0,12345
5.0,0.1,40,10,S-HCP-within,0.97,26.76452198143784,27.055668658225457,1.2255376681844021,0,12345
5.0,0.1,40,10,Std-CP,0.83,25.753532044233285,11.132590166705787,45.941262229388165,0,12345
5.0,0.1,40,10,Subsampling,0.93,31.00194482667567,31.00194482667567,0.0,0,12345
5.0,0.1,40,15,Donor-HCP-no-within,0.89,28.32699419723351,26.931136491701935,3.3626915113958793,0,12345
5.0,0.1,40,15,Donor-HCP-within,0.88,17.967825542425242,18.236414397328417,1.8840360908216514,0,12345
5.0,0.1,40,15,HCP,0.93,30.918764690640423,30.918764690640423,2.142366956389904e-15,0,12345
5.0,0.1,40,15,Pooling,0.8,25.350340010587715,25.350340010587715,0.0,0,12345
5.0,0.1,40,15,Repeated,0.87,28.12373295927447,28.12373295927447,2.019842936871048e-15,0,12345
5.0,0.1,40,15,S-HCP-within,0.98,26.68141694148205,27.055668658225457,0.8420134847385675,0,12345
5.0,0.1,40,15,Std-CP,0.88,8.728353407041595,6.8732851849708565,5.879017434085562,0,12345
5.0,0.1,40,15,Subsampling,0.93,31.00194482667567,31.00194482667567,0.0,0,12345
5.0,0.1,40,20,Donor-HCP-no-within,0.88,27.171302148332398,25.740869232555426,3.077596226313857,0,12345
5.0,0.1,40,20,Donor-HCP-within,0.88,14.4168694572011,14.76849526144371,1.4681953800946086,0,12345
5.0,0.1,40,20,HCP,0.93,30.918764690640423,30.918764690640423,2.142366956389904e-15,0,12345
5.0,0.1,40,20,Pooling,0.8,25.350340010587715,25.350340010587715,0.0,0,12345
5.0,0.1,40,20,Repeated,0.87,28.12373295927447,28.12373295927447,2.019842936871048e-15,0,12345
5.0,0.1,40,20,S-HCP-within,0.99,25.931594459216143,26.28561648323545,1.3213552257624523,0,12345
5.0,0.1,40,20,Std-CP,0.9,6.530583967822386,5.991785330630716,2.96695529941941,0,12345
5.0,0.1,40,20,Subsampling,0.93,31.00194482667567,31.00194482667567,0.0,0,12345
5.0,0.1,40,25,Donor-HCP-no-within,0.93,14.593894466696085,13.06314907436407,8.103785242955258,0,12345
5.0,0.1,40,25,Donor-HCP-within,0.92,6.674370662962913,6.213234423096559,2.692087709944647,0,12345
5.0,0.1,40,25,HCP,0.93,30.918764690640423,30.918764690640423,2.142366956389904e-15,0,12345
5.0,0.1,40,25,Pooling,0.8,25.350340010587715,25.350340010587715,0.0,0,12345
5.0,0.1,40,25,Repeated,0.87,28.12373295927447,28.12373295927447,2.019842936871048e-15,0,12345
5.0,0.1,40,25,S-HCP-within,0.93,14.88065784783398,13.044712677167634,8.168372637705499,0,12345
5.0,0.1,40,25,Std-CP,0.96,6.61078801130025,5.9372522241067,2.42230145092181,0,12345
5.0,0.1,40,25,Subsampling,0.93,31.00194482667567,31.00194482667567,0.0,0,12345
5.0,0.1,40,30,Donor-HCP-no-within,0.92,14.063238897375072,12.28992432797368,8.090199748829258,0,12345
5.0,0.1,40,30,Donor-HCP-within,0.94,6.446271761682887,6.066247789736345,2.4833621678458,0,12345
5.0,0.1,40,30,HCP,0.93,30.918764690640423,30.918764690640423,2.142366956389904e-15,0,12345
5.0,0.1,40,30,Pooling,0.8,25.350340010587715,25.350340010587715,0.0,0,12345
5.0,0.1,40,30,Repeated,0.87,28.12373295927447,28.12373295927447,2.019842936871048e-15,0,12345
5.0,0.1,40,30,S-HCP-within,0.96,15.102576570918938,13.673100820965951,8.010961259981716,0,12345
5.0,0.1,40,30,Std-CP,0.95,6.258121608323978,6.131090861349874,1.9877900146089342,0,12345
5.0,0.1,40,30,Subsampling,0.93,31.00194482667567,31.00194482667567,0.0,0,12345
5.0,0.1,40,35,Donor-HCP-no-within,0.95,14.340285921463453,12.537191858003895,8.100690783855454,0,12345
5.0,0.1,40,35,Donor-HCP-within,0.96,6.541040151135877,6.058621779984394,2.203323932184868,0,12345
5.0,0.1,40,35,HCP,0.93,30.918764690640423,30.918764690640423,2.142366956389904e-15,0,12345
5.0,0.1,40,35,Pooling,0.8,25.350340010587715,25.350340010587715,0.0,0,12345
5.0,0.1,40,35,Repeated,0.87,28.12373295927447,28.12373295927447,2.019842936871048e-15,0,12345
5.0,0.1,40,35,S-HCP-within,0.98,15.288634534428182,13.799592787353937,8.137665347420924,0,12345
5.0,0.1,40,35,Std-CP,0.97,6.396341736437831,6.060370874857632,1.7749142437442695,0,12345
5.0,0.1,40,35,Subsampling,0.93,31.00194482667567,31.00194482667567,0.0,0,12345
5.0,0.1,41,0,Donor-HCP-no-within,0.98,44.43560720040764,44.43560720040764,3.710688416924011e-15,0,12345
5.0,0.1,41,0,Donor-HCP-within,0.98,44.43560720040764,44.43560720040764,3.710688416924011e-15,0,12345
5.0,0.1,41,0,HCP,0.98,44.43560720040764,44.43560720040764,3.710688416924011e-15,0,12345
5.0,0.1,41,0,Pooling,0.96,41.123503545180476,41.123503545180476,3.3495305785253868e-15,0,12345
5.0,0.1,41,0,Repeated,0.97,42.59422941189277,42.59422941189277,0.0,0,12345
5.0,0.1,41,0,S-HCP-within,0.98,27.273167926096157,26.355664668065742,3.7008778606707273,0,12345
5.0,0.1,41,0,Std-CP,1.0,,,,100,12345
5.0,0.1,41,0,Subsampling,0.97,41.31171819517181,41.31171819517181,0.0,0,12345
5.0,0.1,41,5,Donor-HCP-no-within,1.0,36.19797935302461,34.965676119840836,3.439829461495324,0,12345
5.0,0.1,41,5,Donor-HCP-within,1.0,31.50108692450874,30.14121029161111,3.150391628841209,0,12345
5.0,0.1,41,5,HCP,0.98,44.43560720040764,44.43560720040764,3.710688416924011e-15,0,12345
5.0,0.1,41,5,Pooling,0.96,41.123503545180476,41.123503545180476,3.3495305785253868e-15,0,12345
5.0,0.1,41,5,Repeated,0.97,42.59422941189277,42.59422941189277,0.0,0,12345
5.0,0.1,41,5,S-HCP-within,0.96,24.108614315108426,24.033268563751356,1.6391606740515097,0,12345
5.0,0.1,41,5,Std-CP,0.78,6.258384582421304,5.583664407822467,3.377202309210049,0,12345
5.0,0.1,41,5,Subsampling,0.97,41.31171819517181,41.31171819517181,0.0,0,12345
5.0,0.1,41,10,Donor-HCP-no-within,0.99,34.58159766903086,33.40560648491662,3.7447939269231543,0,12345
5.0,0.1,41,10,Donor-HCP-within,0.95,27.079534755981562,26.16805176163173,2.5664980115313556,0,12345
5.0,0.1,41,10,HCP,0.98,44.43560720040764,44.43560720040764,3.710688416924011e-15,0,12345
5.0,0.1,41,10,Pooling,0.96,41.123503545180476,41.123503545180476,3.3495305785253868e-15,0,12345
5.0,0.1,41,10,Repeated,0.97,42.59422941189277,42.59422941189277,0.0,0,12345
5.0,0.1,41,10,S-HCP-within,0.98,23.636059077880645,23.26547260406756,1.2923672345689208,0,12345
5.0,0.1,41,10,Std-CP,0.8,26.983592692331694,12.422701994089156,50.72874765260855,0,12345
5.0,0.1,41,10,Subsampling,0.97,41.31171819517181,41.31171819517181,0.0,0,12345
5.0,0.1,41,15,Donor-HCP-no-within,0.97,33.5593136767403,31.558287611380017,3.934908525937382,0,12345
5.0,0.1,41,15,Donor-HCP-within,0.96,21.62701554442956,20.611922387189928,2.8849257689300427,0,12345
5.0,0.1,41,15,HCP,0.98,44.43560720040764,44.43560720040764,3.710688416924011e-15,0,12345
5.0,0.1,41,15,Pooling,0.96,41.123503545180476,41.123503545180476,3.3495305785253868e-15,0,12345
5.0,0.1,41,15,Repeated,0.97,42.59422941189277,42.59422941189277,0.0,0,12345
5.0,0.1,41,15,S-HCP-within,0.97,23.52445202148774,23.0619473226997,1.3802871726256967,0,12345
5.0,0.1,41,15,Std-CP,0.93,8.69195244388384,7.53445513429578,5.766437167775463,0,12345
5.0,0.1,41,15,Subsampling,0.97,41.31171819517181,41.31171819517181,0.0,0,12345
5.0,0.1,41,20,Donor-HCP-no-within,0.96,32.245886973310284,30.460334375356346,3.9932213860834787,0,12345
5.0,0.1,41,20,Donor-HCP-within,0.95,16.890116735528927,16.126351534263335,1.9045849291077523,0,12345
5.0,0.1,41,20,HCP,0.98,44.43560720040764,44.43560720040764,3.710688416924011e-15,0,12345
5.0,0.1,41,20,Pooling,0.96,41.123503545180476,41.123503545180476,3.3495305785253868e-15,0,12345
5.0,0.1,41,20,Repeated,0.97,42.59422941189277,42.59422941189277,0.0,0,12345
5.0,0.1,41,20,S-HCP-within,0.95,22.777611414984893,22.851680268208256,1.1105065274322297,0,12345
5.0,0.1,41,20,Std-CP,0.92,7.188405884466084,6.561011291159067,2.4680410319288684,0,12345
5.0,0.1,41,20,Subsampling,0.97,41.31171819517181,41.31171819517181,0.0,0,12345
5.0,0.1,41,25,Donor-HCP-no-within,0.92,15.548425438536762,15.455245692391175,6.809169256693654,0,12345
5.0,0.1,41,25,Donor-HCP-within,0.95,6.909541021658395,6.4312743278246085,2.396521309290575,0,12345
5.0,0.1,41,25,HCP,0.98,44.43560720040764,44.43560720040764,3.710688416924011e-15,0,12345
5.0,0.1,41,25,Pooling,0.96,41.123503545180476,41.123503545180476,3.3495305785253868e-15,0,12345
5.0,0.1,41,25,Repeated,0.97,42.59422941189277,42.59422941189277,0.0,0,12345
5.0,0.1,41,25,S-HCP-within,0.95,16.188671525480487,15.963391150417394,6.800279928388909,0,12345
5.0,0.1,41,25,Std-CP,0.97,6.707764363206726,6.608077108964551,2.207328110039176,0,12345
5.0,0.1,41,25,Subsampling,0.97,41.31171819517181,41.31171819517181,0.0,0,12345
5.0,0.1,41,30,Donor-HCP-no-within,0.92,15.12344089522676,14.914634474223881,6.713904443166213,0,12345
5.0,0.1,41,30,Donor-HCP-within,0.98,6.620475109734481,6.401007425054662,2.2418270032899468,0,12345
5.0,0.1,41,30,HCP,0.98,44.43560720040764,44.43560720040764,3.710688416924011e-15,0,12345
5.0,0.1,41,30,Pooling,0.96,41.123503545180476,41.123503545180476,3.3495305785253868e-15,0,12345
5.0,0.1,41,30,Repeated,0.97,42.59422941189277,42.59422941189277,0.0,0,12345
5.0,0.1,41,30,S-HCP-within,0.95,16.344135155089763,15.940237906073698,6.676349519231198,0,12345
5.0,0.1,41,30,Std-CP,0.94,6.634094310351262,6.55045051234212,2.043078027044557,0,12345
5.0,0.1,41,30,Subsampling,0.97,41.31171819517181,41.31171819517181,0.0,0,12345
5.0,0.1,41,35,Donor-HCP-no-within,0.92,15.362552091799452,15.624496368470478,6.735318988351327,0,12345
5.0,0.1,41,35,Donor-HCP-within,0.96,6.430295198311707,6.278786479869996,2.008170963260368,0,12345
5.0,0.1,41,35,HCP,0.98,44.43560720040764,44.43560720040764,3.710688416924011e-15,0,12345
5.0,0.1,41,35,Pooling,0.96,41.123503545180476,41.123503545180476,3.3495305785253868e-15,0,12345
5.0,0.1,41,35,Repeated,0.97,42.59422941189277,42.59422941189277,0.0,0,12345
5.0,0.1,41,35,S-HCP-within,0.96,16.50142858380334,16.727483813274873,6.749483760128215,0,12345
5.0,0.1,41,35,Std-CP,0.94,6.659019209648521,6.445759544545831,2.189680309940467,0,12345
5.0,0.1,41,35,Subsampling,0.97,41.31171819517181,41.31171819517181,0.0,0,12345
5.0,0.1,42,0,Donor-HCP-no-within,0.97,22.720177483140674,22.720177483140674,9.44695030608341e-16,0,12345
5.0,0.1,42,0,Donor-HCP-within,0.97,22.720177483140674,22.720177483140674,9.44695030608341e-16,0,12345
5.0,0.1,42,0,HCP,0.97,22.720177483140674,22.720177483140674,9.44695030608341e-16,0,12345
5.0,0.1,42,0,Pooling,0.87,17.61044692164353,17.61044692164353,7.984130245395255e-16,0,12345
5.0,0.1,42,0,Repeated,0.91,19.51505715875098,19.51505715875098,4.023874909457371e-15,0,12345
5.0,0.1,42,0,S-HCP-within,1.0,29.887208136434754,29.713622817907822,2.627221425749831,0,12345
5.0,0.1,42,0,Std-CP,1.0,,,,100,12345
5.0,0.1,42,0,Subsampling,0.88,17.723135421905255,17.723135421905255,7.984130245395255e-16,0,12345
5.0,0.1,42,5,Donor-HCP-no-within,0.96,23.49514636319334,22.431759769491332,3.1238476710063363,0,12345
5.0,0.1,42,5,Donor-HCP-within,0.96,21.48013817648393,21.094421472986337,2.4538493756510134,0,12345
5.0,0.1,42,5,HCP,0.97,22.720177483140674,22.720177483140674,9.44695030608341e-16,0,12345
5.0,0.1,42,5,Pooling,0.87,17.61044692164353,17.61044692164353,7.984130245395255e-16,0,12345
5.0,0.1,42,5,Repeated,0.91,19.51505715875098,19.51505715875098,4.023874909457371e-15,0,12345
5.0,0.1,42,5,S-HCP-within,0.99,26.994798756244307,26.321642540383248,1.2379338257986505,0,12345
5.0,0.1,42,5,Std-CP,0.79,6.599480753704115,5.92517724359339,4.1011343485868075,0,12345
5.0,0.1,42,5,Subsampling,0.88,17.723135421905255,17.723135421905255,7.984130245395255e-16,0,12345
5.0,0.1,42,10,Donor-HCP-no-within,0.97,22.57945332671406,21.829855172534337,3.1302493831804497,0,12345
5.0,0.1,42,10,Donor-HCP-within,1.0,390.07912819837657,410.88503295515284,79.92976630479696,0,12345
5.0,0.1,42,10,HCP,0.97,22.720177483140674,22.720177483140674,9.44695030608341e-16,0,12345
5.0,0.1,42,10,Pooling,0.87,17.61044692164353,17.61044692164353,7.984130245395255e-16,0,12345
5.0,0.1,42,10,Repeated,0.91,19.51505715875098,19.51505715875098,4.023874909457371e-15,0,12345
5.0,0.1,42,10,S-HCP-within,0.98,26.69781995812931,26.320207374133574,1.048638707515793,0,12345
5.0,0.1,42,10,Std-CP,0.87,32.69525151753053,13.655384605742801,46.614535617791184,0,12345
5.0,0.1,42,10,Subsampling,0.88,17.723135421905255,17.723135421905255,7.984130245395255e-16,0,12345
5.0,0.1,42,15,Donor-HCP-no-within,0.93,21.323750210647237,21.03625011117294,3.0441326450396775,0,12345
5.0,0.1,42,15,Donor-HCP-within,0.96,13.575586577686051,13.347810727331797,1.0981549241202964,0,12345
5.0,0.1,42,15,HCP,0.97,22.720177483140674,22.720177483140674,9.44695030608341e-16,0,12345
5.0,0.1,42,15,Pooling,0.87,17.61044692164353,17.61044692164353,7.984130245395255e-16,0,12345
5.0,0.1,42,15,Repeated,0.91,19.51505715875098,19.51505715875098,4.023874909457371e-15,0,12345
5.0,0.1,42,15,S-HCP-within,0.98,26.33847705209349,26.1518584909628,0.9094893048269325,0,12345
5.0,0.1,42,15,Std-CP,0.94,10.19324444166866,8.586523644525265,6.0583201522592045,0,12345
5.0,0.1,42,15,Subsampling,0.88,17.723135421905255,17.723135421905255,7.984130245395255e-16,0,12345
5.0,0.1,42,20,Donor-HCP-no-within,0.94,19.496707560394192,19.231181951146745,1.699315935449832,0,12345
5.0,0.1,42,20,Donor-HCP-within,0.95,11.05629820931494,10.771772555493468,0.7524695832782602,0,12345
5.0,0.1,42,20,HCP,0.97,22.720177483140674,22.720177483140674,9.44695030608341e-16,0,12345
5.0,0.1,42,20,Pooling,0.87,17.61044692164353,17.61044692164353,7.984130245395255e-16,0,12345
5.0,0.1,42,20,Repeated,0.91,19.51505715875098,19.51505715875098,4.023874909457371e-15,0,12345
5.0,0.1,42,20,S-HCP-within,0.95,22.618901192845268,23.146024326141593,2.048688788846451,0,12345
5.0,0.1,42,20,Std-CP,0.92,7.439700827783003,6.46129316708744,3.4628240560802936,0,12345
5.0,0.1,42,20,Subsampling,0.88,17.723135421905255,17.723135421905255,7.984130245395255e-16,0,12345
5.0,0.1,42,25,Donor-HCP-no-within,0.92,14.287934575388677,13.836842255625458,6.389944919068729,0,12345
5.0,0.1,42,25,Donor-HCP-within,0.94,7.133622542272795,6.77450988009695,2.647956212221222,0,12345
5.0,0.1,42,25,HCP,0.97,22.720177483140674,22.720177483140674,9.44695030608341e-16,0,12345
5.0,0.1,42,25,Pooling,0.87,17.61044692164353,17.61044692164353,7.984130245395255e-16,0,12345
5.0,0.1,42,25,Repeated,0.91,19.51505715875098,19.51505715875098,4.023874909457371e-15,0,12345
5.0,0.1,42,25,S-HCP-within,0.95,14.688751608639729,14.362281901012043,6.602004139180183,0,12345
5.0,0.1,42,25,Std-CP,0.92,7.107012698975314,6.760895535514366,2.7701047850753455,0,12345
5.0,0.1,42,25,Subsampling,0.88,17.723135421905255,17.723135421905255,7.984130245395255e-16,0,12345
5.0,0.1,42,30,Donor-HCP-no-within,0.9,13.658625336860444,13.300293365590914,6.245611187815153,0,12345
5.0,0.1,42,30,Donor-HCP-within,0.95,6.466403032333107,6.167639427219282,2.1109060408534863,0,12345
5.0,0.1,42,30,HCP,0.97,22.720177483140674,22.720177483140674,9.44695030608341e-16,0,12345
5.0,0.1,42,30,Pooling,0.87,17.61044692164353,17.61044692164353,7.984130245395255e-16,0,12345
5.0,0.1,42,30,Repeated,0.91,19.51505715875098,19.51505715875098,4.023874909457371e-15,0,12345
5.0,0.1,42,30,S-HCP-within,0.91,14.648983899366655,14.222155516752112,6.5556162992403335,0,12345
5.0,0.1,42,30,Std-CP,0.95,6.583611929635943,6.217566801007927,2.2384273563120263,0,12345
5.0,0.1,42,30,Subsampling,0.88,17.723135421905255,17.723135421905255,7.984130245395255e-16,0,12345
5.0,0.1,42,35,Donor-HCP-no-within,0.91,13.934406870754371,13.466249162199404,6.195927443992114,0,12345
5.0,0.1,42,35,Donor-HCP-within,0.96,6.603108552239346,6.338131713021396,2.064037848001685,0,12345
5.0,0.1,42,35,HCP,0.97,22.720177483140674,22.720177483140674,9.44695030608341e-16,0,12345
5.0,0.1,42,35,Pooling,0.87,17.61044692164353,17.61044692164353,7.984130245395255e-16,0,12345
5.0,0.1,42,35,Repeated,0.91,19.51505715875098,19.51505715875098,4.023874909457371e-15,0,12345
5.0,0.1,42,35,S-HCP-within,0.93,14.916354890843458,14.332592140544817,6.504190496013985,0,12345
5.0,0.1,42,35,Std-CP,0.95,6.757806896476113,6.701166631960284,1.8647350443483977,0,12345
5.0,0.1,42,35,Subsampling,0.88,17.723135421905255,17.723135421905255,7.984130245395255e-16,0,12345
5.0,0.1,43,0,Donor-HCP-no-within,0.91,37.70305730924054,37.70305730924054,4.628041575066743e-15,0,12345
5.0,0.1,43,0,Donor-HCP-within,0.91,37.70305730924054,37.70305730924054,4.628041575066743e-15,0,12345
5.0,0.1,43,0,HCP,0.91,37.70305730924054,37.70305730924054,4.628041575066743e-15,0,12345
5.0,0.1,43,0,Pooling,0.8,29.517895020705218,29.517895020705218,1.6747652892626934e-15,0,12345
5.0,0.1,43,0,Repeated,0.89,34.002627308515024,34.002627308515024,4.164012887938557e-15,0,12345
5.0,0.1,43,0,S-HCP-within,0.9,30.89575332816048,29.824889653940986,2.755839227646227,0,12345
5.0,0.1,43,0,Std-CP,1.0,,,,100,12345
5.0,0.1,43,0,Subsampling,0.83,31.257805752483133,31.25780575248313,1.820661819318084e-15,0,12345
5.0,0.1,43,5,Donor-HCP-no-within,0.91,37.997257924005275,38.82299720489845,2.6502904234341442,0,12345
5.0,0.1,43,5,Donor-HCP-within,0.96,32.79006689591777,32.8540381944771,2.288362534525074,0,12345
5.0,0.1,43,5,HCP,0.91,37.70305730924054,37.70305730924054,4.628041575066743e-15,0,12345
5.0,0.1,43,5,Pooling,0.8,29.517895020705218,29.517895020705218,1.6747652892626934e-15,0,12345
5.0,0.1,43,5,Repeated,0.89,34.002627308515024,34.002627308515024,4.164012887938557e-15,0,12345
5.0,0.1,43,5,S-HCP-within,0.89,28.417704739579822,27.99777187445158,2.191550701325512,0,12345
5.0,0.1,43,5,Std-CP,0.77,7.062326169721208,5.315776850224062,7.251122864067077,0,12345
5.0,0.1,43,5,Subsampling,0.83,31.257805752483133,31.25780575248313,1.820661819318084e-15,0,12345
5.0,0.1,43,10,Donor-HCP-no-within,0.92,35.906432237005895,37.14111945384103,2.845863973931737,0,12345
5.0,0.1,43,10,Donor-HCP-within,0.98,34.63996750855965,34.73213633607348,2.2411576558267368,0,12345
5.0,0.1,43,10,HCP,0.91,37.70305730924054,37.70305730924054,4.628041575066743e-15,0,12345
5.0,0.1,43,10,Pooling,0.8,29.517895020705218,29.517895020705218,1.6747652892626934e-15,0,12345
5.0,0.1,43,10,Repeated,0.89,34.002627308515024,34.002627308515024,4.164012887938557e-15,0,12345
5.0,0.1,43,10,S-HCP-within,0.89,28.062280929442593,27.246983259888026,2.5387461333707964,0,12345
5.0,0.1,43,10,Std-CP,0.79,27.286347164825727,13.810274084044538,50.685020596017736,0,12345
5.0,0.1,43,10,Subsampling,0.83,31.257805752483133,31.25780575248313,1.820661819318084e-15,0,12345
5.0,0.1,43,15,Donor-HCP-no-within,0.86,34.08642660099465,33.33606699649995,2.9588445493633873,0,12345
5.0,0.1,43,15,Donor-HCP-within,0.9,20.56748887196859,21.125721780843755,1.971846757025545,0,12345
5.0,0.1,43,15,HCP,0.91,37.70305730924054,37.70305730924054,4.628041575066743e-15,0,12345
5.0,0.1,43,15,Pooling,0.8,29.517895020705218,29.517895020705218,1.6747652892626934e-15,0,12345
5.0,0.1,43,15,Repeated,0.89,34.002627308515024,34.002627308515024,4.164012887938557e-15,0,12345
5.0,0.1,43,15,S-HCP-within,0.9,27.528212504676347,27.23016480492341,2.5061728570301507,0,12345
5.0,0.1,43,15,Std-CP,0.91,9.865373933504394,7.283754287097166,12.020784643696246,0,12345
5.0,0.1,43,15,Subsampling,0.83,31.257805752483133,31.25780575248313,1.820661819318084e-15,0,12345
5.0,0.1,43,20,Donor-HCP-no-within,0.86,30.7059667031339,28.7950250356677,4.954581203229747,0,12345
5.0,0.1,43,20,Donor-HCP-within,0.86,16.311108255268685,15.21115839114206,2.118825815466395,0,12345
5.0,0.1,43,20,HCP,0.91,37.70305730924054,37.70305730924054,4.628041575066743e-15,0,12345
5.0,0.1,43,20,Pooling,0.8,29.517895020705218,29.517895020705218,1.6747652892626934e-15,0,12345
5.0,0.1,43,20,Repeated,0.89,34.002627308515024,34.002627308515024,4.164012887938557e-15,0,12345
5.0,0.1,43,20,S-HCP-within,0.87,25.805322283949444,24.819791086833582,3.0672050737531595,0,12345
5.0,0.1,43,20,Std-CP,0.89,7.237295230999411,6.5721287826066295,3.0606384021555892,0,12345
5.0,0.1,43,20,Subsampling,0.83,31.257805752483133,31.25780575248313,1.820661819318084e-15,0,12345
5.0,0.1,43,25,Donor-HCP-no-within,0.96,17.990262782177414,16.24456119496231,8.843234351515587,0,12345
5.0,0.1,43,25,Donor-HCP-within,0.94,7.039687653745469,6.673156264654218,2.546984249045975,0,12345
5.0,0.1,43,25,HCP,0.91,37.70305730924054,37.70305730924054,4.628041575066743e-15,0,12345
5.0,0.1,43,25,Pooling,0.8,29.517895020705218,29.517895020705218,1.6747652892626934e-15,0,12345
5.0,0.1,43,25,Repeated,0.89,34.002627308515024,34.002627308515024,4.164012887938557e-15,0,12345
5.0,0.1,43,25,S-HCP-within,0.96,18.86998928328548,17.319136256404548,9.243608394278699,0,12345
5.0,0.1,43,25,Std-CP,0.94,7.32742231530377,7.341623893093441,2.4410849367509146,0,12345
5.0,0.1,43,25,Subsampling,0.83,31.257805752483133,31.25780575248313,1.820661819318084e-15,0,12345
5.0,0.1,43,30,Donor-HCP-no-within,0.93,17.43358661335175,15.37937596459884,8.783737045014457,0,12345
5.0,0.1,43,30,Donor-HCP-within,0.93,6.68481794031938,6.3661753305899405,1.9998506800599052,0,12345
5.0,0.1,43,30,HCP,0.91,37.70305730924054,37.70305730924054,4.628041575066743e-15,0,12345
5.0,0.1,43,30,Pooling,0.8,29.517895020705218,29.517895020705218,1.6747652892626934e-15,0,12345
5.0,0.1,43,30,Repeated,0.89,34.002627308515024,34.002627308515024,4.164012887938557e-15,0,12345
5.0,0.1,43,30,S-HCP-within,0.96,18.878628641042372,17.217556604119785,9.26117248855965,0,12345
5.0,0.1,43,30,Std-CP,0.92,6.809909981274135,6.415634566089952,2.454625110186665,0,12345
5.0,0.1,43,30,Subsampling,0.83,31.257805752483133,31.25780575248313,1.820661819318084e-15,0,12345
5.0,0.1,43,35,Donor-HCP-no-within,0.94,17.712495542486046,15.448903266813698,8.775909916481757,0,12345
5.0,0.1,43,35,Donor-HCP-within,0.94,6.795076520987214,6.631953104718141,1.9050879693032838,0,12345
5.0,0.1,43,35,HCP,0.91,37.70305730924054,37.70305730924054,4.628041575066743e-15,0,12345
5.0,0.1,43,35,Pooling,0.8,29.517895020705218,29.517895020705218,1.6747652892626934e-15,0,12345
5.0,0.1,43,35,Repeated,0.89,34.002627308515024,34.002627308515024,4.164012887938557e-15,0,12345
5.0,0.1,43,35,S-HCP-within,0.96,18.95246397353278,17.386024060315886,8.979925999258032,0,12345
5.0,0.1,43,35,Std-CP,0.94,6.741727871523184,6.377640387958346,2.020877782339419,0,12345
5.0,0.1,43,35,Subsampling,0.83,31.257805752483133,31.25780575248313,1.820661819318084e-15,0,12345
5.0,0.1,44,0,Donor-HCP-no-within,0.98,41.53396971761089,41.533969717610894,4.6828132043409275e-15,0,12345
5.0,0.1,44,0,Donor-HCP-within,0.98,41.53396971761089,41.533969717610894,4.6828132043409275e-15,0,12345
5.0,0.1,44,0,HCP,0.98,41.53396971761089,41.533969717610894,4.6828132043409275e-15,0,12345
5.0,0.1,44,0,Pooling,0.92,32.3750509292878,32.3750509292878,4.1023203976182695e-15,0,12345
5.0,0.1,44,0,Repeated,0.95,36.96633945023173,36.96633945023173,0.0,0,12345
5.0,0.1,44,0,S-HCP-within,0.85,41.951438749531256,41.5586772537509,3.0307822206615302,0,12345
5.0,0.1,44,0,Std-CP,1.0,,,,100,12345
5.0,0.1,44,0,Subsampling,0.98,41.98177848701448,41.98177848701448,0.0,0,12345
5.0,0.1,44,5,Donor-HCP-no-within,0.98,35.13884677032604,36.87365303872756,4.556004029790415,0,12345
5.0,0.1,44,5,Donor-HCP-within,0.98,31.25162799879846,33.34384108618568,4.860316913356649,0,12345
5.0,0.1,44,5,HCP,0.98,41.53396971761089,41.533969717610894,4.6828132043409275e-15,0,12345
5.0,0.1,44,5,Pooling,0.92,32.3750509292878,32.3750509292878,4.1023203976182695e-15,0,12345
5.0,0.1,44,5,Repeated,0.95,36.96633945023173,36.96633945023173,0.0,0,12345
5.0,0.1,44,5,S-HCP-within,0.86,39.48486102520285,39.80903190608454,2.487896790132667,0,12345
5.0,0.1,44,5,Std-CP,0.73,6.319069498300438,5.033226408875656,4.758439059932976,0,12345
5.0,0.1,44,5,Subsampling,0.98,41.98177848701448,41.98177848701448,0.0,0,12345
5.0,0.1,44,10,Donor-HCP-no-within,0.95,32.96900030043986,35.19067762578676,5.066584802699691,0,12345
5.0,0.1,44,10,Donor-HCP-within,0.97,33.456482744394044,32.35309529725247,8.058273665624487,0,12345
5.0,0.1,44,10,HCP,0.98,41.53396971761089,41.533969717610894,4.6828132043409275e-15,0,12345
5.0,0.1,44,10,Pooling,0.92,32.3750509292878,32.3750509292878,4.1023203976182695e-15,0,12345
5.0,0.1,44,10,Repeated,0.95,36.96633945023173,36.96633945023173,0.0,0,12345
5.0,0.1,44,10,S-HCP-within,0.85,39.253398726813586,38.47987938892797,2.303621969526787,0,12345
5.0,0.1,44,10,Std-CP,0.87,34.01869040465309,12.353887316059854,89.27865616909132,0,12345
5.0,0.1,44,10,Subsampling,0.98,41.98177848701448,41.98177848701448,0.0,0,12345
5.0,0.1,44,15,Donor-HCP-no-within,0.98,31.59732864378539,33.725827877986724,5.0396803000269825,0,12345
5.0,0.1,44,15,Donor-HCP-within,0.96,20.99476161515491,22.31698662882815,3.4877302056578507,0,12345
5.0,0.1,44,15,HCP,0.98,41.53396971761089,41.533969717610894,4.6828132043409275e-15,0,12345
5.0,0.1,44,15,Pooling,0.92,32.3750509292878,32.3750509292878,4.1023203976182695e-15,0,12345
5.0,0.1,44,15,Repeated,0.95,36.96633945023173,36.96633945023173,0.0,0,12345
5.0,0.1,44,15,S-HCP-within,0.86,39.194191556206135,38.35709497874872,2.7284619995670853,0,12345
5.0,0.1,44,15,Std-CP,0.91,8.682498588321764,6.649723404133142,6.394588463492792,0,12345
5.0,0.1,44,15,Subsampling,0.98,41.98177848701448,41.98177848701448,0.0,0,12345
5.0,0.1,44,20,Donor-HCP-no-within,0.93,27.408476728692094,27.57827443465203,4.327964933117733,0,12345
5.0,0.1,44,20,Donor-HCP-within,0.95,16.04031287825549,15.989789027613696,1.920432791284677,0,12345
5.0,0.1,44,20,HCP,0.98,41.53396971761089,41.533969717610894,4.6828132043409275e-15,0,12345
5.0,0.1,44,20,Pooling,0.92,32.3750509292878,32.3750509292878,4.1023203976182695e-15,0,12345
5.0,0.1,44,20,Repeated,0.95,36.96633945023173,36.96633945023173,0.0,0,12345
5.0,0.1,44,20,S-HCP-within,0.85,38.49644033259179,37.241604942436666,2.616766418181504,0,12345
5.0,0.1,44,20,Std-CP,0.93,7.020298825231092,6.808266000467346,2.773720548843144,0,12345
5.0,0.1,44,20,Subsampling,0.98,41.98177848701448,41.98177848701448,0.0,0,12345
5.0,0.1,44,25,Donor-HCP-no-within,0.97,13.367092318701346,11.619787005623225,6.627904166226014,0,12345
5.0,0.1,44,25,Donor-HCP-within,0.97,6.389032798664079,6.13215864620848,1.8700197565285004,0,12345
5.0,0.1,44,25,HCP,0.98,41.53396971761089,41.533969717610894,4.6828132043409275e-15,0,12345
5.0,0.1,44,25,Pooling,0.92,32.3750509292878,32.3750509292878,4.1023203976182695e-15,0,12345
5.0,0.1,44,25,Repeated,0.95,36.96633945023173,36.96633945023173,0.0,0,12345
5.0,0.1,44,25,S-HCP-within,1.0,13.893411444004878,12.184748334224693,6.764376273148313,0,12345
5.0,0.1,44,25,Std-CP,0.98,6.5133762480824045,6.4921460648404485,2.1514233824043725,0,12345
5.0,0.1,44,25,Subsampling,0.98,41.98177848701448,41.98177848701448,0.0,0,12345
5.0,0.1,44,30,Donor-HCP-no-within,0.96,12.834562724874951,11.162897479253829,6.612284244247812,0,12345
5.0,0.1,44,30,Donor-HCP-within,0.98,6.2468572653396,5.987807709769098,1.9609065479207408,0,12345
5.0,0.1,44,30,HCP,0.98,41.53396971761089,41.533969717610894,4.6828132043409275e-15,0,12345
5.0,0.1,44,30,Pooling,0.92,32.3750509292878,32.3750509292878,4.1023203976182695e-15,0,12345
5.0,0.1,44,30,Repeated,0.95,36.96633945023173,36.96633945023173,0.0,0,12345
5.0,0.1,44,30,S-HCP-within,0.99,13.895285842908986,11.682418150377217,6.713098750592139,0,12345
5.0,0.1,44,30,Std-CP,0.97,6.532782307791431,6.194087565334271,2.358708751451729,0,12345
5.0,0.1,44,30,Subsampling,0.98,41.98177848701448,41.98177848701448,0.0,0,12345
5.0,0.1,44,35,Donor-HCP-no-within,0.96,13.036392650817834,11.6768387843871,6.601617274586434,0,12345
5.0,0.1,44,35,Donor-HCP-within,0.98,6.458771874762886,6.118913353099629,2.098821686664314,0,12345
5.0,0.1,44,35,HCP,0.98,41.53396971761089,41.533969717610894,4.6828132043409275e-15,0,12345
5.0,0.1,44,35,Pooling,0.92,32.3750509292878,32.3750509292878,4.1023203976182695e-15,0,12345
5.0,0.1,44,35,Repeated,0.95,36.96633945023173,36.96633945023173,0.0,0,12345
5.0,0.1,44,35,S-HCP-within,0.99,14.06163886071648,12.45105735626755,6.885607931820827,0,12345
5.0,0.1,44,35,Std-CP,1.0,6.667416456433033,6.5901628636012966,2.099418067882926,0,12345
5.0,0.1,44,35,Subsampling,0.98,41.98177848701448,41.98177848701448,0.0,0,12345
5.0,0.1,45,0,Donor-HCP-no-within,0.93,33.205212685029196,33.205212685029196,0.0,0,12345
5.0,0.1,45,0,Donor-HCP-within,0.93,33.205212685029196,33.205212685029196,0.0,0,12345
5.0,0.1,45,0,HCP,0.93,33.205212685029196,33.205212685029196,0.0,0,12345
5.0,0.1,45,0,Pooling,0.77,24.112415474405452,24.112415474405452,0.0,0,12345
5.0,0.1,45,0,Repeated,0.86,28.61221193778543,28.61221193778543,3.5347251395243337e-15,0,12345
5.0,0.1,45,0,S-HCP-within,0.9,17.063898377013405,16.97734525420846,1.4449664585518545,0,12345
5.0,0.1,45,0,Std-CP,1.0,,,,100,12345
5.0,0.1,45,0,Subsampling,0.78,24.57413748532028,24.57413748532028,0.0,0,12345
5.0,0.1,45,5,Donor-HCP-no-within,0.97,31.10820436455591,30.50957169044226,3.419804067474375,0,12345
5.0,0.1,45,5,Donor-HCP-within,0.95,26.349964825889746,26.189659541289736,2.7599395324282407,0,12345
5.0,0.1,45,5,HCP,0.93,33.205212685029196,33.205212685029196,0.0,0,12345
5.0,0.1,45,5,Pooling,0.77,24.112415474405452,24.112415474405452,0.0,0,12345
5.0,0.1,45,5,Repeated,0.86,28.61221193778543,28.61221193778543,3.5347251395243337e-15,0,12345
5.0,0.1,45,5,S-HCP-within,0.91,16.647577247984856,16.639726582097076,0.6655315697864181,0,12345
5.0,0.1,45,5,Std-CP,0.72,5.885866040897282,4.811636100461876,4.799924584574165,0,12345
5.0,0.1,45,5,Subsampling,0.78,24.57413748532028,24.57413748532028,0.0,0,12345
5.0,0.1,45,10,Donor-HCP-no-within,0.95,30.1509820361918,28.96043746648865,3.9126322562935476,0,12345
5.0,0.1,45,10,Donor-HCP-within,0.91,23.528402075995704,23.263615015087638,2.739071559928484,0,12345
5.0,0.1,45,10,HCP,0.93,33.205212685029196,33.205212685029196,0.0,0,12345
5.0,0.1,45,10,Pooling,0.77,24.112415474405452,24.112415474405452,0.0,0,12345
5.0,0.1,45,10,Repeated,0.86,28.61221193778543,28.61221193778543,3.5347251395243337e-15,0,12345
5.0,0.1,45,10,S-HCP-within,0.91,16.463533457792554,16.379818757480187,0.7780214949454596,0,12345
5.0,0.1,45,10,Std-CP,0.81,37.82897807126325,12.35733068418371,67.89055531069639,0,12345
5.0,0.1,45,10,Subsampling,0.78,24.57413748532028,24.57413748532028,0.0,0,12345
5.0,0.1,45,15,Donor-HCP-no-within,0.96,28.266016951175935,26.463520105399695,3.5977896041009823,0,12345
5.0,0.1,45,15,Donor-HCP-within,0.93,18.595969260094986,18.149459651458848,2.148711536572888,0,12345
5.0,0.1,45,15,HCP,0.93,33.205212685029196,33.205212685029196,0.0,0,12345
5.0,0.1,45,15,Pooling,0.77,24.112415474405452,24.112415474405452,0.0,0,12345
5.0,0.1,45,15,Repeated,0.86,28.61221193778543,28.61221193778543,3.5347251395243337e-15,0,12345
5.0,0.1,45,15,S-HCP-within,0.91,16.608929492539133,16.534221504929747,0.6647710858756921,0,12345
5.0,0.1,45,15,Std-CP,0.89,9.088906195477078,7.200933819827622,5.469475132066294,0,12345
5.0,0.1,45,15,Subsampling,0.78,24.57413748532028,24.57413748532028,0.0,0,12345
5.0,0.1,45,20,Donor-HCP-no-within,0.97,26.936180873462295,25.583594691253317,4.365250979286638,0,12345
5.0,0.1,45,20,Donor-HCP-within,0.91,14.408563646760163,14.248737499107843,1.647599443579876,0,12345
5.0,0.1,45,20,HCP,0.93,33.205212685029196,33.205212685029196,0.0,0,12345
5.0,0.1,45,20,Pooling,0.77,24.112415474405452,24.112415474405452,0.0,0,12345
5.0,0.1,45,20,Repeated,0.86,28.61221193778543,28.61221193778543,3.5347251395243337e-15,0,12345
5.0,0.1,45,20,S-HCP-within,0.91,16.404455977427638,16.379818757480187,0.5358236614680826,0,12345
5.0,0.1,45,20,Std-CP,0.86,6.552030082704559,6.191668839816371,2.142088409939759,0,12345
5.0,0.1,45,20,Subsampling,0.78,24.57413748532028,24.57413748532028,0.0,0,12345
5.0,0.1,45,25,Donor-HCP-no-within,0.93,11.957244808388428,10.736787875674743,6.038411020478893,0,12345
5.0,0.1,45,25,Donor-HCP-within,0.93,6.555057628717293,6.211947215910845,2.224140726134374,0,12345
5.0,0.1,45,25,HCP,0.93,33.205212685029196,33.205212685029196,0.0,0,12345
5.0,0.1,45,25,Pooling,0.77,24.112415474405452,24.112415474405452,0.0,0,12345
5.0,0.1,45,25,Repeated,0.86,28.61221193778543,28.61221193778543,3.5347251395243337e-15,0,12345
5.0,0.1,45,25,S-HCP-within,0.89,12.207503547858325,11.100537644262381,6.213973263112557,0,12345
5.0,0.1,45,25,Std-CP,0.94,6.79485144897535,6.207728508210165,2.1846258375422307,0,12345
5.0,0.1,45,25,Subsampling,0.78,24.57413748532028,24.57413748532028,0.0,0,12345
5.0,0.1,45,30,Donor-HCP-no-within,0.91,11.511346898972176,10.337315794153401,6.087253198135997,0,12345
5.0,0.1,45,30,Donor-HCP-within,0.93,6.316666675424577,6.025534903123909,1.9680072905230186,0,12345
5.0,0.1,45,30,HCP,0.93,33.205212685029196,33.205212685029196,0.0,0,12345
5.0,0.1,45,30,Pooling,0.77,24.112415474405452,24.112415474405452,0.0,0,12345
5.0,0.1,45,30,Repeated,0.86,28.61221193778543,28.61221193778543,3.5347251395243337e-15,0,12345
5.0,0.1,45,30,S-HCP-within,0.92,12.37780387072201,10.988926876624461,6.103057574857792,0,12345
5.0,0.1,45,30,Std-CP,0.93,6.758367624631673,6.0234420016119685,2.562701685069295,0,12345
5.0,0.1,45,30,Subsampling,0.78,24.57413748532028,24.57413748532028,0.0,0,12345
5.0,0.1,45,35,Donor-HCP-no-within,0.92,11.758491187331407,10.337315794153401,6.121888341114366,0,12345
5.0,0.1,45,35,Donor-HCP-within,0.95,6.3102306810057,5.961347618820655,1.8394593932355408,0,12345
5.0,0.1,45,35,HCP,0.93,33.205212685029196,33.205212685029196,0.0,0,12345
5.0,0.1,45,35,Pooling,0.77,24.112415474405452,24.112415474405452,0.0,0,12345
5.0,0.1,45,35,Repeated,0.86,28.61221193778543,28.61221193778543,3.5347251395243337e-15,0,12345
5.0,0.1,45,35,S-HCP-within,0.93,12.73410295723598,11.158396574047888,6.0786831160605646,0,12345
5.0,0.1,45,35,Std-CP,0.93,6.422589122469695,6.328594976966832,1.8499066442444527,0,12345
5.0,0.1,45,35,Subsampling,0.78,24.57413748532028,24.57413748532028,0.0,0,12345
5.0,0.1,46,0,Donor-HCP-no-within,1.0,34.81101649381609,34.81101649381609,3.498470589969791e-15,0,12345
5.0,0.1,46,0,Donor-HCP-within,1.0,34.81101649381609,34.81101649381609,3.498470589969791e-15,0,12345
5.0,0.1,46,0,HCP,1.0,34.81101649381609,34.81101649381609,3.498470589969791e-15,0,12345
5.0,0.1,46,0,Pooling,0.96,28.14122093296507,28.14122093296507,0.0,0,12345
5.0,0.1,46,0,Repeated,1.0,31.908727380758478,31.908727380758478,2.9659727471792573e-15,0,12345
5.0,0.1,46,0,S-HCP-within,0.94,32.61827508758249,31.682062262208646,2.868226178808493,0,12345
5.0,0.1,46,0,Std-CP,1.0,,,,100,12345
5.0,0.1,46,0,Subsampling,0.99,31.626102278617292,31.62610227861729,1.5563935104807336e-15,0,12345
5.0,0.1,46,5,Donor-HCP-no-within,0.97,35.11555493452773,34.04490831443011,4.101171069197269,0,12345
5.0,0.1,46,5,Donor-HCP-within,0.99,29.678630389095183,28.42228620990884,3.326464767918833,0,12345
5.0,0.1,46,5,HCP,1.0,34.81101649381609,34.81101649381609,3.498470589969791e-15,0,12345
5.0,0.1,46,5,Pooling,0.96,28.14122093296507,28.14122093296507,0.0,0,12345
5.0,0.1,46,5,Repeated,1.0,31.908727380758478,31.908727380758478,2.9659727471792573e-15,0,12345
5.0,0.1,46,5,S-HCP-within,0.92,31.257957128086197,30.979293636356353,1.6184697078656594,0,12345
5.0,0.1,46,5,Std-CP,0.79,5.576123635993675,4.540490129735234,3.632763815090332,0,12345
5.0,0.1,46,5,Subsampling,0.99,31.626102278617292,31.62610227861729,1.5563935104807336e-15,0,12345
5.0,0.1,46,10,Donor-HCP-no-within,0.98,34.073496472481565,33.0452792462783,3.960726061953404,0,12345
5.0,0.1,46,10,Donor-HCP-within,0.94,28.185938823413267,27.672962459324097,3.3329419988019513,0,12345
5.0,0.1,46,10,HCP,1.0,34.81101649381609,34.81101649381609,3.498470589969791e-15,0,12345
5.0,0.1,46,10,Pooling,0.96,28.14122093296507,28.14122093296507,0.0,0,12345
5.0,0.1,46,10,Repeated,1.0,31.908727380758478,31.908727380758478,2.9659727471792573e-15,0,12345
5.0,0.1,46,10,S-HCP-within,0.93,31.203128298402966,30.803848827350368,1.6694609217039145,0,12345
5.0,0.1,46,10,Std-CP,0.9,25.864849278753447,10.821327284531087,39.51707039257875,0,12345
5.0,0.1,46,10,Subsampling,0.99,31.626102278617292,31.62610227861729,1.5563935104807336e-15,0,12345
5.0,0.1,46,15,Donor-HCP-no-within,0.98,33.55966563704585,32.39464506275057,4.135729631045888,0,12345
5.0,0.1,46,15,Donor-HCP-within,0.96,21.656185196615898,21.154443250458336,2.354699979854202,0,12345
5.0,0.1,46,15,HCP,1.0,34.81101649381609,34.81101649381609,3.498470589969791e-15,0,12345
5.0,0.1,46,15,Pooling,0.96,28.14122093296507,28.14122093296507,0.0,0,12345
5.0,0.1,46,15,Repeated,1.0,31.908727380758478,31.908727380758478,2.9659727471792573e-15,0,12345
5.0,0.1,46,15,S-HCP-within,0.93,31.150758288827525,30.74706915246872,1.5040911896013223,0,12345
5.0,0.1,46,15,Std-CP,0.9,8.471205336595533,7.100384348023992,5.68346643498627,0,12345
5.0,0.1,46,15,Subsampling,0.99,31.626102278617292,31.62610227861729,1.5563935104807336e-15,0,12345
5.0,0.1,46,20,Donor-HCP-no-within,0.95,32.58920399904845,31.909107300747547,4.1993619810917595,0,12345
5.0,0.1,46,20,Donor-HCP-within,0.95,16.959301103852827,16.717020759224752,2.134441226546063,0,12345
5.0,0.1,46,20,HCP,1.0,34.81101649381609,34.81101649381609,3.498470589969791e-15,0,12345
5.0,0.1,46,20,Pooling,0.96,28.14122093296507,28.14122093296507,0.0,0,12345
5.0,0.1,46,20,Repeated,1.0,31.908727380758478,31.908727380758478,2.9659727471792573e-15,0,12345
5.0,0.1,46,20,S-HCP-within,0.93,30.583527095613746,30.195630504188784,1.3330604176115068,0,12345
5.0,0.1,46,20,Std-CP,0.92,6.772437672232827,6.253058700183727,2.6700958651468043,0,12345
5.0,0.1,46,20,Subsampling,0.99,31.626102278617292,31.62610227861729,1.5563935104807336e-15,0,12345
5.0,0.1,46,25,Donor-HCP-no-within,0.94,16.24942313504152,14.72080335073227,8.0135255449076,0,12345
5.0,0.1,46,25,Donor-HCP-within,0.97,6.517700336992771,5.986819007331119,2.2327386278818246,0,12345
5.0,0.1,46,25,HCP,1.0,34.81101649381609,34.81101649381609,3.498470589969791e-15,0,12345
5.0,0.1,46,25,Pooling,0.96,28.14122093296507,28.14122093296507,0.0,0,12345
5.0,0.1,46,25,Repeated,1.0,31.908727380758478,31.908727380758478,2.9659727471792573e-15,0,12345
5.0,0.1,46,25,S-HCP-within,0.98,16.941605330752306,15.473566228472794,8.384385069587623,0,12345
5.0,0.1,46,25,Std-CP,0.94,6.594527426608087,6.095475711061189,2.496905638368112,0,12345
5.0,0.1,46,25,Subsampling,0.99,31.626102278617292,31.62610227861729,1.5563935104807336e-15,0,12345
5.0,0.1,46,30,Donor-HCP-no-within,0.94,15.781542586013357,14.295010873726373,7.944773229407374,0,12345
5.0,0.1,46,30,Donor-HCP-within,0.95,6.229332946592856,5.606287141355584,1.9756282379850703,0,12345
5.0,0.1,46,30,HCP,1.0,34.81101649381609,34.81101649381609,3.498470589969791e-15,0,12345
5.0,0.1,46,30,Pooling,0.96,28.14122093296507,28.14122093296507,0.0,0,12345
5.0,0.1,46,30,Repeated,1.0,31.908727380758478,31.908727380758478,2.9659727471792573e-15,0,12345
5.0,0.1,46,30,S-HCP-within,0.96,17.030952481124803,14.950571596851352,8.187872351686288,0,12345
5.0,0.1,46,30,Std-CP,0.97,6.341821854097394,6.020316992568453,2.3453449068876155,0,12345
5.0,0.1,46,30,Subsampling,0.99,31.626102278617292,31.62610227861729,1.5563935104807336e-15,0,12345
5.0,0.1,46,35,Donor-HCP-no-within,0.95,16.04838828890325,14.559245686251401,7.95534907098255,0,12345
5.0,0.1,46,35,Donor-HCP-within,0.97,6.282507567778314,5.9612894981931595,1.9767755150285846,0,12345
5.0,0.1,46,35,HCP,1.0,34.81101649381609,34.81101649381609,3.498470589969791e-15,0,12345
5.0,0.1,46,35,Pooling,0.96,28.14122093296507,28.14122093296507,0.0,0,12345
5.0,0.1,46,35,Repeated,1.0,31.908727380758478,31.908727380758478,2.9659727471792573e-15,0,12345
5.0,0.1,46,35,S-HCP-within,0.97,17.253416409957623,15.392072988407797,8.20288202369359,0,12345
5.0,0.1,46,35,Std-CP,0.98,6.49379919089978,5.978710172672295,2.142163059917728,0,12345
5.0,0.1,46,35,Subsampling,0.99,31.626102278617292,31.62610227861729,1.5563935104807336e-15,0,12345
5.0,0.1,47,0,Donor-HCP-no-within,0.98,29.02710270665141,29.02710270665141,2.3952390736185764e-15,0,12345
5.0,0.1,47,0,Donor-HCP-within,0.98,29.02710270665141,29.02710270665141,2.3952390736185764e-15,0,12345
5.0,0.1,47,0,HCP,0.98,29.02710270665141,29.02710270665141,2.3952390736185764e-15,0,12345
5.0,0.1,47,0,Pooling,0.94,24.48467131814253,24.48467131814253,0.0,0,12345
5.0,0.1,47,0,Repeated,0.95,26.544831173577112,26.544831173577112,2.3140207875333715e-15,0,12345
5.0,0.1,47,0,S-HCP-within,0.93,23.37235110459895,22.5367442853548,3.856037432703256,0,12345
5.0,0.1,47,0,Std-CP,1.0,,,,100,12345
5.0,0.1,47,0,Subsampling,0.95,26.135797183746664,26.13579718374666,0.0,0,12345
5.0,0.1,47,5,Donor-HCP-no-within,0.97,31.16266189054696,28.04489172164182,5.540262183953912,0,12345
5.0,0.1,47,5,Donor-HCP-within,1.0,27.38204605211296,24.82733961228999,4.581953123990035,0,12345
5.0,0.1,47,5,HCP,0.98,29.02710270665141,29.02710270665141,2.3952390736185764e-15,0,12345
5.0,0.1,47,5,Pooling,0.94,24.48467131814253,24.48467131814253,0.0,0,12345
5.0,0.1,47,5,Repeated,0.95,26.544831173577112,26.544831173577112,2.3140207875333715e-15,0,12345
5.0,0.1,47,5,S-HCP-within,0.92,20.54551486820005,20.445373164742207,1.774888675372866,0,12345
5.0,0.1,47,5,Std-CP,0.81,6.891352676379585,5.425735687654848,6.248717777801287,0,12345
5.0,0.1,47,5,Subsampling,0.95,26.135797183746664,26.13579718374666,0.0,0,12345
5.0,0.1,47,10,Donor-HCP-no-within,0.95,29.34195330102412,26.573129258109777,5.194901338721386,0,12345
5.0,0.1,47,10,Donor-HCP-within,0.87,24.958122088574715,22.865733681769054,4.014444492231302,0,12345
5.0,0.1,47,10,HCP,0.98,29.02710270665141,29.02710270665141,2.3952390736185764e-15,0,12345
5.0,0.1,47,10,Pooling,0.94,24.48467131814253,24.48467131814253,0.0,0,12345
5.0,0.1,47,10,Repeated,0.95,26.544831173577112,26.544831173577112,2.3140207875333715e-15,0,12345
5.0,0.1,47,10,S-HCP-within,0.91,20.54068673073352,19.99678424324886,1.6960691022393788,0,12345
5.0,0.1,47,10,Std-CP,0.81,36.799619025361444,12.109066567897136,79.99370487714613,0,12345
5.0,0.1,47,10,Subsampling,0.95,26.135797183746664,26.13579718374666,0.0,0,12345
5.0,0.1,47,15,Donor-HCP-no-within,0.95,28.335261827726864,25.896651647939507,4.46860491037892,0,12345
5.0,0.1,47,15,Donor-HCP-within,0.96,18.64861998223578,17.31212409168342,2.7279700662939734,0,12345
5.0,0.1,47,15,HCP,0.98,29.02710270665141,29.02710270665141,2.3952390736185764e-15,0,12345
5.0,0.1,47,15,Pooling,0.94,24.48467131814253,24.48467131814253,0.0,0,12345
5.0,0.1,47,15,Repeated,0.95,26.544831173577112,26.544831173577112,2.3140207875333715e-15,0,12345
5.0,0.1,47,15,S-HCP-within,0.92,20.381742599221162,20.11377806615255,1.4572372852778723,0,12345
5.0,0.1,47,15,Std-CP,0.91,9.273983095388195,7.25415398617946,7.220787833843669,0,12345
5.0,0.1,47,15,Subsampling,0.95,26.135797183746664,26.13579718374666,0.0,0,12345
5.0,0.1,47,20,Donor-HCP-no-within,0.94,25.61489692020482,24.860673758985563,3.4087079342899447,0,12345
5.0,0.1,47,20,Donor-HCP-within,0.96,14.324238090687508,14.282714586325366,1.6442582987931902,0,12345
5.0,0.1,47,20,HCP,0.98,29.02710270665141,29.02710270665141,2.3952390736185764e-15,0,12345
5.0,0.1,47,20,Pooling,0.94,24.48467131814253,24.48467131814253,0.0,0,12345
5.0,0.1,47,20,Repeated,0.95,26.544831173577112,26.544831173577112,2.3140207875333715e-15,0,12345
5.0,0.1,47,20,S-HCP-within,0.93,19.724015701723832,19.569976310896944,1.2898653640831048,0,12345
5.0,0.1,47,20,Std-CP,0.9,7.1036756070640354,6.872605471859703,2.504551293161454,0,12345
5.0,0.1,47,20,Subsampling,0.95,26.135797183746664,26.13579718374666,0.0,0,12345
5.0,0.1,47,25,Donor-HCP-no-within,0.94,14.906181698448837,13.399578875385835,7.867628977927721,0,12345
5.0,0.1,47,25,Donor-HCP-within,0.94,6.814856347681231,6.485395300649753,2.846447388132122,0,12345
5.0,0.1,47,25,HCP,0.98,29.02710270665141,29.02710270665141,2.3952390736185764e-15,0,12345
5.0,0.1,47,25,Pooling,0.94,24.48467131814253,24.48467131814253,0.0,0,12345
5.0,0.1,47,25,Repeated,0.95,26.544831173577112,26.544831173577112,2.3140207875333715e-15,0,12345
5.0,0.1,47,25,S-HCP-within,0.94,15.479935507386601,14.31970562554571,7.6604463487915915,0,12345
5.0,0.1,47,25,Std-CP,0.96,6.874316751611908,6.285030957671616,2.369785975901034,0,12345
5.0,0.1,47,25,Subsampling,0.95,26.135797183746664,26.13579718374666,0.0,0,12345
5.0,0.1,47,30,Donor-HCP-no-within,0.91,14.522966767348969,13.126973623324329,7.80527396691284,0,12345
5.0,0.1,47,30,Donor-HCP-within,0.96,6.52247449910443,6.039329237597688,2.219674463072532,0,12345
5.0,0.1,47,30,HCP,0.98,29.02710270665141,29.02710270665141,2.3952390736185764e-15,0,12345
5.0,0.1,47,30,Pooling,0.94,24.48467131814253,24.48467131814253,0.0,0,12345
5.0,0.1,47,30,Repeated,0.95,26.544831173577112,26.544831173577112,2.3140207875333715e-15,0,12345
5.0,0.1,47,30,S-HCP-within,0.95,15.57494656890345,14.342074997939386,7.8478073688635686,0,12345
5.0,0.1,47,30,Std-CP,0.97,6.440177022378013,6.409760877458,2.0419954886137517,0,12345
5.0,0.1,47,30,Subsampling,0.95,26.135797183746664,26.13579718374666,0.0,0,12345
5.0,0.1,47,35,Donor-HCP-no-within,0.93,14.695013085792327,13.35647947786186,7.751203399694064,0,12345
5.0,0.1,47,35,Donor-HCP-within,0.97,6.596364898438721,6.273844920768806,2.0998371965387492,0,12345
5.0,0.1,47,35,HCP,0.98,29.02710270665141,29.02710270665141,2.3952390736185764e-15,0,12345
5.0,0.1,47,35,Pooling,0.94,24.48467131814253,24.48467131814253,0.0,0,12345
5.0,0.1,47,35,Repeated,0.95,26.544831173577112,26.544831173577112,2.3140207875333715e-15,0,12345
5.0,0.1,47,35,S-HCP-within,0.96,15.660111280419082,14.253401700381932,7.8138906924197515,0,12345
5.0,0.1,47,35,Std-CP,0.93,6.516726613964491,6.329321257108905,1.8681321700029416,0,12345
5.0,0.1,47,35,Subsampling,0.95,26.135797183746664,26.13579718374666,0.0,0,12345
5.0,0.1,48,0,Donor-HCP-no-within,1.0,33.11653813698009,33.11653813698009,3.778780122433364e-15,0,12345
5.0,0.1,48,0,Donor-HCP-within,1.0,33.11653813698009,33.11653813698009,3.778780122433364e-15,0,12345
5.0,0.1,48,0,HCP,1.0,33.11653813698009,33.11653813698009,3.778780122433364e-15,0,12345
5.0,0.1,48,0,Pooling,0.93,23.179535820048486,23.17953582004849,2.019842936871048e-15,0,12345
5.0,0.1,48,0,Repeated,0.99,26.9225535149183,26.9225535149183,1.596826049079051e-15,0,12345
5.0,0.1,48,0,S-HCP-within,0.96,49.0833006768396,51.41144750186501,4.719660512132983,0,12345
5.0,0.1,48,0,Std-CP,1.0,,,,100,12345
5.0,0.1,48,0,Subsampling,0.95,24.401751537396766,24.401751537396766,2.0511601988091347e-15,0,12345
5.0,0.1,48,5,Donor-HCP-no-within,0.99,30.10499089588461,28.303088284196214,4.193793626284086,0,12345
5.0,0.1,48,5,Donor-HCP-within,0.99,27.005787705029526,25.17920969671399,4.063504919803742,0,12345
5.0,0.1,48,5,HCP,1.0,33.11653813698009,33.11653813698009,3.778780122433364e-15,0,12345
5.0,0.1,48,5,Pooling,0.93,23.179535820048486,23.17953582004849,2.019842936871048e-15,0,12345
5.0,0.1,48,5,Repeated,0.99,26.9225535149183,26.9225535149183,1.596826049079051e-15,0,12345
5.0,0.1,48,5,S-HCP-within,0.96,45.20512094789,44.782738317307064,3.3612384913638222,0,12345
5.0,0.1,48,5,Std-CP,0.77,6.535794474043342,5.296252787692004,4.629949498715605,0,12345
5.0,0.1,48,5,Subsampling,0.95,24.401751537396766,24.401751537396766,2.0511601988091347e-15,0,12345
5.0,0.1,48,10,Donor-HCP-no-within,0.97,27.886181947863676,26.51522333482079,3.4540152074576467,0,12345
5.0,0.1,48,10,Donor-HCP-within,0.93,23.013391769205437,22.449809031708238,2.842233660883421,0,12345
5.0,0.1,48,10,HCP,1.0,33.11653813698009,33.11653813698009,3.778780122433364e-15,0,12345
5.0,0.1,48,10,Pooling,0.93,23.179535820048486,23.17953582004849,2.019842936871048e-15,0,12345
5.0,0.1,48,10,Repeated,0.99,26.9225535149183,26.9225535149183,1.596826049079051e-15,0,12345
5.0,0.1,48,10,S-HCP-within,0.96,43.56834852836219,43.30215653518917,2.333125273740171,0,12345
5.0,0.1,48,10,Std-CP,0.78,59.98640224418355,14.12231805069062,184.58290272923583,0,12345
5.0,0.1,48,10,Subsampling,0.95,24.401751537396766,24.401751537396766,2.0511601988091347e-15,0,12345
5.0,0.1,48,15,Donor-HCP-no-within,0.98,26.60676787938939,25.627502373802738,3.298214825345355,0,12345
5.0,0.1,48,15,Donor-HCP-within,0.96,16.611361669035258,16.159827717935002,1.8603793493613903,0,12345
5.0,0.1,48,15,HCP,1.0,33.11653813698009,33.11653813698009,3.778780122433364e-15,0,12345
5.0,0.1,48,15,Pooling,0.93,23.179535820048486,23.17953582004849,2.019842936871048e-15,0,12345
5.0,0.1,48,15,Repeated,0.99,26.9225535149183,26.9225535149183,1.596826049079051e-15,0,12345
5.0,0.1,48,15,S-HCP-within,0.97,42.66707724274505,41.58968589775637,2.1533508807224355,0,12345
5.0,0.1,48,15,Std-CP,0.81,9.139548530584902,7.717784249884165,5.473141067549427,0,12345
5.0,0.1,48,15,Subsampling,0.95,24.401751537396766,24.401751537396766,2.0511601988091347e-15,0,12345
5.0,0.1,48,20,Donor-HCP-no-within,0.94,23.992886346635043,23.57375119871924,2.324247377898145,0,12345
5.0,0.1,48,20,Donor-HCP-within,0.95,13.244362034664487,13.208234734431727,1.0547327021118644,0,12345
5.0,0.1,48,20,HCP,1.0,33.11653813698009,33.11653813698009,3.778780122433364e-15,0,12345
5.0,0.1,48,20,Pooling,0.93,23.179535820048486,23.17953582004849,2.019842936871048e-15,0,12345
5.0,0.1,48,20,Repeated,0.99,26.9225535149183,26.9225535149183,1.596826049079051e-15,0,12345
5.0,0.1,48,20,S-HCP-within,0.96,41.2962625070786,41.153818065324806,1.7426073245238738,0,12345
5.0,0.1,48,20,Std-CP,0.84,7.1059672060328865,6.597573941907245,3.1243733720074247,0,12345
5.0,0.1,48,20,Subsampling,0.95,24.401751537396766,24.401751537396766,2.0511601988091347e-15,0,12345
5.0,0.1,48,25,Donor-HCP-no-within,0.95,16.357246453025258,14.901966991654348,8.206907672549812,0,12345
5.0,0.1,48,25,Donor-HCP-within,0.92,6.787038489748707,6.371031704979147,2.2874307058535157,0,12345
5.0,0.1,48,25,HCP,1.0,33.11653813698009,33.11653813698009,3.778780122433364e-15,0,12345
5.0,0.1,48,25,Pooling,0.93,23.179535820048486,23.17953582004849,2.019842936871048e-15,0,12345
5.0,0.1,48,25,Repeated,0.99,26.9225535149183,26.9225535149183,1.596826049079051e-15,0,12345
5.0,0.1,48,25,S-HCP-within,0.96,16.835508548013053,15.389182798361073,8.304216762943687,0,12345
5.0,0.1,48,25,Std-CP,0.9,6.9274061263494024,6.653796230615415,2.4268913709005218,0,12345
5.0,0.1,48,25,Subsampling,0.95,24.401751537396766,24.401751537396766,2.0511601988091347e-15,0,12345
5.0,0.1,48,30,Donor-HCP-no-within,0.94,15.77070324553585,13.948460817219487,8.048495648320408,0,12345
5.0,0.1,48,30,Donor-HCP-within,0.91,6.908431653221856,6.470216009719708,2.7972236606322443,0,12345
5.0,0.1,48,30,HCP,1.0,33.11653813698009,33.11653813698009,3.778780122433364e-15,0,12345
5.0,0.1,48,30,Pooling,0.93,23.179535820048486,23.17953582004849,2.019842936871048e-15,0,12345
5.0,0.1,48,30,Repeated,0.99,26.9225535149183,26.9225535149183,1.596826049079051e-15,0,12345
5.0,0.1,48,30,S-HCP-within,0.96,17.032978453088784,15.830502256693492,8.387662109176427,0,12345
5.0,0.1,48,30,Std-CP,0.89,6.491982528307658,6.194252727209463,2.161583879905458,0,12345
5.0,0.1,48,30,Subsampling,0.95,24.401751537396766,24.401751537396766,2.0511601988091347e-15,0,12345
5.0,0.1,48,35,Donor-HCP-no-within,0.95,16.168077366524944,15.214805390308939,8.060467185042864,0,12345
5.0,0.1,48,35,Donor-HCP-within,0.93,7.096946409570875,6.881799510726047,2.4647355776582818,0,12345
5.0,0.1,48,35,HCP,1.0,33.11653813698009,33.11653813698009,3.778780122433364e-15,0,12345
5.0,0.1,48,35,Pooling,0.93,23.179535820048486,23.17953582004849,2.019842936871048e-15,0,12345
5.0,0.1,48,35,Repeated,0.99,26.9225535149183,26.9225535149183,1.596826049079051e-15,0,12345
5.0,0.1,48,35,S-HCP-within,0.96,17.51049846753598,16.8506110871285,8.345299050100987,0,12345
5.0,0.1,48,35,Std-CP,0.95,7.09684712641024,7.010206442462416,2.306857657794995,0,12345
5.0,0.1,48,35,Subsampling,0.95,24.401751537396766,24.401751537396766,2.0511601988091347e-15,0,12345
5.0,0.1,49,0,Donor-HCP-no-within,0.95,30.873062024806224,30.873062024806224,1.5148822026532858e-15,0,12345
5.0,0.1,49,0,Donor-HCP-within,0.95,30.873062024806224,30.873062024806224,1.5148822026532858e-15,0,12345
5.0,0.1,49,0,HCP,0.95,30.873062024806224,30.873062024806224,1.5148822026532858e-15,0,12345
5.0,0.1,49,0,Pooling,0.82,22.183066921359586,22.183066921359586,4.986087740144548e-15,0,12345
5.0,0.1,49,0,Repeated,0.85,25.546283069329032,25.546283069329032,5.0747925724383905e-15,0,12345
5.0,0.1,49,0,S-HCP-within,0.99,81.50004580840518,82.15277227106452,6.113814055856805,0,12345
5.0,0.1,49,0,Std-CP,1.0,,,,100,12345
5.0,0.1,49,0,Subsampling,0.84,24.263146694183042,24.263146694183042,1.1842378929335002e-15,0,12345
5.0,0.1,49,5,Donor-HCP-no-within,0.98,34.87514214083471,35.715228880765615,3.788312104695622,0,12345
5.0,0.1,49,5,Donor-HCP-within,0.96,30.683953942780935,31.117634220000937,3.209694320115166,0,12345
5.0,0.1,49,5,HCP,0.95,30.873062024806224,30.873062024806224,1.5148822026532858e-15,0,12345
5.0,0.1,49,5,Pooling,0.82,22.183066921359586,22.183066921359586,4.986087740144548e-15,0,12345
5.0,0.1,49,5,Repeated,0.85,25.546283069329032,25.546283069329032,5.0747925724383905e-15,0,12345
5.0,0.1,49,5,S-HCP-within,0.99,74.06251950343778,74.23081864558905,4.057131948568708,0,12345
5.0,0.1,49,5,Std-CP,0.82,6.660066817470856,5.745309615939668,4.363936649016664,0,12345
5.0,0.1,49,5,Subsampling,0.84,24.263146694183042,24.263146694183042,1.1842378929335002e-15,0,12345
5.0,0.1,49,10,Donor-HCP-no-within,0.93,31.201339526475348,32.099152821383086,3.4950489020960855,0,12345
5.0,0.1,49,10,Donor-HCP-within,0.9,26.27981274028485,26.75953967730344,3.4085026175272057,0,12345
5.0,0.1,49,10,HCP,0.95,30.873062024806224,30.873062024806224,1.5148822026532858e-15,0,12345
5.0,0.1,49,10,Pooling,0.82,22.183066921359586,22.183066921359586,4.986087740144548e-15,0,12345
5.0,0.1,49,10,Repeated,0.85,25.546283069329032,25.546283069329032,5.0747925724383905e-15,0,12345
5.0,0.1,49,10,S-HCP-within,0.99,72.67587047791325,73.99223848364309,3.6948270206609277,0,12345
5.0,0.1,49,10,Std-CP,0.84,24.805575334228315,12.056181103364437,41.1792857465783,0,12345
5.0,0.1,49,10,Subsampling,0.84,24.263146694183042,24.263146694183042,1.1842378929335002e-15,0,12345
5.0,0.1,49,15,Donor-HCP-no-within,0.94,28.330831561384393,29.20499399137139,2.763233833398266,0,12345
5.0,0.1,49,15,Donor-HCP-within,0.95,20.976745513841614,21.640678713393207,2.136216993409439,0,12345
5.0,0.1,49,15,HCP,0.95,30.873062024806224,30.873062024806224,1.5148822026532858e-15,0,12345
5.0,0.1,49,15,Pooling,0.82,22.183066921359586,22.183066921359586,4.986087740144548e-15,0,12345
5.0,0.1,49,15,Repeated,0.85,25.546283069329032,25.546283069329032,5.0747925724383905e-15,0,12345
5.0,0.1,49,15,S-HCP-within,0.99,70.86547006133796,70.06185401995391,2.9294421207344663,0,12345
5.0,0.1,49,15,Std-CP,0.87,8.364324773572815,7.461474350493472,4.269788523842819,0,12345
5.0,0.1,49,15,Subsampling,0.84,24.263146694183042,24.263146694183042,1.1842378929335002e-15,0,12345
5.0,0.1,49,20,Donor-HCP-no-within,0.92,26.49190793589685,26.758615636569672,2.9757147406700146,0,12345
5.0,0.1,49,20,Donor-HCP-within,0.92,15.72422295450999,15.739681781155149,1.3017594239656778,0,12345
5.0,0.1,49,20,HCP,0.95,30.873062024806224,30.873062024806224,1.5148822026532858e-15,0,12345
5.0,0.1,49,20,Pooling,0.82,22.183066921359586,22.183066921359586,4.986087740144548e-15,0,12345
5.0,0.1,49,20,Repeated,0.85,25.546283069329032,25.546283069329032,5.0747925724383905e-15,0,12345
5.0,0.1,49,20,S-HCP-within,0.99,64.98475345949342,64.92825469798038,4.42176743033791,0,12345
5.0,0.1,49,20,Std-CP,0.94,6.720070750595087,6.468175621283303,2.7420856143700503,0,12345
5.0,0.1,49,20,Subsampling,0.84,24.263146694183042,24.263146694183042,1.1842378929335002e-15,0,12345
5.0,0.1,49,25,Donor-HCP-no-within,0.88,16.666295030175817,15.783505849385346,7.250013836239908,0,12345
5.0,0.1,49,25,Donor-HCP-within,0.92,6.974939236673244,6.6739947193352664,2.332659018001336,0,12345
5.0,0.1,49,25,HCP,0.95,30.873062024806224,30.873062024806224,1.5148822026532858e-15,0,12345
5.0,0.1,49,25,Pooling,0.82,22.183066921359586,22.183066921359586,4.986087740144548e-15,0,12345
5.0,0.1,49,25,Repeated,0.85,25.546283069329032,25.546283069329032,5.0747925724383905e-15,0,12345
5.0,0.1,49,25,S-HCP-within,0.91,17.263254115249296,16.463924816066957,7.37544083305223,0,12345
5.0,0.1,49,25,Std-CP,0.95,6.777358446147981,6.322855518966362,2.4661830596018537,0,12345
5.0,0.1,49,25,Subsampling,0.84,24.263146694183042,24.263146694183042,1.1842378929335002e-15,0,12345
5.0,0.1,49,30,Donor-HCP-no-within,0.87,16.03111861026798,14.981360507071404,7.159946650334243,0,12345
5.0,0.1,49,30,Donor-HCP-within,0.93,6.485094397404752,6.216224753958043,2.104943980425542,0,12345
5.0,0.1,49,30,HCP,0.95,30.873062024806224,30.873062024806224,1.5148822026532858e-15,0,12345
5.0,0.1,49,30,Pooling,0.82,22.183066921359586,22.183066921359586,4.986087740144548e-15,0,12345
5.0,0.1,49,30,Repeated,0.85,25.546283069329032,25.546283069329032,5.0747925724383905e-15,0,12345
5.0,0.1,49,30,S-HCP-within,0.91,17.69874658126302,16.32081981286212,7.190938774340588,0,12345
5.0,0.1,49,30,Std-CP,0.94,6.313606345793055,6.044385065461148,1.731907772649321,0,12345
5.0,0.1,49,30,Subsampling,0.84,24.263146694183042,24.263146694183042,1.1842378929335002e-15,0,12345
5.0,0.1,49,35,Donor-HCP-no-within,0.89,16.417290373593403,15.089597679439338,7.160535020512009,0,12345
5.0,0.1,49,35,Donor-HCP-within,0.95,6.502822401844655,6.411941172973842,1.9171635650399779,0,12345
5.0,0.1,49,35,HCP,0.95,30.873062024806224,30.873062024806224,1.5148822026532858e-15,0,12345
5.0,0.1,49,35,Pooling,0.82,22.183066921359586,22.183066921359586,4.986087740144548e-15,0,12345
5.0,0.1,49,35,Repeated,0.85,25.546283069329032,25.546283069329032,5.0747925724383905e-15,0,12345
5.0,0.1,49,35,S-HCP-within,0.92,18.002850235975732,16.764450837501954,7.214100565479155,0,12345
5.0,0.1,49,35,Std-CP,0.95,6.524997801561452,6.374909568095984,1.8701391415457318,0,12345
5.0,0.1,49,35,Subsampling,0.84,24.263146694183042,24.263146694183042,1.1842378929335002e-15,0,12345
