tau_B,alpha,o,dataset_id,mean_width,sd_upper,sd_width,relative_instability,n_finite,randomization_varied_only
0.0,0.1,0,0,12.993447785620617,1.785305796991587e-15,3.570611593983174e-15,1.3740046725452814e-16,100,True
0.0,0.1,0,1,9.854636938063736,3.570611593983174e-15,1.785305796991587e-15,3.6232807118358803e-16,100,True
0.0,0.1,0,2,9.143162623192065,7.141223187966347e-15,3.570611593983174e-15,7.810451899709512e-16,100,True
0.0,0.1,0,3,16.136375233965083,3.570611593983174e-15,0.0,2.2127717918132418e-16,100,True
0.0,0.1,0,4,8.126269408473062,0.0,1.785305796991587e-15,0.0,100,True
0.0,0.1,0,5,13.563854692497003,0.0,0.0,0.0,100,True
0.0,0.1,0,6,10.252957496607978,7.141223187966347e-15,1.785305796991587e-15,6.965037346862018e-16,100,True
0.0,0.1,0,7,10.048754141959535,1.785305796991587e-15,0.0,1.776643921993147e-16,100,True
0.0,0.1,0,8,9.032725184440851,0.0,1.785305796991587e-15,0.0,100,True
0.0,0.1,0,9,10.19974740774367,0.0,1.785305796991587e-15,0.0,100,True
0.0,0.1,0,10,10.145639747149149,1.785305796991587e-15,1.785305796991587e-15,1.7596778926565422e-16,100,True
0.0,0.1,0,11,9.15337728615919,3.570611593983174e-15,1.785305796991587e-15,3.900867933612101e-16,100,True
0.0,0.1,0,12,10.048993620366886,1.3389793477436902e-15,0.0,1.3324511869824477e-16,100,True
0.0,0.1,0,13,11.374337892790921,3.570611593983174e-15,0.0,3.139181926577225e-16,100,True
0.0,0.1,0,14,9.528818826477321,0.0,3.570611593983174e-15,0.0,100,True
0.0,0.1,0,15,10.714975084494624,3.570611593983174e-15,3.570611593983174e-15,3.3323564131755357e-16,100,True
0.0,0.1,0,16,18.45459498203031,1.4282446375932695e-14,3.570611593983174e-15,7.739235886693726e-16,100,True
0.0,0.1,0,17,10.962323396925512,8.926528984957934e-16,0.0,8.142917027481112e-17,100,True
0.0,0.1,0,18,13.340207589991223,1.0711834781949522e-14,0.0,8.029736201396375e-16,100,True
0.0,0.1,0,19,13.961380303088246,0.0,3.570611593983174e-15,0.0,100,True
0.0,0.1,0,20,12.17146754443861,0.0,1.785305796991587e-15,0.0,100,True
0.0,0.1,0,21,9.08229931247608,1.785305796991587e-15,1.785305796991587e-15,1.9656980413970352e-16,100,True
0.0,0.1,0,22,10.320963649573946,0.0,1.785305796991587e-15,0.0,100,True
0.0,0.1,0,23,9.351519881253434,3.570611593983174e-15,3.570611593983174e-15,3.818215262677264e-16,100,True
0.0,0.1,0,24,12.952926786091295,7.141223187966347e-15,8.926528984957934e-15,5.513212037633465e-16,100,True
0.0,0.1,0,25,11.449359414818858,3.570611593983174e-15,1.785305796991587e-15,3.1186125481935226e-16,100,True
0.0,0.1,0,26,10.778755275074673,7.141223187966347e-15,0.0,6.625276301132901e-16,100,True
0.0,0.1,0,27,15.739957576600288,1.785305796991587e-15,5.355917390974761e-15,1.1342507044909072e-16,100,True
0.0,0.1,0,28,10.72466321934042,8.926528984957934e-16,5.355917390974761e-15,8.323365314502554e-17,100,True
0.0,0.1,0,29,11.511963799751545,3.570611593983174e-15,1.785305796991587e-15,3.1016529030956783e-16,100,True
0.0,0.1,0,30,16.57127352467236,5.355917390974761e-15,3.570611593983174e-15,3.2320493551690713e-16,100,True
0.0,0.1,0,31,13.531626159665139,0.0,1.785305796991587e-15,0.0,100,True
0.0,0.1,0,32,8.202188428655154,7.141223187966347e-15,0.0,8.706485165614802e-16,100,True
0.0,0.1,0,33,9.984725487680317,0.0,1.785305796991587e-15,0.0,100,True
0.0,0.1,0,34,10.932030817786059,8.926528984957934e-16,5.355917390974761e-15,8.165480992273423e-17,100,True
0.0,0.1,0,35,10.861407114988264,0.0,3.570611593983174e-15,0.0,100,True
0.0,0.1,0,36,8.704127703086288,1.785305796991587e-15,1.785305796991587e-15,2.0511024859602618e-16,100,True
0.0,0.1,0,37,12.445135250750395,3.570611593983174e-15,1.785305796991587e-15,2.869082193195031e-16,100,True
0.0,0.1,0,38,8.439513519788264,7.141223187966347e-15,3.570611593983174e-15,8.461652642918583e-16,100,True
0.0,0.1,0,39,12.922548456660234,5.355917390974761e-15,0.0,4.144629373174717e-16,100,True
0.0,0.1,0,40,9.71496770316457,0.0,1.785305796991587e-15,0.0,100,True
0.0,0.1,0,41,11.341896775776029,7.141223187966347e-15,1.785305796991587e-15,6.29632179620832e-16,100,True
0.0,0.1,0,42,11.199400175062442,3.570611593983174e-15,1.785305796991587e-15,3.18821681355204e-16,100,True
0.0,0.1,0,43,8.676759081706132,3.570611593983174e-15,1.785305796991587e-15,4.115144330227359e-16,100,True
0.0,0.1,0,44,11.996280280226756,0.0,0.0,0.0,100,True
0.0,0.1,0,45,8.393242406357597,3.570611593983174e-15,1.785305796991587e-15,4.2541504476012226e-16,100,True
0.0,0.1,0,46,9.973646250665283,1.0711834781949522e-14,0.0,1.0740139075250437e-15,100,True
0.0,0.1,0,47,9.693983565451111,3.570611593983174e-15,0.0,3.6833274678829256e-16,100,True
0.0,0.1,0,48,14.17009972533429,0.0,1.785305796991587e-15,0.0,100,True
0.0,0.1,0,49,10.337326203489413,1.785305796991587e-15,1.785305796991587e-15,1.727047944360069e-16,100,True
0.0,0.1,5,0,9.720346014269094,0.604979173705736,0.7384560869198121,0.062238440156106564,100,True
0.0,0.1,5,1,9.077954836392433,0.31278015131094533,0.7445411040009624,0.03445491379369362,100,True
0.0,0.1,5,2,9.520071128453145,0.8667651360273398,0.8983917783790369,0.09104607773746486,100,True
0.0,0.1,5,3,11.807862819467614,0.9718325345702746,1.3487161509597625,0.08230384697288447,100,True
0.0,0.1,5,4,7.061468449781705,0.24125231256451032,0.2077649482856871,0.034164609568137105,100,True
0.0,0.1,5,5,11.130972589267248,0.7759397577611418,0.9690283237659165,0.0697099693255306,100,True
0.0,0.1,5,6,9.842832258565618,0.8742803115094236,1.330681368980231,0.08882405882195042,100,True
0.0,0.1,5,7,8.472863184527268,0.3000633769396238,0.2729010219649979,0.03541463734332274,100,True
0.0,0.1,5,8,9.038458990839125,0.8091288102165355,1.495896183648962,0.08952065955453502,100,True
0.0,0.1,5,9,8.528826452753165,0.28077033227892717,0.2320784718927189,0.03292016009873111,100,True
0.0,0.1,5,10,10.287349406245376,0.5161903719746562,1.131683010004671,0.05017719838127407,100,True
0.0,0.1,5,11,10.165389139538865,1.4727327183830368,2.9845662782105014,0.14487716093963962,100,True
0.0,0.1,5,12,8.576029156889092,0.9054448100132595,1.0552153158345585,0.1055785601295349,100,True
0.0,0.1,5,13,9.089235154268723,0.29554177888586497,0.34563824774609847,0.032515582870255584,100,True
0.0,0.1,5,14,11.18049898565124,3.276598509103615,3.71588811555802,0.29306370970640183,100,True
0.0,0.1,5,15,9.214315259655303,0.4267380060419409,0.38357637647720505,0.04631250331865731,100,True
0.0,0.1,5,16,11.259489546932292,1.064621733038812,1.6369688086654357,0.09455328579516944,100,True
0.0,0.1,5,17,9.415727309681653,0.5760939369227491,1.0928961451618635,0.06118422061038075,100,True
0.0,0.1,5,18,11.29181634352442,1.1501065307217075,0.7776518562386802,0.10185310278990371,100,True
0.0,0.1,5,19,13.632508448915724,1.5170842183713924,1.396136966656258,0.11128430428312372,100,True
0.0,0.1,5,20,9.921464820448577,0.3053407057870144,0.4738499863031751,0.030775768630222196,100,True
0.0,0.1,5,21,10.243052987702526,0.5706966403344879,0.6698075011061587,0.055715482583136834,100,True
0.0,0.1,5,22,9.025051376951664,1.4152605999808079,0.6194481734268027,0.1568146862404712,100,True
0.0,0.1,5,23,9.504147714796694,0.2372944698092386,0.4265192777936696,0.024967464409228684,100,True
0.0,0.1,5,24,12.913295544082796,0.25893128022992723,0.9541001484112307,0.020051525913427747,100,True
0.0,0.1,5,25,9.587343468290078,0.43968593320298177,0.40553947495986786,0.0458610807735462,100,True
0.0,0.1,5,26,9.308901010992445,0.10119947786253644,0.8243065610030277,0.010871259426116437,100,True
0.0,0.1,5,27,10.316699048184285,0.6715012331884649,2.3885558321683313,0.06508876822443004,100,True
0.0,0.1,5,28,8.887561219048543,1.7303130414276715,0.7374758035616563,0.19468929651017472,100,True
0.0,0.1,5,29,9.885031348445791,0.5065364155870521,0.8195535755816203,0.051242772807867126,100,True
0.0,0.1,5,30,12.381809357921021,0.7926712120332551,1.5656943623406272,0.06401901282110753,100,True
0.0,0.1,5,31,10.847409947301898,0.8261998327395632,1.4050937129057577,0.07616563186542663,100,True
0.0,0.1,5,32,7.13477290333852,0.822249331414972,0.27825150011884275,0.1152453403289435,100,True
0.0,0.1,5,33,8.102211872712907,0.3279396216214069,0.2963367170844057,0.04047532041538691,100,True
0.0,0.1,5,34,9.28836087549864,1.2208148339726712,1.2869724036821062,0.13143490550555645,100,True
0.0,0.1,5,35,8.736020428264947,0.6725505644227406,0.4960628115621778,0.07698591938346867,100,True
0.0,0.1,5,36,9.857088396577257,0.1586675532767924,0.4798941832664372,0.016096797238004643,100,True
0.0,0.1,5,37,9.547959147359977,1.0627887110820264,1.6599607879790743,0.11131056330251358,100,True
0.0,0.1,5,38,7.85707950006793,0.26259372922397906,0.3417726039201548,0.03342128957988891,100,True
0.0,0.1,5,39,10.3345246127371,0.3245122885459849,1.0643587241562826,0.03140079497667748,100,True
0.0,0.1,5,40,8.745174867853889,1.434995609385035,0.7258531813764231,0.1640899845993806,100,True
0.0,0.1,5,41,9.33938648550583,0.23896181943730632,0.43096897863863687,0.025586457933629878,100,True
0.0,0.1,5,42,9.560695206992149,0.9797213863787038,0.959800319887818,0.10247386462672622,100,True
0.0,0.1,5,43,8.50077347059856,0.8964827665601897,0.9256450849571962,0.10545896437081109,100,True
0.0,0.1,5,44,11.504464540843044,0.6948370271687784,1.6475959682824226,0.0603971636143494,100,True
0.0,0.1,5,45,7.570131708165983,0.35719340306466413,0.2660092482130243,0.04718456915080563,100,True
0.0,0.1,5,46,10.125772591551021,0.7752811114532842,1.110386461358004,0.07656513164241723,100,True
0.0,0.1,5,47,7.763482485331134,0.4496391585017288,0.4298356969801156,0.05791719880238133,100,True
0.0,0.1,5,48,11.601399643031252,1.2876888849242056,1.2078426369180746,0.11099427004893299,100,True
0.0,0.1,5,49,8.972917622632485,0.8243359863031436,0.9040848978844754,0.09186933625958098,100,True
0.0,0.1,10,0,448.31215321485416,63.63002917681609,127.28867207744673,0.14193242079324428,100,True
0.0,0.1,10,1,21.813007993333894,1.5739588083353384,3.149196660636228,0.07215688954115562,100,True
0.0,0.1,10,2,10.55780231999056,0.8799525350820513,1.1786888437550784,0.08334618402694606,100,True
0.0,0.1,10,3,36.23363608258362,2.473437943912239,5.013703713900885,0.06826358630623724,100,True
0.0,0.1,10,4,17.31828529836804,0.6553915149881754,1.1992908078871984,0.03784390334821053,100,True
0.0,0.1,10,5,133.69107940444357,15.491237923932573,31.01582313830503,0.115873385067588,100,True
0.0,0.1,10,6,74.62604597526756,9.020870266545263,18.479989399008133,0.12088098932020255,100,True
0.0,0.1,10,7,48.07285659870996,3.3761448731820427,7.0602246381277185,0.07022975358765432,100,True
0.0,0.1,10,8,56.438334214858834,7.94155748800156,15.827715041583682,0.1407121170119642,100,True
0.0,0.1,10,9,53.53245416189062,1.5898510044157992,2.8402772953535664,0.029698825307127485,100,True
0.0,0.1,10,10,13.847803810575995,0.9390965920060083,1.7343539604375329,0.06781556157582123,100,True
0.0,0.1,10,11,52.75760561680226,3.231504985037006,6.454508938394191,0.061251926565974314,100,True
0.0,0.1,10,12,38.73832245916606,2.907857384425453,5.665581418655968,0.07506410189782008,100,True
0.0,0.1,10,13,18.206680436106613,1.7375353069343473,3.157360531956454,0.09543394321836675,100,True
0.0,0.1,10,14,11.585460296372819,1.9792647151410665,1.7645041899581477,0.17084040379135695,100,True
0.0,0.1,10,15,8.108134539212815,0.342106374531593,0.453897198349001,0.04219298198335109,100,True
0.0,0.1,10,16,10.14545169371898,0.34063878716599605,0.33050612095133475,0.03357551713314889,100,True
0.0,0.1,10,17,13.04969930436544,0.6725988906877124,1.3128139156675498,0.05154133248593029,100,True
0.0,0.1,10,18,32.53607140943789,2.8286628996512473,5.4680601635018755,0.08693928852242204,100,True
0.0,0.1,10,19,56.522544770789594,1.6951165995815407,3.8629157514574164,0.029990096986177515,100,True
0.0,0.1,10,20,9601.626248453262,1606.4640343706103,3212.9980858943395,0.16731166083760005,100,True
0.0,0.1,10,21,28.336641809659394,1.809921940179012,3.966247702209033,0.06387213955473178,100,True
0.0,0.1,10,22,260.5070052266662,33.235675109068055,66.15876739956454,0.12758073465298875,100,True
0.0,0.1,10,23,512.9914912883539,66.39758512007013,132.95372851462352,0.12943213727252226,100,True
0.0,0.1,10,24,33.05146919073491,3.271569329859849,6.505999936697123,0.0989840817961867,100,True
0.0,0.1,10,25,24.299099530165467,1.759238178753145,3.259678081727385,0.0723993157264608,100,True
0.0,0.1,10,26,129.9354775177831,19.57816241702186,39.088926066429515,0.15067603391338885,100,True
0.0,0.1,10,27,11.341954517139955,0.3850445205599599,0.8983502069711244,0.033948691998198444,100,True
0.0,0.1,10,28,17.23190126272236,2.3250932753200173,2.9768920245710557,0.1349295843720898,100,True
0.0,0.1,10,29,28.39638476396005,1.8209391821039058,3.628473138059028,0.06412573985175023,100,True
0.0,0.1,10,30,22.66696389906441,1.4684374301590981,3.0844861198133735,0.06478315475764748,100,True
0.0,0.1,10,31,24.492458906161026,1.1105760035987253,1.8858449008852969,0.04534358954540747,100,True
0.0,0.1,10,32,27.61038373673455,2.153378666602725,4.277385595218587,0.07799162398955498,100,True
0.0,0.1,10,33,14.923892633114546,0.9945676657309217,1.845605575104604,0.06664264412651166,100,True
0.0,0.1,10,34,88.76973885721452,16.241161272046487,32.632835202141756,0.18295830855343934,100,True
0.0,0.1,10,35,25.557788951533695,1.6940681028923683,3.7166527907947895,0.06628382862480399,100,True
0.0,0.1,10,36,232.5671233012035,19.3390221285713,38.77403616453439,0.08315458287509042,100,True
0.0,0.1,10,37,29.1510185277347,3.882844280535298,7.474016774866395,0.13319755111956394,100,True
0.0,0.1,10,38,12.223542460017386,0.7711071796446978,1.5996165551282084,0.06308377315061914,100,True
0.0,0.1,10,39,10.733672693168552,0.19685925144222677,0.810123889065185,0.018340344173855598,100,True
0.0,0.1,10,40,26.720727534781126,1.5505620084777736,2.4345313349522764,0.05802843528341357,100,True
0.0,0.1,10,41,12.475110706316155,0.42022873815486284,0.5018985454972962,0.03368537146063969,100,True
0.0,0.1,10,42,17.095076354453113,0.8384809530493793,0.9725729143773165,0.04904809640297176,100,True
0.0,0.1,10,43,10.73222662569165,1.0083827689022515,0.4767302555737452,0.09395839317148832,100,True
0.0,0.1,10,44,12.192301622372828,0.9174817457975878,0.5043637942090414,0.07525090620412575,100,True
0.0,0.1,10,45,11.449931851875093,0.28550987259955707,0.4520945601692777,0.0249355084635548,100,True
0.0,0.1,10,46,18.014690779748243,1.0676834039060092,1.9361709447366966,0.059267373332118345,100,True
0.0,0.1,10,47,32.54796613773988,2.259842982843543,4.359734340822057,0.06943115810309325,100,True
0.0,0.1,10,48,93.79885967395144,8.447754571280335,16.576351368949815,0.09006244426259621,100,True
0.0,0.1,10,49,10.080256704804748,0.7629183325147362,0.9612144597504081,0.07568441507556961,100,True
0.0,0.1,15,0,7.406628894260638,0.560558175628721,0.7438372326735113,0.07568330797066056,100,True
0.0,0.1,15,1,6.899700742521512,0.17287068348637613,0.48158600409344815,0.02505480888772578,100,True
0.0,0.1,15,2,7.330251231283045,0.3012946246310835,0.21759889528759124,0.04110290563374683,100,True
0.0,0.1,15,3,10.364394904133688,0.6598668066688753,0.9526094805101997,0.06366669861312377,100,True
0.0,0.1,15,4,7.66732196555073,0.32220884088735346,0.359284264429684,0.042023648196206895,100,True
0.0,0.1,15,5,7.6174229166335365,0.33112132088968904,0.38653932709132716,0.0434689427794073,100,True
0.0,0.1,15,6,6.588481150678249,0.424071933858924,0.38726862838846443,0.06436565942292603,100,True
0.0,0.1,15,7,6.873984457715859,0.22485631086649238,0.09222840314169614,0.03271120443312864,100,True
0.0,0.1,15,8,7.509521295505868,0.44454987667331114,0.8000917348347113,0.05919816446080997,100,True
0.0,0.1,15,9,8.135015666134477,0.2668468163850335,0.2114488098600532,0.0328022498464138,100,True
0.0,0.1,15,10,7.704829165459617,0.3026584852407208,0.5500788689939231,0.03928166072747264,100,True
0.0,0.1,15,11,7.455713859512527,0.6129502205860762,1.2652221713673872,0.08221214388532776,100,True
0.0,0.1,15,12,7.168072630496704,0.44933142577121127,0.4018099809292903,0.06268511061948814,100,True
0.0,0.1,15,13,7.9492127129440595,0.44757398505220075,0.5479832087717763,0.05630419026570971,100,True
0.0,0.1,15,14,7.464885118210305,1.7752785087594964,1.4995271828677672,0.23781725782072272,100,True
0.0,0.1,15,15,6.935502362682343,0.41549973293496817,0.3891157975176584,0.05990910408604798,100,True
0.0,0.1,15,16,7.788110318513212,0.36122780218888817,0.4364355192944621,0.046381957550114455,100,True
0.0,0.1,15,17,6.892436518034211,0.2965400059258031,0.5352012865068826,0.04302397347438742,100,True
0.0,0.1,15,18,8.990934669030468,0.7255740978956986,0.5840981231814202,0.08070063064688474,100,True
0.0,0.1,15,19,8.681480444572053,0.9323990985855828,0.7891905860118391,0.10740093288680382,100,True
0.0,0.1,15,20,7.394927042275012,0.24298968928397863,0.2917614121482528,0.03285897046649213,100,True
0.0,0.1,15,21,8.715197174938092,0.6301904673882676,0.35818946347560876,0.0723093757649544,100,True
0.0,0.1,15,22,7.824446427570802,1.011196632554762,0.42772125822629914,0.12923554936635956,100,True
0.0,0.1,15,23,6.979751976014515,0.22211269650661866,0.268264624273508,0.03182243398761091,100,True
0.0,0.1,15,24,7.468794494921298,0.24800605845211607,0.6140049360297826,0.03320563427213824,100,True
0.0,0.1,15,25,7.287987263881016,0.3232416891059222,0.382422787709682,0.044352669317617444,100,True
0.0,0.1,15,26,7.017466060133987,0.20500417402664586,0.3561332728273612,0.029213418671344686,100,True
0.0,0.1,15,27,7.473363838689973,0.19548047645351946,0.8607799508396795,0.02615695966005394,100,True
0.0,0.1,15,28,6.571435489572565,1.2583758321516094,0.46977007519270164,0.1914917728627752,100,True
0.0,0.1,15,29,7.802511264976148,0.5580457244045856,0.4847308231814259,0.07152129685599262,100,True
0.0,0.1,15,30,9.049857651639067,0.4244305084724028,0.928941253294801,0.046899136407469566,100,True
0.0,0.1,15,31,8.622924200348816,0.4784434155599903,0.9046975317615253,0.0554850540772046,100,True
0.0,0.1,15,32,6.172690049493804,0.5792080841156926,0.15799138799297172,0.09383398153341442,100,True
0.0,0.1,15,33,7.211793443834908,0.2966392728079551,0.3410510847618279,0.0411325248176015,100,True
0.0,0.1,15,34,8.095258153063476,0.7289227737050658,0.5547279708448443,0.09004317835487688,100,True
0.0,0.1,15,35,6.16577194067164,0.5383180307909842,0.2988561020552666,0.08730748330797733,100,True
0.0,0.1,15,36,7.944687124429497,0.2051256998784034,0.2974898102549071,0.02581922946312796,100,True
0.0,0.1,15,37,8.306535259568236,0.5432980560701833,0.7167357190166215,0.06540609761986653,100,True
0.0,0.1,15,38,7.384370925249064,0.14247564651221867,0.1942350542801904,0.019294215845124706,100,True
0.0,0.1,15,39,8.129592299311481,0.22845325451465642,0.7987300828874204,0.028101440527836162,100,True
0.0,0.1,15,40,6.737098963845702,0.8844404283195894,0.3176002071819877,0.13127912074112222,100,True
0.0,0.1,15,41,6.685528647833747,0.24555970850089864,0.12614523357018034,0.03673003608779168,100,True
0.0,0.1,15,42,7.684074850122414,0.4208496344717298,0.33857750723048863,0.05476907014577367,100,True
0.0,0.1,15,43,7.060379961241611,0.9013611120832568,0.4359313806718501,0.12766467485196745,100,True
0.0,0.1,15,44,7.02829804432651,0.8407688520137419,1.0918253301783263,0.11962623763407987,100,True
0.0,0.1,15,45,5.946609701053712,0.19626141340952769,0.12762997786026828,0.0330039170680314,100,True
0.0,0.1,15,46,8.314990531764002,0.5948544364597317,0.8525640168854661,0.0715400016617379,100,True
0.0,0.1,15,47,5.926335031253297,0.3293747001512327,0.1844235561560196,0.05557814372866746,100,True
0.0,0.1,15,48,7.7473800080583555,1.0720033219595921,1.1389987160645203,0.13836978705634154,100,True
0.0,0.1,15,49,6.768884761460152,0.4767518689860414,0.5403892797511877,0.0704328535330536,100,True
0.0,0.1,20,0,6.23804511214846,0.392366535867444,0.4611892806008948,0.06289895773650603,100,True
0.0,0.1,20,1,5.924221610035743,0.12358237431736431,0.4581169261029446,0.020860525222083766,100,True
0.0,0.1,20,2,5.80315968453605,0.3992702937202421,0.3295734012263647,0.06880222420627098,100,True
0.0,0.1,20,3,7.786283869203412,0.5704045427374077,0.7465281290128881,0.07325760944749164,100,True
0.0,0.1,20,4,4.935381656970996,0.15112285894506802,0.08587716004053952,0.030620298377859803,100,True
0.0,0.1,20,5,5.499063655342031,0.31216366071032514,0.25631433003158016,0.05676669343644999,100,True
0.0,0.1,20,6,5.392974286766908,0.4238908608307828,0.4278130257892222,0.07860057146404563,100,True
0.0,0.1,20,7,5.320043639240007,0.3070815205241771,0.4986423337262702,0.05772161684148236,100,True
0.0,0.1,20,8,6.313228111698879,0.3653093548608731,0.5027133250755167,0.057864114585678895,100,True
0.0,0.1,20,9,6.667454282752542,0.19892888169759146,0.14781663770662623,0.029835807380364544,100,True
0.0,0.1,20,10,5.709944580546056,0.2702135663087037,0.3209310922313708,0.04732332555894308,100,True
0.0,0.1,20,11,5.850145785405881,0.48249252050332825,0.9973607146035287,0.08247529859973449,100,True
0.0,0.1,20,12,5.5947640524386975,0.4279890891064598,0.39237151643855916,0.07649814810687217,100,True
0.0,0.1,20,13,5.485704679366628,0.266883355172078,0.306904428496078,0.04865069681492442,100,True
0.0,0.1,20,14,6.147963078328192,1.546119799876945,1.3470446586600835,0.25148488697452936,100,True
0.0,0.1,20,15,6.790397556114928,0.4145112217305195,0.4292736187579577,0.06104373393531892,100,True
0.0,0.1,20,16,6.507763387968218,0.4068262758501092,0.47472688965719795,0.06251399314890027,100,True
0.0,0.1,20,17,5.765529985384299,0.3142211599895109,0.585835467493474,0.05449996111130564,100,True
0.0,0.1,20,18,6.632127366484359,0.7332524896455125,0.5094250678230078,0.11056067670699818,100,True
0.0,0.1,20,19,7.472559904426905,0.7451839112065166,0.4867433698178697,0.09972270824688252,100,True
0.0,0.1,20,20,4.6695390328064015,0.29902337625298403,0.40598566072180503,0.06403702253095214,100,True
0.0,0.1,20,21,6.500047305020285,0.4718112469411645,0.27711361059974166,0.07258581742578443,100,True
0.0,0.1,20,22,6.950667517831053,0.9866063766785516,0.5832762483297026,0.14194411891340486,100,True
0.0,0.1,20,23,5.758733171957231,0.152058344301638,0.16045839337824086,0.02640482546440985,100,True
0.0,0.1,20,24,5.717718471215053,0.25487645308913526,0.4359826923979983,0.044576600679496606,100,True
0.0,0.1,20,25,6.585042218287574,0.3281783343066321,0.39948104638684434,0.049836937019968594,100,True
0.0,0.1,20,26,5.379835808062644,0.2671120299085356,0.26158418142965556,0.0496505914749704,100,True
0.0,0.1,20,27,5.864998868618309,0.19235933662241084,0.9374900486911494,0.03279784718317044,100,True
0.0,0.1,20,28,5.140092057264132,1.0144501063119953,0.30122871073493956,0.19736029919509787,100,True
0.0,0.1,20,29,6.567655808453699,0.30498568259904696,0.585180430102941,0.0464375252744637,100,True
0.0,0.1,20,30,7.758162596685684,0.3509040057343632,0.7341369749351531,0.04523029794248843,100,True
0.0,0.1,20,31,6.344861580635797,0.3062080936883741,0.4336076030526946,0.04826079967180151,100,True
0.0,0.1,20,32,5.308830381762606,0.4090763737188591,0.16782720894136285,0.07705583797217495,100,True
0.0,0.1,20,33,5.488537324378155,0.2398566594717381,0.29713491061049263,0.04370138076794688,100,True
0.0,0.1,20,34,4.881227921505078,0.5400028699988615,0.3298658282617329,0.11062848911844236,100,True
0.0,0.1,20,35,5.45773341225315,0.4140841022069075,0.2128172134745094,0.07587107521178074,100,True
0.0,0.1,20,36,5.982913090276102,0.1365753566290511,0.23970870589944115,0.022827568204362526,100,True
0.0,0.1,20,37,5.798753832564035,0.47763575572665407,0.6700724572014513,0.08236868981131724,100,True
0.0,0.1,20,38,5.334888570458087,0.10260267132771986,0.19243752545050885,0.019232392574398183,100,True
0.0,0.1,20,39,7.007846940235833,0.18464070234679383,0.6649464911590657,0.026347707637087773,100,True
0.0,0.1,20,40,5.622524790626787,0.7108336785399123,0.24479981695073286,0.12642606391437006,100,True
0.0,0.1,20,41,5.503094117503939,0.20100969958197804,0.20116323097862784,0.036526669413597244,100,True
0.0,0.1,20,42,6.137637024618297,0.48971421306607976,0.3351656708075795,0.07978872179990724,100,True
0.0,0.1,20,43,5.772707022292482,0.5075358066311104,0.4948790632882931,0.0879198969688151,100,True
0.0,0.1,20,44,6.214525871857607,0.7405502397119053,0.9405913866302775,0.11916439885872496,100,True
0.0,0.1,20,45,5.431376714594737,0.2062397804977615,0.13548882984665822,0.03797191602334844,100,True
0.0,0.1,20,46,6.924714464256141,0.48974758412214603,0.7199990282190508,0.07072458895599462,100,True
0.0,0.1,20,47,5.058850593357537,0.27282575149436966,0.1508642187315684,0.053930383287579244,100,True
0.0,0.1,20,48,6.355987765974493,0.8129230457207933,0.7672700858322964,0.12789877445526468,100,True
0.0,0.1,20,49,5.496270446295584,0.41391011333129946,0.39833978728863173,0.07530745027480765,100,True
0.0,0.1,25,0,5.17627202355463,0.0,8.926528984957934e-16,0.0,100,True
0.0,0.1,25,1,7.4731601750627075,3.570611593983174e-15,0.0,4.777913908359675e-16,100,True
0.0,0.1,25,2,6.503442571287062,7.141223187966347e-15,1.785305796991587e-15,1.0980681553943615e-15,100,True
0.0,0.1,25,3,5.8188027192433545,0.0,2.6779586954873804e-15,0.0,100,True
0.0,0.1,25,4,7.43956362394556,1.785305796991587e-15,0.0,2.399745317380259e-16,100,True
0.0,0.1,25,5,4.57960296033535,4.463264492478967e-16,1.785305796991587e-15,9.745963855679174e-17,100,True
0.0,0.1,25,6,10.403411667208877,3.570611593983174e-15,1.785305796991587e-15,3.4321544779753296e-16,100,True
0.0,0.1,25,7,6.707405100928198,1.785305796991587e-15,0.0,2.6616937103508615e-16,100,True
0.0,0.1,25,8,8.450315315088359,0.0,1.785305796991587e-15,0.0,100,True
0.0,0.1,25,9,10.772941701661384,7.141223187966347e-15,3.570611593983174e-15,6.628851604074902e-16,100,True
0.0,0.1,25,10,4.996401089579992,8.926528984957934e-16,8.926528984957934e-16,1.786591753727345e-16,100,True
0.0,0.1,25,11,5.9578546267887305,3.570611593983174e-15,0.0,5.993116344142362e-16,100,True
0.0,0.1,25,12,5.477729002599505,8.926528984957934e-16,0.0,1.6296039801753192e-16,100,True
0.0,0.1,25,13,7.185095315617219,7.141223187966347e-15,8.926528984957934e-16,9.93894008955523e-16,100,True
0.0,0.1,25,14,6.317208055393105,7.141223187966347e-15,8.926528984957934e-16,1.130439764742237e-15,100,True
0.0,0.1,25,15,7.75998668954388,7.141223187966347e-15,8.926528984957934e-16,9.202622985924344e-16,100,True
0.0,0.1,25,16,7.610654104272721,7.141223187966347e-15,2.6779586954873804e-15,9.383192417005486e-16,100,True
0.0,0.1,25,17,4.86479041317264,1.3389793477436902e-15,8.926528984957934e-16,2.7523885594702453e-16,100,True
0.0,0.1,25,18,7.118418288913144,7.141223187966347e-15,3.570611593983174e-15,1.0032036469518406e-15,100,True
0.0,0.1,25,19,8.3542396922513,1.785305796991587e-15,1.785305796991587e-15,2.1370057153704705e-16,100,True
0.0,0.1,25,20,6.9426155835813805,2.6779586954873804e-15,1.785305796991587e-15,3.8572763582366504e-16,100,True
0.0,0.1,25,21,10.881803536396605,0.0,5.355917390974761e-15,0.0,100,True
0.0,0.1,25,22,5.9349299681928604,3.570611593983174e-15,2.6779586954873804e-15,6.016265757336976e-16,100,True
0.0,0.1,25,23,5.5073687655278585,3.570611593983174e-15,8.926528984957934e-16,6.483334866429532e-16,100,True
0.0,0.1,25,24,8.036955690486279,7.141223187966347e-15,1.785305796991587e-15,8.88548284074746e-16,100,True
0.0,0.1,25,25,3.3478832797117333,1.785305796991587e-15,8.926528984957934e-16,5.332640500971435e-16,100,True
0.0,0.1,25,26,7.911630682182226,3.570611593983174e-15,1.785305796991587e-15,4.513117127704841e-16,100,True
0.0,0.1,25,27,5.92912854465793,1.785305796991587e-15,0.0,3.011076220636378e-16,100,True
0.0,0.1,25,28,5.979248484409744,8.926528984957934e-16,1.785305796991587e-15,1.4929182167680286e-16,100,True
0.0,0.1,25,29,6.391656108420546,1.785305796991587e-15,8.926528984957934e-16,2.7931818713456364e-16,100,True
0.0,0.1,25,30,3.749339851637913,8.926528984957934e-16,8.926528984957934e-16,2.380826849040731e-16,100,True
0.0,0.1,25,31,5.473671685877374,0.0,2.6779586954873804e-15,0.0,100,True
0.0,0.1,25,32,5.5928804604378435,3.570611593983174e-15,0.0,6.384208672508701e-16,100,True
0.0,0.1,25,33,5.330516566507782,2.6779586954873804e-15,1.785305796991587e-15,5.023825856415657e-16,100,True
0.0,0.1,25,34,4.108936401429233,0.0,1.785305796991587e-15,0.0,100,True
0.0,0.1,25,35,4.3696652117090276,4.463264492478967e-16,8.926528984957934e-16,1.0214202407358644e-16,100,True
0.0,0.1,25,36,2.8431542480684953,4.463264492478967e-16,4.463264492478967e-16,1.5698284732568057e-16,100,True
0.0,0.1,25,37,6.605359157284133,1.785305796991587e-15,0.0,2.7028141157514817e-16,100,True
0.0,0.1,25,38,5.6201396132938335,3.570611593983174e-15,0.0,6.35324358408691e-16,100,True
0.0,0.1,25,39,8.997087736392402,0.0,3.570611593983174e-15,0.0,100,True
0.0,0.1,25,40,4.890491641945018,0.0,8.926528984957934e-16,0.0,100,True
0.0,0.1,25,41,8.852323174857107,3.570611593983174e-15,1.785305796991587e-15,4.033530547240567e-16,100,True
0.0,0.1,25,42,6.133913515941978,3.570611593983174e-15,1.785305796991587e-15,5.821098691240415e-16,100,True
0.0,0.1,25,43,9.509646110590966,1.785305796991587e-15,1.785305796991587e-15,1.8773630230080571e-16,100,True
0.0,0.1,25,44,5.522382646391788,3.570611593983174e-15,1.785305796991587e-15,6.465708413588722e-16,100,True
0.0,0.1,25,45,7.052347988406261,0.0,0.0,0.0,100,True
0.0,0.1,25,46,8.735323848926727,0.0,1.785305796991587e-15,0.0,100,True
0.0,0.1,25,47,6.826766652452348,7.141223187966347e-15,2.6779586954873804e-15,1.0460622944247023e-15,100,True
0.0,0.1,25,48,6.904749617324228,8.926528984957934e-16,0.0,1.2928099467301464e-16,100,True
0.0,0.1,25,49,2.4540201964579027,8.926528984957934e-16,0.0,3.637512436874952e-16,100,True
0.0,0.1,30,0,5.37797483254231,1.785305796991587e-15,8.926528984957934e-16,3.319661866375128e-16,100,True
0.0,0.1,30,1,8.3294637839178,3.570611593983174e-15,3.570611593983174e-15,4.2867244358240317e-16,100,True
0.0,0.1,30,2,6.1309654979915305,7.141223187966347e-15,1.785305796991587e-15,1.1647795425216095e-15,100,True
0.0,0.1,30,3,6.4745309683310515,1.785305796991587e-15,3.570611593983174e-15,2.757428770862436e-16,100,True
0.0,0.1,30,4,5.522345970290487,1.785305796991587e-15,2.6779586954873804e-15,3.23287567746806e-16,100,True
0.0,0.1,30,5,3.481847507644776,4.463264492478967e-16,0.0,1.281866733876019e-16,100,True
0.0,0.1,30,6,9.209036655114351,7.141223187966347e-15,1.785305796991587e-15,7.754582216805904e-16,100,True
0.0,0.1,30,7,5.199285156654017,0.0,8.926528984957934e-16,0.0,100,True
0.0,0.1,30,8,6.837179719350262,8.926528984957934e-16,0.0,1.305586418870122e-16,100,True
0.0,0.1,30,9,10.00717889233403,0.0,0.0,0.0,100,True
0.0,0.1,30,10,6.105694032207339,4.463264492478967e-15,0.0,7.310003529386488e-16,100,True
0.0,0.1,30,11,7.627145654639866,1.7853057969915867e-14,1.785305796991587e-15,2.3407259777522687e-15,100,True
0.0,0.1,30,12,3.5287703643274795,4.463264492478967e-16,4.463264492478967e-16,1.2648214623423323e-16,100,True
0.0,0.1,30,13,7.731215984994346,3.570611593983174e-15,1.785305796991587e-15,4.618434669156103e-16,100,True
0.0,0.1,30,14,8.36274088492304,3.570611593983174e-15,1.785305796991587e-15,4.2696666596719896e-16,100,True
0.0,0.1,30,15,7.8174574956845575,3.570611593983174e-15,0.0,4.567484499857205e-16,100,True
0.0,0.1,30,16,6.119696206329308,0.0,8.926528984957934e-16,0.0,100,True
0.0,0.1,30,17,3.9912530207121084,4.463264492478967e-16,4.463264492478967e-16,1.1182614756111462e-16,100,True
0.0,0.1,30,18,4.567412833749863,3.570611593983174e-15,0.0,7.817580157411977e-16,100,True
0.0,0.1,30,19,8.309066527693316,1.785305796991587e-15,1.785305796991587e-15,2.1486237846830748e-16,100,True
0.0,0.1,30,20,7.420090702880745,2.6779586954873804e-15,8.926528984957934e-16,3.609064636430524e-16,100,True
0.0,0.1,30,21,11.44978981601716,0.0,5.355917390974761e-15,0.0,100,True
0.0,0.1,30,22,7.954518357542133,7.141223187966347e-15,1.785305796991587e-15,8.97756830392546e-16,100,True
0.0,0.1,30,23,8.278456437918381,3.570611593983174e-15,1.785305796991587e-15,4.313136900290321e-16,100,True
0.0,0.1,30,24,7.269679553280066,0.0,2.6779586954873804e-15,0.0,100,True
0.0,0.1,30,25,3.2182463694439787,1.785305796991587e-15,4.463264492478967e-16,5.547449113723499e-16,100,True
0.0,0.1,30,26,9.102371944329061,0.0,3.570611593983174e-15,0.0,100,True
0.0,0.1,30,27,5.282701499094877,1.785305796991587e-15,1.785305796991587e-15,3.3795318499398007e-16,100,True
0.0,0.1,30,28,5.141384273029494,1.785305796991587e-15,8.926528984957934e-16,3.4724224103552927e-16,100,True
0.0,0.1,30,29,5.524034925265784,1.785305796991587e-15,0.0,3.2318872366754423e-16,100,True
0.0,0.1,30,30,3.0700360232895254,8.926528984957934e-16,1.3389793477436902e-15,2.907630046436136e-16,100,True
0.0,0.1,30,31,4.339078803324305,1.785305796991587e-15,0.0,4.114481155824614e-16,100,True
0.0,0.1,30,32,6.718023599411281,1.785305796991587e-15,8.926528984957934e-16,2.6574866410830084e-16,100,True
0.0,0.1,30,33,5.413760338209391,8.926528984957934e-16,0.0,1.648859282143693e-16,100,True
0.0,0.1,30,34,5.270482348384434,8.926528984957934e-16,1.785305796991587e-15,1.693683498948477e-16,100,True
0.0,0.1,30,35,3.9991959058460953,8.926528984957934e-16,8.926528984957934e-16,2.2320809470496245e-16,100,True
0.0,0.1,30,36,3.8933293006817893,8.926528984957934e-16,0.0,2.292775230544908e-16,100,True
0.0,0.1,30,37,4.168313123865851,3.570611593983174e-15,8.926528984957934e-16,8.566082940217441e-16,100,True
0.0,0.1,30,38,4.642423545668305,3.570611593983174e-15,8.926528984957934e-16,7.691266337201817e-16,100,True
0.0,0.1,30,39,7.725550300723317,1.785305796991587e-15,3.570611593983174e-15,2.310910844531599e-16,100,True
0.0,0.1,30,40,4.820213106390149,1.785305796991587e-15,1.785305796991587e-15,3.7037901801993146e-16,100,True
0.0,0.1,30,41,8.711697255662076,3.570611593983174e-15,1.785305796991587e-15,4.0986405854065833e-16,100,True
0.0,0.1,30,42,6.198541811581976,0.0,8.926528984957934e-16,0.0,100,True
0.0,0.1,30,43,9.512738407946786,5.355917390974761e-15,1.785305796991587e-15,5.630258250873917e-16,100,True
0.0,0.1,30,44,6.979089944483207,3.570611593983174e-15,8.926528984957934e-16,5.116156436421415e-16,100,True
0.0,0.1,30,45,6.277893862034923,3.570611593983174e-15,8.926528984957934e-16,5.687594713214524e-16,100,True
0.0,0.1,30,46,4.888748951275338,0.0,8.926528984957934e-16,0.0,100,True
0.0,0.1,30,47,5.862574921048102,0.0,0.0,0.0,100,True
0.0,0.1,30,48,5.2427373633922105,4.463264492478967e-16,1.785305796991587e-15,8.513233036703367e-17,100,True
0.0,0.1,30,49,4.051222019641628,8.926528984957934e-16,1.785305796991587e-15,2.2034163868776506e-16,100,True
0.0,0.1,35,0,5.72038532363486,8.926528984957934e-16,1.785305796991587e-15,1.560476869989209e-16,100,True
0.0,0.1,35,1,8.210793258460994,3.570611593983174e-15,0.0,4.348680427806117e-16,100,True
0.0,0.1,35,2,6.231084492366931,3.570611593983174e-15,8.926528984957934e-16,5.730321260058609e-16,100,True
0.0,0.1,35,3,7.238630831221072,5.355917390974761e-15,1.785305796991587e-15,7.399075206148178e-16,100,True
0.0,0.1,35,4,8.155233407658297,5.355917390974761e-15,3.570611593983174e-15,6.567460578069052e-16,100,True
0.0,0.1,35,5,3.67659222905111,1.785305796991587e-15,8.926528984957934e-16,4.855871104999739e-16,100,True
0.0,0.1,35,6,7.632729264897234,7.141223187966347e-15,1.785305796991587e-15,9.356054617066908e-16,100,True
0.0,0.1,35,7,5.069096426473582,5.355917390974761e-15,0.0,1.056582266417984e-15,100,True
0.0,0.1,35,8,6.224703490060084,8.926528984957934e-16,8.926528984957934e-16,1.4340488666186685e-16,100,True
0.0,0.1,35,9,10.701833514148642,0.0,3.570611593983174e-15,0.0,100,True
0.0,0.1,35,10,4.6440130604833,2.6779586954873804e-15,8.926528984957934e-16,5.766475375090109e-16,100,True
0.0,0.1,35,11,8.00485235412254,0.0,0.0,0.0,100,True
0.0,0.1,35,12,4.107705205164088,0.0,8.926528984957934e-16,0.0,100,True
0.0,0.1,35,13,7.708258670409782,3.570611593983174e-15,1.785305796991587e-15,4.632189637965736e-16,100,True
0.0,0.1,35,14,7.354764254550705,0.0,1.785305796991587e-15,0.0,100,True
0.0,0.1,35,15,9.065751743847573,7.141223187966347e-15,1.785305796991587e-15,7.877143991740898e-16,100,True
0.0,0.1,35,16,6.314419916496489,3.570611593983174e-15,8.926528984957934e-16,5.654694558172973e-16,100,True
0.0,0.1,35,17,2.843357693191787,8.926528984957934e-16,1.3389793477436902e-15,3.139432300878591e-16,100,True
0.0,0.1,35,18,7.176100606324881,3.570611593983174e-15,8.926528984957934e-16,4.975698906500981e-16,100,True
0.0,0.1,35,19,6.130071072996101,3.570611593983174e-15,8.926528984957934e-16,5.824747464531469e-16,100,True
0.0,0.1,35,20,7.292484477217922,2.6779586954873804e-15,1.785305796991587e-15,3.672217203688886e-16,100,True
0.0,0.1,35,21,10.475847604388393,1.785305796991587e-15,1.785305796991587e-15,1.704211310064984e-16,100,True
0.0,0.1,35,22,7.177539757290829,1.0711834781949522e-14,1.785305796991587e-15,1.4924103723798414e-15,100,True
0.0,0.1,35,23,8.79003328243883,7.141223187966347e-15,3.570611593983174e-15,8.124227700290329e-16,100,True
0.0,0.1,35,24,8.498343877704661,3.570611593983174e-15,1.785305796991587e-15,4.201538141273202e-16,100,True
0.0,0.1,35,25,3.5473639557231422,3.570611593983174e-15,0.0,1.0065534967796368e-15,100,True
0.0,0.1,35,26,5.569110107947836,0.0,0.0,0.0,100,True
0.0,0.1,35,27,5.760702745248329,1.785305796991587e-15,1.785305796991587e-15,3.0991111257462164e-16,100,True
0.0,0.1,35,28,6.060922613905805,8.926528984957934e-16,2.6779586954873804e-15,1.4728003562489744e-16,100,True
0.0,0.1,35,29,5.606597131700239,3.570611593983174e-15,1.785305796991587e-15,6.368589556389905e-16,100,True
0.0,0.1,35,30,5.0582184224366715,0.0,0.0,0.0,100,True
0.0,0.1,35,31,4.48250681569665,1.785305796991587e-15,8.926528984957934e-16,3.9828289624454774e-16,100,True
0.0,0.1,35,32,5.742954571937844,7.141223187966347e-15,0.0,1.2434754791307162e-15,100,True
0.0,0.1,35,33,5.4551656820281575,8.926528984957934e-16,1.785305796991587e-15,1.636344247868778e-16,100,True
0.0,0.1,35,34,5.57980209992901,1.785305796991587e-15,8.926528984957934e-16,3.1995862308706267e-16,100,True
0.0,0.1,35,35,5.120500779483823,4.463264492478967e-16,0.0,8.716460917966876e-17,100,True
0.0,0.1,35,36,3.7815221957316294,8.926528984957934e-16,4.463264492478967e-16,2.360565011368623e-16,100,True
0.0,0.1,35,37,3.6169512477701438,3.570611593983174e-15,4.463264492478967e-16,9.871882006107938e-16,100,True
0.0,0.1,35,38,5.443589420817915,0.0,1.785305796991587e-15,0.0,100,True
0.0,0.1,35,39,6.718718751479486,0.0,3.570611593983174e-15,0.0,100,True
0.0,0.1,35,40,5.001561576352506,1.785305796991587e-15,8.926528984957934e-16,3.569496785629017e-16,100,True
0.0,0.1,35,41,8.754124788718045,0.0,1.785305796991587e-15,0.0,100,True
0.0,0.1,35,42,5.794061611752982,0.0,1.785305796991587e-15,0.0,100,True
0.0,0.1,35,43,8.136225695041347,3.570611593983174e-15,3.570611593983174e-15,4.388535578799512e-16,100,True
0.0,0.1,35,44,6.952676898305506,7.141223187966347e-15,8.926528984957934e-16,1.0271185174312923e-15,100,True
0.0,0.1,35,45,6.066975315982907,3.570611593983174e-15,1.785305796991587e-15,5.885324083282019e-16,100,True
0.0,0.1,35,46,4.7028041103401526,3.570611593983174e-15,8.926528984957934e-16,7.592516103599544e-16,100,True
0.0,0.1,35,47,6.115165372258018,7.141223187966347e-15,2.6779586954873804e-15,1.1677890544650075e-15,100,True
0.0,0.1,35,48,5.31303808197717,4.463264492478967e-16,8.926528984957934e-16,8.400588182530075e-17,100,True
0.0,0.1,35,49,4.694668992783285,8.926528984957934e-16,1.785305796991587e-15,1.9014181827685672e-16,100,True
0.0,0.05,0,0,,,,,0,True
0.0,0.05,0,1,,,,,0,True
0.0,0.05,0,2,,,,,0,True
0.0,0.05,0,3,,,,,0,True
0.0,0.05,0,4,,,,,0,True
0.0,0.05,0,5,,,,,0,True
0.0,0.05,0,6,,,,,0,True
0.0,0.05,0,7,,,,,0,True
0.0,0.05,0,8,,,,,0,True
0.0,0.05,0,9,,,,,0,True
0.0,0.05,0,10,,,,,0,True
0.0,0.05,0,11,,,,,0,True
0.0,0.05,0,12,,,,,0,True
0.0,0.05,0,13,,,,,0,True
0.0,0.05,0,14,,,,,0,True
0.0,0.05,0,15,,,,,0,True
0.0,0.05,0,16,,,,,0,True
0.0,0.05,0,17,,,,,0,True
0.0,0.05,0,18,,,,,0,True
0.0,0.05,0,19,,,,,0,True
0.0,0.05,0,20,,,,,0,True
0.0,0.05,0,21,,,,,0,True
0.0,0.05,0,22,,,,,0,True
0.0,0.05,0,23,,,,,0,True
0.0,0.05,0,24,,,,,0,True
0.0,0.05,0,25,,,,,0,True
0.0,0.05,0,26,,,,,0,True
0.0,0.05,0,27,,,,,0,True
0.0,0.05,0,28,,,,,0,True
0.0,0.05,0,29,,,,,0,True
0.0,0.05,0,30,,,,,0,True
0.0,0.05,0,31,,,,,0,True
0.0,0.05,0,32,,,,,0,True
0.0,0.05,0,33,,,,,0,True
0.0,0.05,0,34,,,,,0,True
0.0,0.05,0,35,,,,,0,True
0.0,0.05,0,36,,,,,0,True
0.0,0.05,0,37,,,,,0,True
0.0,0.05,0,38,,,,,0,True
0.0,0.05,0,39,,,,,0,True
0.0,0.05,0,40,,,,,0,True
0.0,0.05,0,41,,,,,0,True
0.0,0.05,0,42,,,,,0,True
0.0,0.05,0,43,,,,,0,True
0.0,0.05,0,44,,,,,0,True
0.0,0.05,0,45,,,,,0,True
0.0,0.05,0,46,,,,,0,True
0.0,0.05,0,47,,,,,0,True
0.0,0.05,0,48,,,,,0,True
0.0,0.05,0,49,,,,,0,True
0.0,0.05,5,0,,,,,0,True
0.0,0.05,5,1,,,,,0,True
0.0,0.05,5,2,,,,,0,True
0.0,0.05,5,3,,,,,0,True
0.0,0.05,5,4,,,,,0,True
0.0,0.05,5,5,,,,,0,True
0.0,0.05,5,6,,,,,0,True
0.0,0.05,5,7,,,,,0,True
0.0,0.05,5,8,,,,,0,True
0.0,0.05,5,9,,,,,0,True
0.0,0.05,5,10,,,,,0,True
0.0,0.05,5,11,,,,,0,True
0.0,0.05,5,12,,,,,0,True
0.0,0.05,5,13,,,,,0,True
0.0,0.05,5,14,,,,,0,True
0.0,0.05,5,15,,,,,0,True
0.0,0.05,5,16,,,,,0,True
0.0,0.05,5,17,,,,,0,True
0.0,0.05,5,18,,,,,0,True
0.0,0.05,5,19,,,,,0,True
0.0,0.05,5,20,,,,,0,True
0.0,0.05,5,21,,,,,0,True
0.0,0.05,5,22,,,,,0,True
0.0,0.05,5,23,,,,,0,True
0.0,0.05,5,24,,,,,0,True
0.0,0.05,5,25,,,,,0,True
0.0,0.05,5,26,,,,,0,True
0.0,0.05,5,27,,,,,0,True
0.0,0.05,5,28,,,,,0,True
0.0,0.05,5,29,,,,,0,True
0.0,0.05,5,30,,,,,0,True
0.0,0.05,5,31,,,,,0,True
0.0,0.05,5,32,,,,,0,True
0.0,0.05,5,33,,,,,0,True
0.0,0.05,5,34,,,,,0,True
0.0,0.05,5,35,,,,,0,True
0.0,0.05,5,36,,,,,0,True
0.0,0.05,5,37,,,,,0,True
0.0,0.05,5,38,,,,,0,True
0.0,0.05,5,39,,,,,0,True
0.0,0.05,5,40,,,,,0,True
0.0,0.05,5,41,,,,,0,True
0.0,0.05,5,42,,,,,0,True
0.0,0.05,5,43,,,,,0,True
0.0,0.05,5,44,,,,,0,True
0.0,0.05,5,45,,,,,0,True
0.0,0.05,5,46,,,,,0,True
0.0,0.05,5,47,,,,,0,True
0.0,0.05,5,48,,,,,0,True
0.0,0.05,5,49,,,,,0,True
0.0,0.05,10,0,,,,,0,True
0.0,0.05,10,1,,,,,0,True
0.0,0.05,10,2,,,,,0,True
0.0,0.05,10,3,,,,,0,True
0.0,0.05,10,4,,,,,0,True
0.0,0.05,10,5,,,,,0,True
0.0,0.05,10,6,,,,,0,True
0.0,0.05,10,7,,,,,0,True
0.0,0.05,10,8,,,,,0,True
0.0,0.05,10,9,,,,,0,True
0.0,0.05,10,10,,,,,0,True
0.0,0.05,10,11,,,,,0,True
0.0,0.05,10,12,,,,,0,True
0.0,0.05,10,13,,,,,0,True
0.0,0.05,10,14,,,,,0,True
0.0,0.05,10,15,,,,,0,True
0.0,0.05,10,16,,,,,0,True
0.0,0.05,10,17,,,,,0,True
0.0,0.05,10,18,,,,,0,True
0.0,0.05,10,19,,,,,0,True
0.0,0.05,10,20,,,,,0,True
0.0,0.05,10,21,,,,,0,True
0.0,0.05,10,22,,,,,0,True
0.0,0.05,10,23,,,,,0,True
0.0,0.05,10,24,,,,,0,True
0.0,0.05,10,25,,,,,0,True
0.0,0.05,10,26,,,,,0,True
0.0,0.05,10,27,,,,,0,True
0.0,0.05,10,28,,,,,0,True
0.0,0.05,10,29,,,,,0,True
0.0,0.05,10,30,,,,,0,True
0.0,0.05,10,31,,,,,0,True
0.0,0.05,10,32,,,,,0,True
0.0,0.05,10,33,,,,,0,True
0.0,0.05,10,34,,,,,0,True
0.0,0.05,10,35,,,,,0,True
0.0,0.05,10,36,,,,,0,True
0.0,0.05,10,37,,,,,0,True
0.0,0.05,10,38,,,,,0,True
0.0,0.05,10,39,,,,,0,True
0.0,0.05,10,40,,,,,0,True
0.0,0.05,10,41,,,,,0,True
0.0,0.05,10,42,,,,,0,True
0.0,0.05,10,43,,,,,0,True
0.0,0.05,10,44,,,,,0,True
0.0,0.05,10,45,,,,,0,True
0.0,0.05,10,46,,,,,0,True
0.0,0.05,10,47,,,,,0,True
0.0,0.05,10,48,,,,,0,True
0.0,0.05,10,49,,,,,0,True
0.0,0.05,15,0,8.158186196944694,0.18369682637303386,0.3123278020514227,0.02251687102236399,100,True
0.0,0.05,15,1,10.284828438997481,0.648355144383754,0.41097519802134724,0.06303995717861023,100,True
0.0,0.05,15,2,10.728851725139737,0.4520542223954046,0.97553083613281,0.04213444588260603,100,True
0.0,0.05,15,3,9.266072677392184,0.48081163437734825,0.6969900737372979,0.05188947368721334,100,True
0.0,0.05,15,4,10.733867723804176,0.22568675026663076,0.4476153245732427,0.021025669038768947,100,True
0.0,0.05,15,5,9.25284160052959,0.855563864429587,1.2431196062146297,0.09246498550030495,100,True
0.0,0.05,15,6,19.05892940472465,3.148867547487026,3.3331252135645357,0.16521744115944054,100,True
0.0,0.05,15,7,10.914380062658804,0.20647924881209126,1.1823606396666728,0.01891809224405841,100,True
0.0,0.05,15,8,12.067993983598534,0.09325924040619227,0.30674351320078236,0.007727816282717723,100,True
0.0,0.05,15,9,17.458577403484597,0.4811589059269165,0.6315577789381654,0.027560029365902454,100,True
0.0,0.05,15,10,13.541344828349672,0.41139183045515615,0.7955000705270648,0.030380426439911717,100,True
0.0,0.05,15,11,11.173973950144125,0.6897344448468143,1.0390637943113397,0.06172687066609082,100,True
0.0,0.05,15,12,13.56912445937612,0.704831028635666,1.0231763675082615,0.0519437367345124,100,True
0.0,0.05,15,13,9.870011077134055,0.48708803695918645,0.39846353872628715,0.0493503029685172,100,True
0.0,0.05,15,14,9.908179036760234,0.27773054259434116,0.36651021261194544,0.02803043238963849,100,True
0.0,0.05,15,15,11.445261793148463,0.16236242643832702,0.2573855680591301,0.014185994988382257,100,True
0.0,0.05,15,16,12.404611918825037,0.388687614353244,1.041806776461244,0.03133412128463108,100,True
0.0,0.05,15,17,14.896144366807556,0.6254821881902256,1.4745021034475703,0.04198953586835268,100,True
0.0,0.05,15,18,9.08032832108629,0.4549679812088453,0.3757182818844105,0.050104794135287054,100,True
0.0,0.05,15,19,10.54414582718421,0.35274552665228887,0.44436691138658097,0.03345415858559771,100,True
0.0,0.05,15,20,13.567875381652657,1.3801340314760298,1.2049390818462669,0.10172071843630984,100,True
0.0,0.05,15,21,10.172141130480696,0.29381991320569417,0.529617795943743,0.02888476569846897,100,True
0.0,0.05,15,22,12.896481123024774,0.3385452077931242,0.8887359364861094,0.02625097532913078,100,True
0.0,0.05,15,23,17.109035384806166,0.4372813953494225,2.0332797042957793,0.025558506690432952,100,True
0.0,0.05,15,24,8.766395956737302,0.09679949718274149,0.2607449141842302,0.011042108713826401,100,True
0.0,0.05,15,25,9.977766926370105,0.579757198302759,0.7136912084530616,0.05810490489315064,100,True
0.0,0.05,15,26,8.22546390592719,0.7431156857688346,0.47997177933377283,0.09034331610565485,100,True
0.0,0.05,15,27,9.234705648984495,0.59838405093424,0.5435307250747129,0.06479730634403512,100,True
0.0,0.05,15,28,10.060109538038787,0.31292930143411457,0.3673284062248854,0.031105953692738813,100,True
0.0,0.05,15,29,13.039889295643691,1.6452456030009694,0.9756782687926735,0.126170212468798,100,True
0.0,0.05,15,30,8.52341698695766,0.8088504196727603,0.5279595219304088,0.09489743619377591,100,True
0.0,0.05,15,31,14.297279783314696,0.4306212749809763,0.7485618081866354,0.030119105277881093,100,True
0.0,0.05,15,32,10.658092424634559,0.5774135315579338,0.7899462498028742,0.05417606721286544,100,True
0.0,0.05,15,33,20.21267305918294,1.4759243025293476,2.938120615162374,0.0730197484621566,100,True
0.0,0.05,15,34,24.751269984982542,2.2864723597665013,4.5825188953270946,0.09237798145928608,100,True
0.0,0.05,15,35,8.994094674462866,0.3983343174176303,0.3114328352046129,0.044288428333829954,100,True
0.0,0.05,15,36,13.68979810856651,0.45415142243601175,0.697257936385801,0.033174442664119536,100,True
0.0,0.05,15,37,10.49472918366063,1.0404930118749804,1.0448546412538118,0.09914434128466475,100,True
0.0,0.05,15,38,8.784850246155031,0.1405199085887564,0.24991991213928663,0.015995709050391542,100,True
0.0,0.05,15,39,13.30018624618448,0.3395902455361596,1.4185273904200009,0.025532743621058708,100,True
0.0,0.05,15,40,11.532826524577354,0.2824145005084344,1.2113186099400792,0.024487882472400593,100,True
0.0,0.05,15,41,9.422537268132551,0.21475898793382547,0.3316620508054854,0.022792055029609713,100,True
0.0,0.05,15,42,9.12686412363255,0.17659491357464446,0.3500052957733545,0.019348914499272566,100,True
0.0,0.05,15,43,11.185420149474853,0.7015289381001981,0.6876758103177594,0.0627181570942719,100,True
0.0,0.05,15,44,12.049817528971785,0.426893211291982,0.5357555062605758,0.03542735898411641,100,True
0.0,0.05,15,45,10.395724964935724,0.7078815166199547,0.41229741444990503,0.06809352103942772,100,True
0.0,0.05,15,46,10.065112328466062,0.3348670000495682,0.4268154286405683,0.033270070826979276,100,True
0.0,0.05,15,47,11.137344792642644,1.2628109403491807,1.2046857929233543,0.11338527843578988,100,True
0.0,0.05,15,48,10.17178141427177,0.44271421004971995,0.26334217612890987,0.04352376363775954,100,True
0.0,0.05,15,49,16.924248167378277,0.9057653908947473,1.8458516357122632,0.053518796341016944,100,True
0.0,0.05,20,0,6.321953970998283,0.1584807279829424,0.20356415354990534,0.025068314117750075,100,True
0.0,0.05,20,1,6.578482622672611,0.23158460716134596,0.6196187805353861,0.035203347100620765,100,True
0.0,0.05,20,2,5.826800027935362,0.16811174353111225,0.1098503695375404,0.02885146954162422,100,True
0.0,0.05,20,3,6.093897033920451,0.2829619230324632,0.386658368556782,0.046433656731876605,100,True
0.0,0.05,20,4,8.31472833610667,0.18651312101646286,0.4836294072007122,0.02243165542841977,100,True
0.0,0.05,20,5,6.914245823717249,0.2086679992622649,0.5603818480639127,0.030179430205748807,100,True
0.0,0.05,20,6,6.752420296853154,1.9268532561639975,1.2352955448704646,0.28535742318379875,100,True
0.0,0.05,20,7,7.851561971224163,0.17458873125650715,1.1717898961489637,0.022236178214777108,100,True
0.0,0.05,20,8,7.223949409098516,0.26205342737497017,0.3810469796541639,0.03627564543086578,100,True
0.0,0.05,20,9,8.139031881399502,0.38258869876971174,0.5373058663740458,0.047006659310926034,100,True
0.0,0.05,20,10,6.962172190175016,0.21848319348463432,0.4200266146209949,0.031381469391543744,100,True
0.0,0.05,20,11,6.155441671698194,0.2638354020252311,0.260468646697288,0.0428621398913269,100,True
0.0,0.05,20,12,8.688046942937362,0.28610890820747287,0.3424599518775716,0.03293132623322839,100,True
0.0,0.05,20,13,6.9687603778147125,0.18299146262226462,0.4149832193526474,0.02625882548707288,100,True
0.0,0.05,20,14,7.10161387830645,0.3512727796087686,0.3796083112961322,0.04946379592416506,100,True
0.0,0.05,20,15,8.930837285065415,0.3972065855839561,0.6675388685857949,0.04447585068515182,100,True
0.0,0.05,20,16,9.717029775731886,0.7102836072946098,0.9859902872114436,0.07309678200930605,100,True
0.0,0.05,20,17,8.366697653489105,0.19748371023185846,0.4851117437815332,0.02360354328681917,100,True
0.0,0.05,20,18,6.601524061251488,0.5472021816016805,0.401510906129643,0.08289028056620373,100,True
0.0,0.05,20,19,6.978358231494426,0.34174114941318456,0.5387121215593086,0.04897156868084718,100,True
0.0,0.05,20,20,7.48361737083432,0.7675747379440034,0.267204221909638,0.10256734142173672,100,True
0.0,0.05,20,21,7.519757591215022,0.3371475128073123,0.6616217814956867,0.04483489111420105,100,True
0.0,0.05,20,22,6.129445904621182,0.3363277193464683,0.35944665093282996,0.054870819414998065,100,True
0.0,0.05,20,23,9.665733450497914,0.5603508267833016,0.3064118125641439,0.0579729235916842,100,True
0.0,0.05,20,24,6.957342124650786,0.13030786132551897,0.3156358560210382,0.018729546282311018,100,True
0.0,0.05,20,25,7.22282901629936,0.5004881399288794,0.40745879279976066,0.06929253604085815,100,True
0.0,0.05,20,26,7.173431551610955,0.5102130230621923,0.21077103106203698,0.07112537694008003,100,True
0.0,0.05,20,27,6.308534619137907,0.4471399779357362,0.698694289037257,0.07087858035672318,100,True
0.0,0.05,20,28,6.729970554426197,0.1403544210395736,0.45095857321820654,0.020855131520191375,100,True
0.0,0.05,20,29,8.684935005573267,1.348850489429701,0.6831601448752219,0.15530922091692353,100,True
0.0,0.05,20,30,6.651297977470395,0.6959633336810848,0.33035298664727303,0.10463571712445995,100,True
0.0,0.05,20,31,7.90044758791212,0.19662956045665936,0.9473787374935932,0.02488840768433265,100,True
0.0,0.05,20,32,6.100990010840041,0.1285708408778607,0.17270932059117083,0.021073766822994333,100,True
0.0,0.05,20,33,7.108665080612327,0.23089673751758272,0.3943027438311181,0.03248102631073649,100,True
0.0,0.05,20,34,7.927906536242976,0.4698447615066823,0.7890122972015354,0.059264669602089065,100,True
0.0,0.05,20,35,6.506302462781606,0.4655100948442766,0.4461058085113532,0.07154756445879393,100,True
0.0,0.05,20,36,8.592549856987182,0.3361473241772104,0.44254573602092806,0.039120788330819674,100,True
0.0,0.05,20,37,7.874462617213851,0.7967105395269163,0.7075715772341273,0.10117649651231808,100,True
0.0,0.05,20,38,7.119918407266214,0.15818000880839836,0.28395135826478995,0.02221654796591042,100,True
0.0,0.05,20,39,8.509256242212304,0.29610471832137203,1.1086811491879822,0.03479795529631252,100,True
0.0,0.05,20,40,7.243852367192851,0.20458954544131763,0.48450240688901147,0.028243196447224186,100,True
0.0,0.05,20,41,6.631782990301141,0.30093834202860525,0.3760698987390057,0.04537819504478991,100,True
0.0,0.05,20,42,6.585939470464242,0.2805576053900318,0.4740271489540926,0.04259948131139676,100,True
0.0,0.05,20,43,7.7273041742791,0.6689326065545779,0.699657952438674,0.08656739678776582,100,True
0.0,0.05,20,44,7.798604651487267,0.17233624880433387,0.4781890797028227,0.02209834406357139,100,True
0.0,0.05,20,45,7.582490188895171,0.7175384614564936,0.5072383908503229,0.094630977895277,100,True
0.0,0.05,20,46,5.668034478035751,0.24635634004447984,0.2914458248434564,0.04346415693114384,100,True
0.0,0.05,20,47,7.4076058918025005,1.3463045763277632,1.536058964185776,0.18174624784204949,100,True
0.0,0.05,20,48,8.202948468958546,0.27294623181792216,0.9534546979667871,0.03327416146167449,100,True
0.0,0.05,20,49,7.902086065675378,0.4041145366600204,0.5760054572210296,0.05114023478121678,100,True
0.0,0.05,25,0,,,,,0,True
0.0,0.05,25,1,,,,,0,True
0.0,0.05,25,2,,,,,0,True
0.0,0.05,25,3,,,,,0,True
0.0,0.05,25,4,,,,,0,True
0.0,0.05,25,5,,,,,0,True
0.0,0.05,25,6,,,,,0,True
0.0,0.05,25,7,,,,,0,True
0.0,0.05,25,8,,,,,0,True
0.0,0.05,25,9,,,,,0,True
0.0,0.05,25,10,,,,,0,True
0.0,0.05,25,11,,,,,0,True
0.0,0.05,25,12,,,,,0,True
0.0,0.05,25,13,,,,,0,True
0.0,0.05,25,14,,,,,0,True
0.0,0.05,25,15,,,,,0,True
0.0,0.05,25,16,,,,,0,True
0.0,0.05,25,17,,,,,0,True
0.0,0.05,25,18,,,,,0,True
0.0,0.05,25,19,,,,,0,True
0.0,0.05,25,20,,,,,0,True
0.0,0.05,25,21,,,,,0,True
0.0,0.05,25,22,,,,,0,True
0.0,0.05,25,23,,,,,0,True
0.0,0.05,25,24,,,,,0,True
0.0,0.05,25,25,,,,,0,True
0.0,0.05,25,26,,,,,0,True
0.0,0.05,25,27,,,,,0,True
0.0,0.05,25,28,,,,,0,True
0.0,0.05,25,29,,,,,0,True
0.0,0.05,25,30,,,,,0,True
0.0,0.05,25,31,,,,,0,True
0.0,0.05,25,32,,,,,0,True
0.0,0.05,25,33,,,,,0,True
0.0,0.05,25,34,,,,,0,True
0.0,0.05,25,35,,,,,0,True
0.0,0.05,25,36,,,,,0,True
0.0,0.05,25,37,,,,,0,True
0.0,0.05,25,38,,,,,0,True
0.0,0.05,25,39,,,,,0,True
0.0,0.05,25,40,,,,,0,True
0.0,0.05,25,41,,,,,0,True
0.0,0.05,25,42,,,,,0,True
0.0,0.05,25,43,,,,,0,True
0.0,0.05,25,44,,,,,0,True
0.0,0.05,25,45,,,,,0,True
0.0,0.05,25,46,,,,,0,True
0.0,0.05,25,47,,,,,0,True
0.0,0.05,25,48,,,,,0,True
0.0,0.05,25,49,,,,,0,True
0.0,0.05,30,0,,,,,0,True
0.0,0.05,30,1,,,,,0,True
0.0,0.05,30,2,,,,,0,True
0.0,0.05,30,3,,,,,0,True
0.0,0.05,30,4,,,,,0,True
0.0,0.05,30,5,,,,,0,True
0.0,0.05,30,6,,,,,0,True
0.0,0.05,30,7,,,,,0,True
0.0,0.05,30,8,,,,,0,True
0.0,0.05,30,9,,,,,0,True
0.0,0.05,30,10,,,,,0,True
0.0,0.05,30,11,,,,,0,True
0.0,0.05,30,12,,,,,0,True
0.0,0.05,30,13,,,,,0,True
0.0,0.05,30,14,,,,,0,True
0.0,0.05,30,15,,,,,0,True
0.0,0.05,30,16,,,,,0,True
0.0,0.05,30,17,,,,,0,True
0.0,0.05,30,18,,,,,0,True
0.0,0.05,30,19,,,,,0,True
0.0,0.05,30,20,,,,,0,True
0.0,0.05,30,21,,,,,0,True
0.0,0.05,30,22,,,,,0,True
0.0,0.05,30,23,,,,,0,True
0.0,0.05,30,24,,,,,0,True
0.0,0.05,30,25,,,,,0,True
0.0,0.05,30,26,,,,,0,True
0.0,0.05,30,27,,,,,0,True
0.0,0.05,30,28,,,,,0,True
0.0,0.05,30,29,,,,,0,True
0.0,0.05,30,30,,,,,0,True
0.0,0.05,30,31,,,,,0,True
0.0,0.05,30,32,,,,,0,True
0.0,0.05,30,33,,,,,0,True
0.0,0.05,30,34,,,,,0,True
0.0,0.05,30,35,,,,,0,True
0.0,0.05,30,36,,,,,0,True
0.0,0.05,30,37,,,,,0,True
0.0,0.05,30,38,,,,,0,True
0.0,0.05,30,39,,,,,0,True
0.0,0.05,30,40,,,,,0,True
0.0,0.05,30,41,,,,,0,True
0.0,0.05,30,42,,,,,0,True
0.0,0.05,30,43,,,,,0,True
0.0,0.05,30,44,,,,,0,True
0.0,0.05,30,45,,,,,0,True
0.0,0.05,30,46,,,,,0,True
0.0,0.05,30,47,,,,,0,True
0.0,0.05,30,48,,,,,0,True
0.0,0.05,30,49,,,,,0,True
0.0,0.05,35,0,,,,,0,True
0.0,0.05,35,1,,,,,0,True
0.0,0.05,35,2,,,,,0,True
0.0,0.05,35,3,,,,,0,True
0.0,0.05,35,4,,,,,0,True
0.0,0.05,35,5,,,,,0,True
0.0,0.05,35,6,,,,,0,True
0.0,0.05,35,7,,,,,0,True
0.0,0.05,35,8,,,,,0,True
0.0,0.05,35,9,,,,,0,True
0.0,0.05,35,10,,,,,0,True
0.0,0.05,35,11,,,,,0,True
0.0,0.05,35,12,,,,,0,True
0.0,0.05,35,13,,,,,0,True
0.0,0.05,35,14,,,,,0,True
0.0,0.05,35,15,,,,,0,True
0.0,0.05,35,16,,,,,0,True
0.0,0.05,35,17,,,,,0,True
0.0,0.05,35,18,,,,,0,True
0.0,0.05,35,19,,,,,0,True
0.0,0.05,35,20,,,,,0,True
0.0,0.05,35,21,,,,,0,True
0.0,0.05,35,22,,,,,0,True
0.0,0.05,35,23,,,,,0,True
0.0,0.05,35,24,,,,,0,True
0.0,0.05,35,25,,,,,0,True
0.0,0.05,35,26,,,,,0,True
0.0,0.05,35,27,,,,,0,True
0.0,0.05,35,28,,,,,0,True
0.0,0.05,35,29,,,,,0,True
0.0,0.05,35,30,,,,,0,True
0.0,0.05,35,31,,,,,0,True
0.0,0.05,35,32,,,,,0,True
0.0,0.05,35,33,,,,,0,True
0.0,0.05,35,34,,,,,0,True
0.0,0.05,35,35,,,,,0,True
0.0,0.05,35,36,,,,,0,True
0.0,0.05,35,37,,,,,0,True
0.0,0.05,35,38,,,,,0,True
0.0,0.05,35,39,,,,,0,True
0.0,0.05,35,40,,,,,0,True
0.0,0.05,35,41,,,,,0,True
0.0,0.05,35,42,,,,,0,True
0.0,0.05,35,43,,,,,0,True
0.0,0.05,35,44,,,,,0,True
0.0,0.05,35,45,,,,,0,True
0.0,0.05,35,46,,,,,0,True
0.0,0.05,35,47,,,,,0,True
0.0,0.05,35,48,,,,,0,True
0.0,0.05,35,49,,,,,0,True
5.0,0.1,0,0,47.83598074545711,3.570611593983174e-15,0.0,7.464280105352012e-17,100,True
5.0,0.1,0,1,87.58274285449926,1.4282446375932695e-14,0.0,1.6307375072347353e-16,100,True
5.0,0.1,0,2,45.90184425736151,0.0,1.4282446375932695e-14,0.0,100,True
5.0,0.1,0,3,38.14285252899577,7.141223187966347e-15,7.141223187966347e-15,1.8722310248132778e-16,100,True
5.0,0.1,0,4,66.94475588226597,1.4282446375932695e-14,1.4282446375932695e-14,2.1334675416623923e-16,100,True
5.0,0.1,0,5,35.16240550294611,3.570611593983174e-15,7.141223187966347e-15,1.0154628339304054e-16,100,True
5.0,0.1,0,6,31.45886978068535,0.0,3.570611593983174e-15,0.0,100,True
5.0,0.1,0,7,13.553286343144466,1.785305796991587e-15,1.785305796991587e-15,1.317249375384614e-16,100,True
5.0,0.1,0,8,31.141867486107877,1.785305796991587e-15,0.0,5.732815470324625e-17,100,True
5.0,0.1,0,9,43.273570512876496,7.141223187966347e-15,1.4282446375932695e-14,1.650250511646919e-16,100,True
5.0,0.1,0,10,26.860279784589743,3.570611593983174e-15,0.0,1.3293277741774312e-16,100,True
5.0,0.1,0,11,44.03698876311998,0.0,7.141223187966347e-15,0.0,100,True
5.0,0.1,0,12,29.595197576629847,1.785305796991587e-15,3.570611593983174e-15,6.032417227048256e-17,100,True
5.0,0.1,0,13,39.173330104033646,0.0,7.141223187966347e-15,0.0,100,True
5.0,0.1,0,14,26.386526020092916,0.0,3.570611593983174e-15,0.0,100,True
5.0,0.1,0,15,25.159323489522116,0.0,3.570611593983174e-15,0.0,100,True
5.0,0.1,0,16,55.98038835426343,0.0,7.141223187966347e-15,0.0,100,True
5.0,0.1,0,17,29.669593304490558,7.141223187966347e-15,3.570611593983174e-15,2.406916439560871e-16,100,True
5.0,0.1,0,18,34.96117998916668,7.141223187966347e-15,1.4282446375932695e-14,2.0426150347840598e-16,100,True
5.0,0.1,0,19,37.67527680024064,0.0,7.141223187966347e-15,0.0,100,True
5.0,0.1,0,20,40.42366012685161,7.141223187966347e-15,7.141223187966347e-15,1.7665949014900696e-16,100,True
5.0,0.1,0,21,46.25516753821165,3.570611593983174e-15,7.141223187966347e-15,7.719378793803895e-17,100,True
5.0,0.1,0,22,29.543336106690077,7.141223187966347e-15,0.0,2.417202702557759e-16,100,True
5.0,0.1,0,23,37.26125714770222,1.4282446375932695e-14,7.141223187966347e-15,3.8330554225042963e-16,100,True
5.0,0.1,0,24,29.459743651869047,0.0,7.141223187966347e-15,0.0,100,True
5.0,0.1,0,25,18.71222204107636,1.785305796991587e-15,3.570611593983174e-15,9.54085406357701e-17,100,True
5.0,0.1,0,26,23.90576007378492,3.570611593983174e-15,1.0711834781949522e-14,1.4936197732105202e-16,100,True
5.0,0.1,0,27,27.758012301682538,7.141223187966347e-15,7.141223187966347e-15,2.5726709500497936e-16,100,True
5.0,0.1,0,28,39.40691534796351,0.0,7.141223187966347e-15,0.0,100,True
5.0,0.1,0,29,28.13003778316186,1.4282446375932695e-14,7.141223187966347e-15,5.077293705052153e-16,100,True
5.0,0.1,0,30,49.96256220193186,1.4282446375932695e-14,1.4282446375932695e-14,2.8586296912091607e-16,100,True
5.0,0.1,0,31,25.257381987578405,7.141223187966347e-15,0.0,2.8273806016310024e-16,100,True
5.0,0.1,0,32,39.61682840278394,0.0,1.4282446375932695e-14,0.0,100,True
5.0,0.1,0,33,56.07245224319373,1.0711834781949522e-14,7.141223187966347e-15,1.910356039983923e-16,100,True
5.0,0.1,0,34,51.576185851193486,1.4282446375932695e-14,1.4282446375932695e-14,2.7691939875391534e-16,100,True
5.0,0.1,0,35,59.69676673397138,0.0,2.1423669563899043e-14,0.0,100,True
5.0,0.1,0,36,24.60886497208964,3.570611593983174e-15,7.141223187966347e-15,1.4509452581550649e-16,100,True
5.0,0.1,0,37,41.72829059950982,7.141223187966347e-15,0.0,1.7113625037998167e-16,100,True
5.0,0.1,0,38,50.28030233515789,0.0,7.141223187966347e-15,0.0,100,True
5.0,0.1,0,39,43.3793178884091,0.0,7.141223187966347e-15,0.0,100,True
5.0,0.1,0,40,22.009770661241138,1.0711834781949522e-14,1.0711834781949522e-14,4.866854337929516e-16,100,True
5.0,0.1,0,41,39.19241594031049,3.570611593983174e-15,0.0,9.110465655960495e-17,100,True
5.0,0.1,0,42,67.01365774849685,0.0,1.4282446375932695e-14,0.0,100,True
5.0,0.1,0,43,43.49432590931577,7.141223187966347e-15,2.1423669563899043e-14,1.6418746672509791e-16,100,True
5.0,0.1,0,44,33.47572399678496,0.0,1.4282446375932695e-14,0.0,100,True
5.0,0.1,0,45,26.249829052168717,7.141223187966347e-15,1.0711834781949522e-14,2.7204836929695553e-16,100,True
5.0,0.1,0,46,36.378402636748596,1.4282446375932695e-14,7.141223187966347e-15,3.926078480836019e-16,100,True
5.0,0.1,0,47,38.80338634863607,7.141223187966347e-15,1.4282446375932695e-14,1.8403608189771717e-16,100,True
5.0,0.1,0,48,23.848029736108835,3.570611593983174e-15,0.0,1.4972354670360172e-16,100,True
5.0,0.1,0,49,36.97235300668252,7.141223187966347e-15,7.141223187966347e-15,1.931503571513454e-16,100,True
5.0,0.1,5,0,46.086284597459674,4.10301407817022,17.140166464372776,0.0890289619570761,100,True
5.0,0.1,5,1,45.33674073566803,29.030601463719442,21.54335831216019,0.6403327851240976,100,True
5.0,0.1,5,2,32.33600787952222,1.9836367753417832,5.756713943593611,0.06134451669892073,100,True
5.0,0.1,5,3,27.649045776895296,5.2341770528489695,4.996657303151117,0.18930769239142667,100,True
5.0,0.1,5,4,44.62420494176454,8.452860542049988,9.391097659907558,0.1894232189252702,100,True
5.0,0.1,5,5,29.173153220319197,4.151511577982247,3.2518245346337453,0.14230589153765888,100,True
5.0,0.1,5,6,28.995005811089367,2.5725482969884266,1.7599926722520858,0.08872384140045715,100,True
5.0,0.1,5,7,19.200850682135382,2.094419439333455,4.0332995476071964,0.10907951288231824,100,True
5.0,0.1,5,8,20.81763932310954,1.946216258677574,3.2312882451185176,0.09348880670235701,100,True
5.0,0.1,5,9,36.448988812363616,2.891992745673968,6.726447580769978,0.07934356589593494,100,True
5.0,0.1,5,10,24.417336789220766,2.03700467020922,2.8227081204295468,0.0834245228213616,100,True
5.0,0.1,5,11,38.983836361513525,4.311111367428794,7.705079366755255,0.11058715020887232,100,True
5.0,0.1,5,12,25.537034152862738,1.9106553458347248,1.5113420614598077,0.07481899951253884,100,True
5.0,0.1,5,13,36.055357357251516,0.41774012417978107,3.954636357318665,0.011586076378071578,100,True
5.0,0.1,5,14,22.537349166854554,1.9609733292211506,1.7545546840454653,0.08700993691419281,100,True
5.0,0.1,5,15,22.12675590736194,2.418985233418513,0.7330821091178223,0.10932398963255506,100,True
5.0,0.1,5,16,55.28092574656628,4.380077206347243,6.211755324480086,0.07923306542346222,100,True
5.0,0.1,5,17,24.189242392237947,2.0109971971396887,2.482106963972132,0.08313601412274883,100,True
5.0,0.1,5,18,28.062115556338878,2.401801279650201,3.425666529975821,0.08558874596707533,100,True
5.0,0.1,5,19,32.87148178895215,1.7561798527329988,3.1817187426926035,0.053425636970318664,100,True
5.0,0.1,5,20,32.412214808190186,3.5885113116323986,1.0160342039422752,0.11071478246298751,100,True
5.0,0.1,5,21,38.56921024012587,6.3647866697549995,7.427989245318283,0.1650224785555326,100,True
5.0,0.1,5,22,23.181918195872235,1.4963815341664148,1.5765135312399925,0.06454951318191003,100,True
5.0,0.1,5,23,41.738831310468214,9.194226260071767,14.95104303269942,0.2202799161213177,100,True
5.0,0.1,5,24,29.281450710865162,7.218309551167569,5.943635844766473,0.24651475169190118,100,True
5.0,0.1,5,25,26.628747567427325,1.6359084127200454,5.6649002475781485,0.06143392243956349,100,True
5.0,0.1,5,26,20.75171227985892,2.427391100858958,1.6762355410212633,0.11697305109684475,100,True
5.0,0.1,5,27,32.26445666178996,7.429188310831521,6.2617179592565755,0.2302592102730103,100,True
5.0,0.1,5,28,30.807357859963552,2.145983960064161,3.39137715932372,0.06965816315111613,100,True
5.0,0.1,5,29,23.500420363445354,1.897060762984596,1.9797364652797016,0.08072454592920615,100,True
5.0,0.1,5,30,37.34936284995516,2.2902106247879366,2.639523701153828,0.06131859956991705,100,True
5.0,0.1,5,31,25.70729532212598,3.0535725725108933,4.418568248520385,0.118782335296188,100,True
5.0,0.1,5,32,32.31402700977864,3.7263655930824164,3.8456514125241763,0.11531727667228756,100,True
5.0,0.1,5,33,43.6958144010345,2.7671409859409706,5.488586483789791,0.06332736954035256,100,True
5.0,0.1,5,34,38.18296272410798,5.388854337468869,6.856694953639757,0.14113243061849812,100,True
5.0,0.1,5,35,44.4995758069702,2.389798174834866,9.46294271412195,0.0537038416995548,100,True
5.0,0.1,5,36,22.580204896604094,1.1674518857065528,2.735510591548861,0.051702448717909084,100,True
5.0,0.1,5,37,43.01128703209809,8.106374435221646,9.462341090984607,0.1884708641518235,100,True
5.0,0.1,5,38,34.48739919201685,4.787239308234931,8.800474745938875,0.13881125919588283,100,True
5.0,0.1,5,39,30.931322807799667,3.524528384332026,5.685044958035,0.11394690121184464,100,True
5.0,0.1,5,40,16.972308451754817,1.0187706135415604,1.7232640082060093,0.06002545949700948,100,True
5.0,0.1,5,41,35.70396523288007,2.0209540412174336,3.938095992022599,0.05660306994015109,100,True
5.0,0.1,5,42,57.83070383939434,21.725495751974652,28.792528163215017,0.37567406774626216,100,True
5.0,0.1,5,43,29.956601633532003,1.7582543776437107,4.024893956264132,0.05869338582369784,100,True
5.0,0.1,5,44,30.68412271036027,1.762218255267395,1.8420596683204569,0.05743094798250155,100,True
5.0,0.1,5,45,30.281895654691294,2.1073998127963858,4.304612394746696,0.06959273081273912,100,True
5.0,0.1,5,46,30.470746853442826,2.0017342514739282,2.5148128993495362,0.06569363925018977,100,True
5.0,0.1,5,47,34.208810023058305,4.013978318823846,3.8620399805455365,0.11733756059091915,100,True
5.0,0.1,5,48,20.708576013778313,2.3361579003369233,1.9213752025688928,0.11281113190895291,100,True
5.0,0.1,5,49,45.16827631138125,11.327081793888027,11.389029802333587,0.2507751616599523,100,True
5.0,0.1,10,0,39.38417231200769,2.9369746690245324,12.9773072107547,0.07457246138772071,100,True
5.0,0.1,10,1,56.50243948570014,20.716365533850304,12.434734372460072,0.36664550632532045,100,True
5.0,0.1,10,2,28.535180896993296,1.3288860386568702,2.5269417895073514,0.04657009336838978,100,True
5.0,0.1,10,3,39.38180341463146,3.440761427137286,3.28151913877682,0.0873693210773315,100,True
5.0,0.1,10,4,471.16938914489083,34.59365338391678,70.33352828373621,0.07342084222979683,100,True
5.0,0.1,10,5,25.80762244701405,3.250816265123564,2.302992165480168,0.1259634153358317,100,True
5.0,0.1,10,6,29.00214104155506,3.8740590240393797,3.695589893695948,0.1335783802474625,100,True
5.0,0.1,10,7,28.104001404802467,1.244304072058089,2.350393127585729,0.04427497900158302,100,True
5.0,0.1,10,8,18.337093441193296,1.5490231256115938,1.8235476410899996,0.0844748449681669,100,True
5.0,0.1,10,9,28.182539581966054,2.3427527751129884,4.921962688560726,0.08312780926996767,100,True
5.0,0.1,10,10,25.98982628478879,2.3181165738137532,4.341382893863134,0.08919323078240389,100,True
5.0,0.1,10,11,44.909478605612804,4.363061593459249,7.97185075862256,0.09715235466826265,100,True
5.0,0.1,10,12,187.5432626913804,25.254840099107415,52.289569557031996,0.13466140951523578,100,True
5.0,0.1,10,13,28.057425345007022,0.63793312061601,2.6308991519526446,0.02273669493090298,100,True
5.0,0.1,10,14,22.64106989778903,1.8989525670276428,1.259519201839503,0.08387203323872434,100,True
5.0,0.1,10,15,91.84069851733376,8.216186642633078,16.567320444839147,0.0894612821469599,100,True
5.0,0.1,10,16,44.2808471684569,3.7466850832967507,5.349775067807097,0.08461186546506885,100,True
5.0,0.1,10,17,23.792604647131697,2.0703120705288205,2.2624991752348005,0.08701494019816808,100,True
5.0,0.1,10,18,49.97460008930733,1.6530832294478426,2.9478876607147635,0.0330784683918169,100,True
5.0,0.1,10,19,36.80030248994364,1.994768360964934,3.9875536127979654,0.05420521642478458,100,True
5.0,0.1,10,20,38.17313843315519,2.068105721885828,2.3507184912563783,0.054176989547434745,100,True
5.0,0.1,10,21,30.037277387843673,5.150101011380776,5.5531849261786865,0.17145698476204313,100,True
5.0,0.1,10,22,105.53336790382511,10.027968936048405,20.12356455393609,0.09502178443871055,100,True
5.0,0.1,10,23,43.37137264306165,8.483082067970923,14.175865740572505,0.19559173600026716,100,True
5.0,0.1,10,24,2758.3219321358656,378.35012385802173,754.5621113926549,0.13716677500550195,100,True
5.0,0.1,10,25,44.58175502086227,2.5179817574133794,5.667230788460459,0.05648009496788712,100,True
5.0,0.1,10,26,20.133546032535627,1.3889513886174902,1.0205918041196904,0.0689869229381132,100,True
5.0,0.1,10,27,49.717817792357025,3.472463340538217,7.5555043275327165,0.06984343832307195,100,True
5.0,0.1,10,28,27.67039866178878,1.5519157226291642,2.388963910119361,0.05608577388414248,100,True
5.0,0.1,10,29,34.49260179645923,2.0173682219298126,2.4437396430208826,0.05848698320394321,100,True
5.0,0.1,10,30,27.665590078934983,1.9438336759343116,2.1447770114545937,0.07026178261111363,100,True
5.0,0.1,10,31,21.37875799566065,2.3812953537999353,3.124020281317798,0.11138604750955497,100,True
5.0,0.1,10,32,54.963456455141014,6.526220080649213,8.812755637480238,0.1187374394107775,100,True
5.0,0.1,10,33,35.59038386797133,2.3171108981206556,5.027978679608554,0.06510497067737112,100,True
5.0,0.1,10,34,31.39087193683734,4.557165361878301,4.87532740340791,0.14517485755247359,100,True
5.0,0.1,10,35,55.41501598372864,7.8853342449485515,11.261657650083775,0.14229598430981055,100,True
5.0,0.1,10,36,26.10847980047707,3.1757908223875493,3.1995165860430332,0.12163828942386447,100,True
5.0,0.1,10,37,33.048964330668085,6.056100776471082,6.652831208277126,0.18324631041013495,100,True
5.0,0.1,10,38,171.38683373860837,20.075413247451955,40.45913142868507,0.11713509614204139,100,True
5.0,0.1,10,39,26.318749202212395,3.0721389621836503,4.871677007504994,0.11672815218458032,100,True
5.0,0.1,10,40,17.015304428468188,0.9793319703877499,0.9444781134940624,0.057555947617912516,100,True
5.0,0.1,10,41,28.441893601981192,1.1109272794206055,2.2183206849122477,0.03905953995071626,100,True
5.0,0.1,10,42,51.82710744410328,14.980350406319033,18.147893345502425,0.2890446938887277,100,True
5.0,0.1,10,43,30.914427773751836,1.2075397513213935,1.8007226221556918,0.03906071819148034,100,True
5.0,0.1,10,44,27.50229032047826,1.7036943587532567,2.2846774850958798,0.061947362888707586,100,True
5.0,0.1,10,45,30.853964285976723,1.686456824688406,3.1591034317257294,0.0546593238086721,100,True
5.0,0.1,10,46,26.17797547404717,2.273242462308508,2.9092940728100567,0.08683797815313103,100,True
5.0,0.1,10,47,48.982819950959225,3.4554745631009767,4.225936372562806,0.07054462292208859,100,True
5.0,0.1,10,48,17.70786756031174,1.679773261863813,1.0156192874827747,0.09486027925963555,100,True
5.0,0.1,10,49,38.15480650840036,8.303427971148972,7.186090023545609,0.21762469085830236,100,True
5.0,0.1,15,0,30.463728319237347,2.615908918733654,11.946715440916451,0.08586962473275966,100,True
5.0,0.1,15,1,33.92402519942392,21.971997297860455,17.52146003399725,0.6476824954791499,100,True
5.0,0.1,15,2,21.68543788715294,1.439815503146653,4.014080564868069,0.06639550054922524,100,True
5.0,0.1,15,3,18.57163261600459,3.7825978715148603,3.6050094697123978,0.20367610913512837,100,True
5.0,0.1,15,4,30.692558851949606,5.760085479821189,6.121204180775144,0.1876704222546536,100,True
5.0,0.1,15,5,18.807418510621545,3.2334344442090197,2.487514413328865,0.17192335260593727,100,True
5.0,0.1,15,6,21.02361265391002,2.5749359524563493,1.73328523322226,0.12247828167522182,100,True
5.0,0.1,15,7,14.094808747097774,1.1811844548106583,2.2511331612525054,0.08380280115924758,100,True
5.0,0.1,15,8,15.29553718672927,1.1021243563446685,1.613604656028771,0.0720552892578951,100,True
5.0,0.1,15,9,23.538338377170753,1.6807315986880147,3.6512687173293252,0.07140400361981857,100,True
5.0,0.1,15,10,17.807497188025927,1.0406480101521043,1.3049047764558037,0.05843875751679772,100,True
5.0,0.1,15,11,25.77076668346415,2.859794401351912,5.089435204873328,0.11097048203796371,100,True
5.0,0.1,15,12,17.650677576869796,1.501915272914889,1.2101281697944408,0.08509108312550352,100,True
5.0,0.1,15,13,22.84015350790274,0.5762792106135568,2.310892308012647,0.02523096924082244,100,True
5.0,0.1,15,14,15.587382523119764,1.526434547602353,1.4391334679380032,0.0979275734933874,100,True
5.0,0.1,15,15,14.576522799412817,2.114464854536309,1.0357179547329067,0.14505961974837275,100,True
5.0,0.1,15,16,38.644859684406555,3.4771308399154766,4.988787392673476,0.08997654198544085,100,True
5.0,0.1,15,17,15.85942106405951,1.3016205441504476,1.0174768104233471,0.08207238706210843,100,True
5.0,0.1,15,18,18.11486774102465,1.5560378745910923,1.9446579527433008,0.08589838451136693,100,True
5.0,0.1,15,19,18.639768411786793,0.7758048222744689,1.5546690949035207,0.041620947489019844,100,True
5.0,0.1,15,20,21.760749083289564,2.3125042565300604,0.4205733676245028,0.10626951524871311,100,True
5.0,0.1,15,21,25.145584885549034,4.792709927834187,5.184989291156093,0.1905984668739409,100,True
5.0,0.1,15,22,16.071068133135412,1.1370372303834324,1.3978711731301903,0.07075056996610468,100,True
5.0,0.1,15,23,29.520674030310353,6.491583306320262,10.504859905068397,0.21989956257960197,100,True
5.0,0.1,15,24,19.843003593875224,4.5831132821240805,2.987736036714228,0.23096872711038122,100,True
5.0,0.1,15,25,19.18486457437705,0.8587818508483005,3.791505315171903,0.044763508625193724,100,True
5.0,0.1,15,26,16.110972447306054,1.4630912263091314,0.8484778403331104,0.09081334047925689,100,True
5.0,0.1,15,27,21.591406190862916,5.009816932986558,3.9892837829950247,0.23202828424887953,100,True
5.0,0.1,15,28,19.18720597175622,1.9421259072595725,2.759983706419992,0.10121983941374285,100,True
5.0,0.1,15,29,15.104637305597759,1.281651820460355,0.9212804977272,0.0848515455571632,100,True
5.0,0.1,15,30,24.874738772574997,1.5966856812002839,1.8762382348602997,0.06418904318145718,100,True
5.0,0.1,15,31,16.648661688120217,2.0457310736494825,2.556135174784114,0.12287660786027203,100,True
5.0,0.1,15,32,21.658662831315226,2.967063307313584,2.7159056008625493,0.13699198932187304,100,True
5.0,0.1,15,33,29.956366152744764,1.8131326467103457,4.36846470807328,0.06052578732231235,100,True
5.0,0.1,15,34,25.621617293014168,4.055474879309517,4.064302772170739,0.15828332899247768,100,True
5.0,0.1,15,35,28.07972915039691,2.075064690082456,6.141482762973995,0.07389902797738078,100,True
5.0,0.1,15,36,15.975262917915543,1.244031973189774,1.443555693770496,0.07787239431249972,100,True
5.0,0.1,15,37,27.698742798005686,5.3806223831634785,5.902635675710507,0.19425511195226103,100,True
5.0,0.1,15,38,23.210954913823322,2.9497923231070833,5.327119953607581,0.1270862114057328,100,True
5.0,0.1,15,39,21.62886762526308,2.8962172714443897,4.556153763213717,0.13390517347572706,100,True
5.0,0.1,15,40,11.760151942981272,0.6899256959595887,0.9333558457651494,0.058666393028310504,100,True
5.0,0.1,15,41,23.16651911278331,1.3937503699468943,3.0051528558958,0.060162269660003494,100,True
5.0,0.1,15,42,39.50473374843258,15.284181141154379,20.043066537193912,0.3868949285542472,100,True
5.0,0.1,15,43,19.24937439140082,0.8299471286544218,2.228716402360392,0.04311553777172,100,True
5.0,0.1,15,44,20.477200220340467,1.154340537141843,0.8943550730431598,0.05637199054171528,100,True
5.0,0.1,15,45,20.17550204546197,1.3553692177852343,2.7709369138302313,0.06717895865645111,100,True
5.0,0.1,15,46,19.784736718013946,1.6906844811947284,2.089972309517218,0.08545397926146599,100,True
5.0,0.1,15,47,22.86359414877784,2.535041170637835,1.7696503973047641,0.1108767569150253,100,True
5.0,0.1,15,48,14.32389226293546,1.1298764158258254,1.4097403922657692,0.07888054413460624,100,True
5.0,0.1,15,49,29.21038471115838,7.722298398978116,6.976041981952379,0.26436825380215534,100,True
5.0,0.1,20,0,24.6471912738137,2.0515917538512705,9.794264462960891,0.0832383589293996,100,True
5.0,0.1,20,1,27.085475940585958,18.24638601798733,13.831152509069076,0.6736594202004115,100,True
5.0,0.1,20,2,17.43707302031804,1.0412059232824475,2.8518887751268363,0.05971219608183167,100,True
5.0,0.1,20,3,15.586131840483453,3.2269240876451666,3.0816132484309544,0.2070381619167077,100,True
5.0,0.1,20,4,21.78302526057058,2.8352680967929675,1.8901155886151713,0.1301595192989599,100,True
5.0,0.1,20,5,15.025189456557339,2.8312362732545875,2.248916060511195,0.18843265047942345,100,True
5.0,0.1,20,6,17.337610180196386,2.366469050010009,1.8228960131790706,0.13649338204137682,100,True
5.0,0.1,20,7,11.565576341107374,1.0567755337926705,2.046066415706346,0.09137249218066093,100,True
5.0,0.1,20,8,11.515198880395918,0.9870978582802835,1.396982844228474,0.08572130351658719,100,True
5.0,0.1,20,9,16.12378757855301,1.3753621646651053,1.3590980847989362,0.08530019128350076,100,True
5.0,0.1,20,10,13.24371730320172,0.915117816990417,1.4135222270190604,0.06909825965321563,100,True
5.0,0.1,20,11,17.427388934678376,0.908377189110478,1.2932398128673523,0.05212353913229757,100,True
5.0,0.1,20,12,13.607835385555248,0.8754636152692468,1.1530461136478465,0.06433525909628167,100,True
5.0,0.1,20,13,15.929738801470137,1.036943938526513,1.6159518600012135,0.06509484878878331,100,True
5.0,0.1,20,14,13.288364062194248,1.3495435210259816,1.1800295615660148,0.10155828924536085,100,True
5.0,0.1,20,15,11.595992986641642,1.7305344093164292,0.7208367296912591,0.14923555156595655,100,True
5.0,0.1,20,16,30.950727146989905,2.706108436451295,3.863787602943946,0.08743279030568676,100,True
5.0,0.1,20,17,12.681212199269893,1.116390105995041,0.9014323042603306,0.08803496767125432,100,True
5.0,0.1,20,18,13.375098767380736,1.177130219145998,0.7037104415103512,0.0880090861098379,100,True
5.0,0.1,20,19,13.124297168662714,0.6187567871092168,0.6844974854996448,0.04714589887423772,100,True
5.0,0.1,20,20,17.67608254770811,2.145238822934158,0.6734322441848826,0.12136392875197967,100,True
5.0,0.1,20,21,20.489213768071522,4.18917591449648,4.410291212269797,0.20445762155229696,100,True
5.0,0.1,20,22,11.310058194833971,0.886767985445911,0.8855842689752451,0.07840525399338394,100,True
5.0,0.1,20,23,23.508271160310823,5.25681654047402,8.388372654775184,0.2236156161644562,100,True
5.0,0.1,20,24,15.286476821375071,3.360634296825574,1.5417673380793562,0.21984361315528253,100,True
5.0,0.1,20,25,15.77557891675571,0.49813297143694213,3.1765036853520896,0.03157620864917105,100,True
5.0,0.1,20,26,11.399829486739943,1.3348507939319465,0.8961795216441363,0.11709392631570661,100,True
5.0,0.1,20,27,15.489625560672794,3.5885274419638282,2.0929033444159106,0.23167296251982222,100,True
5.0,0.1,20,28,15.521256042444179,1.758024689594243,2.47485724167957,0.11326562004948419,100,True
5.0,0.1,20,29,12.551292056732725,1.085933997002289,0.9696872248617965,0.08651969789992861,100,True
5.0,0.1,20,30,17.613595150040045,1.3453498602910794,1.2007723332264637,0.07638133208074904,100,True
5.0,0.1,20,31,12.521694131382384,1.3982292651346386,2.101826396994972,0.11166454398772918,100,True
5.0,0.1,20,32,16.425616072114167,2.8049580304233284,1.8012799241799258,0.17076729530926493,100,True
5.0,0.1,20,33,22.53142631948941,1.4233395833883642,3.3282391282020187,0.06317130408016793,100,True
5.0,0.1,20,34,19.35442028914792,3.95931028770655,3.3073257026693357,0.2045687873134876,100,True
5.0,0.1,20,35,22.283421523031052,1.9524262180410967,4.653143155578359,0.0876178829190645,100,True
5.0,0.1,20,36,13.17841718847289,1.046601765933138,1.0895536545392979,0.07941786566360916,100,True
5.0,0.1,20,37,22.88170576848646,4.368365304142335,4.583623097951171,0.19091082405921903,100,True
5.0,0.1,20,38,18.13321553136956,2.3163939634647153,4.0708164670076545,0.1277431440362835,100,True
5.0,0.1,20,39,16.307552363002387,2.691061120936213,4.37467034385399,0.16501931504089687,100,True
5.0,0.1,20,40,9.095364529319022,0.9792803780755831,0.5119553668052022,0.10766807365651596,100,True
5.0,0.1,20,41,17.57001114098421,0.7457829706928372,1.350419851337628,0.04244635730214233,100,True
5.0,0.1,20,42,31.01373506070563,12.046368099405342,14.988365680384048,0.38842042326814347,100,True
5.0,0.1,20,43,14.712141511219587,0.5816098746466241,1.7489635977148446,0.039532645482174306,100,True
5.0,0.1,20,44,16.623491305682673,0.9652002558722116,0.8999038578385359,0.05806242732790204,100,True
5.0,0.1,20,45,16.04226225171655,1.012849913118843,1.986506988757427,0.06313635179542501,100,True
5.0,0.1,20,46,15.83665709401264,1.2465271216560334,1.1737457854456799,0.0787115054809962,100,True
5.0,0.1,20,47,18.04020465920663,2.1222895964730935,1.3204880511628698,0.11764221285538494,100,True
5.0,0.1,20,48,12.647489733080228,0.7203288837502868,1.5380471882255806,0.056954296777662186,100,True
5.0,0.1,20,49,23.193047299259867,6.7144063075479945,5.964069402171999,0.28950082414406425,100,True
5.0,0.1,25,0,4.547402915748673,0.0,0.0,0.0,100,True
5.0,0.1,25,1,3.4892598791605667,3.570611593983174e-15,4.463264492478967e-16,1.0233148913064562e-15,100,True
5.0,0.1,25,2,5.260911612198043,0.0,8.926528984957934e-16,0.0,100,True
5.0,0.1,25,3,7.1921273724582075,0.0,1.785305796991587e-15,0.0,100,True
5.0,0.1,25,4,8.268943739833162,3.570611593983174e-15,0.0,4.318098787857052e-16,100,True
5.0,0.1,25,5,5.496093287878146,1.785305796991587e-15,1.785305796991587e-15,3.2483178568477906e-16,100,True
5.0,0.1,25,6,8.941747675936467,1.785305796991587e-15,1.785305796991587e-15,1.9965960365847744e-16,100,True
5.0,0.1,25,7,5.825296088730954,0.0,8.926528984957934e-16,0.0,100,True
5.0,0.1,25,8,4.193874437921971,0.0,8.926528984957934e-16,0.0,100,True
5.0,0.1,25,9,4.492998729885834,0.0,1.785305796991587e-15,0.0,100,True
5.0,0.1,25,10,6.811051783663977,3.570611593983174e-15,0.0,5.242379161684156e-16,100,True
5.0,0.1,25,11,3.5505607262800583,0.0,8.926528984957934e-16,0.0,100,True
5.0,0.1,25,12,2.8243159942470855,8.926528984957934e-16,1.3389793477436902e-15,3.1605985318712874e-16,100,True
5.0,0.1,25,13,6.515291453927463,8.926528984957934e-16,8.926528984957934e-16,1.3700889742356745e-16,100,True
5.0,0.1,25,14,4.5941081753387465,0.0,1.785305796991587e-15,0.0,100,True
5.0,0.1,25,15,6.133299542755387,0.0,8.926528984957934e-16,0.0,100,True
5.0,0.1,25,16,5.135732398758712,0.0,8.926528984957934e-16,0.0,100,True
5.0,0.1,25,17,5.471873264216883,8.926528984957934e-16,1.785305796991587e-15,1.6313479048085137e-16,100,True
5.0,0.1,25,18,3.639768306262763,1.785305796991587e-15,0.0,4.904998469050084e-16,100,True
5.0,0.1,25,19,5.875125602454538,1.0711834781949522e-14,0.0,1.8232520471518566e-15,100,True
5.0,0.1,25,20,16.709734737727473,3.570611593983174e-15,7.141223187966347e-15,2.1368451684163464e-16,100,True
5.0,0.1,25,21,7.281946739996768,5.355917390974761e-15,2.6779586954873804e-15,7.355062570777794e-16,100,True
5.0,0.1,25,22,7.836087375519128,0.0,0.0,0.0,100,True
5.0,0.1,25,23,8.310292268497188,7.141223187966347e-15,0.0,8.593227478938894e-16,100,True
5.0,0.1,25,24,4.859671602922787,8.926528984957934e-16,8.926528984957934e-16,1.8368584781714855e-16,100,True
5.0,0.1,25,25,7.445259212806437,4.463264492478967e-16,1.785305796991587e-15,5.994773808280305e-17,100,True
5.0,0.1,25,26,4.950542825416512,8.926528984957934e-16,8.926528984957934e-16,1.8031414533227283e-16,100,True
5.0,0.1,25,27,9.41533231765574,0.0,0.0,0.0,100,True
5.0,0.1,25,28,5.289549565427223,3.570611593983174e-15,8.926528984957934e-16,6.750313140689484e-16,100,True
5.0,0.1,25,29,10.74523543593627,0.0,3.570611593983174e-15,0.0,100,True
5.0,0.1,25,30,6.825385724061602,3.570611593983174e-15,8.926528984957934e-16,5.231369681270408e-16,100,True
5.0,0.1,25,31,5.59272914662728,3.570611593983174e-15,2.6779586954873804e-15,6.384381400154961e-16,100,True
5.0,0.1,25,32,8.253931881008228,0.0,3.570611593983174e-15,0.0,100,True
5.0,0.1,25,33,11.098101326180007,3.570611593983174e-15,0.0,3.2173175294049927e-16,100,True
5.0,0.1,25,34,8.23634460360303,1.785305796991587e-15,3.570611593983174e-15,2.1675948286702283e-16,100,True
5.0,0.1,25,35,7.778211217910948,0.0,2.6779586954873804e-15,0.0,100,True
5.0,0.1,25,36,11.447523802754235,7.141223187966347e-15,5.355917390974761e-15,6.238225236315467e-16,100,True
5.0,0.1,25,37,4.441159477486576,0.0,0.0,0.0,100,True
5.0,0.1,25,38,2.743600810047048,4.463264492478967e-16,0.0,1.62679077660807e-16,100,True
5.0,0.1,25,39,6.155020687216365,1.785305796991587e-15,8.926528984957934e-16,2.9005683127914866e-16,100,True
5.0,0.1,25,40,4.3993078110746575,2.6779586954873804e-15,8.926528984957934e-16,6.087227378693495e-16,100,True
5.0,0.1,25,41,3.792794366111112,0.0,0.0,0.0,100,True
5.0,0.1,25,42,7.588772367393616,1.785305796991587e-15,8.926528984957934e-16,2.3525620621623083e-16,100,True
5.0,0.1,25,43,9.143456958027896,3.570611593983174e-15,1.785305796991587e-15,3.90510023766033e-16,100,True
5.0,0.1,25,44,5.641635150074356,3.570611593983174e-15,1.785305796991587e-15,6.329036704786047e-16,100,True
5.0,0.1,25,45,7.831052973450828,7.141223187966347e-15,2.6779586954873804e-15,9.119109795549626e-16,100,True
5.0,0.1,25,46,8.66400647288353,0.0,1.785305796991587e-15,0.0,100,True
5.0,0.1,25,47,8.891156856590692,7.141223187966347e-15,1.785305796991587e-15,8.031826795039408e-16,100,True
5.0,0.1,25,48,8.197938081682352,7.141223187966347e-15,1.785305796991587e-15,8.710999176637902e-16,100,True
5.0,0.1,25,49,6.172473833065867,3.570611593983174e-15,1.785305796991587e-15,5.784733464329084e-16,100,True
5.0,0.1,30,0,4.949341924672977,0.0,8.926528984957934e-16,0.0,100,True
5.0,0.1,30,1,6.091501300555222,3.570611593983174e-15,2.6779586954873804e-15,5.861628222352548e-16,100,True
5.0,0.1,30,2,5.075237038270251,8.926528984957934e-16,8.926528984957934e-16,1.7588398172630542e-16,100,True
5.0,0.1,30,3,10.23083968169044,3.570611593983174e-15,0.0,3.490047449744811e-16,100,True
5.0,0.1,30,4,7.658274995376233,7.141223187966347e-15,8.926528984957934e-16,9.324845598098708e-16,100,True
5.0,0.1,30,5,4.089623551396312,8.926528984957934e-16,8.926528984957934e-16,2.1827263249963842e-16,100,True
5.0,0.1,30,6,8.51377938590808,0.0,3.570611593983174e-15,0.0,100,True
5.0,0.1,30,7,5.334872066468949,0.0,8.926528984957934e-16,0.0,100,True
5.0,0.1,30,8,4.138724399993536,8.926528984957934e-16,1.785305796991587e-15,2.1568309754986044e-16,100,True
5.0,0.1,30,9,3.4878292099922685,1.785305796991587e-15,0.0,5.118673219081001e-16,100,True
5.0,0.1,30,10,7.030149245998346,3.570611593983174e-15,8.926528984957934e-16,5.078998281602077e-16,100,True
5.0,0.1,30,11,3.8879183696607607,3.570611593983174e-15,8.926528984957934e-16,9.183864614664547e-16,100,True
5.0,0.1,30,12,3.7762072263518083,0.0,8.926528984957934e-16,0.0,100,True
5.0,0.1,30,13,6.0136310792088095,8.926528984957934e-16,0.0,1.4843825414931113e-16,100,True
5.0,0.1,30,14,5.5383030496526136,8.926528984957934e-16,1.785305796991587e-15,1.6117805228296138e-16,100,True
5.0,0.1,30,15,5.8079000185205345,1.785305796991587e-15,8.926528984957934e-16,3.0739265333399516e-16,100,True
5.0,0.1,30,16,5.327912514768464,3.570611593983174e-15,2.6779586954873804e-15,6.701708378442364e-16,100,True
5.0,0.1,30,17,5.783908358956425,4.463264492478967e-16,8.926528984957934e-16,7.716692961719508e-17,100,True
5.0,0.1,30,18,3.699920873305973,0.0,8.926528984957934e-16,0.0,100,True
5.0,0.1,30,19,7.860692130923639,7.141223187966347e-15,8.926528984957934e-16,9.084725707387865e-16,100,True
5.0,0.1,30,20,16.29186093929249,0.0,3.570611593983174e-15,0.0,100,True
5.0,0.1,30,21,6.904911795746857,7.141223187966347e-15,1.785305796991587e-15,1.0342236655890446e-15,100,True
5.0,0.1,30,22,8.489354998928775,1.0711834781949522e-14,0.0,1.2617960708794943e-15,100,True
5.0,0.1,30,23,7.57603034928065,3.570611593983174e-15,0.0,4.713037605930665e-16,100,True
5.0,0.1,30,24,5.711360469785988,3.570611593983174e-15,8.926528984957934e-16,6.251770682085785e-16,100,True
5.0,0.1,30,25,4.778673378910364,8.926528984957934e-16,8.926528984957934e-16,1.8679931179965614e-16,100,True
5.0,0.1,30,26,5.103623069354994,0.0,8.926528984957934e-16,0.0,100,True
5.0,0.1,30,27,8.12785599580141,0.0,0.0,0.0,100,True
5.0,0.1,30,28,5.10670138029056,3.570611593983174e-15,8.926528984957934e-16,6.9920117274999415e-16,100,True
5.0,0.1,30,29,8.604475040744392,3.570611593983174e-15,1.785305796991587e-15,4.149714627650628e-16,100,True
5.0,0.1,30,30,12.821782879502534,3.570611593983174e-15,1.785305796991587e-15,2.784801168089744e-16,100,True
5.0,0.1,30,31,7.3418547061705395,5.355917390974761e-15,8.926528984957934e-16,7.295046831250043e-16,100,True
5.0,0.1,30,32,8.782781257527354,5.355917390974761e-15,0.0,6.098201963511761e-16,100,True
5.0,0.1,30,33,10.945110095755327,3.570611593983174e-15,1.785305796991587e-15,3.262289335369873e-16,100,True
5.0,0.1,30,34,7.317306467248174,1.785305796991587e-15,0.0,2.4398401310407166e-16,100,True
5.0,0.1,30,35,5.664678395038034,3.570611593983174e-15,8.926528984957934e-16,6.30329092841501e-16,100,True
5.0,0.1,30,36,10.832452656211421,3.570611593983174e-15,1.785305796991587e-15,3.2962171239546144e-16,100,True
5.0,0.1,30,37,4.549656285654422,1.785305796991587e-15,8.926528984957934e-16,3.92404543310416e-16,100,True
5.0,0.1,30,38,3.7318740466856624,8.926528984957934e-16,8.926528984957934e-16,2.391969523431727e-16,100,True
5.0,0.1,30,39,6.022472850318647,3.570611593983174e-15,8.926528984957934e-16,5.92881310173819e-16,100,True
5.0,0.1,30,40,4.898775377780317,0.0,1.785305796991587e-15,0.0,100,True
5.0,0.1,30,41,4.551194838793992,0.0,8.926528984957934e-16,0.0,100,True
5.0,0.1,30,42,7.971454867215734,0.0,8.926528984957934e-16,0.0,100,True
5.0,0.1,30,43,8.176342448736028,3.570611593983174e-15,1.785305796991587e-15,4.3670034815324434e-16,100,True
5.0,0.1,30,44,6.636364165791788,7.141223187966347e-15,1.785305796991587e-15,1.0760746411079935e-15,100,True
5.0,0.1,30,45,7.260785210778368,7.141223187966347e-15,8.926528984957934e-16,9.835331827975663e-16,100,True
5.0,0.1,30,46,7.088304559798771,0.0,8.926528984957934e-16,0.0,100,True
5.0,0.1,30,47,6.2557309006307245,3.570611593983174e-15,8.926528984957934e-16,5.7077448673873935e-16,100,True
5.0,0.1,30,48,7.209138746472913,3.570611593983174e-15,3.570611593983174e-15,4.952896205153637e-16,100,True
5.0,0.1,30,49,4.70990957679875,3.570611593983174e-15,8.926528984957934e-16,7.581061877646621e-16,100,True
5.0,0.1,35,0,6.120391881448688,1.785305796991587e-15,1.785305796991587e-15,2.9169795522456115e-16,100,True
5.0,0.1,35,1,5.3600205471229785,7.141223187966347e-15,0.0,1.332312651637024e-15,100,True
5.0,0.1,35,2,5.819611336297571,8.926528984957934e-16,1.785305796991587e-15,1.5338702997710805e-16,100,True
5.0,0.1,35,3,11.024698707024468,1.0711834781949522e-14,5.355917390974761e-15,9.716215441900827e-16,100,True
5.0,0.1,35,4,9.230559706078289,1.0711834781949522e-14,0.0,1.1604751090982943e-15,100,True
5.0,0.1,35,5,3.118408084297854,8.926528984957934e-16,1.3389793477436902e-15,2.862527528037706e-16,100,True
5.0,0.1,35,6,10.479360333040672,0.0,1.785305796991587e-15,0.0,100,True
5.0,0.1,35,7,5.797297141858849,1.1158161231197418e-16,0.0,1.9247178397379263e-17,100,True
5.0,0.1,35,8,3.8585974182561107,0.0,4.463264492478967e-16,0.0,100,True
5.0,0.1,35,9,6.7805877481643355,3.570611593983174e-15,2.6779586954873804e-15,5.265932285810802e-16,100,True
5.0,0.1,35,10,7.394743887381164,3.570611593983174e-15,3.570611593983174e-15,4.828580473322788e-16,100,True
5.0,0.1,35,11,3.4707621172776286,1.785305796991587e-15,4.463264492478967e-16,5.143843734216888e-16,100,True
5.0,0.1,35,12,3.723840009542298,8.926528984957934e-16,1.3389793477436902e-15,2.397130102819617e-16,100,True
5.0,0.1,35,13,5.333120526949849,1.3389793477436902e-15,8.926528984957934e-16,2.510686456414079e-16,100,True
5.0,0.1,35,14,5.6797242384796425,8.926528984957934e-16,2.6779586954873804e-15,1.5716483072332048e-16,100,True
5.0,0.1,35,15,5.882217004940394,8.926528984957934e-16,2.6779586954873804e-15,1.517544996633185e-16,100,True
5.0,0.1,35,16,5.752026349270542,1.785305796991587e-15,8.926528984957934e-16,3.1037858462139956e-16,100,True
5.0,0.1,35,17,6.295712468866733,4.463264492478967e-16,1.785305796991587e-15,7.089371559693198e-17,100,True
5.0,0.1,35,18,3.7292806397852725,1.785305796991587e-15,4.463264492478967e-16,4.787265881643015e-16,100,True
5.0,0.1,35,19,7.2379830250021815,3.570611593983174e-15,1.785305796991587e-15,4.933158286844832e-16,100,True
5.0,0.1,35,20,16.033972812882975,7.141223187966347e-15,3.570611593983174e-15,4.453807718963149e-16,100,True
5.0,0.1,35,21,6.389483497113104,0.0,2.6779586954873804e-15,0.0,100,True
5.0,0.1,35,22,9.346661491732217,3.570611593983174e-15,1.785305796991587e-15,3.820199968878334e-16,100,True
5.0,0.1,35,23,7.644372179839229,3.570611593983174e-15,1.785305796991587e-15,4.670902344864988e-16,100,True
5.0,0.1,35,24,5.132638991302904,8.926528984957934e-16,8.926528984957934e-16,1.739169460405e-16,100,True
5.0,0.1,35,25,4.385669712837248,1.785305796991587e-15,8.926528984957934e-16,4.0707712023225024e-16,100,True
5.0,0.1,35,26,4.824477940446568,0.0,8.926528984957934e-16,0.0,100,True
5.0,0.1,35,27,8.130119622453819,3.570611593983174e-15,1.785305796991587e-15,4.3918315594297464e-16,100,True
5.0,0.1,35,28,5.403440205016877,3.570611593983174e-15,8.926528984957934e-16,6.608033879357089e-16,100,True
5.0,0.1,35,29,6.8339415188309065,3.570611593983174e-15,0.0,5.224820236088301e-16,100,True
5.0,0.1,35,30,10.975252567567129,3.570611593983174e-15,1.785305796991587e-15,3.253329772596447e-16,100,True
5.0,0.1,35,31,5.693832557806757,3.570611593983174e-15,2.6779586954873804e-15,6.271016152534279e-16,100,True
5.0,0.1,35,32,8.291197734626682,3.570611593983174e-15,0.0,4.3065087919338395e-16,100,True
5.0,0.1,35,33,10.737600980034948,3.570611593983174e-15,3.570611593983174e-15,3.325334588817578e-16,100,True
5.0,0.1,35,34,5.9142937334524115,3.570611593983174e-15,2.6779586954873804e-15,6.037257794260522e-16,100,True
5.0,0.1,35,35,5.232889136686581,1.785305796991587e-15,8.926528984957934e-16,3.4117019305362667e-16,100,True
5.0,0.1,35,36,9.05192237403024,7.141223187966347e-15,0.0,7.889178555545675e-16,100,True
5.0,0.1,35,37,4.314953542517128,1.785305796991587e-15,8.926528984957934e-16,4.137485558998924e-16,100,True
5.0,0.1,35,38,5.19588076137616,0.0,8.926528984957934e-16,0.0,100,True
5.0,0.1,35,39,5.994034543674895,5.355917390974761e-15,8.926528984957934e-16,8.935412954245489e-16,100,True
5.0,0.1,35,40,4.8365324503149765,0.0,1.785305796991587e-15,0.0,100,True
5.0,0.1,35,41,4.853808564935446,0.0,8.926528984957934e-16,0.0,100,True
5.0,0.1,35,42,8.552541331185594,1.785305796991587e-15,3.570611593983174e-15,2.0874564972655903e-16,100,True
5.0,0.1,35,43,10.70084723734088,1.0711834781949522e-14,0.0,1.0010267920254296e-15,100,True
5.0,0.1,35,44,7.341977529882743,3.570611593983174e-15,2.6779586954873804e-15,4.863283195093351e-16,100,True
5.0,0.1,35,45,7.159120259277075,1.4282446375932695e-14,2.6779586954873804e-15,1.9950002037505834e-15,100,True
5.0,0.1,35,46,5.542757409600085,3.570611593983174e-15,0.0,6.441940951265259e-16,100,True
5.0,0.1,35,47,7.0999357592931025,1.0711834781949522e-14,8.926528984957934e-16,1.5087227751221278e-15,100,True
5.0,0.1,35,48,8.82440008519499,3.570611593983174e-15,0.0,4.0462938664507243e-16,100,True
5.0,0.1,35,49,5.343656225310675,3.570611593983174e-15,2.6779586954873804e-15,6.681963516048568e-16,100,True
5.0,0.05,0,0,,,,,0,True
5.0,0.05,0,1,,,,,0,True
5.0,0.05,0,2,,,,,0,True
5.0,0.05,0,3,,,,,0,True
5.0,0.05,0,4,,,,,0,True
5.0,0.05,0,5,,,,,0,True
5.0,0.05,0,6,,,,,0,True
5.0,0.05,0,7,,,,,0,True
5.0,0.05,0,8,,,,,0,True
5.0,0.05,0,9,,,,,0,True
5.0,0.05,0,10,,,,,0,True
5.0,0.05,0,11,,,,,0,True
5.0,0.05,0,12,,,,,0,True
5.0,0.05,0,13,,,,,0,True
5.0,0.05,0,14,,,,,0,True
5.0,0.05,0,15,,,,,0,True
5.0,0.05,0,16,,,,,0,True
5.0,0.05,0,17,,,,,0,True
5.0,0.05,0,18,,,,,0,True
5.0,0.05,0,19,,,,,0,True
5.0,0.05,0,20,,,,,0,True
5.0,0.05,0,21,,,,,0,True
5.0,0.05,0,22,,,,,0,True
5.0,0.05,0,23,,,,,0,True
5.0,0.05,0,24,,,,,0,True
5.0,0.05,0,25,,,,,0,True
5.0,0.05,0,26,,,,,0,True
5.0,0.05,0,27,,,,,0,True
5.0,0.05,0,28,,,,,0,True
5.0,0.05,0,29,,,,,0,True
5.0,0.05,0,30,,,,,0,True
5.0,0.05,0,31,,,,,0,True
5.0,0.05,0,32,,,,,0,True
5.0,0.05,0,33,,,,,0,True
5.0,0.05,0,34,,,,,0,True
5.0,0.05,0,35,,,,,0,True
5.0,0.05,0,36,,,,,0,True
5.0,0.05,0,37,,,,,0,True
5.0,0.05,0,38,,,,,0,True
5.0,0.05,0,39,,,,,0,True
5.0,0.05,0,40,,,,,0,True
5.0,0.05,0,41,,,,,0,True
5.0,0.05,0,42,,,,,0,True
5.0,0.05,0,43,,,,,0,True
5.0,0.05,0,44,,,,,0,True
5.0,0.05,0,45,,,,,0,True
5.0,0.05,0,46,,,,,0,True
5.0,0.05,0,47,,,,,0,True
5.0,0.05,0,48,,,,,0,True
5.0,0.05,0,49,,,,,0,True
5.0,0.05,5,0,,,,,0,True
5.0,0.05,5,1,,,,,0,True
5.0,0.05,5,2,,,,,0,True
5.0,0.05,5,3,,,,,0,True
5.0,0.05,5,4,,,,,0,True
5.0,0.05,5,5,,,,,0,True
5.0,0.05,5,6,,,,,0,True
5.0,0.05,5,7,,,,,0,True
5.0,0.05,5,8,,,,,0,True
5.0,0.05,5,9,,,,,0,True
5.0,0.05,5,10,,,,,0,True
5.0,0.05,5,11,,,,,0,True
5.0,0.05,5,12,,,,,0,True
5.0,0.05,5,13,,,,,0,True
5.0,0.05,5,14,,,,,0,True
5.0,0.05,5,15,,,,,0,True
5.0,0.05,5,16,,,,,0,True
5.0,0.05,5,17,,,,,0,True
5.0,0.05,5,18,,,,,0,True
5.0,0.05,5,19,,,,,0,True
5.0,0.05,5,20,,,,,0,True
5.0,0.05,5,21,,,,,0,True
5.0,0.05,5,22,,,,,0,True
5.0,0.05,5,23,,,,,0,True
5.0,0.05,5,24,,,,,0,True
5.0,0.05,5,25,,,,,0,True
5.0,0.05,5,26,,,,,0,True
5.0,0.05,5,27,,,,,0,True
5.0,0.05,5,28,,,,,0,True
5.0,0.05,5,29,,,,,0,True
5.0,0.05,5,30,,,,,0,True
5.0,0.05,5,31,,,,,0,True
5.0,0.05,5,32,,,,,0,True
5.0,0.05,5,33,,,,,0,True
5.0,0.05,5,34,,,,,0,True
5.0,0.05,5,35,,,,,0,True
5.0,0.05,5,36,,,,,0,True
5.0,0.05,5,37,,,,,0,True
5.0,0.05,5,38,,,,,0,True
5.0,0.05,5,39,,,,,0,True
5.0,0.05,5,40,,,,,0,True
5.0,0.05,5,41,,,,,0,True
5.0,0.05,5,42,,,,,0,True
5.0,0.05,5,43,,,,,0,True
5.0,0.05,5,44,,,,,0,True
5.0,0.05,5,45,,,,,0,True
5.0,0.05,5,46,,,,,0,True
5.0,0.05,5,47,,,,,0,True
5.0,0.05,5,48,,,,,0,True
5.0,0.05,5,49,,,,,0,True
5.0,0.05,10,0,,,,,0,True
5.0,0.05,10,1,,,,,0,True
5.0,0.05,10,2,,,,,0,True
5.0,0.05,10,3,,,,,0,True
5.0,0.05,10,4,,,,,0,True
5.0,0.05,10,5,,,,,0,True
5.0,0.05,10,6,,,,,0,True
5.0,0.05,10,7,,,,,0,True
5.0,0.05,10,8,,,,,0,True
5.0,0.05,10,9,,,,,0,True
5.0,0.05,10,10,,,,,0,True
5.0,0.05,10,11,,,,,0,True
5.0,0.05,10,12,,,,,0,True
5.0,0.05,10,13,,,,,0,True
5.0,0.05,10,14,,,,,0,True
5.0,0.05,10,15,,,,,0,True
5.0,0.05,10,16,,,,,0,True
5.0,0.05,10,17,,,,,0,True
5.0,0.05,10,18,,,,,0,True
5.0,0.05,10,19,,,,,0,True
5.0,0.05,10,20,,,,,0,True
5.0,0.05,10,21,,,,,0,True
5.0,0.05,10,22,,,,,0,True
5.0,0.05,10,23,,,,,0,True
5.0,0.05,10,24,,,,,0,True
5.0,0.05,10,25,,,,,0,True
5.0,0.05,10,26,,,,,0,True
5.0,0.05,10,27,,,,,0,True
5.0,0.05,10,28,,,,,0,True
5.0,0.05,10,29,,,,,0,True
5.0,0.05,10,30,,,,,0,True
5.0,0.05,10,31,,,,,0,True
5.0,0.05,10,32,,,,,0,True
5.0,0.05,10,33,,,,,0,True
5.0,0.05,10,34,,,,,0,True
5.0,0.05,10,35,,,,,0,True
5.0,0.05,10,36,,,,,0,True
5.0,0.05,10,37,,,,,0,True
5.0,0.05,10,38,,,,,0,True
5.0,0.05,10,39,,,,,0,True
5.0,0.05,10,40,,,,,0,True
5.0,0.05,10,41,,,,,0,True
5.0,0.05,10,42,,,,,0,True
5.0,0.05,10,43,,,,,0,True
5.0,0.05,10,44,,,,,0,True
5.0,0.05,10,45,,,,,0,True
5.0,0.05,10,46,,,,,0,True
5.0,0.05,10,47,,,,,0,True
5.0,0.05,10,48,,,,,0,True
5.0,0.05,10,49,,,,,0,True
5.0,0.05,15,0,26.287098547019767,1.5722326989329127,2.0771053877548655,0.059810050779117295,100,True
5.0,0.05,15,1,21.63449314963118,1.7671238356958128,1.7313215669172262,0.08168085212229427,100,True
5.0,0.05,15,2,23.78408771772229,1.4808630948076067,1.5345778676193718,0.06226276628235641,100,True
5.0,0.05,15,3,17.56493815691457,1.9092517859947329,2.9889465038308582,0.1086967553736101,100,True
5.0,0.05,15,4,38.48523732817004,2.4775992258318373,9.321045786386218,0.06437791209925342,100,True
5.0,0.05,15,5,30.545822806976165,0.7588384935902782,4.400393779878781,0.024842627366284988,100,True
5.0,0.05,15,6,23.03309029810613,4.362197264385381,4.269829332728504,0.1893882760813931,100,True
5.0,0.05,15,7,28.06334277319674,1.4245755892326613,6.591102194097498,0.05076286174265995,100,True
5.0,0.05,15,8,16.336214916507178,1.3266040972348376,1.5930043638018219,0.08120633231228798,100,True
5.0,0.05,15,9,17.04863879993654,0.4893762060419768,0.6236661671087258,0.028704708439467812,100,True
5.0,0.05,15,10,28.876642143295843,3.0036745728119763,6.430619732352707,0.10401744627739987,100,True
5.0,0.05,15,11,20.038099247968102,1.124327843106529,1.944492610080315,0.05610950565685703,100,True
5.0,0.05,15,12,22.885299468280973,1.8326583880115674,3.21468756938943,0.08008015759425094,100,True
5.0,0.05,15,13,21.59742917417915,2.9263192588965117,5.403606729549706,0.1354938699090667,100,True
5.0,0.05,15,14,18.09570664723448,1.246043291428951,1.3041066068253735,0.06885850415901722,100,True
5.0,0.05,15,15,21.892833388473232,2.4851016236341352,2.2620451399283446,0.11351210597265875,100,True
5.0,0.05,15,16,20.47977251190614,1.5068074471015394,1.2276819237915628,0.07357539964008586,100,True
5.0,0.05,15,17,30.581183167867557,3.3178981355652017,3.2862607388339664,0.10849476023711874,100,True
5.0,0.05,15,18,45.41621895697679,2.2308277443357727,7.390820917445863,0.049119627207387224,100,True
5.0,0.05,15,19,24.814062118109472,1.3626174878721704,2.038746876295169,0.05491311665886912,100,True
5.0,0.05,15,20,22.438234774868132,1.99908073954103,1.678442719414105,0.0890926028539506,100,True
5.0,0.05,15,21,19.90439375489463,0.8522845310052231,2.42673381368842,0.042818914331195855,100,True
5.0,0.05,15,22,20.078578021929435,0.14569842339437158,0.9325689238244655,0.007256411446828684,100,True
5.0,0.05,15,23,26.733189533760047,3.12436748865909,4.131008334314338,0.1168722304801482,100,True
5.0,0.05,15,24,29.81105908838882,1.9812594273776372,6.089616021266927,0.06646055148538224,100,True
5.0,0.05,15,25,18.331026304605338,1.163909078309673,2.0861074193822975,0.06349393967195727,100,True
5.0,0.05,15,26,16.372756742698595,0.684639453267169,1.0517752087774177,0.041815771407737,100,True
5.0,0.05,15,27,23.36940144904024,8.038679852699456,6.302939775956326,0.34398312983020785,100,True
5.0,0.05,15,28,24.075637267465314,5.020081290080316,4.193611223070059,0.20851291429216778,100,True
5.0,0.05,15,29,25.420424296190745,3.0022562582832313,2.8832620859320235,0.11810409705604795,100,True
5.0,0.05,15,30,21.043915236933536,1.8772917966708207,1.5968524295984452,0.08920829491729006,100,True
5.0,0.05,15,31,20.345307728973665,2.443664683367334,2.33241811096336,0.12010949728164207,100,True
5.0,0.05,15,32,22.16144993329039,0.920707731284164,2.4859295560680787,0.04154546449152226,100,True
5.0,0.05,15,33,23.390253402187763,0.19148671237503745,2.600995035417377,0.008186602730739423,100,True
5.0,0.05,15,34,25.590854666810046,2.0229885709676045,4.334426744563615,0.07905123128190444,100,True
5.0,0.05,15,35,18.614645418047257,0.5052445413929766,1.2665323211439121,0.0271423134873755,100,True
5.0,0.05,15,36,17.762535342707267,1.1968761043820089,1.9556607763378493,0.06738205336623908,100,True
5.0,0.05,15,37,26.985743928548025,2.2472086913202927,3.279176223636619,0.08327392038071578,100,True
5.0,0.05,15,38,23.01801002532321,3.998827607973933,5.582285102616243,0.17372603468217418,100,True
5.0,0.05,15,39,17.43288463958844,0.6943325967762374,1.68091491737542,0.039828898723936565,100,True
5.0,0.05,15,40,27.52919668892249,2.6437975309191892,3.7281467608920145,0.0960361306867712,100,True
5.0,0.05,15,41,15.683017882975985,0.38575066378777084,0.818836889419101,0.024596711338734468,100,True
5.0,0.05,15,42,19.45226097597864,0.9601324549608453,0.7392006730599213,0.04935839880754742,100,True
5.0,0.05,15,43,27.63027039594769,1.8410232629796095,4.583325618295194,0.06663066399993021,100,True
5.0,0.05,15,44,15.320172224818245,0.49639148797841254,0.574495762504592,0.03240116890946385,100,True
5.0,0.05,15,45,28.50186643558376,2.2348305482206845,7.290671094643265,0.07840997196697837,100,True
5.0,0.05,15,46,29.253328162104864,5.897634442854064,6.048003254280275,0.20160558860765576,100,True
5.0,0.05,15,47,16.526012335883344,0.8574257942142308,2.2470003183856546,0.05188340519100792,100,True
5.0,0.05,15,48,22.87172764710164,1.2120108825962077,1.9653435345600019,0.05299166295160902,100,True
5.0,0.05,15,49,50.20219976375417,3.487338302671811,21.12991504401947,0.06946584649841694,100,True
5.0,0.05,20,0,19.084980533445442,1.0408192403785037,1.2110986249078373,0.054536038879082,100,True
5.0,0.05,20,1,14.39499074150147,1.6996321466192688,1.7613587673466016,0.11807108299966775,100,True
5.0,0.05,20,2,18.31738998403867,1.7116710600388414,1.625176128273417,0.09344513937467894,100,True
5.0,0.05,20,3,14.25684868468787,1.4591684026310459,2.3280171450981815,0.10234859293963194,100,True
5.0,0.05,20,4,27.678162246782794,1.8726172914606325,7.238144655911795,0.06765685072455627,100,True
5.0,0.05,20,5,25.756454664957975,0.3950256986543168,4.505558908793911,0.015336959367771796,100,True
5.0,0.05,20,6,17.945076452618476,3.8255641102485507,3.844459294662785,0.21318182289997092,100,True
5.0,0.05,20,7,19.313553088332018,0.9820460963706757,5.092677319779643,0.05084751065115841,100,True
5.0,0.05,20,8,12.292555130532058,0.8493119511106111,0.928763893454678,0.06909157145051993,100,True
5.0,0.05,20,9,12.93312789367266,0.6935740979898759,1.0477947835046395,0.05362771509660835,100,True
5.0,0.05,20,10,22.329256483661897,2.67165181460527,5.627404420517578,0.11964804186651232,100,True
5.0,0.05,20,11,12.29504995245868,0.599380688517615,1.211426449011291,0.04874975627063271,100,True
5.0,0.05,20,12,17.154443214699477,1.469491563679975,2.432530608244541,0.08566244589161494,100,True
5.0,0.05,20,13,16.042134674690743,2.38296667615749,4.393177836482301,0.1485442383124382,100,True
5.0,0.05,20,14,11.3104816377091,1.0429915478286393,1.1242715761898403,0.09221460068962135,100,True
5.0,0.05,20,15,13.51748329327314,1.7698393005073978,1.326568905138481,0.13092964586005024,100,True
5.0,0.05,20,16,15.36474273044216,1.218850129018745,1.5243479508783657,0.07932772779877646,100,True
5.0,0.05,20,17,22.490183454436472,2.064566092269615,1.6931120409949847,0.09179854386035938,100,True
5.0,0.05,20,18,37.840262696329454,1.7893177233616167,6.35873179042046,0.04728608090596534,100,True
5.0,0.05,20,19,19.03846804970335,0.947007980018952,1.3327267088343049,0.049741816281993756,100,True
5.0,0.05,20,20,16.293737564330968,1.3946093772701864,0.8055361498498085,0.08559174172064493,100,True
5.0,0.05,20,21,15.408551611265857,0.8157963743901488,1.8799950850613505,0.05294439055476732,100,True
5.0,0.05,20,22,14.394836272941735,0.09079000504882155,0.7570676226449361,0.006307123146616219,100,True
5.0,0.05,20,23,20.45841745015935,2.858771701046137,3.8730330601651635,0.13973572041975663,100,True
5.0,0.05,20,24,24.681747401837853,1.5363798576124519,5.968497407001853,0.06224761288570881,100,True
5.0,0.05,20,25,13.920688505353002,0.9907462513919035,1.6859223734937687,0.0711707794489422,100,True
5.0,0.05,20,26,10.970308920859223,0.6297288396592552,0.8603688718203187,0.05740301792795213,100,True
5.0,0.05,20,27,17.292135965648633,6.5370326653308535,4.811299828445155,0.3780350026345428,100,True
5.0,0.05,20,28,18.381209879306873,4.420360522528187,3.800529714777295,0.24048256624851028,100,True
5.0,0.05,20,29,19.87763525501737,2.4638588225505584,2.283878826794437,0.1239513046165111,100,True
5.0,0.05,20,30,15.078657290481397,1.2488212526866165,1.8075699738423485,0.08282045467502942,100,True
5.0,0.05,20,31,15.466892259426253,2.009540554746714,1.873024051881653,0.12992529598323188,100,True
5.0,0.05,20,32,16.339940480729794,0.3559951024763108,1.2239139583632008,0.021786805337274454,100,True
5.0,0.05,20,33,15.302707532260506,0.6251051148594278,2.219806352751816,0.04084931464197484,100,True
5.0,0.05,20,34,19.32500541983049,1.8584743591093498,3.8811933409080623,0.09616940946377502,100,True
5.0,0.05,20,35,14.118068068368437,0.5478745903547745,1.1900054980819066,0.038806626211293646,100,True
5.0,0.05,20,36,13.819864645269217,0.8174281613238611,1.115832015314173,0.05914878201094981,100,True
5.0,0.05,20,37,20.748062054090024,1.3094148098304677,1.3830759088173425,0.06311022236278425,100,True
5.0,0.05,20,38,17.252628440076258,2.6528655423370298,3.383392989293098,0.15376587698223818,100,True
5.0,0.05,20,39,12.81993182116636,0.5840467979596092,1.4134557718501677,0.04555771482304752,100,True
5.0,0.05,20,40,20.259999001469303,2.4689954568628396,3.5412984068153537,0.12186552707548416,100,True
5.0,0.05,20,41,10.925446595628753,0.5141815082510629,0.6363020475536897,0.04706274510158567,100,True
5.0,0.05,20,42,14.129747111216483,0.8779033370453126,0.7583637363803449,0.062131567545778296,100,True
5.0,0.05,20,43,21.13861338378251,1.7400936763437387,4.255275070807757,0.08231825071736891,100,True
5.0,0.05,20,44,11.502829979352926,0.3653535298804084,0.35052573901732914,0.03176205599284715,100,True
5.0,0.05,20,45,19.621675323105546,1.0797667004494942,3.864154683302446,0.05502928178502743,100,True
5.0,0.05,20,46,24.412772574466384,5.128070731919274,5.314071754249744,0.21005687560792605,100,True
5.0,0.05,20,47,11.992829084621427,0.5235045048698967,1.0596886252425468,0.043651460483264445,100,True
5.0,0.05,20,48,14.351672200467249,0.6853094320108014,1.0280214618993475,0.04775119041448631,100,True
5.0,0.05,20,49,39.44780564347831,2.5892446414871433,17.694347667574547,0.06563722871908868,100,True
5.0,0.05,25,0,,,,,0,True
5.0,0.05,25,1,,,,,0,True
5.0,0.05,25,2,,,,,0,True
5.0,0.05,25,3,,,,,0,True
5.0,0.05,25,4,,,,,0,True
5.0,0.05,25,5,,,,,0,True
5.0,0.05,25,6,,,,,0,True
5.0,0.05,25,7,,,,,0,True
5.0,0.05,25,8,,,,,0,True
5.0,0.05,25,9,,,,,0,True
5.0,0.05,25,10,,,,,0,True
5.0,0.05,25,11,,,,,0,True
5.0,0.05,25,12,,,,,0,True
5.0,0.05,25,13,,,,,0,True
5.0,0.05,25,14,,,,,0,True
5.0,0.05,25,15,,,,,0,True
5.0,0.05,25,16,,,,,0,True
5.0,0.05,25,17,,,,,0,True
5.0,0.05,25,18,,,,,0,True
5.0,0.05,25,19,,,,,0,True
5.0,0.05,25,20,,,,,0,True
5.0,0.05,25,21,,,,,0,True
5.0,0.05,25,22,,,,,0,True
5.0,0.05,25,23,,,,,0,True
5.0,0.05,25,24,,,,,0,True
5.0,0.05,25,25,,,,,0,True
5.0,0.05,25,26,,,,,0,True
5.0,0.05,25,27,,,,,0,True
5.0,0.05,25,28,,,,,0,True
5.0,0.05,25,29,,,,,0,True
5.0,0.05,25,30,,,,,0,True
5.0,0.05,25,31,,,,,0,True
5.0,0.05,25,32,,,,,0,True
5.0,0.05,25,33,,,,,0,True
5.0,0.05,25,34,,,,,0,True
5.0,0.05,25,35,,,,,0,True
5.0,0.05,25,36,,,,,0,True
5.0,0.05,25,37,,,,,0,True
5.0,0.05,25,38,,,,,0,True
5.0,0.05,25,39,,,,,0,True
5.0,0.05,25,40,,,,,0,True
5.0,0.05,25,41,,,,,0,True
5.0,0.05,25,42,,,,,0,True
5.0,0.05,25,43,,,,,0,True
5.0,0.05,25,44,,,,,0,True
5.0,0.05,25,45,,,,,0,True
5.0,0.05,25,46,,,,,0,True
5.0,0.05,25,47,,,,,0,True
5.0,0.05,25,48,,,,,0,True
5.0,0.05,25,49,,,,,0,True
5.0,0.05,30,0,,,,,0,True
5.0,0.05,30,1,,,,,0,True
5.0,0.05,30,2,,,,,0,True
5.0,0.05,30,3,,,,,0,True
5.0,0.05,30,4,,,,,0,True
5.0,0.05,30,5,,,,,0,True
5.0,0.05,30,6,,,,,0,True
5.0,0.05,30,7,,,,,0,True
5.0,0.05,30,8,,,,,0,True
5.0,0.05,30,9,,,,,0,True
5.0,0.05,30,10,,,,,0,True
5.0,0.05,30,11,,,,,0,True
5.0,0.05,30,12,,,,,0,True
5.0,0.05,30,13,,,,,0,True
5.0,0.05,30,14,,,,,0,True
5.0,0.05,30,15,,,,,0,True
5.0,0.05,30,16,,,,,0,True
5.0,0.05,30,17,,,,,0,True
5.0,0.05,30,18,,,,,0,True
5.0,0.05,30,19,,,,,0,True
5.0,0.05,30,20,,,,,0,True
5.0,0.05,30,21,,,,,0,True
5.0,0.05,30,22,,,,,0,True
5.0,0.05,30,23,,,,,0,True
5.0,0.05,30,24,,,,,0,True
5.0,0.05,30,25,,,,,0,True
5.0,0.05,30,26,,,,,0,True
5.0,0.05,30,27,,,,,0,True
5.0,0.05,30,28,,,,,0,True
5.0,0.05,30,29,,,,,0,True
5.0,0.05,30,30,,,,,0,True
5.0,0.05,30,31,,,,,0,True
5.0,0.05,30,32,,,,,0,True
5.0,0.05,30,33,,,,,0,True
5.0,0.05,30,34,,,,,0,True
5.0,0.05,30,35,,,,,0,True
5.0,0.05,30,36,,,,,0,True
5.0,0.05,30,37,,,,,0,True
5.0,0.05,30,38,,,,,0,True
5.0,0.05,30,39,,,,,0,True
5.0,0.05,30,40,,,,,0,True
5.0,0.05,30,41,,,,,0,True
5.0,0.05,30,42,,,,,0,True
5.0,0.05,30,43,,,,,0,True
5.0,0.05,30,44,,,,,0,True
5.0,0.05,30,45,,,,,0,True
5.0,0.05,30,46,,,,,0,True
5.0,0.05,30,47,,,,,0,True
5.0,0.05,30,48,,,,,0,True
5.0,0.05,30,49,,,,,0,True
5.0,0.05,35,0,,,,,0,True
5.0,0.05,35,1,,,,,0,True
5.0,0.05,35,2,,,,,0,True
5.0,0.05,35,3,,,,,0,True
5.0,0.05,35,4,,,,,0,True
5.0,0.05,35,5,,,,,0,True
5.0,0.05,35,6,,,,,0,True
5.0,0.05,35,7,,,,,0,True
5.0,0.05,35,8,,,,,0,True
5.0,0.05,35,9,,,,,0,True
5.0,0.05,35,10,,,,,0,True
5.0,0.05,35,11,,,,,0,True
5.0,0.05,35,12,,,,,0,True
5.0,0.05,35,13,,,,,0,True
5.0,0.05,35,14,,,,,0,True
5.0,0.05,35,15,,,,,0,True
5.0,0.05,35,16,,,,,0,True
5.0,0.05,35,17,,,,,0,True
5.0,0.05,35,18,,,,,0,True
5.0,0.05,35,19,,,,,0,True
5.0,0.05,35,20,,,,,0,True
5.0,0.05,35,21,,,,,0,True
5.0,0.05,35,22,,,,,0,True
5.0,0.05,35,23,,,,,0,True
5.0,0.05,35,24,,,,,0,True
5.0,0.05,35,25,,,,,0,True
5.0,0.05,35,26,,,,,0,True
5.0,0.05,35,27,,,,,0,True
5.0,0.05,35,28,,,,,0,True
5.0,0.05,35,29,,,,,0,True
5.0,0.05,35,30,,,,,0,True
5.0,0.05,35,31,,,,,0,True
5.0,0.05,35,32,,,,,0,True
5.0,0.05,35,33,,,,,0,True
5.0,0.05,35,34,,,,,0,True
5.0,0.05,35,35,,,,,0,True
5.0,0.05,35,36,,,,,0,True
5.0,0.05,35,37,,,,,0,True
5.0,0.05,35,38,,,,,0,True
5.0,0.05,35,39,,,,,0,True
5.0,0.05,35,40,,,,,0,True
5.0,0.05,35,41,,,,,0,True
5.0,0.05,35,42,,,,,0,True
5.0,0.05,35,43,,,,,0,True
5.0,0.05,35,44,,,,,0,True
5.0,0.05,35,45,,,,,0,True
5.0,0.05,35,46,,,,,0,True
5.0,0.05,35,47,,,,,0,True
5.0,0.05,35,48,,,,,0,True
5.0,0.05,35,49,,,,,0,True
