dataset,alpha,nominal_coverage,o,dataset_id,mean_width,sd_upper,sd_width,relative_instability,coverage_mean,n_finite,n_reruns,base_seed
fixedN21,0.05,0.95,0,0,,0.0,0.0,,1.0,0,50,456
fixedN21,0.05,0.95,0,1,,0.0,0.0,,1.0,0,50,456
fixedN21,0.05,0.95,0,5,,0.0,0.0,,1.0,0,50,456
fixedN21,0.05,0.95,0,6,,0.0,0.0,,1.0,0,50,456
fixedN21,0.05,0.95,0,2,,0.0,0.0,,1.0,0,50,456
fixedN21,0.05,0.95,0,3,,0.0,0.0,,1.0,0,50,456
fixedN21,0.05,0.95,0,4,,0.0,0.0,,1.0,0,50,456
fixedN21,0.05,0.95,0,11,,0.0,0.0,,1.0,0,50,456
fixedN21,0.05,0.95,0,10,,0.0,0.0,,1.0,0,50,456
fixedN21,0.05,0.95,0,8,,0.0,0.0,,1.0,0,50,456
fixedN21,0.05,0.95,0,9,,0.0,0.0,,1.0,0,50,456
fixedN21,0.05,0.95,0,13,,0.0,0.0,,1.0,0,50,456
fixedN21,0.05,0.95,0,7,,0.0,0.0,,1.0,0,50,456
fixedN21,0.05,0.95,0,12,,0.0,0.0,,1.0,0,50,456
fixedN21,0.05,0.95,0,15,,0.0,0.0,,1.0,0,50,456
fixedN21,0.05,0.95,0,14,,0.0,0.0,,1.0,0,50,456
fixedN21,0.05,0.95,0,16,,0.0,0.0,,1.0,0,50,456
fixedN21,0.05,0.95,0,17,,0.0,0.0,,1.0,0,50,456
fixedN21,0.05,0.95,0,18,,0.0,0.0,,1.0,0,50,456
fixedN21,0.05,0.95,0,20,,0.0,0.0,,1.0,0,50,456
fixedN21,0.05,0.95,0,19,,0.0,0.0,,1.0,0,50,456
fixedN21,0.05,0.95,0,21,,0.0,0.0,,1.0,0,50,456
fixedN21,0.05,0.95,0,22,,0.0,0.0,,1.0,0,50,456
fixedN21,0.05,0.95,0,23,,0.0,0.0,,1.0,0,50,456
fixedN21,0.05,0.95,5,2,,0.0,0.0,,1.0,0,50,456
fixedN21,0.05,0.95,5,3,,0.0,0.0,,1.0,0,50,456
fixedN21,0.05,0.95,0,24,,0.0,0.0,,1.0,0,50,456
fixedN21,0.05,0.95,5,6,,0.0,0.0,,1.0,0,50,456
fixedN21,0.05,0.95,5,4,,0.0,0.0,,1.0,0,50,456
fixedN21,0.05,0.95,5,0,,0.0,0.0,,1.0,0,50,456
fixedN21,0.05,0.95,5,5,,0.0,0.0,,1.0,0,50,456
fixedN21,0.05,0.95,5,1,,0.0,0.0,,1.0,0,50,456
fixedN21,0.05,0.95,5,7,,0.0,0.0,,1.0,0,50,456
fixedN21,0.05,0.95,5,11,,0.0,0.0,,1.0,0,50,456
fixedN21,0.05,0.95,5,8,,0.0,0.0,,1.0,0,50,456
fixedN21,0.05,0.95,5,9,,0.0,0.0,,1.0,0,50,456
fixedN21,0.05,0.95,5,10,,0.0,0.0,,1.0,0,50,456
fixedN21,0.05,0.95,5,12,,0.0,0.0,,1.0,0,50,456
fixedN21,0.05,0.95,5,16,,0.0,0.0,,1.0,0,50,456
fixedN21,0.05,0.95,5,14,,0.0,0.0,,1.0,0,50,456
fixedN21,0.05,0.95,5,18,,0.0,0.0,,1.0,0,50,456
fixedN21,0.05,0.95,5,13,,0.0,0.0,,1.0,0,50,456
fixedN21,0.05,0.95,5,17,,0.0,0.0,,1.0,0,50,456
fixedN21,0.05,0.95,5,15,,0.0,0.0,,1.0,0,50,456
fixedN21,0.05,0.95,5,20,,0.0,0.0,,1.0,0,50,456
fixedN21,0.05,0.95,5,19,,0.0,0.0,,1.0,0,50,456
fixedN21,0.05,0.95,5,22,,0.0,0.0,,1.0,0,50,456
fixedN21,0.05,0.95,5,21,,0.0,0.0,,1.0,0,50,456
fixedN21,0.05,0.95,10,0,,0.0,0.0,,1.0,0,50,456
fixedN21,0.05,0.95,10,3,,0.0,0.0,,1.0,0,50,456
fixedN21,0.05,0.95,10,4,,0.0,0.0,,1.0,0,50,456
fixedN21,0.05,0.95,10,1,,0.0,0.0,,1.0,0,50,456
fixedN21,0.05,0.95,10,8,,0.0,0.0,,1.0,0,50,456
fixedN21,0.05,0.95,10,7,,0.0,0.0,,1.0,0,50,456
fixedN21,0.05,0.95,5,23,,0.0,0.0,,1.0,0,50,456
fixedN21,0.05,0.95,10,9,,0.0,0.0,,1.0,0,50,456
fixedN21,0.05,0.95,10,2,,0.0,0.0,,1.0,0,50,456
fixedN21,0.05,0.95,10,6,,0.0,0.0,,1.0,0,50,456
fixedN21,0.05,0.95,5,24,,0.0,0.0,,1.0,0,50,456
fixedN21,0.05,0.95,10,10,,0.0,0.0,,1.0,0,50,456
fixedN21,0.05,0.95,10,12,,0.0,0.0,,1.0,0,50,456
fixedN21,0.05,0.95,10,5,,0.0,0.0,,1.0,0,50,456
fixedN21,0.05,0.95,10,13,,0.0,0.0,,1.0,0,50,456
fixedN21,0.05,0.95,10,11,,0.0,0.0,,1.0,0,50,456
fixedN21,0.05,0.95,10,14,,0.0,0.0,,1.0,0,50,456
fixedN21,0.05,0.95,15,0,7.902728404574599,0.23008775442130955,0.2023923768528888,0.029114976833585753,1.0,50,50,456
fixedN21,0.05,0.95,10,16,,0.0,0.0,,1.0,0,50,456
fixedN21,0.05,0.95,10,15,,0.0,0.0,,1.0,0,50,456
fixedN21,0.05,0.95,10,19,,0.0,0.0,,1.0,0,50,456
fixedN21,0.05,0.95,10,24,,0.0,0.0,,1.0,0,50,456
fixedN21,0.05,0.95,10,17,,0.0,0.0,,1.0,0,50,456
fixedN21,0.05,0.95,10,22,,0.0,0.0,,1.0,0,50,456
fixedN21,0.05,0.95,15,2,9.347476602685251,0.5534611736356377,0.9969397463375662,0.05920968804315004,1.0,50,50,456
fixedN21,0.05,0.95,10,18,,0.0,0.0,,1.0,0,50,456
fixedN21,0.05,0.95,15,1,6.769126336545153,0.1533630647682591,0.11407129581100986,0.022656256825978077,1.0,50,50,456
fixedN21,0.05,0.95,10,23,,0.0,0.0,,1.0,0,50,456
fixedN21,0.05,0.95,15,3,7.6225410600806445,0.597765891385057,0.7547614815204104,0.07842081619154083,1.0,50,50,456
fixedN21,0.05,0.95,10,21,,0.0,0.0,,1.0,0,50,456
fixedN21,0.05,0.95,15,4,7.624141081121093,0.23075824221395005,0.481494874212598,0.030266785433096705,1.0,50,50,456
fixedN21,0.05,0.95,10,20,,0.0,0.0,,1.0,0,50,456
fixedN21,0.05,0.95,15,14,8.448040104186184,0.1187900750498499,0.20597374937239676,0.014061258420279856,1.0,50,50,456
fixedN21,0.05,0.95,15,15,6.800857313540843,0.22346357239295908,0.344729772500516,0.03285814744973874,1.0,50,50,456
fixedN21,0.05,0.95,15,16,8.607510690418295,0.26957472591853476,0.4406355045780728,0.03131854674529999,1.0,50,50,456
fixedN21,0.05,0.95,15,9,10.525099798255214,0.7551156326694287,1.075034989144707,0.07174427294215369,1.0,50,50,456
fixedN21,0.05,0.95,15,13,8.257657985957733,0.43826350413966325,0.7458528877054798,0.05307358392475647,1.0,50,50,456
fixedN21,0.05,0.95,15,5,8.433563375882413,0.20131241093751553,0.26877156233151117,0.023870385739106634,1.0,50,50,456
fixedN21,0.05,0.95,15,7,7.44811324418445,0.26345724693932965,1.0225426298129083,0.03537234710348145,1.0,50,50,456
fixedN21,0.05,0.95,15,6,9.219661773205063,0.2579772745150047,0.46617512993644833,0.027981208081272503,1.0,50,50,456
fixedN21,0.05,0.95,15,11,9.005249267929155,0.277708958917657,0.7571805957852712,0.03083856433676698,1.0,50,50,456
fixedN21,0.05,0.95,15,12,7.716102420641721,0.1507597428127636,0.30120442335922853,0.019538328367630125,1.0,50,50,456
fixedN21,0.05,0.95,15,10,9.83673368302484,0.2620275320153686,0.48313884866553136,0.026637656406978575,1.0,50,50,456
fixedN21,0.05,0.95,15,17,7.205598093657452,0.08782915475556087,0.09324199822560549,0.012189016597091406,1.0,50,50,456
fixedN21,0.05,0.95,15,18,7.511957683036382,0.11090281588116463,0.213723513830679,0.014763503810944925,1.0,50,50,456
fixedN21,0.05,0.95,15,8,8.078533580453733,0.4414113207480968,0.29026196991475733,0.05464003044019095,1.0,50,50,456
fixedN21,0.05,0.95,15,19,6.380400687581962,0.13809679506207245,0.22992417456992653,0.0216439063663897,1.0,50,50,456
fixedN21,0.05,0.95,15,20,6.912697845858401,0.08500860618275273,0.15740663474129044,0.012297457241485519,1.0,50,50,456
fixedN21,0.05,0.95,20,1,6.1888212058833645,0.169962149765659,0.2384051827311149,0.027462766189478138,1.0,50,50,456
fixedN21,0.05,0.95,15,21,6.740801680415697,0.2576070362711854,0.31427161521096963,0.038216082965268176,1.0,50,50,456
fixedN21,0.05,0.95,20,0,6.4011952800347816,0.2155393385439535,0.39637320828288564,0.03367173303026967,1.0,50,50,456
fixedN21,0.05,0.95,20,3,6.468482279390806,0.18192680358398833,0.1888255871657174,0.028125114319880608,1.0,50,50,456
fixedN21,0.05,0.95,20,2,6.789576315286553,0.3323657515537905,0.4666636030965914,0.04895235521625668,1.0,50,50,456
fixedN21,0.05,0.95,20,5,6.32923048658919,0.32337103755747865,0.25055096724834625,0.051091682984631306,1.0,50,50,456
fixedN21,0.05,0.95,15,22,6.680218904766223,0.38197954372097537,0.5218575556116627,0.05718069260401623,1.0,50,50,456
fixedN21,0.05,0.95,20,6,6.341244927179656,0.2571685331910322,0.40885273178784426,0.04055489673467178,1.0,50,50,456
fixedN21,0.05,0.95,20,7,4.8082832598120575,0.08568166460700304,0.12334726721479769,0.017819595888440252,1.0,50,50,456
fixedN21,0.05,0.95,15,24,8.384048540712246,0.22829728220595905,0.6374078204050938,0.02722995711407995,1.0,50,50,456
fixedN21,0.05,0.95,20,8,6.904361238013901,0.37327689942754705,0.3724092762166932,0.054063929530854524,1.0,50,50,456
fixedN21,0.05,0.95,20,9,5.818109038715427,0.1886767805826545,0.15969449581733228,0.03242922731890088,1.0,50,50,456
fixedN21,0.05,0.95,15,23,8.117113798739005,0.45026969634581376,0.5932858520225713,0.055471650085251144,0.06,50,50,456
fixedN21,0.05,0.95,20,4,6.539928184594521,0.16643645106400046,0.44423689321221693,0.0254492780908602,1.0,50,50,456
fixedN21,0.05,0.95,20,10,5.442846859360536,0.2687290380364489,0.3286523233066666,0.049372882423522946,1.0,50,50,456
fixedN21,0.05,0.95,20,11,6.292874127248607,0.16958253964336711,0.2610966404223095,0.02694834446299542,1.0,50,50,456
fixedN21,0.05,0.95,25,1,,0.0,0.0,,1.0,0,50,456
fixedN21,0.05,0.95,25,0,,0.0,0.0,,1.0,0,50,456
fixedN21,0.05,0.95,25,2,,0.0,0.0,,1.0,0,50,456
fixedN21,0.05,0.95,25,3,,0.0,0.0,,1.0,0,50,456
fixedN21,0.05,0.95,25,4,,0.0,0.0,,1.0,0,50,456
fixedN21,0.05,0.95,25,5,,0.0,0.0,,1.0,0,50,456
fixedN21,0.05,0.95,25,6,,0.0,0.0,,1.0,0,50,456
fixedN21,0.05,0.95,25,8,,0.0,0.0,,1.0,0,50,456
fixedN21,0.05,0.95,25,7,,0.0,0.0,,1.0,0,50,456
fixedN21,0.05,0.95,20,12,5.387467197746134,0.129359487951777,0.2792883875191004,0.02401118804136664,1.0,50,50,456
fixedN21,0.05,0.95,20,17,5.913585396011334,0.16451468271338954,0.2568076489163361,0.02781978642336904,1.0,50,50,456
fixedN21,0.05,0.95,20,16,5.266547133653667,0.07459610010886107,0.1146440958134238,0.01416413794764807,1.0,50,50,456
fixedN21,0.05,0.95,20,14,5.951013919047094,0.15237613611998854,0.20049580085350804,0.02560507136981924,1.0,50,50,456
fixedN21,0.05,0.95,20,15,6.233847643701593,0.20941041243114528,0.3348240221173653,0.03359248162613092,1.0,50,50,456
fixedN21,0.05,0.95,20,13,5.507137668833093,0.2455545920667666,0.07636422582658506,0.04458842448345715,1.0,50,50,456
fixedN21,0.05,0.95,20,18,6.4208280676515255,0.16275742449408745,0.32303169065488213,0.025348354258863906,1.0,50,50,456
fixedN21,0.05,0.95,20,20,6.223764938528751,0.11787912089116113,0.17452561645435746,0.01894016275605467,1.0,50,50,456
fixedN21,0.05,0.95,20,21,5.859085711516612,0.12276797822395251,0.1359768602378323,0.020953436127865464,1.0,50,50,456
fixedN21,0.05,0.95,20,24,5.47703339928617,0.25464454509876366,0.17342839863010065,0.046493151772993,1.0,50,50,456
fixedN21,0.05,0.95,25,9,,0.0,0.0,,1.0,0,50,456
fixedN21,0.05,0.95,20,23,6.952443709995288,0.11684618607547843,0.10536185832033684,0.016806491494133595,1.0,50,50,456
fixedN21,0.05,0.95,20,19,6.327064929110451,0.2977235734156801,0.34708510814190713,0.0470555584226537,1.0,50,50,456
fixedN21,0.05,0.95,25,10,,0.0,0.0,,1.0,0,50,456
fixedN21,0.05,0.95,25,14,,0.0,0.0,,1.0,0,50,456
fixedN21,0.05,0.95,25,11,,0.0,0.0,,1.0,0,50,456
fixedN21,0.05,0.95,25,12,,0.0,0.0,,1.0,0,50,456
fixedN21,0.05,0.95,25,13,,0.0,0.0,,1.0,0,50,456
fixedN21,0.05,0.95,20,22,6.802528913106127,0.13781531156717555,0.2814789552178221,0.020259423124487273,0.96,50,50,456
fixedN21,0.05,0.95,25,17,,0.0,0.0,,1.0,0,50,456
fixedN21,0.05,0.95,25,16,,0.0,0.0,,1.0,0,50,456
fixedN21,0.05,0.95,25,15,,0.0,0.0,,1.0,0,50,456
fixedN21,0.05,0.95,25,18,,0.0,0.0,,1.0,0,50,456
fixedN21,0.05,0.95,25,20,,0.0,0.0,,1.0,0,50,456
fixedN21,0.05,0.95,25,21,,0.0,0.0,,1.0,0,50,456
fixedN21,0.05,0.95,25,19,,0.0,0.0,,1.0,0,50,456
fixedN21,0.05,0.95,25,23,,0.0,0.0,,1.0,0,50,456
fixedN21,0.05,0.95,25,22,,0.0,0.0,,1.0,0,50,456
fixedN21,0.05,0.95,25,24,,0.0,0.0,,1.0,0,50,456
fixedN21,0.05,0.95,30,0,,0.0,0.0,,1.0,0,50,456
fixedN21,0.05,0.95,30,4,,0.0,0.0,,1.0,0,50,456
fixedN21,0.05,0.95,30,3,,0.0,0.0,,1.0,0,50,456
fixedN21,0.05,0.95,30,1,,0.0,0.0,,1.0,0,50,456
fixedN21,0.05,0.95,30,2,,0.0,0.0,,1.0,0,50,456
fixedN21,0.05,0.95,30,5,,0.0,0.0,,1.0,0,50,456
fixedN21,0.05,0.95,30,6,,0.0,0.0,,1.0,0,50,456
fixedN21,0.05,0.95,30,7,,0.0,0.0,,1.0,0,50,456
fixedN21,0.05,0.95,30,13,,0.0,0.0,,1.0,0,50,456
fixedN21,0.05,0.95,30,8,,0.0,0.0,,1.0,0,50,456
fixedN21,0.05,0.95,30,12,,0.0,0.0,,1.0,0,50,456
fixedN21,0.05,0.95,30,10,,0.0,0.0,,1.0,0,50,456
fixedN21,0.05,0.95,30,11,,0.0,0.0,,1.0,0,50,456
fixedN21,0.05,0.95,30,9,,0.0,0.0,,1.0,0,50,456
fixedN21,0.05,0.95,30,14,,0.0,0.0,,1.0,0,50,456
fixedN21,0.05,0.95,30,15,,0.0,0.0,,1.0,0,50,456
fixedN21,0.05,0.95,35,1,,0.0,0.0,,1.0,0,50,456
fixedN21,0.05,0.95,30,18,,0.0,0.0,,1.0,0,50,456
fixedN21,0.05,0.95,30,16,,0.0,0.0,,1.0,0,50,456
fixedN21,0.05,0.95,30,23,,0.0,0.0,,1.0,0,50,456
fixedN21,0.05,0.95,30,19,,0.0,0.0,,1.0,0,50,456
fixedN21,0.05,0.95,30,17,,0.0,0.0,,1.0,0,50,456
fixedN21,0.05,0.95,30,20,,0.0,0.0,,1.0,0,50,456
fixedN21,0.05,0.95,30,22,,0.0,0.0,,1.0,0,50,456
fixedN21,0.05,0.95,35,7,,0.0,0.0,,1.0,0,50,456
fixedN21,0.05,0.95,30,21,,0.0,0.0,,1.0,0,50,456
fixedN21,0.05,0.95,35,0,,0.0,0.0,,1.0,0,50,456
fixedN21,0.05,0.95,35,2,,0.0,0.0,,1.0,0,50,456
fixedN21,0.05,0.95,35,4,,0.0,0.0,,1.0,0,50,456
fixedN21,0.05,0.95,35,6,,0.0,0.0,,1.0,0,50,456
fixedN21,0.05,0.95,35,5,,0.0,0.0,,1.0,0,50,456
fixedN21,0.05,0.95,35,9,,0.0,0.0,,1.0,0,50,456
fixedN21,0.05,0.95,35,10,,0.0,0.0,,1.0,0,50,456
fixedN21,0.05,0.95,35,8,,0.0,0.0,,1.0,0,50,456
fixedN21,0.05,0.95,35,13,,0.0,0.0,,1.0,0,50,456
fixedN21,0.05,0.95,35,11,,0.0,0.0,,1.0,0,50,456
fixedN21,0.05,0.95,35,12,,0.0,0.0,,1.0,0,50,456
fixedN21,0.05,0.95,30,24,,0.0,0.0,,1.0,0,50,456
fixedN21,0.05,0.95,35,18,,0.0,0.0,,1.0,0,50,456
fixedN21,0.05,0.95,35,14,,0.0,0.0,,1.0,0,50,456
fixedN21,0.05,0.95,35,3,,0.0,0.0,,1.0,0,50,456
fixedN21,0.05,0.95,35,16,,0.0,0.0,,1.0,0,50,456
fixedN21,0.05,0.95,35,19,,0.0,0.0,,1.0,0,50,456
fixedN21,0.05,0.95,35,20,,0.0,0.0,,1.0,0,50,456
fixedN21,0.05,0.95,35,17,,0.0,0.0,,1.0,0,50,456
fixedN21,0.05,0.95,35,21,,0.0,0.0,,1.0,0,50,456
fixedN21,0.05,0.95,35,23,,0.0,0.0,,1.0,0,50,456
fixedN21,0.05,0.95,35,15,,0.0,0.0,,1.0,0,50,456
fixedN21,0.05,0.95,35,22,,0.0,0.0,,1.0,0,50,456
fixedN21,0.05,0.95,35,24,,0.0,0.0,,1.0,0,50,456
fixedN21,0.075,0.925,0,0,,0.0,0.0,,1.0,0,50,456
fixedN21,0.075,0.925,0,1,,0.0,0.0,,1.0,0,50,456
fixedN21,0.075,0.925,0,9,,0.0,0.0,,1.0,0,50,456
fixedN21,0.075,0.925,0,3,,0.0,0.0,,1.0,0,50,456
fixedN21,0.075,0.925,0,12,,0.0,0.0,,1.0,0,50,456
fixedN21,0.075,0.925,0,5,,0.0,0.0,,1.0,0,50,456
fixedN21,0.075,0.925,0,14,,0.0,0.0,,1.0,0,50,456
fixedN21,0.075,0.925,0,8,,0.0,0.0,,1.0,0,50,456
fixedN21,0.075,0.925,0,7,,0.0,0.0,,1.0,0,50,456
fixedN21,0.075,0.925,0,2,,0.0,0.0,,1.0,0,50,456
fixedN21,0.075,0.925,0,4,,0.0,0.0,,1.0,0,50,456
fixedN21,0.075,0.925,0,10,,0.0,0.0,,1.0,0,50,456
fixedN21,0.075,0.925,0,6,,0.0,0.0,,1.0,0,50,456
fixedN21,0.075,0.925,0,11,,0.0,0.0,,1.0,0,50,456
fixedN21,0.075,0.925,0,13,,0.0,0.0,,1.0,0,50,456
fixedN21,0.075,0.925,0,15,,0.0,0.0,,1.0,0,50,456
fixedN21,0.075,0.925,0,16,,0.0,0.0,,1.0,0,50,456
fixedN21,0.075,0.925,0,20,,0.0,0.0,,1.0,0,50,456
fixedN21,0.075,0.925,0,23,,0.0,0.0,,1.0,0,50,456
fixedN21,0.075,0.925,0,17,,0.0,0.0,,1.0,0,50,456
fixedN21,0.075,0.925,0,19,,0.0,0.0,,1.0,0,50,456
fixedN21,0.075,0.925,5,1,,0.0,0.0,,1.0,0,50,456
fixedN21,0.075,0.925,5,0,,0.0,0.0,,1.0,0,50,456
fixedN21,0.075,0.925,0,22,,0.0,0.0,,1.0,0,50,456
fixedN21,0.075,0.925,0,21,,0.0,0.0,,1.0,0,50,456
fixedN21,0.075,0.925,0,18,,0.0,0.0,,1.0,0,50,456
fixedN21,0.075,0.925,5,2,,0.0,0.0,,1.0,0,50,456
fixedN21,0.075,0.925,5,5,,0.0,0.0,,1.0,0,50,456
fixedN21,0.075,0.925,0,24,,0.0,0.0,,1.0,0,50,456
fixedN21,0.075,0.925,5,3,,0.0,0.0,,1.0,0,50,456
fixedN21,0.075,0.925,5,4,,0.0,0.0,,1.0,0,50,456
fixedN21,0.075,0.925,5,6,,0.0,0.0,,1.0,0,50,456
fixedN21,0.075,0.925,5,8,,0.0,0.0,,1.0,0,50,456
fixedN21,0.075,0.925,5,11,,0.0,0.0,,1.0,0,50,456
fixedN21,0.075,0.925,5,9,,0.0,0.0,,1.0,0,50,456
fixedN21,0.075,0.925,5,7,,0.0,0.0,,1.0,0,50,456
fixedN21,0.075,0.925,5,10,,0.0,0.0,,1.0,0,50,456
fixedN21,0.075,0.925,5,14,,0.0,0.0,,1.0,0,50,456
fixedN21,0.075,0.925,5,15,,0.0,0.0,,1.0,0,50,456
fixedN21,0.075,0.925,5,16,,0.0,0.0,,1.0,0,50,456
fixedN21,0.075,0.925,5,18,,0.0,0.0,,1.0,0,50,456
fixedN21,0.075,0.925,5,13,,0.0,0.0,,1.0,0,50,456
fixedN21,0.075,0.925,5,20,,0.0,0.0,,1.0,0,50,456
fixedN21,0.075,0.925,5,17,,0.0,0.0,,1.0,0,50,456
fixedN21,0.075,0.925,5,19,,0.0,0.0,,1.0,0,50,456
fixedN21,0.075,0.925,5,12,,0.0,0.0,,1.0,0,50,456
fixedN21,0.075,0.925,5,21,,0.0,0.0,,1.0,0,50,456
fixedN21,0.075,0.925,5,22,,0.0,0.0,,1.0,0,50,456
fixedN21,0.075,0.925,10,1,8.816683765143042,0.42279405646917695,1.0585154107261596,0.04795386425684255,1.0,50,50,456
fixedN21,0.075,0.925,10,6,9.057887233352684,0.1444273565990912,0.16764875552070577,0.01594492765015721,1.0,50,50,456
fixedN21,0.075,0.925,10,0,7.918236586542364,0.44152842115431495,0.43355669703435723,0.05576095338003989,1.0,50,50,456
fixedN21,0.075,0.925,10,3,8.43545423210977,0.47400653376617086,0.7201137451347104,0.0561921765827207,1.0,50,50,456
fixedN21,0.075,0.925,10,2,7.977791856026279,0.5501489554315172,1.0692810016881567,0.0689600537792854,1.0,50,50,456
fixedN21,0.075,0.925,10,5,7.0770716279995565,0.22835316547990922,0.4388465005322045,0.03226661781639432,1.0,50,50,456
fixedN21,0.075,0.925,10,4,9.042479544293549,0.4929001550636096,0.9292981714556381,0.05450940227723986,1.0,50,50,456
fixedN21,0.075,0.925,10,9,8.059933385413645,0.2589364317706532,0.5422873023081669,0.032126373679373064,0.06,50,50,456
fixedN21,0.075,0.925,5,23,,0.0,0.0,,1.0,0,50,456
fixedN21,0.075,0.925,10,8,8.787856727447188,0.1986586617552318,0.3735460063593318,0.022606042396521954,1.0,50,50,456
fixedN21,0.075,0.925,5,24,,0.0,0.0,,1.0,0,50,456
fixedN21,0.075,0.925,10,7,8.596065074930022,0.303323280204283,0.38918127518688556,0.035286294084593384,1.0,50,50,456
fixedN21,0.075,0.925,10,10,6.588377268374213,0.157823499097105,0.8121623885531047,0.023954836322852297,1.0,50,50,456
fixedN21,0.075,0.925,10,11,8.56563987281837,0.33399384358677503,0.6267484205585007,0.03899228178465088,1.0,50,50,456
fixedN21,0.075,0.925,10,12,8.334876136466319,0.23898901337068085,0.6651941915976733,0.028673373120095748,1.0,50,50,456
fixedN21,0.075,0.925,10,13,7.950185739379794,0.6829650282396248,0.5468272284007711,0.08590554367260657,1.0,50,50,456
fixedN21,0.075,0.925,10,23,7.4432675270514315,0.1380117358277579,0.22354790190193247,0.01854182122652116,1.0,50,50,456
fixedN21,0.075,0.925,15,3,6.418651567675079,0.43839432193068156,0.24416634503799012,0.06830006541225508,1.0,50,50,456
fixedN21,0.075,0.925,10,22,8.540786254174082,0.45954617529809144,0.4613472913599175,0.05380607377611171,1.0,50,50,456
fixedN21,0.075,0.925,10,14,6.5114649322935625,0.1072180482691242,0.0965484599120517,0.01646604095760035,1.0,50,50,456
fixedN21,0.075,0.925,15,2,6.592856197532296,0.39797277787804225,0.3351299981040893,0.060364243653153446,1.0,50,50,456
fixedN21,0.075,0.925,10,15,7.689571485516297,0.175572057862895,0.3352633495639775,0.022832489195736588,1.0,50,50,456
fixedN21,0.075,0.925,10,16,7.194991993250295,0.07395838692359392,0.12952957523751582,0.010279147911905272,1.0,50,50,456
fixedN21,0.075,0.925,15,0,6.688421792852084,0.2516406718048413,0.28640179901738255,0.03762332574087502,1.0,50,50,456
fixedN21,0.075,0.925,10,21,7.366968102987543,0.13962241878111908,0.32633495029015924,0.018952494001500793,1.0,50,50,456
fixedN21,0.075,0.925,10,17,7.366137837393914,0.3569976713770883,0.4987870863441852,0.04846470148370065,1.0,50,50,456
fixedN21,0.075,0.925,10,20,7.4642680723308645,0.35678220826966145,0.43488234526766806,0.04779868632963623,1.0,50,50,456
fixedN21,0.075,0.925,15,1,6.829998643515385,0.24354180208037807,0.292476104002286,0.035657664780300406,1.0,50,50,456
fixedN21,0.075,0.925,10,18,7.588506575941359,0.7186716052152766,1.604169086322975,0.09470527540870252,1.0,50,50,456
fixedN21,0.075,0.925,10,24,8.35669575181319,0.33201828910443504,0.08758393515368566,0.03973080975604449,1.0,50,50,456
fixedN21,0.075,0.925,10,19,6.3551136738481695,0.16566099111757468,0.265324811085565,0.026067352941188712,1.0,50,50,456
fixedN21,0.075,0.925,15,4,7.110444025510517,0.21348019150082997,0.6990240543223172,0.030023468398726688,1.0,50,50,456
fixedN21,0.075,0.925,15,5,6.864122903465633,0.18200531825365274,0.30281089282516915,0.026515451546148733,1.0,50,50,456
fixedN21,0.075,0.925,15,8,6.61475327444722,0.29288141524677297,0.37515488175549,0.0442769976588807,0.88,50,50,456
fixedN21,0.075,0.925,15,9,6.9155132011449885,0.2737409092214353,0.5833119594856458,0.039583600126179,1.0,50,50,456
fixedN21,0.075,0.925,15,10,7.026930815810929,0.18271573967385712,0.4884635354442864,0.026002211273055086,1.0,50,50,456
fixedN21,0.075,0.925,15,7,5.928778354985867,0.280035339299828,0.15362549160483283,0.04723322791521282,1.0,50,50,456
fixedN21,0.075,0.925,15,6,5.961998590738627,0.4626627916934257,0.5788283200968435,0.07760196260564811,1.0,50,50,456
fixedN21,0.075,0.925,15,11,6.569244534781785,0.21782780688499506,0.3312803592503349,0.03315873016016914,1.0,50,50,456
fixedN21,0.075,0.925,15,14,6.525265585575028,0.1855078432444187,0.2391929150773625,0.028429163658029277,1.0,50,50,456
fixedN21,0.075,0.925,15,18,6.619093260458989,0.30435971200647327,0.4449732987569384,0.045982085465489875,1.0,50,50,456
fixedN21,0.075,0.925,15,13,6.665674437875896,0.32872297748532664,0.40140002969163724,0.049315786504280354,1.0,50,50,456
fixedN21,0.075,0.925,15,16,6.4889871182796,0.13915661972875448,0.1588220605800428,0.02144504484170536,1.0,50,50,456
fixedN21,0.075,0.925,15,15,6.296599010021732,0.26300306451856426,0.3522159066751385,0.04176906677715475,1.0,50,50,456
fixedN21,0.075,0.925,15,19,5.578376468420115,0.23476122549038814,0.21101686256134616,0.04208414882347951,1.0,50,50,456
fixedN21,0.075,0.925,15,17,8.102932703374695,1.327940802837156,1.3308690371213376,0.163883972809511,1.0,50,50,456
fixedN21,0.075,0.925,15,12,7.1114971438863925,0.13098593802829234,0.18199503711730103,0.01841889764954743,1.0,50,50,456
fixedN21,0.075,0.925,15,20,7.812827967586387,0.22152156548108254,0.4323387010969065,0.02835357010292869,1.0,50,50,456
fixedN21,0.075,0.925,15,21,7.225176955202143,0.2713497015012081,0.3658106211365804,0.037556132283491785,1.0,50,50,456
fixedN21,0.075,0.925,20,1,4.72154845299414,0.15274618572135268,0.07372580680898694,0.0323508669331752,1.0,50,50,456
fixedN21,0.075,0.925,20,2,5.697127079989794,0.12327722879492453,0.25117261318675854,0.02163849025378338,1.0,50,50,456
fixedN21,0.075,0.925,20,3,5.203074742158339,0.292083871822297,0.33065141423157757,0.05613678186393586,1.0,50,50,456
fixedN21,0.075,0.925,20,0,5.040294545284033,0.13223590829118337,0.15499625583927032,0.026235750133870705,1.0,50,50,456
fixedN21,0.075,0.925,15,22,6.5650074805202925,0.221867083460564,0.2423160303236496,0.033795404516885716,1.0,50,50,456
fixedN21,0.075,0.925,20,7,5.361064596898944,0.2319978233125575,0.24310497369557496,0.0432745808447737,1.0,50,50,456
fixedN21,0.075,0.925,20,4,6.03875753290464,0.4348043054519187,0.466763851224325,0.07200227912492092,1.0,50,50,456
fixedN21,0.075,0.925,20,10,5.228225349824865,0.15599900169250064,0.27456208133002297,0.02983784960564607,1.0,50,50,456
fixedN21,0.075,0.925,20,8,5.115675248356487,0.26859211288109325,0.2527767645438761,0.0525037458089983,1.0,50,50,456
fixedN21,0.075,0.925,20,5,6.744461561904469,0.15208598866896575,0.3703438511010979,0.02254975986934388,1.0,50,50,456
fixedN21,0.075,0.925,20,6,7.497166459148173,0.5829292778905145,1.1614338392326946,0.07775327933118173,1.0,50,50,456
fixedN21,0.075,0.925,15,23,8.068329218474318,0.23783449019998326,0.2442845589456133,0.029477539123639852,1.0,50,50,456
fixedN21,0.075,0.925,15,24,6.222166746449601,0.2269127115720143,0.3961402193196738,0.03646843950324729,1.0,50,50,456
fixedN21,0.075,0.925,20,9,4.909052643850569,0.16957527377610182,0.07611413346709026,0.034543380582508915,1.0,50,50,456
fixedN21,0.075,0.925,25,0,10.977166600883793,3.588782762705772e-15,1.794391381352886e-15,3.2693161115153633e-16,1.0,50,50,456
fixedN21,0.075,0.925,25,1,5.398505788436118,1.794391381352886e-15,0.0,3.3238667358597005e-16,1.0,50,50,456
fixedN21,0.075,0.925,20,11,5.452441024534725,0.23995623267652882,0.19181396770951756,0.04400895518113469,1.0,50,50,456
fixedN21,0.075,0.925,25,2,5.518049192186665,0.0,8.97195690676443e-16,0.0,1.0,50,50,456
fixedN21,0.075,0.925,25,3,4.678020168619549,0.0,0.0,0.0,1.0,50,50,456
fixedN21,0.075,0.925,25,4,7.344173049892256,3.588782762705772e-15,8.97195690676443e-16,4.886571623960333e-16,1.0,50,50,456
fixedN21,0.075,0.925,25,5,7.15590543998811,0.0,8.97195690676443e-16,0.0,1.0,50,50,456
fixedN21,0.075,0.925,20,14,5.6476446570108365,0.11270522887342198,0.16254136666023353,0.019956147335422864,1.0,50,50,456
fixedN21,0.075,0.925,20,16,4.60420999858586,0.14448113966240309,0.18408224137422965,0.03138022368805487,1.0,50,50,456
fixedN21,0.075,0.925,25,6,4.155865070961009,1.794391381352886e-15,0.0,4.3177325315279016e-16,0.0,50,50,456
fixedN21,0.075,0.925,25,7,5.389697141238457,0.0,0.0,0.0,1.0,50,50,456
fixedN21,0.075,0.925,20,15,4.842424904825915,0.14858326005659753,0.19250852340021074,0.030683647754355645,1.0,50,50,456
fixedN21,0.075,0.925,20,12,6.165290587094665,0.47037744476677124,0.30924605883540957,0.0762944484322242,1.0,50,50,456
fixedN21,0.075,0.925,25,8,4.501574018848458,0.0,0.0,0.0,1.0,50,50,456
fixedN21,0.075,0.925,20,13,6.119469381440666,0.17104056068055873,0.24898474893123906,0.02795022738397815,1.0,50,50,456
fixedN21,0.075,0.925,20,17,5.268325292223678,0.23014063501296336,0.4995997437705558,0.04368383162532938,1.0,50,50,456
fixedN21,0.075,0.925,20,20,4.8426036449502226,0.10496174590722386,0.1532297057612291,0.02167465140713633,1.0,50,50,456
fixedN21,0.075,0.925,20,21,5.446296509037024,0.14710308414442697,0.1905352127300055,0.02700974577868451,1.0,50,50,456
fixedN21,0.075,0.925,20,19,7.024008609403403,0.1585418900793487,0.21036768952197088,0.022571425932921056,1.0,50,50,456
fixedN21,0.075,0.925,20,23,5.472351592271852,0.3704342895861412,0.15849771236049048,0.06769197544055372,1.0,50,50,456
fixedN21,0.075,0.925,20,22,5.961642424395978,0.22614145008265318,0.0960486292376384,0.03793274302350755,1.0,50,50,456
fixedN21,0.075,0.925,20,18,5.331119021966541,0.10075004552304136,0.16429044778307983,0.018898479870343755,1.0,50,50,456
fixedN21,0.075,0.925,25,14,5.0824832595901785,4.485978453382215e-16,0.0,8.82635165579264e-17,1.0,50,50,456
fixedN21,0.075,0.925,25,9,6.922252033779505,8.97195690676443e-16,0.0,1.296103762616947e-16,1.0,50,50,456
fixedN21,0.075,0.925,20,24,6.081391516011637,0.5357126937306687,0.38133104349476954,0.08809047934509658,1.0,50,50,456
fixedN21,0.075,0.925,25,11,2.9476426648538836,3.588782762705772e-15,4.485978453382215e-16,1.2175094374553945e-15,1.0,50,50,456
fixedN21,0.075,0.925,25,12,5.325854107283009,0.0,0.0,0.0,1.0,50,50,456
fixedN21,0.075,0.925,25,10,4.293256905724711,0.0,0.0,0.0,1.0,50,50,456
fixedN21,0.075,0.925,25,13,5.795136863841131,0.0,0.0,0.0,1.0,50,50,456
fixedN21,0.075,0.925,25,16,4.585657857182959,1.794391381352886e-15,0.0,3.9130511635144286e-16,1.0,50,50,456
fixedN21,0.075,0.925,25,17,6.493731201418529,1.794391381352886e-15,8.97195690676443e-16,2.7632671043743057e-16,1.0,50,50,456
fixedN21,0.075,0.925,25,15,8.319222185437425,3.588782762705772e-15,0.0,4.313844110315793e-16,1.0,50,50,456
fixedN21,0.075,0.925,25,21,8.058764679425629,0.0,1.794391381352886e-15,0.0,1.0,50,50,456
fixedN21,0.075,0.925,25,20,8.848384365978902,7.177565525411544e-15,0.0,8.111724387797304e-16,0.0,50,50,456
fixedN21,0.075,0.925,25,19,3.9898402497020427,8.97195690676443e-16,4.485978453382215e-16,2.2487007863120453e-16,1.0,50,50,456
fixedN21,0.075,0.925,30,0,6.2198145414975565,8.97195690676443e-16,8.97195690676443e-16,1.4424798114003306e-16,1.0,50,50,456
fixedN21,0.075,0.925,25,24,8.184629014850744,0.0,1.794391381352886e-15,0.0,1.0,50,50,456
fixedN21,0.075,0.925,25,18,6.150471828087756,1.794391381352886e-15,0.0,2.91748573362831e-16,1.0,50,50,456
fixedN21,0.075,0.925,25,22,4.780511501391332,8.97195690676443e-16,8.97195690676443e-16,1.8767776009226646e-16,1.0,50,50,456
fixedN21,0.075,0.925,30,2,4.88066615330652,1.794391381352886e-15,8.97195690676443e-16,3.6765296477761215e-16,1.0,50,50,456
fixedN21,0.075,0.925,25,23,6.227532990055855,3.588782762705772e-15,8.97195690676443e-16,5.762767966763648e-16,1.0,50,50,456
fixedN21,0.075,0.925,30,5,4.299059433110216,8.97195690676443e-16,0.0,2.0869581001055245e-16,1.0,50,50,456
fixedN21,0.075,0.925,30,3,5.168031318077404,0.0,8.97195690676443e-16,0.0,1.0,50,50,456
fixedN21,0.075,0.925,30,1,4.338392343857719,8.97195690676443e-16,8.97195690676443e-16,2.0680372349141948e-16,1.0,50,50,456
fixedN21,0.075,0.925,30,4,7.645739314386772,0.0,1.794391381352886e-15,0.0,1.0,50,50,456
fixedN21,0.075,0.925,30,6,7.978484918050115,0.0,8.97195690676443e-16,0.0,1.0,50,50,456
fixedN21,0.075,0.925,30,8,7.654333757132001,3.588782762705772e-15,0.0,4.6885632069047e-16,1.0,50,50,456
fixedN21,0.075,0.925,30,10,5.499595503861415,0.0,8.97195690676443e-16,0.0,1.0,50,50,456
fixedN21,0.075,0.925,30,7,6.623240972305639,3.588782762705772e-15,8.97195690676443e-16,5.418469262573831e-16,1.0,50,50,456
fixedN21,0.075,0.925,30,14,5.560405237920683,0.0,0.0,0.0,1.0,50,50,456
fixedN21,0.075,0.925,30,9,5.244043684310825,0.0,8.97195690676443e-16,0.0,1.0,50,50,456
fixedN21,0.075,0.925,30,11,6.951984487494124,0.0,8.97195690676443e-16,0.0,0.0,50,50,456
fixedN21,0.075,0.925,30,12,10.590690083938732,0.0,0.0,0.0,1.0,50,50,456
fixedN21,0.075,0.925,30,15,8.50497178904736,0.0,0.0,0.0,1.0,50,50,456
fixedN21,0.075,0.925,30,18,5.271702279332779,3.588782762705772e-15,0.0,6.807635508505977e-16,1.0,50,50,456
fixedN21,0.075,0.925,30,16,5.022513780759965,0.0,0.0,0.0,1.0,50,50,456
fixedN21,0.075,0.925,30,13,7.991857924597798,0.0,8.97195690676443e-16,0.0,1.0,50,50,456
fixedN21,0.075,0.925,30,20,5.068451295859717,3.588782762705772e-15,0.0,7.080629867425881e-16,0.0,50,50,456
fixedN21,0.075,0.925,30,17,5.440020636192241,8.97195690676443e-16,0.0,1.6492505280355661e-16,1.0,50,50,456
fixedN21,0.075,0.925,30,19,5.265159552332868,8.97195690676443e-16,0.0,1.7040237465907688e-16,1.0,50,50,456
fixedN21,0.075,0.925,30,21,5.951966979441694,0.0,8.97195690676443e-16,0.0,1.0,50,50,456
fixedN21,0.075,0.925,30,22,3.4963745755862057,0.0,0.0,0.0,0.0,50,50,456
fixedN21,0.075,0.925,35,0,4.33698069954628,0.0,0.0,0.0,1.0,50,50,456
fixedN21,0.075,0.925,30,23,4.415911060005776,0.0,0.0,0.0,1.0,50,50,456
fixedN21,0.075,0.925,35,4,4.754416754067471,0.0,0.0,0.0,1.0,50,50,456
fixedN21,0.075,0.925,35,1,5.205433632944658,1.794391381352886e-15,0.0,3.4471506273682296e-16,1.0,50,50,456
fixedN21,0.075,0.925,35,2,7.684773189744901,0.0,8.97195690676443e-16,0.0,1.0,50,50,456
fixedN21,0.075,0.925,30,24,6.34059944791602,0.0,0.0,0.0,1.0,50,50,456
fixedN21,0.075,0.925,35,5,5.038329349692987,0.0,0.0,0.0,1.0,50,50,456
fixedN21,0.075,0.925,35,3,5.972248723729081,7.177565525411544e-15,0.0,1.2018195921568821e-15,1.0,50,50,456
fixedN21,0.075,0.925,35,10,4.839596358201046,0.0,0.0,0.0,1.0,50,50,456
fixedN21,0.075,0.925,35,6,5.3408463581249785,8.97195690676443e-16,8.97195690676443e-16,1.679875492601557e-16,1.0,50,50,456
fixedN21,0.075,0.925,35,9,8.393833896089369,3.588782762705772e-15,0.0,4.275498904472915e-16,1.0,50,50,456
fixedN21,0.075,0.925,35,8,6.401036628242422,0.0,8.97195690676443e-16,0.0,1.0,50,50,456
fixedN21,0.075,0.925,35,7,5.693234163851364,0.0,8.97195690676443e-16,0.0,0.0,50,50,456
fixedN21,0.075,0.925,35,12,5.925356460625089,3.588782762705772e-15,0.0,6.05665293987592e-16,1.0,50,50,456
fixedN21,0.075,0.925,35,13,6.254966189620714,0.0,8.97195690676443e-16,0.0,1.0,50,50,456
fixedN21,0.075,0.925,35,11,5.8276009404387255,1.794391381352886e-15,8.97195690676443e-16,3.079125354828769e-16,1.0,50,50,456
fixedN21,0.075,0.925,35,14,5.049803493877487,0.0,8.97195690676443e-16,0.0,1.0,50,50,456
fixedN21,0.075,0.925,35,15,5.001993941932863,4.485978453382215e-16,0.0,8.968380420806247e-17,1.0,50,50,456
fixedN21,0.075,0.925,35,19,4.428640441792411,0.0,8.97195690676443e-16,0.0,1.0,50,50,456
fixedN21,0.075,0.925,35,16,4.464455250428919,0.0,0.0,0.0,1.0,50,50,456
fixedN21,0.075,0.925,35,18,8.134129449384481,0.0,0.0,0.0,1.0,50,50,456
fixedN21,0.075,0.925,35,20,6.799156582717437,0.0,0.0,0.0,1.0,50,50,456
fixedN21,0.075,0.925,35,21,5.535362009327665,0.0,0.0,0.0,1.0,50,50,456
fixedN21,0.075,0.925,35,17,4.8143649808318045,0.0,8.97195690676443e-16,0.0,1.0,50,50,456
fixedN21,0.075,0.925,35,24,6.636764853791308,3.588782762705772e-15,8.97195690676443e-16,5.407427928768109e-16,1.0,50,50,456
fixedN21,0.075,0.925,35,22,8.116181843012896,0.0,0.0,0.0,1.0,50,50,456
fixedN21,0.075,0.925,35,23,5.578670283313265,0.0,0.0,0.0,1.0,50,50,456
fixedN21,0.1,0.9,0,0,11.0699390194034,0.4074460862292383,2.41566213280365,0.036806533939804584,1.0,50,50,456
fixedN21,0.1,0.9,0,1,10.505509024127525,1.608128177902751,0.9096606689877543,0.15307475099106918,1.0,50,50,456
fixedN21,0.1,0.9,0,2,10.379652329199612,0.671284847487245,2.0093003338756397,0.06467315341563167,1.0,50,50,456
fixedN21,0.1,0.9,0,4,12.162336163593306,0.9754290663780891,1.4724952188566678,0.08020079804223262,1.0,50,50,456
fixedN21,0.1,0.9,0,5,10.686279261508412,0.22690618653231873,0.6725143840309374,0.02123341351836336,1.0,50,50,456
fixedN21,0.1,0.9,0,3,10.493294949227169,0.511193665789066,1.373104456926665,0.048716220049329254,1.0,50,50,456
fixedN21,0.1,0.9,0,6,8.408651361911273,0.3151913128982798,0.32761000183163963,0.03748416949785837,1.0,50,50,456
fixedN21,0.1,0.9,0,7,11.410258941496123,0.8089044353945833,0.9151384938818732,0.07089273254376462,1.0,50,50,456
fixedN21,0.1,0.9,0,8,11.008185095877748,1.0913621733281293,0.8481770455183034,0.09914097226951729,1.0,50,50,456
fixedN21,0.1,0.9,0,10,12.070367116999442,0.40408130988293206,0.39452443394185976,0.03347713503376707,1.0,50,50,456
fixedN21,0.1,0.9,0,12,12.924750470670151,0.9164099024977828,1.5874445693006662,0.07090348897469018,1.0,50,50,456
fixedN21,0.1,0.9,0,11,9.48670498328026,0.23087567746373142,0.3728682434810559,0.024336761591156858,1.0,50,50,456
fixedN21,0.1,0.9,0,15,9.193193861655368,0.6079641501345799,0.5753453951031521,0.06613198408339745,1.0,50,50,456
fixedN21,0.1,0.9,0,13,13.477201464739988,0.5934417092556435,0.737810775494579,0.04403300720911889,1.0,50,50,456
fixedN21,0.1,0.9,0,9,14.867737480852057,2.052108022388126,2.8254808594779113,0.1380242303195766,1.0,50,50,456
fixedN21,0.1,0.9,0,14,8.707517389551217,0.3175383077469056,0.19370068662988135,0.03646714597755991,1.0,50,50,456
fixedN21,0.1,0.9,0,16,11.04203330481603,0.4926895174042536,0.4655671030309631,0.044619455837845094,1.0,50,50,456
fixedN21,0.1,0.9,0,20,9.46136510570261,0.762514989976186,0.9681364438675178,0.08059249182938713,1.0,50,50,456
fixedN21,0.1,0.9,0,17,11.879168224675961,0.4749141062538497,1.7061619308635227,0.03997873397123344,1.0,50,50,456
fixedN21,0.1,0.9,0,18,9.484153504714353,0.43235892825417876,0.8897882874403046,0.04558750847287142,1.0,50,50,456
fixedN21,0.1,0.9,0,19,14.67581723487847,0.7355007550730702,1.777079662101328,0.05011651094462276,1.0,50,50,456
fixedN21,0.1,0.9,0,21,15.09025119221533,1.8219437925840705,2.3550742403753047,0.12073647876212718,1.0,50,50,456
fixedN21,0.1,0.9,0,23,12.465715411072429,1.3754869915171655,1.8516250261778913,0.11034160063492353,1.0,50,50,456
fixedN21,0.1,0.9,0,22,12.38409713951844,0.505833442771653,0.6621065338115787,0.04084540334858214,1.0,50,50,456
fixedN21,0.1,0.9,0,24,11.112525997642809,0.44641861585038684,0.7589643728305271,0.040172559861284575,1.0,50,50,456
fixedN21,0.1,0.9,5,0,7.555648824911244,1.3934877760025983,0.8215617461360483,0.18442992895702343,1.0,50,50,456
fixedN21,0.1,0.9,5,2,7.993985776018049,0.8108710268972416,0.7038895886132587,0.10143513506489515,1.0,50,50,456
fixedN21,0.1,0.9,5,1,8.976118354133096,0.6988085993949761,0.33404639789976787,0.07785198142727323,1.0,50,50,456
fixedN21,0.1,0.9,5,5,8.474776159410784,2.231938761487217,1.9318997020769102,0.2633625619726568,1.0,50,50,456
fixedN21,0.1,0.9,5,4,9.899111393664533,0.4254934328280952,1.0040202707691346,0.042982992705831405,1.0,50,50,456
fixedN21,0.1,0.9,5,3,8.773996134504607,0.24165960612132592,0.6209087638769435,0.027542707156089988,0.8,50,50,456
fixedN21,0.1,0.9,5,6,8.084011764518882,0.3930637239209559,0.3723615540204073,0.04862235921601841,1.0,50,50,456
fixedN21,0.1,0.9,5,7,10.66398868483845,0.46177265650183585,1.0147436730739827,0.04330205799621319,1.0,50,50,456
fixedN21,0.1,0.9,5,8,9.403210610316187,0.7047325638110175,0.26989429995794467,0.07494595123051494,0.86,50,50,456
fixedN21,0.1,0.9,5,9,7.408936827044543,0.3018218933669633,0.22213262447895504,0.04073754445647789,1.0,50,50,456
fixedN21,0.1,0.9,5,11,7.14131563856742,0.29013064382696735,0.2976332407421267,0.04062705788553674,1.0,50,50,456
fixedN21,0.1,0.9,5,12,10.263309598436608,0.6899161061152471,1.0630524528575398,0.06722160132637339,1.0,50,50,456
fixedN21,0.1,0.9,5,14,9.69627856974111,0.5293480748119349,0.8308904887213397,0.054592911187994926,1.0,50,50,456
fixedN21,0.1,0.9,5,13,6.933207618441816,0.32400753582638253,0.5265726826217182,0.04673270348410548,1.0,50,50,456
fixedN21,0.1,0.9,5,10,9.315886833085251,1.3791401752432377,1.5452008789985543,0.14804174846191123,1.0,50,50,456
fixedN21,0.1,0.9,5,17,7.298689118772843,0.16565650452878702,0.25109378474057675,0.022696747571108976,1.0,50,50,456
fixedN21,0.1,0.9,5,16,9.327241253874776,1.0939498515315456,0.831074670835444,0.11728546756277915,1.0,50,50,456
fixedN21,0.1,0.9,5,19,9.072965752347654,0.2714247443598224,0.6414506836823973,0.029915768643741493,1.0,50,50,456
fixedN21,0.1,0.9,5,20,9.051097071471625,0.6712443645338744,0.3561176882174817,0.07416165788891889,1.0,50,50,456
fixedN21,0.1,0.9,5,15,9.381869957786398,0.3133318035181657,0.6915328108525376,0.033397585441708115,1.0,50,50,456
fixedN21,0.1,0.9,5,18,7.669940065773295,0.2974290149315331,0.6180082050217366,0.03877853182436125,1.0,50,50,456
fixedN21,0.1,0.9,5,21,7.324944952421024,0.11836886225792766,0.31517520662878495,0.016159693079851017,1.0,50,50,456
fixedN21,0.1,0.9,5,22,7.910767669902947,0.3281459063367248,0.24284915018680212,0.04148091816489292,1.0,50,50,456
fixedN21,0.1,0.9,5,23,8.725471879917869,0.9154503516607218,1.1874035853265823,0.10491700211282312,1.0,50,50,456
fixedN21,0.1,0.9,10,1,6.297773864389845,0.1950923790358781,0.18443767209080478,0.030977990514872107,1.0,50,50,456
fixedN21,0.1,0.9,10,0,6.039737672459655,0.19135880387683016,0.11294416675599582,0.031683297231500485,1.0,50,50,456
fixedN21,0.1,0.9,10,2,7.58268440881505,0.4714052921043012,0.8212719078125864,0.06216865514754662,1.0,50,50,456
fixedN21,0.1,0.9,5,24,10.931314132307447,1.3460073278832434,2.2202088277075056,0.12313316693599767,1.0,50,50,456
fixedN21,0.1,0.9,10,4,6.371397358162067,0.17745539470392105,0.37845705075350694,0.02785188000817311,1.0,50,50,456
fixedN21,0.1,0.9,10,3,6.916283030618654,0.6717884111954682,0.7856064952154785,0.09713142279190061,1.0,50,50,456
fixedN21,0.1,0.9,10,5,7.478357604211012,0.22385919386190958,0.21165254162437622,0.02993427243113595,1.0,50,50,456
fixedN21,0.1,0.9,10,9,7.6825307949894555,0.6910543072394614,0.9195060500452945,0.08995138785387842,1.0,50,50,456
fixedN21,0.1,0.9,10,11,7.4680280200939615,0.1973083823285421,0.6029377879773707,0.026420412697656107,1.0,50,50,456
fixedN21,0.1,0.9,10,8,7.025771497385939,0.45340271957396056,0.1649625878910481,0.06453422513707668,1.0,50,50,456
fixedN21,0.1,0.9,10,10,6.861339405796766,0.18550911993734162,0.255451029498086,0.027036866851480226,1.0,50,50,456
fixedN21,0.1,0.9,10,6,6.152325735931829,0.24621166624078086,0.5128351947660242,0.040019283244841025,1.0,50,50,456
fixedN21,0.1,0.9,10,12,6.578570769687918,0.058459009279215726,0.09247085287033961,0.00888627808772345,1.0,50,50,456
fixedN21,0.1,0.9,10,7,7.001428016835816,0.23913122711146606,0.9171730067441232,0.03415463624512669,1.0,50,50,456
fixedN21,0.1,0.9,10,13,7.2600422159434075,0.489918703745495,0.766662867870992,0.06748152272029626,1.0,50,50,456
fixedN21,0.1,0.9,10,14,6.603680895098188,0.08986152137417751,0.15221961041697252,0.013607792805506448,1.0,50,50,456
fixedN21,0.1,0.9,10,15,5.58077522932777,0.20395265183302014,0.3508164754178944,0.03654557717379834,1.0,50,50,456
fixedN21,0.1,0.9,10,19,6.177435472578394,0.18000397311802285,0.2247393561925373,0.02913894834143709,1.0,50,50,456
fixedN21,0.1,0.9,10,16,6.643762014036603,0.1248963078123675,0.09538299034724504,0.018799033973295992,1.0,50,50,456
fixedN21,0.1,0.9,15,1,5.642360176863672,0.19056637147163402,0.24511013107448565,0.03377423019768318,1.0,50,50,456
fixedN21,0.1,0.9,10,17,6.7562663815567205,0.08973803715141318,0.18052236874504263,0.013282193460633878,1.0,50,50,456
fixedN21,0.1,0.9,10,18,6.095078180547838,0.21729838465650006,0.3505401184969596,0.03565145158432879,0.88,50,50,456
fixedN21,0.1,0.9,10,20,6.808106115824339,0.18141808958515987,0.13890296354809306,0.026647365140722898,0.96,50,50,456
fixedN21,0.1,0.9,15,3,6.372176427894452,0.1878799101525029,0.15985973640572101,0.02948441749510438,1.0,50,50,456
fixedN21,0.1,0.9,15,2,6.6345124236309205,0.3233668536147948,0.37035800998528356,0.04874010823508615,1.0,50,50,456
fixedN21,0.1,0.9,15,0,5.86201836786007,0.13420426481170655,0.21560698826112973,0.022893866308490912,1.0,50,50,456
fixedN21,0.1,0.9,10,21,6.142276563922941,0.2502077432327678,0.25479526717344636,0.04073534309776593,1.0,50,50,456
fixedN21,0.1,0.9,10,22,5.569299406264893,0.28556217903811293,0.12898148338785165,0.051274344977194915,1.0,50,50,456
fixedN21,0.1,0.9,10,23,6.228111858479306,0.3571155140349618,0.3600646609467454,0.057339290325809485,0.0,50,50,456
fixedN21,0.1,0.9,15,4,6.540572017454278,0.15312301011069393,0.43226935587937676,0.023411256645759323,1.0,50,50,456
fixedN21,0.1,0.9,10,24,7.079722730061272,0.24940181077725787,0.6326626348453671,0.03522762405909919,1.0,50,50,456
fixedN21,0.1,0.9,15,5,6.340929386982152,0.37572836446606955,0.10172529138108963,0.05925446279806161,1.0,50,50,456
fixedN21,0.1,0.9,15,6,6.0312453811384135,0.28932677757080355,0.460252833195944,0.0479713159201943,1.0,50,50,456
fixedN21,0.1,0.9,15,10,5.413347822868371,0.30405302529465794,0.3545311670587931,0.05616728044154188,1.0,50,50,456
fixedN21,0.1,0.9,15,11,6.845553466005515,0.2805637035159458,0.4394417276438662,0.040984809323191075,1.0,50,50,456
fixedN21,0.1,0.9,15,9,5.871028429911552,0.30568342820203337,0.20023327710623176,0.05206641934224777,1.0,50,50,456
fixedN21,0.1,0.9,15,7,4.784954282811284,0.09549170989843728,0.1301263084991082,0.019956660869564973,1.0,50,50,456
fixedN21,0.1,0.9,15,8,6.633599396455055,0.3552943340232125,0.21341802483677255,0.053559811617970035,1.0,50,50,456
fixedN21,0.1,0.9,15,13,5.4725189454450875,0.3401875799226156,0.07879382627945086,0.06216288756857793,1.0,50,50,456
fixedN21,0.1,0.9,15,12,5.365938060244702,0.13616956734950472,0.32665494310795584,0.0253766565735004,1.0,50,50,456
fixedN21,0.1,0.9,15,14,5.601461944623276,0.3095689451848905,0.461857383470998,0.05526574102356245,1.0,50,50,456
fixedN21,0.1,0.9,15,16,5.786765116808266,0.11674076289946012,0.21286692069220278,0.020173751749552497,1.0,50,50,456
fixedN21,0.1,0.9,15,15,6.006322838875543,0.3544996237693863,0.5952054462414287,0.059021073838207636,1.0,50,50,456
fixedN21,0.1,0.9,15,17,5.650780532984493,0.12313185205999837,0.16764620632055285,0.02179023788682969,1.0,50,50,456
fixedN21,0.1,0.9,15,19,6.038661537970145,0.47940564713682216,0.38282395387106916,0.0793893885461862,1.0,50,50,456
fixedN21,0.1,0.9,15,18,5.5855373399091555,0.1888692910866035,0.14455669440675206,0.03381398773169339,1.0,50,50,456
fixedN21,0.1,0.9,15,20,5.867337300135541,0.1378900680657743,0.21101552734608559,0.02350130238167642,1.0,50,50,456
fixedN21,0.1,0.9,15,21,5.238847869589444,0.14096109945874766,0.1819170797055459,0.02690688925651022,1.0,50,50,456
fixedN21,0.1,0.9,20,0,4.790382465618262,0.11555324079223515,0.19876420896239863,0.02412192379660472,0.0,50,50,456
fixedN21,0.1,0.9,20,6,4.684690820779098,0.3338809850644625,0.18646536958602808,0.07127065538317333,1.0,50,50,456
fixedN21,0.1,0.9,20,4,5.841159199568672,0.288286672356083,0.3961879369206034,0.04935435972663969,1.0,50,50,456
fixedN21,0.1,0.9,20,2,4.669506322685645,0.11727296482492015,0.06905763995885583,0.02511463883348404,1.0,50,50,456
fixedN21,0.1,0.9,20,3,5.3017837425613745,0.11064168465665593,0.17905142019770365,0.02086876606611706,1.0,50,50,456
fixedN21,0.1,0.9,20,1,4.771450500619095,0.15713547080494927,0.2862094318226769,0.032932432346214416,1.0,50,50,456
fixedN21,0.1,0.9,20,5,4.5393681168723745,0.0756875704149597,0.09259838368045983,0.016673591668769187,1.0,50,50,456
fixedN21,0.1,0.9,15,22,6.018601789969053,0.16608143402883102,0.15894577748071953,0.027594687242082017,0.28,50,50,456
fixedN21,0.1,0.9,20,8,4.706396635991239,0.11982531980784225,0.08081989476937819,0.025460098048579623,1.0,50,50,456
fixedN21,0.1,0.9,20,7,5.3531962098119354,0.45255158589761896,0.5722689407280622,0.08453857623752552,1.0,50,50,456
fixedN21,0.1,0.9,15,23,6.276438534224061,0.18794371455087225,0.2753333230878457,0.029944324878839464,1.0,50,50,456
fixedN21,0.1,0.9,15,24,5.007985367775483,0.27475642018343066,0.18464731056937472,0.05486366273180144,1.0,50,50,456
fixedN21,0.1,0.9,20,10,5.060131499189764,0.14102361036583994,0.29049691440025155,0.027869554454942692,1.0,50,50,456
fixedN21,0.1,0.9,20,11,5.395570691516991,0.1047964751769213,0.23204070584806682,0.019422685971232683,1.0,50,50,456
fixedN21,0.1,0.9,20,9,3.988949607185766,0.10557924402387726,0.12572741390951464,0.02646793126533484,0.82,50,50,456
fixedN21,0.1,0.9,25,0,3.3950596345633426,8.97195690676443e-16,4.485978453382215e-16,2.6426507550635005e-16,1.0,50,50,456
fixedN21,0.1,0.9,25,2,6.416976010897202,0.0,8.97195690676443e-16,0.0,1.0,50,50,456
fixedN21,0.1,0.9,25,1,5.280874280835285,0.0,8.97195690676443e-16,0.0,1.0,50,50,456
fixedN21,0.1,0.9,20,12,5.062475700128829,0.20522274507895388,0.3533630377220292,0.040538020769903434,1.0,50,50,456
fixedN21,0.1,0.9,25,4,6.529621482585405,0.0,0.0,0.0,1.0,50,50,456
fixedN21,0.1,0.9,25,6,2.985609608125482,0.0,4.485978453382215e-16,0.0,1.0,50,50,456
fixedN21,0.1,0.9,25,5,3.9399632665366586,8.97195690676443e-16,4.485978453382215e-16,2.27716765355811e-16,1.0,50,50,456
fixedN21,0.1,0.9,25,3,13.318905310809313,0.0,0.0,0.0,1.0,50,50,456
fixedN21,0.1,0.9,20,14,5.918968683576731,0.15449560963880024,0.3057295446059462,0.02610177851886204,1.0,50,50,456
fixedN21,0.1,0.9,25,7,7.010277470873051,3.588782762705772e-15,0.0,5.119316286148128e-16,1.0,50,50,456
fixedN21,0.1,0.9,20,17,3.669866790524228,0.23350280378948726,0.12867080800714664,0.06362705163915014,0.0,50,50,456
fixedN21,0.1,0.9,25,9,7.398160815923177,0.0,0.0,0.0,1.0,50,50,456
fixedN21,0.1,0.9,20,19,4.463829403399404,0.048145568332434587,0.13007721468692857,0.010785709753103377,1.0,50,50,456
fixedN21,0.1,0.9,20,13,4.2328285591556085,0.1359133071392914,0.12007383905562839,0.032109334276086116,1.0,50,50,456
fixedN21,0.1,0.9,25,10,3.391162813902854,8.97195690676443e-16,0.0,2.6456874526878577e-16,0.0,50,50,456
fixedN21,0.1,0.9,20,18,5.982998387783513,0.2283341147954735,0.3237946056156181,0.03816382689684513,1.0,50,50,456
fixedN21,0.1,0.9,20,20,5.208033823165614,0.12523240508369382,0.1087557191563202,0.024046004564458347,1.0,50,50,456
fixedN21,0.1,0.9,20,16,5.910492719195563,0.07619629566141609,0.2027018008894006,0.012891699437164122,1.0,50,50,456
fixedN21,0.1,0.9,25,8,5.147682879814113,1.794391381352886e-15,0.0,3.485823472905314e-16,1.0,50,50,456
fixedN21,0.1,0.9,20,15,4.7826053386612,0.3102753069996711,0.17169313000128292,0.06487579154639735,0.94,50,50,456
fixedN21,0.1,0.9,20,22,5.336361399970466,0.18633130070156814,0.4857097074688856,0.03491729415151669,1.0,50,50,456
fixedN21,0.1,0.9,20,23,6.001838688610447,0.208031212402812,0.3893001659730255,0.03466124686049762,1.0,50,50,456
fixedN21,0.1,0.9,20,21,5.471907744983746,0.1203597660302509,0.1459644353609352,0.02199594211736997,1.0,50,50,456
fixedN21,0.1,0.9,20,24,4.888854472956744,0.19092049667076616,0.20484733953771747,0.03905219468627357,1.0,50,50,456
fixedN21,0.1,0.9,25,11,3.553693868997889,4.485978453382215e-16,4.485978453382215e-16,1.2623424016675983e-16,1.0,50,50,456
fixedN21,0.1,0.9,25,15,6.150604123191572,1.794391381352886e-15,8.97195690676443e-16,2.9174229805929525e-16,1.0,50,50,456
fixedN21,0.1,0.9,25,12,3.0355712684671436,0.0,4.485978453382215e-16,0.0,1.0,50,50,456
fixedN21,0.1,0.9,25,17,4.906632840073049,0.0,0.0,0.0,1.0,50,50,456
fixedN21,0.1,0.9,25,16,6.454764579124237,0.0,0.0,0.0,1.0,50,50,456
fixedN21,0.1,0.9,25,20,3.80356519473375,8.97195690676443e-16,0.0,2.3588282170597756e-16,1.0,50,50,456
fixedN21,0.1,0.9,25,19,5.668699482542429,1.794391381352886e-15,0.0,3.165437481522827e-16,1.0,50,50,456
fixedN21,0.1,0.9,25,14,6.489956372507257,8.97195690676443e-16,8.97195690676443e-16,1.3824371678015308e-16,1.0,50,50,456
fixedN21,0.1,0.9,25,13,5.2823156447609065,1.794391381352886e-15,0.0,3.3969787154476366e-16,0.0,50,50,456
fixedN21,0.1,0.9,25,22,5.598688589860237,3.588782762705772e-15,8.97195690676443e-16,6.410041753716044e-16,1.0,50,50,456
fixedN21,0.1,0.9,25,18,5.926149397417413,0.0,0.0,0.0,1.0,50,50,456
fixedN21,0.1,0.9,25,21,5.669969039111744,8.97195690676443e-16,8.97195690676443e-16,1.582364355938348e-16,1.0,50,50,456
fixedN21,0.1,0.9,25,24,4.898534011568144,3.588782762705772e-15,8.97195690676443e-16,7.32623832810117e-16,0.0,50,50,456
fixedN21,0.1,0.9,25,23,5.795073545746354,3.588782762705772e-15,8.97195690676443e-16,6.192816595640924e-16,1.0,50,50,456
fixedN21,0.1,0.9,30,0,9.163505058088852,3.588782762705772e-15,0.0,3.916386513627626e-16,1.0,50,50,456
fixedN21,0.1,0.9,30,1,5.309801005823638,3.588782762705772e-15,8.97195690676443e-16,6.758789564372936e-16,1.0,50,50,456
fixedN21,0.1,0.9,30,2,5.152417974185557,8.97195690676443e-16,0.0,1.7413099930392637e-16,1.0,50,50,456
fixedN21,0.1,0.9,30,9,6.621866733843426,0.0,0.0,0.0,1.0,50,50,456
fixedN21,0.1,0.9,30,4,5.088561920300435,0.0,0.0,0.0,1.0,50,50,456
fixedN21,0.1,0.9,30,3,5.141329070792075,8.97195690676443e-16,0.0,1.7450656791712044e-16,1.0,50,50,456
fixedN21,0.1,0.9,30,7,9.238148152692132,0.0,1.794391381352886e-15,0.0,1.0,50,50,456
fixedN21,0.1,0.9,30,6,11.351013648060643,3.588782762705772e-15,0.0,3.161640778503448e-16,1.0,50,50,456
fixedN21,0.1,0.9,30,12,6.413890864465044,1.794391381352886e-15,0.0,2.79766434956724e-16,1.0,50,50,456
fixedN21,0.1,0.9,30,8,5.685819537605035,1.794391381352886e-15,0.0,3.155906320074159e-16,1.0,50,50,456
fixedN21,0.1,0.9,30,5,7.722770759101572,3.588782762705772e-15,8.97195690676443e-16,4.647014490850007e-16,1.0,50,50,456
fixedN21,0.1,0.9,30,10,3.107216107684412,0.0,4.485978453382215e-16,0.0,1.0,50,50,456
fixedN21,0.1,0.9,30,13,6.418350156899541,0.0,0.0,0.0,1.0,50,50,456
fixedN21,0.1,0.9,30,11,6.580709595870793,8.97195690676443e-16,1.794391381352886e-15,1.3633722588813333e-16,1.0,50,50,456
fixedN21,0.1,0.9,30,15,3.777461010765792,0.0,4.485978453382215e-16,0.0,1.0,50,50,456
fixedN21,0.1,0.9,30,14,5.310520040676521,0.0,8.97195690676443e-16,0.0,1.0,50,50,456
fixedN21,0.1,0.9,30,17,7.000273848110307,1.794391381352886e-15,0.0,2.5633159791845484e-16,1.0,50,50,456
fixedN21,0.1,0.9,30,16,5.5647277217632345,0.0,8.97195690676443e-16,0.0,1.0,50,50,456
fixedN21,0.1,0.9,30,23,5.299602618526592,0.0,0.0,0.0,1.0,50,50,456
fixedN21,0.1,0.9,30,20,5.9253872375512495,3.588782762705772e-15,8.97195690676443e-16,6.056621481145404e-16,1.0,50,50,456
fixedN21,0.1,0.9,30,18,6.944010337917498,1.794391381352886e-15,8.97195690676443e-16,2.5840851237716076e-16,1.0,50,50,456
fixedN21,0.1,0.9,30,19,3.2400355195196626,4.485978453382215e-16,0.0,1.384546072521842e-16,1.0,50,50,456
fixedN21,0.1,0.9,30,24,4.74320123483143,0.0,0.0,0.0,1.0,50,50,456
fixedN21,0.1,0.9,35,1,7.78164557635001,1.794391381352886e-15,0.0,2.3059279219891527e-16,1.0,50,50,456
fixedN21,0.1,0.9,30,21,6.047312873903836,0.0,8.97195690676443e-16,0.0,1.0,50,50,456
fixedN21,0.1,0.9,30,22,5.43806517916262,0.0,8.97195690676443e-16,0.0,1.0,50,50,456
fixedN21,0.1,0.9,35,2,5.309395545372869,1.794391381352886e-15,0.0,3.379652855053709e-16,1.0,50,50,456
fixedN21,0.1,0.9,35,0,5.3281403549214135,0.0,0.0,0.0,1.0,50,50,456
fixedN21,0.1,0.9,35,3,6.289304537228518,3.588782762705772e-15,8.97195690676443e-16,5.706167894180596e-16,1.0,50,50,456
fixedN21,0.1,0.9,35,6,4.805802419101597,0.0,8.97195690676443e-16,0.0,1.0,50,50,456
fixedN21,0.1,0.9,35,4,4.9503146309249075,0.0,0.0,0.0,1.0,50,50,456
fixedN21,0.1,0.9,35,5,6.81784116057531,0.0,8.97195690676443e-16,0.0,1.0,50,50,456
fixedN21,0.1,0.9,35,8,4.7466561125964395,8.97195690676443e-16,8.97195690676443e-16,1.890163663416673e-16,1.0,50,50,456
fixedN21,0.1,0.9,35,7,3.9252027197084454,0.0,8.97195690676443e-16,0.0,0.0,50,50,456
fixedN21,0.1,0.9,35,11,6.112981774430138,0.0,8.97195690676443e-16,0.0,1.0,50,50,456
fixedN21,0.1,0.9,35,9,7.990301595529835,3.588782762705772e-15,8.97195690676443e-16,4.491423408490003e-16,1.0,50,50,456
fixedN21,0.1,0.9,35,10,4.548379029856413,0.0,0.0,0.0,1.0,50,50,456
fixedN21,0.1,0.9,35,16,4.791516686951464,8.97195690676443e-16,0.0,1.8724670063650999e-16,1.0,50,50,456
fixedN21,0.1,0.9,35,12,5.307503997326659,1.794391381352886e-15,0.0,3.380857333798909e-16,0.0,50,50,456
fixedN21,0.1,0.9,35,15,4.118185205992267,0.0,0.0,0.0,1.0,50,50,456
fixedN21,0.1,0.9,35,14,5.6763810365397225,8.97195690676443e-16,8.97195690676443e-16,1.5805769290346414e-16,1.0,50,50,456
fixedN21,0.1,0.9,35,17,6.4474719156856075,0.0,0.0,0.0,1.0,50,50,456
fixedN21,0.1,0.9,35,13,5.450751053732308,0.0,8.97195690676443e-16,0.0,1.0,50,50,456
fixedN21,0.1,0.9,35,18,6.931294245544182,3.588782762705772e-15,1.794391381352886e-15,5.177651727904697e-16,1.0,50,50,456
fixedN21,0.1,0.9,35,21,4.283757857469812,8.97195690676443e-16,0.0,2.094412710821075e-16,1.0,50,50,456
fixedN21,0.1,0.9,35,19,7.1410444030137725,0.0,0.0,0.0,1.0,50,50,456
fixedN21,0.1,0.9,35,22,4.609022673328063,1.794391381352886e-15,0.0,3.893214480668197e-16,1.0,50,50,456
fixedN21,0.1,0.9,35,24,7.0452540369522465,1.794391381352886e-15,8.97195690676443e-16,2.546950574019519e-16,0.0,50,50,456
fixedN21,0.1,0.9,35,20,5.169971294412277,8.97195690676443e-16,8.97195690676443e-16,1.735397818641924e-16,1.0,50,50,456
fixedN21,0.1,0.9,35,23,4.929395889879005,4.485978453382215e-16,0.0,9.100462924052801e-17,1.0,50,50,456
fixedN21,0.125,0.875,0,0,11.670477235078618,0.5166689405337812,2.3330543802937025,0.04427144924123582,0.92,50,50,456
fixedN21,0.125,0.875,0,1,10.269254716687605,0.5671899933361538,1.198350958256968,0.05523185557121944,1.0,50,50,456
fixedN21,0.125,0.875,0,4,9.790043542578157,1.3566064815263617,1.3587794223347212,0.13857001510016842,1.0,50,50,456
fixedN21,0.125,0.875,0,2,9.631161321498148,0.7686755154263352,1.283499951778647,0.07981130102249871,1.0,50,50,456
fixedN21,0.125,0.875,0,3,6.71774454870194,0.29464446644012043,0.18797787213882775,0.043860623800744875,1.0,50,50,456
fixedN21,0.125,0.875,0,9,8.393517169208868,0.9598979647741496,1.4988383163060817,0.11436182775624498,1.0,50,50,456
fixedN21,0.125,0.875,0,6,10.898324955511523,0.2346396801960667,0.32794872109553896,0.02152988474411421,1.0,50,50,456
fixedN21,0.125,0.875,0,12,10.324687024744202,0.7561805041463808,0.33683177038830814,0.07324004130431407,1.0,50,50,456
fixedN21,0.125,0.875,0,8,12.189087170702889,0.6652161015501545,1.2886980338629495,0.05457472673991834,1.0,50,50,456
fixedN21,0.125,0.875,0,5,9.209245744229213,0.8994658369730422,0.9580289258699092,0.09766987025367134,1.0,50,50,456
fixedN21,0.125,0.875,0,7,7.961028725418547,0.5170781804755619,0.764496413075998,0.06495117632531551,1.0,50,50,456
fixedN21,0.125,0.875,0,13,9.325279655529346,1.1840311211631969,0.53308000781153,0.12697003895868533,1.0,50,50,456
fixedN21,0.125,0.875,0,10,10.092740176769396,0.3432260011840887,1.3529404104826268,0.03400721659060409,1.0,50,50,456
fixedN21,0.125,0.875,0,15,11.035080790482915,1.8557640014488315,0.39741376748179086,0.16816949840995407,1.0,50,50,456
fixedN21,0.125,0.875,0,14,10.96072133005574,2.436608426146159,1.8571211309303812,0.2223036561895482,1.0,50,50,456
fixedN21,0.125,0.875,0,11,6.024940479603603,0.19762341985371598,0.23940650653996567,0.03280089164743386,1.0,50,50,456
fixedN21,0.125,0.875,0,16,8.914895826616325,0.3122272664804395,0.16363377818737213,0.03502309758328901,1.0,50,50,456
fixedN21,0.125,0.875,0,17,7.594764424715869,0.5187371530172343,0.2293307640576893,0.06830194118057072,0.0,50,50,456
fixedN21,0.125,0.875,0,18,12.297914899063128,1.1272528565906739,1.0095555125655877,0.09166211230462731,1.0,50,50,456
fixedN21,0.125,0.875,0,19,11.255256623091638,0.8789021640786087,0.8494934180324688,0.07808814969846403,1.0,50,50,456
fixedN21,0.125,0.875,0,21,8.355450630134115,1.1282812696846185,0.6121227952868536,0.13503535831035224,0.82,50,50,456
fixedN21,0.125,0.875,0,20,12.19515334501314,0.6446933850055815,2.2381119163968908,0.05286472148127686,1.0,50,50,456
fixedN21,0.125,0.875,5,0,7.184338824789701,0.7858188687386798,0.4932386510083712,0.10937942765549928,1.0,50,50,456
fixedN21,0.125,0.875,0,22,10.38087827284412,1.0429797661323474,1.0000255818211763,0.10047124517977757,1.0,50,50,456
fixedN21,0.125,0.875,5,3,8.044136296616191,0.783173498389591,0.8804726543224065,0.09735955104577693,0.26,50,50,456
fixedN21,0.125,0.875,5,2,8.794968163026235,0.9701425731656176,2.049166290462298,0.1103065474692752,1.0,50,50,456
fixedN21,0.125,0.875,0,23,13.078341536742649,0.580921686455339,3.8113071851486096,0.04441860497550717,1.0,50,50,456
fixedN21,0.125,0.875,5,6,7.670439309612678,0.23439442752986883,0.2871608758622231,0.030558149027543075,1.0,50,50,456
fixedN21,0.125,0.875,0,24,8.90814778248687,0.5331803097226976,0.7364757997289462,0.059853105577223675,1.0,50,50,456
fixedN21,0.125,0.875,5,1,8.005183124143494,0.26539436449365666,0.8876571255672232,0.03315281616646992,1.0,50,50,456
fixedN21,0.125,0.875,5,4,6.81037090844756,0.1960269983453525,0.2850983258256107,0.02878360091991485,1.0,50,50,456
fixedN21,0.125,0.875,5,5,5.78911841802979,0.3667228071935328,0.22604478559306523,0.06334691756371767,0.08,50,50,456
fixedN21,0.125,0.875,5,7,8.785643907362585,0.8716931334297771,1.4651335372099041,0.09921789940738172,1.0,50,50,456
fixedN21,0.125,0.875,5,8,7.311278588529205,0.16241841873258758,0.5663374967583523,0.022214776357641294,1.0,50,50,456
fixedN21,0.125,0.875,5,9,7.712684651572868,0.39732050490863213,0.8873087998019066,0.05151520162666128,0.52,50,50,456
fixedN21,0.125,0.875,5,10,7.352127248351837,0.5729924720528232,0.3850105470565107,0.0779356032203161,1.0,50,50,456
fixedN21,0.125,0.875,5,11,7.028654479904889,0.5552985621348195,1.0427676427494768,0.07900495944457549,1.0,50,50,456
fixedN21,0.125,0.875,5,14,6.288422167217522,0.15065239638279757,0.2150319360246719,0.023957105992051687,1.0,50,50,456
fixedN21,0.125,0.875,5,12,7.51267143856237,0.2044740335403076,0.5116510414717923,0.027217220294068378,1.0,50,50,456
fixedN21,0.125,0.875,5,13,7.509782574922065,1.183361722749235,0.8338670725169631,0.15757602979091784,1.0,50,50,456
fixedN21,0.125,0.875,5,16,6.235619638378535,0.1310002990588677,0.13024111075127506,0.021008385157522545,1.0,50,50,456
fixedN21,0.125,0.875,5,15,7.154737016154041,0.1556905889467664,0.15600576073121522,0.02176049079026197,1.0,50,50,456
fixedN21,0.125,0.875,5,18,8.025991647298902,1.5323412339254523,1.7921090859504347,0.19092235592360132,1.0,50,50,456
fixedN21,0.125,0.875,5,19,6.0726516479627435,0.23229884902302794,0.4621325392455715,0.038253280854823886,1.0,50,50,456
fixedN21,0.125,0.875,5,21,7.121641742587115,0.21765146668009835,0.4788665451445618,0.030561979182209046,1.0,50,50,456
fixedN21,0.125,0.875,5,20,8.005180512112704,0.6570370178888549,0.748914738867532,0.0820764774628988,1.0,50,50,456
fixedN21,0.125,0.875,5,17,7.153278071186358,0.7936209048106783,1.0806649111772448,0.1109450655927119,1.0,50,50,456
fixedN21,0.125,0.875,5,22,7.595355594122221,0.7193706035681582,0.627177218763099,0.09471190580265311,1.0,50,50,456
fixedN21,0.125,0.875,5,23,7.531796910147367,0.19009879382911715,0.24093780071074059,0.025239500758843174,1.0,50,50,456
fixedN21,0.125,0.875,5,24,7.122519370766833,0.5911977417623963,0.2217123464835199,0.08300402020510701,1.0,50,50,456
fixedN21,0.125,0.875,10,0,6.3652999581919065,0.27717135193821046,0.5104096030484333,0.04354411477207781,0.92,50,50,456
fixedN21,0.125,0.875,10,1,5.801259859317802,0.3355150691883232,0.29745649224688897,0.05783486299953094,1.0,50,50,456
fixedN21,0.125,0.875,10,2,6.412015038757338,0.3537800909559635,0.2935348317992052,0.055174557267496184,1.0,50,50,456
fixedN21,0.125,0.875,10,3,5.927366109365798,0.6226172004463958,0.2823575308218137,0.10504112433051871,1.0,50,50,456
fixedN21,0.125,0.875,10,5,6.291537840103616,0.24484671798106553,0.2838092231494561,0.03891683149711981,1.0,50,50,456
fixedN21,0.125,0.875,10,4,6.729078205832759,0.20497842288455856,0.5443859188428396,0.030461590222994203,1.0,50,50,456
fixedN21,0.125,0.875,10,7,5.779431659684277,0.44039128336078576,0.2395065426328305,0.07619975618586064,1.0,50,50,456
fixedN21,0.125,0.875,10,6,5.644790039508478,0.5217063604616168,0.5166069931486738,0.09242263340357024,1.0,50,50,456
fixedN21,0.125,0.875,10,9,5.985204319138962,0.09522497903919702,0.34738233010877245,0.015910063209487256,1.0,50,50,456
fixedN21,0.125,0.875,10,11,5.831737842810242,0.3451048990095192,0.5547860149343191,0.059177025495922735,1.0,50,50,456
fixedN21,0.125,0.875,10,12,6.297230382919374,0.22899908211840672,0.2846516200029184,0.03636504751986595,1.0,50,50,456
fixedN21,0.125,0.875,10,8,5.974924953033177,0.4045680428529419,0.37888607567589644,0.06771098315595787,0.54,50,50,456
fixedN21,0.125,0.875,10,10,5.928120032026303,0.20166917245988536,0.4850059460088725,0.03401907710545334,1.0,50,50,456
fixedN21,0.125,0.875,10,13,6.072621702640516,0.3394804932360139,0.3713871294994967,0.055903448273156874,1.0,50,50,456
fixedN21,0.125,0.875,10,14,6.235017884910206,0.18729779545031733,0.33618821006535066,0.03003965648656912,1.0,50,50,456
fixedN21,0.125,0.875,10,15,5.868097857919716,0.2063669005067863,0.2981492883817492,0.03516759698004506,1.0,50,50,456
fixedN21,0.125,0.875,10,16,5.970853450070238,0.1933415926839018,0.11312153525842944,0.032380897354234585,1.0,50,50,456
fixedN21,0.125,0.875,10,17,7.328883768252937,1.5340012660569287,1.3922006883232074,0.2093089909137152,0.16,50,50,456
fixedN21,0.125,0.875,10,18,5.650579965296033,0.1786296284434115,0.22095687016510873,0.031612618446335554,1.0,50,50,456
fixedN21,0.125,0.875,10,19,5.219521598278512,0.3217545021472314,0.18926128146774995,0.06164444309481381,1.0,50,50,456
fixedN21,0.125,0.875,10,21,6.570308707631948,0.29263441950027147,0.4506466235427562,0.04453891476367811,1.0,50,50,456
fixedN21,0.125,0.875,10,23,7.09282419739487,0.4296594708081523,0.3879345107554142,0.06057664180735826,1.0,50,50,456
fixedN21,0.125,0.875,15,0,4.938528698774576,0.10881623203245214,0.22130359564649657,0.022034139856158638,1.0,50,50,456
fixedN21,0.125,0.875,15,1,4.847935880338364,0.20130523094215705,0.11408451764174009,0.04152390541273142,1.0,50,50,456
fixedN21,0.125,0.875,10,20,7.286696086338506,0.20893576293378494,0.41484775941129054,0.028673593691592142,1.0,50,50,456
fixedN21,0.125,0.875,10,22,6.372237626136487,0.2674883618054249,0.27294118624070157,0.04197714798147039,1.0,50,50,456
fixedN21,0.125,0.875,10,24,5.748385611694452,0.16428354437247064,0.4488263927467211,0.028579075147334237,1.0,50,50,456
fixedN21,0.125,0.875,15,3,5.092375532550177,0.16902582405284802,0.25857391013684117,0.033191940180460865,1.0,50,50,456
fixedN21,0.125,0.875,15,4,5.7580928970833645,0.505939622673499,0.5014586517720643,0.08786583191976143,1.0,50,50,456
fixedN21,0.125,0.875,15,2,5.024278029888039,0.32704756709466687,0.31169123636430823,0.06509344529684691,1.0,50,50,456
fixedN21,0.125,0.875,15,5,6.657905452175046,0.2398708044471156,0.5591652560549264,0.036027967980343294,1.0,50,50,456
fixedN21,0.125,0.875,15,6,7.990241897143394,0.5685760593497219,1.7097371414189568,0.07115880428513617,1.0,50,50,456
fixedN21,0.125,0.875,15,8,4.899986222497565,0.3054763427952808,0.5024898217451075,0.0623422860645467,1.0,50,50,456
fixedN21,0.125,0.875,15,9,4.608215826219761,0.19322050765357285,0.18957262662496918,0.041929569911675915,1.0,50,50,456
fixedN21,0.125,0.875,15,7,5.2836422316563665,0.2205399125751456,0.15288858663290084,0.0417401298017123,1.0,50,50,456
fixedN21,0.125,0.875,15,11,5.074859759586975,0.22411830384204381,0.15917794373547853,0.044162462503256256,1.0,50,50,456
fixedN21,0.125,0.875,15,16,4.603495062538699,0.16569126098574624,0.14041287942028563,0.035992492385637995,1.0,50,50,456
fixedN21,0.125,0.875,15,13,5.688238038181554,0.16802038401724895,0.1571620283731422,0.029538212516676356,1.0,50,50,456
fixedN21,0.125,0.875,15,15,4.829183784895283,0.11129825241406671,0.1349258480247643,0.02304701112477543,1.0,50,50,456
fixedN21,0.125,0.875,15,10,4.401494809353505,0.1571016404371286,0.1408574038896829,0.03569279239027521,1.0,50,50,456
fixedN21,0.125,0.875,15,14,4.8192879897424135,0.19676507595032577,0.21346678261527402,0.0408286610738203,1.0,50,50,456
fixedN21,0.125,0.875,15,17,5.079669149856574,0.12953833107704213,0.29390752452394825,0.025501332322145367,1.0,50,50,456
fixedN21,0.125,0.875,15,12,6.150704205847584,0.6463146950610671,0.4068978555965898,0.10507978817232086,1.0,50,50,456
fixedN21,0.125,0.875,15,18,5.074740594793428,0.10261709858739,0.1272442600229979,0.02022115153879449,1.0,50,50,456
fixedN21,0.125,0.875,15,19,6.523346609825447,0.16530757150211764,0.20958637136861222,0.025340914930556017,1.0,50,50,456
fixedN21,0.125,0.875,15,20,5.162453463947133,0.1528450120391682,0.11726985990376762,0.029607048878326398,1.0,50,50,456
fixedN21,0.125,0.875,15,21,4.901110122624122,0.110427295658303,0.2868684532610399,0.022531078244611796,0.66,50,50,456
fixedN21,0.125,0.875,15,22,5.780200568807086,0.30972372659340713,0.058414692423601325,0.05358356045027824,1.0,50,50,456
fixedN21,0.125,0.875,20,0,4.744859257386384,0.2639018938513757,0.2796928636587674,0.05561848719549609,1.0,50,50,456
fixedN21,0.125,0.875,15,23,4.815982324754136,0.39697114368371583,0.06512051640872593,0.08242786557651702,1.0,50,50,456
fixedN21,0.125,0.875,20,5,4.8833021967788515,0.34433753747569545,0.12156903293659897,0.070513255907617,1.0,50,50,456
fixedN21,0.125,0.875,20,7,4.923746923220655,0.14913758554169274,0.16842075047998994,0.03028944985745548,1.0,50,50,456
fixedN21,0.125,0.875,20,1,5.229273684435885,0.249219020010761,0.2673416083567793,0.047658438829186245,1.0,50,50,456
fixedN21,0.125,0.875,20,3,4.869740496724651,0.19726956755740938,0.16026400053486278,0.04050925664110672,1.0,50,50,456
fixedN21,0.125,0.875,15,24,6.1030911939599415,0.731219426080355,0.5702595955190792,0.11981132230238054,1.0,50,50,456
fixedN21,0.125,0.875,20,2,4.76520315821973,0.44017138592596033,0.6629239895819835,0.09237200835114183,1.0,50,50,456
fixedN21,0.125,0.875,20,10,4.25723518367083,0.08214489805335187,0.15613843107871897,0.019295362954912413,1.0,50,50,456
fixedN21,0.125,0.875,20,6,4.373347691406584,0.11360310512744012,0.10466481252232608,0.02597623448752193,1.0,50,50,456
fixedN21,0.125,0.875,20,4,4.349495936099169,0.06413330790717792,0.05609571073055393,0.01474499777661493,1.0,50,50,456
fixedN21,0.125,0.875,20,8,4.562549441488628,0.6175525216575884,0.186917661937109,0.13535251060339173,1.0,50,50,456
fixedN21,0.125,0.875,20,11,4.401831475345073,0.08150543015164445,0.07249930792084242,0.018516254111081112,1.0,50,50,456
fixedN21,0.125,0.875,20,9,4.7479815825623835,0.14687522526333188,0.1489068630424695,0.03093424494373596,1.0,50,50,456
fixedN21,0.125,0.875,25,0,3.9661458961902474,8.97195690676443e-16,8.97195690676443e-16,2.262134863818954e-16,1.0,50,50,456
fixedN21,0.125,0.875,25,2,4.901173061491944,0.0,0.0,0.0,1.0,50,50,456
fixedN21,0.125,0.875,25,1,4.128460125543979,8.97195690676443e-16,0.0,2.1731969387937968e-16,1.0,50,50,456
fixedN21,0.125,0.875,25,4,7.668232686830433,3.588782762705772e-15,8.97195690676443e-16,4.680065028372462e-16,1.0,50,50,456
fixedN21,0.125,0.875,25,3,3.8315048419946858,1.794391381352886e-15,4.485978453382215e-16,4.683254896837671e-16,1.0,50,50,456
fixedN21,0.125,0.875,20,14,4.793233963805638,0.1488817832607607,0.20984954197771286,0.031060821229463725,1.0,50,50,456
fixedN21,0.125,0.875,20,12,4.1809286072362735,0.20591865924738698,0.18959115867018278,0.04925189559347815,1.0,50,50,456
fixedN21,0.125,0.875,20,15,4.486915676396608,0.11256346161842462,0.15255490603552202,0.02508704636696518,1.0,50,50,456
fixedN21,0.125,0.875,20,13,4.74594257166487,0.08352717832098315,0.11142916495884209,0.01759970270598574,1.0,50,50,456
fixedN21,0.125,0.875,25,5,6.564412780250657,0.0,8.97195690676443e-16,0.0,1.0,50,50,456
fixedN21,0.125,0.875,20,16,4.717972283890649,0.20600830040099283,0.16925099691177223,0.043664584699745046,1.0,50,50,456
fixedN21,0.125,0.875,25,7,6.521357055396124,3.588782762705772e-15,8.97195690676443e-16,5.503122635703896e-16,1.0,50,50,456
fixedN21,0.125,0.875,25,6,3.6583523848510775,0.0,4.485978453382215e-16,0.0,1.0,50,50,456
fixedN21,0.125,0.875,25,8,7.604595126147046,0.0,0.0,0.0,1.0,50,50,456
fixedN21,0.125,0.875,25,11,4.468645769061702,0.0,0.0,0.0,0.0,50,50,456
fixedN21,0.125,0.875,20,20,5.084551353505765,0.12205645122885733,0.22669486243243553,0.0240053532244689,0.0,50,50,456
fixedN21,0.125,0.875,25,12,5.3517198543454905,0.0,8.97195690676443e-16,0.0,0.0,50,50,456
fixedN21,0.125,0.875,25,9,5.261769329665541,0.0,8.97195690676443e-16,0.0,1.0,50,50,456
fixedN21,0.125,0.875,20,21,4.985639637965223,0.09646830292449743,0.18999297741635848,0.019349232983045844,0.0,50,50,456
fixedN21,0.125,0.875,20,18,4.629148081245602,0.07474599603834958,0.06495717436107601,0.01614681464634354,1.0,50,50,456
fixedN21,0.125,0.875,20,17,5.026806900549553,0.07426979473426826,0.14473100241084022,0.014774745917960118,0.44,50,50,456
fixedN21,0.125,0.875,25,10,6.335986264491737,0.0,0.0,0.0,1.0,50,50,456
fixedN21,0.125,0.875,20,19,4.467393504821163,0.20131526698413837,0.27175162321635066,0.04506324924519882,1.0,50,50,456
fixedN21,0.125,0.875,20,23,5.124759251859427,0.11174892968081752,0.15568474269737204,0.02180569353385165,1.0,50,50,456
fixedN21,0.125,0.875,25,13,7.993112653876088,1.794391381352886e-15,0.0,2.2449219209774733e-16,1.0,50,50,456
fixedN21,0.125,0.875,25,15,9.581600908577885,0.0,1.794391381352886e-15,0.0,1.0,50,50,456
fixedN21,0.125,0.875,25,19,5.332958792254728,1.794391381352886e-15,8.97195690676443e-16,3.3647201323943345e-16,1.0,50,50,456
fixedN21,0.125,0.875,25,20,3.9772839115092826,0.0,4.485978453382215e-16,0.0,0.0,50,50,456
fixedN21,0.125,0.875,25,16,5.418463510332169,0.0,0.0,0.0,1.0,50,50,456
fixedN21,0.125,0.875,20,22,5.156050485655336,0.08593745093526446,0.2507012502851172,0.01666730207051915,1.0,50,50,456
fixedN21,0.125,0.875,25,14,5.644612893590838,3.588782762705772e-15,8.97195690676443e-16,6.357889956954615e-16,1.0,50,50,456
fixedN21,0.125,0.875,25,18,5.340279309648422,3.588782762705772e-15,8.97195690676443e-16,6.720215469295443e-16,1.0,50,50,456
fixedN21,0.125,0.875,20,24,4.798971128119767,0.09817744120936588,0.09598034119461962,0.02045801872699153,1.0,50,50,456
fixedN21,0.125,0.875,25,17,4.713666260012132,0.0,8.97195690676443e-16,0.0,1.0,50,50,456
fixedN21,0.125,0.875,25,21,6.1390855308261765,0.0,8.97195690676443e-16,0.0,1.0,50,50,456
fixedN21,0.125,0.875,25,24,5.260503706879717,0.0,0.0,0.0,1.0,50,50,456
fixedN21,0.125,0.875,30,0,3.680887856592649,4.485978453382215e-16,4.485978453382215e-16,1.2187218486832218e-16,1.0,50,50,456
fixedN21,0.125,0.875,25,23,7.191136704319489,1.794391381352886e-15,0.0,2.495281977152585e-16,1.0,50,50,456
fixedN21,0.125,0.875,25,22,3.115871925356258,0.0,0.0,0.0,0.0,50,50,456
fixedN21,0.125,0.875,30,7,5.524943107849644,3.588782762705772e-15,0.0,6.495601298784337e-16,0.0,50,50,456
fixedN21,0.125,0.875,30,1,3.3282350916310564,8.97195690676443e-16,4.485978453382215e-16,2.695710086503407e-16,1.0,50,50,456
fixedN21,0.125,0.875,30,10,4.06443018000089,1.794391381352886e-15,0.0,4.414865803777918e-16,1.0,50,50,456
fixedN21,0.125,0.875,30,8,4.475690075619749,1.794391381352886e-15,0.0,4.0091948974023107e-16,1.0,50,50,456
fixedN21,0.125,0.875,30,6,4.304324990652365,0.0,8.97195690676443e-16,0.0,1.0,50,50,456
fixedN21,0.125,0.875,30,9,4.839413728890332,1.794391381352886e-15,0.0,3.7078693450835345e-16,1.0,50,50,456
fixedN21,0.125,0.875,30,3,5.303880176783239,3.588782762705772e-15,8.97195690676443e-16,6.766334538278238e-16,1.0,50,50,456
fixedN21,0.125,0.875,30,2,6.502584086930434,0.0,8.97195690676443e-16,0.0,1.0,50,50,456
fixedN21,0.125,0.875,30,11,3.8076978208218644,0.0,4.485978453382215e-16,0.0,1.0,50,50,456
fixedN21,0.125,0.875,30,12,3.306320777900751,0.0,4.485978453382215e-16,0.0,1.0,50,50,456
fixedN21,0.125,0.875,30,5,4.427376879101807,0.0,8.97195690676443e-16,0.0,1.0,50,50,456
fixedN21,0.125,0.875,30,4,3.4177908643967965,8.97195690676443e-16,4.485978453382215e-16,2.625074869333143e-16,1.0,50,50,456
fixedN21,0.125,0.875,30,15,3.8000595138785025,0.0,4.485978453382215e-16,0.0,1.0,50,50,456
fixedN21,0.125,0.875,30,13,3.855402168486775,0.0,4.485978453382215e-16,0.0,1.0,50,50,456
fixedN21,0.125,0.875,30,14,3.4073748976447615,0.0,4.485978453382215e-16,0.0,1.0,50,50,456
fixedN21,0.125,0.875,30,18,4.416506600716546,3.588782762705772e-15,8.97195690676443e-16,8.125840369226478e-16,1.0,50,50,456
fixedN21,0.125,0.875,30,16,3.460004143177548,0.0,4.485978453382215e-16,0.0,1.0,50,50,456
fixedN21,0.125,0.875,30,20,6.265932147294349,7.177565525411544e-15,8.97195690676443e-16,1.1454904644173078e-15,1.0,50,50,456
fixedN21,0.125,0.875,30,17,4.018420926162815,0.0,8.97195690676443e-16,0.0,1.0,50,50,456
fixedN21,0.125,0.875,30,23,3.2217833866890477,0.0,4.485978453382215e-16,0.0,0.0,50,50,456
fixedN21,0.125,0.875,30,24,6.3131264585842395,3.588782762705772e-15,0.0,5.684636267385304e-16,1.0,50,50,456
fixedN21,0.125,0.875,30,19,3.474879128789141,1.794391381352886e-15,4.485978453382215e-16,5.163895821545196e-16,1.0,50,50,456
fixedN21,0.125,0.875,30,22,7.177666355696083,0.0,0.0,0.0,1.0,50,50,456
fixedN21,0.125,0.875,35,4,4.8021408518572075,0.0,0.0,0.0,1.0,50,50,456
fixedN21,0.125,0.875,30,21,5.374869750469215,0.0,8.97195690676443e-16,0.0,1.0,50,50,456
fixedN21,0.125,0.875,35,7,3.8155755220037677,0.0,4.485978453382215e-16,0.0,1.0,50,50,456
fixedN21,0.125,0.875,35,0,2.995937232517928,8.97195690676443e-16,4.485978453382215e-16,2.994707902883523e-16,0.0,50,50,456
fixedN21,0.125,0.875,35,1,4.159124476344832,0.0,0.0,0.0,1.0,50,50,456
fixedN21,0.125,0.875,35,2,4.942309714567163,3.588782762705772e-15,0.0,7.261347365844049e-16,1.0,50,50,456
fixedN21,0.125,0.875,35,3,6.4820236598065435,0.0,0.0,0.0,1.0,50,50,456
fixedN21,0.125,0.875,35,5,5.547006561764441,3.588782762705772e-15,1.794391381352886e-15,6.469764769061712e-16,1.0,50,50,456
fixedN21,0.125,0.875,35,15,3.9064860631394414,0.0,0.0,0.0,1.0,50,50,456
fixedN21,0.125,0.875,35,6,5.020664558981175,3.588782762705772e-15,8.97195690676443e-16,7.148023375284069e-16,1.0,50,50,456
fixedN21,0.125,0.875,35,8,6.388167339380369,1.794391381352886e-15,8.97195690676443e-16,2.808929832334254e-16,1.0,50,50,456
fixedN21,0.125,0.875,35,9,4.278194464525029,0.0,0.0,0.0,1.0,50,50,456
fixedN21,0.125,0.875,35,10,3.9112405547210396,0.0,4.485978453382215e-16,0.0,1.0,50,50,456
fixedN21,0.125,0.875,35,16,4.253352176310175,0.0,0.0,0.0,1.0,50,50,456
fixedN21,0.125,0.875,35,13,5.090964921783589,0.0,8.97195690676443e-16,0.0,1.0,50,50,456
fixedN21,0.125,0.875,35,19,8.21033132704725,1.794391381352886e-15,0.0,2.185528585724223e-16,1.0,50,50,456
fixedN21,0.125,0.875,35,21,5.809806987356415,3.588782762705772e-15,0.0,6.177111856755061e-16,1.0,50,50,456
fixedN21,0.125,0.875,35,14,6.0642048414539635,7.177565525411544e-15,8.97195690676443e-16,1.1835954940616154e-15,1.0,50,50,456
fixedN21,0.125,0.875,35,18,4.126149390379632,0.0,8.97195690676443e-16,0.0,1.0,50,50,456
fixedN21,0.125,0.875,35,17,4.840046346612546,0.0,0.0,0.0,0.0,50,50,456
fixedN21,0.125,0.875,35,22,3.3399705039480394,1.794391381352886e-15,4.485978453382215e-16,5.372476730653192e-16,1.0,50,50,456
fixedN21,0.125,0.875,35,20,5.97671073493815,0.0,8.97195690676443e-16,0.0,1.0,50,50,456
fixedN21,0.125,0.875,35,24,3.004788904403783,1.794391381352886e-15,4.485978453382215e-16,5.971771856329232e-16,1.0,50,50,456
fixedN21,0.125,0.875,35,12,3.800476334772977,8.97195690676443e-16,0.0,2.360745368856605e-16,0.0,50,50,456
fixedN21,0.125,0.875,35,11,5.318409402029418,3.588782762705772e-15,8.97195690676443e-16,6.747849763758975e-16,1.0,50,50,456
fixedN21,0.125,0.875,35,23,8.30505197496129,0.0,1.794391381352886e-15,0.0,1.0,50,50,456
fixedN21,0.15,0.85,0,0,8.607684496307947,2.1460032734683847,1.117050984950995,0.2493124921561495,1.0,50,50,456
fixedN21,0.15,0.85,0,3,8.362331730214784,0.31353588152255824,1.0416990778463944,0.03749383445166258,0.0,50,50,456
fixedN21,0.15,0.85,0,2,8.526909211618433,1.556968778698322,1.6116802177693625,0.1825947409615734,0.88,50,50,456
fixedN21,0.15,0.85,0,1,10.517734173804545,0.7941380619901957,1.1029506333417152,0.07550467133577828,1.0,50,50,456
fixedN21,0.15,0.85,0,5,10.653190707394948,3.1863215911731886,2.3722303502405855,0.2990955178302959,1.0,50,50,456
fixedN21,0.15,0.85,0,4,8.960358887387226,0.7840331049716082,1.0368780662046573,0.08750018998404498,1.0,50,50,456
fixedN21,0.15,0.85,0,6,8.836656865122706,0.6848382770708672,1.026866718328093,0.07749970237883143,1.0,50,50,456
fixedN21,0.15,0.85,0,10,11.234074761474288,2.2189624065124787,2.490856891273695,0.1975207085252899,1.0,50,50,456
fixedN21,0.15,0.85,0,7,9.642298550567583,0.8119737486209124,0.9518314982812284,0.08420956314126123,1.0,50,50,456
fixedN21,0.15,0.85,0,8,9.969490204304252,1.2986655559561309,0.7407034561022687,0.13026398836275918,0.6,50,50,456
fixedN21,0.15,0.85,0,9,8.619608717268989,0.6326115882136611,0.48991392977715675,0.07339214678576453,1.0,50,50,456
fixedN21,0.15,0.85,0,13,8.220263393630693,0.465224129838318,0.6176717135749261,0.056594796001158264,1.0,50,50,456
fixedN21,0.15,0.85,0,14,10.775793797605383,0.7764722351489523,1.1590473866387134,0.07205707994537733,1.0,50,50,456
fixedN21,0.15,0.85,0,12,11.927944730778915,1.4005998503705943,1.9699108253401427,0.11742172536702665,0.86,50,50,456
fixedN21,0.15,0.85,0,11,7.11929534138287,0.5494255000735677,0.1852281065971125,0.07717414065966337,1.0,50,50,456
fixedN21,0.15,0.85,0,16,12.614979747987523,2.4341523618788865,2.460639722998825,0.1929572944631329,1.0,50,50,456
fixedN21,0.15,0.85,0,15,7.644903033420983,0.49443593005805575,0.3608627086023187,0.06467523890055188,1.0,50,50,456
fixedN21,0.15,0.85,0,17,7.056329952236024,0.1879046909869,0.678244272729521,0.026629238181720284,1.0,50,50,456
fixedN21,0.15,0.85,0,18,8.683330632612368,0.49220493596786064,0.9512227896052425,0.05668388741518892,1.0,50,50,456
fixedN21,0.15,0.85,0,19,9.420533871536911,0.2648891193500553,1.0890998674331054,0.028118270467705462,1.0,50,50,456
fixedN21,0.15,0.85,0,20,8.766293743988921,1.1697629518980408,0.7065902848370742,0.13343871264867793,1.0,50,50,456
fixedN21,0.15,0.85,5,0,6.0482018793071175,0.2691880401843691,0.18906903603956302,0.04450711890179289,1.0,50,50,456
fixedN21,0.15,0.85,0,21,6.678401682695668,0.1799235070906618,0.4603132344561979,0.026941102922404262,1.0,50,50,456
fixedN21,0.15,0.85,0,22,7.4066566576450965,0.5518639756483112,0.1893820692338824,0.07450918830950282,1.0,50,50,456
fixedN21,0.15,0.85,0,23,8.131731660687272,1.0709072036540073,1.1640510343390937,0.131694852749666,1.0,50,50,456
fixedN21,0.15,0.85,5,1,6.03041972739897,0.22734025725654253,0.3084692024946156,0.03769891110955863,1.0,50,50,456
fixedN21,0.15,0.85,5,3,7.883546349737703,1.139433053605646,1.3863133497640587,0.14453305695901145,1.0,50,50,456
fixedN21,0.15,0.85,5,4,6.384432485052794,0.30181543776450215,0.6536723446777896,0.047273651725679794,1.0,50,50,456
fixedN21,0.15,0.85,5,2,8.143670526923101,0.844755624640891,1.5039740042448968,0.10373155714589827,1.0,50,50,456
fixedN21,0.15,0.85,0,24,13.423981992626956,2.231646371994934,3.7086226636768087,0.16624324833128148,1.0,50,50,456
fixedN21,0.15,0.85,5,6,6.964886306334564,0.2509075138447181,0.46215833663813743,0.03602463885397781,1.0,50,50,456
fixedN21,0.15,0.85,5,5,8.284877532567206,0.6305823895704747,0.845428528686454,0.07611245755796686,1.0,50,50,456
fixedN21,0.15,0.85,5,7,6.851320599382677,0.40140071942923605,1.1713630865269935,0.05858735022054046,0.32,50,50,456
fixedN21,0.15,0.85,5,8,6.2549715506060615,0.5057570948564263,0.5736227877787731,0.08085681777520189,0.62,50,50,456
fixedN21,0.15,0.85,5,9,8.48327496574789,1.211095267688364,1.627987194892238,0.142762703387346,1.0,50,50,456
fixedN21,0.15,0.85,5,10,6.193799536510847,0.48161198797113247,0.7606422716388959,0.07775711582723244,1.0,50,50,456
fixedN21,0.15,0.85,5,12,5.975172275198429,0.19598120658643722,0.32899868947974165,0.03279925624904746,1.0,50,50,456
fixedN21,0.15,0.85,5,11,7.4024776509946415,0.5962489422460869,1.5817929017629184,0.08054721275193195,1.0,50,50,456
fixedN21,0.15,0.85,5,15,5.646559735438408,0.3211942916992749,0.5810919011091958,0.05688318316787219,1.0,50,50,456
fixedN21,0.15,0.85,5,16,5.700978982398684,0.24258231599216595,0.2075310396109409,0.042550992863001146,0.68,50,50,456
fixedN21,0.15,0.85,5,14,5.8684074877304075,0.10011708775990136,0.10253810452288356,0.01706035035386089,1.0,50,50,456
fixedN21,0.15,0.85,5,13,7.8395106797711085,0.778824285259062,1.2714941508995246,0.09934603281665552,0.88,50,50,456
fixedN21,0.15,0.85,5,17,6.446383336168569,0.12080109704092036,0.19725628028598033,0.01873935984587583,1.0,50,50,456
fixedN21,0.15,0.85,5,18,5.743071273269325,0.26146334894913525,0.4194264836165558,0.045526746318837436,0.0,50,50,456
fixedN21,0.15,0.85,5,19,5.161050199015843,0.22220538964914888,0.22383958689317432,0.04305429730009622,1.0,50,50,456
fixedN21,0.15,0.85,5,20,6.575147447914561,0.21893443938161797,0.28048940547406787,0.033297266885027405,1.0,50,50,456
fixedN21,0.15,0.85,5,23,5.9461294972624135,0.432978798987809,0.40460655350331276,0.0728169137902482,0.06,50,50,456
fixedN21,0.15,0.85,5,21,5.306736561385613,0.2870944230606185,0.21170854107743764,0.054099995305901684,1.0,50,50,456
fixedN21,0.15,0.85,5,22,6.096831033172523,0.5328867439299305,0.5622988776868076,0.087403889173002,1.0,50,50,456
fixedN21,0.15,0.85,10,0,5.10725441402404,0.07541837329701563,0.0881390637287503,0.014766911374127726,1.0,50,50,456
fixedN21,0.15,0.85,10,1,5.143339043072027,0.17532110233437384,0.16711485499556483,0.03408702029288305,1.0,50,50,456
fixedN21,0.15,0.85,10,2,6.432840698444534,0.5483575650155575,0.7883468877198269,0.08524345475369083,0.96,50,50,456
fixedN21,0.15,0.85,5,24,7.244193227124415,0.24500118938778845,0.19637303873204628,0.03382035538069734,1.0,50,50,456
fixedN21,0.15,0.85,10,4,5.784688930338991,0.1684269122951353,0.48499808227938324,0.02911598433785881,1.0,50,50,456
fixedN21,0.15,0.85,10,3,6.037228816635715,0.3591859067454468,0.37417779370969523,0.05949516204449668,1.0,50,50,456
fixedN21,0.15,0.85,10,5,5.756754651701543,0.4379074868321982,0.16980787576329556,0.0760684644954887,0.74,50,50,456
fixedN21,0.15,0.85,10,6,5.762162598418272,0.39926453111819515,0.7069709350478872,0.06929074358779709,1.0,50,50,456
fixedN21,0.15,0.85,10,10,5.035991110664478,0.3457692681830708,0.4600648099693128,0.0686596263942666,0.94,50,50,456
fixedN21,0.15,0.85,10,8,6.35045434403198,0.27704256555846996,0.5179257119604859,0.043625629057364786,1.0,50,50,456
fixedN21,0.15,0.85,10,7,4.291521459375698,0.09813704731094874,0.12675097777863997,0.022867658530880346,1.0,50,50,456
fixedN21,0.15,0.85,10,9,5.537339286378484,0.38124874141473347,0.23354104715004423,0.06885052941447566,1.0,50,50,456
fixedN21,0.15,0.85,10,14,5.30451745222026,0.3171625030714248,0.43608606770492947,0.05979101886801658,1.0,50,50,456
fixedN21,0.15,0.85,10,12,5.465345299777656,0.08248953162979715,0.172526780315561,0.015093196697590731,1.0,50,50,456
fixedN21,0.15,0.85,10,11,6.853960122265766,0.43775234670349306,0.609411566432433,0.06386852839738756,1.0,50,50,456
fixedN21,0.15,0.85,10,13,5.413135186286377,0.4250997808436507,0.10826039173842046,0.07853115915534446,1.0,50,50,456
fixedN21,0.15,0.85,10,15,5.9126668186348015,0.321340886335762,0.4223091326806269,0.054347876549207905,1.0,50,50,456
fixedN21,0.15,0.85,10,17,5.476937260006752,0.14474057289120087,0.20535700354112768,0.026427283355629026,1.0,50,50,456
fixedN21,0.15,0.85,10,18,5.250399617510266,0.19687263864206464,0.23847014001552116,0.037496696058236696,1.0,50,50,456
fixedN21,0.15,0.85,10,16,5.246954935538116,0.10517632103387606,0.18901371925026597,0.02004521142758574,1.0,50,50,456
fixedN21,0.15,0.85,10,19,5.3392183916471785,0.6114921118578189,0.48623577424163733,0.1145283947954731,0.16,50,50,456
fixedN21,0.15,0.85,15,0,5.405687730881426,0.15338445165517178,0.20599066006087707,0.0283746415426334,0.32,50,50,456
fixedN21,0.15,0.85,15,1,4.487361033180494,0.11032809208429445,0.1268494412673966,0.024586408641628178,1.0,50,50,456
fixedN21,0.15,0.85,10,23,4.787483655835199,0.17687599920491762,0.1280210107214923,0.036945504553176536,0.18,50,50,456
fixedN21,0.15,0.85,10,22,6.04607406085915,0.2204344972817889,0.1397379909353855,0.036459112981898384,0.46,50,50,456
fixedN21,0.15,0.85,10,20,5.107458709799441,0.13447760894858243,0.20133440220339996,0.026329651709286767,1.0,50,50,456
fixedN21,0.15,0.85,10,24,5.122357413872009,0.40708978502325394,0.28375503708988525,0.07947313163286926,1.0,50,50,456
fixedN21,0.15,0.85,10,21,4.436636839594262,0.16194839344994172,0.19327997035892205,0.03650251289550041,1.0,50,50,456
fixedN21,0.15,0.85,15,2,4.360817788644382,0.13281920420442112,0.131873203275779,0.030457407450108054,1.0,50,50,456
fixedN21,0.15,0.85,15,5,4.269443198341017,0.07900275450119831,0.13803152326020401,0.01850422896641335,0.94,50,50,456
fixedN21,0.15,0.85,15,3,5.1084040404105835,0.13603098392875,0.19504771082180994,0.02662886154905958,1.0,50,50,456
fixedN21,0.15,0.85,15,4,5.804155268473853,0.3176486333969789,0.1588222749510399,0.054727797363095285,1.0,50,50,456
fixedN21,0.15,0.85,15,6,4.289153532614203,0.4241246753958457,0.2085227047990634,0.09888307148971309,1.0,50,50,456
fixedN21,0.15,0.85,15,7,5.244561684608747,0.6194773522263709,0.801691578264267,0.11811804102607003,1.0,50,50,456
fixedN21,0.15,0.85,15,8,4.1816850286068075,0.11075969093796967,0.07636673747837712,0.02648685641799066,1.0,50,50,456
fixedN21,0.15,0.85,15,9,3.8337189590437437,0.16918954959871518,0.10908603899710619,0.04413196465525909,0.82,50,50,456
fixedN21,0.15,0.85,15,11,4.973824051392647,0.06358820574881546,0.14713513702827438,0.012784570803426605,1.0,50,50,456
fixedN21,0.15,0.85,15,12,5.802028922675781,0.11234967988664202,0.7347858277253129,0.019363860708717144,1.0,50,50,456
fixedN21,0.15,0.85,15,10,4.848707222119227,0.11873441084600998,0.30110130338131286,0.024487849112513473,1.0,50,50,456
fixedN21,0.15,0.85,15,14,6.039808722559102,0.16652107458770954,0.4618432164505609,0.02757058745349697,1.0,50,50,456
fixedN21,0.15,0.85,15,16,5.748156397180012,0.09930186081534954,0.26014390058302866,0.01727542779874014,1.0,50,50,456
fixedN21,0.15,0.85,15,13,3.816972687509046,0.14003761182182975,0.10993137805277177,0.03668813567361893,1.0,50,50,456
fixedN21,0.15,0.85,15,19,4.444197155203653,0.06875060000087549,0.14046538247167586,0.015469745738074714,1.0,50,50,456
fixedN21,0.15,0.85,15,18,5.487966447008505,0.41240113693882974,0.1721883389206004,0.07514643919946522,1.0,50,50,456
fixedN21,0.15,0.85,15,15,4.298001708577616,0.3890123547027726,0.13793076115296682,0.09051005120040137,0.2,50,50,456
fixedN21,0.15,0.85,15,17,4.097938133735414,0.286336442128851,0.13126668247371537,0.06987329549259089,0.0,50,50,456
fixedN21,0.15,0.85,15,20,4.489058383835245,0.1843210021206081,0.13359122775045992,0.04106005900576697,1.0,50,50,456
fixedN21,0.15,0.85,15,21,4.857908669659563,0.14460889683141684,0.0950255617153946,0.029767726539319826,1.0,50,50,456
fixedN21,0.15,0.85,20,1,3.983519979175286,0.10371916339171837,0.17126894348605107,0.026037063685868975,1.0,50,50,456
fixedN21,0.15,0.85,20,0,3.8764919395746817,0.14686879475098027,0.2157110151259019,0.03788703731113506,1.0,50,50,456
fixedN21,0.15,0.85,20,2,4.763449017207138,0.10992753200428552,0.14470449268361568,0.023077297900573987,0.18,50,50,456
fixedN21,0.15,0.85,15,22,5.2931771060226325,0.3030705803927865,0.7745413818651438,0.057256837306265386,1.0,50,50,456
fixedN21,0.15,0.85,20,5,4.776130064479975,0.29526995115311083,0.16104686448258787,0.061822008020474585,1.0,50,50,456
fixedN21,0.15,0.85,20,3,4.594022942658049,0.05941771339519939,0.23977608391882263,0.01293369975223088,1.0,50,50,456
fixedN21,0.15,0.85,20,7,5.203019178425688,0.38236019064455623,0.5754791003312226,0.07348813785465413,1.0,50,50,456
fixedN21,0.15,0.85,20,4,4.5750439987640235,0.1399121957010856,0.13008689291768863,0.030581606589769134,1.0,50,50,456
fixedN21,0.15,0.85,20,9,4.654284692189858,0.31242955346799833,0.28106245374121747,0.06712729756137867,1.0,50,50,456
fixedN21,0.15,0.85,20,8,3.940015172087101,0.13783954935102113,0.15508767247756783,0.03498452247786775,1.0,50,50,456
fixedN21,0.15,0.85,15,24,4.754605255642166,0.16296846677818713,0.12615575059509126,0.03427591945404862,1.0,50,50,456
fixedN21,0.15,0.85,20,10,3.8640056237574725,0.09861534312346597,0.1335033397871429,0.025521531986687305,1.0,50,50,456
fixedN21,0.15,0.85,20,11,4.380682445794163,0.15530722467857125,0.13207397106427374,0.03545274659834787,1.0,50,50,456
fixedN21,0.15,0.85,15,23,5.8800220220225174,0.21864067477925053,0.5720869985946854,0.03718364896600267,1.0,50,50,456
fixedN21,0.15,0.85,20,6,4.591270105200268,0.22764394414779582,0.18809020136818375,0.04958191065473508,1.0,50,50,456
fixedN21,0.15,0.85,20,12,3.697156633323084,0.09845621675228015,0.09245659858156047,0.026630253061197894,1.0,50,50,456
fixedN21,0.15,0.85,25,1,4.007404658919228,0.0,0.0,0.0,1.0,50,50,456
fixedN21,0.15,0.85,25,2,4.8484048314425685,8.97195690676443e-16,0.0,1.8504966517193577e-16,1.0,50,50,456
fixedN21,0.15,0.85,25,0,6.2973914506958275,1.794391381352886e-15,8.97195690676443e-16,2.849420105771915e-16,1.0,50,50,456
fixedN21,0.15,0.85,25,3,4.6201392766583975,0.0,0.0,0.0,1.0,50,50,456
fixedN21,0.15,0.85,25,4,4.6765719459239286,1.794391381352886e-15,0.0,3.8369801685973556e-16,1.0,50,50,456
fixedN21,0.15,0.85,25,5,3.767037815350171,3.588782762705772e-15,4.485978453382215e-16,9.52680312388149e-16,1.0,50,50,456
fixedN21,0.15,0.85,25,6,8.287058944006468,3.588782762705772e-15,0.0,4.3305867460992576e-16,1.0,50,50,456
fixedN21,0.15,0.85,25,7,3.6449367643674146,1.794391381352886e-15,4.485978453382215e-16,4.922969854771419e-16,1.0,50,50,456
fixedN21,0.15,0.85,25,9,4.616520897225946,3.588782762705772e-15,0.0,7.77378212424482e-16,1.0,50,50,456
fixedN21,0.15,0.85,25,8,3.8573911121516073,1.794391381352886e-15,4.485978453382215e-16,4.651826400750936e-16,1.0,50,50,456
fixedN21,0.15,0.85,25,10,2.8826896144858467,0.0,4.485978453382215e-16,0.0,1.0,50,50,456
fixedN21,0.15,0.85,20,13,4.598546436339108,0.09219299075737772,0.22747443259610275,0.02004828961361372,0.0,50,50,456
fixedN21,0.15,0.85,25,11,4.86664580880072,8.97195690676443e-16,8.97195690676443e-16,1.8435606903094876e-16,1.0,50,50,456
fixedN21,0.15,0.85,20,15,4.209828109475676,0.3122020587233762,0.2894666452956155,0.07416028650211569,1.0,50,50,456
fixedN21,0.15,0.85,20,18,4.195341892505455,0.1349599617281531,0.13456323011244406,0.03216900199939488,1.0,50,50,456
fixedN21,0.15,0.85,20,16,5.104690861589465,0.16320373435797553,1.0326875334614998,0.03197132574393706,1.0,50,50,456
fixedN21,0.15,0.85,20,14,4.546823844449489,0.19703644035191872,0.24245886042693016,0.04333496240291999,1.0,50,50,456
fixedN21,0.15,0.85,20,17,3.8218738201981974,0.18507197730362013,0.27623840833196106,0.048424408028735634,1.0,50,50,456
fixedN21,0.15,0.85,20,20,4.039563507606242,0.12038833427525122,0.22180569364948513,0.02980231256386182,1.0,50,50,456
fixedN21,0.15,0.85,20,24,4.7349187391839385,0.1300660126745574,0.07080431478341989,0.027469534291727722,0.2,50,50,456
fixedN21,0.15,0.85,20,19,3.9192501958821366,0.15906218461699942,0.10425978076911266,0.040584850843184826,0.92,50,50,456
fixedN21,0.15,0.85,25,12,5.093056121866604,1.794391381352886e-15,8.97195690676443e-16,3.5232114832758645e-16,1.0,50,50,456
fixedN21,0.15,0.85,20,21,4.528937389603466,0.07187560333972878,0.10080386963698443,0.015870301829458918,1.0,50,50,456
fixedN21,0.15,0.85,25,13,3.580942522425987,0.0,0.0,0.0,1.0,50,50,456
fixedN21,0.15,0.85,20,22,5.606598386266634,0.1287307968298325,0.2166606783761328,0.022960588214265294,1.0,50,50,456
fixedN21,0.15,0.85,20,23,4.00099913303081,0.1639670563501248,0.0902558063992576,0.04098152758806463,0.0,50,50,456
fixedN21,0.15,0.85,25,14,4.41851032423688,0.0,0.0,0.0,1.0,50,50,456
fixedN21,0.15,0.85,25,16,3.0160098332949468,0.0,4.485978453382215e-16,0.0,1.0,50,50,456
fixedN21,0.15,0.85,25,17,3.6114505259509566,0.0,4.485978453382215e-16,0.0,1.0,50,50,456
fixedN21,0.15,0.85,25,15,2.74293180707016,4.485978453382215e-16,4.485978453382215e-16,1.6354684581728176e-16,1.0,50,50,456
fixedN21,0.15,0.85,25,21,3.294160229012989,8.97195690676443e-16,4.485978453382215e-16,2.7235945682741266e-16,1.0,50,50,456
fixedN21,0.15,0.85,25,19,3.2233727396295286,0.0,0.0,0.0,1.0,50,50,456
fixedN21,0.15,0.85,30,1,4.369830999028981,0.0,0.0,0.0,1.0,50,50,456
fixedN21,0.15,0.85,25,22,5.378238947390434,0.0,8.97195690676443e-16,0.0,1.0,50,50,456
fixedN21,0.15,0.85,25,18,5.760556686745645,3.588782762705772e-15,0.0,6.229923526250743e-16,1.0,50,50,456
fixedN21,0.15,0.85,25,23,3.7054193337274914,0.0,4.485978453382215e-16,0.0,1.0,50,50,456
fixedN21,0.15,0.85,25,24,5.087877878425515,0.0,8.97195690676443e-16,0.0,1.0,50,50,456
fixedN21,0.15,0.85,30,0,4.246603546803791,1.794391381352886e-15,8.97195690676443e-16,4.2254742209298904e-16,1.0,50,50,456
fixedN21,0.15,0.85,30,2,3.859310761162576,1.794391381352886e-15,4.485978453382215e-16,4.649512548744182e-16,1.0,50,50,456
fixedN21,0.15,0.85,30,4,3.901297861464927,0.0,4.485978453382215e-16,0.0,1.0,50,50,456
fixedN21,0.15,0.85,25,20,5.0955114430703645,0.0,0.0,0.0,0.0,50,50,456
fixedN21,0.15,0.85,30,3,4.235256415581034,0.0,0.0,0.0,1.0,50,50,456
fixedN21,0.15,0.85,30,5,4.371623374429595,0.0,0.0,0.0,1.0,50,50,456
fixedN21,0.15,0.85,30,8,3.9787285220203534,0.0,8.97195690676443e-16,0.0,1.0,50,50,456
fixedN21,0.15,0.85,30,6,4.805166047269058,1.794391381352886e-15,8.97195690676443e-16,3.734296304646331e-16,1.0,50,50,456
fixedN21,0.15,0.85,30,9,4.899654826985504,3.588782762705772e-15,0.0,7.324562422112004e-16,1.0,50,50,456
fixedN21,0.15,0.85,30,7,2.867385267227452,1.794391381352886e-15,4.485978453382215e-16,6.257936112951884e-16,0.0,50,50,456
fixedN21,0.15,0.85,30,10,4.22773954661584,0.0,0.0,0.0,1.0,50,50,456
fixedN21,0.15,0.85,30,13,5.162653445828742,1.794391381352886e-15,0.0,3.4757153471199903e-16,1.0,50,50,456
fixedN21,0.15,0.85,30,11,5.1385896741661625,0.0,0.0,0.0,1.0,50,50,456
fixedN21,0.15,0.85,30,19,4.783127967141434,3.588782762705772e-15,0.0,7.503003865586634e-16,1.0,50,50,456
fixedN21,0.15,0.85,30,12,3.524731087825213,0.0,0.0,0.0,0.0,50,50,456
fixedN21,0.15,0.85,30,15,3.928957057988417,0.0,4.485978453382215e-16,0.0,1.0,50,50,456
fixedN21,0.15,0.85,30,17,5.389956810239235,1.794391381352886e-15,8.97195690676443e-16,3.329138700970855e-16,1.0,50,50,456
fixedN21,0.15,0.85,30,18,4.925855250886046,1.794391381352886e-15,8.97195690676443e-16,3.642801686123678e-16,1.0,50,50,456
fixedN21,0.15,0.85,30,16,3.4747070550529857,0.0,0.0,0.0,0.0,50,50,456
fixedN21,0.15,0.85,30,20,4.14597894211063,8.97195690676443e-16,8.97195690676443e-16,2.1640141042773837e-16,1.0,50,50,456
fixedN21,0.15,0.85,30,14,4.68158922973242,8.97195690676443e-16,0.0,1.9164340283816887e-16,1.0,50,50,456
fixedN21,0.15,0.85,30,21,3.918432948038587,0.0,4.485978453382215e-16,0.0,1.0,50,50,456
fixedN21,0.15,0.85,30,24,3.913880107079955,0.0,4.485978453382215e-16,0.0,0.0,50,50,456
fixedN21,0.15,0.85,30,23,4.581159538508672,0.0,0.0,0.0,1.0,50,50,456
fixedN21,0.15,0.85,35,0,3.1019963444576035,0.0,0.0,0.0,0.0,50,50,456
fixedN21,0.15,0.85,35,7,3.5246733348880035,0.0,0.0,0.0,0.0,50,50,456
fixedN21,0.15,0.85,30,22,3.004137915571572,0.0,4.485978453382215e-16,0.0,0.0,50,50,456
fixedN21,0.15,0.85,35,13,6.007563755236012,0.0,0.0,0.0,1.0,50,50,456
fixedN21,0.15,0.85,35,15,5.616015036228446,0.0,8.97195690676443e-16,0.0,1.0,50,50,456
fixedN21,0.15,0.85,35,2,4.455980150788168,0.0,0.0,0.0,1.0,50,50,456
fixedN21,0.15,0.85,35,3,6.196307150388136,3.588782762705772e-15,8.97195690676443e-16,5.791809017215958e-16,1.0,50,50,456
fixedN21,0.15,0.85,35,6,5.017425006562826,0.0,0.0,0.0,1.0,50,50,456
fixedN21,0.15,0.85,35,1,4.099199898210141,8.97195690676443e-16,0.0,2.1887092919479017e-16,1.0,50,50,456
fixedN21,0.15,0.85,35,5,5.666169189304174,1.794391381352886e-15,0.0,3.1668510441588905e-16,1.0,50,50,456
fixedN21,0.15,0.85,35,4,3.715764810147373,0.0,4.485978453382215e-16,0.0,0.0,50,50,456
fixedN21,0.15,0.85,35,11,4.583060391982567,0.0,0.0,0.0,1.0,50,50,456
fixedN21,0.15,0.85,35,9,6.876078273098826,3.588782762705772e-15,8.97195690676443e-16,5.21922907240034e-16,1.0,50,50,456
fixedN21,0.15,0.85,35,10,4.39491874340316,1.794391381352886e-15,0.0,4.0828772637635105e-16,1.0,50,50,456
fixedN21,0.15,0.85,35,8,6.557714523302934,0.0,0.0,0.0,1.0,50,50,456
fixedN21,0.15,0.85,35,12,4.858801725989521,0.0,0.0,0.0,1.0,50,50,456
fixedN21,0.15,0.85,35,14,4.353728109931523,0.0,8.97195690676443e-16,0.0,1.0,50,50,456
fixedN21,0.15,0.85,35,16,3.47255283682926,3.588782762705772e-15,4.485978453382215e-16,1.033471031640987e-15,1.0,50,50,456
fixedN21,0.15,0.85,35,17,5.34404336262719,3.588782762705772e-15,0.0,6.715482115664359e-16,1.0,50,50,456
fixedN21,0.15,0.85,35,21,6.8382192575926135,0.0,8.97195690676443e-16,0.0,1.0,50,50,456
fixedN21,0.15,0.85,35,20,4.281643564505189,3.588782762705772e-15,8.97195690676443e-16,8.3817877612624485e-16,1.0,50,50,456
fixedN21,0.15,0.85,35,23,3.460701403586082,0.0,0.0,0.0,0.0,50,50,456
fixedN21,0.15,0.85,35,24,5.482669124868773,1.794391381352886e-15,0.0,3.2728427349622974e-16,1.0,50,50,456
fixedN21,0.15,0.85,35,22,5.789245698899997,0.0,0.0,0.0,1.0,50,50,456
fixedN21,0.15,0.85,35,18,4.861493234059922,4.485978453382215e-16,0.0,9.227573170220978e-17,1.0,50,50,456
fixedN21,0.15,0.85,35,19,3.6274188511660865,0.0,0.0,0.0,1.0,50,50,456
fixedN21,0.175,0.825,0,0,7.429975663066962,1.4337255042442736,1.0200636356118211,0.1929650337040885,1.0,50,50,456
fixedN21,0.175,0.825,0,1,8.470342267388412,0.37178385563053623,1.1891415522651752,0.043892424165896796,1.0,50,50,456
fixedN21,0.175,0.825,0,2,11.380703372430249,1.5861816720789288,3.3264989857088683,0.13937466078954783,1.0,50,50,456
fixedN21,0.175,0.825,0,9,6.457991874068662,0.27505449730321757,0.5981414727379724,0.04259133530465839,0.0,50,50,456
fixedN21,0.175,0.825,0,3,9.906038346182207,1.3880933097662056,1.3124157077625216,0.1401259778386763,0.18,50,50,456
fixedN21,0.175,0.825,0,8,7.895867903371541,0.2879688760520191,0.7475952095595726,0.03647083253875818,1.0,50,50,456
fixedN21,0.175,0.825,0,5,5.756956557026542,0.6295340028488393,0.30341487132003137,0.10935187657104582,0.0,50,50,456
fixedN21,0.175,0.825,0,7,9.05199714821664,1.090952545744884,1.7008031254303846,0.12052064620455782,1.0,50,50,456
fixedN21,0.175,0.825,0,4,8.485984200494867,0.511584607055441,0.9309176931907042,0.060285830726105695,1.0,50,50,456
fixedN21,0.175,0.825,0,10,8.292966072861367,0.8380857703476136,0.38520070083603697,0.10105983347625638,1.0,50,50,456
fixedN21,0.175,0.825,0,6,8.05647778115292,0.49881617755897456,0.40588467686635715,0.061914920031913956,1.0,50,50,456
fixedN21,0.175,0.825,0,11,7.980524984992435,1.1475700420919999,2.177861333473788,0.1437963096726133,1.0,50,50,456
fixedN21,0.175,0.825,0,13,8.956982254162135,1.876418448871811,1.3602554186456315,0.20949225929300863,1.0,50,50,456
fixedN21,0.175,0.825,0,12,8.192705184420111,0.6521020022100285,0.5642507506329377,0.07959544345012153,1.0,50,50,456
fixedN21,0.175,0.825,0,14,6.347593743816577,0.22798452434277205,0.5712350693431174,0.03591668489573078,1.0,50,50,456
fixedN21,0.175,0.825,0,15,6.723923132194399,0.39047345754869506,0.4785534295103156,0.05807226672165441,1.0,50,50,456
fixedN21,0.175,0.825,0,16,6.172680916781945,0.21743431063750346,0.31551636075075074,0.03522526331247012,1.0,50,50,456
fixedN21,0.175,0.825,0,17,7.727938952179093,1.6697487270073479,2.4160061531199224,0.2160665006982902,1.0,50,50,456
fixedN21,0.175,0.825,0,18,10.135064575444854,2.4378392551734382,3.129772772297798,0.24053514775621793,0.88,50,50,456
fixedN21,0.175,0.825,0,20,9.656553926949584,0.7529690731611081,0.7531877109412836,0.07797492551247669,1.0,50,50,456
fixedN21,0.175,0.825,0,23,8.678822786666917,0.26804877178607,0.38515905957672925,0.03088538369487938,1.0,50,50,456
fixedN21,0.175,0.825,0,19,6.479772713578533,0.40533255996177653,0.8690205475589329,0.06255351505036459,1.0,50,50,456
fixedN21,0.175,0.825,0,22,8.55280916364821,1.4715422008485988,1.4947728438555477,0.17205366946605774,1.0,50,50,456
fixedN21,0.175,0.825,0,21,8.79502870220964,0.42380679915903174,1.3315966708771778,0.04818708539888626,1.0,50,50,456
fixedN21,0.175,0.825,5,0,6.967576828787385,0.43398055261074364,0.9628874200583358,0.06228572189081584,1.0,50,50,456
fixedN21,0.175,0.825,5,1,5.962465963174855,0.4546406780562014,0.48362006869556057,0.07625044417261835,1.0,50,50,456
fixedN21,0.175,0.825,5,2,7.0554689079064925,0.7047352440337934,0.5132374908884575,0.09988496203902957,0.96,50,50,456
fixedN21,0.175,0.825,0,24,7.382186082834369,1.121571532236731,0.6514066546869756,0.15192945824607376,1.0,50,50,456
fixedN21,0.175,0.825,5,5,5.437280410093524,0.3586599784769172,0.415219311290302,0.06596311968960013,1.0,50,50,456
fixedN21,0.175,0.825,5,3,6.097270030288756,1.1377465047772213,0.7474864638693955,0.18659933037660456,1.0,50,50,456
fixedN21,0.175,0.825,5,4,6.837441058489206,0.2996507683536452,0.9714593514243532,0.0438249874171282,1.0,50,50,456
fixedN21,0.175,0.825,5,6,6.151776673670473,0.8496491080406467,0.834288852080222,0.13811442663013668,1.0,50,50,456
fixedN21,0.175,0.825,5,7,5.7940713684420295,0.58375367216351,0.16622029159264903,0.10075016944785681,1.0,50,50,456
fixedN21,0.175,0.825,5,8,5.554946821030225,0.5812878668793282,0.36276317287516885,0.10464328203443037,0.34,50,50,456
fixedN21,0.175,0.825,5,9,6.093632021353899,0.277780630657393,0.5920268793486011,0.04558539630945339,1.0,50,50,456
fixedN21,0.175,0.825,5,10,6.904046248344283,0.22368667531002298,0.7353790218373554,0.0323993593414394,1.0,50,50,456
fixedN21,0.175,0.825,5,16,6.045852622806825,0.39145735122449643,0.3513761590737529,0.06474808032001943,1.0,50,50,456
fixedN21,0.175,0.825,5,15,6.0004551128502035,0.3237043381923707,0.47419147233320524,0.05394663106455801,1.0,50,50,456
fixedN21,0.175,0.825,5,11,6.264119755293559,0.4386487880320673,0.657758809943617,0.0700256069755663,1.0,50,50,456
fixedN21,0.175,0.825,5,17,8.287384907025421,2.31269932962283,1.9728395060251518,0.27906261813208383,0.36,50,50,456
fixedN21,0.175,0.825,5,18,5.82639381637831,0.35180842534422757,0.6049523556067947,0.06038184792028217,1.0,50,50,456
fixedN21,0.175,0.825,5,12,5.987059096205201,0.3076311076545439,0.2817733257452706,0.05138267431659908,1.0,50,50,456
fixedN21,0.175,0.825,5,14,6.492976495963068,0.45301336076996496,0.41601581832264595,0.06976975213934945,1.0,50,50,456
fixedN21,0.175,0.825,5,20,7.589680593089951,0.43292035526179645,0.8744298361232711,0.05704065539410844,1.0,50,50,456
fixedN21,0.175,0.825,5,19,5.854944197191558,0.39645006870161387,0.23675395170086452,0.06771201489704703,0.82,50,50,456
fixedN21,0.175,0.825,5,13,6.090325520441731,0.38760814055446613,0.2785479811517184,0.06364325506961621,1.0,50,50,456
fixedN21,0.175,0.825,5,21,6.499820549814474,0.5597299931056696,0.5548932575742856,0.08611468406180016,1.0,50,50,456
fixedN21,0.175,0.825,5,22,6.328412321898569,0.368547304777383,0.45573808304958385,0.05823692990137156,1.0,50,50,456
fixedN21,0.175,0.825,5,23,7.184961707659059,0.5032555808614634,0.5839146589514581,0.07004290368381513,1.0,50,50,456
fixedN21,0.175,0.825,5,24,6.067091576917497,0.1859620132114647,0.55121427198626,0.030650932304856732,1.0,50,50,456
fixedN21,0.175,0.825,10,7,4.966865128036544,0.288745103880114,0.2084593141591284,0.05813427512863794,1.0,50,50,456
fixedN21,0.175,0.825,10,0,5.1215230039090684,0.1451867045529459,0.32832541255436765,0.02834834568586928,1.0,50,50,456
fixedN21,0.175,0.825,10,1,4.537018802276762,0.28001187129314803,0.1105751967936174,0.06171715029098684,1.0,50,50,456
fixedN21,0.175,0.825,10,2,5.398684279643736,0.43552615645523995,0.40160295069731894,0.08067264798155241,1.0,50,50,456
fixedN21,0.175,0.825,10,8,4.905930195628101,0.43842150441263666,0.5724700423736827,0.08936562220215326,1.0,50,50,456
fixedN21,0.175,0.825,10,5,6.718766697554888,0.26626639164064675,0.7206609893044497,0.03963024817300877,1.0,50,50,456
fixedN21,0.175,0.825,10,10,4.334819726962939,0.18086153655983125,0.19688615226743386,0.0417229661097225,1.0,50,50,456
fixedN21,0.175,0.825,10,6,8.137747158210765,0.6646570656069085,2.34079021189758,0.08167580691374611,1.0,50,50,456
fixedN21,0.175,0.825,10,3,5.351259890287642,0.26234723656681597,0.4346509549210336,0.049025321502879624,1.0,50,50,456
fixedN21,0.175,0.825,10,12,5.902456440874645,0.772329497792826,0.41650310298235516,0.13084882633684963,1.0,50,50,456
fixedN21,0.175,0.825,10,11,5.091869328671555,0.2697802673712623,0.3098743791200218,0.05298255904804351,1.0,50,50,456
fixedN21,0.175,0.825,10,4,4.534991734216123,0.4377167855121574,0.24855944869850424,0.09651986401863136,1.0,50,50,456
fixedN21,0.175,0.825,10,9,4.474158086495722,0.24211164864616924,0.22244974653994243,0.054113342435737996,1.0,50,50,456
fixedN21,0.175,0.825,10,13,5.448144503517349,0.22930222109880916,0.11034510310621334,0.042088131280433275,1.0,50,50,456
fixedN21,0.175,0.825,10,14,4.6800947672659206,0.21630235258333255,0.15815503491879052,0.046217515529006034,1.0,50,50,456
fixedN21,0.175,0.825,10,18,4.925026472066165,0.14723726436603277,0.09868203004266951,0.029895730551121946,1.0,50,50,456
fixedN21,0.175,0.825,10,17,4.632418253610521,0.14046650272347033,0.29049645548604724,0.03032250004929721,1.0,50,50,456
fixedN21,0.175,0.825,10,15,4.768569066569253,0.09326875846076484,0.2892737715169114,0.019559066285657692,1.0,50,50,456
fixedN21,0.175,0.825,15,0,4.446594020785869,0.3267924984675237,0.13369380762666366,0.073492767034704,1.0,50,50,456
fixedN21,0.175,0.825,10,16,4.332313282966613,0.25821028918959427,0.2969660730318701,0.059601019668822544,1.0,50,50,456
fixedN21,0.175,0.825,15,2,5.6337725138688945,0.5498759814741017,0.8526500295647148,0.09760351170027701,1.0,50,50,456
fixedN21,0.175,0.825,10,19,5.698033778127949,0.1987261775657635,0.2625892480215792,0.03487627229037832,1.0,50,50,456
fixedN21,0.175,0.825,15,1,4.718015678282606,0.15805754183795867,0.2458985702887994,0.033500851335765976,1.0,50,50,456
fixedN21,0.175,0.825,10,23,4.469607373266313,0.539720349901398,0.20694977301606882,0.12075341407605107,1.0,50,50,456
fixedN21,0.175,0.825,15,3,4.553029457282931,0.1998965468680203,0.11676124920791126,0.0439040750215815,1.0,50,50,456
fixedN21,0.175,0.825,10,24,6.176324141543659,0.8727042011780396,0.6480687584066093,0.14129831614697658,1.0,50,50,456
fixedN21,0.175,0.825,10,20,4.96425500294426,0.18865489988262477,0.15052824580922006,0.038002660977474984,1.0,50,50,456
fixedN21,0.175,0.825,10,21,5.021383475412312,0.11966986659196571,0.33258902579214855,0.023832050903489194,0.3,50,50,456
fixedN21,0.175,0.825,15,5,4.978836376287354,0.4820388247117595,0.12964492008734854,0.09681756705393256,1.0,50,50,456
fixedN21,0.175,0.825,10,22,5.281845347264445,0.40421030997625507,0.20642317442025346,0.0765282365159749,1.0,50,50,456
fixedN21,0.175,0.825,15,4,4.397455338081609,0.10498124584649167,0.08685982179249908,0.023873180686421653,1.0,50,50,456
fixedN21,0.175,0.825,15,6,4.372102827173719,0.08211910364486906,0.17108934345705512,0.018782518822402387,1.0,50,50,456
fixedN21,0.175,0.825,15,7,4.7676353437550265,0.20280941045606746,0.1435421095789242,0.04253878407913916,1.0,50,50,456
fixedN21,0.175,0.825,15,11,4.683430263219822,0.07455825046363314,0.11946490148971649,0.015919581647058607,1.0,50,50,456
fixedN21,0.175,0.825,15,9,4.8570927229627054,0.154879970196347,0.24850387527028608,0.03188738182084242,1.0,50,50,456
fixedN21,0.175,0.825,15,8,5.150714501814388,0.7960292162132204,0.2854703059243679,0.1545473382251747,1.0,50,50,456
fixedN21,0.175,0.825,15,12,4.126797989320956,0.23068190650585768,0.16335523046105088,0.05589852159054077,1.0,50,50,456
fixedN21,0.175,0.825,15,10,4.3738809033513375,0.1950560360692395,0.19571442387708152,0.044595644092591646,1.0,50,50,456
fixedN21,0.175,0.825,15,15,4.3986192124431085,0.12002045487495261,0.14162055085836786,0.02728593885450023,1.0,50,50,456
fixedN21,0.175,0.825,15,14,4.6335305949318055,0.19758838710865625,0.20472777230673989,0.04264316012605594,1.0,50,50,456
fixedN21,0.175,0.825,15,13,4.40689188027418,0.12313359496949174,0.16567162962181092,0.027941142717989906,1.0,50,50,456
fixedN21,0.175,0.825,15,19,4.228526689792948,0.18933414999003678,0.139563843713275,0.04477544163243951,1.0,50,50,456
fixedN21,0.175,0.825,15,16,4.6540217142676905,0.25701173308409825,0.21305826057160934,0.05522357841524145,1.0,50,50,456
fixedN21,0.175,0.825,15,18,4.2388337445634825,0.13462876496745532,0.09861975589181186,0.0317608033436375,1.0,50,50,456
fixedN21,0.175,0.825,15,17,4.75457803950923,0.13337713410595164,0.20761991844823072,0.028052359851415732,0.0,50,50,456
fixedN21,0.175,0.825,15,20,4.887625722973907,0.1734244381728861,0.3581332427914831,0.035482348281644795,0.0,50,50,456
fixedN21,0.175,0.825,15,21,5.0528210706873855,0.09143468891754117,0.16632874059075373,0.0180957701922151,1.0,50,50,456
fixedN21,0.175,0.825,20,1,4.020703079845514,0.33015360402129834,0.13812946730156533,0.08211340093135742,1.0,50,50,456
fixedN21,0.175,0.825,15,23,4.82826125178348,0.09086561967856821,0.179072317800502,0.018819532527367684,1.0,50,50,456
fixedN21,0.175,0.825,20,5,3.8448213463494585,0.07533581661616255,0.10138569303979215,0.01959410069539164,1.0,50,50,456
fixedN21,0.175,0.825,20,8,4.309697699096572,0.13717387966970898,0.1415866884106373,0.03182911871022051,0.94,50,50,456
fixedN21,0.175,0.825,20,2,3.90981936074851,0.19160063735771884,0.0841846541248518,0.04900498454768461,1.0,50,50,456
fixedN21,0.175,0.825,20,4,3.3027197399158053,0.14980931713543857,0.1409140265799346,0.04535937921855204,1.0,50,50,456
fixedN21,0.175,0.825,20,11,3.6237263290837727,0.15469972441268995,0.09791017700621782,0.042690785772391486,0.0,50,50,456
fixedN21,0.175,0.825,20,6,3.648830640018555,0.14011541364959118,0.17726655238709854,0.03840008689712129,1.0,50,50,456
fixedN21,0.175,0.825,20,0,3.9713658492386332,0.21808571528650467,0.2018298442513081,0.05491453660163663,1.0,50,50,456
fixedN21,0.175,0.825,20,7,4.11989031944704,0.19078611605675425,0.1555028945009409,0.04630854252507407,1.0,50,50,456
fixedN21,0.175,0.825,20,3,3.912182972976417,0.3273044382797617,0.20051004816749923,0.08366286560230748,1.0,50,50,456
fixedN21,0.175,0.825,15,22,4.881154681698202,0.11935916357810966,0.37366493090621017,0.024453059032454882,1.0,50,50,456
fixedN21,0.175,0.825,20,12,4.3411693950332,0.17358312232953393,0.17101613007315666,0.03998533725224662,0.0,50,50,456
fixedN21,0.175,0.825,20,10,4.112285362846079,0.18688237574012154,0.23887111562261518,0.045444894809241,1.0,50,50,456
fixedN21,0.175,0.825,15,24,4.516501236724881,0.0980061991809631,0.09999241720536835,0.021699584267584924,1.0,50,50,456
fixedN21,0.175,0.825,20,9,4.2496156746489175,0.07731412520142741,0.07989915611586164,0.018193204073169447,1.0,50,50,456
fixedN21,0.175,0.825,25,0,4.891948006285722,4.485978453382215e-16,8.97195690676443e-16,9.170127007928391e-17,1.0,50,50,456
fixedN21,0.175,0.825,25,1,4.2105726390386815,8.97195690676443e-16,8.97195690676443e-16,2.1308163226018641e-16,1.0,50,50,456
fixedN21,0.175,0.825,25,3,4.656037487848039,0.0,0.0,0.0,1.0,50,50,456
fixedN21,0.175,0.825,25,2,5.938103554755109,1.794391381352886e-15,0.0,3.021825680213971e-16,1.0,50,50,456
fixedN21,0.175,0.825,25,4,3.2514352938904585,0.0,8.97195690676443e-16,0.0,1.0,50,50,456
fixedN21,0.175,0.825,25,5,4.54922635654497,1.794391381352886e-15,0.0,3.9443879919742743e-16,1.0,50,50,456
fixedN21,0.175,0.825,25,6,4.401885386252706,4.485978453382215e-16,0.0,1.0191038747606048e-16,1.0,50,50,456
fixedN21,0.175,0.825,25,7,5.448091447260651,0.0,0.0,0.0,0.0,50,50,456
fixedN21,0.175,0.825,25,8,3.7545678498511417,1.794391381352886e-15,4.485978453382215e-16,4.779222145163866e-16,1.0,50,50,456
fixedN21,0.175,0.825,25,9,6.508149960358387,0.0,8.97195690676443e-16,0.0,1.0,50,50,456
fixedN21,0.175,0.825,25,10,4.037045231907964,0.0,0.0,0.0,1.0,50,50,456
fixedN21,0.175,0.825,25,11,4.384546216507001,1.794391381352886e-15,0.0,4.092536132011418e-16,1.0,50,50,456
fixedN21,0.175,0.825,20,13,4.011663573186242,0.162716268717313,0.19782124699407017,0.04056079622551113,1.0,50,50,456
fixedN21,0.175,0.825,20,15,4.415311438733789,0.09534914172743811,0.12994611080936336,0.02159511125103829,1.0,50,50,456
fixedN21,0.175,0.825,20,16,3.6879024292046223,0.18933111148582046,0.1585031477858025,0.05133842749919333,1.0,50,50,456
fixedN21,0.175,0.825,20,14,3.8113990425812845,0.20287192814264896,0.08877312884054314,0.0532276798824122,0.0,50,50,456
fixedN21,0.175,0.825,20,18,4.00654603030905,0.12563909725921918,0.25749750466975424,0.03135845596400844,1.0,50,50,456
fixedN21,0.175,0.825,20,17,3.527467460316346,0.18114591217351889,0.13169964064175796,0.05135296475768867,0.8,50,50,456
fixedN21,0.175,0.825,20,23,4.173019379567365,0.1592759998741199,0.14054189375165804,0.03816804701506867,1.0,50,50,456
fixedN21,0.175,0.825,25,12,3.6830340767459826,0.0,4.485978453382215e-16,0.0,1.0,50,50,456
fixedN21,0.175,0.825,20,20,4.3657418454792865,0.1135245849001709,0.10944729658473963,0.026003503853010753,0.0,50,50,456
fixedN21,0.175,0.825,20,21,3.877509842882466,0.07068373308352467,0.16538076255601775,0.01822915632652005,1.0,50,50,456
fixedN21,0.175,0.825,20,24,3.7493361913774352,0.07154213672106037,0.15448445184292894,0.01908128081061121,1.0,50,50,456
fixedN21,0.175,0.825,20,22,4.01234158416557,0.21565227632604506,0.3016517112883904,0.05374723756748476,0.12,50,50,456
fixedN21,0.175,0.825,20,19,5.045820239213774,0.15542430135830765,0.21254987087056906,0.030802583918947822,1.0,50,50,456
fixedN21,0.175,0.825,25,13,3.9825374178603385,0.0,4.485978453382215e-16,0.0,1.0,50,50,456
fixedN21,0.175,0.825,25,15,2.3804430854787366,4.485978453382215e-16,0.0,1.884514055701537e-16,1.0,50,50,456
fixedN21,0.175,0.825,25,14,5.48087363505307,0.0,0.0,0.0,1.0,50,50,456
fixedN21,0.175,0.825,25,17,2.872858824219144,8.97195690676443e-16,4.485978453382215e-16,3.123006543561377e-16,0.0,50,50,456
fixedN21,0.175,0.825,25,16,3.1071276326512134,0.0,0.0,0.0,1.0,50,50,456
fixedN21,0.175,0.825,25,18,4.858167794272617,0.0,0.0,0.0,1.0,50,50,456
fixedN21,0.175,0.825,25,19,4.381686184343592,1.794391381352886e-15,0.0,4.095207428967665e-16,1.0,50,50,456
fixedN21,0.175,0.825,25,21,5.370137375626578,0.0,8.97195690676443e-16,0.0,1.0,50,50,456
fixedN21,0.175,0.825,25,20,6.539879994008218,0.0,8.97195690676443e-16,0.0,1.0,50,50,456
fixedN21,0.175,0.825,25,24,6.30358001175617,0.0,8.97195690676443e-16,0.0,1.0,50,50,456
fixedN21,0.175,0.825,30,0,2.8687336476230056,8.97195690676443e-16,4.485978453382215e-16,3.127497359051954e-16,0.0,50,50,456
fixedN21,0.175,0.825,30,3,4.07746138822332,1.794391381352886e-15,0.0,4.4007562806983677e-16,1.0,50,50,456
fixedN21,0.175,0.825,25,22,7.010517474396479,3.588782762705772e-15,8.97195690676443e-16,5.119141027481317e-16,1.0,50,50,456
fixedN21,0.175,0.825,25,23,3.0234421577472905,1.794391381352886e-15,4.485978453382215e-16,5.934928759112934e-16,0.0,50,50,456
fixedN21,0.175,0.825,30,1,3.983319350614544,3.588782762705772e-15,4.485978453382215e-16,9.009528101612282e-16,0.0,50,50,456
fixedN21,0.175,0.825,30,2,5.156225922655331,1.794391381352886e-15,0.0,3.4800480201395406e-16,1.0,50,50,456
fixedN21,0.175,0.825,30,6,4.347444558064263,3.588782762705772e-15,0.0,8.254924737450151e-16,1.0,50,50,456
fixedN21,0.175,0.825,30,4,4.664522153356977,0.0,0.0,0.0,1.0,50,50,456
fixedN21,0.175,0.825,30,5,5.5219815505224314,3.588782762705772e-15,0.0,6.49908502929757e-16,1.0,50,50,456
fixedN21,0.175,0.825,30,7,3.431269879002887,8.97195690676443e-16,0.0,2.614762820513449e-16,1.0,50,50,456
fixedN21,0.175,0.825,30,8,8.13377635842869,0.0,0.0,0.0,1.0,50,50,456
fixedN21,0.175,0.825,30,9,3.9350070005674525,0.0,0.0,0.0,1.0,50,50,456
fixedN21,0.175,0.825,30,10,1.9664356572447301,0.0,2.2429892266911074e-16,0.0,0.0,50,50,456
fixedN21,0.175,0.825,30,11,5.063865880043054,0.0,8.97195690676443e-16,0.0,0.0,50,50,456
fixedN21,0.175,0.825,30,12,4.1836819968364285,8.97195690676443e-16,0.0,2.144512157842959e-16,0.0,50,50,456
fixedN21,0.175,0.825,30,18,4.0200915776429795,0.0,0.0,0.0,1.0,50,50,456
fixedN21,0.175,0.825,30,13,4.143244198716969,0.0,0.0,0.0,1.0,50,50,456
fixedN21,0.175,0.825,30,16,4.797470862882985,8.97195690676443e-16,0.0,1.8701430739639416e-16,1.0,50,50,456
fixedN21,0.175,0.825,30,14,3.781837219689528,3.588782762705772e-15,4.485978453382215e-16,9.489522034479303e-16,1.0,50,50,456
fixedN21,0.175,0.825,30,17,4.703971563742073,0.0,0.0,0.0,0.0,50,50,456
fixedN21,0.175,0.825,30,15,4.030565554069451,4.485978453382215e-16,0.0,1.1129898256717243e-16,1.0,50,50,456
fixedN21,0.175,0.825,30,19,8.09444963458818,0.0,0.0,0.0,1.0,50,50,456
fixedN21,0.175,0.825,30,20,6.279517811721735,1.794391381352886e-15,0.0,2.857530522492291e-16,1.0,50,50,456
fixedN21,0.175,0.825,30,22,4.834329078442765,0.0,0.0,0.0,1.0,50,50,456
fixedN21,0.175,0.825,30,21,4.206094300664469,0.0,8.97195690676443e-16,0.0,0.0,50,50,456
fixedN21,0.175,0.825,30,23,5.571738220189515,3.588782762705772e-15,8.97195690676443e-16,6.441046978304921e-16,1.0,50,50,456
fixedN21,0.175,0.825,30,24,3.262936395243951,1.794391381352886e-15,8.97195690676443e-16,5.499314617252076e-16,1.0,50,50,456
fixedN21,0.175,0.825,35,2,4.428176058921544,3.588782762705772e-15,0.0,8.104426551594245e-16,1.0,50,50,456
fixedN21,0.175,0.825,35,1,4.3426815742951925,0.0,0.0,0.0,1.0,50,50,456
fixedN21,0.175,0.825,35,0,5.70083304535327,3.588782762705772e-15,8.97195690676443e-16,6.295190078634169e-16,1.0,50,50,456
fixedN21,0.175,0.825,35,3,3.5999202853557506,3.588782762705772e-15,0.0,9.969061752019105e-16,1.0,50,50,456
fixedN21,0.175,0.825,35,6,3.8091627573457716,0.0,0.0,0.0,1.0,50,50,456
fixedN21,0.175,0.825,35,8,3.630925778221843,4.485978453382215e-16,0.0,1.2354916424590516e-16,1.0,50,50,456
fixedN21,0.175,0.825,35,9,2.4493203929525795,0.0,4.485978453382215e-16,0.0,1.0,50,50,456
fixedN21,0.175,0.825,35,7,3.550906045455554,8.97195690676443e-16,4.485978453382215e-16,2.526666938497776e-16,1.0,50,50,456
fixedN21,0.175,0.825,35,10,2.685449904523647,4.485978453382215e-16,4.485978453382215e-16,1.670475567548504e-16,1.0,50,50,456
fixedN21,0.175,0.825,35,5,2.970158317236125,0.0,0.0,0.0,1.0,50,50,456
fixedN21,0.175,0.825,35,4,4.123942055038047,0.0,0.0,0.0,1.0,50,50,456
fixedN21,0.175,0.825,35,12,4.014110570686324,1.794391381352886e-15,0.0,4.470209152823822e-16,1.0,50,50,456
fixedN21,0.175,0.825,35,11,4.359991658143489,1.794391381352886e-15,0.0,4.1155844369595623e-16,1.0,50,50,456
fixedN21,0.175,0.825,35,13,5.15243258553911,0.0,0.0,0.0,1.0,50,50,456
fixedN21,0.175,0.825,35,14,2.880785006788077,0.0,0.0,0.0,1.0,50,50,456
fixedN21,0.175,0.825,35,15,3.4348183798281546,4.485978453382215e-16,0.0,1.3060307583443903e-16,1.0,50,50,456
fixedN21,0.175,0.825,35,18,3.8729337501040377,8.97195690676443e-16,4.485978453382215e-16,2.3165789775059846e-16,1.0,50,50,456
fixedN21,0.175,0.825,35,17,2.897644909382773,0.0,8.97195690676443e-16,0.0,1.0,50,50,456
fixedN21,0.175,0.825,35,16,2.3035259166443947,4.485978453382215e-16,0.0,1.9474399749393985e-16,1.0,50,50,456
fixedN21,0.175,0.825,35,19,3.6427839289563484,1.794391381352886e-15,4.485978453382215e-16,4.925879262531435e-16,1.0,50,50,456
fixedN21,0.175,0.825,35,23,3.5731855687633276,8.97195690676443e-16,8.97195690676443e-16,2.5109126671721127e-16,1.0,50,50,456
fixedN21,0.175,0.825,35,21,4.0365543790956755,8.97195690676443e-16,8.97195690676443e-16,2.2226770815297304e-16,0.0,50,50,456
fixedN21,0.175,0.825,35,22,3.470124051284415,3.588782762705772e-15,0.0,1.0341943716327482e-15,1.0,50,50,456
fixedN21,0.175,0.825,35,24,3.6376782910298995,1.794391381352886e-15,4.485978453382215e-16,4.932792945922818e-16,1.0,50,50,456
fixedN21,0.175,0.825,35,20,4.50590029841763,1.794391381352886e-15,8.97195690676443e-16,3.982314881629839e-16,1.0,50,50,456
fixedN21,0.2,0.8,0,0,6.830972123560079,0.4205918183073853,0.2942100327189162,0.061571297715702966,1.0,50,50,456
fixedN21,0.2,0.8,0,1,7.325279525878764,0.3011138832879976,0.30984557038970933,0.041106128745561424,1.0,50,50,456
fixedN21,0.2,0.8,0,2,9.486648738131194,1.1633483084272882,1.9990587577979284,0.12263006047132931,1.0,50,50,456
fixedN21,0.2,0.8,0,4,6.863138130424719,0.5764750231225216,1.2255031536691987,0.0839958357485145,1.0,50,50,456
fixedN21,0.2,0.8,0,5,10.553360654265102,1.2609364114495538,1.8490454784527892,0.11948197856196177,1.0,50,50,456
fixedN21,0.2,0.8,0,6,7.258120483141696,0.5007766015722992,0.9764503630795982,0.06899535530382057,1.0,50,50,456
fixedN21,0.2,0.8,0,7,8.507240939597144,0.9297669166622191,1.3998160392007633,0.1092912406341518,0.74,50,50,456
fixedN21,0.2,0.8,0,3,10.513136517637054,2.2013160222096246,2.9463954848533724,0.2093871813151719,1.0,50,50,456
fixedN21,0.2,0.8,0,8,5.981301457951613,1.1072644170948902,0.37465722394284323,0.18512098493595902,0.38,50,50,456
fixedN21,0.2,0.8,0,11,9.349980299250246,0.9391819809730855,2.4784879478737896,0.10044748233837417,1.0,50,50,456
fixedN21,0.2,0.8,0,9,10.789986357843743,1.9090656368806134,2.5518801040732213,0.17692938374225328,1.0,50,50,456
fixedN21,0.2,0.8,0,10,5.818873686466986,0.4624232355523513,0.5895370506475567,0.07946954350080046,1.0,50,50,456
fixedN21,0.2,0.8,0,13,9.310030259895013,1.1534933794988982,1.8539267227516754,0.12389791948022152,0.72,50,50,456
fixedN21,0.2,0.8,0,14,6.8006035727516725,0.15861762748574545,0.22393625330430433,0.023324051429977018,1.0,50,50,456
fixedN21,0.2,0.8,0,15,6.616621644516796,0.4299748050273327,0.7325061977809835,0.06498403991161464,1.0,50,50,456
fixedN21,0.2,0.8,0,12,6.739953045787598,0.22668715746726997,0.4979338430379696,0.03363334372320993,1.0,50,50,456
fixedN21,0.2,0.8,0,16,5.401804618789796,0.35052296428895857,0.13093680542203953,0.06488997455955538,0.04,50,50,456
fixedN21,0.2,0.8,0,22,8.663203677907108,1.1930567039266506,1.4677481404360662,0.13771541663844086,1.0,50,50,456
fixedN21,0.2,0.8,0,18,6.784301083085873,0.42998403712819394,0.5624426289929711,0.06337926808705452,0.0,50,50,456
fixedN21,0.2,0.8,0,17,7.018675203718144,0.16905973473768965,0.3083156244664334,0.024087128956776664,1.0,50,50,456
fixedN21,0.2,0.8,0,23,7.070927126740251,0.9352540806378222,1.066484136387876,0.13226753208938544,0.4,50,50,456
fixedN21,0.2,0.8,0,21,6.307552397292946,0.5697233034652819,0.5525589961515041,0.09032399060367596,1.0,50,50,456
fixedN21,0.2,0.8,0,24,8.107099183462298,0.34788112592850434,0.5452443206128708,0.042910678413574654,1.0,50,50,456
fixedN21,0.2,0.8,0,19,4.9771056197562125,0.2634594826035514,0.48973656942918653,0.052934276009287524,0.72,50,50,456
fixedN21,0.2,0.8,0,20,8.090880125479716,0.3408243623749799,0.7103879208869953,0.042124510200275904,1.0,50,50,456
fixedN21,0.2,0.8,5,2,7.521605196997438,0.9362512673296174,1.3173127877712176,0.12447492826442966,0.96,50,50,456
fixedN21,0.2,0.8,5,0,5.266909691844553,0.20342434853798594,0.36164429902737216,0.03862309407981202,1.0,50,50,456
fixedN21,0.2,0.8,5,1,5.015605583595133,0.2038491798084173,0.2859444710258609,0.040642984463363716,1.0,50,50,456
fixedN21,0.2,0.8,5,3,6.498846698756524,0.6958311456556012,0.8515693782594532,0.10706994300830948,0.54,50,50,456
fixedN21,0.2,0.8,5,6,5.778012408754087,0.8175599181499221,1.4823781445887216,0.14149500906423504,1.0,50,50,456
fixedN21,0.2,0.8,5,4,5.293545802766982,0.17621735522901427,0.47190447070828706,0.03328909615496364,1.0,50,50,456
fixedN21,0.2,0.8,5,5,6.366740911676523,0.7695856424669694,0.19817795806707772,0.12087591644503061,0.86,50,50,456
fixedN21,0.2,0.8,5,7,3.853882881473817,0.14492249902730636,0.17541622455325376,0.03760428209273566,1.0,50,50,456
fixedN21,0.2,0.8,5,9,6.386767492763897,0.5474863842929729,0.3759165629739487,0.08572198454277004,1.0,50,50,456
fixedN21,0.2,0.8,5,10,5.488510484995175,0.7626039743712085,1.0484966805253244,0.13894552564963877,0.94,50,50,456
fixedN21,0.2,0.8,5,12,5.573783196194858,0.14181454951750272,0.1758828248176246,0.025443140596914045,1.0,50,50,456
fixedN21,0.2,0.8,5,13,5.17921447342174,0.662358524675654,0.15067523462410026,0.12788783474302717,1.0,50,50,456
fixedN21,0.2,0.8,5,8,6.330987403497907,0.5020256691517244,0.7627113365772523,0.07929658316400257,1.0,50,50,456
fixedN21,0.2,0.8,5,14,6.095530328255438,0.6430048437377254,0.9689604281483392,0.10548792461209124,1.0,50,50,456
fixedN21,0.2,0.8,5,16,5.594024683748582,0.15770205256122855,0.3623550457978316,0.02819116136891117,1.0,50,50,456
fixedN21,0.2,0.8,5,15,5.571305685842824,0.3654127718602073,0.4621128037114594,0.06558835441192057,1.0,50,50,456
fixedN21,0.2,0.8,5,11,9.203254130204387,0.6147163860445282,1.011666281255163,0.06679337301216917,1.0,50,50,456
fixedN21,0.2,0.8,5,17,5.914246545235294,0.25609154725331357,0.3822220549613399,0.043300789930651284,1.0,50,50,456
fixedN21,0.2,0.8,5,19,6.927209487722385,0.9893851821813557,0.7293715078414615,0.1428259364661799,0.16,50,50,456
fixedN21,0.2,0.8,5,18,5.2034744190284785,0.3534553565927107,0.26494532140879956,0.067926798160123,1.0,50,50,456
fixedN21,0.2,0.8,5,20,5.744604612132701,0.25974861845400465,0.37115575546069474,0.04521610032227653,1.0,50,50,456
fixedN21,0.2,0.8,5,23,4.921380231122456,0.2652289362387606,0.16051174848028618,0.053893201456264604,0.94,50,50,456
fixedN21,0.2,0.8,5,22,6.2784567559406534,0.2253900647859441,0.27950295776228967,0.035898959497121775,0.06,50,50,456
fixedN21,0.2,0.8,5,21,4.595307165480543,0.3930567778161918,0.2542152650174223,0.08553438620355835,1.0,50,50,456
fixedN21,0.2,0.8,10,0,5.08033998538326,0.107009763949025,0.2524969027432324,0.021063504461690512,0.24,50,50,456
fixedN21,0.2,0.8,10,1,4.1118369155845675,0.14041797709137332,0.06287418567858426,0.03414969512997101,0.94,50,50,456
fixedN21,0.2,0.8,10,3,4.697933484965468,0.19653733584980293,0.19581291183529229,0.041834848551766494,1.0,50,50,456
fixedN21,0.2,0.8,10,2,4.22906979038152,0.19154240832846303,0.13678441843420078,0.04529185324964412,1.0,50,50,456
fixedN21,0.2,0.8,10,4,5.4269494692067415,0.4233249946871455,0.22309014929211438,0.07800422633178175,1.0,50,50,456
fixedN21,0.2,0.8,5,24,6.297748089773103,0.7112389036187535,0.5560657580440956,0.11293543239268851,1.0,50,50,456
fixedN21,0.2,0.8,10,5,3.950539625331077,0.13075583512833464,0.13253376938116337,0.033098221389787116,0.94,50,50,456
fixedN21,0.2,0.8,10,9,4.1172101706825615,0.11580837350557771,0.21194968242773052,0.028127875115585538,0.94,50,50,456
fixedN21,0.2,0.8,10,6,3.9681631000009476,0.4700089821718941,0.17168888527773757,0.11844497575509984,0.94,50,50,456
fixedN21,0.2,0.8,10,7,5.3613205060796725,0.9139071368034565,1.282224267952251,0.17046306703117206,0.72,50,50,456
fixedN21,0.2,0.8,10,10,4.83880798051923,0.14239970404643146,0.23054198207415005,0.029428674297414713,1.0,50,50,456
fixedN21,0.2,0.8,10,8,4.1499839354819406,0.16996488394206646,0.13847678652771553,0.04095555225862057,1.0,50,50,456
fixedN21,0.2,0.8,10,13,3.9939399397635236,0.2073844353902235,0.09941706348056799,0.05192477566462917,1.0,50,50,456
fixedN21,0.2,0.8,10,11,4.687441365067643,0.08232246969652932,0.09805773720320622,0.017562346552220037,1.0,50,50,456
fixedN21,0.2,0.8,10,14,5.503761825684059,0.17182278269803752,0.5279897865342786,0.031219153033876387,1.0,50,50,456
fixedN21,0.2,0.8,10,12,5.560773185410675,0.24150552983589554,0.7129766298269369,0.043430206876538854,1.0,50,50,456
fixedN21,0.2,0.8,10,16,5.306014423198268,0.16712263101846495,0.2900348087474986,0.03149682938813605,1.0,50,50,456
fixedN21,0.2,0.8,10,17,4.0175330292556515,0.40627061061177294,0.12476261374585697,0.1011243983940674,0.0,50,50,456
fixedN21,0.2,0.8,10,15,4.015410577633469,0.4127932434284728,0.27953223704332114,0.10280225034216986,0.2,50,50,456
fixedN21,0.2,0.8,10,18,4.84530941424884,0.6840904276474855,0.40373570532745584,0.14118611819417498,1.0,50,50,456
fixedN21,0.2,0.8,10,21,4.765695883508806,0.18705579735160507,0.11710710788732609,0.03925046875082654,1.0,50,50,456
fixedN21,0.2,0.8,10,19,4.033011779758148,0.13554855863178011,0.09142539682146839,0.03360976015793058,1.0,50,50,456
fixedN21,0.2,0.8,10,23,5.917116059233331,0.12759184998993983,0.7644557701665081,0.02156318191373648,1.0,50,50,456
fixedN21,0.2,0.8,15,0,3.7556140886678846,0.07263307765260732,0.11576493292018052,0.019339867179582942,0.96,50,50,456
fixedN21,0.2,0.8,10,20,4.131829338190732,0.17837977901942606,0.07962299693042856,0.04317210717554369,1.0,50,50,456
fixedN21,0.2,0.8,15,4,4.66277669509,0.22598673351607992,0.1053388305900621,0.04846612829519557,1.0,50,50,456
fixedN21,0.2,0.8,15,2,4.574214834138034,0.07630737403271463,0.14476640273380648,0.016682070431677486,0.4,50,50,456
fixedN21,0.2,0.8,10,22,5.2910555475413625,0.36087496441637723,0.8675487783483945,0.06820472043315967,1.0,50,50,456
fixedN21,0.2,0.8,15,3,4.156838902131883,0.1362113930370175,0.14063360055836105,0.03276802306848117,1.0,50,50,456
fixedN21,0.2,0.8,15,1,3.915652969165601,0.11384361999716604,0.15457168658865494,0.02907398099209628,1.0,50,50,456
fixedN21,0.2,0.8,10,24,4.624356129577277,0.24961990776564738,0.21420856524229015,0.053979386701877075,1.0,50,50,456
fixedN21,0.2,0.8,15,5,4.456643278710767,0.37337491016085417,0.1783386046731286,0.08377940230138081,0.34,50,50,456
fixedN21,0.2,0.8,15,6,4.529454595640031,0.3025070531700968,0.2197440111562402,0.06678663993260568,1.0,50,50,456
fixedN21,0.2,0.8,15,7,5.256015959050829,0.6646204175036962,0.9902171918326073,0.126449467178505,1.0,50,50,456
fixedN21,0.2,0.8,15,8,4.162658280446437,0.18304112408133527,0.11842394440799354,0.04397217156670003,1.0,50,50,456
fixedN21,0.2,0.8,15,9,4.497386929257325,0.42498089418502144,0.24580542487402562,0.09449507033080665,1.0,50,50,456
fixedN21,0.2,0.8,15,12,3.552578112140013,0.11282158524802292,0.0808879974145192,0.031757664908896574,1.0,50,50,456
fixedN21,0.2,0.8,15,10,3.8793573652507725,0.07231624424001372,0.10463279954471244,0.018641294789643336,1.0,50,50,456
fixedN21,0.2,0.8,15,11,4.687640427701785,0.16362612247448483,0.18671620503599856,0.0349058604212751,1.0,50,50,456
fixedN21,0.2,0.8,15,14,4.614850025699286,0.18736219287236802,0.1429824040884796,0.040599844378253036,0.3,50,50,456
fixedN21,0.2,0.8,15,16,5.544149053196403,0.20265236829673508,1.1449548666490492,0.036552474753523925,1.0,50,50,456
fixedN21,0.2,0.8,15,13,4.589306125969756,0.09425600370343037,0.2501615699330937,0.020538181833209775,0.0,50,50,456
fixedN21,0.2,0.8,15,20,4.138027991937565,0.1367545923717351,0.17986432540386754,0.03304825212351982,1.0,50,50,456
fixedN21,0.2,0.8,15,15,4.257278245902902,0.3750885809196125,0.30684534217563525,0.08810525393321152,1.0,50,50,456
fixedN21,0.2,0.8,15,17,3.9054389990738967,0.17553953359215052,0.22795589142738154,0.04494745242052853,1.0,50,50,456
fixedN21,0.2,0.8,15,18,4.259854054953734,0.17509025329482475,0.10860796330768156,0.0411024065698247,1.0,50,50,456
fixedN21,0.2,0.8,15,19,3.8138531821824886,0.21959713888735755,0.09086985498246078,0.05757881292160608,0.78,50,50,456
fixedN21,0.2,0.8,15,21,4.179054052908065,0.10831526926244787,0.08321142272005667,0.025918609305154803,1.0,50,50,456
fixedN21,0.2,0.8,20,0,3.471714447626423,0.30341959911740685,0.09569856463957535,0.08739762549447344,1.0,50,50,456
fixedN21,0.2,0.8,20,1,4.168106884176019,0.09125561777335559,0.17114134368933354,0.02189378063211439,1.0,50,50,456
fixedN21,0.2,0.8,15,23,3.9290373744272333,0.1555173392949845,0.11668771828307381,0.03958153727607529,0.0,50,50,456
fixedN21,0.2,0.8,20,2,4.158612010410834,0.1546403695627775,0.1318906775431181,0.037185572776600624,0.0,50,50,456
fixedN21,0.2,0.8,20,4,3.658182316234953,0.14618909550537643,0.11039076865351151,0.039962222455833224,1.0,50,50,456
fixedN21,0.2,0.8,15,22,5.632694792828696,0.20080570876829895,0.19779372266108122,0.035650024749069684,1.0,50,50,456
fixedN21,0.2,0.8,20,7,3.8127859642439548,0.11259482391892366,0.11799271362672473,0.029530853547728667,1.0,50,50,456
fixedN21,0.2,0.8,20,5,4.053789620084208,0.09236396353086564,0.13841444829816962,0.022784597176245914,1.0,50,50,456
fixedN21,0.2,0.8,20,3,4.091040056899044,0.14720804411833271,0.4240113105329552,0.03598303660461211,1.0,50,50,456
fixedN21,0.2,0.8,20,10,3.1903949182566618,0.14729976576735024,0.13161361555875972,0.046169759400143395,1.0,50,50,456
fixedN21,0.2,0.8,15,24,4.862652564244078,0.16043152097395064,0.1016041610441271,0.0329925938270053,0.34,50,50,456
fixedN21,0.2,0.8,20,8,4.134957460781644,0.2197288119741565,0.20076783678527596,0.05313931619809711,1.0,50,50,456
fixedN21,0.2,0.8,20,11,3.848444863614307,0.17070923066684432,0.09261682767577725,0.044357977499129606,1.0,50,50,456
fixedN21,0.2,0.8,20,9,4.209861967480698,0.3517296085389157,0.22038403872365206,0.08354896461116058,1.0,50,50,456
fixedN21,0.2,0.8,20,6,3.7882104658096694,0.3582573507015661,0.209356739630562,0.09457165960946531,1.0,50,50,456
fixedN21,0.2,0.8,20,12,4.6184553865032445,0.3240137609056011,0.16197659971791822,0.07015630417314056,1.0,50,50,456
fixedN21,0.2,0.8,25,0,3.9003594282913525,0.0,0.0,0.0,1.0,50,50,456
fixedN21,0.2,0.8,25,1,4.307963274630025,0.0,0.0,0.0,1.0,50,50,456
fixedN21,0.2,0.8,25,2,3.0970418416134886,1.794391381352886e-15,4.485978453382215e-16,5.793888081337799e-16,1.0,50,50,456
fixedN21,0.2,0.8,25,3,2.9627718128861464,0.0,4.485978453382215e-16,0.0,1.0,50,50,456
fixedN21,0.2,0.8,25,6,4.428644302570252,0.0,0.0,0.0,1.0,50,50,456
fixedN21,0.2,0.8,25,4,3.9802986941315015,0.0,0.0,0.0,1.0,50,50,456
fixedN21,0.2,0.8,25,5,4.299044609278521,0.0,0.0,0.0,1.0,50,50,456
fixedN21,0.2,0.8,25,7,4.142272176859877,0.0,8.97195690676443e-16,0.0,0.0,50,50,456
fixedN21,0.2,0.8,25,8,3.710470395294949,0.0,4.485978453382215e-16,0.0,1.0,50,50,456
fixedN21,0.2,0.8,25,10,4.080529761657889,8.97195690676443e-16,0.0,2.1987235557177238e-16,1.0,50,50,456
fixedN21,0.2,0.8,25,9,5.978218739486465,3.588782762705772e-15,0.0,6.003097108176493e-16,1.0,50,50,456
fixedN21,0.2,0.8,25,11,5.2462767526198855,0.0,8.97195690676443e-16,0.0,1.0,50,50,456
fixedN21,0.2,0.8,20,13,3.7520582244967557,0.11223721963007073,0.20580463050859346,0.02991350691129654,1.0,50,50,456
fixedN21,0.2,0.8,20,15,3.7381053840983456,0.3265375736583064,0.3902886698400006,0.08735376349938548,1.0,50,50,456
fixedN21,0.2,0.8,20,17,3.6889406483876015,0.10404255704574418,0.13548946940895812,0.02820391189845251,1.0,50,50,456
fixedN21,0.2,0.8,20,16,4.390417234794567,0.2874956137670431,0.20432485306253,0.06548252669213461,1.0,50,50,456
fixedN21,0.2,0.8,20,14,3.996360553760701,0.08740076687122098,0.08743577122768752,0.021870090472436002,1.0,50,50,456
fixedN21,0.2,0.8,20,18,4.219034895174384,0.34193657162394925,0.1940575912652986,0.08104615868786648,1.0,50,50,456
fixedN21,0.2,0.8,20,23,3.9881307543790028,0.14356432510933004,0.16014385949198282,0.03599789825137883,1.0,50,50,456
fixedN21,0.2,0.8,25,13,3.6350656979269753,1.794391381352886e-15,4.485978453382215e-16,4.936338241083788e-16,0.0,50,50,456
fixedN21,0.2,0.8,20,19,3.668426679509915,0.21933884467872478,0.19890375888527276,0.059790985030134886,0.94,50,50,456
fixedN21,0.2,0.8,20,22,3.89942066961146,0.07230791374277445,0.08256075367260082,0.018543245232882054,1.0,50,50,456
fixedN21,0.2,0.8,20,20,4.385855604066148,0.09734501967697445,0.1373087786049019,0.02219521764162172,0.0,50,50,456
fixedN21,0.2,0.8,25,12,3.4746083190417174,1.794391381352886e-15,0.0,5.164298293765012e-16,0.0,50,50,456
fixedN21,0.2,0.8,20,21,3.6052022676753746,0.07222685722398763,0.14169597199062087,0.020034065181746188,1.0,50,50,456
fixedN21,0.2,0.8,20,24,4.495777489265033,0.3214982393625987,0.280874357658307,0.07151115466240679,0.48,50,50,456
fixedN21,0.2,0.8,25,21,3.9871624331856323,0.0,4.485978453382215e-16,0.0,1.0,50,50,456
fixedN21,0.2,0.8,25,14,3.0053556849974594,8.97195690676443e-16,0.0,2.985322819376041e-16,1.0,50,50,456
fixedN21,0.2,0.8,25,15,3.8146052813635483,0.0,4.485978453382215e-16,0.0,1.0,50,50,456
fixedN21,0.2,0.8,30,1,2.826823906772477,0.0,4.485978453382215e-16,0.0,1.0,50,50,456
fixedN21,0.2,0.8,30,4,3.391662280659337,0.0,4.485978453382215e-16,0.0,0.0,50,50,456
fixedN21,0.2,0.8,25,17,5.221064044285767,0.0,8.97195690676443e-16,0.0,1.0,50,50,456
fixedN21,0.2,0.8,25,16,3.14570676080961,0.0,4.485978453382215e-16,0.0,0.0,50,50,456
fixedN21,0.2,0.8,25,19,5.066821290596265,0.0,8.97195690676443e-16,0.0,1.0,50,50,456
fixedN21,0.2,0.8,25,20,2.785770635466453,8.97195690676443e-16,4.485978453382215e-16,3.2206373319252656e-16,1.0,50,50,456
fixedN21,0.2,0.8,25,18,2.9089866788049856,1.794391381352886e-15,4.485978453382215e-16,6.168441383478674e-16,1.0,50,50,456
fixedN21,0.2,0.8,25,22,2.373638482370641,8.97195690676443e-16,0.0,3.779832933026854e-16,0.0,50,50,456
fixedN21,0.2,0.8,25,24,4.3817279701073595,0.0,8.97195690676443e-16,0.0,0.0,50,50,456
fixedN21,0.2,0.8,30,0,3.3336443684747508,0.0,0.0,0.0,0.0,50,50,456
fixedN21,0.2,0.8,30,2,3.604557974522312,1.794391381352886e-15,4.485978453382215e-16,4.978117688870532e-16,1.0,50,50,456
fixedN21,0.2,0.8,25,23,4.928180981048562,4.485978453382215e-16,8.97195690676443e-16,9.102706395388385e-17,1.0,50,50,456
fixedN21,0.2,0.8,30,3,4.238534808458233,3.588782762705772e-15,0.0,8.467036192658263e-16,1.0,50,50,456
fixedN21,0.2,0.8,30,5,3.510157181810414,0.0,4.485978453382215e-16,0.0,1.0,50,50,456
fixedN21,0.2,0.8,30,6,2.904767896144118,0.0,4.485978453382215e-16,0.0,1.0,50,50,456
fixedN21,0.2,0.8,30,7,2.875283975359306,1.794391381352886e-15,0.0,6.240744902870515e-16,0.0,50,50,456
fixedN21,0.2,0.8,30,11,3.6991820787718934,8.97195690676443e-16,4.485978453382215e-16,2.4253893741134977e-16,1.0,50,50,456
fixedN21,0.2,0.8,30,8,5.603506348364698,0.0,0.0,0.0,1.0,50,50,456
fixedN21,0.2,0.8,30,13,5.133051896728984,1.794391381352886e-15,0.0,3.495759282107306e-16,1.0,50,50,456
fixedN21,0.2,0.8,30,10,3.3375698686390503,0.0,4.485978453382215e-16,0.0,1.0,50,50,456
fixedN21,0.2,0.8,30,12,5.373983343239667,3.588782762705772e-15,0.0,6.678068266103519e-16,1.0,50,50,456
fixedN21,0.2,0.8,30,14,3.899886316674302,8.97195690676443e-16,0.0,2.3005688315590255e-16,1.0,50,50,456
fixedN21,0.2,0.8,30,9,6.040086473826521,3.588782762705772e-15,8.97195690676443e-16,5.941608250572285e-16,1.0,50,50,456
fixedN21,0.2,0.8,30,16,3.3233889467438154,0.0,0.0,0.0,1.0,50,50,456
fixedN21,0.2,0.8,30,17,3.5805219772106294,0.0,4.485978453382215e-16,0.0,1.0,50,50,456
fixedN21,0.2,0.8,30,15,5.042731648013607,0.0,0.0,0.0,1.0,50,50,456
fixedN21,0.2,0.8,30,20,3.528527720942201,3.588782762705772e-15,4.485978453382215e-16,1.0170765391485946e-15,1.0,50,50,456
fixedN21,0.2,0.8,30,19,2.862247465534519,0.0,4.485978453382215e-16,0.0,1.0,50,50,456
fixedN21,0.2,0.8,30,21,3.4060777596493494,0.0,0.0,0.0,0.0,50,50,456
fixedN21,0.2,0.8,30,18,2.789738464000651,2.2429892266911074e-16,4.485978453382215e-16,8.040141596192953e-17,1.0,50,50,456
fixedN21,0.2,0.8,30,23,2.1762858081148213,0.0,0.0,0.0,0.0,50,50,456
fixedN21,0.2,0.8,30,22,4.3726153117188895,0.0,8.97195690676443e-16,0.0,1.0,50,50,456
fixedN21,0.2,0.8,30,24,4.386970935224469,8.97195690676443e-16,8.97195690676443e-16,2.0451370750431834e-16,1.0,50,50,456
fixedN21,0.2,0.8,35,2,3.5320412088104605,0.0,4.485978453382215e-16,0.0,1.0,50,50,456
fixedN21,0.2,0.8,35,0,3.7101376398331176,8.97195690676443e-16,4.485978453382215e-16,2.418227510062939e-16,1.0,50,50,456
fixedN21,0.2,0.8,35,1,4.4572812875559364,1.794391381352886e-15,0.0,4.0257530669257033e-16,1.0,50,50,456
fixedN21,0.2,0.8,35,4,4.746718084536036,0.0,0.0,0.0,1.0,50,50,456
fixedN21,0.2,0.8,35,3,4.208378952221899,0.0,0.0,0.0,1.0,50,50,456
fixedN21,0.2,0.8,35,5,4.4112343939885434,1.794391381352886e-15,0.0,4.067776094143199e-16,1.0,50,50,456
fixedN21,0.2,0.8,35,7,6.444535515525452,3.588782762705772e-15,0.0,5.568722143062256e-16,1.0,50,50,456
fixedN21,0.2,0.8,35,6,2.8554531256817466,0.0,0.0,0.0,1.0,50,50,456
fixedN21,0.2,0.8,35,8,3.9677220171325858,0.0,4.485978453382215e-16,0.0,0.0,50,50,456
fixedN21,0.2,0.8,35,9,3.287276282016386,0.0,4.485978453382215e-16,0.0,1.0,50,50,456
fixedN21,0.2,0.8,35,10,4.840507897246987,3.588782762705772e-15,0.0,7.414062406027419e-16,1.0,50,50,456
fixedN21,0.2,0.8,35,11,3.7263404555755346,0.0,4.485978453382215e-16,0.0,1.0,50,50,456
fixedN21,0.2,0.8,35,12,5.774905680129641,0.0,8.97195690676443e-16,0.0,1.0,50,50,456
fixedN21,0.2,0.8,35,14,6.295325604603697,0.0,0.0,0.0,1.0,50,50,456
fixedN21,0.2,0.8,35,13,5.449397051263049,0.0,8.97195690676443e-16,0.0,0.0,50,50,456
fixedN21,0.2,0.8,35,15,2.962860549228057,0.0,0.0,0.0,1.0,50,50,456
fixedN21,0.2,0.8,35,16,4.214226992282846,0.0,0.0,0.0,1.0,50,50,456
fixedN21,0.2,0.8,35,17,2.003786672482735,4.485978453382215e-16,0.0,2.23875051919773e-16,0.0,50,50,456
fixedN21,0.2,0.8,35,20,4.078921158352643,1.794391381352886e-15,8.97195690676443e-16,4.3991813317558413e-16,1.0,50,50,456
fixedN21,0.2,0.8,35,18,4.625898349959279,1.794391381352886e-15,0.0,3.879011698060079e-16,0.0,50,50,456
fixedN21,0.2,0.8,35,19,3.630429448625914,0.0,4.485978453382215e-16,0.0,1.0,50,50,456
fixedN21,0.2,0.8,35,21,3.4545087627011934,8.97195690676443e-16,0.0,2.5971730057934384e-16,1.0,50,50,456
fixedN21,0.2,0.8,35,23,4.41428626395572,8.97195690676443e-16,8.97195690676443e-16,2.0324818940773677e-16,1.0,50,50,456
fixedN21,0.2,0.8,35,22,3.632072955853665,0.0,4.485978453382215e-16,0.0,1.0,50,50,456
fixedN21,0.2,0.8,35,24,5.101556396067067,0.0,0.0,0.0,0.0,50,50,456
fixedN21,0.225,0.775,0,0,8.152293698715225,0.8706576285497415,1.236084453611502,0.10679909982720008,1.0,50,50,456
fixedN21,0.225,0.775,0,1,6.726707916023469,0.8099626467676051,0.3498580694270116,0.12040996232915359,1.0,50,50,456
fixedN21,0.225,0.775,0,2,9.058688489971598,1.3202124178028487,1.0132304880802676,0.14573990697046124,0.68,50,50,456
fixedN21,0.225,0.775,0,3,7.400340425920203,2.0000357634155854,1.488617372132214,0.2702626701347849,0.84,50,50,456
fixedN21,0.225,0.775,0,4,8.155095836871162,0.5313088924670162,1.759402258605342,0.06515053937991018,0.34,50,50,456
fixedN21,0.225,0.775,0,5,6.010724979174132,0.5700357923236914,0.6960028485428056,0.09483644557000075,1.0,50,50,456
fixedN21,0.225,0.775,0,6,7.007323601898039,1.3831035407823074,1.426573801946449,0.19737971576019023,1.0,50,50,456
fixedN21,0.225,0.775,0,8,7.760656858957608,0.8891965447810393,0.5925592649302465,0.11457748499145393,0.34,50,50,456
fixedN21,0.225,0.775,0,7,6.730380667498682,0.9901085444459816,0.38396521326114924,0.1471103334804317,1.0,50,50,456
fixedN21,0.225,0.775,0,12,6.617040641304942,0.4210399899222778,0.3078325755855777,0.06362965149315522,1.0,50,50,456
fixedN21,0.225,0.775,0,9,7.250570433158175,0.22662299139686326,0.46231322586020723,0.03125588441434555,1.0,50,50,456
fixedN21,0.225,0.775,0,10,7.075576618043666,0.6587246497112014,0.5854014399222636,0.09309836996625342,1.0,50,50,456
fixedN21,0.225,0.775,0,11,6.821219653094863,0.6511486985687157,0.9227536085961714,0.0954592773263477,1.0,50,50,456
fixedN21,0.225,0.775,0,14,8.303998785326817,0.7862867765631327,0.7729609889969254,0.09468772779115806,1.0,50,50,456
fixedN21,0.225,0.775,0,13,6.470899946161094,0.5413078466874061,0.27627235484755425,0.0836526373751986,1.0,50,50,456
fixedN21,0.225,0.775,0,15,7.092222744218374,0.41749516493461797,0.7468001133146953,0.05886661770105328,1.0,50,50,456
fixedN21,0.225,0.775,0,16,6.68894150520399,0.7171081757438289,0.6705123742889533,0.1072080201607264,1.0,50,50,456
fixedN21,0.225,0.775,0,17,11.460745161809955,3.8274435893897487,3.3184192845132245,0.33396114609927285,0.2,50,50,456
fixedN21,0.225,0.775,0,23,8.029657820562596,1.149646270778184,0.8598419366228697,0.14317500153420415,1.0,50,50,456
fixedN21,0.225,0.775,0,21,6.403978957496414,0.9694081838574249,0.5706772092987964,0.15137591648745946,0.82,50,50,456
fixedN21,0.225,0.775,0,19,6.087141957367416,0.541603829417223,0.3131670909029897,0.0889750614016331,0.62,50,50,456
fixedN21,0.225,0.775,0,22,7.77897928441467,0.7397417767700184,1.1282208109584428,0.09509496679752122,1.0,50,50,456
fixedN21,0.225,0.775,0,18,7.065975714432685,0.596274198284801,0.793926462327316,0.0843866752990496,1.0,50,50,456
fixedN21,0.225,0.775,5,1,5.114729729346895,0.5263185193233532,0.3302906529585325,0.10290250847537144,1.0,50,50,456
fixedN21,0.225,0.775,5,0,5.685055439594983,0.18287217257467264,0.3820265377532847,0.03216717488821901,1.0,50,50,456
fixedN21,0.225,0.775,0,20,7.827539370920317,0.5411664961115537,1.0838386900162966,0.06913622154645598,1.0,50,50,456
fixedN21,0.225,0.775,0,24,8.004568285212134,0.3490231945840787,1.138617236790829,0.043603000455236796,1.0,50,50,456
fixedN21,0.225,0.775,5,3,6.615516078678001,0.20093224265665827,0.6402918195994031,0.03037287496046887,1.0,50,50,456
fixedN21,0.225,0.775,5,2,4.697365586206712,0.49478512315317347,0.46178574555690927,0.10533247073765231,1.0,50,50,456
fixedN21,0.225,0.775,5,5,6.996725216187524,0.536486056004496,1.4068060163022875,0.07667673653429885,1.0,50,50,456
fixedN21,0.225,0.775,5,4,4.480352910075405,0.5532556261736415,0.171618147836349,0.1234848319491712,0.86,50,50,456
fixedN21,0.225,0.775,5,6,9.12120061952541,0.8074099520705029,4.190408937528712,0.08852013959018848,1.0,50,50,456
fixedN21,0.225,0.775,5,7,5.811434921032299,0.5433336861781332,0.5256615168367411,0.0934938949779411,1.0,50,50,456
fixedN21,0.225,0.775,5,8,4.996582819262137,0.7674080327408387,1.1303843231037558,0.15358657316404983,1.0,50,50,456
fixedN21,0.225,0.775,5,9,4.860656927639458,0.29185173302753004,0.45643590204521983,0.06004368079712749,1.0,50,50,456
fixedN21,0.225,0.775,5,10,4.3977036246294645,0.18321613120321256,0.14771885867926074,0.04166177324390516,1.0,50,50,456
fixedN21,0.225,0.775,5,11,5.220448100142743,0.35272943725063316,0.3941137349142467,0.0675668889881289,1.0,50,50,456
fixedN21,0.225,0.775,5,12,6.07088001659306,1.109030559563276,0.4499685414945669,0.18268036207799357,0.98,50,50,456
fixedN21,0.225,0.775,5,14,5.022817185736722,0.3411115239876359,0.2422652201434635,0.06791239087026484,1.0,50,50,456
fixedN21,0.225,0.775,5,13,5.726055128232916,0.322461647656589,0.2544476454623554,0.05631479970681001,1.0,50,50,456
fixedN21,0.225,0.775,5,15,4.7398949983261796,0.13254641720444757,0.2594122626374802,0.027963998622596974,1.0,50,50,456
fixedN21,0.225,0.775,5,16,4.829451079918625,0.4092532322973365,0.45895225351603475,0.08474114874028961,1.0,50,50,456
fixedN21,0.225,0.775,5,19,5.736032720752202,0.262660742356279,0.26675115777362773,0.0457913605349578,1.0,50,50,456
fixedN21,0.225,0.775,5,17,4.7249531088070755,0.18816222912907313,0.2126362404832605,0.03982308920237709,1.0,50,50,456
fixedN21,0.225,0.775,5,18,4.319724155308657,0.195744647861319,0.10701717839477488,0.045314154520899604,1.0,50,50,456
fixedN21,0.225,0.775,5,20,4.6066071755164675,0.26633960785076716,0.1947649802212647,0.057816869922473174,1.0,50,50,456
fixedN21,0.225,0.775,5,21,5.049370517533239,0.23412149357594036,0.6736761867406004,0.04636647137756794,0.26,50,50,456
fixedN21,0.225,0.775,5,22,5.35347069337832,0.5999739649206648,0.1252840595356924,0.11207196215023078,1.0,50,50,456
fixedN21,0.225,0.775,5,23,4.697626753967077,1.1534602216561445,0.7691299422610686,0.24554105340149987,1.0,50,50,456
fixedN21,0.225,0.775,10,1,4.530232703272668,0.16400221150032393,0.2682090347114108,0.036201719037931034,1.0,50,50,456
fixedN21,0.225,0.775,10,3,4.398478439937438,0.23200983815787832,0.06096926963032045,0.052747749324236384,1.0,50,50,456
fixedN21,0.225,0.775,10,2,6.112302675124813,0.6586720607767177,1.02485624997035,0.1077616891351454,1.0,50,50,456
fixedN21,0.225,0.775,10,4,3.990538233069277,0.10739768566718999,0.14186981349963337,0.02691308274587969,1.0,50,50,456
fixedN21,0.225,0.775,10,0,3.926847708938238,0.3411147827806254,0.20003398496127797,0.08686733177968285,1.0,50,50,456
fixedN21,0.225,0.775,10,6,4.501967509934297,0.114109200516977,0.22379710826438973,0.025346517998003575,1.0,50,50,456
fixedN21,0.225,0.775,10,12,4.022731734116395,0.23416004350178798,0.1799524178497468,0.05820921179404024,1.0,50,50,456
fixedN21,0.225,0.775,10,5,4.645810728357983,0.6204267584289531,0.21331259273029826,0.13354542289936056,1.0,50,50,456
fixedN21,0.225,0.775,10,9,4.861104063715911,0.13113967942351581,0.24462083970984738,0.026977344591810778,1.0,50,50,456
fixedN21,0.225,0.775,10,10,4.186163957048623,0.19606675519177497,0.1542830070301319,0.046836855221984226,1.0,50,50,456
fixedN21,0.225,0.775,5,24,7.126075257771156,1.618464036891672,1.4897698184449395,0.22711857205362773,1.0,50,50,456
fixedN21,0.225,0.775,10,8,4.788788033700189,0.9879210278439563,0.41196297408320315,0.2062987588700208,1.0,50,50,456
fixedN21,0.225,0.775,10,7,4.513756945872594,0.16271961321556289,0.12901386336037635,0.03604970652315576,1.0,50,50,456
fixedN21,0.225,0.775,10,11,4.557022421804955,0.11527647901530032,0.06787279356216389,0.02529644762415748,1.0,50,50,456
fixedN21,0.225,0.775,10,13,4.2233126285579905,0.12983536842357696,0.10822276851230658,0.03074254260639663,1.0,50,50,456
fixedN21,0.225,0.775,10,14,4.745525243999358,0.2446357407064337,0.2611798656699504,0.05155082485669458,1.0,50,50,456
fixedN21,0.225,0.775,10,15,4.0269610897914125,0.19838065992478257,0.23881346775083892,0.04926311814327916,1.0,50,50,456
fixedN21,0.225,0.775,10,16,4.661259132307016,0.2716776013518997,0.1762679428051462,0.058284166067685925,1.0,50,50,456
fixedN21,0.225,0.775,15,1,3.874578754629313,0.4339516297390503,0.09297661557895774,0.11199969266867235,1.0,50,50,456
fixedN21,0.225,0.775,10,17,4.324216957114388,0.11284233127360564,0.13649842108605761,0.026095437021945115,0.0,50,50,456
fixedN21,0.225,0.775,15,0,4.016828004626413,0.2919382526422205,0.19963652837173904,0.07267880335079778,1.0,50,50,456
fixedN21,0.225,0.775,15,2,4.229391720883374,0.14017997203678081,0.2578949405760677,0.033144239476475365,1.0,50,50,456
fixedN21,0.225,0.775,10,18,3.7752430573599214,0.17181055828028435,0.14772983539620385,0.045509800473729975,0.76,50,50,456
fixedN21,0.225,0.775,10,23,4.698340530247439,0.16651971836485668,0.2743796094822272,0.03544224121108712,1.0,50,50,456
fixedN21,0.225,0.775,15,3,4.049073843526729,0.3966522538561088,0.1907303190035638,0.097961229946507,1.0,50,50,456
fixedN21,0.225,0.775,10,22,4.721732106054086,0.20332687452640436,0.28494775953975443,0.04306192514939672,1.0,50,50,456
fixedN21,0.225,0.775,10,19,4.385409280245992,0.23829060911791713,0.14683393910790674,0.0543371425310959,1.0,50,50,456
fixedN21,0.225,0.775,15,4,3.311712441122865,0.08224601580014737,0.15543751433244507,0.02483489048712851,1.0,50,50,456
fixedN21,0.225,0.775,10,21,4.737449095212244,0.10459661766282204,0.2128552627983579,0.022078678960060882,0.8,50,50,456
fixedN21,0.225,0.775,10,20,4.610203469305696,0.20573093740449563,0.43758575028944446,0.044625131791738264,0.0,50,50,456
fixedN21,0.225,0.775,10,24,4.213632714289542,0.12286612773741164,0.06658455399118704,0.029159192570520003,1.0,50,50,456
fixedN21,0.225,0.775,15,5,3.5372931839139774,0.07378929616087675,0.1283992744948019,0.020860384572146114,1.0,50,50,456
fixedN21,0.225,0.775,15,8,4.3116723773725365,0.23938614460515373,0.16030728086315452,0.05552048570792194,0.94,50,50,456
fixedN21,0.225,0.775,15,6,3.67397752451632,0.2516200513003974,0.19275412158712285,0.06848709596652289,1.0,50,50,456
fixedN21,0.225,0.775,15,7,4.11682653763895,0.22482424140970464,0.14822697022887824,0.05461105522766186,1.0,50,50,456
fixedN21,0.225,0.775,15,14,3.987290723916883,0.23702109629468865,0.08605668749858364,0.059444147092904444,0.0,50,50,456
fixedN21,0.225,0.775,15,15,4.079679163811378,0.2047949220211096,0.12448029847805807,0.05019878127616856,1.0,50,50,456
fixedN21,0.225,0.775,15,12,4.532826292881995,0.25271728408447713,0.2710128162537692,0.055752695505081475,0.06,50,50,456
fixedN21,0.225,0.775,15,10,4.356044286418293,0.32557943590857236,0.1535548648496595,0.07474199399755788,1.0,50,50,456
fixedN21,0.225,0.775,15,9,3.978384739448435,0.08092380227875672,0.06404939155721244,0.020340868864778528,1.0,50,50,456
fixedN21,0.225,0.775,15,11,3.576398726533542,0.22346809532513565,0.17008719661129193,0.06248411108840043,0.0,50,50,456
fixedN21,0.225,0.775,15,13,3.8509811995439502,0.19004679200809838,0.1418068822210179,0.04935022586726846,1.0,50,50,456
fixedN21,0.225,0.775,15,16,3.5701062139730264,0.24838581815129665,0.13586562225367382,0.0695737894797472,1.0,50,50,456
fixedN21,0.225,0.775,15,21,3.5437012944984345,0.037565773614836095,0.08540243078526569,0.010600716734550012,1.0,50,50,456
fixedN21,0.225,0.775,15,17,3.48035259169307,0.23260526884787935,0.10133362896552234,0.06683382293020058,1.0,50,50,456
fixedN21,0.225,0.775,15,19,4.832742730890098,0.23695684909640677,0.2946456308506,0.04903154632706134,1.0,50,50,456
fixedN21,0.225,0.775,15,18,3.8022089732017577,0.14399101827963598,0.15858556326239379,0.037870358860992395,1.0,50,50,456
fixedN21,0.225,0.775,15,20,4.2718152620380945,0.09815713643283018,0.15627378708504766,0.022977851431243576,0.0,50,50,456
fixedN21,0.225,0.775,20,0,3.8964290763116423,0.14360877711628176,0.16425036583114538,0.03685650997456927,1.0,50,50,456
fixedN21,0.225,0.775,15,23,4.158995715098761,0.18421287801819422,0.1183980965546681,0.04429263472175033,1.0,50,50,456
fixedN21,0.225,0.775,20,5,3.957810320360776,0.14941956962010033,0.15406310516773547,0.037753090099194024,1.0,50,50,456
fixedN21,0.225,0.775,20,1,3.876765089111475,0.12033637840729543,0.17421584867742593,0.031040410146407817,0.88,50,50,456
fixedN21,0.225,0.775,20,4,3.178300317556131,0.17720395997738375,0.19344283263867307,0.05575431591487868,1.0,50,50,456
fixedN21,0.225,0.775,15,22,3.9228129063331583,0.2639594723742155,0.3585853862974619,0.06728831547078576,0.12,50,50,456
fixedN21,0.225,0.775,20,2,3.398104046364486,0.0906760827040357,0.1373494788536384,0.026684316155959644,1.0,50,50,456
fixedN21,0.225,0.775,15,24,3.5560694707860834,0.1051696883201033,0.13414099267635543,0.029574700152540923,1.0,50,50,456
fixedN21,0.225,0.775,20,6,4.228194187135909,0.10301779194560241,0.18721416830149154,0.024364489279851295,1.0,50,50,456
fixedN21,0.225,0.775,20,3,3.250679458639971,0.16598732343019915,0.12028088383570186,0.051062347285279676,1.0,50,50,456
fixedN21,0.225,0.775,20,7,3.351152081824893,0.05538662273894354,0.18860666123570258,0.016527636283454605,0.0,50,50,456
fixedN21,0.225,0.775,20,9,3.3532459513067443,0.0754625380982576,0.11682810218395029,0.02250432541903173,0.0,50,50,456
fixedN21,0.225,0.775,20,11,3.187580560669926,0.10426614427461073,0.06733258885684652,0.032710120509925986,1.0,50,50,456
fixedN21,0.225,0.775,20,10,3.2044488574062844,0.34008186245041744,0.0866906030821606,0.10612803561036807,0.88,50,50,456
fixedN21,0.225,0.775,20,12,3.8637111753236777,0.10023792753711806,0.17026048092117874,0.025943431842759507,1.0,50,50,456
fixedN21,0.225,0.775,20,8,3.77794515592036,0.10888067228373306,0.10235181195294425,0.028820077526299667,1.0,50,50,456
fixedN21,0.225,0.775,25,1,3.576403787812485,1.794391381352886e-15,4.485978453382215e-16,5.017306455908965e-16,0.0,50,50,456
fixedN21,0.225,0.775,25,0,2.6320029892824808,0.0,0.0,0.0,0.0,50,50,456
fixedN21,0.225,0.775,25,3,3.5176351883642667,0.0,0.0,0.0,0.0,50,50,456
fixedN21,0.225,0.775,25,2,2.450122480531086,1.794391381352886e-15,4.485978453382215e-16,7.323680328682734e-16,1.0,50,50,456
fixedN21,0.225,0.775,25,4,2.720258768882665,4.485978453382215e-16,4.485978453382215e-16,1.649099896192895e-16,0.0,50,50,456
fixedN21,0.225,0.775,25,5,5.3637010224462225,3.588782762705772e-15,8.97195690676443e-16,6.690870254861886e-16,1.0,50,50,456
fixedN21,0.225,0.775,25,6,3.5656946137537626,0.0,4.485978453382215e-16,0.0,1.0,50,50,456
fixedN21,0.225,0.775,25,7,3.0919968886517375,0.0,4.485978453382215e-16,0.0,1.0,50,50,456
fixedN21,0.225,0.775,20,13,3.5902423999571855,0.09066160980558886,0.17188137651827415,0.02525222525550643,1.0,50,50,456
fixedN21,0.225,0.775,25,8,3.759841854939509,1.794391381352886e-15,0.0,4.772518235030275e-16,1.0,50,50,456
fixedN21,0.225,0.775,20,14,3.170845002179918,0.26321054250560577,0.11455491637414038,0.08300958965974423,1.0,50,50,456
fixedN21,0.225,0.775,20,20,3.590302333904649,0.1976642334597323,0.260701507754541,0.05505503856683894,1.0,50,50,456
fixedN21,0.225,0.775,25,9,3.4733631968828784,3.588782762705772e-15,4.485978453382215e-16,1.0332299155833962e-15,1.0,50,50,456
fixedN21,0.225,0.775,25,10,4.023193427793747,4.485978453382215e-16,0.0,1.1150292755976815e-16,1.0,50,50,456
fixedN21,0.225,0.775,20,17,3.346291193126155,0.16078774113579353,0.14913525112491266,0.04804953659325243,0.16,50,50,456
fixedN21,0.225,0.775,20,15,2.9457004840452954,0.08738925424284022,0.12425300265996869,0.02966671415378579,1.0,50,50,456
fixedN21,0.225,0.775,20,16,3.558591307188701,0.1458702522403734,0.14370834536300525,0.04099101010720205,0.72,50,50,456
fixedN21,0.225,0.775,25,11,4.790004568836856,3.588782762705772e-15,0.0,7.492232441810021e-16,0.0,50,50,456
fixedN21,0.225,0.775,20,19,3.5065428068061317,0.14074830105882713,0.15843668019524554,0.04013876596219998,0.36,50,50,456
fixedN21,0.225,0.775,20,22,3.9426368002803236,0.22851699101148315,0.18073960926288551,0.05796044692608649,1.0,50,50,456
fixedN21,0.225,0.775,20,21,3.2153779348515514,0.14213689891953746,0.057918094995716124,0.04420534748929901,0.2,50,50,456
fixedN21,0.225,0.775,20,18,3.7510765538056763,0.19264128016181273,0.16336861563477978,0.05135626463458001,1.0,50,50,456
fixedN21,0.225,0.775,20,23,3.846643097364497,0.335590822323227,0.38951111701254376,0.08724251609231824,0.0,50,50,456
fixedN21,0.225,0.775,25,14,2.0715133331053788,3.588782762705772e-15,4.485978453382215e-16,1.7324449258194607e-15,1.0,50,50,456
fixedN21,0.225,0.775,20,24,3.6807926498677266,0.25863184843227593,0.06928537153179942,0.07026525888155372,1.0,50,50,456
fixedN21,0.225,0.775,25,13,3.1464513504947855,4.485978453382215e-16,4.485978453382215e-16,1.4257263035949327e-16,1.0,50,50,456
fixedN21,0.225,0.775,25,12,3.8029221398358004,8.97195690676443e-16,0.0,2.3592270829798827e-16,0.0,50,50,456
fixedN21,0.225,0.775,25,15,3.6670695690198314,0.0,8.97195690676443e-16,0.0,1.0,50,50,456
fixedN21,0.225,0.775,25,16,3.7947216505447443,0.0,0.0,0.0,1.0,50,50,456
fixedN21,0.225,0.775,25,22,2.716751893566931,0.0,0.0,0.0,1.0,50,50,456
fixedN21,0.225,0.775,25,21,3.725281817731634,0.0,4.485978453382215e-16,0.0,0.0,50,50,456
fixedN21,0.225,0.775,25,17,3.4029768546353334,1.794391381352886e-15,4.485978453382215e-16,5.27300495420259e-16,0.0,50,50,456
fixedN21,0.225,0.775,25,19,3.683646044560852,0.0,4.485978453382215e-16,0.0,1.0,50,50,456
fixedN21,0.225,0.775,25,18,3.6097245368037547,0.0,4.485978453382215e-16,0.0,1.0,50,50,456
fixedN21,0.225,0.775,25,20,4.29130482293181,1.794391381352886e-15,0.0,4.1814586830654495e-16,1.0,50,50,456
fixedN21,0.225,0.775,25,24,3.364136006113764,1.794391381352886e-15,0.0,5.3338847718756755e-16,1.0,50,50,456
fixedN21,0.225,0.775,30,0,4.354852792482539,0.0,0.0,0.0,0.0,50,50,456
fixedN21,0.225,0.775,30,1,4.127155066647055,8.97195690676443e-16,0.0,2.1738841312917624e-16,1.0,50,50,456
fixedN21,0.225,0.775,25,23,3.824855239702274,3.588782762705772e-15,4.485978453382215e-16,9.382793694919346e-16,1.0,50,50,456
fixedN21,0.225,0.775,30,5,3.2911956806966964,0.0,4.485978453382215e-16,0.0,1.0,50,50,456
fixedN21,0.225,0.775,30,4,3.890057271675662,0.0,0.0,0.0,1.0,50,50,456
fixedN21,0.225,0.775,30,3,3.468875804307437,0.0,4.485978453382215e-16,0.0,1.0,50,50,456
fixedN21,0.225,0.775,30,2,4.590317138694161,3.588782762705772e-15,0.0,7.8181586462818945e-16,1.0,50,50,456
fixedN21,0.225,0.775,30,6,2.7603297386770755,0.0,4.485978453382215e-16,0.0,1.0,50,50,456
fixedN21,0.225,0.775,30,7,3.510608674546514,0.0,0.0,0.0,1.0,50,50,456
fixedN21,0.225,0.775,30,11,3.8528530440376403,1.794391381352886e-15,4.485978453382215e-16,4.657305536554889e-16,1.0,50,50,456
fixedN21,0.225,0.775,30,10,3.442075881584101,0.0,0.0,0.0,1.0,50,50,456
fixedN21,0.225,0.775,30,9,3.2341851332957856,4.485978453382215e-16,4.485978453382215e-16,1.3870506073382365e-16,1.0,50,50,456
fixedN21,0.225,0.775,30,12,3.441615765168153,1.794391381352886e-15,4.485978453382215e-16,5.213805095599375e-16,1.0,50,50,456
fixedN21,0.225,0.775,30,8,3.697335358817759,4.485978453382215e-16,4.485978453382215e-16,1.2133003955628813e-16,1.0,50,50,456
fixedN21,0.225,0.775,30,17,3.096283815352637,4.485978453382215e-16,4.485978453382215e-16,1.4488266324743569e-16,1.0,50,50,456
fixedN21,0.225,0.775,30,13,5.414892522880463,1.794391381352886e-15,8.97195690676443e-16,3.313807935745243e-16,1.0,50,50,456
fixedN21,0.225,0.775,30,14,3.4728084240393287,1.794391381352886e-15,0.0,5.166974857961715e-16,1.0,50,50,456
fixedN21,0.225,0.775,30,15,3.7192893706562358,0.0,0.0,0.0,1.0,50,50,456
fixedN21,0.225,0.775,30,16,2.387912795539944,0.0,0.0,0.0,1.0,50,50,456
fixedN21,0.225,0.775,30,18,3.2959892820055323,0.0,0.0,0.0,0.0,50,50,456
fixedN21,0.225,0.775,30,21,4.159329137340443,8.97195690676443e-16,0.0,2.1570682700290644e-16,0.0,50,50,456
fixedN21,0.225,0.775,30,19,4.429321314444625,1.794391381352886e-15,0.0,4.051165526197274e-16,1.0,50,50,456
fixedN21,0.225,0.775,30,20,4.4855011622499505,0.0,0.0,0.0,1.0,50,50,456
fixedN21,0.225,0.775,30,23,2.5777924962903853,8.97195690676443e-16,0.0,3.480480651439428e-16,0.0,50,50,456
fixedN21,0.225,0.775,30,22,3.6841785688108213,3.588782762705772e-15,4.485978453382215e-16,9.741066280248623e-16,1.0,50,50,456
fixedN21,0.225,0.775,30,24,3.693308166464003,3.588782762705772e-15,4.485978453382215e-16,9.716987050505713e-16,1.0,50,50,456
fixedN21,0.225,0.775,35,0,5.415038788746934,3.588782762705772e-15,0.0,6.627436852647613e-16,1.0,50,50,456
fixedN21,0.225,0.775,35,2,2.9225900601846266,3.588782762705772e-15,0.0,1.2279459961206671e-15,1.0,50,50,456
fixedN21,0.225,0.775,35,3,3.486043483284781,1.794391381352886e-15,4.485978453382215e-16,5.147358000428874e-16,1.0,50,50,456
fixedN21,0.225,0.775,35,4,2.651621885075922,0.0,4.485978453382215e-16,0.0,1.0,50,50,456
fixedN21,0.225,0.775,35,1,2.4441353706622095,1.794391381352886e-15,0.0,7.341620283768149e-16,1.0,50,50,456
fixedN21,0.225,0.775,35,6,4.453607285462791,1.794391381352886e-15,0.0,4.029074110800104e-16,0.0,50,50,456
fixedN21,0.225,0.775,35,5,3.613344027054835,0.0,4.485978453382215e-16,0.0,1.0,50,50,456
fixedN21,0.225,0.775,35,7,3.125989575001771,0.0,0.0,0.0,0.0,50,50,456
fixedN21,0.225,0.775,35,8,3.5750289769510357,0.0,4.485978453382215e-16,0.0,1.0,50,50,456
fixedN21,0.225,0.775,35,9,3.9167258374709206,1.794391381352886e-15,0.0,4.581355590902291e-16,1.0,50,50,456
fixedN21,0.225,0.775,35,10,4.108718501560244,1.794391381352886e-15,8.97195690676443e-16,4.367277487302876e-16,1.0,50,50,456
fixedN21,0.225,0.775,35,12,3.1512435101607847,0.0,0.0,0.0,1.0,50,50,456
fixedN21,0.225,0.775,35,11,3.822930211335296,0.0,4.485978453382215e-16,0.0,0.0,50,50,456
fixedN21,0.225,0.775,35,13,2.2869269274376176,0.0,0.0,0.0,0.0,50,50,456
fixedN21,0.225,0.775,35,14,3.9503440582549705,0.0,4.485978453382215e-16,0.0,1.0,50,50,456
fixedN21,0.225,0.775,35,15,3.8156936247788167,1.794391381352886e-15,0.0,4.702661056695559e-16,1.0,50,50,456
fixedN21,0.225,0.775,35,17,4.007817563017248,3.588782762705772e-15,0.0,8.954456399966446e-16,0.0,50,50,456
fixedN21,0.225,0.775,35,16,5.486928862150335,3.588782762705772e-15,8.97195690676443e-16,6.540603774657511e-16,1.0,50,50,456
fixedN21,0.225,0.775,35,18,3.5409155958495897,0.0,4.485978453382215e-16,0.0,1.0,50,50,456
fixedN21,0.225,0.775,35,20,3.438709386850842,0.0,4.485978453382215e-16,0.0,1.0,50,50,456
fixedN21,0.225,0.775,35,23,5.754692859497478,0.0,0.0,0.0,1.0,50,50,456
fixedN21,0.225,0.775,35,19,2.9762330118731466,0.0,0.0,0.0,1.0,50,50,456
fixedN21,0.225,0.775,35,22,4.050705473328751,0.0,0.0,0.0,0.0,50,50,456
fixedN21,0.225,0.775,35,21,2.351608836981728,2.2429892266911074e-16,0.0,9.538105110924684e-17,1.0,50,50,456
fixedN21,0.225,0.775,35,24,3.5034440395384716,0.0,4.485978453382215e-16,0.0,1.0,50,50,456
fixedN21,0.25,0.75,0,0,5.705647704428493,0.34108466221675593,0.5689789145695071,0.059780182704238786,1.0,50,50,456
fixedN21,0.25,0.75,0,2,8.534067978668586,1.3879285574920552,1.8007341513485862,0.16263387647734534,1.0,50,50,456
fixedN21,0.25,0.75,0,5,7.588386537871736,1.4790458030708453,0.6114238714495058,0.19490912800623666,0.86,50,50,456
fixedN21,0.25,0.75,0,1,5.777759247343388,0.34815992424932257,0.5473539240102478,0.0602586416887146,1.0,50,50,456
fixedN21,0.25,0.75,0,8,8.073600047769784,0.7807746189126148,1.3392819302337238,0.09670712127092457,1.0,50,50,456
fixedN21,0.25,0.75,0,3,7.3837561293544205,1.2447011818646994,1.6183087513977212,0.1685728997625395,0.5,50,50,456
fixedN21,0.25,0.75,0,4,6.038658241906112,0.32541088338541485,0.47970703292725964,0.05388794502844698,0.98,50,50,456
fixedN21,0.25,0.75,0,6,7.36801525474208,1.3502475610228561,2.40638218596674,0.1832579757695035,1.0,50,50,456
fixedN21,0.25,0.75,0,10,7.442581579895947,1.5168349495174058,2.197855021176147,0.20380494768303398,0.94,50,50,456
fixedN21,0.25,0.75,0,11,13.258015323436132,1.114532383114025,1.6531014790420828,0.08406479823144203,1.0,50,50,456
fixedN21,0.25,0.75,0,14,6.973897233756595,0.8370453122074846,1.1581820788027803,0.12002547272360614,1.0,50,50,456
fixedN21,0.25,0.75,0,9,7.311756548705067,1.027449988019355,0.5707634769176128,0.14052026775991597,1.0,50,50,456
fixedN21,0.25,0.75,0,7,4.155092734897182,0.19078936882439182,0.23373073511170098,0.04591699415563415,1.0,50,50,456
fixedN21,0.25,0.75,0,12,6.4279661066715414,0.3357970271073063,0.4699478431718381,0.05224001208699357,1.0,50,50,456
fixedN21,0.25,0.75,0,13,5.222114417103848,1.1300498061225825,0.2302937255891301,0.21639698326435772,0.76,50,50,456
fixedN21,0.25,0.75,0,15,6.247726249779217,0.5572116472620423,0.5496842897810222,0.08918630954448958,1.0,50,50,456
fixedN21,0.25,0.75,0,16,6.095321836175729,0.4506233421837175,0.964736250775278,0.07392937637997529,1.0,50,50,456
fixedN21,0.25,0.75,0,17,7.099864324999998,0.4204571561829014,0.5586403837096245,0.05922044942498272,1.0,50,50,456
fixedN21,0.25,0.75,0,19,7.422004392691263,1.514809757088386,1.0660710151135628,0.2040971248386862,0.08,50,50,456
fixedN21,0.25,0.75,0,18,5.985226502809266,0.6100697497946798,0.352705735354247,0.10192926692220142,0.88,50,50,456
fixedN21,0.25,0.75,0,23,5.505990545004924,0.532537412037876,0.27891950890228817,0.09671963794434735,1.0,50,50,456
fixedN21,0.25,0.75,5,2,3.9006382065387766,0.31173793017630497,0.13756649633352613,0.07991972432965655,1.0,50,50,456
fixedN21,0.25,0.75,0,20,7.267994270452674,0.3559475072866229,0.6461129238454398,0.048974654360102204,1.0,50,50,456
fixedN21,0.25,0.75,0,22,9.05061747874371,0.34710007252596314,0.6716518836534017,0.03835098249828398,0.12,50,50,456
fixedN21,0.25,0.75,5,0,5.614299635143521,0.24569126665482643,0.6555811033898528,0.04376169471199692,1.0,50,50,456
fixedN21,0.25,0.75,0,24,7.2212983623152684,1.0733352447222269,0.7488382719277856,0.1486346624761392,1.0,50,50,456
fixedN21,0.25,0.75,5,3,4.336558152206064,0.3649453797675224,0.3667604319468528,0.08415553693932823,0.94,50,50,456
fixedN21,0.25,0.75,5,1,4.0109636651449865,0.2765681207688548,0.16665665504898117,0.06895303569369471,1.0,50,50,456
fixedN21,0.25,0.75,5,5,4.216250793827624,0.2217339014791097,0.2903468411986467,0.052590301744791096,1.0,50,50,456
fixedN21,0.25,0.75,0,21,6.039821349213264,0.6291477508874022,0.32491808289378554,0.10416661594955184,1.0,50,50,456
fixedN21,0.25,0.75,5,4,5.130217713725398,0.5754725237366568,0.22011409140726768,0.11217311931948543,1.0,50,50,456
fixedN21,0.25,0.75,5,6,3.96743776280142,0.7079081921185664,0.12477444301057866,0.1784295644801017,0.88,50,50,456
fixedN21,0.25,0.75,5,7,6.918568531614784,1.4631366116756506,2.0581112013719856,0.2114796731418886,0.58,50,50,456
fixedN21,0.25,0.75,5,8,4.053432243254921,0.3063939324342074,0.22875263134755214,0.07558876380481248,0.94,50,50,456
fixedN21,0.25,0.75,5,9,4.478495634508328,0.18172562927341404,0.4473054028255089,0.040577382251566,1.0,50,50,456
fixedN21,0.25,0.75,5,10,5.254252159039981,0.2641756154817602,0.1955587799071889,0.05027844258050007,0.86,50,50,456
fixedN21,0.25,0.75,5,12,6.010647099168437,0.41694966174978226,1.057719456517591,0.06936851471573943,1.0,50,50,456
fixedN21,0.25,0.75,5,13,4.077889027999538,0.23078660596181055,0.4207482442463687,0.05659462638075415,1.0,50,50,456
fixedN21,0.25,0.75,5,15,4.123157945653429,0.6625386338922865,0.3418420614860569,0.1606871826461862,0.2,50,50,456
fixedN21,0.25,0.75,5,14,5.239103847672538,0.35549599189135567,0.6810501591479162,0.06785435109275112,1.0,50,50,456
fixedN21,0.25,0.75,5,20,3.933859533992985,0.24282097635581912,0.08507576890772782,0.061725888852301895,1.0,50,50,456
fixedN21,0.25,0.75,5,11,5.120727567984486,0.09957292577993046,0.13269167416073657,0.01944507386069013,1.0,50,50,456
fixedN21,0.25,0.75,5,16,5.668699168365147,0.32560614820128936,0.5801199367559216,0.057439306361214824,1.0,50,50,456
fixedN21,0.25,0.75,5,18,5.19119218594162,1.2070458884649768,0.7029405270471271,0.232518050811874,1.0,50,50,456
fixedN21,0.25,0.75,5,17,4.2335852865399435,0.5756926958789573,0.1961256746900423,0.13598230740958187,0.0,50,50,456
fixedN21,0.25,0.75,5,19,4.10155137595528,0.2459693075171443,0.20030076586384316,0.05996982238454988,1.0,50,50,456
fixedN21,0.25,0.75,5,21,4.743552848245631,0.397323197521351,0.16579931342558665,0.08376067690872215,1.0,50,50,456
fixedN21,0.25,0.75,5,22,5.6551777624449695,0.6030627941431012,1.3772485988107235,0.10663905176384268,0.82,50,50,456
fixedN21,0.25,0.75,5,23,6.341790187532914,0.18595065903657973,1.2596701119312133,0.029321477617177103,1.0,50,50,456
fixedN21,0.25,0.75,10,1,3.7583271589080414,0.13320094940826568,0.2108835669380295,0.03544155252491813,1.0,50,50,456
fixedN21,0.25,0.75,10,0,3.6022340291601775,0.09790400281788016,0.09630596971376792,0.027178690230935783,0.96,50,50,456
fixedN21,0.25,0.75,10,3,3.819735524922682,0.22027400043850398,0.08988154691509184,0.05766734345906389,1.0,50,50,456
fixedN21,0.25,0.75,10,9,4.585828450038443,0.5504203100668362,0.28826759935851737,0.12002636297095283,1.0,50,50,456
fixedN21,0.25,0.75,10,8,4.030709445148191,0.24212819913392106,0.17302708314997356,0.060070864057287336,1.0,50,50,456
fixedN21,0.25,0.75,10,6,4.528155266882974,0.39503426889638626,0.3107259532285191,0.08723955907287477,1.0,50,50,456
fixedN21,0.25,0.75,10,2,4.706122796456248,0.14552349210064247,0.12440956536164482,0.030922162126798505,0.86,50,50,456
fixedN21,0.25,0.75,10,10,3.6746714279160835,0.09820379236662599,0.1334576811205827,0.02672450973999535,0.76,50,50,456
fixedN21,0.25,0.75,10,7,5.055590506616575,0.9195280860059843,1.3079580914889855,0.1818834189206066,1.0,50,50,456
fixedN21,0.25,0.75,5,24,4.9547169821043955,0.3271882452700658,0.20994415585078324,0.06603570828602617,1.0,50,50,456
fixedN21,0.25,0.75,10,4,4.7164513659434855,0.2895252896757162,0.18353826345773705,0.06138625572741365,1.0,50,50,456
fixedN21,0.25,0.75,10,12,3.4367800360459997,0.14306460592004364,0.13959241833964894,0.041627513084788174,1.0,50,50,456
fixedN21,0.25,0.75,10,11,4.581236804270468,0.18077490056249304,0.15933314862018322,0.03945984638776608,1.0,50,50,456
fixedN21,0.25,0.75,10,5,4.43257506826488,0.45331783298681416,0.18822642090217748,0.10226963469436837,0.1,50,50,456
fixedN21,0.25,0.75,10,13,4.634206075674704,0.08219418590100229,0.17994405406504632,0.01773641149288672,0.0,50,50,456
fixedN21,0.25,0.75,10,14,4.5971930850445855,0.15118919182108112,0.2205305494074092,0.03288728339754188,0.0,50,50,456
fixedN21,0.25,0.75,10,15,4.485714018651957,0.43638906056092247,0.32167226675784144,0.09728419126729478,1.0,50,50,456
fixedN21,0.25,0.75,10,19,3.4903353819733933,0.25461380374612363,0.07267693780745124,0.07294823444793666,0.0,50,50,456
fixedN21,0.25,0.75,10,16,5.239384187125941,0.2917170830462362,1.485676003020285,0.05567774238870186,1.0,50,50,456
fixedN21,0.25,0.75,10,20,4.253628602495001,0.1356345105685468,0.2247687220969145,0.031886777912154635,1.0,50,50,456
fixedN21,0.25,0.75,15,0,3.541089346425372,0.3466770916402154,0.14309494951320623,0.0979012551575904,1.0,50,50,456
fixedN21,0.25,0.75,10,24,4.159435888830685,0.21285047060108014,0.09887349931987541,0.051172917744121645,0.0,50,50,456
fixedN21,0.25,0.75,15,3,4.116354706580391,0.1744925356910599,0.47934386545766083,0.04239006308472803,1.0,50,50,456
fixedN21,0.25,0.75,15,2,3.7224544041148224,0.14543732838285087,0.143319576101564,0.03907027799241372,0.0,50,50,456
fixedN21,0.25,0.75,10,17,4.492598402144161,0.21801278400295854,0.3414022541509593,0.04852710268937206,1.0,50,50,456
fixedN21,0.25,0.75,15,1,3.5864814539126564,0.13029077882602796,0.22211348361679356,0.03632830128924487,1.0,50,50,456
fixedN21,0.25,0.75,10,23,4.064473664100492,0.10853323492886868,0.25778066305149305,0.026702900276483435,0.0,50,50,456
fixedN21,0.25,0.75,10,18,3.7507744623740744,0.23266988665104762,0.1891253843198359,0.06203249195201619,1.0,50,50,456
fixedN21,0.25,0.75,10,21,3.5224854231554277,0.11448020142302333,0.030943911866037507,0.032499836811382014,0.0,50,50,456
fixedN21,0.25,0.75,15,4,3.5433411014627905,0.15763389817048293,0.13369100802423806,0.044487361971842686,1.0,50,50,456
fixedN21,0.25,0.75,10,22,5.523740163027967,0.30940646687048295,0.3552444704704395,0.056013943041968606,1.0,50,50,456
fixedN21,0.25,0.75,15,5,3.979873579861783,0.07990551466964098,0.0978233871211114,0.020077400215414886,1.0,50,50,456
fixedN21,0.25,0.75,15,8,3.783255864366577,0.3002714467726891,0.22389408485945084,0.07936852741070499,1.0,50,50,456
fixedN21,0.25,0.75,15,9,3.9524030820632725,0.4301253140044378,0.14894530108387743,0.10882627734919677,1.0,50,50,456
fixedN21,0.25,0.75,15,17,3.4318692946005016,0.11637815698817593,0.13937460839503876,0.03391101088007005,1.0,50,50,456
fixedN21,0.25,0.75,15,7,3.579252202095671,0.14169533562818484,0.12314535122758308,0.03958797190799281,0.94,50,50,456
fixedN21,0.25,0.75,15,15,3.864134021430024,0.2840398646085785,0.270102899084087,0.07350673217681568,1.0,50,50,456
fixedN21,0.25,0.75,15,16,3.9821387673957647,0.3610073791311275,0.14662808244297737,0.09065665468188061,0.74,50,50,456
fixedN21,0.25,0.75,15,6,4.119133180258103,0.561650612467797,0.4732884700841299,0.136351651643515,1.0,50,50,456
fixedN21,0.25,0.75,15,14,3.6847508797763435,0.12758029980216193,0.15984830946232215,0.034623860327270155,1.0,50,50,456
fixedN21,0.25,0.75,15,10,3.327162074709355,0.23777871236091425,0.2612626966944329,0.07146592411843522,1.0,50,50,456
fixedN21,0.25,0.75,15,12,4.894357391103739,0.5544040653152205,0.45457430166322815,0.11327412794229876,1.0,50,50,456
fixedN21,0.25,0.75,15,13,3.9613940297182157,0.11905585384141998,0.17000452205319294,0.030054029704762474,1.0,50,50,456
fixedN21,0.25,0.75,15,11,3.862542193132839,0.315883619488638,0.20329227033507416,0.08178127349657001,1.0,50,50,456
fixedN21,0.25,0.75,15,18,4.989726082799407,0.4364076511296558,0.2293560870333418,0.0874612441420464,1.0,50,50,456
fixedN21,0.25,0.75,15,19,3.5276281698787932,0.2869128549470551,0.14393100103071702,0.08133307739089554,0.94,50,50,456
fixedN21,0.25,0.75,15,21,3.393090850747834,0.05665465065644272,0.11487480993207279,0.016697062692546557,1.0,50,50,456
fixedN21,0.25,0.75,15,20,4.468445262663886,0.11101596270341679,0.13362692709628715,0.02484442712793444,0.0,50,50,456
fixedN21,0.25,0.75,20,2,3.589606582016852,0.09966945503960123,0.1869508254639128,0.027766122209303804,1.0,50,50,456
fixedN21,0.25,0.75,20,0,3.6097093445629254,0.100502554077309,0.506946527396103,0.02784228437358525,1.0,50,50,456
fixedN21,0.25,0.75,20,3,3.4687865637910122,0.1921264963087456,0.1451101922844774,0.055387234923665034,1.0,50,50,456
fixedN21,0.25,0.75,20,5,3.7778878357618204,0.31803269167774695,0.1371500512150599,0.08418267177421769,1.0,50,50,456
fixedN21,0.25,0.75,15,22,3.6765448964719707,0.08832659163010362,0.0795111967744453,0.024024347347114467,1.0,50,50,456
fixedN21,0.25,0.75,20,1,2.7188657522774533,0.06135290867053953,0.07339856934566984,0.022565626353249466,1.0,50,50,456
fixedN21,0.25,0.75,20,4,3.154058012497509,0.09271215014471146,0.107862886272405,0.029394560841098254,1.0,50,50,456
fixedN21,0.25,0.75,20,7,3.49435084925823,0.16905493692638732,0.19179183345412396,0.04837949714244458,0.0,50,50,456
fixedN21,0.25,0.75,20,6,3.8332969437735716,0.12588747107370488,0.3192646968951251,0.032840521598042134,1.0,50,50,456
fixedN21,0.25,0.75,20,8,3.4082647898495093,0.13595036334382196,0.20808453364901983,0.03988843934564861,0.16,50,50,456
fixedN21,0.25,0.75,15,24,4.53603602049676,0.4738330921795873,0.4545586216725506,0.10445972872316298,0.04,50,50,456
fixedN21,0.25,0.75,20,9,3.7381115528927156,0.19225922048820726,0.18326824285526674,0.05143217845904802,0.56,50,50,456
fixedN21,0.25,0.75,15,23,4.020081718143031,0.20142793098982745,0.23601153038598457,0.050105431956958255,1.0,50,50,456
fixedN21,0.25,0.75,20,10,3.109592840497624,0.2672653617329316,0.2895331674899474,0.08594866770086898,0.32,50,50,456
fixedN21,0.25,0.75,20,11,2.8714793251360318,0.07480629176365206,0.13027339138685756,0.026051481934353898,0.0,50,50,456
fixedN21,0.25,0.75,20,12,3.08233260973008,0.11384374609851296,0.1636256242376007,0.036934283386270333,0.0,50,50,456
fixedN21,0.25,0.75,25,0,3.3903030190599215,1.794391381352886e-15,4.485978453382215e-16,5.292716819897836e-16,0.0,50,50,456
fixedN21,0.25,0.75,25,2,3.6660403495384553,1.794391381352886e-15,4.485978453382215e-16,4.89463074670958e-16,1.0,50,50,456
fixedN21,0.25,0.75,25,1,2.5941778633941706,8.97195690676443e-16,0.0,3.458497211531094e-16,1.0,50,50,456
fixedN21,0.25,0.75,25,3,4.426418045229667,3.588782762705772e-15,0.0,8.107645337686504e-16,1.0,50,50,456
fixedN21,0.25,0.75,25,4,3.327907845212814,0.0,0.0,0.0,0.0,50,50,456
fixedN21,0.25,0.75,25,6,3.2687849477132045,0.0,4.485978453382215e-16,0.0,1.0,50,50,456
fixedN21,0.25,0.75,25,5,3.7731802196975615,1.794391381352886e-15,0.0,4.755647164652832e-16,1.0,50,50,456
fixedN21,0.25,0.75,25,7,2.6846243525490787,1.794391381352886e-15,4.485978453382215e-16,6.683957029776224e-16,0.0,50,50,456
fixedN21,0.25,0.75,25,8,5.128769722164393,0.0,8.97195690676443e-16,0.0,0.0,50,50,456
fixedN21,0.25,0.75,20,14,3.72278343313964,0.08857689146828243,0.1630268971568671,0.023793189439864994,1.0,50,50,456
fixedN21,0.25,0.75,20,13,3.8424418295554865,0.19164273368508544,0.3339025863635698,0.04987524657133343,0.0,50,50,456
fixedN21,0.25,0.75,25,9,6.411233269934983,0.0,8.97195690676443e-16,0.0,1.0,50,50,456
fixedN21,0.25,0.75,20,15,3.2286293525228276,0.08056566228874634,0.09540414275165811,0.02495351850338377,1.0,50,50,456
fixedN21,0.25,0.75,25,10,3.644407403277228,0.0,0.0,0.0,1.0,50,50,456
fixedN21,0.25,0.75,20,17,3.1240868856389823,0.26495086426539416,0.17707362884889002,0.08480905748279234,0.34,50,50,456
fixedN21,0.25,0.75,25,11,1.7317832655565633,0.0,2.2429892266911074e-16,0.0,1.0,50,50,456
fixedN21,0.25,0.75,20,19,3.653367284536689,0.2187617274986798,0.2268809579490607,0.059879478426550434,1.0,50,50,456
fixedN21,0.25,0.75,20,18,3.384719954664736,0.1522724726687432,0.14411354572139135,0.04498820425568298,1.0,50,50,456
fixedN21,0.25,0.75,20,20,3.270413140188057,0.11014972858850515,0.1547868482213719,0.033680676986936046,1.0,50,50,456
fixedN21,0.25,0.75,20,21,3.579074979977047,0.1565232325452273,0.1508787902518034,0.04373287327616453,1.0,50,50,456
fixedN21,0.25,0.75,20,23,3.6491856064820802,0.22729615967223374,0.1760055174441881,0.06228681798713817,1.0,50,50,456
fixedN21,0.25,0.75,20,16,3.0085742929273867,0.22313034171705684,0.09074478682196192,0.07416481030287199,0.0,50,50,456
fixedN21,0.25,0.75,25,12,5.37234562203554,0.0,8.97195690676443e-16,0.0,1.0,50,50,456
fixedN21,0.25,0.75,20,22,3.7792110271196035,0.1922045683142106,0.12362785699934192,0.05085838470912351,0.9,50,50,456
fixedN21,0.25,0.75,20,24,3.1067734074773963,0.16194710989018885,0.15832125776309555,0.05212710701733632,0.0,50,50,456
fixedN21,0.25,0.75,25,13,4.9210426688605775,1.794391381352886e-15,0.0,3.6463641998218254e-16,1.0,50,50,456
fixedN21,0.25,0.75,25,14,2.7411026186474032,8.97195690676443e-16,0.0,3.2731196729846036e-16,1.0,50,50,456
fixedN21,0.25,0.75,25,17,3.140365845699073,3.588782762705772e-15,4.485978453382215e-16,1.1427912985427585e-15,1.0,50,50,456
fixedN21,0.25,0.75,25,16,3.415791121857303,0.0,4.485978453382215e-16,0.0,1.0,50,50,456
fixedN21,0.25,0.75,25,15,5.494601110359895,0.0,0.0,0.0,1.0,50,50,456
fixedN21,0.25,0.75,25,23,2.5416089445192505,0.0,4.485978453382215e-16,0.0,0.0,50,50,456
fixedN21,0.25,0.75,25,18,2.944880629650718,4.485978453382215e-16,4.485978453382215e-16,1.5233141908078904e-16,1.0,50,50,456
fixedN21,0.25,0.75,25,20,4.142496146842505,3.588782762705772e-15,8.97195690676443e-16,8.66333397905805e-16,1.0,50,50,456
fixedN21,0.25,0.75,25,19,3.4855770308023466,8.97195690676443e-16,0.0,2.5740234192153744e-16,1.0,50,50,456
fixedN21,0.25,0.75,25,21,3.239779776699471,3.588782762705772e-15,4.485978453382215e-16,1.1077242930264378e-15,0.0,50,50,456
fixedN21,0.25,0.75,25,22,5.024644903993732,0.0,0.0,0.0,1.0,50,50,456
fixedN21,0.25,0.75,25,24,4.1253605418936194,0.0,8.97195690676443e-16,0.0,1.0,50,50,456
fixedN21,0.25,0.75,30,0,3.2478605953357755,0.0,0.0,0.0,0.0,50,50,456
fixedN21,0.25,0.75,30,2,3.3675181841982544,0.0,8.97195690676443e-16,0.0,1.0,50,50,456
fixedN21,0.25,0.75,30,3,3.4093917470133808,1.794391381352886e-15,4.485978453382215e-16,5.263083606994616e-16,1.0,50,50,456
fixedN21,0.25,0.75,30,1,3.5195657175864246,0.0,4.485978453382215e-16,0.0,0.0,50,50,456
fixedN21,0.25,0.75,30,4,3.963518668356096,0.0,4.485978453382215e-16,0.0,1.0,50,50,456
fixedN21,0.25,0.75,30,5,2.9506625776148496,1.794391381352886e-15,0.0,6.081316769209753e-16,1.0,50,50,456
fixedN21,0.25,0.75,30,6,2.3648507684241906,0.0,0.0,0.0,1.0,50,50,456
fixedN21,0.25,0.75,30,7,5.495171958342509,3.588782762705772e-15,8.97195690676443e-16,6.530792466389431e-16,1.0,50,50,456
fixedN21,0.25,0.75,30,10,4.093582235550549,7.177565525411544e-15,0.0,1.7533703031731637e-15,1.0,50,50,456
fixedN21,0.25,0.75,30,8,3.3618980916615153,8.97195690676443e-16,0.0,2.6687176892772244e-16,0.0,50,50,456
fixedN21,0.25,0.75,30,12,5.41515704040738,0.0,8.97195690676443e-16,0.0,1.0,50,50,456
fixedN21,0.25,0.75,30,13,3.6402171284866927,0.0,4.485978453382215e-16,0.0,0.0,50,50,456
fixedN21,0.25,0.75,30,14,3.8400705478866475,0.0,4.485978453382215e-16,0.0,1.0,50,50,456
fixedN21,0.25,0.75,30,9,2.885728631014055,0.0,4.485978453382215e-16,0.0,1.0,50,50,456
fixedN21,0.25,0.75,30,15,2.803092442410161,4.485978453382215e-16,4.485978453382215e-16,1.6003676459293192e-16,1.0,50,50,456
fixedN21,0.25,0.75,30,17,1.5608316900387889,0.0,2.2429892266911074e-16,0.0,0.0,50,50,456
fixedN21,0.25,0.75,30,11,3.059268193708194,8.97195690676443e-16,0.0,2.9327134264385493e-16,1.0,50,50,456
fixedN21,0.25,0.75,30,20,3.5051143523614474,8.97195690676443e-16,0.0,2.559675949151242e-16,1.0,50,50,456
fixedN21,0.25,0.75,30,24,4.652193582286345,0.0,8.97195690676443e-16,0.0,0.0,50,50,456
fixedN21,0.25,0.75,35,2,3.4127450997054245,0.0,8.97195690676443e-16,0.0,1.0,50,50,456
fixedN21,0.25,0.75,35,3,3.4798589480996838,0.0,4.485978453382215e-16,0.0,1.0,50,50,456
fixedN21,0.25,0.75,35,5,3.3649855854392725,0.0,4.485978453382215e-16,0.0,1.0,50,50,456
fixedN21,0.25,0.75,30,16,2.8357047130673254,1.794391381352886e-15,4.485978453382215e-16,6.327849910056144e-16,1.0,50,50,456
fixedN21,0.25,0.75,30,19,2.2947340609863067,0.0,0.0,0.0,0.0,50,50,456
fixedN21,0.25,0.75,30,23,4.190617890021399,4.485978453382215e-16,0.0,1.0704813874975624e-16,1.0,50,50,456
fixedN21,0.25,0.75,30,22,3.5256733528188984,8.97195690676443e-16,0.0,2.544749898509752e-16,1.0,50,50,456
fixedN21,0.25,0.75,30,21,3.794589267397738,8.97195690676443e-16,4.485978453382215e-16,2.3644079173072765e-16,1.0,50,50,456
fixedN21,0.25,0.75,35,0,2.1734066945663764,0.0,0.0,0.0,1.0,50,50,456
fixedN21,0.25,0.75,35,1,3.605106929625236,1.794391381352886e-15,4.485978453382215e-16,4.977359663335754e-16,0.0,50,50,456
fixedN21,0.25,0.75,35,4,3.70546974972233,1.794391381352886e-15,4.485978453382215e-16,4.842547645915471e-16,1.0,50,50,456
fixedN21,0.25,0.75,35,6,3.147610876683036,0.0,4.485978453382215e-16,0.0,0.0,50,50,456
fixedN21,0.25,0.75,30,18,3.640362522695789,1.794391381352886e-15,4.485978453382215e-16,4.929155737006351e-16,0.0,50,50,456
fixedN21,0.25,0.75,35,7,3.7991060565364485,0.0,8.97195690676443e-16,0.0,1.0,50,50,456
fixedN21,0.25,0.75,35,8,4.97751969373493,1.794391381352886e-15,0.0,3.604991023162476e-16,1.0,50,50,456
fixedN21,0.25,0.75,35,13,5.275486810125114,1.794391381352886e-15,8.97195690676443e-16,3.401375922140406e-16,1.0,50,50,456
fixedN21,0.25,0.75,35,14,4.935712069996511,0.0,8.97195690676443e-16,0.0,1.0,50,50,456
fixedN21,0.25,0.75,35,9,5.7672441702948865,1.794391381352886e-15,8.97195690676443e-16,3.1113497683957717e-16,1.0,50,50,456
fixedN21,0.25,0.75,35,10,3.4719793663626217,1.794391381352886e-15,4.485978453382215e-16,5.168208655665943e-16,0.0,50,50,456
fixedN21,0.25,0.75,35,22,4.970421690529094,0.0,8.97195690676443e-16,0.0,1.0,50,50,456
fixedN21,0.25,0.75,35,16,4.2035918414990725,0.0,0.0,0.0,1.0,50,50,456
fixedN21,0.25,0.75,35,11,2.2575518129717973,0.0,0.0,0.0,1.0,50,50,456
fixedN21,0.25,0.75,35,15,3.882956487783048,0.0,0.0,0.0,0.0,50,50,456
fixedN21,0.25,0.75,35,17,4.603838628247799,1.794391381352886e-15,8.97195690676443e-16,3.897598344005866e-16,1.0,50,50,456
fixedN21,0.25,0.75,35,12,3.553811271552355,0.0,4.485978453382215e-16,0.0,1.0,50,50,456
fixedN21,0.25,0.75,35,18,3.388293120411469,1.794391381352886e-15,4.485978453382215e-16,5.295856401983834e-16,1.0,50,50,456
fixedN21,0.25,0.75,35,21,4.987510426961137,3.588782762705772e-15,0.0,7.195539368310449e-16,1.0,50,50,456
fixedN21,0.25,0.75,35,20,3.2613398129348004,1.794391381352886e-15,4.485978453382215e-16,5.502006795600231e-16,0.0,50,50,456
fixedN21,0.25,0.75,35,19,4.172008238156042,1.794391381352886e-15,0.0,4.301025498803849e-16,1.0,50,50,456
fixedN21,0.25,0.75,35,23,4.8097866592402605,3.588782762705772e-15,8.97195690676443e-16,7.461417765403851e-16,0.0,50,50,456
fixedN21,0.25,0.75,35,24,2.352584707121073,8.97195690676443e-16,0.0,3.813659452774254e-16,1.0,50,50,456
