dataset,alpha,nominal_coverage,o,dataset_id,mean_width,sd_upper,sd_width,relative_instability,coverage_mean,n_finite,n_reruns,base_seed
poissonNmean21,0.05,0.95,0,0,,0.0,0.0,,1.0,0,50,456
poissonNmean21,0.05,0.95,0,1,,0.0,0.0,,1.0,0,50,456
poissonNmean21,0.05,0.95,0,2,,0.0,0.0,,1.0,0,50,456
poissonNmean21,0.05,0.95,0,12,,0.0,0.0,,1.0,0,50,456
poissonNmean21,0.05,0.95,0,5,,0.0,0.0,,1.0,0,50,456
poissonNmean21,0.05,0.95,0,8,,0.0,0.0,,1.0,0,50,456
poissonNmean21,0.05,0.95,0,3,,0.0,0.0,,1.0,0,50,456
poissonNmean21,0.05,0.95,0,7,,0.0,0.0,,1.0,0,50,456
poissonNmean21,0.05,0.95,0,6,,0.0,0.0,,1.0,0,50,456
poissonNmean21,0.05,0.95,0,9,,0.0,0.0,,1.0,0,50,456
poissonNmean21,0.05,0.95,0,13,,0.0,0.0,,1.0,0,50,456
poissonNmean21,0.05,0.95,0,4,,0.0,0.0,,1.0,0,50,456
poissonNmean21,0.05,0.95,0,15,,0.0,0.0,,1.0,0,50,456
poissonNmean21,0.05,0.95,0,10,,0.0,0.0,,1.0,0,50,456
poissonNmean21,0.05,0.95,0,14,,0.0,0.0,,1.0,0,50,456
poissonNmean21,0.05,0.95,0,16,,0.0,0.0,,1.0,0,50,456
poissonNmean21,0.05,0.95,0,11,,0.0,0.0,,1.0,0,50,456
poissonNmean21,0.05,0.95,0,19,,0.0,0.0,,1.0,0,50,456
poissonNmean21,0.05,0.95,0,17,,0.0,0.0,,1.0,0,50,456
poissonNmean21,0.05,0.95,0,18,,0.0,0.0,,1.0,0,50,456
poissonNmean21,0.05,0.95,5,2,,0.0,0.0,,1.0,0,50,456
poissonNmean21,0.05,0.95,0,20,,0.0,0.0,,1.0,0,50,456
poissonNmean21,0.05,0.95,5,0,,0.0,0.0,,1.0,0,50,456
poissonNmean21,0.05,0.95,5,3,,0.0,0.0,,1.0,0,50,456
poissonNmean21,0.05,0.95,5,5,,0.0,0.0,,1.0,0,50,456
poissonNmean21,0.05,0.95,5,1,,0.0,0.0,,1.0,0,50,456
poissonNmean21,0.05,0.95,5,4,,0.0,0.0,,1.0,0,50,456
poissonNmean21,0.05,0.95,0,22,,0.0,0.0,,1.0,0,50,456
poissonNmean21,0.05,0.95,0,24,,0.0,0.0,,1.0,0,50,456
poissonNmean21,0.05,0.95,0,21,,0.0,0.0,,1.0,0,50,456
poissonNmean21,0.05,0.95,0,23,,0.0,0.0,,1.0,0,50,456
poissonNmean21,0.05,0.95,5,7,,0.0,0.0,,1.0,0,50,456
poissonNmean21,0.05,0.95,5,6,,0.0,0.0,,1.0,0,50,456
poissonNmean21,0.05,0.95,5,8,,0.0,0.0,,1.0,0,50,456
poissonNmean21,0.05,0.95,5,10,,0.0,0.0,,1.0,0,50,456
poissonNmean21,0.05,0.95,5,9,,0.0,0.0,,1.0,0,50,456
poissonNmean21,0.05,0.95,5,11,,0.0,0.0,,1.0,0,50,456
poissonNmean21,0.05,0.95,5,14,,0.0,0.0,,1.0,0,50,456
poissonNmean21,0.05,0.95,5,15,,0.0,0.0,,1.0,0,50,456
poissonNmean21,0.05,0.95,5,12,,0.0,0.0,,1.0,0,50,456
poissonNmean21,0.05,0.95,5,17,,0.0,0.0,,1.0,0,50,456
poissonNmean21,0.05,0.95,5,13,,0.0,0.0,,1.0,0,50,456
poissonNmean21,0.05,0.95,5,19,,0.0,0.0,,1.0,0,50,456
poissonNmean21,0.05,0.95,5,18,,0.0,0.0,,1.0,0,50,456
poissonNmean21,0.05,0.95,5,21,,0.0,0.0,,1.0,0,50,456
poissonNmean21,0.05,0.95,5,22,,0.0,0.0,,1.0,0,50,456
poissonNmean21,0.05,0.95,5,16,,0.0,0.0,,1.0,0,50,456
poissonNmean21,0.05,0.95,5,20,,0.0,0.0,,1.0,0,50,456
poissonNmean21,0.05,0.95,5,23,,0.0,0.0,,1.0,0,50,456
poissonNmean21,0.05,0.95,10,0,11.095090622198404,0.6561178600926842,0.5109048397360625,0.05913587211085616,1.0,19,50,456
poissonNmean21,0.05,0.95,5,24,,0.0,0.0,,1.0,0,50,456
poissonNmean21,0.05,0.95,10,2,8.953949240829719,0.5144864915536055,0.510831988119916,0.05745916999479556,1.0,18,50,456
poissonNmean21,0.05,0.95,10,3,7.547216058777851,0.19104242592576468,0.37001013596894666,0.025312966322670893,1.0,20,50,456
poissonNmean21,0.05,0.95,10,1,8.27028889823726,0.23810396587830418,0.2397993593375462,0.028790283968079273,1.0,7,50,456
poissonNmean21,0.05,0.95,10,6,7.403235893948505,0.0,0.0,0.0,1.0,7,50,456
poissonNmean21,0.05,0.95,10,4,8.173286516708632,0.0,0.0,0.0,1.0,8,50,456
poissonNmean21,0.05,0.95,10,7,8.83587876636379,0.12422331824204531,0.20813617493194922,0.01405896589651452,1.0,8,50,456
poissonNmean21,0.05,0.95,10,5,8.159964981272818,0.979763678290166,1.4583678992343723,0.12006959350177741,0.86,8,50,456
poissonNmean21,0.05,0.95,10,9,7.754402699045374,0.506576850877539,0.9473882049761339,0.06532764295822584,1.0,12,50,456
poissonNmean21,0.05,0.95,10,13,5.969027090941317,0.0,0.0,0.0,1.0,5,50,456
poissonNmean21,0.05,0.95,10,12,8.0565552551715,0.050378180646801524,0.057191386078354826,0.0062530671051332755,1.0,4,50,456
poissonNmean21,0.05,0.95,10,14,9.09075352593253,0.49160047745948404,0.9847966658464801,0.05407697789376108,1.0,17,50,456
poissonNmean21,0.05,0.95,10,11,,0.0,0.0,,1.0,0,50,456
poissonNmean21,0.05,0.95,10,10,9.966963601162444,0.8019797093252277,1.0605149401762173,0.08046379433267851,1.0,12,50,456
poissonNmean21,0.05,0.95,10,8,,0.0,0.0,,1.0,0,50,456
poissonNmean21,0.05,0.95,10,16,9.754568982868836,0.9000457914769422,1.9697389258138593,0.09226915028820035,1.0,8,50,456
poissonNmean21,0.05,0.95,10,15,10.1634245396069,0.0,0.0,0.0,1.0,6,50,456
poissonNmean21,0.05,0.95,10,20,10.738614578516444,0.5822707999829196,0.9350257597027608,0.0542221527484378,1.0,7,50,456
poissonNmean21,0.05,0.95,10,17,7.321497028208874,1.1440117701430208,2.293555326047431,0.15625380516242468,1.0,21,50,456
poissonNmean21,0.05,0.95,10,19,7.216937305884652,0.032702011275470615,0.5472409719602315,0.004531286595604145,1.0,12,50,456
poissonNmean21,0.05,0.95,10,21,6.817127424423122,0.1651985352085375,0.3541625121326103,0.024232865974705895,1.0,10,50,456
poissonNmean21,0.05,0.95,10,23,6.965909559797244,0.17577136312977304,0.35604161327779715,0.0252330814261805,1.0,10,50,456
poissonNmean21,0.05,0.95,10,18,8.4231480982652,0.8596287183841911,1.485476254727305,0.10205551515367954,1.0,16,50,456
poissonNmean21,0.05,0.95,10,24,,0.0,0.0,,1.0,0,50,456
poissonNmean21,0.05,0.95,15,0,8.514005883023442,0.532416418104375,0.7914475349290885,0.0625341848971458,1.0,50,50,456
poissonNmean21,0.05,0.95,10,22,10.624477004044005,0.0024736311461205722,0.26422895898897597,0.00023282380348501217,1.0,15,50,456
poissonNmean21,0.05,0.95,15,5,7.0372964251898615,0.35905627775638593,0.7207643330986445,0.051021906150087865,1.0,50,50,456
poissonNmean21,0.05,0.95,15,2,8.08116126293079,0.9784250056230894,1.8343140974000858,0.12107480271569838,1.0,50,50,456
poissonNmean21,0.05,0.95,15,4,7.083015954766816,0.4922699556426179,0.9448830250735553,0.06950004896026303,1.0,50,50,456
poissonNmean21,0.05,0.95,15,1,8.850544045462405,0.2829877561029226,0.5459444128175248,0.03197405206383984,1.0,50,50,456
poissonNmean21,0.05,0.95,15,3,8.357863890865392,0.5387306446024269,1.1088340104075658,0.06445793466333244,1.0,50,50,456
poissonNmean21,0.05,0.95,15,7,7.816677696878031,0.6601062623429244,0.4878646431621842,0.08444844318022346,1.0,50,50,456
poissonNmean21,0.05,0.95,15,6,6.421478480831858,0.23038624860235365,0.47007405455747486,0.03587744618160096,1.0,50,50,456
poissonNmean21,0.05,0.95,15,9,5.984088932819056,0.22746479627316188,0.46218089919036015,0.038011600233020776,1.0,40,50,456
poissonNmean21,0.05,0.95,15,8,8.406061396116117,0.17377825721052137,0.7397488676833274,0.02067297025582192,1.0,50,50,456
poissonNmean21,0.05,0.95,15,10,8.404286554021478,0.28651680897865195,0.6060233822604645,0.0340917467695759,1.0,50,50,456
poissonNmean21,0.05,0.95,15,11,7.621972363751979,0.2656232074066425,0.4605317526042456,0.03484966813444169,1.0,50,50,456
poissonNmean21,0.05,0.95,15,14,7.777888218339978,0.6009268118944275,1.175085370861458,0.07726092160561834,1.0,50,50,456
poissonNmean21,0.05,0.95,15,13,7.944342953920406,0.2631802261952858,0.341637228473359,0.033128004130966,1.0,50,50,456
poissonNmean21,0.05,0.95,15,12,6.222711485072532,0.23012477333095813,0.46051345726871673,0.036981430664590066,1.0,50,50,456
poissonNmean21,0.05,0.95,15,15,7.11333351738077,0.3971011294707664,0.5680442975566835,0.05582489960585802,1.0,50,50,456
poissonNmean21,0.05,0.95,15,16,6.62800513114629,0.3961469282298787,0.6779229834909705,0.059768651410408075,1.0,50,50,456
poissonNmean21,0.05,0.95,15,19,6.0641903380171405,0.18821286429418016,0.5161763691867575,0.031036767285197334,1.0,50,50,456
poissonNmean21,0.05,0.95,15,17,7.1817838069661954,0.6178291968831262,1.2327397192056442,0.08602726195737659,1.0,41,50,456
poissonNmean21,0.05,0.95,15,21,7.589466040448908,0.44656569635155935,0.9038556860599766,0.05884019955706205,1.0,50,50,456
poissonNmean21,0.05,0.95,15,18,7.904222340605908,0.15425409175222368,0.41527845782387246,0.019515403932880655,1.0,50,50,456
poissonNmean21,0.05,0.95,15,20,8.126864067137504,0.7256917701878812,1.4676203035618,0.08929542369514358,1.0,50,50,456
poissonNmean21,0.05,0.95,15,23,8.575616297191127,0.7697911508453746,1.7653802052299905,0.08976511123725457,1.0,38,50,456
poissonNmean21,0.05,0.95,15,22,6.784360741609828,0.4428402001752585,0.8242442783131938,0.06527368119729127,1.0,50,50,456
poissonNmean21,0.05,0.95,15,24,7.721319335987704,0.16493540906894777,0.2892559379952562,0.021361039725453782,1.0,40,50,456
poissonNmean21,0.05,0.95,20,0,7.0129397389118235,0.368233788524704,0.7312902362710372,0.052507764537249785,1.0,39,50,456
poissonNmean21,0.05,0.95,20,1,7.850901198642493,0.263846774605351,0.7490345279760261,0.03360719590395215,1.0,50,50,456
poissonNmean21,0.05,0.95,20,6,6.1352637457124395,0.4402228522589465,0.6850877422325022,0.07175288145788211,1.0,50,50,456
poissonNmean21,0.05,0.95,20,4,6.676999015764394,0.12370281297108193,0.244911705096241,0.018526708283020502,0.1,45,50,456
poissonNmean21,0.05,0.95,20,11,7.135812047150972,0.7617409275736405,1.2928500662402478,0.10674901784692767,1.0,38,50,456
poissonNmean21,0.05,0.95,20,8,7.196155272135148,0.2273175870753538,0.253590441370675,0.03158875517258081,1.0,50,50,456
poissonNmean21,0.05,0.95,20,7,6.809441799724535,0.3427794151052917,0.36576188766609763,0.050338842035357184,1.0,50,50,456
poissonNmean21,0.05,0.95,20,5,6.704034811447482,0.4099943457127946,0.6896250295262923,0.06115635691698801,1.0,50,50,456
poissonNmean21,0.05,0.95,20,2,6.515028729374481,0.5102060940713835,0.3555639172549363,0.07831217869707986,1.0,50,50,456
poissonNmean21,0.05,0.95,20,3,6.318764868557944,0.339327830625318,0.6298397737610999,0.05370160746347866,1.0,50,50,456
poissonNmean21,0.05,0.95,20,10,6.371029448213428,0.256964784887769,0.44399133009989367,0.04033332242088873,1.0,50,50,456
poissonNmean21,0.05,0.95,20,13,7.412364653740494,0.5042647057549637,1.125119589805211,0.0680302075398432,1.0,43,50,456
poissonNmean21,0.05,0.95,20,9,6.262675905725987,0.28513714000854135,0.5916318617632796,0.045529601771000065,1.0,50,50,456
poissonNmean21,0.05,0.95,20,12,6.65336183916716,0.3611280300488569,0.6724732553854149,0.05427752747835843,1.0,50,50,456
poissonNmean21,0.05,0.95,20,14,6.744516812794915,0.8835106229767182,1.6876138718357288,0.1309968745723377,1.0,50,50,456
poissonNmean21,0.05,0.95,25,1,8.607879337103936,0.011985222064985621,0.10497128704251447,0.0013923547944409231,1.0,40,50,456
poissonNmean21,0.05,0.95,20,16,8.462265041031559,1.0615264628261893,2.077771046010047,0.12544235587979033,1.0,48,50,456
poissonNmean21,0.05,0.95,25,0,6.665872168656496,0.014715738288068858,0.07434058178426907,0.0022076238361220793,1.0,17,50,456
poissonNmean21,0.05,0.95,20,24,7.469763682770626,0.6805738538298746,0.9076725659327122,0.09111049328101922,1.0,31,50,456
poissonNmean21,0.05,0.95,25,2,7.450140145140031,0.033755069659675924,0.15071845931912844,0.004530796602758601,1.0,39,50,456
poissonNmean21,0.05,0.95,25,5,,0.0,0.0,,1.0,0,50,456
poissonNmean21,0.05,0.95,20,15,6.017273602957734,0.23340243303982708,0.4543304455023119,0.03878873530449078,1.0,45,50,456
poissonNmean21,0.05,0.95,20,20,6.075646705149494,0.33281071601558126,0.548705594886558,0.05477782566479766,0.44,50,50,456
poissonNmean21,0.05,0.95,25,7,,0.0,0.0,,1.0,0,50,456
poissonNmean21,0.05,0.95,20,22,5.431604358978673,0.1256332251308309,0.2387956774703309,0.023130039823897306,1.0,50,50,456
poissonNmean21,0.05,0.95,20,18,7.796265826764621,0.316448520627133,0.6636992569246193,0.04058975510311149,1.0,46,50,456
poissonNmean21,0.05,0.95,25,4,8.642179768982869,0.5717534343296189,1.1188149854513851,0.066158475015952,1.0,28,50,456
poissonNmean21,0.05,0.95,20,19,8.30242871379718,0.6031576360881311,1.0133280491838765,0.07264833663501247,1.0,50,50,456
poissonNmean21,0.05,0.95,20,21,7.180475382601285,0.3396721846753182,0.434751713601437,0.047304971687301356,1.0,41,50,456
poissonNmean21,0.05,0.95,20,23,6.567278015359082,0.331568538382538,0.543458076734587,0.05048797045093708,1.0,50,50,456
poissonNmean21,0.05,0.95,25,3,6.852087359643276,0.20346901487868213,0.3821094453463606,0.029694457206872922,1.0,50,50,456
poissonNmean21,0.05,0.95,25,10,10.42970163964211,1.8162799553975086e-15,1.8162799553975086e-15,1.741449581351431e-16,1.0,23,50,456
poissonNmean21,0.05,0.95,25,8,,0.0,0.0,,1.0,0,50,456
poissonNmean21,0.05,0.95,25,12,,0.0,0.0,,1.0,0,50,456
poissonNmean21,0.05,0.95,25,14,,0.0,0.0,,1.0,0,50,456
poissonNmean21,0.05,0.95,20,17,7.0008150361583805,0.3073948643180785,0.2935605419532722,0.04390843962173267,1.0,50,50,456
poissonNmean21,0.05,0.95,25,9,6.084464151222048,0.6804763747378411,1.3079485525259058,0.11183834070271731,1.0,50,50,456
poissonNmean21,0.05,0.95,25,20,,0.0,0.0,,1.0,0,50,456
poissonNmean21,0.05,0.95,25,6,7.391684485648955,0.0810361431736326,0.14265184941982081,0.010963149648901445,1.0,50,50,456
poissonNmean21,0.05,0.95,25,15,,0.0,0.0,,1.0,0,50,456
poissonNmean21,0.05,0.95,25,11,5.987140758020775,0.5138792689724321,0.9718857477520403,0.08583049735117801,1.0,34,50,456
poissonNmean21,0.05,0.95,25,18,,0.0,0.0,,1.0,0,50,456
poissonNmean21,0.05,0.95,30,1,,0.0,0.0,,1.0,0,50,456
poissonNmean21,0.05,0.95,30,2,,0.0,0.0,,1.0,0,50,456
poissonNmean21,0.05,0.95,30,0,,0.0,0.0,,1.0,0,50,456
poissonNmean21,0.05,0.95,25,13,6.848474422323226,0.09406867873020026,0.0666355133624763,0.013735712938282262,1.0,25,50,456
poissonNmean21,0.05,0.95,25,22,10.02743136573668,0.0,1.8250331625114363e-15,0.0,1.0,19,50,456
poissonNmean21,0.05,0.95,30,4,,0.0,0.0,,1.0,0,50,456
poissonNmean21,0.05,0.95,25,16,6.188995393498872,0.11472332572828067,0.2872767638289543,0.01853666361567984,1.0,50,50,456
poissonNmean21,0.05,0.95,30,5,,0.0,0.0,,1.0,0,50,456
poissonNmean21,0.05,0.95,30,7,,0.0,0.0,,1.0,0,50,456
poissonNmean21,0.05,0.95,30,6,,0.0,0.0,,1.0,0,50,456
poissonNmean21,0.05,0.95,25,17,6.539421799733922,0.31088024880923254,0.6302096295483319,0.047539409190867875,1.0,37,50,456
poissonNmean21,0.05,0.95,25,24,4.054416484769005,9.244454088746557e-16,1.8488908177493114e-15,2.2800948357117896e-16,1.0,13,50,456
poissonNmean21,0.05,0.95,30,3,,0.0,0.0,,1.0,0,50,456
poissonNmean21,0.05,0.95,30,9,,0.0,0.0,,1.0,0,50,456
poissonNmean21,0.05,0.95,30,8,,0.0,0.0,,1.0,0,50,456
poissonNmean21,0.05,0.95,30,10,,0.0,0.0,,1.0,0,50,456
poissonNmean21,0.05,0.95,30,11,,0.0,0.0,,1.0,0,50,456
poissonNmean21,0.05,0.95,25,19,5.1654339104945866,0.1295633192294449,0.22320629146603935,0.025082756158434576,1.0,41,50,456
poissonNmean21,0.05,0.95,30,14,,0.0,0.0,,1.0,0,50,456
poissonNmean21,0.05,0.95,30,13,,0.0,0.0,,1.0,0,50,456
poissonNmean21,0.05,0.95,30,15,,0.0,0.0,,1.0,0,50,456
poissonNmean21,0.05,0.95,30,17,,0.0,0.0,,1.0,0,50,456
poissonNmean21,0.05,0.95,30,16,,0.0,0.0,,1.0,0,50,456
poissonNmean21,0.05,0.95,30,18,,0.0,0.0,,1.0,0,50,456
poissonNmean21,0.05,0.95,30,12,,0.0,0.0,,1.0,0,50,456
poissonNmean21,0.05,0.95,25,21,7.040395786825493,0.4870019824255575,0.9791400708928922,0.0691725290979907,1.0,45,50,456
poissonNmean21,0.05,0.95,30,20,,0.0,0.0,,1.0,0,50,456
poissonNmean21,0.05,0.95,30,19,,0.0,0.0,,1.0,0,50,456
poissonNmean21,0.05,0.95,30,22,,0.0,0.0,,1.0,0,50,456
poissonNmean21,0.05,0.95,30,23,,0.0,0.0,,1.0,0,50,456
poissonNmean21,0.05,0.95,30,21,,0.0,0.0,,1.0,0,50,456
poissonNmean21,0.05,0.95,30,24,,0.0,0.0,,1.0,0,50,456
poissonNmean21,0.05,0.95,25,23,5.876885500454259,0.42749470820141056,0.7970131468727147,0.07274171126328172,1.0,35,50,456
poissonNmean21,0.05,0.95,35,0,,0.0,0.0,,1.0,0,50,456
poissonNmean21,0.05,0.95,35,1,,0.0,0.0,,1.0,0,50,456
poissonNmean21,0.05,0.95,35,2,,0.0,0.0,,1.0,0,50,456
poissonNmean21,0.05,0.95,35,10,,0.0,0.0,,1.0,0,50,456
poissonNmean21,0.05,0.95,35,7,,0.0,0.0,,1.0,0,50,456
poissonNmean21,0.05,0.95,35,3,,0.0,0.0,,1.0,0,50,456
poissonNmean21,0.05,0.95,35,4,,0.0,0.0,,1.0,0,50,456
poissonNmean21,0.05,0.95,35,6,,0.0,0.0,,1.0,0,50,456
poissonNmean21,0.05,0.95,35,5,,0.0,0.0,,1.0,0,50,456
poissonNmean21,0.05,0.95,35,8,,0.0,0.0,,1.0,0,50,456
poissonNmean21,0.05,0.95,35,12,,0.0,0.0,,1.0,0,50,456
poissonNmean21,0.05,0.95,35,19,,0.0,0.0,,1.0,0,50,456
poissonNmean21,0.05,0.95,35,9,,0.0,0.0,,1.0,0,50,456
poissonNmean21,0.05,0.95,35,13,,0.0,0.0,,1.0,0,50,456
poissonNmean21,0.05,0.95,35,15,,0.0,0.0,,1.0,0,50,456
poissonNmean21,0.05,0.95,35,11,,0.0,0.0,,1.0,0,50,456
poissonNmean21,0.05,0.95,35,14,,0.0,0.0,,1.0,0,50,456
poissonNmean21,0.05,0.95,35,16,,0.0,0.0,,1.0,0,50,456
poissonNmean21,0.05,0.95,35,17,,0.0,0.0,,1.0,0,50,456
poissonNmean21,0.05,0.95,35,18,,0.0,0.0,,1.0,0,50,456
poissonNmean21,0.05,0.95,35,20,,0.0,0.0,,1.0,0,50,456
poissonNmean21,0.05,0.95,35,23,,0.0,0.0,,1.0,0,50,456
poissonNmean21,0.05,0.95,35,24,,0.0,0.0,,1.0,0,50,456
poissonNmean21,0.05,0.95,35,21,,0.0,0.0,,1.0,0,50,456
poissonNmean21,0.05,0.95,35,22,,0.0,0.0,,1.0,0,50,456
poissonNmean21,0.075,0.925,0,0,,0.0,0.0,,1.0,0,50,456
poissonNmean21,0.075,0.925,0,1,,0.0,0.0,,1.0,0,50,456
poissonNmean21,0.075,0.925,0,4,,0.0,0.0,,1.0,0,50,456
poissonNmean21,0.075,0.925,0,6,,0.0,0.0,,1.0,0,50,456
poissonNmean21,0.075,0.925,0,9,,0.0,0.0,,1.0,0,50,456
poissonNmean21,0.075,0.925,0,3,,0.0,0.0,,1.0,0,50,456
poissonNmean21,0.075,0.925,0,10,,0.0,0.0,,1.0,0,50,456
poissonNmean21,0.075,0.925,0,7,,0.0,0.0,,1.0,0,50,456
poissonNmean21,0.075,0.925,0,2,,0.0,0.0,,1.0,0,50,456
poissonNmean21,0.075,0.925,0,11,,0.0,0.0,,1.0,0,50,456
poissonNmean21,0.075,0.925,0,5,,0.0,0.0,,1.0,0,50,456
poissonNmean21,0.075,0.925,0,16,,0.0,0.0,,1.0,0,50,456
poissonNmean21,0.075,0.925,0,12,,0.0,0.0,,1.0,0,50,456
poissonNmean21,0.075,0.925,0,15,,0.0,0.0,,1.0,0,50,456
poissonNmean21,0.075,0.925,0,13,,0.0,0.0,,1.0,0,50,456
poissonNmean21,0.075,0.925,0,14,,0.0,0.0,,1.0,0,50,456
poissonNmean21,0.075,0.925,0,8,,0.0,0.0,,1.0,0,50,456
poissonNmean21,0.075,0.925,0,19,,0.0,0.0,,1.0,0,50,456
poissonNmean21,0.075,0.925,0,17,,0.0,0.0,,1.0,0,50,456
poissonNmean21,0.075,0.925,0,22,,0.0,0.0,,1.0,0,50,456
poissonNmean21,0.075,0.925,0,18,,0.0,0.0,,1.0,0,50,456
poissonNmean21,0.075,0.925,0,21,,0.0,0.0,,1.0,0,50,456
poissonNmean21,0.075,0.925,0,20,,0.0,0.0,,1.0,0,50,456
poissonNmean21,0.075,0.925,0,23,,0.0,0.0,,1.0,0,50,456
poissonNmean21,0.075,0.925,5,3,9.060577455473394,9.362222582871203e-16,0.0,1.0332920422434653e-16,1.0,10,50,456
poissonNmean21,0.075,0.925,5,6,11.184728521685507,0.0,0.0,0.0,1.0,3,50,456
poissonNmean21,0.075,0.925,5,0,10.504482366673384,0.29881285246861866,0.5740633452215098,0.028446223434734397,1.0,41,50,456
poissonNmean21,0.075,0.925,5,2,10.458150828496345,0.33508995944676273,0.7448575211739832,0.032041033347282616,1.0,37,50,456
poissonNmean21,0.075,0.925,5,4,11.46680140547278,0.5157287195608011,1.3334288510803531,0.04497581333489027,1.0,37,50,456
poissonNmean21,0.075,0.925,5,1,,0.0,0.0,,1.0,0,50,456
poissonNmean21,0.075,0.925,5,5,8.652515045400648,0.4724700771082426,0.3545213869878343,0.05460494141057749,1.0,50,50,456
poissonNmean21,0.075,0.925,5,7,,0.0,0.0,,1.0,0,50,456
poissonNmean21,0.075,0.925,0,24,,0.0,0.0,,1.0,0,50,456
poissonNmean21,0.075,0.925,5,8,,0.0,0.0,,1.0,0,50,456
poissonNmean21,0.075,0.925,5,12,9.737000459855603,0.3553288743500844,0.34401760388427854,0.03649264224799614,1.0,10,50,456
poissonNmean21,0.075,0.925,5,10,8.914253314927388,0.11434433660809235,0.12378747618497074,0.012827135663355754,1.0,34,50,456
poissonNmean21,0.075,0.925,5,13,11.330043495935728,0.07947153438143899,1.1313946205547045,0.007014230299287618,1.0,13,50,456
poissonNmean21,0.075,0.925,5,11,8.79367115656096,0.20146124502163143,0.32335957951940264,0.022909799722419816,1.0,29,50,456
poissonNmean21,0.075,0.925,5,14,,0.0,0.0,,1.0,0,50,456
poissonNmean21,0.075,0.925,5,9,14.87872207951879,0.15811735911752697,0.6269102787643,0.010627079279556032,1.0,21,50,456
poissonNmean21,0.075,0.925,5,21,8.95924943467054,3.837369354665453e-15,0.0,4.283137089381155e-16,1.0,7,50,456
poissonNmean21,0.075,0.925,5,15,8.10352012518663,0.7926191597084791,0.45214371653478463,0.0978117099067764,0.92,32,50,456
poissonNmean21,0.075,0.925,5,17,12.617296774829498,0.0,0.0,0.0,1.0,8,50,456
poissonNmean21,0.075,0.925,5,22,8.581712062841355,0.0,0.0,0.0,1.0,3,50,456
poissonNmean21,0.075,0.925,5,16,,0.0,0.0,,1.0,0,50,456
poissonNmean21,0.075,0.925,5,19,9.841590923800757,0.9702434609580877,1.3198083837415728,0.09858603842308314,1.0,28,50,456
poissonNmean21,0.075,0.925,5,23,9.714296213599077,0.0,0.0,0.0,1.0,1,50,456
poissonNmean21,0.075,0.925,5,20,,0.0,0.0,,1.0,0,50,456
poissonNmean21,0.075,0.925,5,18,13.552018202450027,0.927239548055188,2.22905575886263,0.06842077203582529,1.0,27,50,456
poissonNmean21,0.075,0.925,10,3,7.6489182546463,1.4340209236487051,1.3947869216326192,0.18748022608002327,1.0,50,50,456
poissonNmean21,0.075,0.925,5,24,12.01339288803996,0.0,0.0,0.0,1.0,8,50,456
poissonNmean21,0.075,0.925,10,1,7.309888013934728,0.5519477206103051,0.9511064523641368,0.07550700086761049,0.92,50,50,456
poissonNmean21,0.075,0.925,10,4,6.8591712520439865,0.22906217322979788,0.3672794984362337,0.03339502176178192,1.0,50,50,456
poissonNmean21,0.075,0.925,10,0,8.097841335093557,0.28322760825929344,0.5161405660167063,0.03497569247644702,1.0,50,50,456
poissonNmean21,0.075,0.925,10,5,8.254907915326587,0.6319486408815934,1.2945416473758253,0.07655429319911339,1.0,50,50,456
poissonNmean21,0.075,0.925,10,12,7.30394189781982,0.0608551348752554,0.13193739008947647,0.00833182077932743,1.0,50,50,456
poissonNmean21,0.075,0.925,10,2,7.325434805635115,0.09658489281121886,0.22659915572265388,0.013184868253406694,1.0,50,50,456
poissonNmean21,0.075,0.925,10,6,7.588236043246024,0.2926815435090184,0.3936269145946138,0.03857043215854127,1.0,50,50,456
poissonNmean21,0.075,0.925,10,7,8.850472769428459,0.32245922635189833,0.48144966708429,0.0364341244532999,1.0,50,50,456
poissonNmean21,0.075,0.925,10,10,7.091110582313578,0.3005412478358871,0.2176466829064294,0.042382817803672035,1.0,50,50,456
poissonNmean21,0.075,0.925,10,9,5.404769643008086,0.28102829161502324,0.37733171866545023,0.05199634955369046,1.0,50,50,456
poissonNmean21,0.075,0.925,10,11,7.279050142469783,0.42042688124801353,0.5672021921915517,0.057758481260490754,1.0,50,50,456
poissonNmean21,0.075,0.925,10,8,7.206810533249785,0.6058379095795684,0.904014966701736,0.0840646367466492,1.0,50,50,456
poissonNmean21,0.075,0.925,10,13,8.532095836572173,0.5708449433106549,0.9717386739207323,0.06690559438675922,1.0,50,50,456
poissonNmean21,0.075,0.925,10,14,6.926656163262009,0.31422579624320923,0.5918528485479628,0.04536471694810229,0.72,50,50,456
poissonNmean21,0.075,0.925,10,17,7.870859333156745,0.2504896116932835,0.4602684330882022,0.031824938178995545,1.0,50,50,456
poissonNmean21,0.075,0.925,10,18,7.672996714500732,0.7253063658667871,1.480471318192591,0.09452713103552808,1.0,50,50,456
poissonNmean21,0.075,0.925,10,16,6.230751198212127,0.2238062849377646,0.36407026118252994,0.035919631167744964,1.0,50,50,456
poissonNmean21,0.075,0.925,10,19,7.079642274582126,0.36529168482060226,0.7291078786551851,0.0515974777612847,1.0,50,50,456
poissonNmean21,0.075,0.925,10,22,8.765054435735424,0.47145276832564637,0.8529484628372822,0.053787774141312514,1.0,50,50,456
poissonNmean21,0.075,0.925,10,15,7.64492484121531,0.5036471129146387,0.8024683950657943,0.06587992993722802,1.0,50,50,456
poissonNmean21,0.075,0.925,15,0,5.673136827668011,0.07827616988833469,0.29212906870967176,0.013797687640209931,1.0,50,50,456
poissonNmean21,0.075,0.925,10,21,6.986237693099143,0.22479588467599226,0.780139294627919,0.03217695912322606,1.0,50,50,456
poissonNmean21,0.075,0.925,10,24,8.22579389184315,0.4141496857723917,0.8475292373716378,0.050347685733175274,1.0,50,50,456
poissonNmean21,0.075,0.925,10,23,8.69248781024494,0.813684708715403,1.7515058585455443,0.09360780555324986,0.92,50,50,456
poissonNmean21,0.075,0.925,10,20,7.113360678999213,0.23585422336902245,0.22803818902914258,0.033156511248661306,1.0,50,50,456
poissonNmean21,0.075,0.925,15,3,6.5093589133769685,0.16214591383610522,0.30143749693835203,0.024909659460148906,1.0,50,50,456
poissonNmean21,0.075,0.925,15,1,7.330107294098379,0.28743285624166726,0.6302924682794132,0.039212639693976294,1.0,50,50,456
poissonNmean21,0.075,0.925,15,2,6.245874143020028,0.4474678804827209,0.5041487683514304,0.07164215452256288,0.52,50,50,456
poissonNmean21,0.075,0.925,15,5,6.18513568709342,0.27954381404465045,0.6687157579095133,0.045196068152227785,1.0,50,50,456
poissonNmean21,0.075,0.925,15,4,5.979924854978493,1.1875214113482822,1.1341080403465065,0.1985846712370691,0.94,50,50,456
poissonNmean21,0.075,0.925,15,6,6.16870763152299,0.1664194287817175,0.3536342259037905,0.02697800556007714,1.0,50,50,456
poissonNmean21,0.075,0.925,15,7,7.192002097569437,0.3048579320292383,0.6295644430800991,0.04238846539439499,1.0,50,50,456
poissonNmean21,0.075,0.925,15,8,6.077566165578338,0.22794814079376846,0.3138213885420952,0.037506484435299775,1.0,50,50,456
poissonNmean21,0.075,0.925,15,11,5.486950878214296,0.20252775022736658,0.4990220390701406,0.03691080068376306,1.0,50,50,456
poissonNmean21,0.075,0.925,15,9,6.797442791910136,0.17338961794662044,0.32261279575729407,0.025508065791002645,1.0,50,50,456
poissonNmean21,0.075,0.925,15,19,5.039130818357986,0.2448786625338804,0.21942433804936567,0.048595416821045095,1.0,50,50,456
poissonNmean21,0.075,0.925,15,16,6.479610388208105,0.10985452539233843,0.21072418872531704,0.016953878213458142,1.0,50,50,456
poissonNmean21,0.075,0.925,15,15,6.677933576493366,0.8563191285393137,0.6799947374620604,0.1282311539536117,1.0,50,50,456
poissonNmean21,0.075,0.925,15,12,6.4994345742879815,0.5058006809456751,0.6831652819708125,0.07782225902336835,0.96,50,50,456
poissonNmean21,0.075,0.925,15,13,6.50306571910381,0.19498411346856967,0.3088793465493559,0.02998341426810008,1.0,50,50,456
poissonNmean21,0.075,0.925,15,14,6.8455752140859305,0.5160325841006139,0.65714283656899,0.0753819172184084,1.0,50,50,456
poissonNmean21,0.075,0.925,15,17,7.147397194889914,0.49179086817429746,0.963873234453244,0.06880698732202921,1.0,50,50,456
poissonNmean21,0.075,0.925,15,10,6.277893475826579,0.25118124509645645,0.4283936590991767,0.040010434401865136,1.0,50,50,456
poissonNmean21,0.075,0.925,15,18,5.566751093727018,0.24931535132257956,0.18860302713978844,0.044786509604053344,1.0,50,50,456
poissonNmean21,0.075,0.925,15,20,5.3587982506752825,0.5928886937147159,0.5552169087200699,0.11063836815278569,0.32,50,50,456
poissonNmean21,0.075,0.925,15,21,6.476354138322722,0.206385717185749,0.45465219683581276,0.03186757746376108,1.0,50,50,456
poissonNmean21,0.075,0.925,20,5,5.71200322312263,0.4779302307838705,0.9366324885395674,0.08367121167739752,1.0,50,50,456
poissonNmean21,0.075,0.925,20,0,6.704901431009692,0.7494599133878557,1.4005486581463458,0.11177791666282473,1.0,50,50,456
poissonNmean21,0.075,0.925,15,22,6.706346234269786,0.23585173760230352,0.3904053214908041,0.03516844036430577,1.0,50,50,456
poissonNmean21,0.075,0.925,15,23,7.450113915337844,0.28038177113482476,0.4831453594188431,0.03763456160819122,1.0,50,50,456
poissonNmean21,0.075,0.925,15,24,6.125673457378352,0.258497077627424,0.4877324835719341,0.04219896464054335,1.0,50,50,456
poissonNmean21,0.075,0.925,20,3,6.16784068838493,0.3975068133361004,0.35957514439391436,0.06444829453599082,1.0,50,50,456
poissonNmean21,0.075,0.925,20,4,6.500788247762476,0.21170816901067901,0.39116990050434447,0.03256653823227474,1.0,50,50,456
poissonNmean21,0.075,0.925,20,6,5.7504282855007895,0.11703704341227207,0.29720008424289873,0.02035275245625981,1.0,50,50,456
poissonNmean21,0.075,0.925,20,2,5.644152917725731,0.2746805786513905,0.56845560464954,0.048666395587678546,0.0,50,50,456
poissonNmean21,0.075,0.925,20,9,6.72819567146598,0.22266419691761055,0.5154722058950747,0.03309419163623925,1.0,50,50,456
poissonNmean21,0.075,0.925,20,1,6.238682816230044,0.3240263044463153,0.28283895769578543,0.051938255877243045,1.0,50,50,456
poissonNmean21,0.075,0.925,20,11,5.945681264328411,0.2536547057961843,0.42131920785824994,0.04266200869495073,1.0,50,50,456
poissonNmean21,0.075,0.925,20,10,4.861870888266028,0.2778296504320426,0.43387154754166357,0.05714459655902745,0.88,50,50,456
poissonNmean21,0.075,0.925,20,8,7.277098592150054,0.28176961754456753,0.6785996800746921,0.03872004947803206,1.0,50,50,456
poissonNmean21,0.075,0.925,20,7,5.837887694711749,0.22747776021628355,0.35418512030597926,0.03896576503558715,1.0,50,50,456
poissonNmean21,0.075,0.925,25,0,7.179742922998025,0.0,9.044766308671292e-16,0.0,1.0,28,50,456
poissonNmean21,0.075,0.925,25,1,6.255838987699025,0.24065090358162686,0.7367802950899194,0.038468206111893756,1.0,50,50,456
poissonNmean21,0.075,0.925,20,12,6.0503372810757305,0.23519418741173184,0.2937646071144252,0.03887290517627392,1.0,50,50,456
poissonNmean21,0.075,0.925,25,3,4.1805934659079,1.794391381352886e-15,0.0,4.292192952952429e-16,1.0,50,50,456
poissonNmean21,0.075,0.925,20,15,5.468224770971535,0.24229400149361502,0.6106445847680597,0.04430944440686677,1.0,50,50,456
poissonNmean21,0.075,0.925,20,14,5.708585704528243,0.15234546370931998,0.3816204246833849,0.02668707655356289,1.0,50,50,456
poissonNmean21,0.075,0.925,20,16,5.283651679477771,0.20120745363690298,0.17394250231707925,0.038081135139625646,1.0,50,50,456
poissonNmean21,0.075,0.925,20,13,5.815694031703003,0.21178586273478534,0.3755268876227977,0.036416266326990444,1.0,50,50,456
poissonNmean21,0.075,0.925,25,2,8.140901500769846,1.3567143585693635,2.8582597219656147,0.16665406877126146,1.0,50,50,456
poissonNmean21,0.075,0.925,25,4,4.6437046000921915,0.0,8.97195690676443e-16,0.0,1.0,50,50,456
poissonNmean21,0.075,0.925,20,24,7.90645885085324,0.6730968402914156,1.2720688781830882,0.08513252936474552,1.0,44,50,456
poissonNmean21,0.075,0.925,20,18,6.374765920280474,0.36528160817325256,0.773456813776367,0.05730117979879974,1.0,50,50,456
poissonNmean21,0.075,0.925,20,20,5.870228752022841,0.2140415331214626,0.79641360193364,0.03646221334180637,1.0,50,50,456
poissonNmean21,0.075,0.925,20,17,5.732282620748658,0.24723325522089848,0.478839882259625,0.04312998356466396,1.0,50,50,456
poissonNmean21,0.075,0.925,25,6,8.435809233156824,3.620390496657451e-15,0.0,4.291693181523782e-16,1.0,27,50,456
poissonNmean21,0.075,0.925,20,19,6.408606992509851,0.24727670874125374,0.323758696058069,0.03858509486230968,1.0,50,50,456
poissonNmean21,0.075,0.925,25,12,4.945428672141382,0.0,0.0,0.0,0.0,50,50,456
poissonNmean21,0.075,0.925,25,5,,0.0,0.0,,1.0,0,50,456
poissonNmean21,0.075,0.925,20,21,5.6156766685801776,0.3913088400039739,0.8690343838647652,0.06968151179239977,1.0,50,50,456
poissonNmean21,0.075,0.925,20,22,6.011435024584423,0.5017129855029158,1.0542964347701942,0.08345977016321485,1.0,50,50,456
poissonNmean21,0.075,0.925,20,23,6.110231539945271,0.4431690279489905,0.4029841665293747,0.07252900729731755,1.0,50,50,456
poissonNmean21,0.075,0.925,25,8,4.979500827379923,0.0,0.0,0.0,1.0,15,50,456
poissonNmean21,0.075,0.925,25,16,5.416828815462329,0.5619159365441492,1.015995823908441,0.10373522141592531,1.0,50,50,456
poissonNmean21,0.075,0.925,25,14,9.45700460878706,1.3940131511261316,2.813869222975293,0.1474053581226842,1.0,35,50,456
poissonNmean21,0.075,0.925,25,15,7.12662963391382,0.7867369322104435,1.5567961841011317,0.11039396918657907,1.0,50,50,456
poissonNmean21,0.075,0.925,25,7,6.5208425292741135,0.6767002343273333,1.1296771180533536,0.10377496945976122,1.0,38,50,456
poissonNmean21,0.075,0.925,25,13,5.7509246923075965,0.10990082941300582,0.18489520932625458,0.019110114510803546,1.0,50,50,456
poissonNmean21,0.075,0.925,25,20,8.057623195385268,3.625973214694716e-15,0.0,4.500053088572533e-16,1.0,25,50,456
poissonNmean21,0.075,0.925,30,0,5.109908712325605,8.97195690676443e-16,8.97195690676443e-16,1.7557959274542778e-16,1.0,50,50,456
poissonNmean21,0.075,0.925,25,11,6.041809085066061,0.13852629906924802,0.16671865947170664,0.022927950406717194,1.0,43,50,456
poissonNmean21,0.075,0.925,25,17,4.312269794241644,0.0,0.0,0.0,0.7,15,50,456
poissonNmean21,0.075,0.925,25,10,6.673632174609971,0.25867068439748087,0.24724537715925585,0.03876010508664248,1.0,50,50,456
poissonNmean21,0.075,0.925,25,21,4.664459999052425,0.11505798353546927,0.24426478535955107,0.024666946132852047,1.0,31,50,456
poissonNmean21,0.075,0.925,25,9,6.330210127028706,0.5773799456992311,1.1671271905364795,0.09121023380155052,1.0,50,50,456
poissonNmean21,0.075,0.925,25,18,7.215965143877136,0.4859470940240745,1.01298719435959,0.06734332612961809,1.0,50,50,456
poissonNmean21,0.075,0.925,30,2,6.579571683697936,1.794391381352886e-15,8.97195690676443e-16,2.7272160979700413e-16,0.0,50,50,456
poissonNmean21,0.075,0.925,25,19,6.25924845534249,0.29877533433903775,0.6329988870696226,0.04773341982998333,1.0,37,50,456
poissonNmean21,0.075,0.925,30,4,5.08762668200572,0.0,0.0,0.0,1.0,50,50,456
poissonNmean21,0.075,0.925,30,5,6.392900798521299,1.794391381352886e-15,8.97195690676443e-16,2.80685003241085e-16,1.0,50,50,456
poissonNmean21,0.075,0.925,30,3,6.117090578440425,1.794391381352886e-15,8.97195690676443e-16,2.933406589853657e-16,1.0,50,50,456
poissonNmean21,0.075,0.925,25,22,6.966649411230154,0.35591681259774943,0.6755807257115647,0.05108866423276817,1.0,50,50,456
poissonNmean21,0.075,0.925,25,24,4.707826973258453,0.03633394969641051,0.054204654490397505,0.007717775080264367,1.0,50,50,456
poissonNmean21,0.075,0.925,30,6,,0.0,0.0,,1.0,0,50,456
poissonNmean21,0.075,0.925,30,1,5.0796818224766165,0.13043224167748071,0.23122043548840215,0.025677246377980426,1.0,50,50,456
poissonNmean21,0.075,0.925,30,7,9.396115077702596,3.588782762705772e-15,0.0,3.819432534646276e-16,1.0,50,50,456
poissonNmean21,0.075,0.925,30,8,3.913521808235895,1.794391381352886e-15,4.485978453382215e-16,4.585106380592132e-16,1.0,50,50,456
poissonNmean21,0.075,0.925,25,23,5.782983685458241,0.11743243382680885,0.23531594144242554,0.02030654766018133,1.0,37,50,456
poissonNmean21,0.075,0.925,30,11,3.7025056080966805,0.0,4.485978453382215e-16,0.0,1.0,50,50,456
poissonNmean21,0.075,0.925,30,12,6.625867104292625,1.794391381352886e-15,8.97195690676443e-16,2.708160838587261e-16,1.0,50,50,456
poissonNmean21,0.075,0.925,30,9,6.015587211235199,0.0,8.97195690676443e-16,0.0,0.0,50,50,456
poissonNmean21,0.075,0.925,30,13,4.70257008955843,8.97195690676443e-16,0.0,1.9078837180302175e-16,1.0,50,50,456
poissonNmean21,0.075,0.925,30,16,6.790419076735346,3.588782762705772e-15,8.97195690676443e-16,5.285068155809853e-16,1.0,50,50,456
poissonNmean21,0.075,0.925,30,15,,0.0,0.0,,1.0,0,50,456
poissonNmean21,0.075,0.925,30,14,,0.0,0.0,,1.0,0,50,456
poissonNmean21,0.075,0.925,30,10,4.7482575474070225,1.818159190204792e-15,9.09079595102396e-16,3.8291081982224636e-16,1.0,22,50,456
poissonNmean21,0.075,0.925,30,18,5.310696638796621,3.588782762705772e-15,0.0,6.75764971489498e-16,1.0,50,50,456
poissonNmean21,0.075,0.925,30,21,7.490965467925832,0.0,0.0,0.0,1.0,50,50,456
poissonNmean21,0.075,0.925,30,19,4.405142752546794,3.588782762705772e-15,0.0,8.146802417767162e-16,1.0,50,50,456
poissonNmean21,0.075,0.925,30,17,5.8208373835178735,0.5449540677602712,1.034850403462552,0.09362124929023932,1.0,50,50,456
poissonNmean21,0.075,0.925,30,22,,0.0,0.0,,1.0,0,50,456
poissonNmean21,0.075,0.925,35,2,6.643916990507264,0.0,8.97195690676443e-16,0.0,1.0,50,50,456
poissonNmean21,0.075,0.925,35,0,4.288568020537601,0.0,0.0,0.0,1.0,50,50,456
poissonNmean21,0.075,0.925,30,23,6.6356528929923995,3.588782762705772e-15,1.794391381352886e-15,5.408334071385374e-16,1.0,50,50,456
poissonNmean21,0.075,0.925,35,4,4.8618936343143355,8.97195690676443e-16,8.97195690676443e-16,1.8453626470645176e-16,1.0,50,50,456
poissonNmean21,0.075,0.925,30,20,,0.0,0.0,,1.0,0,50,456
poissonNmean21,0.075,0.925,35,1,9.16269144698716,1.794391381352886e-15,0.0,1.9583671367029504e-16,1.0,50,50,456
poissonNmean21,0.075,0.925,35,3,6.179655087509879,0.0,8.97195690676443e-16,0.0,1.0,50,50,456
poissonNmean21,0.075,0.925,30,24,6.915652555452787,0.16269076767196738,0.27267161606250956,0.023525005972674342,1.0,50,50,456
poissonNmean21,0.075,0.925,35,5,3.290887469978803,0.0,4.485978453382215e-16,0.0,1.0,50,50,456
poissonNmean21,0.075,0.925,35,8,4.6281249998352925,0.0,8.97195690676443e-16,0.0,1.0,50,50,456
poissonNmean21,0.075,0.925,35,7,5.693965724943938,0.0,0.0,0.0,1.0,50,50,456
poissonNmean21,0.075,0.925,35,9,6.275792885288741,0.0,0.0,0.0,1.0,50,50,456
poissonNmean21,0.075,0.925,35,6,5.108744776723075,0.0,0.0,0.0,1.0,50,50,456
poissonNmean21,0.075,0.925,35,10,6.06892038650296,0.0,0.0,0.0,1.0,50,50,456
poissonNmean21,0.075,0.925,35,11,7.125638686736138,0.0,8.97195690676443e-16,0.0,1.0,50,50,456
poissonNmean21,0.075,0.925,35,12,8.246467758298087,3.588782762705772e-15,0.0,4.351902981848835e-16,1.0,50,50,456
poissonNmean21,0.075,0.925,35,18,8.921112189310477,3.588782762705772e-15,0.0,4.0227974792268054e-16,1.0,50,50,456
poissonNmean21,0.075,0.925,35,13,3.8012542012405652,8.97195690676443e-16,0.0,2.3602622797066217e-16,1.0,50,50,456
poissonNmean21,0.075,0.925,35,15,4.02088169230576,1.794391381352886e-15,0.0,4.462681368582866e-16,1.0,50,50,456
poissonNmean21,0.075,0.925,35,14,4.097071181484259,8.97195690676443e-16,8.97195690676443e-16,2.1898464804104598e-16,1.0,50,50,456
poissonNmean21,0.075,0.925,35,16,6.11560353508544,3.588782762705772e-15,8.97195690676443e-16,5.868239728289766e-16,1.0,50,50,456
poissonNmean21,0.075,0.925,35,17,4.050759980545435,3.588782762705772e-15,8.97195690676443e-16,8.859529520242129e-16,1.0,50,50,456
poissonNmean21,0.075,0.925,35,21,8.528877393927978,3.588782762705772e-15,0.0,4.2078020317899735e-16,1.0,50,50,456
poissonNmean21,0.075,0.925,35,19,7.522519053383467,3.588782762705772e-15,0.0,4.770719405611361e-16,1.0,50,50,456
poissonNmean21,0.075,0.925,35,20,4.614434609787686,3.588782762705772e-15,0.0,7.777296822223025e-16,0.0,50,50,456
poissonNmean21,0.075,0.925,35,24,5.8068535128411085,0.0,1.794391381352886e-15,0.0,1.0,50,50,456
poissonNmean21,0.075,0.925,35,22,9.210334470929297,3.588782762705772e-15,0.0,3.896473872944675e-16,1.0,50,50,456
poissonNmean21,0.075,0.925,35,23,7.933688784629951,0.0,8.97195690676443e-16,0.0,1.0,50,50,456
poissonNmean21,0.1,0.9,0,0,,0.0,0.0,,1.0,0,50,456
poissonNmean21,0.1,0.9,0,1,9.152748293124569,0.3524029429658731,0.37282031420317485,0.038502418255136964,1.0,50,50,456
poissonNmean21,0.1,0.9,0,3,,0.0,0.0,,1.0,0,50,456
poissonNmean21,0.1,0.9,0,2,16.916162286368543,3.4497800185239718,4.449802890645735,0.20393396327865032,1.0,50,50,456
poissonNmean21,0.1,0.9,0,4,,0.0,0.0,,1.0,0,50,456
poissonNmean21,0.1,0.9,0,8,15.121150313710983,0.5739139007333043,2.1750736157977917,0.03795438103759292,1.0,50,50,456
poissonNmean21,0.1,0.9,0,5,,0.0,0.0,,1.0,0,50,456
poissonNmean21,0.1,0.9,0,9,9.30902492097034,0.2606822275707659,0.2618399576443936,0.02800317216720839,1.0,50,50,456
poissonNmean21,0.1,0.9,0,10,12.469681695106193,0.31014312120902743,0.7192348312023777,0.02487177530207087,1.0,17,50,456
poissonNmean21,0.1,0.9,0,6,9.276579848866795,0.6748528383172845,0.548764849157664,0.07274802236513092,1.0,50,50,456
poissonNmean21,0.1,0.9,0,12,11.787583694186003,0.6642857931952894,1.8721400377821225,0.056354704274374355,1.0,50,50,456
poissonNmean21,0.1,0.9,0,7,11.050121311411306,1.1243336217547997,0.80143245691201,0.10174853199065932,0.84,50,50,456
poissonNmean21,0.1,0.9,0,14,,0.0,0.0,,1.0,0,50,456
poissonNmean21,0.1,0.9,0,15,10.405210333868187,0.06341287373090562,0.19970857874320175,0.006094338480069108,1.0,13,50,456
poissonNmean21,0.1,0.9,0,11,19.081882841640123,1.0233756576894144,3.947410263220305,0.053630748400583586,1.0,50,50,456
poissonNmean21,0.1,0.9,0,13,11.842467648158294,0.6947770881028534,0.954660041953294,0.05866826988637821,1.0,50,50,456
poissonNmean21,0.1,0.9,0,16,10.37699299841549,0.22691903337302713,0.43958872962997886,0.02186751339310689,1.0,50,50,456
poissonNmean21,0.1,0.9,0,17,,0.0,0.0,,1.0,0,50,456
poissonNmean21,0.1,0.9,0,18,10.155456374230845,0.5457106689748059,0.5548103693712769,0.05373571101733348,1.0,50,50,456
poissonNmean21,0.1,0.9,0,19,14.19153945492346,1.9098341046173761,2.8624292360776478,0.13457554134162653,1.0,13,50,456
poissonNmean21,0.1,0.9,0,21,11.927944437334283,0.44088595142636183,2.020145245015039,0.03696244174699503,1.0,50,50,456
poissonNmean21,0.1,0.9,5,2,10.273555180062601,0.9737971287955973,1.0160720714463989,0.09478677164117433,0.64,50,50,456
poissonNmean21,0.1,0.9,5,4,7.25964674475101,0.1571324355782112,0.3146354422536791,0.021644639347200147,1.0,50,50,456
poissonNmean21,0.1,0.9,5,3,8.164898614506079,0.3097420009193146,0.37440722170953256,0.037935804906262374,1.0,50,50,456
poissonNmean21,0.1,0.9,0,22,,0.0,0.0,,1.0,0,50,456
poissonNmean21,0.1,0.9,0,23,,0.0,0.0,,1.0,0,50,456
poissonNmean21,0.1,0.9,5,0,8.9947450131415,0.28323291603171474,0.7722622643330203,0.031488709865360925,0.7,50,50,456
poissonNmean21,0.1,0.9,0,24,,0.0,0.0,,1.0,0,50,456
poissonNmean21,0.1,0.9,0,20,9.455921833423403,0.21173896979935672,0.25296402165468584,0.022392208134687928,1.0,50,50,456
poissonNmean21,0.1,0.9,5,1,7.97494303324103,0.9013652641608587,0.9515553854602853,0.11302466492911642,1.0,50,50,456
poissonNmean21,0.1,0.9,5,6,9.403614934879384,0.5038305424669816,0.6059459820556229,0.053578389370049634,1.0,50,50,456
poissonNmean21,0.1,0.9,5,5,9.585126797786657,0.39495075429547577,0.9493167776874217,0.041204541434618845,0.0,50,50,456
poissonNmean21,0.1,0.9,5,7,8.091542855899249,0.46917307791964924,0.6723236667899944,0.057983141939066944,1.0,50,50,456
poissonNmean21,0.1,0.9,5,14,8.241142613727112,0.2781947342050056,0.5866818282696743,0.03375681592278503,1.0,50,50,456
poissonNmean21,0.1,0.9,5,9,7.586608959879324,0.23699164166041078,0.2828616154739059,0.031238151710956313,1.0,50,50,456
poissonNmean21,0.1,0.9,5,13,8.845127469858753,0.3339830805169261,1.0760798302421168,0.03775899009426706,1.0,50,50,456
poissonNmean21,0.1,0.9,5,10,10.390114089258283,2.0346708593231027,2.214834686605288,0.19582757627528144,1.0,50,50,456
poissonNmean21,0.1,0.9,5,8,9.43308359481846,0.3320275753604511,0.6045781257205192,0.03519820131169324,1.0,50,50,456
poissonNmean21,0.1,0.9,5,11,8.299837510765268,0.30542795348875257,0.37783141430519557,0.03679926903298993,1.0,50,50,456
poissonNmean21,0.1,0.9,5,16,8.685085241392207,0.29547052873748225,0.3656391246949263,0.03402045236462397,1.0,50,50,456
poissonNmean21,0.1,0.9,5,15,10.333231960812755,0.6044999695245779,0.9338241931677561,0.05850057095563654,1.0,50,50,456
poissonNmean21,0.1,0.9,5,12,7.832469184756703,0.21338583585333043,0.41112354529976447,0.027243750447000163,1.0,50,50,456
poissonNmean21,0.1,0.9,5,17,6.640924543889277,0.2659088615925141,0.44971717156776064,0.04004094005814193,1.0,50,50,456
poissonNmean21,0.1,0.9,5,19,8.925859845942107,0.7698179919729445,0.9196884769933233,0.08624580771598389,1.0,50,50,456
poissonNmean21,0.1,0.9,5,21,6.970894325284441,0.3182115240816445,0.5785217122033066,0.045648593886647416,1.0,50,50,456
poissonNmean21,0.1,0.9,5,18,8.146482408632764,0.6073113636538156,0.8122619058331985,0.07454890751500948,1.0,50,50,456
poissonNmean21,0.1,0.9,5,20,7.840209760091934,0.8215615249194378,0.32442131178476996,0.10478820721115556,1.0,50,50,456
poissonNmean21,0.1,0.9,5,22,9.102671406521319,0.4770442730259574,0.452903638249834,0.05240706290729052,1.0,50,50,456
poissonNmean21,0.1,0.9,5,23,7.100080186280991,0.15978774321271563,0.27921502107448865,0.02250506177683215,1.0,50,50,456
poissonNmean21,0.1,0.9,10,2,6.538422970447195,0.3712258433075327,0.5041446901715507,0.056776052113089705,1.0,50,50,456
poissonNmean21,0.1,0.9,10,4,6.213342346263713,0.16184609127555175,0.31839913365179784,0.026048152871034885,1.0,50,50,456
poissonNmean21,0.1,0.9,10,6,6.660402716862149,0.35182975741457223,0.5426296677225905,0.052824096735749095,1.0,50,50,456
poissonNmean21,0.1,0.9,10,7,5.644963959360665,0.4222842801523414,0.27072939860888307,0.0748072588580651,1.0,50,50,456
poissonNmean21,0.1,0.9,10,3,6.7842424445675995,0.26337663457314964,0.2764794026129071,0.038821819344626356,1.0,50,50,456
poissonNmean21,0.1,0.9,5,24,8.266668190747357,0.357306250961605,0.5536109448905616,0.04322252238955564,1.0,50,50,456
poissonNmean21,0.1,0.9,10,0,7.537709402941064,0.5369944619697002,0.3834668793375794,0.07124106718152012,1.0,50,50,456
poissonNmean21,0.1,0.9,10,5,6.058014675115166,0.10045911772619831,0.27280573431463273,0.0165828448945262,1.0,50,50,456
poissonNmean21,0.1,0.9,10,1,6.010859849836489,0.22416005696373814,0.3246510907658866,0.03729251098240726,1.0,50,50,456
poissonNmean21,0.1,0.9,10,11,6.266460584229963,0.2619381617051814,0.5381605290952557,0.04180001743956855,0.24,50,50,456
poissonNmean21,0.1,0.9,10,9,6.616454485759566,0.19314452432305823,0.3400360622154079,0.02919154431406707,1.0,50,50,456
poissonNmean21,0.1,0.9,10,8,7.8367638638955475,0.45928996219671914,0.37531330789073675,0.05860709473622093,1.0,50,50,456
poissonNmean21,0.1,0.9,10,13,6.702313823331103,0.27295616119765054,0.4690867465447343,0.04072566107654881,1.0,50,50,456
poissonNmean21,0.1,0.9,10,10,7.2089197147300945,0.3423404556000597,0.6469756790746628,0.047488454462955146,1.0,50,50,456
poissonNmean21,0.1,0.9,10,12,5.699908383886449,0.11511730984368078,0.2938782450934755,0.020196343886704497,1.0,50,50,456
poissonNmean21,0.1,0.9,10,15,6.89643638442524,0.8804265177045297,0.2270541979859551,0.12766398015254163,1.0,50,50,456
poissonNmean21,0.1,0.9,10,14,6.486916662551482,0.21820758120455602,0.2535714644449084,0.0336381045966342,1.0,50,50,456
poissonNmean21,0.1,0.9,10,18,7.241933944453902,0.3260202406849323,0.381404883251093,0.04501839469753915,1.0,50,50,456
poissonNmean21,0.1,0.9,10,17,5.701224536225031,0.10172115983997691,0.353646885163282,0.01784198450589877,1.0,50,50,456
poissonNmean21,0.1,0.9,10,24,7.072998353460716,2.142764151006845,1.5891165397887406,0.30294990100745905,1.0,50,50,456
poissonNmean21,0.1,0.9,10,21,5.967167901127477,0.18909742404189608,0.290686043269766,0.03168964359225869,1.0,50,50,456
poissonNmean21,0.1,0.9,10,16,6.03058322005962,0.28586627947777554,0.3786126850894513,0.047402758414293034,1.0,50,50,456
poissonNmean21,0.1,0.9,10,19,5.834119061943611,0.09692904207424402,0.34693876514398,0.016614169345037764,1.0,50,50,456
poissonNmean21,0.1,0.9,10,23,7.216253732769574,0.3709501291374334,0.9057110803418025,0.05140480682558594,1.0,50,50,456
poissonNmean21,0.1,0.9,10,22,6.487711448901433,0.321986377964539,0.5816933184236247,0.04963019402150832,1.0,50,50,456
poissonNmean21,0.1,0.9,15,0,5.319595519351201,0.18105686999562973,0.24013740777468057,0.03403583399094827,1.0,50,50,456
poissonNmean21,0.1,0.9,15,1,5.902949994470023,0.24577507574972585,0.6730510912458256,0.041635974551702426,1.0,50,50,456
poissonNmean21,0.1,0.9,10,20,6.663941593649656,0.23695540056386152,0.49015319259568113,0.035557844743067085,1.0,50,50,456
poissonNmean21,0.1,0.9,15,4,5.238098728225533,0.23386104532890079,0.28451531490517123,0.04464616981515428,0.0,50,50,456
poissonNmean21,0.1,0.9,15,2,5.233943737354064,0.21720050140430922,0.17284946280309013,0.041498440240038084,1.0,50,50,456
poissonNmean21,0.1,0.9,15,3,5.8012002835037615,0.16598566704029072,0.27550877352849446,0.028612297271012346,1.0,50,50,456
poissonNmean21,0.1,0.9,15,5,6.597330522057743,0.2724669343537195,0.46432320223111934,0.04129957312927465,1.0,50,50,456
poissonNmean21,0.1,0.9,15,6,5.932982428041144,0.38296958167608186,0.6722770854921398,0.0645492526433328,1.0,50,50,456
poissonNmean21,0.1,0.9,15,11,5.715646593797709,0.1853329761035373,0.34611153133701605,0.03242554854679958,1.0,50,50,456
poissonNmean21,0.1,0.9,15,7,5.700923937269145,0.5312398576580256,0.6101914477529055,0.09318487029534023,1.0,50,50,456
poissonNmean21,0.1,0.9,15,13,4.704482725730338,0.12535335611463477,0.43810650544639695,0.026645513103712066,1.0,50,50,456
poissonNmean21,0.1,0.9,15,14,4.607317410413855,0.1529099811395623,0.19742180748065893,0.033188505917552374,1.0,50,50,456
poissonNmean21,0.1,0.9,15,8,6.442939554828443,0.22632974096728717,0.2576364787238333,0.03512833529497759,1.0,50,50,456
poissonNmean21,0.1,0.9,15,9,5.684638792216397,0.2655892930740908,0.5369372882500149,0.04672052223225595,1.0,50,50,456
poissonNmean21,0.1,0.9,15,12,4.4639293030294604,0.2166201831250782,0.20224732716844057,0.048526795211131186,0.38,50,50,456
poissonNmean21,0.1,0.9,15,10,5.339995606330478,0.22289581219563115,0.2560744460174305,0.04174082314438457,0.9,50,50,456
poissonNmean21,0.1,0.9,15,16,6.534091353746176,0.3951108859539607,0.270335866799462,0.06046914017010685,1.0,50,50,456
poissonNmean21,0.1,0.9,15,17,6.252599258720582,0.15029607313370535,0.39967111548881384,0.02403737500433687,1.0,50,50,456
poissonNmean21,0.1,0.9,15,18,6.4670097599484,0.41789974818440445,0.4022772005868438,0.06462024392982188,1.0,50,50,456
poissonNmean21,0.1,0.9,15,15,5.057769356384838,0.15056331700340772,0.16235150843987872,0.02976871944809806,1.0,50,50,456
poissonNmean21,0.1,0.9,15,19,5.526704146014636,0.18021247925805545,0.28923103472277745,0.03260758573226839,0.0,50,50,456
poissonNmean21,0.1,0.9,15,20,5.975072088870508,0.32141007529572785,0.4234323856118609,0.05379183221812563,1.0,50,50,456
poissonNmean21,0.1,0.9,15,21,5.110957001407277,0.08770163620745476,0.1646343361667062,0.017159533172223233,0.0,50,50,456
poissonNmean21,0.1,0.9,15,23,6.565286668534734,0.2901776715945676,0.3756754638648598,0.044198781598569645,1.0,50,50,456
poissonNmean21,0.1,0.9,15,24,6.197560912069943,0.375487784185802,0.3065987990272852,0.060586380596038644,1.0,50,50,456
poissonNmean21,0.1,0.9,20,5,5.181249352490894,0.08342172684163206,0.20751127163533536,0.016100697180599297,1.0,50,50,456
poissonNmean21,0.1,0.9,15,22,5.681542536994884,0.32760514114170425,0.4826979981512712,0.05766130219188381,1.0,50,50,456
poissonNmean21,0.1,0.9,20,1,5.501362906257982,0.15484622108135646,0.2194810735969149,0.028146883548659147,1.0,50,50,456
poissonNmean21,0.1,0.9,20,4,4.951610297871847,0.12909055808359,0.06502253788385384,0.026070419584326304,0.92,50,50,456
poissonNmean21,0.1,0.9,20,3,5.44670027163573,0.19420515419755946,0.36150193028967176,0.03565556107592397,1.0,50,50,456
poissonNmean21,0.1,0.9,20,7,5.753425095960588,0.2568416783678883,0.4885994832236586,0.04464152640975787,0.0,50,50,456
poissonNmean21,0.1,0.9,20,9,4.157958513560928,0.1452725579940156,0.22640261730999522,0.034938433733818657,1.0,50,50,456
poissonNmean21,0.1,0.9,20,2,5.747950304782903,0.24993120401770838,0.37607316126112283,0.04348179625174198,1.0,50,50,456
poissonNmean21,0.1,0.9,20,10,5.181916141553987,0.09014643701904243,0.18344562029940303,0.01739635195871941,0.74,50,50,456
poissonNmean21,0.1,0.9,20,0,6.2303261934879615,0.19084143023497316,0.42896745132719555,0.030631049532277094,1.0,50,50,456
poissonNmean21,0.1,0.9,20,8,5.513216552252901,0.19937561623022193,0.43764158675189146,0.03616321150105192,1.0,50,50,456
poissonNmean21,0.1,0.9,20,6,6.158008783595847,0.25953126744121996,0.18723477415107087,0.042145322710902634,1.0,50,50,456
poissonNmean21,0.1,0.9,20,12,6.290438194256483,0.46486790030955205,0.9255558458977958,0.07390071819384572,1.0,50,50,456
poissonNmean21,0.1,0.9,20,11,4.874931054916054,0.17823304748254573,0.29046537665439426,0.03656114219355147,1.0,50,50,456
poissonNmean21,0.1,0.9,25,0,3.9254848724833686,8.97195690676443e-16,0.0,2.285566547372408e-16,1.0,50,50,456
poissonNmean21,0.1,0.9,20,18,4.799337507732138,0.3414104966896028,0.6228310265376917,0.07113700508446462,1.0,50,50,456
poissonNmean21,0.1,0.9,20,20,6.158913404723705,0.3585280261976326,0.7046408235545899,0.05821287013430845,0.7,31,50,456
poissonNmean21,0.1,0.9,25,1,8.003069803572233,0.34524459147911546,0.8636142064447992,0.043139020395025526,1.0,50,50,456
poissonNmean21,0.1,0.9,25,3,5.610086539236708,4.532466518368395e-16,0.0,8.079138328203167e-17,1.0,25,50,456
poissonNmean21,0.1,0.9,20,13,5.405462756923018,0.29728622333892113,0.5264156642781835,0.05499736779393649,1.0,50,50,456
poissonNmean21,0.1,0.9,25,6,4.720508471710711,0.0,0.0,0.0,1.0,50,50,456
poissonNmean21,0.1,0.9,25,5,4.48849816942677,0.0,0.0,0.0,1.0,24,50,456
poissonNmean21,0.1,0.9,20,14,4.718104316560837,0.3846804481794572,0.20773129406306332,0.08153284081261304,1.0,50,50,456
poissonNmean21,0.1,0.9,20,15,4.767768383461014,0.18468652331091215,0.13443073534716699,0.0387364713335434,1.0,50,50,456
poissonNmean21,0.1,0.9,25,2,5.077124860297228,0.020688540241711885,0.10389933492827459,0.004074853546245212,0.0,50,50,456
poissonNmean21,0.1,0.9,20,17,6.088314168269583,0.25762534673755727,0.4577317292227845,0.04231472614869666,1.0,50,50,456
poissonNmean21,0.1,0.9,20,16,5.597301241078511,0.37850299822030986,0.2520383894952701,0.06762240978607369,1.0,50,50,456
poissonNmean21,0.1,0.9,20,23,4.6253775509727255,0.15211319703839946,0.2905872503138408,0.032886655275613075,1.0,50,50,456
poissonNmean21,0.1,0.9,20,22,5.948323371443276,0.09603023947704241,0.14129024273921512,0.016144085228799863,1.0,50,50,456
poissonNmean21,0.1,0.9,20,19,4.675937639829764,0.20337011760034596,0.27875563137731796,0.043492906292854246,1.0,50,50,456
poissonNmean21,0.1,0.9,25,10,5.659987169423596,0.29114582919422505,0.6615574132109086,0.051439309044206696,1.0,50,50,456
poissonNmean21,0.1,0.9,25,14,6.369120707335411,3.588782762705772e-15,8.97195690676443e-16,5.634659676919794e-16,1.0,50,50,456
poissonNmean21,0.1,0.9,20,21,5.461092408023847,0.22932397648435002,0.34816868876783097,0.04199232669042736,1.0,50,50,456
poissonNmean21,0.1,0.9,25,15,,0.0,0.0,,1.0,0,50,456
poissonNmean21,0.1,0.9,25,4,4.740345930988482,0.101938974684833,0.19230917628339458,0.021504543374870563,0.0,50,50,456
poissonNmean21,0.1,0.9,25,8,3.9969758428828714,0.38864883933970323,0.8143735305204941,0.09723572386151455,1.0,50,50,456
poissonNmean21,0.1,0.9,25,7,5.985493802824631,0.20675307795323178,0.40248970342309814,0.03454235937152961,1.0,31,50,456
poissonNmean21,0.1,0.9,25,13,,0.0,0.0,,1.0,0,50,456
poissonNmean21,0.1,0.9,25,11,5.275398188918709,3.623071274882353e-15,9.057678187205882e-16,6.867863135891489e-16,1.0,26,50,456
poissonNmean21,0.1,0.9,20,24,4.942147343870982,0.045864849356915045,0.13717199881296932,0.009280348432710018,1.0,50,50,456
poissonNmean21,0.1,0.9,25,9,4.676424288704859,0.4006052205437183,0.3517750807976434,0.08566485755180832,1.0,50,50,456
poissonNmean21,0.1,0.9,30,1,5.292659496184487,0.0,8.97195690676443e-16,0.0,1.0,50,50,456
poissonNmean21,0.1,0.9,30,2,5.927806195572178,1.794391381352886e-15,8.97195690676443e-16,3.027074978755582e-16,1.0,50,50,456
poissonNmean21,0.1,0.9,25,18,6.934285509544008,0.0,0.0,0.0,1.0,24,50,456
poissonNmean21,0.1,0.9,25,21,6.954025170297814,0.17793806516579128,0.3792927006871193,0.025587779855299385,0.0,50,50,456
poissonNmean21,0.1,0.9,30,3,6.326548297695992,0.0,8.97195690676443e-16,0.0,1.0,50,50,456
poissonNmean21,0.1,0.9,30,4,3.832608678720477,8.97195690676443e-16,4.485978453382215e-16,2.3409530319593527e-16,1.0,50,50,456
poissonNmean21,0.1,0.9,25,19,5.2321523791520415,0.23755092606319406,0.3946646803327061,0.04540214214894353,1.0,50,50,456
poissonNmean21,0.1,0.9,30,0,7.106327762786102,3.588782762705772e-15,8.97195690676443e-16,5.050122767344404e-16,1.0,50,50,456
poissonNmean21,0.1,0.9,25,20,5.866578439239758,0.16924047049022725,0.3006149124822683,0.02884824131187427,0.36,32,50,456
poissonNmean21,0.1,0.9,25,17,5.567072321930479,0.101186430889507,0.2659392059740437,0.018175878637484422,1.0,50,50,456
poissonNmean21,0.1,0.9,25,22,,0.0,0.0,,1.0,0,50,456
poissonNmean21,0.1,0.9,25,24,5.694731445944745,0.03649076783433571,0.05559492103362591,0.006407811883793225,1.0,50,50,456
poissonNmean21,0.1,0.9,25,23,5.054685527017296,0.23636341739575784,0.48926221119071356,0.046761250750891485,0.76,50,50,456
poissonNmean21,0.1,0.9,25,12,4.890024721366883,0.3001570289429293,0.40128743160929586,0.06138149519600546,1.0,50,50,456
poissonNmean21,0.1,0.9,30,5,3.8092813676399624,0.0,8.97195690676443e-16,0.0,1.0,50,50,456
poissonNmean21,0.1,0.9,30,6,6.959308998851955,0.0,8.97195690676443e-16,0.0,1.0,50,50,456
poissonNmean21,0.1,0.9,30,7,8.420890635669206,3.588782762705772e-15,0.0,4.2617615142802195e-16,1.0,50,50,456
poissonNmean21,0.1,0.9,30,10,5.537021749017002,0.0,0.0,0.0,1.0,50,50,456
poissonNmean21,0.1,0.9,30,13,7.502992908458482,0.0,8.97195690676443e-16,0.0,1.0,50,50,456
poissonNmean21,0.1,0.9,30,11,2.8915227677829063,4.485978453382215e-16,4.485978453382215e-16,1.5514242195719827e-16,0.0,50,50,456
poissonNmean21,0.1,0.9,25,16,5.3464936754322965,0.34141709870446785,0.6362598281788769,0.06385813197036322,1.0,50,50,456
poissonNmean21,0.1,0.9,30,12,3.8948164237481033,4.485978453382215e-16,4.485978453382215e-16,1.1517817440713207e-16,1.0,50,50,456
poissonNmean21,0.1,0.9,30,8,,0.0,0.0,,1.0,0,50,456
poissonNmean21,0.1,0.9,30,9,5.237499252022026,8.97195690676443e-16,0.0,1.7130230430678633e-16,1.0,50,50,456
poissonNmean21,0.1,0.9,30,14,5.066270126599289,0.0,0.0,0.0,1.0,50,50,456
poissonNmean21,0.1,0.9,30,15,4.29191610944414,4.485978453382215e-16,0.0,1.0452157821796775e-16,1.0,50,50,456
poissonNmean21,0.1,0.9,30,16,3.9848945182103805,0.0,0.0,0.0,1.0,50,50,456
poissonNmean21,0.1,0.9,30,18,6.259527538860418,0.0,0.0,0.0,0.0,50,50,456
poissonNmean21,0.1,0.9,30,19,4.782630495043783,1.794391381352886e-15,0.0,3.7518921505903606e-16,1.0,50,50,456
poissonNmean21,0.1,0.9,30,23,5.537065551859492,0.0,0.0,0.0,1.0,50,50,456
poissonNmean21,0.1,0.9,30,17,,0.0,0.0,,1.0,0,50,456
poissonNmean21,0.1,0.9,30,20,8.891920967252467,3.588782762705772e-15,0.0,4.0360038915355735e-16,1.0,50,50,456
poissonNmean21,0.1,0.9,30,21,6.292612053146506,3.588782762705772e-15,0.0,5.703168624404974e-16,1.0,50,50,456
poissonNmean21,0.1,0.9,30,22,4.039492619613621,0.0,0.0,0.0,1.0,50,50,456
poissonNmean21,0.1,0.9,35,1,4.655989359707185,1.794391381352886e-15,8.97195690676443e-16,3.853942186555459e-16,1.0,50,50,456
poissonNmean21,0.1,0.9,35,2,5.23493715626494,8.97195690676443e-16,8.97195690676443e-16,1.7138614349987355e-16,1.0,50,50,456
poissonNmean21,0.1,0.9,35,3,4.913307546595778,0.0,0.0,0.0,1.0,50,50,456
poissonNmean21,0.1,0.9,35,4,6.926563994623393,0.0,0.0,0.0,1.0,50,50,456
poissonNmean21,0.1,0.9,35,0,6.481242768081702,0.0,8.97195690676443e-16,0.0,0.0,50,50,456
poissonNmean21,0.1,0.9,30,24,7.2279583622491055,3.588782762705772e-15,8.97195690676443e-16,4.965140338175743e-16,1.0,50,50,456
poissonNmean21,0.1,0.9,35,6,7.040404048756293,0.0,8.97195690676443e-16,0.0,1.0,50,50,456
poissonNmean21,0.1,0.9,35,5,6.31457613221967,0.0,8.97195690676443e-16,0.0,1.0,50,50,456
poissonNmean21,0.1,0.9,35,7,4.942123312031162,8.97195690676443e-16,0.0,1.8154053106936837e-16,1.0,50,50,456
poissonNmean21,0.1,0.9,35,8,3.845844454095543,8.97195690676443e-16,0.0,2.3328964584643957e-16,1.0,50,50,456
poissonNmean21,0.1,0.9,35,13,6.049292215478325,0.0,8.97195690676443e-16,0.0,1.0,50,50,456
poissonNmean21,0.1,0.9,35,9,6.369906774323019,0.0,8.97195690676443e-16,0.0,1.0,50,50,456
poissonNmean21,0.1,0.9,35,11,5.917403051339387,0.0,8.97195690676443e-16,0.0,1.0,50,50,456
poissonNmean21,0.1,0.9,35,14,4.282167707470108,8.97195690676443e-16,8.97195690676443e-16,2.095190454851437e-16,1.0,50,50,456
poissonNmean21,0.1,0.9,35,12,6.278013319563981,1.794391381352886e-15,8.97195690676443e-16,2.858215314327351e-16,1.0,50,50,456
poissonNmean21,0.1,0.9,35,10,5.498703662027494,0.0,8.97195690676443e-16,0.0,1.0,50,50,456
poissonNmean21,0.1,0.9,35,16,7.6943340886325045,0.0,0.0,0.0,1.0,50,50,456
poissonNmean21,0.1,0.9,35,18,5.276096925900377,1.794391381352886e-15,8.97195690676443e-16,3.4009825948121096e-16,1.0,50,50,456
poissonNmean21,0.1,0.9,35,17,11.199053205357089,0.0,1.794391381352886e-15,0.0,1.0,50,50,456
poissonNmean21,0.1,0.9,35,19,2.9778018523678025,0.0,0.0,0.0,1.0,50,50,456
poissonNmean21,0.1,0.9,35,20,3.472928977755139,0.0,4.485978453382215e-16,0.0,0.0,50,50,456
poissonNmean21,0.1,0.9,35,21,4.452188290749563,1.794391381352886e-15,0.0,4.030358251202321e-16,1.0,50,50,456
poissonNmean21,0.1,0.9,35,15,6.182660573315375,3.588782762705772e-15,8.97195690676443e-16,5.804592893543454e-16,1.0,50,50,456
poissonNmean21,0.1,0.9,35,22,4.758994548141392,8.97195690676443e-16,0.0,1.8852631193428019e-16,1.0,50,50,456
poissonNmean21,0.1,0.9,35,24,6.191865862586327,3.588782762705772e-15,8.97195690676443e-16,5.795963353131727e-16,1.0,50,50,456
poissonNmean21,0.1,0.9,35,23,9.799856726555284,3.588782762705772e-15,0.0,3.6620767658582426e-16,1.0,50,50,456
poissonNmean21,0.125,0.875,0,0,8.547707684366477,0.1642528755438396,0.3677054419530293,0.019216014586490086,1.0,50,50,456
poissonNmean21,0.125,0.875,0,3,6.311714175946578,0.20840141805556184,0.22254844080808223,0.03301819636411333,1.0,50,50,456
poissonNmean21,0.125,0.875,0,4,9.862337929620347,0.6189025895282382,0.18264593936750836,0.06275414551243864,1.0,50,50,456
poissonNmean21,0.125,0.875,0,1,12.108769766910779,0.7353180696473063,1.548214103492385,0.06072607571222345,1.0,50,50,456
poissonNmean21,0.125,0.875,0,6,14.902282040079347,1.0269063236539842,1.8172869675632715,0.0689093335431542,1.0,50,50,456
poissonNmean21,0.125,0.875,0,12,12.9384870324345,1.4599976984447227,3.448610994030953,0.11284145470678036,1.0,50,50,456
poissonNmean21,0.125,0.875,0,5,7.590478993866489,0.7254924415795916,0.19282730286926303,0.0955792700521045,1.0,50,50,456
poissonNmean21,0.125,0.875,0,13,11.566408239204806,0.424777715757594,1.986707017167372,0.036725118720761805,1.0,50,50,456
poissonNmean21,0.125,0.875,0,2,9.203257865867117,0.5409640915967815,0.8222143040281787,0.058779629939860724,1.0,50,50,456
poissonNmean21,0.125,0.875,0,8,13.53464294218451,0.9118169395672096,1.101191764160346,0.06736911667800828,1.0,50,50,456
poissonNmean21,0.125,0.875,0,7,10.906523390235352,0.28205931376179505,1.2865091057918463,0.02586152375690348,1.0,50,50,456
poissonNmean21,0.125,0.875,0,14,10.494034651822654,0.3287901469570514,0.6011174746797647,0.03133114744384283,1.0,50,50,456
poissonNmean21,0.125,0.875,0,16,11.387999601616514,1.6230288840505602,0.5337590465538501,0.1425209818079176,0.88,50,50,456
poissonNmean21,0.125,0.875,0,15,8.008092037534109,0.9124401033210895,0.5713993858040146,0.1139397623109802,0.68,50,50,456
poissonNmean21,0.125,0.875,0,10,9.49861378261191,0.3411882686397864,0.29714501723447934,0.03591979592478674,1.0,50,50,456
poissonNmean21,0.125,0.875,0,11,7.37249985152997,0.14527506690127795,0.4371221653009724,0.019704994211852022,1.0,50,50,456
poissonNmean21,0.125,0.875,0,9,14.055985215021492,1.2078856793344372,3.743254803731098,0.08593390366145105,1.0,50,50,456
poissonNmean21,0.125,0.875,0,17,7.455656069161272,0.21274020213114753,0.21536828236754388,0.02853406865307292,1.0,50,50,456
poissonNmean21,0.125,0.875,5,0,7.393974558898468,0.2043780374731292,0.26168151109614957,0.027641160494279116,1.0,50,50,456
poissonNmean21,0.125,0.875,0,20,10.838167542393407,0.7210824570549258,0.8282037273435175,0.06653176879158007,1.0,50,50,456
poissonNmean21,0.125,0.875,0,21,11.388886416247358,0.8874106650569945,0.7488383801609757,0.07791900214151022,1.0,50,50,456
poissonNmean21,0.125,0.875,5,3,7.612098399589636,2.230212913713461,2.1269702164905286,0.2929826700392747,1.0,50,50,456
poissonNmean21,0.125,0.875,0,22,8.677288812839189,0.2899295192588466,0.18558968247178778,0.0334124546862907,1.0,50,50,456
poissonNmean21,0.125,0.875,0,19,10.52115012684265,2.4648213505605083,3.3142499577930695,0.23427299495251952,1.0,50,50,456
poissonNmean21,0.125,0.875,0,23,8.727137665402163,0.38254237952609405,0.6930783128909705,0.04383365935003453,1.0,50,50,456
poissonNmean21,0.125,0.875,0,24,10.767569258401506,0.42362521626126814,0.8125402784634398,0.03934269713944308,1.0,50,50,456
poissonNmean21,0.125,0.875,5,1,7.019390134037155,0.7234728568410425,0.9771439894840965,0.10306776557879423,0.86,50,50,456
poissonNmean21,0.125,0.875,0,18,15.79879016324798,1.9973342182032074,4.774915585621593,0.1264232385875671,1.0,50,50,456
poissonNmean21,0.125,0.875,5,5,5.493358980022325,0.25702128708831173,0.31771148276018923,0.046787637222147675,1.0,50,50,456
poissonNmean21,0.125,0.875,5,4,6.35812448180213,0.1237680008883029,0.3601521422283866,0.019466117916147253,1.0,50,50,456
poissonNmean21,0.125,0.875,5,2,7.365710040504882,0.28084316407744675,0.4641260158904762,0.03812845774990572,1.0,50,50,456
poissonNmean21,0.125,0.875,5,7,8.212753037941841,0.5264493318690007,1.3482658599053259,0.06410144435573234,1.0,50,50,456
poissonNmean21,0.125,0.875,5,6,6.340195357459134,0.3281094140559991,0.39006871171765206,0.05175067889193412,1.0,50,50,456
poissonNmean21,0.125,0.875,5,12,8.074087287102554,0.2734402263762044,0.5214063674557221,0.03386639463422626,1.0,50,50,456
poissonNmean21,0.125,0.875,5,9,5.798184384695638,0.3694108893499693,0.41839761749669324,0.06371147670381659,1.0,50,50,456
poissonNmean21,0.125,0.875,5,10,6.304003566028911,0.6427696266883142,0.34900403433140614,0.10196212929701988,0.54,50,50,456
poissonNmean21,0.125,0.875,5,8,6.462216490388963,0.42693771383471035,0.2639619459222844,0.06606676122189352,1.0,50,50,456
poissonNmean21,0.125,0.875,5,16,6.11374660242961,0.25682052138436945,0.35298790955818315,0.04200706016868751,1.0,50,50,456
poissonNmean21,0.125,0.875,5,18,6.329616851740816,0.15901313879970652,0.22324041639038514,0.02512207966521285,1.0,50,50,456
poissonNmean21,0.125,0.875,5,11,7.03709256189494,0.5446189384521953,0.5293980308732814,0.077392606912867,1.0,50,50,456
poissonNmean21,0.125,0.875,5,14,5.917721789422227,0.20436231471486316,0.40707348870541155,0.034533951068831156,0.0,50,50,456
poissonNmean21,0.125,0.875,5,19,6.0033712416064455,0.10156044318160723,0.16983754911841625,0.016917235182415707,1.0,50,50,456
poissonNmean21,0.125,0.875,5,15,6.592980502309838,0.5707229717074739,0.16938219833690557,0.08656524488545389,1.0,50,50,456
poissonNmean21,0.125,0.875,5,17,6.721808749786573,0.32264719617891074,0.47571948173330425,0.04800005596546544,1.0,50,50,456
poissonNmean21,0.125,0.875,5,13,7.3835011907542025,0.4782507543669929,0.3711578790221208,0.06477289594885824,0.54,50,50,456
poissonNmean21,0.125,0.875,5,21,6.544412125303829,0.1908698075446478,0.644649901182277,0.029165309868957334,1.0,50,50,456
poissonNmean21,0.125,0.875,5,22,8.650485415754519,0.30776823328771913,0.5033260451749253,0.0355781460225576,1.0,50,50,456
poissonNmean21,0.125,0.875,5,20,6.17161052627598,0.429290712785271,0.28223468625201265,0.06955894429137119,1.0,50,50,456
poissonNmean21,0.125,0.875,5,23,7.864953512829332,0.4350006336410819,0.5766499978994251,0.05530873551019822,0.92,50,50,456
poissonNmean21,0.125,0.875,10,0,5.291702393054382,0.16159513633555625,0.4461198353964086,0.03053745738756166,1.0,50,50,456
poissonNmean21,0.125,0.875,10,4,5.434803428882975,0.25691094276583665,0.4565757768440633,0.04727143237609976,0.72,50,50,456
poissonNmean21,0.125,0.875,10,5,5.647465533856842,0.16860365582631004,0.39774286761881983,0.02985474719863673,1.0,50,50,456
poissonNmean21,0.125,0.875,10,7,5.608995761986104,0.18402215589121756,0.3153267101963658,0.032808396315503134,0.1,50,50,456
poissonNmean21,0.125,0.875,10,6,5.999478340848659,0.2244578314321828,0.4236482931290454,0.03741289136822386,1.0,50,50,456
poissonNmean21,0.125,0.875,10,9,5.156737657450939,0.2589541893832857,0.3254109322916481,0.05021666925582773,1.0,50,50,456
poissonNmean21,0.125,0.875,10,1,6.993232460763219,0.15556308111368367,0.4003062145500613,0.022244803384772086,1.0,50,50,456
poissonNmean21,0.125,0.875,5,24,6.890169539978368,0.19626709794762026,0.2689259802951159,0.028485089780277955,1.0,50,50,456
poissonNmean21,0.125,0.875,10,2,6.241230695180068,0.37440208992200275,0.21202731647559844,0.0599885035832986,1.0,50,50,456
poissonNmean21,0.125,0.875,10,11,5.670883660670894,0.33239163018526136,0.22535081249303146,0.05861372760835967,1.0,50,50,456
poissonNmean21,0.125,0.875,10,3,5.484890383965972,0.10068698724434837,0.17537087804106488,0.018357155785407767,1.0,50,50,456
poissonNmean21,0.125,0.875,10,10,5.213602036344904,0.405923914260698,0.5427872733127621,0.0778586304499142,1.0,50,50,456
poissonNmean21,0.125,0.875,10,8,5.821410678975442,0.20411861356765454,0.35804582099623083,0.03506342789125797,1.0,50,50,456
poissonNmean21,0.125,0.875,10,14,6.532994600938696,0.3698908092760394,0.3060291978693504,0.05661887570255936,1.0,50,50,456
poissonNmean21,0.125,0.875,10,12,6.21285019919269,0.5090085297062239,0.6082563309429057,0.08192834421991463,0.96,50,50,456
poissonNmean21,0.125,0.875,10,13,5.6296020521808625,0.21371206416481084,0.27443599433762883,0.03796219736029485,1.0,50,50,456
poissonNmean21,0.125,0.875,10,15,5.857360805375045,0.1878016510634055,0.2821391056307224,0.03206250345566353,1.0,50,50,456
poissonNmean21,0.125,0.875,10,19,5.186788371266946,0.1173818969656732,0.3434522218594481,0.022630940104656903,1.0,50,50,456
poissonNmean21,0.125,0.875,10,18,5.0399970867667,0.15022240775579232,0.30550063500293767,0.029806050513446668,1.0,50,50,456
poissonNmean21,0.125,0.875,10,17,5.93251908747855,0.42145926931505695,0.5027869434233206,0.07104221041692195,1.0,50,50,456
poissonNmean21,0.125,0.875,10,24,4.313932301220401,0.24734281336208122,0.2705551441090856,0.057335812454012904,1.0,50,50,456
poissonNmean21,0.125,0.875,10,22,5.938125581191615,0.15336182868658482,0.21285887537895376,0.025826639499228882,1.0,50,50,456
poissonNmean21,0.125,0.875,10,16,5.951031327201695,0.07257006395759857,0.14881055672731505,0.012194535697684288,1.0,50,50,456
poissonNmean21,0.125,0.875,10,20,5.109859437867149,0.25445345594939556,0.2286922640017778,0.04979656662642059,0.0,50,50,456
poissonNmean21,0.125,0.875,15,0,5.291751085057765,0.15429495315348246,0.23666423844474294,0.029157636229179926,1.0,50,50,456
poissonNmean21,0.125,0.875,10,23,6.4405255278049784,0.22301889907836678,0.3428879936619706,0.03462743810509742,1.0,50,50,456
poissonNmean21,0.125,0.875,15,1,5.220390222051355,0.380184083481199,0.33279919110295453,0.07282675572321592,1.0,50,50,456
poissonNmean21,0.125,0.875,15,2,5.398613341578486,0.1999700250602755,0.19278381753223717,0.03704099782812133,0.0,50,50,456
poissonNmean21,0.125,0.875,10,21,5.862299998872701,0.2089052680455645,0.2264554279308583,0.03563537657331358,1.0,50,50,456
poissonNmean21,0.125,0.875,15,5,4.960499042330318,0.11204089006830092,0.10700796746849567,0.0225866166109906,1.0,50,50,456
poissonNmean21,0.125,0.875,15,3,5.472393620151326,0.3818462605181949,0.3333404346369357,0.06977682656307824,1.0,50,50,456
poissonNmean21,0.125,0.875,15,4,5.975587093255654,0.13341303195701118,0.25413358230997146,0.022326347164714207,1.0,50,50,456
poissonNmean21,0.125,0.875,15,7,7.183124628532839,2.2833431896827845,2.4318547563715076,0.31787603692867566,1.0,50,50,456
poissonNmean21,0.125,0.875,15,6,5.947825488758074,0.26440081726998527,0.2128737197144857,0.044453358251637785,1.0,50,50,456
poissonNmean21,0.125,0.875,15,9,5.040954013232139,0.2558535571267666,0.21470773231683254,0.05075498734072351,0.42,50,50,456
poissonNmean21,0.125,0.875,15,11,4.718457367455624,0.1410386248355464,0.14383910499643485,0.029890833772987957,1.0,50,50,456
poissonNmean21,0.125,0.875,15,8,4.845507529090657,0.18042254707475244,0.5650000378737007,0.03723501531915106,1.0,50,50,456
poissonNmean21,0.125,0.875,15,12,5.148830793315167,0.13534878790766955,0.34605155253027614,0.026287286054029135,1.0,50,50,456
poissonNmean21,0.125,0.875,15,10,6.393147366843655,0.4017973416254292,0.5611287707844904,0.06284812762321786,1.0,50,50,456
poissonNmean21,0.125,0.875,15,14,4.658734193717678,0.1710087908743542,0.27178825277355767,0.03670713626567496,1.0,50,50,456
poissonNmean21,0.125,0.875,15,17,5.514026854887435,0.355269797754524,0.5364494987713844,0.06443018996899257,1.0,50,50,456
poissonNmean21,0.125,0.875,15,13,5.407061394863999,0.09836842239556869,0.22431146288036646,0.018192584698410456,1.0,50,50,456
poissonNmean21,0.125,0.875,15,15,5.092966792323461,0.23194406110361301,0.2610327789913271,0.0455420328782073,1.0,50,50,456
poissonNmean21,0.125,0.875,15,16,5.438774521495224,0.15927136950953943,0.26844694842681494,0.029284422231527378,1.0,50,50,456
poissonNmean21,0.125,0.875,15,18,5.142850928915003,0.19295378898401597,0.2064353845716869,0.0375188376352032,1.0,50,50,456
poissonNmean21,0.125,0.875,15,19,5.388345028037638,0.2067698037697523,0.21698284244667201,0.03837352706514695,1.0,50,50,456
poissonNmean21,0.125,0.875,15,20,6.120822189991261,0.2581306998036312,0.39597600081693407,0.04217255326020175,1.0,50,50,456
poissonNmean21,0.125,0.875,15,21,5.338869801689072,0.23896198262931542,0.3487139381802909,0.04475890806584464,1.0,50,50,456
poissonNmean21,0.125,0.875,15,24,5.868771999961252,0.14458303905434353,0.5897823477820417,0.02463599523977045,0.0,50,50,456
poissonNmean21,0.125,0.875,20,0,4.731415595968755,0.2976394378005107,0.11937144370422414,0.06290705852474775,0.4,50,50,456
poissonNmean21,0.125,0.875,20,6,5.716389110775606,0.20210724701848495,0.3814183595565718,0.035355753973693865,1.0,50,50,456
poissonNmean21,0.125,0.875,20,3,5.046672725429541,0.3107827053761171,0.5147674507769237,0.06158170388385254,1.0,50,50,456
poissonNmean21,0.125,0.875,15,22,5.657074656531141,0.35403970934732054,0.4078310367402721,0.0625835313908362,1.0,50,50,456
poissonNmean21,0.125,0.875,20,4,5.137572909419126,0.19007288781514753,0.3286622381781543,0.036996630737185565,1.0,50,50,456
poissonNmean21,0.125,0.875,15,23,4.600817385631388,0.17135035809548824,0.30520173598101186,0.03724345996227215,1.0,50,50,456
poissonNmean21,0.125,0.875,20,5,4.550576501675746,0.5625988628224916,1.113107812235201,0.12363243703634365,1.0,50,50,456
poissonNmean21,0.125,0.875,20,1,5.603922544884906,0.20332023318615564,0.23323368844786616,0.03628177076996546,1.0,50,50,456
poissonNmean21,0.125,0.875,20,2,4.937449980365178,0.5214213156171188,0.43258324651472774,0.10560538692860925,1.0,50,50,456
poissonNmean21,0.125,0.875,20,8,5.169878119408781,0.17359483739773132,0.1629312213928668,0.03357812957833972,1.0,50,50,456
poissonNmean21,0.125,0.875,20,10,4.913653393368898,0.24109220211018403,0.2772265123729,0.04906577302248143,0.0,50,50,456
poissonNmean21,0.125,0.875,20,9,4.874253073219141,0.15529725285442086,0.301707264881678,0.031860728304748585,1.0,50,50,456
poissonNmean21,0.125,0.875,20,11,5.725670610488924,0.25171940319865826,0.3812350966276436,0.04396330496859713,1.0,50,50,456
poissonNmean21,0.125,0.875,20,7,5.144367702710383,0.43623840723988433,0.33243389433490683,0.08479922751440297,1.0,50,50,456
poissonNmean21,0.125,0.875,20,14,6.829984926655722,0.1556594186434041,0.3265114258050293,0.022790594754595186,1.0,39,50,456
poissonNmean21,0.125,0.875,25,2,6.606761716668323,0.0,8.97195690676443e-16,0.0,0.0,50,50,456
poissonNmean21,0.125,0.875,20,21,4.5158381064322,0.19138557475906784,0.3105135603403445,0.042380964562583626,1.0,50,50,456
poissonNmean21,0.125,0.875,20,12,4.3112311220965545,0.4541781333167318,0.3498539238732655,0.10534766530815556,0.0,50,50,456
poissonNmean21,0.125,0.875,25,0,6.992485072771364,0.1432498480497565,0.30537580777596784,0.020486257254601705,1.0,50,50,456
poissonNmean21,0.125,0.875,20,20,5.009008354210184,0.2836133660936367,0.35634880665179197,0.05662066142398291,0.0,50,50,456
poissonNmean21,0.125,0.875,20,16,5.690636319996272,0.3073544053682607,0.513897548926356,0.05401055138390254,1.0,50,50,456
poissonNmean21,0.125,0.875,20,13,4.7625520718839,0.17274864774392493,0.14921474217071926,0.03627228534964691,1.0,50,50,456
poissonNmean21,0.125,0.875,20,17,5.349356499206871,0.2030905418836674,0.28925438077206855,0.03796541545020955,0.0,50,50,456
poissonNmean21,0.125,0.875,20,15,4.813839101308588,0.26660013704803814,0.6077232634449208,0.05538202076084468,1.0,50,50,456
poissonNmean21,0.125,0.875,20,18,4.700012054577376,0.09755079800845666,0.16619767642921235,0.020755435704351278,0.96,50,50,456
poissonNmean21,0.125,0.875,25,3,4.935896406512565,0.07400280663197906,0.10821265989976436,0.01499277953531148,1.0,50,50,456
poissonNmean21,0.125,0.875,25,1,4.7376968898539245,0.17811865546888908,0.30083097385783664,0.03759604288960346,1.0,50,50,456
poissonNmean21,0.125,0.875,25,4,4.593661777437761,0.3818667616897371,0.6687919235388707,0.083129054813159,0.62,50,50,456
poissonNmean21,0.125,0.875,20,24,4.922291900267677,0.14480843874443478,0.250335292831365,0.029418905192631916,1.0,50,50,456
poissonNmean21,0.125,0.875,20,19,4.812583841282546,0.16216653218561528,0.2239933478353075,0.0336963547096144,1.0,50,50,456
poissonNmean21,0.125,0.875,25,9,5.597809242943874,0.0,9.038996122241149e-16,0.0,0.42,29,50,456
poissonNmean21,0.125,0.875,20,22,4.572881892385197,0.09093732854083494,0.16126132809642982,0.0198862185118458,1.0,50,50,456
poissonNmean21,0.125,0.875,25,8,4.378080285140493,0.25903719358947197,0.6548937518613336,0.0591668440774515,1.0,50,50,456
poissonNmean21,0.125,0.875,20,23,3.5830018447022303,0.17445008137342935,0.16925853567641005,0.04868824771367854,1.0,50,50,456
poissonNmean21,0.125,0.875,25,7,6.154656512972457,0.3578263198421873,0.7105273093474304,0.05813912101966699,1.0,50,50,456
poissonNmean21,0.125,0.875,25,12,4.9042370623196145,0.33557656029175115,0.7619105571491331,0.06842584402578401,1.0,50,50,456
poissonNmean21,0.125,0.875,25,10,4.874988932509223,0.1836377683576063,0.348141218014225,0.03766937133600536,1.0,36,50,456
poissonNmean21,0.125,0.875,25,13,4.938037657704032,0.0007504872117115741,0.05386722044484988,0.00015198086036073637,1.0,50,50,456
poissonNmean21,0.125,0.875,25,11,4.721184184730074,0.20281425089796673,0.327716095311629,0.04295834328047134,1.0,50,50,456
poissonNmean21,0.125,0.875,25,21,,0.0,0.0,,1.0,0,50,456
poissonNmean21,0.125,0.875,25,14,4.661561948876601,0.07312007177242641,0.052909385132178396,0.015685744944363072,1.0,30,50,456
poissonNmean21,0.125,0.875,30,0,,0.0,0.0,,1.0,0,50,456
poissonNmean21,0.125,0.875,25,5,5.381236057043999,0.16102204743394205,0.27895490995934435,0.029922873802045044,1.0,50,50,456
poissonNmean21,0.125,0.875,25,6,4.353944949017531,0.147453701177098,0.2774751754410749,0.03386668938254972,1.0,50,50,456
poissonNmean21,0.125,0.875,30,1,3.8165174432464757,1.794391381352886e-15,4.485978453382215e-16,4.701645958747428e-16,0.0,50,50,456
poissonNmean21,0.125,0.875,25,15,5.9069824531733355,1.5057791980657196,2.9614612677672465,0.25491512967958596,1.0,50,50,456
poissonNmean21,0.125,0.875,25,18,4.707608604323418,0.2555972643004491,0.4539876162701747,0.05429450189756881,1.0,50,50,456
poissonNmean21,0.125,0.875,30,4,2.8139391370185143,0.0,0.0,0.0,1.0,50,50,456
poissonNmean21,0.125,0.875,30,2,7.326037426311111,0.0,8.97195690676443e-16,0.0,1.0,50,50,456
poissonNmean21,0.125,0.875,30,3,3.8344623472596084,0.0,4.485978453382215e-16,0.0,1.0,50,50,456
poissonNmean21,0.125,0.875,25,16,5.091390282438012,0.15331215075480978,0.3046391213286538,0.030112040572422245,1.0,50,50,456
poissonNmean21,0.125,0.875,25,24,6.672150639305096,0.4000909208477274,0.7438307758294094,0.059964311730437314,1.0,50,50,456
poissonNmean21,0.125,0.875,30,7,4.782090449583401,0.0,8.97195690676443e-16,0.0,1.0,50,50,456
poissonNmean21,0.125,0.875,30,6,4.845923451501346,1.794391381352886e-15,0.0,3.7028884160292593e-16,1.0,50,50,456
poissonNmean21,0.125,0.875,30,5,2.006963156601035,4.485978453382215e-16,0.0,2.2352071778834276e-16,0.0,50,50,456
poissonNmean21,0.125,0.875,25,19,6.150457299968252,0.33327101300433093,0.6990559223482674,0.05418637944304584,1.0,50,50,456
poissonNmean21,0.125,0.875,25,20,5.42610971428327,0.699244082377772,1.4285498225157112,0.12886655803091046,1.0,50,50,456
poissonNmean21,0.125,0.875,25,23,6.324537116548536,0.4911713117247615,1.0960741553186983,0.07766122684924749,1.0,50,50,456
poissonNmean21,0.125,0.875,30,8,4.85247463289064,0.0,0.0,0.0,1.0,50,50,456
poissonNmean21,0.125,0.875,30,10,3.715564658075045,0.0,4.485978453382215e-16,0.0,1.0,50,50,456
poissonNmean21,0.125,0.875,30,9,,0.0,0.0,,1.0,0,50,456
poissonNmean21,0.125,0.875,30,13,3.255677882088711,8.97195690676443e-16,8.97195690676443e-16,2.755787652127423e-16,1.0,50,50,456
poissonNmean21,0.125,0.875,30,12,4.758688349931815,0.0,8.97195690676443e-16,0.0,1.0,50,50,456
poissonNmean21,0.125,0.875,25,17,5.342401029833717,0.14085607929896724,0.2369733368138021,0.026365688107721746,1.0,50,50,456
poissonNmean21,0.125,0.875,30,16,4.345895600177435,0.0,0.0,0.0,1.0,50,50,456
poissonNmean21,0.125,0.875,25,22,4.514315400612491,0.1950037601075989,0.36223782325812254,0.043196751401362275,0.44,50,50,456
poissonNmean21,0.125,0.875,30,11,,0.0,0.0,,1.0,0,50,456
poissonNmean21,0.125,0.875,30,14,3.8441041529968136,0.0,4.485978453382215e-16,0.0,1.0,50,50,456
poissonNmean21,0.125,0.875,30,15,3.6636055863860495,8.97195690676443e-16,4.485978453382215e-16,2.4489418129790507e-16,0.0,50,50,456
poissonNmean21,0.125,0.875,30,17,3.718934047026828,0.0,4.485978453382215e-16,0.0,1.0,50,50,456
poissonNmean21,0.125,0.875,30,19,6.393195939516118,3.588782762705772e-15,8.97195690676443e-16,5.613440909144724e-16,1.0,50,50,456
poissonNmean21,0.125,0.875,30,18,5.1444601780846995,0.0,0.0,0.0,1.0,50,50,456
poissonNmean21,0.125,0.875,30,20,5.0781817973359935,3.588782762705772e-15,0.0,7.067062397388849e-16,0.0,50,50,456
poissonNmean21,0.125,0.875,30,22,5.601457681092277,0.0,8.97195690676443e-16,0.0,1.0,50,50,456
poissonNmean21,0.125,0.875,30,21,6.799419171930794,1.1176606431590375,2.638923992288031,0.16437589960226873,1.0,50,50,456
poissonNmean21,0.125,0.875,35,5,5.533118251314242,0.0,0.0,0.0,1.0,50,50,456
poissonNmean21,0.125,0.875,35,0,7.533322033567786,3.588782762705772e-15,8.97195690676443e-16,4.763878069614557e-16,1.0,50,50,456
poissonNmean21,0.125,0.875,30,24,4.231151146091303,0.0,8.97195690676443e-16,0.0,1.0,50,50,456
poissonNmean21,0.125,0.875,35,2,4.589912860959275,8.97195690676443e-16,0.0,1.9547118166616614e-16,1.0,50,50,456
poissonNmean21,0.125,0.875,35,4,7.226309015457467,3.588782762705772e-15,1.794391381352886e-15,4.966273591440901e-16,1.0,50,50,456
poissonNmean21,0.125,0.875,35,1,4.852238557697611,0.0,0.0,0.0,1.0,50,50,456
poissonNmean21,0.125,0.875,30,23,5.15828311518147,0.09441083435406182,0.2095735290245208,0.018302763195800358,1.0,50,50,456
poissonNmean21,0.125,0.875,35,8,3.6310573457541295,0.0,0.0,0.0,1.0,50,50,456
poissonNmean21,0.125,0.875,35,9,7.322978813525169,0.0,8.97195690676443e-16,0.0,1.0,50,50,456
poissonNmean21,0.125,0.875,35,3,5.343914466360702,0.0,8.97195690676443e-16,0.0,1.0,50,50,456
poissonNmean21,0.125,0.875,35,6,4.402053490561393,0.0,0.0,0.0,1.0,50,50,456
poissonNmean21,0.125,0.875,35,10,5.032599494819795,1.794391381352886e-15,0.0,3.5655358293460595e-16,1.0,50,50,456
poissonNmean21,0.125,0.875,35,11,4.239413942009698,0.0,0.0,0.0,1.0,50,50,456
poissonNmean21,0.125,0.875,35,7,3.639210807005753,0.0,0.0,0.0,1.0,50,50,456
poissonNmean21,0.125,0.875,35,12,3.2382482290753734,8.97195690676443e-16,4.485978453382215e-16,2.770620493576621e-16,1.0,50,50,456
poissonNmean21,0.125,0.875,35,13,5.855691706059961,0.0,8.97195690676443e-16,0.0,1.0,50,50,456
poissonNmean21,0.125,0.875,35,15,5.183485976136218,0.0,0.0,0.0,1.0,50,50,456
poissonNmean21,0.125,0.875,35,14,3.964599341572914,0.0,4.485978453382215e-16,0.0,1.0,50,50,456
poissonNmean21,0.125,0.875,35,16,7.3492290503722755,1.794391381352886e-15,8.97195690676443e-16,2.441604920807293e-16,1.0,50,50,456
poissonNmean21,0.125,0.875,35,19,3.400606809861273,0.0,0.0,0.0,1.0,50,50,456
poissonNmean21,0.125,0.875,35,17,3.4912760094076543,3.588782762705772e-15,0.0,1.0279286865419331e-15,0.0,50,50,456
poissonNmean21,0.125,0.875,35,18,4.7216632073855,1.794391381352886e-15,0.0,3.8003375135823886e-16,1.0,50,50,456
poissonNmean21,0.125,0.875,35,20,4.912955892578636,0.0,8.97195690676443e-16,0.0,1.0,50,50,456
poissonNmean21,0.125,0.875,35,21,5.211581692587487,3.588782762705772e-15,0.0,6.886168104800416e-16,1.0,50,50,456
poissonNmean21,0.125,0.875,35,24,4.2983010624545805,8.97195690676443e-16,0.0,2.087326312513093e-16,1.0,50,50,456
poissonNmean21,0.125,0.875,35,23,4.3512420111104495,0.0,8.97195690676443e-16,0.0,1.0,50,50,456
poissonNmean21,0.125,0.875,35,22,3.7766748084346853,4.485978453382215e-16,8.97195690676443e-16,1.1878116811549136e-16,1.0,50,50,456
poissonNmean21,0.15,0.85,0,0,9.836390205416205,0.7410373205370108,0.6860610881282783,0.07533630783872054,0.84,50,50,456
poissonNmean21,0.15,0.85,0,3,8.037859457976783,0.1499367405326231,0.5571256200823658,0.01865381465258461,1.0,50,50,456
poissonNmean21,0.15,0.85,0,2,13.364818133087844,1.9458274380208698,2.184602347254336,0.14559325975439222,0.14,50,50,456
poissonNmean21,0.15,0.85,0,4,6.74259594888133,0.17591144147463383,0.34189994033666643,0.026089571851598117,0.14,50,50,456
poissonNmean21,0.15,0.85,0,9,7.865014536183521,0.3862304958123411,0.3625289611210845,0.04910741029599654,1.0,50,50,456
poissonNmean21,0.15,0.85,0,1,10.11235315862786,1.5408040267613434,1.6568765190659827,0.15236849451274645,1.0,50,50,456
poissonNmean21,0.15,0.85,0,5,10.29955332245459,0.5341103847786921,1.3617005719107402,0.0518576260597875,0.0,50,50,456
poissonNmean21,0.15,0.85,0,13,9.823394154980162,0.2925626867794754,1.6511742775813578,0.029782240452110434,1.0,50,50,456
poissonNmean21,0.15,0.85,0,6,10.952568202552099,0.5904231556783331,0.7147360826577177,0.053907279531092665,1.0,50,50,456
poissonNmean21,0.15,0.85,0,10,13.617575345646912,3.2657343130660776,3.5172468912621,0.23981760557029153,1.0,50,50,456
poissonNmean21,0.15,0.85,0,14,8.459801483096875,0.14652716798989976,0.3220770176660414,0.017320402645696675,1.0,50,50,456
poissonNmean21,0.15,0.85,0,8,9.61612778777112,0.5514918413189037,0.8199390210154825,0.05735071886422295,1.0,50,50,456
poissonNmean21,0.15,0.85,0,12,7.9223079938378795,0.2606637033074687,0.617161959332279,0.032902495524059126,1.0,50,50,456
poissonNmean21,0.15,0.85,0,7,9.34040408941975,0.7078099867329396,0.6022108307085184,0.07577937527721144,1.0,50,50,456
poissonNmean21,0.15,0.85,0,11,8.981261569440665,0.17037390705552913,0.7479972383025306,0.018969930419935388,1.0,50,50,456
poissonNmean21,0.15,0.85,0,15,9.613570028070852,0.5249388558513901,0.7752576763754858,0.054603945705769125,1.0,50,50,456
poissonNmean21,0.15,0.85,0,16,10.083658918781028,0.6964388715018943,0.7039473047244553,0.06906608772781497,1.0,50,50,456
poissonNmean21,0.15,0.85,0,19,9.594391980173661,1.2237660682096052,1.4466230632594683,0.12755014291040614,1.0,50,50,456
poissonNmean21,0.15,0.85,0,17,7.020279045569798,0.22459961051190183,0.2083736589989573,0.03199297478832229,1.0,50,50,456
poissonNmean21,0.15,0.85,0,18,9.540872119794942,0.9475804703436466,1.3870136660072947,0.09931801395573181,1.0,50,50,456
poissonNmean21,0.15,0.85,5,7,6.107425449813886,0.517700152040814,0.22161195721643615,0.08476569321965119,0.94,50,50,456
poissonNmean21,0.15,0.85,5,2,7.3701026035136445,0.5525088052924335,0.838776890475858,0.07496622978206963,1.0,50,50,456
poissonNmean21,0.15,0.85,0,23,7.656250185252048,0.23713181613407214,0.3705094714747487,0.030972318092589293,1.0,50,50,456
poissonNmean21,0.15,0.85,0,24,7.955566754112921,0.7052360705574608,0.397771727952193,0.08864686732631126,1.0,50,50,456
poissonNmean21,0.15,0.85,5,6,5.9912483907563345,0.3454489766941591,0.3407441721611791,0.05765893085440072,1.0,50,50,456
poissonNmean21,0.15,0.85,0,21,6.855983462558095,0.3185277101208626,0.45867723710891584,0.04645981307574712,0.0,50,50,456
poissonNmean21,0.15,0.85,5,0,6.982973901902106,0.775912719795467,0.28231416519395663,0.11111493909265716,1.0,50,50,456
poissonNmean21,0.15,0.85,5,3,6.7253193777619735,0.4469995680698718,0.6790623730219334,0.06646518075378342,1.0,50,50,456
poissonNmean21,0.15,0.85,0,22,8.78273715896964,0.5218232289754566,0.7532952797544521,0.05941464711175247,1.0,50,50,456
poissonNmean21,0.15,0.85,0,20,9.624844595637013,1.5936776445128873,1.0567676196602807,0.1655795715637122,1.0,50,50,456
poissonNmean21,0.15,0.85,5,4,6.400113356804674,0.32232045564169914,0.316997359875066,0.05036167918791694,1.0,50,50,456
poissonNmean21,0.15,0.85,5,1,6.411533811099287,0.4943332927670761,0.3347208889214489,0.07710062947984679,0.94,50,50,456
poissonNmean21,0.15,0.85,5,5,5.690750717886815,0.11507044500023572,0.20293484340752843,0.020220608967908824,1.0,50,50,456
poissonNmean21,0.15,0.85,5,9,7.197929831753344,0.23972977829672984,0.34065198478174813,0.033305378615831,1.0,50,50,456
poissonNmean21,0.15,0.85,5,13,6.620679953094749,0.43300756480854835,0.41186504833303406,0.06540228010963507,1.0,50,50,456
poissonNmean21,0.15,0.85,5,8,7.012467373583754,0.8985803697847458,0.34811095918956597,0.12814039936495591,0.86,50,50,456
poissonNmean21,0.15,0.85,5,11,5.7781051010513895,0.24332813342579596,0.30008642550337006,0.04211209889233751,0.0,50,50,456
poissonNmean21,0.15,0.85,5,15,7.3430250271116195,1.13317821752097,0.5368341872534045,0.1543203534424975,1.0,50,50,456
poissonNmean21,0.15,0.85,5,18,6.729564419324015,0.43971373982790546,0.3870916570651776,0.06534059449156364,1.0,50,50,456
poissonNmean21,0.15,0.85,5,12,5.516441431695735,0.0825794921436674,0.1610061417681759,0.014969703415899906,1.0,50,50,456
poissonNmean21,0.15,0.85,5,10,6.943774309128042,0.33643588481798264,0.6822164454477867,0.048451442953109214,1.0,50,50,456
poissonNmean21,0.15,0.85,5,16,6.265631967949906,0.5156377925226849,0.43079829299271344,0.08229621451759157,1.0,50,50,456
poissonNmean21,0.15,0.85,5,14,5.7566120073032945,0.3215150039173388,0.33458296848615,0.05585142849812344,1.0,50,50,456
poissonNmean21,0.15,0.85,5,19,5.291605531271857,0.238126152180872,0.44500081290550436,0.04500073763503635,1.0,50,50,456
poissonNmean21,0.15,0.85,5,17,6.8733328953987645,0.2658841346382795,0.3942471822485979,0.0386834362142231,1.0,50,50,456
poissonNmean21,0.15,0.85,5,21,6.484417386427173,0.27702050774608955,0.369683975963569,0.042720955675360085,1.0,50,50,456
poissonNmean21,0.15,0.85,5,23,5.759596692176693,0.18338535271674342,0.4238056253056386,0.031839964240176266,1.0,50,50,456
poissonNmean21,0.15,0.85,5,22,6.381679058236146,0.15205484603860686,0.2036809607401238,0.02382677734982082,1.0,50,50,456
poissonNmean21,0.15,0.85,5,20,5.489113243169695,0.12316779494519028,0.2087525099824643,0.022438559652317704,1.0,50,50,456
poissonNmean21,0.15,0.85,5,24,8.257801988725598,3.4446609543947964,2.615605959191112,0.4171401735107965,1.0,50,50,456
poissonNmean21,0.15,0.85,10,6,5.502503842903867,0.32763181357636,0.7052270691399922,0.05954231435910403,1.0,50,50,456
poissonNmean21,0.15,0.85,10,0,4.639525481622121,0.13464256586422862,0.18019349232816015,0.02902076223044117,1.0,50,50,456
poissonNmean21,0.15,0.85,10,1,5.128322955353447,0.23140007019265502,0.5826555391258911,0.045121976951762933,1.0,50,50,456
poissonNmean21,0.15,0.85,10,4,4.549935884080152,0.22916772760688633,0.24590697009132909,0.05036724328549886,0.0,50,50,456
poissonNmean21,0.15,0.85,10,11,5.225755731856959,0.21868874482969486,0.23679537145262775,0.04184825239659343,1.0,50,50,456
poissonNmean21,0.15,0.85,10,5,6.621888926808619,0.5920313031214006,0.9172234890880605,0.08940519988557505,1.0,50,50,456
poissonNmean21,0.15,0.85,10,2,5.008401066277198,0.46363501420323433,0.22422165121965767,0.09257146304136932,1.0,50,50,456
poissonNmean21,0.15,0.85,10,3,4.559719092841412,0.17196170827495805,0.24146848840682283,0.0377132241643858,0.78,50,50,456
poissonNmean21,0.15,0.85,10,7,4.851509906856418,0.23007416745566686,0.17360249679145098,0.047423208830412476,1.0,50,50,456
poissonNmean21,0.15,0.85,10,9,5.178499894398335,0.1340848837096959,0.24378612404085523,0.02589261107347663,1.0,50,50,456
poissonNmean21,0.15,0.85,10,10,5.471950357250089,0.3525602136110191,0.2626648142257747,0.06443044812054857,0.0,50,50,456
poissonNmean21,0.15,0.85,10,8,6.0615335288927294,0.30637890888396113,0.15951779475044622,0.050544784982807456,1.0,50,50,456
poissonNmean21,0.15,0.85,10,12,4.495203661793295,0.20009609060246702,0.184299094678804,0.04451324248179707,0.24,50,50,456
poissonNmean21,0.15,0.85,10,13,5.002631202450522,0.24661013130137777,0.3557875065578161,0.04929608466452146,1.0,50,50,456
poissonNmean21,0.15,0.85,10,14,4.514573396358483,0.09406437203567247,0.19834255336562667,0.020835716639704224,1.0,50,50,456
poissonNmean21,0.15,0.85,10,15,4.985100962332839,0.16308485401538306,0.4023826716137178,0.03271445357830135,1.0,50,50,456
poissonNmean21,0.15,0.85,10,16,5.561851051290753,0.1806615920109949,0.3714917399529117,0.0324822779943142,1.0,50,50,456
poissonNmean21,0.15,0.85,10,17,5.3319274606762175,0.28750207045303544,0.25116128100252344,0.05392085180704488,1.0,50,50,456
poissonNmean21,0.15,0.85,10,24,6.046736909508743,0.2653239609793264,0.2563619744356384,0.0438788663952112,1.0,50,50,456
poissonNmean21,0.15,0.85,10,18,5.486418846646992,0.4425989769960447,0.2969358023182054,0.08067174405879306,1.0,50,50,456
poissonNmean21,0.15,0.85,10,21,4.886973740690433,0.09218954655604188,0.2217119557035658,0.018864342525199924,0.0,50,50,456
poissonNmean21,0.15,0.85,10,19,5.740428632477021,0.1652781440623605,0.2905033809121177,0.028791951724176777,0.0,50,50,456
poissonNmean21,0.15,0.85,10,20,5.732770675555717,0.3459756050444141,0.8447224264448804,0.060350504952106136,0.86,50,50,456
poissonNmean21,0.15,0.85,15,0,5.177098409134987,0.3338696514862034,0.29962107904935487,0.06448972476495532,1.0,50,50,456
poissonNmean21,0.15,0.85,15,1,4.684247590992624,0.39314063577432073,0.4313180771633947,0.08392823567445366,1.0,50,50,456
poissonNmean21,0.15,0.85,10,22,6.138176693387171,0.18593965191746561,0.2921608802922079,0.03029232640334117,1.0,50,50,456
poissonNmean21,0.15,0.85,10,23,5.605112257476244,0.3272976837418271,0.3811530206192844,0.058392708068472486,1.0,50,50,456
poissonNmean21,0.15,0.85,15,2,4.4823507030336085,0.19220107336485748,0.32045425185249904,0.042879525967206844,1.0,50,50,456
poissonNmean21,0.15,0.85,15,5,4.626065295746011,0.09598426668883189,0.15705298003610713,0.02074857585280867,1.0,50,50,456
poissonNmean21,0.15,0.85,15,3,5.026930862436983,0.08110758118264769,0.16165516409389236,0.016134612430959098,1.0,50,50,456
poissonNmean21,0.15,0.85,15,4,5.01615547890196,0.21167417080132878,0.26085373525100636,0.042198486807602784,0.64,50,50,456
poissonNmean21,0.15,0.85,15,7,5.6622279228784285,0.3710393958694973,0.35788490062346634,0.06552886971757173,0.0,50,50,456
poissonNmean21,0.15,0.85,15,8,3.9501886823822803,0.21252187653094634,0.1137039645528706,0.05380043679401628,1.0,50,50,456
poissonNmean21,0.15,0.85,15,6,4.810861799076773,0.29882126835496303,0.2791707622722345,0.062113874984375615,1.0,50,50,456
poissonNmean21,0.15,0.85,15,10,4.409801129728334,0.3038749951030152,0.26721707022275626,0.06890900205328204,0.66,50,50,456
poissonNmean21,0.15,0.85,15,9,4.616459504511508,0.18698646699373403,0.41088480336171535,0.040504301361465114,1.0,50,50,456
poissonNmean21,0.15,0.85,15,12,4.4318742876956785,0.1924246799079818,0.20879994021123252,0.043418352465956704,1.0,50,50,456
poissonNmean21,0.15,0.85,15,11,4.774955290552911,0.27622551526906325,0.21705500587120716,0.05784881710108704,1.0,50,50,456
poissonNmean21,0.15,0.85,15,13,4.32073357672842,0.1329351667022825,0.26486826097712735,0.030766804835705364,1.0,50,50,456
poissonNmean21,0.15,0.85,15,15,4.266373967893438,0.44066383115982516,0.17004861890822306,0.10328767109401031,1.0,50,50,456
poissonNmean21,0.15,0.85,15,16,5.707225256583395,0.29725174194136533,0.3117017431386782,0.05208340806217167,1.0,50,50,456
poissonNmean21,0.15,0.85,15,18,5.309625551316398,0.307897013589662,0.265371068481136,0.05798846088371073,1.0,50,50,456
poissonNmean21,0.15,0.85,15,17,5.370914595131027,0.20465066189592243,0.30700703592558165,0.03810350328069773,1.0,50,50,456
poissonNmean21,0.15,0.85,15,14,5.073274450882593,0.15963666215178718,0.14353400621689702,0.03146619874349895,1.0,50,50,456
poissonNmean21,0.15,0.85,15,20,4.224061862801479,0.21222654107087416,0.24548112178438924,0.050242289995753385,0.0,50,50,456
poissonNmean21,0.15,0.85,15,19,4.3370439929056115,0.1908370907013028,0.33220890412501,0.04400164974426536,0.46,50,50,456
poissonNmean21,0.15,0.85,15,21,4.2694367391720895,0.16225604626093992,0.3398517878135549,0.038004087230580186,1.0,50,50,456
poissonNmean21,0.15,0.85,15,23,4.562842314001855,0.25466944031565575,0.20272328767563308,0.0558137719408272,1.0,50,50,456
poissonNmean21,0.15,0.85,15,22,5.9581657885705726,0.13228299419233175,0.3036325369115453,0.022201965988608022,1.0,50,50,456
poissonNmean21,0.15,0.85,20,0,4.166932199612159,0.11823399672659968,0.19732131645155732,0.028374350976386038,1.0,50,50,456
poissonNmean21,0.15,0.85,15,24,5.549812099180405,0.09884618652892734,0.4135378754309773,0.017810726698931828,1.0,50,50,456
poissonNmean21,0.15,0.85,20,6,5.388322760174604,0.14810462232592067,0.42322286689957267,0.027486219537658407,1.0,50,50,456
poissonNmean21,0.15,0.85,20,2,4.860013814755988,0.1977788027764824,0.16417529936286682,0.04069511123116272,0.0,50,50,456
poissonNmean21,0.15,0.85,20,1,4.516210711454923,0.18859597657443025,0.20419260747373172,0.04175978239812309,1.0,50,50,456
poissonNmean21,0.15,0.85,20,5,4.454713001963267,0.15317777471045105,0.2423495166620054,0.03438555405094403,1.0,50,50,456
poissonNmean21,0.15,0.85,20,3,4.31746652199455,0.17141659460483732,0.17058198662424529,0.039703051252762835,0.0,50,50,456
poissonNmean21,0.15,0.85,20,8,4.243756786072561,0.2804573680763507,0.22920189820982134,0.0660870502750709,1.0,50,50,456
poissonNmean21,0.15,0.85,20,4,5.270458195936197,0.1442337650234045,0.4449072871633254,0.02736645651313891,0.0,50,50,456
poissonNmean21,0.15,0.85,20,10,4.467744627165458,0.13755205576498386,0.28725548639088083,0.030787806207324162,1.0,50,50,456
poissonNmean21,0.15,0.85,20,7,5.056123198847504,0.1347549447137037,0.34682866453141015,0.026651831732347784,1.0,50,50,456
poissonNmean21,0.15,0.85,20,9,4.3888942053270386,0.11436538868243815,0.18132760852263557,0.026057905096829787,1.0,50,50,456
poissonNmean21,0.15,0.85,20,11,5.201939550334565,0.21304669476605087,0.23579795417090602,0.04095524231002429,1.0,50,50,456
poissonNmean21,0.15,0.85,25,1,5.454520273650168,4.485978453382215e-16,1.794391381352886e-15,8.224331798807662e-17,1.0,50,50,456
poissonNmean21,0.15,0.85,20,12,4.610489466167269,0.15247552421859462,0.21682954191360926,0.03307143966763003,1.0,50,50,456
poissonNmean21,0.15,0.85,20,13,4.68667437800642,0.13237906528921473,0.21186468912658188,0.028245842277936337,1.0,50,50,456
poissonNmean21,0.15,0.85,20,14,4.978089054073099,0.19757593755336034,0.1604809165863849,0.03968911271117231,1.0,50,50,456
poissonNmean21,0.15,0.85,20,15,4.182296203935358,0.18801920774378153,0.17836150521516425,0.044955975993968014,1.0,50,50,456
poissonNmean21,0.15,0.85,20,21,4.36890656457106,0.0448378475276829,0.11574037248910887,0.01026294494171337,0.0,50,50,456
poissonNmean21,0.15,0.85,20,24,4.08057979065711,0.10878793807947054,0.22284792992389144,0.02665992179066104,1.0,50,50,456
poissonNmean21,0.15,0.85,25,3,5.947156385554361,0.0,0.0,0.0,1.0,33,50,456
poissonNmean21,0.15,0.85,20,18,4.269360323274114,0.10298119112684642,0.08175071997516611,0.024120988468799832,1.0,50,50,456
poissonNmean21,0.15,0.85,20,17,4.713205714154558,0.6366205001903902,0.2618271857297986,0.13507165585378772,1.0,50,50,456
poissonNmean21,0.15,0.85,20,16,5.184230074641281,0.34429905031554553,0.22358680941761488,0.06641276435621331,1.0,50,50,456
poissonNmean21,0.15,0.85,25,0,4.731457352609384,0.11014848687656377,0.18656068368824405,0.023280033754466203,1.0,50,50,456
poissonNmean21,0.15,0.85,20,20,5.487641663928509,0.14603337476902195,0.23704127380785298,0.02661131752259479,0.0,50,50,456
poissonNmean21,0.15,0.85,20,23,4.83176712065392,0.10499042550169235,0.19073676032001524,0.021729198216714384,1.0,50,50,456
poissonNmean21,0.15,0.85,20,19,3.7336009845352702,0.23583944428648748,0.09836698894055351,0.06316675115079094,1.0,50,50,456
poissonNmean21,0.15,0.85,25,5,4.453496201456893,0.12363584787509783,0.21153595285296922,0.027761525390916975,1.0,50,50,456
poissonNmean21,0.15,0.85,25,7,6.286960553161901,0.10139188892309907,0.3659375325380826,0.0161273302203409,1.0,50,50,456
poissonNmean21,0.15,0.85,25,9,,0.0,0.0,,1.0,0,50,456
poissonNmean21,0.15,0.85,25,4,4.805670152465913,0.2523024353412313,0.22467326733153073,0.05250098890198872,1.0,50,50,456
poissonNmean21,0.15,0.85,20,22,4.498972973345933,0.48210810009003224,0.16216460340241515,0.10715959018786535,1.0,50,50,456
poissonNmean21,0.15,0.85,25,11,1.8305820467583296,0.0,4.485978453382215e-16,0.0,0.0,50,50,456
poissonNmean21,0.15,0.85,25,10,4.358728905409845,0.1261148054317752,0.17320045995844402,0.028933849332829015,1.0,50,50,456
poissonNmean21,0.15,0.85,25,17,,0.0,0.0,,1.0,0,50,456
poissonNmean21,0.15,0.85,25,2,3.614472493087673,0.1830308005893473,0.3637921668899338,0.05063831608606121,1.0,50,50,456
poissonNmean21,0.15,0.85,25,12,3.8247539767331404,4.525488120821813e-16,9.050976241643627e-16,1.183210253091153e-16,1.0,27,50,456
poissonNmean21,0.15,0.85,25,6,4.031532560925341,0.1811445425923361,0.22028737302767668,0.04493193093565359,1.0,50,50,456
poissonNmean21,0.15,0.85,25,18,5.388776086502144,0.01592569796350741,0.020536356893393087,0.002955346020666593,0.0,50,50,456
poissonNmean21,0.15,0.85,25,15,4.385297662809977,0.06367609008280889,0.2846651432724221,0.01452035756268527,1.0,50,50,456
poissonNmean21,0.15,0.85,25,23,3.9210814779048633,3.588782762705772e-15,0.0,9.152533001235548e-16,1.0,50,50,456
poissonNmean21,0.15,0.85,25,20,5.684344732987444,0.6581114737401724,1.5167869793772302,0.11577613685549604,1.0,50,50,456
poissonNmean21,0.15,0.85,25,8,4.9609668459129015,0.153928202036136,0.19435608257370318,0.031027863482488285,1.0,50,50,456
poissonNmean21,0.15,0.85,25,21,8.774149020589846,0.0032605413377589944,0.38659688593742225,0.0003716077000866579,1.0,50,50,456
poissonNmean21,0.15,0.85,25,14,5.097102941058288,0.16833885372314344,0.3113223377384791,0.03302637903722463,1.0,50,50,456
poissonNmean21,0.15,0.85,25,13,4.942503168684579,0.05670300089556934,0.2257633958671728,0.011472526968689944,1.0,50,50,456
poissonNmean21,0.15,0.85,30,0,4.486771968582364,1.794391381352886e-15,0.0,3.9992925736313723e-16,0.0,50,50,456
poissonNmean21,0.15,0.85,25,22,4.886601567590025,0.24108802067316204,0.4607550626956093,0.04933654142628654,1.0,50,50,456
poissonNmean21,0.15,0.85,25,16,3.8521472199540137,0.2749868445875074,0.5199555810755235,0.07138534144361963,1.0,50,50,456
poissonNmean21,0.15,0.85,30,3,4.741245622820458,1.794391381352886e-15,0.0,3.7846412611828447e-16,1.0,50,50,456
poissonNmean21,0.15,0.85,30,1,4.032779650688344,0.0,0.0,0.0,1.0,50,50,456
poissonNmean21,0.15,0.85,30,2,3.90983030254044,0.0,0.0,0.0,1.0,50,50,456
poissonNmean21,0.15,0.85,30,4,3.789639468317038,1.794391381352886e-15,0.0,4.734992329362052e-16,1.0,50,50,456
poissonNmean21,0.15,0.85,30,6,7.1763089978072045,0.0,0.0,0.0,1.0,50,50,456
poissonNmean21,0.15,0.85,30,8,3.8987610896440605,4.485978453382215e-16,8.97195690676443e-16,1.1506164010146528e-16,1.0,50,50,456
poissonNmean21,0.15,0.85,30,7,2.7337840604410735,0.0,4.485978453382215e-16,0.0,1.0,50,50,456
poissonNmean21,0.15,0.85,25,24,5.150403320441409,0.12352340032949624,0.1646717466807748,0.023983248037924496,1.0,50,50,456
poissonNmean21,0.15,0.85,25,19,4.055772222986531,0.129909598492029,0.3307031158704678,0.03203079249760433,1.0,50,50,456
poissonNmean21,0.15,0.85,30,9,3.128300550699342,8.97195690676443e-16,4.485978453382215e-16,2.867997099817893e-16,1.0,50,50,456
poissonNmean21,0.15,0.85,30,5,3.9975629309442873,0.21507080296763734,0.29396261909520044,0.05380047961292112,1.0,50,50,456
poissonNmean21,0.15,0.85,30,14,3.8923179935164245,0.0,4.485978453382215e-16,0.0,1.0,50,50,456
poissonNmean21,0.15,0.85,30,10,,0.0,0.0,,1.0,0,50,456
poissonNmean21,0.15,0.85,30,13,3.8345203407814794,8.97195690676443e-16,8.97195690676443e-16,2.3397859730575677e-16,1.0,50,50,456
poissonNmean21,0.15,0.85,30,11,5.071383112263852,1.794391381352886e-15,0.0,3.53826824286575e-16,1.0,50,50,456
poissonNmean21,0.15,0.85,30,17,8.591351750367464,0.0,0.0,0.0,1.0,50,50,456
poissonNmean21,0.15,0.85,30,19,2.74579812077264,4.485978453382215e-16,4.485978453382215e-16,1.6337612075136483e-16,1.0,50,50,456
poissonNmean21,0.15,0.85,30,15,5.953201110760687,3.588782762705772e-15,8.97195690676443e-16,6.028324418973316e-16,1.0,50,50,456
poissonNmean21,0.15,0.85,30,12,,0.0,0.0,,1.0,0,50,456
poissonNmean21,0.15,0.85,30,16,4.2191380858445715,1.794391381352886e-15,0.0,4.25298092843456e-16,1.0,50,50,456
poissonNmean21,0.15,0.85,30,18,5.157017467469597,0.0,0.0,0.0,1.0,50,50,456
poissonNmean21,0.15,0.85,30,21,3.6774431570170294,8.97195690676443e-16,4.485978453382215e-16,2.439726876442616e-16,1.0,50,50,456
poissonNmean21,0.15,0.85,30,20,3.0234829135547305,1.794391381352886e-15,4.485978453382215e-16,5.934848757730227e-16,0.0,50,50,456
poissonNmean21,0.15,0.85,30,23,5.762793085856295,3.588782762705772e-15,0.0,6.227505845236353e-16,1.0,50,50,456
poissonNmean21,0.15,0.85,35,0,3.4800845696025173,0.0,4.485978453382215e-16,0.0,1.0,50,50,456
poissonNmean21,0.15,0.85,30,22,3.3237772934131664,0.0,4.485978453382215e-16,0.0,1.0,50,50,456
poissonNmean21,0.15,0.85,35,2,3.804046323126363,4.485978453382215e-16,4.485978453382215e-16,1.1792649385235154e-16,1.0,50,50,456
poissonNmean21,0.15,0.85,35,1,5.505161614856347,0.0,8.97195690676443e-16,0.0,1.0,50,50,456
poissonNmean21,0.15,0.85,35,4,5.6763979861475855,3.588782762705772e-15,8.97195690676443e-16,6.322288837857508e-16,1.0,50,50,456
poissonNmean21,0.15,0.85,35,5,6.337106725999006,0.0,8.97195690676443e-16,0.0,1.0,50,50,456
poissonNmean21,0.15,0.85,35,3,5.733736351333835,0.0,0.0,0.0,0.0,50,50,456
poissonNmean21,0.15,0.85,35,7,7.0801247882694565,0.0,1.794391381352886e-15,0.0,1.0,50,50,456
poissonNmean21,0.15,0.85,35,6,3.5970389004384993,4.485978453382215e-16,8.97195690676443e-16,1.2471309256164422e-16,1.0,50,50,456
poissonNmean21,0.15,0.85,35,9,3.9994618137628777,8.97195690676443e-16,0.0,2.243291053783859e-16,1.0,50,50,456
poissonNmean21,0.15,0.85,30,24,4.317856798535707,0.1606398599136099,0.34118264674168175,0.03720360989463266,1.0,50,50,456
poissonNmean21,0.15,0.85,35,10,4.919887071227741,0.0,0.0,0.0,1.0,50,50,456
poissonNmean21,0.15,0.85,35,8,4.338950923470363,1.794391381352886e-15,8.97195690676443e-16,4.135542007738826e-16,1.0,50,50,456
poissonNmean21,0.15,0.85,35,11,4.456256075178519,1.794391381352886e-15,0.0,4.026679237191283e-16,1.0,50,50,456
poissonNmean21,0.15,0.85,35,12,6.445074172785509,0.0,8.97195690676443e-16,0.0,1.0,50,50,456
poissonNmean21,0.15,0.85,35,14,4.013941995707282,0.0,0.0,0.0,1.0,50,50,456
poissonNmean21,0.15,0.85,35,13,4.819674829784983,1.794391381352886e-15,0.0,3.7230548630869727e-16,1.0,50,50,456
poissonNmean21,0.15,0.85,35,15,6.050673632343915,3.588782762705772e-15,8.97195690676443e-16,5.931211929068378e-16,1.0,50,50,456
poissonNmean21,0.15,0.85,35,16,5.15385440643807,3.588782762705772e-15,0.0,6.963298688109528e-16,1.0,50,50,456
poissonNmean21,0.15,0.85,35,18,4.344437306769813,0.0,8.97195690676443e-16,0.0,1.0,50,50,456
poissonNmean21,0.15,0.85,35,17,3.711641184330034,0.0,0.0,0.0,1.0,50,50,456
poissonNmean21,0.15,0.85,35,20,4.220452327852014,0.0,0.0,0.0,1.0,50,50,456
poissonNmean21,0.15,0.85,35,23,5.665731143322978,0.0,8.97195690676443e-16,0.0,1.0,50,50,456
poissonNmean21,0.15,0.85,35,19,5.931911693619718,0.0,0.0,0.0,1.0,50,50,456
poissonNmean21,0.15,0.85,35,21,7.5393022023620935,3.588782762705772e-15,8.97195690676443e-16,4.760099365139378e-16,1.0,50,50,456
poissonNmean21,0.15,0.85,35,22,7.074930723685384,0.0,0.0,0.0,1.0,50,50,456
poissonNmean21,0.15,0.85,35,24,4.809290709300267,0.0,0.0,0.0,1.0,50,50,456
poissonNmean21,0.175,0.825,0,0,8.035880245000893,0.28169964461738844,0.316271763828767,0.03505523178902937,1.0,50,50,456
poissonNmean21,0.175,0.825,0,1,8.470174780812483,1.2327294731043015,1.3928116344311914,0.14553766657764935,0.86,50,50,456
poissonNmean21,0.175,0.825,0,3,8.341154078917436,3.226612150115049,2.724139840749102,0.386830421736295,1.0,50,50,456
poissonNmean21,0.175,0.825,0,5,5.651511729042731,0.19869071891723597,0.40528312001889416,0.03515709219821273,1.0,50,50,456
poissonNmean21,0.175,0.825,0,7,9.700288602315263,0.7934302143861206,2.032413607367411,0.0817944957015758,1.0,50,50,456
poissonNmean21,0.175,0.825,0,12,9.326081035441728,0.5481075670451123,0.9730304838498159,0.058771478069099936,1.0,50,50,456
poissonNmean21,0.175,0.825,0,4,8.431224381371239,0.6024944015021615,0.8733329506244016,0.07145989410901823,1.0,50,50,456
poissonNmean21,0.175,0.825,0,9,6.255241683866801,0.4378802283271757,0.40239978995711073,0.07000212788844498,1.0,50,50,456
poissonNmean21,0.175,0.825,0,6,6.133103581815951,0.579938117333884,0.2955152849578327,0.09455866994539983,0.0,50,50,456
poissonNmean21,0.175,0.825,0,10,8.187073497836188,1.094895634479669,0.694523355129406,0.13373467757056848,0.86,50,50,456
poissonNmean21,0.175,0.825,0,2,7.439397956711044,0.40089423602143254,0.5749954170688842,0.05388799447941722,1.0,50,50,456
poissonNmean21,0.175,0.825,0,8,7.475611542556311,0.7317911515124111,0.5143519974279177,0.09789047322035846,1.0,50,50,456
poissonNmean21,0.175,0.825,0,11,7.712589070090457,0.6806403403500083,0.5295910836546798,0.08825056465014354,1.0,50,50,456
poissonNmean21,0.175,0.825,0,16,7.3550121111041555,0.50550057233274,0.8493678147748154,0.06872872059171264,1.0,50,50,456
poissonNmean21,0.175,0.825,0,14,6.159607877793695,0.20662342182563495,0.39658945540871937,0.033544898624236,0.0,50,50,456
poissonNmean21,0.175,0.825,0,15,7.393020711462437,0.8875486131888082,0.28932310362879116,0.12005222869357271,1.0,50,50,456
poissonNmean21,0.175,0.825,0,13,8.680325678973112,0.582124621592878,0.33238260688534027,0.06706253234288137,0.76,50,50,456
poissonNmean21,0.175,0.825,0,18,5.824975583685209,0.1966933199828759,0.13143023583388336,0.03376723509945369,1.0,50,50,456
poissonNmean21,0.175,0.825,0,17,6.479396822719261,0.43298706484852184,0.5807743803165717,0.06682521177438962,1.0,50,50,456
poissonNmean21,0.175,0.825,0,19,6.052331992497534,0.09924649600064736,0.14125194908438463,0.01639805881826596,1.0,50,50,456
poissonNmean21,0.175,0.825,0,22,8.742694426429342,0.3953237650370286,0.6639936785530981,0.04521761207185246,1.0,50,50,456
poissonNmean21,0.175,0.825,0,21,7.269798675152437,0.4159743093015721,0.7397848988148739,0.057219508804740006,1.0,50,50,456
poissonNmean21,0.175,0.825,5,4,5.938154849426223,0.25212964232211216,0.44705997716983686,0.04245925690982517,0.36,50,50,456
poissonNmean21,0.175,0.825,0,23,8.546673370981392,0.36591125463712376,0.18085734822352595,0.04281329574141748,0.28,50,50,456
poissonNmean21,0.175,0.825,5,0,5.395429507928237,0.22014348315628393,0.6068837184247929,0.04080184586468922,1.0,50,50,456
poissonNmean21,0.175,0.825,0,20,6.802141938480123,0.6119785206880686,0.18897513696033288,0.0899685020134716,0.9,50,50,456
poissonNmean21,0.175,0.825,5,1,6.531174992919182,0.2575981645599333,0.2929660243702253,0.0394413202584849,1.0,50,50,456
poissonNmean21,0.175,0.825,5,7,5.971201749971657,0.312584961524844,0.5339719298393706,0.05234875233052169,0.1,50,50,456
poissonNmean21,0.175,0.825,5,5,5.934815179928176,0.4725168134508044,1.113040418535181,0.07961778069330254,1.0,50,50,456
poissonNmean21,0.175,0.825,5,2,6.040162616762951,0.6620542592907386,0.17210083528731812,0.10960868130493268,1.0,50,50,456
poissonNmean21,0.175,0.825,0,24,6.338320703798778,0.19189265734726216,0.1936212497085673,0.030274999690731042,1.0,50,50,456
poissonNmean21,0.175,0.825,5,6,6.158196982832849,0.23330735934144614,0.44295145772168043,0.03788566036322563,1.0,50,50,456
poissonNmean21,0.175,0.825,5,3,4.941278359298472,0.09139163043659766,0.22073471726601804,0.018495543823111554,1.0,50,50,456
poissonNmean21,0.175,0.825,5,11,6.04806825031782,0.42829259927151186,0.3045870858326475,0.07081477614757498,1.0,50,50,456
poissonNmean21,0.175,0.825,5,9,5.284169735065763,0.24589171367983936,0.16426501246770822,0.046533651644098666,1.0,50,50,456
poissonNmean21,0.175,0.825,5,10,5.038470944928183,0.4338650472160178,0.39162895263841063,0.08611045929574215,0.6,50,50,456
poissonNmean21,0.175,0.825,5,8,5.725459058527389,0.23837577806211158,0.3067697523941739,0.04163435204502585,1.0,50,50,456
poissonNmean21,0.175,0.825,5,14,6.9975164197198,0.30681686426884786,0.4972443352257871,0.04384653723772664,1.0,50,50,456
poissonNmean21,0.175,0.825,5,17,6.762117805500735,0.554841436232019,0.6183991962498459,0.0820514300683546,1.0,50,50,456
poissonNmean21,0.175,0.825,5,18,4.652636140672385,0.10011654273188254,0.21779986382484506,0.0215182403490968,1.0,50,50,456
poissonNmean21,0.175,0.825,5,15,5.498447526246475,0.28576552289660423,0.31453593463176793,0.05197203784023061,1.0,50,50,456
poissonNmean21,0.175,0.825,5,12,7.370309882823299,0.7267944983900186,0.739061538434249,0.09861111811374884,1.0,50,50,456
poissonNmean21,0.175,0.825,5,20,5.401325185033905,0.35422332452996086,0.2231923733240622,0.06558081811320111,0.0,50,50,456
poissonNmean21,0.175,0.825,5,16,5.466683596471322,0.14238148569996523,0.1979773397846821,0.026045313065470033,1.0,50,50,456
poissonNmean21,0.175,0.825,5,22,5.469580323429651,0.1411785784452983,0.11256733916054461,0.025811592498338802,1.0,50,50,456
poissonNmean21,0.175,0.825,5,13,6.047903153101719,0.2692790298142178,0.34787023554177227,0.044524362080122885,1.0,50,50,456
poissonNmean21,0.175,0.825,5,19,5.057797824804243,0.10921333364378458,0.27568047462703105,0.02159306034499542,1.0,50,50,456
poissonNmean21,0.175,0.825,5,23,7.187552027888506,0.24998514180653683,0.23890993593173562,0.03478028970594808,1.0,50,50,456
poissonNmean21,0.175,0.825,5,21,5.439758856629128,0.31589970429417175,0.18385202869358003,0.058072372805497166,0.94,50,50,456
poissonNmean21,0.175,0.825,10,0,5.488384713622852,0.17827316156021236,0.46194440006757037,0.0324818996594237,1.0,50,50,456
poissonNmean21,0.175,0.825,10,1,4.189206891908894,0.11991077260000091,0.10497237682232974,0.028623740887946746,0.92,50,50,456
poissonNmean21,0.175,0.825,5,24,5.793035205589888,0.15512955221347485,0.558495316254449,0.02677863101259687,1.0,50,50,456
poissonNmean21,0.175,0.825,10,5,4.511532891713564,0.10401698858112131,0.15631871364262734,0.023055797459034754,1.0,50,50,456
poissonNmean21,0.175,0.825,10,2,5.084957830612166,0.2534516672070009,0.10842711952868456,0.049843415746967656,0.0,50,50,456
poissonNmean21,0.175,0.825,10,3,5.458413049659737,0.6164706453386418,0.3465371288573831,0.11293953750478282,1.0,50,50,456
poissonNmean21,0.175,0.825,10,8,4.330061401636565,0.3423700099106829,0.20027120500554543,0.07906816512608406,1.0,50,50,456
poissonNmean21,0.175,0.825,10,11,5.646017595817519,0.33236244796096925,0.3347940284777851,0.058866704242505036,1.0,50,50,456
poissonNmean21,0.175,0.825,10,6,5.4877061305545976,0.13823348548912495,0.1996842116809867,0.025189666173898204,1.0,50,50,456
poissonNmean21,0.175,0.825,10,4,5.550082260810663,0.09339537343093136,0.25545051370545874,0.016827745795841544,1.0,50,50,456
poissonNmean21,0.175,0.825,10,10,5.8737074880564535,0.48675233583754374,0.7511534280681604,0.08286969292006825,1.0,50,50,456
poissonNmean21,0.175,0.825,10,12,5.167269290192954,0.06248608835822739,0.2809445507199227,0.012092671167113501,1.0,50,50,456
poissonNmean21,0.175,0.825,10,9,4.790729734691604,0.28504690009965894,0.17991339037103704,0.05949968290540781,0.14,50,50,456
poissonNmean21,0.175,0.825,10,7,7.715064735014976,2.9045170718923603,3.1414023085494787,0.3764734544235451,1.0,50,50,456
poissonNmean21,0.175,0.825,10,13,4.961781794281283,0.13645089287999926,0.2235988873889888,0.027500381624453167,1.0,50,50,456
poissonNmean21,0.175,0.825,10,14,4.618410605797149,0.14424586559672506,0.12857715849771734,0.031232793683537773,1.0,50,50,456
poissonNmean21,0.175,0.825,10,15,4.585040310305407,0.1309212520174529,0.20156800541151754,0.028554002398450514,1.0,50,50,456
poissonNmean21,0.175,0.825,10,17,6.042644088149266,0.4982118385387307,0.7040998377259814,0.08244931047913538,1.0,50,50,456
poissonNmean21,0.175,0.825,10,16,5.559835786410513,0.19850919691437105,0.23483811824840103,0.03570414748571749,1.0,50,50,456
poissonNmean21,0.175,0.825,10,18,4.882924654890479,0.36058585452252195,0.35879220315154325,0.07384628680710408,1.0,50,50,456
poissonNmean21,0.175,0.825,10,19,5.007631628031292,0.26318397405977273,0.222418784563068,0.0525565763636734,1.0,50,50,456
poissonNmean21,0.175,0.825,10,20,5.636910619376028,0.35838003789148287,0.4872230832757708,0.06357738521870573,1.0,50,50,456
poissonNmean21,0.175,0.825,10,24,6.258714451261782,0.33935662402066646,0.9012254820673002,0.05422145820253084,0.22,50,50,456
poissonNmean21,0.175,0.825,15,3,4.204143637027762,0.37326759972600165,0.20560312182437734,0.08878564386774704,1.0,50,50,456
poissonNmean21,0.175,0.825,15,2,5.340573300327325,0.19796446521163497,0.4417373255585494,0.03706801762265892,1.0,50,50,456
poissonNmean21,0.175,0.825,15,1,4.7179614040517155,0.3439474129728531,0.1396555175991302,0.07290170128934843,1.0,50,50,456
poissonNmean21,0.175,0.825,10,22,5.321067852538663,0.15318543696334927,0.12963023927120687,0.028788476525490093,1.0,50,50,456
poissonNmean21,0.175,0.825,10,23,4.618975677402122,0.1103228499848716,0.17470337263137073,0.02388470035133875,1.0,50,50,456
poissonNmean21,0.175,0.825,10,21,5.576563313797347,0.1786935753525033,0.36999450061865946,0.03204367372829527,1.0,50,50,456
poissonNmean21,0.175,0.825,15,0,4.484257030696265,0.28115747083374937,0.22160127152436165,0.0626987857540571,0.0,50,50,456
poissonNmean21,0.175,0.825,15,5,4.443431175825553,0.15533593023353967,0.27716406955439804,0.03495855434391409,1.0,50,50,456
poissonNmean21,0.175,0.825,15,4,4.415315114029802,0.4318489791993346,0.48706547895567115,0.09780705749112242,0.8,50,50,456
poissonNmean21,0.175,0.825,15,6,4.249922876231936,0.2831249709355246,0.16797170582930004,0.06661884913698686,1.0,50,50,456
poissonNmean21,0.175,0.825,15,7,4.298955563825603,0.1200714927240985,0.3018054799983705,0.02793038703039022,1.0,50,50,456
poissonNmean21,0.175,0.825,15,8,4.974224576124555,0.420271692053946,0.3820328688308533,0.0844898909613329,0.72,50,50,456
poissonNmean21,0.175,0.825,15,9,4.668268944881314,0.0726101965416676,0.10181626569932321,0.015553987441379867,1.0,50,50,456
poissonNmean21,0.175,0.825,15,16,4.51335854264225,0.16103637701087148,0.2372296623932459,0.03567994332588436,0.82,50,50,456
poissonNmean21,0.175,0.825,15,11,4.685896921071044,0.3238012930651968,0.2232485562070556,0.0691012411325485,1.0,50,50,456
poissonNmean21,0.175,0.825,15,14,5.408339899155701,0.5153747128219202,0.5169392941230219,0.09529258930311972,1.0,50,50,456
poissonNmean21,0.175,0.825,15,10,4.56885985191127,0.21864064220597199,0.31472448828575683,0.04785453029698625,0.12,50,50,456
poissonNmean21,0.175,0.825,15,15,4.265914480067616,0.08429899439917841,0.12326403254233952,0.019761060563464987,1.0,50,50,456
poissonNmean21,0.175,0.825,15,12,4.7509424870024155,0.17970908746459668,0.2942737165752006,0.037825986729210705,0.0,50,50,456
poissonNmean21,0.175,0.825,15,18,3.6652203232228904,0.11826746429367031,0.2336567008841996,0.032267491136706274,0.18,50,50,456
poissonNmean21,0.175,0.825,15,13,4.28659713038973,0.12876245398830302,0.18006369795425659,0.03003838477739012,1.0,50,50,456
poissonNmean21,0.175,0.825,15,21,3.8261933993545254,0.1213942039359953,0.17640290194219774,0.031727147915856624,1.0,50,50,456
poissonNmean21,0.175,0.825,15,17,4.4169003319291535,0.21450061544247176,0.2249958021751857,0.04856360780701273,0.84,50,50,456
poissonNmean21,0.175,0.825,15,20,4.438473302737515,0.37311788575194016,0.13678317171272164,0.0840644654822667,0.0,50,50,456
poissonNmean21,0.175,0.825,15,19,4.828184922578966,0.1235791698012657,0.271228699554574,0.025595367986704226,1.0,50,50,456
poissonNmean21,0.175,0.825,15,23,3.9150083953669035,0.09074456473022711,0.19906823691328301,0.023178638604610908,1.0,50,50,456
poissonNmean21,0.175,0.825,15,22,4.854120419150071,0.13096806555212337,0.2783766083782537,0.026980802749647304,1.0,50,50,456
poissonNmean21,0.175,0.825,15,24,4.369990955620754,0.19939373487772036,0.2211159471606087,0.045627951385404326,1.0,50,50,456
poissonNmean21,0.175,0.825,20,0,4.79712070285996,0.23344242493724637,0.3323875854266809,0.048663029220438844,0.7,50,50,456
poissonNmean21,0.175,0.825,20,2,4.3999434189296,0.2308846147276919,0.15719121166661215,0.05247445086097506,0.0,50,50,456
poissonNmean21,0.175,0.825,20,4,3.9586503811110716,0.15719851276116725,0.2560759931506974,0.03971012785348487,0.9,50,50,456
poissonNmean21,0.175,0.825,20,1,4.3971508075239,0.28994708245522893,0.45201054266595403,0.06593976307546803,1.0,50,50,456
poissonNmean21,0.175,0.825,20,3,4.171344013650924,0.17516829237126047,0.10810481291436658,0.041993250088703735,0.28,50,50,456
poissonNmean21,0.175,0.825,20,6,4.271771065092604,0.39684464225423954,0.22255815736515663,0.09289932353751655,1.0,50,50,456
poissonNmean21,0.175,0.825,20,9,4.415685822721366,0.13506808969676012,0.23517611112602393,0.03058824724389434,0.0,50,50,456
poissonNmean21,0.175,0.825,20,5,4.533619548059361,0.1276409426236666,0.23336795882300784,0.028154312745167148,1.0,50,50,456
poissonNmean21,0.175,0.825,20,12,4.717942221067128,0.17955087987672974,0.32232823888685586,0.03805703238055298,1.0,50,50,456
poissonNmean21,0.175,0.825,20,7,4.642212462948038,0.15858566366378463,0.2557485320897427,0.034161655660860206,1.0,50,50,456
poissonNmean21,0.175,0.825,20,8,3.7208243032524875,0.16084038778892945,0.1707494765346464,0.04322708482857788,1.0,50,50,456
poissonNmean21,0.175,0.825,20,13,3.8895253836885906,0.15007133648305482,0.11785999310205428,0.03858345728052204,1.0,50,50,456
poissonNmean21,0.175,0.825,20,10,4.312591640692023,0.13043140935032152,0.3392519731528699,0.030244321794722893,1.0,50,50,456
poissonNmean21,0.175,0.825,20,11,4.2146818463597215,0.09272244632047204,0.20851457241361024,0.021999868483681084,1.0,50,50,456
poissonNmean21,0.175,0.825,25,3,5.065742653486094,0.0,0.0,0.0,1.0,50,50,456
poissonNmean21,0.175,0.825,20,14,4.118353566111427,0.15521373607683178,0.25000193475608035,0.03768829790478273,1.0,50,50,456
poissonNmean21,0.175,0.825,25,1,4.319308813010881,0.28307558417102646,0.4222154051318221,0.06553724135637841,0.36,50,50,456
poissonNmean21,0.175,0.825,25,0,4.52298112361094,0.0,0.0,0.0,1.0,25,50,456
poissonNmean21,0.175,0.825,20,15,4.315513202863258,0.10333920331861085,0.2265440876857824,0.02394598242685188,1.0,50,50,456
poissonNmean21,0.175,0.825,20,18,4.271663070774414,0.11734998089581439,0.1822516264840203,0.027471731489941666,1.0,50,50,456
poissonNmean21,0.175,0.825,20,16,5.177461362615491,0.18939593781379616,0.4402610171254722,0.0365808500631899,1.0,50,50,456
poissonNmean21,0.175,0.825,25,6,5.340815287107961,0.3336769284250421,0.7656164701143745,0.062476777511945636,1.0,50,50,456
poissonNmean21,0.175,0.825,25,4,3.951042806628487,0.12761013638085103,0.20369019730408364,0.03229783695756605,1.0,50,50,456
poissonNmean21,0.175,0.825,25,8,7.5239184796235925,0.40287789797966195,0.823341107454504,0.05354628696080944,1.0,50,50,456
poissonNmean21,0.175,0.825,20,24,4.30241166190564,0.12482822836977958,0.23831224240320828,0.02901354825597749,1.0,50,50,456
poissonNmean21,0.175,0.825,20,17,4.031271941594647,0.18109786014083815,0.15790005293429585,0.04492325567825658,1.0,50,50,456
poissonNmean21,0.175,0.825,25,7,4.825406043593395,0.12515658219698547,0.13459536103564548,0.025937005314434342,1.0,50,50,456
poissonNmean21,0.175,0.825,25,2,4.631158172585199,0.12066601222822798,0.2984765041784146,0.026055256100412993,1.0,50,50,456
poissonNmean21,0.175,0.825,20,19,4.461361239885708,0.08225247919870199,0.05598237399396945,0.018436632851727818,1.0,50,50,456
poissonNmean21,0.175,0.825,20,23,4.527205195823944,0.4150784600608746,0.40457272904961517,0.0916853648347457,1.0,50,50,456
poissonNmean21,0.175,0.825,20,20,4.99090880396086,0.1744634364335343,0.1212652526351915,0.03495624610393151,1.0,50,50,456
poissonNmean21,0.175,0.825,20,22,4.882644723888121,0.0892615088390814,0.1552288896352936,0.018281385168651215,0.0,50,50,456
poissonNmean21,0.175,0.825,25,5,3.9968706969972994,0.2428286297600929,0.3498207493554139,0.06075468739644768,1.0,50,50,456
poissonNmean21,0.175,0.825,20,21,3.660697485910718,0.11432953357181934,0.11401437547771376,0.0312316256702037,1.0,50,50,456
poissonNmean21,0.175,0.825,25,13,3.4240928598150777,8.97195690676443e-16,0.0,2.6202434554444214e-16,1.0,50,50,456
poissonNmean21,0.175,0.825,25,10,4.923682098740236,0.422039803122686,0.9172144721237749,0.08571629822133893,1.0,50,50,456
poissonNmean21,0.175,0.825,25,16,4.583983969272995,0.3698106590061453,0.7972934615234274,0.08067450965907197,0.52,50,50,456
poissonNmean21,0.175,0.825,25,22,,0.0,0.0,,1.0,0,50,456
poissonNmean21,0.175,0.825,25,15,3.642041506961641,0.07110426926639327,0.24682747723870507,0.0195231902575739,0.64,50,50,456
poissonNmean21,0.175,0.825,25,19,5.782418497357869,0.506602088993324,0.9014407049862981,0.08761076169509403,1.0,50,50,456
poissonNmean21,0.175,0.825,25,24,4.093193094589761,1.794391381352886e-15,8.97195690676443e-16,4.383842491390522e-16,1.0,50,50,456
poissonNmean21,0.175,0.825,30,0,7.961145166215651,0.0,0.0,0.0,1.0,50,50,456
poissonNmean21,0.175,0.825,25,18,4.607037781533917,0.16903987135807322,0.3103137369788891,0.03669166162162257,1.0,50,50,456
poissonNmean21,0.175,0.825,30,1,4.937948210183056,1.794391381352886e-15,0.0,3.6338805207646465e-16,1.0,50,50,456
poissonNmean21,0.175,0.825,25,9,3.803925557346115,0.06527208644762016,0.11789424544104435,0.01715913875379794,1.0,50,50,456
poissonNmean21,0.175,0.825,25,11,5.011677726667708,0.14206076108540633,0.35516616026991865,0.028345948968243675,0.64,50,50,456
poissonNmean21,0.175,0.825,30,4,5.9239319172016485,0.0,8.97195690676443e-16,0.0,1.0,50,50,456
poissonNmean21,0.175,0.825,25,17,3.941072120306919,0.1254042245392273,0.20231899252388705,0.03181982483727327,1.0,50,50,456
poissonNmean21,0.175,0.825,30,5,5.324581143181275,3.588782762705772e-15,0.0,6.740028306830504e-16,1.0,50,50,456
poissonNmean21,0.175,0.825,30,2,4.464329412628135,1.794391381352886e-15,0.0,4.0193973506460714e-16,1.0,50,50,456
poissonNmean21,0.175,0.825,30,3,5.143135448713588,0.0,0.0,0.0,1.0,50,50,456
poissonNmean21,0.175,0.825,25,23,5.838746762001775,0.061771556318571376,0.11887848590949669,0.010579591620684267,1.0,50,50,456
poissonNmean21,0.175,0.825,25,20,4.195275819002579,0.2970215522223389,0.649050122752479,0.07079905232380057,0.0,50,50,456
poissonNmean21,0.175,0.825,25,14,3.439771719230566,0.17254396591830143,0.2690312135584516,0.050161458376341714,1.0,50,50,456
poissonNmean21,0.175,0.825,30,6,4.171886777727948,0.0,8.97195690676443e-16,0.0,1.0,50,50,456
poissonNmean21,0.175,0.825,25,12,4.635266647308527,0.150403909269124,0.30138363978002713,0.032447736174240634,1.0,50,50,456
poissonNmean21,0.175,0.825,30,7,1.8228658990216298,4.485978453382215e-16,0.0,2.460948145329798e-16,0.0,50,50,456
poissonNmean21,0.175,0.825,30,8,3.5432884521487167,0.0,4.485978453382215e-16,0.0,1.0,50,50,456
poissonNmean21,0.175,0.825,30,9,5.956628498116324,0.0,8.97195690676443e-16,0.0,1.0,50,50,456
poissonNmean21,0.175,0.825,30,10,5.037529663131381,0.0,8.97195690676443e-16,0.0,1.0,50,50,456
poissonNmean21,0.175,0.825,25,21,4.474277045634057,0.2636651103955272,0.3947685220186608,0.05892909797635537,1.0,50,50,456
poissonNmean21,0.175,0.825,30,13,4.455270818331908,1.794391381352886e-15,0.0,4.0275697135392583e-16,1.0,50,50,456
poissonNmean21,0.175,0.825,30,15,5.560753545444239,1.794391381352886e-15,0.0,3.2268852893561117e-16,1.0,50,50,456
poissonNmean21,0.175,0.825,30,16,6.178908752543354,1.794391381352886e-15,0.0,2.9040587152452786e-16,1.0,50,50,456
poissonNmean21,0.175,0.825,30,11,4.964067144270551,0.0,0.0,0.0,1.0,50,50,456
poissonNmean21,0.175,0.825,30,14,3.787258414636135,3.588782762705772e-15,4.485978453382215e-16,9.475938448870191e-16,1.0,50,50,456
poissonNmean21,0.175,0.825,30,12,3.1947845491963114,8.97195690676443e-16,4.485978453382215e-16,2.8083136025624763e-16,1.0,50,50,456
poissonNmean21,0.175,0.825,30,19,3.35173607786951,0.0,4.485978453382215e-16,0.0,1.0,50,50,456
poissonNmean21,0.175,0.825,30,20,4.549695414129922,0.0,0.0,0.0,1.0,50,50,456
poissonNmean21,0.175,0.825,30,17,4.100132546811181,3.588782762705772e-15,8.97195690676443e-16,8.752845723236183e-16,0.0,50,50,456
poissonNmean21,0.175,0.825,30,21,6.439969411271449,3.588782762705772e-15,8.97195690676443e-16,5.5726705105533025e-16,1.0,50,50,456
poissonNmean21,0.175,0.825,30,18,4.938500915575346,1.794391381352886e-15,8.97195690676443e-16,3.6334738254145603e-16,1.0,50,50,456
poissonNmean21,0.175,0.825,30,22,2.864455276996029,4.485978453382215e-16,8.97195690676443e-16,1.5660843055949842e-16,1.0,50,50,456
poissonNmean21,0.175,0.825,30,24,4.260430559966965,0.0,0.0,0.0,1.0,50,50,456
poissonNmean21,0.175,0.825,35,0,4.0683427838461235,1.794391381352886e-15,0.0,4.4106199420504756e-16,1.0,50,50,456
poissonNmean21,0.175,0.825,35,3,3.742681139885009,0.0,4.485978453382215e-16,0.0,1.0,50,50,456
poissonNmean21,0.175,0.825,35,2,4.6358888234478925,3.588782762705772e-15,0.0,7.741304633005959e-16,1.0,50,50,456
poissonNmean21,0.175,0.825,35,4,4.871802050838387,1.794391381352886e-15,0.0,3.6832189867896824e-16,1.0,50,50,456
poissonNmean21,0.175,0.825,35,7,3.905923423953378,3.588782762705772e-15,4.485978453382215e-16,9.18805202553968e-16,1.0,50,50,456
poissonNmean21,0.175,0.825,35,6,5.321302813133614,0.0,8.97195690676443e-16,0.0,1.0,50,50,456
poissonNmean21,0.175,0.825,35,5,5.752473559782081,3.588782762705772e-15,8.97195690676443e-16,6.238677545250159e-16,1.0,50,50,456
poissonNmean21,0.175,0.825,35,10,3.3105470563505026,0.0,4.485978453382215e-16,0.0,1.0,50,50,456
poissonNmean21,0.175,0.825,35,1,4.630810786260941,0.0,0.0,0.0,1.0,50,50,456
poissonNmean21,0.175,0.825,35,8,6.075147621515498,0.0,0.0,0.0,1.0,50,50,456
poissonNmean21,0.175,0.825,35,9,4.511968212906823,0.0,8.97195690676443e-16,0.0,1.0,50,50,456
poissonNmean21,0.175,0.825,35,11,5.551601543170395,3.588782762705772e-15,8.97195690676443e-16,6.464409837050912e-16,0.0,50,50,456
poissonNmean21,0.175,0.825,35,12,5.475514877193112,3.588782762705772e-15,8.97195690676443e-16,6.554237990757634e-16,1.0,50,50,456
poissonNmean21,0.175,0.825,35,14,5.760589217217321,1.794391381352886e-15,8.97195690676443e-16,3.1149441727068243e-16,1.0,50,50,456
poissonNmean21,0.175,0.825,35,13,3.1683511322310007,8.97195690676443e-16,4.485978453382215e-16,2.8317432419325343e-16,1.0,50,50,456
poissonNmean21,0.175,0.825,30,23,3.847998827383096,0.21570405264432235,0.30418162901748674,0.05605616381931591,1.0,50,50,456
poissonNmean21,0.175,0.825,35,15,1.9078691007321715,0.0,2.2429892266911074e-16,0.0,1.0,50,50,456
poissonNmean21,0.175,0.825,35,16,3.613677626740219,1.794391381352886e-15,0.0,4.965554669500356e-16,1.0,50,50,456
poissonNmean21,0.175,0.825,35,17,4.0283160440951,4.485978453382215e-16,0.0,1.1136113463485514e-16,0.0,50,50,456
poissonNmean21,0.175,0.825,35,20,5.117230931972692,3.588782762705772e-15,0.0,7.013134272058925e-16,1.0,50,50,456
poissonNmean21,0.175,0.825,35,19,5.641062947329115,0.0,8.97195690676443e-16,0.0,1.0,50,50,456
poissonNmean21,0.175,0.825,35,18,4.413533066636332,0.0,8.97195690676443e-16,0.0,0.0,50,50,456
poissonNmean21,0.175,0.825,35,21,7.960026240520974,0.0,8.97195690676443e-16,0.0,1.0,50,50,456
poissonNmean21,0.175,0.825,35,23,4.058044710449253,0.0,0.0,0.0,1.0,50,50,456
poissonNmean21,0.175,0.825,35,22,3.4339649810571076,8.97195690676443e-16,4.485978453382215e-16,2.612710658453632e-16,1.0,50,50,456
poissonNmean21,0.175,0.825,35,24,4.332874667622349,0.0,0.0,0.0,1.0,50,50,456
poissonNmean21,0.2,0.8,0,0,8.493785433557232,1.2963555678338752,0.4646737233036862,0.1526240070431066,0.94,50,50,456
poissonNmean21,0.2,0.8,0,2,10.629139769494342,1.1940768359637475,2.153145368303408,0.11233993172154448,1.0,50,50,456
poissonNmean21,0.2,0.8,0,7,6.8857133112954285,0.9523352491226336,0.49239265444904384,0.13830596861481415,0.76,50,50,456
poissonNmean21,0.2,0.8,0,3,8.499291748770522,0.9618794131447185,1.1915574486231846,0.11317171378237023,1.0,50,50,456
poissonNmean21,0.2,0.8,0,4,6.2549768567923385,0.6258949870872352,0.7156650963018798,0.10006351764636347,1.0,50,50,456
poissonNmean21,0.2,0.8,0,6,7.355357053323651,0.42272466384624474,0.5896091433590794,0.05747167143371088,1.0,50,50,456
poissonNmean21,0.2,0.8,0,13,7.4968194080696655,0.5882125864258463,0.4046873113835521,0.07846161877564868,1.0,50,50,456
poissonNmean21,0.2,0.8,0,9,7.103094043750187,0.22323929162893305,0.2327829190320907,0.03142845783174658,1.0,50,50,456
poissonNmean21,0.2,0.8,0,11,7.361246225235709,0.3546427081232405,0.5386266177820291,0.048176993035154825,0.18,50,50,456
poissonNmean21,0.2,0.8,0,5,7.407622397871501,0.36428567863011807,0.8397933763749214,0.049177139311905475,1.0,50,50,456
poissonNmean21,0.2,0.8,0,1,7.807310681153915,0.7585071380623548,0.3773167382488288,0.09715344617876126,0.68,50,50,456
poissonNmean21,0.2,0.8,0,8,7.966602933471497,1.4501520440909186,0.6870547464861942,0.1820289094612885,0.54,50,50,456
poissonNmean21,0.2,0.8,0,15,10.345594956489528,1.769385123584084,1.062195581922822,0.171027875247928,1.0,50,50,456
poissonNmean21,0.2,0.8,0,12,6.668890264063103,0.3247280444239684,0.47535396288878357,0.04869296563085503,1.0,50,50,456
poissonNmean21,0.2,0.8,0,10,6.372451805893697,0.3841963614484079,0.8284096234518684,0.06029019491258855,1.0,50,50,456
poissonNmean21,0.2,0.8,0,14,6.655865873615528,0.8942121396743168,1.1998309502650715,0.13434948309566408,1.0,50,50,456
poissonNmean21,0.2,0.8,0,16,7.9225231555187134,0.9288064543406647,0.7925778939806246,0.11723619307993713,1.0,50,50,456
poissonNmean21,0.2,0.8,0,18,7.408433522003164,0.531810983980253,0.28253421337868617,0.07178453885032052,1.0,50,50,456
poissonNmean21,0.2,0.8,0,17,8.851862351041635,0.42281028212036476,0.5130823071625261,0.04776512166059732,1.0,50,50,456
poissonNmean21,0.2,0.8,0,19,5.745564881805523,0.34398143631713174,0.6598609421277796,0.059869036969092036,0.92,50,50,456
poissonNmean21,0.2,0.8,0,24,10.717185015734971,5.626342558206817,4.384295909436635,0.5249832441957679,1.0,50,50,456
poissonNmean21,0.2,0.8,0,21,6.7885072487515545,0.5136108796624459,0.5327200707242362,0.0756588835869479,1.0,50,50,456
poissonNmean21,0.2,0.8,0,23,6.845072114992761,0.1956536019663304,0.8067725721793165,0.028583132314675005,1.0,50,50,456
poissonNmean21,0.2,0.8,5,6,6.627891030033081,0.3016709127102667,0.6908904175839565,0.045515370023933695,1.0,50,50,456
poissonNmean21,0.2,0.8,0,22,7.47058936430788,0.33847787587895833,0.29645235140782444,0.04530805527822194,1.0,50,50,456
poissonNmean21,0.2,0.8,5,0,4.171985741373808,0.1462081396222863,0.12455925667855869,0.035045215560621956,1.0,50,50,456
poissonNmean21,0.2,0.8,5,1,5.101007351798922,0.17510496129644162,0.3430195985587516,0.03432752576502151,1.0,50,50,456
poissonNmean21,0.2,0.8,5,4,4.354667803682883,0.3463849926571239,0.2986459401076341,0.0795433792594179,0.0,50,50,456
poissonNmean21,0.2,0.8,5,2,4.65834713894599,0.650878665641031,0.18833014747527843,0.13972309195237445,1.0,50,50,456
poissonNmean21,0.2,0.8,5,5,8.235295451875002,0.885536340766658,1.3554099301361557,0.10752939538617769,1.0,50,50,456
poissonNmean21,0.2,0.8,5,3,4.798440169704451,0.1415166090417306,0.12789537419946242,0.029492210809507084,1.0,50,50,456
poissonNmean21,0.2,0.8,0,20,5.322074828721395,0.24019054061404366,0.42042061276930415,0.04513099652748557,1.0,50,50,456
poissonNmean21,0.2,0.8,5,7,4.63602513268152,0.25736879553214337,0.11872857933291113,0.05551496986455698,1.0,50,50,456
poissonNmean21,0.2,0.8,5,11,5.382521163913468,0.2627748146714224,0.22301918336110538,0.0488200244214863,1.0,50,50,456
poissonNmean21,0.2,0.8,5,14,5.311082548524318,0.13389803664695427,0.2913485085271929,0.0252110629845431,1.0,50,50,456
poissonNmean21,0.2,0.8,5,10,5.440615640228033,0.621558354809626,0.5710472703304417,0.11424412160524808,0.0,50,50,456
poissonNmean21,0.2,0.8,5,15,5.17025458899821,0.18796678404229183,0.4587022459030386,0.03635542134467934,1.0,50,50,456
poissonNmean21,0.2,0.8,5,13,5.488602226659737,0.18110717892538952,0.29847733720747305,0.03299695832314087,1.0,50,50,456
poissonNmean21,0.2,0.8,5,8,5.863137117889055,0.49276993522516427,0.19236577686181455,0.0840454393811925,1.0,50,50,456
poissonNmean21,0.2,0.8,5,12,6.172541666694466,0.4800945162793361,0.6548657940356377,0.07777906447676318,1.0,50,50,456
poissonNmean21,0.2,0.8,5,16,5.853138495165175,0.31128602825415047,0.5583023012761987,0.05318275460443654,1.0,50,50,456
poissonNmean21,0.2,0.8,5,18,5.833041518184196,0.5998798671221737,0.27786224969544415,0.10284169335192972,1.0,50,50,456
poissonNmean21,0.2,0.8,5,9,5.148122626456495,0.16156807029481163,0.30997371933306395,0.03138388146865502,1.0,50,50,456
poissonNmean21,0.2,0.8,5,17,6.068380021399893,0.5223631585172602,0.5051379419619134,0.08607950666819943,1.0,50,50,456
poissonNmean21,0.2,0.8,5,19,6.821910107880769,0.5732499650941341,0.9178283298623785,0.0840307122241185,0.0,50,50,456
poissonNmean21,0.2,0.8,5,20,6.805585572244374,0.41927098905475435,1.6094072225594307,0.06160689401433614,1.0,50,50,456
poissonNmean21,0.2,0.8,5,21,5.919671554534305,0.14837835938084032,0.36247133229995304,0.02506530269693537,0.9,50,50,456
poissonNmean21,0.2,0.8,5,22,6.097106011981734,0.38982947973539595,0.47872904693119467,0.06393680525963008,1.0,50,50,456
poissonNmean21,0.2,0.8,5,23,5.925580007314741,0.48075284689844033,0.3607875013003091,0.081131778881558,1.0,50,50,456
poissonNmean21,0.2,0.8,10,1,4.462068676362668,0.32985657333977775,0.23615726374609625,0.07392458459618914,1.0,50,50,456
poissonNmean21,0.2,0.8,5,24,5.693977756451016,0.2087407685085807,0.3053591602537543,0.03665991990785123,1.0,50,50,456
poissonNmean21,0.2,0.8,10,0,4.383789600362185,0.06657096349859762,0.15097520280342616,0.015185711351908307,1.0,50,50,456
poissonNmean21,0.2,0.8,10,5,4.00181760715383,0.2970580550631647,0.14176671539940472,0.07423078316516231,1.0,50,50,456
poissonNmean21,0.2,0.8,10,2,4.486733969670095,0.1919270960389267,0.22990951371491863,0.04277657140724991,1.0,50,50,456
poissonNmean21,0.2,0.8,10,6,4.466952590304011,0.16403162583948716,0.20598831400289597,0.036721147700455786,1.0,50,50,456
poissonNmean21,0.2,0.8,10,4,4.494267392094896,0.1784051706298193,0.15865992230229428,0.039696162926046996,0.0,50,50,456
poissonNmean21,0.2,0.8,10,8,3.9686464259705136,0.2793116568819435,0.13549589345532487,0.0703795770402094,1.0,50,50,456
poissonNmean21,0.2,0.8,10,10,4.370384653548007,0.20917699553145,0.12256156145546214,0.04786237645275318,0.0,50,50,456
poissonNmean21,0.2,0.8,10,7,5.667936589495678,0.855436756100497,0.4691270717858793,0.15092560451114928,0.0,50,50,456
poissonNmean21,0.2,0.8,10,9,5.091482377137258,0.1286501050133067,0.3097557426165879,0.0252677109501539,1.0,50,50,456
poissonNmean21,0.2,0.8,10,11,4.7543445104010456,0.1894355874811134,0.21025165818582003,0.03984473297353326,1.0,50,50,456
poissonNmean21,0.2,0.8,10,3,4.639996377530158,0.08456870391273925,0.10423977326866297,0.01822602800344311,1.0,50,50,456
poissonNmean21,0.2,0.8,10,12,4.381610706190791,0.41095834480013843,0.1947466103707639,0.09379161508335145,1.0,50,50,456
poissonNmean21,0.2,0.8,10,13,3.7883701572215314,0.10316677056380548,0.13205286779296077,0.027232494788595345,1.0,50,50,456
poissonNmean21,0.2,0.8,10,16,5.706353961277708,0.2558050693340658,0.43861679080895916,0.04482811109684275,1.0,50,50,456
poissonNmean21,0.2,0.8,10,14,5.2340742538620075,0.17452024672303515,0.29935719958704343,0.03334309722378582,1.0,50,50,456
poissonNmean21,0.2,0.8,10,17,4.6900581767311404,0.33990814787146406,0.3777429420781188,0.07247418583373991,1.0,50,50,456
poissonNmean21,0.2,0.8,10,15,4.231451094854203,0.3023800062075523,0.15788177874410608,0.07146012075509312,1.0,50,50,456
poissonNmean21,0.2,0.8,10,18,5.065900821906247,0.2854735162403059,0.3757437475278301,0.05635197495494693,1.0,50,50,456
poissonNmean21,0.2,0.8,10,20,4.0447118532615205,0.2150022890892747,0.22960877783229713,0.05315639207176255,0.0,50,50,456
poissonNmean21,0.2,0.8,10,21,4.032088022634181,0.1658378615542143,0.10209359013058682,0.04112952411338275,1.0,50,50,456
poissonNmean21,0.2,0.8,10,22,5.846927429402857,0.5084490607206106,0.8021580062571715,0.08696004300715908,1.0,50,50,456
poissonNmean21,0.2,0.8,10,23,4.632451011302894,0.4174053630940331,0.23802545860913232,0.09010464699477443,1.0,50,50,456
poissonNmean21,0.2,0.8,10,19,4.343199785133931,0.2281362597164785,0.16602436927600311,0.05252723130475185,0.2,50,50,456
poissonNmean21,0.2,0.8,10,24,4.838226167889477,0.30070722597131944,0.32952874070440075,0.06215237062853005,1.0,50,50,456
poissonNmean21,0.2,0.8,15,0,4.196107204131144,0.10909394798724605,0.27702788406277107,0.025998846711981303,1.0,50,50,456
poissonNmean21,0.2,0.8,15,2,4.436775584419119,0.08302530311982151,0.09365779946365159,0.018712982331444993,0.0,50,50,456
poissonNmean21,0.2,0.8,15,1,4.270119642287498,0.06580219185873246,0.05983494172403411,0.015409917606777476,1.0,50,50,456
poissonNmean21,0.2,0.8,15,3,3.771520176910011,0.08668774288283121,0.14425674443633554,0.022984828084322773,0.0,50,50,456
poissonNmean21,0.2,0.8,15,4,5.023400900231104,0.1416049317454109,0.2246699339998626,0.028189056489378795,0.0,50,50,456
poissonNmean21,0.2,0.8,15,5,4.627083888835532,0.5059792479189835,0.18822143258353471,0.10935164783587271,1.0,50,50,456
poissonNmean21,0.2,0.8,15,6,4.2132378158561865,0.2043825534485455,0.1671151190622135,0.048509617159365644,1.0,50,50,456
poissonNmean21,0.2,0.8,15,9,4.305157146037174,0.15787212055614283,0.12651733061357248,0.036670466419898635,1.0,50,50,456
poissonNmean21,0.2,0.8,15,7,4.415428493185194,0.09862064039243769,0.33044693625479243,0.02233546314806129,1.0,50,50,456
poissonNmean21,0.2,0.8,15,8,4.071583862770654,0.23288273576797067,0.2978412630157607,0.05719708683821566,0.74,50,50,456
poissonNmean21,0.2,0.8,15,10,4.377042301912272,0.6884705420672462,0.2927232315618776,0.15729126989850256,1.0,50,50,456
poissonNmean21,0.2,0.8,15,12,4.1872236736728095,0.12074357370897185,0.13342571036087408,0.028836189112167017,0.88,50,50,456
poissonNmean21,0.2,0.8,15,14,4.923278613695349,0.30162017109870803,0.23002326015060093,0.06126408736236763,1.0,50,50,456
poissonNmean21,0.2,0.8,15,11,4.225371218412683,0.14270161677974044,0.07324174699695322,0.03377256326210984,1.0,50,50,456
poissonNmean21,0.2,0.8,15,16,3.4804314631229163,0.10936837849655744,0.17339804969570466,0.0314237989327977,1.0,50,50,456
poissonNmean21,0.2,0.8,15,15,3.844908143937807,0.02870858067536357,0.08876445500936737,0.00746664929320297,1.0,50,50,456
poissonNmean21,0.2,0.8,15,13,4.870041346013387,0.11858230835690602,0.29121448972179276,0.02434934324612612,1.0,50,50,456
poissonNmean21,0.2,0.8,15,17,4.046357416531637,0.07151759126222729,0.12127521871262603,0.017674561068193793,1.0,50,50,456
poissonNmean21,0.2,0.8,15,18,3.93712258760449,0.20821951310205514,0.08839129776229389,0.05288621536896178,1.0,50,50,456
poissonNmean21,0.2,0.8,15,19,4.012105112094303,0.1885067658478939,0.13485265029346738,0.046984503292211634,1.0,50,50,456
poissonNmean21,0.2,0.8,15,20,4.293463586091841,0.05031753216312324,0.12426898836845024,0.01171956653507458,0.0,50,50,456
poissonNmean21,0.2,0.8,15,21,3.680388919543656,0.2516139418469915,0.22989646936430938,0.0683661285118177,0.0,50,50,456
poissonNmean21,0.2,0.8,15,22,5.035063042825623,0.4888188633767446,0.25449140953903077,0.09708296782366099,1.0,50,50,456
poissonNmean21,0.2,0.8,15,24,4.375522783642354,0.19537189678364952,0.11024531959387956,0.044651098038852956,1.0,50,50,456
poissonNmean21,0.2,0.8,15,23,4.127997880460322,0.17816577415760151,0.25474019811448984,0.043160335668034275,0.94,50,50,456
poissonNmean21,0.2,0.8,20,1,4.093616139119805,0.06312553927617341,0.1491951286602514,0.015420483291759358,1.0,50,50,456
poissonNmean21,0.2,0.8,20,3,4.477756205684635,0.07594842053448882,0.1483430845374713,0.016961267439721307,1.0,50,50,456
poissonNmean21,0.2,0.8,20,4,4.451351645235761,0.3258324563213566,0.14209667426790393,0.07319854333909835,1.0,50,50,456
poissonNmean21,0.2,0.8,20,0,3.8576086581802054,0.20994861604188847,0.1278377315736708,0.05442455019295036,1.0,50,50,456
poissonNmean21,0.2,0.8,20,2,4.003717509838621,0.20548230943168821,0.1655895933813412,0.05132287903098604,1.0,50,50,456
poissonNmean21,0.2,0.8,20,5,3.6633358433337158,0.25859525090661334,0.14081313571281792,0.07059010201786085,1.0,50,50,456
poissonNmean21,0.2,0.8,20,6,4.232519248296034,0.08855816796583929,0.16543931273253693,0.02092327589567179,1.0,50,50,456
poissonNmean21,0.2,0.8,20,7,4.4853115760138085,0.49389302535733726,0.5001855197617978,0.11011342623298212,1.0,50,50,456
poissonNmean21,0.2,0.8,20,8,4.148587436115094,0.08808752765042649,0.1631820846488447,0.021233137545466615,1.0,50,50,456
poissonNmean21,0.2,0.8,20,11,4.069604424098985,0.16754557705879786,0.33167062112103424,0.04116999088821578,1.0,50,50,456
poissonNmean21,0.2,0.8,20,10,3.3498162776371556,0.07729197989944382,0.15013389714187295,0.023073498214046206,1.0,50,50,456
poissonNmean21,0.2,0.8,20,9,3.501445972602957,0.18472267267961032,0.13250121874183113,0.052756111082384746,1.0,50,50,456
poissonNmean21,0.2,0.8,20,13,4.31462036585842,0.12833102779819458,0.3091948127790866,0.029743295334550796,1.0,50,50,456
poissonNmean21,0.2,0.8,20,12,4.383455546424742,0.2178323627104902,0.17803802077374908,0.04969421051575618,1.0,50,50,456
poissonNmean21,0.2,0.8,25,1,4.344540341709812,0.1173698454103313,0.24740996130463577,0.027015480621395246,1.0,50,50,456
poissonNmean21,0.2,0.8,25,0,4.964043857243214,0.11590231452401105,0.17069767991663495,0.02334836634347898,0.0,50,50,456
poissonNmean21,0.2,0.8,20,14,3.978445642143564,0.17322644671368986,0.061150773260026166,0.04354123753224298,1.0,50,50,456
poissonNmean21,0.2,0.8,25,2,4.829768686669565,0.10588005823251567,0.2622367605298691,0.02192238699231096,1.0,50,50,456
poissonNmean21,0.2,0.8,20,18,3.9822703995357656,0.13098882276515175,0.10384616696229684,0.03289300063110275,0.0,50,50,456
poissonNmean21,0.2,0.8,25,4,3.249259108355996,0.004500207947131729,0.32705775697765854,0.0013849951010551037,1.0,50,50,456
poissonNmean21,0.2,0.8,20,15,4.353001219985752,0.7867877879803605,0.7385609098427715,0.1807460527160008,1.0,50,50,456
poissonNmean21,0.2,0.8,20,17,3.8082292453011912,0.05025228905168407,0.09405551108354548,0.013195710083285609,1.0,50,50,456
poissonNmean21,0.2,0.8,20,16,3.60827116524244,0.201646196656354,0.1652175224145682,0.055884435349194544,1.0,50,50,456
poissonNmean21,0.2,0.8,20,23,3.991970116421653,0.2682130411491722,0.23089381821489102,0.06718813851983309,1.0,50,50,456
poissonNmean21,0.2,0.8,20,19,4.043149939965733,0.08243882384422144,0.15890019510061765,0.020389751819325338,1.0,50,50,456
poissonNmean21,0.2,0.8,20,20,4.553208466888464,0.13130094557103936,0.22335030828537555,0.02883701603514912,1.0,50,50,456
poissonNmean21,0.2,0.8,25,7,3.3233024229513144,0.16639049847332016,0.24782047722553419,0.05006781727843904,1.0,50,50,456
poissonNmean21,0.2,0.8,20,24,3.995118535345789,0.370146447477188,0.25769568090579625,0.09264967840188269,0.52,50,50,456
poissonNmean21,0.2,0.8,25,6,3.8396817905620138,0.04079845451972075,0.07205196380314502,0.010625478033102605,1.0,50,50,456
poissonNmean21,0.2,0.8,25,3,3.6276355926686263,0.10710012140633325,0.20811166977331563,0.02952339579608831,1.0,50,50,456
poissonNmean21,0.2,0.8,20,22,3.8645948248568724,0.13421193710751717,0.07524332213959058,0.03472859204909994,1.0,50,50,456
poissonNmean21,0.2,0.8,25,8,3.9899223282207084,0.0,8.97195690676443e-16,0.0,1.0,50,50,456
poissonNmean21,0.2,0.8,20,21,4.3415108434292895,0.2577532492938778,0.1355352923655897,0.05936948186688914,1.0,50,50,456
poissonNmean21,0.2,0.8,25,14,3.792206648371642,0.08683070088216574,0.22016187770042558,0.022897143782881792,1.0,50,50,456
poissonNmean21,0.2,0.8,25,5,4.4434521804967275,0.29703921161212254,0.5663623343380915,0.06684874722313697,1.0,50,50,456
poissonNmean21,0.2,0.8,25,16,3.8350356730006236,0.28318724293624664,0.5390547780848521,0.07384214048644668,0.48,50,50,456
poissonNmean21,0.2,0.8,25,13,4.139865961655856,0.18949150556284414,0.3234596812976259,0.0457723770088082,1.0,50,50,456
poissonNmean21,0.2,0.8,25,11,3.9571777519421225,0.09287432935951663,0.20187447738954797,0.02346984016928108,1.0,50,50,456
poissonNmean21,0.2,0.8,25,22,4.649423116197737,8.97195690676443e-16,8.97195690676443e-16,1.9296924978730754e-16,1.0,50,50,456
poissonNmean21,0.2,0.8,25,9,3.439101885042945,0.07858476690420105,0.18401319375610858,0.02285037475800742,1.0,50,50,456
poissonNmean21,0.2,0.8,25,12,5.200420135038875,0.5425978502252519,1.1530321266760684,0.10433731047408841,1.0,50,50,456
poissonNmean21,0.2,0.8,25,15,4.580098108295253,0.18904480313226185,0.4485638109206886,0.04127527373046289,1.0,50,50,456
poissonNmean21,0.2,0.8,25,17,4.299066841528218,0.19178603320913623,0.3556464176944223,0.04461108428380722,0.0,50,50,456
poissonNmean21,0.2,0.8,25,20,3.064831088852902,0.022713322855764807,0.062152277718361904,0.007410954208333191,0.0,50,50,456
poissonNmean21,0.2,0.8,30,0,2.3672203946252535,0.0,4.485978453382215e-16,0.0,1.0,50,50,456
poissonNmean21,0.2,0.8,25,19,2.9354538230248695,0.10241093935765173,0.2310053370197293,0.03488760019127853,1.0,50,50,456
poissonNmean21,0.2,0.8,30,4,5.609619544379739,0.0,8.97195690676443e-16,0.0,1.0,50,50,456
poissonNmean21,0.2,0.8,30,1,3.7401018571045768,0.0,0.0,0.0,1.0,50,50,456
poissonNmean21,0.2,0.8,30,2,3.6776235230026812,0.0,4.485978453382215e-16,0.0,1.0,50,50,456
poissonNmean21,0.2,0.8,30,5,5.783861525969555,7.177565525411544e-15,8.97195690676443e-16,1.2409642750235727e-15,1.0,50,50,456
poissonNmean21,0.2,0.8,30,3,3.943078295222658,1.794391381352886e-15,4.485978453382215e-16,4.550737385881809e-16,0.0,50,50,456
poissonNmean21,0.2,0.8,30,6,2.952363711248933,0.0,4.485978453382215e-16,0.0,1.0,50,50,456
poissonNmean21,0.2,0.8,25,18,4.31953675779099,0.16427047231761752,0.28406692179736753,0.03802965029093198,1.0,50,50,456
poissonNmean21,0.2,0.8,25,23,3.867159137974196,0.25164486603224395,0.4122495824212616,0.06507228098300284,1.0,50,50,456
poissonNmean21,0.2,0.8,30,7,4.1995857508650625,8.97195690676443e-16,8.97195690676443e-16,2.1363909297283233e-16,1.0,50,50,456
poissonNmean21,0.2,0.8,30,8,,0.0,0.0,,1.0,0,50,456
poissonNmean21,0.2,0.8,25,10,4.044175749493646,0.13843192405144147,0.10124426052411857,0.034229947615104006,1.0,50,50,456
poissonNmean21,0.2,0.8,30,9,4.291304356224561,0.0,8.97195690676443e-16,0.0,1.0,50,50,456
poissonNmean21,0.2,0.8,30,10,3.819701311311946,0.0,4.485978453382215e-16,0.0,1.0,50,50,456
poissonNmean21,0.2,0.8,30,19,2.6376375199882536,3.588782762705772e-15,4.485978453382215e-16,1.3606049866631234e-15,1.0,50,50,456
poissonNmean21,0.2,0.8,30,16,5.12282948670641,0.0,0.0,0.0,1.0,50,50,456
poissonNmean21,0.2,0.8,25,24,4.929947428147232,0.388568615317092,0.8025064430787545,0.07881800383886112,1.0,50,50,456
poissonNmean21,0.2,0.8,30,23,6.241764268154944,0.0,8.97195690676443e-16,0.0,1.0,50,50,456
poissonNmean21,0.2,0.8,30,12,5.9355098545959,0.0,8.97195690676443e-16,0.0,1.0,50,50,456
poissonNmean21,0.2,0.8,30,11,3.836971651938161,1.794391381352886e-15,4.485978453382215e-16,4.676582326185519e-16,1.0,50,50,456
poissonNmean21,0.2,0.8,30,13,4.824121535390976,1.794391381352886e-15,0.0,3.719623082023902e-16,1.0,50,50,456
poissonNmean21,0.2,0.8,25,21,3.930660745821021,0.06129164974756635,0.10640342541956993,0.015593217962839984,1.0,50,50,456
poissonNmean21,0.2,0.8,30,17,3.4574983499527003,0.0,4.485978453382215e-16,0.0,1.0,50,50,456
poissonNmean21,0.2,0.8,30,14,3.894301001676398,8.97195690676443e-16,0.0,2.303868371474683e-16,1.0,50,50,456
poissonNmean21,0.2,0.8,30,15,,0.0,0.0,,1.0,0,50,456
poissonNmean21,0.2,0.8,30,18,3.939889269329113,0.0,4.485978453382215e-16,0.0,1.0,50,50,456
poissonNmean21,0.2,0.8,30,21,5.197479496443584,3.588782762705772e-15,0.0,6.904852179140724e-16,1.0,50,50,456
poissonNmean21,0.2,0.8,30,20,3.9276370343157536,4.485978453382215e-16,0.0,1.1421570817741645e-16,1.0,50,50,456
poissonNmean21,0.2,0.8,30,22,6.773709790897535,0.0,8.97195690676443e-16,0.0,1.0,50,50,456
poissonNmean21,0.2,0.8,35,2,2.607104930681026,4.485978453382215e-16,0.0,1.7206743006735792e-16,1.0,50,50,456
poissonNmean21,0.2,0.8,35,1,5.3931304020902,3.588782762705772e-15,8.97195690676443e-16,6.654359333337977e-16,1.0,50,50,456
poissonNmean21,0.2,0.8,35,0,3.848162224463124,0.0,0.0,0.0,1.0,50,50,456
poissonNmean21,0.2,0.8,35,5,5.257697392232196,0.0,8.97195690676443e-16,0.0,1.0,50,50,456
poissonNmean21,0.2,0.8,35,4,5.10271580573794,1.794391381352886e-15,0.0,3.5165418762595307e-16,1.0,50,50,456
poissonNmean21,0.2,0.8,35,6,3.636458627294623,1.794391381352886e-15,4.485978453382215e-16,4.9344473985885545e-16,1.0,50,50,456
poissonNmean21,0.2,0.8,35,7,3.5778556600199702,0.0,4.485978453382215e-16,0.0,1.0,50,50,456
poissonNmean21,0.2,0.8,35,3,4.798554423760159,0.0,0.0,0.0,1.0,50,50,456
poissonNmean21,0.2,0.8,30,24,3.8696401934545706,0.015192470609767795,0.0051360244959299415,0.003926068019312389,1.0,50,50,456
poissonNmean21,0.2,0.8,35,11,6.266958035285825,3.588782762705772e-15,0.0,5.72651475005783e-16,1.0,50,50,456
poissonNmean21,0.2,0.8,35,8,3.236721879956676,8.97195690676443e-16,4.485978453382215e-16,2.7719270420863346e-16,1.0,50,50,456
poissonNmean21,0.2,0.8,35,9,3.5807803083057412,3.588782762705772e-15,4.485978453382215e-16,1.0022348353462145e-15,1.0,50,50,456
poissonNmean21,0.2,0.8,35,10,5.029199876670017,0.0,0.0,0.0,1.0,50,50,456
poissonNmean21,0.2,0.8,35,12,3.3054508391556614,4.485978453382215e-16,4.485978453382215e-16,1.3571457182912165e-16,0.0,50,50,456
poissonNmean21,0.2,0.8,35,13,5.256028942662467,0.0,8.97195690676443e-16,0.0,0.0,50,50,456
poissonNmean21,0.2,0.8,35,14,4.429091224473133,0.0,0.0,0.0,1.0,50,50,456
poissonNmean21,0.2,0.8,35,17,3.423327218739012,3.588782762705772e-15,4.485978453382215e-16,1.0483317934263105e-15,0.0,50,50,456
poissonNmean21,0.2,0.8,35,16,3.4958749274578818,4.485978453382215e-16,4.485978453382215e-16,1.28322052317939e-16,1.0,50,50,456
poissonNmean21,0.2,0.8,35,15,4.630169599872939,0.0,0.0,0.0,1.0,50,50,456
poissonNmean21,0.2,0.8,35,18,5.774840786536686,0.0,0.0,0.0,1.0,50,50,456
poissonNmean21,0.2,0.8,35,19,5.538424137098385,0.0,0.0,0.0,1.0,50,50,456
poissonNmean21,0.2,0.8,35,21,3.4320314760783224,4.485978453382215e-16,4.485978453382215e-16,1.3070912911638577e-16,1.0,50,50,456
poissonNmean21,0.2,0.8,35,22,2.3738365707843787,4.485978453382215e-16,0.0,1.8897587595509694e-16,1.0,50,50,456
poissonNmean21,0.2,0.8,35,20,3.3593923166282376,8.97195690676443e-16,4.485978453382215e-16,2.670708289221017e-16,1.0,50,50,456
poissonNmean21,0.2,0.8,35,23,4.691455333650701,0.0,0.0,0.0,1.0,50,50,456
poissonNmean21,0.2,0.8,35,24,4.540764334976217,3.588782762705772e-15,0.0,7.903477251753407e-16,1.0,50,50,456
poissonNmean21,0.225,0.775,0,0,6.272049448333872,0.259564425603119,0.7489126922401169,0.04138430791104023,1.0,50,50,456
poissonNmean21,0.225,0.775,0,7,7.315952337245387,0.5020465870873341,0.8025199776846532,0.06862354536283999,0.0,50,50,456
poissonNmean21,0.225,0.775,0,4,6.9135916945493205,0.31738487238871643,0.6298644016771225,0.045907378741926984,0.0,50,50,456
poissonNmean21,0.225,0.775,0,6,5.647595724562093,0.20571691128649452,0.37495018872746294,0.03642557316767668,1.0,50,50,456
poissonNmean21,0.225,0.775,0,2,6.968382527933616,1.0570964559135976,0.3229998271766511,0.15169897055394085,0.84,50,50,456
poissonNmean21,0.225,0.775,0,1,6.463214992777055,0.474281794353031,0.3367033810403136,0.07338171403598102,0.6,50,50,456
poissonNmean21,0.225,0.775,0,5,7.611704613248305,0.8004976750884157,1.8215254062505468,0.10516667629155439,1.0,50,50,456
poissonNmean21,0.225,0.775,0,11,7.425084224820497,0.5542029647092629,0.8558748324098969,0.07463928326316875,1.0,50,50,456
poissonNmean21,0.225,0.775,0,10,7.12029461585009,0.7837537220167847,0.657771830747482,0.11007321526726076,0.2,50,50,456
poissonNmean21,0.225,0.775,0,9,6.246081773494641,0.4769662565725012,0.40576106848303267,0.07636247392669689,1.0,50,50,456
poissonNmean21,0.225,0.775,0,8,6.4653822394922456,0.34737888733968836,0.738360735853601,0.05372905645358557,1.0,50,50,456
poissonNmean21,0.225,0.775,0,3,6.393836903306697,0.21074919927697058,0.1920410759049109,0.03296130359033361,1.0,50,50,456
poissonNmean21,0.225,0.775,0,14,8.02727953291681,0.4996651423763982,0.7405582196541348,0.06224588795337974,1.0,50,50,456
poissonNmean21,0.225,0.775,0,15,5.926349781349599,0.38155749928695615,0.27219452641259884,0.06438322295584527,1.0,50,50,456
poissonNmean21,0.225,0.775,0,13,7.323049986680553,0.5173597522688773,0.5981960410222752,0.07064812519508555,1.0,50,50,456
poissonNmean21,0.225,0.775,0,12,8.698262827134625,1.1518666438247425,1.1408368607141732,0.13242490675625967,1.0,50,50,456
poissonNmean21,0.225,0.775,0,16,5.330153203555596,0.13650153180815364,0.31029859421246936,0.025609307386717756,1.0,50,50,456
poissonNmean21,0.225,0.775,0,17,7.409547096099167,0.5200717380225062,0.6133528949762067,0.07018940986235223,1.0,50,50,456
poissonNmean21,0.225,0.775,0,18,5.245943467396571,0.23684764752371168,0.27268983984751816,0.04514872281710904,1.0,50,50,456
poissonNmean21,0.225,0.775,0,22,6.211396925448065,0.22418210116027412,0.2204938581310104,0.03609205849360569,1.0,50,50,456
poissonNmean21,0.225,0.775,0,24,8.341443534242948,0.4155877530625594,1.0375085752799447,0.04982204235472023,1.0,50,50,456
poissonNmean21,0.225,0.775,5,0,5.289874235950624,0.266268421871078,0.46779966214409424,0.05033549192180897,1.0,50,50,456
poissonNmean21,0.225,0.775,0,20,6.125935093205226,0.7307098224318185,0.6078917811097792,0.11928135236729953,0.0,50,50,456
poissonNmean21,0.225,0.775,0,19,5.242116724225314,0.18042896061383942,0.3496085564577707,0.03441910398141763,1.0,50,50,456
poissonNmean21,0.225,0.775,5,1,4.086026910725101,0.20496131121109054,0.10916238629474971,0.05016151770148728,0.08,50,50,456
poissonNmean21,0.225,0.775,5,3,6.305264741599497,0.6646013078281572,0.4124699816055596,0.10540418762171809,1.0,50,50,456
poissonNmean21,0.225,0.775,5,5,5.3328868312336715,0.2082979592082705,0.4296614195633893,0.03905913734908272,1.0,50,50,456
poissonNmean21,0.225,0.775,5,2,4.563769604779553,0.3918222735708478,0.16671649402204675,0.08585496365997518,0.0,50,50,456
poissonNmean21,0.225,0.775,0,23,8.204912340934982,0.47018720283764626,0.40316457243992126,0.057305572966556105,1.0,50,50,456
poissonNmean21,0.225,0.775,0,21,6.666819834333782,0.506744304446705,0.311711642137537,0.07600989932816209,0.08,50,50,456
poissonNmean21,0.225,0.775,5,6,7.067810606119608,0.5965807170726465,0.8384255972935271,0.08440813574660613,1.0,50,50,456
poissonNmean21,0.225,0.775,5,4,4.900109148619834,0.0608749758311739,0.2202661758240354,0.012423187725995849,1.0,50,50,456
poissonNmean21,0.225,0.775,5,7,10.277289986325457,4.6125522689672245,5.020559126848416,0.4488101702982497,0.38,50,50,456
poissonNmean21,0.225,0.775,5,8,4.638578724709699,0.5721907775819265,0.28894831853229114,0.12335476264181254,1.0,50,50,456
poissonNmean21,0.225,0.775,5,9,5.744581924160841,0.5177732814221822,0.3686351660471112,0.09013245667965952,0.66,50,50,456
poissonNmean21,0.225,0.775,5,11,4.855995083786487,0.5116080918837155,0.33633746248724106,0.10535597401898242,0.48,50,50,456
poissonNmean21,0.225,0.775,5,10,5.717503924283872,0.5615306170519637,0.44194235856782155,0.09821254597954586,1.0,50,50,456
poissonNmean21,0.225,0.775,5,15,5.227112368856359,0.19639476759053068,0.26769433852896446,0.03757232554644697,1.0,50,50,456
poissonNmean21,0.225,0.775,5,14,5.146136472891047,0.20010837792408198,0.2251302774647467,0.03888516734412664,1.0,50,50,456
poissonNmean21,0.225,0.775,5,13,4.73030975585663,0.09835433834632969,0.15623466469838432,0.02079236739719983,0.96,50,50,456
poissonNmean21,0.225,0.775,5,12,4.980172136549969,0.21058186466596163,0.16724598895522697,0.04228405342066006,1.0,50,50,456
poissonNmean21,0.225,0.775,5,18,5.152469941662658,0.6296485486741589,0.3029161813349776,0.1222032453955426,1.0,50,50,456
poissonNmean21,0.225,0.775,5,17,5.8351581361208495,0.5592823654454533,0.6817115609136242,0.09584699375726914,1.0,50,50,456
poissonNmean21,0.225,0.775,5,19,4.389984315968922,0.363615140995537,0.23733605173519928,0.08282834625920132,0.76,50,50,456
poissonNmean21,0.225,0.775,5,16,5.604381279883316,0.2663433990548943,0.2552258302029322,0.04752413973169927,1.0,50,50,456
poissonNmean21,0.225,0.775,5,20,5.365754655618508,0.45392329555255717,0.5288092434369829,0.08459635683812936,1.0,50,50,456
poissonNmean21,0.225,0.775,10,4,4.508979622408341,0.2270772894343424,0.21684040301333574,0.050361125675936334,1.0,50,50,456
poissonNmean21,0.225,0.775,5,22,5.433149090075145,0.2838085194156455,0.18132428109302207,0.052236468153263986,1.0,50,50,456
poissonNmean21,0.225,0.775,10,3,4.502683584970254,0.25146358608752256,0.1563750775778663,0.05584749213266866,1.0,50,50,456
poissonNmean21,0.225,0.775,5,21,5.850279941460019,0.21127871898765394,0.7730458227886422,0.03611429215384288,1.0,50,50,456
poissonNmean21,0.225,0.775,10,1,4.274084560283799,0.2128500774047178,0.22857070021986176,0.049800155893636455,1.0,50,50,456
poissonNmean21,0.225,0.775,10,0,4.239236071425527,0.1102605994766113,0.09212547351200996,0.026009544554458842,0.76,50,50,456
poissonNmean21,0.225,0.775,5,24,7.742026621689431,0.8128584291995415,1.9948813090893487,0.10499297779760969,0.88,50,50,456
poissonNmean21,0.225,0.775,5,23,4.296903599203586,0.09993574562773085,0.19283592755528914,0.023257618729508742,1.0,50,50,456
poissonNmean21,0.225,0.775,10,5,4.316385857351038,0.12632251470067546,0.2254547025971064,0.029265806829002882,1.0,50,50,456
poissonNmean21,0.225,0.775,10,2,5.37664773680011,0.1948682280857308,0.42400073256904114,0.03624344342888006,1.0,50,50,456
poissonNmean21,0.225,0.775,10,6,4.322912906408621,0.6621866299330922,0.20526473702993667,0.15318065486617033,0.76,50,50,456
poissonNmean21,0.225,0.775,10,7,4.404673369169908,0.11338078788514507,0.36821171410768855,0.02574102058934565,1.0,50,50,456
poissonNmean21,0.225,0.775,10,11,4.709248074965399,0.48675971570126025,0.6768870316279165,0.10336251307058966,1.0,50,50,456
poissonNmean21,0.225,0.775,10,8,4.855104729099539,0.40712669128583817,0.25718805938421824,0.08385538809197772,0.14,50,50,456
poissonNmean21,0.225,0.775,10,9,4.553023437334232,0.11958430253959164,0.26175519931812885,0.026264811544569496,1.0,50,50,456
poissonNmean21,0.225,0.775,10,10,3.9040084477556833,0.2268868119958999,0.28451135980484893,0.05811637321797586,0.1,50,50,456
poissonNmean21,0.225,0.775,10,13,4.112186455404402,0.24786463288241556,0.3198151758261394,0.06027563087677161,0.84,50,50,456
poissonNmean21,0.225,0.775,10,14,4.124547510445302,0.1865698939835918,0.14101685114873214,0.045234027129305396,1.0,50,50,456
poissonNmean21,0.225,0.775,10,15,4.16509881054614,0.1500673272910912,0.2668195580639284,0.036029716008445414,1.0,50,50,456
poissonNmean21,0.225,0.775,10,17,4.817082107136587,0.2753529430142256,0.2902560689564304,0.05716177073384023,1.0,50,50,456
poissonNmean21,0.225,0.775,10,12,4.813382915556666,0.15062808278468431,0.1195190253609867,0.03129360066032981,0.0,50,50,456
poissonNmean21,0.225,0.775,10,16,4.162776527314506,0.11823220259379304,0.1423111613307553,0.02840224590919059,0.6,50,50,456
poissonNmean21,0.225,0.775,10,21,3.705003178259278,0.11292030865994149,0.2053882461252162,0.030477789957792923,1.0,50,50,456
poissonNmean21,0.225,0.775,10,20,4.6988683953173815,0.4395409162549623,0.2745472103786155,0.09354186567408083,0.0,50,50,456
poissonNmean21,0.225,0.775,10,19,4.038548270363818,0.23606779076107287,0.2623322844775278,0.058453626144180364,1.0,50,50,456
poissonNmean21,0.225,0.775,10,18,3.772317380325635,0.4350390094757947,0.2641874308645289,0.11532407420031056,0.0,50,50,456
poissonNmean21,0.225,0.775,10,22,4.247310043988064,0.1369007294044821,0.20992523424380127,0.032232337170266356,1.0,50,50,456
poissonNmean21,0.225,0.775,15,0,3.8184979836574935,0.07715604565237785,0.08139108579941236,0.02020586261472241,0.94,50,50,456
poissonNmean21,0.225,0.775,10,24,3.6762804992870683,0.28991233901247637,0.12965273127293336,0.07886023361620484,1.0,50,50,456
poissonNmean21,0.225,0.775,10,23,3.9559186002529203,0.10512843862309297,0.14909218530091664,0.026574975181838073,1.0,50,50,456
poissonNmean21,0.225,0.775,15,1,4.053643827474069,0.38196028075369814,0.30942057125630407,0.09422640394918651,1.0,50,50,456
poissonNmean21,0.225,0.775,15,2,3.756509894800862,0.17595269075295183,0.13510359152829762,0.04683940563992028,0.0,50,50,456
poissonNmean21,0.225,0.775,15,5,4.022091254040629,0.05757652086120506,0.16931819612497176,0.014315070749168898,1.0,50,50,456
poissonNmean21,0.225,0.775,15,7,3.8147999965412667,0.1479624329111506,0.2056526558715474,0.038786419483407386,1.0,50,50,456
poissonNmean21,0.225,0.775,15,4,4.205397684981937,0.1692388146883356,0.18530792513637095,0.04024323675563695,0.26,50,50,456
poissonNmean21,0.225,0.775,15,3,3.9869951994132964,0.48375946905258654,0.2532615267444573,0.1213343495180967,1.0,50,50,456
poissonNmean21,0.225,0.775,15,8,3.9643130731082747,0.15318674854677924,0.4594975494172952,0.03864143565903362,1.0,50,50,456
poissonNmean21,0.225,0.775,15,11,3.5915408195798375,0.10152687106699619,0.056042710913292715,0.028268332776146335,1.0,50,50,456
poissonNmean21,0.225,0.775,15,9,3.520536149585266,0.2716838530929774,0.219535906596465,0.07717115846828697,0.0,50,50,456
poissonNmean21,0.225,0.775,15,6,4.7184388061570885,0.44223580581585265,0.2460165861941125,0.09372502727783168,1.0,50,50,456
poissonNmean21,0.225,0.775,15,10,4.112109137152613,0.4207025607368546,0.38629426575510534,0.10230821865495664,0.94,50,50,456
poissonNmean21,0.225,0.775,15,12,4.609006949782754,0.14704915500671267,0.2239785352624524,0.03190473709605577,1.0,50,50,456
poissonNmean21,0.225,0.775,15,13,3.7559013754694477,0.27294074747096203,0.24946821856694326,0.07266983879118694,1.0,50,50,456
poissonNmean21,0.225,0.775,15,14,3.968583790930676,0.11563950315141686,0.1687457894915691,0.029138732919205452,1.0,50,50,456
poissonNmean21,0.225,0.775,15,18,4.1471478823992,0.19507259948266187,0.21035819219381147,0.04703777270894156,1.0,50,50,456
poissonNmean21,0.225,0.775,15,15,3.7545157585247573,0.23459843418766504,0.2265308365413317,0.06248433866737707,1.0,50,50,456
poissonNmean21,0.225,0.775,15,16,4.624465419474568,0.4472346901330565,0.3320708511321945,0.0967105707504396,1.0,50,50,456
poissonNmean21,0.225,0.775,15,17,4.053124474012802,0.4775972999424568,0.3784151795790944,0.11783435297993967,1.0,50,50,456
poissonNmean21,0.225,0.775,15,22,3.902856487564248,0.10898711807640495,0.15424723503011703,0.027924961736018952,0.0,50,50,456
poissonNmean21,0.225,0.775,15,19,3.818498197154546,0.10139114751055438,0.18536840208666078,0.026552624166775476,0.9,50,50,456
poissonNmean21,0.225,0.775,15,21,3.2339580844939952,0.35571827981840304,0.16652341406930035,0.10999470943175842,1.0,50,50,456
poissonNmean21,0.225,0.775,15,23,4.253687118651148,0.08646671950953712,0.1788400409466706,0.020327475222708877,1.0,50,50,456
poissonNmean21,0.225,0.775,15,24,3.5376668405446003,0.3397253905528778,0.13476881331651447,0.09603091694767373,1.0,50,50,456
poissonNmean21,0.225,0.775,15,20,3.9522593971097977,0.2470059909825648,0.16092428555285265,0.062497413799103105,1.0,50,50,456
poissonNmean21,0.225,0.775,20,2,3.9919135861124624,0.13155888673667449,0.2037036882097111,0.032956346348367103,1.0,50,50,456
poissonNmean21,0.225,0.775,20,0,4.454002427705113,0.18418704419011664,0.2785638345880222,0.041353153075180844,1.0,50,50,456
poissonNmean21,0.225,0.775,20,1,3.4721412659422826,0.3712366399261138,0.24550277190044825,0.10691864515062183,0.0,50,50,456
poissonNmean21,0.225,0.775,20,3,3.730946238818247,0.03251851313299344,0.06876062718576788,0.008715888959926013,1.0,50,50,456
poissonNmean21,0.225,0.775,20,7,3.919207421189247,0.2807324516633077,0.15831875944888335,0.07162990408354607,1.0,50,50,456
poissonNmean21,0.225,0.775,20,4,3.8857474943785797,0.06530683331416788,0.15281562315884703,0.01680676199589545,1.0,50,50,456
poissonNmean21,0.225,0.775,20,6,3.6414295323069803,0.11127074335973644,0.20716694629784316,0.03055688497402895,0.94,50,50,456
poissonNmean21,0.225,0.775,20,8,3.854753843825861,0.09874506759561118,0.20980346359762841,0.025616439232240638,1.0,50,50,456
poissonNmean21,0.225,0.775,20,5,4.390127793315682,0.12748858307221758,0.24895207866983754,0.029039834162989303,1.0,50,50,456
poissonNmean21,0.225,0.775,20,10,4.037947837047925,0.1160014810798405,0.17403845363307252,0.028727830512205725,1.0,50,50,456
poissonNmean21,0.225,0.775,20,9,3.5225295719636147,0.07694116306981677,0.10821698131846165,0.021842588258791065,1.0,50,50,456
poissonNmean21,0.225,0.775,20,13,3.5112308707805346,0.13097864396913556,0.17217598372717274,0.03730277181688695,1.0,50,50,456
poissonNmean21,0.225,0.775,20,11,4.084354864894216,0.2032109033041765,0.2252071523005244,0.04975348862333479,0.0,50,50,456
poissonNmean21,0.225,0.775,20,15,3.7319273862835423,0.32663428987233706,0.17277914775704595,0.0875242886752996,0.18,50,50,456
poissonNmean21,0.225,0.775,20,12,4.045467492390633,0.09787192651168751,0.20088090752145218,0.02419298305962928,1.0,50,50,456
poissonNmean21,0.225,0.775,20,18,4.6131248042638315,0.20088576562251723,0.49419521608695405,0.04354657074025875,0.9,50,50,456
poissonNmean21,0.225,0.775,20,16,4.18943729847868,0.27560525104728706,0.3792588995112466,0.06578574434026456,0.42,50,50,456
poissonNmean21,0.225,0.775,20,14,3.486420183933776,0.39346719941552555,0.1370133059578642,0.11285707937004055,1.0,50,50,456
poissonNmean21,0.225,0.775,25,4,3.824943141890759,0.1263869518189638,0.2749524774062769,0.033042831522062256,1.0,50,50,456
poissonNmean21,0.225,0.775,20,19,3.467895625655562,0.10712771740855978,0.14876865000475847,0.03089127498994686,1.0,50,50,456
poissonNmean21,0.225,0.775,20,17,3.708584559606205,0.08079634485676386,0.15728645807539499,0.0217863024445486,1.0,50,50,456
poissonNmean21,0.225,0.775,25,8,4.85144893254298,0.0,0.0,0.0,1.0,50,50,456
poissonNmean21,0.225,0.775,25,3,3.5078237751889185,0.09506493260309769,0.21447260291286735,0.02710082908825083,1.0,50,50,456
poissonNmean21,0.225,0.775,25,2,2.675130956589295,0.061617663036157316,0.1536403258167494,0.023033512764817254,1.0,50,50,456
poissonNmean21,0.225,0.775,25,1,3.572170390071362,0.22384790981651967,0.36162887904272295,0.0626643987752353,1.0,50,50,456
poissonNmean21,0.225,0.775,25,10,3.430656512328667,8.97195690676443e-16,4.485978453382215e-16,2.6152303136505e-16,1.0,50,50,456
poissonNmean21,0.225,0.775,25,5,3.5419279104892096,0.06375008485648716,0.08552130325683618,0.017998696322331986,1.0,50,50,456
poissonNmean21,0.225,0.775,20,21,3.6866017012979104,0.16573982120405434,0.14044576663690403,0.044957344088921714,1.0,50,50,456
poissonNmean21,0.225,0.775,20,23,3.662960637315392,0.053931396811759715,0.1488571545186604,0.014723444271376717,1.0,50,50,456
poissonNmean21,0.225,0.775,20,20,4.141344236201299,0.17430925119153828,0.12437248218474845,0.04209001745564278,0.0,50,50,456
poissonNmean21,0.225,0.775,20,24,3.6318977544281585,0.1616674575773754,0.25888037194516395,0.044513218297586664,1.0,50,50,456
poissonNmean21,0.225,0.775,20,22,3.5785339419631237,0.15125710903067274,0.15492471248608286,0.042267898386258045,1.0,50,50,456
poissonNmean21,0.225,0.775,25,7,2.5497508036300314,0.15646079297594473,0.23367345297758224,0.06136317037460857,0.16,50,50,456
poissonNmean21,0.225,0.775,25,0,3.798278885244368,0.13219351591182252,0.13218537973476735,0.034803530732135185,0.12,50,50,456
poissonNmean21,0.225,0.775,25,17,3.814630269024399,0.0,4.485978453382215e-16,0.0,0.0,50,50,456
poissonNmean21,0.225,0.775,25,14,3.4565835534824942,0.041420926158377266,0.1666570496274961,0.01198319829898104,1.0,50,50,456
poissonNmean21,0.225,0.775,25,9,4.491198192512339,0.21885445200102155,0.38811573031902274,0.04872963574974102,1.0,50,50,456
poissonNmean21,0.225,0.775,25,6,3.9973151881589883,0.24662348166531953,0.4975505263821773,0.06169728181452335,1.0,50,50,456
poissonNmean21,0.225,0.775,25,11,3.7662357573038823,0.07068636794712418,0.11799339080548076,0.01876843949825544,1.0,50,50,456
poissonNmean21,0.225,0.775,25,16,5.20945885206179,0.047754261673833544,0.07295729976199765,0.00916683729154199,1.0,50,50,456
poissonNmean21,0.225,0.775,25,15,4.552059799733376,0.6274157038862286,1.034993990344349,0.13783116467911463,1.0,50,50,456
poissonNmean21,0.225,0.775,25,20,3.7190054897597453,1.794391381352886e-15,4.485978453382215e-16,4.824922647448974e-16,1.0,50,50,456
poissonNmean21,0.225,0.775,25,13,4.022602977803277,0.0831397790899227,0.21740099524686524,0.020668154314181144,0.0,50,50,456
poissonNmean21,0.225,0.775,25,19,4.0536011050416905,0.17037815636412648,0.30495709267913734,0.042031307952876185,1.0,50,50,456
poissonNmean21,0.225,0.775,30,0,4.2175119139572,0.0,0.0,0.0,1.0,50,50,456
poissonNmean21,0.225,0.775,30,5,6.05822142871792,0.0,8.97195690676443e-16,0.0,1.0,50,50,456
poissonNmean21,0.225,0.775,30,2,4.878265766208322,3.588782762705772e-15,0.0,7.356677423286814e-16,1.0,50,50,456
poissonNmean21,0.225,0.775,25,18,3.2026588323507292,0.09389366158739373,0.12298423470456243,0.02931740984676674,1.0,50,50,456
poissonNmean21,0.225,0.775,30,1,5.666960578689182,0.0,1.794391381352886e-15,0.0,1.0,50,50,456
poissonNmean21,0.225,0.775,30,4,4.13591335718834,1.794391381352886e-15,0.0,4.338561343975402e-16,1.0,50,50,456
poissonNmean21,0.225,0.775,30,6,5.238206569404761,0.0,8.97195690676443e-16,0.0,1.0,50,50,456
poissonNmean21,0.225,0.775,30,3,3.770945807515957,0.0,4.485978453382215e-16,0.0,1.0,50,50,456
poissonNmean21,0.225,0.775,30,8,6.13074184509584,0.0,8.97195690676443e-16,0.0,1.0,50,50,456
poissonNmean21,0.225,0.775,30,7,6.21446093922367,3.588782762705772e-15,0.0,5.774889886352868e-16,1.0,50,50,456
poissonNmean21,0.225,0.775,25,21,3.8348507111752435,0.050815468264751834,0.09245786820262089,0.013250963881506284,1.0,50,50,456
poissonNmean21,0.225,0.775,25,12,3.369750979205,0.13591086184392553,0.17867164169564156,0.04033261290897821,1.0,50,50,456
poissonNmean21,0.225,0.775,30,10,3.0596520651940917,8.97195690676443e-16,0.0,2.932345480986998e-16,1.0,50,50,456
poissonNmean21,0.225,0.775,30,11,5.0563224097873,0.0,8.97195690676443e-16,0.0,0.0,50,50,456
poissonNmean21,0.225,0.775,25,22,3.5834765956251107,0.10976461796708195,0.21546879573829436,0.030630761786218486,1.0,50,50,456
poissonNmean21,0.225,0.775,30,13,2.76686975040734,8.97195690676443e-16,4.485978453382215e-16,3.2426379685720924e-16,1.0,50,50,456
poissonNmean21,0.225,0.775,30,9,3.943060885277688,0.14273714324401582,0.30055491964857595,0.03619957880360339,0.56,50,50,456
poissonNmean21,0.225,0.775,25,24,4.393871947376377,0.2671562529559231,0.5458228630071489,0.060802011564184216,1.0,50,50,456
poissonNmean21,0.225,0.775,30,16,3.880022282455441,0.0,4.485978453382215e-16,0.0,1.0,50,50,456
poissonNmean21,0.225,0.775,30,17,4.190639071927996,0.0,0.0,0.0,0.0,50,50,456
poissonNmean21,0.225,0.775,30,15,3.166902530913792,8.97195690676443e-16,4.485978453382215e-16,2.8330385350305117e-16,1.0,50,50,456
poissonNmean21,0.225,0.775,30,14,5.094483235438528,0.0,8.97195690676443e-16,0.0,1.0,50,50,456
poissonNmean21,0.225,0.775,30,20,5.187882186176751,0.0,0.0,0.0,1.0,50,50,456
poissonNmean21,0.225,0.775,30,12,5.463487026054994,0.0,8.97195690676443e-16,0.0,1.0,50,50,456
poissonNmean21,0.225,0.775,30,18,5.6652832695827975,1.794391381352886e-15,0.0,3.167346266667842e-16,0.0,50,50,456
poissonNmean21,0.225,0.775,30,21,5.444635870028676,0.0,8.97195690676443e-16,0.0,1.0,50,50,456
poissonNmean21,0.225,0.775,25,23,3.5460917695178256,0.10320381549944659,0.23387602175982766,0.029103537699330204,1.0,50,50,456
poissonNmean21,0.225,0.775,30,22,4.024287460831443,0.0,0.0,0.0,1.0,50,50,456
poissonNmean21,0.225,0.775,30,24,4.547711590418736,0.0,0.0,0.0,1.0,50,50,456
poissonNmean21,0.225,0.775,30,23,,0.0,0.0,,1.0,0,50,456
poissonNmean21,0.225,0.775,30,19,4.284115581828474,0.021812982605784844,0.06454524523403564,0.005091595263747528,1.0,50,50,456
poissonNmean21,0.225,0.775,35,0,4.6885002447001405,0.0,0.0,0.0,1.0,50,50,456
poissonNmean21,0.225,0.775,35,2,5.0419764694681035,0.0,0.0,0.0,1.0,50,50,456
poissonNmean21,0.225,0.775,35,3,3.923386174175758,0.0,0.0,0.0,0.0,50,50,456
poissonNmean21,0.225,0.775,35,4,2.175968358986716,4.485978453382215e-16,0.0,2.0616009579620918e-16,1.0,50,50,456
poissonNmean21,0.225,0.775,35,8,2.8810365085516376,0.0,4.485978453382215e-16,0.0,1.0,50,50,456
poissonNmean21,0.225,0.775,35,5,3.258920336278544,8.97195690676443e-16,4.485978453382215e-16,2.753045788474157e-16,1.0,50,50,456
poissonNmean21,0.225,0.775,35,1,2.5102145058440546,8.97195690676443e-16,4.485978453382215e-16,3.5741793722714655e-16,1.0,50,50,456
poissonNmean21,0.225,0.775,35,6,3.291684688784762,0.0,4.485978453382215e-16,0.0,1.0,50,50,456
poissonNmean21,0.225,0.775,35,7,3.604692126224436,0.0,4.485978453382215e-16,0.0,1.0,50,50,456
poissonNmean21,0.225,0.775,35,9,4.056161595036773,0.0,0.0,0.0,1.0,50,50,456
poissonNmean21,0.225,0.775,35,11,3.4521950524423817,0.0,0.0,0.0,1.0,50,50,456
poissonNmean21,0.225,0.775,35,10,4.210494264823421,1.794391381352886e-15,0.0,4.2617119713097127e-16,1.0,50,50,456
poissonNmean21,0.225,0.775,35,14,3.7081752107336796,0.0,4.485978453382215e-16,0.0,1.0,50,50,456
poissonNmean21,0.225,0.775,35,12,4.275382590676962,0.0,0.0,0.0,0.0,50,50,456
poissonNmean21,0.225,0.775,35,15,4.959991801636761,3.588782762705772e-15,0.0,7.235461077821741e-16,1.0,50,50,456
poissonNmean21,0.225,0.775,35,18,3.7870622540377212,0.0,0.0,0.0,1.0,50,50,456
poissonNmean21,0.225,0.775,35,13,4.8325643788963575,0.0,0.0,0.0,1.0,50,50,456
poissonNmean21,0.225,0.775,35,16,6.47903238203168,8.97195690676443e-16,0.0,1.3847680298135853e-16,1.0,50,50,456
poissonNmean21,0.225,0.775,35,19,5.625562127361124,3.588782762705772e-15,8.97195690676443e-16,6.379420725354644e-16,1.0,50,50,456
poissonNmean21,0.225,0.775,35,22,3.3976218894487635,8.97195690676443e-16,8.97195690676443e-16,2.6406578479573126e-16,1.0,50,50,456
poissonNmean21,0.225,0.775,35,17,3.9952381028620256,0.0,4.485978453382215e-16,0.0,1.0,50,50,456
poissonNmean21,0.225,0.775,35,21,4.729735445928316,4.485978453382215e-16,0.0,9.48462869576364e-17,1.0,50,50,456
poissonNmean21,0.225,0.775,35,24,2.807850631452082,4.485978453382215e-16,0.0,1.5976556598604706e-16,0.0,50,50,456
poissonNmean21,0.225,0.775,35,23,2.306896774567159,8.97195690676443e-16,0.0,3.889188716928104e-16,1.0,50,50,456
poissonNmean21,0.225,0.775,35,20,3.9009690504979972,4.485978453382215e-16,4.485978453382215e-16,1.1499651484826663e-16,1.0,50,50,456
poissonNmean21,0.25,0.75,0,0,5.03213821259093,0.17742729221286754,0.29902069557633715,0.03525882730504621,1.0,50,50,456
poissonNmean21,0.25,0.75,0,6,7.621296515409784,0.6889951586150505,1.5437744109758158,0.09040393025280481,1.0,50,50,456
poissonNmean21,0.25,0.75,0,1,6.924284490534903,0.3975117388850901,1.107477288423903,0.057408348751190934,1.0,50,50,456
poissonNmean21,0.25,0.75,0,4,5.586463632952791,0.556734212349406,0.24418767381784012,0.09965771710486149,0.06,50,50,456
poissonNmean21,0.25,0.75,0,7,4.502967962428276,0.3994673592495353,0.19804911647476048,0.08871201451633648,1.0,50,50,456
poissonNmean21,0.25,0.75,0,5,10.554040048928284,1.4923377612931539,2.180651262464387,0.14139966821944117,1.0,50,50,456
poissonNmean21,0.25,0.75,0,14,5.964971173973728,0.22483295045954213,0.46318409623278306,0.03769221072526383,1.0,50,50,456
poissonNmean21,0.25,0.75,0,2,5.208723567448492,1.0240218607954454,0.24088321470727306,0.19659746721730242,1.0,50,50,456
poissonNmean21,0.25,0.75,0,11,5.311466902959893,0.41049465136893215,0.2606033251075561,0.07728461061108712,1.0,50,50,456
poissonNmean21,0.25,0.75,0,3,5.214465751970904,0.2221887807789904,0.3216805091848429,0.04261007576759135,1.0,50,50,456
poissonNmean21,0.25,0.75,0,12,7.940377965367123,0.8544035567166927,0.8833697555648955,0.10760237868313985,1.0,50,50,456
poissonNmean21,0.25,0.75,0,13,6.048708903856039,0.41941712532865616,0.23575016056104744,0.06933994212571191,1.0,50,50,456
poissonNmean21,0.25,0.75,0,15,5.199296175351845,0.3012763335456813,0.5697423335917683,0.0579455994397729,1.0,50,50,456
poissonNmean21,0.25,0.75,0,8,6.980361835928652,0.7793522725875862,0.30891021442400624,0.11164926559769131,0.94,50,50,456
poissonNmean21,0.25,0.75,0,16,6.510347411227698,0.39757584579460065,0.6932792148486981,0.061068299536357194,1.0,50,50,456
poissonNmean21,0.25,0.75,0,10,5.787108885352153,0.7954746491243007,0.5086033769659298,0.13745631279510562,0.0,50,50,456
poissonNmean21,0.25,0.75,0,9,5.516628561247025,0.2951682328921384,0.6415110514633401,0.05350518520779585,1.0,50,50,456
poissonNmean21,0.25,0.75,0,17,7.7294469199588915,0.9618226001177828,0.995738308437825,0.12443614790007486,1.0,50,50,456
poissonNmean21,0.25,0.75,0,18,6.588908087397943,0.903774378951187,0.4880984735517867,0.13716603221097606,1.0,50,50,456
poissonNmean21,0.25,0.75,0,19,9.01134351299393,1.0468218550643262,1.7228313046019326,0.11616712353211912,0.76,50,50,456
poissonNmean21,0.25,0.75,0,21,7.4630416973940905,0.2966625055358278,0.5183102100725486,0.03975088409855931,1.0,50,50,456
poissonNmean21,0.25,0.75,0,24,7.106114414633773,0.2897772255169656,0.4288752824833214,0.040778575830445564,1.0,50,50,456
poissonNmean21,0.25,0.75,5,0,4.734277206573522,0.12372713839010055,0.0980964311925807,0.02613432483807792,1.0,50,50,456
poissonNmean21,0.25,0.75,0,20,8.232397956315051,0.9312117186372626,2.4993542964574345,0.11311548877723197,1.0,50,50,456
poissonNmean21,0.25,0.75,5,1,4.498654047656307,0.5003999670548305,0.19527342762262845,0.11123326260562916,0.84,50,50,456
poissonNmean21,0.25,0.75,5,2,4.17350464527643,0.14950582477808674,0.30044123740376705,0.03582260893067349,1.0,50,50,456
poissonNmean21,0.25,0.75,0,22,7.231671742223674,0.7675024188338108,1.0499728173571146,0.10613070479299862,1.0,50,50,456
poissonNmean21,0.25,0.75,5,5,4.3979838695679305,0.3916855884366431,0.24781545209941172,0.08906026034950494,1.0,50,50,456
poissonNmean21,0.25,0.75,0,23,6.063599908221855,0.854169903971821,0.7647576173090478,0.1408684472756227,1.0,50,50,456
poissonNmean21,0.25,0.75,5,4,4.623932429187554,0.2697622726232945,0.25984370926827555,0.05834044436300142,1.0,50,50,456
poissonNmean21,0.25,0.75,5,6,4.377781148646915,0.20448468098216646,0.16993244775637145,0.046709662735280544,1.0,50,50,456
poissonNmean21,0.25,0.75,5,7,5.73151092860583,1.4515738327612824,0.8991768571478994,0.25326198463942784,0.5,50,50,456
poissonNmean21,0.25,0.75,5,3,5.022852757712667,0.13052235341355295,0.07625028418031041,0.025985701693750404,1.0,50,50,456
poissonNmean21,0.25,0.75,5,10,5.062260889767772,0.2790263671146448,0.22115081120540472,0.055118922787767456,0.0,50,50,456
poissonNmean21,0.25,0.75,5,9,4.896686111270216,0.1496972496635814,0.28867742295173665,0.030571134490127536,1.0,50,50,456
poissonNmean21,0.25,0.75,5,11,4.256928824503446,0.1915094364101608,0.10329654946844419,0.044987699890072654,1.0,50,50,456
poissonNmean21,0.25,0.75,5,12,5.1582854805070015,0.2854366491163233,0.5332812641176959,0.05533556647746222,1.0,50,50,456
poissonNmean21,0.25,0.75,5,8,3.8295116958606843,0.4463353134509392,0.2091144583141066,0.11655149504658326,0.8,50,50,456
poissonNmean21,0.25,0.75,5,16,5.8500815362038825,0.25409508992907703,0.8503196128157168,0.04343445272627077,1.0,50,50,456
poissonNmean21,0.25,0.75,5,22,6.508116254755299,0.6835979950877211,1.1309855947642804,0.10503776643329553,1.0,50,50,456
poissonNmean21,0.25,0.75,5,18,5.223839627859475,0.30423947807933877,0.7162652952665457,0.058240585422413546,1.0,50,50,456
poissonNmean21,0.25,0.75,5,13,4.254777917551442,0.11814057119919066,0.13869602682326404,0.027766565843976816,1.0,50,50,456
poissonNmean21,0.25,0.75,5,17,5.1797082784818205,0.4307324992556062,0.6532366994597095,0.08315767531638953,1.0,50,50,456
poissonNmean21,0.25,0.75,5,20,4.43762957711583,0.38327705829448133,0.3781637608020113,0.08636977278837826,0.0,50,50,456
poissonNmean21,0.25,0.75,5,21,4.308555129206382,0.23504804025049592,0.11098690321823879,0.054553796621326,1.0,50,50,456
poissonNmean21,0.25,0.75,5,15,4.741273298826849,0.5475416328428465,0.210886791238674,0.11548409010261584,1.0,50,50,456
poissonNmean21,0.25,0.75,5,14,5.066580364167186,0.3361259631457574,0.2504346678665586,0.06634178064616719,0.62,50,50,456
poissonNmean21,0.25,0.75,5,19,5.022435718362354,0.17966632719874118,0.44727451795224765,0.03577274798000287,1.0,50,50,456
poissonNmean21,0.25,0.75,5,23,4.988413256966198,0.4495098502581447,0.2651470311696168,0.09011078816102798,1.0,50,50,456
poissonNmean21,0.25,0.75,10,0,3.183055686497347,0.16594856756476759,0.08932071183337129,0.052134987229010235,0.84,50,50,456
poissonNmean21,0.25,0.75,5,24,4.695627290946338,0.5235751733303663,0.4760310647932473,0.11150271111590865,1.0,50,50,456
poissonNmean21,0.25,0.75,10,6,4.239390991267417,0.24417701025521765,0.38009813676848003,0.057597190435652174,1.0,50,50,456
poissonNmean21,0.25,0.75,10,2,4.320710913698289,0.11751649287883022,0.11104976060673345,0.027198416007481192,0.0,50,50,456
poissonNmean21,0.25,0.75,10,10,3.7259372380547404,0.14248199160258065,0.1835288419549046,0.038240577470641586,1.0,50,50,456
poissonNmean21,0.25,0.75,10,1,4.086470492686428,0.13904967060123238,0.17288388568323287,0.03402683828259377,1.0,50,50,456
poissonNmean21,0.25,0.75,10,3,3.615221990951528,0.10411022906873094,0.08456943185487549,0.02879774169589212,0.0,50,50,456
poissonNmean21,0.25,0.75,10,5,3.9936934865600877,0.8010424045434572,0.3594404322408902,0.20057683626427322,1.0,50,50,456
poissonNmean21,0.25,0.75,10,7,4.07982049220889,0.10194477551227515,0.37639144617390025,0.02498756396438422,1.0,50,50,456
poissonNmean21,0.25,0.75,10,8,3.2878048231324497,0.14047234388075575,0.12148797092240858,0.04272526851120104,1.0,50,50,456
poissonNmean21,0.25,0.75,10,4,5.378159624333664,0.14013975864829595,0.5590987312966259,0.02605719585083137,0.0,50,50,456
poissonNmean21,0.25,0.75,10,9,3.959322507101756,0.1795704518590317,0.10446128873071085,0.04535383301990172,1.0,50,50,456
poissonNmean21,0.25,0.75,10,12,4.18244897747177,0.10805559764135583,0.14511322693680728,0.025835484957110914,1.0,50,50,456
poissonNmean21,0.25,0.75,10,11,4.1254950084027735,0.07969894421949658,0.09106525191113855,0.01931863789852283,1.0,50,50,456
poissonNmean21,0.25,0.75,10,14,4.953007333675271,0.25344885527544675,0.4157844454468992,0.05117070058674445,1.0,50,50,456
poissonNmean21,0.25,0.75,10,13,4.762087483344638,0.14968777052418922,0.22553112891605145,0.03143322566998632,1.0,50,50,456
poissonNmean21,0.25,0.75,10,15,3.8672985505985853,0.06298096655486506,0.10842208674771343,0.016285519654311867,1.0,50,50,456
poissonNmean21,0.25,0.75,10,17,3.988662108274682,0.07531323924024384,0.07383145967482312,0.018881829845652433,1.0,50,50,456
poissonNmean21,0.25,0.75,10,16,3.3805830124753005,0.153281511065725,0.08992008268130655,0.04534173854038584,1.0,50,50,456
poissonNmean21,0.25,0.75,10,23,4.393888773710055,0.2626760110998016,0.17718863192856268,0.05978212572686646,0.86,50,50,456
poissonNmean21,0.25,0.75,10,18,3.768542455617798,0.1758956914516734,0.15608547116234928,0.0466747273045748,1.0,50,50,456
poissonNmean21,0.25,0.75,10,19,3.802997072392725,0.17488090422013428,0.17433165110505328,0.04598502204738873,1.0,50,50,456
poissonNmean21,0.25,0.75,10,21,2.9392941435521927,0.14443605238452178,0.12588802889734863,0.04913970679027315,0.0,50,50,456
poissonNmean21,0.25,0.75,10,20,3.875637009250551,0.04276163697775685,0.1326915558521858,0.01103344737282965,0.0,50,50,456
poissonNmean21,0.25,0.75,10,24,4.173407341153075,0.19467642930746157,0.11831706681452503,0.04664687949048228,1.0,50,50,456
poissonNmean21,0.25,0.75,10,22,5.1392676353467515,0.5548355766097692,0.21460142784474603,0.10796004722418663,1.0,50,50,456
poissonNmean21,0.25,0.75,15,1,3.3745240295785077,0.1001125256295594,0.17058191323901697,0.029667154464466466,1.0,50,50,456
poissonNmean21,0.25,0.75,15,4,3.9612863420745543,0.3758170592159335,0.30021283552207617,0.09487247998818368,1.0,50,50,456
poissonNmean21,0.25,0.75,15,0,4.0750804953113064,0.12128619231669965,0.14853295530881194,0.029762894857230122,1.0,50,50,456
poissonNmean21,0.25,0.75,15,2,4.071032670080515,0.24143015068605655,0.49523233467873273,0.05930440019811525,0.56,50,50,456
poissonNmean21,0.25,0.75,15,3,4.026172761650333,0.1289190782843579,0.14697168716133824,0.03202025494591887,1.0,50,50,456
poissonNmean21,0.25,0.75,15,5,3.7497310625315547,0.17098230522668623,0.14536643676749272,0.045598551569522694,1.0,50,50,456
poissonNmean21,0.25,0.75,15,8,3.7484611410822266,0.09930492653467801,0.12329991762613118,0.026492185138674657,1.0,50,50,456
poissonNmean21,0.25,0.75,15,7,3.877387547496483,0.053205970215827535,0.06128662987760457,0.013722118195324862,1.0,50,50,456
poissonNmean21,0.25,0.75,15,9,4.557854800469034,0.15732922490020176,0.20763509132980618,0.03451826172347823,1.0,50,50,456
poissonNmean21,0.25,0.75,15,11,3.251466093271475,0.07572043647512523,0.17697943516163098,0.023288090449972623,1.0,50,50,456
poissonNmean21,0.25,0.75,15,6,4.069723108895397,0.5830853805057312,0.24403336710228532,0.1432739684995405,1.0,50,50,456
poissonNmean21,0.25,0.75,15,10,3.497843872497343,0.18336496939352287,0.12730442532444577,0.05242228529274134,1.0,50,50,456
poissonNmean21,0.25,0.75,15,12,4.300607992957539,0.433488179298804,0.26944567387167306,0.10079695243292638,0.84,50,50,456
poissonNmean21,0.25,0.75,15,13,4.026250458113376,0.12364998256828248,0.16552570715345882,0.030710951505541092,1.0,50,50,456
poissonNmean21,0.25,0.75,15,14,4.069563265304549,0.15767124170201677,0.2586094786616977,0.03874402028499177,1.0,50,50,456
poissonNmean21,0.25,0.75,15,16,3.0692819239918903,0.2755388812606951,0.31431058590593086,0.08977307659712498,0.54,50,50,456
poissonNmean21,0.25,0.75,15,15,3.6465250569015253,0.13918905324237088,0.06871769702518626,0.03817032683730978,1.0,50,50,456
poissonNmean21,0.25,0.75,15,18,3.800684309290794,0.12251424656867732,0.13835665609084946,0.03223478631708258,0.0,50,50,456
poissonNmean21,0.25,0.75,15,19,3.9990564833631175,0.40208297931830195,0.3084581386581204,0.10054446117254116,0.42,50,50,456
poissonNmean21,0.25,0.75,15,17,3.02228380358986,0.16267219646544492,0.21418121022359357,0.05382426239131592,1.0,50,50,456
poissonNmean21,0.25,0.75,15,20,4.118248638750893,0.2375993180923383,0.2891297313279034,0.05769426252136262,1.0,50,50,456
poissonNmean21,0.25,0.75,15,21,3.9709131873332257,0.12938781895067655,0.1983933148550302,0.0325838951512235,1.0,50,50,456
poissonNmean21,0.25,0.75,15,23,4.260874077636766,0.20230439812694526,0.24850854471755737,0.04747955335942492,1.0,50,50,456
poissonNmean21,0.25,0.75,20,8,3.4048455963798947,0.12131301926271944,0.17480194342799898,0.03562952146543798,1.0,50,50,456
poissonNmean21,0.25,0.75,15,24,4.402719138063663,0.27711121730536575,0.34472988846553704,0.06294092550887555,0.0,50,50,456
poissonNmean21,0.25,0.75,20,0,3.8507492290633114,0.13562127750819583,0.15849962759540945,0.03521945196654249,0.0,50,50,456
poissonNmean21,0.25,0.75,20,6,3.2727363133089167,0.20751618823543289,0.13710668357951258,0.06340754902603889,1.0,50,50,456
poissonNmean21,0.25,0.75,20,1,3.4780593059772,0.19466855113803364,0.08876721142380879,0.05597045191365399,1.0,50,50,456
poissonNmean21,0.25,0.75,20,2,4.449628537806753,0.15652406018560858,0.31813244311037275,0.03517688248708513,1.0,50,50,456
poissonNmean21,0.25,0.75,15,22,3.217506298626908,0.349720531685611,0.12896082239030043,0.1086930371619961,0.8,50,50,456
poissonNmean21,0.25,0.75,20,4,4.041814138732589,0.1546309755172709,0.14433772502320183,0.03825781448865911,1.0,50,50,456
poissonNmean21,0.25,0.75,20,5,3.5138742295558383,0.18482530859303276,0.1890865391295288,0.05259872622600812,1.0,50,50,456
poissonNmean21,0.25,0.75,20,7,3.931642891338588,0.15321614493541985,0.14281596320928724,0.0389700054582666,1.0,50,50,456
poissonNmean21,0.25,0.75,20,3,3.2532849768708187,0.09853674033772836,0.2010864652152244,0.030288382677285834,1.0,50,50,456
poissonNmean21,0.25,0.75,20,9,3.0023982203140265,0.09653957747225161,0.09927939690522847,0.03215415490825676,1.0,50,50,456
poissonNmean21,0.25,0.75,20,12,3.148585774515884,0.2707646870588072,0.11323201388929348,0.08599565215924253,1.0,50,50,456
poissonNmean21,0.25,0.75,20,10,3.4740775526634824,0.38200730007105954,0.1697844620056094,0.10995934727426702,1.0,50,50,456
poissonNmean21,0.25,0.75,20,11,2.756253990034983,0.07289034603732814,0.08193605904633705,0.02644543873708932,0.74,50,50,456
poissonNmean21,0.25,0.75,20,13,3.2257720070902294,0.3588469080624146,0.2780923357581103,0.11124372933786734,1.0,50,50,456
poissonNmean21,0.25,0.75,20,14,3.312977849038346,0.1259237988092364,0.09121894082780867,0.03800924864190932,1.0,50,50,456
poissonNmean21,0.25,0.75,25,1,3.6694067671455697,0.12650772326383555,0.2817869473349464,0.03447634216967607,1.0,50,50,456
poissonNmean21,0.25,0.75,20,19,3.1751328733986277,0.1460828722728908,0.12548959597540946,0.0460084280241555,1.0,50,50,456
poissonNmean21,0.25,0.75,25,0,3.5806312041646446,0.10507648085906332,0.12974036363795138,0.029345798231565568,1.0,50,50,456
poissonNmean21,0.25,0.75,25,2,4.383011141760518,0.16745543436866198,0.3702407120376555,0.03820556894623827,1.0,50,50,456
poissonNmean21,0.25,0.75,20,16,3.4585235019181915,0.09190909906050043,0.14263192570558123,0.026574663728474054,0.0,50,50,456
poissonNmean21,0.25,0.75,20,22,3.9102724382191894,0.11294202607301533,0.18503369830713237,0.028883416144899414,1.0,50,50,456
poissonNmean21,0.25,0.75,20,20,3.768753884233098,0.08892009549660994,0.16973624833556977,0.023594030872807776,0.0,50,50,456
poissonNmean21,0.25,0.75,25,3,3.505997950190507,0.24188782658953492,0.19807470311800585,0.06899257501744728,0.0,50,50,456
poissonNmean21,0.25,0.75,20,15,3.9738022705321456,0.08013650394076625,0.088211587060395,0.020166203168945015,1.0,50,50,456
poissonNmean21,0.25,0.75,20,21,3.766757225704228,0.024662323180701034,0.07095862107137997,0.006547362015371245,1.0,50,50,456
poissonNmean21,0.25,0.75,20,18,3.1636366921172856,0.1726223359683242,0.126365487006535,0.05456452581879606,1.0,50,50,456
poissonNmean21,0.25,0.75,25,7,3.974673968043626,1.794391381352886e-15,8.97195690676443e-16,4.514562441548139e-16,1.0,50,50,456
poissonNmean21,0.25,0.75,20,24,3.39936408323978,0.16803955805330467,0.20066070220716575,0.04943264502964148,1.0,50,50,456
poissonNmean21,0.25,0.75,20,17,3.5047553083528835,0.1647275682796474,0.1862668974186735,0.047001160933276054,0.0,50,50,456
poissonNmean21,0.25,0.75,25,4,3.1077283222394807,0.028984805908565028,0.0382596311139,0.00932668589501353,1.0,50,50,456
poissonNmean21,0.25,0.75,25,5,5.573334627083118,0.1906335611981961,0.3346080058600451,0.034204578399407326,1.0,50,50,456
poissonNmean21,0.25,0.75,20,23,2.987757164312741,0.19730411607517562,0.17756996349314907,0.06603753425207183,0.26,50,50,456
poissonNmean21,0.25,0.75,25,10,4.180254753621629,1.794391381352886e-15,0.0,4.292540735222625e-16,1.0,50,50,456
poissonNmean21,0.25,0.75,25,12,,0.0,0.0,,1.0,0,50,456
poissonNmean21,0.25,0.75,25,6,3.0857044569876093,0.10429718309603979,0.2561146050126433,0.033800120701727526,1.0,50,50,456
poissonNmean21,0.25,0.75,25,11,3.7892812394704634,0.19090283872695893,0.3694884738070663,0.0503796964813403,1.0,50,50,456
poissonNmean21,0.25,0.75,25,14,3.1126493697765643,0.10204831453901882,0.23340132416572443,0.03278503371754467,0.3,50,50,456
poissonNmean21,0.25,0.75,25,23,,0.0,0.0,,1.0,0,50,456
poissonNmean21,0.25,0.75,25,13,3.7969469282969537,0.1024667395902944,0.16075400497992196,0.026986613593847058,1.0,50,50,456
poissonNmean21,0.25,0.75,25,8,2.9592906420927068,0.10077359262913568,0.15450467256473213,0.03405329344665927,1.0,50,50,456
poissonNmean21,0.25,0.75,30,1,4.897747805444647,0.0,0.0,0.0,1.0,50,50,456
poissonNmean21,0.25,0.75,25,15,3.675917916725352,0.07567663524983645,0.34446766262475875,0.02058713958369671,0.68,50,50,456
poissonNmean21,0.25,0.75,25,9,3.490726295884871,0.14605136966743504,0.334624180182929,0.04183982280123518,1.0,50,50,456
poissonNmean21,0.25,0.75,30,0,3.2315924023128595,1.794391381352886e-15,0.0,5.552653794050992e-16,1.0,50,50,456
poissonNmean21,0.25,0.75,25,18,4.155404572201608,0.022308954077610597,0.03870692569662771,0.005368659943931985,1.0,50,50,456
poissonNmean21,0.25,0.75,25,22,3.7784084401886577,0.11538551309249957,0.16490361272116913,0.030538126017614527,0.0,50,50,456
poissonNmean21,0.25,0.75,30,2,2.211703405131765,4.485978453382215e-16,4.485978453382215e-16,2.0282911546699712e-16,1.0,50,50,456
poissonNmean21,0.25,0.75,25,21,2.8897756285477327,0.031154347788165768,0.08107653930236083,0.010780888135534072,1.0,50,50,456
poissonNmean21,0.25,0.75,25,17,4.010523249070224,0.16487610405959197,0.4317357740607955,0.041110871031059565,1.0,50,50,456
poissonNmean21,0.25,0.75,25,20,3.000012851581386,0.19608773761017223,0.33259591556292656,0.06536229920042148,1.0,50,50,456
poissonNmean21,0.25,0.75,30,4,4.381384822835627,1.794391381352886e-15,0.0,4.0954891065504674e-16,0.0,50,50,456
poissonNmean21,0.25,0.75,30,7,3.3843656341463837,0.0,4.485978453382215e-16,0.0,1.0,50,50,456
poissonNmean21,0.25,0.75,30,3,6.008973869426477,3.588782762705772e-15,0.0,5.972372056675795e-16,1.0,50,50,456
poissonNmean21,0.25,0.75,30,5,3.4013325794234537,0.0,4.485978453382215e-16,0.0,1.0,50,50,456
poissonNmean21,0.25,0.75,30,6,2.958721774474252,1.794391381352886e-15,4.485978453382215e-16,6.064752004847563e-16,1.0,50,50,456
poissonNmean21,0.25,0.75,30,8,2.3422386304825236,1.794391381352886e-15,0.0,7.661010103753708e-16,1.0,50,50,456
poissonNmean21,0.25,0.75,30,9,2.6742305606435433,3.588782762705772e-15,4.485978453382215e-16,1.3419870431224693e-15,1.0,50,50,456
poissonNmean21,0.25,0.75,25,16,3.4144161672726807,0.12301909495953026,0.2492129889830854,0.0360293206606369,0.66,50,50,456
poissonNmean21,0.25,0.75,30,12,3.0963550028426954,4.485978453382215e-16,4.485978453382215e-16,1.448793322879236e-16,0.0,50,50,456
poissonNmean21,0.25,0.75,30,10,3.5038386043238963,1.794391381352886e-15,4.485978453382215e-16,5.121215854915593e-16,0.0,50,50,456
poissonNmean21,0.25,0.75,30,11,5.9660669757288725,3.588782762705772e-15,8.97195690676443e-16,6.015324295395345e-16,1.0,50,50,456
poissonNmean21,0.25,0.75,30,14,3.9168601458986676,3.588782762705772e-15,4.485978453382215e-16,9.162396994091238e-16,1.0,50,50,456
poissonNmean21,0.25,0.75,30,15,3.3192527810869126,0.0,4.485978453382215e-16,0.0,1.0,50,50,456
poissonNmean21,0.25,0.75,30,13,4.939575020963175,0.0,8.97195690676443e-16,0.0,0.0,50,50,456
poissonNmean21,0.25,0.75,25,19,2.9332809592675573,0.15383727304773545,0.20402692954517965,0.05244546130560529,1.0,50,50,456
poissonNmean21,0.25,0.75,30,20,2.9526482038593467,0.0,4.485978453382215e-16,0.0,1.0,50,50,456
poissonNmean21,0.25,0.75,30,16,3.001388833177117,4.485978453382215e-16,0.0,1.4946342185972575e-16,1.0,50,50,456
poissonNmean21,0.25,0.75,25,24,3.897837428330803,0.1626107497655802,0.28785691037130035,0.041718197014495834,1.0,50,50,456
poissonNmean21,0.25,0.75,30,19,5.747912401496389,0.0,8.97195690676443e-16,0.0,1.0,50,50,456
poissonNmean21,0.25,0.75,30,17,3.1646082477141704,0.0,0.0,0.0,0.0,50,50,456
poissonNmean21,0.25,0.75,30,18,4.129172557424084,0.0,0.0,0.0,1.0,50,50,456
poissonNmean21,0.25,0.75,30,21,3.158427595339041,4.485978453382215e-16,4.485978453382215e-16,1.4203201808400703e-16,1.0,50,50,456
poissonNmean21,0.25,0.75,30,22,2.2412601756723265,4.485978453382215e-16,0.0,2.0015429275347402e-16,1.0,50,50,456
poissonNmean21,0.25,0.75,35,0,2.2720209407125016,0.0,4.485978453382215e-16,0.0,1.0,50,50,456
poissonNmean21,0.25,0.75,30,23,3.5149805487842434,0.0,8.97195690676443e-16,0.0,1.0,50,50,456
poissonNmean21,0.25,0.75,30,24,5.742427383077724,0.0,8.97195690676443e-16,0.0,1.0,50,50,456
poissonNmean21,0.25,0.75,35,3,4.223850913602178,1.794391381352886e-15,0.0,4.2482355984070376e-16,1.0,50,50,456
poissonNmean21,0.25,0.75,35,1,5.428697817372794,0.0,8.97195690676443e-16,0.0,1.0,50,50,456
poissonNmean21,0.25,0.75,35,2,1.8997011906752115,8.97195690676443e-16,0.0,4.722825332112111e-16,1.0,50,50,456
poissonNmean21,0.25,0.75,35,7,4.15878843802372,1.794391381352886e-15,0.0,4.314697436750572e-16,1.0,50,50,456
poissonNmean21,0.25,0.75,35,4,3.2674490590313816,1.794391381352886e-15,0.0,5.491719530846562e-16,1.0,50,50,456
poissonNmean21,0.25,0.75,35,5,4.467758939106485,1.794391381352886e-15,0.0,4.0163119940212115e-16,0.0,50,50,456
poissonNmean21,0.25,0.75,35,10,4.100784872893378,0.0,0.0,0.0,1.0,50,50,456
poissonNmean21,0.25,0.75,35,8,4.333524172352522,3.588782762705772e-15,0.0,8.281441662658465e-16,1.0,50,50,456
poissonNmean21,0.25,0.75,35,9,4.5012585909958,0.0,0.0,0.0,1.0,50,50,456
poissonNmean21,0.25,0.75,35,13,3.2457596841065093,3.588782762705772e-15,4.485978453382215e-16,1.1056834491718353e-15,1.0,50,50,456
poissonNmean21,0.25,0.75,35,12,3.380279621384418,3.588782762705772e-15,4.485978453382215e-16,1.0616822170575225e-15,1.0,50,50,456
poissonNmean21,0.25,0.75,35,11,3.0936297124182808,0.0,0.0,0.0,1.0,50,50,456
poissonNmean21,0.25,0.75,35,6,3.7338341092641496,8.97195690676443e-16,0.0,2.4028804291288103e-16,0.0,50,50,456
poissonNmean21,0.25,0.75,35,15,4.544449610115926,0.0,8.97195690676443e-16,0.0,1.0,50,50,456
poissonNmean21,0.25,0.75,35,16,3.556211757116379,4.485978453382215e-16,4.485978453382215e-16,1.2614486312310474e-16,1.0,50,50,456
poissonNmean21,0.25,0.75,35,14,3.0738241645616324,3.588782762705772e-15,4.485978453382215e-16,1.167530271926787e-15,1.0,50,50,456
poissonNmean21,0.25,0.75,35,17,4.112321093847897,8.97195690676443e-16,8.97195690676443e-16,2.181725770438167e-16,1.0,50,50,456
poissonNmean21,0.25,0.75,35,21,4.646393173204963,3.588782762705772e-15,0.0,7.723803451248447e-16,0.0,50,50,456
poissonNmean21,0.25,0.75,35,19,5.6224270287486755,0.0,8.97195690676443e-16,0.0,1.0,50,50,456
poissonNmean21,0.25,0.75,35,22,3.0140149080318746,0.0,4.485978453382215e-16,0.0,1.0,50,50,456
poissonNmean21,0.25,0.75,35,18,3.5179853917725903,0.0,4.485978453382215e-16,0.0,1.0,50,50,456
poissonNmean21,0.25,0.75,35,24,2.6689252331965236,8.97195690676443e-16,0.0,3.3616366600194634e-16,1.0,50,50,456
poissonNmean21,0.25,0.75,35,20,2.012903989185637,0.0,0.0,0.0,1.0,50,50,456
poissonNmean21,0.25,0.75,35,23,4.320804517955899,3.588782762705772e-15,0.0,8.305820704898645e-16,1.0,50,50,456
