alpha,experiment,o,method,coverage,width,n_infinite,n_total,proportion_infinite
0.05,0,0,dhcp_with,1.0,inf,1,1,1.0
0.05,0,0,dhcp_without,1.0,inf,1,1,1.0
0.05,0,0,hcp,1.0,inf,1,1,1.0
0.05,0,0,pool,0.85,28.026675810448026,0,1,0.0
0.05,0,0,rep,1.0,inf,1,1,1.0
0.05,0,0,stdcp,1.0,inf,1,1,1.0
0.05,0,0,sub,1.0,inf,1,1,1.0
0.05,0,5,dhcp_with,1.0,inf,1,1,1.0
0.05,0,5,dhcp_without,1.0,inf,1,1,1.0
0.05,0,5,hcp,1.0,inf,1,1,1.0
0.05,0,5,pool,0.85,28.026675810448026,0,1,0.0
0.05,0,5,rep,1.0,inf,1,1,1.0
0.05,0,5,stdcp,0.81,4.411781868861431,0,1,0.0
0.05,0,5,sub,1.0,inf,1,1,1.0
0.05,0,10,dhcp_with,1.0,inf,1,1,1.0
0.05,0,10,dhcp_without,1.0,inf,1,1,1.0
0.05,0,10,hcp,1.0,inf,1,1,1.0
0.05,0,10,pool,0.85,28.026675810448026,0,1,0.0
0.05,0,10,rep,1.0,inf,1,1,1.0
0.05,0,10,stdcp,0.85,10.549118870432142,0,1,0.0
0.05,0,10,sub,1.0,inf,1,1,1.0
0.05,0,15,dhcp_with,0.97,31.513189140578262,0,1,0.0
0.05,0,15,dhcp_without,0.97,31.513189140578262,0,1,0.0
0.05,0,15,hcp,1.0,inf,1,1,1.0
0.05,0,15,pool,0.85,28.026675810448026,0,1,0.0
0.05,0,15,rep,1.0,inf,1,1,1.0
0.05,0,15,stdcp,0.89,6.648493397728932,0,1,0.0
0.05,0,15,sub,1.0,inf,1,1,1.0
0.05,0,20,dhcp_with,0.92,27.9324451738278,0,1,0.0
0.05,0,20,dhcp_without,0.92,27.9324451738278,0,1,0.0
0.05,0,20,hcp,1.0,inf,1,1,1.0
0.05,0,20,pool,0.85,28.026675810448026,0,1,0.0
0.05,0,20,rep,1.0,inf,1,1,1.0
0.05,0,20,stdcp,0.94,5.975485038022046,0,1,0.0
0.05,0,20,sub,1.0,inf,1,1,1.0
0.05,0,25,dhcp_with,1.0,inf,1,1,1.0
0.05,0,25,dhcp_without,1.0,inf,1,1,1.0
0.05,0,25,hcp,1.0,inf,1,1,1.0
0.05,0,25,pool,0.85,28.026675810448026,0,1,0.0
0.05,0,25,rep,1.0,inf,1,1,1.0
0.05,0,25,stdcp,0.95,5.915309449303979,0,1,0.0
0.05,0,25,sub,1.0,inf,1,1,1.0
0.05,0,30,dhcp_with,1.0,inf,1,1,1.0
0.05,0,30,dhcp_without,1.0,inf,1,1,1.0
0.05,0,30,hcp,1.0,inf,1,1,1.0
0.05,0,30,pool,0.85,28.026675810448026,0,1,0.0
0.05,0,30,rep,1.0,inf,1,1,1.0
0.05,0,30,stdcp,0.96,5.394396087076014,0,1,0.0
0.05,0,30,sub,1.0,inf,1,1,1.0
0.05,0,35,dhcp_with,1.0,inf,1,1,1.0
0.05,0,35,dhcp_without,1.0,inf,1,1,1.0
0.05,0,35,hcp,1.0,inf,1,1,1.0
0.05,0,35,pool,0.85,28.026675810448026,0,1,0.0
0.05,0,35,rep,1.0,inf,1,1,1.0
0.05,0,35,stdcp,0.95,5.850880181646794,0,1,0.0
0.05,0,35,sub,1.0,inf,1,1,1.0
0.05,1,0,dhcp_with,1.0,inf,1,1,1.0
0.05,1,0,dhcp_without,1.0,inf,1,1,1.0
0.05,1,0,hcp,1.0,inf,1,1,1.0
0.05,1,0,pool,0.94,27.0656164904815,0,1,0.0
0.05,1,0,rep,1.0,inf,1,1,1.0
0.05,1,0,stdcp,1.0,inf,1,1,1.0
0.05,1,0,sub,1.0,inf,1,1,1.0
0.05,1,5,dhcp_with,1.0,inf,1,1,1.0
0.05,1,5,dhcp_without,1.0,inf,1,1,1.0
0.05,1,5,hcp,1.0,inf,1,1,1.0
0.05,1,5,pool,0.94,27.0656164904815,0,1,0.0
0.05,1,5,rep,1.0,inf,1,1,1.0
0.05,1,5,stdcp,0.68,4.766164093455174,0,1,0.0
0.05,1,5,sub,1.0,inf,1,1,1.0
0.05,1,10,dhcp_with,1.0,inf,1,1,1.0
0.05,1,10,dhcp_without,1.0,inf,1,1,1.0
0.05,1,10,hcp,1.0,inf,1,1,1.0
0.05,1,10,pool,0.94,27.0656164904815,0,1,0.0
0.05,1,10,rep,1.0,inf,1,1,1.0
0.05,1,10,stdcp,0.88,12.548468485137727,0,1,0.0
0.05,1,10,sub,1.0,inf,1,1,1.0
0.05,1,15,dhcp_with,0.98,30.270103289969434,0,1,0.0
0.05,1,15,dhcp_without,0.98,30.270103289969434,0,1,0.0
0.05,1,15,hcp,1.0,inf,1,1,1.0
0.05,1,15,pool,0.94,27.0656164904815,0,1,0.0
0.05,1,15,rep,1.0,inf,1,1,1.0
0.05,1,15,stdcp,0.83,6.408201533326815,0,1,0.0
0.05,1,15,sub,1.0,inf,1,1,1.0
0.05,1,20,dhcp_with,0.96,27.0656164904815,0,1,0.0
0.05,1,20,dhcp_without,0.96,27.0656164904815,0,1,0.0
0.05,1,20,hcp,1.0,inf,1,1,1.0
0.05,1,20,pool,0.94,27.0656164904815,0,1,0.0
0.05,1,20,rep,1.0,inf,1,1,1.0
0.05,1,20,stdcp,0.91,5.526198513880614,0,1,0.0
0.05,1,20,sub,1.0,inf,1,1,1.0
0.05,1,25,dhcp_with,1.0,inf,1,1,1.0
0.05,1,25,dhcp_without,1.0,inf,1,1,1.0
0.05,1,25,hcp,1.0,inf,1,1,1.0
0.05,1,25,pool,0.94,27.0656164904815,0,1,0.0
0.05,1,25,rep,1.0,inf,1,1,1.0
0.05,1,25,stdcp,0.87,5.466465925888034,0,1,0.0
0.05,1,25,sub,1.0,inf,1,1,1.0
0.05,1,30,dhcp_with,1.0,inf,1,1,1.0
0.05,1,30,dhcp_without,1.0,inf,1,1,1.0
0.05,1,30,hcp,1.0,inf,1,1,1.0
0.05,1,30,pool,0.94,27.0656164904815,0,1,0.0
0.05,1,30,rep,1.0,inf,1,1,1.0
0.05,1,30,stdcp,0.92,5.677372728152806,0,1,0.0
0.05,1,30,sub,1.0,inf,1,1,1.0
0.05,1,35,dhcp_with,1.0,inf,1,1,1.0
0.05,1,35,dhcp_without,1.0,inf,1,1,1.0
0.05,1,35,hcp,1.0,inf,1,1,1.0
0.05,1,35,pool,0.94,27.0656164904815,0,1,0.0
0.05,1,35,rep,1.0,inf,1,1,1.0
0.05,1,35,stdcp,0.94,5.562623360462366,0,1,0.0
0.05,1,35,sub,1.0,inf,1,1,1.0
0.05,2,0,dhcp_with,1.0,inf,1,1,1.0
0.05,2,0,dhcp_without,1.0,inf,1,1,1.0
0.05,2,0,hcp,1.0,inf,1,1,1.0
0.05,2,0,pool,0.97,46.82424559932931,0,1,0.0
0.05,2,0,rep,1.0,inf,1,1,1.0
0.05,2,0,stdcp,1.0,inf,1,1,1.0
0.05,2,0,sub,1.0,inf,1,1,1.0
0.05,2,5,dhcp_with,1.0,inf,1,1,1.0
0.05,2,5,dhcp_without,1.0,inf,1,1,1.0
0.05,2,5,hcp,1.0,inf,1,1,1.0
0.05,2,5,pool,0.97,46.82424559932931,0,1,0.0
0.05,2,5,rep,1.0,inf,1,1,1.0
0.05,2,5,stdcp,0.82,4.535528476975974,0,1,0.0
0.05,2,5,sub,1.0,inf,1,1,1.0
0.05,2,10,dhcp_with,1.0,inf,1,1,1.0
0.05,2,10,dhcp_without,1.0,inf,1,1,1.0
0.05,2,10,hcp,1.0,inf,1,1,1.0
0.05,2,10,pool,0.97,46.82424559932931,0,1,0.0
0.05,2,10,rep,1.0,inf,1,1,1.0
0.05,2,10,stdcp,0.85,11.987005405408745,0,1,0.0
0.05,2,10,sub,1.0,inf,1,1,1.0
0.05,2,15,dhcp_with,0.99,50.3678191784871,0,1,0.0
0.05,2,15,dhcp_without,0.99,50.3678191784871,0,1,0.0
0.05,2,15,hcp,1.0,inf,1,1,1.0
0.05,2,15,pool,0.97,46.82424559932931,0,1,0.0
0.05,2,15,rep,1.0,inf,1,1,1.0
0.05,2,15,stdcp,0.81,7.28177460523775,0,1,0.0
0.05,2,15,sub,1.0,inf,1,1,1.0
0.05,2,20,dhcp_with,0.97,45.182227553347815,0,1,0.0
0.05,2,20,dhcp_without,0.97,45.182227553347815,0,1,0.0
0.05,2,20,hcp,1.0,inf,1,1,1.0
0.05,2,20,pool,0.97,46.82424559932931,0,1,0.0
0.05,2,20,rep,1.0,inf,1,1,1.0
0.05,2,20,stdcp,0.88,5.227401572357648,0,1,0.0
0.05,2,20,sub,1.0,inf,1,1,1.0
0.05,2,25,dhcp_with,1.0,inf,1,1,1.0
0.05,2,25,dhcp_without,1.0,inf,1,1,1.0
0.05,2,25,hcp,1.0,inf,1,1,1.0
0.05,2,25,pool,0.97,46.82424559932931,0,1,0.0
0.05,2,25,rep,1.0,inf,1,1,1.0
0.05,2,25,stdcp,0.89,5.359417437401602,0,1,0.0
0.05,2,25,sub,1.0,inf,1,1,1.0
0.05,2,30,dhcp_with,1.0,inf,1,1,1.0
0.05,2,30,dhcp_without,1.0,inf,1,1,1.0
0.05,2,30,hcp,1.0,inf,1,1,1.0
0.05,2,30,pool,0.97,46.82424559932931,0,1,0.0
0.05,2,30,rep,1.0,inf,1,1,1.0
0.05,2,30,stdcp,0.95,5.6741518290969255,0,1,0.0
0.05,2,30,sub,1.0,inf,1,1,1.0
0.05,2,35,dhcp_with,1.0,inf,1,1,1.0
0.05,2,35,dhcp_without,1.0,inf,1,1,1.0
0.05,2,35,hcp,1.0,inf,1,1,1.0
0.05,2,35,pool,0.97,46.82424559932931,0,1,0.0
0.05,2,35,rep,1.0,inf,1,1,1.0
0.05,2,35,stdcp,0.93,5.4623463824171035,0,1,0.0
0.05,2,35,sub,1.0,inf,1,1,1.0
0.05,3,0,dhcp_with,1.0,inf,1,1,1.0
0.05,3,0,dhcp_without,1.0,inf,1,1,1.0
0.05,3,0,hcp,1.0,inf,1,1,1.0
0.05,3,0,pool,0.98,30.128740902052908,0,1,0.0
0.05,3,0,rep,1.0,inf,1,1,1.0
0.05,3,0,stdcp,1.0,inf,1,1,1.0
0.05,3,0,sub,1.0,inf,1,1,1.0
0.05,3,5,dhcp_with,1.0,inf,1,1,1.0
0.05,3,5,dhcp_without,1.0,inf,1,1,1.0
0.05,3,5,hcp,1.0,inf,1,1,1.0
0.05,3,5,pool,0.98,30.128740902052908,0,1,0.0
0.05,3,5,rep,1.0,inf,1,1,1.0
0.05,3,5,stdcp,0.79,4.460050429768232,0,1,0.0
0.05,3,5,sub,1.0,inf,1,1,1.0
0.05,3,10,dhcp_with,1.0,inf,1,1,1.0
0.05,3,10,dhcp_without,1.0,inf,1,1,1.0
0.05,3,10,hcp,1.0,inf,1,1,1.0
0.05,3,10,pool,0.98,30.128740902052908,0,1,0.0
0.05,3,10,rep,1.0,inf,1,1,1.0
0.05,3,10,stdcp,0.84,9.9330168560052,0,1,0.0
0.05,3,10,sub,1.0,inf,1,1,1.0
0.05,3,15,dhcp_with,1.0,32.4305803952398,0,1,0.0
0.05,3,15,dhcp_without,1.0,32.4305803952398,0,1,0.0
0.05,3,15,hcp,1.0,inf,1,1,1.0
0.05,3,15,pool,0.98,30.128740902052908,0,1,0.0
0.05,3,15,rep,1.0,inf,1,1,1.0
0.05,3,15,stdcp,0.84,5.750708454488537,0,1,0.0
0.05,3,15,sub,1.0,inf,1,1,1.0
0.05,3,20,dhcp_with,1.0,29.215355765807804,0,1,0.0
0.05,3,20,dhcp_without,1.0,29.215355765807804,0,1,0.0
0.05,3,20,hcp,1.0,inf,1,1,1.0
0.05,3,20,pool,0.98,30.128740902052908,0,1,0.0
0.05,3,20,rep,1.0,inf,1,1,1.0
0.05,3,20,stdcp,0.94,5.0997987298816785,0,1,0.0
0.05,3,20,sub,1.0,inf,1,1,1.0
0.05,3,25,dhcp_with,1.0,inf,1,1,1.0
0.05,3,25,dhcp_without,1.0,inf,1,1,1.0
0.05,3,25,hcp,1.0,inf,1,1,1.0
0.05,3,25,pool,0.98,30.128740902052908,0,1,0.0
0.05,3,25,rep,1.0,inf,1,1,1.0
0.05,3,25,stdcp,0.92,5.639846503779264,0,1,0.0
0.05,3,25,sub,1.0,inf,1,1,1.0
0.05,3,30,dhcp_with,1.0,inf,1,1,1.0
0.05,3,30,dhcp_without,1.0,inf,1,1,1.0
0.05,3,30,hcp,1.0,inf,1,1,1.0
0.05,3,30,pool,0.98,30.128740902052908,0,1,0.0
0.05,3,30,rep,1.0,inf,1,1,1.0
0.05,3,30,stdcp,0.92,5.235322940282193,0,1,0.0
0.05,3,30,sub,1.0,inf,1,1,1.0
0.05,3,35,dhcp_with,1.0,inf,1,1,1.0
0.05,3,35,dhcp_without,1.0,inf,1,1,1.0
0.05,3,35,hcp,1.0,inf,1,1,1.0
0.05,3,35,pool,0.98,30.128740902052908,0,1,0.0
0.05,3,35,rep,1.0,inf,1,1,1.0
0.05,3,35,stdcp,0.95,4.845137339973339,0,1,0.0
0.05,3,35,sub,1.0,inf,1,1,1.0
0.05,4,0,dhcp_with,1.0,inf,1,1,1.0
0.05,4,0,dhcp_without,1.0,inf,1,1,1.0
0.05,4,0,hcp,1.0,inf,1,1,1.0
0.05,4,0,pool,0.99,44.00821967245969,0,1,0.0
0.05,4,0,rep,1.0,inf,1,1,1.0
0.05,4,0,stdcp,1.0,inf,1,1,1.0
0.05,4,0,sub,1.0,inf,1,1,1.0
0.05,4,5,dhcp_with,1.0,inf,1,1,1.0
0.05,4,5,dhcp_without,1.0,inf,1,1,1.0
0.05,4,5,hcp,1.0,inf,1,1,1.0
0.05,4,5,pool,0.99,44.00821967245969,0,1,0.0
0.05,4,5,rep,1.0,inf,1,1,1.0
0.05,4,5,stdcp,0.79,4.842021412629245,0,1,0.0
0.05,4,5,sub,1.0,inf,1,1,1.0
0.05,4,10,dhcp_with,1.0,inf,1,1,1.0
0.05,4,10,dhcp_without,1.0,inf,1,1,1.0
0.05,4,10,hcp,1.0,inf,1,1,1.0
0.05,4,10,pool,0.99,44.00821967245969,0,1,0.0
0.05,4,10,rep,1.0,inf,1,1,1.0
0.05,4,10,stdcp,0.86,10.306651276097211,0,1,0.0
0.05,4,10,sub,1.0,inf,1,1,1.0
0.05,4,15,dhcp_with,1.0,51.385309372780654,0,1,0.0
0.05,4,15,dhcp_without,1.0,51.385309372780654,0,1,0.0
0.05,4,15,hcp,1.0,inf,1,1,1.0
0.05,4,15,pool,0.99,44.00821967245969,0,1,0.0
0.05,4,15,rep,1.0,inf,1,1,1.0
0.05,4,15,stdcp,0.96,6.213130413142688,0,1,0.0
0.05,4,15,sub,1.0,inf,1,1,1.0
0.05,4,20,dhcp_with,0.99,42.081092644594655,0,1,0.0
0.05,4,20,dhcp_without,0.99,42.081092644594655,0,1,0.0
0.05,4,20,hcp,1.0,inf,1,1,1.0
0.05,4,20,pool,0.99,44.00821967245969,0,1,0.0
0.05,4,20,rep,1.0,inf,1,1,1.0
0.05,4,20,stdcp,0.94,5.661745590406223,0,1,0.0
0.05,4,20,sub,1.0,inf,1,1,1.0
0.05,4,25,dhcp_with,1.0,inf,1,1,1.0
0.05,4,25,dhcp_without,1.0,inf,1,1,1.0
0.05,4,25,hcp,1.0,inf,1,1,1.0
0.05,4,25,pool,0.99,44.00821967245969,0,1,0.0
0.05,4,25,rep,1.0,inf,1,1,1.0
0.05,4,25,stdcp,0.92,5.537466698710652,0,1,0.0
0.05,4,25,sub,1.0,inf,1,1,1.0
0.05,4,30,dhcp_with,1.0,inf,1,1,1.0
0.05,4,30,dhcp_without,1.0,inf,1,1,1.0
0.05,4,30,hcp,1.0,inf,1,1,1.0
0.05,4,30,pool,0.99,44.00821967245969,0,1,0.0
0.05,4,30,rep,1.0,inf,1,1,1.0
0.05,4,30,stdcp,0.97,5.307794721670966,0,1,0.0
0.05,4,30,sub,1.0,inf,1,1,1.0
0.05,4,35,dhcp_with,1.0,inf,1,1,1.0
0.05,4,35,dhcp_without,1.0,inf,1,1,1.0
0.05,4,35,hcp,1.0,inf,1,1,1.0
0.05,4,35,pool,0.99,44.00821967245969,0,1,0.0
0.05,4,35,rep,1.0,inf,1,1,1.0
0.05,4,35,stdcp,0.96,5.594184162541489,0,1,0.0
0.05,4,35,sub,1.0,inf,1,1,1.0
0.05,5,0,dhcp_with,1.0,inf,1,1,1.0
0.05,5,0,dhcp_without,1.0,inf,1,1,1.0
0.05,5,0,hcp,1.0,inf,1,1,1.0
0.05,5,0,pool,0.96,46.32331634650595,0,1,0.0
0.05,5,0,rep,1.0,inf,1,1,1.0
0.05,5,0,stdcp,1.0,inf,1,1,1.0
0.05,5,0,sub,1.0,inf,1,1,1.0
0.05,5,5,dhcp_with,1.0,inf,1,1,1.0
0.05,5,5,dhcp_without,1.0,inf,1,1,1.0
0.05,5,5,hcp,1.0,inf,1,1,1.0
0.05,5,5,pool,0.96,46.32331634650595,0,1,0.0
0.05,5,5,rep,1.0,inf,1,1,1.0
0.05,5,5,stdcp,0.77,4.54815003674989,0,1,0.0
0.05,5,5,sub,1.0,inf,1,1,1.0
0.05,5,10,dhcp_with,1.0,inf,1,1,1.0
0.05,5,10,dhcp_without,1.0,inf,1,1,1.0
0.05,5,10,hcp,1.0,inf,1,1,1.0
0.05,5,10,pool,0.96,46.32331634650595,0,1,0.0
0.05,5,10,rep,1.0,inf,1,1,1.0
0.05,5,10,stdcp,0.8,9.987760289778556,0,1,0.0
0.05,5,10,sub,1.0,inf,1,1,1.0
0.05,5,15,dhcp_with,0.99,48.74774367232539,0,1,0.0
0.05,5,15,dhcp_without,0.99,48.74774367232539,0,1,0.0
0.05,5,15,hcp,1.0,inf,1,1,1.0
0.05,5,15,pool,0.96,46.32331634650595,0,1,0.0
0.05,5,15,rep,1.0,inf,1,1,1.0
0.05,5,15,stdcp,0.88,6.516161159448226,0,1,0.0
0.05,5,15,sub,1.0,inf,1,1,1.0
0.05,5,20,dhcp_with,0.98,46.56433788298588,0,1,0.0
0.05,5,20,dhcp_without,0.98,46.56433788298588,0,1,0.0
0.05,5,20,hcp,1.0,inf,1,1,1.0
0.05,5,20,pool,0.96,46.32331634650595,0,1,0.0
0.05,5,20,rep,1.0,inf,1,1,1.0
0.05,5,20,stdcp,0.89,4.915505019395113,0,1,0.0
0.05,5,20,sub,1.0,inf,1,1,1.0
0.05,5,25,dhcp_with,1.0,inf,1,1,1.0
0.05,5,25,dhcp_without,1.0,inf,1,1,1.0
0.05,5,25,hcp,1.0,inf,1,1,1.0
0.05,5,25,pool,0.96,46.32331634650595,0,1,0.0
0.05,5,25,rep,1.0,inf,1,1,1.0
0.05,5,25,stdcp,0.96,5.465814110804793,0,1,0.0
0.05,5,25,sub,1.0,inf,1,1,1.0
0.05,5,30,dhcp_with,1.0,inf,1,1,1.0
0.05,5,30,dhcp_without,1.0,inf,1,1,1.0
0.05,5,30,hcp,1.0,inf,1,1,1.0
0.05,5,30,pool,0.96,46.32331634650595,0,1,0.0
0.05,5,30,rep,1.0,inf,1,1,1.0
0.05,5,30,stdcp,0.92,5.313227370801137,0,1,0.0
0.05,5,30,sub,1.0,inf,1,1,1.0
0.05,5,35,dhcp_with,1.0,inf,1,1,1.0
0.05,5,35,dhcp_without,1.0,inf,1,1,1.0
0.05,5,35,hcp,1.0,inf,1,1,1.0
0.05,5,35,pool,0.96,46.32331634650595,0,1,0.0
0.05,5,35,rep,1.0,inf,1,1,1.0
0.05,5,35,stdcp,0.93,5.495648978664216,0,1,0.0
0.05,5,35,sub,1.0,inf,1,1,1.0
0.05,6,0,dhcp_with,1.0,inf,1,1,1.0
0.05,6,0,dhcp_without,1.0,inf,1,1,1.0
0.05,6,0,hcp,1.0,inf,1,1,1.0
0.05,6,0,pool,0.87,26.276665435085256,0,1,0.0
0.05,6,0,rep,1.0,inf,1,1,1.0
0.05,6,0,stdcp,1.0,inf,1,1,1.0
0.05,6,0,sub,1.0,inf,1,1,1.0
0.05,6,5,dhcp_with,1.0,inf,1,1,1.0
0.05,6,5,dhcp_without,1.0,inf,1,1,1.0
0.05,6,5,hcp,1.0,inf,1,1,1.0
0.05,6,5,pool,0.87,26.276665435085256,0,1,0.0
0.05,6,5,rep,1.0,inf,1,1,1.0
0.05,6,5,stdcp,0.78,4.927797152353328,0,1,0.0
0.05,6,5,sub,1.0,inf,1,1,1.0
0.05,6,10,dhcp_with,1.0,inf,1,1,1.0
0.05,6,10,dhcp_without,1.0,inf,1,1,1.0
0.05,6,10,hcp,1.0,inf,1,1,1.0
0.05,6,10,pool,0.87,26.276665435085256,0,1,0.0
0.05,6,10,rep,1.0,inf,1,1,1.0
0.05,6,10,stdcp,0.83,10.103594197305611,0,1,0.0
0.05,6,10,sub,1.0,inf,1,1,1.0
0.05,6,15,dhcp_with,0.98,28.30228735869879,0,1,0.0
0.05,6,15,dhcp_without,0.98,28.30228735869879,0,1,0.0
0.05,6,15,hcp,1.0,inf,1,1,1.0
0.05,6,15,pool,0.87,26.276665435085256,0,1,0.0
0.05,6,15,rep,1.0,inf,1,1,1.0
0.05,6,15,stdcp,0.87,6.477285665043485,0,1,0.0
0.05,6,15,sub,1.0,inf,1,1,1.0
0.05,6,20,dhcp_with,0.94,26.276665435085256,0,1,0.0
0.05,6,20,dhcp_without,0.94,26.276665435085256,0,1,0.0
0.05,6,20,hcp,1.0,inf,1,1,1.0
0.05,6,20,pool,0.87,26.276665435085256,0,1,0.0
0.05,6,20,rep,1.0,inf,1,1,1.0
0.05,6,20,stdcp,0.94,6.1620945223966075,0,1,0.0
0.05,6,20,sub,1.0,inf,1,1,1.0
0.05,6,25,dhcp_with,1.0,inf,1,1,1.0
0.05,6,25,dhcp_without,1.0,inf,1,1,1.0
0.05,6,25,hcp,1.0,inf,1,1,1.0
0.05,6,25,pool,0.87,26.276665435085256,0,1,0.0
0.05,6,25,rep,1.0,inf,1,1,1.0
0.05,6,25,stdcp,0.93,5.597839951933144,0,1,0.0
0.05,6,25,sub,1.0,inf,1,1,1.0
0.05,6,30,dhcp_with,1.0,inf,1,1,1.0
0.05,6,30,dhcp_without,1.0,inf,1,1,1.0
0.05,6,30,hcp,1.0,inf,1,1,1.0
0.05,6,30,pool,0.87,26.276665435085256,0,1,0.0
0.05,6,30,rep,1.0,inf,1,1,1.0
0.05,6,30,stdcp,0.94,5.330980250449867,0,1,0.0
0.05,6,30,sub,1.0,inf,1,1,1.0
0.05,6,35,dhcp_with,1.0,inf,1,1,1.0
0.05,6,35,dhcp_without,1.0,inf,1,1,1.0
0.05,6,35,hcp,1.0,inf,1,1,1.0
0.05,6,35,pool,0.87,26.276665435085256,0,1,0.0
0.05,6,35,rep,1.0,inf,1,1,1.0
0.05,6,35,stdcp,0.95,5.60105705429586,0,1,0.0
0.05,6,35,sub,1.0,inf,1,1,1.0
0.05,7,0,dhcp_with,1.0,inf,1,1,1.0
0.05,7,0,dhcp_without,1.0,inf,1,1,1.0
0.05,7,0,hcp,1.0,inf,1,1,1.0
0.05,7,0,pool,0.99,37.85814576080743,0,1,0.0
0.05,7,0,rep,1.0,inf,1,1,1.0
0.05,7,0,stdcp,1.0,inf,1,1,1.0
0.05,7,0,sub,1.0,inf,1,1,1.0
0.05,7,5,dhcp_with,1.0,inf,1,1,1.0
0.05,7,5,dhcp_without,1.0,inf,1,1,1.0
0.05,7,5,hcp,1.0,inf,1,1,1.0
0.05,7,5,pool,0.99,37.85814576080743,0,1,0.0
0.05,7,5,rep,1.0,inf,1,1,1.0
0.05,7,5,stdcp,0.76,3.8237335574260243,0,1,0.0
0.05,7,5,sub,1.0,inf,1,1,1.0
0.05,7,10,dhcp_with,1.0,inf,1,1,1.0
0.05,7,10,dhcp_without,1.0,inf,1,1,1.0
0.05,7,10,hcp,1.0,inf,1,1,1.0
0.05,7,10,pool,0.99,37.85814576080743,0,1,0.0
0.05,7,10,rep,1.0,inf,1,1,1.0
0.05,7,10,stdcp,0.9,10.527658814578384,0,1,0.0
0.05,7,10,sub,1.0,inf,1,1,1.0
0.05,7,15,dhcp_with,1.0,42.36267918863252,0,1,0.0
0.05,7,15,dhcp_without,1.0,42.36267918863252,0,1,0.0
0.05,7,15,hcp,1.0,inf,1,1,1.0
0.05,7,15,pool,0.99,37.85814576080743,0,1,0.0
0.05,7,15,rep,1.0,inf,1,1,1.0
0.05,7,15,stdcp,0.88,7.009424113240595,0,1,0.0
0.05,7,15,sub,1.0,inf,1,1,1.0
0.05,7,20,dhcp_with,1.0,36.39956815343297,0,1,0.0
0.05,7,20,dhcp_without,1.0,36.39956815343297,0,1,0.0
0.05,7,20,hcp,1.0,inf,1,1,1.0
0.05,7,20,pool,0.99,37.85814576080743,0,1,0.0
0.05,7,20,rep,1.0,inf,1,1,1.0
0.05,7,20,stdcp,0.92,5.5151019571436795,0,1,0.0
0.05,7,20,sub,1.0,inf,1,1,1.0
0.05,7,25,dhcp_with,1.0,inf,1,1,1.0
0.05,7,25,dhcp_without,1.0,inf,1,1,1.0
0.05,7,25,hcp,1.0,inf,1,1,1.0
0.05,7,25,pool,0.99,37.85814576080743,0,1,0.0
0.05,7,25,rep,1.0,inf,1,1,1.0
0.05,7,25,stdcp,0.96,5.794146616898381,0,1,0.0
0.05,7,25,sub,1.0,inf,1,1,1.0
0.05,7,30,dhcp_with,1.0,inf,1,1,1.0
0.05,7,30,dhcp_without,1.0,inf,1,1,1.0
0.05,7,30,hcp,1.0,inf,1,1,1.0
0.05,7,30,pool,0.99,37.85814576080743,0,1,0.0
0.05,7,30,rep,1.0,inf,1,1,1.0
0.05,7,30,stdcp,0.95,5.500032274719951,0,1,0.0
0.05,7,30,sub,1.0,inf,1,1,1.0
0.05,7,35,dhcp_with,1.0,inf,1,1,1.0
0.05,7,35,dhcp_without,1.0,inf,1,1,1.0
0.05,7,35,hcp,1.0,inf,1,1,1.0
0.05,7,35,pool,0.99,37.85814576080743,0,1,0.0
0.05,7,35,rep,1.0,inf,1,1,1.0
0.05,7,35,stdcp,0.96,5.586229741139952,0,1,0.0
0.05,7,35,sub,1.0,inf,1,1,1.0
0.05,8,0,dhcp_with,1.0,inf,1,1,1.0
0.05,8,0,dhcp_without,1.0,inf,1,1,1.0
0.05,8,0,hcp,1.0,inf,1,1,1.0
0.05,8,0,pool,0.78,29.944848546156013,0,1,0.0
0.05,8,0,rep,1.0,inf,1,1,1.0
0.05,8,0,stdcp,1.0,inf,1,1,1.0
0.05,8,0,sub,1.0,inf,1,1,1.0
0.05,8,5,dhcp_with,1.0,inf,1,1,1.0
0.05,8,5,dhcp_without,1.0,inf,1,1,1.0
0.05,8,5,hcp,1.0,inf,1,1,1.0
0.05,8,5,pool,0.78,29.944848546156013,0,1,0.0
0.05,8,5,rep,1.0,inf,1,1,1.0
0.05,8,5,stdcp,0.71,4.777170231824456,0,1,0.0
0.05,8,5,sub,1.0,inf,1,1,1.0
0.05,8,10,dhcp_with,1.0,inf,1,1,1.0
0.05,8,10,dhcp_without,1.0,inf,1,1,1.0
0.05,8,10,hcp,1.0,inf,1,1,1.0
0.05,8,10,pool,0.78,29.944848546156013,0,1,0.0
0.05,8,10,rep,1.0,inf,1,1,1.0
0.05,8,10,stdcp,0.86,10.007200026249048,0,1,0.0
0.05,8,10,sub,1.0,inf,1,1,1.0
0.05,8,15,dhcp_with,0.94,34.36132729653683,0,1,0.0
0.05,8,15,dhcp_without,0.94,34.36132729653683,0,1,0.0
0.05,8,15,hcp,1.0,inf,1,1,1.0
0.05,8,15,pool,0.78,29.944848546156013,0,1,0.0
0.05,8,15,rep,1.0,inf,1,1,1.0
0.05,8,15,stdcp,0.92,6.112832276013007,0,1,0.0
0.05,8,15,sub,1.0,inf,1,1,1.0
0.05,8,20,dhcp_with,0.88,29.944848546156017,0,1,0.0
0.05,8,20,dhcp_without,0.88,29.944848546156017,0,1,0.0
0.05,8,20,hcp,1.0,inf,1,1,1.0
0.05,8,20,pool,0.78,29.944848546156013,0,1,0.0
0.05,8,20,rep,1.0,inf,1,1,1.0
0.05,8,20,stdcp,0.89,5.194514503936022,0,1,0.0
0.05,8,20,sub,1.0,inf,1,1,1.0
0.05,8,25,dhcp_with,1.0,inf,1,1,1.0
0.05,8,25,dhcp_without,1.0,inf,1,1,1.0
0.05,8,25,hcp,1.0,inf,1,1,1.0
0.05,8,25,pool,0.78,29.944848546156013,0,1,0.0
0.05,8,25,rep,1.0,inf,1,1,1.0
0.05,8,25,stdcp,0.92,5.493290085376395,0,1,0.0
0.05,8,25,sub,1.0,inf,1,1,1.0
0.05,8,30,dhcp_with,1.0,inf,1,1,1.0
0.05,8,30,dhcp_without,1.0,inf,1,1,1.0
0.05,8,30,hcp,1.0,inf,1,1,1.0
0.05,8,30,pool,0.78,29.944848546156013,0,1,0.0
0.05,8,30,rep,1.0,inf,1,1,1.0
0.05,8,30,stdcp,0.93,5.00035790394495,0,1,0.0
0.05,8,30,sub,1.0,inf,1,1,1.0
0.05,8,35,dhcp_with,1.0,inf,1,1,1.0
0.05,8,35,dhcp_without,1.0,inf,1,1,1.0
0.05,8,35,hcp,1.0,inf,1,1,1.0
0.05,8,35,pool,0.78,29.944848546156013,0,1,0.0
0.05,8,35,rep,1.0,inf,1,1,1.0
0.05,8,35,stdcp,0.91,5.123906337557248,0,1,0.0
0.05,8,35,sub,1.0,inf,1,1,1.0
0.05,9,0,dhcp_with,1.0,inf,1,1,1.0
0.05,9,0,dhcp_without,1.0,inf,1,1,1.0
0.05,9,0,hcp,1.0,inf,1,1,1.0
0.05,9,0,pool,0.86,26.752713252339298,0,1,0.0
0.05,9,0,rep,1.0,inf,1,1,1.0
0.05,9,0,stdcp,1.0,inf,1,1,1.0
0.05,9,0,sub,1.0,inf,1,1,1.0
0.05,9,5,dhcp_with,1.0,inf,1,1,1.0
0.05,9,5,dhcp_without,1.0,inf,1,1,1.0
0.05,9,5,hcp,1.0,inf,1,1,1.0
0.05,9,5,pool,0.86,26.752713252339298,0,1,0.0
0.05,9,5,rep,1.0,inf,1,1,1.0
0.05,9,5,stdcp,0.71,5.0446740807985435,0,1,0.0
0.05,9,5,sub,1.0,inf,1,1,1.0
0.05,9,10,dhcp_with,1.0,inf,1,1,1.0
0.05,9,10,dhcp_without,1.0,inf,1,1,1.0
0.05,9,10,hcp,1.0,inf,1,1,1.0
0.05,9,10,pool,0.86,26.752713252339298,0,1,0.0
0.05,9,10,rep,1.0,inf,1,1,1.0
0.05,9,10,stdcp,0.83,12.184218410007293,0,1,0.0
0.05,9,10,sub,1.0,inf,1,1,1.0
0.05,9,15,dhcp_with,0.99,34.14356621276919,0,1,0.0
0.05,9,15,dhcp_without,0.99,34.14356621276919,0,1,0.0
0.05,9,15,hcp,1.0,inf,1,1,1.0
0.05,9,15,pool,0.86,26.752713252339298,0,1,0.0
0.05,9,15,rep,1.0,inf,1,1,1.0
0.05,9,15,stdcp,0.89,7.096872695752651,0,1,0.0
0.05,9,15,sub,1.0,inf,1,1,1.0
0.05,9,20,dhcp_with,0.96,27.727871528030875,0,1,0.0
0.05,9,20,dhcp_without,0.96,27.727871528030875,0,1,0.0
0.05,9,20,hcp,1.0,inf,1,1,1.0
0.05,9,20,pool,0.86,26.752713252339298,0,1,0.0
0.05,9,20,rep,1.0,inf,1,1,1.0
0.05,9,20,stdcp,0.85,5.635754376785892,0,1,0.0
0.05,9,20,sub,1.0,inf,1,1,1.0
0.05,9,25,dhcp_with,1.0,inf,1,1,1.0
0.05,9,25,dhcp_without,1.0,inf,1,1,1.0
0.05,9,25,hcp,1.0,inf,1,1,1.0
0.05,9,25,pool,0.86,26.752713252339298,0,1,0.0
0.05,9,25,rep,1.0,inf,1,1,1.0
0.05,9,25,stdcp,0.9,5.287939686161788,0,1,0.0
0.05,9,25,sub,1.0,inf,1,1,1.0
0.05,9,30,dhcp_with,1.0,inf,1,1,1.0
0.05,9,30,dhcp_without,1.0,inf,1,1,1.0
0.05,9,30,hcp,1.0,inf,1,1,1.0
0.05,9,30,pool,0.86,26.752713252339298,0,1,0.0
0.05,9,30,rep,1.0,inf,1,1,1.0
0.05,9,30,stdcp,0.9,5.524380403764146,0,1,0.0
0.05,9,30,sub,1.0,inf,1,1,1.0
0.05,9,35,dhcp_with,1.0,inf,1,1,1.0
0.05,9,35,dhcp_without,1.0,inf,1,1,1.0
0.05,9,35,hcp,1.0,inf,1,1,1.0
0.05,9,35,pool,0.86,26.752713252339298,0,1,0.0
0.05,9,35,rep,1.0,inf,1,1,1.0
0.05,9,35,stdcp,0.93,5.300852326230559,0,1,0.0
0.05,9,35,sub,1.0,inf,1,1,1.0
0.05,10,0,dhcp_with,1.0,inf,1,1,1.0
0.05,10,0,dhcp_without,1.0,inf,1,1,1.0
0.05,10,0,hcp,1.0,inf,1,1,1.0
0.05,10,0,pool,0.9,21.550488070043055,0,1,0.0
0.05,10,0,rep,1.0,inf,1,1,1.0
0.05,10,0,stdcp,1.0,inf,1,1,1.0
0.05,10,0,sub,1.0,inf,1,1,1.0
0.05,10,5,dhcp_with,1.0,inf,1,1,1.0
0.05,10,5,dhcp_without,1.0,inf,1,1,1.0
0.05,10,5,hcp,1.0,inf,1,1,1.0
0.05,10,5,pool,0.9,21.550488070043055,0,1,0.0
0.05,10,5,rep,1.0,inf,1,1,1.0
0.05,10,5,stdcp,0.72,4.298479533893243,0,1,0.0
0.05,10,5,sub,1.0,inf,1,1,1.0
0.05,10,10,dhcp_with,1.0,inf,1,1,1.0
0.05,10,10,dhcp_without,1.0,inf,1,1,1.0
0.05,10,10,hcp,1.0,inf,1,1,1.0
0.05,10,10,pool,0.9,21.550488070043055,0,1,0.0
0.05,10,10,rep,1.0,inf,1,1,1.0
0.05,10,10,stdcp,0.79,9.931471403165956,0,1,0.0
0.05,10,10,sub,1.0,inf,1,1,1.0
0.05,10,15,dhcp_with,0.98,22.574691766812084,0,1,0.0
0.05,10,15,dhcp_without,0.98,22.574691766812084,0,1,0.0
0.05,10,15,hcp,1.0,inf,1,1,1.0
0.05,10,15,pool,0.9,21.550488070043055,0,1,0.0
0.05,10,15,rep,1.0,inf,1,1,1.0
0.05,10,15,stdcp,0.88,6.014376071780305,0,1,0.0
0.05,10,15,sub,1.0,inf,1,1,1.0
0.05,10,20,dhcp_with,0.95,21.550989550955997,0,1,0.0
0.05,10,20,dhcp_without,0.95,21.550989550955997,0,1,0.0
0.05,10,20,hcp,1.0,inf,1,1,1.0
0.05,10,20,pool,0.9,21.550488070043055,0,1,0.0
0.05,10,20,rep,1.0,inf,1,1,1.0
0.05,10,20,stdcp,0.93,5.760326225156201,0,1,0.0
0.05,10,20,sub,1.0,inf,1,1,1.0
0.05,10,25,dhcp_with,1.0,inf,1,1,1.0
0.05,10,25,dhcp_without,1.0,inf,1,1,1.0
0.05,10,25,hcp,1.0,inf,1,1,1.0
0.05,10,25,pool,0.9,21.550488070043055,0,1,0.0
0.05,10,25,rep,1.0,inf,1,1,1.0
0.05,10,25,stdcp,0.96,5.430397004172714,0,1,0.0
0.05,10,25,sub,1.0,inf,1,1,1.0
0.05,10,30,dhcp_with,1.0,inf,1,1,1.0
0.05,10,30,dhcp_without,1.0,inf,1,1,1.0
0.05,10,30,hcp,1.0,inf,1,1,1.0
0.05,10,30,pool,0.9,21.550488070043055,0,1,0.0
0.05,10,30,rep,1.0,inf,1,1,1.0
0.05,10,30,stdcp,0.96,5.0151300088658886,0,1,0.0
0.05,10,30,sub,1.0,inf,1,1,1.0
0.05,10,35,dhcp_with,1.0,inf,1,1,1.0
0.05,10,35,dhcp_without,1.0,inf,1,1,1.0
0.05,10,35,hcp,1.0,inf,1,1,1.0
0.05,10,35,pool,0.9,21.550488070043055,0,1,0.0
0.05,10,35,rep,1.0,inf,1,1,1.0
0.05,10,35,stdcp,0.96,5.57660154605499,0,1,0.0
0.05,10,35,sub,1.0,inf,1,1,1.0
0.05,11,0,dhcp_with,1.0,inf,1,1,1.0
0.05,11,0,dhcp_without,1.0,inf,1,1,1.0
0.05,11,0,hcp,1.0,inf,1,1,1.0
0.05,11,0,pool,0.93,42.82367006182763,0,1,0.0
0.05,11,0,rep,1.0,inf,1,1,1.0
0.05,11,0,stdcp,1.0,inf,1,1,1.0
0.05,11,0,sub,1.0,inf,1,1,1.0
0.05,11,5,dhcp_with,1.0,inf,1,1,1.0
0.05,11,5,dhcp_without,1.0,inf,1,1,1.0
0.05,11,5,hcp,1.0,inf,1,1,1.0
0.05,11,5,pool,0.93,42.82367006182763,0,1,0.0
0.05,11,5,rep,1.0,inf,1,1,1.0
0.05,11,5,stdcp,0.8,4.656625908580677,0,1,0.0
0.05,11,5,sub,1.0,inf,1,1,1.0
0.05,11,10,dhcp_with,1.0,inf,1,1,1.0
0.05,11,10,dhcp_without,1.0,inf,1,1,1.0
0.05,11,10,hcp,1.0,inf,1,1,1.0
0.05,11,10,pool,0.93,42.82367006182763,0,1,0.0
0.05,11,10,rep,1.0,inf,1,1,1.0
0.05,11,10,stdcp,0.85,8.767462867446254,0,1,0.0
0.05,11,10,sub,1.0,inf,1,1,1.0
0.05,11,15,dhcp_with,0.99,49.21263578785387,0,1,0.0
0.05,11,15,dhcp_without,0.99,49.21263578785387,0,1,0.0
0.05,11,15,hcp,1.0,inf,1,1,1.0
0.05,11,15,pool,0.93,42.82367006182763,0,1,0.0
0.05,11,15,rep,1.0,inf,1,1,1.0
0.05,11,15,stdcp,0.88,5.936418085178426,0,1,0.0
0.05,11,15,sub,1.0,inf,1,1,1.0
0.05,11,20,dhcp_with,0.98,43.44654631034638,0,1,0.0
0.05,11,20,dhcp_without,0.98,43.44654631034638,0,1,0.0
0.05,11,20,hcp,1.0,inf,1,1,1.0
0.05,11,20,pool,0.93,42.82367006182763,0,1,0.0
0.05,11,20,rep,1.0,inf,1,1,1.0
0.05,11,20,stdcp,0.93,5.602875158729032,0,1,0.0
0.05,11,20,sub,1.0,inf,1,1,1.0
0.05,11,25,dhcp_with,1.0,inf,1,1,1.0
0.05,11,25,dhcp_without,1.0,inf,1,1,1.0
0.05,11,25,hcp,1.0,inf,1,1,1.0
0.05,11,25,pool,0.93,42.82367006182763,0,1,0.0
0.05,11,25,rep,1.0,inf,1,1,1.0
0.05,11,25,stdcp,0.93,5.602291087560697,0,1,0.0
0.05,11,25,sub,1.0,inf,1,1,1.0
0.05,11,30,dhcp_with,1.0,inf,1,1,1.0
0.05,11,30,dhcp_without,1.0,inf,1,1,1.0
0.05,11,30,hcp,1.0,inf,1,1,1.0
0.05,11,30,pool,0.93,42.82367006182763,0,1,0.0
0.05,11,30,rep,1.0,inf,1,1,1.0
0.05,11,30,stdcp,0.95,5.043106351175242,0,1,0.0
0.05,11,30,sub,1.0,inf,1,1,1.0
0.05,11,35,dhcp_with,1.0,inf,1,1,1.0
0.05,11,35,dhcp_without,1.0,inf,1,1,1.0
0.05,11,35,hcp,1.0,inf,1,1,1.0
0.05,11,35,pool,0.93,42.82367006182763,0,1,0.0
0.05,11,35,rep,1.0,inf,1,1,1.0
0.05,11,35,stdcp,0.93,5.312492048110201,0,1,0.0
0.05,11,35,sub,1.0,inf,1,1,1.0
0.05,12,0,dhcp_with,1.0,inf,1,1,1.0
0.05,12,0,dhcp_without,1.0,inf,1,1,1.0
0.05,12,0,hcp,1.0,inf,1,1,1.0
0.05,12,0,pool,0.89,31.42817712995535,0,1,0.0
0.05,12,0,rep,1.0,inf,1,1,1.0
0.05,12,0,stdcp,1.0,inf,1,1,1.0
0.05,12,0,sub,1.0,inf,1,1,1.0
0.05,12,5,dhcp_with,1.0,inf,1,1,1.0
0.05,12,5,dhcp_without,1.0,inf,1,1,1.0
0.05,12,5,hcp,1.0,inf,1,1,1.0
0.05,12,5,pool,0.89,31.42817712995535,0,1,0.0
0.05,12,5,rep,1.0,inf,1,1,1.0
0.05,12,5,stdcp,0.78,4.867620156879202,0,1,0.0
0.05,12,5,sub,1.0,inf,1,1,1.0
0.05,12,10,dhcp_with,1.0,inf,1,1,1.0
0.05,12,10,dhcp_without,1.0,inf,1,1,1.0
0.05,12,10,hcp,1.0,inf,1,1,1.0
0.05,12,10,pool,0.89,31.42817712995535,0,1,0.0
0.05,12,10,rep,1.0,inf,1,1,1.0
0.05,12,10,stdcp,0.87,10.985108163166139,0,1,0.0
0.05,12,10,sub,1.0,inf,1,1,1.0
0.05,12,15,dhcp_with,0.95,34.12103230976713,0,1,0.0
0.05,12,15,dhcp_without,0.95,34.12103230976713,0,1,0.0
0.05,12,15,hcp,1.0,inf,1,1,1.0
0.05,12,15,pool,0.89,31.42817712995535,0,1,0.0
0.05,12,15,rep,1.0,inf,1,1,1.0
0.05,12,15,stdcp,0.91,6.621760717694986,0,1,0.0
0.05,12,15,sub,1.0,inf,1,1,1.0
0.05,12,20,dhcp_with,0.95,32.09316101820678,0,1,0.0
0.05,12,20,dhcp_without,0.95,32.09316101820678,0,1,0.0
0.05,12,20,hcp,1.0,inf,1,1,1.0
0.05,12,20,pool,0.89,31.42817712995535,0,1,0.0
0.05,12,20,rep,1.0,inf,1,1,1.0
0.05,12,20,stdcp,0.8,5.199442344860643,0,1,0.0
0.05,12,20,sub,1.0,inf,1,1,1.0
0.05,12,25,dhcp_with,1.0,inf,1,1,1.0
0.05,12,25,dhcp_without,1.0,inf,1,1,1.0
0.05,12,25,hcp,1.0,inf,1,1,1.0
0.05,12,25,pool,0.89,31.42817712995535,0,1,0.0
0.05,12,25,rep,1.0,inf,1,1,1.0
0.05,12,25,stdcp,0.95,5.101355858687807,0,1,0.0
0.05,12,25,sub,1.0,inf,1,1,1.0
0.05,12,30,dhcp_with,1.0,inf,1,1,1.0
0.05,12,30,dhcp_without,1.0,inf,1,1,1.0
0.05,12,30,hcp,1.0,inf,1,1,1.0
0.05,12,30,pool,0.89,31.42817712995535,0,1,0.0
0.05,12,30,rep,1.0,inf,1,1,1.0
0.05,12,30,stdcp,0.93,5.123320220878703,0,1,0.0
0.05,12,30,sub,1.0,inf,1,1,1.0
0.05,12,35,dhcp_with,1.0,inf,1,1,1.0
0.05,12,35,dhcp_without,1.0,inf,1,1,1.0
0.05,12,35,hcp,1.0,inf,1,1,1.0
0.05,12,35,pool,0.89,31.42817712995535,0,1,0.0
0.05,12,35,rep,1.0,inf,1,1,1.0
0.05,12,35,stdcp,0.97,4.958215504069948,0,1,0.0
0.05,12,35,sub,1.0,inf,1,1,1.0
0.05,13,0,dhcp_with,1.0,inf,1,1,1.0
0.05,13,0,dhcp_without,1.0,inf,1,1,1.0
0.05,13,0,hcp,1.0,inf,1,1,1.0
0.05,13,0,pool,0.99,53.75758354916779,0,1,0.0
0.05,13,0,rep,1.0,inf,1,1,1.0
0.05,13,0,stdcp,1.0,inf,1,1,1.0
0.05,13,0,sub,1.0,inf,1,1,1.0
0.05,13,5,dhcp_with,1.0,inf,1,1,1.0
0.05,13,5,dhcp_without,1.0,inf,1,1,1.0
0.05,13,5,hcp,1.0,inf,1,1,1.0
0.05,13,5,pool,0.99,53.75758354916779,0,1,0.0
0.05,13,5,rep,1.0,inf,1,1,1.0
0.05,13,5,stdcp,0.82,4.830739093724554,0,1,0.0
0.05,13,5,sub,1.0,inf,1,1,1.0
0.05,13,10,dhcp_with,1.0,inf,1,1,1.0
0.05,13,10,dhcp_without,1.0,inf,1,1,1.0
0.05,13,10,hcp,1.0,inf,1,1,1.0
0.05,13,10,pool,0.99,53.75758354916779,0,1,0.0
0.05,13,10,rep,1.0,inf,1,1,1.0
0.05,13,10,stdcp,0.76,10.174204092014199,0,1,0.0
0.05,13,10,sub,1.0,inf,1,1,1.0
0.05,13,15,dhcp_with,1.0,59.35141930023711,0,1,0.0
0.05,13,15,dhcp_without,1.0,59.35141930023711,0,1,0.0
0.05,13,15,hcp,1.0,inf,1,1,1.0
0.05,13,15,pool,0.99,53.75758354916779,0,1,0.0
0.05,13,15,rep,1.0,inf,1,1,1.0
0.05,13,15,stdcp,0.88,6.269570667951447,0,1,0.0
0.05,13,15,sub,1.0,inf,1,1,1.0
0.05,13,20,dhcp_with,0.99,55.39485137151514,0,1,0.0
0.05,13,20,dhcp_without,0.99,55.39485137151514,0,1,0.0
0.05,13,20,hcp,1.0,inf,1,1,1.0
0.05,13,20,pool,0.99,53.75758354916779,0,1,0.0
0.05,13,20,rep,1.0,inf,1,1,1.0
0.05,13,20,stdcp,0.89,5.579730589203436,0,1,0.0
0.05,13,20,sub,1.0,inf,1,1,1.0
0.05,13,25,dhcp_with,1.0,inf,1,1,1.0
0.05,13,25,dhcp_without,1.0,inf,1,1,1.0
0.05,13,25,hcp,1.0,inf,1,1,1.0
0.05,13,25,pool,0.99,53.75758354916779,0,1,0.0
0.05,13,25,rep,1.0,inf,1,1,1.0
0.05,13,25,stdcp,0.9,5.505128104455642,0,1,0.0
0.05,13,25,sub,1.0,inf,1,1,1.0
0.05,13,30,dhcp_with,1.0,inf,1,1,1.0
0.05,13,30,dhcp_without,1.0,inf,1,1,1.0
0.05,13,30,hcp,1.0,inf,1,1,1.0
0.05,13,30,pool,0.99,53.75758354916779,0,1,0.0
0.05,13,30,rep,1.0,inf,1,1,1.0
0.05,13,30,stdcp,0.97,5.74588320957913,0,1,0.0
0.05,13,30,sub,1.0,inf,1,1,1.0
0.05,13,35,dhcp_with,1.0,inf,1,1,1.0
0.05,13,35,dhcp_without,1.0,inf,1,1,1.0
0.05,13,35,hcp,1.0,inf,1,1,1.0
0.05,13,35,pool,0.99,53.75758354916779,0,1,0.0
0.05,13,35,rep,1.0,inf,1,1,1.0
0.05,13,35,stdcp,0.95,5.873317053987456,0,1,0.0
0.05,13,35,sub,1.0,inf,1,1,1.0
0.05,14,0,dhcp_with,1.0,inf,1,1,1.0
0.05,14,0,dhcp_without,1.0,inf,1,1,1.0
0.05,14,0,hcp,1.0,inf,1,1,1.0
0.05,14,0,pool,0.88,20.48453147474956,0,1,0.0
0.05,14,0,rep,1.0,inf,1,1,1.0
0.05,14,0,stdcp,1.0,inf,1,1,1.0
0.05,14,0,sub,1.0,inf,1,1,1.0
0.05,14,5,dhcp_with,1.0,inf,1,1,1.0
0.05,14,5,dhcp_without,1.0,inf,1,1,1.0
0.05,14,5,hcp,1.0,inf,1,1,1.0
0.05,14,5,pool,0.88,20.48453147474956,0,1,0.0
0.05,14,5,rep,1.0,inf,1,1,1.0
0.05,14,5,stdcp,0.78,4.4973224113245225,0,1,0.0
0.05,14,5,sub,1.0,inf,1,1,1.0
0.05,14,10,dhcp_with,1.0,inf,1,1,1.0
0.05,14,10,dhcp_without,1.0,inf,1,1,1.0
0.05,14,10,hcp,1.0,inf,1,1,1.0
0.05,14,10,pool,0.88,20.48453147474956,0,1,0.0
0.05,14,10,rep,1.0,inf,1,1,1.0
0.05,14,10,stdcp,0.81,12.347266995179474,0,1,0.0
0.05,14,10,sub,1.0,inf,1,1,1.0
0.05,14,15,dhcp_with,0.95,24.132158899993236,0,1,0.0
0.05,14,15,dhcp_without,0.95,24.132158899993236,0,1,0.0
0.05,14,15,hcp,1.0,inf,1,1,1.0
0.05,14,15,pool,0.88,20.48453147474956,0,1,0.0
0.05,14,15,rep,1.0,inf,1,1,1.0
0.05,14,15,stdcp,0.87,5.822247456379909,0,1,0.0
0.05,14,15,sub,1.0,inf,1,1,1.0
0.05,14,20,dhcp_with,0.93,19.986473101218397,0,1,0.0
0.05,14,20,dhcp_without,0.93,19.986473101218397,0,1,0.0
0.05,14,20,hcp,1.0,inf,1,1,1.0
0.05,14,20,pool,0.88,20.48453147474956,0,1,0.0
0.05,14,20,rep,1.0,inf,1,1,1.0
0.05,14,20,stdcp,0.91,5.227269930984878,0,1,0.0
0.05,14,20,sub,1.0,inf,1,1,1.0
0.05,14,25,dhcp_with,1.0,inf,1,1,1.0
0.05,14,25,dhcp_without,1.0,inf,1,1,1.0
0.05,14,25,hcp,1.0,inf,1,1,1.0
0.05,14,25,pool,0.88,20.48453147474956,0,1,0.0
0.05,14,25,rep,1.0,inf,1,1,1.0
0.05,14,25,stdcp,0.88,4.924255380545091,0,1,0.0
0.05,14,25,sub,1.0,inf,1,1,1.0
0.05,14,30,dhcp_with,1.0,inf,1,1,1.0
0.05,14,30,dhcp_without,1.0,inf,1,1,1.0
0.05,14,30,hcp,1.0,inf,1,1,1.0
0.05,14,30,pool,0.88,20.48453147474956,0,1,0.0
0.05,14,30,rep,1.0,inf,1,1,1.0
0.05,14,30,stdcp,0.9,4.907282195249037,0,1,0.0
0.05,14,30,sub,1.0,inf,1,1,1.0
0.05,14,35,dhcp_with,1.0,inf,1,1,1.0
0.05,14,35,dhcp_without,1.0,inf,1,1,1.0
0.05,14,35,hcp,1.0,inf,1,1,1.0
0.05,14,35,pool,0.88,20.48453147474956,0,1,0.0
0.05,14,35,rep,1.0,inf,1,1,1.0
0.05,14,35,stdcp,0.93,5.001274047220545,0,1,0.0
0.05,14,35,sub,1.0,inf,1,1,1.0
0.05,15,0,dhcp_with,1.0,inf,1,1,1.0
0.05,15,0,dhcp_without,1.0,inf,1,1,1.0
0.05,15,0,hcp,1.0,inf,1,1,1.0
0.05,15,0,pool,0.99,88.21355012317245,0,1,0.0
0.05,15,0,rep,1.0,inf,1,1,1.0
0.05,15,0,stdcp,1.0,inf,1,1,1.0
0.05,15,0,sub,1.0,inf,1,1,1.0
0.05,15,5,dhcp_with,1.0,inf,1,1,1.0
0.05,15,5,dhcp_without,1.0,inf,1,1,1.0
0.05,15,5,hcp,1.0,inf,1,1,1.0
0.05,15,5,pool,0.99,88.21355012317245,0,1,0.0
0.05,15,5,rep,1.0,inf,1,1,1.0
0.05,15,5,stdcp,0.78,4.714728175303439,0,1,0.0
0.05,15,5,sub,1.0,inf,1,1,1.0
0.05,15,10,dhcp_with,1.0,inf,1,1,1.0
0.05,15,10,dhcp_without,1.0,inf,1,1,1.0
0.05,15,10,hcp,1.0,inf,1,1,1.0
0.05,15,10,pool,0.99,88.21355012317245,0,1,0.0
0.05,15,10,rep,1.0,inf,1,1,1.0
0.05,15,10,stdcp,0.85,10.614157329287389,0,1,0.0
0.05,15,10,sub,1.0,inf,1,1,1.0
0.05,15,15,dhcp_with,1.0,91.6326172013897,0,1,0.0
0.05,15,15,dhcp_without,1.0,91.6326172013897,0,1,0.0
0.05,15,15,hcp,1.0,inf,1,1,1.0
0.05,15,15,pool,0.99,88.21355012317245,0,1,0.0
0.05,15,15,rep,1.0,inf,1,1,1.0
0.05,15,15,stdcp,0.95,6.191337358954073,0,1,0.0
0.05,15,15,sub,1.0,inf,1,1,1.0
0.05,15,20,dhcp_with,1.0,87.3242022258889,0,1,0.0
0.05,15,20,dhcp_without,1.0,87.3242022258889,0,1,0.0
0.05,15,20,hcp,1.0,inf,1,1,1.0
0.05,15,20,pool,0.99,88.21355012317245,0,1,0.0
0.05,15,20,rep,1.0,inf,1,1,1.0
0.05,15,20,stdcp,0.91,5.471008181885615,0,1,0.0
0.05,15,20,sub,1.0,inf,1,1,1.0
0.05,15,25,dhcp_with,1.0,inf,1,1,1.0
0.05,15,25,dhcp_without,1.0,inf,1,1,1.0
0.05,15,25,hcp,1.0,inf,1,1,1.0
0.05,15,25,pool,0.99,88.21355012317245,0,1,0.0
0.05,15,25,rep,1.0,inf,1,1,1.0
0.05,15,25,stdcp,0.93,5.755740457665805,0,1,0.0
0.05,15,25,sub,1.0,inf,1,1,1.0
0.05,15,30,dhcp_with,1.0,inf,1,1,1.0
0.05,15,30,dhcp_without,1.0,inf,1,1,1.0
0.05,15,30,hcp,1.0,inf,1,1,1.0
0.05,15,30,pool,0.99,88.21355012317245,0,1,0.0
0.05,15,30,rep,1.0,inf,1,1,1.0
0.05,15,30,stdcp,0.96,5.820497964663284,0,1,0.0
0.05,15,30,sub,1.0,inf,1,1,1.0
0.05,15,35,dhcp_with,1.0,inf,1,1,1.0
0.05,15,35,dhcp_without,1.0,inf,1,1,1.0
0.05,15,35,hcp,1.0,inf,1,1,1.0
0.05,15,35,pool,0.99,88.21355012317245,0,1,0.0
0.05,15,35,rep,1.0,inf,1,1,1.0
0.05,15,35,stdcp,0.95,5.485923131409558,0,1,0.0
0.05,15,35,sub,1.0,inf,1,1,1.0
0.05,16,0,dhcp_with,1.0,inf,1,1,1.0
0.05,16,0,dhcp_without,1.0,inf,1,1,1.0
0.05,16,0,hcp,1.0,inf,1,1,1.0
0.05,16,0,pool,0.96,47.79458706064597,0,1,0.0
0.05,16,0,rep,1.0,inf,1,1,1.0
0.05,16,0,stdcp,1.0,inf,1,1,1.0
0.05,16,0,sub,1.0,inf,1,1,1.0
0.05,16,5,dhcp_with,1.0,inf,1,1,1.0
0.05,16,5,dhcp_without,1.0,inf,1,1,1.0
0.05,16,5,hcp,1.0,inf,1,1,1.0
0.05,16,5,pool,0.96,47.79458706064597,0,1,0.0
0.05,16,5,rep,1.0,inf,1,1,1.0
0.05,16,5,stdcp,0.8,5.162965279026432,0,1,0.0
0.05,16,5,sub,1.0,inf,1,1,1.0
0.05,16,10,dhcp_with,1.0,inf,1,1,1.0
0.05,16,10,dhcp_without,1.0,inf,1,1,1.0
0.05,16,10,hcp,1.0,inf,1,1,1.0
0.05,16,10,pool,0.96,47.79458706064597,0,1,0.0
0.05,16,10,rep,1.0,inf,1,1,1.0
0.05,16,10,stdcp,0.85,12.069885740123082,0,1,0.0
0.05,16,10,sub,1.0,inf,1,1,1.0
0.05,16,15,dhcp_with,0.99,53.95626527267914,0,1,0.0
0.05,16,15,dhcp_without,0.99,53.95626527267914,0,1,0.0
0.05,16,15,hcp,1.0,inf,1,1,1.0
0.05,16,15,pool,0.96,47.79458706064597,0,1,0.0
0.05,16,15,rep,1.0,inf,1,1,1.0
0.05,16,15,stdcp,0.86,5.576705471176124,0,1,0.0
0.05,16,15,sub,1.0,inf,1,1,1.0
0.05,16,20,dhcp_with,0.99,49.79172015571049,0,1,0.0
0.05,16,20,dhcp_without,0.99,49.79172015571049,0,1,0.0
0.05,16,20,hcp,1.0,inf,1,1,1.0
0.05,16,20,pool,0.96,47.79458706064597,0,1,0.0
0.05,16,20,rep,1.0,inf,1,1,1.0
0.05,16,20,stdcp,0.92,6.102225425658901,0,1,0.0
0.05,16,20,sub,1.0,inf,1,1,1.0
0.05,16,25,dhcp_with,1.0,inf,1,1,1.0
0.05,16,25,dhcp_without,1.0,inf,1,1,1.0
0.05,16,25,hcp,1.0,inf,1,1,1.0
0.05,16,25,pool,0.96,47.79458706064597,0,1,0.0
0.05,16,25,rep,1.0,inf,1,1,1.0
0.05,16,25,stdcp,0.89,5.70048815539821,0,1,0.0
0.05,16,25,sub,1.0,inf,1,1,1.0
0.05,16,30,dhcp_with,1.0,inf,1,1,1.0
0.05,16,30,dhcp_without,1.0,inf,1,1,1.0
0.05,16,30,hcp,1.0,inf,1,1,1.0
0.05,16,30,pool,0.96,47.79458706064597,0,1,0.0
0.05,16,30,rep,1.0,inf,1,1,1.0
0.05,16,30,stdcp,0.96,5.758259522290175,0,1,0.0
0.05,16,30,sub,1.0,inf,1,1,1.0
0.05,16,35,dhcp_with,1.0,inf,1,1,1.0
0.05,16,35,dhcp_without,1.0,inf,1,1,1.0
0.05,16,35,hcp,1.0,inf,1,1,1.0
0.05,16,35,pool,0.96,47.79458706064597,0,1,0.0
0.05,16,35,rep,1.0,inf,1,1,1.0
0.05,16,35,stdcp,0.96,5.704162311653133,0,1,0.0
0.05,16,35,sub,1.0,inf,1,1,1.0
0.05,17,0,dhcp_with,1.0,inf,1,1,1.0
0.05,17,0,dhcp_without,1.0,inf,1,1,1.0
0.05,17,0,hcp,1.0,inf,1,1,1.0
0.05,17,0,pool,0.93,31.532463086718337,0,1,0.0
0.05,17,0,rep,1.0,inf,1,1,1.0
0.05,17,0,stdcp,1.0,inf,1,1,1.0
0.05,17,0,sub,1.0,inf,1,1,1.0
0.05,17,5,dhcp_with,1.0,inf,1,1,1.0
0.05,17,5,dhcp_without,1.0,inf,1,1,1.0
0.05,17,5,hcp,1.0,inf,1,1,1.0
0.05,17,5,pool,0.93,31.532463086718337,0,1,0.0
0.05,17,5,rep,1.0,inf,1,1,1.0
0.05,17,5,stdcp,0.73,5.211709663444168,0,1,0.0
0.05,17,5,sub,1.0,inf,1,1,1.0
0.05,17,10,dhcp_with,1.0,inf,1,1,1.0
0.05,17,10,dhcp_without,1.0,inf,1,1,1.0
0.05,17,10,hcp,1.0,inf,1,1,1.0
0.05,17,10,pool,0.93,31.532463086718337,0,1,0.0
0.05,17,10,rep,1.0,inf,1,1,1.0
0.05,17,10,stdcp,0.83,10.338196987790162,0,1,0.0
0.05,17,10,sub,1.0,inf,1,1,1.0
0.05,17,15,dhcp_with,0.98,33.736061330050326,0,1,0.0
0.05,17,15,dhcp_without,0.98,33.736061330050326,0,1,0.0
0.05,17,15,hcp,1.0,inf,1,1,1.0
0.05,17,15,pool,0.93,31.532463086718337,0,1,0.0
0.05,17,15,rep,1.0,inf,1,1,1.0
0.05,17,15,stdcp,0.87,5.99694213668217,0,1,0.0
0.05,17,15,sub,1.0,inf,1,1,1.0
0.05,17,20,dhcp_with,0.95,31.036247558015717,0,1,0.0
0.05,17,20,dhcp_without,0.95,31.036247558015717,0,1,0.0
0.05,17,20,hcp,1.0,inf,1,1,1.0
0.05,17,20,pool,0.93,31.532463086718337,0,1,0.0
0.05,17,20,rep,1.0,inf,1,1,1.0
0.05,17,20,stdcp,0.92,5.93248556774122,0,1,0.0
0.05,17,20,sub,1.0,inf,1,1,1.0
0.05,17,25,dhcp_with,1.0,inf,1,1,1.0
0.05,17,25,dhcp_without,1.0,inf,1,1,1.0
0.05,17,25,hcp,1.0,inf,1,1,1.0
0.05,17,25,pool,0.93,31.532463086718337,0,1,0.0
0.05,17,25,rep,1.0,inf,1,1,1.0
0.05,17,25,stdcp,0.89,5.978757399993077,0,1,0.0
0.05,17,25,sub,1.0,inf,1,1,1.0
0.05,17,30,dhcp_with,1.0,inf,1,1,1.0
0.05,17,30,dhcp_without,1.0,inf,1,1,1.0
0.05,17,30,hcp,1.0,inf,1,1,1.0
0.05,17,30,pool,0.93,31.532463086718337,0,1,0.0
0.05,17,30,rep,1.0,inf,1,1,1.0
0.05,17,30,stdcp,0.95,5.622803502972276,0,1,0.0
0.05,17,30,sub,1.0,inf,1,1,1.0
0.05,17,35,dhcp_with,1.0,inf,1,1,1.0
0.05,17,35,dhcp_without,1.0,inf,1,1,1.0
0.05,17,35,hcp,1.0,inf,1,1,1.0
0.05,17,35,pool,0.93,31.532463086718337,0,1,0.0
0.05,17,35,rep,1.0,inf,1,1,1.0
0.05,17,35,stdcp,0.95,5.536670034490194,0,1,0.0
0.05,17,35,sub,1.0,inf,1,1,1.0
0.05,18,0,dhcp_with,1.0,inf,1,1,1.0
0.05,18,0,dhcp_without,1.0,inf,1,1,1.0
0.05,18,0,hcp,1.0,inf,1,1,1.0
0.05,18,0,pool,0.97,38.71850952160959,0,1,0.0
0.05,18,0,rep,1.0,inf,1,1,1.0
0.05,18,0,stdcp,1.0,inf,1,1,1.0
0.05,18,0,sub,1.0,inf,1,1,1.0
0.05,18,5,dhcp_with,1.0,inf,1,1,1.0
0.05,18,5,dhcp_without,1.0,inf,1,1,1.0
0.05,18,5,hcp,1.0,inf,1,1,1.0
0.05,18,5,pool,0.97,38.71850952160959,0,1,0.0
0.05,18,5,rep,1.0,inf,1,1,1.0
0.05,18,5,stdcp,0.69,4.8827886395458995,0,1,0.0
0.05,18,5,sub,1.0,inf,1,1,1.0
0.05,18,10,dhcp_with,1.0,inf,1,1,1.0
0.05,18,10,dhcp_without,1.0,inf,1,1,1.0
0.05,18,10,hcp,1.0,inf,1,1,1.0
0.05,18,10,pool,0.97,38.71850952160959,0,1,0.0
0.05,18,10,rep,1.0,inf,1,1,1.0
0.05,18,10,stdcp,0.82,11.284390311557475,0,1,0.0
0.05,18,10,sub,1.0,inf,1,1,1.0
0.05,18,15,dhcp_with,0.99,41.4037689293614,0,1,0.0
0.05,18,15,dhcp_without,0.99,41.4037689293614,0,1,0.0
0.05,18,15,hcp,1.0,inf,1,1,1.0
0.05,18,15,pool,0.97,38.71850952160959,0,1,0.0
0.05,18,15,rep,1.0,inf,1,1,1.0
0.05,18,15,stdcp,0.84,6.912259367119976,0,1,0.0
0.05,18,15,sub,1.0,inf,1,1,1.0
0.05,18,20,dhcp_with,0.97,38.92744111060967,0,1,0.0
0.05,18,20,dhcp_without,0.97,38.92744111060967,0,1,0.0
0.05,18,20,hcp,1.0,inf,1,1,1.0
0.05,18,20,pool,0.97,38.71850952160959,0,1,0.0
0.05,18,20,rep,1.0,inf,1,1,1.0
0.05,18,20,stdcp,0.92,5.795607527808146,0,1,0.0
0.05,18,20,sub,1.0,inf,1,1,1.0
0.05,18,25,dhcp_with,1.0,inf,1,1,1.0
0.05,18,25,dhcp_without,1.0,inf,1,1,1.0
0.05,18,25,hcp,1.0,inf,1,1,1.0
0.05,18,25,pool,0.97,38.71850952160959,0,1,0.0
0.05,18,25,rep,1.0,inf,1,1,1.0
0.05,18,25,stdcp,0.91,5.702096183232809,0,1,0.0
0.05,18,25,sub,1.0,inf,1,1,1.0
0.05,18,30,dhcp_with,1.0,inf,1,1,1.0
0.05,18,30,dhcp_without,1.0,inf,1,1,1.0
0.05,18,30,hcp,1.0,inf,1,1,1.0
0.05,18,30,pool,0.97,38.71850952160959,0,1,0.0
0.05,18,30,rep,1.0,inf,1,1,1.0
0.05,18,30,stdcp,0.94,5.669097801499733,0,1,0.0
0.05,18,30,sub,1.0,inf,1,1,1.0
0.05,18,35,dhcp_with,1.0,inf,1,1,1.0
0.05,18,35,dhcp_without,1.0,inf,1,1,1.0
0.05,18,35,hcp,1.0,inf,1,1,1.0
0.05,18,35,pool,0.97,38.71850952160959,0,1,0.0
0.05,18,35,rep,1.0,inf,1,1,1.0
0.05,18,35,stdcp,0.95,5.863621016055263,0,1,0.0
0.05,18,35,sub,1.0,inf,1,1,1.0
0.05,19,0,dhcp_with,1.0,inf,1,1,1.0
0.05,19,0,dhcp_without,1.0,inf,1,1,1.0
0.05,19,0,hcp,1.0,inf,1,1,1.0
0.05,19,0,pool,0.67,19.291889493136157,0,1,0.0
0.05,19,0,rep,1.0,inf,1,1,1.0
0.05,19,0,stdcp,1.0,inf,1,1,1.0
0.05,19,0,sub,1.0,inf,1,1,1.0
0.05,19,5,dhcp_with,1.0,inf,1,1,1.0
0.05,19,5,dhcp_without,1.0,inf,1,1,1.0
0.05,19,5,hcp,1.0,inf,1,1,1.0
0.05,19,5,pool,0.67,19.291889493136157,0,1,0.0
0.05,19,5,rep,1.0,inf,1,1,1.0
0.05,19,5,stdcp,0.78,5.430028992580828,0,1,0.0
0.05,19,5,sub,1.0,inf,1,1,1.0
0.05,19,10,dhcp_with,1.0,inf,1,1,1.0
0.05,19,10,dhcp_without,1.0,inf,1,1,1.0
0.05,19,10,hcp,1.0,inf,1,1,1.0
0.05,19,10,pool,0.67,19.291889493136157,0,1,0.0
0.05,19,10,rep,1.0,inf,1,1,1.0
0.05,19,10,stdcp,0.85,9.921601907774747,0,1,0.0
0.05,19,10,sub,1.0,inf,1,1,1.0
0.05,19,15,dhcp_with,0.95,25.82322915339445,0,1,0.0
0.05,19,15,dhcp_without,0.95,25.82322915339445,0,1,0.0
0.05,19,15,hcp,1.0,inf,1,1,1.0
0.05,19,15,pool,0.67,19.291889493136157,0,1,0.0
0.05,19,15,rep,1.0,inf,1,1,1.0
0.05,19,15,stdcp,0.88,6.406910257335202,0,1,0.0
0.05,19,15,sub,1.0,inf,1,1,1.0
0.05,19,20,dhcp_with,0.84,20.407432375748023,0,1,0.0
0.05,19,20,dhcp_without,0.84,20.407432375748023,0,1,0.0
0.05,19,20,hcp,1.0,inf,1,1,1.0
0.05,19,20,pool,0.67,19.291889493136157,0,1,0.0
0.05,19,20,rep,1.0,inf,1,1,1.0
0.05,19,20,stdcp,0.93,5.9843926310514615,0,1,0.0
0.05,19,20,sub,1.0,inf,1,1,1.0
0.05,19,25,dhcp_with,1.0,inf,1,1,1.0
0.05,19,25,dhcp_without,1.0,inf,1,1,1.0
0.05,19,25,hcp,1.0,inf,1,1,1.0
0.05,19,25,pool,0.67,19.291889493136157,0,1,0.0
0.05,19,25,rep,1.0,inf,1,1,1.0
0.05,19,25,stdcp,0.94,5.815756161922996,0,1,0.0
0.05,19,25,sub,1.0,inf,1,1,1.0
0.05,19,30,dhcp_with,1.0,inf,1,1,1.0
0.05,19,30,dhcp_without,1.0,inf,1,1,1.0
0.05,19,30,hcp,1.0,inf,1,1,1.0
0.05,19,30,pool,0.67,19.291889493136157,0,1,0.0
0.05,19,30,rep,1.0,inf,1,1,1.0
0.05,19,30,stdcp,0.9,5.777178317454025,0,1,0.0
0.05,19,30,sub,1.0,inf,1,1,1.0
0.05,19,35,dhcp_with,1.0,inf,1,1,1.0
0.05,19,35,dhcp_without,1.0,inf,1,1,1.0
0.05,19,35,hcp,1.0,inf,1,1,1.0
0.05,19,35,pool,0.67,19.291889493136157,0,1,0.0
0.05,19,35,rep,1.0,inf,1,1,1.0
0.05,19,35,stdcp,0.96,5.715825407043276,0,1,0.0
0.05,19,35,sub,1.0,inf,1,1,1.0
0.05,20,0,dhcp_with,1.0,inf,1,1,1.0
0.05,20,0,dhcp_without,1.0,inf,1,1,1.0
0.05,20,0,hcp,1.0,inf,1,1,1.0
0.05,20,0,pool,1.0,55.10426655914775,0,1,0.0
0.05,20,0,rep,1.0,inf,1,1,1.0
0.05,20,0,stdcp,1.0,inf,1,1,1.0
0.05,20,0,sub,1.0,inf,1,1,1.0
0.05,20,5,dhcp_with,1.0,inf,1,1,1.0
0.05,20,5,dhcp_without,1.0,inf,1,1,1.0
0.05,20,5,hcp,1.0,inf,1,1,1.0
0.05,20,5,pool,1.0,55.10426655914775,0,1,0.0
0.05,20,5,rep,1.0,inf,1,1,1.0
0.05,20,5,stdcp,0.67,4.607975446921194,0,1,0.0
0.05,20,5,sub,1.0,inf,1,1,1.0
0.05,20,10,dhcp_with,1.0,inf,1,1,1.0
0.05,20,10,dhcp_without,1.0,inf,1,1,1.0
0.05,20,10,hcp,1.0,inf,1,1,1.0
0.05,20,10,pool,1.0,55.10426655914775,0,1,0.0
0.05,20,10,rep,1.0,inf,1,1,1.0
0.05,20,10,stdcp,0.83,9.362644373711426,0,1,0.0
0.05,20,10,sub,1.0,inf,1,1,1.0
0.05,20,15,dhcp_with,1.0,57.64613562649286,0,1,0.0
0.05,20,15,dhcp_without,1.0,57.64613562649286,0,1,0.0
0.05,20,15,hcp,1.0,inf,1,1,1.0
0.05,20,15,pool,1.0,55.10426655914775,0,1,0.0
0.05,20,15,rep,1.0,inf,1,1,1.0
0.05,20,15,stdcp,0.91,6.253973182261904,0,1,0.0
0.05,20,15,sub,1.0,inf,1,1,1.0
0.05,20,20,dhcp_with,1.0,54.41613368122446,0,1,0.0
0.05,20,20,dhcp_without,1.0,54.41613368122446,0,1,0.0
0.05,20,20,hcp,1.0,inf,1,1,1.0
0.05,20,20,pool,1.0,55.10426655914775,0,1,0.0
0.05,20,20,rep,1.0,inf,1,1,1.0
0.05,20,20,stdcp,0.93,5.087695531026775,0,1,0.0
0.05,20,20,sub,1.0,inf,1,1,1.0
0.05,20,25,dhcp_with,1.0,inf,1,1,1.0
0.05,20,25,dhcp_without,1.0,inf,1,1,1.0
0.05,20,25,hcp,1.0,inf,1,1,1.0
0.05,20,25,pool,1.0,55.10426655914775,0,1,0.0
0.05,20,25,rep,1.0,inf,1,1,1.0
0.05,20,25,stdcp,0.94,4.857809942547668,0,1,0.0
0.05,20,25,sub,1.0,inf,1,1,1.0
0.05,20,30,dhcp_with,1.0,inf,1,1,1.0
0.05,20,30,dhcp_without,1.0,inf,1,1,1.0
0.05,20,30,hcp,1.0,inf,1,1,1.0
0.05,20,30,pool,1.0,55.10426655914775,0,1,0.0
0.05,20,30,rep,1.0,inf,1,1,1.0
0.05,20,30,stdcp,0.99,5.233703184370251,0,1,0.0
0.05,20,30,sub,1.0,inf,1,1,1.0
0.05,20,35,dhcp_with,1.0,inf,1,1,1.0
0.05,20,35,dhcp_without,1.0,inf,1,1,1.0
0.05,20,35,hcp,1.0,inf,1,1,1.0
0.05,20,35,pool,1.0,55.10426655914775,0,1,0.0
0.05,20,35,rep,1.0,inf,1,1,1.0
0.05,20,35,stdcp,0.99,5.02670023762284,0,1,0.0
0.05,20,35,sub,1.0,inf,1,1,1.0
0.05,21,0,dhcp_with,1.0,inf,1,1,1.0
0.05,21,0,dhcp_without,1.0,inf,1,1,1.0
0.05,21,0,hcp,1.0,inf,1,1,1.0
0.05,21,0,pool,0.87,26.694636730613627,0,1,0.0
0.05,21,0,rep,1.0,inf,1,1,1.0
0.05,21,0,stdcp,1.0,inf,1,1,1.0
0.05,21,0,sub,1.0,inf,1,1,1.0
0.05,21,5,dhcp_with,1.0,inf,1,1,1.0
0.05,21,5,dhcp_without,1.0,inf,1,1,1.0
0.05,21,5,hcp,1.0,inf,1,1,1.0
0.05,21,5,pool,0.87,26.694636730613627,0,1,0.0
0.05,21,5,rep,1.0,inf,1,1,1.0
0.05,21,5,stdcp,0.67,4.852212224561421,0,1,0.0
0.05,21,5,sub,1.0,inf,1,1,1.0
0.05,21,10,dhcp_with,1.0,inf,1,1,1.0
0.05,21,10,dhcp_without,1.0,inf,1,1,1.0
0.05,21,10,hcp,1.0,inf,1,1,1.0
0.05,21,10,pool,0.87,26.694636730613627,0,1,0.0
0.05,21,10,rep,1.0,inf,1,1,1.0
0.05,21,10,stdcp,0.82,10.50628778526716,0,1,0.0
0.05,21,10,sub,1.0,inf,1,1,1.0
0.05,21,15,dhcp_with,0.99,35.42429867939914,0,1,0.0
0.05,21,15,dhcp_without,0.99,35.42429867939914,0,1,0.0
0.05,21,15,hcp,1.0,inf,1,1,1.0
0.05,21,15,pool,0.87,26.694636730613627,0,1,0.0
0.05,21,15,rep,1.0,inf,1,1,1.0
0.05,21,15,stdcp,0.85,6.72481828851298,0,1,0.0
0.05,21,15,sub,1.0,inf,1,1,1.0
0.05,21,20,dhcp_with,0.97,29.8029871583578,0,1,0.0
0.05,21,20,dhcp_without,0.97,29.8029871583578,0,1,0.0
0.05,21,20,hcp,1.0,inf,1,1,1.0
0.05,21,20,pool,0.87,26.694636730613627,0,1,0.0
0.05,21,20,rep,1.0,inf,1,1,1.0
0.05,21,20,stdcp,0.87,5.0229374664635635,0,1,0.0
0.05,21,20,sub,1.0,inf,1,1,1.0
0.05,21,25,dhcp_with,1.0,inf,1,1,1.0
0.05,21,25,dhcp_without,1.0,inf,1,1,1.0
0.05,21,25,hcp,1.0,inf,1,1,1.0
0.05,21,25,pool,0.87,26.694636730613627,0,1,0.0
0.05,21,25,rep,1.0,inf,1,1,1.0
0.05,21,25,stdcp,0.92,5.1525524365685715,0,1,0.0
0.05,21,25,sub,1.0,inf,1,1,1.0
0.05,21,30,dhcp_with,1.0,inf,1,1,1.0
0.05,21,30,dhcp_without,1.0,inf,1,1,1.0
0.05,21,30,hcp,1.0,inf,1,1,1.0
0.05,21,30,pool,0.87,26.694636730613627,0,1,0.0
0.05,21,30,rep,1.0,inf,1,1,1.0
0.05,21,30,stdcp,0.87,5.131728897239022,0,1,0.0
0.05,21,30,sub,1.0,inf,1,1,1.0
0.05,21,35,dhcp_with,1.0,inf,1,1,1.0
0.05,21,35,dhcp_without,1.0,inf,1,1,1.0
0.05,21,35,hcp,1.0,inf,1,1,1.0
0.05,21,35,pool,0.87,26.694636730613627,0,1,0.0
0.05,21,35,rep,1.0,inf,1,1,1.0
0.05,21,35,stdcp,0.94,5.057561601181787,0,1,0.0
0.05,21,35,sub,1.0,inf,1,1,1.0
0.05,22,0,dhcp_with,1.0,inf,1,1,1.0
0.05,22,0,dhcp_without,1.0,inf,1,1,1.0
0.05,22,0,hcp,1.0,inf,1,1,1.0
0.05,22,0,pool,0.76,21.284966849862798,0,1,0.0
0.05,22,0,rep,1.0,inf,1,1,1.0
0.05,22,0,stdcp,1.0,inf,1,1,1.0
0.05,22,0,sub,1.0,inf,1,1,1.0
0.05,22,5,dhcp_with,1.0,inf,1,1,1.0
0.05,22,5,dhcp_without,1.0,inf,1,1,1.0
0.05,22,5,hcp,1.0,inf,1,1,1.0
0.05,22,5,pool,0.76,21.284966849862798,0,1,0.0
0.05,22,5,rep,1.0,inf,1,1,1.0
0.05,22,5,stdcp,0.76,5.404486337843535,0,1,0.0
0.05,22,5,sub,1.0,inf,1,1,1.0
0.05,22,10,dhcp_with,1.0,inf,1,1,1.0
0.05,22,10,dhcp_without,1.0,inf,1,1,1.0
0.05,22,10,hcp,1.0,inf,1,1,1.0
0.05,22,10,pool,0.76,21.284966849862798,0,1,0.0
0.05,22,10,rep,1.0,inf,1,1,1.0
0.05,22,10,stdcp,0.84,11.434607022310656,0,1,0.0
0.05,22,10,sub,1.0,inf,1,1,1.0
0.05,22,15,dhcp_with,0.94,24.23808703634241,0,1,0.0
0.05,22,15,dhcp_without,0.94,24.23808703634241,0,1,0.0
0.05,22,15,hcp,1.0,inf,1,1,1.0
0.05,22,15,pool,0.76,21.284966849862798,0,1,0.0
0.05,22,15,rep,1.0,inf,1,1,1.0
0.05,22,15,stdcp,0.95,7.115251672125124,0,1,0.0
0.05,22,15,sub,1.0,inf,1,1,1.0
0.05,22,20,dhcp_with,0.87,22.66020379518512,0,1,0.0
0.05,22,20,dhcp_without,0.87,22.66020379518512,0,1,0.0
0.05,22,20,hcp,1.0,inf,1,1,1.0
0.05,22,20,pool,0.76,21.284966849862798,0,1,0.0
0.05,22,20,rep,1.0,inf,1,1,1.0
0.05,22,20,stdcp,0.95,5.878796924275393,0,1,0.0
0.05,22,20,sub,1.0,inf,1,1,1.0
0.05,22,25,dhcp_with,1.0,inf,1,1,1.0
0.05,22,25,dhcp_without,1.0,inf,1,1,1.0
0.05,22,25,hcp,1.0,inf,1,1,1.0
0.05,22,25,pool,0.76,21.284966849862798,0,1,0.0
0.05,22,25,rep,1.0,inf,1,1,1.0
0.05,22,25,stdcp,0.97,5.9043087936442,0,1,0.0
0.05,22,25,sub,1.0,inf,1,1,1.0
0.05,22,30,dhcp_with,1.0,inf,1,1,1.0
0.05,22,30,dhcp_without,1.0,inf,1,1,1.0
0.05,22,30,hcp,1.0,inf,1,1,1.0
0.05,22,30,pool,0.76,21.284966849862798,0,1,0.0
0.05,22,30,rep,1.0,inf,1,1,1.0
0.05,22,30,stdcp,0.94,5.728860038720146,0,1,0.0
0.05,22,30,sub,1.0,inf,1,1,1.0
0.05,22,35,dhcp_with,1.0,inf,1,1,1.0
0.05,22,35,dhcp_without,1.0,inf,1,1,1.0
0.05,22,35,hcp,1.0,inf,1,1,1.0
0.05,22,35,pool,0.76,21.284966849862798,0,1,0.0
0.05,22,35,rep,1.0,inf,1,1,1.0
0.05,22,35,stdcp,0.95,5.226916640780376,0,1,0.0
0.05,22,35,sub,1.0,inf,1,1,1.0
0.05,23,0,dhcp_with,1.0,inf,1,1,1.0
0.05,23,0,dhcp_without,1.0,inf,1,1,1.0
0.05,23,0,hcp,1.0,inf,1,1,1.0
0.05,23,0,pool,0.96,75.52383484027254,0,1,0.0
0.05,23,0,rep,1.0,inf,1,1,1.0
0.05,23,0,stdcp,1.0,inf,1,1,1.0
0.05,23,0,sub,1.0,inf,1,1,1.0
0.05,23,5,dhcp_with,1.0,inf,1,1,1.0
0.05,23,5,dhcp_without,1.0,inf,1,1,1.0
0.05,23,5,hcp,1.0,inf,1,1,1.0
0.05,23,5,pool,0.96,75.52383484027254,0,1,0.0
0.05,23,5,rep,1.0,inf,1,1,1.0
0.05,23,5,stdcp,0.76,4.811032316184878,0,1,0.0
0.05,23,5,sub,1.0,inf,1,1,1.0
0.05,23,10,dhcp_with,1.0,inf,1,1,1.0
0.05,23,10,dhcp_without,1.0,inf,1,1,1.0
0.05,23,10,hcp,1.0,inf,1,1,1.0
0.05,23,10,pool,0.96,75.52383484027254,0,1,0.0
0.05,23,10,rep,1.0,inf,1,1,1.0
0.05,23,10,stdcp,0.82,11.433221409036003,0,1,0.0
0.05,23,10,sub,1.0,inf,1,1,1.0
0.05,23,15,dhcp_with,1.0,76.97321222294417,0,1,0.0
0.05,23,15,dhcp_without,1.0,76.97321222294417,0,1,0.0
0.05,23,15,hcp,1.0,inf,1,1,1.0
0.05,23,15,pool,0.96,75.52383484027254,0,1,0.0
0.05,23,15,rep,1.0,inf,1,1,1.0
0.05,23,15,stdcp,0.89,6.7533620115403945,0,1,0.0
0.05,23,15,sub,1.0,inf,1,1,1.0
0.05,23,20,dhcp_with,0.98,75.52383484027254,0,1,0.0
0.05,23,20,dhcp_without,0.98,75.52383484027254,0,1,0.0
0.05,23,20,hcp,1.0,inf,1,1,1.0
0.05,23,20,pool,0.96,75.52383484027254,0,1,0.0
0.05,23,20,rep,1.0,inf,1,1,1.0
0.05,23,20,stdcp,0.92,5.655211355553396,0,1,0.0
0.05,23,20,sub,1.0,inf,1,1,1.0
0.05,23,25,dhcp_with,1.0,inf,1,1,1.0
0.05,23,25,dhcp_without,1.0,inf,1,1,1.0
0.05,23,25,hcp,1.0,inf,1,1,1.0
0.05,23,25,pool,0.96,75.52383484027254,0,1,0.0
0.05,23,25,rep,1.0,inf,1,1,1.0
0.05,23,25,stdcp,0.92,5.8594786871997115,0,1,0.0
0.05,23,25,sub,1.0,inf,1,1,1.0
0.05,23,30,dhcp_with,1.0,inf,1,1,1.0
0.05,23,30,dhcp_without,1.0,inf,1,1,1.0
0.05,23,30,hcp,1.0,inf,1,1,1.0
0.05,23,30,pool,0.96,75.52383484027254,0,1,0.0
0.05,23,30,rep,1.0,inf,1,1,1.0
0.05,23,30,stdcp,0.95,5.655536001912226,0,1,0.0
0.05,23,30,sub,1.0,inf,1,1,1.0
0.05,23,35,dhcp_with,1.0,inf,1,1,1.0
0.05,23,35,dhcp_without,1.0,inf,1,1,1.0
0.05,23,35,hcp,1.0,inf,1,1,1.0
0.05,23,35,pool,0.96,75.52383484027254,0,1,0.0
0.05,23,35,rep,1.0,inf,1,1,1.0
0.05,23,35,stdcp,0.97,6.002374668030521,0,1,0.0
0.05,23,35,sub,1.0,inf,1,1,1.0
0.05,24,0,dhcp_with,1.0,inf,1,1,1.0
0.05,24,0,dhcp_without,1.0,inf,1,1,1.0
0.05,24,0,hcp,1.0,inf,1,1,1.0
0.05,24,0,pool,0.81,33.17814486243074,0,1,0.0
0.05,24,0,rep,1.0,inf,1,1,1.0
0.05,24,0,stdcp,1.0,inf,1,1,1.0
0.05,24,0,sub,1.0,inf,1,1,1.0
0.05,24,5,dhcp_with,1.0,inf,1,1,1.0
0.05,24,5,dhcp_without,1.0,inf,1,1,1.0
0.05,24,5,hcp,1.0,inf,1,1,1.0
0.05,24,5,pool,0.81,33.17814486243074,0,1,0.0
0.05,24,5,rep,1.0,inf,1,1,1.0
0.05,24,5,stdcp,0.79,5.254102874620697,0,1,0.0
0.05,24,5,sub,1.0,inf,1,1,1.0
0.05,24,10,dhcp_with,1.0,inf,1,1,1.0
0.05,24,10,dhcp_without,1.0,inf,1,1,1.0
0.05,24,10,hcp,1.0,inf,1,1,1.0
0.05,24,10,pool,0.81,33.17814486243074,0,1,0.0
0.05,24,10,rep,1.0,inf,1,1,1.0
0.05,24,10,stdcp,0.89,11.3475861996668,0,1,0.0
0.05,24,10,sub,1.0,inf,1,1,1.0
0.05,24,15,dhcp_with,0.98,47.07014562641772,0,1,0.0
0.05,24,15,dhcp_without,0.98,47.07014562641772,0,1,0.0
0.05,24,15,hcp,1.0,inf,1,1,1.0
0.05,24,15,pool,0.81,33.17814486243074,0,1,0.0
0.05,24,15,rep,1.0,inf,1,1,1.0
0.05,24,15,stdcp,0.92,6.153858245059526,0,1,0.0
0.05,24,15,sub,1.0,inf,1,1,1.0
0.05,24,20,dhcp_with,0.91,34.178992123252755,0,1,0.0
0.05,24,20,dhcp_without,0.91,34.178992123252755,0,1,0.0
0.05,24,20,hcp,1.0,inf,1,1,1.0
0.05,24,20,pool,0.81,33.17814486243074,0,1,0.0
0.05,24,20,rep,1.0,inf,1,1,1.0
0.05,24,20,stdcp,0.88,5.835174214425393,0,1,0.0
0.05,24,20,sub,1.0,inf,1,1,1.0
0.05,24,25,dhcp_with,1.0,inf,1,1,1.0
0.05,24,25,dhcp_without,1.0,inf,1,1,1.0
0.05,24,25,hcp,1.0,inf,1,1,1.0
0.05,24,25,pool,0.81,33.17814486243074,0,1,0.0
0.05,24,25,rep,1.0,inf,1,1,1.0
0.05,24,25,stdcp,0.95,5.403971794105157,0,1,0.0
0.05,24,25,sub,1.0,inf,1,1,1.0
0.05,24,30,dhcp_with,1.0,inf,1,1,1.0
0.05,24,30,dhcp_without,1.0,inf,1,1,1.0
0.05,24,30,hcp,1.0,inf,1,1,1.0
0.05,24,30,pool,0.81,33.17814486243074,0,1,0.0
0.05,24,30,rep,1.0,inf,1,1,1.0
0.05,24,30,stdcp,0.93,5.154119772104303,0,1,0.0
0.05,24,30,sub,1.0,inf,1,1,1.0
0.05,24,35,dhcp_with,1.0,inf,1,1,1.0
0.05,24,35,dhcp_without,1.0,inf,1,1,1.0
0.05,24,35,hcp,1.0,inf,1,1,1.0
0.05,24,35,pool,0.81,33.17814486243074,0,1,0.0
0.05,24,35,rep,1.0,inf,1,1,1.0
0.05,24,35,stdcp,0.98,5.606476782441954,0,1,0.0
0.05,24,35,sub,1.0,inf,1,1,1.0
0.05,25,0,dhcp_with,1.0,inf,1,1,1.0
0.05,25,0,dhcp_without,1.0,inf,1,1,1.0
0.05,25,0,hcp,1.0,inf,1,1,1.0
0.05,25,0,pool,0.9,24.790167147010685,0,1,0.0
0.05,25,0,rep,1.0,inf,1,1,1.0
0.05,25,0,stdcp,1.0,inf,1,1,1.0
0.05,25,0,sub,1.0,inf,1,1,1.0
0.05,25,5,dhcp_with,1.0,inf,1,1,1.0
0.05,25,5,dhcp_without,1.0,inf,1,1,1.0
0.05,25,5,hcp,1.0,inf,1,1,1.0
0.05,25,5,pool,0.9,24.790167147010685,0,1,0.0
0.05,25,5,rep,1.0,inf,1,1,1.0
0.05,25,5,stdcp,0.67,5.47443475260969,0,1,0.0
0.05,25,5,sub,1.0,inf,1,1,1.0
0.05,25,10,dhcp_with,1.0,inf,1,1,1.0
0.05,25,10,dhcp_without,1.0,inf,1,1,1.0
0.05,25,10,hcp,1.0,inf,1,1,1.0
0.05,25,10,pool,0.9,24.790167147010685,0,1,0.0
0.05,25,10,rep,1.0,inf,1,1,1.0
0.05,25,10,stdcp,0.85,11.656158024115857,0,1,0.0
0.05,25,10,sub,1.0,inf,1,1,1.0
0.05,25,15,dhcp_with,0.98,26.886517471057825,0,1,0.0
0.05,25,15,dhcp_without,0.98,26.886517471057825,0,1,0.0
0.05,25,15,hcp,1.0,inf,1,1,1.0
0.05,25,15,pool,0.9,24.790167147010685,0,1,0.0
0.05,25,15,rep,1.0,inf,1,1,1.0
0.05,25,15,stdcp,0.81,6.500104663532525,0,1,0.0
0.05,25,15,sub,1.0,inf,1,1,1.0
0.05,25,20,dhcp_with,0.94,25.60608290024746,0,1,0.0
0.05,25,20,dhcp_without,0.94,25.60608290024746,0,1,0.0
0.05,25,20,hcp,1.0,inf,1,1,1.0
0.05,25,20,pool,0.9,24.790167147010685,0,1,0.0
0.05,25,20,rep,1.0,inf,1,1,1.0
0.05,25,20,stdcp,0.94,6.165581533231116,0,1,0.0
0.05,25,20,sub,1.0,inf,1,1,1.0
0.05,25,25,dhcp_with,1.0,inf,1,1,1.0
0.05,25,25,dhcp_without,1.0,inf,1,1,1.0
0.05,25,25,hcp,1.0,inf,1,1,1.0
0.05,25,25,pool,0.9,24.790167147010685,0,1,0.0
0.05,25,25,rep,1.0,inf,1,1,1.0
0.05,25,25,stdcp,0.95,6.121468918138435,0,1,0.0
0.05,25,25,sub,1.0,inf,1,1,1.0
0.05,25,30,dhcp_with,1.0,inf,1,1,1.0
0.05,25,30,dhcp_without,1.0,inf,1,1,1.0
0.05,25,30,hcp,1.0,inf,1,1,1.0
0.05,25,30,pool,0.9,24.790167147010685,0,1,0.0
0.05,25,30,rep,1.0,inf,1,1,1.0
0.05,25,30,stdcp,0.94,5.812164187074959,0,1,0.0
0.05,25,30,sub,1.0,inf,1,1,1.0
0.05,25,35,dhcp_with,1.0,inf,1,1,1.0
0.05,25,35,dhcp_without,1.0,inf,1,1,1.0
0.05,25,35,hcp,1.0,inf,1,1,1.0
0.05,25,35,pool,0.9,24.790167147010685,0,1,0.0
0.05,25,35,rep,1.0,inf,1,1,1.0
0.05,25,35,stdcp,0.95,5.6675122752939755,0,1,0.0
0.05,25,35,sub,1.0,inf,1,1,1.0
0.05,26,0,dhcp_with,1.0,inf,1,1,1.0
0.05,26,0,dhcp_without,1.0,inf,1,1,1.0
0.05,26,0,hcp,1.0,inf,1,1,1.0
0.05,26,0,pool,0.83,26.851576935861743,0,1,0.0
0.05,26,0,rep,1.0,inf,1,1,1.0
0.05,26,0,stdcp,1.0,inf,1,1,1.0
0.05,26,0,sub,1.0,inf,1,1,1.0
0.05,26,5,dhcp_with,1.0,inf,1,1,1.0
0.05,26,5,dhcp_without,1.0,inf,1,1,1.0
0.05,26,5,hcp,1.0,inf,1,1,1.0
0.05,26,5,pool,0.83,26.851576935861743,0,1,0.0
0.05,26,5,rep,1.0,inf,1,1,1.0
0.05,26,5,stdcp,0.71,5.2127009300306035,0,1,0.0
0.05,26,5,sub,1.0,inf,1,1,1.0
0.05,26,10,dhcp_with,1.0,inf,1,1,1.0
0.05,26,10,dhcp_without,1.0,inf,1,1,1.0
0.05,26,10,hcp,1.0,inf,1,1,1.0
0.05,26,10,pool,0.83,26.851576935861743,0,1,0.0
0.05,26,10,rep,1.0,inf,1,1,1.0
0.05,26,10,stdcp,0.9,8.597527163981407,0,1,0.0
0.05,26,10,sub,1.0,inf,1,1,1.0
0.05,26,15,dhcp_with,0.99,32.569194005203315,0,1,0.0
0.05,26,15,dhcp_without,0.99,32.569194005203315,0,1,0.0
0.05,26,15,hcp,1.0,inf,1,1,1.0
0.05,26,15,pool,0.83,26.851576935861743,0,1,0.0
0.05,26,15,rep,1.0,inf,1,1,1.0
0.05,26,15,stdcp,0.91,7.036075695253228,0,1,0.0
0.05,26,15,sub,1.0,inf,1,1,1.0
0.05,26,20,dhcp_with,0.87,25.151266472595097,0,1,0.0
0.05,26,20,dhcp_without,0.87,25.151266472595097,0,1,0.0
0.05,26,20,hcp,1.0,inf,1,1,1.0
0.05,26,20,pool,0.83,26.851576935861743,0,1,0.0
0.05,26,20,rep,1.0,inf,1,1,1.0
0.05,26,20,stdcp,0.87,5.6506032166769025,0,1,0.0
0.05,26,20,sub,1.0,inf,1,1,1.0
0.05,26,25,dhcp_with,1.0,inf,1,1,1.0
0.05,26,25,dhcp_without,1.0,inf,1,1,1.0
0.05,26,25,hcp,1.0,inf,1,1,1.0
0.05,26,25,pool,0.83,26.851576935861743,0,1,0.0
0.05,26,25,rep,1.0,inf,1,1,1.0
0.05,26,25,stdcp,0.9,6.089930041026751,0,1,0.0
0.05,26,25,sub,1.0,inf,1,1,1.0
0.05,26,30,dhcp_with,1.0,inf,1,1,1.0
0.05,26,30,dhcp_without,1.0,inf,1,1,1.0
0.05,26,30,hcp,1.0,inf,1,1,1.0
0.05,26,30,pool,0.83,26.851576935861743,0,1,0.0
0.05,26,30,rep,1.0,inf,1,1,1.0
0.05,26,30,stdcp,0.94,5.818325767416162,0,1,0.0
0.05,26,30,sub,1.0,inf,1,1,1.0
0.05,26,35,dhcp_with,1.0,inf,1,1,1.0
0.05,26,35,dhcp_without,1.0,inf,1,1,1.0
0.05,26,35,hcp,1.0,inf,1,1,1.0
0.05,26,35,pool,0.83,26.851576935861743,0,1,0.0
0.05,26,35,rep,1.0,inf,1,1,1.0
0.05,26,35,stdcp,0.94,5.778760458959366,0,1,0.0
0.05,26,35,sub,1.0,inf,1,1,1.0
0.05,27,0,dhcp_with,1.0,inf,1,1,1.0
0.05,27,0,dhcp_without,1.0,inf,1,1,1.0
0.05,27,0,hcp,1.0,inf,1,1,1.0
0.05,27,0,pool,1.0,49.738419314286716,0,1,0.0
0.05,27,0,rep,1.0,inf,1,1,1.0
0.05,27,0,stdcp,1.0,inf,1,1,1.0
0.05,27,0,sub,1.0,inf,1,1,1.0
0.05,27,5,dhcp_with,1.0,inf,1,1,1.0
0.05,27,5,dhcp_without,1.0,inf,1,1,1.0
0.05,27,5,hcp,1.0,inf,1,1,1.0
0.05,27,5,pool,1.0,49.738419314286716,0,1,0.0
0.05,27,5,rep,1.0,inf,1,1,1.0
0.05,27,5,stdcp,0.81,4.659429351744469,0,1,0.0
0.05,27,5,sub,1.0,inf,1,1,1.0
0.05,27,10,dhcp_with,1.0,inf,1,1,1.0
0.05,27,10,dhcp_without,1.0,inf,1,1,1.0
0.05,27,10,hcp,1.0,inf,1,1,1.0
0.05,27,10,pool,1.0,49.738419314286716,0,1,0.0
0.05,27,10,rep,1.0,inf,1,1,1.0
0.05,27,10,stdcp,0.77,10.580513452016476,0,1,0.0
0.05,27,10,sub,1.0,inf,1,1,1.0
0.05,27,15,dhcp_with,1.0,54.63680434194933,0,1,0.0
0.05,27,15,dhcp_without,1.0,54.63680434194933,0,1,0.0
0.05,27,15,hcp,1.0,inf,1,1,1.0
0.05,27,15,pool,1.0,49.738419314286716,0,1,0.0
0.05,27,15,rep,1.0,inf,1,1,1.0
0.05,27,15,stdcp,0.93,7.24181871561247,0,1,0.0
0.05,27,15,sub,1.0,inf,1,1,1.0
0.05,27,20,dhcp_with,1.0,49.738419314286716,0,1,0.0
0.05,27,20,dhcp_without,1.0,49.738419314286716,0,1,0.0
0.05,27,20,hcp,1.0,inf,1,1,1.0
0.05,27,20,pool,1.0,49.738419314286716,0,1,0.0
0.05,27,20,rep,1.0,inf,1,1,1.0
0.05,27,20,stdcp,0.84,5.8420351931148495,0,1,0.0
0.05,27,20,sub,1.0,inf,1,1,1.0
0.05,27,25,dhcp_with,1.0,inf,1,1,1.0
0.05,27,25,dhcp_without,1.0,inf,1,1,1.0
0.05,27,25,hcp,1.0,inf,1,1,1.0
0.05,27,25,pool,1.0,49.738419314286716,0,1,0.0
0.05,27,25,rep,1.0,inf,1,1,1.0
0.05,27,25,stdcp,0.88,5.922258502330329,0,1,0.0
0.05,27,25,sub,1.0,inf,1,1,1.0
0.05,27,30,dhcp_with,1.0,inf,1,1,1.0
0.05,27,30,dhcp_without,1.0,inf,1,1,1.0
0.05,27,30,hcp,1.0,inf,1,1,1.0
0.05,27,30,pool,1.0,49.738419314286716,0,1,0.0
0.05,27,30,rep,1.0,inf,1,1,1.0
0.05,27,30,stdcp,0.96,5.532553021167306,0,1,0.0
0.05,27,30,sub,1.0,inf,1,1,1.0
0.05,27,35,dhcp_with,1.0,inf,1,1,1.0
0.05,27,35,dhcp_without,1.0,inf,1,1,1.0
0.05,27,35,hcp,1.0,inf,1,1,1.0
0.05,27,35,pool,1.0,49.738419314286716,0,1,0.0
0.05,27,35,rep,1.0,inf,1,1,1.0
0.05,27,35,stdcp,0.96,5.71264628066414,0,1,0.0
0.05,27,35,sub,1.0,inf,1,1,1.0
0.05,28,0,dhcp_with,1.0,inf,1,1,1.0
0.05,28,0,dhcp_without,1.0,inf,1,1,1.0
0.05,28,0,hcp,1.0,inf,1,1,1.0
0.05,28,0,pool,0.91,20.637226463319365,0,1,0.0
0.05,28,0,rep,1.0,inf,1,1,1.0
0.05,28,0,stdcp,1.0,inf,1,1,1.0
0.05,28,0,sub,1.0,inf,1,1,1.0
0.05,28,5,dhcp_with,1.0,inf,1,1,1.0
0.05,28,5,dhcp_without,1.0,inf,1,1,1.0
0.05,28,5,hcp,1.0,inf,1,1,1.0
0.05,28,5,pool,0.91,20.637226463319365,0,1,0.0
0.05,28,5,rep,1.0,inf,1,1,1.0
0.05,28,5,stdcp,0.79,4.674603360096147,0,1,0.0
0.05,28,5,sub,1.0,inf,1,1,1.0
0.05,28,10,dhcp_with,1.0,inf,1,1,1.0
0.05,28,10,dhcp_without,1.0,inf,1,1,1.0
0.05,28,10,hcp,1.0,inf,1,1,1.0
0.05,28,10,pool,0.91,20.637226463319365,0,1,0.0
0.05,28,10,rep,1.0,inf,1,1,1.0
0.05,28,10,stdcp,0.8,12.512387558046619,0,1,0.0
0.05,28,10,sub,1.0,inf,1,1,1.0
0.05,28,15,dhcp_with,0.97,23.11517450196507,0,1,0.0
0.05,28,15,dhcp_without,0.97,23.11517450196507,0,1,0.0
0.05,28,15,hcp,1.0,inf,1,1,1.0
0.05,28,15,pool,0.91,20.637226463319365,0,1,0.0
0.05,28,15,rep,1.0,inf,1,1,1.0
0.05,28,15,stdcp,0.95,6.289996686546317,0,1,0.0
0.05,28,15,sub,1.0,inf,1,1,1.0
0.05,28,20,dhcp_with,0.93,20.144517029089194,0,1,0.0
0.05,28,20,dhcp_without,0.93,20.144517029089194,0,1,0.0
0.05,28,20,hcp,1.0,inf,1,1,1.0
0.05,28,20,pool,0.91,20.637226463319365,0,1,0.0
0.05,28,20,rep,1.0,inf,1,1,1.0
0.05,28,20,stdcp,0.89,5.344479000877848,0,1,0.0
0.05,28,20,sub,1.0,inf,1,1,1.0
0.05,28,25,dhcp_with,1.0,inf,1,1,1.0
0.05,28,25,dhcp_without,1.0,inf,1,1,1.0
0.05,28,25,hcp,1.0,inf,1,1,1.0
0.05,28,25,pool,0.91,20.637226463319365,0,1,0.0
0.05,28,25,rep,1.0,inf,1,1,1.0
0.05,28,25,stdcp,0.94,5.079140722156046,0,1,0.0
0.05,28,25,sub,1.0,inf,1,1,1.0
0.05,28,30,dhcp_with,1.0,inf,1,1,1.0
0.05,28,30,dhcp_without,1.0,inf,1,1,1.0
0.05,28,30,hcp,1.0,inf,1,1,1.0
0.05,28,30,pool,0.91,20.637226463319365,0,1,0.0
0.05,28,30,rep,1.0,inf,1,1,1.0
0.05,28,30,stdcp,0.94,5.281517653731125,0,1,0.0
0.05,28,30,sub,1.0,inf,1,1,1.0
0.05,28,35,dhcp_with,1.0,inf,1,1,1.0
0.05,28,35,dhcp_without,1.0,inf,1,1,1.0
0.05,28,35,hcp,1.0,inf,1,1,1.0
0.05,28,35,pool,0.91,20.637226463319365,0,1,0.0
0.05,28,35,rep,1.0,inf,1,1,1.0
0.05,28,35,stdcp,0.96,5.215320705436042,0,1,0.0
0.05,28,35,sub,1.0,inf,1,1,1.0
0.05,29,0,dhcp_with,1.0,inf,1,1,1.0
0.05,29,0,dhcp_without,1.0,inf,1,1,1.0
0.05,29,0,hcp,1.0,inf,1,1,1.0
0.05,29,0,pool,0.87,23.1812422146961,0,1,0.0
0.05,29,0,rep,1.0,inf,1,1,1.0
0.05,29,0,stdcp,1.0,inf,1,1,1.0
0.05,29,0,sub,1.0,inf,1,1,1.0
0.05,29,5,dhcp_with,1.0,inf,1,1,1.0
0.05,29,5,dhcp_without,1.0,inf,1,1,1.0
0.05,29,5,hcp,1.0,inf,1,1,1.0
0.05,29,5,pool,0.87,23.1812422146961,0,1,0.0
0.05,29,5,rep,1.0,inf,1,1,1.0
0.05,29,5,stdcp,0.69,4.422890975736806,0,1,0.0
0.05,29,5,sub,1.0,inf,1,1,1.0
0.05,29,10,dhcp_with,1.0,inf,1,1,1.0
0.05,29,10,dhcp_without,1.0,inf,1,1,1.0
0.05,29,10,hcp,1.0,inf,1,1,1.0
0.05,29,10,pool,0.87,23.1812422146961,0,1,0.0
0.05,29,10,rep,1.0,inf,1,1,1.0
0.05,29,10,stdcp,0.82,12.537462626395396,0,1,0.0
0.05,29,10,sub,1.0,inf,1,1,1.0
0.05,29,15,dhcp_with,0.95,25.910131513000366,0,1,0.0
0.05,29,15,dhcp_without,0.95,25.910131513000366,0,1,0.0
0.05,29,15,hcp,1.0,inf,1,1,1.0
0.05,29,15,pool,0.87,23.1812422146961,0,1,0.0
0.05,29,15,rep,1.0,inf,1,1,1.0
0.05,29,15,stdcp,0.95,8.007479819443898,0,1,0.0
0.05,29,15,sub,1.0,inf,1,1,1.0
0.05,29,20,dhcp_with,0.9,22.745178171027266,0,1,0.0
0.05,29,20,dhcp_without,0.9,22.745178171027266,0,1,0.0
0.05,29,20,hcp,1.0,inf,1,1,1.0
0.05,29,20,pool,0.87,23.1812422146961,0,1,0.0
0.05,29,20,rep,1.0,inf,1,1,1.0
0.05,29,20,stdcp,0.92,5.717361889407937,0,1,0.0
0.05,29,20,sub,1.0,inf,1,1,1.0
0.05,29,25,dhcp_with,1.0,inf,1,1,1.0
0.05,29,25,dhcp_without,1.0,inf,1,1,1.0
0.05,29,25,hcp,1.0,inf,1,1,1.0
0.05,29,25,pool,0.87,23.1812422146961,0,1,0.0
0.05,29,25,rep,1.0,inf,1,1,1.0
0.05,29,25,stdcp,0.92,5.935564409939261,0,1,0.0
0.05,29,25,sub,1.0,inf,1,1,1.0
0.05,29,30,dhcp_with,1.0,inf,1,1,1.0
0.05,29,30,dhcp_without,1.0,inf,1,1,1.0
0.05,29,30,hcp,1.0,inf,1,1,1.0
0.05,29,30,pool,0.87,23.1812422146961,0,1,0.0
0.05,29,30,rep,1.0,inf,1,1,1.0
0.05,29,30,stdcp,0.96,5.552219058615479,0,1,0.0
0.05,29,30,sub,1.0,inf,1,1,1.0
0.05,29,35,dhcp_with,1.0,inf,1,1,1.0
0.05,29,35,dhcp_without,1.0,inf,1,1,1.0
0.05,29,35,hcp,1.0,inf,1,1,1.0
0.05,29,35,pool,0.87,23.1812422146961,0,1,0.0
0.05,29,35,rep,1.0,inf,1,1,1.0
0.05,29,35,stdcp,0.95,5.6405112432994455,0,1,0.0
0.05,29,35,sub,1.0,inf,1,1,1.0
0.05,30,0,dhcp_with,1.0,inf,1,1,1.0
0.05,30,0,dhcp_without,1.0,inf,1,1,1.0
0.05,30,0,hcp,1.0,inf,1,1,1.0
0.05,30,0,pool,0.73,16.83528210180969,0,1,0.0
0.05,30,0,rep,1.0,inf,1,1,1.0
0.05,30,0,stdcp,1.0,inf,1,1,1.0
0.05,30,0,sub,1.0,inf,1,1,1.0
0.05,30,5,dhcp_with,1.0,inf,1,1,1.0
0.05,30,5,dhcp_without,1.0,inf,1,1,1.0
0.05,30,5,hcp,1.0,inf,1,1,1.0
0.05,30,5,pool,0.73,16.83528210180969,0,1,0.0
0.05,30,5,rep,1.0,inf,1,1,1.0
0.05,30,5,stdcp,0.69,4.6896456360391525,0,1,0.0
0.05,30,5,sub,1.0,inf,1,1,1.0
0.05,30,10,dhcp_with,1.0,inf,1,1,1.0
0.05,30,10,dhcp_without,1.0,inf,1,1,1.0
0.05,30,10,hcp,1.0,inf,1,1,1.0
0.05,30,10,pool,0.73,16.83528210180969,0,1,0.0
0.05,30,10,rep,1.0,inf,1,1,1.0
0.05,30,10,stdcp,0.83,10.381192871748734,0,1,0.0
0.05,30,10,sub,1.0,inf,1,1,1.0
0.05,30,15,dhcp_with,0.95,21.468352989995246,0,1,0.0
0.05,30,15,dhcp_without,0.95,21.468352989995246,0,1,0.0
0.05,30,15,hcp,1.0,inf,1,1,1.0
0.05,30,15,pool,0.73,16.83528210180969,0,1,0.0
0.05,30,15,rep,1.0,inf,1,1,1.0
0.05,30,15,stdcp,0.87,6.385929278202372,0,1,0.0
0.05,30,15,sub,1.0,inf,1,1,1.0
0.05,30,20,dhcp_with,0.82,16.610383312271274,0,1,0.0
0.05,30,20,dhcp_without,0.82,16.610383312271274,0,1,0.0
0.05,30,20,hcp,1.0,inf,1,1,1.0
0.05,30,20,pool,0.73,16.83528210180969,0,1,0.0
0.05,30,20,rep,1.0,inf,1,1,1.0
0.05,30,20,stdcp,0.88,5.602526217372117,0,1,0.0
0.05,30,20,sub,1.0,inf,1,1,1.0
0.05,30,25,dhcp_with,1.0,inf,1,1,1.0
0.05,30,25,dhcp_without,1.0,inf,1,1,1.0
0.05,30,25,hcp,1.0,inf,1,1,1.0
0.05,30,25,pool,0.73,16.83528210180969,0,1,0.0
0.05,30,25,rep,1.0,inf,1,1,1.0
0.05,30,25,stdcp,0.91,5.694113568839623,0,1,0.0
0.05,30,25,sub,1.0,inf,1,1,1.0
0.05,30,30,dhcp_with,1.0,inf,1,1,1.0
0.05,30,30,dhcp_without,1.0,inf,1,1,1.0
0.05,30,30,hcp,1.0,inf,1,1,1.0
0.05,30,30,pool,0.73,16.83528210180969,0,1,0.0
0.05,30,30,rep,1.0,inf,1,1,1.0
0.05,30,30,stdcp,0.93,5.323257981871348,0,1,0.0
0.05,30,30,sub,1.0,inf,1,1,1.0
0.05,30,35,dhcp_with,1.0,inf,1,1,1.0
0.05,30,35,dhcp_without,1.0,inf,1,1,1.0
0.05,30,35,hcp,1.0,inf,1,1,1.0
0.05,30,35,pool,0.73,16.83528210180969,0,1,0.0
0.05,30,35,rep,1.0,inf,1,1,1.0
0.05,30,35,stdcp,0.92,5.845612366914329,0,1,0.0
0.05,30,35,sub,1.0,inf,1,1,1.0
0.05,31,0,dhcp_with,1.0,inf,1,1,1.0
0.05,31,0,dhcp_without,1.0,inf,1,1,1.0
0.05,31,0,hcp,1.0,inf,1,1,1.0
0.05,31,0,pool,0.99,36.618343080811854,0,1,0.0
0.05,31,0,rep,1.0,inf,1,1,1.0
0.05,31,0,stdcp,1.0,inf,1,1,1.0
0.05,31,0,sub,1.0,inf,1,1,1.0
0.05,31,5,dhcp_with,1.0,inf,1,1,1.0
0.05,31,5,dhcp_without,1.0,inf,1,1,1.0
0.05,31,5,hcp,1.0,inf,1,1,1.0
0.05,31,5,pool,0.99,36.618343080811854,0,1,0.0
0.05,31,5,rep,1.0,inf,1,1,1.0
0.05,31,5,stdcp,0.71,4.970052969889555,0,1,0.0
0.05,31,5,sub,1.0,inf,1,1,1.0
0.05,31,10,dhcp_with,1.0,inf,1,1,1.0
0.05,31,10,dhcp_without,1.0,inf,1,1,1.0
0.05,31,10,hcp,1.0,inf,1,1,1.0
0.05,31,10,pool,0.99,36.618343080811854,0,1,0.0
0.05,31,10,rep,1.0,inf,1,1,1.0
0.05,31,10,stdcp,0.82,8.179766618424914,0,1,0.0
0.05,31,10,sub,1.0,inf,1,1,1.0
0.05,31,15,dhcp_with,1.0,38.5718870924714,0,1,0.0
0.05,31,15,dhcp_without,1.0,38.5718870924714,0,1,0.0
0.05,31,15,hcp,1.0,inf,1,1,1.0
0.05,31,15,pool,0.99,36.618343080811854,0,1,0.0
0.05,31,15,rep,1.0,inf,1,1,1.0
0.05,31,15,stdcp,0.84,6.311125506291092,0,1,0.0
0.05,31,15,sub,1.0,inf,1,1,1.0
0.05,31,20,dhcp_with,1.0,36.63072179352268,0,1,0.0
0.05,31,20,dhcp_without,1.0,36.63072179352268,0,1,0.0
0.05,31,20,hcp,1.0,inf,1,1,1.0
0.05,31,20,pool,0.99,36.618343080811854,0,1,0.0
0.05,31,20,rep,1.0,inf,1,1,1.0
0.05,31,20,stdcp,0.88,5.215866530635763,0,1,0.0
0.05,31,20,sub,1.0,inf,1,1,1.0
0.05,31,25,dhcp_with,1.0,inf,1,1,1.0
0.05,31,25,dhcp_without,1.0,inf,1,1,1.0
0.05,31,25,hcp,1.0,inf,1,1,1.0
0.05,31,25,pool,0.99,36.618343080811854,0,1,0.0
0.05,31,25,rep,1.0,inf,1,1,1.0
0.05,31,25,stdcp,0.96,5.552813093584703,0,1,0.0
0.05,31,25,sub,1.0,inf,1,1,1.0
0.05,31,30,dhcp_with,1.0,inf,1,1,1.0
0.05,31,30,dhcp_without,1.0,inf,1,1,1.0
0.05,31,30,hcp,1.0,inf,1,1,1.0
0.05,31,30,pool,0.99,36.618343080811854,0,1,0.0
0.05,31,30,rep,1.0,inf,1,1,1.0
0.05,31,30,stdcp,0.92,5.467550458592387,0,1,0.0
0.05,31,30,sub,1.0,inf,1,1,1.0
0.05,31,35,dhcp_with,1.0,inf,1,1,1.0
0.05,31,35,dhcp_without,1.0,inf,1,1,1.0
0.05,31,35,hcp,1.0,inf,1,1,1.0
0.05,31,35,pool,0.99,36.618343080811854,0,1,0.0
0.05,31,35,rep,1.0,inf,1,1,1.0
0.05,31,35,stdcp,0.93,5.451415342066104,0,1,0.0
0.05,31,35,sub,1.0,inf,1,1,1.0
0.05,32,0,dhcp_with,1.0,inf,1,1,1.0
0.05,32,0,dhcp_without,1.0,inf,1,1,1.0
0.05,32,0,hcp,1.0,inf,1,1,1.0
0.05,32,0,pool,0.92,42.016584094180146,0,1,0.0
0.05,32,0,rep,1.0,inf,1,1,1.0
0.05,32,0,stdcp,1.0,inf,1,1,1.0
0.05,32,0,sub,1.0,inf,1,1,1.0
0.05,32,5,dhcp_with,1.0,inf,1,1,1.0
0.05,32,5,dhcp_without,1.0,inf,1,1,1.0
0.05,32,5,hcp,1.0,inf,1,1,1.0
0.05,32,5,pool,0.92,42.016584094180146,0,1,0.0
0.05,32,5,rep,1.0,inf,1,1,1.0
0.05,32,5,stdcp,0.78,5.388908642434834,0,1,0.0
0.05,32,5,sub,1.0,inf,1,1,1.0
0.05,32,10,dhcp_with,1.0,inf,1,1,1.0
0.05,32,10,dhcp_without,1.0,inf,1,1,1.0
0.05,32,10,hcp,1.0,inf,1,1,1.0
0.05,32,10,pool,0.92,42.016584094180146,0,1,0.0
0.05,32,10,rep,1.0,inf,1,1,1.0
0.05,32,10,stdcp,0.82,10.464070417830015,0,1,0.0
0.05,32,10,sub,1.0,inf,1,1,1.0
0.05,32,15,dhcp_with,0.99,44.639718489506606,0,1,0.0
0.05,32,15,dhcp_without,0.99,44.639718489506606,0,1,0.0
0.05,32,15,hcp,1.0,inf,1,1,1.0
0.05,32,15,pool,0.92,42.016584094180146,0,1,0.0
0.05,32,15,rep,1.0,inf,1,1,1.0
0.05,32,15,stdcp,0.88,5.9581372814223,0,1,0.0
0.05,32,15,sub,1.0,inf,1,1,1.0
0.05,32,20,dhcp_with,0.96,40.90141015327846,0,1,0.0
0.05,32,20,dhcp_without,0.96,40.90141015327846,0,1,0.0
0.05,32,20,hcp,1.0,inf,1,1,1.0
0.05,32,20,pool,0.92,42.016584094180146,0,1,0.0
0.05,32,20,rep,1.0,inf,1,1,1.0
0.05,32,20,stdcp,0.9,5.812884706634701,0,1,0.0
0.05,32,20,sub,1.0,inf,1,1,1.0
0.05,32,25,dhcp_with,1.0,inf,1,1,1.0
0.05,32,25,dhcp_without,1.0,inf,1,1,1.0
0.05,32,25,hcp,1.0,inf,1,1,1.0
0.05,32,25,pool,0.92,42.016584094180146,0,1,0.0
0.05,32,25,rep,1.0,inf,1,1,1.0
0.05,32,25,stdcp,0.89,4.82231107803406,0,1,0.0
0.05,32,25,sub,1.0,inf,1,1,1.0
0.05,32,30,dhcp_with,1.0,inf,1,1,1.0
0.05,32,30,dhcp_without,1.0,inf,1,1,1.0
0.05,32,30,hcp,1.0,inf,1,1,1.0
0.05,32,30,pool,0.92,42.016584094180146,0,1,0.0
0.05,32,30,rep,1.0,inf,1,1,1.0
0.05,32,30,stdcp,0.97,5.237100744319493,0,1,0.0
0.05,32,30,sub,1.0,inf,1,1,1.0
0.05,32,35,dhcp_with,1.0,inf,1,1,1.0
0.05,32,35,dhcp_without,1.0,inf,1,1,1.0
0.05,32,35,hcp,1.0,inf,1,1,1.0
0.05,32,35,pool,0.92,42.016584094180146,0,1,0.0
0.05,32,35,rep,1.0,inf,1,1,1.0
0.05,32,35,stdcp,0.96,5.469395584039459,0,1,0.0
0.05,32,35,sub,1.0,inf,1,1,1.0
0.05,33,0,dhcp_with,1.0,inf,1,1,1.0
0.05,33,0,dhcp_without,1.0,inf,1,1,1.0
0.05,33,0,hcp,1.0,inf,1,1,1.0
0.05,33,0,pool,0.95,38.401135773972,0,1,0.0
0.05,33,0,rep,1.0,inf,1,1,1.0
0.05,33,0,stdcp,1.0,inf,1,1,1.0
0.05,33,0,sub,1.0,inf,1,1,1.0
0.05,33,5,dhcp_with,1.0,inf,1,1,1.0
0.05,33,5,dhcp_without,1.0,inf,1,1,1.0
0.05,33,5,hcp,1.0,inf,1,1,1.0
0.05,33,5,pool,0.95,38.401135773972,0,1,0.0
0.05,33,5,rep,1.0,inf,1,1,1.0
0.05,33,5,stdcp,0.79,5.018684853275674,0,1,0.0
0.05,33,5,sub,1.0,inf,1,1,1.0
0.05,33,10,dhcp_with,1.0,inf,1,1,1.0
0.05,33,10,dhcp_without,1.0,inf,1,1,1.0
0.05,33,10,hcp,1.0,inf,1,1,1.0
0.05,33,10,pool,0.95,38.401135773972,0,1,0.0
0.05,33,10,rep,1.0,inf,1,1,1.0
0.05,33,10,stdcp,0.88,11.650987184011061,0,1,0.0
0.05,33,10,sub,1.0,inf,1,1,1.0
0.05,33,15,dhcp_with,0.99,44.06858937813137,0,1,0.0
0.05,33,15,dhcp_without,0.99,44.06858937813137,0,1,0.0
0.05,33,15,hcp,1.0,inf,1,1,1.0
0.05,33,15,pool,0.95,38.401135773972,0,1,0.0
0.05,33,15,rep,1.0,inf,1,1,1.0
0.05,33,15,stdcp,0.88,6.285694266449398,0,1,0.0
0.05,33,15,sub,1.0,inf,1,1,1.0
0.05,33,20,dhcp_with,0.99,40.064961917641924,0,1,0.0
0.05,33,20,dhcp_without,0.99,40.064961917641924,0,1,0.0
0.05,33,20,hcp,1.0,inf,1,1,1.0
0.05,33,20,pool,0.95,38.401135773972,0,1,0.0
0.05,33,20,rep,1.0,inf,1,1,1.0
0.05,33,20,stdcp,0.95,5.877567073405441,0,1,0.0
0.05,33,20,sub,1.0,inf,1,1,1.0
0.05,33,25,dhcp_with,1.0,inf,1,1,1.0
0.05,33,25,dhcp_without,1.0,inf,1,1,1.0
0.05,33,25,hcp,1.0,inf,1,1,1.0
0.05,33,25,pool,0.95,38.401135773972,0,1,0.0
0.05,33,25,rep,1.0,inf,1,1,1.0
0.05,33,25,stdcp,0.93,5.893572027680372,0,1,0.0
0.05,33,25,sub,1.0,inf,1,1,1.0
0.05,33,30,dhcp_with,1.0,inf,1,1,1.0
0.05,33,30,dhcp_without,1.0,inf,1,1,1.0
0.05,33,30,hcp,1.0,inf,1,1,1.0
0.05,33,30,pool,0.95,38.401135773972,0,1,0.0
0.05,33,30,rep,1.0,inf,1,1,1.0
0.05,33,30,stdcp,0.97,5.604927295027549,0,1,0.0
0.05,33,30,sub,1.0,inf,1,1,1.0
0.05,33,35,dhcp_with,1.0,inf,1,1,1.0
0.05,33,35,dhcp_without,1.0,inf,1,1,1.0
0.05,33,35,hcp,1.0,inf,1,1,1.0
0.05,33,35,pool,0.95,38.401135773972,0,1,0.0
0.05,33,35,rep,1.0,inf,1,1,1.0
0.05,33,35,stdcp,0.95,5.8258115997567455,0,1,0.0
0.05,33,35,sub,1.0,inf,1,1,1.0
0.05,34,0,dhcp_with,1.0,inf,1,1,1.0
0.05,34,0,dhcp_without,1.0,inf,1,1,1.0
0.05,34,0,hcp,1.0,inf,1,1,1.0
0.05,34,0,pool,0.74,28.77893730680374,0,1,0.0
0.05,34,0,rep,1.0,inf,1,1,1.0
0.05,34,0,stdcp,1.0,inf,1,1,1.0
0.05,34,0,sub,1.0,inf,1,1,1.0
0.05,34,5,dhcp_with,1.0,inf,1,1,1.0
0.05,34,5,dhcp_without,1.0,inf,1,1,1.0
0.05,34,5,hcp,1.0,inf,1,1,1.0
0.05,34,5,pool,0.74,28.77893730680374,0,1,0.0
0.05,34,5,rep,1.0,inf,1,1,1.0
0.05,34,5,stdcp,0.74,4.94219480259772,0,1,0.0
0.05,34,5,sub,1.0,inf,1,1,1.0
0.05,34,10,dhcp_with,1.0,inf,1,1,1.0
0.05,34,10,dhcp_without,1.0,inf,1,1,1.0
0.05,34,10,hcp,1.0,inf,1,1,1.0
0.05,34,10,pool,0.74,28.77893730680374,0,1,0.0
0.05,34,10,rep,1.0,inf,1,1,1.0
0.05,34,10,stdcp,0.82,10.016777529208884,0,1,0.0
0.05,34,10,sub,1.0,inf,1,1,1.0
0.05,34,15,dhcp_with,0.94,34.88897219831533,0,1,0.0
0.05,34,15,dhcp_without,0.94,34.88897219831533,0,1,0.0
0.05,34,15,hcp,1.0,inf,1,1,1.0
0.05,34,15,pool,0.74,28.77893730680374,0,1,0.0
0.05,34,15,rep,1.0,inf,1,1,1.0
0.05,34,15,stdcp,0.89,6.782485540658515,0,1,0.0
0.05,34,15,sub,1.0,inf,1,1,1.0
0.05,34,20,dhcp_with,0.83,28.795374377126606,0,1,0.0
0.05,34,20,dhcp_without,0.83,28.795374377126606,0,1,0.0
0.05,34,20,hcp,1.0,inf,1,1,1.0
0.05,34,20,pool,0.74,28.77893730680374,0,1,0.0
0.05,34,20,rep,1.0,inf,1,1,1.0
0.05,34,20,stdcp,0.93,5.559639376905441,0,1,0.0
0.05,34,20,sub,1.0,inf,1,1,1.0
0.05,34,25,dhcp_with,1.0,inf,1,1,1.0
0.05,34,25,dhcp_without,1.0,inf,1,1,1.0
0.05,34,25,hcp,1.0,inf,1,1,1.0
0.05,34,25,pool,0.74,28.77893730680374,0,1,0.0
0.05,34,25,rep,1.0,inf,1,1,1.0
0.05,34,25,stdcp,0.91,5.593398267762931,0,1,0.0
0.05,34,25,sub,1.0,inf,1,1,1.0
0.05,34,30,dhcp_with,1.0,inf,1,1,1.0
0.05,34,30,dhcp_without,1.0,inf,1,1,1.0
0.05,34,30,hcp,1.0,inf,1,1,1.0
0.05,34,30,pool,0.74,28.77893730680374,0,1,0.0
0.05,34,30,rep,1.0,inf,1,1,1.0
0.05,34,30,stdcp,0.91,5.343630928177257,0,1,0.0
0.05,34,30,sub,1.0,inf,1,1,1.0
0.05,34,35,dhcp_with,1.0,inf,1,1,1.0
0.05,34,35,dhcp_without,1.0,inf,1,1,1.0
0.05,34,35,hcp,1.0,inf,1,1,1.0
0.05,34,35,pool,0.74,28.77893730680374,0,1,0.0
0.05,34,35,rep,1.0,inf,1,1,1.0
0.05,34,35,stdcp,0.92,5.259678421862489,0,1,0.0
0.05,34,35,sub,1.0,inf,1,1,1.0
0.05,35,0,dhcp_with,1.0,inf,1,1,1.0
0.05,35,0,dhcp_without,1.0,inf,1,1,1.0
0.05,35,0,hcp,1.0,inf,1,1,1.0
0.05,35,0,pool,0.93,27.951127851057635,0,1,0.0
0.05,35,0,rep,1.0,inf,1,1,1.0
0.05,35,0,stdcp,1.0,inf,1,1,1.0
0.05,35,0,sub,1.0,inf,1,1,1.0
0.05,35,5,dhcp_with,1.0,inf,1,1,1.0
0.05,35,5,dhcp_without,1.0,inf,1,1,1.0
0.05,35,5,hcp,1.0,inf,1,1,1.0
0.05,35,5,pool,0.93,27.951127851057635,0,1,0.0
0.05,35,5,rep,1.0,inf,1,1,1.0
0.05,35,5,stdcp,0.7,4.713931535370122,0,1,0.0
0.05,35,5,sub,1.0,inf,1,1,1.0
0.05,35,10,dhcp_with,1.0,inf,1,1,1.0
0.05,35,10,dhcp_without,1.0,inf,1,1,1.0
0.05,35,10,hcp,1.0,inf,1,1,1.0
0.05,35,10,pool,0.93,27.951127851057635,0,1,0.0
0.05,35,10,rep,1.0,inf,1,1,1.0
0.05,35,10,stdcp,0.87,12.856199950532439,0,1,0.0
0.05,35,10,sub,1.0,inf,1,1,1.0
0.05,35,15,dhcp_with,0.99,31.315187912385298,0,1,0.0
0.05,35,15,dhcp_without,0.99,31.315187912385298,0,1,0.0
0.05,35,15,hcp,1.0,inf,1,1,1.0
0.05,35,15,pool,0.93,27.951127851057635,0,1,0.0
0.05,35,15,rep,1.0,inf,1,1,1.0
0.05,35,15,stdcp,0.88,6.971654775546758,0,1,0.0
0.05,35,15,sub,1.0,inf,1,1,1.0
0.05,35,20,dhcp_with,0.96,27.118330551594195,0,1,0.0
0.05,35,20,dhcp_without,0.96,27.118330551594195,0,1,0.0
0.05,35,20,hcp,1.0,inf,1,1,1.0
0.05,35,20,pool,0.93,27.951127851057635,0,1,0.0
0.05,35,20,rep,1.0,inf,1,1,1.0
0.05,35,20,stdcp,0.89,6.083422061279276,0,1,0.0
0.05,35,20,sub,1.0,inf,1,1,1.0
0.05,35,25,dhcp_with,1.0,inf,1,1,1.0
0.05,35,25,dhcp_without,1.0,inf,1,1,1.0
0.05,35,25,hcp,1.0,inf,1,1,1.0
0.05,35,25,pool,0.93,27.951127851057635,0,1,0.0
0.05,35,25,rep,1.0,inf,1,1,1.0
0.05,35,25,stdcp,0.9,5.617584091123579,0,1,0.0
0.05,35,25,sub,1.0,inf,1,1,1.0
0.05,35,30,dhcp_with,1.0,inf,1,1,1.0
0.05,35,30,dhcp_without,1.0,inf,1,1,1.0
0.05,35,30,hcp,1.0,inf,1,1,1.0
0.05,35,30,pool,0.93,27.951127851057635,0,1,0.0
0.05,35,30,rep,1.0,inf,1,1,1.0
0.05,35,30,stdcp,0.93,5.777011979970917,0,1,0.0
0.05,35,30,sub,1.0,inf,1,1,1.0
0.05,35,35,dhcp_with,1.0,inf,1,1,1.0
0.05,35,35,dhcp_without,1.0,inf,1,1,1.0
0.05,35,35,hcp,1.0,inf,1,1,1.0
0.05,35,35,pool,0.93,27.951127851057635,0,1,0.0
0.05,35,35,rep,1.0,inf,1,1,1.0
0.05,35,35,stdcp,0.92,5.552609990733818,0,1,0.0
0.05,35,35,sub,1.0,inf,1,1,1.0
0.05,36,0,dhcp_with,1.0,inf,1,1,1.0
0.05,36,0,dhcp_without,1.0,inf,1,1,1.0
0.05,36,0,hcp,1.0,inf,1,1,1.0
0.05,36,0,pool,0.99,53.98232048365984,0,1,0.0
0.05,36,0,rep,1.0,inf,1,1,1.0
0.05,36,0,stdcp,1.0,inf,1,1,1.0
0.05,36,0,sub,1.0,inf,1,1,1.0
0.05,36,5,dhcp_with,1.0,inf,1,1,1.0
0.05,36,5,dhcp_without,1.0,inf,1,1,1.0
0.05,36,5,hcp,1.0,inf,1,1,1.0
0.05,36,5,pool,0.99,53.98232048365984,0,1,0.0
0.05,36,5,rep,1.0,inf,1,1,1.0
0.05,36,5,stdcp,0.8,5.318652426755499,0,1,0.0
0.05,36,5,sub,1.0,inf,1,1,1.0
0.05,36,10,dhcp_with,1.0,inf,1,1,1.0
0.05,36,10,dhcp_without,1.0,inf,1,1,1.0
0.05,36,10,hcp,1.0,inf,1,1,1.0
0.05,36,10,pool,0.99,53.98232048365984,0,1,0.0
0.05,36,10,rep,1.0,inf,1,1,1.0
0.05,36,10,stdcp,0.89,12.454102389345081,0,1,0.0
0.05,36,10,sub,1.0,inf,1,1,1.0
0.05,36,15,dhcp_with,1.0,60.7182725116552,0,1,0.0
0.05,36,15,dhcp_without,1.0,60.7182725116552,0,1,0.0
0.05,36,15,hcp,1.0,inf,1,1,1.0
0.05,36,15,pool,0.99,53.98232048365984,0,1,0.0
0.05,36,15,rep,1.0,inf,1,1,1.0
0.05,36,15,stdcp,0.88,7.1217085162633245,0,1,0.0
0.05,36,15,sub,1.0,inf,1,1,1.0
0.05,36,20,dhcp_with,0.99,53.98232048365984,0,1,0.0
0.05,36,20,dhcp_without,0.99,53.98232048365984,0,1,0.0
0.05,36,20,hcp,1.0,inf,1,1,1.0
0.05,36,20,pool,0.99,53.98232048365984,0,1,0.0
0.05,36,20,rep,1.0,inf,1,1,1.0
0.05,36,20,stdcp,0.88,5.850128270588946,0,1,0.0
0.05,36,20,sub,1.0,inf,1,1,1.0
0.05,36,25,dhcp_with,1.0,inf,1,1,1.0
0.05,36,25,dhcp_without,1.0,inf,1,1,1.0
0.05,36,25,hcp,1.0,inf,1,1,1.0
0.05,36,25,pool,0.99,53.98232048365984,0,1,0.0
0.05,36,25,rep,1.0,inf,1,1,1.0
0.05,36,25,stdcp,0.94,5.963651369760531,0,1,0.0
0.05,36,25,sub,1.0,inf,1,1,1.0
0.05,36,30,dhcp_with,1.0,inf,1,1,1.0
0.05,36,30,dhcp_without,1.0,inf,1,1,1.0
0.05,36,30,hcp,1.0,inf,1,1,1.0
0.05,36,30,pool,0.99,53.98232048365984,0,1,0.0
0.05,36,30,rep,1.0,inf,1,1,1.0
0.05,36,30,stdcp,0.94,6.151924403073912,0,1,0.0
0.05,36,30,sub,1.0,inf,1,1,1.0
0.05,36,35,dhcp_with,1.0,inf,1,1,1.0
0.05,36,35,dhcp_without,1.0,inf,1,1,1.0
0.05,36,35,hcp,1.0,inf,1,1,1.0
0.05,36,35,pool,0.99,53.98232048365984,0,1,0.0
0.05,36,35,rep,1.0,inf,1,1,1.0
0.05,36,35,stdcp,0.95,5.778471224719557,0,1,0.0
0.05,36,35,sub,1.0,inf,1,1,1.0
0.05,37,0,dhcp_with,1.0,inf,1,1,1.0
0.05,37,0,dhcp_without,1.0,inf,1,1,1.0
0.05,37,0,hcp,1.0,inf,1,1,1.0
0.05,37,0,pool,0.91,32.054413020850944,0,1,0.0
0.05,37,0,rep,1.0,inf,1,1,1.0
0.05,37,0,stdcp,1.0,inf,1,1,1.0
0.05,37,0,sub,1.0,inf,1,1,1.0
0.05,37,5,dhcp_with,1.0,inf,1,1,1.0
0.05,37,5,dhcp_without,1.0,inf,1,1,1.0
0.05,37,5,hcp,1.0,inf,1,1,1.0
0.05,37,5,pool,0.91,32.054413020850944,0,1,0.0
0.05,37,5,rep,1.0,inf,1,1,1.0
0.05,37,5,stdcp,0.72,4.071616791523854,0,1,0.0
0.05,37,5,sub,1.0,inf,1,1,1.0
0.05,37,10,dhcp_with,1.0,inf,1,1,1.0
0.05,37,10,dhcp_without,1.0,inf,1,1,1.0
0.05,37,10,hcp,1.0,inf,1,1,1.0
0.05,37,10,pool,0.91,32.054413020850944,0,1,0.0
0.05,37,10,rep,1.0,inf,1,1,1.0
0.05,37,10,stdcp,0.85,9.631106057199696,0,1,0.0
0.05,37,10,sub,1.0,inf,1,1,1.0
0.05,37,15,dhcp_with,0.96,39.99109049942038,0,1,0.0
0.05,37,15,dhcp_without,0.96,39.99109049942038,0,1,0.0
0.05,37,15,hcp,1.0,inf,1,1,1.0
0.05,37,15,pool,0.91,32.054413020850944,0,1,0.0
0.05,37,15,rep,1.0,inf,1,1,1.0
0.05,37,15,stdcp,0.85,5.85671473973231,0,1,0.0
0.05,37,15,sub,1.0,inf,1,1,1.0
0.05,37,20,dhcp_with,0.94,32.49173422065269,0,1,0.0
0.05,37,20,dhcp_without,0.94,32.49173422065269,0,1,0.0
0.05,37,20,hcp,1.0,inf,1,1,1.0
0.05,37,20,pool,0.91,32.054413020850944,0,1,0.0
0.05,37,20,rep,1.0,inf,1,1,1.0
0.05,37,20,stdcp,0.93,5.414465950781267,0,1,0.0
0.05,37,20,sub,1.0,inf,1,1,1.0
0.05,37,25,dhcp_with,1.0,inf,1,1,1.0
0.05,37,25,dhcp_without,1.0,inf,1,1,1.0
0.05,37,25,hcp,1.0,inf,1,1,1.0
0.05,37,25,pool,0.91,32.054413020850944,0,1,0.0
0.05,37,25,rep,1.0,inf,1,1,1.0
0.05,37,25,stdcp,0.93,5.19249804234696,0,1,0.0
0.05,37,25,sub,1.0,inf,1,1,1.0
0.05,37,30,dhcp_with,1.0,inf,1,1,1.0
0.05,37,30,dhcp_without,1.0,inf,1,1,1.0
0.05,37,30,hcp,1.0,inf,1,1,1.0
0.05,37,30,pool,0.91,32.054413020850944,0,1,0.0
0.05,37,30,rep,1.0,inf,1,1,1.0
0.05,37,30,stdcp,0.93,4.976695422790998,0,1,0.0
0.05,37,30,sub,1.0,inf,1,1,1.0
0.05,37,35,dhcp_with,1.0,inf,1,1,1.0
0.05,37,35,dhcp_without,1.0,inf,1,1,1.0
0.05,37,35,hcp,1.0,inf,1,1,1.0
0.05,37,35,pool,0.91,32.054413020850944,0,1,0.0
0.05,37,35,rep,1.0,inf,1,1,1.0
0.05,37,35,stdcp,0.96,5.230638208299061,0,1,0.0
0.05,37,35,sub,1.0,inf,1,1,1.0
0.05,38,0,dhcp_with,1.0,inf,1,1,1.0
0.05,38,0,dhcp_without,1.0,inf,1,1,1.0
0.05,38,0,hcp,1.0,inf,1,1,1.0
0.05,38,0,pool,1.0,73.38693242498044,0,1,0.0
0.05,38,0,rep,1.0,inf,1,1,1.0
0.05,38,0,stdcp,1.0,inf,1,1,1.0
0.05,38,0,sub,1.0,inf,1,1,1.0
0.05,38,5,dhcp_with,1.0,inf,1,1,1.0
0.05,38,5,dhcp_without,1.0,inf,1,1,1.0
0.05,38,5,hcp,1.0,inf,1,1,1.0
0.05,38,5,pool,1.0,73.38693242498044,0,1,0.0
0.05,38,5,rep,1.0,inf,1,1,1.0
0.05,38,5,stdcp,0.75,4.677889493457865,0,1,0.0
0.05,38,5,sub,1.0,inf,1,1,1.0
0.05,38,10,dhcp_with,1.0,inf,1,1,1.0
0.05,38,10,dhcp_without,1.0,inf,1,1,1.0
0.05,38,10,hcp,1.0,inf,1,1,1.0
0.05,38,10,pool,1.0,73.38693242498044,0,1,0.0
0.05,38,10,rep,1.0,inf,1,1,1.0
0.05,38,10,stdcp,0.83,9.165780704755086,0,1,0.0
0.05,38,10,sub,1.0,inf,1,1,1.0
0.05,38,15,dhcp_with,1.0,75.38860011428379,0,1,0.0
0.05,38,15,dhcp_without,1.0,75.38860011428379,0,1,0.0
0.05,38,15,hcp,1.0,inf,1,1,1.0
0.05,38,15,pool,1.0,73.38693242498044,0,1,0.0
0.05,38,15,rep,1.0,inf,1,1,1.0
0.05,38,15,stdcp,0.95,7.353489101837711,0,1,0.0
0.05,38,15,sub,1.0,inf,1,1,1.0
0.05,38,20,dhcp_with,1.0,72.84934730516173,0,1,0.0
0.05,38,20,dhcp_without,1.0,72.84934730516173,0,1,0.0
0.05,38,20,hcp,1.0,inf,1,1,1.0
0.05,38,20,pool,1.0,73.38693242498044,0,1,0.0
0.05,38,20,rep,1.0,inf,1,1,1.0
0.05,38,20,stdcp,0.93,5.6955646822729875,0,1,0.0
0.05,38,20,sub,1.0,inf,1,1,1.0
0.05,38,25,dhcp_with,1.0,inf,1,1,1.0
0.05,38,25,dhcp_without,1.0,inf,1,1,1.0
0.05,38,25,hcp,1.0,inf,1,1,1.0
0.05,38,25,pool,1.0,73.38693242498044,0,1,0.0
0.05,38,25,rep,1.0,inf,1,1,1.0
0.05,38,25,stdcp,0.94,6.0987179455405505,0,1,0.0
0.05,38,25,sub,1.0,inf,1,1,1.0
0.05,38,30,dhcp_with,1.0,inf,1,1,1.0
0.05,38,30,dhcp_without,1.0,inf,1,1,1.0
0.05,38,30,hcp,1.0,inf,1,1,1.0
0.05,38,30,pool,1.0,73.38693242498044,0,1,0.0
0.05,38,30,rep,1.0,inf,1,1,1.0
0.05,38,30,stdcp,0.95,5.830152133695986,0,1,0.0
0.05,38,30,sub,1.0,inf,1,1,1.0
0.05,38,35,dhcp_with,1.0,inf,1,1,1.0
0.05,38,35,dhcp_without,1.0,inf,1,1,1.0
0.05,38,35,hcp,1.0,inf,1,1,1.0
0.05,38,35,pool,1.0,73.38693242498044,0,1,0.0
0.05,38,35,rep,1.0,inf,1,1,1.0
0.05,38,35,stdcp,0.96,6.053146087134622,0,1,0.0
0.05,38,35,sub,1.0,inf,1,1,1.0
0.05,39,0,dhcp_with,1.0,inf,1,1,1.0
0.05,39,0,dhcp_without,1.0,inf,1,1,1.0
0.05,39,0,hcp,1.0,inf,1,1,1.0
0.05,39,0,pool,0.93,23.686615380696576,0,1,0.0
0.05,39,0,rep,1.0,inf,1,1,1.0
0.05,39,0,stdcp,1.0,inf,1,1,1.0
0.05,39,0,sub,1.0,inf,1,1,1.0
0.05,39,5,dhcp_with,1.0,inf,1,1,1.0
0.05,39,5,dhcp_without,1.0,inf,1,1,1.0
0.05,39,5,hcp,1.0,inf,1,1,1.0
0.05,39,5,pool,0.93,23.686615380696576,0,1,0.0
0.05,39,5,rep,1.0,inf,1,1,1.0
0.05,39,5,stdcp,0.72,4.76024274250613,0,1,0.0
0.05,39,5,sub,1.0,inf,1,1,1.0
0.05,39,10,dhcp_with,1.0,inf,1,1,1.0
0.05,39,10,dhcp_without,1.0,inf,1,1,1.0
0.05,39,10,hcp,1.0,inf,1,1,1.0
0.05,39,10,pool,0.93,23.686615380696576,0,1,0.0
0.05,39,10,rep,1.0,inf,1,1,1.0
0.05,39,10,stdcp,0.77,9.708957080040847,0,1,0.0
0.05,39,10,sub,1.0,inf,1,1,1.0
0.05,39,15,dhcp_with,0.98,26.491077521060042,0,1,0.0
0.05,39,15,dhcp_without,0.98,26.491077521060042,0,1,0.0
0.05,39,15,hcp,1.0,inf,1,1,1.0
0.05,39,15,pool,0.93,23.686615380696576,0,1,0.0
0.05,39,15,rep,1.0,inf,1,1,1.0
0.05,39,15,stdcp,0.85,6.532303800765034,0,1,0.0
0.05,39,15,sub,1.0,inf,1,1,1.0
0.05,39,20,dhcp_with,0.94,23.686615380696576,0,1,0.0
0.05,39,20,dhcp_without,0.94,23.686615380696576,0,1,0.0
0.05,39,20,hcp,1.0,inf,1,1,1.0
0.05,39,20,pool,0.93,23.686615380696576,0,1,0.0
0.05,39,20,rep,1.0,inf,1,1,1.0
0.05,39,20,stdcp,0.93,5.221396844787192,0,1,0.0
0.05,39,20,sub,1.0,inf,1,1,1.0
0.05,39,25,dhcp_with,1.0,inf,1,1,1.0
0.05,39,25,dhcp_without,1.0,inf,1,1,1.0
0.05,39,25,hcp,1.0,inf,1,1,1.0
0.05,39,25,pool,0.93,23.686615380696576,0,1,0.0
0.05,39,25,rep,1.0,inf,1,1,1.0
0.05,39,25,stdcp,0.93,5.135265298062052,0,1,0.0
0.05,39,25,sub,1.0,inf,1,1,1.0
0.05,39,30,dhcp_with,1.0,inf,1,1,1.0
0.05,39,30,dhcp_without,1.0,inf,1,1,1.0
0.05,39,30,hcp,1.0,inf,1,1,1.0
0.05,39,30,pool,0.93,23.686615380696576,0,1,0.0
0.05,39,30,rep,1.0,inf,1,1,1.0
0.05,39,30,stdcp,0.93,4.872429996896252,0,1,0.0
0.05,39,30,sub,1.0,inf,1,1,1.0
0.05,39,35,dhcp_with,1.0,inf,1,1,1.0
0.05,39,35,dhcp_without,1.0,inf,1,1,1.0
0.05,39,35,hcp,1.0,inf,1,1,1.0
0.05,39,35,pool,0.93,23.686615380696576,0,1,0.0
0.05,39,35,rep,1.0,inf,1,1,1.0
0.05,39,35,stdcp,0.94,5.039543541323638,0,1,0.0
0.05,39,35,sub,1.0,inf,1,1,1.0
0.05,40,0,dhcp_with,1.0,inf,1,1,1.0
0.05,40,0,dhcp_without,1.0,inf,1,1,1.0
0.05,40,0,hcp,1.0,inf,1,1,1.0
0.05,40,0,pool,0.98,37.55350270925552,0,1,0.0
0.05,40,0,rep,1.0,inf,1,1,1.0
0.05,40,0,stdcp,1.0,inf,1,1,1.0
0.05,40,0,sub,1.0,inf,1,1,1.0
0.05,40,5,dhcp_with,1.0,inf,1,1,1.0
0.05,40,5,dhcp_without,1.0,inf,1,1,1.0
0.05,40,5,hcp,1.0,inf,1,1,1.0
0.05,40,5,pool,0.98,37.55350270925552,0,1,0.0
0.05,40,5,rep,1.0,inf,1,1,1.0
0.05,40,5,stdcp,0.85,5.338258203106428,0,1,0.0
0.05,40,5,sub,1.0,inf,1,1,1.0
0.05,40,10,dhcp_with,1.0,inf,1,1,1.0
0.05,40,10,dhcp_without,1.0,inf,1,1,1.0
0.05,40,10,hcp,1.0,inf,1,1,1.0
0.05,40,10,pool,0.98,37.55350270925552,0,1,0.0
0.05,40,10,rep,1.0,inf,1,1,1.0
0.05,40,10,stdcp,0.81,9.759101920053192,0,1,0.0
0.05,40,10,sub,1.0,inf,1,1,1.0
0.05,40,15,dhcp_with,1.0,41.14377017836949,0,1,0.0
0.05,40,15,dhcp_without,1.0,41.14377017836949,0,1,0.0
0.05,40,15,hcp,1.0,inf,1,1,1.0
0.05,40,15,pool,0.98,37.55350270925552,0,1,0.0
0.05,40,15,rep,1.0,inf,1,1,1.0
0.05,40,15,stdcp,0.92,6.4777126576135355,0,1,0.0
0.05,40,15,sub,1.0,inf,1,1,1.0
0.05,40,20,dhcp_with,1.0,36.36271400760537,0,1,0.0
0.05,40,20,dhcp_without,1.0,36.36271400760537,0,1,0.0
0.05,40,20,hcp,1.0,inf,1,1,1.0
0.05,40,20,pool,0.98,37.55350270925552,0,1,0.0
0.05,40,20,rep,1.0,inf,1,1,1.0
0.05,40,20,stdcp,0.97,5.6740577196933755,0,1,0.0
0.05,40,20,sub,1.0,inf,1,1,1.0
0.05,40,25,dhcp_with,1.0,inf,1,1,1.0
0.05,40,25,dhcp_without,1.0,inf,1,1,1.0
0.05,40,25,hcp,1.0,inf,1,1,1.0
0.05,40,25,pool,0.98,37.55350270925552,0,1,0.0
0.05,40,25,rep,1.0,inf,1,1,1.0
0.05,40,25,stdcp,0.98,6.210995618757876,0,1,0.0
0.05,40,25,sub,1.0,inf,1,1,1.0
0.05,40,30,dhcp_with,1.0,inf,1,1,1.0
0.05,40,30,dhcp_without,1.0,inf,1,1,1.0
0.05,40,30,hcp,1.0,inf,1,1,1.0
0.05,40,30,pool,0.98,37.55350270925552,0,1,0.0
0.05,40,30,rep,1.0,inf,1,1,1.0
0.05,40,30,stdcp,0.94,5.200276025382126,0,1,0.0
0.05,40,30,sub,1.0,inf,1,1,1.0
0.05,40,35,dhcp_with,1.0,inf,1,1,1.0
0.05,40,35,dhcp_without,1.0,inf,1,1,1.0
0.05,40,35,hcp,1.0,inf,1,1,1.0
0.05,40,35,pool,0.98,37.55350270925552,0,1,0.0
0.05,40,35,rep,1.0,inf,1,1,1.0
0.05,40,35,stdcp,0.98,5.311945218811864,0,1,0.0
0.05,40,35,sub,1.0,inf,1,1,1.0
0.05,41,0,dhcp_with,1.0,inf,1,1,1.0
0.05,41,0,dhcp_without,1.0,inf,1,1,1.0
0.05,41,0,hcp,1.0,inf,1,1,1.0
0.05,41,0,pool,0.92,25.54332694363547,0,1,0.0
0.05,41,0,rep,1.0,inf,1,1,1.0
0.05,41,0,stdcp,1.0,inf,1,1,1.0
0.05,41,0,sub,1.0,inf,1,1,1.0
0.05,41,5,dhcp_with,1.0,inf,1,1,1.0
0.05,41,5,dhcp_without,1.0,inf,1,1,1.0
0.05,41,5,hcp,1.0,inf,1,1,1.0
0.05,41,5,pool,0.92,25.54332694363547,0,1,0.0
0.05,41,5,rep,1.0,inf,1,1,1.0
0.05,41,5,stdcp,0.75,4.104873484378945,0,1,0.0
0.05,41,5,sub,1.0,inf,1,1,1.0
0.05,41,10,dhcp_with,1.0,inf,1,1,1.0
0.05,41,10,dhcp_without,1.0,inf,1,1,1.0
0.05,41,10,hcp,1.0,inf,1,1,1.0
0.05,41,10,pool,0.92,25.54332694363547,0,1,0.0
0.05,41,10,rep,1.0,inf,1,1,1.0
0.05,41,10,stdcp,0.81,9.919855814602869,0,1,0.0
0.05,41,10,sub,1.0,inf,1,1,1.0
0.05,41,15,dhcp_with,0.96,28.61819292043114,0,1,0.0
0.05,41,15,dhcp_without,0.96,28.61819292043114,0,1,0.0
0.05,41,15,hcp,1.0,inf,1,1,1.0
0.05,41,15,pool,0.92,25.54332694363547,0,1,0.0
0.05,41,15,rep,1.0,inf,1,1,1.0
0.05,41,15,stdcp,0.93,6.564478798509212,0,1,0.0
0.05,41,15,sub,1.0,inf,1,1,1.0
0.05,41,20,dhcp_with,0.95,24.763788648679338,0,1,0.0
0.05,41,20,dhcp_without,0.95,24.763788648679338,0,1,0.0
0.05,41,20,hcp,1.0,inf,1,1,1.0
0.05,41,20,pool,0.92,25.54332694363547,0,1,0.0
0.05,41,20,rep,1.0,inf,1,1,1.0
0.05,41,20,stdcp,0.9,5.326400795917428,0,1,0.0
0.05,41,20,sub,1.0,inf,1,1,1.0
0.05,41,25,dhcp_with,1.0,inf,1,1,1.0
0.05,41,25,dhcp_without,1.0,inf,1,1,1.0
0.05,41,25,hcp,1.0,inf,1,1,1.0
0.05,41,25,pool,0.92,25.54332694363547,0,1,0.0
0.05,41,25,rep,1.0,inf,1,1,1.0
0.05,41,25,stdcp,0.93,5.4987459174564535,0,1,0.0
0.05,41,25,sub,1.0,inf,1,1,1.0
0.05,41,30,dhcp_with,1.0,inf,1,1,1.0
0.05,41,30,dhcp_without,1.0,inf,1,1,1.0
0.05,41,30,hcp,1.0,inf,1,1,1.0
0.05,41,30,pool,0.92,25.54332694363547,0,1,0.0
0.05,41,30,rep,1.0,inf,1,1,1.0
0.05,41,30,stdcp,0.91,5.283182900273355,0,1,0.0
0.05,41,30,sub,1.0,inf,1,1,1.0
0.05,41,35,dhcp_with,1.0,inf,1,1,1.0
0.05,41,35,dhcp_without,1.0,inf,1,1,1.0
0.05,41,35,hcp,1.0,inf,1,1,1.0
0.05,41,35,pool,0.92,25.54332694363547,0,1,0.0
0.05,41,35,rep,1.0,inf,1,1,1.0
0.05,41,35,stdcp,0.92,5.191781810255616,0,1,0.0
0.05,41,35,sub,1.0,inf,1,1,1.0
0.05,42,0,dhcp_with,1.0,inf,1,1,1.0
0.05,42,0,dhcp_without,1.0,inf,1,1,1.0
0.05,42,0,hcp,1.0,inf,1,1,1.0
0.05,42,0,pool,0.93,49.46447187496919,0,1,0.0
0.05,42,0,rep,1.0,inf,1,1,1.0
0.05,42,0,stdcp,1.0,inf,1,1,1.0
0.05,42,0,sub,1.0,inf,1,1,1.0
0.05,42,5,dhcp_with,1.0,inf,1,1,1.0
0.05,42,5,dhcp_without,1.0,inf,1,1,1.0
0.05,42,5,hcp,1.0,inf,1,1,1.0
0.05,42,5,pool,0.93,49.46447187496919,0,1,0.0
0.05,42,5,rep,1.0,inf,1,1,1.0
0.05,42,5,stdcp,0.7,4.396241028850373,0,1,0.0
0.05,42,5,sub,1.0,inf,1,1,1.0
0.05,42,10,dhcp_with,1.0,inf,1,1,1.0
0.05,42,10,dhcp_without,1.0,inf,1,1,1.0
0.05,42,10,hcp,1.0,inf,1,1,1.0
0.05,42,10,pool,0.93,49.46447187496919,0,1,0.0
0.05,42,10,rep,1.0,inf,1,1,1.0
0.05,42,10,stdcp,0.84,12.557846744864321,0,1,0.0
0.05,42,10,sub,1.0,inf,1,1,1.0
0.05,42,15,dhcp_with,0.99,54.97907160414478,0,1,0.0
0.05,42,15,dhcp_without,0.99,54.97907160414478,0,1,0.0
0.05,42,15,hcp,1.0,inf,1,1,1.0
0.05,42,15,pool,0.93,49.46447187496919,0,1,0.0
0.05,42,15,rep,1.0,inf,1,1,1.0
0.05,42,15,stdcp,0.91,6.484314278561481,0,1,0.0
0.05,42,15,sub,1.0,inf,1,1,1.0
0.05,42,20,dhcp_with,0.98,48.85593247937268,0,1,0.0
0.05,42,20,dhcp_without,0.98,48.85593247937268,0,1,0.0
0.05,42,20,hcp,1.0,inf,1,1,1.0
0.05,42,20,pool,0.93,49.46447187496919,0,1,0.0
0.05,42,20,rep,1.0,inf,1,1,1.0
0.05,42,20,stdcp,0.93,5.68630477036128,0,1,0.0
0.05,42,20,sub,1.0,inf,1,1,1.0
0.05,42,25,dhcp_with,1.0,inf,1,1,1.0
0.05,42,25,dhcp_without,1.0,inf,1,1,1.0
0.05,42,25,hcp,1.0,inf,1,1,1.0
0.05,42,25,pool,0.93,49.46447187496919,0,1,0.0
0.05,42,25,rep,1.0,inf,1,1,1.0
0.05,42,25,stdcp,0.96,5.680971019789311,0,1,0.0
0.05,42,25,sub,1.0,inf,1,1,1.0
0.05,42,30,dhcp_with,1.0,inf,1,1,1.0
0.05,42,30,dhcp_without,1.0,inf,1,1,1.0
0.05,42,30,hcp,1.0,inf,1,1,1.0
0.05,42,30,pool,0.93,49.46447187496919,0,1,0.0
0.05,42,30,rep,1.0,inf,1,1,1.0
0.05,42,30,stdcp,0.95,5.314208279572075,0,1,0.0
0.05,42,30,sub,1.0,inf,1,1,1.0
0.05,42,35,dhcp_with,1.0,inf,1,1,1.0
0.05,42,35,dhcp_without,1.0,inf,1,1,1.0
0.05,42,35,hcp,1.0,inf,1,1,1.0
0.05,42,35,pool,0.93,49.46447187496919,0,1,0.0
0.05,42,35,rep,1.0,inf,1,1,1.0
0.05,42,35,stdcp,0.96,5.460573938883529,0,1,0.0
0.05,42,35,sub,1.0,inf,1,1,1.0
0.05,43,0,dhcp_with,1.0,inf,1,1,1.0
0.05,43,0,dhcp_without,1.0,inf,1,1,1.0
0.05,43,0,hcp,1.0,inf,1,1,1.0
0.05,43,0,pool,0.92,28.586857127138366,0,1,0.0
0.05,43,0,rep,1.0,inf,1,1,1.0
0.05,43,0,stdcp,1.0,inf,1,1,1.0
0.05,43,0,sub,1.0,inf,1,1,1.0
0.05,43,5,dhcp_with,1.0,inf,1,1,1.0
0.05,43,5,dhcp_without,1.0,inf,1,1,1.0
0.05,43,5,hcp,1.0,inf,1,1,1.0
0.05,43,5,pool,0.92,28.586857127138366,0,1,0.0
0.05,43,5,rep,1.0,inf,1,1,1.0
0.05,43,5,stdcp,0.68,4.713370946922835,0,1,0.0
0.05,43,5,sub,1.0,inf,1,1,1.0
0.05,43,10,dhcp_with,1.0,inf,1,1,1.0
0.05,43,10,dhcp_without,1.0,inf,1,1,1.0
0.05,43,10,hcp,1.0,inf,1,1,1.0
0.05,43,10,pool,0.92,28.586857127138366,0,1,0.0
0.05,43,10,rep,1.0,inf,1,1,1.0
0.05,43,10,stdcp,0.83,9.98627443200909,0,1,0.0
0.05,43,10,sub,1.0,inf,1,1,1.0
0.05,43,15,dhcp_with,0.97,31.035451734955522,0,1,0.0
0.05,43,15,dhcp_without,0.97,31.035451734955522,0,1,0.0
0.05,43,15,hcp,1.0,inf,1,1,1.0
0.05,43,15,pool,0.92,28.586857127138366,0,1,0.0
0.05,43,15,rep,1.0,inf,1,1,1.0
0.05,43,15,stdcp,0.9,7.064102268766315,0,1,0.0
0.05,43,15,sub,1.0,inf,1,1,1.0
0.05,43,20,dhcp_with,0.95,28.614905396885305,0,1,0.0
0.05,43,20,dhcp_without,0.95,28.614905396885305,0,1,0.0
0.05,43,20,hcp,1.0,inf,1,1,1.0
0.05,43,20,pool,0.92,28.586857127138366,0,1,0.0
0.05,43,20,rep,1.0,inf,1,1,1.0
0.05,43,20,stdcp,0.88,5.824857650090427,0,1,0.0
0.05,43,20,sub,1.0,inf,1,1,1.0
0.05,43,25,dhcp_with,1.0,inf,1,1,1.0
0.05,43,25,dhcp_without,1.0,inf,1,1,1.0
0.05,43,25,hcp,1.0,inf,1,1,1.0
0.05,43,25,pool,0.92,28.586857127138366,0,1,0.0
0.05,43,25,rep,1.0,inf,1,1,1.0
0.05,43,25,stdcp,0.9,5.669920027586628,0,1,0.0
0.05,43,25,sub,1.0,inf,1,1,1.0
0.05,43,30,dhcp_with,1.0,inf,1,1,1.0
0.05,43,30,dhcp_without,1.0,inf,1,1,1.0
0.05,43,30,hcp,1.0,inf,1,1,1.0
0.05,43,30,pool,0.92,28.586857127138366,0,1,0.0
0.05,43,30,rep,1.0,inf,1,1,1.0
0.05,43,30,stdcp,0.94,5.914120858877047,0,1,0.0
0.05,43,30,sub,1.0,inf,1,1,1.0
0.05,43,35,dhcp_with,1.0,inf,1,1,1.0
0.05,43,35,dhcp_without,1.0,inf,1,1,1.0
0.05,43,35,hcp,1.0,inf,1,1,1.0
0.05,43,35,pool,0.92,28.586857127138366,0,1,0.0
0.05,43,35,rep,1.0,inf,1,1,1.0
0.05,43,35,stdcp,0.92,5.200775466440785,0,1,0.0
0.05,43,35,sub,1.0,inf,1,1,1.0
0.05,44,0,dhcp_with,1.0,inf,1,1,1.0
0.05,44,0,dhcp_without,1.0,inf,1,1,1.0
0.05,44,0,hcp,1.0,inf,1,1,1.0
0.05,44,0,pool,0.97,39.361351808931595,0,1,0.0
0.05,44,0,rep,1.0,inf,1,1,1.0
0.05,44,0,stdcp,1.0,inf,1,1,1.0
0.05,44,0,sub,1.0,inf,1,1,1.0
0.05,44,5,dhcp_with,1.0,inf,1,1,1.0
0.05,44,5,dhcp_without,1.0,inf,1,1,1.0
0.05,44,5,hcp,1.0,inf,1,1,1.0
0.05,44,5,pool,0.97,39.361351808931595,0,1,0.0
0.05,44,5,rep,1.0,inf,1,1,1.0
0.05,44,5,stdcp,0.66,4.758383410731245,0,1,0.0
0.05,44,5,sub,1.0,inf,1,1,1.0
0.05,44,10,dhcp_with,1.0,inf,1,1,1.0
0.05,44,10,dhcp_without,1.0,inf,1,1,1.0
0.05,44,10,hcp,1.0,inf,1,1,1.0
0.05,44,10,pool,0.97,39.361351808931595,0,1,0.0
0.05,44,10,rep,1.0,inf,1,1,1.0
0.05,44,10,stdcp,0.77,11.515713960958074,0,1,0.0
0.05,44,10,sub,1.0,inf,1,1,1.0
0.05,44,15,dhcp_with,1.0,44.50255492509986,0,1,0.0
0.05,44,15,dhcp_without,1.0,44.50255492509986,0,1,0.0
0.05,44,15,hcp,1.0,inf,1,1,1.0
0.05,44,15,pool,0.97,39.361351808931595,0,1,0.0
0.05,44,15,rep,1.0,inf,1,1,1.0
0.05,44,15,stdcp,0.87,7.2691808521847445,0,1,0.0
0.05,44,15,sub,1.0,inf,1,1,1.0
0.05,44,20,dhcp_with,1.0,40.454791926945106,0,1,0.0
0.05,44,20,dhcp_without,1.0,40.454791926945106,0,1,0.0
0.05,44,20,hcp,1.0,inf,1,1,1.0
0.05,44,20,pool,0.97,39.361351808931595,0,1,0.0
0.05,44,20,rep,1.0,inf,1,1,1.0
0.05,44,20,stdcp,0.87,5.518539612515982,0,1,0.0
0.05,44,20,sub,1.0,inf,1,1,1.0
0.05,44,25,dhcp_with,1.0,inf,1,1,1.0
0.05,44,25,dhcp_without,1.0,inf,1,1,1.0
0.05,44,25,hcp,1.0,inf,1,1,1.0
0.05,44,25,pool,0.97,39.361351808931595,0,1,0.0
0.05,44,25,rep,1.0,inf,1,1,1.0
0.05,44,25,stdcp,0.92,5.643663182334709,0,1,0.0
0.05,44,25,sub,1.0,inf,1,1,1.0
0.05,44,30,dhcp_with,1.0,inf,1,1,1.0
0.05,44,30,dhcp_without,1.0,inf,1,1,1.0
0.05,44,30,hcp,1.0,inf,1,1,1.0
0.05,44,30,pool,0.97,39.361351808931595,0,1,0.0
0.05,44,30,rep,1.0,inf,1,1,1.0
0.05,44,30,stdcp,0.94,5.221282678141858,0,1,0.0
0.05,44,30,sub,1.0,inf,1,1,1.0
0.05,44,35,dhcp_with,1.0,inf,1,1,1.0
0.05,44,35,dhcp_without,1.0,inf,1,1,1.0
0.05,44,35,hcp,1.0,inf,1,1,1.0
0.05,44,35,pool,0.97,39.361351808931595,0,1,0.0
0.05,44,35,rep,1.0,inf,1,1,1.0
0.05,44,35,stdcp,0.94,5.44216024156842,0,1,0.0
0.05,44,35,sub,1.0,inf,1,1,1.0
0.05,45,0,dhcp_with,1.0,inf,1,1,1.0
0.05,45,0,dhcp_without,1.0,inf,1,1,1.0
0.05,45,0,hcp,1.0,inf,1,1,1.0
0.05,45,0,pool,0.96,37.282466392617934,0,1,0.0
0.05,45,0,rep,1.0,inf,1,1,1.0
0.05,45,0,stdcp,1.0,inf,1,1,1.0
0.05,45,0,sub,1.0,inf,1,1,1.0
0.05,45,5,dhcp_with,1.0,inf,1,1,1.0
0.05,45,5,dhcp_without,1.0,inf,1,1,1.0
0.05,45,5,hcp,1.0,inf,1,1,1.0
0.05,45,5,pool,0.96,37.282466392617934,0,1,0.0
0.05,45,5,rep,1.0,inf,1,1,1.0
0.05,45,5,stdcp,0.82,5.4526957144153085,0,1,0.0
0.05,45,5,sub,1.0,inf,1,1,1.0
0.05,45,10,dhcp_with,1.0,inf,1,1,1.0
0.05,45,10,dhcp_without,1.0,inf,1,1,1.0
0.05,45,10,hcp,1.0,inf,1,1,1.0
0.05,45,10,pool,0.96,37.282466392617934,0,1,0.0
0.05,45,10,rep,1.0,inf,1,1,1.0
0.05,45,10,stdcp,0.85,11.617230142322114,0,1,0.0
0.05,45,10,sub,1.0,inf,1,1,1.0
0.05,45,15,dhcp_with,0.99,43.79846831721791,0,1,0.0
0.05,45,15,dhcp_without,0.99,43.79846831721791,0,1,0.0
0.05,45,15,hcp,1.0,inf,1,1,1.0
0.05,45,15,pool,0.96,37.282466392617934,0,1,0.0
0.05,45,15,rep,1.0,inf,1,1,1.0
0.05,45,15,stdcp,0.88,6.901738576779987,0,1,0.0
0.05,45,15,sub,1.0,inf,1,1,1.0
0.05,45,20,dhcp_with,0.99,36.088488138812735,0,1,0.0
0.05,45,20,dhcp_without,0.99,36.088488138812735,0,1,0.0
0.05,45,20,hcp,1.0,inf,1,1,1.0
0.05,45,20,pool,0.96,37.282466392617934,0,1,0.0
0.05,45,20,rep,1.0,inf,1,1,1.0
0.05,45,20,stdcp,0.95,5.70014582538928,0,1,0.0
0.05,45,20,sub,1.0,inf,1,1,1.0
0.05,45,25,dhcp_with,1.0,inf,1,1,1.0
0.05,45,25,dhcp_without,1.0,inf,1,1,1.0
0.05,45,25,hcp,1.0,inf,1,1,1.0
0.05,45,25,pool,0.96,37.282466392617934,0,1,0.0
0.05,45,25,rep,1.0,inf,1,1,1.0
0.05,45,25,stdcp,0.94,5.854716937655343,0,1,0.0
0.05,45,25,sub,1.0,inf,1,1,1.0
0.05,45,30,dhcp_with,1.0,inf,1,1,1.0
0.05,45,30,dhcp_without,1.0,inf,1,1,1.0
0.05,45,30,hcp,1.0,inf,1,1,1.0
0.05,45,30,pool,0.96,37.282466392617934,0,1,0.0
0.05,45,30,rep,1.0,inf,1,1,1.0
0.05,45,30,stdcp,0.93,5.365005397352098,0,1,0.0
0.05,45,30,sub,1.0,inf,1,1,1.0
0.05,45,35,dhcp_with,1.0,inf,1,1,1.0
0.05,45,35,dhcp_without,1.0,inf,1,1,1.0
0.05,45,35,hcp,1.0,inf,1,1,1.0
0.05,45,35,pool,0.96,37.282466392617934,0,1,0.0
0.05,45,35,rep,1.0,inf,1,1,1.0
0.05,45,35,stdcp,0.95,5.235782455207743,0,1,0.0
0.05,45,35,sub,1.0,inf,1,1,1.0
0.05,46,0,dhcp_with,1.0,inf,1,1,1.0
0.05,46,0,dhcp_without,1.0,inf,1,1,1.0
0.05,46,0,hcp,1.0,inf,1,1,1.0
0.05,46,0,pool,0.91,25.287830644346542,0,1,0.0
0.05,46,0,rep,1.0,inf,1,1,1.0
0.05,46,0,stdcp,1.0,inf,1,1,1.0
0.05,46,0,sub,1.0,inf,1,1,1.0
0.05,46,5,dhcp_with,1.0,inf,1,1,1.0
0.05,46,5,dhcp_without,1.0,inf,1,1,1.0
0.05,46,5,hcp,1.0,inf,1,1,1.0
0.05,46,5,pool,0.91,25.287830644346542,0,1,0.0
0.05,46,5,rep,1.0,inf,1,1,1.0
0.05,46,5,stdcp,0.74,4.613226950255832,0,1,0.0
0.05,46,5,sub,1.0,inf,1,1,1.0
0.05,46,10,dhcp_with,1.0,inf,1,1,1.0
0.05,46,10,dhcp_without,1.0,inf,1,1,1.0
0.05,46,10,hcp,1.0,inf,1,1,1.0
0.05,46,10,pool,0.91,25.287830644346542,0,1,0.0
0.05,46,10,rep,1.0,inf,1,1,1.0
0.05,46,10,stdcp,0.85,9.773895179176236,0,1,0.0
0.05,46,10,sub,1.0,inf,1,1,1.0
0.05,46,15,dhcp_with,0.97,27.498880696982898,0,1,0.0
0.05,46,15,dhcp_without,0.97,27.498880696982898,0,1,0.0
0.05,46,15,hcp,1.0,inf,1,1,1.0
0.05,46,15,pool,0.91,25.287830644346542,0,1,0.0
0.05,46,15,rep,1.0,inf,1,1,1.0
0.05,46,15,stdcp,0.85,6.556421953519523,0,1,0.0
0.05,46,15,sub,1.0,inf,1,1,1.0
0.05,46,20,dhcp_with,0.95,25.287830644346542,0,1,0.0
0.05,46,20,dhcp_without,0.95,25.287830644346542,0,1,0.0
0.05,46,20,hcp,1.0,inf,1,1,1.0
0.05,46,20,pool,0.91,25.287830644346542,0,1,0.0
0.05,46,20,rep,1.0,inf,1,1,1.0
0.05,46,20,stdcp,0.93,5.626748419764864,0,1,0.0
0.05,46,20,sub,1.0,inf,1,1,1.0
0.05,46,25,dhcp_with,1.0,inf,1,1,1.0
0.05,46,25,dhcp_without,1.0,inf,1,1,1.0
0.05,46,25,hcp,1.0,inf,1,1,1.0
0.05,46,25,pool,0.91,25.287830644346542,0,1,0.0
0.05,46,25,rep,1.0,inf,1,1,1.0
0.05,46,25,stdcp,0.91,5.841597670295304,0,1,0.0
0.05,46,25,sub,1.0,inf,1,1,1.0
0.05,46,30,dhcp_with,1.0,inf,1,1,1.0
0.05,46,30,dhcp_without,1.0,inf,1,1,1.0
0.05,46,30,hcp,1.0,inf,1,1,1.0
0.05,46,30,pool,0.91,25.287830644346542,0,1,0.0
0.05,46,30,rep,1.0,inf,1,1,1.0
0.05,46,30,stdcp,0.95,5.298481818206847,0,1,0.0
0.05,46,30,sub,1.0,inf,1,1,1.0
0.05,46,35,dhcp_with,1.0,inf,1,1,1.0
0.05,46,35,dhcp_without,1.0,inf,1,1,1.0
0.05,46,35,hcp,1.0,inf,1,1,1.0
0.05,46,35,pool,0.91,25.287830644346542,0,1,0.0
0.05,46,35,rep,1.0,inf,1,1,1.0
0.05,46,35,stdcp,0.95,5.755516963633074,0,1,0.0
0.05,46,35,sub,1.0,inf,1,1,1.0
0.05,47,0,dhcp_with,1.0,inf,1,1,1.0
0.05,47,0,dhcp_without,1.0,inf,1,1,1.0
0.05,47,0,hcp,1.0,inf,1,1,1.0
0.05,47,0,pool,0.97,29.88881173320022,0,1,0.0
0.05,47,0,rep,1.0,inf,1,1,1.0
0.05,47,0,stdcp,1.0,inf,1,1,1.0
0.05,47,0,sub,1.0,inf,1,1,1.0
0.05,47,5,dhcp_with,1.0,inf,1,1,1.0
0.05,47,5,dhcp_without,1.0,inf,1,1,1.0
0.05,47,5,hcp,1.0,inf,1,1,1.0
0.05,47,5,pool,0.97,29.88881173320022,0,1,0.0
0.05,47,5,rep,1.0,inf,1,1,1.0
0.05,47,5,stdcp,0.74,5.103452098419927,0,1,0.0
0.05,47,5,sub,1.0,inf,1,1,1.0
0.05,47,10,dhcp_with,1.0,inf,1,1,1.0
0.05,47,10,dhcp_without,1.0,inf,1,1,1.0
0.05,47,10,hcp,1.0,inf,1,1,1.0
0.05,47,10,pool,0.97,29.88881173320022,0,1,0.0
0.05,47,10,rep,1.0,inf,1,1,1.0
0.05,47,10,stdcp,0.81,10.129277544778583,0,1,0.0
0.05,47,10,sub,1.0,inf,1,1,1.0
0.05,47,15,dhcp_with,0.99,34.40943457551499,0,1,0.0
0.05,47,15,dhcp_without,0.99,34.40943457551499,0,1,0.0
0.05,47,15,hcp,1.0,inf,1,1,1.0
0.05,47,15,pool,0.97,29.88881173320022,0,1,0.0
0.05,47,15,rep,1.0,inf,1,1,1.0
0.05,47,15,stdcp,0.86,6.674734184138954,0,1,0.0
0.05,47,15,sub,1.0,inf,1,1,1.0
0.05,47,20,dhcp_with,0.98,30.93159143673428,0,1,0.0
0.05,47,20,dhcp_without,0.98,30.93159143673428,0,1,0.0
0.05,47,20,hcp,1.0,inf,1,1,1.0
0.05,47,20,pool,0.97,29.88881173320022,0,1,0.0
0.05,47,20,rep,1.0,inf,1,1,1.0
0.05,47,20,stdcp,0.92,5.622156678034084,0,1,0.0
0.05,47,20,sub,1.0,inf,1,1,1.0
0.05,47,25,dhcp_with,1.0,inf,1,1,1.0
0.05,47,25,dhcp_without,1.0,inf,1,1,1.0
0.05,47,25,hcp,1.0,inf,1,1,1.0
0.05,47,25,pool,0.97,29.88881173320022,0,1,0.0
0.05,47,25,rep,1.0,inf,1,1,1.0
0.05,47,25,stdcp,0.93,5.129381286225987,0,1,0.0
0.05,47,25,sub,1.0,inf,1,1,1.0
0.05,47,30,dhcp_with,1.0,inf,1,1,1.0
0.05,47,30,dhcp_without,1.0,inf,1,1,1.0
0.05,47,30,hcp,1.0,inf,1,1,1.0
0.05,47,30,pool,0.97,29.88881173320022,0,1,0.0
0.05,47,30,rep,1.0,inf,1,1,1.0
0.05,47,30,stdcp,0.91,5.420058439966559,0,1,0.0
0.05,47,30,sub,1.0,inf,1,1,1.0
0.05,47,35,dhcp_with,1.0,inf,1,1,1.0
0.05,47,35,dhcp_without,1.0,inf,1,1,1.0
0.05,47,35,hcp,1.0,inf,1,1,1.0
0.05,47,35,pool,0.97,29.88881173320022,0,1,0.0
0.05,47,35,rep,1.0,inf,1,1,1.0
0.05,47,35,stdcp,0.91,5.414046831423011,0,1,0.0
0.05,47,35,sub,1.0,inf,1,1,1.0
0.05,48,0,dhcp_with,1.0,inf,1,1,1.0
0.05,48,0,dhcp_without,1.0,inf,1,1,1.0
0.05,48,0,hcp,1.0,inf,1,1,1.0
0.05,48,0,pool,0.97,32.14581222526442,0,1,0.0
0.05,48,0,rep,1.0,inf,1,1,1.0
0.05,48,0,stdcp,1.0,inf,1,1,1.0
0.05,48,0,sub,1.0,inf,1,1,1.0
0.05,48,5,dhcp_with,1.0,inf,1,1,1.0
0.05,48,5,dhcp_without,1.0,inf,1,1,1.0
0.05,48,5,hcp,1.0,inf,1,1,1.0
0.05,48,5,pool,0.97,32.14581222526442,0,1,0.0
0.05,48,5,rep,1.0,inf,1,1,1.0
0.05,48,5,stdcp,0.75,4.2472181568925365,0,1,0.0
0.05,48,5,sub,1.0,inf,1,1,1.0
0.05,48,10,dhcp_with,1.0,inf,1,1,1.0
0.05,48,10,dhcp_without,1.0,inf,1,1,1.0
0.05,48,10,hcp,1.0,inf,1,1,1.0
0.05,48,10,pool,0.97,32.14581222526442,0,1,0.0
0.05,48,10,rep,1.0,inf,1,1,1.0
0.05,48,10,stdcp,0.87,11.2671953317417,0,1,0.0
0.05,48,10,sub,1.0,inf,1,1,1.0
0.05,48,15,dhcp_with,0.99,35.15125330663498,0,1,0.0
0.05,48,15,dhcp_without,0.99,35.15125330663498,0,1,0.0
0.05,48,15,hcp,1.0,inf,1,1,1.0
0.05,48,15,pool,0.97,32.14581222526442,0,1,0.0
0.05,48,15,rep,1.0,inf,1,1,1.0
0.05,48,15,stdcp,0.9,5.6975706062008795,0,1,0.0
0.05,48,15,sub,1.0,inf,1,1,1.0
0.05,48,20,dhcp_with,0.99,32.91264568092775,0,1,0.0
0.05,48,20,dhcp_without,0.99,32.91264568092775,0,1,0.0
0.05,48,20,hcp,1.0,inf,1,1,1.0
0.05,48,20,pool,0.97,32.14581222526442,0,1,0.0
0.05,48,20,rep,1.0,inf,1,1,1.0
0.05,48,20,stdcp,0.9,5.612264444118921,0,1,0.0
0.05,48,20,sub,1.0,inf,1,1,1.0
0.05,48,25,dhcp_with,1.0,inf,1,1,1.0
0.05,48,25,dhcp_without,1.0,inf,1,1,1.0
0.05,48,25,hcp,1.0,inf,1,1,1.0
0.05,48,25,pool,0.97,32.14581222526442,0,1,0.0
0.05,48,25,rep,1.0,inf,1,1,1.0
0.05,48,25,stdcp,0.93,5.4411465743907055,0,1,0.0
0.05,48,25,sub,1.0,inf,1,1,1.0
0.05,48,30,dhcp_with,1.0,inf,1,1,1.0
0.05,48,30,dhcp_without,1.0,inf,1,1,1.0
0.05,48,30,hcp,1.0,inf,1,1,1.0
0.05,48,30,pool,0.97,32.14581222526442,0,1,0.0
0.05,48,30,rep,1.0,inf,1,1,1.0
0.05,48,30,stdcp,0.93,5.293681823325267,0,1,0.0
0.05,48,30,sub,1.0,inf,1,1,1.0
0.05,48,35,dhcp_with,1.0,inf,1,1,1.0
0.05,48,35,dhcp_without,1.0,inf,1,1,1.0
0.05,48,35,hcp,1.0,inf,1,1,1.0
0.05,48,35,pool,0.97,32.14581222526442,0,1,0.0
0.05,48,35,rep,1.0,inf,1,1,1.0
0.05,48,35,stdcp,0.96,5.292020227318208,0,1,0.0
0.05,48,35,sub,1.0,inf,1,1,1.0
0.05,49,0,dhcp_with,1.0,inf,1,1,1.0
0.05,49,0,dhcp_without,1.0,inf,1,1,1.0
0.05,49,0,hcp,1.0,inf,1,1,1.0
0.05,49,0,pool,0.81,23.27642340719488,0,1,0.0
0.05,49,0,rep,1.0,inf,1,1,1.0
0.05,49,0,stdcp,1.0,inf,1,1,1.0
0.05,49,0,sub,1.0,inf,1,1,1.0
0.05,49,5,dhcp_with,1.0,inf,1,1,1.0
0.05,49,5,dhcp_without,1.0,inf,1,1,1.0
0.05,49,5,hcp,1.0,inf,1,1,1.0
0.05,49,5,pool,0.81,23.27642340719488,0,1,0.0
0.05,49,5,rep,1.0,inf,1,1,1.0
0.05,49,5,stdcp,0.76,4.2500924886155484,0,1,0.0
0.05,49,5,sub,1.0,inf,1,1,1.0
0.05,49,10,dhcp_with,1.0,inf,1,1,1.0
0.05,49,10,dhcp_without,1.0,inf,1,1,1.0
0.05,49,10,hcp,1.0,inf,1,1,1.0
0.05,49,10,pool,0.81,23.27642340719488,0,1,0.0
0.05,49,10,rep,1.0,inf,1,1,1.0
0.05,49,10,stdcp,0.78,13.019580935706452,0,1,0.0
0.05,49,10,sub,1.0,inf,1,1,1.0
0.05,49,15,dhcp_with,0.96,25.275309241294426,0,1,0.0
0.05,49,15,dhcp_without,0.96,25.275309241294426,0,1,0.0
0.05,49,15,hcp,1.0,inf,1,1,1.0
0.05,49,15,pool,0.81,23.27642340719488,0,1,0.0
0.05,49,15,rep,1.0,inf,1,1,1.0
0.05,49,15,stdcp,0.91,6.951292204103633,0,1,0.0
0.05,49,15,sub,1.0,inf,1,1,1.0
0.05,49,20,dhcp_with,0.9,23.358942703263427,0,1,0.0
0.05,49,20,dhcp_without,0.9,23.358942703263427,0,1,0.0
0.05,49,20,hcp,1.0,inf,1,1,1.0
0.05,49,20,pool,0.81,23.27642340719488,0,1,0.0
0.05,49,20,rep,1.0,inf,1,1,1.0
0.05,49,20,stdcp,0.92,5.674942007279337,0,1,0.0
0.05,49,20,sub,1.0,inf,1,1,1.0
0.05,49,25,dhcp_with,1.0,inf,1,1,1.0
0.05,49,25,dhcp_without,1.0,inf,1,1,1.0
0.05,49,25,hcp,1.0,inf,1,1,1.0
0.05,49,25,pool,0.81,23.27642340719488,0,1,0.0
0.05,49,25,rep,1.0,inf,1,1,1.0
0.05,49,25,stdcp,0.91,5.483062897668406,0,1,0.0
0.05,49,25,sub,1.0,inf,1,1,1.0
0.05,49,30,dhcp_with,1.0,inf,1,1,1.0
0.05,49,30,dhcp_without,1.0,inf,1,1,1.0
0.05,49,30,hcp,1.0,inf,1,1,1.0
0.05,49,30,pool,0.81,23.27642340719488,0,1,0.0
0.05,49,30,rep,1.0,inf,1,1,1.0
0.05,49,30,stdcp,0.93,5.58635366573386,0,1,0.0
0.05,49,30,sub,1.0,inf,1,1,1.0
0.05,49,35,dhcp_with,1.0,inf,1,1,1.0
0.05,49,35,dhcp_without,1.0,inf,1,1,1.0
0.05,49,35,hcp,1.0,inf,1,1,1.0
0.05,49,35,pool,0.81,23.27642340719488,0,1,0.0
0.05,49,35,rep,1.0,inf,1,1,1.0
0.05,49,35,stdcp,0.93,5.504224589435353,0,1,0.0
0.05,49,35,sub,1.0,inf,1,1,1.0
