summary,spearman_rho,p_value,subsample
age_mean,-0.2751551829189154,0.08165688661165277,0
age_sd,-0.30230358819967507,0.05472650028705824,0
age_sq_mean,-0.2718984874212107,0.08548241968342048,0
age_sq_sd,-0.30824481478857046,0.049910756550393134,0
english_mean,-0.45794639745458154,0.0026062152748813176,0
entry_recency_mean,-0.064052269175729,0.6907333295174707,0
entry_recency_sd,0.12250478451963144,0.4454419940093687,0
hours_mean,0.07751541768214876,0.6300068224567865,0
hours_sd,0.021625259251198153,0.8932423806100049,0
prop_educ_<HS,,,0
prop_educ_BAplus,0.5021295159185258,0.0008224294489347484,0
prop_educ_HS,,,0
prop_educ_SomeCollege,,,0
prop_female,0.09409636195529561,0.5584275913608538,0
prop_married,0.2553497135043188,0.10711186998056355,0
age_mean,-0.24199500765129756,0.12741812394666244,1
age_sd,-0.12328045171957848,0.44254400097398844,1
age_sq_mean,-0.2618508248076376,0.09816612347570301,1
age_sq_sd,-0.1324544045406669,0.40906506412422833,1
english_mean,-0.44299990713683773,0.0037241966917904235,1
entry_recency_mean,-0.05830135798770294,0.7172965013851433,1
entry_recency_sd,0.15386699612670685,0.33680517406334004,1
hours_mean,0.046738481739832284,0.771681755597683,1
hours_sd,-0.014984775602345388,0.9259136999646631,1
prop_educ_<HS,,,1
prop_educ_BAplus,0.5192813341591178,0.0005033535113454183,1
prop_educ_HS,,,1
prop_educ_SomeCollege,,,1
prop_female,-0.17123728720322898,0.28440479860045687,1
prop_married,0.19356640420747837,0.22527951626085155,1
age_mean,-0.2137996649625475,0.17952155980277043,2
age_sd,-0.2619381957868861,0.09804993222085857,2
age_sq_mean,-0.2526768719865492,0.11096473598466541,2
age_sq_sd,-0.28046084338755983,0.07571183561912458,2
english_mean,-0.47873696651527264,0.0015437236685392538,2
entry_recency_mean,-0.004284725173529995,0.978788932009379,2
entry_recency_sd,0.2697729678068196,0.08805330893089792,2
hours_mean,0.058828860347507186,0.714845697962757,2
hours_sd,-0.043776674068712794,0.7857995450427447,2
prop_educ_<HS,,,2
prop_educ_BAplus,,,2
prop_educ_HS,,,2
prop_educ_SomeCollege,,,2
prop_female,-0.1887345577395541,0.23729504439743782,2
prop_married,0.11826486013828445,0.4614652084320848,2
age_mean,-0.2398646812888467,0.1309069378647166,3
age_sd,-0.30108039449019663,0.05576273696591246,3
age_sq_mean,-0.2561717111564876,0.10594768910232732,3
age_sq_sd,-0.2795871335950752,0.07666677440893262,3
english_mean,-0.4410298512201307,0.0038990404598265105,3
entry_recency_mean,0.05395962246189078,0.7375727350075604,3
entry_recency_sd,0.22840763675771508,0.15089993703589247,3
hours_mean,0.02600986438795686,0.8717617240561268,3
hours_sd,-0.024203869694677534,0.8805993764207646,3
prop_educ_<HS,,,3
prop_educ_BAplus,,,3
prop_educ_HS,,,3
prop_educ_SomeCollege,,,3
prop_female,0.007868518247424384,0.9610582113340387,3
prop_married,0.11809716854980809,0.4621052288700959,3
age_mean,-0.2929494878035915,0.06305610948782797,4
age_sd,-0.17156039005950532,0.2834833723558646,4
age_sq_mean,-0.30413837876389277,0.053201133095105844,4
age_sq_sd,-0.23030990129894321,0.14743429727720556,4
english_mean,-0.43424989495127747,0.004556681300821592,4
entry_recency_mean,-0.010715085643699343,0.946987660887844,4
entry_recency_sd,0.20602076906787103,0.19625480168974793,4
hours_mean,0.11403505821737253,0.477753420296276,4
hours_sd,0.0962870129083651,0.5492627691760492,4
prop_educ_<HS,,,4
prop_educ_BAplus,0.5022617491824147,0.0008194021467667687,4
prop_educ_HS,,,4
prop_educ_SomeCollege,,,4
prop_female,0.19204725194911637,0.22901134001821905,4
prop_married,0.16798462777034798,0.29378913993920625,4
age_mean,-0.24633021713950995,0.12053370656669585,5
age_sd,-0.31785562250590116,0.04284826815684535,5
age_sq_mean,-0.2601907762019169,0.10039389277856851,5
age_sq_sd,-0.3059731693281105,0.05171007831064938,5
english_mean,-0.4275591383944464,0.0052982356792017835,5
entry_recency_mean,0.0410983843175326,0.7986245974285708,5
entry_recency_sd,0.27384853603437076,0.08317540352772408,5
hours_mean,0.12496738574633015,0.43627731724013785,5
hours_sd,0.12388074033148892,0.44030837732148664,5
prop_educ_<HS,,,5
prop_educ_BAplus,0.48606031051954973,0.0012735670090857423,5
prop_educ_HS,,,5
prop_educ_SomeCollege,,,5
prop_female,0.15964609497107585,0.3187478824287443,5
prop_married,0.27640700094985454,0.08022244310110113,5
age_mean,-0.26874456368081895,0.08931850811713184,6
age_sd,-0.20803030159058566,0.19183059824945914,6
age_sq_mean,-0.2686657611890176,0.08941603248863161,6
age_sq_sd,-0.2307467561951855,0.14664673532293213,6
english_mean,-0.4744907075373542,0.0017225740715612551,6
entry_recency_mean,0.008130460180162735,0.9597628839193404,6
entry_recency_sd,0.15246235878856446,0.3412877039662802,6
hours_mean,0.051619549158572996,0.7485752938519414,6
hours_sd,-0.01398057455288233,0.9308661869875704,6
prop_educ_<HS,,,6
prop_educ_BAplus,0.5510910524932082,0.00018846576701150853,6
prop_educ_HS,,,6
prop_educ_SomeCollege,,,6
prop_female,0.07725461096326502,0.6311622667614453,6
prop_married,0.02962758138763928,0.8541056283956291,6
age_mean,-0.2139121092149715,0.17928740236103388,7
age_sd,-0.19466254176557113,0.2226128940610042,7
age_sq_mean,-0.2227959970835756,0.1614705904323026,7
age_sq_sd,-0.2355521600538509,0.1381866566166357,7
english_mean,-0.42721297271875447,0.005339297267172433,7
entry_recency_mean,-0.16848945393589912,0.2923197206645575,7
entry_recency_sd,0.31302016673703986,0.04629268140928171,7
hours_mean,0.11023637277596775,0.4926349496322746,7
hours_sd,0.05194657232305341,0.7470346793171652,7
prop_educ_<HS,,,7
prop_educ_BAplus,0.5329914496278594,0.00033354967053569423,7
prop_educ_HS,,,7
prop_educ_SomeCollege,,,7
prop_female,-0.05211759850438093,0.7462293567889163,7
prop_married,0.10045814301237922,0.5320121213598414,7
age_mean,-0.2731255826407536,0.08402497652198412,8
age_sd,-0.32467055888728114,0.0383501096447455,8
age_sq_mean,-0.28247037591027446,0.07355086830281823,8
age_sq_sd,-0.34476588411442716,0.027280460526880594,8
english_mean,-0.43384277734841525,0.004599072401821907,8
entry_recency_mean,-0.0021430171287398687,0.9893903251669737,8
entry_recency_sd,0.19325459158855435,0.2260420642772145,8
hours_mean,-0.03129380684161601,0.8459967191275358,8
hours_sd,-0.09275641500477624,0.5640683698647417,8
prop_educ_<HS,,,8
prop_educ_BAplus,0.5265727894829714,0.00040529598150732324,8
prop_educ_HS,,,8
prop_educ_SomeCollege,,,8
prop_female,0.06886782194795842,0.6687671037232484,8
prop_married,0.24242120641568854,0.12672856582264933,8
age_mean,-0.21509177158196582,0.1768439789836381,9
age_sd,-0.3244084459495357,0.03851567804616368,9
age_sq_mean,-0.23354262753113628,0.14167941939453477,9
age_sq_sd,-0.341707899840731,0.028769942406297457,9
english_mean,-0.43820601827506694,0.004162133224608326,9
entry_recency_mean,-0.10475403211879103,0.5145257861682309,9
entry_recency_sd,0.22894188159445478,0.1499206564770233,9
hours_mean,0.16521032103534708,0.3019492556783568,9
hours_sd,0.15560771404150905,0.33130087108518363,9
prop_educ_<HS,,,9
prop_educ_BAplus,0.5031115863086654,0.0008001821041081469,9
prop_educ_HS,,,9
prop_educ_SomeCollege,,,9
prop_female,-0.011051621027108395,0.9453251378487958,9
prop_married,0.1446196982788242,0.36698472156186124,9
age_mean,-0.25965679433508493,0.10111866059686762,10
age_sd,-0.22104857749860635,0.16486933925681982,10
age_sq_mean,-0.2852662472462252,0.0706252676240562,10
age_sq_sd,-0.2359016439708447,0.13758578610233768,10
english_mean,-0.45274700117827965,0.0029561040675561458,10
entry_recency_mean,-0.17210147301593712,0.28194466539266505,10
entry_recency_sd,0.2685027138542704,0.08961807816182904,10
hours_mean,0.17302024075215675,0.27934440756958534,10
hours_sd,0.08322448257279287,0.6049358449760773,10
prop_educ_<HS,,,10
prop_educ_BAplus,0.5496800440722425,0.00019727473476996226,10
prop_educ_HS,,,10
prop_educ_SomeCollege,,,10
prop_female,-0.09373916739419108,0.5599286957295837,10
prop_married,0.15263242122928017,0.3407430507423507,10
age_mean,-0.2759973026778952,0.0806897295174316,11
age_sd,-0.2884989734784183,0.06735771031800575,11
age_sq_mean,-0.30807007283007354,0.0500473503052231,11
age_sq_sd,-0.30807007283007354,0.0500473503052231,11
english_mean,-0.4305805075526797,0.004951324366899579,11
entry_recency_mean,-0.017485623117954194,0.9135924780213073,11
entry_recency_sd,0.22288336806282405,0.16130199781988655,11
hours_mean,0.07701409451092771,0.6322285880871271,11
hours_sd,0.09248620976724543,0.565209039641119,11
prop_educ_<HS,,,11
prop_educ_BAplus,0.5014462343679223,0.0008382316042177011,11
prop_educ_HS,,,11
prop_educ_SomeCollege,,,11
prop_female,-0.07205826352429494,0.6543611121803112,11
prop_married,0.0569924374936202,0.7233898598056989,11
age_mean,-0.27206509478791413,0.08528339314699292,12
age_sd,-0.22594135233652016,0.15548145573893601,12
age_sq_mean,-0.27486910071565834,0.08198749447426769,12
age_sq_sd,-0.24428925797869697,0.12373909113732197,12
english_mean,-0.45757082776708796,0.002630210697742394,12
entry_recency_mean,-0.03279269473535292,0.8387155241041554,12
entry_recency_sd,0.28834935015319807,0.06750625908793328,12
hours_mean,-0.013071073335549487,0.9353538624798364,12
hours_sd,-0.059517785301403676,0.7116491698875972,12
prop_educ_<HS,,,12
prop_educ_BAplus,0.5041264034069768,0.0007777579388500167,12
prop_educ_HS,,,12
prop_educ_SomeCollege,,,12
prop_female,-0.012943267017261407,0.9359846478459094,12
prop_married,0.08697591651679032,0.5886997558507718,12
age_mean,-0.2554624392524384,0.10695164486928023,13
age_sd,-0.2944402000673136,0.06166508604654312,13
age_sq_mean,-0.2818587790555352,0.07420335961176784,13
age_sq_sd,-0.32641797847225035,0.03726111606861529,13
english_mean,-0.4418114088679623,0.003828837954415716,13
entry_recency_mean,-0.13179094618610177,0.41143649871047866,13
entry_recency_sd,0.24038717837226256,0.13004473399518787,13
hours_mean,0.17286800283489764,0.27977417828438483,13
hours_sd,0.11616477646249675,0.46951474080617417,13
prop_educ_<HS,,,13
prop_educ_BAplus,0.5320071862443616,0.0003437517490574081,13
prop_educ_HS,,,13
prop_educ_SomeCollege,,,13
prop_female,-0.0389951478292485,0.8087329062557485,13
prop_married,0.11400619521705539,0.47786559419224955,13
age_mean,-0.27819877721293623,0.07820358445606981,14
age_sd,-0.2953139098597982,0.060861217911506366,14
age_sq_mean,-0.3037015238676504,0.05356118362575668,14
age_sq_sd,-0.3167197997756711,0.04363802202179489,14
english_mean,-0.42123480681886877,0.006093246148080897,14
entry_recency_mean,-0.07527028948890258,0.6399815685234294,14
entry_recency_sd,0.3595192124864647,0.020963300381804575,14
hours_mean,0.014339461727515306,0.9290959334693627,14
hours_sd,0.02542716996805474,0.8746115168707538,14
prop_educ_<HS,,,14
prop_educ_BAplus,0.5094533045382937,0.0006689867905713308,14
prop_educ_HS,,,14
prop_educ_SomeCollege,,,14
prop_female,-0.013078098278450821,0.9353191921506663,14
prop_married,0.05471348700602671,0.7340390712371374,14
age_mean,-0.23362404382349308,0.1415366554405652,15
age_sd,-0.25154104925631926,0.11263347701347427,15
age_sq_mean,-0.25687067899047533,0.10496535994393508,15
age_sq_sd,-0.28177140807628676,0.07429694252466709,15
english_mean,-0.4433657908255193,0.003692489269559803,15
entry_recency_mean,-0.12911284849082158,0.4210883062032081,15
entry_recency_sd,0.2850289636968885,0.07086994291767035,15
hours_mean,0.06042073341371485,0.7074669719542572,15
hours_sd,-0.008824853270185912,0.9563295476813624,15
prop_educ_<HS,,,15
prop_educ_BAplus,0.5262905830776518,0.00040874635952800625,15
prop_educ_HS,,,15
prop_educ_SomeCollege,,,15
prop_female,-0.022048287787927986,0.891166386196123,15
prop_married,0.18095604859723746,0.25753811013030714,15
age_mean,-0.24409209383422995,0.12405209642585102,16
age_sd,-0.2332805145933909,0.1421397579826355,16
age_sq_mean,-0.2555712456959781,0.10679716367023631,16
age_sq_sd,-0.24717250029389623,0.11922923589319828,16
english_mean,-0.4883122558650706,0.0011993842129210312,16
entry_recency_mean,-0.06304421793759357,0.6953641603091248,16
entry_recency_sd,0.21579083076240693,0.1754073242646041,16
hours_mean,0.13466279116808552,0.4012280377713913,16
hours_sd,0.06445294250051012,0.6888957716795121,16
prop_educ_<HS,,,16
prop_educ_BAplus,0.5121392855486453,0.0006194719506092712,16
prop_educ_HS,,,16
prop_educ_SomeCollege,,,16
prop_female,-0.06236207619708914,0.6985040320533499,16
prop_married,0.2101850688689543,0.18716546245425555,16
age_mean,-0.20073485813160497,0.20823392089498577,17
age_sd,-0.18863394419742732,0.2375497795337172,17
age_sq_mean,-0.2355521600538509,0.1381866566166357,17
age_sq_sd,-0.20339963969041724,0.20213277649257147,17
english_mean,-0.4130238326722457,0.007277903839940526,17
entry_recency_mean,-0.13072975170685977,0.4152458347715136,17
entry_recency_sd,0.31292721038425236,0.04636102717176182,17
hours_mean,0.20609503423462505,0.1960900316704488,17
hours_sd,0.17365738489598515,0.2775504190468266,17
prop_educ_<HS,,,17
prop_educ_BAplus,0.49774292293825045,0.0009286762207483174,17
prop_educ_HS,,,17
prop_educ_SomeCollege,,,17
prop_female,0.02623391815898339,0.8706663643692594,17
prop_married,0.15979486337968063,0.31829124038289397,17
age_mean,-0.31591729559966286,0.044203103659896915,18
age_sd,-0.2767912622591245,0.07978609142808923,18
age_sq_mean,-0.3037015238676504,0.05356118362575668,18
age_sq_sd,-0.3051868305148743,0.052344934342996814,18
english_mean,-0.4733476781425835,0.0017737410628293326,18
entry_recency_mean,0.03353160714940317,0.8351309235257621,18
entry_recency_sd,0.32018489909501263,0.041264992817439644,18
hours_mean,0.1278143310042787,0.42581370163746324,18
hours_sd,0.12581969018878925,0.43312993423951535,18
prop_educ_<HS,,,18
prop_educ_BAplus,0.5265188366143749,0.0004059536055430944,18
prop_educ_HS,,,18
prop_educ_SomeCollege,,,18
prop_female,0.11138067005454626,0.48812714331397394,18
prop_married,0.06342670571087279,0.693605774135657,18
age_mean,-0.24632024790359558,0.12054921024772507,19
age_sd,-0.33104864037241877,0.03449708466909378,19
age_sq_mean,-0.2753933265911491,0.08138247178892387,19
age_sq_sd,-0.3432805774672033,0.027995735281140834,19
english_mean,-0.4663898468748016,0.002115153689975749,19
entry_recency_mean,-0.08347197332851401,0.6038587892239063,19
entry_recency_sd,0.3066551649583784,0.05116449036188562,19
hours_mean,0.12352453966522514,0.4416342052160811,19
hours_sd,0.03176211781232954,0.8437204028294569,19
prop_educ_<HS,,,19
prop_educ_BAplus,0.5138073428899187,0.0005903960440700055,19
prop_educ_HS,,,19
prop_educ_SomeCollege,,,19
prop_female,-0.05993597372416559,0.7097111951888526,19
prop_married,0.1944157125255877,0.22321146368202266,19
age_mean,-0.2695629530977624,0.08831054567732124,20
age_sd,-0.3184672193606404,0.042427848621779014,20
age_sq_mean,-0.29251803852384745,0.06346332201075085,20
age_sq_sd,-0.3427563515917125,0.02825186394110519,20
english_mean,-0.42628123510745863,0.005451192721139311,20
entry_recency_mean,-0.043423211868098555,0.7874889897020098,20
entry_recency_sd,0.21154356870330074,0.1842659722927233,20
hours_mean,-0.07840592474765057,0.6260681997662065,20
hours_sd,-0.08507417692255875,0.5969062844816024,20
prop_educ_<HS,,,20
prop_educ_BAplus,0.5365045012559637,0.0002993168502184171,20
prop_educ_HS,,,20
prop_educ_SomeCollege,,,20
prop_female,0.020822183086556686,0.8971853657363671,20
prop_married,0.11093093684423544,0.4898962528096668,20
age_mean,-0.30425225370710174,0.05310759863721858,21
age_sd,-0.23319314361414245,0.1422934491666177,21
age_sq_mean,-0.3229372048178924,0.03945588005916533,21
age_sq_sd,-0.23782380551431084,0.13431555410599375,21
english_mean,-0.4258586955976537,0.005502603369583575,21
entry_recency_mean,-0.056615393408039005,0.7251482458664961,21
entry_recency_sd,0.1901252561489624,0.23379304109375756,21
hours_mean,0.03252184072065094,0.8400302967882846,21
hours_sd,0.0023594275256120134,0.9883189881715005,21
prop_educ_<HS,,,21
prop_educ_BAplus,0.496203779787739,0.0009687521380285955,21
prop_educ_HS,,,21
prop_educ_SomeCollege,,,21
prop_female,-0.0008364239681740684,0.9958589228044115,21
prop_married,0.18875886347672438,0.23723353452746485,21
age_mean,-0.25520029205977296,0.10732453482659775,22
age_sd,-0.28159666611778983,0.07448438633193726,22
age_sq_mean,-0.2798492465328206,0.07637930746774135,22
age_sq_sd,-0.27102477762872607,0.08653205187442359,22
english_mean,-0.4472447124053549,0.0033705691038725893,22
entry_recency_mean,0.07111656937478358,0.658600641511958,22
entry_recency_sd,0.3055496226320806,0.052051258012018896,22
hours_mean,0.12516431457036933,0.43554897709321366,22
hours_sd,0.010661581494147067,0.9472519980861878,22
prop_educ_<HS,,,22
prop_educ_BAplus,0.5332369314089229,0.00033104797467129826,22
prop_educ_HS,,,22
prop_educ_SomeCollege,,,22
prop_female,-0.11467161977727672,0.475282993173153,22
prop_married,0.10666331953000169,0.5068473347400015,22
age_mean,-0.2180912786576583,0.17073871206939123,23
age_sd,-0.3117396539585089,0.047241376047335144,23
age_sq_mean,-0.2367753537633293,0.13609208095292577,23
age_sq_sd,-0.2883242315199213,0.06753122269433837,23
english_mean,-0.4485251533824259,0.003269832694367288,23
entry_recency_mean,-0.03852048541579457,0.8110184801318239,23
entry_recency_sd,0.169383398567265,0.2897293348836064,23
hours_mean,0.051664619933909146,0.7483629068045842,23
hours_sd,-0.026434326907319776,0.8696868029537698,23
prop_educ_<HS,,,23
prop_educ_BAplus,0.5341895655860296,0.0003214986002767633,23
prop_educ_HS,,,23
prop_educ_SomeCollege,,,23
prop_female,0.020080393038784915,0.9008296161985118,23
prop_married,0.16693874514165732,0.29684855715046077,23
age_mean,-0.319879087348026,0.041470105458255746,24
age_sd,-0.35271664322603713,0.02370441178987296,24
age_sq_mean,-0.3592694666696717,0.021059021417959616,24
age_sq_sd,-0.385306018485713,0.012855270460010977,24
english_mean,-0.4196897833620717,0.006302463396218314,24
entry_recency_mean,-0.0732220524113954,0.6491364833572945,24
entry_recency_sd,0.3667876137376809,0.018332878798971212,24
hours_mean,0.1020508660164183,0.5254953911184806,24
hours_sd,0.05575239856816536,0.7291781488499056,24
prop_educ_<HS,,,24
prop_educ_BAplus,0.5026536055864789,0.0008104893442924813,24
prop_educ_HS,,,24
prop_educ_SomeCollege,,,24
prop_female,0.045854931115201024,0.7758859257766735,24
prop_married,0.1324224006757964,0.40917927749804006,24
age_mean,-0.29391597419182286,0.06215144562146663,25
age_sd,-0.35359035301852176,0.023336450795806717,25
age_sq_mean,-0.30955537947729733,0.04889584953408431,25
age_sq_sd,-0.34939654601459563,0.025147056138167766,25
english_mean,-0.42625038731933357,0.0054549318463244095,25
entry_recency_mean,0.03345876883765397,0.8354841306617132,25
entry_recency_sd,0.1843768588413357,0.24849830541517287,25
hours_mean,-0.003630167076503634,0.9820286768890018,25
hours_sd,-0.042640752386291114,0.7912323239839982,25
prop_educ_<HS,,,25
prop_educ_BAplus,0.5293112533465645,0.0003731465017217441,25
prop_educ_HS,,,25
prop_educ_SomeCollege,,,25
prop_female,-0.07617469301451728,0.6359557956598773,25
prop_married,0.168952245544376,0.2909768280518813,25
age_mean,-0.3139512773031638,0.0456125732149085,26
age_sd,-0.2930422643993382,0.062968816314202,26
age_sq_mean,-0.32973807568369184,0.03526170901985581,26
age_sq_sd,-0.3098174924150427,0.04869487943119831,26
english_mean,-0.44321379788248716,0.0037056322144547625,26
entry_recency_mean,-0.09475316016090013,0.5556723236487108,26
entry_recency_sd,0.27742702628375876,0.07906821608830644,26
hours_mean,0.022732301453129544,0.8878111405683209,26
hours_sd,-0.08020655895008721,0.6181355104610191,26
prop_educ_<HS,,,26
prop_educ_BAplus,0.5326525429619688,0.00033703136991147033,26
prop_educ_HS,,,26
prop_educ_SomeCollege,,,26
prop_female,0.024070274378683365,0.8812537077750291,26
prop_married,0.1060449760818448,0.509327731569116,26
age_mean,-0.2874755642436429,0.06837894912876742,27
age_sd,-0.35795890198094477,0.021567343949104773,27
age_sq_mean,-0.313661815501975,0.04582313183179852,27
age_sq_sd,-0.38373334085924077,0.013258761994999506,27
english_mean,-0.4139714475546118,0.007131761899613827,27
entry_recency_mean,-0.09965476466016945,0.5353140525312196,27
entry_recency_sd,0.23783416437075297,0.13429808814589494,27
hours_mean,0.08439344519939423,0.5998559347361628,27
hours_sd,-0.029531390985979827,0.8545742126356847,27
prop_educ_<HS,,,27
prop_educ_BAplus,0.5237177401631107,0.0004414392095383773,27
prop_educ_HS,,,27
prop_educ_SomeCollege,,,27
prop_female,-0.04446138096326291,0.7825296114173386,27
prop_married,0.19605181573501715,0.2192644534517303,27
age_mean,-0.22783568962553202,0.15195350935817503,28
age_sd,-0.271199519587223,0.08632132946557079,28
age_sq_mean,-0.2725974552551983,0.08464985572646672,28
age_sq_sd,-0.30920589556030353,0.049164849650322036,28
english_mean,-0.43825546859170617,0.004157396166169091,28
entry_recency_mean,-0.09927345055834311,0.5368847410683745,28
entry_recency_sd,0.2874318749481652,0.06842281641746058,28
hours_mean,0.21991160297419637,0.16710837763682646,28
hours_sd,0.19366621062739675,0.2250358097721555,28
prop_educ_<HS,,,28
prop_educ_BAplus,0.48688398048387094,0.0012459750671192898,28
prop_educ_HS,,,28
prop_educ_SomeCollege,,,28
prop_female,0.12233334765263722,0.44608390367106293,28
prop_married,0.15971959603577182,0.31852222069777747,28
age_mean,-0.2620066733783449,0.09795894035514122,29
age_sd,-0.2831693437442621,0.0728106934188163,29
age_sq_mean,-0.2800239884913175,0.07618813251516732,29
age_sq_sd,-0.3177682515266527,0.04290860334625707,29
english_mean,-0.4172906470301209,0.006639646706684958,29
entry_recency_mean,-0.11329277248587552,0.48064265183566335,29
entry_recency_sd,0.253266845884559,0.11010538605856901,29
hours_mean,0.05144471579986488,0.7493993345652598,29
hours_sd,-0.026126198695698856,0.8711929563510135,29
prop_educ_<HS,,,29
prop_educ_BAplus,0.5248248057241316,0.0004270950095829737,29
prop_educ_HS,,,29
prop_educ_SomeCollege,,,29
prop_female,-0.07548158319741925,0.6390401187986091,29
prop_married,0.11557949463923714,0.47177131491562274,29
age_mean,-0.28297448912120854,0.07301644418395979,30
age_sd,-0.385306018485713,0.012855270460010977,30
age_sq_mean,-0.333757140729121,0.032959951948120084,30
age_sq_sd,-0.369753984179487,0.01734215994673333,30
english_mean,-0.4178635273130947,0.006557747566780695,30
entry_recency_mean,0.04515230757117175,0.7792337135046818,30
entry_recency_sd,0.3057947002441964,0.05185362073619203,30
hours_mean,0.051798899534907746,0.7477302497557486,30
hours_sd,-0.021800958443400888,0.892380058208259,30
prop_educ_<HS,,,30
prop_educ_BAplus,0.5198475309127545,0.0004950413563180796,30
prop_educ_HS,,,30
prop_educ_SomeCollege,,,30
prop_female,0.09142013446098783,0.5697198324981858,30
prop_married,0.15875425007897614,0.32149402104121433,30
age_mean,-0.3033652530107474,0.0538396634269398,31
age_sd,-0.27102477762872607,0.08653205187442359,31
age_sq_mean,-0.31584608998318653,0.04425352821231434,31
age_sq_sd,-0.3057984273696135,0.05185061974358047,31
english_mean,-0.3571180083681978,0.021898870775941888,31
entry_recency_mean,-0.06480119213588095,0.687300069207823,31
entry_recency_sd,0.19249503587499858,0.22790698436675005,31
hours_mean,0.033833205265838474,0.83366875643314,31
hours_sd,-0.09314557795857853,0.5624273954574426,31
prop_educ_<HS,,,31
prop_educ_BAplus,0.5032874860145066,0.0007962544908126444,31
prop_educ_HS,,,31
prop_educ_SomeCollege,,,31
prop_female,0.0789341682057657,0.6237366580363108,31
prop_married,0.020645552223880724,0.8980529278988522,31
age_mean,-0.27140972680625064,0.0860683671875569,32
age_sd,-0.16146156965115593,0.31320348486158844,32
age_sq_mean,-0.2790629077195845,0.0772442502643369,32
age_sq_sd,-0.20042902639596955,0.20894225457203494,32
english_mean,-0.477866939157376,0.0015789689916438695,32
entry_recency_mean,-0.09668552008093241,0.5476032702924067,32
entry_recency_sd,0.3883273747350218,0.01210933489062369,32
hours_mean,0.12596743494920182,0.43258563036773773,32
hours_sd,0.06706014737492759,0.6769821349402445,32
prop_educ_<HS,,,32
prop_educ_BAplus,0.5549613161509982,0.00016609589459152212,32
prop_educ_HS,,,32
prop_educ_SomeCollege,,,32
prop_female,0.08724135675031056,0.5875583022351617,32
prop_married,0.2451290830807455,0.12241246952946555,32
age_mean,-0.17702902527587253,0.2681827231779905,33
age_sd,-0.25145367827707077,0.11276262466086315,33
age_sq_mean,-0.21135039880202716,0.18467630056806622,33
age_sq_sd,-0.2865768119349521,0.06928584580639642,33
english_mean,-0.4350474891544078,0.004474616317932258,33
entry_recency_mean,-0.05723418321143597,0.7222631895206595,33
entry_recency_sd,0.24810070159101877,0.11780404389247445,33
hours_mean,0.06469398422925186,0.6877911606023615,33
hours_sd,0.02525571353941395,0.8754503608582849,33
prop_educ_<HS,,,33
prop_educ_BAplus,0.5510590046129215,0.00018866183630956976,33
prop_educ_HS,,,33
prop_educ_SomeCollege,,,33
prop_female,0.12963609876013205,0.41919255497131874,33
prop_married,0.12164882940760356,0.44865197888749553,33
age_mean,-0.25079840735209175,0.11373479238549683,34
age_sd,-0.3421447547369733,0.02855312932697114,34
age_sq_mean,-0.28544098920472216,0.07044550818090563,34
age_sq_sd,-0.3413584159237372,0.028944371816982513,34
english_mean,-0.43850581676749095,0.004133486271891334,34
entry_recency_mean,-0.11615903879506732,0.46953683471081825,34
entry_recency_sd,0.46590264697480366,0.002141094896175231,34
hours_mean,0.0130279255939011,0.9355668128999318,34
hours_sd,-0.004544082641919433,0.9775053285595114,34
prop_educ_<HS,,,34
prop_educ_BAplus,0.5495770008440238,0.00019793236263680367,34
prop_educ_HS,,,34
prop_educ_SomeCollege,,,34
prop_female,-0.0846748197028577,0.5986359539633769,34
prop_married,0.16345752711039752,0.30717875985759086,34
age_mean,-0.24284626272873278,0.12604363984565325,35
age_sd,-0.31200176689625425,0.047045916315011746,35
age_sq_mean,-0.26674359964555144,0.09182047094128915,35
age_sq_sd,-0.31034171829053353,0.0482949382574649,35
english_mean,-0.44215497968138723,0.003798327823846059,35
entry_recency_mean,-0.0017061136133975077,0.9915532647216337,35
entry_recency_sd,0.11666058321081621,0.467607636565515,35
hours_mean,0.06631133383498317,0.6803960548479968,35
hours_sd,0.043687392426662926,0.7862261936925152,35
prop_educ_<HS,,,35
prop_educ_BAplus,0.511416568166241,0.0006324620578705816,35
prop_educ_HS,,,35
prop_educ_SomeCollege,,,35
prop_female,-0.13474865670687203,0.40092508247910674,35
prop_married,0.15467281380095213,0.33425012131529125,35
age_mean,-0.2506673280451133,0.11393002209682956,36
age_sd,-0.31025434731128504,0.04836141040242716,36
age_sq_mean,-0.26787942237578144,0.09039370838853915,36
age_sq_sd,-0.3244084459495357,0.03851567804616368,36
english_mean,-0.41966729192826024,0.006305554338464867,36
entry_recency_mean,4.373504344367079e-05,0.9997834698942649,36
entry_recency_sd,0.264232859049476,0.09503598325930959,36
hours_mean,0.09206983657971718,0.5669688393994358,36
hours_sd,-0.06527180744376938,0.6851458053133009,36
prop_educ_<HS,,,36
prop_educ_BAplus,0.5438837804205138,0.00023749134583818068,36
prop_educ_HS,,,36
prop_educ_SomeCollege,,,36
prop_female,0.036306977081183404,0.8216970322529241,36
prop_married,0.07046102918311177,0.6615581469359166,36
age_mean,-0.31172017368543103,0.04725592879973545,37
age_sd,-0.36407487052833704,0.019280140677919656,37
age_sq_mean,-0.31584608998318653,0.04425352821231434,37
age_sq_sd,-0.3826848891082592,0.013533689768534841,37
english_mean,-0.3872312106307301,0.012375588163401376,37
entry_recency_mean,-0.0632132844254333,0.69458672712179,37
entry_recency_sd,0.2520655073195501,0.11186060131962643,37
hours_mean,0.14772130749557352,0.35668675873726324,37
hours_sd,0.0962870129083651,0.5492627691760492,37
prop_educ_<HS,,,37
prop_educ_BAplus,0.519235825081062,0.0005040270099939303,37
prop_educ_HS,,,37
prop_educ_SomeCollege,,,37
prop_female,-0.014544581960743978,0.9280843044733736,37
prop_married,0.09861660607278658,0.5395955900979529,37
age_mean,-0.22940249763240705,0.14908008472865522,38
age_sd,-0.27652914932137906,0.08008353484210949,38
age_sq_mean,-0.240881789788007,0.12923245470611416,38
age_sq_sd,-0.28552836018397054,0.07035576379272732,38
english_mean,-0.4230034120091205,0.005861153667686288,38
entry_recency_mean,0.04056841490096965,0.8011686835647466,38
entry_recency_sd,0.3311648597214002,0.03442994075782949,38
hours_mean,0.2309212268020785,0.14633306533064042,38
hours_sd,0.11110187839993677,0.48922343201229646,38
prop_educ_<HS,,,38
prop_educ_BAplus,0.47185696274898115,0.001842485758537964,38
prop_educ_HS,,,38
prop_educ_SomeCollege,,,38
prop_female,-0.12207385896501063,0.44705646727329,38
prop_married,0.17236495478493352,0.2811973625141271,38
age_mean,-0.19201445362474326,0.22909237311705455,39
age_sd,-0.2675299384587876,0.09083087460207374,39
age_sq_mean,-0.21318518936624484,0.18080502223154718,39
age_sq_sd,-0.27434487484016756,0.0825960165169217,39
english_mean,-0.4266710493455766,0.0054041336562628325,39
entry_recency_mean,-0.05780258992018209,0.7196163794238475,39
entry_recency_sd,0.3136591160241586,0.04582509916622152,39
hours_mean,-0.034003605758068794,0.8328428878617209,39
hours_sd,-0.035082504268639104,0.8276180121104071,39
prop_educ_<HS,,,39
prop_educ_BAplus,0.5405748838839715,0.0002636283551314871,39
prop_educ_HS,,,39
prop_educ_SomeCollege,,,39
prop_female,0.05857340533583686,0.7160322041987109,39
prop_married,0.17417700228423533,0.27609294179257426,39
age_mean,-0.33077165606210035,0.03465754138938524,40
age_sd,-0.23878488628604394,0.13270226006609465,40
age_sq_mean,-0.3426689806124641,0.02829474005481703,40
age_sq_sd,-0.2555601143017484,0.10681295999369529,40
english_mean,-0.47089808601569655,0.0018879373256137607,40
entry_recency_mean,0.011986541796690182,0.9407077452696244,40
entry_recency_sd,0.12179514507235464,0.44810237657814317,40
hours_mean,0.0360266688060073,0.8230516237601495,40
hours_sd,0.04110983627348982,0.7985696455764064,40
prop_educ_<HS,,,40
prop_educ_BAplus,0.5101701349380009,0.0006554381370139641,40
prop_educ_HS,,,40
prop_educ_SomeCollege,,,40
prop_female,0.0713422881333775,0.6575834826994563,40
prop_married,0.1064556758112276,0.5076795870952968,40
age_mean,-0.2610225932964105,0.09927281132799558,41
age_sd,-0.3056236854111166,0.05199146804371084,41
age_sq_mean,-0.2967118455277736,0.059592401198501385,41
age_sq_sd,-0.33646564108582333,0.03147960033846129,41
english_mean,-0.3938497656773785,0.010840927081929139,41
entry_recency_mean,-0.059868047878026485,0.7100258557567972,41
entry_recency_sd,0.3018493424558251,0.055109501486089285,41
hours_mean,0.06068834705689315,0.706229083085042,41
hours_sd,-0.018916640920745048,0.9065508949145654,41
prop_educ_<HS,,,41
prop_educ_BAplus,0.5012965540924523,0.0008417291391952663,41
prop_educ_HS,,,41
prop_educ_SomeCollege,,,41
prop_female,-0.1683166067921421,0.29282229931386855,41
prop_married,0.22677900095270445,0.15391415300700415,41
age_mean,-0.19326301208447733,0.22602144845198335,42
age_sd,-0.29426545810881666,0.061826868418477406,42
age_sq_mean,-0.21807796420415868,0.1707654729594515,42
age_sq_sd,-0.3117396539585089,0.047241376047335144,42
english_mean,-0.396498340585213,0.01027401023176693,42
entry_recency_mean,-0.02651038076202281,0.8693151157932402,42
entry_recency_sd,0.28599012819739916,0.0698829478065602,42
hours_mean,0.10598348244874727,0.5095747380307067,42
hours_sd,0.07942367943167321,0.6215792995167805,42
prop_educ_<HS,,,42
prop_educ_BAplus,0.5310390914612222,0.0003540587991181334,42
prop_educ_HS,,,42
prop_educ_SomeCollege,,,42
prop_female,-0.02957037772987902,0.8543842857224758,42
prop_married,0.11473396111759859,0.4750414157959139,42
age_mean,-0.23579112769345606,0.13777558798232398,43
age_sd,-0.2635108734133584,0.09597649117737107,43
age_sq_mean,-0.2598412922849231,0.10086779212634722,43
age_sq_sd,-0.3088564116433096,0.04943504164716333,43
english_mean,-0.4366013231224788,0.004318428627448789,43
entry_recency_mean,-0.0864928146107131,0.5907797251452935,43
entry_recency_sd,0.34613521019645044,0.026634524189194368,43
hours_mean,0.08930003148904908,0.5787391447634976,43
hours_sd,0.09406715096810327,0.5585502794582079,43
prop_educ_<HS,,,43
prop_educ_BAplus,0.525923666043762,0.0004132718362762816,43
prop_educ_HS,,,43
prop_educ_SomeCollege,,,43
prop_female,-0.05924692876667834,0.7129053339033843,43
prop_married,0.16247383415845001,0.3101387229058255,43
age_mean,-0.2862647343906236,0.06960296198588231,44
age_sd,-0.2981971521749974,0.05826747796153522,44
age_sq_mean,-0.30317729799215964,0.05399582195230286,44
age_sq_sd,-0.3098174924150427,0.04869487943119831,44
english_mean,-0.4098133499105339,0.007792378418113619,44
entry_recency_mean,-0.05553138597339325,0.7302113677122354,44
entry_recency_sd,0.3162967211690396,0.043935196881700674,44
hours_mean,0.07032365252536335,0.662178574893693,44
hours_sd,0.014418723767628969,0.9287050092186545,44
prop_educ_<HS,,,44
prop_educ_BAplus,0.5186399627693695,0.0005129200464818558,44
prop_educ_HS,,,44
prop_educ_SomeCollege,,,44
prop_female,0.13520665251856814,0.39931138922674925,44
prop_married,0.14240604383569308,0.37444221345289774,44
age_mean,-0.290715543359928,0.0651871903673194,45
age_sd,-0.2012153652092057,0.2071244052906455,45
age_sq_mean,-0.2912074738351205,0.06471307906177054,45
age_sq_sd,-0.19868160681100033,0.2130216102278479,45
english_mean,-0.42641413575810416,0.0054351089551196476,45
entry_recency_mean,-0.08409514687322493,0.6011504730398474,45
entry_recency_sd,0.1799842172518297,0.26014573941389957,45
hours_mean,0.021596628333513904,0.8933829111679977,45
hours_sd,0.03232867039573056,0.8409682415820826,45
prop_educ_<HS,,,45
prop_educ_BAplus,0.5241174345133209,0.00043621133082357496,45
prop_educ_HS,,,45
prop_educ_SomeCollege,,,45
prop_female,-0.031111417937093974,0.8468835911423457,45
prop_married,0.19185932784226456,0.2294758999410557,45
age_mean,-0.2867079217052199,0.06915295978952461,46
age_sd,-0.2825577468895229,0.07345802443143656,46
age_sq_mean,-0.294702313005059,0.06142304396969043,46
age_sq_sd,-0.2952265388805498,0.0609412274030195,46
english_mean,-0.4397881365973726,0.004012886049531943,46
entry_recency_mean,-0.061478054077630635,0.702580531335044,46
entry_recency_sd,0.1784581811336158,0.2642757376722642,46
hours_mean,0.13419045358364204,0.402896924018012,46
hours_sd,0.1085242099667491,0.49941961569395743,46
prop_educ_<HS,,,46
prop_educ_BAplus,0.49688790641529756,0.0009507529149608222,46
prop_educ_HS,,,46
prop_educ_SomeCollege,,,46
prop_female,-0.05471817179150574,0.7340171286084218,46
prop_married,0.07600078246129877,0.6367291264545567,46
age_mean,-0.29434760616447364,0.061750770815054916,47
age_sd,-0.25250213002805233,0.11122023736170498,47
age_sq_mean,-0.30440049170163813,0.0529860369032521,47
age_sq_sd,-0.26604463181156374,0.09270708125059134,47
english_mean,-0.45687884063156187,0.002674930610672151,47
entry_recency_mean,-0.15085956036752285,0.34644721028156683,47
entry_recency_sd,0.3946361002097723,0.01066989319654845,47
hours_mean,0.0510513407427716,0.7512544303608173,47
hours_sd,0.09866332382698391,0.5394025649127087,47
prop_educ_<HS,,,47
prop_educ_BAplus,,,47
prop_educ_HS,,,47
prop_educ_SomeCollege,,,47
prop_female,0.005496229790430699,0.9727934975174477,47
prop_married,0.17855493791605345,0.2640125969417117,47
age_mean,-0.29675062209723985,0.05955750909155792,48
age_sd,-0.40767298917331907,0.008152497197855314,48
age_sq_mean,-0.3260684945552565,0.037476867226627616,48
age_sq_sd,-0.3801511307100538,0.014218141772859995,48
english_mean,-0.5061046970289804,0.0007356483821179715,48
entry_recency_mean,-0.10537610203363658,0.5120176851551732,48
entry_recency_sd,0.2581176483732293,0.10323014053054258,48
hours_mean,0.05940222358963177,0.7121850240753106,48
hours_sd,0.03162829448794289,0.8443707498905053,48
prop_educ_<HS,,,48
prop_educ_BAplus,0.5308939547120434,0.00035562772627467735,48
prop_educ_HS,,,48
prop_educ_SomeCollege,,,48
prop_female,-0.02159386749275815,0.8933964625101726,48
prop_married,0.1447358119391055,0.3665960231789082,48
age_mean,-0.28638333185669895,0.06948231510508192,49
age_sd,-0.23135835304992475,0.14554934937027686,49
age_sq_mean,-0.27801445596860297,0.07840941358849561,49
age_sq_sd,-0.2561717111564876,0.10594768910232732,49
english_mean,-0.4892762920375482,0.001168817226983605,49
entry_recency_mean,0.027414692798755046,0.8648977484700985,49
entry_recency_sd,0.2056634326491805,0.19704897659826914,49
hours_mean,0.08861999032532562,0.5816457569518334,49
hours_sd,0.14373152108372103,0.36996611364622234,49
prop_educ_<HS,,,49
prop_educ_BAplus,0.5884253483052595,5.20423536227944e-05,49
prop_educ_HS,,,49
prop_educ_SomeCollege,,,49
prop_female,0.016233194204272373,0.919760653814338,49
prop_married,0.10159188622552706,0.5273693045071568,49
age_mean,-0.2407612196633394,0.1294301119905365,50
age_sd,-0.30099302351094814,0.05583735064083581,50
age_sq_mean,-0.25888021151318996,0.10217984655746126,50
age_sq_sd,-0.32772854316097727,0.03646107742687252,50
english_mean,-0.47769976513121515,0.0015858222197011253,50
entry_recency_mean,0.05652227672878694,0.7255827205553355,50
entry_recency_sd,0.22015035991241894,0.1666363834209433,50
hours_mean,0.023786672416949553,0.8826430085965791,50
hours_sd,-0.041069726850913646,0.7987621135851832,50
prop_educ_<HS,,,50
prop_educ_BAplus,0.5551227841085675,0.00016521706242119915,50
prop_educ_HS,,,50
prop_educ_SomeCollege,,,50
prop_female,0.029398191515288028,0.8552231651068407,50
prop_married,0.131300794853945,0.41319349666004174,50
age_mean,-0.25628237814609617,0.10579169273335953,51
age_sd,-0.236338498867087,0.13683742261569087,51
age_sq_mean,-0.29260540950309594,0.06338069099774675,51
age_sq_sd,-0.24070704782951008,0.12951899228554198,51
english_mean,-0.43106776557938975,0.004897267029646203,51
entry_recency_mean,-0.05249351084569893,0.7444602099053464,51
entry_recency_sd,0.29892215965881536,0.05762935241859314,51
hours_mean,0.08780239844929207,0.5851489389835163,51
hours_sd,0.04115710924846878,0.7983428178367312,51
prop_educ_<HS,,,51
prop_educ_BAplus,,,51
prop_educ_HS,,,51
prop_educ_SomeCollege,,,51
prop_female,-0.16578867275010944,0.30023629820994036,51
prop_married,0.2124974971196545,0.18224916140482864,51
age_mean,-0.2817699556706688,0.07429849897659434,52
age_sd,-0.22978567542345243,0.14838346692611806,52
age_sq_mean,-0.29505179692205286,0.06110149752794303,52
age_sq_sd,-0.2679667933550299,0.09028467140422455,52
english_mean,-0.4628144684708332,0.002312140105323385,52
entry_recency_mean,-0.061029037103394676,0.7046542481761634,52
entry_recency_sd,0.16247341243475943,0.3101399957532424,52
hours_mean,-0.013725017076633097,0.932126955401474,52
hours_sd,-0.05295604001929185,0.7422851979308367,52
prop_educ_<HS,,,52
prop_educ_BAplus,0.5422609013982913,0.00025000352865814086,52
prop_educ_HS,,,52
prop_educ_SomeCollege,,,52
prop_female,0.004061927273939181,0.9798916383085072,52
prop_married,-0.018169968455846158,0.9102241859987054,52
age_mean,-0.18075048934279764,0.2580882106877629,53
age_sd,-0.30099302351094814,0.05583735064083581,53
age_sq_mean,-0.21126302782277873,0.18486210578410747,53
age_sq_sd,-0.30623528226585583,0.05149984053607658,53
english_mean,-0.4130134441576066,0.007279520162073995,53
entry_recency_mean,0.09475492529792312,0.555664927502976,53
entry_recency_sd,0.34331048386421675,0.027981181650442322,53
hours_mean,0.046720141335138486,0.7717689591571265,53
hours_sd,0.007341080908532678,0.9636667347945623,53
prop_educ_<HS,,,53
prop_educ_BAplus,0.5323744469909233,0.0003399126932651205,53
prop_educ_HS,,,53
prop_educ_SomeCollege,,,53
prop_female,0.0324616787430127,0.8403223918866402,53
prop_married,0.2536628006916548,0.10953148185034019,53
age_mean,-0.29209560585788025,0.06386404427506076,54
age_sd,-0.3074584759753343,0.050527801254967204,54
age_sq_mean,-0.30378889484689897,0.053489017564004156,54
age_sq_sd,-0.3123512508132481,0.046786320589374084,54
english_mean,-0.4715384482165395,0.0018574753328591484,54
entry_recency_mean,-0.05649088213076797,0.7257292242822797,54
entry_recency_sd,0.3109065705011718,0.0478669739765565,54
hours_mean,0.212731160872224,0.18175755349945732,54
hours_sd,0.09747081821087651,0.5443400532663221,54
prop_educ_<HS,,,54
prop_educ_BAplus,0.5155930515196081,0.000560627074727515,54
prop_educ_HS,,,54
prop_educ_SomeCollege,,,54
prop_female,-0.08443203960748877,0.5996885335130205,54
prop_married,0.11460002421700435,0.47556051123837056,54
age_mean,-0.31599989915594434,0.0441446659941163,55
age_sd,-0.3228357683230634,0.03952138712147424,55
age_sq_mean,-0.3325339470196426,0.033647016102997404,55
age_sq_sd,-0.33026230155918257,0.03495420843465307,55
english_mean,-0.4755222795029178,0.0016775201904451246,55
entry_recency_mean,0.009974202662939274,0.9506484790506045,55
entry_recency_sd,0.21301044740774794,0.1811712004509491,55
hours_mean,0.15397776746230893,0.33645323134039684,55
hours_sd,0.09511573973876492,0.554154040155904,55
prop_educ_<HS,,,55
prop_educ_BAplus,0.5289582136768584,0.0003771583847884764,55
prop_educ_HS,,,55
prop_educ_SomeCollege,,,55
prop_female,-0.08465774398140286,0.5987099598733386,55
prop_married,0.15621117427543255,0.32940580159120664,55
age_mean,-0.2740431377896027,0.08294786484684423,56
age_sd,-0.23930911216153472,0.13182838113941736,56
age_sq_mean,-0.27661652030062756,0.0799842910035737,56
age_sq_sd,-0.2940033451710713,0.06207017461821318,56
english_mean,-0.49067697564330964,0.0011256372422027959,56
entry_recency_mean,0.08437324461757958,0.5999435618031147,56
entry_recency_sd,0.19460059935528656,0.22276300271353064,56
hours_mean,-0.0016169970806926206,0.9919944538733275,56
hours_sd,-0.026126198695698856,0.8711929563510135,56
prop_educ_<HS,,,56
prop_educ_BAplus,0.5870201373231603,5.478266781009984e-05,56
prop_educ_HS,,,56
prop_educ_SomeCollege,,,56
prop_female,0.15354656126921892,0.3378245400675313,56
prop_married,0.05951745783917556,0.7116506881212382,56
age_mean,-0.27380483912420095,0.08322656300187531,57
age_sd,-0.2971487004240159,0.05920024936092032,57
age_sq_mean,-0.29155695775211443,0.06437791856100478,57
age_sq_sd,-0.30081828155245127,0.05598681767819322,57
english_mean,-0.43136608190486675,0.0048644249502773455,57
entry_recency_mean,-0.08237165537684193,0.6086535883691131,57
entry_recency_sd,0.21244511977271735,0.18235948859447534,57
hours_mean,0.023517137510363183,0.8839637198283558,57
hours_sd,-0.07314862762430775,0.6494656247536482,57
prop_educ_<HS,,,57
prop_educ_BAplus,0.5274990185382777,0.0003941543357411024,57
prop_educ_HS,,,57
prop_educ_SomeCollege,,,57
prop_female,-0.048317706974678507,0.7641834771792071,57
prop_married,0.1086238550060149,0.4990234570975291,57
age_mean,-0.3054584783621034,0.052124913484850606,58
age_sd,-0.17771257179136968,0.26630933223432884,58
age_sq_mean,-0.3224862844060696,0.03974776120998522,58
age_sq_sd,-0.2371248376803232,0.1354979793105762,58
english_mean,-0.48888645106186435,0.0011810937580537108,58
entry_recency_mean,-0.01666668969350941,0.9176251577844436,58
entry_recency_sd,0.2117964784844619,0.18372972653145123,58
hours_mean,0.07806990259016476,0.627553195544741,58
hours_sd,0.09301045847636538,0.562996899541537,58
prop_educ_<HS,,,58
prop_educ_BAplus,0.5472058177845065,0.00021362240061083523,58
prop_educ_HS,,,58
prop_educ_SomeCollege,,,58
prop_female,-0.022686021993166813,0.8880380917926467,58
prop_married,0.026427873806132082,0.8697183415496584,58
age_mean,-0.285827822402848,0.07004885038494821,59
age_sd,-0.28858634445766673,0.06727108641130236,59
age_sq_mean,-0.3018667333034328,0.05509479882840478,59
age_sq_sd,-0.2797618755535722,0.07647503578861849,59
english_mean,-0.49369779864670654,0.0010373001999026909,59
entry_recency_mean,-0.03301563440122296,0.8376336603677288,59
entry_recency_sd,0.17491670045541893,0.27402682616734364,59
hours_mean,0.016349770660520093,0.91918631674743,59
hours_sd,-0.009086581841839945,0.955035663532568,59
prop_educ_<HS,,,59
prop_educ_BAplus,0.5150825242535451,0.0005689977364736554,59
prop_educ_HS,,,59
prop_educ_SomeCollege,,,59
prop_female,0.10726340489827912,0.5044460242867495,59
prop_married,0.11776921817316617,0.46335827610898767,59
age_mean,-0.33971387058580377,0.029776956022997295,60
age_sd,-0.349658658952341,0.02503056998433029,60
age_sq_mean,-0.349658658952341,0.02503056998433029,60
age_sq_sd,-0.37674366251936386,0.015184691422032192,60
english_mean,-0.4961282791432998,0.0009707569945895853,60
entry_recency_mean,-0.050161981631332106,0.7554535912732908,60
entry_recency_sd,0.26369936195564564,0.09573026553606621,60
hours_mean,0.14215843893711616,0.37528192041172725,60
hours_sd,0.051636248735840454,0.7484965982832185,60
prop_educ_<HS,,,60
prop_educ_BAplus,0.6028444377971145,3.0308614630876087e-05,60
prop_educ_HS,,,60
prop_educ_SomeCollege,,,60
prop_female,0.07690797550786563,0.6326992969253389,60
prop_married,0.15718555793516337,0.3263601843131951,60
age_mean,-0.362025273070926,0.020022796659897077,61
age_sd,-0.3513187075580617,0.024303201185573654,61
age_sq_mean,-0.3468627876163902,0.026296508493371926,61
age_sq_sd,-0.36704548382278473,0.01824490674508786,61
english_mean,-0.4503505784637254,0.0031307783264079626,61
entry_recency_mean,0.08369802750353834,0.6028757475042438,61
entry_recency_sd,0.2849167633292314,0.07098587080450378,61
hours_mean,-0.1188533399454972,0.459222955225194,61
hours_sd,-0.2086964429711433,0.19037969374202401,61
prop_educ_<HS,,,61
prop_educ_BAplus,0.5088872461742259,0.0006798618470829426,61
prop_educ_HS,,,61
prop_educ_SomeCollege,,,61
prop_female,0.0501225349814141,0.7556400028326312,61
prop_married,0.1036129928222673,0.5191421976603839,61
age_mean,-0.2993675315735558,0.05724012800825473,62
age_sd,-0.3349803344385995,0.03228446828787474,62
age_sq_mean,-0.30641002422435276,0.051360064269036505,62
age_sq_sd,-0.32755380120248034,0.03656692958993858,62
english_mean,-0.4451604846447328,0.003540351562163329,62
entry_recency_mean,-0.10474345054172766,0.5145685026583177,62
entry_recency_sd,0.33757290857182254,0.030890406684187854,62
hours_mean,0.08253574066059342,0.6079375295031798,62
hours_sd,0.024683376721064552,0.8782514655170036,62
prop_educ_<HS,,,62
prop_educ_BAplus,0.5448447670243625,0.00023035103391659515,62
prop_educ_HS,,,62
prop_educ_SomeCollege,,,62
prop_female,0.07015803479279792,0.6629268430648263,62
prop_married,0.03617441025186749,0.8223375988768897,62
age_mean,-0.26444217705974604,0.0947646421484604,63
age_sd,-0.2554727433225,0.1069370080696507,63
age_sq_mean,-0.27949976261582676,0.07676278482410501,63
age_sq_sd,-0.2594918083679292,0.1013434021392847,63
english_mean,-0.4195472873272795,0.006322068436070729,63
entry_recency_mean,-0.16168984684178014,0.3125106788241352,63
entry_recency_sd,0.022761131454291386,0.8876697647324567,63
hours_mean,0.2449532064130307,0.12268940351195964,63
hours_sd,0.16736640038654568,0.2955951143572348,63
prop_educ_<HS,,,63
prop_educ_BAplus,0.5034016558179152,0.0007937144309872259,63
prop_educ_HS,,,63
prop_educ_SomeCollege,,,63
prop_female,-0.019829264838084,0.9020638125506599,63
prop_married,0.13457078834371364,0.4015527934836312,63
age_mean,-0.21806277309884045,0.17079600944290318,64
age_sd,-0.27670389127987605,0.07988514321811603,64
age_sq_mean,-0.2371248376803232,0.1354979793105762,64
age_sq_sd,-0.26901524510601144,0.08898414510729434,64
english_mean,-0.4201851604277708,0.00623471632849555,64
entry_recency_mean,-0.15968868526871377,0.318617110161492,64
entry_recency_sd,0.25320109786204004,0.11020090304189345,64
hours_mean,0.12374370491703279,0.440818182174348,64
hours_sd,0.027262120378120546,0.8656427508384102,64
prop_educ_<HS,,,64
prop_educ_BAplus,0.49850883450929895,0.0009092887847488778,64
prop_educ_HS,,,64
prop_educ_SomeCollege,,,64
prop_female,0.039413516115349906,0.806719696189871,64
prop_married,0.14353137602514904,0.37063994216874624,64
age_mean,-0.24285684403471064,0.12602662478647508,65
age_sd,-0.205059688296138,0.1983959211941554,65
age_sq_mean,-0.26962684196075065,0.08823222980668546,65
age_sq_sd,-0.2193885288928856,0.16814580560175074,65
english_mean,-0.47945054308661633,0.0015153375550111395,65
entry_recency_mean,-0.05030847834377266,0.7547614170673721,65
entry_recency_sd,0.26777764823236067,0.09052084851573095,65
hours_mean,0.0651072706412461,0.6858987016983633,65
hours_sd,0.010004412865705812,0.9504991856526382,65
prop_educ_<HS,,,65
prop_educ_BAplus,0.5500153359352226,0.00019514850307908387,65
prop_educ_HS,,,65
prop_educ_SomeCollege,,,65
prop_female,0.09684675153014241,0.5469325337032301,65
prop_married,0.16548074101083432,0.30114755157984363,65
age_mean,-0.2919335270007217,0.06401832518429638,66
age_sd,-0.35158082049580713,0.024189978703371154,66
age_sq_mean,-0.30938063751880046,0.049030200834439326,66
age_sq_sd,-0.35769678904319935,0.021670230059678924,66
english_mean,-0.5313719235490119,0.000350484335090717,66
entry_recency_mean,0.009009812262165644,0.9554151707883266,66
entry_recency_sd,0.32560213575591884,0.037766359969634185,66
hours_mean,0.10096186285493433,0.5299468734805797,66
hours_sd,0.07763249634218003,0.6294884148604094,66
prop_educ_<HS,,,66
prop_educ_BAplus,0.5324328597212872,0.00033930565564407265,66
prop_educ_HS,,,66
prop_educ_SomeCollege,,,66
prop_female,0.055460899734307664,0.730540985177291,66
prop_married,0.1454092035021566,0.36434666645545116,66
age_mean,-0.24669125573343384,0.11997324649388012,67
age_sd,-0.2830819727650137,0.07290289367463494,67
age_sq_mean,-0.27600492344588834,0.0806810182152635,67
age_sq_sd,-0.3025657011374205,0.05450646977297863,67
english_mean,-0.5160589639151193,0.0005530842272957584,67
entry_recency_mean,0.010189820317157927,0.9495829720731932,67
entry_recency_sd,0.2868639141069543,0.06899511615198763,67
hours_mean,0.03966075978357775,0.8055305240847386,67
hours_sd,-0.04845987337834964,0.7635094907100266,67
prop_educ_<HS,,,67
prop_educ_BAplus,0.5240786999466446,0.00043671552694077325,67
prop_educ_HS,,,67
prop_educ_SomeCollege,,,67
prop_female,0.009130404490920325,0.9548190324580463,67
prop_married,0.13847688914225767,0.38789868440564157,67
age_mean,-0.28394910085541253,0.07199189152878976,68
age_sd,-0.2794123916365783,0.07685888938643574,68
age_sq_mean,-0.3088564116433096,0.04943504164716333,68
age_sq_sd,-0.29409071615031973,0.0619889881219968,68
english_mean,-0.3930808607217013,0.011010428103093432,68
entry_recency_mean,-0.05513064025665299,0.7320860262001314,68
entry_recency_sd,0.15335610770926264,0.3384313114913031,68
hours_mean,-0.041101970720464294,0.7986073880832693,68
hours_sd,-0.15109314280931083,0.3456923381552158,68
prop_educ_<HS,,,68
prop_educ_BAplus,,,68
prop_educ_HS,,,68
prop_educ_SomeCollege,,,68
prop_female,0.012093175816419995,0.9401812193435932,68
prop_married,0.1659568154502783,0.29973946480048647,68
age_mean,-0.28427970983983936,0.07164692308966042,69
age_sd,-0.3369898669613141,0.031199507808780044,69
age_sq_mean,-0.29548865181829514,0.06070144978036293,69
age_sq_sd,-0.3569978212092117,0.02194660130247636,69
english_mean,-0.45591200630392376,0.0027385298416800056,69
entry_recency_mean,-0.17725039375725787,0.2675750701726581,69
entry_recency_sd,0.15546005807643598,0.33176559028386127,69
hours_mean,0.2461876109830076,0.12075562361045812,69
hours_sd,0.2236455035506395,0.1598367814908419,69
prop_educ_<HS,,,69
prop_educ_BAplus,0.5506536632695618,0.0001911576580570033,69
prop_educ_HS,,,69
prop_educ_SomeCollege,,,69
prop_female,-0.11940100950018517,0.4571414796316034,69
prop_married,0.16066602824006698,0.31562548604939833,69
age_mean,-0.24480178675071187,0.12292820419518766,70
age_sd,-0.26854640124669704,0.08956390683127682,70
age_sq_mean,-0.24996837162984695,0.11497533166745844,70
age_sq_sd,-0.2558222272394938,0.10644147312246338,70
english_mean,-0.4697846389939871,0.0019419544103838713,70
entry_recency_mean,-0.028830204624471036,0.8579914683010615,70
entry_recency_sd,0.09056396450047226,0.573354375525191,70
hours_mean,0.07863217566630881,0.6250691401153465,70
hours_sd,-0.024868961023574738,0.8773430251619452,70
prop_educ_<HS,,,70
prop_educ_BAplus,0.5121943359238775,0.0006184923176448604,70
prop_educ_HS,,,70
prop_educ_SomeCollege,,,70
prop_female,0.0513100994828451,0.7500340080429377,70
prop_married,0.06273734738062586,0.6967760560616706,70
age_mean,-0.2988171268085289,0.05772145125682563,71
age_sd,-0.26595726083231536,0.0928183702541542,71
age_sq_mean,-0.30099302351094814,0.05583735064083581,71
age_sq_sd,-0.31147754102076347,0.04743749142110973,71
english_mean,-0.4290406930989187,0.005125576127162751,71
entry_recency_mean,-0.037513206111109546,0.815873796856559,71
entry_recency_sd,0.2430660642692185,0.12569054526835283,71
hours_mean,0.15742371289912896,0.3256184696397405,71
hours_sd,0.1572677626472298,0.32610404514434665,71
prop_educ_<HS,,,71
prop_educ_BAplus,,,71
prop_educ_HS,,,71
prop_educ_SomeCollege,,,71
prop_female,0.11906235283777031,0.4584279784403191,71
prop_married,0.1575118399014114,0.3253442723440701,71
age_mean,-0.21845599388783854,0.17000683963412014,72
age_sd,-0.2711121486079745,0.08642664083619636,72
age_sq_mean,-0.22297073904207249,0.16113353298345917,72
age_sq_sd,-0.2594918083679292,0.1013434021392847,72
english_mean,-0.38135278683797474,0.01388996318511494,72
entry_recency_mean,-0.08094296592935592,0.6149034885358242,72
entry_recency_sd,0.34339786245517223,0.027938695678269038,72
hours_mean,0.1156169576376519,0.47162670318128086,72
hours_sd,0.10757710507618883,0.5031930157780788,72
prop_educ_<HS,,,72
prop_educ_BAplus,0.513618041621434,0.0005936332161759165,72
prop_educ_HS,,,72
prop_educ_SomeCollege,,,72
prop_female,-0.01658764237541999,0.9180145204753081,72
prop_married,0.19243448432414306,0.22805610721450764,72
age_mean,-0.2711275129966497,0.08640811436751884,73
age_sd,-0.31147754102076347,0.04743749142110973,73
age_sq_mean,-0.2967118455277736,0.059592401198501385,73
age_sq_sd,-0.31837984838139194,0.04248770250222977,73
english_mean,-0.4606227048251874,0.002440719229530195,73
entry_recency_mean,-0.09068273184149596,0.572849563513507,73
entry_recency_sd,0.17729116104873907,0.2674632638395571,73
hours_mean,-0.06804281738848071,0.6725117062783028,73
hours_sd,-0.20181843964447943,0.20573771781227576,73
prop_educ_<HS,,,73
prop_educ_BAplus,0.5485496450793094,0.00020459799558749249,73
prop_educ_HS,,,73
prop_educ_SomeCollege,,,73
prop_female,0.061635950565356715,0.701851814656094,73
prop_married,0.23929779614146424,0.13184719946035625,73
age_mean,-0.2616779898313027,0.09839628120786141,74
age_sd,-0.3580462729601932,0.0215331394961806,74
age_sq_mean,-0.27198585840045914,0.08537800275171328,74
age_sq_sd,-0.3265927204307473,0.03715362202666362,74
english_mean,-0.39503092125588446,0.010584889323504123,74
entry_recency_mean,-0.08157043184525632,0.6121552520254602,74
entry_recency_sd,0.22112115701327018,0.16472714939967284,74
hours_mean,0.019360262344508942,0.9043693823800351,74
hours_sd,-0.018394796079308474,0.9091179381473341,74
prop_educ_<HS,,,74
prop_educ_BAplus,0.5057936620745,0.0007421312146076721,74
prop_educ_HS,,,74
prop_educ_SomeCollege,,,74
prop_female,-0.019938692559155903,0.9015259901970776,74
prop_married,0.1704883027564594,0.28654823758282744,74
age_mean,-0.26139305484342185,0.09877662193030273,75
age_sd,-0.20878204840702214,0.19019380346246054,75
age_sq_mean,-0.2509840694911785,0.11345870026163701,75
age_sq_sd,-0.22821299779698015,0.15125787537204052,75
english_mean,-0.40179555449215787,0.009215861468810864,75
entry_recency_mean,0.04106003686524753,0.7988086134555601,75
entry_recency_sd,0.05447817835604867,0.7351414796239585,75
hours_mean,0.11548750427951582,0.47212650852295196,75
hours_sd,-0.01826371677233003,0.9097628838245304,75
prop_educ_<HS,,,75
prop_educ_BAplus,0.5230937793972481,0.00044971275154395126,75
prop_educ_HS,,,75
prop_educ_SomeCollege,,,75
prop_female,-0.006624770890235366,0.9672099508383847,75
prop_married,0.20288195538515577,0.20330812774902945,75
age_mean,-0.32526680483190296,0.03797564449236399,76
age_sd,-0.3756952107683823,0.01549304748437616,76
age_sq_mean,-0.3508971359709567,0.024486228993707174,76
age_sq_sd,-0.37263722649468617,0.01642281885647969,76
english_mean,-0.4846255225266053,0.0013229265101573524,76
entry_recency_mean,-0.040171573212680556,0.803075027275359,76
entry_recency_sd,0.19390998812344656,0.22444131686416882,76
hours_mean,0.18966702538562424,0.23494302966383251,76
hours_sd,0.1324395635604908,0.409118025411024,76
prop_educ_<HS,,,76
prop_educ_BAplus,0.5508713272862065,0.00018981374867819026,76
prop_educ_HS,,,76
prop_educ_SomeCollege,,,76
prop_female,-0.0753110567832161,0.639799880508001,76
prop_married,0.1731034928807225,0.2791095676603937,76
age_mean,-0.2743687756003157,0.08256819617393195,77
age_sd,-0.26910261608525987,0.08887642598859277,77
age_sq_mean,-0.2874505217274367,0.06840409095194076,77
age_sq_sd,-0.25957917934717767,0.10122433906819596,77
english_mean,-0.4080171553758534,0.008093643134025422,77
entry_recency_mean,0.044506734164371724,0.7823131491982611,77
entry_recency_sd,0.16563333456575918,0.3006957649399333,77
hours_mean,0.11045579029506952,0.4917689254359552,77
hours_sd,0.028919794131240593,0.8575547069197489,77
prop_educ_<HS,,,77
prop_educ_BAplus,0.49456523449213,0.001013099814536884,77
prop_educ_HS,,,77
prop_educ_SomeCollege,,,77
prop_female,-0.06897863980874121,0.6682647141608032,77
prop_married,0.01481914329802432,0.9267303751531407,77
age_mean,-0.26954603484910317,0.08833129331973948,78
age_sd,-0.21508240163699907,0.17686329244178997,78
age_sq_mean,-0.28290723080651675,0.0730875695572678,78
age_sq_sd,-0.24018282195401933,0.13038144910927368,78
english_mean,-0.4101714098334951,0.0077334911756774295,78
entry_recency_mean,0.04801269486479424,0.7656300659660393,78
entry_recency_sd,0.20087463037779615,0.20791075346255639,78
hours_mean,-0.023904293298064108,0.8820667685894832,78
hours_sd,-0.03377476809811271,0.8339520205728239,78
prop_educ_<HS,,,78
prop_educ_BAplus,0.482387473614719,0.00140330789631067,78
prop_educ_HS,,,78
prop_educ_SomeCollege,,,78
prop_female,-0.022918387633458256,0.8868986763966751,78
prop_married,0.06147645197349626,0.7025879266406996,78
age_mean,-0.30715896687486527,0.05076443663325434,79
age_sd,-0.3685307904700085,0.017745079692022988,79
age_sq_mean,-0.32571901063826264,0.037693638698725655,79
age_sq_sd,-0.4075856181940706,0.008167496480455479,79
english_mean,-0.4609971716921746,0.002418315949126515,79
entry_recency_mean,0.05705928883951408,0.7230782373879487,79
entry_recency_sd,0.19344777366526344,0.22556942283162812,79
hours_mean,0.12276067026123165,0.4444848248723569,79
hours_sd,0.07995141072429582,0.6192569950007556,79
prop_educ_<HS,,,79
prop_educ_BAplus,0.5267634648677181,0.00040297951531690984,79
prop_educ_HS,,,79
prop_educ_SomeCollege,,,79
prop_female,0.015629304788941076,0.9227364725023813,79
prop_married,0.04256444605670585,0.7915976273448329,79
age_mean,-0.3128835115697873,0.046393184728988415,80
age_sd,-0.4126531349904813,0.00733577152690336,80
age_sq_mean,-0.32912647882895263,0.03562325944241456,80
age_sq_sd,-0.4168469419944074,0.006703684525046152,80
english_mean,-0.4661734157932869,0.0021266432995990002,80
entry_recency_mean,-0.11606082344542097,0.46991511593920215,80
entry_recency_sd,0.30043377159459633,0.05631683889899661,80
hours_mean,0.16730099550216684,0.29578659290803944,80
hours_sd,0.022241727276447222,0.8902173281602992,80
prop_educ_<HS,,,80
prop_educ_BAplus,0.5359677642970585,0.00030433356197999233,80
prop_educ_HS,,,80
prop_educ_SomeCollege,,,80
prop_female,-0.16231122774972903,0.31062974767595686,80
prop_married,0.15236842741914017,0.34158876423552337,80
age_mean,-0.3114881264831119,0.047429558554547266,81
age_sd,-0.3197777840493673,0.04153823374435258,81
age_sq_mean,-0.32921384980820106,0.03557142414388676,81
age_sq_sd,-0.35088185266181937,0.024492885827033486,81
english_mean,-0.40457962423594745,0.008698199826775846,81
entry_recency_mean,-0.06536962364584481,0.6846983549881265,81
entry_recency_sd,0.24953151673360463,0.11563233205317947,81
hours_mean,0.11633325505157996,0.46886623043266606,81
hours_sd,0.11487917683650244,0.4744789451916663,81
prop_educ_<HS,,,81
prop_educ_BAplus,0.5274721921612896,0.00039447312662984106,81
prop_educ_HS,,,81
prop_educ_SomeCollege,,,81
prop_female,-0.07643956898300078,0.6347787001354488,81
prop_married,0.15036280616985903,0.3480559290912895,81
age_mean,-0.3149835746692038,0.04486803431561687,82
age_sd,-0.2972360714032644,0.059122066483587914,82
age_sq_mean,-0.31785562250590116,0.04284826815684535,82
age_sq_sd,-0.30134250742794205,0.05553937462431678,82
english_mean,-0.43524531905065733,0.004454461687975815,82
entry_recency_mean,-0.02098274774154503,0.8963968188123641,82
entry_recency_sd,0.15605136574804,0.3299069962727216,82
hours_mean,0.20243937760931854,0.20431674149062964,82
hours_sd,0.09485772515006816,0.5552342629055731,82
prop_educ_<HS,,,82
prop_educ_BAplus,0.4699408425352264,0.0019342951942942547,82
prop_educ_HS,,,82
prop_educ_SomeCollege,,,82
prop_female,-0.014129071279273516,0.9301336689386628,82
prop_married,-0.005926261170070464,0.9706657177248766,82
age_mean,-0.3156090292304273,0.04442173998525582,83
age_sd,-0.2608023730566561,0.09956867458069164,83
age_sq_mean,-0.3369024959820657,0.03124604669753609,83
age_sq_sd,-0.3088564116433096,0.04943504164716333,83
english_mean,-0.44201125472864516,0.003811065120417674,83
entry_recency_mean,-0.1071041126157065,0.5050828880550118,83
entry_recency_sd,0.1633471602832927,0.30750995882936855,83
hours_mean,0.0497946552062193,0.7571899802129881,83
hours_sd,-0.008038130090858414,0.9602194533872234,83
prop_educ_<HS,,,83
prop_educ_BAplus,0.5633494861121691,0.00012562769086780202,83
prop_educ_HS,,,83
prop_educ_SomeCollege,,,83
prop_female,0.11046658972421317,0.4917263211967839,83
prop_married,0.06493291331877636,0.6866968624561949,83
age_mean,-0.22890436617049326,0.14998927050339067,84
age_sd,-0.23756169257656548,0.1347580618180772,84
age_sq_mean,-0.24437662895794543,0.12360057605005866,84
age_sq_sd,-0.25573485626024534,0.10656519257428824,84
english_mean,-0.4267801575658842,0.005391025192906651,84
entry_recency_mean,0.009887141494886878,0.9510787290051067,84
entry_recency_sd,0.3048771850698675,0.05259664058733646,84
hours_mean,0.05276286775842678,0.7431933379681848,84
hours_sd,0.02630210166409576,0.8703330743553779,84
prop_educ_<HS,,,84
prop_educ_BAplus,0.5346648535227396,0.00031682743655584073,84
prop_educ_HS,,,84
prop_educ_SomeCollege,,,84
prop_female,0.12444573427855317,0.43820989850782616,84
prop_married,0.13131531863765436,0.41314137335255985,84
age_mean,-0.3437049181678722,0.027789819927811887,85
age_sd,-0.3148850092114535,0.04493869611283702,85
age_sq_mean,-0.35507565966574556,0.022721852211457026,85
age_sq_sd,-0.3481733523051171,0.025696635552232124,85
english_mean,-0.3761872799894644,0.015347674011978164,85
entry_recency_mean,-0.022294169475391597,0.8899600608173999,85
entry_recency_sd,0.2395379726753929,0.13144821966492057,85
hours_mean,0.05917335262858941,0.7132466908381749,85
hours_sd,0.05295142611904183,0.7423068847524589,85
prop_educ_<HS,,,85
prop_educ_BAplus,,,85
prop_educ_HS,,,85
prop_educ_SomeCollege,,,85
prop_female,-0.03578697592670592,0.8242103432983342,85
prop_married,0.2189755204853373,0.16896821347181123,85
age_mean,-0.2736618233518159,0.08339417429985051,86
age_sd,-0.4118667961772452,0.007459836754767025,86
age_sq_mean,-0.29155695775211443,0.06437791856100478,86
age_sq_sd,-0.4104688605092698,0.007684863532956235,86
english_mean,-0.4786760085310819,0.0015461702454824093,86
entry_recency_mean,-0.12365571616752451,0.4411456928949716,86
entry_recency_sd,0.06347778119594125,0.6933710878332137,86
hours_mean,0.08117346534710859,0.6138933183787417,86
hours_sd,-0.06614559335332452,0.681152537594834,86
prop_educ_<HS,,,86
prop_educ_BAplus,0.5195476702895055,0.0004994280765181907,86
prop_educ_HS,,,86
prop_educ_SomeCollege,,,86
prop_female,-0.07562595733353637,0.6383971600716172,86
prop_married,0.10196405554489853,0.5258495680020142,86
age_mean,-0.26647262134438543,0.09216341488164066,87
age_sd,-0.3834712279214954,0.013327045348632039,87
age_sq_mean,-0.27495647169490683,0.08188641468445731,87
age_sq_sd,-0.38792714786316684,0.012205977311763407,87
english_mean,-0.42062380986788706,0.006175253881965552,87
entry_recency_mean,-0.14159373924251342,0.37720117415005633,87
entry_recency_sd,0.1134998455244703,0.47983573356804293,87
hours_mean,0.12223516765284387,0.4464517460758326,87
hours_sd,0.05430579427885231,0.735949422788951,87
prop_educ_<HS,,,87
prop_educ_BAplus,0.5236510663432107,0.00044231672721403487,87
prop_educ_HS,,,87
prop_educ_SomeCollege,,,87
prop_female,-0.017242524234649215,0.9147893530757569,87
prop_married,0.034894489961121336,0.8285280046919479,87
age_mean,-0.25091855457957135,0.11355606737718249,88
age_sd,-0.25783175976220846,0.10362601922077928,88
age_sq_mean,-0.26281190557937073,0.09689381781217958,88
age_sq_sd,-0.30003194273921513,0.05666338561067628,88
english_mean,-0.4910413225081188,0.0011146399873154633,88
entry_recency_mean,-0.12424041199523247,0.43897185868060035,88
entry_recency_sd,0.2427483004081662,0.1262012478595631,88
hours_mean,0.09857949957078292,0.5397489278552696,88
hours_sd,0.10031062241693073,0.532617695547292,88
prop_educ_<HS,,,88
prop_educ_BAplus,0.5257899164594382,0.00041493261816884816,88
prop_educ_HS,,,88
prop_educ_SomeCollege,,,88
prop_female,-0.019191182747379385,0.9052007519695117,88
prop_married,0.11796066716225087,0.4626265584507592,88
age_mean,-0.19832299145838755,0.21386558403269706,89
age_sd,-0.2276887719214894,0.1522250101324193,89
age_sq_mean,-0.2009532522714603,0.20772912542992347,89
age_sq_sd,-0.2524147590488039,0.11134815523988204,89
english_mean,-0.46897744405988206,0.0019819618021616014,89
entry_recency_mean,-0.07601482384293151,0.6366666742928123,89
entry_recency_sd,0.2788809217972147,0.07744551633826963,89
hours_mean,0.005902685052363526,0.9707823664411456,89
hours_sd,-0.07880862328211183,0.6242904567087977,89
prop_educ_<HS,,,89
prop_educ_BAplus,0.4870629503508826,0.0012400503817654983,89
prop_educ_HS,,,89
prop_educ_SomeCollege,,,89
prop_female,-0.1562848900020042,0.3291747727075245,89
prop_married,0.026179376459143935,0.8709329873238892,89
age_mean,-0.20582027099571457,0.1967001277724013,90
age_sd,-0.2523273880695554,0.11147618464897661,90
age_sq_mean,-0.22372313661694088,0.15968807534795898,90
age_sq_sd,-0.27626703638363376,0.08038184325254497,90
english_mean,-0.5061096369739184,0.0007355458287506533,90
entry_recency_mean,-0.07360607811569794,0.6474160844026637,90
entry_recency_sd,0.21325674123330798,0.18065523514166357,90
hours_mean,0.11701232711511718,0.46625717103403713,90
hours_sd,0.0611623493973281,0.7040383445549647,90
prop_educ_<HS,,,90
prop_educ_BAplus,0.5486500890971716,0.00020393748528142652,90
prop_educ_HS,,,90
prop_educ_SomeCollege,,,90
prop_female,0.029951074009835325,0.8525301223420382,90
prop_married,0.17397682595951433,0.276653822233832,90
age_mean,-0.27245831557691225,0.08481508516812705,91
age_sd,-0.24315343524846697,0.12555039625719164,91
age_sq_mean,-0.274432245819416,0.08249435263871317,91
age_sq_sd,-0.2518031621940646,0.11224670623756108,91
english_mean,-0.4180248876897253,0.006534837555899477,91
entry_recency_mean,0.07302248191500547,0.650031251825796,91
entry_recency_sd,0.33305800828139864,0.03335122536272763,91
hours_mean,0.14609150364794937,0.3620760276277522,91
hours_sd,0.06701354108356959,0.6771944327858973,91
prop_educ_<HS,,,91
prop_educ_BAplus,0.5190234385906439,0.0005071808441996735,91
prop_educ_HS,,,91
prop_educ_SomeCollege,,,91
prop_female,0.14028344528838363,0.38167683327180957,91
prop_married,0.1369045449832989,0.3933619259269377,91
age_mean,-0.274599184317013,0.08230037594770975,92
age_sd,-0.2816840370970383,0.07439061807872993,92
age_sq_mean,-0.2959255067145375,0.06030349004879456,92
age_sq_sd,-0.31724402565116194,0.043272065022876775,92
english_mean,-0.41588395567569897,0.006844504899760708,92
entry_recency_mean,0.06584773102858867,0.6825128332389081,92
entry_recency_sd,0.2818013736852812,0.07426483597488295,92
hours_mean,-0.03930579521432107,0.8072379377327655,92
hours_sd,-0.1298882754553724,0.41828063677212807,92
prop_educ_<HS,,,92
prop_educ_BAplus,0.5318990447813513,0.0003448895741854899,92
prop_educ_HS,,,92
prop_educ_SomeCollege,,,92
prop_female,-0.020910837849434344,0.8967499624053128,92
prop_married,0.11353081151725415,0.4797151269332947,92
age_mean,-0.24466966218983785,0.12313685982003189,93
age_sd,-0.2679667933550299,0.09028467140422455,93
age_sq_mean,-0.24402714504095158,0.12415533487825259,93
age_sq_sd,-0.291294844814369,0.06462915953291856,93
english_mean,-0.4135794384887189,0.00719190804111769,93
entry_recency_mean,0.02112494816808741,0.8956985422882815,93
entry_recency_sd,0.2743926826082119,0.08254037586011254,93
hours_mean,0.1150016558236359,0.47400481521074267,93
hours_sd,0.05574754102961829,0.7292008524412013,93
prop_educ_<HS,,,93
prop_educ_BAplus,0.538681024684615,0.00027972699928067356,93
prop_educ_HS,,,93
prop_educ_SomeCollege,,,93
prop_female,0.08053343482227814,0.6167000011877831,93
prop_married,0.26071278279836974,0.09968923123749081,93
age_mean,-0.2970823466340406,0.05925968031927286,94
age_sd,-0.2994203458844759,0.05719411159117358,94
age_sq_mean,-0.31715665467191345,0.043332884244943096,94
age_sq_sd,-0.29033376404263594,0.0655570340699879,94
english_mean,-0.4458937284044017,0.00347978793139371,94
entry_recency_mean,0.01783922593603199,0.9118518837968314,94
entry_recency_sd,0.25754839684137915,0.1040195434628173,94
hours_mean,0.0381286366683456,0.812906461261697,94
hours_sd,0.05032787607551569,0.7546697799725565,94
prop_educ_<HS,,,94
prop_educ_BAplus,0.5564321980069018,0.00015824391539031527,94
prop_educ_HS,,,94
prop_educ_SomeCollege,,,94
prop_female,-0.00956596682197876,0.9526660684581708,94
prop_married,0.13474971902164684,0.40092133519145345,94
age_mean,-0.27339965331507454,0.08370211377260837,95
age_sd,-0.30973012143579426,0.04876179529484981,95
age_sq_mean,-0.2948898988799748,0.06125028662432426,95
age_sq_sd,-0.32301051028156036,0.03940859498662086,95
english_mean,-0.4778033313754717,0.0015815734728820128,95
entry_recency_mean,0.08579063925430606,0.5938086812283921,95
entry_recency_sd,0.30027208208105993,0.05645607936402755,95
hours_mean,0.06909987236954597,0.6677152733683049,95
hours_sd,0.039631370554063065,0.8056718553887345,95
prop_educ_<HS,,,95
prop_educ_BAplus,0.505279762128972,0.0007529540203828774,95
prop_educ_HS,,,95
prop_educ_SomeCollege,,,95
prop_female,0.012349757261812021,0.9389144026275127,95
prop_married,0.19413363286424543,0.22389687050492088,95
age_mean,-0.2975241022035271,0.05886490855277719,96
age_sd,-0.2994203458844759,0.05719411159117358,96
age_sq_mean,-0.2905085060011328,0.06538754935037785,96
age_sq_sd,-0.30824481478857046,0.049910756550393134,96
english_mean,-0.4337260645719055,0.00461128820811952,96
entry_recency_mean,-0.035245829572696306,0.8268276951589257,96
entry_recency_sd,0.3304658309937561,0.03483541640487863,96
hours_mean,0.12200593530552539,0.44731123639686765,96
hours_sd,0.03582678299760552,0.8240178830175832,96
prop_educ_<HS,,,96
prop_educ_BAplus,0.5428409381596622,0.0002454649429098683,96
prop_educ_HS,,,96
prop_educ_SomeCollege,,,96
prop_female,-0.04924308932793514,0.7597994983572132,96
prop_married,0.1645416029657739,0.3039376345443892,96
age_mean,-0.34709800487892284,0.02618799675425429,97
age_sd,-0.31208913787550274,0.04698090850537144,97
age_sq_mean,-0.3644402276232222,0.019150215922309248,97
age_sq_sd,-0.3221368004890758,0.03997519130946247,97
english_mean,-0.4907653737788582,0.001122960265178256,97
entry_recency_mean,-0.006644536784822594,0.9671121705008066,97
entry_recency_sd,0.10908741888937734,0.4971825787601416,97
hours_mean,0.14675980786098694,0.3598602459005267,97
hours_sd,0.14713272905440833,0.35862738016802376,97
prop_educ_<HS,,,97
prop_educ_BAplus,0.5286487101301304,0.0003807073343634696,97
prop_educ_HS,,,97
prop_educ_SomeCollege,,,97
prop_female,0.013643297343388285,0.9325301465840898,97
prop_married,0.14010999101463784,0.38227164990454277,97
age_mean,-0.22610195367391286,0.1551800604191387,98
age_sd,-0.29994457175996664,0.0567389616121665,98
age_sq_mean,-0.2534632107997854,0.1098204864661942,98
age_sq_sd,-0.2859652150802129,0.0699083928613264,98
english_mean,-0.46955053240239547,0.001953483569162459,98
entry_recency_mean,-0.019588169655250814,0.903248914657617,98
entry_recency_sd,0.22238820177781965,0.16225917077227425,98
hours_mean,0.05243602815567534,0.7447306556073204,98
hours_sd,-0.020537547779823563,0.8985834737523872,98
prop_educ_<HS,,,98
prop_educ_BAplus,0.549432330898769,0.0001988589924418736,98
prop_educ_HS,,,98
prop_educ_SomeCollege,,,98
prop_female,-0.02714706288504103,0.8662046458997124,98
prop_married,0.1915969067896602,0.2301256982570208,98
age_mean,-0.3003026922876179,0.05642969798696319,99
age_sd,-0.277839714010106,0.07860493659800487,99
age_sq_mean,-0.329388591766698,0.03546793899849269,99
age_sq_sd,-0.323709478115548,0.03896004897309532,99
english_mean,-0.507527130850402,0.0007066400869467109,99
entry_recency_mean,-0.0744648565774229,0.6435753920911579,99
entry_recency_sd,0.31231829542730877,0.04681075020277782,99
hours_mean,0.15375923529162724,0.33714777003797086,99
hours_sd,0.10598561402708427,0.5095661749390715,99
prop_educ_<HS,,,99
prop_educ_BAplus,0.5166457298042929,0.0005437140522096788,99
prop_educ_HS,,,99
prop_educ_SomeCollege,,,99
prop_female,0.09410884194456555,0.5583751784100952,99
prop_married,0.09976416100016304,0.5348638442326034,99
age_mean,-0.22447102754245457,0.15826063682058786,100
age_sd,-0.2905085060011328,0.06538754935037785,100
age_sq_mean,-0.23765941480104633,0.13459295752690037,100
age_sq_sd,-0.3118270249377573,0.04717615002951279,100
english_mean,-0.4230551789840884,0.005854477270026493,100
entry_recency_mean,-0.04145177472659591,0.7969293074531627,100
entry_recency_sd,0.12442169363113603,0.438299076633358,100
hours_mean,0.04459222854288296,0.7819051448194774,100
hours_sd,-0.0568035079606196,0.7242707784690988,100
prop_educ_<HS,,,100
prop_educ_BAplus,0.5272898165338097,0.00039664652450845957,100
prop_educ_HS,,,100
prop_educ_SomeCollege,,,100
prop_female,0.0015452296768714857,0.9923497544217447,100
prop_married,0.05777515388890428,0.7197440625909999,100
age_mean,-0.306984171617005,0.05090295003404113,101
age_sd,-0.31942830013237344,0.04177396714164315,101
age_sq_mean,-0.3402225931935072,0.029517318005734067,101
age_sq_sd,-0.3711519198474623,0.016891145129843105,101
english_mean,-0.4633793774973585,0.0022799815977966294,101
entry_recency_mean,-0.015276205575335867,0.9244769429052223,101
entry_recency_sd,0.13137371150161614,0.41293184939825794,101
hours_mean,0.28976310097867314,0.0661129532667448,101
hours_sd,0.2204902695773678,0.16596608466399249,101
prop_educ_<HS,,,101
prop_educ_BAplus,0.5383638334447803,0.00028250810904505413,101
prop_educ_HS,,,101
prop_educ_SomeCollege,,,101
prop_female,0.043539978155888136,0.7869307747101733,101
prop_married,-0.02361805658165727,0.8834691835649192,101
age_mean,-0.28734449635720966,0.0685106176725184,102
age_sd,-0.16006363398318058,0.31746729822413255,102
age_sq_mean,-0.29181907068985974,0.0641274527905558,102
age_sq_sd,-0.22664032017050786,0.1541728348058053,102
english_mean,-0.39655862817925175,0.010261406814361398,102
entry_recency_mean,0.019459546104032076,0.9038812479571647,102
entry_recency_sd,0.14687061611666297,0.3594936505136657,102
hours_mean,0.07602206197498514,0.6366344820627025,102
hours_sd,0.02459600193621123,0.8786792209514319,102
prop_educ_<HS,,,102
prop_educ_BAplus,0.5112446344280399,0.000635587997634021,102
prop_educ_HS,,,102
prop_educ_SomeCollege,,,102
prop_female,0.05549741274197622,0.7303702320448733,102
prop_married,0.09246449028848422,0.5653007745317202,102
age_mean,-0.3012464987108588,0.05562110620272488,103
age_sd,-0.3645117254245793,0.019124876777665757,103
age_sq_mean,-0.31095331514527275,0.047831695198393656,103
age_sq_sd,-0.3673075967605301,0.018155851389919795,103
english_mean,-0.4180296427418517,0.00653416348189035,103
entry_recency_mean,-0.0875023634925128,0.5864368741883715,103
entry_recency_sd,0.15176339095457678,0.34353188387492173,103
hours_mean,0.17833002588228433,0.26462453740206293,103
hours_sd,0.021017297945429256,0.8962271526003569,103
prop_educ_<HS,,,103
prop_educ_BAplus,,,103
prop_educ_HS,,,103
prop_educ_SomeCollege,,,103
prop_female,-0.14111681625710623,0.3788266200903685,103
prop_married,0.2102084970509272,0.1871151862095927,103
age_mean,-0.2723590680083389,0.08493309549531147,104
age_sd,-0.27032580979473836,0.08737893505878791,104
age_sq_mean,-0.2735585360269314,0.08351538802184341,104
age_sq_sd,-0.25879284053394147,0.10229976826601521,104
english_mean,-0.4608326528169141,0.0024281362797253197,104
entry_recency_mean,0.021472031780943028,0.8939945120304372,104
entry_recency_sd,0.14028021708201469,0.3816878985859038,104
hours_mean,0.25703978872635547,0.10472874019486092,104
hours_sd,0.3098007942327769,0.04870766254007706,104
prop_educ_<HS,,,104
prop_educ_BAplus,0.5272895269165206,0.0003966499844485537,104
prop_educ_HS,,,104
prop_educ_SomeCollege,,,104
prop_female,0.029986942776908252,0.8523554653946004,104
prop_married,0.0738204869998834,0.6464563389073301,104
age_mean,-0.3031955884862318,0.053980609741010065,105
age_sd,-0.4088088119035491,0.007959651201541669,105
age_sq_mean,-0.32676746238924415,0.03704638176692774,105
age_sq_sd,-0.39430522934830453,0.010741577203638584,105
english_mean,-0.456877856594529,0.002674994676681196,105
entry_recency_mean,0.05665172126537878,0.7249787661481172,105
entry_recency_sd,0.13287335261817265,0.40757163076331265,105
hours_mean,-0.028015824281390874,0.8619635867142766,105
hours_sd,-0.08414558309016053,0.6009315076490275,105
prop_educ_<HS,,,105
prop_educ_BAplus,,,105
prop_educ_HS,,,105
prop_educ_SomeCollege,,,105
prop_female,-0.020850587140434758,0.8970458638419392,105
prop_married,0.12243217903272306,0.4457137883653382,105
age_mean,-0.2814954953140923,0.07459308072187144,106
age_sd,-0.2960128776937859,0.060224148026539234,106
age_sq_mean,-0.2728595681929437,0.08433927429927922,106
age_sq_sd,-0.30125513644869356,0.055613749015298516,106
english_mean,-0.459960137296825,0.002480805978554501,106
entry_recency_mean,0.09442395879488523,0.5570525255923315,106
entry_recency_sd,0.3111551623925874,0.04767959949817259,106
hours_mean,-0.11011430507267111,0.49311708140365523,106
hours_sd,-0.09117955966207944,0.5707400333955173,106
prop_educ_<HS,,,106
prop_educ_BAplus,0.5109315093218528,0.0006413164225388477,106
prop_educ_HS,,,106
prop_educ_SomeCollege,,,106
prop_female,-0.0821129824581929,0.6097831544742066,106
prop_married,0.10444468913899628,0.5157752952803573,106
age_mean,-0.2484385875676315,0.11728844354392137,107
age_sd,-0.1445115996769545,0.3673468107736661,107
age_sq_mean,-0.25992866326417147,0.10074915705244497,107
age_sq_sd,-0.19247826728435963,0.22794827439379448,107
english_mean,-0.48055004174064175,0.0014725030194281266,107
entry_recency_mean,-0.07333086456125677,0.6486488320441308,107
entry_recency_sd,0.17965038300453798,0.26104552467824566,107
hours_mean,-0.029766677163016366,0.8534281213819054,107
hours_sd,-0.07151626140244721,0.656799920607544,107
prop_educ_<HS,,,107
prop_educ_BAplus,0.4885612359053669,0.00119142255141362,107
prop_educ_HS,,,107
prop_educ_SomeCollege,,,107
prop_female,-0.05310777881935419,0.7415720862007946,107
prop_married,0.13283875458997857,0.40769484466657513,107
age_mean,-0.2804223307292204,0.07575373137357949,108
age_sd,-0.3049247175771289,0.052557939075286934,108
age_sq_mean,-0.30920589556030353,0.049164849650322036,108
age_sq_sd,-0.31208913787550274,0.04698090850537144,108
english_mean,-0.45630037547204655,0.00271282487464644,108
entry_recency_mean,-0.11514934289732542,0.47343343482442596,108
entry_recency_sd,0.11717469047134503,0.4656345050441165,108
hours_mean,0.1079985987508843,0.5015119402123202,108
hours_sd,0.0019660182964990774,0.990266569449299,108
prop_educ_<HS,,,108
prop_educ_BAplus,0.5444343029924126,0.00023337684429281623,108
prop_educ_HS,,,108
prop_educ_SomeCollege,,,108
prop_female,0.05635604014422974,0.7263585776131964,108
prop_married,-0.014902487853939278,0.9263194228594098,108
age_mean,-0.29465344455591663,0.06146811298752897,109
age_sd,-0.35393983693551556,0.02319060624929437,109
age_sq_mean,-0.31724402565116194,0.043272065022876775,109
age_sq_sd,-0.3924704387840869,0.011146598222653972,109
english_mean,-0.47738530672831864,0.0015987846056729298,109
entry_recency_mean,0.029299921167478267,0.8557020020241858,109
entry_recency_sd,0.23408724516982352,0.1407264494840167,109
hours_mean,0.15008999841482135,0.34894134413799865,109
hours_sd,0.12473293858899702,0.4371452975751353,109
prop_educ_<HS,,,109
prop_educ_BAplus,0.524440024152173,0.0004320325068779206,109
prop_educ_HS,,,109
prop_educ_SomeCollege,,,109
prop_female,0.027692485264851702,0.8635416005192803,109
prop_married,0.06410110450675967,0.6905092681683485,109
age_mean,-0.3291681624804545,0.03559852172356753,110
age_sd,-0.3424942386539671,0.028380653879818887,110
age_sq_mean,-0.37945216287606615,0.014412039289125721,110
age_sq_sd,-0.3774426303533515,0.014982018076864357,110
english_mean,-0.46986689860571784,0.0019379176016087556,110
entry_recency_mean,-0.07341304489887718,0.6482806294827231,110
entry_recency_sd,0.319748025170746,0.041558264416771844,110
hours_mean,0.0870270987247659,0.5884795841116057,110
hours_sd,-0.022893190830344818,0.8870222192396637,110
prop_educ_<HS,,,110
prop_educ_BAplus,0.5475723782117721,0.00021112585126227822,110
prop_educ_HS,,,110
prop_educ_SomeCollege,,,110
prop_female,0.03715611671689105,0.8175966916440741,110
prop_married,0.07845461654244804,0.6258531348734586,110
age_mean,-0.30920261374884667,0.04916738132563013,111
age_sd,-0.3659970320718032,0.018604811053388796,111
age_sq_mean,-0.3146228962737081,0.04512704422972472,111
age_sq_sd,-0.35717256316770857,0.02187723380553345,111
english_mean,-0.3996594342191875,0.009630746988306077,111
entry_recency_mean,-0.028350210425788086,0.8603322155751092,111
entry_recency_sd,0.3627643058396101,0.019752295821945313,111
hours_mean,0.10995100902729305,0.49376243268774034,111
hours_sd,0.005854620636194074,0.9710201789731604,111
prop_educ_<HS,,,111
prop_educ_BAplus,0.5363150702158448,0.0003010788458371531,111
prop_educ_HS,,,111
prop_educ_SomeCollege,,,111
prop_female,-0.15312443189901162,0.3391703198000716,111
prop_married,0.12989462837625884,0.4182576779234104,111
age_mean,-0.31403865589411933,0.045549166923035865,112
age_sd,-0.3688802743870024,0.017629163671210847,112
age_sq_mean,-0.32178731657208187,0.04020368092663621,112
age_sq_sd,-0.3869660670914338,0.012440733269721043,112
english_mean,-0.4200440790376603,0.006253945979009324,112
entry_recency_mean,-0.10682605970372706,0.5061955412979089,112
entry_recency_sd,0.15050962292087383,0.34757999452421473,112
hours_mean,0.006643667630908633,0.9671164701273944,112
hours_sd,-0.06046598494121608,0.70725760160676,112
prop_educ_<HS,,,112
prop_educ_BAplus,0.5315694016817205,0.000348378863279563,112
prop_educ_HS,,,112
prop_educ_SomeCollege,,,112
prop_female,0.04353562094932302,0.786951602961542,112
prop_married,0.06560704379520423,0.683612742929054,112
age_mean,-0.2424530248077974,0.12667719820605966,113
age_sd,-0.2513663072978223,0.11289188442445804,113
age_sq_mean,-0.24271658035222465,0.1262523126969333,113
age_sq_sd,-0.2433281772069639,0.12527044929719713,113
english_mean,-0.4160622237378692,0.006818245317257539,113
entry_recency_mean,0.00026245609251298327,0.9987005929909247,113
entry_recency_sd,0.2225872644138476,0.16187388226260024,113
hours_mean,-0.02201025960622317,0.8913529787528284,113
hours_sd,0.03840289072494865,0.8115849571124881,113
prop_educ_<HS,,,113
prop_educ_BAplus,,,113
prop_educ_HS,,,113
prop_educ_SomeCollege,,,113
prop_female,-0.10155970453731357,0.5275008180209277,113
prop_married,0.14824783495262034,0.35495612702351054,113
age_mean,-0.2637752587429579,0.0956312576600579,114
age_sd,-0.2654330349568246,0.09348826952638056,114
age_sq_mean,-0.2771648905108922,0.0793635936591989,114
age_sq_sd,-0.27154900350421685,0.08590107951750112,114
english_mean,-0.4552023256306994,0.0027860539425245685,114
entry_recency_mean,0.058707806902037314,0.7154078698693546,114
entry_recency_sd,0.2610225932964105,0.09927281132799558,114
hours_mean,0.16161792013888449,0.3127288668111583,114
hours_sd,0.0979428677375248,0.542382985564486,114
prop_educ_<HS,,,114
prop_educ_BAplus,0.49881568443720337,0.0009016231558510905,114
prop_educ_HS,,,114
prop_educ_SomeCollege,,,114
prop_female,0.13443191817374653,0.40204327066182677,114
prop_married,0.1501958270199095,0.34859770754746794,114
age_mean,-0.2123988505530087,0.1824569892582206,115
age_sd,-0.3540426282256764,0.0231478549842362,115
age_sq_mean,-0.2455998226674239,0.12167355612750254,115
age_sq_sd,-0.37062769397197165,0.01705910272254598,115
english_mean,-0.3890181259249562,0.011944072054229373,115
entry_recency_mean,0.05889054117820109,0.7145593094754265,115
entry_recency_sd,0.2849728607991223,0.07092789100650591,115
hours_mean,0.15810451221738156,0.32350398958307436,115
hours_sd,0.1445867752628387,0.3670949785006954,115
prop_educ_<HS,,,115
prop_educ_BAplus,0.5210551689854139,0.00047772175763449585,115
prop_educ_HS,,,115
prop_educ_SomeCollege,,,115
prop_female,-0.013190119124101528,0.9347663495913093,115
prop_married,0.09546993883352127,0.5526727360430811,115
age_mean,-0.24119809358760605,0.12871499110979492,116
age_sd,-0.2258539813572717,0.1556456012251774,116
age_sq_mean,-0.25538537234325154,0.10706116579532002,116
age_sq_sd,-0.2993329749052274,0.057270252788400686,116
english_mean,-0.47262495249593617,0.0018067816285354588,116
entry_recency_mean,-0.051600594163500796,0.7486646209659715,116
entry_recency_sd,0.3962964380981659,0.010316315370694065,116
hours_mean,0.04902793321055752,0.760818139919561,116
hours_sd,0.04429708647896973,0.7833138931820676,116
prop_educ_<HS,,,116
prop_educ_BAplus,0.5237202824976899,0.00044140577988369,116
prop_educ_HS,,,116
prop_educ_SomeCollege,,,116
prop_female,-0.1274558206202322,0.4271235641389942,116
prop_married,0.12020518155041608,0.4540943898492864,116
age_mean,-0.3314414339266286,0.03427058564657662,117
age_sd,-0.3139239284397204,0.04563243359883416,117
age_sq_mean,-0.3464259327201479,0.026499031265851854,117
age_sq_sd,-0.35717256316770857,0.02187723380553345,117
english_mean,-0.39905559952338626,0.009750886527985426,117
entry_recency_mean,0.062658676982063,0.6971381773810047,117
entry_recency_sd,0.12817880937982906,0.42448434671965074,117
hours_mean,-0.06838966736661037,0.670936435834597,117
hours_sd,-0.11061647762431054,0.4911352032339297,117
prop_educ_<HS,,,117
prop_educ_BAplus,0.5031818869886624,0.0007986103141258167,117
prop_educ_HS,,,117
prop_educ_SomeCollege,,,117
prop_female,-0.016305573412899014,0.9194040585139318,117
prop_married,0.0548726479933159,0.7332937089876808,117
age_mean,-0.3526599930964568,0.023728435858219724,118
age_sd,-0.3654728061963124,0.01878698933963557,118
age_sq_mean,-0.37307408139092846,0.016287179473455385,118
age_sq_sd,-0.3762194366438731,0.015338214166614036,118
english_mean,-0.43282900941897967,0.004706124797023593,118
entry_recency_mean,-0.072846684276908,0.650819837348834,118
entry_recency_sd,0.3071089920583404,0.05080400728891336,118
hours_mean,0.01311193024090056,0.9351522222996161,118
hours_sd,-0.052916958215673056,0.742468901251512,118
prop_educ_<HS,,,118
prop_educ_BAplus,0.5164498305868688,0.0005468264886114009,118
prop_educ_HS,,,118
prop_educ_SomeCollege,,,118
prop_female,0.08668947219889718,0.5899326344043736,118
prop_married,0.09128541221978874,0.5702910435011106,118
age_mean,-0.2685814999988342,0.0895204035662058,119
age_sd,-0.3379509477330472,0.030691341198348668,119
age_sq_mean,-0.29548865181829514,0.06070144978036293,119
age_sq_sd,-0.358570498835684,0.02132886419590478,119
english_mean,-0.42376299391476124,0.005763848636205492,119
entry_recency_mean,-0.1655219402062883,0.30102552954881956,119
entry_recency_sd,0.07064866842332698,0.6607110811850286,119
hours_mean,-0.012413709712623563,0.938598673909416,119
hours_sd,-0.09253392782188992,0.5650075207188214,119
prop_educ_<HS,,,119
prop_educ_BAplus,0.5374325799354672,0.0002908176015527365,119
prop_educ_HS,,,119
prop_educ_SomeCollege,,,119
prop_female,-0.015240365600529642,0.9246536222034892,119
prop_married,0.15238048324588932,0.341550114865119,119
age_mean,-0.25266620253067407,0.11098032370332558,120
age_sd,-0.30623528226585583,0.05149984053607658,120
age_sq_mean,-0.2709374066494776,0.0866375626373129,120
age_sq_sd,-0.32187468755133036,0.04014645900062812,120
english_mean,-0.4639541440091694,0.0022476664839020453,120
entry_recency_mean,-0.11981832882033233,0.45555883868117186,120
entry_recency_sd,0.3163955393406512,0.04386563944822058,120
hours_mean,0.014340087235671834,0.9290928483681138,120
hours_sd,-0.05488092769118326,0.7332549411764909,120
prop_educ_<HS,,,120
prop_educ_BAplus,0.5346951715796376,0.000316531549012427,120
prop_educ_HS,,,120
prop_educ_SomeCollege,,,120
prop_female,0.12263617671768587,0.4449503659124885,120
prop_married,0.12354271053161767,0.4415665176276437,120
age_mean,-0.28260698584552785,0.0734057417516424,121
age_sd,-0.3219620585305788,0.04008930345900421,121
age_sq_mean,-0.2974108133617613,0.05896594775580206,121
age_sq_sd,-0.32912647882895263,0.03562325944241456,121
english_mean,-0.5049734898148105,0.0007594708930559833,121
entry_recency_mean,-0.08836923704899825,0.5827191715671218,121
entry_recency_sd,0.3018930317513028,0.05507257143026754,121
hours_mean,0.1328996789834124,0.4074778890123632,121
hours_sd,0.11023289451580333,0.4926486843820714,121
prop_educ_<HS,,,121
prop_educ_BAplus,0.4887379510444423,0.0011858002010867313,121
prop_educ_HS,,,121
prop_educ_SomeCollege,,,121
prop_female,-0.16342338554381175,0.3072811907691305,121
prop_married,0.12425308663922953,0.4389248013406629,121
age_mean,-0.28446100285567766,0.07145830911340421,122
age_sd,-0.21676739951543178,0.173414387935549,122
age_sq_mean,-0.27801445596860297,0.07840941358849561,122
age_sq_sd,-0.22760140094224093,0.15238663798311833,122
english_mean,-0.4676794372045165,0.0020478202247007477,122
entry_recency_mean,-0.14995437266161638,0.34938203734281853,122
entry_recency_sd,0.26329463461737024,0.09625956697184236,122
hours_mean,-0.06078770014187782,0.7057696996483651,122
hours_sd,-0.07990772142881807,0.6194491134798497,122
prop_educ_<HS,,,122
prop_educ_BAplus,0.47269308686911576,0.0018036437298015028,122
prop_educ_HS,,,122
prop_educ_SomeCollege,,,122
prop_female,0.10521083045833438,0.5126834391813976,122
prop_married,0.025037917960701046,0.8765161111731139,122
age_mean,-0.24659241002630025,0.12012649480479337,123
age_sd,-0.22704337844136724,0.15342188708778587,123
age_sq_mean,-0.2561717111564876,0.10594768910232732,123
age_sq_sd,-0.2404449348917647,0.12994968706018206,123
english_mean,-0.4023283704982407,0.009114796652328366,123
entry_recency_mean,-0.0669903902849406,0.6772998969101459,123
entry_recency_sd,0.34995330404354036,0.024900162329624612,123
hours_mean,0.10552805332747674,0.5114059711005294,123
hours_sd,0.06365253076564789,0.6925683464617346,123
prop_educ_<HS,,,123
prop_educ_BAplus,0.5071218949826976,0.0007147984121536036,123
prop_educ_HS,,,123
prop_educ_SomeCollege,,,123
prop_female,-0.11036892238479379,0.49211169252481696,123
prop_married,0.10488889681268176,0.5139815096277947,123
age_mean,-0.2464720552122149,0.12031328916014832,124
age_sd,-0.3450279970521725,0.027155822059756394,124
age_sq_mean,-0.27521858463265214,0.08158375796646422,124
age_sq_sd,-0.32807802707797107,0.036250125618774116,124
english_mean,-0.4757016676797821,0.0016697925991723853,124
entry_recency_mean,-0.00713067997394343,0.9647074111503318,124
entry_recency_sd,0.314797638232205,0.04500140792083041,124
hours_mean,0.06135848381871456,0.7031325414174928,124
hours_sd,-0.03346454259882381,0.8354561314066922,124
prop_educ_<HS,,,124
prop_educ_BAplus,0.5304442825489655,0.00036052839656474745,124
prop_educ_HS,,,124
prop_educ_SomeCollege,,,124
prop_female,-0.0772075376373584,0.6313709067461374,124
prop_married,0.24312347943471616,0.12559843423883604,124
age_mean,-0.2816020444920264,0.07447861147630433,125
age_sd,-0.3981495524352368,0.00993356067262732,125
age_sq_mean,-0.2838683115782498,0.07207638816222724,125
age_sq_sd,-0.4043528919618775,0.008739402884439959,125
english_mean,-0.4785391118255816,0.0015516771613738665,125
entry_recency_mean,0.09535699595376448,0.5531448742710636,125
entry_recency_sd,0.31511716157351977,0.044772409283394946,125
hours_mean,0.10442377642062568,0.5158598212344297,125
hours_sd,0.1217673709930812,0.4482066754710403,125
prop_educ_<HS,,,125
prop_educ_BAplus,0.5150798320606214,0.0005690421726190661,125
prop_educ_HS,,,125
prop_educ_SomeCollege,,,125
prop_female,0.07281622881203109,0.6509564913761078,125
prop_married,0.12865010928837223,0.42276884474861764,125
age_mean,-0.1954222186720083,0.22077758257283017,126
age_sd,-0.2297083093793937,0.1485239256779768,126
age_sq_mean,-0.21117565684353026,0.185048043872585,126
age_sq_sd,-0.2517157912148162,0.11237551785494587,126
english_mean,-0.4327875657081242,0.004710546908242002,126
entry_recency_mean,-0.023881418796320716,0.8821788290621505,126
entry_recency_sd,0.4370049864439093,0.004278638759779746,126
hours_mean,0.11929566372224251,0.45754146130586765,126
hours_sd,0.07178151246995522,0.655605948293654,126
prop_educ_<HS,,,126
prop_educ_BAplus,0.5196182876069525,0.0004983918805043334,126
prop_educ_HS,,,126
prop_educ_SomeCollege,,,126
prop_female,-0.017757493282352575,0.9122541733526385,126
prop_married,0.13413342841613246,0.4030986781865711,126
age_mean,-0.19527298236616078,0.22113729872204418,127
age_sd,-0.1953615095995588,0.2209238658102979,127
age_sq_mean,-0.2121367376152633,0.18301002710258743,127
age_sq_sd,-0.20139010716770261,0.20672194113859751,127
english_mean,-0.43342990248212193,0.0046424129318503775,127
entry_recency_mean,0.05994504597622514,0.7096691723708167,127
entry_recency_sd,0.14106659014569461,0.3789980411514779,127
hours_mean,0.1684232801607726,0.29251206489734477,127
hours_sd,0.13242225459308232,0.4091797988706118,127
prop_educ_<HS,,,127
prop_educ_BAplus,0.5539177810243362,0.0001718781842639452,127
prop_educ_HS,,,127
prop_educ_SomeCollege,,,127
prop_female,0.08658891779177019,0.5903656992846974,127
prop_married,0.21098919648789116,0.1854453030205385,127
age_mean,-0.2872760062932656,0.06857950121819481,128
age_sd,-0.41475003849244446,0.0070135875913075844,128
age_sq_mean,-0.2923432965653505,0.06362884057780092,128
age_sq_sd,-0.41003200561302744,0.007756372171991737,128
english_mean,-0.4336195126677007,0.004622465156401331,128
entry_recency_mean,-0.10394005072278316,0.5178168906194912,128
entry_recency_sd,0.32845612340177927,0.036023029699087085,128
hours_mean,0.1773092735235331,0.26741359937583387,128
hours_sd,0.1694123287627659,0.289645752666431,128
prop_educ_<HS,,,128
prop_educ_BAplus,,,128
prop_educ_HS,,,128
prop_educ_SomeCollege,,,128
prop_female,-0.11335553680453708,0.4803979980334433,128
prop_married,0.1635517738035355,0.30689611541102724,128
age_mean,-0.2891357574717977,0.06672838792336178,129
age_sd,-0.2797618755535722,0.07647503578861849,129
age_sq_mean,-0.2997698298014697,0.05689035537988035,129
age_sq_sd,-0.2837809405990014,0.07216785633988511,129
english_mean,-0.46696761502627526,0.002084749254783676,129
entry_recency_mean,0.06861429300264686,0.6699170056973003,129
entry_recency_sd,0.2436009001710725,0.12483446550462461,129
hours_mean,0.14004152032520567,0.3825066027175361,129
hours_sd,0.054827677495461975,0.733504284579586,129
prop_educ_<HS,,,129
prop_educ_BAplus,0.5371531903315703,0.0002933530900540362,129
prop_educ_HS,,,129
prop_educ_SomeCollege,,,129
prop_female,0.05108811799982177,0.7510809357819432,129
prop_married,0.10420851682656607,0.5167302682191899,129
age_mean,-0.29924102042756123,0.05735047582514659,130
age_sd,-0.3514934495165586,0.024227670617226305,130
age_sq_mean,-0.2878000056444306,0.06805388051312833,130
age_sq_sd,-0.367482338719027,0.0180966845331491,130
english_mean,-0.45246457602363,0.0029762357516962775,130
entry_recency_mean,-0.04087977589031168,0.7996737666327377,130
entry_recency_sd,0.2161249177000156,0.17472369612493577,130
hours_mean,-0.04572689869225674,0.7764956652402655,130
hours_sd,-0.08864171923369908,0.5815527825465769,130
prop_educ_<HS,,,130
prop_educ_BAplus,0.5242272888260218,0.00043478422792416355,130
prop_educ_HS,,,130
prop_educ_SomeCollege,,,130
prop_female,-0.02836159462638535,0.8602766854673649,130
prop_married,0.16023398089377702,0.3169457796836887,130
age_mean,-0.18703092591043152,0.24163337677189486,131
age_sd,-0.22297073904207249,0.16113353298345917,131
age_sq_mean,-0.2096903501963064,0.18822935443993982,131
age_sq_sd,-0.238610144327547,0.13299450867780999,131
english_mean,-0.40375410998367706,0.008849023268774025,131
entry_recency_mean,0.04921773639582441,0.7599195092678109,131
entry_recency_sd,0.3383299041797524,0.030492856045857535,131
hours_mean,0.12173179413380066,0.44834029518685337,131
hours_sd,0.11582032231153457,0.4708421006996568,131
prop_educ_<HS,,,131
prop_educ_BAplus,0.5424619056785426,0.0002484222542508011,131
prop_educ_HS,,,131
prop_educ_SomeCollege,,,131
prop_female,-0.05826180391319991,0.717480384795455,131
prop_married,0.09597023054354968,0.5505836404681838,131
age_mean,-0.30402985260768556,0.053290397174796826,132
age_sd,-0.2654330349568246,0.09348826952638056,132
age_sq_mean,-0.3214378326550881,0.04043323357238523,132
age_sq_sd,-0.30073091057320284,0.05606167115595901,132
english_mean,-0.41661582998867275,0.006737250539948478,132
entry_recency_mean,-0.019346942304580096,0.9044348737832061,132
entry_recency_sd,0.29817944163569343,0.05828313641940459,132
hours_mean,0.05684811221402629,0.7240627712518029,132
hours_sd,-0.006422326435230321,0.9682114547791546,132
prop_educ_<HS,,,132
prop_educ_BAplus,0.5708023897811284,9.740158423191241e-05,132
prop_educ_HS,,,132
prop_educ_SomeCollege,,,132
prop_female,0.09714244777417656,0.5457034286971021,132
prop_married,0.07404880745965976,0.6454349430418891,132
age_mean,-0.2941239023531753,0.06195817311037149,133
age_sd,-0.35385246595626707,0.023226995915214415,133
age_sq_mean,-0.332796059957388,0.03349880596936954,133
age_sq_sd,-0.36573491913405776,0.018695713706623575,133
english_mean,-0.4053300889313026,0.008563008474386036,133
entry_recency_mean,0.058126410176787095,0.7181099373987601,133
entry_recency_sd,0.256205189631657,0.10590047930834343,133
hours_mean,0.01946379370762403,0.9038603651425244,133
hours_sd,-0.02005426023890358,0.9009580379440394,133
prop_educ_<HS,,,133
prop_educ_BAplus,0.5309313606434292,0.00035522277237059395,133
prop_educ_HS,,,133
prop_educ_SomeCollege,,,133
prop_female,0.03915420659139882,0.8079673630627537,133
prop_married,0.2077498337916077,0.19244380912348852,133
age_mean,-0.2880123823417263,0.06784175529314852,134
age_sd,-0.18575070188222811,0.2449285780412266,134
age_sq_mean,-0.29103273187662365,0.06488117727553018,134
age_sq_sd,-0.19684681624678266,0.21736404670636914,134
english_mean,-0.4911751106492294,0.001110625809097686,134
entry_recency_mean,0.06336154256423687,0.6939052327152931,134
entry_recency_sd,0.24788226462888546,0.11813827813906082,134
hours_mean,0.16788394812493848,0.2940827608929366,134
hours_sd,0.11140770346828106,0.48802090794432684,134
prop_educ_<HS,,,134
prop_educ_BAplus,0.5088941664423723,0.0006797279483471814,134
prop_educ_HS,,,134
prop_educ_SomeCollege,,,134
prop_female,-0.02259757746297903,0.8884718420848385,134
prop_married,0.11539680363171953,0.47247686086065666,134
age_mean,-0.2710318592954179,0.08652350429643083,135
age_sd,-0.29295489342008973,0.06305102072701207,135
age_sq_mean,-0.2604205462553377,0.10008325549443021,135
age_sq_sd,-0.31829247740214345,0.042547624974536145,135
english_mean,-0.4242796416674925,0.005698466607564139,135
entry_recency_mean,-0.1680661588474418,0.29355150215697146,135
entry_recency_sd,0.28493513493169265,0.07096687864032114,135
hours_mean,0.020548295734041953,0.8985306750568945,135
hours_sd,-0.07968927495142929,0.6204100803224546,135
prop_educ_<HS,,,135
prop_educ_BAplus,0.5370812086815037,0.0002940095437128467,135
prop_educ_HS,,,135
prop_educ_SomeCollege,,,135
prop_female,0.042573299117846276,0.791555242588365,135
prop_married,0.09378165273148678,0.5597500533224711,135
age_mean,-0.27724019233960295,0.07927865459071842,136
age_sd,-0.27495647169490683,0.08188641468445731,136
age_sq_mean,-0.2953139098597982,0.060861217911506366,136
age_sq_sd,-0.3057984273696135,0.05185061974358047,136
english_mean,-0.4138990685965353,0.007142834274575214,136
entry_recency_mean,-0.08790743732177828,0.5846983459912135,136
entry_recency_sd,0.3625653631023794,0.019824809537661147,136
hours_mean,-0.037508297397663745,0.8158974747754235,136
hours_sd,-0.10346075870528033,0.5197596556148374,136
prop_educ_<HS,,,136
prop_educ_BAplus,0.5034059267679886,0.0007936195508118781,136
prop_educ_HS,,,136
prop_educ_SomeCollege,,,136
prop_female,0.020197087929152913,0.9002561849188335,136
prop_married,0.09644573863781554,0.5486015038904041,136
age_mean,-0.25662077096362995,0.10531577955398946,137
age_sd,-0.32571901063826264,0.037693638698725655,137
age_sq_mean,-0.27478172973640985,0.08208867146847261,137
age_sq_sd,-0.33200972114415184,0.03394505291532519,137
english_mean,-0.43674272622049287,0.004304453736419482,137
entry_recency_mean,-0.04963710755353755,0.7579350853807671,137
entry_recency_sd,0.3124386217924966,0.0467216029335541,137
hours_mean,0.13555138182088516,0.39809925798476686,137
hours_sd,0.1561892313329823,0.3294745913942008,137
prop_educ_<HS,,,137
prop_educ_BAplus,0.5254460585116509,0.000419229846239348,137
prop_educ_HS,,,137
prop_educ_SomeCollege,,,137
prop_female,-0.19450217278141815,0.22300166873285032,137
prop_married,0.03125428197719965,0.8461888942002429,137
age_mean,-0.315231999180151,0.04469033756162455,138
age_sd,-0.4617556253281164,0.0023734930358922904,138
age_sq_mean,-0.3141860413774658,0.045442378328160414,138
age_sq_sd,-0.4624545931621042,0.0023328341275555523,138
english_mean,-0.4569721418169084,0.002668862325045617,138
entry_recency_mean,-0.042091489949365415,0.7938628012163715,138
entry_recency_sd,0.2691697494384626,0.0887937263140421,138
hours_mean,0.038251468791323746,0.812314526229907,138
hours_sd,-0.016165039326770193,0.920096451007782,138
prop_educ_<HS,,,138
prop_educ_BAplus,0.5388570308032419,0.0002781944409158475,138
prop_educ_HS,,,138
prop_educ_SomeCollege,,,138
prop_female,-0.05453823260000764,0.7348600787811452,138
prop_married,0.19735165924814793,0.2161631722765448,138
age_mean,-0.2440047152432744,0.12419100280986387,139
age_sd,-0.23013515934044634,0.14775019033801265,139
age_sq_mean,-0.26289927655861917,0.09677878496049923,139
age_sq_sd,-0.27530595561190063,0.08148306641926051,139
english_mean,-0.4379954757220836,0.004182354687296856,139
entry_recency_mean,-0.19812791166864904,0.21432566146821994,139
entry_recency_sd,0.28202668810919956,0.07402377238047009,139
hours_mean,0.057301633316586956,0.7219489374316412,139
hours_sd,0.02748296136314734,0.8645644343152775,139
prop_educ_<HS,,,139
prop_educ_BAplus,0.5370508050431478,0.00029428721355728184,139
prop_educ_HS,,,139
prop_educ_SomeCollege,,,139
prop_female,0.02878677412106908,0.8582032131248397,139
prop_married,0.15140625601024998,0.34468202662721215,139
age_mean,-0.24749874684835294,0.11872683375896545,140
age_sd,-0.3032646689714082,0.05392318647301203,140
age_sq_mean,-0.27652914932137906,0.08008353484210949,140
age_sq_sd,-0.31034171829053353,0.0482949382574649,140
english_mean,-0.44617101331412234,0.0034571221908596722,140
entry_recency_mean,0.009502957528588367,0.9529775002360278,140
entry_recency_sd,0.324538224519773,0.03843362825179421,140
hours_mean,0.04240263606103892,0.792372410152753,140
hours_sd,-0.017826785749068545,0.911913113217174,140
prop_educ_<HS,,,140
prop_educ_BAplus,0.5290224318222214,0.00037642575255174174,140
prop_educ_HS,,,140
prop_educ_SomeCollege,,,140
prop_female,0.05849011570204268,0.7164192003686333,140
prop_married,0.16373645355887553,0.3063427436736816,140
age_mean,-0.27542162480048493,0.08134991139713851,141
age_sd,-0.3177682515266527,0.04290860334625707,141
age_sq_mean,-0.2933917483163321,0.06264084953995658,141
age_sq_sd,-0.34197001277847644,0.028639691753841443,141
english_mean,-0.4127896724347159,0.007314411415774006,141
entry_recency_mean,-0.0202002999569774,0.9002404019242132,141
entry_recency_sd,0.2518578173397118,0.11216618469090538,141
hours_mean,0.1207050421636273,0.45220592770614015,141
hours_sd,0.11529605076580147,0.472866203470995,141
prop_educ_<HS,,,141
prop_educ_BAplus,0.5642128637300344,0.00012201618913191532,141
prop_educ_HS,,,141
prop_educ_SomeCollege,,,141
prop_female,0.01819731955502676,0.9100895979408714,141
prop_married,0.09497064691731162,0.5547613747433973,141
age_mean,-0.2736379779439066,0.08342214611919695,142
age_sd,-0.31654505781717424,0.04376056428391737,142
age_sq_mean,-0.29540128083904665,0.060781292056620535,142
age_sq_sd,-0.32571901063826264,0.037693638698725655,142
english_mean,-0.45016878178253134,0.003144390802513418,142
entry_recency_mean,0.04867072991862406,0.7625101733306854,142
entry_recency_sd,0.26343497633277746,0.09607577419015134,142
hours_mean,-0.00857132022212797,0.9575830218331047,142
hours_sd,-0.009873350688425823,0.9511468834271357,142
prop_educ_<HS,,,142
prop_educ_BAplus,0.5529705594310893,0.00017728353624129028,142
prop_educ_HS,,,142
prop_educ_SomeCollege,,,142
prop_female,-0.0059037359836096315,0.970777166684161,142
prop_married,0.1563774458984594,0.3288848406714421,142
age_mean,-0.22320381714752927,0.1606847469239378,143
age_sd,-0.27626703638363376,0.08038184325254497,143
age_sq_mean,-0.2533758398205369,0.10994718103084035,143
age_sq_sd,-0.2881494895614244,0.06770508820886845,143
english_mean,-0.434870755719291,0.004492688745139021,143
entry_recency_mean,-0.02098732463062587,0.8963743427517166,143
entry_recency_sd,0.19507270430818624,0.22162067894425416,143
hours_mean,0.1474025252182271,0.3577370357264659,143
hours_sd,0.04190351087248785,0.7947635727017736,143
prop_educ_<HS,,,143
prop_educ_BAplus,0.5305335762174703,0.00035955044794846054,143
prop_educ_HS,,,143
prop_educ_SomeCollege,,,143
prop_female,-0.07554637799636559,0.638751528037131,143
prop_married,0.21709432708936122,0.17275085638602242,143
age_mean,-0.3573593851994012,0.02180327368320483,144
age_sd,-0.3393488834010226,0.029964395346885858,144
age_sq_mean,-0.35691045022996315,0.021981353930281923,144
age_sq_sd,-0.31549660606619273,0.044501693360177036,144
english_mean,-0.46670772249965053,0.0020983778473639882,144
entry_recency_mean,-0.03705166973858916,0.8181007907969762,144
entry_recency_sd,0.16877174843057638,0.29150010548815525,144
hours_mean,-0.04598117334023606,0.7752848418641437,144
hours_sd,-0.12128148424625422,0.45003344856284627,144
prop_educ_<HS,,,144
prop_educ_BAplus,0.5478641855101322,0.00020915726921780285,144
prop_educ_HS,,,144
prop_educ_SomeCollege,,,144
prop_female,-0.08650392944359453,0.5907318343365439,144
prop_married,0.057730535518767785,0.7199517258259628,144
age_mean,-0.20962123970227944,0.18837831705135402,145
age_sd,-0.29435282908806515,0.061745935095082985,145
age_sq_mean,-0.21475786699271715,0.1775331598887727,145
age_sq_sd,-0.3199525260078642,0.04142077350227473,145
english_mean,-0.3460197256578988,0.026688505721767473,145
entry_recency_mean,-0.03386571020874098,0.8335112032784581,145
entry_recency_sd,0.19418060721307195,0.22378263038744511,145
hours_mean,0.11629775125613052,0.46900285256725716,145
hours_sd,-0.03023299247060804,0.8511575556319336,145
prop_educ_<HS,,,145
prop_educ_BAplus,0.48882171977089267,0.0011831432589314154,145
prop_educ_HS,,,145
prop_educ_SomeCollege,,,145
prop_female,-0.22702640153544063,0.15345346316165456,145
prop_married,0.04406750098875721,0.7844102046614008,145
age_mean,-0.2828691444594847,0.0731278698482814,146
age_sd,-0.27661652030062756,0.0799842910035737,146
age_sq_mean,-0.30073091057320284,0.05606167115595901,146
age_sq_sd,-0.2908579899181267,0.0650496214182001,146
english_mean,-0.48815529205932384,0.001204427687655588,146
entry_recency_mean,-0.048768831424720875,0.7620453680769542,146
entry_recency_sd,0.24101115243103455,0.12902063396284258,146
hours_mean,-0.0013112501903109143,0.9935081318557192,146
hours_sd,-0.008126562972627595,0.9597821552360685,146
prop_educ_<HS,,,146
prop_educ_BAplus,0.5322342192927207,0.00034137395404172275,146
prop_educ_HS,,,146
prop_educ_SomeCollege,,,146
prop_female,0.05994619371674393,0.709663856078669,146
prop_married,0.18081961170954625,0.25790314386918134,146
age_mean,-0.2644306552778501,0.09477956242468821,147
age_sd,-0.2714616325249684,0.0860059927885394,147
age_sq_mean,-0.2636856153718553,0.09574820647886101,147
age_sq_sd,-0.30571105639036505,0.05192100550663382,147
english_mean,-0.48370423959187764,0.001355507219000127,147
entry_recency_mean,-0.017447236112070035,0.9137814604720262,147
entry_recency_sd,0.24946587717799404,0.11573129409409268,147
hours_mean,0.06866879562863247,0.6696697415812692,147
hours_sd,0.023599416853351755,0.8835605210143614,147
prop_educ_<HS,,,147
prop_educ_BAplus,0.5531023989460552,0.00017652210850680264,147
prop_educ_HS,,,147
prop_educ_SomeCollege,,,147
prop_female,-0.1622763503094742,0.31073513173090506,147
prop_married,0.09582888144907907,0.5511735009104486,147
age_mean,-0.3513100801154248,0.024306935390076154,148
age_sd,-0.32868962393271034,0.0358833653306031,148
age_sq_mean,-0.3695792422209901,0.01739924361550784,148
age_sq_sd,-0.35822101491869013,0.021464866690589536,148
english_mean,-0.4804712624964838,0.0014755360862717941,148
entry_recency_mean,-0.12141775946932329,0.44952069021585794,148
entry_recency_sd,0.3540297836946311,0.02315319347359539,148
hours_mean,0.05319304938694609,0.7411714421352971,148
hours_sd,0.04570099392133582,0.7766190497987105,148
prop_educ_<HS,,,148
prop_educ_BAplus,0.5288007056169088,0.0003789607366678212,148
prop_educ_HS,,,148
prop_educ_SomeCollege,,,148
prop_female,-0.04714977615647753,0.7697268941717084,148
prop_married,0.0753964771703522,0.6394192539183545,148
age_mean,-0.28228755180884896,0.07374544276262424,149
age_sd,-0.32676746238924415,0.03704638176692774,149
age_sq_mean,-0.31803036446439803,0.04272780449764181,149
age_sq_sd,-0.3332329148536303,0.033252981606782014,149
english_mean,-0.4976825043828296,0.0009302211268563147,149
entry_recency_mean,-0.012291693666024716,0.9392010664793529,149
entry_recency_sd,0.1561892313329823,0.3294745913942008,149
hours_mean,0.10373646474319391,0.5186416659309503,149
hours_sd,0.005592229821152933,0.972318476171209,149
prop_educ_<HS,,,149
prop_educ_BAplus,0.5712346353289935,9.595651216556686e-05,149
prop_educ_HS,,,149
prop_educ_SomeCollege,,,149
prop_female,0.01742197899434196,0.9139058059375047,149
prop_married,0.17960346091147977,0.26117215960500895,149
age_mean,-0.22225712818148693,0.16251322833588017,150
age_sd,-0.2082050435490826,0.19144924375132297,150
age_sq_mean,-0.22078646456086096,0.1653835816255004,150
age_sq_sd,-0.2518905331733131,0.11211800652389124,150
english_mean,-0.4267508050081223,0.005394548949156045,150
entry_recency_mean,-0.07140676881222906,0.6572930244983556,150
entry_recency_sd,0.25244774653678625,0.11129984590104397,150
hours_mean,0.10227305587902438,0.5245894161255041,150
hours_sd,0.06487577775359445,0.6869584867446252,150
prop_educ_<HS,,,150
prop_educ_BAplus,0.5201684599714044,0.0004903846740852087,150
prop_educ_HS,,,150
prop_educ_SomeCollege,,,150
prop_female,-0.06809282260837941,0.6722845147481327,150
prop_married,0.14228020053906099,0.3748688484858714,150
age_mean,-0.1874515762700447,0.24055722951504707,151
age_sd,-0.2827324888480198,0.07327261298812536,151
age_sq_mean,-0.21370941524173562,0.1797096566153967,151
age_sq_sd,-0.30274044309591736,0.054360177058942305,151
english_mean,-0.39012530170551785,0.011683186954919001,151
entry_recency_mean,-0.06613027252618667,0.681222481416972,151
entry_recency_sd,0.4192059584341159,0.006369244038947701,151
hours_mean,0.14920075766174612,0.3518369637178893,151
hours_sd,0.14442422869770605,0.3676396265797175,151
prop_educ_<HS,,,151
prop_educ_BAplus,0.5121055015573257,0.0006200738301016719,151
prop_educ_HS,,,151
prop_educ_SomeCollege,,,151
prop_female,-0.0755568529926995,0.6387048781906703,151
prop_married,0.10185515153225769,0.5262940498060822,151
age_mean,-0.1833005506883071,0.25131924217411244,152
age_sd,-0.2815092951385414,0.07457824734226524,152
age_sq_mean,-0.19186667042962038,0.229457736528785,152
age_sq_sd,-0.30973012143579426,0.04876179529484981,152
english_mean,-0.4278340192406925,0.005265825199413789,152
entry_recency_mean,0.04311710664848456,0.7889528591828544,152
entry_recency_sd,0.26430872418131074,0.09493756949383164,152
hours_mean,0.059479270995206925,0.7118277437113897,152
hours_sd,-0.047446574888844406,0.768317097179141,152
prop_educ_<HS,,,152
prop_educ_BAplus,0.47545583691692894,0.0016803903787332266,152
prop_educ_HS,,,152
prop_educ_SomeCollege,,,152
prop_female,-0.11741942534817476,0.4646967825881978,152
prop_married,0.04891820849226207,0.7613377774874068,152
age_mean,-0.2614918246837427,0.09864465316860097,153
age_sd,-0.349658658952341,0.02503056998433029,153
age_sq_mean,-0.29566339377679207,0.06054201573175446,153
age_sq_sd,-0.3782289691665877,0.014756751529522404,153
english_mean,-0.4712457552814806,0.0018713444845793246,153
entry_recency_mean,-0.019293893206439115,0.904695709516314,153
entry_recency_sd,0.20083969131125023,0.20799150330259036,153
hours_mean,0.10913020852557605,0.497012830444275,153
hours_sd,0.09344733240063201,0.5611565212896176,153
prop_educ_<HS,,,153
prop_educ_BAplus,0.5372301051452331,0.00029265310450787076,153
prop_educ_HS,,,153
prop_educ_SomeCollege,,,153
prop_female,-0.05320557566648973,0.7411125930436433,153
prop_married,0.13143602669299073,0.4127083181771007,153
age_mean,-0.22260665777170746,0.1618363816517166,154
age_sd,-0.22192228729109095,0.16316355334962276,154
age_sq_mean,-0.22917407856871325,0.14949649037618032,154
age_sq_sd,-0.20016691345822415,0.20955066508138823,154
english_mean,-0.411981300581692,0.00744165905348085,154
entry_recency_mean,0.024061627531804353,0.8812960615222204,154
entry_recency_sd,0.2136406548862331,0.17985306012540153,154
hours_mean,0.11193217782315448,0.48596221315417126,154
hours_sd,0.06727858433706091,0.6759874544431648,154
prop_educ_<HS,,,154
prop_educ_BAplus,0.5284086658451341,0.0003834804296849047,154
prop_educ_HS,,,154
prop_educ_SomeCollege,,,154
prop_female,0.026194476484534563,0.8708591705850618,154
prop_married,0.11587280680631143,0.4706397223919034,154
age_mean,-0.27763806890905923,0.07883103569496172,155
age_sd,-0.2100052953949687,0.18755157045882825,155
age_sq_mean,-0.31252599277174503,0.046656957675123054,155
age_sq_sd,-0.20925349530006412,0.18917236854836894,155
english_mean,-0.4748154889270889,0.0017082753404891265,155
entry_recency_mean,-0.07204105156605033,0.6544385052962679,155
entry_recency_sd,0.1852069916181095,0.24633717121054757,155
hours_mean,-0.044005138178010196,0.7847080692683429,155
hours_sd,-0.18508398145356458,0.2466566094959964,155
prop_educ_<HS,,,155
prop_educ_BAplus,0.5040967449959958,0.0007784052619141755,155
prop_educ_HS,,,155
prop_educ_SomeCollege,,,155
prop_female,-0.1035789533574958,0.5192802293211363,155
prop_married,0.06655279911826108,0.6792944974229529,155
age_mean,-0.2361175249705059,0.13721558855459126,156
age_sd,-0.2974674550331479,0.05891541332961012,156
age_sq_mean,-0.2728595681929437,0.08433927429927922,156
age_sq_sd,-0.29924560392597893,0.05734647495893275,156
english_mean,-0.46899240586595536,0.0019812136838945975,156
entry_recency_mean,-0.16733037362167863,0.2957005760111844,156
entry_recency_sd,0.1980780937998728,0.21444326209525125,156
hours_mean,-0.022909163754548906,0.8869439018366301,156
hours_sd,-0.04989100215124906,0.7567344241832071,156
prop_educ_<HS,,,156
prop_educ_BAplus,0.5396756555673775,0.00027116516269555757,156
prop_educ_HS,,,156
prop_educ_SomeCollege,,,156
prop_female,-0.015065629633942193,0.9255150640980954,156
prop_married,0.13234205439917618,0.4094660925523211,156
age_mean,-0.2654818679812421,0.09342570967666006,157
age_sd,-0.2426292093729762,0.12639304765179124,157
age_sq_mean,-0.2686657611890176,0.08941603248863161,157
age_sq_sd,-0.24472611287493928,0.1230476784767575,157
english_mean,-0.4758464179406043,0.001663580069959178,157
entry_recency_mean,-0.13886705261765483,0.3865499429588434,157
entry_recency_sd,0.20013194470654289,0.20963192684197213,157
hours_mean,0.11778883999742339,0.4632832530445213,157
hours_sd,0.05622812327987363,0.7269557731540838,157
prop_educ_<HS,,,157
prop_educ_BAplus,0.5081730181083218,0.0006938085706021432,157
prop_educ_HS,,,157
prop_educ_SomeCollege,,,157
prop_female,-0.018505193353390792,0.9085747983041665,157
prop_married,0.19222353491421348,0.22857614279884075,157
age_mean,-0.34841064772987634,0.02558924577482897,158
age_sd,-0.40068331083344216,0.009429931973166328,158
age_sq_mean,-0.35787153100169633,0.021601593830018334,158
age_sq_sd,-0.420167039205849,0.006237183418495685,158
english_mean,-0.48609972599196244,0.0012722343995897557,158
entry_recency_mean,-0.04242114037615103,0.7922837973195166,158
entry_recency_sd,0.24341554818621236,0.12513065124742526,158
hours_mean,0.19986042424640227,0.21026364287522195,158
hours_sd,0.22154841736770717,0.1638919057502809,158
prop_educ_<HS,,,158
prop_educ_BAplus,0.5434916428782954,0.00024046184178543313,158
prop_educ_HS,,,158
prop_educ_SomeCollege,,,158
prop_female,-0.06191167294908954,0.7005799450779767,158
prop_married,0.11633554128743973,0.4688574334950271,158
age_mean,-0.23757204001619303,0.13474057242744739,159
age_sd,-0.353066127143031,0.023556651278675043,159
age_sq_mean,-0.2528516139450462,0.11070968009074322,159
age_sq_sd,-0.35219241735054635,0.02392750042720053,159
english_mean,-0.4696738225535033,0.0019474043398214885,159
entry_recency_mean,0.08973583607410202,0.5768798966542609,159
entry_recency_sd,0.2166115269787206,0.17373138999496449,159
hours_mean,0.1064371577914923,0.5077538422384705,159
hours_sd,0.08990865361407231,0.5761433650045732,159
prop_educ_<HS,,,159
prop_educ_BAplus,0.5423060811834656,0.0002496473175408338,159
prop_educ_HS,,,159
prop_educ_SomeCollege,,,159
prop_female,-0.06923983579920755,0.6670811547891375,159
prop_married,0.23928078733940314,0.13187548852933687,159
age_mean,-0.2912836031921359,0.06463995223365725,160
age_sd,-0.32475792986652957,0.038295049523786165,160
age_sq_mean,-0.3156713480246896,0.04437747014830059,160
age_sq_sd,-0.35490091770724863,0.02279344909931665,160
english_mean,-0.46771140303859116,0.0020461754614141165,160
entry_recency_mean,0.03847844067447721,0.8112210070955934,160
entry_recency_sd,0.23480120074500777,0.13948435674360782,160
hours_mean,0.16934028616087463,0.2898539198731495,160
hours_sd,0.16296107213203465,0.3086703542471675,160
prop_educ_<HS,,,160
prop_educ_BAplus,0.5577206686132847,0.00015164301257667535,160
prop_educ_HS,,,160
prop_educ_SomeCollege,,,160
prop_female,0.04630131265519077,0.7737611260001801,160
prop_married,0.08031517790308869,0.6176583432946433,160
age_mean,-0.3484087979487073,0.02559008146210908,161
age_sd,-0.3608421442961439,0.020462309309721587,161
age_sq_mean,-0.35769678904319935,0.021670230059678924,161
age_sq_sd,-0.37674366251936386,0.015184691422032192,161
english_mean,-0.4436970151719917,0.0036639889801151947,161
entry_recency_mean,0.035289558889784016,0.8266161213639962,161
entry_recency_sd,0.29356116458647746,0.062482353112159696,161
hours_mean,0.09767548406716037,0.5434911161180196,161
hours_sd,0.0831407292941721,0.6053005184665413,161
prop_educ_<HS,,,161
prop_educ_BAplus,0.5130599591435857,0.0006032693227413289,161
prop_educ_HS,,,161
prop_educ_SomeCollege,,,161
prop_female,0.01655858343166099,0.9181576606178127,161
prop_married,-0.026493947158283626,0.8693954270544437,161
age_mean,-0.22964094077489586,0.14864631343259632,162
age_sd,-0.28351882766125597,0.072442808944543,162
age_sq_mean,-0.24184287055974008,0.12766494855243096,162
age_sq_sd,-0.2686657611890176,0.08941603248863161,162
english_mean,-0.3996674940428592,0.009629152010324273,162
entry_recency_mean,-0.00940426599071088,0.9534653100842564,162
entry_recency_sd,0.23001051223438584,0.14797582698799683,162
hours_mean,-0.11537995615038878,0.4725419533218688,162
hours_sd,-0.1284465287046064,0.4235093860296506,162
prop_educ_<HS,,,162
prop_educ_BAplus,0.5647105364144894,0.00011997738696345881,162
prop_educ_HS,,,162
prop_educ_SomeCollege,,,162
prop_female,-0.0016761873278111781,0.9917014204909123,162
prop_married,0.013394263096731408,0.9337589411294717,162
age_mean,-0.22723792484212965,0.1530603807645537,163
age_sd,-0.23240680480090628,0.14368219111290662,163
age_sq_mean,-0.23808591845205623,0.13387412688524616,163
age_sq_sd,-0.25669593703197846,0.10521028846066857,163
english_mean,-0.42397611484846154,0.005736799765144014,163
entry_recency_mean,0.05932544033544544,0.7125411399394921,163
entry_recency_sd,0.22212605458515422,0.1627675741382405,163
hours_mean,0.13734956959153022,0.3918111257782637,163
hours_sd,0.05718679668650177,0.7224839917175307,163
prop_educ_<HS,,,163
prop_educ_BAplus,0.5233231763206976,0.00044665499743359394,163
prop_educ_HS,,,163
prop_educ_SomeCollege,,,163
prop_female,-0.09369094344817108,0.5601315000288016,163
prop_married,0.11548901569294363,0.47212067150258036,163
age_mean,-0.3273781524403148,0.03667358443448233,164
age_sd,-0.28675155389344903,0.06910878111713678,164
age_sq_mean,-0.3254568977005172,0.03785688896652712,164
age_sq_sd,-0.3088564116433096,0.04943504164716333,164
english_mean,-0.4271460516690057,0.005347267090423498,164
entry_recency_mean,0.03905368902670399,0.8084511294113762,164
entry_recency_sd,0.029094536089737517,0.8567029361070937,164
hours_mean,0.04959815441783639,0.7581193435209268,164
hours_sd,0.006946295395839406,0.9656194540425553,164
prop_educ_<HS,,,164
prop_educ_BAplus,0.5101687149049425,0.0006554647326945699,164
prop_educ_HS,,,164
prop_educ_SomeCollege,,,164
prop_female,-0.06294185945457009,0.6958349939285765,164
prop_married,0.06444406790060743,0.6889364530946783,164
age_mean,-0.19530816739788331,0.22105245309492635,165
age_sd,-0.1418904702995007,0.37619194573866377,165
age_sq_mean,-0.19702155820527958,0.2169478659296194,165
age_sq_sd,-0.17919787843859356,0.26226846032908513,165
english_mean,-0.40238971619212743,0.00910322181467885,165
entry_recency_mean,-0.10365055143340413,0.5189899168203176,165
entry_recency_sd,0.22389788618664752,0.15935371044647675,165
hours_mean,0.04458833895078319,0.7819237058484221,165
hours_sd,-0.014067340361385464,0.9304381739063391,165
prop_educ_<HS,,,165
prop_educ_BAplus,0.5322338492622993,0.00034137781744517396,165
prop_educ_HS,,,165
prop_educ_SomeCollege,,,165
prop_female,-0.03124667105828905,0.8462259004957043,165
prop_married,0.10854065957220103,0.4993542059699515,165
age_mean,-0.1922849658200755,0.22842461876415973,166
age_sd,-0.30990486339429124,0.04862803766250349,166
age_sq_mean,-0.20558391417162875,0.19722601231963663,166
age_sq_sd,-0.3366403830443202,0.0313860068359113,166
english_mean,-0.42465395768600694,0.005651499036655692,166
entry_recency_mean,-0.02888152322480301,0.8577412778242969,166
entry_recency_sd,0.20322547348064754,0.20252767130539526,166
hours_mean,0.13047897376713438,0.4161489603519421,166
hours_sd,0.016470146944851927,0.9185933015910445,166
prop_educ_<HS,,,166
prop_educ_BAplus,0.4869257090692238,0.0012445914287986881,166
prop_educ_HS,,,166
prop_educ_SomeCollege,,,166
prop_female,-0.03903432546774686,0.8085443295542315,166
prop_married,0.24270264494394977,0.12627475163565965,166
age_mean,-0.31368914153029726,0.04580322092599691,167
age_sd,-0.34301846452945794,0.028123558192875726,167
age_sq_mean,-0.32405896203254186,0.0387373433681638,167
age_sq_sd,-0.3733361943286738,0.016206250670268985,167
english_mean,-0.3908036543093207,0.011525757443768344,167
entry_recency_mean,-0.08747390545791887,0.5865590991785936,167
entry_recency_sd,0.32012726796636115,0.041303583641984956,167
hours_mean,0.17674881964733957,0.2689531885805232,167
hours_sd,0.18985713790690578,0.2344654518108424,167
prop_educ_<HS,,,167
prop_educ_BAplus,0.4869120183184668,0.0012450452370608499,167
prop_educ_HS,,,167
prop_educ_SomeCollege,,,167
prop_female,0.00415170791138526,0.9794472773444943,167
prop_married,0.06391691806092965,0.6913544699263482,167
age_mean,-0.3351843919737792,0.0321728986978926,168
age_sd,-0.3521050463712978,0.023964851394848222,168
age_sq_mean,-0.33864991556703483,0.030326070440240768,168
age_sq_sd,-0.3513187075580617,0.024303201185573654,168
english_mean,-0.41811902721032757,0.006521503553674036,168
entry_recency_mean,-0.11143694513931635,0.48790600810427825,168
entry_recency_sd,0.05072548178075611,0.7527921781042348,168
hours_mean,-0.0473984428308333,0.768545675052934,168
hours_sd,-0.0667514281458242,0.6783888506646651,168
prop_educ_<HS,,,168
prop_educ_BAplus,0.545323080779174,0.0002268696915444436,168
prop_educ_HS,,,168
prop_educ_SomeCollege,,,168
prop_female,-0.07079354926862926,0.660057326563669,168
prop_married,0.06175394824948776,0.7013074090284523,168
age_mean,-0.2681476118408069,0.09005933707876607,169
age_sd,-0.3055363144318682,0.05206200741204667,169
age_sq_mean,-0.28736315074818825,0.06849186558122886,169
age_sq_sd,-0.31724402565116194,0.043272065022876775,169
english_mean,-0.43774643623150306,0.00420638404413703,169
entry_recency_mean,0.006298671175173799,0.9688232080048185,169
entry_recency_sd,0.31865584036007943,0.0422988665803504,169
hours_mean,0.1556024922250983,0.33131729886119626,169
hours_sd,0.0892096553352457,0.5791250497827282,169
prop_educ_<HS,,,169
prop_educ_BAplus,0.5296901750496107,0.00036888316167933043,169
prop_educ_HS,,,169
prop_educ_SomeCollege,,,169
prop_female,0.017115514851664803,0.9154147461399581,169
prop_married,0.13989305466826424,0.383016345261445,169
age_mean,-0.21023288983896804,0.18706285013024626,170
age_sd,-0.2767912622591245,0.07978609142808923,170
age_sq_mean,-0.23380474046888167,0.14122018227313443,170
age_sq_sd,-0.2908579899181267,0.0650496214182001,170
english_mean,-0.5124516685595811,0.0006139313642613608,170
entry_recency_mean,-0.10221772111172439,0.524814970688958,170
entry_recency_sd,0.2978299272718714,0.05859284108125004,170
hours_mean,-0.021593802844088125,0.8933967798327984,170
hours_sd,-0.02979480163498412,0.8532911454528203,170
prop_educ_<HS,,,170
prop_educ_BAplus,0.5501511770760973,0.00019429297720885392,170
prop_educ_HS,,,170
prop_educ_SomeCollege,,,170
prop_female,0.024289745347318932,0.8801788106976333,170
prop_married,0.20059954575221378,0.20854710986516178,170
age_mean,-0.2612733686898549,0.0989367189068448,171
age_sd,-0.3536057543014098,0.023330007551511746,171
age_sq_mean,-0.2782765689063483,0.07811684240389412,171
age_sq_sd,-0.37866582406283006,0.01463284725824364,171
english_mean,-0.4387475367376129,0.004110514240515818,171
entry_recency_mean,0.14163836409981698,0.3770492956932448,171
entry_recency_sd,0.1686043360826338,0.29198599199225955,171
hours_mean,0.1050931782563912,0.5131576348291946,171
hours_sd,0.13847550832821462,0.387903462577735,171
prop_educ_<HS,,,171
prop_educ_BAplus,0.5296467259721644,0.00036936978801272943,171
prop_educ_HS,,,171
prop_educ_SomeCollege,,,171
prop_female,0.12551732580032607,0.4342450556095896,171
prop_married,0.10510204629373071,0.5131218846740607,171
age_mean,-0.22682494147923393,0.1538285299042756,172
age_sd,-0.278975536740336,0.07734082643015623,172
age_sq_mean,-0.2533758398205369,0.10994718103084035,172
age_sq_sd,-0.2794123916365783,0.07685888938643574,172
english_mean,-0.48451226166972483,0.001326894146428081,172
entry_recency_mean,-0.011499806701576713,0.9431114061220871,172
entry_recency_sd,0.19121971665150364,0.23106188440913747,172
hours_mean,0.0070379633049765635,0.9651660209235411,172
hours_sd,0.0048493005593595855,0.9759948260187591,172
prop_educ_<HS,,,172
prop_educ_BAplus,0.5602099625309671,0.00013959057180496073,172
prop_educ_HS,,,172
prop_educ_SomeCollege,,,172
prop_female,0.04480240917141176,0.7809023462409946,172
prop_married,0.06477154337841866,0.6874358697432703,172
age_mean,-0.3179962728621986,0.042751284949537866,173
age_sd,-0.33384451170836954,0.03291132077088744,173
age_sq_mean,-0.30509945953562584,0.0524158587264692,173
age_sq_sd,-0.3503576267863286,0.02472213261211072,173
english_mean,-0.45583541435519037,0.0027436243823847355,173
entry_recency_mean,-0.03961530369440495,0.8057491226758074,173
entry_recency_sd,0.27562375881981643,0.08111762795036202,173
hours_mean,0.09096491956947848,0.5716509586078387,173
hours_sd,0.06199781106536858,0.7001827668690549,173
prop_educ_<HS,,,173
prop_educ_BAplus,0.5553274826871076,0.00016410897512088968,173
prop_educ_HS,,,173
prop_educ_SomeCollege,,,173
prop_female,-0.05998305330617361,0.7094931310308,173
prop_married,0.07590671814127319,0.637147562343052,173
age_mean,-0.2886492104521947,0.06720881246806494,174
age_sd,-0.2795871335950752,0.07666677440893262,174
age_sq_mean,-0.29033376404263594,0.0655570340699879,174
age_sq_sd,-0.3124386217924966,0.0467216029335541,174
english_mean,-0.4697991195811005,0.0019412432526315707,174
entry_recency_mean,-0.05729540807493686,0.7219779391338332,174
entry_recency_sd,0.1330660013954061,0.40688594113808285,174
hours_mean,0.19889064092519232,0.21253073168624076,174
hours_sd,0.1606752308379198,0.3155974016358052,174
prop_educ_<HS,,,174
prop_educ_BAplus,,,174
prop_educ_HS,,,174
prop_educ_SomeCollege,,,174
prop_female,-0.032469427628481685,0.8402847687412363,174
prop_married,0.025863395877410537,0.8724779108681021,174
age_mean,-0.2613056762524663,0.09889348342579408,175
age_sd,-0.25713279192822075,0.1045987828876103,175
age_sq_mean,-0.27361413876818996,0.08345011792566014,175
age_sq_sd,-0.3065847661828497,0.05122059326789978,175
english_mean,-0.46518049311067583,0.002180061781779777,175
entry_recency_mean,-0.13045954665261644,0.4162189696030027,175
entry_recency_sd,0.2995338097955039,0.05709535194661542,175
hours_mean,0.04155736275284498,0.7964229571362926,175
hours_sd,-0.05395392964692872,0.7375994398933009,175
prop_educ_<HS,,,175
prop_educ_BAplus,0.5303716998828452,0.00036132508456573887,175
prop_educ_HS,,,175
prop_educ_SomeCollege,,,175
prop_female,0.0038739636420693697,0.9808219661863382,175
prop_married,0.13500955843938928,0.4000053657201259,175
age_mean,-0.23120375166829152,0.1458261777359219,176
age_sd,-0.2993329749052274,0.057270252788400686,176
age_sq_mean,-0.26630674474930915,0.09237383175676146,176
age_sq_sd,-0.3546388047695032,0.022901197436863793,176
english_mean,-0.4376122786988052,0.004219378439590684,176
entry_recency_mean,-0.01644724846414695,0.9187061040748383,176
entry_recency_sd,0.2543590782715029,0.10852779869378303,176
hours_mean,0.03235404722869587,0.8408450111377989,176
hours_sd,-0.03591573011209398,0.8235878759137097,176
prop_educ_<HS,,,176
prop_educ_BAplus,0.5435213086573434,0.000240235954688598,176
prop_educ_HS,,,176
prop_educ_SomeCollege,,,176
prop_female,0.022695595426062136,0.887991143625271,176
prop_married,0.15801099479260758,0.3237939327632528,176
age_mean,-0.3379376600985919,0.030698320127490523,177
age_sd,-0.38181117931577463,0.01376647803471595,177
age_sq_mean,-0.3601431764621563,0.020725741980124963,177
age_sq_sd,-0.4124783930319844,0.007363186813297815,177
english_mean,-0.37948112183320826,0.01440396166089954,177
entry_recency_mean,-0.06622352888342452,0.6807967810907916,177
entry_recency_sd,0.27871342380259057,0.0776311221240692,177
hours_mean,0.17554800044910507,0.27227153718948716,177
hours_sd,0.07703429579582491,0.6321389980773503,177
prop_educ_<HS,,,177
prop_educ_BAplus,0.525945388656902,0.00041300266793460984,177
prop_educ_HS,,,177
prop_educ_SomeCollege,,,177
prop_female,-0.06321832852121502,0.6945635371531251,177
prop_married,0.10946236261293923,0.4956961708762891,177
age_mean,-0.27264495851516596,0.08459350256552019,178
age_sd,-0.3663187854975687,0.018493732854892808,178
age_sq_mean,-0.2742575038609191,0.08269777794427641,178
age_sq_sd,-0.36984135515873545,0.01731367733070301,178
english_mean,-0.4505408862574797,0.0031165838679304593,178
entry_recency_mean,-0.22380664485491278,0.15952822758013904,178
entry_recency_sd,0.38780308034969097,0.012236068760058753,178
hours_mean,0.17774631881198152,0.2662170667645409,178
hours_sd,0.048844632344132645,0.7616862795460607,178
prop_educ_<HS,,,178
prop_educ_BAplus,0.5013595668157936,0.0008402551582275847,178
prop_educ_HS,,,178
prop_educ_SomeCollege,,,178
prop_female,-0.06827807190470898,0.6714431119054997,178
prop_married,0.05690848140912834,0.7237812770787303,178
age_mean,-0.214052508295801,0.17899533732885123,179
age_sd,-0.34511536803142095,0.027114380974046365,179
age_sq_mean,-0.21729162539092253,0.17235130384470093,179
age_sq_sd,-0.3589199827526778,0.021193583413607955,179
english_mean,-0.3596535614882898,0.020911958777052517,179
entry_recency_mean,-0.13634206064519894,0.39532714668339897,179
entry_recency_sd,0.3484961841533596,0.025550627211866055,179
hours_mean,0.04939257737769234,0.7590919931934259,179
hours_sd,-0.035825222291760966,0.8240254285680871,179
prop_educ_<HS,,,179
prop_educ_BAplus,0.49738944878739877,0.0009377470698066652,179
prop_educ_HS,,,179
prop_educ_SomeCollege,,,179
prop_female,-0.09652292942382379,0.5482800568889302,179
prop_married,0.1709195802376349,0.28531273364814597,179
age_mean,-0.3185802896468289,0.042350491048133446,180
age_sd,-0.38023850168930234,0.014194060774310485,180
age_sq_mean,-0.3402225931935072,0.029517318005734067,180
age_sq_sd,-0.3888008576556515,0.011995845334731135,180
english_mean,-0.4673090312791081,0.002066964149257018,180
entry_recency_mean,-0.032258083828266955,0.8413110311500973,180
entry_recency_sd,0.3201551572610054,0.04128490481080428,180
hours_mean,0.10697003609576188,0.5056192524416533,180
hours_sd,0.0432486347279882,0.7883237719193561,180
prop_educ_<HS,,,180
prop_educ_BAplus,0.5166761749158258,0.0005432317675124028,180
prop_educ_HS,,,180
prop_educ_SomeCollege,,,180
prop_female,-0.013829230258284411,0.9316128096843612,180
prop_married,0.09113768071087522,0.5709177140572086,180
age_mean,-0.24292306520327644,0.12592017819158718,181
age_sd,-0.24988100065059846,0.11510650550449036,181
age_sq_mean,-0.27032580979473836,0.08737893505878791,181
age_sq_sd,-0.26639411572855765,0.09226295424326574,181
english_mean,-0.5118897260445595,0.0006239303255352104,181
entry_recency_mean,-0.06616534436775316,0.6810623726266616,181
entry_recency_sd,0.4050266603642226,0.008617450272018195,181
hours_mean,0.13864146454350626,0.3873294341935004,181
hours_sd,0.04853669298602251,0.7631453737899866,181
prop_educ_<HS,,,181
prop_educ_BAplus,0.5356125608227129,0.00030769498041668573,181
prop_educ_HS,,,181
prop_educ_SomeCollege,,,181
prop_female,0.026508468564402,0.8693244606643229,181
prop_married,0.0895529765273947,0.5776596903895288,181
age_mean,-0.25934267416530565,0.10154687935973196,182
age_sd,-0.3092932665395519,0.049097488024532586,182
age_sq_mean,-0.2724227132967014,0.08485740339556269,182
age_sq_sd,-0.3203020099248581,0.04118666372184747,182
english_mean,-0.45903205500974475,0.002537929388862077,182
entry_recency_mean,0.07135379064490767,0.6575316651044708,182
entry_recency_sd,0.18287156906076935,0.25244953603638554,182
hours_mean,0.05517676703055972,0.7318701701001563,182
hours_sd,-0.007078282576836039,0.9649665860292557,182
prop_educ_<HS,,,182
prop_educ_BAplus,0.5452991709652514,0.000227042583475378,182
prop_educ_HS,,,182
prop_educ_SomeCollege,,,182
prop_female,-0.027573768608089046,0.8641211132942638,182
prop_married,0.1814674627169951,0.2561728996153555,182
age_mean,-0.2262330272702456,0.1549343949182629,183
age_sd,-0.21362204426248715,0.17989188765401457,183
age_sq_mean,-0.2358142729915963,0.13773582194418293,183
age_sq_sd,-0.25040522652608926,0.11432115665125639,183
english_mean,-0.40392370526477794,0.008817855956753936,183
entry_recency_mean,0.02496726093764374,0.8768619071390218,183
entry_recency_sd,0.3626648417608632,0.01978852216093,183
hours_mean,0.22345651849995649,0.16019920292131826,183
hours_sd,0.19247826728435963,0.22794827439379448,183
prop_educ_<HS,,,183
prop_educ_BAplus,0.5167514593600478,0.0005420408204770403,183
prop_educ_HS,,,183
prop_educ_SomeCollege,,,183
prop_female,0.17420705293488303,0.2760088062917126,183
prop_married,0.17476158023585672,0.2744592624575866,183
age_mean,-0.2293351023834529,0.14920285701784383,184
age_sd,-0.22384444883455706,0.15945590312935395,184
age_sq_mean,-0.2235823358968117,0.1599578533580496,184
age_sq_sd,-0.2161558026606925,0.1746605941601077,184
english_mean,-0.5049666169497155,0.0007596177093181327,184
entry_recency_mean,0.16085046835410668,0.3150629141681019,184
entry_recency_sd,0.3576124619943917,0.021703417739545768,184
hours_mean,0.12904822323433876,0.4213227803590489,184
hours_sd,0.06937255752327805,0.6664800564954819,184
prop_educ_<HS,,,184
prop_educ_BAplus,0.5357087603240688,0.00030678132944192795,184
prop_educ_HS,,,184
prop_educ_SomeCollege,,,184
prop_female,0.13506093793523888,0.3998243892550002,184
prop_married,0.11394468589206669,0.4781046917568812,184
age_mean,-0.21181493167364823,0.18369064367098262,185
age_sd,-0.21126302782277873,0.18486210578410747,185
age_sq_mean,-0.2198253837891279,0.1672790597640745,185
age_sq_sd,-0.24481348385418772,0.12290974452275666,185
english_mean,-0.4198181989910647,0.006284840632710304,185
entry_recency_mean,-0.0026238735373861136,0.9870098791219659,185
entry_recency_sd,0.2988041084397856,0.05773287469375107,185
hours_mean,0.1360100480101337,0.39648981121958893,185
hours_sd,0.03574563023241425,0.8244102533102959,185
prop_educ_<HS,,,185
prop_educ_BAplus,0.5365824536573429,0.00029859447212440577,185
prop_educ_HS,,,185
prop_educ_SomeCollege,,,185
prop_female,-0.061471990861686795,0.7026085192557777,185
prop_married,0.1421041121940425,0.3754663091079746,185
age_mean,-0.2546974978474449,0.10804249966908812,186
age_sd,-0.280111359470566,0.07609268576770249,186
age_sq_mean,-0.26927735804375685,0.08866129062565206,186
age_sq_sd,-0.30754584695458276,0.05045893896732412,186
english_mean,-0.48474802980322146,0.0013186468024668457,186
entry_recency_mean,-0.07295960777909649,0.6503132467274311,186
entry_recency_sd,0.3087354610365646,0.049528828916864734,186
hours_mean,0.08395296147158665,0.6017679475152019,186
hours_sd,0.03416205288614825,0.8320751118634421,186
prop_educ_<HS,,,186
prop_educ_BAplus,0.5580652966792905,0.00014992017582274252,186
prop_educ_HS,,,186
prop_educ_SomeCollege,,,186
prop_female,-0.1442169082364779,0.3683350008745992,186
prop_married,0.1986734030208229,0.2130408913602262,186
age_mean,-0.24554453712993052,0.12176016298277467,187
age_sd,-0.2530263559035431,0.11045506925244401,187
age_sq_mean,-0.25687067899047533,0.10496535994393508,187
age_sq_sd,-0.25888021151318996,0.10217984655746126,187
english_mean,-0.41225932242037916,0.007397681517002812,187
entry_recency_mean,-0.17541581540937723,0.27263845568708467,187
entry_recency_sd,0.2593072647448643,0.10159523750594165,187
hours_mean,0.05192550753631221,0.7471338868799073,187
hours_sd,0.012582517097594096,0.9377653284903411,187
prop_educ_<HS,,,187
prop_educ_BAplus,0.528687857295826,0.0003802568003439075,187
prop_educ_HS,,,187
prop_educ_SomeCollege,,,187
prop_female,-0.0218020557949079,0.8923746728479103,187
prop_married,0.046709771971863406,0.7718182638421031,187
age_mean,-0.2945043412727509,0.06160578636236675,188
age_sd,-0.25765701780371153,0.10386855996351037,188
age_sq_mean,-0.29365386125407744,0.06239576625399726,188
age_sq_sd,-0.27871342380259057,0.0776311221240692,188
english_mean,-0.4299346772729709,0.005023772378450555,188
entry_recency_mean,-0.08204336015016427,0.6100873321389823,188
entry_recency_sd,0.33077165606210035,0.03465754138938524,188
hours_mean,0.01390228301631057,0.9312524132387955,188
hours_sd,-0.046227302261065,0.7741133072198463,188
prop_educ_<HS,,,188
prop_educ_BAplus,0.5525843437631147,0.0001795311903905033,188
prop_educ_HS,,,188
prop_educ_SomeCollege,,,188
prop_female,-0.0017183148197130443,0.9914928604089343,188
prop_married,0.03970694910342224,0.8053084143425295,188
age_mean,-0.27289522756468787,0.08429708954915123,189
age_sd,-0.3287769949119588,0.03583122005534633,189
age_sq_mean,-0.27434487484016756,0.0825960165169217,189
age_sq_sd,-0.3223989134268211,0.03980451959691603,189
english_mean,-0.44433816462448067,0.0036093665505480457,189
entry_recency_mean,0.03946796552920448,0.806457772943798,189
entry_recency_sd,0.3636855386244736,0.019419404804717107,189
hours_mean,0.024969440057083857,0.8768512421753538,189
hours_sd,-0.02800727859106112,0.8620052860562615,189
prop_educ_<HS,,,189
prop_educ_BAplus,0.5086637264875198,0.0006841993627302009,189
prop_educ_HS,,,189
prop_educ_SomeCollege,,,189
prop_female,-0.01384199807419968,0.9315498203225804,189
prop_married,0.11924620153318446,0.45772932672042377,189
age_mean,-0.353040266795279,0.023567558566817005,190
age_sd,-0.3993727461447153,0.009687627728150303,190
age_sq_mean,-0.3716761457229531,0.016724583995567917,190
age_sq_sd,-0.3815490663780292,0.01383697342761319,190
english_mean,-0.42848417098858665,0.005189851322261914,190
entry_recency_mean,0.003630801166827509,0.9820255383035399,190
entry_recency_sd,0.27264878589876046,0.08458896340659659,190
hours_mean,0.015786283468664224,0.9219628185223256,190
hours_sd,-0.009919198608553084,0.950920303482662,190
prop_educ_<HS,,,190
prop_educ_BAplus,0.5397194959943125,0.00027079326861955376,190
prop_educ_HS,,,190
prop_educ_SomeCollege,,,190
prop_female,0.06070004473473867,0.7061749906469985,190
prop_married,0.08014247317687263,0.6184171143205452,190
age_mean,-0.34287359090943914,0.028194414869427458,191
age_sd,-0.36346327367359776,0.019499286949028437,191
age_sq_mean,-0.35787153100169633,0.021601593830018334,191
age_sq_sd,-0.37980164679306005,0.014314812335980406,191
english_mean,-0.4490341443734647,0.003230526521509064,191
entry_recency_mean,0.008570946149191657,0.9575848713348801,191
entry_recency_sd,0.2501758042003527,0.11466435673339503,191
hours_mean,0.07686956473728476,0.6328697096714229,191
hours_sd,0.08235073472425962,0.6087449108423253,191
prop_educ_<HS,,,191
prop_educ_BAplus,0.515149137957545,0.0005678992279787903,191
prop_educ_HS,,,191
prop_educ_SomeCollege,,,191
prop_female,-0.1026954190693787,0.5228693605598402,191
prop_married,0.06190358784592736,0.7006172290932524,191
age_mean,-0.2793543467157703,0.076922788542429,192
age_sd,-0.2746069877779129,0.08229131729997842,192
age_sq_mean,-0.3018798816682408,0.055083684957495056,192
age_sq_sd,-0.323709478115548,0.03896004897309532,192
english_mean,-0.4318851668406858,0.004807734246728182,192
entry_recency_mean,-0.0397343457191824,0.8051766798658211,192
entry_recency_sd,0.2538021736988908,0.1093300136027711,192
hours_mean,0.1703173970411398,0.28703879949553424,192
hours_sd,0.07679909075939723,0.6331824223425683,192
prop_educ_<HS,,,192
prop_educ_BAplus,0.5241174345133209,0.00043621133082357496,192
prop_educ_HS,,,192
prop_educ_SomeCollege,,,192
prop_female,0.013685493208622364,0.9323219573206801,192
prop_married,0.08936434680270455,0.5784645899292941,192
age_mean,-0.2223978908400953,0.16224040207650509,193
age_sd,-0.33314554387438183,0.03330202747201885,193
age_sq_mean,-0.24699775833539928,0.11949898654564924,193
age_sq_sd,-0.34703752957488715,0.026215859988916543,193
english_mean,-0.4560772127619279,0.0027275693285081968,193
entry_recency_mean,-0.01858252701669999,0.9081943514553789,193
entry_recency_sd,0.3906430082702329,0.011562875198422312,193
hours_mean,0.17774135899400437,0.2662306257454526,193
hours_sd,0.053696483297630715,0.7388074334590415,193
prop_educ_<HS,,,193
prop_educ_BAplus,0.4996714537003839,0.0008805476088147491,193
prop_educ_HS,,,193
prop_educ_SomeCollege,,,193
prop_female,-0.06578061604696346,0.6828194750418687,193
prop_married,0.168887414003377,0.2911647106384257,193
age_mean,-0.23918646352033207,0.13203245009610107,194
age_sd,-0.32257365538531807,0.03969106882371932,194
age_sq_mean,-0.2579740522794446,0.10342883776673178,194
age_sq_sd,-0.3497460299315894,0.024991841144977205,194
english_mean,-0.40646910071205355,0.008361271760747399,194
entry_recency_mean,0.07787557802145494,0.6284126441442089,194
entry_recency_sd,0.2954707053160725,0.06071784302586112,194
hours_mean,-0.014644848051535377,0.9275898443857902,194
hours_sd,-0.002839804206054223,0.9859409643758229,194
prop_educ_<HS,,,194
prop_educ_BAplus,0.48924927196052287,0.0011696644522740064,194
prop_educ_HS,,,194
prop_educ_SomeCollege,,,194
prop_female,0.11316534661334925,0.48113955539462167,194
prop_married,0.14460616784414812,0.3670300316653735,194
age_mean,-0.2530373769352317,0.11043902577496743,195
age_sd,-0.26831627727202373,0.08984954004446498,195
age_sq_mean,-0.25107144427603184,0.1133289437301498,195
age_sq_sd,-0.2776649720516091,0.07880084058899588,195
english_mean,-0.448182922288653,0.003296495740060684,195
entry_recency_mean,0.019676475344903122,0.9028148243255147,195
entry_recency_sd,0.2901969422806047,0.06568998219556739,195
hours_mean,0.08129751179927669,0.6133499724926332,195
hours_sd,0.01830740987465618,0.9095478955621715,195
prop_educ_<HS,,,195
prop_educ_BAplus,0.5647447304717972,0.00011983844398929649,195
prop_educ_HS,,,195
prop_educ_SomeCollege,,,195
prop_female,0.10172019036057516,0.5268451373413788,195
prop_married,-0.029768237741819317,0.8534205207107715,195
age_mean,-0.2624852872303658,0.09732477501794201,196
age_sd,-0.37420990412115845,0.01593893554954838,196
age_sq_mean,-0.27836393988559677,0.0780195086658868,196
age_sq_sd,-0.38390808281773764,0.013213405016178428,196
english_mean,-0.44523735883363963,0.003533959066622699,196
entry_recency_mean,-0.032449985731035115,0.8403791656037497,196
entry_recency_sd,0.25331053518003677,0.11004195017479523,196
hours_mean,0.15398105867084205,0.3364427779904604,196
hours_sd,0.09148937024022677,0.5694263806751196,196
prop_educ_<HS,,,196
prop_educ_BAplus,0.5076046699580883,0.0007050885524244024,196
prop_educ_HS,,,196
prop_educ_SomeCollege,,,196
prop_female,0.15326345884767542,0.33872672707063006,196
prop_married,0.15470218767312058,0.3341572113266931,196
age_mean,-0.17737348791365457,0.26723757240228796,197
age_sd,-0.19308986413909882,0.22644562440409896,197
age_sq_mean,-0.19999217149972726,0.20995695627599836,197
age_sq_sd,-0.21449575405497176,0.1780755072269512,197
english_mean,-0.4183954394570435,0.006482488034027253,197
entry_recency_mean,-0.03836233218898105,0.8117803576363956,197
entry_recency_sd,0.27302630116102067,0.08414217150616857,197
hours_mean,0.19483355559180462,0.22219882755245682,197
hours_sd,0.23651324082558392,0.13653892366672607,197
prop_educ_<HS,,,197
prop_educ_BAplus,0.4833151967746058,0.0013694776429948165,197
prop_educ_HS,,,197
prop_educ_SomeCollege,,,197
prop_female,-0.06518328819263088,0.6855508191906002,197
prop_married,0.14468961831738855,0.3667506299144222,197
age_mean,-0.2975241022035271,0.05886490855277719,198
age_sd,-0.3573473051262055,0.021808049678831654,198
age_sq_mean,-0.32222417146832416,0.039918234591862015,198
age_sq_sd,-0.38915034157264533,0.011912659366635946,198
english_mean,-0.35042262618691816,0.024693611417610974,198
entry_recency_mean,-0.04846689175073091,0.763476222269822,198
entry_recency_sd,0.28648944095570367,0.06937451229295256,198
hours_mean,0.17074615119638023,0.28580914849948347,198
hours_sd,0.11809216567637794,0.46212433040763007,198
prop_educ_<HS,,,198
prop_educ_BAplus,0.5187278347594464,0.0005115998207806415,198
prop_educ_HS,,,198
prop_educ_SomeCollege,,,198
prop_female,0.05753181211529185,0.7208768671467874,198
prop_married,0.0409798893174513,0.7991932482044934,198
age_mean,-0.29411633715626206,0.06196519669356023,199
age_sd,-0.4514458497767981,0.003049853871385088,199
age_sq_mean,-0.3127881057094904,0.04646345572020371,199
age_sq_sd,-0.4703179812944656,0.0019159124427764462,199
english_mean,-0.43974307103946286,0.004017071791146546,199
entry_recency_mean,-0.05817268681155046,0.7178947399974084,199
entry_recency_sd,0.26244159793488797,0.09738253239828158,199
hours_mean,0.121056267932934,0.450881560373184,199
hours_sd,0.07877179974639638,0.6244529299065682,199
prop_educ_<HS,,,199
prop_educ_BAplus,0.4986622137353458,0.0009054498925739584,199
prop_educ_HS,,,199
prop_educ_SomeCollege,,,199
prop_female,-0.25364759231023243,0.10955348311625396,199
prop_married,0.14707117460844302,0.3588307011663449,199
