method,25,50,75,overall_coverage,mean_width,median_width,prop_infinite,target_coverage,coverage_diff
HCP,1.0,1.0,1.0,1.0,56.8587,56.8587,0.0,0.8,0.19999999999999996
HCP++,1.0,0.6667,0.5333,0.7333,47.2759,48.5654,0.0,0.8,-0.06670000000000009
HCP.sample,1.0,1.0,0.8667,0.9556,52.4581,52.0831,0.0,0.8,0.15559999999999996
Pooling,1.0,0.8,0.8667,0.8889,45.5129,45.5129,0.0,0.8,0.08889999999999998
Repeated,1.0,1.0,1.0,1.0,56.6264,56.8587,0.0,0.8,0.19999999999999996
Subsampling,1.0,0.8,1.0,0.9333,57.9845,59.3951,0.0,0.8,0.13329999999999997
