tau_B,alpha,experiment,o,method,coverage_mean,width_mean,width_median,width_std,n_infinite,base_seed
0.0,0.05,0,0,Donor-HCP-no-within,1.0,,,,100,12345
0.0,0.05,0,0,Donor-HCP-within,1.0,,,,100,12345
0.0,0.05,0,0,HCP,1.0,,,,100,12345
0.0,0.05,0,0,Pooling,0.97,8.466092647319034,8.466092647319034,1.4170425459125113e-15,0,12345
0.0,0.05,0,0,Repeated,1.0,,,,100,12345
0.0,0.05,0,0,S-HCP-within,1.0,,,,100,12345
0.0,0.05,0,0,Std-CP,1.0,,,,100,12345
0.0,0.05,0,0,Subsampling,1.0,,,,100,12345
0.0,0.05,0,5,Donor-HCP-no-within,1.0,,,,100,12345
0.0,0.05,0,5,Donor-HCP-within,1.0,,,,100,12345
0.0,0.05,0,5,HCP,1.0,,,,100,12345
0.0,0.05,0,5,Pooling,0.97,8.466092647319034,8.466092647319034,1.4170425459125113e-15,0,12345
0.0,0.05,0,5,Repeated,1.0,,,,100,12345
0.0,0.05,0,5,S-HCP-within,1.0,15.481640879760896,15.047993448927059,1.3593508783401838,0,12345
0.0,0.05,0,5,Std-CP,0.8,5.685095362822427,4.931801244637612,3.567612001525189,0,12345
0.0,0.05,0,5,Subsampling,1.0,,,,100,12345
0.0,0.05,0,10,Donor-HCP-no-within,0.99,11.960671477503858,11.794872051027795,0.6214990295680565,0,12345
0.0,0.05,0,10,Donor-HCP-within,1.0,,,,100,12345
0.0,0.05,0,10,HCP,1.0,,,,100,12345
0.0,0.05,0,10,Pooling,0.97,8.466092647319034,8.466092647319034,1.4170425459125113e-15,0,12345
0.0,0.05,0,10,Repeated,1.0,,,,100,12345
0.0,0.05,0,10,S-HCP-within,1.0,15.253793902922316,15.047993448927059,1.0974092771331405,0,12345
0.0,0.05,0,10,Std-CP,0.83,32.18211320288705,12.501974342435368,67.66704618450457,0,12345
0.0,0.05,0,10,Subsampling,1.0,,,,100,12345
0.0,0.05,0,15,Donor-HCP-no-within,0.98,8.789205206957634,8.591896988442826,0.5859930006552654,0,12345
0.0,0.05,0,15,Donor-HCP-within,0.99,9.308682190657759,9.44101572440087,0.45730354935202266,0,12345
0.0,0.05,0,15,HCP,1.0,,,,100,12345
0.0,0.05,0,15,Pooling,0.97,8.466092647319034,8.466092647319034,1.4170425459125113e-15,0,12345
0.0,0.05,0,15,Repeated,1.0,,,,100,12345
0.0,0.05,0,15,S-HCP-within,1.0,15.460792966655367,15.130356237507728,0.9079192890775715,0,12345
0.0,0.05,0,15,Std-CP,0.98,9.024067419549517,8.046044921913946,5.605342527177212,0,12345
0.0,0.05,0,15,Subsampling,1.0,,,,100,12345
0.0,0.05,0,20,Donor-HCP-no-within,0.94,7.779178341711023,7.654526296981207,0.45974533969997916,0,12345
0.0,0.05,0,20,Donor-HCP-within,0.96,6.522056130349809,6.550882912931961,0.2907682720430239,0,12345
0.0,0.05,0,20,HCP,1.0,,,,100,12345
0.0,0.05,0,20,Pooling,0.97,8.466092647319034,8.466092647319034,1.4170425459125113e-15,0,12345
0.0,0.05,0,20,Repeated,1.0,,,,100,12345
0.0,0.05,0,20,S-HCP-within,1.0,14.9895810410608,14.784822231866436,0.8049474314509323,0,12345
0.0,0.05,0,20,Std-CP,0.94,7.38158139140741,7.1017001463584855,2.735661872457443,0,12345
0.0,0.05,0,20,Subsampling,1.0,,,,100,12345
0.0,0.05,0,25,Donor-HCP-no-within,0.97,8.046636261327562,7.415009189608159,2.3499763930409627,0,12345
0.0,0.05,0,25,Donor-HCP-within,1.0,,,,100,12345
0.0,0.05,0,25,HCP,1.0,,,,100,12345
0.0,0.05,0,25,Pooling,0.97,8.466092647319034,8.466092647319034,1.4170425459125113e-15,0,12345
0.0,0.05,0,25,Repeated,1.0,,,,100,12345
0.0,0.05,0,25,S-HCP-within,1.0,,,,100,12345
0.0,0.05,0,25,Std-CP,0.94,6.8805359854809724,6.14892432058055,2.684248270204289,0,12345
0.0,0.05,0,25,Subsampling,1.0,,,,100,12345
0.0,0.05,0,30,Donor-HCP-no-within,0.98,8.32846953770379,8.169142914860139,2.281034990966871,0,12345
0.0,0.05,0,30,Donor-HCP-within,1.0,,,,100,12345
0.0,0.05,0,30,HCP,1.0,,,,100,12345
0.0,0.05,0,30,Pooling,0.97,8.466092647319034,8.466092647319034,1.4170425459125113e-15,0,12345
0.0,0.05,0,30,Repeated,1.0,,,,100,12345
0.0,0.05,0,30,S-HCP-within,1.0,,,,100,12345
0.0,0.05,0,30,Std-CP,0.94,6.61013824326916,6.296607673025345,2.2868525162910327,0,12345
0.0,0.05,0,30,Subsampling,1.0,,,,100,12345
0.0,0.05,0,35,Donor-HCP-no-within,0.98,8.520653297224754,8.528041466981113,2.216889808644349,0,12345
0.0,0.05,0,35,Donor-HCP-within,1.0,,,,100,12345
0.0,0.05,0,35,HCP,1.0,,,,100,12345
0.0,0.05,0,35,Pooling,0.97,8.466092647319034,8.466092647319034,1.4170425459125113e-15,0,12345
0.0,0.05,0,35,Repeated,1.0,,,,100,12345
0.0,0.05,0,35,S-HCP-within,1.0,,,,100,12345
0.0,0.05,0,35,Std-CP,0.92,6.577109628967841,6.198099584864709,1.8640089635933925,0,12345
0.0,0.05,0,35,Subsampling,1.0,,,,100,12345
0.0,0.05,1,0,Donor-HCP-no-within,1.0,,,,100,12345
0.0,0.05,1,0,Donor-HCP-within,1.0,,,,100,12345
0.0,0.05,1,0,HCP,1.0,,,,100,12345
0.0,0.05,1,0,Pooling,0.82,6.978220404850397,6.978220404850397,7.361004375023832e-16,0,12345
0.0,0.05,1,0,Repeated,1.0,,,,100,12345
0.0,0.05,1,0,S-HCP-within,1.0,,,,100,12345
0.0,0.05,1,0,Std-CP,1.0,,,,100,12345
0.0,0.05,1,0,Subsampling,1.0,,,,100,12345
0.0,0.05,1,5,Donor-HCP-no-within,1.0,,,,100,12345
0.0,0.05,1,5,Donor-HCP-within,1.0,,,,100,12345
0.0,0.05,1,5,HCP,1.0,,,,100,12345
0.0,0.05,1,5,Pooling,0.82,6.978220404850397,6.978220404850397,7.361004375023832e-16,0,12345
0.0,0.05,1,5,Repeated,1.0,,,,100,12345
0.0,0.05,1,5,S-HCP-within,0.86,9.60220887795808,9.070986487020281,1.7111331384232573,0,12345
0.0,0.05,1,5,Std-CP,0.76,6.283155196086101,5.371700331004822,4.107573998790717,0,12345
0.0,0.05,1,5,Subsampling,1.0,,,,100,12345
0.0,0.05,1,10,Donor-HCP-no-within,0.99,11.776621535457636,11.424253064936273,1.463749724206086,0,12345
0.0,0.05,1,10,Donor-HCP-within,1.0,,,,100,12345
0.0,0.05,1,10,HCP,1.0,,,,100,12345
0.0,0.05,1,10,Pooling,0.82,6.978220404850397,6.978220404850397,7.361004375023832e-16,0,12345
0.0,0.05,1,10,Repeated,1.0,,,,100,12345
0.0,0.05,1,10,S-HCP-within,0.87,9.316938257274469,8.882417090426227,1.5934752321474672,0,12345
0.0,0.05,1,10,Std-CP,0.85,43.63892295898375,16.809075985665157,74.63913883139152,0,12345
0.0,0.05,1,10,Subsampling,1.0,,,,100,12345
0.0,0.05,1,15,Donor-HCP-no-within,0.95,9.260867243055301,9.10946236266859,1.1539800430397378,0,12345
0.0,0.05,1,15,Donor-HCP-within,0.96,7.772871585685789,8.130435062495959,0.6818569445405515,0,12345
0.0,0.05,1,15,HCP,1.0,,,,100,12345
0.0,0.05,1,15,Pooling,0.82,6.978220404850397,6.978220404850397,7.361004375023832e-16,0,12345
0.0,0.05,1,15,Repeated,1.0,,,,100,12345
0.0,0.05,1,15,S-HCP-within,0.87,9.430201593676514,8.91801286765521,1.4798442754881924,0,12345
0.0,0.05,1,15,Std-CP,0.88,9.504520859200392,7.555842464675263,7.862877186212646,0,12345
0.0,0.05,1,15,Subsampling,1.0,,,,100,12345
0.0,0.05,1,20,Donor-HCP-no-within,0.89,7.991448837645224,7.878392346665695,1.0342822477609384,0,12345
0.0,0.05,1,20,Donor-HCP-within,0.9,5.943604932617379,5.8846963512398105,0.5253404961844826,0,12345
0.0,0.05,1,20,HCP,1.0,,,,100,12345
0.0,0.05,1,20,Pooling,0.82,6.978220404850397,6.978220404850397,7.361004375023832e-16,0,12345
0.0,0.05,1,20,Repeated,1.0,,,,100,12345
0.0,0.05,1,20,S-HCP-within,0.85,9.035268799920892,8.400158143430602,1.4474983088020128,0,12345
0.0,0.05,1,20,Std-CP,0.91,6.958035889973643,6.46072662243678,3.3679251706926303,0,12345
0.0,0.05,1,20,Subsampling,1.0,,,,100,12345
0.0,0.05,1,25,Donor-HCP-no-within,0.92,7.351526583640262,6.548903947195631,2.74710778229594,0,12345
0.0,0.05,1,25,Donor-HCP-within,1.0,,,,100,12345
0.0,0.05,1,25,HCP,1.0,,,,100,12345
0.0,0.05,1,25,Pooling,0.82,6.978220404850397,6.978220404850397,7.361004375023832e-16,0,12345
0.0,0.05,1,25,Repeated,1.0,,,,100,12345
0.0,0.05,1,25,S-HCP-within,1.0,,,,100,12345
0.0,0.05,1,25,Std-CP,0.93,6.4837670946281785,6.163388364375725,2.3911099296050478,0,12345
0.0,0.05,1,25,Subsampling,1.0,,,,100,12345
0.0,0.05,1,30,Donor-HCP-no-within,0.94,7.560721028016434,6.6459957420956,2.735083697129816,0,12345
0.0,0.05,1,30,Donor-HCP-within,1.0,,,,100,12345
0.0,0.05,1,30,HCP,1.0,,,,100,12345
0.0,0.05,1,30,Pooling,0.82,6.978220404850397,6.978220404850397,7.361004375023832e-16,0,12345
0.0,0.05,1,30,Repeated,1.0,,,,100,12345
0.0,0.05,1,30,S-HCP-within,1.0,,,,100,12345
0.0,0.05,1,30,Std-CP,0.96,6.201824332668586,5.845868919789863,2.1886895252186602,0,12345
0.0,0.05,1,30,Subsampling,1.0,,,,100,12345
0.0,0.05,1,35,Donor-HCP-no-within,0.94,7.703594538728274,6.725537598818075,2.751010153184729,0,12345
0.0,0.05,1,35,Donor-HCP-within,1.0,,,,100,12345
0.0,0.05,1,35,HCP,1.0,,,,100,12345
0.0,0.05,1,35,Pooling,0.82,6.978220404850397,6.978220404850397,7.361004375023832e-16,0,12345
0.0,0.05,1,35,Repeated,1.0,,,,100,12345
0.0,0.05,1,35,S-HCP-within,1.0,,,,100,12345
0.0,0.05,1,35,Std-CP,0.9,6.421536856323793,6.0415451229972765,2.059313558615839,0,12345
0.0,0.05,1,35,Subsampling,1.0,,,,100,12345
0.0,0.05,2,0,Donor-HCP-no-within,1.0,,,,100,12345
0.0,0.05,2,0,Donor-HCP-within,1.0,,,,100,12345
0.0,0.05,2,0,HCP,1.0,,,,100,12345
0.0,0.05,2,0,Pooling,0.88,12.706098945119031,12.706098945119031,3.5706115939831736e-16,0,12345
0.0,0.05,2,0,Repeated,1.0,,,,100,12345
0.0,0.05,2,0,S-HCP-within,1.0,,,,100,12345
0.0,0.05,2,0,Std-CP,1.0,,,,100,12345
0.0,0.05,2,0,Subsampling,1.0,,,,100,12345
0.0,0.05,2,5,Donor-HCP-no-within,1.0,,,,100,12345
0.0,0.05,2,5,Donor-HCP-within,1.0,,,,100,12345
0.0,0.05,2,5,HCP,1.0,,,,100,12345
0.0,0.05,2,5,Pooling,0.88,12.706098945119031,12.706098945119031,3.5706115939831736e-16,0,12345
0.0,0.05,2,5,Repeated,1.0,,,,100,12345
0.0,0.05,2,5,S-HCP-within,0.93,9.847615113767624,9.774533347715021,1.2921481903471832,0,12345
0.0,0.05,2,5,Std-CP,0.84,6.491836759627879,5.0229403381969675,5.040166661164472,0,12345
0.0,0.05,2,5,Subsampling,1.0,,,,100,12345
0.0,0.05,2,10,Donor-HCP-no-within,1.0,12.912704736110614,13.013825207240068,1.865592733766975,0,12345
0.0,0.05,2,10,Donor-HCP-within,1.0,,,,100,12345
0.0,0.05,2,10,HCP,1.0,,,,100,12345
0.0,0.05,2,10,Pooling,0.88,12.706098945119031,12.706098945119031,3.5706115939831736e-16,0,12345
0.0,0.05,2,10,Repeated,1.0,,,,100,12345
0.0,0.05,2,10,S-HCP-within,0.92,9.696859565713666,9.962797083860998,1.051375320586909,0,12345
0.0,0.05,2,10,Std-CP,0.87,30.481080166066864,13.8377673137063,50.92580567504652,0,12345
0.0,0.05,2,10,Subsampling,1.0,,,,100,12345
0.0,0.05,2,15,Donor-HCP-no-within,0.97,11.321558915450694,11.120890951088128,1.802158271063973,0,12345
0.0,0.05,2,15,Donor-HCP-within,0.99,9.637323746864405,9.64653552185709,0.5412323468493602,0,12345
0.0,0.05,2,15,HCP,1.0,,,,100,12345
0.0,0.05,2,15,Pooling,0.88,12.706098945119031,12.706098945119031,3.5706115939831736e-16,0,12345
0.0,0.05,2,15,Repeated,1.0,,,,100,12345
0.0,0.05,2,15,S-HCP-within,0.95,9.823965838049716,9.774533347715021,1.0028994856057067,0,12345
0.0,0.05,2,15,Std-CP,0.91,8.467744608741208,7.350334076899429,4.131002839010709,0,12345
0.0,0.05,2,15,Subsampling,1.0,,,,100,12345
0.0,0.05,2,20,Donor-HCP-no-within,0.94,10.729412500091769,10.983678031546077,2.1771833783406924,0,12345
0.0,0.05,2,20,Donor-HCP-within,0.96,7.3200166420310895,7.191262966835495,0.6075702143192704,0,12345
0.0,0.05,2,20,HCP,1.0,,,,100,12345
0.0,0.05,2,20,Pooling,0.88,12.706098945119031,12.706098945119031,3.5706115939831736e-16,0,12345
0.0,0.05,2,20,Repeated,1.0,,,,100,12345
0.0,0.05,2,20,S-HCP-within,0.95,9.614161563201801,9.706211448961099,0.9043910442507204,0,12345
0.0,0.05,2,20,Std-CP,0.96,6.812663890692563,6.018526540899138,2.954562477457716,0,12345
0.0,0.05,2,20,Subsampling,1.0,,,,100,12345
0.0,0.05,2,25,Donor-HCP-no-within,1.0,8.01842747487627,7.661455135246175,2.1522921098528935,0,12345
0.0,0.05,2,25,Donor-HCP-within,1.0,,,,100,12345
0.0,0.05,2,25,HCP,1.0,,,,100,12345
0.0,0.05,2,25,Pooling,0.88,12.706098945119031,12.706098945119031,3.5706115939831736e-16,0,12345
0.0,0.05,2,25,Repeated,1.0,,,,100,12345
0.0,0.05,2,25,S-HCP-within,1.0,,,,100,12345
0.0,0.05,2,25,Std-CP,0.94,6.9361478598661925,6.8017445575985525,2.311987838611891,0,12345
0.0,0.05,2,25,Subsampling,1.0,,,,100,12345
0.0,0.05,2,30,Donor-HCP-no-within,1.0,8.201695233020722,7.79763214823058,2.20328784772504,0,12345
0.0,0.05,2,30,Donor-HCP-within,1.0,,,,100,12345
0.0,0.05,2,30,HCP,1.0,,,,100,12345
0.0,0.05,2,30,Pooling,0.88,12.706098945119031,12.706098945119031,3.5706115939831736e-16,0,12345
0.0,0.05,2,30,Repeated,1.0,,,,100,12345
0.0,0.05,2,30,S-HCP-within,1.0,,,,100,12345
0.0,0.05,2,30,Std-CP,0.99,6.700587107592412,6.3418753065205795,2.22937166317642,0,12345
0.0,0.05,2,30,Subsampling,1.0,,,,100,12345
0.0,0.05,2,35,Donor-HCP-no-within,1.0,8.336119179079557,8.080584410532397,2.1864863702949062,0,12345
0.0,0.05,2,35,Donor-HCP-within,1.0,,,,100,12345
0.0,0.05,2,35,HCP,1.0,,,,100,12345
0.0,0.05,2,35,Pooling,0.88,12.706098945119031,12.706098945119031,3.5706115939831736e-16,0,12345
0.0,0.05,2,35,Repeated,1.0,,,,100,12345
0.0,0.05,2,35,S-HCP-within,1.0,,,,100,12345
0.0,0.05,2,35,Std-CP,1.0,6.576303240072206,6.412484557920808,1.934398942119349,0,12345
0.0,0.05,2,35,Subsampling,1.0,,,,100,12345
0.0,0.05,3,0,Donor-HCP-no-within,1.0,,,,100,12345
0.0,0.05,3,0,Donor-HCP-within,1.0,,,,100,12345
0.0,0.05,3,0,HCP,1.0,,,,100,12345
0.0,0.05,3,0,Pooling,0.95,7.376180026760335,7.376180026760334,1.1466334093198022e-15,0,12345
0.0,0.05,3,0,Repeated,1.0,,,,100,12345
0.0,0.05,3,0,S-HCP-within,1.0,,,,100,12345
0.0,0.05,3,0,Std-CP,1.0,,,,100,12345
0.0,0.05,3,0,Subsampling,1.0,,,,100,12345
0.0,0.05,3,5,Donor-HCP-no-within,1.0,,,,100,12345
0.0,0.05,3,5,Donor-HCP-within,1.0,,,,100,12345
0.0,0.05,3,5,HCP,1.0,,,,100,12345
0.0,0.05,3,5,Pooling,0.95,7.376180026760335,7.376180026760334,1.1466334093198022e-15,0,12345
0.0,0.05,3,5,Repeated,1.0,,,,100,12345
0.0,0.05,3,5,S-HCP-within,0.94,6.999843064775145,7.059428040362297,0.7067722013757206,0,12345
0.0,0.05,3,5,Std-CP,0.82,5.194650319270741,4.651601921200425,2.861331194499121,0,12345
0.0,0.05,3,5,Subsampling,1.0,,,,100,12345
0.0,0.05,3,10,Donor-HCP-no-within,1.0,10.391551671389331,10.131339384884349,1.0487576773389293,0,12345
0.0,0.05,3,10,Donor-HCP-within,1.0,,,,100,12345
0.0,0.05,3,10,HCP,1.0,,,,100,12345
0.0,0.05,3,10,Pooling,0.95,7.376180026760335,7.376180026760334,1.1466334093198022e-15,0,12345
0.0,0.05,3,10,Repeated,1.0,,,,100,12345
0.0,0.05,3,10,S-HCP-within,0.93,6.972067078711968,7.006029475366246,0.7560511458253574,0,12345
0.0,0.05,3,10,Std-CP,0.85,27.074946031697237,10.86599013510631,74.12474311126762,0,12345
0.0,0.05,3,10,Subsampling,1.0,,,,100,12345
0.0,0.05,3,15,Donor-HCP-no-within,0.97,8.558578146630946,8.664549796159534,0.4583763474139474,0,12345
0.0,0.05,3,15,Donor-HCP-within,1.0,9.195161184666592,9.144483623809066,0.5572579808762879,0,12345
0.0,0.05,3,15,HCP,1.0,,,,100,12345
0.0,0.05,3,15,Pooling,0.95,7.376180026760335,7.376180026760334,1.1466334093198022e-15,0,12345
0.0,0.05,3,15,Repeated,1.0,,,,100,12345
0.0,0.05,3,15,S-HCP-within,0.93,7.050546359925919,7.107612869313964,0.709979643445494,0,12345
0.0,0.05,3,15,Std-CP,0.91,9.518464509918072,7.44548271672085,6.486999242723131,0,12345
0.0,0.05,3,15,Subsampling,1.0,,,,100,12345
0.0,0.05,3,20,Donor-HCP-no-within,0.96,7.814196542910721,7.628416986533175,0.6669446154401888,0,12345
0.0,0.05,3,20,Donor-HCP-within,0.94,6.371121970914943,6.344090730518744,0.2727331450164547,0,12345
0.0,0.05,3,20,HCP,1.0,,,,100,12345
0.0,0.05,3,20,Pooling,0.95,7.376180026760335,7.376180026760334,1.1466334093198022e-15,0,12345
0.0,0.05,3,20,Repeated,1.0,,,,100,12345
0.0,0.05,3,20,S-HCP-within,0.9,6.700187792410255,6.561156316300206,0.503471738038542,0,12345
0.0,0.05,3,20,Std-CP,0.93,6.842359248936183,6.258264951159388,2.6613106525174692,0,12345
0.0,0.05,3,20,Subsampling,1.0,,,,100,12345
0.0,0.05,3,25,Donor-HCP-no-within,0.95,7.339572448483023,6.93888299325007,2.199924609939343,0,12345
0.0,0.05,3,25,Donor-HCP-within,1.0,,,,100,12345
0.0,0.05,3,25,HCP,1.0,,,,100,12345
0.0,0.05,3,25,Pooling,0.95,7.376180026760335,7.376180026760334,1.1466334093198022e-15,0,12345
0.0,0.05,3,25,Repeated,1.0,,,,100,12345
0.0,0.05,3,25,S-HCP-within,1.0,,,,100,12345
0.0,0.05,3,25,Std-CP,0.97,6.548099754647309,5.945633851557199,2.2917674991128494,0,12345
0.0,0.05,3,25,Subsampling,1.0,,,,100,12345
0.0,0.05,3,30,Donor-HCP-no-within,0.97,7.506623219610932,7.128843222605054,2.267058760216096,0,12345
0.0,0.05,3,30,Donor-HCP-within,1.0,,,,100,12345
0.0,0.05,3,30,HCP,1.0,,,,100,12345
0.0,0.05,3,30,Pooling,0.95,7.376180026760335,7.376180026760334,1.1466334093198022e-15,0,12345
0.0,0.05,3,30,Repeated,1.0,,,,100,12345
0.0,0.05,3,30,S-HCP-within,1.0,,,,100,12345
0.0,0.05,3,30,Std-CP,0.9,6.0177131968088995,5.860466535827127,1.8236516041617172,0,12345
0.0,0.05,3,30,Subsampling,1.0,,,,100,12345
0.0,0.05,3,35,Donor-HCP-no-within,0.99,7.711153888873274,7.414896497786593,2.282986673475549,0,12345
0.0,0.05,3,35,Donor-HCP-within,1.0,,,,100,12345
0.0,0.05,3,35,HCP,1.0,,,,100,12345
0.0,0.05,3,35,Pooling,0.95,7.376180026760335,7.376180026760334,1.1466334093198022e-15,0,12345
0.0,0.05,3,35,Repeated,1.0,,,,100,12345
0.0,0.05,3,35,S-HCP-within,1.0,,,,100,12345
0.0,0.05,3,35,Std-CP,0.91,6.4593254237605295,6.580688196461905,1.802403214485582,0,12345
0.0,0.05,3,35,Subsampling,1.0,,,,100,12345
0.0,0.05,4,0,Donor-HCP-no-within,1.0,,,,100,12345
0.0,0.05,4,0,Donor-HCP-within,1.0,,,,100,12345
0.0,0.05,4,0,HCP,1.0,,,,100,12345
0.0,0.05,4,0,Pooling,0.97,10.583188997749097,10.583188997749097,5.921189464667501e-16,0,12345
0.0,0.05,4,0,Repeated,1.0,,,,100,12345
0.0,0.05,4,0,S-HCP-within,1.0,,,,100,12345
0.0,0.05,4,0,Std-CP,1.0,,,,100,12345
0.0,0.05,4,0,Subsampling,1.0,,,,100,12345
0.0,0.05,4,5,Donor-HCP-no-within,1.0,,,,100,12345
0.0,0.05,4,5,Donor-HCP-within,1.0,,,,100,12345
0.0,0.05,4,5,HCP,1.0,,,,100,12345
0.0,0.05,4,5,Pooling,0.97,10.583188997749097,10.583188997749097,5.921189464667501e-16,0,12345
0.0,0.05,4,5,Repeated,1.0,,,,100,12345
0.0,0.05,4,5,S-HCP-within,0.96,8.554998489840832,8.439082345760465,0.9098895136175009,0,12345
0.0,0.05,4,5,Std-CP,0.78,6.245422455195236,4.8450992600176495,4.101848431382814,0,12345
0.0,0.05,4,5,Subsampling,1.0,,,,100,12345
0.0,0.05,4,10,Donor-HCP-no-within,1.0,12.963238388677617,12.637118953930155,1.1434268427226963,0,12345
0.0,0.05,4,10,Donor-HCP-within,1.0,,,,100,12345
0.0,0.05,4,10,HCP,1.0,,,,100,12345
0.0,0.05,4,10,Pooling,0.97,10.583188997749097,10.583188997749097,5.921189464667501e-16,0,12345
0.0,0.05,4,10,Repeated,1.0,,,,100,12345
0.0,0.05,4,10,S-HCP-within,0.97,8.499227721458318,8.307463606205125,0.7435212272677,0,12345
0.0,0.05,4,10,Std-CP,0.79,318.5123726954724,10.974306511719842,2890.459401327983,0,12345
0.0,0.05,4,10,Subsampling,1.0,,,,100,12345
0.0,0.05,4,15,Donor-HCP-no-within,0.97,10.015973316428227,10.460621079177635,1.2736741018260362,0,12345
0.0,0.05,4,15,Donor-HCP-within,0.98,8.12624679590468,8.0771771202797,0.5024954969059443,0,12345
0.0,0.05,4,15,HCP,1.0,,,,100,12345
0.0,0.05,4,15,Pooling,0.97,10.583188997749097,10.583188997749097,5.921189464667501e-16,0,12345
0.0,0.05,4,15,Repeated,1.0,,,,100,12345
0.0,0.05,4,15,S-HCP-within,0.97,8.4875237899681,8.439082345760465,0.4788526552287125,0,12345
0.0,0.05,4,15,Std-CP,0.92,8.465520207427325,6.969742046669042,4.634014485510644,0,12345
0.0,0.05,4,15,Subsampling,1.0,,,,100,12345
0.0,0.05,4,20,Donor-HCP-no-within,0.92,9.027555969468215,8.899380226827976,1.186154304995784,0,12345
0.0,0.05,4,20,Donor-HCP-within,0.94,7.127598008081499,7.159184864182247,0.32946356580713027,0,12345
0.0,0.05,4,20,HCP,1.0,,,,100,12345
0.0,0.05,4,20,Pooling,0.97,10.583188997749097,10.583188997749097,5.921189464667501e-16,0,12345
0.0,0.05,4,20,Repeated,1.0,,,,100,12345
0.0,0.05,4,20,S-HCP-within,0.95,8.180919931022558,8.030860716019951,0.37481785475776086,0,12345
0.0,0.05,4,20,Std-CP,0.91,7.064023437467042,6.673503240516049,3.212704751141605,0,12345
0.0,0.05,4,20,Subsampling,1.0,,,,100,12345
0.0,0.05,4,25,Donor-HCP-no-within,0.97,7.991108366860868,7.875756640024878,2.300367824276895,0,12345
0.0,0.05,4,25,Donor-HCP-within,1.0,,,,100,12345
0.0,0.05,4,25,HCP,1.0,,,,100,12345
0.0,0.05,4,25,Pooling,0.97,10.583188997749097,10.583188997749097,5.921189464667501e-16,0,12345
0.0,0.05,4,25,Repeated,1.0,,,,100,12345
0.0,0.05,4,25,S-HCP-within,1.0,,,,100,12345
0.0,0.05,4,25,Std-CP,0.93,6.687845660181739,6.400903691765114,2.6291149728602785,0,12345
0.0,0.05,4,25,Subsampling,1.0,,,,100,12345
0.0,0.05,4,30,Donor-HCP-no-within,0.98,8.16909808839892,8.030196703051192,2.3184577635347665,0,12345
0.0,0.05,4,30,Donor-HCP-within,1.0,,,,100,12345
0.0,0.05,4,30,HCP,1.0,,,,100,12345
0.0,0.05,4,30,Pooling,0.97,10.583188997749097,10.583188997749097,5.921189464667501e-16,0,12345
0.0,0.05,4,30,Repeated,1.0,,,,100,12345
0.0,0.05,4,30,S-HCP-within,1.0,,,,100,12345
0.0,0.05,4,30,Std-CP,0.88,6.591077062542645,6.334928661670647,2.3864610648253866,0,12345
0.0,0.05,4,30,Subsampling,1.0,,,,100,12345
0.0,0.05,4,35,Donor-HCP-no-within,0.98,8.36574814995684,8.178673243762786,2.291190761535012,0,12345
0.0,0.05,4,35,Donor-HCP-within,1.0,,,,100,12345
0.0,0.05,4,35,HCP,1.0,,,,100,12345
0.0,0.05,4,35,Pooling,0.97,10.583188997749097,10.583188997749097,5.921189464667501e-16,0,12345
0.0,0.05,4,35,Repeated,1.0,,,,100,12345
0.0,0.05,4,35,S-HCP-within,1.0,,,,100,12345
0.0,0.05,4,35,Std-CP,0.9,6.495758133590473,6.193055619498411,2.2703065596997307,0,12345
0.0,0.05,4,35,Subsampling,1.0,,,,100,12345
0.0,0.05,5,0,Donor-HCP-no-within,1.0,,,,100,12345
0.0,0.05,5,0,Donor-HCP-within,1.0,,,,100,12345
0.0,0.05,5,0,HCP,1.0,,,,100,12345
0.0,0.05,5,0,Pooling,0.93,9.049150297509073,9.049150297509073,7.781967552403668e-16,0,12345
0.0,0.05,5,0,Repeated,1.0,,,,100,12345
0.0,0.05,5,0,S-HCP-within,1.0,,,,100,12345
0.0,0.05,5,0,Std-CP,1.0,,,,100,12345
0.0,0.05,5,0,Subsampling,1.0,,,,100,12345
0.0,0.05,5,5,Donor-HCP-no-within,1.0,,,,100,12345
0.0,0.05,5,5,Donor-HCP-within,1.0,,,,100,12345
0.0,0.05,5,5,HCP,1.0,,,,100,12345
0.0,0.05,5,5,Pooling,0.93,9.049150297509073,9.049150297509073,7.781967552403668e-16,0,12345
0.0,0.05,5,5,Repeated,1.0,,,,100,12345
0.0,0.05,5,5,S-HCP-within,0.94,8.90235204673781,8.727616066990326,0.7813201247086,0,12345
0.0,0.05,5,5,Std-CP,0.8,7.171180871413843,5.35258996871414,6.572631984111608,0,12345
0.0,0.05,5,5,Subsampling,1.0,,,,100,12345
0.0,0.05,5,10,Donor-HCP-no-within,1.0,11.868698886128593,11.403403418592667,1.2947224296098463,0,12345
0.0,0.05,5,10,Donor-HCP-within,1.0,,,,100,12345
0.0,0.05,5,10,HCP,1.0,,,,100,12345
0.0,0.05,5,10,Pooling,0.93,9.049150297509073,9.049150297509073,7.781967552403668e-16,0,12345
0.0,0.05,5,10,Repeated,1.0,,,,100,12345
0.0,0.05,5,10,S-HCP-within,0.94,8.840795818035067,8.727616066990326,0.6282611368148158,0,12345
0.0,0.05,5,10,Std-CP,0.79,36.85123568058232,10.325374963796214,104.74346840569835,0,12345
0.0,0.05,5,10,Subsampling,1.0,,,,100,12345
0.0,0.05,5,15,Donor-HCP-no-within,1.0,9.677369669772661,9.639438698899987,0.9720022995279215,0,12345
0.0,0.05,5,15,Donor-HCP-within,0.99,9.122705623518446,8.7932600060359,0.9491598584610177,0,12345
0.0,0.05,5,15,HCP,1.0,,,,100,12345
0.0,0.05,5,15,Pooling,0.93,9.049150297509073,9.049150297509073,7.781967552403668e-16,0,12345
0.0,0.05,5,15,Repeated,1.0,,,,100,12345
0.0,0.05,5,15,S-HCP-within,0.94,8.85868719319555,8.727616066990326,0.5044446956237991,0,12345
0.0,0.05,5,15,Std-CP,0.84,9.035926178830799,7.489197293630805,5.861299563327915,0,12345
0.0,0.05,5,15,Subsampling,1.0,,,,100,12345
0.0,0.05,5,20,Donor-HCP-no-within,0.91,8.555615591848097,8.957346594706081,1.2700175242715601,0,12345
0.0,0.05,5,20,Donor-HCP-within,0.98,6.51297508598244,6.544090367729005,0.4204916666236567,0,12345
0.0,0.05,5,20,HCP,1.0,,,,100,12345
0.0,0.05,5,20,Pooling,0.93,9.049150297509073,9.049150297509073,7.781967552403668e-16,0,12345
0.0,0.05,5,20,Repeated,1.0,,,,100,12345
0.0,0.05,5,20,S-HCP-within,0.92,8.577397642752274,8.616416768881296,0.44095853205340124,0,12345
0.0,0.05,5,20,Std-CP,0.93,6.7897916082118,6.143401480369014,2.4744516984816203,0,12345
0.0,0.05,5,20,Subsampling,1.0,,,,100,12345
0.0,0.05,5,25,Donor-HCP-no-within,1.0,7.507091343799765,6.933518026872243,2.5284638127208052,0,12345
0.0,0.05,5,25,Donor-HCP-within,1.0,,,,100,12345
0.0,0.05,5,25,HCP,1.0,,,,100,12345
0.0,0.05,5,25,Pooling,0.93,9.049150297509073,9.049150297509073,7.781967552403668e-16,0,12345
0.0,0.05,5,25,Repeated,1.0,,,,100,12345
0.0,0.05,5,25,S-HCP-within,1.0,,,,100,12345
0.0,0.05,5,25,Std-CP,0.95,6.7282109044737,6.202591123080654,2.955614834675891,0,12345
0.0,0.05,5,25,Subsampling,1.0,,,,100,12345
0.0,0.05,5,30,Donor-HCP-no-within,1.0,7.60945388505101,6.980732531686504,2.5284097020381067,0,12345
0.0,0.05,5,30,Donor-HCP-within,1.0,,,,100,12345
0.0,0.05,5,30,HCP,1.0,,,,100,12345
0.0,0.05,5,30,Pooling,0.93,9.049150297509073,9.049150297509073,7.781967552403668e-16,0,12345
0.0,0.05,5,30,Repeated,1.0,,,,100,12345
0.0,0.05,5,30,S-HCP-within,1.0,,,,100,12345
0.0,0.05,5,30,Std-CP,0.95,6.304776843620764,5.861239811124994,1.9575282850725493,0,12345
0.0,0.05,5,30,Subsampling,1.0,,,,100,12345
0.0,0.05,5,35,Donor-HCP-no-within,1.0,7.888165656236412,7.170580592708724,2.7272398398332007,0,12345
0.0,0.05,5,35,Donor-HCP-within,1.0,,,,100,12345
0.0,0.05,5,35,HCP,1.0,,,,100,12345
0.0,0.05,5,35,Pooling,0.93,9.049150297509073,9.049150297509073,7.781967552403668e-16,0,12345
0.0,0.05,5,35,Repeated,1.0,,,,100,12345
0.0,0.05,5,35,S-HCP-within,1.0,,,,100,12345
0.0,0.05,5,35,Std-CP,0.96,6.383351116985209,6.112335254114476,2.0968359005714117,0,12345
0.0,0.05,5,35,Subsampling,1.0,,,,100,12345
0.0,0.05,6,0,Donor-HCP-no-within,1.0,,,,100,12345
0.0,0.05,6,0,Donor-HCP-within,1.0,,,,100,12345
0.0,0.05,6,0,HCP,1.0,,,,100,12345
0.0,0.05,6,0,Pooling,0.92,11.39283978408362,11.39283978408362,5.04960734217762e-16,0,12345
0.0,0.05,6,0,Repeated,1.0,,,,100,12345
0.0,0.05,6,0,S-HCP-within,1.0,,,,100,12345
0.0,0.05,6,0,Std-CP,1.0,,,,100,12345
0.0,0.05,6,0,Subsampling,1.0,,,,100,12345
0.0,0.05,6,5,Donor-HCP-no-within,1.0,,,,100,12345
0.0,0.05,6,5,Donor-HCP-within,1.0,,,,100,12345
0.0,0.05,6,5,HCP,1.0,,,,100,12345
0.0,0.05,6,5,Pooling,0.92,11.39283978408362,11.39283978408362,5.04960734217762e-16,0,12345
0.0,0.05,6,5,Repeated,1.0,,,,100,12345
0.0,0.05,6,5,S-HCP-within,1.0,10.853917397502379,10.469804357319301,1.150146998812884,0,12345
0.0,0.05,6,5,Std-CP,0.79,5.971900012785969,5.13537759014473,3.690865962898162,0,12345
0.0,0.05,6,5,Subsampling,1.0,,,,100,12345
0.0,0.05,6,10,Donor-HCP-no-within,1.0,16.247803295983815,16.580710662965444,1.2246224138972046,0,12345
0.0,0.05,6,10,Donor-HCP-within,1.0,,,,100,12345
0.0,0.05,6,10,HCP,1.0,,,,100,12345
0.0,0.05,6,10,Pooling,0.92,11.39283978408362,11.39283978408362,5.04960734217762e-16,0,12345
0.0,0.05,6,10,Repeated,1.0,,,,100,12345
0.0,0.05,6,10,S-HCP-within,0.99,10.847512680375871,10.469804357319301,0.9056050006392952,0,12345
0.0,0.05,6,10,Std-CP,0.84,38.62823366843094,11.788829077930359,98.43096959338972,0,12345
0.0,0.05,6,10,Subsampling,1.0,,,,100,12345
0.0,0.05,6,15,Donor-HCP-no-within,0.98,12.980889181105058,12.985311466568923,0.830281099411138,0,12345
0.0,0.05,6,15,Donor-HCP-within,0.99,10.274465337999509,10.177936060741686,0.800653446150427,0,12345
0.0,0.05,6,15,HCP,1.0,,,,100,12345
0.0,0.05,6,15,Pooling,0.92,11.39283978408362,11.39283978408362,5.04960734217762e-16,0,12345
0.0,0.05,6,15,Repeated,1.0,,,,100,12345
0.0,0.05,6,15,S-HCP-within,1.0,10.9767089646082,11.180741764967173,0.7772605079969114,0,12345
0.0,0.05,6,15,Std-CP,0.93,10.820218090426303,7.640132366014324,13.984287566555565,0,12345
0.0,0.05,6,15,Subsampling,1.0,,,,100,12345
0.0,0.05,6,20,Donor-HCP-no-within,0.98,11.34655429103843,11.39283978408362,0.8841378010404916,0,12345
0.0,0.05,6,20,Donor-HCP-within,0.96,7.712693268278019,7.560831513258028,0.675532501270052,0,12345
0.0,0.05,6,20,HCP,1.0,,,,100,12345
0.0,0.05,6,20,Pooling,0.92,11.39283978408362,11.39283978408362,5.04960734217762e-16,0,12345
0.0,0.05,6,20,Repeated,1.0,,,,100,12345
0.0,0.05,6,20,S-HCP-within,0.99,10.42286714688182,10.41461889415983,0.4613892413371971,0,12345
0.0,0.05,6,20,Std-CP,0.92,6.679502078118678,5.9644843795514895,2.762782829653167,0,12345
0.0,0.05,6,20,Subsampling,1.0,,,,100,12345
0.0,0.05,6,25,Donor-HCP-no-within,0.96,7.525835269940294,7.268687466147148,2.138843482676921,0,12345
0.0,0.05,6,25,Donor-HCP-within,1.0,,,,100,12345
0.0,0.05,6,25,HCP,1.0,,,,100,12345
0.0,0.05,6,25,Pooling,0.92,11.39283978408362,11.39283978408362,5.04960734217762e-16,0,12345
0.0,0.05,6,25,Repeated,1.0,,,,100,12345
0.0,0.05,6,25,S-HCP-within,1.0,,,,100,12345
0.0,0.05,6,25,Std-CP,0.93,6.601792118171264,6.6830623713648825,2.246417467481885,0,12345
0.0,0.05,6,25,Subsampling,1.0,,,,100,12345
0.0,0.05,6,30,Donor-HCP-no-within,0.98,7.910433190102265,7.698765257794262,1.99402570574185,0,12345
0.0,0.05,6,30,Donor-HCP-within,1.0,,,,100,12345
0.0,0.05,6,30,HCP,1.0,,,,100,12345
0.0,0.05,6,30,Pooling,0.92,11.39283978408362,11.39283978408362,5.04960734217762e-16,0,12345
0.0,0.05,6,30,Repeated,1.0,,,,100,12345
0.0,0.05,6,30,S-HCP-within,1.0,,,,100,12345
0.0,0.05,6,30,Std-CP,0.94,6.523117513732867,6.287382876811978,1.9247905214581054,0,12345
0.0,0.05,6,30,Subsampling,1.0,,,,100,12345
0.0,0.05,6,35,Donor-HCP-no-within,0.98,7.976143484345409,7.7810320457231885,1.9957713208557344,0,12345
0.0,0.05,6,35,Donor-HCP-within,1.0,,,,100,12345
0.0,0.05,6,35,HCP,1.0,,,,100,12345
0.0,0.05,6,35,Pooling,0.92,11.39283978408362,11.39283978408362,5.04960734217762e-16,0,12345
0.0,0.05,6,35,Repeated,1.0,,,,100,12345
0.0,0.05,6,35,S-HCP-within,1.0,,,,100,12345
0.0,0.05,6,35,Std-CP,0.97,6.35915046410307,6.051691409190765,1.7594866922597459,0,12345
0.0,0.05,6,35,Subsampling,1.0,,,,100,12345
0.0,0.05,7,0,Donor-HCP-no-within,1.0,,,,100,12345
0.0,0.05,7,0,Donor-HCP-within,1.0,,,,100,12345
0.0,0.05,7,0,HCP,1.0,,,,100,12345
0.0,0.05,7,0,Pooling,0.81,11.180570870954714,11.180570870954714,1.8724445165742407e-15,0,12345
0.0,0.05,7,0,Repeated,1.0,,,,100,12345
0.0,0.05,7,0,S-HCP-within,1.0,,,,100,12345
0.0,0.05,7,0,Std-CP,1.0,,,,100,12345
0.0,0.05,7,0,Subsampling,1.0,,,,100,12345
0.0,0.05,7,5,Donor-HCP-no-within,1.0,,,,100,12345
0.0,0.05,7,5,Donor-HCP-within,1.0,,,,100,12345
0.0,0.05,7,5,HCP,1.0,,,,100,12345
0.0,0.05,7,5,Pooling,0.81,11.180570870954714,11.180570870954714,1.8724445165742407e-15,0,12345
0.0,0.05,7,5,Repeated,1.0,,,,100,12345
0.0,0.05,7,5,S-HCP-within,0.95,10.762664526905965,10.488879025191267,1.4321569661560258,0,12345
0.0,0.05,7,5,Std-CP,0.73,5.57732926744729,4.967903384365488,3.1697160840525624,0,12345
0.0,0.05,7,5,Subsampling,1.0,,,,100,12345
0.0,0.05,7,10,Donor-HCP-no-within,1.0,15.804849448427966,15.749107997289883,2.8463743972304245,0,12345
0.0,0.05,7,10,Donor-HCP-within,1.0,,,,100,12345
0.0,0.05,7,10,HCP,1.0,,,,100,12345
0.0,0.05,7,10,Pooling,0.81,11.180570870954714,11.180570870954714,1.8724445165742407e-15,0,12345
0.0,0.05,7,10,Repeated,1.0,,,,100,12345
0.0,0.05,7,10,S-HCP-within,0.94,10.435170148035844,10.288830308872694,1.1153215539180374,0,12345
0.0,0.05,7,10,Std-CP,0.88,32.04121014812027,13.372422932641474,77.98281681276892,0,12345
0.0,0.05,7,10,Subsampling,1.0,,,,100,12345
0.0,0.05,7,15,Donor-HCP-no-within,0.96,12.182608568194999,11.471671923787035,2.5484360741405734,0,12345
0.0,0.05,7,15,Donor-HCP-within,0.96,11.171207273401976,10.777864405143578,1.2613920901862405,0,12345
0.0,0.05,7,15,HCP,1.0,,,,100,12345
0.0,0.05,7,15,Pooling,0.81,11.180570870954714,11.180570870954714,1.8724445165742407e-15,0,12345
0.0,0.05,7,15,Repeated,1.0,,,,100,12345
0.0,0.05,7,15,S-HCP-within,0.95,10.38227870440294,10.330726368536524,0.7320580076879656,0,12345
0.0,0.05,7,15,Std-CP,0.87,9.343823895602853,7.056293203433135,7.871800616542139,0,12345
0.0,0.05,7,15,Subsampling,1.0,,,,100,12345
0.0,0.05,7,20,Donor-HCP-no-within,0.92,11.78770446644378,11.402504033521225,2.8979994771333666,0,12345
0.0,0.05,7,20,Donor-HCP-within,0.93,7.831770765274785,7.543290512605342,1.018921264178486,0,12345
0.0,0.05,7,20,HCP,1.0,,,,100,12345
0.0,0.05,7,20,Pooling,0.81,11.180570870954714,11.180570870954714,1.8724445165742407e-15,0,12345
0.0,0.05,7,20,Repeated,1.0,,,,100,12345
0.0,0.05,7,20,S-HCP-within,0.94,10.024969640677226,10.18825555683663,0.5355738187246665,0,12345
0.0,0.05,7,20,Std-CP,0.88,7.486127498805855,6.520844585555064,6.133605997759923,0,12345
0.0,0.05,7,20,Subsampling,1.0,,,,100,12345
0.0,0.05,7,25,Donor-HCP-no-within,0.95,8.357433927872435,8.157267316362896,2.2047353444062745,0,12345
0.0,0.05,7,25,Donor-HCP-within,1.0,,,,100,12345
0.0,0.05,7,25,HCP,1.0,,,,100,12345
0.0,0.05,7,25,Pooling,0.81,11.180570870954714,11.180570870954714,1.8724445165742407e-15,0,12345
0.0,0.05,7,25,Repeated,1.0,,,,100,12345
0.0,0.05,7,25,S-HCP-within,1.0,,,,100,12345
0.0,0.05,7,25,Std-CP,0.92,6.968090736871243,6.740486217711511,2.49314679067666,0,12345
0.0,0.05,7,25,Subsampling,1.0,,,,100,12345
0.0,0.05,7,30,Donor-HCP-no-within,0.96,8.581461329543362,8.270906596319225,2.225009009698715,0,12345
0.0,0.05,7,30,Donor-HCP-within,1.0,,,,100,12345
0.0,0.05,7,30,HCP,1.0,,,,100,12345
0.0,0.05,7,30,Pooling,0.81,11.180570870954714,11.180570870954714,1.8724445165742407e-15,0,12345
0.0,0.05,7,30,Repeated,1.0,,,,100,12345
0.0,0.05,7,30,S-HCP-within,1.0,,,,100,12345
0.0,0.05,7,30,Std-CP,0.96,6.776629462738509,6.525374524062332,2.17955346489669,0,12345
0.0,0.05,7,30,Subsampling,1.0,,,,100,12345
0.0,0.05,7,35,Donor-HCP-no-within,0.97,8.733544894730231,8.55159953520522,2.1844586153616765,0,12345
0.0,0.05,7,35,Donor-HCP-within,1.0,,,,100,12345
0.0,0.05,7,35,HCP,1.0,,,,100,12345
0.0,0.05,7,35,Pooling,0.81,11.180570870954714,11.180570870954714,1.8724445165742407e-15,0,12345
0.0,0.05,7,35,Repeated,1.0,,,,100,12345
0.0,0.05,7,35,S-HCP-within,1.0,,,,100,12345
0.0,0.05,7,35,Std-CP,0.96,6.622813530101562,6.507377626586024,2.0950237740130397,0,12345
0.0,0.05,7,35,Subsampling,1.0,,,,100,12345
0.0,0.05,8,0,Donor-HCP-no-within,1.0,,,,100,12345
0.0,0.05,8,0,Donor-HCP-within,1.0,,,,100,12345
0.0,0.05,8,0,HCP,1.0,,,,100,12345
0.0,0.05,8,0,Pooling,0.92,8.013770856604207,8.013770856604207,1.616663158110819e-15,0,12345
0.0,0.05,8,0,Repeated,1.0,,,,100,12345
0.0,0.05,8,0,S-HCP-within,1.0,,,,100,12345
0.0,0.05,8,0,Std-CP,1.0,,,,100,12345
0.0,0.05,8,0,Subsampling,1.0,,,,100,12345
0.0,0.05,8,5,Donor-HCP-no-within,1.0,,,,100,12345
0.0,0.05,8,5,Donor-HCP-within,1.0,,,,100,12345
0.0,0.05,8,5,HCP,1.0,,,,100,12345
0.0,0.05,8,5,Pooling,0.92,8.013770856604207,8.013770856604207,1.616663158110819e-15,0,12345
0.0,0.05,8,5,Repeated,1.0,,,,100,12345
0.0,0.05,8,5,S-HCP-within,0.91,9.149538974443162,8.821599445479002,1.1772670361512638,0,12345
0.0,0.05,8,5,Std-CP,0.73,5.605405681902693,4.496979259492377,3.5470161247311145,0,12345
0.0,0.05,8,5,Subsampling,1.0,,,,100,12345
0.0,0.05,8,10,Donor-HCP-no-within,1.0,12.744145812394743,12.786638657424124,1.2150172088245215,0,12345
0.0,0.05,8,10,Donor-HCP-within,1.0,,,,100,12345
0.0,0.05,8,10,HCP,1.0,,,,100,12345
0.0,0.05,8,10,Pooling,0.92,8.013770856604207,8.013770856604207,1.616663158110819e-15,0,12345
0.0,0.05,8,10,Repeated,1.0,,,,100,12345
0.0,0.05,8,10,S-HCP-within,0.89,9.016873835449989,8.766433981955622,1.0233605178164922,0,12345
0.0,0.05,8,10,Std-CP,0.72,41.91019961181983,12.200631297075383,154.24560966249445,0,12345
0.0,0.05,8,10,Subsampling,1.0,,,,100,12345
0.0,0.05,8,15,Donor-HCP-no-within,0.98,8.976990424159464,8.747738026936311,0.9360800290445069,0,12345
0.0,0.05,8,15,Donor-HCP-within,0.94,6.954817959095819,6.66849758224833,0.72736653673937,0,12345
0.0,0.05,8,15,HCP,1.0,,,,100,12345
0.0,0.05,8,15,Pooling,0.92,8.013770856604207,8.013770856604207,1.616663158110819e-15,0,12345
0.0,0.05,8,15,Repeated,1.0,,,,100,12345
0.0,0.05,8,15,S-HCP-within,0.9,9.182018995584844,8.918449669125643,0.9754368911611563,0,12345
0.0,0.05,8,15,Std-CP,0.87,8.222032743157838,7.204029549820828,3.836151424563208,0,12345
0.0,0.05,8,15,Subsampling,1.0,,,,100,12345
0.0,0.05,8,20,Donor-HCP-no-within,0.95,8.147573124793832,8.013770856604207,0.8481411906028643,0,12345
0.0,0.05,8,20,Donor-HCP-within,0.88,5.56315773375517,5.504453052102395,0.3510035875709994,0,12345
0.0,0.05,8,20,HCP,1.0,,,,100,12345
0.0,0.05,8,20,Pooling,0.92,8.013770856604207,8.013770856604207,1.616663158110819e-15,0,12345
0.0,0.05,8,20,Repeated,1.0,,,,100,12345
0.0,0.05,8,20,S-HCP-within,0.88,8.837813396740843,8.766433981955622,0.8157430315631389,0,12345
0.0,0.05,8,20,Std-CP,0.87,6.823027625489154,6.230962108919507,3.1880538410113606,0,12345
0.0,0.05,8,20,Subsampling,1.0,,,,100,12345
0.0,0.05,8,25,Donor-HCP-no-within,0.94,7.667450850051236,7.307350764431431,2.2261124967523997,0,12345
0.0,0.05,8,25,Donor-HCP-within,1.0,,,,100,12345
0.0,0.05,8,25,HCP,1.0,,,,100,12345
0.0,0.05,8,25,Pooling,0.92,8.013770856604207,8.013770856604207,1.616663158110819e-15,0,12345
0.0,0.05,8,25,Repeated,1.0,,,,100,12345
0.0,0.05,8,25,S-HCP-within,1.0,,,,100,12345
0.0,0.05,8,25,Std-CP,0.9,6.423572816169488,6.310079762364763,2.264870523149166,0,12345
0.0,0.05,8,25,Subsampling,1.0,,,,100,12345
0.0,0.05,8,30,Donor-HCP-no-within,0.94,7.82894988957587,7.651497176048325,2.1425071088579695,0,12345
0.0,0.05,8,30,Donor-HCP-within,1.0,,,,100,12345
0.0,0.05,8,30,HCP,1.0,,,,100,12345
0.0,0.05,8,30,Pooling,0.92,8.013770856604207,8.013770856604207,1.616663158110819e-15,0,12345
0.0,0.05,8,30,Repeated,1.0,,,,100,12345
0.0,0.05,8,30,S-HCP-within,1.0,,,,100,12345
0.0,0.05,8,30,Std-CP,0.91,6.166575701780847,6.132256669703709,1.8045809946371059,0,12345
0.0,0.05,8,30,Subsampling,1.0,,,,100,12345
0.0,0.05,8,35,Donor-HCP-no-within,0.96,8.078914841576804,7.723690329895948,2.0441818168013013,0,12345
0.0,0.05,8,35,Donor-HCP-within,1.0,,,,100,12345
0.0,0.05,8,35,HCP,1.0,,,,100,12345
0.0,0.05,8,35,Pooling,0.92,8.013770856604207,8.013770856604207,1.616663158110819e-15,0,12345
0.0,0.05,8,35,Repeated,1.0,,,,100,12345
0.0,0.05,8,35,S-HCP-within,1.0,,,,100,12345
0.0,0.05,8,35,Std-CP,0.96,6.403472430689316,6.110369336077443,1.874905900325916,0,12345
0.0,0.05,8,35,Subsampling,1.0,,,,100,12345
0.0,0.05,9,0,Donor-HCP-no-within,1.0,,,,100,12345
0.0,0.05,9,0,Donor-HCP-within,1.0,,,,100,12345
0.0,0.05,9,0,HCP,1.0,,,,100,12345
0.0,0.05,9,0,Pooling,0.96,7.703963588334871,7.703963588334872,9.859673526924653e-16,0,12345
0.0,0.05,9,0,Repeated,1.0,,,,100,12345
0.0,0.05,9,0,S-HCP-within,1.0,,,,100,12345
0.0,0.05,9,0,Std-CP,1.0,,,,100,12345
0.0,0.05,9,0,Subsampling,1.0,,,,100,12345
0.0,0.05,9,5,Donor-HCP-no-within,1.0,,,,100,12345
0.0,0.05,9,5,Donor-HCP-within,1.0,,,,100,12345
0.0,0.05,9,5,HCP,1.0,,,,100,12345
0.0,0.05,9,5,Pooling,0.96,7.703963588334871,7.703963588334872,9.859673526924653e-16,0,12345
0.0,0.05,9,5,Repeated,1.0,,,,100,12345
0.0,0.05,9,5,S-HCP-within,0.96,7.946258017589665,8.255108680358536,0.7304253861935713,0,12345
0.0,0.05,9,5,Std-CP,0.74,6.004756328967881,4.980274749442033,3.571486939057285,0,12345
0.0,0.05,9,5,Subsampling,1.0,,,,100,12345
0.0,0.05,9,10,Donor-HCP-no-within,1.0,11.877274852552782,11.465772366850743,1.069497569849148,0,12345
0.0,0.05,9,10,Donor-HCP-within,1.0,,,,100,12345
0.0,0.05,9,10,HCP,1.0,,,,100,12345
0.0,0.05,9,10,Pooling,0.96,7.703963588334871,7.703963588334872,9.859673526924653e-16,0,12345
0.0,0.05,9,10,Repeated,1.0,,,,100,12345
0.0,0.05,9,10,S-HCP-within,0.94,7.935439012758462,8.038447721326438,0.5230937400737564,0,12345
0.0,0.05,9,10,Std-CP,0.88,612.4541809936851,14.001912410640045,5639.1186012340895,0,12345
0.0,0.05,9,10,Subsampling,1.0,,,,100,12345
0.0,0.05,9,15,Donor-HCP-no-within,0.96,9.218919997149802,9.18399627287149,0.8677345762430047,0,12345
0.0,0.05,9,15,Donor-HCP-within,1.0,8.380844260275934,8.65735417730344,0.6885306726844764,0,12345
0.0,0.05,9,15,HCP,1.0,,,,100,12345
0.0,0.05,9,15,Pooling,0.96,7.703963588334871,7.703963588334872,9.859673526924653e-16,0,12345
0.0,0.05,9,15,Repeated,1.0,,,,100,12345
0.0,0.05,9,15,S-HCP-within,0.94,8.08620381274908,8.255108680358536,0.32149814375978397,0,12345
0.0,0.05,9,15,Std-CP,0.89,9.620927518106699,8.153195459544238,6.714329454964433,0,12345
0.0,0.05,9,15,Subsampling,1.0,,,,100,12345
0.0,0.05,9,20,Donor-HCP-no-within,0.97,8.37541519860655,8.404256923950605,1.104365640253451,0,12345
0.0,0.05,9,20,Donor-HCP-within,0.93,5.772901529018883,5.790026223290415,0.4925784202073095,0,12345
0.0,0.05,9,20,HCP,1.0,,,,100,12345
0.0,0.05,9,20,Pooling,0.96,7.703963588334871,7.703963588334872,9.859673526924653e-16,0,12345
0.0,0.05,9,20,Repeated,1.0,,,,100,12345
0.0,0.05,9,20,S-HCP-within,0.95,7.88554712259221,7.809009155506878,0.38400387498108457,0,12345
0.0,0.05,9,20,Std-CP,0.93,6.741880927653462,6.439796384432531,2.455414382847897,0,12345
0.0,0.05,9,20,Subsampling,1.0,,,,100,12345
0.0,0.05,9,25,Donor-HCP-no-within,0.96,7.799761686598584,7.634288982122342,2.0464163895009824,0,12345
0.0,0.05,9,25,Donor-HCP-within,1.0,,,,100,12345
0.0,0.05,9,25,HCP,1.0,,,,100,12345
0.0,0.05,9,25,Pooling,0.96,7.703963588334871,7.703963588334872,9.859673526924653e-16,0,12345
0.0,0.05,9,25,Repeated,1.0,,,,100,12345
0.0,0.05,9,25,S-HCP-within,1.0,,,,100,12345
0.0,0.05,9,25,Std-CP,0.93,6.789399751326016,6.215091338407202,2.5381464155863744,0,12345
0.0,0.05,9,25,Subsampling,1.0,,,,100,12345
0.0,0.05,9,30,Donor-HCP-no-within,0.96,8.047328098565668,7.8023722047086,2.0290542895246118,0,12345
0.0,0.05,9,30,Donor-HCP-within,1.0,,,,100,12345
0.0,0.05,9,30,HCP,1.0,,,,100,12345
0.0,0.05,9,30,Pooling,0.96,7.703963588334871,7.703963588334872,9.859673526924653e-16,0,12345
0.0,0.05,9,30,Repeated,1.0,,,,100,12345
0.0,0.05,9,30,S-HCP-within,1.0,,,,100,12345
0.0,0.05,9,30,Std-CP,0.93,6.277560486108505,5.975868583172395,2.0954076430148225,0,12345
0.0,0.05,9,30,Subsampling,1.0,,,,100,12345
0.0,0.05,9,35,Donor-HCP-no-within,0.97,8.251321319244907,7.970786409112772,2.0644720181493694,0,12345
0.0,0.05,9,35,Donor-HCP-within,1.0,,,,100,12345
0.0,0.05,9,35,HCP,1.0,,,,100,12345
0.0,0.05,9,35,Pooling,0.96,7.703963588334871,7.703963588334872,9.859673526924653e-16,0,12345
0.0,0.05,9,35,Repeated,1.0,,,,100,12345
0.0,0.05,9,35,S-HCP-within,1.0,,,,100,12345
0.0,0.05,9,35,Std-CP,0.93,6.723089894220387,6.694787366627961,2.093996182806696,0,12345
0.0,0.05,9,35,Subsampling,1.0,,,,100,12345
0.0,0.05,10,0,Donor-HCP-no-within,1.0,,,,100,12345
0.0,0.05,10,0,Donor-HCP-within,1.0,,,,100,12345
0.0,0.05,10,0,HCP,1.0,,,,100,12345
0.0,0.05,10,0,Pooling,0.95,9.037021476844615,9.037021476844615,6.914459619635975e-16,0,12345
0.0,0.05,10,0,Repeated,1.0,,,,100,12345
0.0,0.05,10,0,S-HCP-within,1.0,,,,100,12345
0.0,0.05,10,0,Std-CP,1.0,,,,100,12345
0.0,0.05,10,0,Subsampling,1.0,,,,100,12345
0.0,0.05,10,5,Donor-HCP-no-within,1.0,,,,100,12345
0.0,0.05,10,5,Donor-HCP-within,1.0,,,,100,12345
0.0,0.05,10,5,HCP,1.0,,,,100,12345
0.0,0.05,10,5,Pooling,0.95,9.037021476844615,9.037021476844615,6.914459619635975e-16,0,12345
0.0,0.05,10,5,Repeated,1.0,,,,100,12345
0.0,0.05,10,5,S-HCP-within,0.97,12.457311302456478,12.553351554483596,1.031613073447935,0,12345
0.0,0.05,10,5,Std-CP,0.73,6.474150753218105,5.270741433027757,5.080519248120214,0,12345
0.0,0.05,10,5,Subsampling,1.0,,,,100,12345
0.0,0.05,10,10,Donor-HCP-no-within,0.99,12.286840688521115,12.341541165622644,0.8951361199818906,0,12345
0.0,0.05,10,10,Donor-HCP-within,1.0,,,,100,12345
0.0,0.05,10,10,HCP,1.0,,,,100,12345
0.0,0.05,10,10,Pooling,0.95,9.037021476844615,9.037021476844615,6.914459619635975e-16,0,12345
0.0,0.05,10,10,Repeated,1.0,,,,100,12345
0.0,0.05,10,10,S-HCP-within,0.99,12.511571709520858,12.71816963858841,0.7079138329410369,0,12345
0.0,0.05,10,10,Std-CP,0.84,45.77998715715118,12.888760777595294,120.73610027614816,0,12345
0.0,0.05,10,10,Subsampling,1.0,,,,100,12345
0.0,0.05,10,15,Donor-HCP-no-within,0.97,9.672524559610576,9.499404087652238,0.45190401139707753,0,12345
0.0,0.05,10,15,Donor-HCP-within,0.99,10.065358062966386,10.050426036239188,0.21963474531166274,0,12345
0.0,0.05,10,15,HCP,1.0,,,,100,12345
0.0,0.05,10,15,Pooling,0.95,9.037021476844615,9.037021476844615,6.914459619635975e-16,0,12345
0.0,0.05,10,15,Repeated,1.0,,,,100,12345
0.0,0.05,10,15,S-HCP-within,0.98,12.545056221815969,12.71816963858841,0.5840373388751677,0,12345
0.0,0.05,10,15,Std-CP,0.91,9.226063828111002,7.629453431902715,5.140451248846763,0,12345
0.0,0.05,10,15,Subsampling,1.0,,,,100,12345
0.0,0.05,10,20,Donor-HCP-no-within,0.97,8.892906984832274,8.897065802576822,0.3938036272464127,0,12345
0.0,0.05,10,20,Donor-HCP-within,0.99,7.585425111551791,7.507755621781477,0.34807537705039193,0,12345
0.0,0.05,10,20,HCP,1.0,,,,100,12345
0.0,0.05,10,20,Pooling,0.95,9.037021476844615,9.037021476844615,6.914459619635975e-16,0,12345
0.0,0.05,10,20,Repeated,1.0,,,,100,12345
0.0,0.05,10,20,S-HCP-within,0.98,12.296643392352834,12.262009377062709,0.5900541894562097,0,12345
0.0,0.05,10,20,Std-CP,0.93,6.410052592013812,6.15733350072413,2.4425818958950214,0,12345
0.0,0.05,10,20,Subsampling,1.0,,,,100,12345
0.0,0.05,10,25,Donor-HCP-no-within,0.98,7.885715529171373,7.86011387209914,2.0456634545885533,0,12345
0.0,0.05,10,25,Donor-HCP-within,1.0,,,,100,12345
0.0,0.05,10,25,HCP,1.0,,,,100,12345
0.0,0.05,10,25,Pooling,0.95,9.037021476844615,9.037021476844615,6.914459619635975e-16,0,12345
0.0,0.05,10,25,Repeated,1.0,,,,100,12345
0.0,0.05,10,25,S-HCP-within,1.0,,,,100,12345
0.0,0.05,10,25,Std-CP,0.95,6.946198699500112,6.806078535533388,2.241265907226702,0,12345
0.0,0.05,10,25,Subsampling,1.0,,,,100,12345
0.0,0.05,10,30,Donor-HCP-no-within,0.99,8.132634483350424,8.041021797684255,2.172660448704886,0,12345
0.0,0.05,10,30,Donor-HCP-within,1.0,,,,100,12345
0.0,0.05,10,30,HCP,1.0,,,,100,12345
0.0,0.05,10,30,Pooling,0.95,9.037021476844615,9.037021476844615,6.914459619635975e-16,0,12345
0.0,0.05,10,30,Repeated,1.0,,,,100,12345
0.0,0.05,10,30,S-HCP-within,1.0,,,,100,12345
0.0,0.05,10,30,Std-CP,0.96,6.518102931812738,6.2076611807606525,1.9000248645278057,0,12345
0.0,0.05,10,30,Subsampling,1.0,,,,100,12345
0.0,0.05,10,35,Donor-HCP-no-within,0.99,8.231062538454191,8.070536876794264,2.1592251261903863,0,12345
0.0,0.05,10,35,Donor-HCP-within,1.0,,,,100,12345
0.0,0.05,10,35,HCP,1.0,,,,100,12345
0.0,0.05,10,35,Pooling,0.95,9.037021476844615,9.037021476844615,6.914459619635975e-16,0,12345
0.0,0.05,10,35,Repeated,1.0,,,,100,12345
0.0,0.05,10,35,S-HCP-within,1.0,,,,100,12345
0.0,0.05,10,35,Std-CP,0.97,6.651436457053368,6.600714387945185,1.9291081613417305,0,12345
0.0,0.05,10,35,Subsampling,1.0,,,,100,12345
0.0,0.05,11,0,Donor-HCP-no-within,1.0,,,,100,12345
0.0,0.05,11,0,Donor-HCP-within,1.0,,,,100,12345
0.0,0.05,11,0,HCP,1.0,,,,100,12345
0.0,0.05,11,0,Pooling,0.94,9.924843373523164,9.924843373523164,1.3596483874471457e-15,0,12345
0.0,0.05,11,0,Repeated,1.0,,,,100,12345
0.0,0.05,11,0,S-HCP-within,1.0,,,,100,12345
0.0,0.05,11,0,Std-CP,1.0,,,,100,12345
0.0,0.05,11,0,Subsampling,1.0,,,,100,12345
0.0,0.05,11,5,Donor-HCP-no-within,1.0,,,,100,12345
0.0,0.05,11,5,Donor-HCP-within,1.0,,,,100,12345
0.0,0.05,11,5,HCP,1.0,,,,100,12345
0.0,0.05,11,5,Pooling,0.94,9.924843373523164,9.924843373523164,1.3596483874471457e-15,0,12345
0.0,0.05,11,5,Repeated,1.0,,,,100,12345
0.0,0.05,11,5,S-HCP-within,0.94,10.031897335142464,10.103455010257228,1.3188574433338063,0,12345
0.0,0.05,11,5,Std-CP,0.72,5.9103141925279905,4.900439569455266,3.5084330205381105,0,12345
0.0,0.05,11,5,Subsampling,1.0,,,,100,12345
0.0,0.05,11,10,Donor-HCP-no-within,0.97,11.248435469250987,11.492870817197229,0.7681804522340597,0,12345
0.0,0.05,11,10,Donor-HCP-within,1.0,,,,100,12345
0.0,0.05,11,10,HCP,1.0,,,,100,12345
0.0,0.05,11,10,Pooling,0.94,9.924843373523164,9.924843373523164,1.3596483874471457e-15,0,12345
0.0,0.05,11,10,Repeated,1.0,,,,100,12345
0.0,0.05,11,10,S-HCP-within,0.95,9.790537620349681,9.745874147132907,1.051970598633481,0,12345
0.0,0.05,11,10,Std-CP,0.8,47.92290714521414,11.557146697203923,122.98993913104955,0,12345
0.0,0.05,11,10,Subsampling,1.0,,,,100,12345
0.0,0.05,11,15,Donor-HCP-no-within,0.96,9.509192517373522,9.556402136820747,0.7101614999847855,0,12345
0.0,0.05,11,15,Donor-HCP-within,0.97,8.24302356045053,8.4093862653497,0.4792887602966619,0,12345
0.0,0.05,11,15,HCP,1.0,,,,100,12345
0.0,0.05,11,15,Pooling,0.94,9.924843373523164,9.924843373523164,1.3596483874471457e-15,0,12345
0.0,0.05,11,15,Repeated,1.0,,,,100,12345
0.0,0.05,11,15,S-HCP-within,0.95,10.023357463260755,10.149145414928887,0.9122574828922162,0,12345
0.0,0.05,11,15,Std-CP,0.89,8.118053184821619,7.407954523330751,5.37589186194454,0,12345
0.0,0.05,11,15,Subsampling,1.0,,,,100,12345
0.0,0.05,11,20,Donor-HCP-no-within,0.93,8.822055828694108,8.884943206231384,0.7340897596362271,0,12345
0.0,0.05,11,20,Donor-HCP-within,0.95,6.56363254227262,6.488611609341575,0.25873923492404105,0,12345
0.0,0.05,11,20,HCP,1.0,,,,100,12345
0.0,0.05,11,20,Pooling,0.94,9.924843373523164,9.924843373523164,1.3596483874471457e-15,0,12345
0.0,0.05,11,20,Repeated,1.0,,,,100,12345
0.0,0.05,11,20,S-HCP-within,0.95,9.416200985356014,9.318779589865546,0.685825433392181,0,12345
0.0,0.05,11,20,Std-CP,0.91,6.34492932675097,5.9443202741531165,2.3041866753903424,0,12345
0.0,0.05,11,20,Subsampling,1.0,,,,100,12345
0.0,0.05,11,25,Donor-HCP-no-within,0.95,8.014173757530518,7.802442419814896,2.18508713493987,0,12345
0.0,0.05,11,25,Donor-HCP-within,1.0,,,,100,12345
0.0,0.05,11,25,HCP,1.0,,,,100,12345
0.0,0.05,11,25,Pooling,0.94,9.924843373523164,9.924843373523164,1.3596483874471457e-15,0,12345
0.0,0.05,11,25,Repeated,1.0,,,,100,12345
0.0,0.05,11,25,S-HCP-within,1.0,,,,100,12345
0.0,0.05,11,25,Std-CP,0.89,6.176088216467651,5.833157975113909,2.470696660825306,0,12345
0.0,0.05,11,25,Subsampling,1.0,,,,100,12345
0.0,0.05,11,30,Donor-HCP-no-within,0.98,8.210645429266577,8.170923399733804,2.214298236406866,0,12345
0.0,0.05,11,30,Donor-HCP-within,1.0,,,,100,12345
0.0,0.05,11,30,HCP,1.0,,,,100,12345
0.0,0.05,11,30,Pooling,0.94,9.924843373523164,9.924843373523164,1.3596483874471457e-15,0,12345
0.0,0.05,11,30,Repeated,1.0,,,,100,12345
0.0,0.05,11,30,S-HCP-within,1.0,,,,100,12345
0.0,0.05,11,30,Std-CP,0.9,6.090765362841014,5.638515904696963,2.0102415429907388,0,12345
0.0,0.05,11,30,Subsampling,1.0,,,,100,12345
0.0,0.05,11,35,Donor-HCP-no-within,0.98,8.295780253081602,8.246931259761183,2.202028471113664,0,12345
0.0,0.05,11,35,Donor-HCP-within,1.0,,,,100,12345
0.0,0.05,11,35,HCP,1.0,,,,100,12345
0.0,0.05,11,35,Pooling,0.94,9.924843373523164,9.924843373523164,1.3596483874471457e-15,0,12345
0.0,0.05,11,35,Repeated,1.0,,,,100,12345
0.0,0.05,11,35,S-HCP-within,1.0,,,,100,12345
0.0,0.05,11,35,Std-CP,0.94,6.204651644083092,5.836628234043538,1.8055997098160783,0,12345
0.0,0.05,11,35,Subsampling,1.0,,,,100,12345
0.0,0.05,12,0,Donor-HCP-no-within,1.0,,,,100,12345
0.0,0.05,12,0,Donor-HCP-within,1.0,,,,100,12345
0.0,0.05,12,0,HCP,1.0,,,,100,12345
0.0,0.05,12,0,Pooling,0.89,7.756080620321857,7.756080620321857,1.6604303726105399e-15,0,12345
0.0,0.05,12,0,Repeated,1.0,,,,100,12345
0.0,0.05,12,0,S-HCP-within,1.0,,,,100,12345
0.0,0.05,12,0,Std-CP,1.0,,,,100,12345
0.0,0.05,12,0,Subsampling,1.0,,,,100,12345
0.0,0.05,12,5,Donor-HCP-no-within,1.0,,,,100,12345
0.0,0.05,12,5,Donor-HCP-within,1.0,,,,100,12345
0.0,0.05,12,5,HCP,1.0,,,,100,12345
0.0,0.05,12,5,Pooling,0.89,7.756080620321857,7.756080620321857,1.6604303726105399e-15,0,12345
0.0,0.05,12,5,Repeated,1.0,,,,100,12345
0.0,0.05,12,5,S-HCP-within,0.92,8.47202202120428,8.813245858086539,0.9597807827690915,0,12345
0.0,0.05,12,5,Std-CP,0.76,5.937906848258361,5.270962072508096,4.2662484978775534,0,12345
0.0,0.05,12,5,Subsampling,1.0,,,,100,12345
0.0,0.05,12,10,Donor-HCP-no-within,0.99,12.832987175653173,13.536831254642568,1.515484590895539,0,12345
0.0,0.05,12,10,Donor-HCP-within,1.0,,,,100,12345
0.0,0.05,12,10,HCP,1.0,,,,100,12345
0.0,0.05,12,10,Pooling,0.89,7.756080620321857,7.756080620321857,1.6604303726105399e-15,0,12345
0.0,0.05,12,10,Repeated,1.0,,,,100,12345
0.0,0.05,12,10,S-HCP-within,0.92,8.364749163610398,8.653046258229164,0.9197124689523526,0,12345
0.0,0.05,12,10,Std-CP,0.85,30.71121394395228,12.180724271579937,57.893195683852525,0,12345
0.0,0.05,12,10,Subsampling,1.0,,,,100,12345
0.0,0.05,12,15,Donor-HCP-no-within,0.95,10.672469932116938,11.040404324918288,1.0627891814304555,0,12345
0.0,0.05,12,15,Donor-HCP-within,0.94,8.36012434110738,8.443283560507847,0.5289167718308774,0,12345
0.0,0.05,12,15,HCP,1.0,,,,100,12345
0.0,0.05,12,15,Pooling,0.89,7.756080620321857,7.756080620321857,1.6604303726105399e-15,0,12345
0.0,0.05,12,15,Repeated,1.0,,,,100,12345
0.0,0.05,12,15,S-HCP-within,0.92,8.519270824352326,8.813245858086537,0.6478499639647863,0,12345
0.0,0.05,12,15,Std-CP,0.87,8.634918015747282,7.404409260801111,5.669013797725215,0,12345
0.0,0.05,12,15,Subsampling,1.0,,,,100,12345
0.0,0.05,12,20,Donor-HCP-no-within,0.91,9.337335899659564,9.630261051474879,1.2726939900178909,0,12345
0.0,0.05,12,20,Donor-HCP-within,0.92,6.602691673299399,6.70131020738517,0.49297516726642154,0,12345
0.0,0.05,12,20,HCP,1.0,,,,100,12345
0.0,0.05,12,20,Pooling,0.89,7.756080620321857,7.756080620321857,1.6604303726105399e-15,0,12345
0.0,0.05,12,20,Repeated,1.0,,,,100,12345
0.0,0.05,12,20,S-HCP-within,0.91,8.069181796790842,8.16078227271274,0.6453904836856296,0,12345
0.0,0.05,12,20,Std-CP,0.89,7.113894210702628,6.4416572959094545,2.8685209661112827,0,12345
0.0,0.05,12,20,Subsampling,1.0,,,,100,12345
0.0,0.05,12,25,Donor-HCP-no-within,0.92,7.82004226550324,7.759991990642401,2.060816929041377,0,12345
0.0,0.05,12,25,Donor-HCP-within,1.0,,,,100,12345
0.0,0.05,12,25,HCP,1.0,,,,100,12345
0.0,0.05,12,25,Pooling,0.89,7.756080620321857,7.756080620321857,1.6604303726105399e-15,0,12345
0.0,0.05,12,25,Repeated,1.0,,,,100,12345
0.0,0.05,12,25,S-HCP-within,1.0,,,,100,12345
0.0,0.05,12,25,Std-CP,0.9,6.679343876106113,6.43684842963418,2.18105924588683,0,12345
0.0,0.05,12,25,Subsampling,1.0,,,,100,12345
0.0,0.05,12,30,Donor-HCP-no-within,0.94,7.961080912603803,7.887731569430774,1.990413547666799,0,12345
0.0,0.05,12,30,Donor-HCP-within,1.0,,,,100,12345
0.0,0.05,12,30,HCP,1.0,,,,100,12345
0.0,0.05,12,30,Pooling,0.89,7.756080620321857,7.756080620321857,1.6604303726105399e-15,0,12345
0.0,0.05,12,30,Repeated,1.0,,,,100,12345
0.0,0.05,12,30,S-HCP-within,1.0,,,,100,12345
0.0,0.05,12,30,Std-CP,0.92,6.5669000384677,6.018089949619592,2.2851903295868103,0,12345
0.0,0.05,12,30,Subsampling,1.0,,,,100,12345
0.0,0.05,12,35,Donor-HCP-no-within,0.95,8.185298108691637,8.22594269252533,2.053455386444318,0,12345
0.0,0.05,12,35,Donor-HCP-within,1.0,,,,100,12345
0.0,0.05,12,35,HCP,1.0,,,,100,12345
0.0,0.05,12,35,Pooling,0.89,7.756080620321857,7.756080620321857,1.6604303726105399e-15,0,12345
0.0,0.05,12,35,Repeated,1.0,,,,100,12345
0.0,0.05,12,35,S-HCP-within,1.0,,,,100,12345
0.0,0.05,12,35,Std-CP,0.95,6.45573038956313,6.1630367822824486,1.9463253579949489,0,12345
0.0,0.05,12,35,Subsampling,1.0,,,,100,12345
0.0,0.05,13,0,Donor-HCP-no-within,1.0,,,,100,12345
0.0,0.05,13,0,Donor-HCP-within,1.0,,,,100,12345
0.0,0.05,13,0,HCP,1.0,,,,100,12345
0.0,0.05,13,0,Pooling,0.94,7.508716166331689,7.508716166331689,8.373826446313467e-16,0,12345
0.0,0.05,13,0,Repeated,1.0,,,,100,12345
0.0,0.05,13,0,S-HCP-within,1.0,,,,100,12345
0.0,0.05,13,0,Std-CP,1.0,,,,100,12345
0.0,0.05,13,0,Subsampling,1.0,,,,100,12345
0.0,0.05,13,5,Donor-HCP-no-within,1.0,,,,100,12345
0.0,0.05,13,5,Donor-HCP-within,1.0,,,,100,12345
0.0,0.05,13,5,HCP,1.0,,,,100,12345
0.0,0.05,13,5,Pooling,0.94,7.508716166331689,7.508716166331689,8.373826446313467e-16,0,12345
0.0,0.05,13,5,Repeated,1.0,,,,100,12345
0.0,0.05,13,5,S-HCP-within,0.95,9.463310295186531,9.497793042486428,1.2576186033090049,0,12345
0.0,0.05,13,5,Std-CP,0.71,5.84831868833222,4.943605519297245,4.6063327643959235,0,12345
0.0,0.05,13,5,Subsampling,1.0,,,,100,12345
0.0,0.05,13,10,Donor-HCP-no-within,1.0,13.485278308659579,13.428439843655767,0.647914103256572,0,12345
0.0,0.05,13,10,Donor-HCP-within,1.0,,,,100,12345
0.0,0.05,13,10,HCP,1.0,,,,100,12345
0.0,0.05,13,10,Pooling,0.94,7.508716166331689,7.508716166331689,8.373826446313467e-16,0,12345
0.0,0.05,13,10,Repeated,1.0,,,,100,12345
0.0,0.05,13,10,S-HCP-within,0.95,9.335202164528884,9.497793042486428,0.6436721265962998,0,12345
0.0,0.05,13,10,Std-CP,0.84,31.138990606082885,9.956407837387774,76.2593899214965,0,12345
0.0,0.05,13,10,Subsampling,1.0,,,,100,12345
0.0,0.05,13,15,Donor-HCP-no-within,0.97,10.344018916218324,10.44956265804344,0.665996797774692,0,12345
0.0,0.05,13,15,Donor-HCP-within,0.99,10.405793334443633,10.284479716580947,0.5307058142884156,0,12345
0.0,0.05,13,15,HCP,1.0,,,,100,12345
0.0,0.05,13,15,Pooling,0.94,7.508716166331689,7.508716166331689,8.373826446313467e-16,0,12345
0.0,0.05,13,15,Repeated,1.0,,,,100,12345
0.0,0.05,13,15,S-HCP-within,0.96,9.462496469242513,9.55538305566484,0.5355348622243433,0,12345
0.0,0.05,13,15,Std-CP,0.89,9.07097151869893,7.417868481778701,6.313611783487644,0,12345
0.0,0.05,13,15,Subsampling,1.0,,,,100,12345
0.0,0.05,13,20,Donor-HCP-no-within,0.94,9.121147432312629,9.327137579811243,0.7666307849933168,0,12345
0.0,0.05,13,20,Donor-HCP-within,0.95,6.705961645425233,6.68204770917832,0.37530352698257047,0,12345
0.0,0.05,13,20,HCP,1.0,,,,100,12345
0.0,0.05,13,20,Pooling,0.94,7.508716166331689,7.508716166331689,8.373826446313467e-16,0,12345
0.0,0.05,13,20,Repeated,1.0,,,,100,12345
0.0,0.05,13,20,S-HCP-within,0.95,9.265893180964452,9.440986190040107,0.40208937942992196,0,12345
0.0,0.05,13,20,Std-CP,0.9,6.325821520909893,5.690621474888034,2.721438342244684,0,12345
0.0,0.05,13,20,Subsampling,1.0,,,,100,12345
0.0,0.05,13,25,Donor-HCP-no-within,0.96,7.291722189281071,6.909021505994429,2.083026728734905,0,12345
0.0,0.05,13,25,Donor-HCP-within,1.0,,,,100,12345
0.0,0.05,13,25,HCP,1.0,,,,100,12345
0.0,0.05,13,25,Pooling,0.94,7.508716166331689,7.508716166331689,8.373826446313467e-16,0,12345
0.0,0.05,13,25,Repeated,1.0,,,,100,12345
0.0,0.05,13,25,S-HCP-within,1.0,,,,100,12345
0.0,0.05,13,25,Std-CP,0.95,6.514421800162797,6.206327295228302,2.445038868570014,0,12345
0.0,0.05,13,25,Subsampling,1.0,,,,100,12345
0.0,0.05,13,30,Donor-HCP-no-within,0.96,7.590595574745508,7.385123368436362,2.18139923646431,0,12345
0.0,0.05,13,30,Donor-HCP-within,1.0,,,,100,12345
0.0,0.05,13,30,HCP,1.0,,,,100,12345
0.0,0.05,13,30,Pooling,0.94,7.508716166331689,7.508716166331689,8.373826446313467e-16,0,12345
0.0,0.05,13,30,Repeated,1.0,,,,100,12345
0.0,0.05,13,30,S-HCP-within,1.0,,,,100,12345
0.0,0.05,13,30,Std-CP,0.97,6.127835727386294,6.02087263359886,1.9354440602327272,0,12345
0.0,0.05,13,30,Subsampling,1.0,,,,100,12345
0.0,0.05,13,35,Donor-HCP-no-within,0.97,7.733843411968616,7.5663963924184845,2.1867381942832176,0,12345
0.0,0.05,13,35,Donor-HCP-within,1.0,,,,100,12345
0.0,0.05,13,35,HCP,1.0,,,,100,12345
0.0,0.05,13,35,Pooling,0.94,7.508716166331689,7.508716166331689,8.373826446313467e-16,0,12345
0.0,0.05,13,35,Repeated,1.0,,,,100,12345
0.0,0.05,13,35,S-HCP-within,1.0,,,,100,12345
0.0,0.05,13,35,Std-CP,0.96,6.307639417670288,5.934232783928574,1.899615847661698,0,12345
0.0,0.05,13,35,Subsampling,1.0,,,,100,12345
0.0,0.05,14,0,Donor-HCP-no-within,1.0,,,,100,12345
0.0,0.05,14,0,Donor-HCP-within,1.0,,,,100,12345
0.0,0.05,14,0,HCP,1.0,,,,100,12345
0.0,0.05,14,0,Pooling,0.94,9.572891243519571,9.572891243519571,4.373088237462239e-16,0,12345
0.0,0.05,14,0,Repeated,1.0,,,,100,12345
0.0,0.05,14,0,S-HCP-within,1.0,,,,100,12345
0.0,0.05,14,0,Std-CP,1.0,,,,100,12345
0.0,0.05,14,0,Subsampling,1.0,,,,100,12345
0.0,0.05,14,5,Donor-HCP-no-within,1.0,,,,100,12345
0.0,0.05,14,5,Donor-HCP-within,1.0,,,,100,12345
0.0,0.05,14,5,HCP,1.0,,,,100,12345
0.0,0.05,14,5,Pooling,0.94,9.572891243519571,9.572891243519571,4.373088237462239e-16,0,12345
0.0,0.05,14,5,Repeated,1.0,,,,100,12345
0.0,0.05,14,5,S-HCP-within,0.99,9.814941963788964,9.874475769717343,0.917393710607944,0,12345
0.0,0.05,14,5,Std-CP,0.69,5.793057473382073,4.3212305147963015,4.3682531758885395,0,12345
0.0,0.05,14,5,Subsampling,1.0,,,,100,12345
0.0,0.05,14,10,Donor-HCP-no-within,1.0,13.767226207823219,13.81990055116028,1.8069284625426396,0,12345
0.0,0.05,14,10,Donor-HCP-within,1.0,,,,100,12345
0.0,0.05,14,10,HCP,1.0,,,,100,12345
0.0,0.05,14,10,Pooling,0.94,9.572891243519571,9.572891243519571,4.373088237462239e-16,0,12345
0.0,0.05,14,10,Repeated,1.0,,,,100,12345
0.0,0.05,14,10,S-HCP-within,0.99,9.799561486812213,9.874475769717343,0.727549118177345,0,12345
0.0,0.05,14,10,Std-CP,0.77,104.72982577733782,14.465364660748094,748.3226360140127,0,12345
0.0,0.05,14,10,Subsampling,1.0,,,,100,12345
0.0,0.05,14,15,Donor-HCP-no-within,0.96,10.08143145837358,10.132365343122267,1.3368563805813933,0,12345
0.0,0.05,14,15,Donor-HCP-within,0.98,8.974848306883343,9.105561191953718,0.7663918677668995,0,12345
0.0,0.05,14,15,HCP,1.0,,,,100,12345
0.0,0.05,14,15,Pooling,0.94,9.572891243519571,9.572891243519571,4.373088237462239e-16,0,12345
0.0,0.05,14,15,Repeated,1.0,,,,100,12345
0.0,0.05,14,15,S-HCP-within,0.99,9.749755447840036,9.523537208036103,0.579444121013927,0,12345
0.0,0.05,14,15,Std-CP,0.87,9.604246361581511,7.149947910952035,8.35071700856711,0,12345
0.0,0.05,14,15,Subsampling,1.0,,,,100,12345
0.0,0.05,14,20,Donor-HCP-no-within,0.94,9.025697703640112,8.880451677075598,1.1793973124365378,0,12345
0.0,0.05,14,20,Donor-HCP-within,0.95,6.761002223145722,6.822145800825339,0.479309953615407,0,12345
0.0,0.05,14,20,HCP,1.0,,,,100,12345
0.0,0.05,14,20,Pooling,0.94,9.572891243519571,9.572891243519571,4.373088237462239e-16,0,12345
0.0,0.05,14,20,Repeated,1.0,,,,100,12345
0.0,0.05,14,20,S-HCP-within,0.98,9.466249852801253,9.5084887080707,0.4155013874892031,0,12345
0.0,0.05,14,20,Std-CP,0.91,7.0486176569599195,6.528618789676228,2.817783407779936,0,12345
0.0,0.05,14,20,Subsampling,1.0,,,,100,12345
0.0,0.05,14,25,Donor-HCP-no-within,0.93,7.634067076139799,7.33593851719172,2.3426651126910425,0,12345
0.0,0.05,14,25,Donor-HCP-within,1.0,,,,100,12345
0.0,0.05,14,25,HCP,1.0,,,,100,12345
0.0,0.05,14,25,Pooling,0.94,9.572891243519571,9.572891243519571,4.373088237462239e-16,0,12345
0.0,0.05,14,25,Repeated,1.0,,,,100,12345
0.0,0.05,14,25,S-HCP-within,1.0,,,,100,12345
0.0,0.05,14,25,Std-CP,0.92,6.905201501201621,6.548571069505188,2.181034852806337,0,12345
0.0,0.05,14,25,Subsampling,1.0,,,,100,12345
0.0,0.05,14,30,Donor-HCP-no-within,0.93,7.845694451126979,7.5097776273447785,2.259812031266875,0,12345
0.0,0.05,14,30,Donor-HCP-within,1.0,,,,100,12345
0.0,0.05,14,30,HCP,1.0,,,,100,12345
0.0,0.05,14,30,Pooling,0.94,9.572891243519571,9.572891243519571,4.373088237462239e-16,0,12345
0.0,0.05,14,30,Repeated,1.0,,,,100,12345
0.0,0.05,14,30,S-HCP-within,1.0,,,,100,12345
0.0,0.05,14,30,Std-CP,0.91,6.381943817950791,6.1213389955526925,2.17080144448957,0,12345
0.0,0.05,14,30,Subsampling,1.0,,,,100,12345
0.0,0.05,14,35,Donor-HCP-no-within,0.93,7.97794527722449,7.597448885479844,2.223794147435575,0,12345
0.0,0.05,14,35,Donor-HCP-within,1.0,,,,100,12345
0.0,0.05,14,35,HCP,1.0,,,,100,12345
0.0,0.05,14,35,Pooling,0.94,9.572891243519571,9.572891243519571,4.373088237462239e-16,0,12345
0.0,0.05,14,35,Repeated,1.0,,,,100,12345
0.0,0.05,14,35,S-HCP-within,1.0,,,,100,12345
0.0,0.05,14,35,Std-CP,0.95,6.348904855824968,6.001382405101861,1.7945531986201135,0,12345
0.0,0.05,14,35,Subsampling,1.0,,,,100,12345
0.0,0.05,15,0,Donor-HCP-no-within,1.0,,,,100,12345
0.0,0.05,15,0,Donor-HCP-within,1.0,,,,100,12345
0.0,0.05,15,0,HCP,1.0,,,,100,12345
0.0,0.05,15,0,Pooling,0.82,5.666022527267266,5.666022527267266,2.822816319197799e-16,0,12345
0.0,0.05,15,0,Repeated,1.0,,,,100,12345
0.0,0.05,15,0,S-HCP-within,1.0,,,,100,12345
0.0,0.05,15,0,Std-CP,1.0,,,,100,12345
0.0,0.05,15,0,Subsampling,1.0,,,,100,12345
0.0,0.05,15,5,Donor-HCP-no-within,1.0,,,,100,12345
0.0,0.05,15,5,Donor-HCP-within,1.0,,,,100,12345
0.0,0.05,15,5,HCP,1.0,,,,100,12345
0.0,0.05,15,5,Pooling,0.82,5.666022527267266,5.666022527267266,2.822816319197799e-16,0,12345
0.0,0.05,15,5,Repeated,1.0,,,,100,12345
0.0,0.05,15,5,S-HCP-within,0.94,7.2857084307680715,7.276774591339617,1.7557857163783512,0,12345
0.0,0.05,15,5,Std-CP,0.73,5.575785797247314,4.312282399707918,5.002959602012355,0,12345
0.0,0.05,15,5,Subsampling,1.0,,,,100,12345
0.0,0.05,15,10,Donor-HCP-no-within,1.0,10.132991506991315,9.677875095870249,1.612819624093135,0,12345
0.0,0.05,15,10,Donor-HCP-within,1.0,,,,100,12345
0.0,0.05,15,10,HCP,1.0,,,,100,12345
0.0,0.05,15,10,Pooling,0.82,5.666022527267266,5.666022527267266,2.822816319197799e-16,0,12345
0.0,0.05,15,10,Repeated,1.0,,,,100,12345
0.0,0.05,15,10,S-HCP-within,0.92,7.195363833650162,6.84790790695942,1.5050451047859537,0,12345
0.0,0.05,15,10,Std-CP,0.84,59.99128519850328,12.006930603925337,171.4896768473157,0,12345
0.0,0.05,15,10,Subsampling,1.0,,,,100,12345
0.0,0.05,15,15,Donor-HCP-no-within,0.96,7.475109219191227,7.099979871418844,1.2899445753219438,0,12345
0.0,0.05,15,15,Donor-HCP-within,1.0,8.705458350019967,8.649621989722196,0.3949502696157534,0,12345
0.0,0.05,15,15,HCP,1.0,,,,100,12345
0.0,0.05,15,15,Pooling,0.82,5.666022527267266,5.666022527267266,2.822816319197799e-16,0,12345
0.0,0.05,15,15,Repeated,1.0,,,,100,12345
0.0,0.05,15,15,S-HCP-within,0.95,7.4043894278851665,7.276774591339617,1.6486142668961574,0,12345
0.0,0.05,15,15,Std-CP,0.95,8.18735214069363,7.186071943979193,4.133687715886724,0,12345
0.0,0.05,15,15,Subsampling,1.0,,,,100,12345
0.0,0.05,15,20,Donor-HCP-no-within,0.92,6.330568919692788,5.8776809997487,1.2093659547438325,0,12345
0.0,0.05,15,20,Donor-HCP-within,0.94,6.030738760237425,6.023010893348599,0.6114040794691753,0,12345
0.0,0.05,15,20,HCP,1.0,,,,100,12345
0.0,0.05,15,20,Pooling,0.82,5.666022527267266,5.666022527267266,2.822816319197799e-16,0,12345
0.0,0.05,15,20,Repeated,1.0,,,,100,12345
0.0,0.05,15,20,S-HCP-within,0.9,6.71058194153758,6.296923160832897,1.4110725921127978,0,12345
0.0,0.05,15,20,Std-CP,0.93,6.544808730605978,6.049595003366436,2.841879840750903,0,12345
0.0,0.05,15,20,Subsampling,1.0,,,,100,12345
0.0,0.05,15,25,Donor-HCP-no-within,0.96,7.597454483675899,6.533685132203589,3.5472949942346816,0,12345
0.0,0.05,15,25,Donor-HCP-within,1.0,,,,100,12345
0.0,0.05,15,25,HCP,1.0,,,,100,12345
0.0,0.05,15,25,Pooling,0.82,5.666022527267266,5.666022527267266,2.822816319197799e-16,0,12345
0.0,0.05,15,25,Repeated,1.0,,,,100,12345
0.0,0.05,15,25,S-HCP-within,1.0,,,,100,12345
0.0,0.05,15,25,Std-CP,0.95,7.004821284738517,6.56081563860139,2.6752419880706566,0,12345
0.0,0.05,15,25,Subsampling,1.0,,,,100,12345
0.0,0.05,15,30,Donor-HCP-no-within,0.98,7.851706608716622,6.630596831686493,3.6751161703103206,0,12345
0.0,0.05,15,30,Donor-HCP-within,1.0,,,,100,12345
0.0,0.05,15,30,HCP,1.0,,,,100,12345
0.0,0.05,15,30,Pooling,0.82,5.666022527267266,5.666022527267266,2.822816319197799e-16,0,12345
0.0,0.05,15,30,Repeated,1.0,,,,100,12345
0.0,0.05,15,30,S-HCP-within,1.0,,,,100,12345
0.0,0.05,15,30,Std-CP,0.92,6.287368950143443,6.144211274414847,2.1442517085313795,0,12345
0.0,0.05,15,30,Subsampling,1.0,,,,100,12345
0.0,0.05,15,35,Donor-HCP-no-within,0.98,8.067562820367554,6.879180712368861,3.6739323559301718,0,12345
0.0,0.05,15,35,Donor-HCP-within,1.0,,,,100,12345
0.0,0.05,15,35,HCP,1.0,,,,100,12345
0.0,0.05,15,35,Pooling,0.82,5.666022527267266,5.666022527267266,2.822816319197799e-16,0,12345
0.0,0.05,15,35,Repeated,1.0,,,,100,12345
0.0,0.05,15,35,S-HCP-within,1.0,,,,100,12345
0.0,0.05,15,35,Std-CP,0.96,6.168139794518594,5.829449381534726,1.956958093329836,0,12345
0.0,0.05,15,35,Subsampling,1.0,,,,100,12345
0.0,0.05,16,0,Donor-HCP-no-within,1.0,,,,100,12345
0.0,0.05,16,0,Donor-HCP-within,1.0,,,,100,12345
0.0,0.05,16,0,HCP,1.0,,,,100,12345
0.0,0.05,16,0,Pooling,0.97,9.481799890311379,9.481799890311379,0.0,0,12345
0.0,0.05,16,0,Repeated,1.0,,,,100,12345
0.0,0.05,16,0,S-HCP-within,1.0,,,,100,12345
0.0,0.05,16,0,Std-CP,1.0,,,,100,12345
0.0,0.05,16,0,Subsampling,1.0,,,,100,12345
0.0,0.05,16,5,Donor-HCP-no-within,1.0,,,,100,12345
0.0,0.05,16,5,Donor-HCP-within,1.0,,,,100,12345
0.0,0.05,16,5,HCP,1.0,,,,100,12345
0.0,0.05,16,5,Pooling,0.97,9.481799890311379,9.481799890311379,0.0,0,12345
0.0,0.05,16,5,Repeated,1.0,,,,100,12345
0.0,0.05,16,5,S-HCP-within,0.89,7.527543235732495,7.223750069173732,1.2652826099684211,0,12345
0.0,0.05,16,5,Std-CP,0.72,7.22429786945625,4.7871366570717635,8.08274538582301,0,12345
0.0,0.05,16,5,Subsampling,1.0,,,,100,12345
0.0,0.05,16,10,Donor-HCP-no-within,0.99,12.655043633666754,12.772790984831914,1.3076855009951376,0,12345
0.0,0.05,16,10,Donor-HCP-within,1.0,,,,100,12345
0.0,0.05,16,10,HCP,1.0,,,,100,12345
0.0,0.05,16,10,Pooling,0.97,9.481799890311379,9.481799890311379,0.0,0,12345
0.0,0.05,16,10,Repeated,1.0,,,,100,12345
0.0,0.05,16,10,S-HCP-within,0.85,7.169981965482233,7.198649445589048,0.6595356094225386,0,12345
0.0,0.05,16,10,Std-CP,0.84,35.71659601739247,15.051308660148685,72.96258733910298,0,12345
0.0,0.05,16,10,Subsampling,1.0,,,,100,12345
0.0,0.05,16,15,Donor-HCP-no-within,0.98,10.52769468014591,10.645540689789414,1.1188799620943282,0,12345
0.0,0.05,16,15,Donor-HCP-within,0.98,8.875610888361006,9.067968377149256,0.8712213678103599,0,12345
0.0,0.05,16,15,HCP,1.0,,,,100,12345
0.0,0.05,16,15,Pooling,0.97,9.481799890311379,9.481799890311379,0.0,0,12345
0.0,0.05,16,15,Repeated,1.0,,,,100,12345
0.0,0.05,16,15,S-HCP-within,0.88,7.380391723085272,7.223750069173732,0.8064643696734846,0,12345
0.0,0.05,16,15,Std-CP,0.88,9.533061089533835,7.990373466594599,7.140007609664634,0,12345
0.0,0.05,16,15,Subsampling,1.0,,,,100,12345
0.0,0.05,16,20,Donor-HCP-no-within,0.96,9.802244202706335,9.940085598206196,1.300248805622302,0,12345
0.0,0.05,16,20,Donor-HCP-within,0.95,6.353650171786068,6.293414160997514,0.47546952700516737,0,12345
0.0,0.05,16,20,HCP,1.0,,,,100,12345
0.0,0.05,16,20,Pooling,0.97,9.481799890311379,9.481799890311379,0.0,0,12345
0.0,0.05,16,20,Repeated,1.0,,,,100,12345
0.0,0.05,16,20,S-HCP-within,0.86,7.093102048283372,7.185280673577395,0.6178406296101986,0,12345
0.0,0.05,16,20,Std-CP,0.92,6.524337066290014,6.307387681923803,2.4269278110128565,0,12345
0.0,0.05,16,20,Subsampling,1.0,,,,100,12345
0.0,0.05,16,25,Donor-HCP-no-within,0.95,7.677064224306928,7.176631208627388,2.385686789321499,0,12345
0.0,0.05,16,25,Donor-HCP-within,1.0,,,,100,12345
0.0,0.05,16,25,HCP,1.0,,,,100,12345
0.0,0.05,16,25,Pooling,0.97,9.481799890311379,9.481799890311379,0.0,0,12345
0.0,0.05,16,25,Repeated,1.0,,,,100,12345
0.0,0.05,16,25,S-HCP-within,1.0,,,,100,12345
0.0,0.05,16,25,Std-CP,0.94,6.571806523934242,6.172288794703785,2.0487491924653414,0,12345
0.0,0.05,16,25,Subsampling,1.0,,,,100,12345
0.0,0.05,16,30,Donor-HCP-no-within,0.96,7.872415892244541,7.642045746670579,2.385063119394626,0,12345
0.0,0.05,16,30,Donor-HCP-within,1.0,,,,100,12345
0.0,0.05,16,30,HCP,1.0,,,,100,12345
0.0,0.05,16,30,Pooling,0.97,9.481799890311379,9.481799890311379,0.0,0,12345
0.0,0.05,16,30,Repeated,1.0,,,,100,12345
0.0,0.05,16,30,S-HCP-within,1.0,,,,100,12345
0.0,0.05,16,30,Std-CP,0.96,6.20580030874596,5.863092379233735,2.1670655635461675,0,12345
0.0,0.05,16,30,Subsampling,1.0,,,,100,12345
0.0,0.05,16,35,Donor-HCP-no-within,0.98,8.196595624570282,7.965687197288658,2.414219134771237,0,12345
0.0,0.05,16,35,Donor-HCP-within,1.0,,,,100,12345
0.0,0.05,16,35,HCP,1.0,,,,100,12345
0.0,0.05,16,35,Pooling,0.97,9.481799890311379,9.481799890311379,0.0,0,12345
0.0,0.05,16,35,Repeated,1.0,,,,100,12345
0.0,0.05,16,35,S-HCP-within,1.0,,,,100,12345
0.0,0.05,16,35,Std-CP,0.94,6.330546414301552,6.28968462123605,1.5086022058936863,0,12345
0.0,0.05,16,35,Subsampling,1.0,,,,100,12345
0.0,0.05,17,0,Donor-HCP-no-within,1.0,,,,100,12345
0.0,0.05,17,0,Donor-HCP-within,1.0,,,,100,12345
0.0,0.05,17,0,HCP,1.0,,,,100,12345
0.0,0.05,17,0,Pooling,0.93,7.2383352690128575,7.2383352690128575,8.51536593133599e-16,0,12345
0.0,0.05,17,0,Repeated,1.0,,,,100,12345
0.0,0.05,17,0,S-HCP-within,1.0,,,,100,12345
0.0,0.05,17,0,Std-CP,1.0,,,,100,12345
0.0,0.05,17,0,Subsampling,1.0,,,,100,12345
0.0,0.05,17,5,Donor-HCP-no-within,1.0,,,,100,12345
0.0,0.05,17,5,Donor-HCP-within,1.0,,,,100,12345
0.0,0.05,17,5,HCP,1.0,,,,100,12345
0.0,0.05,17,5,Pooling,0.93,7.2383352690128575,7.2383352690128575,8.51536593133599e-16,0,12345
0.0,0.05,17,5,Repeated,1.0,,,,100,12345
0.0,0.05,17,5,S-HCP-within,0.91,7.771738028618947,7.968582210446286,1.1847371693751636,0,12345
0.0,0.05,17,5,Std-CP,0.7,5.3889656037261275,4.704784073599646,3.000060910586734,0,12345
0.0,0.05,17,5,Subsampling,1.0,,,,100,12345
0.0,0.05,17,10,Donor-HCP-no-within,0.99,10.699707986600473,10.462693646642665,0.8232518421717406,0,12345
0.0,0.05,17,10,Donor-HCP-within,1.0,,,,100,12345
0.0,0.05,17,10,HCP,1.0,,,,100,12345
0.0,0.05,17,10,Pooling,0.93,7.2383352690128575,7.2383352690128575,8.51536593133599e-16,0,12345
0.0,0.05,17,10,Repeated,1.0,,,,100,12345
0.0,0.05,17,10,S-HCP-within,0.91,7.8630889118001415,7.968582210446286,0.9523083209930528,0,12345
0.0,0.05,17,10,Std-CP,0.81,22.209126345696742,11.371869699632391,49.386855542301845,0,12345
0.0,0.05,17,10,Subsampling,1.0,,,,100,12345
0.0,0.05,17,15,Donor-HCP-no-within,0.97,9.202524047187246,9.489587081404949,0.5593358713616847,0,12345
0.0,0.05,17,15,Donor-HCP-within,0.99,8.982268238983213,8.890823990391347,0.2519267457921195,0,12345
0.0,0.05,17,15,HCP,1.0,,,,100,12345
0.0,0.05,17,15,Pooling,0.93,7.2383352690128575,7.2383352690128575,8.51536593133599e-16,0,12345
0.0,0.05,17,15,Repeated,1.0,,,,100,12345
0.0,0.05,17,15,S-HCP-within,0.94,7.800716044810287,7.818864314432638,0.9843455136196857,0,12345
0.0,0.05,17,15,Std-CP,0.92,8.198341799568245,6.556818152261077,7.292216520809634,0,12345
0.0,0.05,17,15,Subsampling,1.0,,,,100,12345
0.0,0.05,17,20,Donor-HCP-no-within,0.95,8.200612021604138,8.320881716973311,0.7332082663513655,0,12345
0.0,0.05,17,20,Donor-HCP-within,0.96,6.399083752031788,6.428667847824798,0.30260545366602903,0,12345
0.0,0.05,17,20,HCP,1.0,,,,100,12345
0.0,0.05,17,20,Pooling,0.93,7.2383352690128575,7.2383352690128575,8.51536593133599e-16,0,12345
0.0,0.05,17,20,Repeated,1.0,,,,100,12345
0.0,0.05,17,20,S-HCP-within,0.92,7.46405307985982,7.110381763203549,0.8152301384406322,0,12345
0.0,0.05,17,20,Std-CP,0.94,6.684603656335457,6.079634959970422,3.0968837096945014,0,12345
0.0,0.05,17,20,Subsampling,1.0,,,,100,12345
0.0,0.05,17,25,Donor-HCP-no-within,0.97,7.716985281614479,7.602305354943592,2.0643779005969223,0,12345
0.0,0.05,17,25,Donor-HCP-within,1.0,,,,100,12345
0.0,0.05,17,25,HCP,1.0,,,,100,12345
0.0,0.05,17,25,Pooling,0.93,7.2383352690128575,7.2383352690128575,8.51536593133599e-16,0,12345
0.0,0.05,17,25,Repeated,1.0,,,,100,12345
0.0,0.05,17,25,S-HCP-within,1.0,,,,100,12345
0.0,0.05,17,25,Std-CP,0.97,6.574751179458438,6.192658896529828,2.4192572265609154,0,12345
0.0,0.05,17,25,Subsampling,1.0,,,,100,12345
0.0,0.05,17,30,Donor-HCP-no-within,0.98,7.813847434034531,7.659109927909869,2.0537246889971232,0,12345
0.0,0.05,17,30,Donor-HCP-within,1.0,,,,100,12345
0.0,0.05,17,30,HCP,1.0,,,,100,12345
0.0,0.05,17,30,Pooling,0.93,7.2383352690128575,7.2383352690128575,8.51536593133599e-16,0,12345
0.0,0.05,17,30,Repeated,1.0,,,,100,12345
0.0,0.05,17,30,S-HCP-within,1.0,,,,100,12345
0.0,0.05,17,30,Std-CP,0.97,6.272865976590448,5.934988617705002,1.919441062574878,0,12345
0.0,0.05,17,30,Subsampling,1.0,,,,100,12345
0.0,0.05,17,35,Donor-HCP-no-within,0.99,7.918758595737691,7.797035719490584,2.05326980013448,0,12345
0.0,0.05,17,35,Donor-HCP-within,1.0,,,,100,12345
0.0,0.05,17,35,HCP,1.0,,,,100,12345
0.0,0.05,17,35,Pooling,0.93,7.2383352690128575,7.2383352690128575,8.51536593133599e-16,0,12345
0.0,0.05,17,35,Repeated,1.0,,,,100,12345
0.0,0.05,17,35,S-HCP-within,1.0,,,,100,12345
0.0,0.05,17,35,Std-CP,0.97,6.512480916251027,6.198090845296528,2.053094989124205,0,12345
0.0,0.05,17,35,Subsampling,1.0,,,,100,12345
0.0,0.05,18,0,Donor-HCP-no-within,1.0,,,,100,12345
0.0,0.05,18,0,Donor-HCP-within,1.0,,,,100,12345
0.0,0.05,18,0,HCP,1.0,,,,100,12345
0.0,0.05,18,0,Pooling,1.0,12.581548295683135,12.581548295683135,9.940161993243608e-16,0,12345
0.0,0.05,18,0,Repeated,1.0,,,,100,12345
0.0,0.05,18,0,S-HCP-within,1.0,,,,100,12345
0.0,0.05,18,0,Std-CP,1.0,,,,100,12345
0.0,0.05,18,0,Subsampling,1.0,,,,100,12345
0.0,0.05,18,5,Donor-HCP-no-within,1.0,,,,100,12345
0.0,0.05,18,5,Donor-HCP-within,1.0,,,,100,12345
0.0,0.05,18,5,HCP,1.0,,,,100,12345
0.0,0.05,18,5,Pooling,1.0,12.581548295683135,12.581548295683135,9.940161993243608e-16,0,12345
0.0,0.05,18,5,Repeated,1.0,,,,100,12345
0.0,0.05,18,5,S-HCP-within,0.99,12.96684293198611,12.659315081581921,0.9393722485368063,0,12345
0.0,0.05,18,5,Std-CP,0.75,6.726137421765259,5.042552923209783,6.288630335213305,0,12345
0.0,0.05,18,5,Subsampling,1.0,,,,100,12345
0.0,0.05,18,10,Donor-HCP-no-within,1.0,16.48591537406846,16.719402450216982,2.642737877013746,0,12345
0.0,0.05,18,10,Donor-HCP-within,1.0,,,,100,12345
0.0,0.05,18,10,HCP,1.0,,,,100,12345
0.0,0.05,18,10,Pooling,1.0,12.581548295683135,12.581548295683135,9.940161993243608e-16,0,12345
0.0,0.05,18,10,Repeated,1.0,,,,100,12345
0.0,0.05,18,10,S-HCP-within,0.99,12.896638702866099,12.781258640752121,0.7158326283275952,0,12345
0.0,0.05,18,10,Std-CP,0.88,24.52607018897993,11.909717382884157,47.27068292341882,0,12345
0.0,0.05,18,10,Subsampling,1.0,,,,100,12345
0.0,0.05,18,15,Donor-HCP-no-within,1.0,14.28779977492765,14.327886532046282,2.250373772776312,0,12345
0.0,0.05,18,15,Donor-HCP-within,1.0,11.605293077394988,11.911446127995461,1.4895420221919742,0,12345
0.0,0.05,18,15,HCP,1.0,,,,100,12345
0.0,0.05,18,15,Pooling,1.0,12.581548295683135,12.581548295683135,9.940161993243608e-16,0,12345
0.0,0.05,18,15,Repeated,1.0,,,,100,12345
0.0,0.05,18,15,S-HCP-within,0.99,12.72601750438241,12.659315081581918,0.5186962273501174,0,12345
0.0,0.05,18,15,Std-CP,0.86,8.761128232222706,7.397756271123656,4.173363745159595,0,12345
0.0,0.05,18,15,Subsampling,1.0,,,,100,12345
0.0,0.05,18,20,Donor-HCP-no-within,0.97,12.881243625195637,12.802548142609425,2.2708263930435453,0,12345
0.0,0.05,18,20,Donor-HCP-within,0.99,9.78725803563976,9.897709288285093,1.2853324535131945,0,12345
0.0,0.05,18,20,HCP,1.0,,,,100,12345
0.0,0.05,18,20,Pooling,1.0,12.581548295683135,12.581548295683135,9.940161993243608e-16,0,12345
0.0,0.05,18,20,Repeated,1.0,,,,100,12345
0.0,0.05,18,20,S-HCP-within,0.99,12.57399271808594,12.653967963411624,0.3987326241008878,0,12345
0.0,0.05,18,20,Std-CP,0.89,7.195464616892861,6.71433118989318,3.2089568648574667,0,12345
0.0,0.05,18,20,Subsampling,1.0,,,,100,12345
0.0,0.05,18,25,Donor-HCP-no-within,0.98,7.587069976250647,7.238621365437995,1.9005500689112071,0,12345
0.0,0.05,18,25,Donor-HCP-within,1.0,,,,100,12345
0.0,0.05,18,25,HCP,1.0,,,,100,12345
0.0,0.05,18,25,Pooling,1.0,12.581548295683135,12.581548295683135,9.940161993243608e-16,0,12345
0.0,0.05,18,25,Repeated,1.0,,,,100,12345
0.0,0.05,18,25,S-HCP-within,1.0,,,,100,12345
0.0,0.05,18,25,Std-CP,0.92,6.7317550884796,6.220878763774053,2.4585023914385813,0,12345
0.0,0.05,18,25,Subsampling,1.0,,,,100,12345
0.0,0.05,18,30,Donor-HCP-no-within,0.98,7.82087022336536,7.396440461252661,1.9633554527551313,0,12345
0.0,0.05,18,30,Donor-HCP-within,1.0,,,,100,12345
0.0,0.05,18,30,HCP,1.0,,,,100,12345
0.0,0.05,18,30,Pooling,1.0,12.581548295683135,12.581548295683135,9.940161993243608e-16,0,12345
0.0,0.05,18,30,Repeated,1.0,,,,100,12345
0.0,0.05,18,30,S-HCP-within,1.0,,,,100,12345
0.0,0.05,18,30,Std-CP,0.93,6.911844684862794,6.553280473450478,2.3828723530597773,0,12345
0.0,0.05,18,30,Subsampling,1.0,,,,100,12345
0.0,0.05,18,35,Donor-HCP-no-within,0.99,8.08649161415446,7.824366203952834,1.9325961902363733,0,12345
0.0,0.05,18,35,Donor-HCP-within,1.0,,,,100,12345
0.0,0.05,18,35,HCP,1.0,,,,100,12345
0.0,0.05,18,35,Pooling,1.0,12.581548295683135,12.581548295683135,9.940161993243608e-16,0,12345
0.0,0.05,18,35,Repeated,1.0,,,,100,12345
0.0,0.05,18,35,S-HCP-within,1.0,,,,100,12345
0.0,0.05,18,35,Std-CP,0.95,6.3434920821416725,6.266230633035107,1.6865187072446561,0,12345
0.0,0.05,18,35,Subsampling,1.0,,,,100,12345
0.0,0.05,19,0,Donor-HCP-no-within,1.0,,,,100,12345
0.0,0.05,19,0,Donor-HCP-within,1.0,,,,100,12345
0.0,0.05,19,0,HCP,1.0,,,,100,12345
0.0,0.05,19,0,Pooling,0.97,9.768599304826722,9.768599304826722,6.914459619635975e-16,0,12345
0.0,0.05,19,0,Repeated,1.0,,,,100,12345
0.0,0.05,19,0,S-HCP-within,1.0,,,,100,12345
0.0,0.05,19,0,Std-CP,1.0,,,,100,12345
0.0,0.05,19,0,Subsampling,1.0,,,,100,12345
0.0,0.05,19,5,Donor-HCP-no-within,1.0,,,,100,12345
0.0,0.05,19,5,Donor-HCP-within,1.0,,,,100,12345
0.0,0.05,19,5,HCP,1.0,,,,100,12345
0.0,0.05,19,5,Pooling,0.97,9.768599304826722,9.768599304826722,6.914459619635975e-16,0,12345
0.0,0.05,19,5,Repeated,1.0,,,,100,12345
0.0,0.05,19,5,S-HCP-within,0.95,10.21892615768619,10.092149704610431,0.7877290514815001,0,12345
0.0,0.05,19,5,Std-CP,0.73,6.290670489015477,4.795287157433185,4.803116086767503,0,12345
0.0,0.05,19,5,Subsampling,1.0,,,,100,12345
0.0,0.05,19,10,Donor-HCP-no-within,0.99,13.49679056914684,13.839927153959792,1.52537669534802,0,12345
0.0,0.05,19,10,Donor-HCP-within,1.0,,,,100,12345
0.0,0.05,19,10,HCP,1.0,,,,100,12345
0.0,0.05,19,10,Pooling,0.97,9.768599304826722,9.768599304826722,6.914459619635975e-16,0,12345
0.0,0.05,19,10,Repeated,1.0,,,,100,12345
0.0,0.05,19,10,S-HCP-within,0.94,10.025484868568519,9.980086828627627,0.4810698308746825,0,12345
0.0,0.05,19,10,Std-CP,0.88,101.94722148967041,13.45884503915205,561.8154254245325,0,12345
0.0,0.05,19,10,Subsampling,1.0,,,,100,12345
0.0,0.05,19,15,Donor-HCP-no-within,0.98,11.072922675204106,11.239283535706026,0.9916755890247441,0,12345
0.0,0.05,19,15,Donor-HCP-within,0.97,9.09754483740659,8.99022321485474,0.5859008612425797,0,12345
0.0,0.05,19,15,HCP,1.0,,,,100,12345
0.0,0.05,19,15,Pooling,0.97,9.768599304826722,9.768599304826722,6.914459619635975e-16,0,12345
0.0,0.05,19,15,Repeated,1.0,,,,100,12345
0.0,0.05,19,15,S-HCP-within,0.97,10.110068065878403,10.032352944538864,0.46397933470184727,0,12345
0.0,0.05,19,15,Std-CP,0.88,9.754297158515111,7.598306078814479,7.420437008301836,0,12345
0.0,0.05,19,15,Subsampling,1.0,,,,100,12345
0.0,0.05,19,20,Donor-HCP-no-within,0.97,10.322822814506361,10.363812815660488,1.107165204290763,0,12345
0.0,0.05,19,20,Donor-HCP-within,0.98,7.473925781369587,7.5109148882922065,0.4664459929158093,0,12345
0.0,0.05,19,20,HCP,1.0,,,,100,12345
0.0,0.05,19,20,Pooling,0.97,9.768599304826722,9.768599304826722,6.914459619635975e-16,0,12345
0.0,0.05,19,20,Repeated,1.0,,,,100,12345
0.0,0.05,19,20,S-HCP-within,0.94,10.004807302816468,9.980086828627627,0.32300706526963174,0,12345
0.0,0.05,19,20,Std-CP,0.87,6.178686736338749,5.6344567404183685,2.495149134930516,0,12345
0.0,0.05,19,20,Subsampling,1.0,,,,100,12345
0.0,0.05,19,25,Donor-HCP-no-within,0.91,7.546693178069557,7.376984200187703,2.1000369332020985,0,12345
0.0,0.05,19,25,Donor-HCP-within,1.0,,,,100,12345
0.0,0.05,19,25,HCP,1.0,,,,100,12345
0.0,0.05,19,25,Pooling,0.97,9.768599304826722,9.768599304826722,6.914459619635975e-16,0,12345
0.0,0.05,19,25,Repeated,1.0,,,,100,12345
0.0,0.05,19,25,S-HCP-within,1.0,,,,100,12345
0.0,0.05,19,25,Std-CP,0.94,6.357186547230284,5.918680426043797,2.1499625183440547,0,12345
0.0,0.05,19,25,Subsampling,1.0,,,,100,12345
0.0,0.05,19,30,Donor-HCP-no-within,0.93,7.779983980396339,7.496853438950291,2.15330882331211,0,12345
0.0,0.05,19,30,Donor-HCP-within,1.0,,,,100,12345
0.0,0.05,19,30,HCP,1.0,,,,100,12345
0.0,0.05,19,30,Pooling,0.97,9.768599304826722,9.768599304826722,6.914459619635975e-16,0,12345
0.0,0.05,19,30,Repeated,1.0,,,,100,12345
0.0,0.05,19,30,S-HCP-within,1.0,,,,100,12345
0.0,0.05,19,30,Std-CP,0.94,6.465327446387869,5.9512964145876985,2.3522449588435954,0,12345
0.0,0.05,19,30,Subsampling,1.0,,,,100,12345
0.0,0.05,19,35,Donor-HCP-no-within,0.96,7.942865993467918,7.727811844021967,2.096545654179232,0,12345
0.0,0.05,19,35,Donor-HCP-within,1.0,,,,100,12345
0.0,0.05,19,35,HCP,1.0,,,,100,12345
0.0,0.05,19,35,Pooling,0.97,9.768599304826722,9.768599304826722,6.914459619635975e-16,0,12345
0.0,0.05,19,35,Repeated,1.0,,,,100,12345
0.0,0.05,19,35,S-HCP-within,1.0,,,,100,12345
0.0,0.05,19,35,Std-CP,0.97,6.360210447295714,5.9443080824564305,1.96888588697184,0,12345
0.0,0.05,19,35,Subsampling,1.0,,,,100,12345
0.0,0.05,20,0,Donor-HCP-no-within,1.0,,,,100,12345
0.0,0.05,20,0,Donor-HCP-within,1.0,,,,100,12345
0.0,0.05,20,0,HCP,1.0,,,,100,12345
0.0,0.05,20,0,Pooling,1.0,16.073269558938918,16.073269558938918,0.0,0,12345
0.0,0.05,20,0,Repeated,1.0,,,,100,12345
0.0,0.05,20,0,S-HCP-within,1.0,,,,100,12345
0.0,0.05,20,0,Std-CP,1.0,,,,100,12345
0.0,0.05,20,0,Subsampling,1.0,,,,100,12345
0.0,0.05,20,5,Donor-HCP-no-within,1.0,,,,100,12345
0.0,0.05,20,5,Donor-HCP-within,1.0,,,,100,12345
0.0,0.05,20,5,HCP,1.0,,,,100,12345
0.0,0.05,20,5,Pooling,1.0,16.073269558938918,16.073269558938918,0.0,0,12345
0.0,0.05,20,5,Repeated,1.0,,,,100,12345
0.0,0.05,20,5,S-HCP-within,1.0,11.964444192729811,11.76729301723821,1.1357743520638384,0,12345
0.0,0.05,20,5,Std-CP,0.68,5.455400167479325,4.707177497491177,3.863938967259041,0,12345
0.0,0.05,20,5,Subsampling,1.0,,,,100,12345
0.0,0.05,20,10,Donor-HCP-no-within,1.0,14.068107045758351,13.513906746475485,2.0696456224320343,0,12345
0.0,0.05,20,10,Donor-HCP-within,1.0,,,,100,12345
0.0,0.05,20,10,HCP,1.0,,,,100,12345
0.0,0.05,20,10,Pooling,1.0,16.073269558938918,16.073269558938918,0.0,0,12345
0.0,0.05,20,10,Repeated,1.0,,,,100,12345
0.0,0.05,20,10,S-HCP-within,1.0,11.848115585698405,11.767293017238208,0.920910959875561,0,12345
0.0,0.05,20,10,Std-CP,0.87,64.76726585766271,11.984491368418265,276.6329370395196,0,12345
0.0,0.05,20,10,Subsampling,1.0,,,,100,12345
0.0,0.05,20,15,Donor-HCP-no-within,1.0,12.465489032731957,11.666080749404507,2.0115194931607774,0,12345
0.0,0.05,20,15,Donor-HCP-within,1.0,9.318500405081691,9.16840427572349,1.171787025043521,0,12345
0.0,0.05,20,15,HCP,1.0,,,,100,12345
0.0,0.05,20,15,Pooling,1.0,16.073269558938918,16.073269558938918,0.0,0,12345
0.0,0.05,20,15,Repeated,1.0,,,,100,12345
0.0,0.05,20,15,S-HCP-within,1.0,12.03970795893008,11.820277584314482,0.7639455303522431,0,12345
0.0,0.05,20,15,Std-CP,0.89,8.830174546087044,7.178512435471251,6.82615695853716,0,12345
0.0,0.05,20,15,Subsampling,1.0,,,,100,12345
0.0,0.05,20,20,Donor-HCP-no-within,1.0,11.453439534768755,10.579872415129039,1.8897461184356024,0,12345
0.0,0.05,20,20,Donor-HCP-within,1.0,7.694379613993862,7.548585901350634,1.0743910782045425,0,12345
0.0,0.05,20,20,HCP,1.0,,,,100,12345
0.0,0.05,20,20,Pooling,1.0,16.073269558938918,16.073269558938918,0.0,0,12345
0.0,0.05,20,20,Repeated,1.0,,,,100,12345
0.0,0.05,20,20,S-HCP-within,1.0,11.430015732471297,11.650908372973454,0.4785397545194809,0,12345
0.0,0.05,20,20,Std-CP,0.9,6.691623667696052,6.073953717124867,3.1161909586567536,0,12345
0.0,0.05,20,20,Subsampling,1.0,,,,100,12345
0.0,0.05,20,25,Donor-HCP-no-within,1.0,7.678219469529398,7.488386718587786,2.2174169579838905,0,12345
0.0,0.05,20,25,Donor-HCP-within,1.0,,,,100,12345
0.0,0.05,20,25,HCP,1.0,,,,100,12345
0.0,0.05,20,25,Pooling,1.0,16.073269558938918,16.073269558938918,0.0,0,12345
0.0,0.05,20,25,Repeated,1.0,,,,100,12345
0.0,0.05,20,25,S-HCP-within,1.0,,,,100,12345
0.0,0.05,20,25,Std-CP,0.92,6.2739609467400435,5.858444897543381,2.464748393566031,0,12345
0.0,0.05,20,25,Subsampling,1.0,,,,100,12345
0.0,0.05,20,30,Donor-HCP-no-within,1.0,7.8238035365475325,7.65309461995095,2.150847601377949,0,12345
0.0,0.05,20,30,Donor-HCP-within,1.0,,,,100,12345
0.0,0.05,20,30,HCP,1.0,,,,100,12345
0.0,0.05,20,30,Pooling,1.0,16.073269558938918,16.073269558938918,0.0,0,12345
0.0,0.05,20,30,Repeated,1.0,,,,100,12345
0.0,0.05,20,30,S-HCP-within,1.0,,,,100,12345
0.0,0.05,20,30,Std-CP,0.93,6.374916073972226,6.017583000799757,2.142363680329069,0,12345
0.0,0.05,20,30,Subsampling,1.0,,,,100,12345
0.0,0.05,20,35,Donor-HCP-no-within,1.0,8.033359002538896,7.995736983375843,2.1128452943916427,0,12345
0.0,0.05,20,35,Donor-HCP-within,1.0,,,,100,12345
0.0,0.05,20,35,HCP,1.0,,,,100,12345
0.0,0.05,20,35,Pooling,1.0,16.073269558938918,16.073269558938918,0.0,0,12345
0.0,0.05,20,35,Repeated,1.0,,,,100,12345
0.0,0.05,20,35,S-HCP-within,1.0,,,,100,12345
0.0,0.05,20,35,Std-CP,0.95,6.047594913161746,5.723580731021254,1.864889541945334,0,12345
0.0,0.05,20,35,Subsampling,1.0,,,,100,12345
0.0,0.05,21,0,Donor-HCP-no-within,1.0,,,,100,12345
0.0,0.05,21,0,Donor-HCP-within,1.0,,,,100,12345
0.0,0.05,21,0,HCP,1.0,,,,100,12345
0.0,0.05,21,0,Pooling,0.98,9.59752020784018,9.59752020784018,1.3240182150652123e-15,0,12345
0.0,0.05,21,0,Repeated,1.0,,,,100,12345
0.0,0.05,21,0,S-HCP-within,1.0,,,,100,12345
0.0,0.05,21,0,Std-CP,1.0,,,,100,12345
0.0,0.05,21,0,Subsampling,1.0,,,,100,12345
0.0,0.05,21,5,Donor-HCP-no-within,1.0,,,,100,12345
0.0,0.05,21,5,Donor-HCP-within,1.0,,,,100,12345
0.0,0.05,21,5,HCP,1.0,,,,100,12345
0.0,0.05,21,5,Pooling,0.98,9.59752020784018,9.59752020784018,1.3240182150652123e-15,0,12345
0.0,0.05,21,5,Repeated,1.0,,,,100,12345
0.0,0.05,21,5,S-HCP-within,0.98,11.596990389373,11.729757833526875,2.328681041186725,0,12345
0.0,0.05,21,5,Std-CP,0.74,6.00324347428403,4.560182899412178,3.9114270946316116,0,12345
0.0,0.05,21,5,Subsampling,1.0,,,,100,12345
0.0,0.05,21,10,Donor-HCP-no-within,1.0,15.595519501203233,15.833581064353309,1.0198248958403884,0,12345
0.0,0.05,21,10,Donor-HCP-within,1.0,,,,100,12345
0.0,0.05,21,10,HCP,1.0,,,,100,12345
0.0,0.05,21,10,Pooling,0.98,9.59752020784018,9.59752020784018,1.3240182150652123e-15,0,12345
0.0,0.05,21,10,Repeated,1.0,,,,100,12345
0.0,0.05,21,10,S-HCP-within,0.96,11.146596243780358,11.460248625787571,1.7400923015235952,0,12345
0.0,0.05,21,10,Std-CP,0.82,53.50906329519524,10.89215997027754,216.2856834575498,0,12345
0.0,0.05,21,10,Subsampling,1.0,,,,100,12345
0.0,0.05,21,15,Donor-HCP-no-within,1.0,11.521985652395863,11.389184051025794,0.7991919991338605,0,12345
0.0,0.05,21,15,Donor-HCP-within,0.98,9.451055508737282,9.44996566237731,0.3326203159093206,0,12345
0.0,0.05,21,15,HCP,1.0,,,,100,12345
0.0,0.05,21,15,Pooling,0.98,9.59752020784018,9.59752020784018,1.3240182150652123e-15,0,12345
0.0,0.05,21,15,Repeated,1.0,,,,100,12345
0.0,0.05,21,15,S-HCP-within,0.98,11.598509584742448,11.729757833526875,1.4747105441694572,0,12345
0.0,0.05,21,15,Std-CP,0.84,8.555587387995338,7.038904442763222,5.254571031071163,0,12345
0.0,0.05,21,15,Subsampling,1.0,,,,100,12345
0.0,0.05,21,20,Donor-HCP-no-within,0.98,10.168342304968748,9.59752020784018,1.1420897118956324,0,12345
0.0,0.05,21,20,Donor-HCP-within,0.96,6.798734288083808,6.630699259622757,0.5054014648366766,0,12345
0.0,0.05,21,20,HCP,1.0,,,,100,12345
0.0,0.05,21,20,Pooling,0.98,9.59752020784018,9.59752020784018,1.3240182150652123e-15,0,12345
0.0,0.05,21,20,Repeated,1.0,,,,100,12345
0.0,0.05,21,20,S-HCP-within,0.97,10.320293243487946,9.77300338154842,1.1191333192010535,0,12345
0.0,0.05,21,20,Std-CP,0.89,6.5659645416789205,6.243564006639599,2.6910093397763655,0,12345
0.0,0.05,21,20,Subsampling,1.0,,,,100,12345
0.0,0.05,21,25,Donor-HCP-no-within,0.9,7.282978936179242,6.995839723488171,1.9677969984909973,0,12345
0.0,0.05,21,25,Donor-HCP-within,1.0,,,,100,12345
0.0,0.05,21,25,HCP,1.0,,,,100,12345
0.0,0.05,21,25,Pooling,0.98,9.59752020784018,9.59752020784018,1.3240182150652123e-15,0,12345
0.0,0.05,21,25,Repeated,1.0,,,,100,12345
0.0,0.05,21,25,S-HCP-within,1.0,,,,100,12345
0.0,0.05,21,25,Std-CP,0.91,6.453036240300044,5.94456678554808,2.3460680585612295,0,12345
0.0,0.05,21,25,Subsampling,1.0,,,,100,12345
0.0,0.05,21,30,Donor-HCP-no-within,0.9,7.407237272832948,7.141993540884805,2.0262372469134013,0,12345
0.0,0.05,21,30,Donor-HCP-within,1.0,,,,100,12345
0.0,0.05,21,30,HCP,1.0,,,,100,12345
0.0,0.05,21,30,Pooling,0.98,9.59752020784018,9.59752020784018,1.3240182150652123e-15,0,12345
0.0,0.05,21,30,Repeated,1.0,,,,100,12345
0.0,0.05,21,30,S-HCP-within,1.0,,,,100,12345
0.0,0.05,21,30,Std-CP,0.94,6.210745728639181,6.127176263326395,1.7874792105109558,0,12345
0.0,0.05,21,30,Subsampling,1.0,,,,100,12345
0.0,0.05,21,35,Donor-HCP-no-within,0.91,7.571625498663796,7.222744027544099,2.015511022298728,0,12345
0.0,0.05,21,35,Donor-HCP-within,1.0,,,,100,12345
0.0,0.05,21,35,HCP,1.0,,,,100,12345
0.0,0.05,21,35,Pooling,0.98,9.59752020784018,9.59752020784018,1.3240182150652123e-15,0,12345
0.0,0.05,21,35,Repeated,1.0,,,,100,12345
0.0,0.05,21,35,S-HCP-within,1.0,,,,100,12345
0.0,0.05,21,35,Std-CP,0.95,6.211700245576801,5.830116439612577,1.860661685655008,0,12345
0.0,0.05,21,35,Subsampling,1.0,,,,100,12345
0.0,0.05,22,0,Donor-HCP-no-within,1.0,,,,100,12345
0.0,0.05,22,0,Donor-HCP-within,1.0,,,,100,12345
0.0,0.05,22,0,HCP,1.0,,,,100,12345
0.0,0.05,22,0,Pooling,0.91,9.03887174520051,9.03887174520051,0.0,0,12345
0.0,0.05,22,0,Repeated,1.0,,,,100,12345
0.0,0.05,22,0,S-HCP-within,1.0,,,,100,12345
0.0,0.05,22,0,Std-CP,1.0,,,,100,12345
0.0,0.05,22,0,Subsampling,1.0,,,,100,12345
0.0,0.05,22,5,Donor-HCP-no-within,1.0,,,,100,12345
0.0,0.05,22,5,Donor-HCP-within,1.0,,,,100,12345
0.0,0.05,22,5,HCP,1.0,,,,100,12345
0.0,0.05,22,5,Pooling,0.91,9.03887174520051,9.03887174520051,0.0,0,12345
0.0,0.05,22,5,Repeated,1.0,,,,100,12345
0.0,0.05,22,5,S-HCP-within,0.93,7.123899570774174,7.3435379156441325,1.0264438835586953,0,12345
0.0,0.05,22,5,Std-CP,0.78,5.444097326883706,4.710924440294015,3.3545958526445556,0,12345
0.0,0.05,22,5,Subsampling,1.0,,,,100,12345
0.0,0.05,22,10,Donor-HCP-no-within,0.99,11.581771990217682,11.47679933574646,1.1921014535529502,0,12345
0.0,0.05,22,10,Donor-HCP-within,1.0,,,,100,12345
0.0,0.05,22,10,HCP,1.0,,,,100,12345
0.0,0.05,22,10,Pooling,0.91,9.03887174520051,9.03887174520051,0.0,0,12345
0.0,0.05,22,10,Repeated,1.0,,,,100,12345
0.0,0.05,22,10,S-HCP-within,0.95,7.052524745403389,7.134947986670834,0.7666828128388792,0,12345
0.0,0.05,22,10,Std-CP,0.79,44.55871907239846,11.915392231149344,198.45002684943455,0,12345
0.0,0.05,22,10,Subsampling,1.0,,,,100,12345
0.0,0.05,22,15,Donor-HCP-no-within,0.97,10.272071313398895,9.850136058094758,0.8669842328377045,0,12345
0.0,0.05,22,15,Donor-HCP-within,0.99,8.159446292025253,7.900978011465346,0.915694366701015,0,12345
0.0,0.05,22,15,HCP,1.0,,,,100,12345
0.0,0.05,22,15,Pooling,0.91,9.03887174520051,9.03887174520051,0.0,0,12345
0.0,0.05,22,15,Repeated,1.0,,,,100,12345
0.0,0.05,22,15,S-HCP-within,0.92,6.99697598722993,7.043517682136362,0.6672428615951924,0,12345
0.0,0.05,22,15,Std-CP,0.95,9.91800168812699,8.626917324311991,7.976801295309641,0,12345
0.0,0.05,22,15,Subsampling,1.0,,,,100,12345
0.0,0.05,22,20,Donor-HCP-no-within,0.95,9.573764475823598,9.21769826613674,0.8740891315294074,0,12345
0.0,0.05,22,20,Donor-HCP-within,0.93,6.809323561367425,6.741684921641728,0.7290749312810086,0,12345
0.0,0.05,22,20,HCP,1.0,,,,100,12345
0.0,0.05,22,20,Pooling,0.91,9.03887174520051,9.03887174520051,0.0,0,12345
0.0,0.05,22,20,Repeated,1.0,,,,100,12345
0.0,0.05,22,20,S-HCP-within,0.94,6.646505918668465,6.585043884766932,0.5551697721230625,0,12345
0.0,0.05,22,20,Std-CP,0.94,6.768239922765928,6.1914036506765004,3.146534432335343,0,12345
0.0,0.05,22,20,Subsampling,1.0,,,,100,12345
0.0,0.05,22,25,Donor-HCP-no-within,0.98,7.595367670637369,7.490592380944952,1.939143712739389,0,12345
0.0,0.05,22,25,Donor-HCP-within,1.0,,,,100,12345
0.0,0.05,22,25,HCP,1.0,,,,100,12345
0.0,0.05,22,25,Pooling,0.91,9.03887174520051,9.03887174520051,0.0,0,12345
0.0,0.05,22,25,Repeated,1.0,,,,100,12345
0.0,0.05,22,25,S-HCP-within,1.0,,,,100,12345
0.0,0.05,22,25,Std-CP,0.95,6.779605673843614,6.407064961869881,2.465572626085749,0,12345
0.0,0.05,22,25,Subsampling,1.0,,,,100,12345
0.0,0.05,22,30,Donor-HCP-no-within,0.98,7.867936772568513,7.735994778240629,2.0034277654358688,0,12345
0.0,0.05,22,30,Donor-HCP-within,1.0,,,,100,12345
0.0,0.05,22,30,HCP,1.0,,,,100,12345
0.0,0.05,22,30,Pooling,0.91,9.03887174520051,9.03887174520051,0.0,0,12345
0.0,0.05,22,30,Repeated,1.0,,,,100,12345
0.0,0.05,22,30,S-HCP-within,1.0,,,,100,12345
0.0,0.05,22,30,Std-CP,0.95,6.515821734943938,6.322476897101115,2.145606073452907,0,12345
0.0,0.05,22,30,Subsampling,1.0,,,,100,12345
0.0,0.05,22,35,Donor-HCP-no-within,0.98,7.9722318268869445,7.846326515973754,2.0180729527918886,0,12345
0.0,0.05,22,35,Donor-HCP-within,1.0,,,,100,12345
0.0,0.05,22,35,HCP,1.0,,,,100,12345
0.0,0.05,22,35,Pooling,0.91,9.03887174520051,9.03887174520051,0.0,0,12345
0.0,0.05,22,35,Repeated,1.0,,,,100,12345
0.0,0.05,22,35,S-HCP-within,1.0,,,,100,12345
0.0,0.05,22,35,Std-CP,0.95,6.489058933754887,6.283263212038179,1.972191741656796,0,12345
0.0,0.05,22,35,Subsampling,1.0,,,,100,12345
0.0,0.05,23,0,Donor-HCP-no-within,1.0,,,,100,12345
0.0,0.05,23,0,Donor-HCP-within,1.0,,,,100,12345
0.0,0.05,23,0,HCP,1.0,,,,100,12345
0.0,0.05,23,0,Pooling,1.0,9.822337197277337,9.822337197277335,1.546120173718338e-15,0,12345
0.0,0.05,23,0,Repeated,1.0,,,,100,12345
0.0,0.05,23,0,S-HCP-within,1.0,,,,100,12345
0.0,0.05,23,0,Std-CP,1.0,,,,100,12345
0.0,0.05,23,0,Subsampling,1.0,,,,100,12345
0.0,0.05,23,5,Donor-HCP-no-within,1.0,,,,100,12345
0.0,0.05,23,5,Donor-HCP-within,1.0,,,,100,12345
0.0,0.05,23,5,HCP,1.0,,,,100,12345
0.0,0.05,23,5,Pooling,1.0,9.822337197277337,9.822337197277335,1.546120173718338e-15,0,12345
0.0,0.05,23,5,Repeated,1.0,,,,100,12345
0.0,0.05,23,5,S-HCP-within,0.98,11.891732291345907,12.23794679443957,0.9544831656623319,0,12345
0.0,0.05,23,5,Std-CP,0.73,6.128656190601678,5.219796916793278,3.563634980517587,0,12345
0.0,0.05,23,5,Subsampling,1.0,,,,100,12345
0.0,0.05,23,10,Donor-HCP-no-within,1.0,14.986541882959646,15.095965034462195,0.36851056516670266,0,12345
0.0,0.05,23,10,Donor-HCP-within,1.0,,,,100,12345
0.0,0.05,23,10,HCP,1.0,,,,100,12345
0.0,0.05,23,10,Pooling,1.0,9.822337197277337,9.822337197277335,1.546120173718338e-15,0,12345
0.0,0.05,23,10,Repeated,1.0,,,,100,12345
0.0,0.05,23,10,S-HCP-within,0.98,11.537678062406568,11.400802165731633,0.8781456474949302,0,12345
0.0,0.05,23,10,Std-CP,0.89,43.42558405515675,13.392854519103619,148.83319037971756,0,12345
0.0,0.05,23,10,Subsampling,1.0,,,,100,12345
0.0,0.05,23,15,Donor-HCP-no-within,1.0,11.083215342478958,11.041606937414752,0.7432632617923882,0,12345
0.0,0.05,23,15,Donor-HCP-within,1.0,10.813450341780918,10.82288381581321,0.3298681273182791,0,12345
0.0,0.05,23,15,HCP,1.0,,,,100,12345
0.0,0.05,23,15,Pooling,1.0,9.822337197277337,9.822337197277335,1.546120173718338e-15,0,12345
0.0,0.05,23,15,Repeated,1.0,,,,100,12345
0.0,0.05,23,15,S-HCP-within,0.98,12.0137253807032,12.334711944962386,0.6759311922960516,0,12345
0.0,0.05,23,15,Std-CP,0.83,9.574636181752064,7.3351017550510615,9.913005224356358,0,12345
0.0,0.05,23,15,Subsampling,1.0,,,,100,12345
0.0,0.05,23,20,Donor-HCP-no-within,1.0,10.026885410759643,9.881255045499646,0.8549637490903698,0,12345
0.0,0.05,23,20,Donor-HCP-within,0.99,7.471405645521586,7.3677410975410105,0.401369795199006,0,12345
0.0,0.05,23,20,HCP,1.0,,,,100,12345
0.0,0.05,23,20,Pooling,1.0,9.822337197277337,9.822337197277335,1.546120173718338e-15,0,12345
0.0,0.05,23,20,Repeated,1.0,,,,100,12345
0.0,0.05,23,20,S-HCP-within,0.98,11.53044887433282,11.400802165731633,0.6717344441585996,0,12345
0.0,0.05,23,20,Std-CP,0.92,7.028908082448572,6.182089074894065,3.252837874219884,0,12345
0.0,0.05,23,20,Subsampling,1.0,,,,100,12345
0.0,0.05,23,25,Donor-HCP-no-within,0.95,7.573304966678716,7.078600621863742,2.4981830246670054,0,12345
0.0,0.05,23,25,Donor-HCP-within,1.0,,,,100,12345
0.0,0.05,23,25,HCP,1.0,,,,100,12345
0.0,0.05,23,25,Pooling,1.0,9.822337197277337,9.822337197277335,1.546120173718338e-15,0,12345
0.0,0.05,23,25,Repeated,1.0,,,,100,12345
0.0,0.05,23,25,S-HCP-within,1.0,,,,100,12345
0.0,0.05,23,25,Std-CP,0.95,6.599614582270614,6.462148449969471,2.1955058622743833,0,12345
0.0,0.05,23,25,Subsampling,1.0,,,,100,12345
0.0,0.05,23,30,Donor-HCP-no-within,0.96,7.781226067497099,7.237061792730607,2.5071209998308537,0,12345
0.0,0.05,23,30,Donor-HCP-within,1.0,,,,100,12345
0.0,0.05,23,30,HCP,1.0,,,,100,12345
0.0,0.05,23,30,Pooling,1.0,9.822337197277337,9.822337197277335,1.546120173718338e-15,0,12345
0.0,0.05,23,30,Repeated,1.0,,,,100,12345
0.0,0.05,23,30,S-HCP-within,1.0,,,,100,12345
0.0,0.05,23,30,Std-CP,0.94,6.383189428626714,6.182271179825353,1.9232152387857704,0,12345
0.0,0.05,23,30,Subsampling,1.0,,,,100,12345
0.0,0.05,23,35,Donor-HCP-no-within,0.96,7.951645518033647,7.271059838686517,2.489419584203693,0,12345
0.0,0.05,23,35,Donor-HCP-within,1.0,,,,100,12345
0.0,0.05,23,35,HCP,1.0,,,,100,12345
0.0,0.05,23,35,Pooling,1.0,9.822337197277337,9.822337197277335,1.546120173718338e-15,0,12345
0.0,0.05,23,35,Repeated,1.0,,,,100,12345
0.0,0.05,23,35,S-HCP-within,1.0,,,,100,12345
0.0,0.05,23,35,Std-CP,0.94,6.562638491943536,6.103240563809228,2.2364680230157123,0,12345
0.0,0.05,23,35,Subsampling,1.0,,,,100,12345
0.0,0.05,24,0,Donor-HCP-no-within,1.0,,,,100,12345
0.0,0.05,24,0,Donor-HCP-within,1.0,,,,100,12345
0.0,0.05,24,0,HCP,1.0,,,,100,12345
0.0,0.05,24,0,Pooling,0.93,8.919747195270988,8.91974719527099,1.4722008750047665e-15,0,12345
0.0,0.05,24,0,Repeated,1.0,,,,100,12345
0.0,0.05,24,0,S-HCP-within,1.0,,,,100,12345
0.0,0.05,24,0,Std-CP,1.0,,,,100,12345
0.0,0.05,24,0,Subsampling,1.0,,,,100,12345
0.0,0.05,24,5,Donor-HCP-no-within,1.0,,,,100,12345
0.0,0.05,24,5,Donor-HCP-within,1.0,,,,100,12345
0.0,0.05,24,5,HCP,1.0,,,,100,12345
0.0,0.05,24,5,Pooling,0.93,8.919747195270988,8.91974719527099,1.4722008750047665e-15,0,12345
0.0,0.05,24,5,Repeated,1.0,,,,100,12345
0.0,0.05,24,5,S-HCP-within,0.98,10.515636325848229,10.44884192498084,1.1740505733696343,0,12345
0.0,0.05,24,5,Std-CP,0.75,6.6593758365967854,4.956675938949431,6.182007568504825,0,12345
0.0,0.05,24,5,Subsampling,1.0,,,,100,12345
0.0,0.05,24,10,Donor-HCP-no-within,1.0,11.943481731697158,11.685566878772093,1.3935287267307974,0,12345
0.0,0.05,24,10,Donor-HCP-within,1.0,,,,100,12345
0.0,0.05,24,10,HCP,1.0,,,,100,12345
0.0,0.05,24,10,Pooling,0.93,8.919747195270988,8.91974719527099,1.4722008750047665e-15,0,12345
0.0,0.05,24,10,Repeated,1.0,,,,100,12345
0.0,0.05,24,10,S-HCP-within,0.99,10.494605087485064,10.460935702434229,0.9443042617463211,0,12345
0.0,0.05,24,10,Std-CP,0.87,49.05134672258899,10.050412494902531,242.00759952677345,0,12345
0.0,0.05,24,10,Subsampling,1.0,,,,100,12345
0.0,0.05,24,15,Donor-HCP-no-within,0.93,9.980946461730944,9.839495959664124,0.877524577570306,0,12345
0.0,0.05,24,15,Donor-HCP-within,0.98,8.954565933602531,8.790275815850826,1.0605177178999439,0,12345
0.0,0.05,24,15,HCP,1.0,,,,100,12345
0.0,0.05,24,15,Pooling,0.93,8.919747195270988,8.91974719527099,1.4722008750047665e-15,0,12345
0.0,0.05,24,15,Repeated,1.0,,,,100,12345
0.0,0.05,24,15,S-HCP-within,0.98,10.467025611175508,10.454888813707534,0.7941428296503054,0,12345
0.0,0.05,24,15,Std-CP,0.86,9.203077731114778,7.566689048353511,5.861669599840224,0,12345
0.0,0.05,24,15,Subsampling,1.0,,,,100,12345
0.0,0.05,24,20,Donor-HCP-no-within,0.93,9.267083604969143,9.053126442186915,0.7287759292290222,0,12345
0.0,0.05,24,20,Donor-HCP-within,0.92,6.587322201721874,6.411827219957949,0.498866936345721,0,12345
0.0,0.05,24,20,HCP,1.0,,,,100,12345
0.0,0.05,24,20,Pooling,0.93,8.919747195270988,8.91974719527099,1.4722008750047665e-15,0,12345
0.0,0.05,24,20,Repeated,1.0,,,,100,12345
0.0,0.05,24,20,S-HCP-within,0.98,10.104453689018762,10.1728043213833,0.5673116028666515,0,12345
0.0,0.05,24,20,Std-CP,0.92,7.1717716233531315,6.551309837146036,2.900913762854262,0,12345
0.0,0.05,24,20,Subsampling,1.0,,,,100,12345
0.0,0.05,24,25,Donor-HCP-no-within,0.95,7.7842165931923315,7.673702883577089,2.062628375644832,0,12345
0.0,0.05,24,25,Donor-HCP-within,1.0,,,,100,12345
0.0,0.05,24,25,HCP,1.0,,,,100,12345
0.0,0.05,24,25,Pooling,0.93,8.919747195270988,8.91974719527099,1.4722008750047665e-15,0,12345
0.0,0.05,24,25,Repeated,1.0,,,,100,12345
0.0,0.05,24,25,S-HCP-within,1.0,,,,100,12345
0.0,0.05,24,25,Std-CP,0.93,6.919838935675275,6.504709975344366,2.6606320896274136,0,12345
0.0,0.05,24,25,Subsampling,1.0,,,,100,12345
0.0,0.05,24,30,Donor-HCP-no-within,0.96,7.980001097873501,7.749467530823493,2.13969415852331,0,12345
0.0,0.05,24,30,Donor-HCP-within,1.0,,,,100,12345
0.0,0.05,24,30,HCP,1.0,,,,100,12345
0.0,0.05,24,30,Pooling,0.93,8.919747195270988,8.91974719527099,1.4722008750047665e-15,0,12345
0.0,0.05,24,30,Repeated,1.0,,,,100,12345
0.0,0.05,24,30,S-HCP-within,1.0,,,,100,12345
0.0,0.05,24,30,Std-CP,0.95,6.574066563962801,6.309513376173065,2.2913550854586653,0,12345
0.0,0.05,24,30,Subsampling,1.0,,,,100,12345
0.0,0.05,24,35,Donor-HCP-no-within,0.97,8.12758945987101,7.861812790049216,2.2126443509145743,0,12345
0.0,0.05,24,35,Donor-HCP-within,1.0,,,,100,12345
0.0,0.05,24,35,HCP,1.0,,,,100,12345
0.0,0.05,24,35,Pooling,0.93,8.919747195270988,8.91974719527099,1.4722008750047665e-15,0,12345
0.0,0.05,24,35,Repeated,1.0,,,,100,12345
0.0,0.05,24,35,S-HCP-within,1.0,,,,100,12345
0.0,0.05,24,35,Std-CP,0.98,6.912224104219394,6.545934182796017,2.2495111861907695,0,12345
0.0,0.05,24,35,Subsampling,1.0,,,,100,12345
0.0,0.05,25,0,Donor-HCP-no-within,1.0,,,,100,12345
0.0,0.05,25,0,Donor-HCP-within,1.0,,,,100,12345
0.0,0.05,25,0,HCP,1.0,,,,100,12345
0.0,0.05,25,0,Pooling,0.96,7.759471117024433,7.759471117024432,6.054266517991696e-16,0,12345
0.0,0.05,25,0,Repeated,1.0,,,,100,12345
0.0,0.05,25,0,S-HCP-within,1.0,,,,100,12345
0.0,0.05,25,0,Std-CP,1.0,,,,100,12345
0.0,0.05,25,0,Subsampling,1.0,,,,100,12345
0.0,0.05,25,5,Donor-HCP-no-within,1.0,,,,100,12345
0.0,0.05,25,5,Donor-HCP-within,1.0,,,,100,12345
0.0,0.05,25,5,HCP,1.0,,,,100,12345
0.0,0.05,25,5,Pooling,0.96,7.759471117024433,7.759471117024432,6.054266517991696e-16,0,12345
0.0,0.05,25,5,Repeated,1.0,,,,100,12345
0.0,0.05,25,5,S-HCP-within,0.96,12.437926497643543,12.143242666245246,1.6869679379690463,0,12345
0.0,0.05,25,5,Std-CP,0.72,5.5390692498135365,4.667315141115806,3.9103161252806666,0,12345
0.0,0.05,25,5,Subsampling,1.0,,,,100,12345
0.0,0.05,25,10,Donor-HCP-no-within,1.0,14.13772242491667,14.142036919418992,0.603680337555567,0,12345
0.0,0.05,25,10,Donor-HCP-within,1.0,,,,100,12345
0.0,0.05,25,10,HCP,1.0,,,,100,12345
0.0,0.05,25,10,Pooling,0.96,7.759471117024433,7.759471117024432,6.054266517991696e-16,0,12345
0.0,0.05,25,10,Repeated,1.0,,,,100,12345
0.0,0.05,25,10,S-HCP-within,0.97,12.093922511195167,12.143242666245245,0.8984926838923263,0,12345
0.0,0.05,25,10,Std-CP,0.9,61.71279327399936,12.557389807811916,246.5897343037903,0,12345
0.0,0.05,25,10,Subsampling,1.0,,,,100,12345
0.0,0.05,25,15,Donor-HCP-no-within,0.98,8.784517741806832,8.709080246294864,0.597984341328171,0,12345
0.0,0.05,25,15,Donor-HCP-within,1.0,10.02890679934768,9.871592780246656,0.7735539277349885,0,12345
0.0,0.05,25,15,HCP,1.0,,,,100,12345
0.0,0.05,25,15,Pooling,0.96,7.759471117024433,7.759471117024432,6.054266517991696e-16,0,12345
0.0,0.05,25,15,Repeated,1.0,,,,100,12345
0.0,0.05,25,15,S-HCP-within,0.97,12.1606438358802,12.066981766741618,0.8165025956478456,0,12345
0.0,0.05,25,15,Std-CP,0.87,7.969655000156458,7.2736318185663045,4.183484156381407,0,12345
0.0,0.05,25,15,Subsampling,1.0,,,,100,12345
0.0,0.05,25,20,Donor-HCP-no-within,0.96,7.967547858293475,7.796332921609226,0.45010824997908544,0,12345
0.0,0.05,25,20,Donor-HCP-within,0.97,6.560324861975873,6.47083425615665,0.33049528839877806,0,12345
0.0,0.05,25,20,HCP,1.0,,,,100,12345
0.0,0.05,25,20,Pooling,0.96,7.759471117024433,7.759471117024432,6.054266517991696e-16,0,12345
0.0,0.05,25,20,Repeated,1.0,,,,100,12345
0.0,0.05,25,20,S-HCP-within,0.97,11.758274342546624,11.926067817350953,0.6721518154125856,0,12345
0.0,0.05,25,20,Std-CP,0.92,7.267309771111778,6.084388925103902,3.8890824274288813,0,12345
0.0,0.05,25,20,Subsampling,1.0,,,,100,12345
0.0,0.05,25,25,Donor-HCP-no-within,0.97,7.309023485722639,6.865699610850088,2.3886393544745426,0,12345
0.0,0.05,25,25,Donor-HCP-within,1.0,,,,100,12345
0.0,0.05,25,25,HCP,1.0,,,,100,12345
0.0,0.05,25,25,Pooling,0.96,7.759471117024433,7.759471117024432,6.054266517991696e-16,0,12345
0.0,0.05,25,25,Repeated,1.0,,,,100,12345
0.0,0.05,25,25,S-HCP-within,1.0,,,,100,12345
0.0,0.05,25,25,Std-CP,0.96,6.569918733548092,6.260193899157314,2.4367395562752097,0,12345
0.0,0.05,25,25,Subsampling,1.0,,,,100,12345
0.0,0.05,25,30,Donor-HCP-no-within,0.98,7.439894953448576,7.009588353272517,2.394672267829676,0,12345
0.0,0.05,25,30,Donor-HCP-within,1.0,,,,100,12345
0.0,0.05,25,30,HCP,1.0,,,,100,12345
0.0,0.05,25,30,Pooling,0.96,7.759471117024433,7.759471117024432,6.054266517991696e-16,0,12345
0.0,0.05,25,30,Repeated,1.0,,,,100,12345
0.0,0.05,25,30,S-HCP-within,1.0,,,,100,12345
0.0,0.05,25,30,Std-CP,0.97,6.479921932829427,5.952034609655541,2.402194906143383,0,12345
0.0,0.05,25,30,Subsampling,1.0,,,,100,12345
0.0,0.05,25,35,Donor-HCP-no-within,0.99,7.682117448740619,7.299982031352156,2.3737353239796,0,12345
0.0,0.05,25,35,Donor-HCP-within,1.0,,,,100,12345
0.0,0.05,25,35,HCP,1.0,,,,100,12345
0.0,0.05,25,35,Pooling,0.96,7.759471117024433,7.759471117024432,6.054266517991696e-16,0,12345
0.0,0.05,25,35,Repeated,1.0,,,,100,12345
0.0,0.05,25,35,S-HCP-within,1.0,,,,100,12345
0.0,0.05,25,35,Std-CP,0.98,6.5570268674937005,6.195819447257974,1.878926318906474,0,12345
0.0,0.05,25,35,Subsampling,1.0,,,,100,12345
0.0,0.05,26,0,Donor-HCP-no-within,1.0,,,,100,12345
0.0,0.05,26,0,Donor-HCP-within,1.0,,,,100,12345
0.0,0.05,26,0,HCP,1.0,,,,100,12345
0.0,0.05,26,0,Pooling,0.87,5.972825465693752,5.972825465693752,5.921189464667501e-16,0,12345
0.0,0.05,26,0,Repeated,1.0,,,,100,12345
0.0,0.05,26,0,S-HCP-within,1.0,,,,100,12345
0.0,0.05,26,0,Std-CP,1.0,,,,100,12345
0.0,0.05,26,0,Subsampling,1.0,,,,100,12345
0.0,0.05,26,5,Donor-HCP-no-within,1.0,,,,100,12345
0.0,0.05,26,5,Donor-HCP-within,1.0,,,,100,12345
0.0,0.05,26,5,HCP,1.0,,,,100,12345
0.0,0.05,26,5,Pooling,0.87,5.972825465693752,5.972825465693752,5.921189464667501e-16,0,12345
0.0,0.05,26,5,Repeated,1.0,,,,100,12345
0.0,0.05,26,5,S-HCP-within,0.96,11.692966657609068,12.089103823165324,1.4672542200793222,0,12345
0.0,0.05,26,5,Std-CP,0.73,4.936772055102199,3.956727726580432,3.517717007345951,0,12345
0.0,0.05,26,5,Subsampling,1.0,,,,100,12345
0.0,0.05,26,10,Donor-HCP-no-within,0.99,8.761794771985368,8.567105712854612,0.7783676590028754,0,12345
0.0,0.05,26,10,Donor-HCP-within,1.0,,,,100,12345
0.0,0.05,26,10,HCP,1.0,,,,100,12345
0.0,0.05,26,10,Pooling,0.87,5.972825465693752,5.972825465693752,5.921189464667501e-16,0,12345
0.0,0.05,26,10,Repeated,1.0,,,,100,12345
0.0,0.05,26,10,S-HCP-within,0.95,11.43296269670794,10.922473295817888,1.1936148259952357,0,12345
0.0,0.05,26,10,Std-CP,0.9,24.502467814083253,9.846897353962166,42.02168421006118,0,12345
0.0,0.05,26,10,Subsampling,1.0,,,,100,12345
0.0,0.05,26,15,Donor-HCP-no-within,0.91,7.37383772804578,7.251034232770699,0.4008999277283346,0,12345
0.0,0.05,26,15,Donor-HCP-within,0.98,7.570157068184146,7.702748655516395,0.45224949539803183,0,12345
0.0,0.05,26,15,HCP,1.0,,,,100,12345
0.0,0.05,26,15,Pooling,0.87,5.972825465693752,5.972825465693752,5.921189464667501e-16,0,12345
0.0,0.05,26,15,Repeated,1.0,,,,100,12345
0.0,0.05,26,15,S-HCP-within,0.96,11.427775692454155,10.922473295817888,1.047056120733414,0,12345
0.0,0.05,26,15,Std-CP,0.89,8.008006247218058,6.650629600615375,5.6426551462209025,0,12345
0.0,0.05,26,15,Subsampling,1.0,,,,100,12345
0.0,0.05,26,20,Donor-HCP-no-within,0.92,6.775958053295601,6.748261960498136,0.3491428068224182,0,12345
0.0,0.05,26,20,Donor-HCP-within,0.96,5.760088917901518,5.7672975033023235,0.3447776385310304,0,12345
0.0,0.05,26,20,HCP,1.0,,,,100,12345
0.0,0.05,26,20,Pooling,0.87,5.972825465693752,5.972825465693752,5.921189464667501e-16,0,12345
0.0,0.05,26,20,Repeated,1.0,,,,100,12345
0.0,0.05,26,20,S-HCP-within,0.97,10.827284906361966,10.589980964813542,0.7842106005551025,0,12345
0.0,0.05,26,20,Std-CP,0.92,6.42167434000863,5.666418867074498,2.6592120391628966,0,12345
0.0,0.05,26,20,Subsampling,1.0,,,,100,12345
0.0,0.05,26,25,Donor-HCP-no-within,0.99,7.525673270134165,7.259885101272807,2.573314589241171,0,12345
0.0,0.05,26,25,Donor-HCP-within,1.0,,,,100,12345
0.0,0.05,26,25,HCP,1.0,,,,100,12345
0.0,0.05,26,25,Pooling,0.87,5.972825465693752,5.972825465693752,5.921189464667501e-16,0,12345
0.0,0.05,26,25,Repeated,1.0,,,,100,12345
0.0,0.05,26,25,S-HCP-within,1.0,,,,100,12345
0.0,0.05,26,25,Std-CP,0.92,6.408522996996745,5.951223479703715,2.7886726095167047,0,12345
0.0,0.05,26,25,Subsampling,1.0,,,,100,12345
0.0,0.05,26,30,Donor-HCP-no-within,0.99,7.789913479311386,7.378166831452803,2.5898782945023933,0,12345
0.0,0.05,26,30,Donor-HCP-within,1.0,,,,100,12345
0.0,0.05,26,30,HCP,1.0,,,,100,12345
0.0,0.05,26,30,Pooling,0.87,5.972825465693752,5.972825465693752,5.921189464667501e-16,0,12345
0.0,0.05,26,30,Repeated,1.0,,,,100,12345
0.0,0.05,26,30,S-HCP-within,1.0,,,,100,12345
0.0,0.05,26,30,Std-CP,0.92,5.843318316091852,5.698025722652694,1.910487435361504,0,12345
0.0,0.05,26,30,Subsampling,1.0,,,,100,12345
0.0,0.05,26,35,Donor-HCP-no-within,0.99,8.021646082045716,7.518881549817214,2.6294210401656404,0,12345
0.0,0.05,26,35,Donor-HCP-within,1.0,,,,100,12345
0.0,0.05,26,35,HCP,1.0,,,,100,12345
0.0,0.05,26,35,Pooling,0.87,5.972825465693752,5.972825465693752,5.921189464667501e-16,0,12345
0.0,0.05,26,35,Repeated,1.0,,,,100,12345
0.0,0.05,26,35,S-HCP-within,1.0,,,,100,12345
0.0,0.05,26,35,Std-CP,0.95,6.201136929597628,6.143389833570088,2.016654397074344,0,12345
0.0,0.05,26,35,Subsampling,1.0,,,,100,12345
0.0,0.05,27,0,Donor-HCP-no-within,1.0,,,,100,12345
0.0,0.05,27,0,Donor-HCP-within,1.0,,,,100,12345
0.0,0.05,27,0,HCP,1.0,,,,100,12345
0.0,0.05,27,0,Pooling,0.89,8.599245210493024,8.599245210493024,3.5706115939831736e-16,0,12345
0.0,0.05,27,0,Repeated,1.0,,,,100,12345
0.0,0.05,27,0,S-HCP-within,1.0,,,,100,12345
0.0,0.05,27,0,Std-CP,1.0,,,,100,12345
0.0,0.05,27,0,Subsampling,1.0,,,,100,12345
0.0,0.05,27,5,Donor-HCP-no-within,1.0,,,,100,12345
0.0,0.05,27,5,Donor-HCP-within,1.0,,,,100,12345
0.0,0.05,27,5,HCP,1.0,,,,100,12345
0.0,0.05,27,5,Pooling,0.89,8.599245210493024,8.599245210493024,3.5706115939831736e-16,0,12345
0.0,0.05,27,5,Repeated,1.0,,,,100,12345
0.0,0.05,27,5,S-HCP-within,0.85,7.214654007451678,7.17836355842082,0.7275550150862333,0,12345
0.0,0.05,27,5,Std-CP,0.78,5.987681633330296,5.384715221467772,3.5563680531609436,0,12345
0.0,0.05,27,5,Subsampling,1.0,,,,100,12345
0.0,0.05,27,10,Donor-HCP-no-within,0.99,11.817822582245768,11.486427542240385,1.456323369815007,0,12345
0.0,0.05,27,10,Donor-HCP-within,1.0,,,,100,12345
0.0,0.05,27,10,HCP,1.0,,,,100,12345
0.0,0.05,27,10,Pooling,0.89,8.599245210493024,8.599245210493024,3.5706115939831736e-16,0,12345
0.0,0.05,27,10,Repeated,1.0,,,,100,12345
0.0,0.05,27,10,S-HCP-within,0.85,7.203660508916089,7.087769495729911,0.7810442735100894,0,12345
0.0,0.05,27,10,Std-CP,0.87,30.630311123014135,14.45154647121061,51.56600533390755,0,12345
0.0,0.05,27,10,Subsampling,1.0,,,,100,12345
0.0,0.05,27,15,Donor-HCP-no-within,0.98,10.138462894747853,10.033453667688988,1.0044039302894539,0,12345
0.0,0.05,27,15,Donor-HCP-within,0.99,8.877410985364351,8.691748966716993,0.6353494481535232,0,12345
0.0,0.05,27,15,HCP,1.0,,,,100,12345
0.0,0.05,27,15,Pooling,0.89,8.599245210493024,8.599245210493024,3.5706115939831736e-16,0,12345
0.0,0.05,27,15,Repeated,1.0,,,,100,12345
0.0,0.05,27,15,S-HCP-within,0.86,7.253693979189788,7.133066527075366,0.6502846945741865,0,12345
0.0,0.05,27,15,Std-CP,0.93,9.952282307771398,8.246803989689191,6.529061609593864,0,12345
0.0,0.05,27,15,Subsampling,1.0,,,,100,12345
0.0,0.05,27,20,Donor-HCP-no-within,0.98,9.344542077492562,9.199028655725758,0.9335638013295163,0,12345
0.0,0.05,27,20,Donor-HCP-within,0.95,6.2781232810648895,6.258789711177755,0.5523285390343273,0,12345
0.0,0.05,27,20,HCP,1.0,,,,100,12345
0.0,0.05,27,20,Pooling,0.89,8.599245210493024,8.599245210493024,3.5706115939831736e-16,0,12345
0.0,0.05,27,20,Repeated,1.0,,,,100,12345
0.0,0.05,27,20,S-HCP-within,0.84,7.004626262404643,7.056608001054295,0.46484246995902495,0,12345
0.0,0.05,27,20,Std-CP,0.88,6.859467561608849,6.325694318417728,3.0094317510811375,0,12345
0.0,0.05,27,20,Subsampling,1.0,,,,100,12345
0.0,0.05,27,25,Donor-HCP-no-within,0.93,8.072452066315616,7.943588750833286,2.3357183554995435,0,12345
0.0,0.05,27,25,Donor-HCP-within,1.0,,,,100,12345
0.0,0.05,27,25,HCP,1.0,,,,100,12345
0.0,0.05,27,25,Pooling,0.89,8.599245210493024,8.599245210493024,3.5706115939831736e-16,0,12345
0.0,0.05,27,25,Repeated,1.0,,,,100,12345
0.0,0.05,27,25,S-HCP-within,1.0,,,,100,12345
0.0,0.05,27,25,Std-CP,0.9,6.557657308268728,5.909522849343636,2.3833833977119716,0,12345
0.0,0.05,27,25,Subsampling,1.0,,,,100,12345
0.0,0.05,27,30,Donor-HCP-no-within,0.94,8.325095761555616,8.148209597342813,2.4205117214784044,0,12345
0.0,0.05,27,30,Donor-HCP-within,1.0,,,,100,12345
0.0,0.05,27,30,HCP,1.0,,,,100,12345
0.0,0.05,27,30,Pooling,0.89,8.599245210493024,8.599245210493024,3.5706115939831736e-16,0,12345
0.0,0.05,27,30,Repeated,1.0,,,,100,12345
0.0,0.05,27,30,S-HCP-within,1.0,,,,100,12345
0.0,0.05,27,30,Std-CP,0.94,6.415279872297086,6.044263239456118,2.335688763440924,0,12345
0.0,0.05,27,30,Subsampling,1.0,,,,100,12345
0.0,0.05,27,35,Donor-HCP-no-within,0.94,8.486085253073492,8.324744796140703,2.4317150877452014,0,12345
0.0,0.05,27,35,Donor-HCP-within,1.0,,,,100,12345
0.0,0.05,27,35,HCP,1.0,,,,100,12345
0.0,0.05,27,35,Pooling,0.89,8.599245210493024,8.599245210493024,3.5706115939831736e-16,0,12345
0.0,0.05,27,35,Repeated,1.0,,,,100,12345
0.0,0.05,27,35,S-HCP-within,1.0,,,,100,12345
0.0,0.05,27,35,Std-CP,0.93,6.457143241468304,6.284033809167812,1.983869127482319,0,12345
0.0,0.05,27,35,Subsampling,1.0,,,,100,12345
0.0,0.05,28,0,Donor-HCP-no-within,1.0,,,,100,12345
0.0,0.05,28,0,Donor-HCP-within,1.0,,,,100,12345
0.0,0.05,28,0,HCP,1.0,,,,100,12345
0.0,0.05,28,0,Pooling,0.81,7.866552907156636,7.866552907156635,1.8118874944198157e-15,0,12345
0.0,0.05,28,0,Repeated,1.0,,,,100,12345
0.0,0.05,28,0,S-HCP-within,1.0,,,,100,12345
0.0,0.05,28,0,Std-CP,1.0,,,,100,12345
0.0,0.05,28,0,Subsampling,1.0,,,,100,12345
0.0,0.05,28,5,Donor-HCP-no-within,1.0,,,,100,12345
0.0,0.05,28,5,Donor-HCP-within,1.0,,,,100,12345
0.0,0.05,28,5,HCP,1.0,,,,100,12345
0.0,0.05,28,5,Pooling,0.81,7.866552907156636,7.866552907156635,1.8118874944198157e-15,0,12345
0.0,0.05,28,5,Repeated,1.0,,,,100,12345
0.0,0.05,28,5,S-HCP-within,0.87,7.187592133533909,7.234932064791228,1.0004968848466413,0,12345
0.0,0.05,28,5,Std-CP,0.72,6.704605759851623,5.371569766650209,5.029939485389648,0,12345
0.0,0.05,28,5,Subsampling,1.0,,,,100,12345
0.0,0.05,28,10,Donor-HCP-no-within,0.99,11.854585807072944,11.8707798755892,1.1978974857463194,0,12345
0.0,0.05,28,10,Donor-HCP-within,1.0,,,,100,12345
0.0,0.05,28,10,HCP,1.0,,,,100,12345
0.0,0.05,28,10,Pooling,0.81,7.866552907156636,7.866552907156635,1.8118874944198157e-15,0,12345
0.0,0.05,28,10,Repeated,1.0,,,,100,12345
0.0,0.05,28,10,S-HCP-within,0.91,7.372292065578339,7.280718990998096,0.9664626315242528,0,12345
0.0,0.05,28,10,Std-CP,0.85,41.27003652022833,14.901982623893435,119.82288439808484,0,12345
0.0,0.05,28,10,Subsampling,1.0,,,,100,12345
0.0,0.05,28,15,Donor-HCP-no-within,0.94,9.188627556474572,9.003056871231415,1.150802515275071,0,12345
0.0,0.05,28,15,Donor-HCP-within,0.98,9.370397636531056,9.732089002466083,0.9800681732315516,0,12345
0.0,0.05,28,15,HCP,1.0,,,,100,12345
0.0,0.05,28,15,Pooling,0.81,7.866552907156636,7.866552907156635,1.8118874944198157e-15,0,12345
0.0,0.05,28,15,Repeated,1.0,,,,100,12345
0.0,0.05,28,15,S-HCP-within,0.92,7.427317485676674,7.2933622928594275,0.8599476574323863,0,12345
0.0,0.05,28,15,Std-CP,0.81,8.814607444942887,7.537373263262321,6.454655589749611,0,12345
0.0,0.05,28,15,Subsampling,1.0,,,,100,12345
0.0,0.05,28,20,Donor-HCP-no-within,0.88,8.136116060717741,8.12838708055968,1.290735254644648,0,12345
0.0,0.05,28,20,Donor-HCP-within,0.91,6.162087354097748,6.098616071126738,0.5351308234024909,0,12345
0.0,0.05,28,20,HCP,1.0,,,,100,12345
0.0,0.05,28,20,Pooling,0.81,7.866552907156636,7.866552907156635,1.8118874944198157e-15,0,12345
0.0,0.05,28,20,Repeated,1.0,,,,100,12345
0.0,0.05,28,20,S-HCP-within,0.9,7.173831460595099,7.220777984232676,0.5641350841935447,0,12345
0.0,0.05,28,20,Std-CP,0.91,6.7598860461639845,6.574730766610013,2.45207876530836,0,12345
0.0,0.05,28,20,Subsampling,1.0,,,,100,12345
0.0,0.05,28,25,Donor-HCP-no-within,0.96,8.284124606883056,8.056768648991946,2.584785156555688,0,12345
0.0,0.05,28,25,Donor-HCP-within,1.0,,,,100,12345
0.0,0.05,28,25,HCP,1.0,,,,100,12345
0.0,0.05,28,25,Pooling,0.81,7.866552907156636,7.866552907156635,1.8118874944198157e-15,0,12345
0.0,0.05,28,25,Repeated,1.0,,,,100,12345
0.0,0.05,28,25,S-HCP-within,1.0,,,,100,12345
0.0,0.05,28,25,Std-CP,0.9,6.584845003129735,6.113601910749415,2.0966693070110685,0,12345
0.0,0.05,28,25,Subsampling,1.0,,,,100,12345
0.0,0.05,28,30,Donor-HCP-no-within,0.97,8.461712117956756,8.313182607702192,2.523477513890224,0,12345
0.0,0.05,28,30,Donor-HCP-within,1.0,,,,100,12345
0.0,0.05,28,30,HCP,1.0,,,,100,12345
0.0,0.05,28,30,Pooling,0.81,7.866552907156636,7.866552907156635,1.8118874944198157e-15,0,12345
0.0,0.05,28,30,Repeated,1.0,,,,100,12345
0.0,0.05,28,30,S-HCP-within,1.0,,,,100,12345
0.0,0.05,28,30,Std-CP,0.89,6.41029562723387,6.315020921335936,2.19426538364035,0,12345
0.0,0.05,28,30,Subsampling,1.0,,,,100,12345
0.0,0.05,28,35,Donor-HCP-no-within,0.97,8.583033779961704,8.471285786634166,2.55356829358566,0,12345
0.0,0.05,28,35,Donor-HCP-within,1.0,,,,100,12345
0.0,0.05,28,35,HCP,1.0,,,,100,12345
0.0,0.05,28,35,Pooling,0.81,7.866552907156636,7.866552907156635,1.8118874944198157e-15,0,12345
0.0,0.05,28,35,Repeated,1.0,,,,100,12345
0.0,0.05,28,35,S-HCP-within,1.0,,,,100,12345
0.0,0.05,28,35,Std-CP,0.96,6.2960712452744465,6.231233599884053,1.6544372413304347,0,12345
0.0,0.05,28,35,Subsampling,1.0,,,,100,12345
0.0,0.05,29,0,Donor-HCP-no-within,1.0,,,,100,12345
0.0,0.05,29,0,Donor-HCP-within,1.0,,,,100,12345
0.0,0.05,29,0,HCP,1.0,,,,100,12345
0.0,0.05,29,0,Pooling,0.98,13.901567485756956,13.901567485756956,1.83808481743854e-15,0,12345
0.0,0.05,29,0,Repeated,1.0,,,,100,12345
0.0,0.05,29,0,S-HCP-within,1.0,,,,100,12345
0.0,0.05,29,0,Std-CP,1.0,,,,100,12345
0.0,0.05,29,0,Subsampling,1.0,,,,100,12345
0.0,0.05,29,5,Donor-HCP-no-within,1.0,,,,100,12345
0.0,0.05,29,5,Donor-HCP-within,1.0,,,,100,12345
0.0,0.05,29,5,HCP,1.0,,,,100,12345
0.0,0.05,29,5,Pooling,0.98,13.901567485756956,13.901567485756956,1.83808481743854e-15,0,12345
0.0,0.05,29,5,Repeated,1.0,,,,100,12345
0.0,0.05,29,5,S-HCP-within,0.98,9.976502580112633,9.993601006362116,1.8549490046937736,0,12345
0.0,0.05,29,5,Std-CP,0.77,6.413637785191736,5.433148062019753,3.5893396165261855,0,12345
0.0,0.05,29,5,Subsampling,1.0,,,,100,12345
0.0,0.05,29,10,Donor-HCP-no-within,1.0,20.99705663718022,22.568507308825303,3.7457081145513405,0,12345
0.0,0.05,29,10,Donor-HCP-within,1.0,,,,100,12345
0.0,0.05,29,10,HCP,1.0,,,,100,12345
0.0,0.05,29,10,Pooling,0.98,13.901567485756956,13.901567485756956,1.83808481743854e-15,0,12345
0.0,0.05,29,10,Repeated,1.0,,,,100,12345
0.0,0.05,29,10,S-HCP-within,0.98,10.008156420469897,10.100356103432567,1.5806873960624002,0,12345
0.0,0.05,29,10,Std-CP,0.87,25.292879879411256,10.399840324623845,63.05067434996006,0,12345
0.0,0.05,29,10,Subsampling,1.0,,,,100,12345
0.0,0.05,29,15,Donor-HCP-no-within,0.99,14.236878920027777,14.297564296448378,2.3580462542208336,0,12345
0.0,0.05,29,15,Donor-HCP-within,0.99,12.757441925487763,13.142752913467376,1.646858359031744,0,12345
0.0,0.05,29,15,HCP,1.0,,,,100,12345
0.0,0.05,29,15,Pooling,0.98,13.901567485756956,13.901567485756956,1.83808481743854e-15,0,12345
0.0,0.05,29,15,Repeated,1.0,,,,100,12345
0.0,0.05,29,15,S-HCP-within,0.97,10.293494284925574,10.4909429785613,1.2422441910810846,0,12345
0.0,0.05,29,15,Std-CP,0.92,10.484714319606134,7.078091018841318,19.39889396692587,0,12345
0.0,0.05,29,15,Subsampling,1.0,,,,100,12345
0.0,0.05,29,20,Donor-HCP-no-within,0.98,13.042037699647318,13.557133954777655,2.1995004986924864,0,12345
0.0,0.05,29,20,Donor-HCP-within,0.96,8.300931310937603,8.621824874884972,1.5587725920684325,0,12345
0.0,0.05,29,20,HCP,1.0,,,,100,12345
0.0,0.05,29,20,Pooling,0.98,13.901567485756956,13.901567485756956,1.83808481743854e-15,0,12345
0.0,0.05,29,20,Repeated,1.0,,,,100,12345
0.0,0.05,29,20,S-HCP-within,0.97,9.388487509507309,8.970945171225281,1.1299817798246665,0,12345
0.0,0.05,29,20,Std-CP,0.94,6.897005927140661,6.560342903925269,2.7752021526735846,0,12345
0.0,0.05,29,20,Subsampling,1.0,,,,100,12345
0.0,0.05,29,25,Donor-HCP-no-within,0.96,7.690198194605233,7.470319953584767,2.076264800914232,0,12345
0.0,0.05,29,25,Donor-HCP-within,1.0,,,,100,12345
0.0,0.05,29,25,HCP,1.0,,,,100,12345
0.0,0.05,29,25,Pooling,0.98,13.901567485756956,13.901567485756956,1.83808481743854e-15,0,12345
0.0,0.05,29,25,Repeated,1.0,,,,100,12345
0.0,0.05,29,25,S-HCP-within,1.0,,,,100,12345
0.0,0.05,29,25,Std-CP,0.95,6.716911832336788,5.983427583887867,2.6371252999254158,0,12345
0.0,0.05,29,25,Subsampling,1.0,,,,100,12345
0.0,0.05,29,30,Donor-HCP-no-within,0.96,7.7941696240958604,7.493558799554755,2.032132579677492,0,12345
0.0,0.05,29,30,Donor-HCP-within,1.0,,,,100,12345
0.0,0.05,29,30,HCP,1.0,,,,100,12345
0.0,0.05,29,30,Pooling,0.98,13.901567485756956,13.901567485756956,1.83808481743854e-15,0,12345
0.0,0.05,29,30,Repeated,1.0,,,,100,12345
0.0,0.05,29,30,S-HCP-within,1.0,,,,100,12345
0.0,0.05,29,30,Std-CP,0.94,6.686455407325951,6.314845197273531,2.171227188424919,0,12345
0.0,0.05,29,30,Subsampling,1.0,,,,100,12345
0.0,0.05,29,35,Donor-HCP-no-within,0.97,7.976893208552639,7.721484462229344,2.025153848327281,0,12345
0.0,0.05,29,35,Donor-HCP-within,1.0,,,,100,12345
0.0,0.05,29,35,HCP,1.0,,,,100,12345
0.0,0.05,29,35,Pooling,0.98,13.901567485756956,13.901567485756956,1.83808481743854e-15,0,12345
0.0,0.05,29,35,Repeated,1.0,,,,100,12345
0.0,0.05,29,35,S-HCP-within,1.0,,,,100,12345
0.0,0.05,29,35,Std-CP,0.95,6.519977788917694,6.2600012994001375,2.0553389264023645,0,12345
0.0,0.05,29,35,Subsampling,1.0,,,,100,12345
0.0,0.05,30,0,Donor-HCP-no-within,1.0,,,,100,12345
0.0,0.05,30,0,Donor-HCP-within,1.0,,,,100,12345
0.0,0.05,30,0,HCP,1.0,,,,100,12345
0.0,0.05,30,0,Pooling,0.91,8.253430606213328,8.253430606213328,0.0,0,12345
0.0,0.05,30,0,Repeated,1.0,,,,100,12345
0.0,0.05,30,0,S-HCP-within,1.0,,,,100,12345
0.0,0.05,30,0,Std-CP,1.0,,,,100,12345
0.0,0.05,30,0,Subsampling,1.0,,,,100,12345
0.0,0.05,30,5,Donor-HCP-no-within,1.0,,,,100,12345
0.0,0.05,30,5,Donor-HCP-within,1.0,,,,100,12345
0.0,0.05,30,5,HCP,1.0,,,,100,12345
0.0,0.05,30,5,Pooling,0.91,8.253430606213328,8.253430606213328,0.0,0,12345
0.0,0.05,30,5,Repeated,1.0,,,,100,12345
0.0,0.05,30,5,S-HCP-within,0.98,16.178274667532776,15.755080898560195,1.5200030881104794,0,12345
0.0,0.05,30,5,Std-CP,0.68,5.91849039243655,5.111250256299757,3.975364560897227,0,12345
0.0,0.05,30,5,Subsampling,1.0,,,,100,12345
0.0,0.05,30,10,Donor-HCP-no-within,0.99,11.073569940513348,10.858877199778934,0.6928159786249457,0,12345
0.0,0.05,30,10,Donor-HCP-within,1.0,,,,100,12345
0.0,0.05,30,10,HCP,1.0,,,,100,12345
0.0,0.05,30,10,Pooling,0.91,8.253430606213328,8.253430606213328,0.0,0,12345
0.0,0.05,30,10,Repeated,1.0,,,,100,12345
0.0,0.05,30,10,S-HCP-within,0.99,16.122206166905773,15.793036528236378,1.224888519288724,0,12345
0.0,0.05,30,10,Std-CP,0.85,29.43359660172817,12.29233757711338,54.2159678367002,0,12345
0.0,0.05,30,10,Subsampling,1.0,,,,100,12345
0.0,0.05,30,15,Donor-HCP-no-within,0.96,9.189221456758641,9.041515168820538,0.5641172405961465,0,12345
0.0,0.05,30,15,Donor-HCP-within,0.98,7.968335112884351,7.731414961544964,0.6124198262879476,0,12345
0.0,0.05,30,15,HCP,1.0,,,,100,12345
0.0,0.05,30,15,Pooling,0.91,8.253430606213328,8.253430606213328,0.0,0,12345
0.0,0.05,30,15,Repeated,1.0,,,,100,12345
0.0,0.05,30,15,S-HCP-within,0.99,16.06978693876924,15.755080898560195,0.9724099046173111,0,12345
0.0,0.05,30,15,Std-CP,0.86,9.378490974177657,8.092486479458742,5.983053296375282,0,12345
0.0,0.05,30,15,Subsampling,1.0,,,,100,12345
0.0,0.05,30,20,Donor-HCP-no-within,0.91,8.528260143332558,8.377028878390846,0.54135738277345,0,12345
0.0,0.05,30,20,Donor-HCP-within,0.9,5.807056411332445,5.718721610656594,0.396649059426843,0,12345
0.0,0.05,30,20,HCP,1.0,,,,100,12345
0.0,0.05,30,20,Pooling,0.91,8.253430606213328,8.253430606213328,0.0,0,12345
0.0,0.05,30,20,Repeated,1.0,,,,100,12345
0.0,0.05,30,20,S-HCP-within,0.99,15.44307178927312,15.312518285077838,0.40864719162240054,0,12345
0.0,0.05,30,20,Std-CP,0.87,6.850028146497633,6.701832941751402,2.191658935081197,0,12345
0.0,0.05,30,20,Subsampling,1.0,,,,100,12345
0.0,0.05,30,25,Donor-HCP-no-within,0.93,7.654719185164713,7.658424466952985,2.107377570687209,0,12345
0.0,0.05,30,25,Donor-HCP-within,1.0,,,,100,12345
0.0,0.05,30,25,HCP,1.0,,,,100,12345
0.0,0.05,30,25,Pooling,0.91,8.253430606213328,8.253430606213328,0.0,0,12345
0.0,0.05,30,25,Repeated,1.0,,,,100,12345
0.0,0.05,30,25,S-HCP-within,1.0,,,,100,12345
0.0,0.05,30,25,Std-CP,0.96,7.21528821448567,6.922291912979282,2.7659488490170974,0,12345
0.0,0.05,30,25,Subsampling,1.0,,,,100,12345
0.0,0.05,30,30,Donor-HCP-no-within,0.93,7.8363500805588115,7.715815434797537,2.0853941620372876,0,12345
0.0,0.05,30,30,Donor-HCP-within,1.0,,,,100,12345
0.0,0.05,30,30,HCP,1.0,,,,100,12345
0.0,0.05,30,30,Pooling,0.91,8.253430606213328,8.253430606213328,0.0,0,12345
0.0,0.05,30,30,Repeated,1.0,,,,100,12345
0.0,0.05,30,30,S-HCP-within,1.0,,,,100,12345
0.0,0.05,30,30,Std-CP,0.94,6.88344352450863,6.315806728841836,2.740949896430118,0,12345
0.0,0.05,30,30,Subsampling,1.0,,,,100,12345
0.0,0.05,30,35,Donor-HCP-no-within,0.93,7.922343184773565,7.857994185263185,2.0723632463770687,0,12345
0.0,0.05,30,35,Donor-HCP-within,1.0,,,,100,12345
0.0,0.05,30,35,HCP,1.0,,,,100,12345
0.0,0.05,30,35,Pooling,0.91,8.253430606213328,8.253430606213328,0.0,0,12345
0.0,0.05,30,35,Repeated,1.0,,,,100,12345
0.0,0.05,30,35,S-HCP-within,1.0,,,,100,12345
0.0,0.05,30,35,Std-CP,0.96,6.7338274353615795,6.686551809005694,2.1591845442300954,0,12345
0.0,0.05,30,35,Subsampling,1.0,,,,100,12345
0.0,0.05,31,0,Donor-HCP-no-within,1.0,,,,100,12345
0.0,0.05,31,0,Donor-HCP-within,1.0,,,,100,12345
0.0,0.05,31,0,HCP,1.0,,,,100,12345
0.0,0.05,31,0,Pooling,0.95,8.58228747350686,8.58228747350686,3.5706115939831736e-16,0,12345
0.0,0.05,31,0,Repeated,1.0,,,,100,12345
0.0,0.05,31,0,S-HCP-within,1.0,,,,100,12345
0.0,0.05,31,0,Std-CP,1.0,,,,100,12345
0.0,0.05,31,0,Subsampling,1.0,,,,100,12345
0.0,0.05,31,5,Donor-HCP-no-within,1.0,,,,100,12345
0.0,0.05,31,5,Donor-HCP-within,1.0,,,,100,12345
0.0,0.05,31,5,HCP,1.0,,,,100,12345
0.0,0.05,31,5,Pooling,0.95,8.58228747350686,8.58228747350686,3.5706115939831736e-16,0,12345
0.0,0.05,31,5,Repeated,1.0,,,,100,12345
0.0,0.05,31,5,S-HCP-within,0.99,10.0658463960924,9.751791357047036,1.1114923650794446,0,12345
0.0,0.05,31,5,Std-CP,0.75,6.137387074150956,5.455319787954359,3.771980580893399,0,12345
0.0,0.05,31,5,Subsampling,1.0,,,,100,12345
0.0,0.05,31,10,Donor-HCP-no-within,1.0,12.335576728891402,12.561357903636157,0.7624489675241497,0,12345
0.0,0.05,31,10,Donor-HCP-within,1.0,,,,100,12345
0.0,0.05,31,10,HCP,1.0,,,,100,12345
0.0,0.05,31,10,Pooling,0.95,8.58228747350686,8.58228747350686,3.5706115939831736e-16,0,12345
0.0,0.05,31,10,Repeated,1.0,,,,100,12345
0.0,0.05,31,10,S-HCP-within,0.98,10.123645257722623,9.80564944754375,0.8862344075518209,0,12345
0.0,0.05,31,10,Std-CP,0.82,44.81847392965745,11.370073048184963,194.80878792646126,0,12345
0.0,0.05,31,10,Subsampling,1.0,,,,100,12345
0.0,0.05,31,15,Donor-HCP-no-within,0.99,10.176185973282395,10.417221842374538,0.9191719861265735,0,12345
0.0,0.05,31,15,Donor-HCP-within,0.99,8.162613825787435,8.019718817372256,0.4332726358166639,0,12345
0.0,0.05,31,15,HCP,1.0,,,,100,12345
0.0,0.05,31,15,Pooling,0.95,8.58228747350686,8.58228747350686,3.5706115939831736e-16,0,12345
0.0,0.05,31,15,Repeated,1.0,,,,100,12345
0.0,0.05,31,15,S-HCP-within,0.99,10.07821334610638,9.751791357047038,0.7812889973695928,0,12345
0.0,0.05,31,15,Std-CP,0.95,10.02112429491146,7.366188840214074,8.089171840601868,0,12345
0.0,0.05,31,15,Subsampling,1.0,,,,100,12345
0.0,0.05,31,20,Donor-HCP-no-within,0.96,9.081216583663638,9.05885250973484,0.8341490034358201,0,12345
0.0,0.05,31,20,Donor-HCP-within,0.98,7.001010757163492,7.018735723051229,0.2924283929421814,0,12345
0.0,0.05,31,20,HCP,1.0,,,,100,12345
0.0,0.05,31,20,Pooling,0.95,8.58228747350686,8.58228747350686,3.5706115939831736e-16,0,12345
0.0,0.05,31,20,Repeated,1.0,,,,100,12345
0.0,0.05,31,20,S-HCP-within,0.98,9.55867287807436,9.48553820273999,0.5190623015024418,0,12345
0.0,0.05,31,20,Std-CP,0.89,7.0408230779127745,6.678971767885113,2.8505022904719652,0,12345
0.0,0.05,31,20,Subsampling,1.0,,,,100,12345
0.0,0.05,31,25,Donor-HCP-no-within,0.96,7.420978720153939,7.326060838589335,1.6327316223268684,0,12345
0.0,0.05,31,25,Donor-HCP-within,1.0,,,,100,12345
0.0,0.05,31,25,HCP,1.0,,,,100,12345
0.0,0.05,31,25,Pooling,0.95,8.58228747350686,8.58228747350686,3.5706115939831736e-16,0,12345
0.0,0.05,31,25,Repeated,1.0,,,,100,12345
0.0,0.05,31,25,S-HCP-within,1.0,,,,100,12345
0.0,0.05,31,25,Std-CP,0.87,6.747948947599396,6.128386591816402,2.74036367375946,0,12345
0.0,0.05,31,25,Subsampling,1.0,,,,100,12345
0.0,0.05,31,30,Donor-HCP-no-within,0.98,7.55267026380978,7.601524929405608,1.615554715683082,0,12345
0.0,0.05,31,30,Donor-HCP-within,1.0,,,,100,12345
0.0,0.05,31,30,HCP,1.0,,,,100,12345
0.0,0.05,31,30,Pooling,0.95,8.58228747350686,8.58228747350686,3.5706115939831736e-16,0,12345
0.0,0.05,31,30,Repeated,1.0,,,,100,12345
0.0,0.05,31,30,S-HCP-within,1.0,,,,100,12345
0.0,0.05,31,30,Std-CP,0.94,6.4849637358091,6.309882046616999,2.3871631295317464,0,12345
0.0,0.05,31,30,Subsampling,1.0,,,,100,12345
0.0,0.05,31,35,Donor-HCP-no-within,0.98,7.615252995185722,7.630244974791552,1.5903208211026603,0,12345
0.0,0.05,31,35,Donor-HCP-within,1.0,,,,100,12345
0.0,0.05,31,35,HCP,1.0,,,,100,12345
0.0,0.05,31,35,Pooling,0.95,8.58228747350686,8.58228747350686,3.5706115939831736e-16,0,12345
0.0,0.05,31,35,Repeated,1.0,,,,100,12345
0.0,0.05,31,35,S-HCP-within,1.0,,,,100,12345
0.0,0.05,31,35,Std-CP,0.96,6.167275010338078,6.176693473197584,1.6142099228511757,0,12345
0.0,0.05,31,35,Subsampling,1.0,,,,100,12345
0.0,0.05,32,0,Donor-HCP-no-within,1.0,,,,100,12345
0.0,0.05,32,0,Donor-HCP-within,1.0,,,,100,12345
0.0,0.05,32,0,HCP,1.0,,,,100,12345
0.0,0.05,32,0,Pooling,0.91,9.221717246190124,9.221717246190124,0.0,0,12345
0.0,0.05,32,0,Repeated,1.0,,,,100,12345
0.0,0.05,32,0,S-HCP-within,1.0,,,,100,12345
0.0,0.05,32,0,Std-CP,1.0,,,,100,12345
0.0,0.05,32,0,Subsampling,1.0,,,,100,12345
0.0,0.05,32,5,Donor-HCP-no-within,1.0,,,,100,12345
0.0,0.05,32,5,Donor-HCP-within,1.0,,,,100,12345
0.0,0.05,32,5,HCP,1.0,,,,100,12345
0.0,0.05,32,5,Pooling,0.91,9.221717246190124,9.221717246190124,0.0,0,12345
0.0,0.05,32,5,Repeated,1.0,,,,100,12345
0.0,0.05,32,5,S-HCP-within,0.98,11.187127951351194,11.430294062038413,1.2785004184476658,0,12345
0.0,0.05,32,5,Std-CP,0.76,5.933009039988088,5.032896483440954,3.6240138910630972,0,12345
0.0,0.05,32,5,Subsampling,1.0,,,,100,12345
0.0,0.05,32,10,Donor-HCP-no-within,0.98,13.765155591464433,14.329438857594951,1.207038933980339,0,12345
0.0,0.05,32,10,Donor-HCP-within,1.0,,,,100,12345
0.0,0.05,32,10,HCP,1.0,,,,100,12345
0.0,0.05,32,10,Pooling,0.91,9.221717246190124,9.221717246190124,0.0,0,12345
0.0,0.05,32,10,Repeated,1.0,,,,100,12345
0.0,0.05,32,10,S-HCP-within,0.96,10.756798081507348,10.871553336473305,1.0653774914867553,0,12345
0.0,0.05,32,10,Std-CP,0.85,2053.3512726261797,18.408716182475025,19932.91732050085,0,12345
0.0,0.05,32,10,Subsampling,1.0,,,,100,12345
0.0,0.05,32,15,Donor-HCP-no-within,0.96,11.713816836141438,11.969029900299105,1.2270338060060204,0,12345
0.0,0.05,32,15,Donor-HCP-within,1.0,10.364160278166269,10.41899777781283,0.603745756881577,0,12345
0.0,0.05,32,15,HCP,1.0,,,,100,12345
0.0,0.05,32,15,Pooling,0.91,9.221717246190124,9.221717246190124,0.0,0,12345
0.0,0.05,32,15,Repeated,1.0,,,,100,12345
0.0,0.05,32,15,S-HCP-within,0.98,11.20726043919782,11.21467328277921,0.7086443372154094,0,12345
0.0,0.05,32,15,Std-CP,0.88,9.700749826191199,8.080158891894783,6.948177755764634,0,12345
0.0,0.05,32,15,Subsampling,1.0,,,,100,12345
0.0,0.05,32,20,Donor-HCP-no-within,0.94,10.71944381810279,11.104012973148691,1.3198320954199283,0,12345
0.0,0.05,32,20,Donor-HCP-within,0.97,7.92181031329805,7.9417711675779605,0.5373473745523188,0,12345
0.0,0.05,32,20,HCP,1.0,,,,100,12345
0.0,0.05,32,20,Pooling,0.91,9.221717246190124,9.221717246190124,0.0,0,12345
0.0,0.05,32,20,Repeated,1.0,,,,100,12345
0.0,0.05,32,20,S-HCP-within,0.97,10.631608915530657,10.73187918764669,0.6846419289680461,0,12345
0.0,0.05,32,20,Std-CP,0.91,7.412433542887305,7.104485870644581,2.6473159066366394,0,12345
0.0,0.05,32,20,Subsampling,1.0,,,,100,12345
0.0,0.05,32,25,Donor-HCP-no-within,0.93,8.283831954236302,8.243643707415014,2.1985876406506684,0,12345
0.0,0.05,32,25,Donor-HCP-within,1.0,,,,100,12345
0.0,0.05,32,25,HCP,1.0,,,,100,12345
0.0,0.05,32,25,Pooling,0.91,9.221717246190124,9.221717246190124,0.0,0,12345
0.0,0.05,32,25,Repeated,1.0,,,,100,12345
0.0,0.05,32,25,S-HCP-within,1.0,,,,100,12345
0.0,0.05,32,25,Std-CP,0.91,7.080106043148404,6.619986073345334,2.659640735137316,0,12345
0.0,0.05,32,25,Subsampling,1.0,,,,100,12345
0.0,0.05,32,30,Donor-HCP-no-within,0.95,8.503189630121742,8.438744508677395,2.2522404137323937,0,12345
0.0,0.05,32,30,Donor-HCP-within,1.0,,,,100,12345
0.0,0.05,32,30,HCP,1.0,,,,100,12345
0.0,0.05,32,30,Pooling,0.91,9.221717246190124,9.221717246190124,0.0,0,12345
0.0,0.05,32,30,Repeated,1.0,,,,100,12345
0.0,0.05,32,30,S-HCP-within,1.0,,,,100,12345
0.0,0.05,32,30,Std-CP,0.92,6.291910102857667,5.924618767562123,2.0034110066139177,0,12345
0.0,0.05,32,30,Subsampling,1.0,,,,100,12345
0.0,0.05,32,35,Donor-HCP-no-within,0.96,8.616440929163943,8.484843104244565,2.256711398016099,0,12345
0.0,0.05,32,35,Donor-HCP-within,1.0,,,,100,12345
0.0,0.05,32,35,HCP,1.0,,,,100,12345
0.0,0.05,32,35,Pooling,0.91,9.221717246190124,9.221717246190124,0.0,0,12345
0.0,0.05,32,35,Repeated,1.0,,,,100,12345
0.0,0.05,32,35,S-HCP-within,1.0,,,,100,12345
0.0,0.05,32,35,Std-CP,0.94,6.773792346720964,6.81392296833862,1.8468344552401277,0,12345
0.0,0.05,32,35,Subsampling,1.0,,,,100,12345
0.0,0.05,33,0,Donor-HCP-no-within,1.0,,,,100,12345
0.0,0.05,33,0,Donor-HCP-within,1.0,,,,100,12345
0.0,0.05,33,0,HCP,1.0,,,,100,12345
0.0,0.05,33,0,Pooling,0.9,6.831494742512071,6.831494742512071,1.021687940773871e-15,0,12345
0.0,0.05,33,0,Repeated,1.0,,,,100,12345
0.0,0.05,33,0,S-HCP-within,1.0,,,,100,12345
0.0,0.05,33,0,Std-CP,1.0,,,,100,12345
0.0,0.05,33,0,Subsampling,1.0,,,,100,12345
0.0,0.05,33,5,Donor-HCP-no-within,1.0,,,,100,12345
0.0,0.05,33,5,Donor-HCP-within,1.0,,,,100,12345
0.0,0.05,33,5,HCP,1.0,,,,100,12345
0.0,0.05,33,5,Pooling,0.9,6.831494742512071,6.831494742512071,1.021687940773871e-15,0,12345
0.0,0.05,33,5,Repeated,1.0,,,,100,12345
0.0,0.05,33,5,S-HCP-within,0.95,7.357746792147938,7.123688194408277,1.3461912900472905,0,12345
0.0,0.05,33,5,Std-CP,0.78,6.264470308618539,5.041810034076883,4.372116940337137,0,12345
0.0,0.05,33,5,Subsampling,1.0,,,,100,12345
0.0,0.05,33,10,Donor-HCP-no-within,0.97,12.932848997313494,12.878088962515623,0.9673514587292527,0,12345
0.0,0.05,33,10,Donor-HCP-within,1.0,,,,100,12345
0.0,0.05,33,10,HCP,1.0,,,,100,12345
0.0,0.05,33,10,Pooling,0.9,6.831494742512071,6.831494742512071,1.021687940773871e-15,0,12345
0.0,0.05,33,10,Repeated,1.0,,,,100,12345
0.0,0.05,33,10,S-HCP-within,0.93,7.167051735696943,7.1236881944082775,0.898502714686982,0,12345
0.0,0.05,33,10,Std-CP,0.8,61.7196751677646,10.596172557147785,343.75602800281695,0,12345
0.0,0.05,33,10,Subsampling,1.0,,,,100,12345
0.0,0.05,33,15,Donor-HCP-no-within,0.97,9.62479601614688,9.810628448486767,0.9086311108916478,0,12345
0.0,0.05,33,15,Donor-HCP-within,0.97,8.311529383851294,8.493860689469269,0.7620875051315112,0,12345
0.0,0.05,33,15,HCP,1.0,,,,100,12345
0.0,0.05,33,15,Pooling,0.9,6.831494742512071,6.831494742512071,1.021687940773871e-15,0,12345
0.0,0.05,33,15,Repeated,1.0,,,,100,12345
0.0,0.05,33,15,S-HCP-within,0.93,7.1582540874517075,7.105298920373431,0.7777422087468805,0,12345
0.0,0.05,33,15,Std-CP,0.86,9.448648563185866,7.284595575627858,8.258258843636574,0,12345
0.0,0.05,33,15,Subsampling,1.0,,,,100,12345
0.0,0.05,33,20,Donor-HCP-no-within,0.94,8.594685478281011,8.67949967584754,0.8659850113309545,0,12345
0.0,0.05,33,20,Donor-HCP-within,0.94,5.953817602914367,5.885397381453946,0.42369034517025145,0,12345
0.0,0.05,33,20,HCP,1.0,,,,100,12345
0.0,0.05,33,20,Pooling,0.9,6.831494742512071,6.831494742512071,1.021687940773871e-15,0,12345
0.0,0.05,33,20,Repeated,1.0,,,,100,12345
0.0,0.05,33,20,S-HCP-within,0.93,6.735360510157304,6.470035208121823,0.524825043464325,0,12345
0.0,0.05,33,20,Std-CP,0.89,6.864790791090623,6.32071163068135,3.5667224595443163,0,12345
0.0,0.05,33,20,Subsampling,1.0,,,,100,12345
0.0,0.05,33,25,Donor-HCP-no-within,0.95,7.86573092314893,7.558208712500349,2.4945934833529337,0,12345
0.0,0.05,33,25,Donor-HCP-within,1.0,,,,100,12345
0.0,0.05,33,25,HCP,1.0,,,,100,12345
0.0,0.05,33,25,Pooling,0.9,6.831494742512071,6.831494742512071,1.021687940773871e-15,0,12345
0.0,0.05,33,25,Repeated,1.0,,,,100,12345
0.0,0.05,33,25,S-HCP-within,1.0,,,,100,12345
0.0,0.05,33,25,Std-CP,0.89,6.483483685572262,5.962059942797481,2.1828790025957145,0,12345
0.0,0.05,33,25,Subsampling,1.0,,,,100,12345
0.0,0.05,33,30,Donor-HCP-no-within,0.95,8.063921886209194,7.660835921579592,2.5969371057130495,0,12345
0.0,0.05,33,30,Donor-HCP-within,1.0,,,,100,12345
0.0,0.05,33,30,HCP,1.0,,,,100,12345
0.0,0.05,33,30,Pooling,0.9,6.831494742512071,6.831494742512071,1.021687940773871e-15,0,12345
0.0,0.05,33,30,Repeated,1.0,,,,100,12345
0.0,0.05,33,30,S-HCP-within,1.0,,,,100,12345
0.0,0.05,33,30,Std-CP,0.94,6.494435782559082,6.383858306857757,1.903203315960819,0,12345
0.0,0.05,33,30,Subsampling,1.0,,,,100,12345
0.0,0.05,33,35,Donor-HCP-no-within,0.95,8.225532593251312,7.867477966779266,2.4914542128943626,0,12345
0.0,0.05,33,35,Donor-HCP-within,1.0,,,,100,12345
0.0,0.05,33,35,HCP,1.0,,,,100,12345
0.0,0.05,33,35,Pooling,0.9,6.831494742512071,6.831494742512071,1.021687940773871e-15,0,12345
0.0,0.05,33,35,Repeated,1.0,,,,100,12345
0.0,0.05,33,35,S-HCP-within,1.0,,,,100,12345
0.0,0.05,33,35,Std-CP,0.92,6.490648250386587,6.223279925766747,1.9738716541727748,0,12345
0.0,0.05,33,35,Subsampling,1.0,,,,100,12345
0.0,0.05,34,0,Donor-HCP-no-within,1.0,,,,100,12345
0.0,0.05,34,0,Donor-HCP-within,1.0,,,,100,12345
0.0,0.05,34,0,HCP,1.0,,,,100,12345
0.0,0.05,34,0,Pooling,0.94,8.941538784968579,8.941538784968579,7.574411013266429e-16,0,12345
0.0,0.05,34,0,Repeated,1.0,,,,100,12345
0.0,0.05,34,0,S-HCP-within,1.0,,,,100,12345
0.0,0.05,34,0,Std-CP,1.0,,,,100,12345
0.0,0.05,34,0,Subsampling,1.0,,,,100,12345
0.0,0.05,34,5,Donor-HCP-no-within,1.0,,,,100,12345
0.0,0.05,34,5,Donor-HCP-within,1.0,,,,100,12345
0.0,0.05,34,5,HCP,1.0,,,,100,12345
0.0,0.05,34,5,Pooling,0.94,8.941538784968579,8.941538784968579,7.574411013266429e-16,0,12345
0.0,0.05,34,5,Repeated,1.0,,,,100,12345
0.0,0.05,34,5,S-HCP-within,0.9,7.668187957796501,7.430869518455225,1.0544530666578693,0,12345
0.0,0.05,34,5,Std-CP,0.76,5.369372309603866,4.425327380367316,4.578659234116636,0,12345
0.0,0.05,34,5,Subsampling,1.0,,,,100,12345
0.0,0.05,34,10,Donor-HCP-no-within,1.0,12.864525589817438,12.880731347822977,0.8215070062062781,0,12345
0.0,0.05,34,10,Donor-HCP-within,1.0,,,,100,12345
0.0,0.05,34,10,HCP,1.0,,,,100,12345
0.0,0.05,34,10,Pooling,0.94,8.941538784968579,8.941538784968579,7.574411013266429e-16,0,12345
0.0,0.05,34,10,Repeated,1.0,,,,100,12345
0.0,0.05,34,10,S-HCP-within,0.9,7.590925376121186,7.42742222618261,0.789048887100601,0,12345
0.0,0.05,34,10,Std-CP,0.79,50.473856872924024,12.174603293152144,190.4406171492507,0,12345
0.0,0.05,34,10,Subsampling,1.0,,,,100,12345
0.0,0.05,34,15,Donor-HCP-no-within,0.95,10.126167106593659,9.947750246069901,0.5377988198409739,0,12345
0.0,0.05,34,15,Donor-HCP-within,1.0,9.794322049863801,9.748775249982124,0.5676592737415562,0,12345
0.0,0.05,34,15,HCP,1.0,,,,100,12345
0.0,0.05,34,15,Pooling,0.94,8.941538784968579,8.941538784968579,7.574411013266429e-16,0,12345
0.0,0.05,34,15,Repeated,1.0,,,,100,12345
0.0,0.05,34,15,S-HCP-within,0.9,7.660666632665464,7.680570554631983,0.658960005048265,0,12345
0.0,0.05,34,15,Std-CP,0.85,9.346899222704499,7.6193363443502,4.875577149354406,0,12345
0.0,0.05,34,15,Subsampling,1.0,,,,100,12345
0.0,0.05,34,20,Donor-HCP-no-within,0.95,9.202896801838943,9.160063405185198,0.5114824888835835,0,12345
0.0,0.05,34,20,Donor-HCP-within,0.94,6.925974689134063,7.025395986898097,0.33079317133969144,0,12345
0.0,0.05,34,20,HCP,1.0,,,,100,12345
0.0,0.05,34,20,Pooling,0.94,8.941538784968579,8.941538784968579,7.574411013266429e-16,0,12345
0.0,0.05,34,20,Repeated,1.0,,,,100,12345
0.0,0.05,34,20,S-HCP-within,0.9,7.384821354576323,7.163401545596596,0.5593757020852804,0,12345
0.0,0.05,34,20,Std-CP,0.94,6.690461990836553,6.337960824272872,2.5422006244404662,0,12345
0.0,0.05,34,20,Subsampling,1.0,,,,100,12345
0.0,0.05,34,25,Donor-HCP-no-within,0.97,7.5277180954886695,7.0834167766843805,2.153678108980642,0,12345
0.0,0.05,34,25,Donor-HCP-within,1.0,,,,100,12345
0.0,0.05,34,25,HCP,1.0,,,,100,12345
0.0,0.05,34,25,Pooling,0.94,8.941538784968579,8.941538784968579,7.574411013266429e-16,0,12345
0.0,0.05,34,25,Repeated,1.0,,,,100,12345
0.0,0.05,34,25,S-HCP-within,1.0,,,,100,12345
0.0,0.05,34,25,Std-CP,0.93,6.63612030376145,6.001970912940408,2.3663410321828815,0,12345
0.0,0.05,34,25,Subsampling,1.0,,,,100,12345
0.0,0.05,34,30,Donor-HCP-no-within,0.97,7.771523217541443,7.185254614864152,2.1536846218350543,0,12345
0.0,0.05,34,30,Donor-HCP-within,1.0,,,,100,12345
0.0,0.05,34,30,HCP,1.0,,,,100,12345
0.0,0.05,34,30,Pooling,0.94,8.941538784968579,8.941538784968579,7.574411013266429e-16,0,12345
0.0,0.05,34,30,Repeated,1.0,,,,100,12345
0.0,0.05,34,30,S-HCP-within,1.0,,,,100,12345
0.0,0.05,34,30,Std-CP,0.96,6.151903230154549,6.044342861120408,1.7940042155843525,0,12345
0.0,0.05,34,30,Subsampling,1.0,,,,100,12345
0.0,0.05,34,35,Donor-HCP-no-within,0.97,7.881356748479875,7.54406456795374,2.1123594139672774,0,12345
0.0,0.05,34,35,Donor-HCP-within,1.0,,,,100,12345
0.0,0.05,34,35,HCP,1.0,,,,100,12345
0.0,0.05,34,35,Pooling,0.94,8.941538784968579,8.941538784968579,7.574411013266429e-16,0,12345
0.0,0.05,34,35,Repeated,1.0,,,,100,12345
0.0,0.05,34,35,S-HCP-within,1.0,,,,100,12345
0.0,0.05,34,35,Std-CP,0.92,5.979276420690726,5.870715574909757,1.6281143191031002,0,12345
0.0,0.05,34,35,Subsampling,1.0,,,,100,12345
0.0,0.05,35,0,Donor-HCP-no-within,1.0,,,,100,12345
0.0,0.05,35,0,Donor-HCP-within,1.0,,,,100,12345
0.0,0.05,35,0,HCP,1.0,,,,100,12345
0.0,0.05,35,0,Pooling,0.93,7.6855646373485875,7.6855646373485875,1.6676132339974293e-15,0,12345
0.0,0.05,35,0,Repeated,1.0,,,,100,12345
0.0,0.05,35,0,S-HCP-within,1.0,,,,100,12345
0.0,0.05,35,0,Std-CP,1.0,,,,100,12345
0.0,0.05,35,0,Subsampling,1.0,,,,100,12345
0.0,0.05,35,5,Donor-HCP-no-within,1.0,,,,100,12345
0.0,0.05,35,5,Donor-HCP-within,1.0,,,,100,12345
0.0,0.05,35,5,HCP,1.0,,,,100,12345
0.0,0.05,35,5,Pooling,0.93,7.6855646373485875,7.6855646373485875,1.6676132339974293e-15,0,12345
0.0,0.05,35,5,Repeated,1.0,,,,100,12345
0.0,0.05,35,5,S-HCP-within,0.97,12.097835989515158,11.895977525389462,1.484691376967492,0,12345
0.0,0.05,35,5,Std-CP,0.73,5.706507431208713,5.142046968542193,3.6208199358186586,0,12345
0.0,0.05,35,5,Subsampling,1.0,,,,100,12345
0.0,0.05,35,10,Donor-HCP-no-within,0.99,13.115795374233471,12.763763201289517,0.9573285819798925,0,12345
0.0,0.05,35,10,Donor-HCP-within,1.0,,,,100,12345
0.0,0.05,35,10,HCP,1.0,,,,100,12345
0.0,0.05,35,10,Pooling,0.93,7.6855646373485875,7.6855646373485875,1.6676132339974293e-15,0,12345
0.0,0.05,35,10,Repeated,1.0,,,,100,12345
0.0,0.05,35,10,S-HCP-within,0.96,11.66683232468247,11.450554877405917,1.0875074960030398,0,12345
0.0,0.05,35,10,Std-CP,0.83,28.82427567470127,11.198337018268063,80.39618069879586,0,12345
0.0,0.05,35,10,Subsampling,1.0,,,,100,12345
0.0,0.05,35,15,Donor-HCP-no-within,0.98,10.293705739110516,10.568864592333213,1.155207701668351,0,12345
0.0,0.05,35,15,Donor-HCP-within,0.99,9.963665584694429,10.32774481827888,1.5046830701283944,0,12345
0.0,0.05,35,15,HCP,1.0,,,,100,12345
0.0,0.05,35,15,Pooling,0.93,7.6855646373485875,7.6855646373485875,1.6676132339974293e-15,0,12345
0.0,0.05,35,15,Repeated,1.0,,,,100,12345
0.0,0.05,35,15,S-HCP-within,0.97,12.047565223915454,11.453224319974034,0.9557569277615537,0,12345
0.0,0.05,35,15,Std-CP,0.87,8.416370378250122,7.480080312399554,5.701643157523409,0,12345
0.0,0.05,35,15,Subsampling,1.0,,,,100,12345
0.0,0.05,35,20,Donor-HCP-no-within,0.96,8.728045864829793,8.83186030477631,0.813756199225944,0,12345
0.0,0.05,35,20,Donor-HCP-within,0.98,7.118867295572572,7.363661784153074,0.5571724759072557,0,12345
0.0,0.05,35,20,HCP,1.0,,,,100,12345
0.0,0.05,35,20,Pooling,0.93,7.6855646373485875,7.6855646373485875,1.6676132339974293e-15,0,12345
0.0,0.05,35,20,Repeated,1.0,,,,100,12345
0.0,0.05,35,20,S-HCP-within,0.97,11.490166671935292,11.395608669311585,0.757488807957406,0,12345
0.0,0.05,35,20,Std-CP,0.9,6.450151947698107,6.103225032442767,2.668684405714012,0,12345
0.0,0.05,35,20,Subsampling,1.0,,,,100,12345
0.0,0.05,35,25,Donor-HCP-no-within,0.96,7.539713899011974,6.994480540124072,2.374634164566887,0,12345
0.0,0.05,35,25,Donor-HCP-within,1.0,,,,100,12345
0.0,0.05,35,25,HCP,1.0,,,,100,12345
0.0,0.05,35,25,Pooling,0.93,7.6855646373485875,7.6855646373485875,1.6676132339974293e-15,0,12345
0.0,0.05,35,25,Repeated,1.0,,,,100,12345
0.0,0.05,35,25,S-HCP-within,1.0,,,,100,12345
0.0,0.05,35,25,Std-CP,0.91,6.463263234681906,6.311317248548985,2.1915700300378345,0,12345
0.0,0.05,35,25,Subsampling,1.0,,,,100,12345
0.0,0.05,35,30,Donor-HCP-no-within,0.97,7.71707674143084,7.160512488783672,2.415743520039783,0,12345
0.0,0.05,35,30,Donor-HCP-within,1.0,,,,100,12345
0.0,0.05,35,30,HCP,1.0,,,,100,12345
0.0,0.05,35,30,Pooling,0.93,7.6855646373485875,7.6855646373485875,1.6676132339974293e-15,0,12345
0.0,0.05,35,30,Repeated,1.0,,,,100,12345
0.0,0.05,35,30,S-HCP-within,1.0,,,,100,12345
0.0,0.05,35,30,Std-CP,0.91,6.428310350154719,6.243038725108012,2.087406909329755,0,12345
0.0,0.05,35,30,Subsampling,1.0,,,,100,12345
0.0,0.05,35,35,Donor-HCP-no-within,0.97,7.908531907828319,7.378554184689044,2.4888469157311257,0,12345
0.0,0.05,35,35,Donor-HCP-within,1.0,,,,100,12345
0.0,0.05,35,35,HCP,1.0,,,,100,12345
0.0,0.05,35,35,Pooling,0.93,7.6855646373485875,7.6855646373485875,1.6676132339974293e-15,0,12345
0.0,0.05,35,35,Repeated,1.0,,,,100,12345
0.0,0.05,35,35,S-HCP-within,1.0,,,,100,12345
0.0,0.05,35,35,Std-CP,0.9,6.136944472554416,5.823866908586704,1.8867068880369666,0,12345
0.0,0.05,35,35,Subsampling,1.0,,,,100,12345
0.0,0.05,36,0,Donor-HCP-no-within,1.0,,,,100,12345
0.0,0.05,36,0,Donor-HCP-within,1.0,,,,100,12345
0.0,0.05,36,0,HCP,1.0,,,,100,12345
0.0,0.05,36,0,Pooling,0.83,7.326169074106169,7.32616907410617,1.3300228636261594e-15,0,12345
0.0,0.05,36,0,Repeated,1.0,,,,100,12345
0.0,0.05,36,0,S-HCP-within,1.0,,,,100,12345
0.0,0.05,36,0,Std-CP,1.0,,,,100,12345
0.0,0.05,36,0,Subsampling,1.0,,,,100,12345
0.0,0.05,36,5,Donor-HCP-no-within,1.0,,,,100,12345
0.0,0.05,36,5,Donor-HCP-within,1.0,,,,100,12345
0.0,0.05,36,5,HCP,1.0,,,,100,12345
0.0,0.05,36,5,Pooling,0.83,7.326169074106169,7.32616907410617,1.3300228636261594e-15,0,12345
0.0,0.05,36,5,Repeated,1.0,,,,100,12345
0.0,0.05,36,5,S-HCP-within,0.93,9.221398434892102,9.018023524055437,1.5139433496467174,0,12345
0.0,0.05,36,5,Std-CP,0.73,6.0591171126740315,5.089756367822986,4.13374950403871,0,12345
0.0,0.05,36,5,Subsampling,1.0,,,,100,12345
0.0,0.05,36,10,Donor-HCP-no-within,0.98,11.933675514139855,12.051123259565593,1.2125174804567722,0,12345
0.0,0.05,36,10,Donor-HCP-within,1.0,,,,100,12345
0.0,0.05,36,10,HCP,1.0,,,,100,12345
0.0,0.05,36,10,Pooling,0.83,7.326169074106169,7.32616907410617,1.3300228636261594e-15,0,12345
0.0,0.05,36,10,Repeated,1.0,,,,100,12345
0.0,0.05,36,10,S-HCP-within,0.91,8.948811353371207,8.998420569193332,1.2285797819115198,0,12345
0.0,0.05,36,10,Std-CP,0.8,41.22131699096965,11.986410203558712,136.3922471084652,0,12345
0.0,0.05,36,10,Subsampling,1.0,,,,100,12345
0.0,0.05,36,15,Donor-HCP-no-within,0.96,9.327957525480816,9.21791081245415,1.0499729363948007,0,12345
0.0,0.05,36,15,Donor-HCP-within,0.98,8.570203340842657,8.59497649288349,0.785331603779693,0,12345
0.0,0.05,36,15,HCP,1.0,,,,100,12345
0.0,0.05,36,15,Pooling,0.83,7.326169074106169,7.32616907410617,1.3300228636261594e-15,0,12345
0.0,0.05,36,15,Repeated,1.0,,,,100,12345
0.0,0.05,36,15,S-HCP-within,0.93,8.999070732652058,8.413916389525177,1.0968053529759427,0,12345
0.0,0.05,36,15,Std-CP,0.96,8.614976383399469,7.500205105288796,4.4156246823860235,0,12345
0.0,0.05,36,15,Subsampling,1.0,,,,100,12345
0.0,0.05,36,20,Donor-HCP-no-within,0.91,8.213110131298812,7.94735937656019,0.9404685777253818,0,12345
0.0,0.05,36,20,Donor-HCP-within,0.9,6.518683891982282,6.361302395691197,0.628757283575022,0,12345
0.0,0.05,36,20,HCP,1.0,,,,100,12345
0.0,0.05,36,20,Pooling,0.83,7.326169074106169,7.32616907410617,1.3300228636261594e-15,0,12345
0.0,0.05,36,20,Repeated,1.0,,,,100,12345
0.0,0.05,36,20,S-HCP-within,0.93,8.569587853853893,8.367203399469687,0.9456795119515835,0,12345
0.0,0.05,36,20,Std-CP,0.94,6.602757301122288,6.249255417021358,2.3287827836751824,0,12345
0.0,0.05,36,20,Subsampling,1.0,,,,100,12345
0.0,0.05,36,25,Donor-HCP-no-within,0.95,7.871463834810084,7.298948939304439,2.584935226454715,0,12345
0.0,0.05,36,25,Donor-HCP-within,1.0,,,,100,12345
0.0,0.05,36,25,HCP,1.0,,,,100,12345
0.0,0.05,36,25,Pooling,0.83,7.326169074106169,7.32616907410617,1.3300228636261594e-15,0,12345
0.0,0.05,36,25,Repeated,1.0,,,,100,12345
0.0,0.05,36,25,S-HCP-within,1.0,,,,100,12345
0.0,0.05,36,25,Std-CP,0.97,6.716293879905104,6.264445297344999,2.10764125808757,0,12345
0.0,0.05,36,25,Subsampling,1.0,,,,100,12345
0.0,0.05,36,30,Donor-HCP-no-within,0.95,8.119799612631532,7.498644729531019,2.670076716000072,0,12345
0.0,0.05,36,30,Donor-HCP-within,1.0,,,,100,12345
0.0,0.05,36,30,HCP,1.0,,,,100,12345
0.0,0.05,36,30,Pooling,0.83,7.326169074106169,7.32616907410617,1.3300228636261594e-15,0,12345
0.0,0.05,36,30,Repeated,1.0,,,,100,12345
0.0,0.05,36,30,S-HCP-within,1.0,,,,100,12345
0.0,0.05,36,30,Std-CP,0.98,6.611579604231773,6.375762670722777,2.2187081888153237,0,12345
0.0,0.05,36,30,Subsampling,1.0,,,,100,12345
0.0,0.05,36,35,Donor-HCP-no-within,0.96,8.347638944380185,7.9292764130704745,2.6906617886542246,0,12345
0.0,0.05,36,35,Donor-HCP-within,1.0,,,,100,12345
0.0,0.05,36,35,HCP,1.0,,,,100,12345
0.0,0.05,36,35,Pooling,0.83,7.326169074106169,7.32616907410617,1.3300228636261594e-15,0,12345
0.0,0.05,36,35,Repeated,1.0,,,,100,12345
0.0,0.05,36,35,S-HCP-within,1.0,,,,100,12345
0.0,0.05,36,35,Std-CP,0.97,6.597982935906516,6.518155649901692,1.8334861981100186,0,12345
0.0,0.05,36,35,Subsampling,1.0,,,,100,12345
0.0,0.05,37,0,Donor-HCP-no-within,1.0,,,,100,12345
0.0,0.05,37,0,Donor-HCP-within,1.0,,,,100,12345
0.0,0.05,37,0,HCP,1.0,,,,100,12345
0.0,0.05,37,0,Pooling,0.95,13.545539647753174,13.545539647753174,7.361004375023832e-16,0,12345
0.0,0.05,37,0,Repeated,1.0,,,,100,12345
0.0,0.05,37,0,S-HCP-within,1.0,,,,100,12345
0.0,0.05,37,0,Std-CP,1.0,,,,100,12345
0.0,0.05,37,0,Subsampling,1.0,,,,100,12345
0.0,0.05,37,5,Donor-HCP-no-within,1.0,,,,100,12345
0.0,0.05,37,5,Donor-HCP-within,1.0,,,,100,12345
0.0,0.05,37,5,HCP,1.0,,,,100,12345
0.0,0.05,37,5,Pooling,0.95,13.545539647753174,13.545539647753174,7.361004375023832e-16,0,12345
0.0,0.05,37,5,Repeated,1.0,,,,100,12345
0.0,0.05,37,5,S-HCP-within,0.94,8.201051843020506,8.00689004517799,0.9533964227536865,0,12345
0.0,0.05,37,5,Std-CP,0.71,5.78159136222674,5.11461727694088,2.891273808040677,0,12345
0.0,0.05,37,5,Subsampling,1.0,,,,100,12345
0.0,0.05,37,10,Donor-HCP-no-within,1.0,18.652836835021354,20.194685402308835,3.1747599429095428,0,12345
0.0,0.05,37,10,Donor-HCP-within,1.0,,,,100,12345
0.0,0.05,37,10,HCP,1.0,,,,100,12345
0.0,0.05,37,10,Pooling,0.95,13.545539647753174,13.545539647753174,7.361004375023832e-16,0,12345
0.0,0.05,37,10,Repeated,1.0,,,,100,12345
0.0,0.05,37,10,S-HCP-within,0.94,7.991275795230109,8.00689004517799,0.6430489636707887,0,12345
0.0,0.05,37,10,Std-CP,0.84,32.39123494247292,12.082059039601209,73.47101977885231,0,12345
0.0,0.05,37,10,Subsampling,1.0,,,,100,12345
0.0,0.05,37,15,Donor-HCP-no-within,0.98,14.56477818348211,14.990390393443251,1.6791041302139593,0,12345
0.0,0.05,37,15,Donor-HCP-within,1.0,12.728507969040523,13.283300464155516,1.7026413094430788,0,12345
0.0,0.05,37,15,HCP,1.0,,,,100,12345
0.0,0.05,37,15,Pooling,0.95,13.545539647753174,13.545539647753174,7.361004375023832e-16,0,12345
0.0,0.05,37,15,Repeated,1.0,,,,100,12345
0.0,0.05,37,15,S-HCP-within,0.94,8.082900174680054,8.00689004517799,0.5507518237158645,0,12345
0.0,0.05,37,15,Std-CP,0.86,7.686886225593526,6.72634134282475,3.836055925589472,0,12345
0.0,0.05,37,15,Subsampling,1.0,,,,100,12345
0.0,0.05,37,20,Donor-HCP-no-within,0.96,12.986040665980635,13.545539647753174,1.621569650072037,0,12345
0.0,0.05,37,20,Donor-HCP-within,0.97,8.298984787302533,8.383796100978778,0.4992623304177698,0,12345
0.0,0.05,37,20,HCP,1.0,,,,100,12345
0.0,0.05,37,20,Pooling,0.95,13.545539647753174,13.545539647753174,7.361004375023832e-16,0,12345
0.0,0.05,37,20,Repeated,1.0,,,,100,12345
0.0,0.05,37,20,S-HCP-within,0.96,7.859799578872038,7.796109288373196,0.3576561410856075,0,12345
0.0,0.05,37,20,Std-CP,0.89,6.135897537240839,5.763580030473811,2.248466948917803,0,12345
0.0,0.05,37,20,Subsampling,1.0,,,,100,12345
0.0,0.05,37,25,Donor-HCP-no-within,0.94,7.368691754351627,7.169971131475858,2.1135460030475426,0,12345
0.0,0.05,37,25,Donor-HCP-within,1.0,,,,100,12345
0.0,0.05,37,25,HCP,1.0,,,,100,12345
0.0,0.05,37,25,Pooling,0.95,13.545539647753174,13.545539647753174,7.361004375023832e-16,0,12345
0.0,0.05,37,25,Repeated,1.0,,,,100,12345
0.0,0.05,37,25,S-HCP-within,1.0,,,,100,12345
0.0,0.05,37,25,Std-CP,0.89,6.042471178288443,5.711702227636671,1.993916446573739,0,12345
0.0,0.05,37,25,Subsampling,1.0,,,,100,12345
0.0,0.05,37,30,Donor-HCP-no-within,0.96,7.784074814395728,7.487850957110639,2.1765427453816595,0,12345
0.0,0.05,37,30,Donor-HCP-within,1.0,,,,100,12345
0.0,0.05,37,30,HCP,1.0,,,,100,12345
0.0,0.05,37,30,Pooling,0.95,13.545539647753174,13.545539647753174,7.361004375023832e-16,0,12345
0.0,0.05,37,30,Repeated,1.0,,,,100,12345
0.0,0.05,37,30,S-HCP-within,1.0,,,,100,12345
0.0,0.05,37,30,Std-CP,0.93,5.915148704178644,5.612298735729409,1.6965984203265831,0,12345
0.0,0.05,37,30,Subsampling,1.0,,,,100,12345
0.0,0.05,37,35,Donor-HCP-no-within,0.96,7.995339557599221,7.648235613511513,2.247135978667231,0,12345
0.0,0.05,37,35,Donor-HCP-within,1.0,,,,100,12345
0.0,0.05,37,35,HCP,1.0,,,,100,12345
0.0,0.05,37,35,Pooling,0.95,13.545539647753174,13.545539647753174,7.361004375023832e-16,0,12345
0.0,0.05,37,35,Repeated,1.0,,,,100,12345
0.0,0.05,37,35,S-HCP-within,1.0,,,,100,12345
0.0,0.05,37,35,Std-CP,0.94,6.2239301027356655,5.887721657829495,2.2111544276567026,0,12345
0.0,0.05,37,35,Subsampling,1.0,,,,100,12345
0.0,0.05,38,0,Donor-HCP-no-within,1.0,,,,100,12345
0.0,0.05,38,0,Donor-HCP-within,1.0,,,,100,12345
0.0,0.05,38,0,HCP,1.0,,,,100,12345
0.0,0.05,38,0,Pooling,0.87,8.309387150244252,8.309387150244252,2.3684757858670005e-15,0,12345
0.0,0.05,38,0,Repeated,1.0,,,,100,12345
0.0,0.05,38,0,S-HCP-within,1.0,,,,100,12345
0.0,0.05,38,0,Std-CP,1.0,,,,100,12345
0.0,0.05,38,0,Subsampling,1.0,,,,100,12345
0.0,0.05,38,5,Donor-HCP-no-within,1.0,,,,100,12345
0.0,0.05,38,5,Donor-HCP-within,1.0,,,,100,12345
0.0,0.05,38,5,HCP,1.0,,,,100,12345
0.0,0.05,38,5,Pooling,0.87,8.309387150244252,8.309387150244252,2.3684757858670005e-15,0,12345
0.0,0.05,38,5,Repeated,1.0,,,,100,12345
0.0,0.05,38,5,S-HCP-within,0.98,8.220219771035637,7.89754585711981,1.081584645768806,0,12345
0.0,0.05,38,5,Std-CP,0.71,6.8416725975666,4.875039761441217,8.179305910775549,0,12345
0.0,0.05,38,5,Subsampling,1.0,,,,100,12345
0.0,0.05,38,10,Donor-HCP-no-within,1.0,11.085743993805085,10.681473781967455,1.2637650275474142,0,12345
0.0,0.05,38,10,Donor-HCP-within,1.0,,,,100,12345
0.0,0.05,38,10,HCP,1.0,,,,100,12345
0.0,0.05,38,10,Pooling,0.87,8.309387150244252,8.309387150244252,2.3684757858670005e-15,0,12345
0.0,0.05,38,10,Repeated,1.0,,,,100,12345
0.0,0.05,38,10,S-HCP-within,0.97,8.303553993799635,7.965372001428026,0.8204233323004085,0,12345
0.0,0.05,38,10,Std-CP,0.86,41.62690743421239,13.05085964389869,127.39892336412994,0,12345
0.0,0.05,38,10,Subsampling,1.0,,,,100,12345
0.0,0.05,38,15,Donor-HCP-no-within,0.97,9.318446360689988,9.302676154015387,1.0780085456297648,0,12345
0.0,0.05,38,15,Donor-HCP-within,1.0,8.78685745946518,8.813549260738057,0.30935122524227354,0,12345
0.0,0.05,38,15,HCP,1.0,,,,100,12345
0.0,0.05,38,15,Pooling,0.87,8.309387150244252,8.309387150244252,2.3684757858670005e-15,0,12345
0.0,0.05,38,15,Repeated,1.0,,,,100,12345
0.0,0.05,38,15,S-HCP-within,0.97,8.245417083642677,7.965372001428026,0.6885307902119778,0,12345
0.0,0.05,38,15,Std-CP,0.89,8.931300060900714,7.8371734657473135,5.218376965903824,0,12345
0.0,0.05,38,15,Subsampling,1.0,,,,100,12345
0.0,0.05,38,20,Donor-HCP-no-within,0.93,8.239853327454869,8.13939990779145,0.9601553982381699,0,12345
0.0,0.05,38,20,Donor-HCP-within,0.97,6.196390497585336,6.230804640642187,0.4341571407081389,0,12345
0.0,0.05,38,20,HCP,1.0,,,,100,12345
0.0,0.05,38,20,Pooling,0.87,8.309387150244252,8.309387150244252,2.3684757858670005e-15,0,12345
0.0,0.05,38,20,Repeated,1.0,,,,100,12345
0.0,0.05,38,20,S-HCP-within,0.97,7.823121689943048,7.6261475039915645,0.6116296347379503,0,12345
0.0,0.05,38,20,Std-CP,0.93,6.951806675403959,6.751152714458824,2.8763773234270342,0,12345
0.0,0.05,38,20,Subsampling,1.0,,,,100,12345
0.0,0.05,38,25,Donor-HCP-no-within,0.99,7.562394029338748,7.370423066868243,1.9937926567148994,0,12345
0.0,0.05,38,25,Donor-HCP-within,1.0,,,,100,12345
0.0,0.05,38,25,HCP,1.0,,,,100,12345
0.0,0.05,38,25,Pooling,0.87,8.309387150244252,8.309387150244252,2.3684757858670005e-15,0,12345
0.0,0.05,38,25,Repeated,1.0,,,,100,12345
0.0,0.05,38,25,S-HCP-within,1.0,,,,100,12345
0.0,0.05,38,25,Std-CP,0.95,7.140027546385893,6.506787460500291,2.913807253382726,0,12345
0.0,0.05,38,25,Subsampling,1.0,,,,100,12345
0.0,0.05,38,30,Donor-HCP-no-within,1.0,7.7074310862942434,7.423778507012845,1.9538234501553275,0,12345
0.0,0.05,38,30,Donor-HCP-within,1.0,,,,100,12345
0.0,0.05,38,30,HCP,1.0,,,,100,12345
0.0,0.05,38,30,Pooling,0.87,8.309387150244252,8.309387150244252,2.3684757858670005e-15,0,12345
0.0,0.05,38,30,Repeated,1.0,,,,100,12345
0.0,0.05,38,30,S-HCP-within,1.0,,,,100,12345
0.0,0.05,38,30,Std-CP,0.95,6.468018534949087,6.193121329961015,2.287718889812905,0,12345
0.0,0.05,38,30,Subsampling,1.0,,,,100,12345
0.0,0.05,38,35,Donor-HCP-no-within,1.0,7.826856248845569,7.474584859345869,1.8523961142432797,0,12345
0.0,0.05,38,35,Donor-HCP-within,1.0,,,,100,12345
0.0,0.05,38,35,HCP,1.0,,,,100,12345
0.0,0.05,38,35,Pooling,0.87,8.309387150244252,8.309387150244252,2.3684757858670005e-15,0,12345
0.0,0.05,38,35,Repeated,1.0,,,,100,12345
0.0,0.05,38,35,S-HCP-within,1.0,,,,100,12345
0.0,0.05,38,35,Std-CP,0.96,6.548842906027302,6.16368309774366,2.140920568887361,0,12345
0.0,0.05,38,35,Subsampling,1.0,,,,100,12345
0.0,0.05,39,0,Donor-HCP-no-within,1.0,,,,100,12345
0.0,0.05,39,0,Donor-HCP-within,1.0,,,,100,12345
0.0,0.05,39,0,HCP,1.0,,,,100,12345
0.0,0.05,39,0,Pooling,0.89,9.819108190707286,9.819108190707286,1.636259790671482e-15,0,12345
0.0,0.05,39,0,Repeated,1.0,,,,100,12345
0.0,0.05,39,0,S-HCP-within,1.0,,,,100,12345
0.0,0.05,39,0,Std-CP,1.0,,,,100,12345
0.0,0.05,39,0,Subsampling,1.0,,,,100,12345
0.0,0.05,39,5,Donor-HCP-no-within,1.0,,,,100,12345
0.0,0.05,39,5,Donor-HCP-within,1.0,,,,100,12345
0.0,0.05,39,5,HCP,1.0,,,,100,12345
0.0,0.05,39,5,Pooling,0.89,9.819108190707286,9.819108190707286,1.636259790671482e-15,0,12345
0.0,0.05,39,5,Repeated,1.0,,,,100,12345
0.0,0.05,39,5,S-HCP-within,0.96,9.549625533214375,9.573530809801316,0.9499057764440543,0,12345
0.0,0.05,39,5,Std-CP,0.84,5.893631106617501,4.746701194157257,4.1280569412048544,0,12345
0.0,0.05,39,5,Subsampling,1.0,,,,100,12345
0.0,0.05,39,10,Donor-HCP-no-within,1.0,13.857158042840027,14.086115635242535,1.321196853400406,0,12345
0.0,0.05,39,10,Donor-HCP-within,1.0,,,,100,12345
0.0,0.05,39,10,HCP,1.0,,,,100,12345
0.0,0.05,39,10,Pooling,0.89,9.819108190707286,9.819108190707286,1.636259790671482e-15,0,12345
0.0,0.05,39,10,Repeated,1.0,,,,100,12345
0.0,0.05,39,10,S-HCP-within,0.96,9.57785728015506,9.57353080980132,0.7365945751784821,0,12345
0.0,0.05,39,10,Std-CP,0.86,32.42587630999057,10.643971638322377,70.59423711612351,0,12345
0.0,0.05,39,10,Subsampling,1.0,,,,100,12345
0.0,0.05,39,15,Donor-HCP-no-within,1.0,11.509433433463691,12.01216402506887,1.3873343816222632,0,12345
0.0,0.05,39,15,Donor-HCP-within,1.0,9.61881713150193,9.812230946911107,0.8545984850551304,0,12345
0.0,0.05,39,15,HCP,1.0,,,,100,12345
0.0,0.05,39,15,Pooling,0.89,9.819108190707286,9.819108190707286,1.636259790671482e-15,0,12345
0.0,0.05,39,15,Repeated,1.0,,,,100,12345
0.0,0.05,39,15,S-HCP-within,0.99,9.7425064320054,9.787823431764487,0.5898702656184476,0,12345
0.0,0.05,39,15,Std-CP,0.88,8.773351702320015,8.010300412709048,4.235063785190939,0,12345
0.0,0.05,39,15,Subsampling,1.0,,,,100,12345
0.0,0.05,39,20,Donor-HCP-no-within,0.96,10.30421837371541,10.502561351227339,1.159999844245309,0,12345
0.0,0.05,39,20,Donor-HCP-within,0.99,8.448671431588874,8.849959309894082,0.8128581501545906,0,12345
0.0,0.05,39,20,HCP,1.0,,,,100,12345
0.0,0.05,39,20,Pooling,0.89,9.819108190707286,9.819108190707286,1.636259790671482e-15,0,12345
0.0,0.05,39,20,Repeated,1.0,,,,100,12345
0.0,0.05,39,20,S-HCP-within,0.96,9.460783470464019,9.511780968560103,0.500557394164553,0,12345
0.0,0.05,39,20,Std-CP,0.91,6.643734312853294,6.413269128830346,2.3913638534117267,0,12345
0.0,0.05,39,20,Subsampling,1.0,,,,100,12345
0.0,0.05,39,25,Donor-HCP-no-within,0.95,7.67301309059148,7.470208233423288,1.873770216332539,0,12345
0.0,0.05,39,25,Donor-HCP-within,1.0,,,,100,12345
0.0,0.05,39,25,HCP,1.0,,,,100,12345
0.0,0.05,39,25,Pooling,0.89,9.819108190707286,9.819108190707286,1.636259790671482e-15,0,12345
0.0,0.05,39,25,Repeated,1.0,,,,100,12345
0.0,0.05,39,25,S-HCP-within,1.0,,,,100,12345
0.0,0.05,39,25,Std-CP,0.93,6.4290283749648935,6.114201124690521,2.2042316188083326,0,12345
0.0,0.05,39,25,Subsampling,1.0,,,,100,12345
0.0,0.05,39,30,Donor-HCP-no-within,0.95,7.899015220729805,7.470208233423288,2.0056816348153985,0,12345
0.0,0.05,39,30,Donor-HCP-within,1.0,,,,100,12345
0.0,0.05,39,30,HCP,1.0,,,,100,12345
0.0,0.05,39,30,Pooling,0.89,9.819108190707286,9.819108190707286,1.636259790671482e-15,0,12345
0.0,0.05,39,30,Repeated,1.0,,,,100,12345
0.0,0.05,39,30,S-HCP-within,1.0,,,,100,12345
0.0,0.05,39,30,Std-CP,0.89,6.334338199510206,5.786511139664839,2.6916199835506682,0,12345
0.0,0.05,39,30,Subsampling,1.0,,,,100,12345
0.0,0.05,39,35,Donor-HCP-no-within,0.98,8.053369859874495,7.857279435053518,1.9633686731862978,0,12345
0.0,0.05,39,35,Donor-HCP-within,1.0,,,,100,12345
0.0,0.05,39,35,HCP,1.0,,,,100,12345
0.0,0.05,39,35,Pooling,0.89,9.819108190707286,9.819108190707286,1.636259790671482e-15,0,12345
0.0,0.05,39,35,Repeated,1.0,,,,100,12345
0.0,0.05,39,35,S-HCP-within,1.0,,,,100,12345
0.0,0.05,39,35,Std-CP,0.95,6.864439001030194,6.613362448075326,2.210071274970646,0,12345
0.0,0.05,39,35,Subsampling,1.0,,,,100,12345
0.0,0.05,40,0,Donor-HCP-no-within,1.0,,,,100,12345
0.0,0.05,40,0,Donor-HCP-within,1.0,,,,100,12345
0.0,0.05,40,0,HCP,1.0,,,,100,12345
0.0,0.05,40,0,Pooling,0.96,8.115091884023965,8.115091884023965,1.3478763183615572e-15,0,12345
0.0,0.05,40,0,Repeated,1.0,,,,100,12345
0.0,0.05,40,0,S-HCP-within,1.0,,,,100,12345
0.0,0.05,40,0,Std-CP,1.0,,,,100,12345
0.0,0.05,40,0,Subsampling,1.0,,,,100,12345
0.0,0.05,40,5,Donor-HCP-no-within,1.0,,,,100,12345
0.0,0.05,40,5,Donor-HCP-within,1.0,,,,100,12345
0.0,0.05,40,5,HCP,1.0,,,,100,12345
0.0,0.05,40,5,Pooling,0.96,8.115091884023965,8.115091884023965,1.3478763183615572e-15,0,12345
0.0,0.05,40,5,Repeated,1.0,,,,100,12345
0.0,0.05,40,5,S-HCP-within,0.97,8.515178791346086,8.620152631010285,0.6824094945409978,0,12345
0.0,0.05,40,5,Std-CP,0.79,6.1850416986476775,5.529672202288182,3.84849294812504,0,12345
0.0,0.05,40,5,Subsampling,1.0,,,,100,12345
0.0,0.05,40,10,Donor-HCP-no-within,0.99,11.439687267738693,11.546103539100818,0.8427823595147383,0,12345
0.0,0.05,40,10,Donor-HCP-within,1.0,,,,100,12345
0.0,0.05,40,10,HCP,1.0,,,,100,12345
0.0,0.05,40,10,Pooling,0.96,8.115091884023965,8.115091884023965,1.3478763183615572e-15,0,12345
0.0,0.05,40,10,Repeated,1.0,,,,100,12345
0.0,0.05,40,10,S-HCP-within,0.98,8.53101695460807,8.790512140600839,0.5863544827493516,0,12345
0.0,0.05,40,10,Std-CP,0.82,46.0413915473574,13.472115643334797,135.90573804858496,0,12345
0.0,0.05,40,10,Subsampling,1.0,,,,100,12345
0.0,0.05,40,15,Donor-HCP-no-within,0.99,9.083687305475399,9.073515057062348,0.539234234061681,0,12345
0.0,0.05,40,15,Donor-HCP-within,1.0,9.34159837110188,9.31298530280834,0.2998657356383091,0,12345
0.0,0.05,40,15,HCP,1.0,,,,100,12345
0.0,0.05,40,15,Pooling,0.96,8.115091884023965,8.115091884023965,1.3478763183615572e-15,0,12345
0.0,0.05,40,15,Repeated,1.0,,,,100,12345
0.0,0.05,40,15,S-HCP-within,0.98,8.635605899524592,8.790512140600839,0.4712634226009205,0,12345
0.0,0.05,40,15,Std-CP,0.85,9.343771971829959,7.680722342255426,7.8755269978033935,0,12345
0.0,0.05,40,15,Subsampling,1.0,,,,100,12345
0.0,0.05,40,20,Donor-HCP-no-within,0.99,8.361957174360038,8.392388352970034,0.5404595108259195,0,12345
0.0,0.05,40,20,Donor-HCP-within,0.97,6.943968209684227,6.969300800484029,0.4017072082706819,0,12345
0.0,0.05,40,20,HCP,1.0,,,,100,12345
0.0,0.05,40,20,Pooling,0.96,8.115091884023965,8.115091884023965,1.3478763183615572e-15,0,12345
0.0,0.05,40,20,Repeated,1.0,,,,100,12345
0.0,0.05,40,20,S-HCP-within,0.98,8.378885637997579,8.471669189593193,0.45298902205762465,0,12345
0.0,0.05,40,20,Std-CP,0.9,6.742027306043211,6.468043775075188,2.420270210798391,0,12345
0.0,0.05,40,20,Subsampling,1.0,,,,100,12345
0.0,0.05,40,25,Donor-HCP-no-within,0.97,7.933116055219534,7.552083057646873,2.271686635775612,0,12345
0.0,0.05,40,25,Donor-HCP-within,1.0,,,,100,12345
0.0,0.05,40,25,HCP,1.0,,,,100,12345
0.0,0.05,40,25,Pooling,0.96,8.115091884023965,8.115091884023965,1.3478763183615572e-15,0,12345
0.0,0.05,40,25,Repeated,1.0,,,,100,12345
0.0,0.05,40,25,S-HCP-within,1.0,,,,100,12345
0.0,0.05,40,25,Std-CP,0.94,6.8764369784753,6.127749230331916,2.4282620318961983,0,12345
0.0,0.05,40,25,Subsampling,1.0,,,,100,12345
0.0,0.05,40,30,Donor-HCP-no-within,0.98,8.120946210016864,7.704785569292387,2.2306333577465196,0,12345
0.0,0.05,40,30,Donor-HCP-within,1.0,,,,100,12345
0.0,0.05,40,30,HCP,1.0,,,,100,12345
0.0,0.05,40,30,Pooling,0.96,8.115091884023965,8.115091884023965,1.3478763183615572e-15,0,12345
0.0,0.05,40,30,Repeated,1.0,,,,100,12345
0.0,0.05,40,30,S-HCP-within,1.0,,,,100,12345
0.0,0.05,40,30,Std-CP,0.92,6.555104415872987,5.991741064082216,2.0360797808927162,0,12345
0.0,0.05,40,30,Subsampling,1.0,,,,100,12345
0.0,0.05,40,35,Donor-HCP-no-within,0.98,8.311695878048395,8.05312452312213,2.1708990062372613,0,12345
0.0,0.05,40,35,Donor-HCP-within,1.0,,,,100,12345
0.0,0.05,40,35,HCP,1.0,,,,100,12345
0.0,0.05,40,35,Pooling,0.96,8.115091884023965,8.115091884023965,1.3478763183615572e-15,0,12345
0.0,0.05,40,35,Repeated,1.0,,,,100,12345
0.0,0.05,40,35,S-HCP-within,1.0,,,,100,12345
0.0,0.05,40,35,Std-CP,0.94,6.851894775362081,6.617345264224098,2.5664140799309694,0,12345
0.0,0.05,40,35,Subsampling,1.0,,,,100,12345
0.0,0.05,41,0,Donor-HCP-no-within,1.0,,,,100,12345
0.0,0.05,41,0,Donor-HCP-within,1.0,,,,100,12345
0.0,0.05,41,0,HCP,1.0,,,,100,12345
0.0,0.05,41,0,Pooling,0.85,6.830333012818269,6.830333012818269,1.7309181902809442e-15,0,12345
0.0,0.05,41,0,Repeated,1.0,,,,100,12345
0.0,0.05,41,0,S-HCP-within,1.0,,,,100,12345
0.0,0.05,41,0,Std-CP,1.0,,,,100,12345
0.0,0.05,41,0,Subsampling,1.0,,,,100,12345
0.0,0.05,41,5,Donor-HCP-no-within,1.0,,,,100,12345
0.0,0.05,41,5,Donor-HCP-within,1.0,,,,100,12345
0.0,0.05,41,5,HCP,1.0,,,,100,12345
0.0,0.05,41,5,Pooling,0.85,6.830333012818269,6.830333012818269,1.7309181902809442e-15,0,12345
0.0,0.05,41,5,Repeated,1.0,,,,100,12345
0.0,0.05,41,5,S-HCP-within,0.96,9.343891903670846,9.25339204986873,1.2708362168091847,0,12345
0.0,0.05,41,5,Std-CP,0.71,6.155183572589973,4.965062415155367,4.7219806741362245,0,12345
0.0,0.05,41,5,Subsampling,1.0,,,,100,12345
0.0,0.05,41,10,Donor-HCP-no-within,1.0,12.932597298985316,12.81244626406339,0.8113371544887579,0,12345
0.0,0.05,41,10,Donor-HCP-within,1.0,,,,100,12345
0.0,0.05,41,10,HCP,1.0,,,,100,12345
0.0,0.05,41,10,Pooling,0.85,6.830333012818269,6.830333012818269,1.7309181902809442e-15,0,12345
0.0,0.05,41,10,Repeated,1.0,,,,100,12345
0.0,0.05,41,10,S-HCP-within,0.97,9.027240069321369,9.020317852382494,0.710413837995758,0,12345
0.0,0.05,41,10,Std-CP,0.8,29.830536073236132,12.164562554432784,50.85169712636885,0,12345
0.0,0.05,41,10,Subsampling,1.0,,,,100,12345
0.0,0.05,41,15,Donor-HCP-no-within,0.97,9.973487006024676,10.048113037440707,0.662630119839972,0,12345
0.0,0.05,41,15,Donor-HCP-within,0.99,8.489132971573452,8.381199119187585,0.44627593479436983,0,12345
0.0,0.05,41,15,HCP,1.0,,,,100,12345
0.0,0.05,41,15,Pooling,0.85,6.830333012818269,6.830333012818269,1.7309181902809442e-15,0,12345
0.0,0.05,41,15,Repeated,1.0,,,,100,12345
0.0,0.05,41,15,S-HCP-within,0.97,9.197407631548995,9.020317852382494,0.7024308773649374,0,12345
0.0,0.05,41,15,Std-CP,0.89,8.624644080488522,7.569293321226763,4.76749599610973,0,12345
0.0,0.05,41,15,Subsampling,1.0,,,,100,12345
0.0,0.05,41,20,Donor-HCP-no-within,0.94,8.883894522077856,8.756307066557898,0.8406319323855098,0,12345
0.0,0.05,41,20,Donor-HCP-within,0.95,6.599193830833928,6.5537100816355505,0.3570234859173029,0,12345
0.0,0.05,41,20,HCP,1.0,,,,100,12345
0.0,0.05,41,20,Pooling,0.85,6.830333012818269,6.830333012818269,1.7309181902809442e-15,0,12345
0.0,0.05,41,20,Repeated,1.0,,,,100,12345
0.0,0.05,41,20,S-HCP-within,0.95,8.832913361253098,8.786959286942086,0.5194487133409005,0,12345
0.0,0.05,41,20,Std-CP,0.9,7.1611246996173215,6.5137650681078805,2.8620234925406804,0,12345
0.0,0.05,41,20,Subsampling,1.0,,,,100,12345
0.0,0.05,41,25,Donor-HCP-no-within,0.98,8.159344038444964,8.16783758721731,2.2254778922109364,0,12345
0.0,0.05,41,25,Donor-HCP-within,1.0,,,,100,12345
0.0,0.05,41,25,HCP,1.0,,,,100,12345
0.0,0.05,41,25,Pooling,0.85,6.830333012818269,6.830333012818269,1.7309181902809442e-15,0,12345
0.0,0.05,41,25,Repeated,1.0,,,,100,12345
0.0,0.05,41,25,S-HCP-within,1.0,,,,100,12345
0.0,0.05,41,25,Std-CP,0.87,6.970312957487556,6.827897406177474,2.3467019214932607,0,12345
0.0,0.05,41,25,Subsampling,1.0,,,,100,12345
0.0,0.05,41,30,Donor-HCP-no-within,0.99,8.333926960801548,8.313693460204838,2.207776831119458,0,12345
0.0,0.05,41,30,Donor-HCP-within,1.0,,,,100,12345
0.0,0.05,41,30,HCP,1.0,,,,100,12345
0.0,0.05,41,30,Pooling,0.85,6.830333012818269,6.830333012818269,1.7309181902809442e-15,0,12345
0.0,0.05,41,30,Repeated,1.0,,,,100,12345
0.0,0.05,41,30,S-HCP-within,1.0,,,,100,12345
0.0,0.05,41,30,Std-CP,0.89,7.029036755979857,6.675648201985702,2.547144673315221,0,12345
0.0,0.05,41,30,Subsampling,1.0,,,,100,12345
0.0,0.05,41,35,Donor-HCP-no-within,1.0,8.595921428484258,8.465728987183832,2.129742097830175,0,12345
0.0,0.05,41,35,Donor-HCP-within,1.0,,,,100,12345
0.0,0.05,41,35,HCP,1.0,,,,100,12345
0.0,0.05,41,35,Pooling,0.85,6.830333012818269,6.830333012818269,1.7309181902809442e-15,0,12345
0.0,0.05,41,35,Repeated,1.0,,,,100,12345
0.0,0.05,41,35,S-HCP-within,1.0,,,,100,12345
0.0,0.05,41,35,Std-CP,0.91,6.893802707842014,6.671353525400367,2.2332976655886694,0,12345
0.0,0.05,41,35,Subsampling,1.0,,,,100,12345
0.0,0.05,42,0,Donor-HCP-no-within,1.0,,,,100,12345
0.0,0.05,42,0,Donor-HCP-within,1.0,,,,100,12345
0.0,0.05,42,0,HCP,1.0,,,,100,12345
0.0,0.05,42,0,Pooling,0.9,7.344944908790074,7.344944908790075,1.021687940773871e-15,0,12345
0.0,0.05,42,0,Repeated,1.0,,,,100,12345
0.0,0.05,42,0,S-HCP-within,1.0,,,,100,12345
0.0,0.05,42,0,Std-CP,1.0,,,,100,12345
0.0,0.05,42,0,Subsampling,1.0,,,,100,12345
0.0,0.05,42,5,Donor-HCP-no-within,1.0,,,,100,12345
0.0,0.05,42,5,Donor-HCP-within,1.0,,,,100,12345
0.0,0.05,42,5,HCP,1.0,,,,100,12345
0.0,0.05,42,5,Pooling,0.9,7.344944908790074,7.344944908790075,1.021687940773871e-15,0,12345
0.0,0.05,42,5,Repeated,1.0,,,,100,12345
0.0,0.05,42,5,S-HCP-within,0.98,9.090496237405675,9.090685730227573,0.7560346510835512,0,12345
0.0,0.05,42,5,Std-CP,0.81,6.082180901246623,4.621847524751082,5.474079785548486,0,12345
0.0,0.05,42,5,Subsampling,1.0,,,,100,12345
0.0,0.05,42,10,Donor-HCP-no-within,0.99,10.735773262839281,10.612119800558833,0.9204554126695971,0,12345
0.0,0.05,42,10,Donor-HCP-within,1.0,,,,100,12345
0.0,0.05,42,10,HCP,1.0,,,,100,12345
0.0,0.05,42,10,Pooling,0.9,7.344944908790074,7.344944908790075,1.021687940773871e-15,0,12345
0.0,0.05,42,10,Repeated,1.0,,,,100,12345
0.0,0.05,42,10,S-HCP-within,0.99,8.893924025609078,8.935656287532037,0.5564458806358815,0,12345
0.0,0.05,42,10,Std-CP,0.83,23.795819763129234,10.500675168197613,39.92109596169603,0,12345
0.0,0.05,42,10,Subsampling,1.0,,,,100,12345
0.0,0.05,42,15,Donor-HCP-no-within,0.96,8.42740223728402,8.032556531796988,1.0070388385094171,0,12345
0.0,0.05,42,15,Donor-HCP-within,0.97,7.496022920606761,7.182508855339536,0.9045319929482651,0,12345
0.0,0.05,42,15,HCP,1.0,,,,100,12345
0.0,0.05,42,15,Pooling,0.9,7.344944908790074,7.344944908790075,1.021687940773871e-15,0,12345
0.0,0.05,42,15,Repeated,1.0,,,,100,12345
0.0,0.05,42,15,S-HCP-within,0.99,9.051218751460553,8.996969802370131,0.3425804572451191,0,12345
0.0,0.05,42,15,Std-CP,0.87,9.269965633922874,7.648212593495867,6.919383232022259,0,12345
0.0,0.05,42,15,Subsampling,1.0,,,,100,12345
0.0,0.05,42,20,Donor-HCP-no-within,0.93,7.581856649666101,7.43132483668176,0.569149802630591,0,12345
0.0,0.05,42,20,Donor-HCP-within,0.94,5.899640274768085,5.880437669399152,0.31926913457799366,0,12345
0.0,0.05,42,20,HCP,1.0,,,,100,12345
0.0,0.05,42,20,Pooling,0.9,7.344944908790074,7.344944908790075,1.021687940773871e-15,0,12345
0.0,0.05,42,20,Repeated,1.0,,,,100,12345
0.0,0.05,42,20,S-HCP-within,0.97,8.756220671844101,8.897956560137928,0.36593472728545645,0,12345
0.0,0.05,42,20,Std-CP,0.9,6.959352030335918,6.071542608895152,3.823051180296276,0,12345
0.0,0.05,42,20,Subsampling,1.0,,,,100,12345
0.0,0.05,42,25,Donor-HCP-no-within,0.99,7.461285011325754,7.1184960240460935,2.2395399391343633,0,12345
0.0,0.05,42,25,Donor-HCP-within,1.0,,,,100,12345
0.0,0.05,42,25,HCP,1.0,,,,100,12345
0.0,0.05,42,25,Pooling,0.9,7.344944908790074,7.344944908790075,1.021687940773871e-15,0,12345
0.0,0.05,42,25,Repeated,1.0,,,,100,12345
0.0,0.05,42,25,S-HCP-within,1.0,,,,100,12345
0.0,0.05,42,25,Std-CP,0.95,6.676894230909368,6.556247938000826,2.4363117523697615,0,12345
0.0,0.05,42,25,Subsampling,1.0,,,,100,12345
0.0,0.05,42,30,Donor-HCP-no-within,0.99,7.664497213609231,7.435560824245851,2.1672804783434465,0,12345
0.0,0.05,42,30,Donor-HCP-within,1.0,,,,100,12345
0.0,0.05,42,30,HCP,1.0,,,,100,12345
0.0,0.05,42,30,Pooling,0.9,7.344944908790074,7.344944908790075,1.021687940773871e-15,0,12345
0.0,0.05,42,30,Repeated,1.0,,,,100,12345
0.0,0.05,42,30,S-HCP-within,1.0,,,,100,12345
0.0,0.05,42,30,Std-CP,0.94,6.257027231093077,6.204949881160403,1.765343876924583,0,12345
0.0,0.05,42,30,Subsampling,1.0,,,,100,12345
0.0,0.05,42,35,Donor-HCP-no-within,0.99,7.7799850141722535,7.781207789802131,2.092744674639834,0,12345
0.0,0.05,42,35,Donor-HCP-within,1.0,,,,100,12345
0.0,0.05,42,35,HCP,1.0,,,,100,12345
0.0,0.05,42,35,Pooling,0.9,7.344944908790074,7.344944908790075,1.021687940773871e-15,0,12345
0.0,0.05,42,35,Repeated,1.0,,,,100,12345
0.0,0.05,42,35,S-HCP-within,1.0,,,,100,12345
0.0,0.05,42,35,Std-CP,0.9,6.365840089700107,6.119332302620475,1.8074639453017163,0,12345
0.0,0.05,42,35,Subsampling,1.0,,,,100,12345
0.0,0.05,43,0,Donor-HCP-no-within,1.0,,,,100,12345
0.0,0.05,43,0,Donor-HCP-within,1.0,,,,100,12345
0.0,0.05,43,0,HCP,1.0,,,,100,12345
0.0,0.05,43,0,Pooling,0.93,9.740296253774567,9.740296253774567,3.5706115939831736e-16,0,12345
0.0,0.05,43,0,Repeated,1.0,,,,100,12345
0.0,0.05,43,0,S-HCP-within,1.0,,,,100,12345
0.0,0.05,43,0,Std-CP,1.0,,,,100,12345
0.0,0.05,43,0,Subsampling,1.0,,,,100,12345
0.0,0.05,43,5,Donor-HCP-no-within,1.0,,,,100,12345
0.0,0.05,43,5,Donor-HCP-within,1.0,,,,100,12345
0.0,0.05,43,5,HCP,1.0,,,,100,12345
0.0,0.05,43,5,Pooling,0.93,9.740296253774567,9.740296253774567,3.5706115939831736e-16,0,12345
0.0,0.05,43,5,Repeated,1.0,,,,100,12345
0.0,0.05,43,5,S-HCP-within,0.92,8.933625982031177,9.009651970825198,0.7277782053968954,0,12345
0.0,0.05,43,5,Std-CP,0.67,5.50234089923814,4.240957061256015,3.7488036635974824,0,12345
0.0,0.05,43,5,Subsampling,1.0,,,,100,12345
0.0,0.05,43,10,Donor-HCP-no-within,0.99,13.404017126346792,13.299293087705507,1.490594252516059,0,12345
0.0,0.05,43,10,Donor-HCP-within,1.0,,,,100,12345
0.0,0.05,43,10,HCP,1.0,,,,100,12345
0.0,0.05,43,10,Pooling,0.93,9.740296253774567,9.740296253774567,3.5706115939831736e-16,0,12345
0.0,0.05,43,10,Repeated,1.0,,,,100,12345
0.0,0.05,43,10,S-HCP-within,0.92,8.864657026538726,9.0096519708252,0.5252821472053039,0,12345
0.0,0.05,43,10,Std-CP,0.79,30.002250081551598,10.358511496725974,66.16478703910458,0,12345
0.0,0.05,43,10,Subsampling,1.0,,,,100,12345
0.0,0.05,43,15,Donor-HCP-no-within,0.98,10.452688081095221,10.37996255906387,0.8951134539482757,0,12345
0.0,0.05,43,15,Donor-HCP-within,0.99,10.486661500108491,10.675825863383679,0.7342159001510913,0,12345
0.0,0.05,43,15,HCP,1.0,,,,100,12345
0.0,0.05,43,15,Pooling,0.93,9.740296253774567,9.740296253774567,3.5706115939831736e-16,0,12345
0.0,0.05,43,15,Repeated,1.0,,,,100,12345
0.0,0.05,43,15,S-HCP-within,0.93,8.98902114503391,9.0096519708252,0.5343233124999572,0,12345
0.0,0.05,43,15,Std-CP,0.89,9.57121906820186,7.336877841404956,6.8467124367778025,0,12345
0.0,0.05,43,15,Subsampling,1.0,,,,100,12345
0.0,0.05,43,20,Donor-HCP-no-within,0.95,9.556032467582906,9.740296253774567,0.7567959312228135,0,12345
0.0,0.05,43,20,Donor-HCP-within,0.98,7.5640902962585175,7.558642267677946,0.4755059217329584,0,12345
0.0,0.05,43,20,HCP,1.0,,,,100,12345
0.0,0.05,43,20,Pooling,0.93,9.740296253774567,9.740296253774567,3.5706115939831736e-16,0,12345
0.0,0.05,43,20,Repeated,1.0,,,,100,12345
0.0,0.05,43,20,S-HCP-within,0.91,8.741985912894595,8.635681417473563,0.41088574036886316,0,12345
0.0,0.05,43,20,Std-CP,0.9,6.413084284139431,5.837786850624081,2.292311043975954,0,12345
0.0,0.05,43,20,Subsampling,1.0,,,,100,12345
0.0,0.05,43,25,Donor-HCP-no-within,0.97,7.682996047216967,6.8135368394244935,2.979752979069301,0,12345
0.0,0.05,43,25,Donor-HCP-within,1.0,,,,100,12345
0.0,0.05,43,25,HCP,1.0,,,,100,12345
0.0,0.05,43,25,Pooling,0.93,9.740296253774567,9.740296253774567,3.5706115939831736e-16,0,12345
0.0,0.05,43,25,Repeated,1.0,,,,100,12345
0.0,0.05,43,25,S-HCP-within,1.0,,,,100,12345
0.0,0.05,43,25,Std-CP,0.93,6.503197052985185,5.950508116901401,2.50570775276777,0,12345
0.0,0.05,43,25,Subsampling,1.0,,,,100,12345
0.0,0.05,43,30,Donor-HCP-no-within,0.97,7.892142028595203,7.13755072813731,2.94902560725245,0,12345
0.0,0.05,43,30,Donor-HCP-within,1.0,,,,100,12345
0.0,0.05,43,30,HCP,1.0,,,,100,12345
0.0,0.05,43,30,Pooling,0.93,9.740296253774567,9.740296253774567,3.5706115939831736e-16,0,12345
0.0,0.05,43,30,Repeated,1.0,,,,100,12345
0.0,0.05,43,30,S-HCP-within,1.0,,,,100,12345
0.0,0.05,43,30,Std-CP,0.96,6.659039519363363,6.289756759116885,2.33581551377787,0,12345
0.0,0.05,43,30,Subsampling,1.0,,,,100,12345
0.0,0.05,43,35,Donor-HCP-no-within,0.98,8.04713661488909,7.19455807880375,2.951025982856314,0,12345
0.0,0.05,43,35,Donor-HCP-within,1.0,,,,100,12345
0.0,0.05,43,35,HCP,1.0,,,,100,12345
0.0,0.05,43,35,Pooling,0.93,9.740296253774567,9.740296253774567,3.5706115939831736e-16,0,12345
0.0,0.05,43,35,Repeated,1.0,,,,100,12345
0.0,0.05,43,35,S-HCP-within,1.0,,,,100,12345
0.0,0.05,43,35,Std-CP,0.99,6.733106760242508,6.438529530457083,2.2260336467220885,0,12345
0.0,0.05,43,35,Subsampling,1.0,,,,100,12345
0.0,0.05,44,0,Donor-HCP-no-within,1.0,,,,100,12345
0.0,0.05,44,0,Donor-HCP-within,1.0,,,,100,12345
0.0,0.05,44,0,HCP,1.0,,,,100,12345
0.0,0.05,44,0,Pooling,0.97,8.536784673248938,8.536784673248938,7.781967552403668e-16,0,12345
0.0,0.05,44,0,Repeated,1.0,,,,100,12345
0.0,0.05,44,0,S-HCP-within,1.0,,,,100,12345
0.0,0.05,44,0,Std-CP,1.0,,,,100,12345
0.0,0.05,44,0,Subsampling,1.0,,,,100,12345
0.0,0.05,44,5,Donor-HCP-no-within,1.0,,,,100,12345
0.0,0.05,44,5,Donor-HCP-within,1.0,,,,100,12345
0.0,0.05,44,5,HCP,1.0,,,,100,12345
0.0,0.05,44,5,Pooling,0.97,8.536784673248938,8.536784673248938,7.781967552403668e-16,0,12345
0.0,0.05,44,5,Repeated,1.0,,,,100,12345
0.0,0.05,44,5,S-HCP-within,0.95,8.167447026780888,8.250724500974918,0.9131753500626625,0,12345
0.0,0.05,44,5,Std-CP,0.74,5.902102002448604,4.499107617332962,4.303223195054125,0,12345
0.0,0.05,44,5,Subsampling,1.0,,,,100,12345
0.0,0.05,44,10,Donor-HCP-no-within,1.0,15.482256831736997,15.992612885188358,1.3586187838878967,0,12345
0.0,0.05,44,10,Donor-HCP-within,1.0,,,,100,12345
0.0,0.05,44,10,HCP,1.0,,,,100,12345
0.0,0.05,44,10,Pooling,0.97,8.536784673248938,8.536784673248938,7.781967552403668e-16,0,12345
0.0,0.05,44,10,Repeated,1.0,,,,100,12345
0.0,0.05,44,10,S-HCP-within,0.96,8.052346671946841,8.250724500974918,0.7287532398738957,0,12345
0.0,0.05,44,10,Std-CP,0.82,37.41538813943911,14.81522019330745,78.81719566588006,0,12345
0.0,0.05,44,10,Subsampling,1.0,,,,100,12345
0.0,0.05,44,15,Donor-HCP-no-within,1.0,10.925474324389825,10.863405300596831,0.810157241213738,0,12345
0.0,0.05,44,15,Donor-HCP-within,1.0,11.372424555925946,11.563461677684913,0.6203488961084739,0,12345
0.0,0.05,44,15,HCP,1.0,,,,100,12345
0.0,0.05,44,15,Pooling,0.97,8.536784673248938,8.536784673248938,7.781967552403668e-16,0,12345
0.0,0.05,44,15,Repeated,1.0,,,,100,12345
0.0,0.05,44,15,S-HCP-within,0.97,8.182948102381197,8.250724500974918,0.5154807643613282,0,12345
0.0,0.05,44,15,Std-CP,0.87,8.685375119682412,6.696186328713722,5.558273984764023,0,12345
0.0,0.05,44,15,Subsampling,1.0,,,,100,12345
0.0,0.05,44,20,Donor-HCP-no-within,0.98,9.718214991542546,9.582203150965029,0.9556651675051144,0,12345
0.0,0.05,44,20,Donor-HCP-within,1.0,7.15931577561509,7.01805809178742,0.4159719449086248,0,12345
0.0,0.05,44,20,HCP,1.0,,,,100,12345
0.0,0.05,44,20,Pooling,0.97,8.536784673248938,8.536784673248938,7.781967552403668e-16,0,12345
0.0,0.05,44,20,Repeated,1.0,,,,100,12345
0.0,0.05,44,20,S-HCP-within,0.97,7.799597256464934,7.614649962332429,0.5447362756759664,0,12345
0.0,0.05,44,20,Std-CP,0.9,6.635666746220306,6.3029418085784155,3.1325005555767245,0,12345
0.0,0.05,44,20,Subsampling,1.0,,,,100,12345
0.0,0.05,44,25,Donor-HCP-no-within,0.94,7.317753472453328,6.98730999244596,1.9894935891482752,0,12345
0.0,0.05,44,25,Donor-HCP-within,1.0,,,,100,12345
0.0,0.05,44,25,HCP,1.0,,,,100,12345
0.0,0.05,44,25,Pooling,0.97,8.536784673248938,8.536784673248938,7.781967552403668e-16,0,12345
0.0,0.05,44,25,Repeated,1.0,,,,100,12345
0.0,0.05,44,25,S-HCP-within,1.0,,,,100,12345
0.0,0.05,44,25,Std-CP,0.94,6.709874978026921,6.073090778013084,2.5766672750447945,0,12345
0.0,0.05,44,25,Subsampling,1.0,,,,100,12345
0.0,0.05,44,30,Donor-HCP-no-within,0.96,7.454831500880184,7.354172110506745,1.958866182634322,0,12345
0.0,0.05,44,30,Donor-HCP-within,1.0,,,,100,12345
0.0,0.05,44,30,HCP,1.0,,,,100,12345
0.0,0.05,44,30,Pooling,0.97,8.536784673248938,8.536784673248938,7.781967552403668e-16,0,12345
0.0,0.05,44,30,Repeated,1.0,,,,100,12345
0.0,0.05,44,30,S-HCP-within,1.0,,,,100,12345
0.0,0.05,44,30,Std-CP,0.93,6.286603047533941,5.9785542456150775,2.136844131774316,0,12345
0.0,0.05,44,30,Subsampling,1.0,,,,100,12345
0.0,0.05,44,35,Donor-HCP-no-within,0.96,7.687509870419172,7.669159461427631,1.9405961575388433,0,12345
0.0,0.05,44,35,Donor-HCP-within,1.0,,,,100,12345
0.0,0.05,44,35,HCP,1.0,,,,100,12345
0.0,0.05,44,35,Pooling,0.97,8.536784673248938,8.536784673248938,7.781967552403668e-16,0,12345
0.0,0.05,44,35,Repeated,1.0,,,,100,12345
0.0,0.05,44,35,S-HCP-within,1.0,,,,100,12345
0.0,0.05,44,35,Std-CP,0.95,6.41946061265605,6.065718411881184,1.994272387786669,0,12345
0.0,0.05,44,35,Subsampling,1.0,,,,100,12345
0.0,0.05,45,0,Donor-HCP-no-within,1.0,,,,100,12345
0.0,0.05,45,0,Donor-HCP-within,1.0,,,,100,12345
0.0,0.05,45,0,HCP,1.0,,,,100,12345
0.0,0.05,45,0,Pooling,0.95,9.956261048947972,9.956261048947972,6.184480694873352e-16,0,12345
0.0,0.05,45,0,Repeated,1.0,,,,100,12345
0.0,0.05,45,0,S-HCP-within,1.0,,,,100,12345
0.0,0.05,45,0,Std-CP,1.0,,,,100,12345
0.0,0.05,45,0,Subsampling,1.0,,,,100,12345
0.0,0.05,45,5,Donor-HCP-no-within,1.0,,,,100,12345
0.0,0.05,45,5,Donor-HCP-within,1.0,,,,100,12345
0.0,0.05,45,5,HCP,1.0,,,,100,12345
0.0,0.05,45,5,Pooling,0.95,9.956261048947972,9.956261048947972,6.184480694873352e-16,0,12345
0.0,0.05,45,5,Repeated,1.0,,,,100,12345
0.0,0.05,45,5,S-HCP-within,0.95,12.38642204762197,12.536402035171452,0.8412183336239158,0,12345
0.0,0.05,45,5,Std-CP,0.71,5.258430272121497,4.931577781190913,2.798547421367824,0,12345
0.0,0.05,45,5,Subsampling,1.0,,,,100,12345
0.0,0.05,45,10,Donor-HCP-no-within,1.0,13.0793969863264,12.92839908408571,0.7239739199934107,0,12345
0.0,0.05,45,10,Donor-HCP-within,1.0,,,,100,12345
0.0,0.05,45,10,HCP,1.0,,,,100,12345
0.0,0.05,45,10,Pooling,0.95,9.956261048947972,9.956261048947972,6.184480694873352e-16,0,12345
0.0,0.05,45,10,Repeated,1.0,,,,100,12345
0.0,0.05,45,10,S-HCP-within,0.96,12.373763323179233,12.460511701239827,0.9000449443202326,0,12345
0.0,0.05,45,10,Std-CP,0.86,39.602838579938776,13.990121954667696,88.4959802421812,0,12345
0.0,0.05,45,10,Subsampling,1.0,,,,100,12345
0.0,0.05,45,15,Donor-HCP-no-within,0.99,11.574094343450405,11.691464201191147,0.9908386719309371,0,12345
0.0,0.05,45,15,Donor-HCP-within,0.99,9.48928807615293,9.719136952557967,0.7007178222632975,0,12345
0.0,0.05,45,15,HCP,1.0,,,,100,12345
0.0,0.05,45,15,Pooling,0.95,9.956261048947972,9.956261048947972,6.184480694873352e-16,0,12345
0.0,0.05,45,15,Repeated,1.0,,,,100,12345
0.0,0.05,45,15,S-HCP-within,0.98,12.471310698642212,12.460511701239827,0.8374138285384916,0,12345
0.0,0.05,45,15,Std-CP,0.92,9.179066206600803,7.750504314965758,5.702119186433771,0,12345
0.0,0.05,45,15,Subsampling,1.0,,,,100,12345
0.0,0.05,45,20,Donor-HCP-no-within,0.97,11.025492265422642,11.119620098220949,0.9699454145489815,0,12345
0.0,0.05,45,20,Donor-HCP-within,0.95,7.1503067308688335,7.1587200026879,0.6067180405660388,0,12345
0.0,0.05,45,20,HCP,1.0,,,,100,12345
0.0,0.05,45,20,Pooling,0.95,9.956261048947972,9.956261048947972,6.184480694873352e-16,0,12345
0.0,0.05,45,20,Repeated,1.0,,,,100,12345
0.0,0.05,45,20,S-HCP-within,0.98,12.179515979496514,11.896728279348551,0.8868962680937323,0,12345
0.0,0.05,45,20,Std-CP,0.93,6.505030505871819,5.967465125503109,2.652030248601314,0,12345
0.0,0.05,45,20,Subsampling,1.0,,,,100,12345
0.0,0.05,45,25,Donor-HCP-no-within,0.94,8.56229343782672,8.192380483916736,2.546141145730647,0,12345
0.0,0.05,45,25,Donor-HCP-within,1.0,,,,100,12345
0.0,0.05,45,25,HCP,1.0,,,,100,12345
0.0,0.05,45,25,Pooling,0.95,9.956261048947972,9.956261048947972,6.184480694873352e-16,0,12345
0.0,0.05,45,25,Repeated,1.0,,,,100,12345
0.0,0.05,45,25,S-HCP-within,1.0,,,,100,12345
0.0,0.05,45,25,Std-CP,0.93,6.607431669262886,6.1773420924669775,2.4677231674525473,0,12345
0.0,0.05,45,25,Subsampling,1.0,,,,100,12345
0.0,0.05,45,30,Donor-HCP-no-within,0.95,8.792964297695853,8.365993045829441,2.450924357927779,0,12345
0.0,0.05,45,30,Donor-HCP-within,1.0,,,,100,12345
0.0,0.05,45,30,HCP,1.0,,,,100,12345
0.0,0.05,45,30,Pooling,0.95,9.956261048947972,9.956261048947972,6.184480694873352e-16,0,12345
0.0,0.05,45,30,Repeated,1.0,,,,100,12345
0.0,0.05,45,30,S-HCP-within,1.0,,,,100,12345
0.0,0.05,45,30,Std-CP,0.92,6.564734488396347,6.350638663263563,1.9606608233158869,0,12345
0.0,0.05,45,30,Subsampling,1.0,,,,100,12345
0.0,0.05,45,35,Donor-HCP-no-within,0.98,8.960868455543558,8.652055120442302,2.361040149138346,0,12345
0.0,0.05,45,35,Donor-HCP-within,1.0,,,,100,12345
0.0,0.05,45,35,HCP,1.0,,,,100,12345
0.0,0.05,45,35,Pooling,0.95,9.956261048947972,9.956261048947972,6.184480694873352e-16,0,12345
0.0,0.05,45,35,Repeated,1.0,,,,100,12345
0.0,0.05,45,35,S-HCP-within,1.0,,,,100,12345
0.0,0.05,45,35,Std-CP,0.93,6.2568284662396705,6.066873626815933,1.9043454276143015,0,12345
0.0,0.05,45,35,Subsampling,1.0,,,,100,12345
0.0,0.05,46,0,Donor-HCP-no-within,1.0,,,,100,12345
0.0,0.05,46,0,Donor-HCP-within,1.0,,,,100,12345
0.0,0.05,46,0,HCP,1.0,,,,100,12345
0.0,0.05,46,0,Pooling,0.94,6.471378894429551,6.471378894429552,1.2624018355444048e-15,0,12345
0.0,0.05,46,0,Repeated,1.0,,,,100,12345
0.0,0.05,46,0,S-HCP-within,1.0,,,,100,12345
0.0,0.05,46,0,Std-CP,1.0,,,,100,12345
0.0,0.05,46,0,Subsampling,1.0,,,,100,12345
0.0,0.05,46,5,Donor-HCP-no-within,1.0,,,,100,12345
0.0,0.05,46,5,Donor-HCP-within,1.0,,,,100,12345
0.0,0.05,46,5,HCP,1.0,,,,100,12345
0.0,0.05,46,5,Pooling,0.94,6.471378894429551,6.471378894429552,1.2624018355444048e-15,0,12345
0.0,0.05,46,5,Repeated,1.0,,,,100,12345
0.0,0.05,46,5,S-HCP-within,0.93,8.33541534165898,8.148004279513557,0.9101430190120924,0,12345
0.0,0.05,46,5,Std-CP,0.72,6.072954653861569,4.773453878605917,3.9399826637884483,0,12345
0.0,0.05,46,5,Subsampling,1.0,,,,100,12345
0.0,0.05,46,10,Donor-HCP-no-within,0.98,10.27989119699369,10.65614062148172,0.8486909812396519,0,12345
0.0,0.05,46,10,Donor-HCP-within,1.0,,,,100,12345
0.0,0.05,46,10,HCP,1.0,,,,100,12345
0.0,0.05,46,10,Pooling,0.94,6.471378894429551,6.471378894429552,1.2624018355444048e-15,0,12345
0.0,0.05,46,10,Repeated,1.0,,,,100,12345
0.0,0.05,46,10,S-HCP-within,0.93,8.379351319469409,8.261713670087225,0.713145113521664,0,12345
0.0,0.05,46,10,Std-CP,0.86,41.477042437171775,12.823391182455008,125.75899473920254,0,12345
0.0,0.05,46,10,Subsampling,1.0,,,,100,12345
0.0,0.05,46,15,Donor-HCP-no-within,0.96,7.599899713631728,7.521091167713334,0.5490204228844446,0,12345
0.0,0.05,46,15,Donor-HCP-within,0.98,8.229155337701464,8.438621325821348,0.5055341297570651,0,12345
0.0,0.05,46,15,HCP,1.0,,,,100,12345
0.0,0.05,46,15,Pooling,0.94,6.471378894429551,6.471378894429552,1.2624018355444048e-15,0,12345
0.0,0.05,46,15,Repeated,1.0,,,,100,12345
0.0,0.05,46,15,S-HCP-within,0.92,8.511464183299262,8.333893061502746,0.7006674470085882,0,12345
0.0,0.05,46,15,Std-CP,0.9,8.70252407390029,7.603783746048697,4.952800714784416,0,12345
0.0,0.05,46,15,Subsampling,1.0,,,,100,12345
0.0,0.05,46,20,Donor-HCP-no-within,0.94,6.798718620941881,6.858195148647511,0.5249800259473789,0,12345
0.0,0.05,46,20,Donor-HCP-within,0.89,5.017286722795204,4.9652427107555255,0.2561374651389644,0,12345
0.0,0.05,46,20,HCP,1.0,,,,100,12345
0.0,0.05,46,20,Pooling,0.94,6.471378894429551,6.471378894429552,1.2624018355444048e-15,0,12345
0.0,0.05,46,20,Repeated,1.0,,,,100,12345
0.0,0.05,46,20,S-HCP-within,0.92,8.21631019038733,8.148004279513557,0.6393225431365855,0,12345
0.0,0.05,46,20,Std-CP,0.9,6.844243842107156,6.254740672598796,2.8452392618005997,0,12345
0.0,0.05,46,20,Subsampling,1.0,,,,100,12345
0.0,0.05,46,25,Donor-HCP-no-within,0.96,7.3287725810519575,7.4746324731190565,1.849436916007001,0,12345
0.0,0.05,46,25,Donor-HCP-within,1.0,,,,100,12345
0.0,0.05,46,25,HCP,1.0,,,,100,12345
0.0,0.05,46,25,Pooling,0.94,6.471378894429551,6.471378894429552,1.2624018355444048e-15,0,12345
0.0,0.05,46,25,Repeated,1.0,,,,100,12345
0.0,0.05,46,25,S-HCP-within,1.0,,,,100,12345
0.0,0.05,46,25,Std-CP,0.94,6.373877121815043,6.073766555094606,2.2709359309878194,0,12345
0.0,0.05,46,25,Subsampling,1.0,,,,100,12345
0.0,0.05,46,30,Donor-HCP-no-within,0.97,7.567808631577683,7.4746324731190565,1.9470752372491986,0,12345
0.0,0.05,46,30,Donor-HCP-within,1.0,,,,100,12345
0.0,0.05,46,30,HCP,1.0,,,,100,12345
0.0,0.05,46,30,Pooling,0.94,6.471378894429551,6.471378894429552,1.2624018355444048e-15,0,12345
0.0,0.05,46,30,Repeated,1.0,,,,100,12345
0.0,0.05,46,30,S-HCP-within,1.0,,,,100,12345
0.0,0.05,46,30,Std-CP,0.93,6.50843294895386,6.339155116202331,2.266995600940592,0,12345
0.0,0.05,46,30,Subsampling,1.0,,,,100,12345
0.0,0.05,46,35,Donor-HCP-no-within,0.97,7.681840936315354,7.607243359194294,1.9787198940163158,0,12345
0.0,0.05,46,35,Donor-HCP-within,1.0,,,,100,12345
0.0,0.05,46,35,HCP,1.0,,,,100,12345
0.0,0.05,46,35,Pooling,0.94,6.471378894429551,6.471378894429552,1.2624018355444048e-15,0,12345
0.0,0.05,46,35,Repeated,1.0,,,,100,12345
0.0,0.05,46,35,S-HCP-within,1.0,,,,100,12345
0.0,0.05,46,35,Std-CP,0.96,6.3347814060031205,6.190507944447585,2.0724801423736956,0,12345
0.0,0.05,46,35,Subsampling,1.0,,,,100,12345
0.0,0.05,47,0,Donor-HCP-no-within,1.0,,,,100,12345
0.0,0.05,47,0,Donor-HCP-within,1.0,,,,100,12345
0.0,0.05,47,0,HCP,1.0,,,,100,12345
0.0,0.05,47,0,Pooling,0.96,9.149599451096044,9.149599451096044,1.3119264712386716e-15,0,12345
0.0,0.05,47,0,Repeated,1.0,,,,100,12345
0.0,0.05,47,0,S-HCP-within,1.0,,,,100,12345
0.0,0.05,47,0,Std-CP,1.0,,,,100,12345
0.0,0.05,47,0,Subsampling,1.0,,,,100,12345
0.0,0.05,47,5,Donor-HCP-no-within,1.0,,,,100,12345
0.0,0.05,47,5,Donor-HCP-within,1.0,,,,100,12345
0.0,0.05,47,5,HCP,1.0,,,,100,12345
0.0,0.05,47,5,Pooling,0.96,9.149599451096044,9.149599451096044,1.3119264712386716e-15,0,12345
0.0,0.05,47,5,Repeated,1.0,,,,100,12345
0.0,0.05,47,5,S-HCP-within,0.98,9.109278471952575,9.391216110540714,1.0561871395997413,0,12345
0.0,0.05,47,5,Std-CP,0.77,6.2631631022374075,5.367321859409207,3.7900518136350976,0,12345
0.0,0.05,47,5,Subsampling,1.0,,,,100,12345
0.0,0.05,47,10,Donor-HCP-no-within,0.99,13.720262146559042,13.690697590112219,1.5395408591450779,0,12345
0.0,0.05,47,10,Donor-HCP-within,1.0,,,,100,12345
0.0,0.05,47,10,HCP,1.0,,,,100,12345
0.0,0.05,47,10,Pooling,0.96,9.149599451096044,9.149599451096044,1.3119264712386716e-15,0,12345
0.0,0.05,47,10,Repeated,1.0,,,,100,12345
0.0,0.05,47,10,S-HCP-within,0.98,9.020048880387957,9.328590762579786,0.9143094452478385,0,12345
0.0,0.05,47,10,Std-CP,0.82,37.82350330793261,14.047041732150653,112.36012835569353,0,12345
0.0,0.05,47,10,Subsampling,1.0,,,,100,12345
0.0,0.05,47,15,Donor-HCP-no-within,0.99,11.830715722525287,11.899911820510521,1.1923384459747837,0,12345
0.0,0.05,47,15,Donor-HCP-within,1.0,10.014097331287772,10.15856458358385,0.5506587545566443,0,12345
0.0,0.05,47,15,HCP,1.0,,,,100,12345
0.0,0.05,47,15,Pooling,0.96,9.149599451096044,9.149599451096044,1.3119264712386716e-15,0,12345
0.0,0.05,47,15,Repeated,1.0,,,,100,12345
0.0,0.05,47,15,S-HCP-within,0.99,9.203270159602807,9.453841458501644,0.6995188966457865,0,12345
0.0,0.05,47,15,Std-CP,0.89,8.932318956483789,7.243702758626455,5.609140614869723,0,12345
0.0,0.05,47,15,Subsampling,1.0,,,,100,12345
0.0,0.05,47,20,Donor-HCP-no-within,0.98,10.436734979800638,10.674893518747908,1.061070028248851,0,12345
0.0,0.05,47,20,Donor-HCP-within,0.97,7.09013489781374,7.008255966073865,0.5191846101922732,0,12345
0.0,0.05,47,20,HCP,1.0,,,,100,12345
0.0,0.05,47,20,Pooling,0.96,9.149599451096044,9.149599451096044,1.3119264712386716e-15,0,12345
0.0,0.05,47,20,Repeated,1.0,,,,100,12345
0.0,0.05,47,20,S-HCP-within,0.98,8.705532188118088,8.579933947610938,0.6163046119675314,0,12345
0.0,0.05,47,20,Std-CP,0.9,6.867759313650166,6.45725086131114,2.6092406895672235,0,12345
0.0,0.05,47,20,Subsampling,1.0,,,,100,12345
0.0,0.05,47,25,Donor-HCP-no-within,0.97,7.64354318426356,7.401576739221541,2.144926910411276,0,12345
0.0,0.05,47,25,Donor-HCP-within,1.0,,,,100,12345
0.0,0.05,47,25,HCP,1.0,,,,100,12345
0.0,0.05,47,25,Pooling,0.96,9.149599451096044,9.149599451096044,1.3119264712386716e-15,0,12345
0.0,0.05,47,25,Repeated,1.0,,,,100,12345
0.0,0.05,47,25,S-HCP-within,1.0,,,,100,12345
0.0,0.05,47,25,Std-CP,0.91,6.744248306666722,6.189390384845313,2.3491402045237857,0,12345
0.0,0.05,47,25,Subsampling,1.0,,,,100,12345
0.0,0.05,47,30,Donor-HCP-no-within,0.98,7.861951656344574,7.4884721152546945,2.1442387152736426,0,12345
0.0,0.05,47,30,Donor-HCP-within,1.0,,,,100,12345
0.0,0.05,47,30,HCP,1.0,,,,100,12345
0.0,0.05,47,30,Pooling,0.96,9.149599451096044,9.149599451096044,1.3119264712386716e-15,0,12345
0.0,0.05,47,30,Repeated,1.0,,,,100,12345
0.0,0.05,47,30,S-HCP-within,1.0,,,,100,12345
0.0,0.05,47,30,Std-CP,0.93,6.6154280274198705,6.107523348445107,2.0721069847996683,0,12345
0.0,0.05,47,30,Subsampling,1.0,,,,100,12345
0.0,0.05,47,35,Donor-HCP-no-within,0.98,8.013716123787797,7.560966080144766,2.1723139696873983,0,12345
0.0,0.05,47,35,Donor-HCP-within,1.0,,,,100,12345
0.0,0.05,47,35,HCP,1.0,,,,100,12345
0.0,0.05,47,35,Pooling,0.96,9.149599451096044,9.149599451096044,1.3119264712386716e-15,0,12345
0.0,0.05,47,35,Repeated,1.0,,,,100,12345
0.0,0.05,47,35,S-HCP-within,1.0,,,,100,12345
0.0,0.05,47,35,Std-CP,0.92,6.893501998080742,6.666289298621484,2.2401896922348197,0,12345
0.0,0.05,47,35,Subsampling,1.0,,,,100,12345
0.0,0.05,48,0,Donor-HCP-no-within,1.0,,,,100,12345
0.0,0.05,48,0,Donor-HCP-within,1.0,,,,100,12345
0.0,0.05,48,0,HCP,1.0,,,,100,12345
0.0,0.05,48,0,Pooling,0.94,8.873415037616564,8.873415037616564,1.4503892858778862e-15,0,12345
0.0,0.05,48,0,Repeated,1.0,,,,100,12345
0.0,0.05,48,0,S-HCP-within,1.0,,,,100,12345
0.0,0.05,48,0,Std-CP,1.0,,,,100,12345
0.0,0.05,48,0,Subsampling,1.0,,,,100,12345
0.0,0.05,48,5,Donor-HCP-no-within,1.0,,,,100,12345
0.0,0.05,48,5,Donor-HCP-within,1.0,,,,100,12345
0.0,0.05,48,5,HCP,1.0,,,,100,12345
0.0,0.05,48,5,Pooling,0.94,8.873415037616564,8.873415037616564,1.4503892858778862e-15,0,12345
0.0,0.05,48,5,Repeated,1.0,,,,100,12345
0.0,0.05,48,5,S-HCP-within,0.98,8.67053549395252,8.548245656817855,0.8010784119820232,0,12345
0.0,0.05,48,5,Std-CP,0.7,6.07488688236998,4.979440735365767,4.913984622135224,0,12345
0.0,0.05,48,5,Subsampling,1.0,,,,100,12345
0.0,0.05,48,10,Donor-HCP-no-within,1.0,14.7015115628308,15.064414446804442,1.3542407302277346,0,12345
0.0,0.05,48,10,Donor-HCP-within,1.0,,,,100,12345
0.0,0.05,48,10,HCP,1.0,,,,100,12345
0.0,0.05,48,10,Pooling,0.94,8.873415037616564,8.873415037616564,1.4503892858778862e-15,0,12345
0.0,0.05,48,10,Repeated,1.0,,,,100,12345
0.0,0.05,48,10,S-HCP-within,0.97,8.486673583777405,8.548245656817851,0.6270353005867487,0,12345
0.0,0.05,48,10,Std-CP,0.84,52.37736155718012,11.457031855066573,278.75036415161856,0,12345
0.0,0.05,48,10,Subsampling,1.0,,,,100,12345
0.0,0.05,48,15,Donor-HCP-no-within,0.96,10.113404804613939,9.979579610615584,0.7897249357584641,0,12345
0.0,0.05,48,15,Donor-HCP-within,1.0,11.812149060313777,12.447889315877376,1.4646196726583902,0,12345
0.0,0.05,48,15,HCP,1.0,,,,100,12345
0.0,0.05,48,15,Pooling,0.94,8.873415037616564,8.873415037616564,1.4503892858778862e-15,0,12345
0.0,0.05,48,15,Repeated,1.0,,,,100,12345
0.0,0.05,48,15,S-HCP-within,0.98,8.75850538790992,8.769992453640349,0.48903016560120915,0,12345
0.0,0.05,48,15,Std-CP,0.85,8.701405540444556,7.875443393977878,5.112253958553331,0,12345
0.0,0.05,48,15,Subsampling,1.0,,,,100,12345
0.0,0.05,48,20,Donor-HCP-no-within,0.95,9.086913791240823,8.873415037616565,0.7713168275381432,0,12345
0.0,0.05,48,20,Donor-HCP-within,0.97,7.823631006550394,7.855969998393199,0.5755468160354595,0,12345
0.0,0.05,48,20,HCP,1.0,,,,100,12345
0.0,0.05,48,20,Pooling,0.94,8.873415037616564,8.873415037616564,1.4503892858778862e-15,0,12345
0.0,0.05,48,20,Repeated,1.0,,,,100,12345
0.0,0.05,48,20,S-HCP-within,0.98,8.352981595922513,8.286166029778322,0.3769545696687154,0,12345
0.0,0.05,48,20,Std-CP,0.92,7.046753445225822,6.777103736332855,2.7567160495246084,0,12345
0.0,0.05,48,20,Subsampling,1.0,,,,100,12345
0.0,0.05,48,25,Donor-HCP-no-within,0.99,7.648234916825718,7.554707122110137,2.1824615668012135,0,12345
0.0,0.05,48,25,Donor-HCP-within,1.0,,,,100,12345
0.0,0.05,48,25,HCP,1.0,,,,100,12345
0.0,0.05,48,25,Pooling,0.94,8.873415037616564,8.873415037616564,1.4503892858778862e-15,0,12345
0.0,0.05,48,25,Repeated,1.0,,,,100,12345
0.0,0.05,48,25,S-HCP-within,1.0,,,,100,12345
0.0,0.05,48,25,Std-CP,0.93,7.087183719450532,6.679488696243411,2.683430247786301,0,12345
0.0,0.05,48,25,Subsampling,1.0,,,,100,12345
0.0,0.05,48,30,Donor-HCP-no-within,0.99,7.7486210482872835,7.640886605029099,2.163091694795105,0,12345
0.0,0.05,48,30,Donor-HCP-within,1.0,,,,100,12345
0.0,0.05,48,30,HCP,1.0,,,,100,12345
0.0,0.05,48,30,Pooling,0.94,8.873415037616564,8.873415037616564,1.4503892858778862e-15,0,12345
0.0,0.05,48,30,Repeated,1.0,,,,100,12345
0.0,0.05,48,30,S-HCP-within,1.0,,,,100,12345
0.0,0.05,48,30,Std-CP,0.95,6.298642252398934,6.098167589975737,1.8071659381605056,0,12345
0.0,0.05,48,30,Subsampling,1.0,,,,100,12345
0.0,0.05,48,35,Donor-HCP-no-within,0.99,7.849268196660911,7.8166328946294605,2.1251519344097987,0,12345
0.0,0.05,48,35,Donor-HCP-within,1.0,,,,100,12345
0.0,0.05,48,35,HCP,1.0,,,,100,12345
0.0,0.05,48,35,Pooling,0.94,8.873415037616564,8.873415037616564,1.4503892858778862e-15,0,12345
0.0,0.05,48,35,Repeated,1.0,,,,100,12345
0.0,0.05,48,35,S-HCP-within,1.0,,,,100,12345
0.0,0.05,48,35,Std-CP,0.93,6.582066272234592,6.2018578644960565,1.8658276494990402,0,12345
0.0,0.05,48,35,Subsampling,1.0,,,,100,12345
0.0,0.05,49,0,Donor-HCP-no-within,1.0,,,,100,12345
0.0,0.05,49,0,Donor-HCP-within,1.0,,,,100,12345
0.0,0.05,49,0,HCP,1.0,,,,100,12345
0.0,0.05,49,0,Pooling,0.86,6.6443419854477455,6.6443419854477455,8.926528984957934e-17,0,12345
0.0,0.05,49,0,Repeated,1.0,,,,100,12345
0.0,0.05,49,0,S-HCP-within,1.0,,,,100,12345
0.0,0.05,49,0,Std-CP,1.0,,,,100,12345
0.0,0.05,49,0,Subsampling,1.0,,,,100,12345
0.0,0.05,49,5,Donor-HCP-no-within,1.0,,,,100,12345
0.0,0.05,49,5,Donor-HCP-within,1.0,,,,100,12345
0.0,0.05,49,5,HCP,1.0,,,,100,12345
0.0,0.05,49,5,Pooling,0.86,6.6443419854477455,6.6443419854477455,8.926528984957934e-17,0,12345
0.0,0.05,49,5,Repeated,1.0,,,,100,12345
0.0,0.05,49,5,S-HCP-within,0.91,8.386324858258,8.216584301082179,1.0600559764904347,0,12345
0.0,0.05,49,5,Std-CP,0.72,5.352418524688528,4.616881068580769,3.1666514354853583,0,12345
0.0,0.05,49,5,Subsampling,1.0,,,,100,12345
0.0,0.05,49,10,Donor-HCP-no-within,0.99,11.1680087746401,10.946851825942609,1.0593596219646837,0,12345
0.0,0.05,49,10,Donor-HCP-within,1.0,,,,100,12345
0.0,0.05,49,10,HCP,1.0,,,,100,12345
0.0,0.05,49,10,Pooling,0.86,6.6443419854477455,6.6443419854477455,8.926528984957934e-17,0,12345
0.0,0.05,49,10,Repeated,1.0,,,,100,12345
0.0,0.05,49,10,S-HCP-within,0.95,8.478555913936814,8.261677349883719,0.8499796088255279,0,12345
0.0,0.05,49,10,Std-CP,0.89,36.6744208805012,14.75093201622865,109.44817099656686,0,12345
0.0,0.05,49,10,Subsampling,1.0,,,,100,12345
0.0,0.05,49,15,Donor-HCP-no-within,0.89,8.39297874150336,8.457753672975542,0.6633362331521554,0,12345
0.0,0.05,49,15,Donor-HCP-within,0.97,7.95963450585601,7.92525192662017,0.5349607876584683,0,12345
0.0,0.05,49,15,HCP,1.0,,,,100,12345
0.0,0.05,49,15,Pooling,0.86,6.6443419854477455,6.6443419854477455,8.926528984957934e-17,0,12345
0.0,0.05,49,15,Repeated,1.0,,,,100,12345
0.0,0.05,49,15,S-HCP-within,0.95,8.458061434962062,8.261677349883719,0.6027598269942441,0,12345
0.0,0.05,49,15,Std-CP,0.91,10.09564079954621,8.438881723591784,7.4236808785439194,0,12345
0.0,0.05,49,15,Subsampling,1.0,,,,100,12345
0.0,0.05,49,20,Donor-HCP-no-within,0.88,7.472295160030707,7.38895300779275,0.6069948600113813,0,12345
0.0,0.05,49,20,Donor-HCP-within,0.96,6.534911733051636,6.5358196824092545,0.26333958782111344,0,12345
0.0,0.05,49,20,HCP,1.0,,,,100,12345
0.0,0.05,49,20,Pooling,0.86,6.6443419854477455,6.6443419854477455,8.926528984957934e-17,0,12345
0.0,0.05,49,20,Repeated,1.0,,,,100,12345
0.0,0.05,49,20,S-HCP-within,0.95,8.122084586259492,8.169192318889529,0.46683549744024805,0,12345
0.0,0.05,49,20,Std-CP,0.92,7.173769744941468,6.561497543745817,3.048324973551617,0,12345
0.0,0.05,49,20,Subsampling,1.0,,,,100,12345
0.0,0.05,49,25,Donor-HCP-no-within,0.95,7.873745508060469,7.220865425513234,2.551248349661315,0,12345
0.0,0.05,49,25,Donor-HCP-within,1.0,,,,100,12345
0.0,0.05,49,25,HCP,1.0,,,,100,12345
0.0,0.05,49,25,Pooling,0.86,6.6443419854477455,6.6443419854477455,8.926528984957934e-17,0,12345
0.0,0.05,49,25,Repeated,1.0,,,,100,12345
0.0,0.05,49,25,S-HCP-within,1.0,,,,100,12345
0.0,0.05,49,25,Std-CP,0.89,6.993780268609495,6.429028074281151,2.8772226896402007,0,12345
0.0,0.05,49,25,Subsampling,1.0,,,,100,12345
0.0,0.05,49,30,Donor-HCP-no-within,0.95,8.139498756939647,7.844171924532214,2.470818967983707,0,12345
0.0,0.05,49,30,Donor-HCP-within,1.0,,,,100,12345
0.0,0.05,49,30,HCP,1.0,,,,100,12345
0.0,0.05,49,30,Pooling,0.86,6.6443419854477455,6.6443419854477455,8.926528984957934e-17,0,12345
0.0,0.05,49,30,Repeated,1.0,,,,100,12345
0.0,0.05,49,30,S-HCP-within,1.0,,,,100,12345
0.0,0.05,49,30,Std-CP,0.95,6.930214008113901,6.754237274957206,2.3893715459622777,0,12345
0.0,0.05,49,30,Subsampling,1.0,,,,100,12345
0.0,0.05,49,35,Donor-HCP-no-within,0.95,8.300236611972842,8.03429300303901,2.4231784405082313,0,12345
0.0,0.05,49,35,Donor-HCP-within,1.0,,,,100,12345
0.0,0.05,49,35,HCP,1.0,,,,100,12345
0.0,0.05,49,35,Pooling,0.86,6.6443419854477455,6.6443419854477455,8.926528984957934e-17,0,12345
0.0,0.05,49,35,Repeated,1.0,,,,100,12345
0.0,0.05,49,35,S-HCP-within,1.0,,,,100,12345
0.0,0.05,49,35,Std-CP,0.94,6.718053067411642,6.404200078131131,1.986103040800157,0,12345
0.0,0.05,49,35,Subsampling,1.0,,,,100,12345
0.0,0.1,0,0,Donor-HCP-no-within,1.0,12.689846230051721,12.689846230051721,3.9920651226976273e-16,0,12345
0.0,0.1,0,0,Donor-HCP-within,1.0,12.689846230051721,12.689846230051721,3.9920651226976273e-16,0,12345
0.0,0.1,0,0,HCP,1.0,12.689846230051721,12.689846230051721,3.9920651226976273e-16,0,12345
0.0,0.1,0,0,Pooling,0.9,7.713615309259147,7.713615309259147,1.262401835544405e-16,0,12345
0.0,0.1,0,0,Repeated,0.96,9.271416516173097,9.271416516173097,1.4936939954824199e-15,0,12345
0.0,0.1,0,0,S-HCP-within,0.91,9.500849460717092,9.212189743506492,2.2154280486696223,0,12345
0.0,0.1,0,0,Std-CP,1.0,,,,100,12345
0.0,0.1,0,0,Subsampling,0.89,7.495938246019165,7.495938246019165,1.262401835544405e-16,0,12345
0.0,0.1,0,5,Donor-HCP-no-within,0.97,10.232904351933604,9.952783017580233,0.7724939032121676,0,12345
0.0,0.1,0,5,Donor-HCP-within,0.99,10.645149203965712,10.746659669895791,0.7959950978797431,0,12345
0.0,0.1,0,5,HCP,1.0,12.689846230051721,12.689846230051721,3.9920651226976273e-16,0,12345
0.0,0.1,0,5,Pooling,0.9,7.713615309259147,7.713615309259147,1.262401835544405e-16,0,12345
0.0,0.1,0,5,Repeated,0.96,9.271416516173097,9.271416516173097,1.4936939954824199e-15,0,12345
0.0,0.1,0,5,S-HCP-within,0.92,8.445366622899368,8.294748312942453,0.7655929430271687,0,12345
0.0,0.1,0,5,Std-CP,0.69,6.34599998596166,5.126852791751187,5.878528312888301,0,12345
0.0,0.1,0,5,Subsampling,0.89,7.495938246019165,7.495938246019165,1.262401835544405e-16,0,12345
0.0,0.1,0,10,Donor-HCP-no-within,0.96,9.138377391046758,8.823848563734543,1.0925898832348035,0,12345
0.0,0.1,0,10,Donor-HCP-within,0.98,8.174350334183002,8.010314128157432,0.6282180657243466,0,12345
0.0,0.1,0,10,HCP,1.0,12.689846230051721,12.689846230051721,3.9920651226976273e-16,0,12345
0.0,0.1,0,10,Pooling,0.9,7.713615309259147,7.713615309259147,1.262401835544405e-16,0,12345
0.0,0.1,0,10,Repeated,0.96,9.271416516173097,9.271416516173097,1.4936939954824199e-15,0,12345
0.0,0.1,0,10,S-HCP-within,0.92,8.444533199164702,8.42305429880567,0.6250697479254735,0,12345
0.0,0.1,0,10,Std-CP,0.82,54.222919552734766,12.700003506820984,193.09437199610412,0,12345
0.0,0.1,0,10,Subsampling,0.89,7.495938246019165,7.495938246019165,1.262401835544405e-16,0,12345
0.0,0.1,0,15,Donor-HCP-no-within,0.93,8.386322260899277,8.123905859987282,1.1062732074949535,0,12345
0.0,0.1,0,15,Donor-HCP-within,0.97,7.134238740030457,7.106356554471226,0.37917421124823414,0,12345
0.0,0.1,0,15,HCP,1.0,12.689846230051721,12.689846230051721,3.9920651226976273e-16,0,12345
0.0,0.1,0,15,Pooling,0.9,7.713615309259147,7.713615309259147,1.262401835544405e-16,0,12345
0.0,0.1,0,15,Repeated,0.96,9.271416516173097,9.271416516173097,1.4936939954824199e-15,0,12345
0.0,0.1,0,15,S-HCP-within,0.9,8.361725124391976,8.294748312942453,0.44841734675457556,0,12345
0.0,0.1,0,15,Std-CP,0.91,9.412132231261483,7.732351925822903,6.180314495834879,0,12345
0.0,0.1,0,15,Subsampling,0.89,7.495938246019165,7.495938246019165,1.262401835544405e-16,0,12345
0.0,0.1,0,20,Donor-HCP-no-within,0.9,7.825283669276217,7.269394145168821,1.3441208259991684,0,12345
0.0,0.1,0,20,Donor-HCP-within,0.93,6.105259265509008,6.046080879109863,0.5355121439506324,0,12345
0.0,0.1,0,20,HCP,1.0,12.689846230051721,12.689846230051721,3.9920651226976273e-16,0,12345
0.0,0.1,0,20,Pooling,0.9,7.713615309259147,7.713615309259147,1.262401835544405e-16,0,12345
0.0,0.1,0,20,Repeated,0.96,9.271416516173097,9.271416516173097,1.4936939954824199e-15,0,12345
0.0,0.1,0,20,S-HCP-within,0.89,8.230367569676915,8.209884383320642,0.3638911943365948,0,12345
0.0,0.1,0,20,Std-CP,0.88,7.013774646162797,6.568044213492758,2.607831793768616,0,12345
0.0,0.1,0,20,Subsampling,0.89,7.495938246019165,7.495938246019165,1.262401835544405e-16,0,12345
0.0,0.1,0,25,Donor-HCP-no-within,0.88,6.8214311824326295,6.643155902413205,2.054466715631567,0,12345
0.0,0.1,0,25,Donor-HCP-within,0.93,5.90946274757216,5.778647224480486,1.6961065274076226,0,12345
0.0,0.1,0,25,HCP,1.0,12.689846230051721,12.689846230051721,3.9920651226976273e-16,0,12345
0.0,0.1,0,25,Pooling,0.9,7.713615309259147,7.713615309259147,1.262401835544405e-16,0,12345
0.0,0.1,0,25,Repeated,0.96,9.271416516173097,9.271416516173097,1.4936939954824199e-15,0,12345
0.0,0.1,0,25,S-HCP-within,0.9,7.45591050574686,7.267693788311326,2.292728076227486,0,12345
0.0,0.1,0,25,Std-CP,0.88,6.526593631532648,6.4079768048064984,2.394940198580536,0,12345
0.0,0.1,0,25,Subsampling,0.89,7.495938246019165,7.495938246019165,1.262401835544405e-16,0,12345
0.0,0.1,0,30,Donor-HCP-no-within,0.86,6.421339191768405,6.070757997149063,1.8584283651347613,0,12345
0.0,0.1,0,30,Donor-HCP-within,0.95,5.992830886582433,5.915583133576998,1.5942704536947465,0,12345
0.0,0.1,0,30,HCP,1.0,12.689846230051721,12.689846230051721,3.9920651226976273e-16,0,12345
0.0,0.1,0,30,Pooling,0.9,7.713615309259147,7.713615309259147,1.262401835544405e-16,0,12345
0.0,0.1,0,30,Repeated,0.96,9.271416516173097,9.271416516173097,1.4936939954824199e-15,0,12345
0.0,0.1,0,30,S-HCP-within,0.93,7.579676799992524,7.261051616243561,2.105717190971651,0,12345
0.0,0.1,0,30,Std-CP,0.9,6.341540683953481,6.204249761107435,1.8737154894844348,0,12345
0.0,0.1,0,30,Subsampling,0.89,7.495938246019165,7.495938246019165,1.262401835544405e-16,0,12345
0.0,0.1,0,35,Donor-HCP-no-within,0.88,6.601932090076198,6.498086643198325,1.9203838619725502,0,12345
0.0,0.1,0,35,Donor-HCP-within,0.96,6.398450519497909,6.4972516872999435,1.5912850030333907,0,12345
0.0,0.1,0,35,HCP,1.0,12.689846230051721,12.689846230051721,3.9920651226976273e-16,0,12345
0.0,0.1,0,35,Pooling,0.9,7.713615309259147,7.713615309259147,1.262401835544405e-16,0,12345
0.0,0.1,0,35,Repeated,0.96,9.271416516173097,9.271416516173097,1.4936939954824199e-15,0,12345
0.0,0.1,0,35,S-HCP-within,0.93,7.723371853158727,7.495334552888472,2.1446287320941275,0,12345
0.0,0.1,0,35,Std-CP,0.93,6.204420232950057,6.139833072144105,1.919079251694249,0,12345
0.0,0.1,0,35,Subsampling,0.89,7.495938246019165,7.495938246019165,1.262401835544405e-16,0,12345
0.0,0.1,1,0,Donor-HCP-no-within,0.86,7.615646892047761,7.61564689204776,1.2239439900268025e-15,0,12345
0.0,0.1,1,0,Donor-HCP-within,0.86,7.615646892047761,7.61564689204776,1.2239439900268025e-15,0,12345
0.0,0.1,1,0,HCP,0.86,7.615646892047761,7.61564689204776,1.2239439900268025e-15,0,12345
0.0,0.1,1,0,Pooling,0.71,5.370701033718674,5.3707010337186745,5.645632638395598e-16,0,12345
0.0,0.1,1,0,Repeated,0.76,5.801182800630259,5.801182800630258,6.498611194034144e-16,0,12345
0.0,0.1,1,0,S-HCP-within,0.98,8.663143357668101,7.8790275250495725,2.4268545392308365,0,12345
0.0,0.1,1,0,Std-CP,1.0,,,,100,12345
0.0,0.1,1,0,Subsampling,0.66,4.727262936265672,4.727262936265671,1.2239439900268025e-15,0,12345
0.0,0.1,1,5,Donor-HCP-no-within,0.96,9.582913273805206,9.70585315495402,1.5304681552464128,0,12345
0.0,0.1,1,5,Donor-HCP-within,0.97,10.09642887856481,10.487786458148216,1.3054134505989345,0,12345
0.0,0.1,1,5,HCP,0.86,7.615646892047761,7.61564689204776,1.2239439900268025e-15,0,12345
0.0,0.1,1,5,Pooling,0.71,5.370701033718674,5.3707010337186745,5.645632638395598e-16,0,12345
0.0,0.1,1,5,Repeated,0.76,5.801182800630259,5.801182800630258,6.498611194034144e-16,0,12345
0.0,0.1,1,5,S-HCP-within,0.97,7.631214027945969,7.556275247975804,1.0303359566241646,0,12345
0.0,0.1,1,5,Std-CP,0.77,6.168488762220967,4.924212425929426,4.057104032367105,0,12345
0.0,0.1,1,5,Subsampling,0.66,4.727262936265672,4.727262936265671,1.2239439900268025e-15,0,12345
0.0,0.1,1,10,Donor-HCP-no-within,0.89,7.963104650239838,7.835620180808567,0.9751447472416724,0,12345
0.0,0.1,1,10,Donor-HCP-within,0.99,7.97826792127479,7.701265375381194,0.8027394556291513,0,12345
0.0,0.1,1,10,HCP,0.86,7.615646892047761,7.61564689204776,1.2239439900268025e-15,0,12345
0.0,0.1,1,10,Pooling,0.71,5.370701033718674,5.3707010337186745,5.645632638395598e-16,0,12345
0.0,0.1,1,10,Repeated,0.76,5.801182800630259,5.801182800630258,6.498611194034144e-16,0,12345
0.0,0.1,1,10,S-HCP-within,0.94,7.590718523717187,7.505999973498859,0.7062425495955815,0,12345
0.0,0.1,1,10,Std-CP,0.78,53.686084078629975,12.061364380369413,164.07057463027226,0,12345
0.0,0.1,1,10,Subsampling,0.66,4.727262936265672,4.727262936265671,1.2239439900268025e-15,0,12345
0.0,0.1,1,15,Donor-HCP-no-within,0.87,7.2657292347090126,7.377277093637212,0.9545155839050173,0,12345
0.0,0.1,1,15,Donor-HCP-within,0.96,6.934509418976236,6.9195632828759575,0.3805760344091817,0,12345
0.0,0.1,1,15,HCP,0.86,7.615646892047761,7.61564689204776,1.2239439900268025e-15,0,12345
0.0,0.1,1,15,Pooling,0.71,5.370701033718674,5.3707010337186745,5.645632638395598e-16,0,12345
0.0,0.1,1,15,Repeated,0.76,5.801182800630259,5.801182800630258,6.498611194034144e-16,0,12345
0.0,0.1,1,15,S-HCP-within,0.95,7.485095813447607,7.505999973498859,0.528486890471174,0,12345
0.0,0.1,1,15,Std-CP,0.93,8.955906339205962,7.026408747601324,5.991291490010908,0,12345
0.0,0.1,1,15,Subsampling,0.66,4.727262936265672,4.727262936265671,1.2239439900268025e-15,0,12345
0.0,0.1,1,20,Donor-HCP-no-within,0.82,6.729206681233422,6.662008290858823,0.8033420144303386,0,12345
0.0,0.1,1,20,Donor-HCP-within,0.93,5.75841896380315,5.878447082784653,0.4025044642438509,0,12345
0.0,0.1,1,20,HCP,0.86,7.615646892047761,7.61564689204776,1.2239439900268025e-15,0,12345
0.0,0.1,1,20,Pooling,0.71,5.370701033718674,5.3707010337186745,5.645632638395598e-16,0,12345
0.0,0.1,1,20,Repeated,0.76,5.801182800630259,5.801182800630258,6.498611194034144e-16,0,12345
0.0,0.1,1,20,S-HCP-within,0.94,7.288392534949956,7.309234469535759,0.39965271618855525,0,12345
0.0,0.1,1,20,Std-CP,0.94,6.77616827751919,6.314603367359572,2.7592388542558988,0,12345
0.0,0.1,1,20,Subsampling,0.66,4.727262936265672,4.727262936265671,1.2239439900268025e-15,0,12345
0.0,0.1,1,25,Donor-HCP-no-within,0.94,7.1682516455092244,7.048998607062691,2.261174339852439,0,12345
0.0,0.1,1,25,Donor-HCP-within,0.94,5.6455708621900635,5.4563588841302355,1.6907399076390146,0,12345
0.0,0.1,1,25,HCP,0.86,7.615646892047761,7.61564689204776,1.2239439900268025e-15,0,12345
0.0,0.1,1,25,Pooling,0.71,5.370701033718674,5.3707010337186745,5.645632638395598e-16,0,12345
0.0,0.1,1,25,Repeated,0.76,5.801182800630259,5.801182800630258,6.498611194034144e-16,0,12345
0.0,0.1,1,25,S-HCP-within,0.96,7.475283007140011,7.404644161161855,2.411963750438613,0,12345
0.0,0.1,1,25,Std-CP,0.95,6.958282357613847,6.119915612055862,2.791098167301207,0,12345
0.0,0.1,1,25,Subsampling,0.66,4.727262936265672,4.727262936265671,1.2239439900268025e-15,0,12345
0.0,0.1,1,30,Donor-HCP-no-within,0.94,6.815323704440241,6.898413926607004,2.213048378949379,0,12345
0.0,0.1,1,30,Donor-HCP-within,0.94,5.945222581218688,5.5613361495173566,1.7727265001142132,0,12345
0.0,0.1,1,30,HCP,0.86,7.615646892047761,7.61564689204776,1.2239439900268025e-15,0,12345
0.0,0.1,1,30,Pooling,0.71,5.370701033718674,5.3707010337186745,5.645632638395598e-16,0,12345
0.0,0.1,1,30,Repeated,0.76,5.801182800630259,5.801182800630258,6.498611194034144e-16,0,12345
0.0,0.1,1,30,S-HCP-within,0.96,7.756031052395759,7.761827950879594,2.5499596544414653,0,12345
0.0,0.1,1,30,Std-CP,0.95,6.449335706407172,6.35573915088457,2.110225145752327,0,12345
0.0,0.1,1,30,Subsampling,0.66,4.727262936265672,4.727262936265671,1.2239439900268025e-15,0,12345
0.0,0.1,1,35,Donor-HCP-no-within,0.95,7.054905007990559,6.917568920679541,2.2484391565477013,0,12345
0.0,0.1,1,35,Donor-HCP-within,0.94,6.054610605207979,5.762305806161418,1.7352669691290283,0,12345
0.0,0.1,1,35,HCP,0.86,7.615646892047761,7.61564689204776,1.2239439900268025e-15,0,12345
0.0,0.1,1,35,Pooling,0.71,5.370701033718674,5.3707010337186745,5.645632638395598e-16,0,12345
0.0,0.1,1,35,Repeated,0.76,5.801182800630259,5.801182800630258,6.498611194034144e-16,0,12345
0.0,0.1,1,35,S-HCP-within,0.96,7.993371047104632,7.885815460060938,2.5089225046700996,0,12345
0.0,0.1,1,35,Std-CP,0.96,6.163311201616404,5.830510982594477,1.7962204283491545,0,12345
0.0,0.1,1,35,Subsampling,0.66,4.727262936265672,4.727262936265671,1.2239439900268025e-15,0,12345
0.0,0.1,2,0,Donor-HCP-no-within,0.96,11.441808341476825,11.441808341476825,1.2497140578941108e-15,0,12345
0.0,0.1,2,0,Donor-HCP-within,0.96,11.441808341476825,11.441808341476825,1.2497140578941108e-15,0,12345
0.0,0.1,2,0,HCP,0.96,11.441808341476825,11.441808341476825,1.2497140578941108e-15,0,12345
0.0,0.1,2,0,Pooling,0.82,8.457403731855393,8.457403731855393,0.0,0,12345
0.0,0.1,2,0,Repeated,0.9,9.21418029493164,9.21418029493164,1.1707033010852319e-15,0,12345
0.0,0.1,2,0,S-HCP-within,0.96,10.82852604661715,10.678326627758754,2.202919591302236,0,12345
0.0,0.1,2,0,Std-CP,1.0,,,,100,12345
0.0,0.1,2,0,Subsampling,0.9,9.968584331155306,9.968584331155306,1.071183478194952e-15,0,12345
0.0,0.1,2,5,Donor-HCP-no-within,0.97,9.699808763928614,9.510456136142743,0.6024913556900366,0,12345
0.0,0.1,2,5,Donor-HCP-within,0.95,9.455577595474,9.455323525611078,0.7838281900175827,0,12345
0.0,0.1,2,5,HCP,0.96,11.441808341476825,11.441808341476825,1.2497140578941108e-15,0,12345
0.0,0.1,2,5,Pooling,0.82,8.457403731855393,8.457403731855393,0.0,0,12345
0.0,0.1,2,5,Repeated,0.9,9.21418029493164,9.21418029493164,1.1707033010852319e-15,0,12345
0.0,0.1,2,5,S-HCP-within,0.96,9.829084986497204,9.706417623414119,0.7386005817244623,0,12345
0.0,0.1,2,5,Std-CP,0.79,6.091220379664245,4.546253656637941,4.702154468892283,0,12345
0.0,0.1,2,5,Subsampling,0.9,9.968584331155306,9.968584331155306,1.071183478194952e-15,0,12345
0.0,0.1,2,10,Donor-HCP-no-within,0.92,8.862846329312353,8.644506889185529,0.5448066466023949,0,12345
0.0,0.1,2,10,Donor-HCP-within,0.94,7.5138126668874285,7.422020650222011,0.3225897396486392,0,12345
0.0,0.1,2,10,HCP,0.96,11.441808341476825,11.441808341476825,1.2497140578941108e-15,0,12345
0.0,0.1,2,10,Pooling,0.82,8.457403731855393,8.457403731855393,0.0,0,12345
0.0,0.1,2,10,Repeated,0.9,9.21418029493164,9.21418029493164,1.1707033010852319e-15,0,12345
0.0,0.1,2,10,S-HCP-within,0.96,9.93102530949709,9.854301229738649,0.5644497856773769,0,12345
0.0,0.1,2,10,Std-CP,0.83,26.28046672403052,11.380269519659038,45.36352942118957,0,12345
0.0,0.1,2,10,Subsampling,0.9,9.968584331155306,9.968584331155306,1.071183478194952e-15,0,12345
0.0,0.1,2,15,Donor-HCP-no-within,0.92,8.449393945004774,8.27325512546513,0.5989358709621191,0,12345
0.0,0.1,2,15,Donor-HCP-within,0.91,6.087846494690607,5.977772388396496,0.42627974211729674,0,12345
0.0,0.1,2,15,HCP,0.96,11.441808341476825,11.441808341476825,1.2497140578941108e-15,0,12345
0.0,0.1,2,15,Pooling,0.82,8.457403731855393,8.457403731855393,0.0,0,12345
0.0,0.1,2,15,Repeated,0.9,9.21418029493164,9.21418029493164,1.1707033010852319e-15,0,12345
0.0,0.1,2,15,S-HCP-within,0.97,9.749983460972494,9.70641762341412,0.4384206785875249,0,12345
0.0,0.1,2,15,Std-CP,0.86,8.004330624631036,7.5236765950894,3.5986612846115227,0,12345
0.0,0.1,2,15,Subsampling,0.9,9.968584331155306,9.968584331155306,1.071183478194952e-15,0,12345
0.0,0.1,2,20,Donor-HCP-no-within,0.91,7.970991370441348,7.795592010548214,0.6642126595729326,0,12345
0.0,0.1,2,20,Donor-HCP-within,0.9,5.582299126554528,5.585789277508553,0.3090692084804576,0,12345
0.0,0.1,2,20,HCP,0.96,11.441808341476825,11.441808341476825,1.2497140578941108e-15,0,12345
0.0,0.1,2,20,Pooling,0.82,8.457403731855393,8.457403731855393,0.0,0,12345
0.0,0.1,2,20,Repeated,0.9,9.21418029493164,9.21418029493164,1.1707033010852319e-15,0,12345
0.0,0.1,2,20,S-HCP-within,0.96,9.514340489738313,9.380905872714209,0.3253635850613217,0,12345
0.0,0.1,2,20,Std-CP,0.88,6.278888036642389,5.991253118451846,2.179882915904516,0,12345
0.0,0.1,2,20,Subsampling,0.9,9.968584331155306,9.968584331155306,1.071183478194952e-15,0,12345
0.0,0.1,2,25,Donor-HCP-no-within,0.94,6.923573146081527,6.5591091392814285,1.8172104396490145,0,12345
0.0,0.1,2,25,Donor-HCP-within,0.87,5.5505695851305,5.331202644073062,1.6147086133185073,0,12345
0.0,0.1,2,25,HCP,0.96,11.441808341476825,11.441808341476825,1.2497140578941108e-15,0,12345
0.0,0.1,2,25,Pooling,0.82,8.457403731855393,8.457403731855393,0.0,0,12345
0.0,0.1,2,25,Repeated,0.9,9.21418029493164,9.21418029493164,1.1707033010852319e-15,0,12345
0.0,0.1,2,25,S-HCP-within,0.94,7.335274701067748,7.088552708019788,2.2000339837130576,0,12345
0.0,0.1,2,25,Std-CP,0.85,6.007454410526098,5.776344060135569,1.816319689582733,0,12345
0.0,0.1,2,25,Subsampling,0.9,9.968584331155306,9.968584331155306,1.071183478194952e-15,0,12345
0.0,0.1,2,30,Donor-HCP-no-within,0.91,6.5002711957008525,6.267510016751238,1.7024838781433045,0,12345
0.0,0.1,2,30,Donor-HCP-within,0.89,5.766630434598819,5.564270467185633,1.6028828984485475,0,12345
0.0,0.1,2,30,HCP,0.96,11.441808341476825,11.441808341476825,1.2497140578941108e-15,0,12345
0.0,0.1,2,30,Pooling,0.82,8.457403731855393,8.457403731855393,0.0,0,12345
0.0,0.1,2,30,Repeated,0.9,9.21418029493164,9.21418029493164,1.1707033010852319e-15,0,12345
0.0,0.1,2,30,S-HCP-within,0.94,7.580316890172685,7.34266347434804,2.1442244822715524,0,12345
0.0,0.1,2,30,Std-CP,0.91,6.247247252298677,6.147974203866973,1.6786796916804458,0,12345
0.0,0.1,2,30,Subsampling,0.9,9.968584331155306,9.968584331155306,1.071183478194952e-15,0,12345
0.0,0.1,2,35,Donor-HCP-no-within,0.93,6.663895838930923,6.4650221791803,1.7059351935996034,0,12345
0.0,0.1,2,35,Donor-HCP-within,0.91,5.808056557377422,5.644327251596204,1.537887618818048,0,12345
0.0,0.1,2,35,HCP,0.96,11.441808341476825,11.441808341476825,1.2497140578941108e-15,0,12345
0.0,0.1,2,35,Pooling,0.82,8.457403731855393,8.457403731855393,0.0,0,12345
0.0,0.1,2,35,Repeated,0.9,9.21418029493164,9.21418029493164,1.1707033010852319e-15,0,12345
0.0,0.1,2,35,S-HCP-within,0.95,7.777339071659884,7.610383751344296,2.153373457744529,0,12345
0.0,0.1,2,35,Std-CP,0.94,6.129549343936082,6.049318480593947,1.7041751619410592,0,12345
0.0,0.1,2,35,Subsampling,0.9,9.968584331155306,9.968584331155306,1.071183478194952e-15,0,12345
0.0,0.1,3,0,Donor-HCP-no-within,0.96,9.2505461853019,9.2505461853019,0.0,0,12345
0.0,0.1,3,0,Donor-HCP-within,0.96,9.2505461853019,9.2505461853019,0.0,0,12345
0.0,0.1,3,0,HCP,0.96,9.2505461853019,9.2505461853019,0.0,0,12345
0.0,0.1,3,0,Pooling,0.9,6.772503080802068,6.772503080802068,0.0,0,12345
0.0,0.1,3,0,Repeated,0.94,7.607442059391601,7.607442059391602,4.807082973966155e-16,0,12345
0.0,0.1,3,0,S-HCP-within,0.84,8.642301747734578,9.363969267958893,1.6644722011237099,0,12345
0.0,0.1,3,0,Std-CP,1.0,,,,100,12345
0.0,0.1,3,0,Subsampling,0.96,9.499250496857801,9.499250496857801,1.4829863735896286e-15,0,12345
0.0,0.1,3,5,Donor-HCP-no-within,0.95,8.13801856948936,7.901673500211189,0.6445696603072354,0,12345
0.0,0.1,3,5,Donor-HCP-within,0.94,7.572779979810189,7.48899039686399,0.45679359619245274,0,12345
0.0,0.1,3,5,HCP,0.96,9.2505461853019,9.2505461853019,0.0,0,12345
0.0,0.1,3,5,Pooling,0.9,6.772503080802068,6.772503080802068,0.0,0,12345
0.0,0.1,3,5,Repeated,0.94,7.607442059391601,7.607442059391602,4.807082973966155e-16,0,12345
0.0,0.1,3,5,S-HCP-within,0.88,8.724080725977753,8.81898282721422,0.9905799056048521,0,12345
0.0,0.1,3,5,Std-CP,0.8,7.065119670803358,5.991590677419754,6.221755869968598,0,12345
0.0,0.1,3,5,Subsampling,0.96,9.499250496857801,9.499250496857801,1.4829863735896286e-15,0,12345
0.0,0.1,3,10,Donor-HCP-no-within,0.93,7.59811355993368,7.536263817836982,0.5324785387048542,0,12345
0.0,0.1,3,10,Donor-HCP-within,0.95,6.519357672349087,6.472507640124965,0.3790078784901778,0,12345
0.0,0.1,3,10,HCP,0.96,9.2505461853019,9.2505461853019,0.0,0,12345
0.0,0.1,3,10,Pooling,0.9,6.772503080802068,6.772503080802068,0.0,0,12345
0.0,0.1,3,10,Repeated,0.94,7.607442059391601,7.607442059391602,4.807082973966155e-16,0,12345
0.0,0.1,3,10,S-HCP-within,0.85,8.72294603370147,8.81898282721422,0.9148629943106615,0,12345
0.0,0.1,3,10,Std-CP,0.86,203.14334152293614,10.726175903466526,1782.8338546232023,0,12345
0.0,0.1,3,10,Subsampling,0.96,9.499250496857801,9.499250496857801,1.4829863735896286e-15,0,12345
0.0,0.1,3,15,Donor-HCP-no-within,0.92,7.019191390094002,7.0511954343311185,0.5498116993876069,0,12345
0.0,0.1,3,15,Donor-HCP-within,0.92,5.843894238979922,5.835280698805043,0.2166486783227593,0,12345
0.0,0.1,3,15,HCP,0.96,9.2505461853019,9.2505461853019,0.0,0,12345
0.0,0.1,3,15,Pooling,0.9,6.772503080802068,6.772503080802068,0.0,0,12345
0.0,0.1,3,15,Repeated,0.94,7.607442059391601,7.607442059391602,4.807082973966155e-16,0,12345
0.0,0.1,3,15,S-HCP-within,0.87,8.681403410793537,8.427438121786935,0.8202385068083928,0,12345
0.0,0.1,3,15,Std-CP,0.89,8.641892514123967,7.817927532180154,4.796721821611461,0,12345
0.0,0.1,3,15,Subsampling,0.96,9.499250496857801,9.499250496857801,1.4829863735896286e-15,0,12345
0.0,0.1,3,20,Donor-HCP-no-within,0.88,6.58654920068609,6.627183218987098,0.4953134188403182,0,12345
0.0,0.1,3,20,Donor-HCP-within,0.89,4.915519117136673,4.88040463074884,0.19905508187347626,0,12345
0.0,0.1,3,20,HCP,0.96,9.2505461853019,9.2505461853019,0.0,0,12345
0.0,0.1,3,20,Pooling,0.9,6.772503080802068,6.772503080802068,0.0,0,12345
0.0,0.1,3,20,Repeated,0.94,7.607442059391601,7.607442059391602,4.807082973966155e-16,0,12345
0.0,0.1,3,20,S-HCP-within,0.84,8.3038390805774,8.145200897107529,0.688622821952893,0,12345
0.0,0.1,3,20,Std-CP,0.95,6.9069047844448095,6.461228345680556,2.6287470962968644,0,12345
0.0,0.1,3,20,Subsampling,0.96,9.499250496857801,9.499250496857801,1.4829863735896286e-15,0,12345
0.0,0.1,3,25,Donor-HCP-no-within,0.9,6.61609028386865,6.351045453710714,2.323203811789628,0,12345
0.0,0.1,3,25,Donor-HCP-within,0.94,5.714138012060423,5.525443397550348,1.6766517066978588,0,12345
0.0,0.1,3,25,HCP,0.96,9.2505461853019,9.2505461853019,0.0,0,12345
0.0,0.1,3,25,Pooling,0.9,6.772503080802068,6.772503080802068,0.0,0,12345
0.0,0.1,3,25,Repeated,0.94,7.607442059391601,7.607442059391602,4.807082973966155e-16,0,12345
0.0,0.1,3,25,S-HCP-within,0.92,6.91035736903812,6.765587115837501,2.5215443737774756,0,12345
0.0,0.1,3,25,Std-CP,0.96,6.829872627430103,6.416382414409139,2.442893638268063,0,12345
0.0,0.1,3,25,Subsampling,0.96,9.499250496857801,9.499250496857801,1.4829863735896286e-15,0,12345
0.0,0.1,3,30,Donor-HCP-no-within,0.9,6.178688682433776,5.8110428565873455,2.171306103308092,0,12345
0.0,0.1,3,30,Donor-HCP-within,0.93,5.801633017350366,5.487184705431887,1.6551137855870204,0,12345
0.0,0.1,3,30,HCP,0.96,9.2505461853019,9.2505461853019,0.0,0,12345
0.0,0.1,3,30,Pooling,0.9,6.772503080802068,6.772503080802068,0.0,0,12345
0.0,0.1,3,30,Repeated,0.94,7.607442059391601,7.607442059391602,4.807082973966155e-16,0,12345
0.0,0.1,3,30,S-HCP-within,0.92,7.08626296628197,6.956477145373732,2.5467324101817215,0,12345
0.0,0.1,3,30,Std-CP,0.97,6.681947404637417,6.558775857228185,2.0211909089838276,0,12345
0.0,0.1,3,30,Subsampling,0.96,9.499250496857801,9.499250496857801,1.4829863735896286e-15,0,12345
0.0,0.1,3,35,Donor-HCP-no-within,0.91,6.437399584565089,6.110851910110277,2.1504286633473124,0,12345
0.0,0.1,3,35,Donor-HCP-within,0.96,6.0052902128114845,5.7870761832858575,1.5141200864838207,0,12345
0.0,0.1,3,35,HCP,0.96,9.2505461853019,9.2505461853019,0.0,0,12345
0.0,0.1,3,35,Pooling,0.9,6.772503080802068,6.772503080802068,0.0,0,12345
0.0,0.1,3,35,Repeated,0.94,7.607442059391601,7.607442059391602,4.807082973966155e-16,0,12345
0.0,0.1,3,35,S-HCP-within,0.94,7.291071927903549,6.8575918392248205,2.4223757491051905,0,12345
0.0,0.1,3,35,Std-CP,0.99,6.46341920557708,6.3242377409738815,1.7960338951876946,0,12345
0.0,0.1,3,35,Subsampling,0.96,9.499250496857801,9.499250496857801,1.4829863735896286e-15,0,12345
0.0,0.1,4,0,Donor-HCP-no-within,0.95,8.302175541186859,8.302175541186859,1.1976195368092882e-15,0,12345
0.0,0.1,4,0,Donor-HCP-within,0.95,8.302175541186859,8.302175541186859,1.1976195368092882e-15,0,12345
0.0,0.1,4,0,HCP,0.95,8.302175541186859,8.302175541186859,1.1976195368092882e-15,0,12345
0.0,0.1,4,0,Pooling,0.86,6.135779340579509,6.135779340579509,1.5016746079147852e-15,0,12345
0.0,0.1,4,0,Repeated,0.92,6.680129475769446,6.680129475769446,1.1842378929335002e-15,0,12345
0.0,0.1,4,0,S-HCP-within,0.91,6.787908769401644,6.399565986122122,1.4133771572064702,0,12345
0.0,0.1,4,0,Std-CP,1.0,,,,100,12345
0.0,0.1,4,0,Subsampling,0.94,6.897415039714206,6.897415039714206,1.1842378929335002e-15,0,12345
0.0,0.1,4,5,Donor-HCP-no-within,0.95,7.07897561808412,6.982876041933931,0.3338168309545267,0,12345
0.0,0.1,4,5,Donor-HCP-within,0.95,6.897098973570172,6.9849045636692,0.39873209211534255,0,12345
0.0,0.1,4,5,HCP,0.95,8.302175541186859,8.302175541186859,1.1976195368092882e-15,0,12345
0.0,0.1,4,5,Pooling,0.86,6.135779340579509,6.135779340579509,1.5016746079147852e-15,0,12345
0.0,0.1,4,5,Repeated,0.92,6.680129475769446,6.680129475769446,1.1842378929335002e-15,0,12345
0.0,0.1,4,5,S-HCP-within,0.92,6.333859377696163,6.348666775680957,0.40724036932752267,0,12345
0.0,0.1,4,5,Std-CP,0.78,5.746363374426085,4.786166290986611,4.2510710447020195,0,12345
0.0,0.1,4,5,Subsampling,0.94,6.897415039714206,6.897415039714206,1.1842378929335002e-15,0,12345
0.0,0.1,4,10,Donor-HCP-no-within,0.93,6.682564017348981,6.697433146259932,0.3457053471460584,0,12345
0.0,0.1,4,10,Donor-HCP-within,0.93,5.712440880858135,5.675978929709455,0.28050505598745445,0,12345
0.0,0.1,4,10,HCP,0.95,8.302175541186859,8.302175541186859,1.1976195368092882e-15,0,12345
0.0,0.1,4,10,Pooling,0.86,6.135779340579509,6.135779340579509,1.5016746079147852e-15,0,12345
0.0,0.1,4,10,Repeated,0.92,6.680129475769446,6.680129475769446,1.1842378929335002e-15,0,12345
0.0,0.1,4,10,S-HCP-within,0.91,6.280353352525622,6.318060734118937,0.3877666839545399,0,12345
0.0,0.1,4,10,Std-CP,0.83,33.74266773247974,12.498379891369996,82.11711235104917,0,12345
0.0,0.1,4,10,Subsampling,0.94,6.897415039714206,6.897415039714206,1.1842378929335002e-15,0,12345
0.0,0.1,4,15,Donor-HCP-no-within,0.91,6.358746422838161,6.405313114508163,0.3475938605511161,0,12345
0.0,0.1,4,15,Donor-HCP-within,0.89,5.286073145952655,5.280854798738915,0.22430765287568874,0,12345
0.0,0.1,4,15,HCP,0.95,8.302175541186859,8.302175541186859,1.1976195368092882e-15,0,12345
0.0,0.1,4,15,Pooling,0.86,6.135779340579509,6.135779340579509,1.5016746079147852e-15,0,12345
0.0,0.1,4,15,Repeated,0.92,6.680129475769446,6.680129475769446,1.1842378929335002e-15,0,12345
0.0,0.1,4,15,S-HCP-within,0.92,6.2949332395099304,6.318083605120847,0.23605162142257857,0,12345
0.0,0.1,4,15,Std-CP,0.89,8.365479595946198,7.173954896894838,5.414855233658569,0,12345
0.0,0.1,4,15,Subsampling,0.94,6.897415039714206,6.897415039714206,1.1842378929335002e-15,0,12345
0.0,0.1,4,20,Donor-HCP-no-within,0.87,6.06779591902455,6.119716746085117,0.3496250639682553,0,12345
0.0,0.1,4,20,Donor-HCP-within,0.89,4.8862831444998776,4.9489957296928155,0.2644044098847841,0,12345
0.0,0.1,4,20,HCP,0.95,8.302175541186859,8.302175541186859,1.1976195368092882e-15,0,12345
0.0,0.1,4,20,Pooling,0.86,6.135779340579509,6.135779340579509,1.5016746079147852e-15,0,12345
0.0,0.1,4,20,Repeated,0.92,6.680129475769446,6.680129475769446,1.1842378929335002e-15,0,12345
0.0,0.1,4,20,S-HCP-within,0.92,6.2135169403652535,6.258844900183295,0.19235395381184278,0,12345
0.0,0.1,4,20,Std-CP,0.93,6.780291958462868,6.342069906461344,2.9205336408186144,0,12345
0.0,0.1,4,20,Subsampling,0.94,6.897415039714206,6.897415039714206,1.1842378929335002e-15,0,12345
0.0,0.1,4,25,Donor-HCP-no-within,0.94,6.5002346460384635,6.057130860596381,2.23845948270549,0,12345
0.0,0.1,4,25,Donor-HCP-within,0.92,5.3589034467991015,5.118558836525633,1.7266314220584338,0,12345
0.0,0.1,4,25,HCP,0.95,8.302175541186859,8.302175541186859,1.1976195368092882e-15,0,12345
0.0,0.1,4,25,Pooling,0.86,6.135779340579509,6.135779340579509,1.5016746079147852e-15,0,12345
0.0,0.1,4,25,Repeated,0.92,6.680129475769446,6.680129475769446,1.1842378929335002e-15,0,12345
0.0,0.1,4,25,S-HCP-within,0.9,6.687496905399786,6.112426033678156,2.5794640569324896,0,12345
0.0,0.1,4,25,Std-CP,0.88,6.462998417216767,6.224594736722349,2.334458095169867,0,12345
0.0,0.1,4,25,Subsampling,0.94,6.897415039714206,6.897415039714206,1.1842378929335002e-15,0,12345
0.0,0.1,4,30,Donor-HCP-no-within,0.9,6.065827668151922,5.5791711429062705,2.167242135845741,0,12345
0.0,0.1,4,30,Donor-HCP-within,0.96,5.63967429749889,5.438788776077119,1.5396691099882882,0,12345
0.0,0.1,4,30,HCP,0.95,8.302175541186859,8.302175541186859,1.1976195368092882e-15,0,12345
0.0,0.1,4,30,Pooling,0.86,6.135779340579509,6.135779340579509,1.5016746079147852e-15,0,12345
0.0,0.1,4,30,Repeated,0.92,6.680129475769446,6.680129475769446,1.1842378929335002e-15,0,12345
0.0,0.1,4,30,S-HCP-within,0.91,6.85151078381827,6.5141263869706885,2.5897216855100225,0,12345
0.0,0.1,4,30,Std-CP,0.9,5.988509710721092,6.027535198488675,1.900601200541804,0,12345
0.0,0.1,4,30,Subsampling,0.94,6.897415039714206,6.897415039714206,1.1842378929335002e-15,0,12345
0.0,0.1,4,35,Donor-HCP-no-within,0.93,6.2816250141266,5.881603676066007,2.172819849630104,0,12345
0.0,0.1,4,35,Donor-HCP-within,0.97,5.850096300459996,5.65894695779964,1.5368579089867704,0,12345
0.0,0.1,4,35,HCP,0.95,8.302175541186859,8.302175541186859,1.1976195368092882e-15,0,12345
0.0,0.1,4,35,Pooling,0.86,6.135779340579509,6.135779340579509,1.5016746079147852e-15,0,12345
0.0,0.1,4,35,Repeated,0.92,6.680129475769446,6.680129475769446,1.1842378929335002e-15,0,12345
0.0,0.1,4,35,S-HCP-within,0.93,7.149736860428042,6.644995005464682,2.486411771881148,0,12345
0.0,0.1,4,35,Std-CP,0.96,6.149180622279179,6.114859810894656,1.766309618719237,0,12345
0.0,0.1,4,35,Subsampling,0.94,6.897415039714206,6.897415039714206,1.1842378929335002e-15,0,12345
0.0,0.1,5,0,Donor-HCP-no-within,1.0,14.216583980295603,14.216583980295603,9.61416594793231e-16,0,12345
0.0,0.1,5,0,Donor-HCP-within,1.0,14.216583980295603,14.216583980295603,9.61416594793231e-16,0,12345
0.0,0.1,5,0,HCP,1.0,14.216583980295603,14.216583980295603,9.61416594793231e-16,0,12345
0.0,0.1,5,0,Pooling,0.95,9.175212075938909,9.175212075938909,8.373826446313467e-16,0,12345
0.0,0.1,5,0,Repeated,0.99,10.90085493403911,10.90085493403911,8.56202581996519e-16,0,12345
0.0,0.1,5,0,S-HCP-within,0.89,7.033954047805779,6.976484643177152,1.5930944523158557,0,12345
0.0,0.1,5,0,Std-CP,1.0,,,,100,12345
0.0,0.1,5,0,Subsampling,0.99,11.057016247336222,11.057016247336222,8.56202581996519e-16,0,12345
0.0,0.1,5,5,Donor-HCP-no-within,0.98,9.567928787511706,9.494286679329562,1.4452031834398824,0,12345
0.0,0.1,5,5,Donor-HCP-within,0.98,9.470413521598855,9.65859597406893,1.2786768111804458,0,12345
0.0,0.1,5,5,HCP,1.0,14.216583980295603,14.216583980295603,9.61416594793231e-16,0,12345
0.0,0.1,5,5,Pooling,0.95,9.175212075938909,9.175212075938909,8.373826446313467e-16,0,12345
0.0,0.1,5,5,Repeated,0.99,10.90085493403911,10.90085493403911,8.56202581996519e-16,0,12345
0.0,0.1,5,5,S-HCP-within,0.93,6.593840660496652,6.730268916499712,0.7395716908845243,0,12345
0.0,0.1,5,5,Std-CP,0.75,5.974638862449943,5.14497693702463,4.020572689281839,0,12345
0.0,0.1,5,5,Subsampling,0.99,11.057016247336222,11.057016247336222,8.56202581996519e-16,0,12345
0.0,0.1,5,10,Donor-HCP-no-within,0.99,8.870461239760637,8.91603281523932,1.3730225617698715,0,12345
0.0,0.1,5,10,Donor-HCP-within,1.0,8.131852169503286,8.437224702713984,0.9911187813014366,0,12345
0.0,0.1,5,10,HCP,1.0,14.216583980295603,14.216583980295603,9.61416594793231e-16,0,12345
0.0,0.1,5,10,Pooling,0.95,9.175212075938909,9.175212075938909,8.373826446313467e-16,0,12345
0.0,0.1,5,10,Repeated,0.99,10.90085493403911,10.90085493403911,8.56202581996519e-16,0,12345
0.0,0.1,5,10,S-HCP-within,0.91,6.626214145984144,6.7321800589098135,0.6794616593665875,0,12345
0.0,0.1,5,10,Std-CP,0.85,46.75765468877332,14.526007762544044,111.66001548692705,0,12345
0.0,0.1,5,10,Subsampling,0.99,11.057016247336222,11.057016247336222,8.56202581996519e-16,0,12345
0.0,0.1,5,15,Donor-HCP-no-within,0.98,8.473244525802622,8.788764568832512,1.1472018671422906,0,12345
0.0,0.1,5,15,Donor-HCP-within,0.97,7.178402231090953,7.368436904489613,0.6610070830327697,0,12345
0.0,0.1,5,15,HCP,1.0,14.216583980295603,14.216583980295603,9.61416594793231e-16,0,12345
0.0,0.1,5,15,Pooling,0.95,9.175212075938909,9.175212075938909,8.373826446313467e-16,0,12345
0.0,0.1,5,15,Repeated,0.99,10.90085493403911,10.90085493403911,8.56202581996519e-16,0,12345
0.0,0.1,5,15,S-HCP-within,0.9,6.535903546745996,6.434135038247682,0.5012721716523496,0,12345
0.0,0.1,5,15,Std-CP,0.9,8.987257006632785,7.731954879105253,5.086322872117452,0,12345
0.0,0.1,5,15,Subsampling,0.99,11.057016247336222,11.057016247336222,8.56202581996519e-16,0,12345
0.0,0.1,5,20,Donor-HCP-no-within,0.96,7.9410906206201135,8.320134181653088,1.109162629202011,0,12345
0.0,0.1,5,20,Donor-HCP-within,0.94,5.597560913742438,5.579860449429262,0.2612013242948775,0,12345
0.0,0.1,5,20,HCP,1.0,14.216583980295603,14.216583980295603,9.61416594793231e-16,0,12345
0.0,0.1,5,20,Pooling,0.95,9.175212075938909,9.175212075938909,8.373826446313467e-16,0,12345
0.0,0.1,5,20,Repeated,0.99,10.90085493403911,10.90085493403911,8.56202581996519e-16,0,12345
0.0,0.1,5,20,S-HCP-within,0.89,6.373197967430963,6.237449767240221,0.44939311190237236,0,12345
0.0,0.1,5,20,Std-CP,0.9,6.593192038911464,6.239739952242835,2.2766668263360006,0,12345
0.0,0.1,5,20,Subsampling,0.99,11.057016247336222,11.057016247336222,8.56202581996519e-16,0,12345
0.0,0.1,5,25,Donor-HCP-no-within,0.93,6.4562522251144365,6.21688159832936,1.5549021826172111,0,12345
0.0,0.1,5,25,Donor-HCP-within,0.92,5.580170465344585,5.403527172649386,1.4273967122552902,0,12345
0.0,0.1,5,25,HCP,1.0,14.216583980295603,14.216583980295603,9.61416594793231e-16,0,12345
0.0,0.1,5,25,Pooling,0.95,9.175212075938909,9.175212075938909,8.373826446313467e-16,0,12345
0.0,0.1,5,25,Repeated,0.99,10.90085493403911,10.90085493403911,8.56202581996519e-16,0,12345
0.0,0.1,5,25,S-HCP-within,0.93,6.994908811382468,6.668375487446755,1.9582064350346615,0,12345
0.0,0.1,5,25,Std-CP,0.94,6.91685134061349,6.428073544101044,2.441078166032077,0,12345
0.0,0.1,5,25,Subsampling,0.99,11.057016247336222,11.057016247336222,8.56202581996519e-16,0,12345
0.0,0.1,5,30,Donor-HCP-no-within,0.91,6.034389116155491,5.832491604227425,1.5241467433121527,0,12345
0.0,0.1,5,30,Donor-HCP-within,0.94,5.859369212593268,5.548967294808603,1.5940504491315102,0,12345
0.0,0.1,5,30,HCP,1.0,14.216583980295603,14.216583980295603,9.61416594793231e-16,0,12345
0.0,0.1,5,30,Pooling,0.95,9.175212075938909,9.175212075938909,8.373826446313467e-16,0,12345
0.0,0.1,5,30,Repeated,0.99,10.90085493403911,10.90085493403911,8.56202581996519e-16,0,12345
0.0,0.1,5,30,S-HCP-within,0.96,7.2481310815083715,6.877012066531265,1.8697068389520082,0,12345
0.0,0.1,5,30,Std-CP,0.93,6.323360246195546,5.949494791269334,1.8318212975531942,0,12345
0.0,0.1,5,30,Subsampling,0.99,11.057016247336222,11.057016247336222,8.56202581996519e-16,0,12345
0.0,0.1,5,35,Donor-HCP-no-within,0.92,6.287999908959731,6.015534377741902,1.5275712787145195,0,12345
0.0,0.1,5,35,Donor-HCP-within,0.96,6.010492751395626,5.614117871948595,1.6705514749323493,0,12345
0.0,0.1,5,35,HCP,1.0,14.216583980295603,14.216583980295603,9.61416594793231e-16,0,12345
0.0,0.1,5,35,Pooling,0.95,9.175212075938909,9.175212075938909,8.373826446313467e-16,0,12345
0.0,0.1,5,35,Repeated,0.99,10.90085493403911,10.90085493403911,8.56202581996519e-16,0,12345
0.0,0.1,5,35,S-HCP-within,0.97,7.380145257871633,7.082261623627553,1.8844585071198874,0,12345
0.0,0.1,5,35,Std-CP,0.96,6.467513815863851,6.204368609769129,2.150548931438215,0,12345
0.0,0.1,5,35,Subsampling,0.99,11.057016247336222,11.057016247336222,8.56202581996519e-16,0,12345
0.0,0.1,6,0,Donor-HCP-no-within,1.0,15.012614853678599,15.012614853678599,9.276721042310028e-16,0,12345
0.0,0.1,6,0,Donor-HCP-within,1.0,15.012614853678599,15.012614853678599,9.276721042310028e-16,0,12345
0.0,0.1,6,0,HCP,1.0,15.012614853678599,15.012614853678599,9.276721042310028e-16,0,12345
0.0,0.1,6,0,Pooling,0.97,9.700789696204893,9.700789696204893,7.574411013266429e-16,0,12345
0.0,0.1,6,0,Repeated,0.99,11.51628147136422,11.51628147136422,1.009921468435524e-15,0,12345
0.0,0.1,6,0,S-HCP-within,0.96,10.917848332673005,10.732862353527707,2.4433017958693233,0,12345
0.0,0.1,6,0,Std-CP,1.0,,,,100,12345
0.0,0.1,6,0,Subsampling,0.98,10.051918929931514,10.051918929931514,1.1005364054556626e-15,0,12345
0.0,0.1,6,5,Donor-HCP-no-within,1.0,12.204910965255147,12.629837143967109,1.1696734842557537,0,12345
0.0,0.1,6,5,Donor-HCP-within,1.0,12.03225424540638,12.42691791170651,1.0452636100716721,0,12345
0.0,0.1,6,5,HCP,1.0,15.012614853678599,15.012614853678599,9.276721042310028e-16,0,12345
0.0,0.1,6,5,Pooling,0.97,9.700789696204893,9.700789696204893,7.574411013266429e-16,0,12345
0.0,0.1,6,5,Repeated,0.99,11.51628147136422,11.51628147136422,1.009921468435524e-15,0,12345
0.0,0.1,6,5,S-HCP-within,0.95,9.572040437030822,9.477504606007933,1.181018834344659,0,12345
0.0,0.1,6,5,Std-CP,0.75,6.563123995775075,5.513918647382181,4.316349085885172,0,12345
0.0,0.1,6,5,Subsampling,0.98,10.051918929931514,10.051918929931514,1.1005364054556626e-15,0,12345
0.0,0.1,6,10,Donor-HCP-no-within,0.98,10.804464224622004,11.009747537827081,0.79560132191622,0,12345
0.0,0.1,6,10,Donor-HCP-within,0.99,10.355793021854836,10.885819727133814,1.1720332724124227,0,12345
0.0,0.1,6,10,HCP,1.0,15.012614853678599,15.012614853678599,9.276721042310028e-16,0,12345
0.0,0.1,6,10,Pooling,0.97,9.700789696204893,9.700789696204893,7.574411013266429e-16,0,12345
0.0,0.1,6,10,Repeated,0.99,11.51628147136422,11.51628147136422,1.009921468435524e-15,0,12345
0.0,0.1,6,10,S-HCP-within,0.95,9.462364642167861,9.221369135090612,0.8782267716853841,0,12345
0.0,0.1,6,10,Std-CP,0.84,85.32577468850883,11.155667300854077,488.69948957981785,0,12345
0.0,0.1,6,10,Subsampling,0.98,10.051918929931514,10.051918929931514,1.1005364054556626e-15,0,12345
0.0,0.1,6,15,Donor-HCP-no-within,0.94,9.959396298791994,10.029525733722892,0.9333509636142927,0,12345
0.0,0.1,6,15,Donor-HCP-within,0.98,8.14188092382926,8.305680673588611,0.7059786400944181,0,12345
0.0,0.1,6,15,HCP,1.0,15.012614853678599,15.012614853678599,9.276721042310028e-16,0,12345
0.0,0.1,6,15,Pooling,0.97,9.700789696204893,9.700789696204893,7.574411013266429e-16,0,12345
0.0,0.1,6,15,Repeated,0.99,11.51628147136422,11.51628147136422,1.009921468435524e-15,0,12345
0.0,0.1,6,15,S-HCP-within,0.95,9.193033898339392,9.161548975335219,0.6842351357339064,0,12345
0.0,0.1,6,15,Std-CP,0.82,9.929620048187092,7.832820108015173,8.43041458265078,0,12345
0.0,0.1,6,15,Subsampling,0.98,10.051918929931514,10.051918929931514,1.1005364054556626e-15,0,12345
0.0,0.1,6,20,Donor-HCP-no-within,0.96,9.14010861226666,9.450493337589762,0.8202105765003389,0,12345
0.0,0.1,6,20,Donor-HCP-within,0.95,6.540333092757456,6.578945220008709,0.4333597846403789,0,12345
0.0,0.1,6,20,HCP,1.0,15.012614853678599,15.012614853678599,9.276721042310028e-16,0,12345
0.0,0.1,6,20,Pooling,0.97,9.700789696204893,9.700789696204893,7.574411013266429e-16,0,12345
0.0,0.1,6,20,Repeated,0.99,11.51628147136422,11.51628147136422,1.009921468435524e-15,0,12345
0.0,0.1,6,20,S-HCP-within,0.98,8.989327125781685,8.85918175802324,0.5723416656850137,0,12345
0.0,0.1,6,20,Std-CP,0.88,7.667933929974156,7.299128512198246,3.210690433557234,0,12345
0.0,0.1,6,20,Subsampling,0.98,10.051918929931514,10.051918929931514,1.1005364054556626e-15,0,12345
0.0,0.1,6,25,Donor-HCP-no-within,0.87,6.5598154940328355,6.159833740658115,1.8576769911475568,0,12345
0.0,0.1,6,25,Donor-HCP-within,0.92,5.809244279341028,5.632597178690009,1.7473786863797225,0,12345
0.0,0.1,6,25,HCP,1.0,15.012614853678599,15.012614853678599,9.276721042310028e-16,0,12345
0.0,0.1,6,25,Pooling,0.97,9.700789696204893,9.700789696204893,7.574411013266429e-16,0,12345
0.0,0.1,6,25,Repeated,0.99,11.51628147136422,11.51628147136422,1.009921468435524e-15,0,12345
0.0,0.1,6,25,S-HCP-within,0.86,6.7510690229847405,6.515719330932197,2.1946297630034723,0,12345
0.0,0.1,6,25,Std-CP,0.9,7.027362142181228,6.472417854907704,2.570434135832417,0,12345
0.0,0.1,6,25,Subsampling,0.98,10.051918929931514,10.051918929931514,1.1005364054556626e-15,0,12345
0.0,0.1,6,30,Donor-HCP-no-within,0.84,6.1444906675871245,5.807818403661891,1.7126099930231786,0,12345
0.0,0.1,6,30,Donor-HCP-within,0.92,6.00836726029738,5.753537999939057,1.8501598547127527,0,12345
0.0,0.1,6,30,HCP,1.0,15.012614853678599,15.012614853678599,9.276721042310028e-16,0,12345
0.0,0.1,6,30,Pooling,0.97,9.700789696204893,9.700789696204893,7.574411013266429e-16,0,12345
0.0,0.1,6,30,Repeated,0.99,11.51628147136422,11.51628147136422,1.009921468435524e-15,0,12345
0.0,0.1,6,30,S-HCP-within,0.88,7.0337785114601,6.914455784312089,2.138107700958196,0,12345
0.0,0.1,6,30,Std-CP,0.92,6.980446343503306,6.658916768679369,2.242608804896261,0,12345
0.0,0.1,6,30,Subsampling,0.98,10.051918929931514,10.051918929931514,1.1005364054556626e-15,0,12345
0.0,0.1,6,35,Donor-HCP-no-within,0.86,6.331464288794332,5.950027769826242,1.752674835031287,0,12345
0.0,0.1,6,35,Donor-HCP-within,0.94,6.173554303393522,5.920312487574346,1.9096877275885522,0,12345
0.0,0.1,6,35,HCP,1.0,15.012614853678599,15.012614853678599,9.276721042310028e-16,0,12345
0.0,0.1,6,35,Pooling,0.97,9.700789696204893,9.700789696204893,7.574411013266429e-16,0,12345
0.0,0.1,6,35,Repeated,0.99,11.51628147136422,11.51628147136422,1.009921468435524e-15,0,12345
0.0,0.1,6,35,S-HCP-within,0.89,7.181264357321038,7.18374500242752,2.142395274963234,0,12345
0.0,0.1,6,35,Std-CP,0.92,6.748813096583949,6.710807329351908,2.2802531243030737,0,12345
0.0,0.1,6,35,Subsampling,0.98,10.051918929931514,10.051918929931514,1.1005364054556626e-15,0,12345
0.0,0.1,7,0,Donor-HCP-no-within,0.99,14.10043553455968,14.10043553455968,1.7853057969915868e-16,0,12345
0.0,0.1,7,0,Donor-HCP-within,0.99,14.10043553455968,14.10043553455968,1.7853057969915868e-16,0,12345
0.0,0.1,7,0,HCP,0.99,14.10043553455968,14.10043553455968,1.7853057969915868e-16,0,12345
0.0,0.1,7,0,Pooling,0.96,10.209286456779118,10.209286456779118,0.0,0,12345
0.0,0.1,7,0,Repeated,0.97,11.362596109936003,11.362596109936003,1.4722008750047665e-15,0,12345
0.0,0.1,7,0,S-HCP-within,0.94,7.2206140581408205,6.920887279581676,1.3589343330764454,0,12345
0.0,0.1,7,0,Std-CP,1.0,,,,100,12345
0.0,0.1,7,0,Subsampling,0.98,12.459043520117959,12.459043520117959,0.0,0,12345
0.0,0.1,7,5,Donor-HCP-no-within,0.98,11.920915688757873,11.856146132972752,1.7220249143363122,0,12345
0.0,0.1,7,5,Donor-HCP-within,0.98,11.638279968444474,11.220136997322683,1.4532813405292353,0,12345
0.0,0.1,7,5,HCP,0.99,14.10043553455968,14.10043553455968,1.7853057969915868e-16,0,12345
0.0,0.1,7,5,Pooling,0.96,10.209286456779118,10.209286456779118,0.0,0,12345
0.0,0.1,7,5,Repeated,0.97,11.362596109936003,11.362596109936003,1.4722008750047665e-15,0,12345
0.0,0.1,7,5,S-HCP-within,0.91,6.774470479634983,6.809802035954544,0.5027786278556845,0,12345
0.0,0.1,7,5,Std-CP,0.73,6.079718676642321,4.872444081040035,3.9916830098225127,0,12345
0.0,0.1,7,5,Subsampling,0.98,12.459043520117959,12.459043520117959,0.0,0,12345
0.0,0.1,7,10,Donor-HCP-no-within,0.97,11.369291134932187,11.194572232414375,1.9804854635015259,0,12345
0.0,0.1,7,10,Donor-HCP-within,0.97,9.629748480401865,9.368461300024366,1.1890266290450038,0,12345
0.0,0.1,7,10,HCP,0.99,14.10043553455968,14.10043553455968,1.7853057969915868e-16,0,12345
0.0,0.1,7,10,Pooling,0.96,10.209286456779118,10.209286456779118,0.0,0,12345
0.0,0.1,7,10,Repeated,0.97,11.362596109936003,11.362596109936003,1.4722008750047665e-15,0,12345
0.0,0.1,7,10,S-HCP-within,0.91,6.703744746457184,6.788285369121695,0.37019415173701836,0,12345
0.0,0.1,7,10,Std-CP,0.8,27.30968509914757,12.5749908137343,50.98814692309624,0,12345
0.0,0.1,7,10,Subsampling,0.98,12.459043520117959,12.459043520117959,0.0,0,12345
0.0,0.1,7,15,Donor-HCP-no-within,0.97,10.514708982983972,10.58344512873532,1.7991950977889106,0,12345
0.0,0.1,7,15,Donor-HCP-within,0.93,8.206331495713679,7.664867081095412,1.2825185742887741,0,12345
0.0,0.1,7,15,HCP,0.99,14.10043553455968,14.10043553455968,1.7853057969915868e-16,0,12345
0.0,0.1,7,15,Pooling,0.96,10.209286456779118,10.209286456779118,0.0,0,12345
0.0,0.1,7,15,Repeated,0.97,11.362596109936003,11.362596109936003,1.4722008750047665e-15,0,12345
0.0,0.1,7,15,S-HCP-within,0.92,6.639880265524563,6.653538743053179,0.333900359537945,0,12345
0.0,0.1,7,15,Std-CP,0.87,8.76587297930592,7.39119590407339,5.411190246455193,0,12345
0.0,0.1,7,15,Subsampling,0.98,12.459043520117959,12.459043520117959,0.0,0,12345
0.0,0.1,7,20,Donor-HCP-no-within,0.93,10.710319360507885,10.26983367678411,1.8548606916534756,0,12345
0.0,0.1,7,20,Donor-HCP-within,0.91,6.538618156772893,6.407824289462297,0.7587838587383983,0,12345
0.0,0.1,7,20,HCP,0.99,14.10043553455968,14.10043553455968,1.7853057969915868e-16,0,12345
0.0,0.1,7,20,Pooling,0.96,10.209286456779118,10.209286456779118,0.0,0,12345
0.0,0.1,7,20,Repeated,0.97,11.362596109936003,11.362596109936003,1.4722008750047665e-15,0,12345
0.0,0.1,7,20,S-HCP-within,0.93,6.555324396964178,6.591361636184292,0.24560108806019737,0,12345
0.0,0.1,7,20,Std-CP,0.96,6.512843364392927,5.980829869441724,2.672939657827769,0,12345
0.0,0.1,7,20,Subsampling,0.98,12.459043520117959,12.459043520117959,0.0,0,12345
0.0,0.1,7,25,Donor-HCP-no-within,0.93,6.3969433399501625,6.338318887819004,1.6054572281923607,0,12345
0.0,0.1,7,25,Donor-HCP-within,0.96,5.699999521718107,5.619407934794543,1.6303475033351702,0,12345
0.0,0.1,7,25,HCP,0.99,14.10043553455968,14.10043553455968,1.7853057969915868e-16,0,12345
0.0,0.1,7,25,Pooling,0.96,10.209286456779118,10.209286456779118,0.0,0,12345
0.0,0.1,7,25,Repeated,0.97,11.362596109936003,11.362596109936003,1.4722008750047665e-15,0,12345
0.0,0.1,7,25,S-HCP-within,0.96,6.745703228120591,6.593271064154791,1.8740673237577157,0,12345
0.0,0.1,7,25,Std-CP,0.94,6.508050729468447,6.375637827314019,2.1812905142628716,0,12345
0.0,0.1,7,25,Subsampling,0.98,12.459043520117959,12.459043520117959,0.0,0,12345
0.0,0.1,7,30,Donor-HCP-no-within,0.92,6.019501846070539,5.992555204087714,1.4076669021875294,0,12345
0.0,0.1,7,30,Donor-HCP-within,0.97,5.974381269423967,5.781873563303401,1.610908623168071,0,12345
0.0,0.1,7,30,HCP,0.99,14.10043553455968,14.10043553455968,1.7853057969915868e-16,0,12345
0.0,0.1,7,30,Pooling,0.96,10.209286456779118,10.209286456779118,0.0,0,12345
0.0,0.1,7,30,Repeated,0.97,11.362596109936003,11.362596109936003,1.4722008750047665e-15,0,12345
0.0,0.1,7,30,S-HCP-within,0.95,6.993046021845628,6.885355195359815,1.8670831939731696,0,12345
0.0,0.1,7,30,Std-CP,0.92,6.7796349314927635,6.2799127360407345,2.6351105941863775,0,12345
0.0,0.1,7,30,Subsampling,0.98,12.459043520117959,12.459043520117959,0.0,0,12345
0.0,0.1,7,35,Donor-HCP-no-within,0.93,6.209937619446927,6.204799921686506,1.4452697947239808,0,12345
0.0,0.1,7,35,Donor-HCP-within,0.97,6.101998863365445,5.88680376607093,1.6228749024285651,0,12345
0.0,0.1,7,35,HCP,0.99,14.10043553455968,14.10043553455968,1.7853057969915868e-16,0,12345
0.0,0.1,7,35,Pooling,0.96,10.209286456779118,10.209286456779118,0.0,0,12345
0.0,0.1,7,35,Repeated,0.97,11.362596109936003,11.362596109936003,1.4722008750047665e-15,0,12345
0.0,0.1,7,35,S-HCP-within,0.94,7.143710192780277,7.159404235018744,1.824969328726892,0,12345
0.0,0.1,7,35,Std-CP,0.96,6.3791634557193335,6.266657678362128,1.8201331845277504,0,12345
0.0,0.1,7,35,Subsampling,0.98,12.459043520117959,12.459043520117959,0.0,0,12345
0.0,0.1,8,0,Donor-HCP-no-within,1.0,14.477359226300955,14.477359226300955,8.18129895335741e-16,0,12345
0.0,0.1,8,0,Donor-HCP-within,1.0,14.477359226300955,14.477359226300955,8.18129895335741e-16,0,12345
0.0,0.1,8,0,HCP,1.0,14.477359226300955,14.477359226300955,8.18129895335741e-16,0,12345
0.0,0.1,8,0,Pooling,0.92,7.656660471941634,7.656660471941635,7.141223187966347e-16,0,12345
0.0,0.1,8,0,Repeated,0.96,9.436104202687865,9.436104202687865,6.914459619635975e-16,0,12345
0.0,0.1,8,0,S-HCP-within,0.94,9.574012057664852,9.70700129641364,1.871999021012702,0,12345
0.0,0.1,8,0,Std-CP,1.0,,,,100,12345
0.0,0.1,8,0,Subsampling,0.75,5.538499509040072,5.538499509040072,4.807082973966155e-16,0,12345
0.0,0.1,8,5,Donor-HCP-no-within,1.0,11.950741622628875,12.108014619837384,1.9513422267231495,0,12345
0.0,0.1,8,5,Donor-HCP-within,0.99,11.823379175951079,11.324855016817011,1.8420940524478706,0,12345
0.0,0.1,8,5,HCP,1.0,14.477359226300955,14.477359226300955,8.18129895335741e-16,0,12345
0.0,0.1,8,5,Pooling,0.92,7.656660471941634,7.656660471941635,7.141223187966347e-16,0,12345
0.0,0.1,8,5,Repeated,0.96,9.436104202687865,9.436104202687865,6.914459619635975e-16,0,12345
0.0,0.1,8,5,S-HCP-within,0.88,8.384444356258577,8.349925468591344,1.2228888387883807,0,12345
0.0,0.1,8,5,Std-CP,0.77,6.163645836440271,4.831047639782787,4.092962543488951,0,12345
0.0,0.1,8,5,Subsampling,0.75,5.538499509040072,5.538499509040072,4.807082973966155e-16,0,12345
0.0,0.1,8,10,Donor-HCP-no-within,0.99,10.327651268849076,10.846098315641989,2.0153956886361337,0,12345
0.0,0.1,8,10,Donor-HCP-within,0.96,8.046499536212782,7.771878821386778,1.06297941054539,0,12345
0.0,0.1,8,10,HCP,1.0,14.477359226300955,14.477359226300955,8.18129895335741e-16,0,12345
0.0,0.1,8,10,Pooling,0.92,7.656660471941634,7.656660471941635,7.141223187966347e-16,0,12345
0.0,0.1,8,10,Repeated,0.96,9.436104202687865,9.436104202687865,6.914459619635975e-16,0,12345
0.0,0.1,8,10,S-HCP-within,0.91,8.301957864809447,8.004327458099837,1.1434007874600343,0,12345
0.0,0.1,8,10,Std-CP,0.84,37.80067487821415,13.324118411839695,124.23733713991636,0,12345
0.0,0.1,8,10,Subsampling,0.75,5.538499509040072,5.538499509040072,4.807082973966155e-16,0,12345
0.0,0.1,8,15,Donor-HCP-no-within,0.92,8.957393706898904,8.821938013815494,1.826611926545312,0,12345
0.0,0.1,8,15,Donor-HCP-within,0.94,6.934225822847201,6.665374925927914,0.7709522007850774,0,12345
0.0,0.1,8,15,HCP,1.0,14.477359226300955,14.477359226300955,8.18129895335741e-16,0,12345
0.0,0.1,8,15,Pooling,0.92,7.656660471941634,7.656660471941635,7.141223187966347e-16,0,12345
0.0,0.1,8,15,Repeated,0.96,9.436104202687865,9.436104202687865,6.914459619635975e-16,0,12345
0.0,0.1,8,15,S-HCP-within,0.94,8.418574390607194,8.31262665730387,0.8554665558359221,0,12345
0.0,0.1,8,15,Std-CP,0.9,8.765042930002114,7.329010803284156,4.631660997514302,0,12345
0.0,0.1,8,15,Subsampling,0.75,5.538499509040072,5.538499509040072,4.807082973966155e-16,0,12345
0.0,0.1,8,20,Donor-HCP-no-within,0.9,8.338053107101386,7.830443934293218,1.6867426130393428,0,12345
0.0,0.1,8,20,Donor-HCP-within,0.93,5.968710006046333,5.967140577667424,0.6040837094650754,0,12345
0.0,0.1,8,20,HCP,1.0,14.477359226300955,14.477359226300955,8.18129895335741e-16,0,12345
0.0,0.1,8,20,Pooling,0.92,7.656660471941634,7.656660471941635,7.141223187966347e-16,0,12345
0.0,0.1,8,20,Repeated,0.96,9.436104202687865,9.436104202687865,6.914459619635975e-16,0,12345
0.0,0.1,8,20,S-HCP-within,0.87,7.841452444136784,7.8241744576493915,0.7448249322453512,0,12345
0.0,0.1,8,20,Std-CP,0.86,6.882283497714952,6.431936435366456,2.627959451418478,0,12345
0.0,0.1,8,20,Subsampling,0.75,5.538499509040072,5.538499509040072,4.807082973966155e-16,0,12345
0.0,0.1,8,25,Donor-HCP-no-within,0.89,6.833567688504197,6.426963937950672,2.004298440302246,0,12345
0.0,0.1,8,25,Donor-HCP-within,0.93,5.848849269442219,5.462160431170758,1.7875656628574224,0,12345
0.0,0.1,8,25,HCP,1.0,14.477359226300955,14.477359226300955,8.18129895335741e-16,0,12345
0.0,0.1,8,25,Pooling,0.92,7.656660471941634,7.656660471941635,7.141223187966347e-16,0,12345
0.0,0.1,8,25,Repeated,0.96,9.436104202687865,9.436104202687865,6.914459619635975e-16,0,12345
0.0,0.1,8,25,S-HCP-within,0.92,7.2361105334059825,6.834766837635142,2.4502605792150196,0,12345
0.0,0.1,8,25,Std-CP,0.92,6.687778264714152,6.38597439069671,2.3904923119147354,0,12345
0.0,0.1,8,25,Subsampling,0.75,5.538499509040072,5.538499509040072,4.807082973966155e-16,0,12345
0.0,0.1,8,30,Donor-HCP-no-within,0.88,6.419874650933807,6.178557143268494,1.9319008143180791,0,12345
0.0,0.1,8,30,Donor-HCP-within,0.89,5.874155678090965,5.529106362134369,1.7274825983090967,0,12345
0.0,0.1,8,30,HCP,1.0,14.477359226300955,14.477359226300955,8.18129895335741e-16,0,12345
0.0,0.1,8,30,Pooling,0.92,7.656660471941634,7.656660471941635,7.141223187966347e-16,0,12345
0.0,0.1,8,30,Repeated,0.96,9.436104202687865,9.436104202687865,6.914459619635975e-16,0,12345
0.0,0.1,8,30,S-HCP-within,0.92,7.358126280878363,7.247973467221957,2.588375990673256,0,12345
0.0,0.1,8,30,Std-CP,0.94,6.492351423470799,6.064108322209056,2.2554224876327247,0,12345
0.0,0.1,8,30,Subsampling,0.75,5.538499509040072,5.538499509040072,4.807082973966155e-16,0,12345
0.0,0.1,8,35,Donor-HCP-no-within,0.89,6.66007823670087,6.334653215138115,1.9612047450553982,0,12345
0.0,0.1,8,35,Donor-HCP-within,0.88,6.0205155114684,5.878465656143904,1.6281985708882927,0,12345
0.0,0.1,8,35,HCP,1.0,14.477359226300955,14.477359226300955,8.18129895335741e-16,0,12345
0.0,0.1,8,35,Pooling,0.92,7.656660471941634,7.656660471941635,7.141223187966347e-16,0,12345
0.0,0.1,8,35,Repeated,0.96,9.436104202687865,9.436104202687865,6.914459619635975e-16,0,12345
0.0,0.1,8,35,S-HCP-within,0.93,7.641407320197732,7.535673910057356,2.3906407193883004,0,12345
0.0,0.1,8,35,Std-CP,0.91,6.789456370485144,6.408844368821546,2.160851638463927,0,12345
0.0,0.1,8,35,Subsampling,0.75,5.538499509040072,5.538499509040072,4.807082973966155e-16,0,12345
0.0,0.1,9,0,Donor-HCP-no-within,0.93,13.13886050458881,13.13886050458881,1.1570103937666858e-15,0,12345
0.0,0.1,9,0,Donor-HCP-within,0.93,13.13886050458881,13.13886050458881,1.1570103937666858e-15,0,12345
0.0,0.1,9,0,HCP,0.93,13.13886050458881,13.13886050458881,1.1570103937666858e-15,0,12345
0.0,0.1,9,0,Pooling,0.8,9.520858446260185,9.520858446260185,1.636259790671482e-15,0,12345
0.0,0.1,9,0,Repeated,0.9,11.190352956493477,11.190352956493477,6.43701159343627e-16,0,12345
0.0,0.1,9,0,S-HCP-within,0.94,9.217894310642194,9.24066652090675,2.0194242941085356,0,12345
0.0,0.1,9,0,Std-CP,1.0,,,,100,12345
0.0,0.1,9,0,Subsampling,0.93,13.022663041933942,13.022663041933942,1.1570103937666858e-15,0,12345
0.0,0.1,9,5,Donor-HCP-no-within,0.93,10.43740530577448,8.745146809167295,3.2104653062264017,0,12345
0.0,0.1,9,5,Donor-HCP-within,0.9,9.23214847000322,8.239528635101742,2.1406210605893765,0,12345
0.0,0.1,9,5,HCP,0.93,13.13886050458881,13.13886050458881,1.1570103937666858e-15,0,12345
0.0,0.1,9,5,Pooling,0.8,9.520858446260185,9.520858446260185,1.636259790671482e-15,0,12345
0.0,0.1,9,5,Repeated,0.9,11.190352956493477,11.190352956493477,6.43701159343627e-16,0,12345
0.0,0.1,9,5,S-HCP-within,0.9,8.438383401122522,8.596333409779435,0.7976290262931357,0,12345
0.0,0.1,9,5,Std-CP,0.69,5.480270141013229,4.6100146139504865,3.4056038906710486,0,12345
0.0,0.1,9,5,Subsampling,0.93,13.022663041933942,13.022663041933942,1.1570103937666858e-15,0,12345
0.0,0.1,9,10,Donor-HCP-no-within,0.88,9.17173004278781,8.128061499029883,2.721634773099581,0,12345
0.0,0.1,9,10,Donor-HCP-within,0.91,8.745427304525203,8.098250247430691,1.9213298406539165,0,12345
0.0,0.1,9,10,HCP,0.93,13.13886050458881,13.13886050458881,1.1570103937666858e-15,0,12345
0.0,0.1,9,10,Pooling,0.8,9.520858446260185,9.520858446260185,1.636259790671482e-15,0,12345
0.0,0.1,9,10,Repeated,0.9,11.190352956493477,11.190352956493477,6.43701159343627e-16,0,12345
0.0,0.1,9,10,S-HCP-within,0.89,8.497719621198053,8.596333409779437,0.49909934021862756,0,12345
0.0,0.1,9,10,Std-CP,0.85,33.452565977821855,14.596782078347022,71.99392675388115,0,12345
0.0,0.1,9,10,Subsampling,0.93,13.022663041933942,13.022663041933942,1.1570103937666858e-15,0,12345
0.0,0.1,9,15,Donor-HCP-no-within,0.84,9.375537925872186,8.048258847484766,3.0021002107411388,0,12345
0.0,0.1,9,15,Donor-HCP-within,0.84,6.965187721741542,6.268522105999999,1.5000378562358552,0,12345
0.0,0.1,9,15,HCP,0.93,13.13886050458881,13.13886050458881,1.1570103937666858e-15,0,12345
0.0,0.1,9,15,Pooling,0.8,9.520858446260185,9.520858446260185,1.636259790671482e-15,0,12345
0.0,0.1,9,15,Repeated,0.9,11.190352956493477,11.190352956493477,6.43701159343627e-16,0,12345
0.0,0.1,9,15,S-HCP-within,0.91,8.488417172438727,8.560657318647309,0.36666343316794425,0,12345
0.0,0.1,9,15,Std-CP,0.87,8.849069907705275,7.4527702466667405,6.156551152224279,0,12345
0.0,0.1,9,15,Subsampling,0.93,13.022663041933942,13.022663041933942,1.1570103937666858e-15,0,12345
0.0,0.1,9,20,Donor-HCP-no-within,0.86,8.740084484094515,7.491314296915622,2.937636992831601,0,12345
0.0,0.1,9,20,Donor-HCP-within,0.84,5.743179576730561,5.1492312731273415,1.268133281047576,0,12345
0.0,0.1,9,20,HCP,0.93,13.13886050458881,13.13886050458881,1.1570103937666858e-15,0,12345
0.0,0.1,9,20,Pooling,0.8,9.520858446260185,9.520858446260185,1.636259790671482e-15,0,12345
0.0,0.1,9,20,Repeated,0.9,11.190352956493477,11.190352956493477,6.43701159343627e-16,0,12345
0.0,0.1,9,20,S-HCP-within,0.9,8.302820996000161,8.341591412081378,0.3772598340009421,0,12345
0.0,0.1,9,20,Std-CP,0.86,6.204099211211156,5.776446395105312,2.336806388119412,0,12345
0.0,0.1,9,20,Subsampling,0.93,13.022663041933942,13.022663041933942,1.1570103937666858e-15,0,12345
0.0,0.1,9,25,Donor-HCP-no-within,0.83,6.761213597742782,6.4949903587837134,2.3016804063449303,0,12345
0.0,0.1,9,25,Donor-HCP-within,0.88,5.757881431828757,5.661823621787783,1.6931829197695487,0,12345
0.0,0.1,9,25,HCP,0.93,13.13886050458881,13.13886050458881,1.1570103937666858e-15,0,12345
0.0,0.1,9,25,Pooling,0.8,9.520858446260185,9.520858446260185,1.636259790671482e-15,0,12345
0.0,0.1,9,25,Repeated,0.9,11.190352956493477,11.190352956493477,6.43701159343627e-16,0,12345
0.0,0.1,9,25,S-HCP-within,0.84,7.1351084061852665,6.914005610548592,2.583663603096327,0,12345
0.0,0.1,9,25,Std-CP,0.89,6.882454189271165,6.557887401142375,2.6312502898235763,0,12345
0.0,0.1,9,25,Subsampling,0.93,13.022663041933942,13.022663041933942,1.1570103937666858e-15,0,12345
0.0,0.1,9,30,Donor-HCP-no-within,0.81,6.377665251273408,5.953926868936631,2.1461535069093935,0,12345
0.0,0.1,9,30,Donor-HCP-within,0.9,6.1083519520016285,5.6460291709855035,1.9113470594653805,0,12345
0.0,0.1,9,30,HCP,0.93,13.13886050458881,13.13886050458881,1.1570103937666858e-15,0,12345
0.0,0.1,9,30,Pooling,0.8,9.520858446260185,9.520858446260185,1.636259790671482e-15,0,12345
0.0,0.1,9,30,Repeated,0.9,11.190352956493477,11.190352956493477,6.43701159343627e-16,0,12345
0.0,0.1,9,30,S-HCP-within,0.89,7.473362241278027,7.183696689005896,2.77137240934942,0,12345
0.0,0.1,9,30,Std-CP,0.9,6.566437541462385,6.354984407496586,2.2992632705562923,0,12345
0.0,0.1,9,30,Subsampling,0.93,13.022663041933942,13.022663041933942,1.1570103937666858e-15,0,12345
0.0,0.1,9,35,Donor-HCP-no-within,0.83,6.550192982942192,6.175067820254775,2.100076011848294,0,12345
0.0,0.1,9,35,Donor-HCP-within,0.92,6.220382264044483,5.733461433877249,1.9716928558424336,0,12345
0.0,0.1,9,35,HCP,0.93,13.13886050458881,13.13886050458881,1.1570103937666858e-15,0,12345
0.0,0.1,9,35,Pooling,0.8,9.520858446260185,9.520858446260185,1.636259790671482e-15,0,12345
0.0,0.1,9,35,Repeated,0.9,11.190352956493477,11.190352956493477,6.43701159343627e-16,0,12345
0.0,0.1,9,35,S-HCP-within,0.92,7.632248235533279,7.350574346021466,2.779793343983726,0,12345
0.0,0.1,9,35,Std-CP,0.92,6.552079363851376,6.1738723576547105,1.78711585402344,0,12345
0.0,0.1,9,35,Subsampling,0.93,13.022663041933942,13.022663041933942,1.1570103937666858e-15,0,12345
0.0,0.1,10,0,Donor-HCP-no-within,0.98,11.602602097789791,11.602602097789791,0.0,0,12345
0.0,0.1,10,0,Donor-HCP-within,0.98,11.602602097789791,11.602602097789791,0.0,0,12345
0.0,0.1,10,0,HCP,0.98,11.602602097789791,11.602602097789791,0.0,0,12345
0.0,0.1,10,0,Pooling,0.91,7.84956300492334,7.84956300492334,0.0,0,12345
0.0,0.1,10,0,Repeated,0.94,9.363500991007022,9.363500991007022,1.2239439900268025e-15,0,12345
0.0,0.1,10,0,S-HCP-within,0.95,8.212086629877524,8.469780707370814,1.8027599657483435,0,12345
0.0,0.1,10,0,Std-CP,1.0,,,,100,12345
0.0,0.1,10,0,Subsampling,0.96,10.523831703519683,10.523831703519683,0.0,0,12345
0.0,0.1,10,5,Donor-HCP-no-within,0.96,11.297471038074685,11.26817868564126,1.1446540458000842,0,12345
0.0,0.1,10,5,Donor-HCP-within,0.96,9.85764497624497,9.733230976014418,1.0383566804452171,0,12345
0.0,0.1,10,5,HCP,0.98,11.602602097789791,11.602602097789791,0.0,0,12345
0.0,0.1,10,5,Pooling,0.91,7.84956300492334,7.84956300492334,0.0,0,12345
0.0,0.1,10,5,Repeated,0.94,9.363500991007022,9.363500991007022,1.2239439900268025e-15,0,12345
0.0,0.1,10,5,S-HCP-within,0.96,7.3229483729499725,7.170436631136184,0.9523849337102409,0,12345
0.0,0.1,10,5,Std-CP,0.77,5.656935193521661,4.978211966709749,3.064756639233201,0,12345
0.0,0.1,10,5,Subsampling,0.96,10.523831703519683,10.523831703519683,0.0,0,12345
0.0,0.1,10,10,Donor-HCP-no-within,0.95,10.088358911357117,9.77553417061516,0.9457807150449704,0,12345
0.0,0.1,10,10,Donor-HCP-within,0.97,8.317535545768623,8.170068248032273,0.6463421642546209,0,12345
0.0,0.1,10,10,HCP,0.98,11.602602097789791,11.602602097789791,0.0,0,12345
0.0,0.1,10,10,Pooling,0.91,7.84956300492334,7.84956300492334,0.0,0,12345
0.0,0.1,10,10,Repeated,0.94,9.363500991007022,9.363500991007022,1.2239439900268025e-15,0,12345
0.0,0.1,10,10,S-HCP-within,0.96,7.296974242347497,7.170436631136184,0.7628699246736962,0,12345
0.0,0.1,10,10,Std-CP,0.84,42.01114491515221,14.693505093010106,90.562149412515,0,12345
0.0,0.1,10,10,Subsampling,0.96,10.523831703519683,10.523831703519683,0.0,0,12345
0.0,0.1,10,15,Donor-HCP-no-within,0.94,9.223275651359986,9.078599760929258,0.9759860019094152,0,12345
0.0,0.1,10,15,Donor-HCP-within,0.94,7.461422215127649,7.404227415618255,0.619117575109674,0,12345
0.0,0.1,10,15,HCP,0.98,11.602602097789791,11.602602097789791,0.0,0,12345
0.0,0.1,10,15,Pooling,0.91,7.84956300492334,7.84956300492334,0.0,0,12345
0.0,0.1,10,15,Repeated,0.94,9.363500991007022,9.363500991007022,1.2239439900268025e-15,0,12345
0.0,0.1,10,15,S-HCP-within,0.98,7.1610949065061265,7.055278142231344,0.6583064968579917,0,12345
0.0,0.1,10,15,Std-CP,0.94,9.03050058839307,7.888244889652373,4.437300213890615,0,12345
0.0,0.1,10,15,Subsampling,0.96,10.523831703519683,10.523831703519683,0.0,0,12345
0.0,0.1,10,20,Donor-HCP-no-within,0.93,8.411928195672715,8.146518195969758,1.1922501708402569,0,12345
0.0,0.1,10,20,Donor-HCP-within,0.97,6.091263243335257,6.073251052322888,0.3714510458383726,0,12345
0.0,0.1,10,20,HCP,0.98,11.602602097789791,11.602602097789791,0.0,0,12345
0.0,0.1,10,20,Pooling,0.91,7.84956300492334,7.84956300492334,0.0,0,12345
0.0,0.1,10,20,Repeated,0.94,9.363500991007022,9.363500991007022,1.2239439900268025e-15,0,12345
0.0,0.1,10,20,S-HCP-within,0.95,6.840387371891565,6.831317725591586,0.5356206028752508,0,12345
0.0,0.1,10,20,Std-CP,0.91,6.873509524327688,6.323799851536164,2.8111179501171266,0,12345
0.0,0.1,10,20,Subsampling,0.96,10.523831703519683,10.523831703519683,0.0,0,12345
0.0,0.1,10,25,Donor-HCP-no-within,0.93,6.613250521473675,6.573716045641266,1.7253708311268632,0,12345
0.0,0.1,10,25,Donor-HCP-within,0.92,5.518562056780911,5.080681055740978,1.61346353972377,0,12345
0.0,0.1,10,25,HCP,0.98,11.602602097789791,11.602602097789791,0.0,0,12345
0.0,0.1,10,25,Pooling,0.91,7.84956300492334,7.84956300492334,0.0,0,12345
0.0,0.1,10,25,Repeated,0.94,9.363500991007022,9.363500991007022,1.2239439900268025e-15,0,12345
0.0,0.1,10,25,S-HCP-within,0.91,6.761244276022377,6.734716861676661,1.7675379287405393,0,12345
0.0,0.1,10,25,Std-CP,0.97,6.69228428590253,6.303871200695475,2.229090261924751,0,12345
0.0,0.1,10,25,Subsampling,0.96,10.523831703519683,10.523831703519683,0.0,0,12345
0.0,0.1,10,30,Donor-HCP-no-within,0.9,6.135548903939176,6.102114843333985,1.6000992195539014,0,12345
0.0,0.1,10,30,Donor-HCP-within,0.94,5.589975071086807,5.19280465882287,1.6765147132788125,0,12345
0.0,0.1,10,30,HCP,0.98,11.602602097789791,11.602602097789791,0.0,0,12345
0.0,0.1,10,30,Pooling,0.91,7.84956300492334,7.84956300492334,0.0,0,12345
0.0,0.1,10,30,Repeated,0.94,9.363500991007022,9.363500991007022,1.2239439900268025e-15,0,12345
0.0,0.1,10,30,S-HCP-within,0.91,6.839718816701913,6.679623557295178,1.7808739674270522,0,12345
0.0,0.1,10,30,Std-CP,0.95,6.347005317520608,5.996260855475608,2.1228327977185932,0,12345
0.0,0.1,10,30,Subsampling,0.96,10.523831703519683,10.523831703519683,0.0,0,12345
0.0,0.1,10,35,Donor-HCP-no-within,0.93,6.398565429412018,6.3122087091057555,1.5791219440544997,0,12345
0.0,0.1,10,35,Donor-HCP-within,0.97,5.89107482737932,5.765226651515967,1.6021425180898057,0,12345
0.0,0.1,10,35,HCP,0.98,11.602602097789791,11.602602097789791,0.0,0,12345
0.0,0.1,10,35,Pooling,0.91,7.84956300492334,7.84956300492334,0.0,0,12345
0.0,0.1,10,35,Repeated,0.94,9.363500991007022,9.363500991007022,1.2239439900268025e-15,0,12345
0.0,0.1,10,35,S-HCP-within,0.98,7.232766817722196,6.678296353266628,1.9747962816992037,0,12345
0.0,0.1,10,35,Std-CP,0.98,6.579066619284023,6.334393979611434,2.0346837915098344,0,12345
0.0,0.1,10,35,Subsampling,0.96,10.523831703519683,10.523831703519683,0.0,0,12345
0.0,0.1,11,0,Donor-HCP-no-within,0.99,13.110385807114458,13.110385807114458,1.6556244859096878e-15,0,12345
0.0,0.1,11,0,Donor-HCP-within,0.99,13.110385807114458,13.110385807114458,1.6556244859096878e-15,0,12345
0.0,0.1,11,0,HCP,0.99,13.110385807114458,13.110385807114458,1.6556244859096878e-15,0,12345
0.0,0.1,11,0,Pooling,0.97,9.281225416523485,9.281225416523485,1.6067752172924281e-15,0,12345
0.0,0.1,11,0,Repeated,0.99,10.856100830117645,10.856100830117645,1.6067752172924281e-15,0,12345
0.0,0.1,11,0,S-HCP-within,0.87,8.044740583793825,7.967917002826346,1.4144360896529709,0,12345
0.0,0.1,11,0,Std-CP,1.0,,,,100,12345
0.0,0.1,11,0,Subsampling,0.88,7.212836314466996,7.212836314466996,1.4640596095955288e-15,0,12345
0.0,0.1,11,5,Donor-HCP-no-within,0.98,9.509566639725083,9.44068262064524,1.0824302281180407,0,12345
0.0,0.1,11,5,Donor-HCP-within,0.99,9.263267105019606,8.988701304604021,0.8312656349412906,0,12345
0.0,0.1,11,5,HCP,0.99,13.110385807114458,13.110385807114458,1.6556244859096878e-15,0,12345
0.0,0.1,11,5,Pooling,0.97,9.281225416523485,9.281225416523485,1.6067752172924281e-15,0,12345
0.0,0.1,11,5,Repeated,0.99,10.856100830117645,10.856100830117645,1.6067752172924281e-15,0,12345
0.0,0.1,11,5,S-HCP-within,0.87,7.575450535450401,7.438405446955563,0.6466192151507126,0,12345
0.0,0.1,11,5,Std-CP,0.82,6.18771439004829,5.507800602128158,4.0755579403212145,0,12345
0.0,0.1,11,5,Subsampling,0.88,7.212836314466996,7.212836314466996,1.4640596095955288e-15,0,12345
0.0,0.1,11,10,Donor-HCP-no-within,0.97,8.644739552452787,8.295287560340665,0.8643360687555969,0,12345
0.0,0.1,11,10,Donor-HCP-within,0.98,7.97982925664536,7.897434037289184,0.6790291515085582,0,12345
0.0,0.1,11,10,HCP,0.99,13.110385807114458,13.110385807114458,1.6556244859096878e-15,0,12345
0.0,0.1,11,10,Pooling,0.97,9.281225416523485,9.281225416523485,1.6067752172924281e-15,0,12345
0.0,0.1,11,10,Repeated,0.99,10.856100830117645,10.856100830117645,1.6067752172924281e-15,0,12345
0.0,0.1,11,10,S-HCP-within,0.88,7.586789513845308,7.438405446955564,0.664136017257537,0,12345
0.0,0.1,11,10,Std-CP,0.78,83.94539684344144,11.21191960210454,414.6816755379303,0,12345
0.0,0.1,11,10,Subsampling,0.88,7.212836314466996,7.212836314466996,1.4640596095955288e-15,0,12345
0.0,0.1,11,15,Donor-HCP-no-within,0.96,8.072144926905596,7.8696193972346755,0.6483518027006722,0,12345
0.0,0.1,11,15,Donor-HCP-within,0.97,6.7808089824017115,6.646538981201552,0.5297527002696651,0,12345
0.0,0.1,11,15,HCP,0.99,13.110385807114458,13.110385807114458,1.6556244859096878e-15,0,12345
0.0,0.1,11,15,Pooling,0.97,9.281225416523485,9.281225416523485,1.6067752172924281e-15,0,12345
0.0,0.1,11,15,Repeated,0.99,10.856100830117645,10.856100830117645,1.6067752172924281e-15,0,12345
0.0,0.1,11,15,S-HCP-within,0.87,7.488497725048157,7.303740520878975,0.4925615740074769,0,12345
0.0,0.1,11,15,Std-CP,0.9,9.12414489855041,7.406206137142011,6.387944853759716,0,12345
0.0,0.1,11,15,Subsampling,0.88,7.212836314466996,7.212836314466996,1.4640596095955288e-15,0,12345
0.0,0.1,11,20,Donor-HCP-no-within,0.96,7.515019875702485,7.287895589727752,0.864889550107329,0,12345
0.0,0.1,11,20,Donor-HCP-within,0.96,5.972244336522876,6.005785891747072,0.4169919123799116,0,12345
0.0,0.1,11,20,HCP,0.99,13.110385807114458,13.110385807114458,1.6556244859096878e-15,0,12345
0.0,0.1,11,20,Pooling,0.97,9.281225416523485,9.281225416523485,1.6067752172924281e-15,0,12345
0.0,0.1,11,20,Repeated,0.99,10.856100830117645,10.856100830117645,1.6067752172924281e-15,0,12345
0.0,0.1,11,20,S-HCP-within,0.86,7.3921346402459935,7.293380864903515,0.43526295592043424,0,12345
0.0,0.1,11,20,Std-CP,0.94,7.456868337416347,7.266218913169423,2.8045352639639343,0,12345
0.0,0.1,11,20,Subsampling,0.88,7.212836314466996,7.212836314466996,1.4640596095955288e-15,0,12345
0.0,0.1,11,25,Donor-HCP-no-within,0.93,6.726422212742617,6.573066434240013,1.7308710620614918,0,12345
0.0,0.1,11,25,Donor-HCP-within,0.97,5.638025394539678,5.406971975560579,1.5873729306256057,0,12345
0.0,0.1,11,25,HCP,0.99,13.110385807114458,13.110385807114458,1.6556244859096878e-15,0,12345
0.0,0.1,11,25,Pooling,0.97,9.281225416523485,9.281225416523485,1.6067752172924281e-15,0,12345
0.0,0.1,11,25,Repeated,0.99,10.856100830117645,10.856100830117645,1.6067752172924281e-15,0,12345
0.0,0.1,11,25,S-HCP-within,0.92,6.810026913242041,6.559918206992908,1.9476164211850229,0,12345
0.0,0.1,11,25,Std-CP,0.96,6.8375205091321725,6.394696145412197,2.3242220448728164,0,12345
0.0,0.1,11,25,Subsampling,0.88,7.212836314466996,7.212836314466996,1.4640596095955288e-15,0,12345
0.0,0.1,11,30,Donor-HCP-no-within,0.92,6.272563310841937,6.282350810752645,1.588593862955548,0,12345
0.0,0.1,11,30,Donor-HCP-within,0.96,6.096861750574276,5.829803698348669,1.9255081925770146,0,12345
0.0,0.1,11,30,HCP,0.99,13.110385807114458,13.110385807114458,1.6556244859096878e-15,0,12345
0.0,0.1,11,30,Pooling,0.97,9.281225416523485,9.281225416523485,1.6067752172924281e-15,0,12345
0.0,0.1,11,30,Repeated,0.99,10.856100830117645,10.856100830117645,1.6067752172924281e-15,0,12345
0.0,0.1,11,30,S-HCP-within,0.96,7.181094329139909,6.998624396996498,2.05617103907865,0,12345
0.0,0.1,11,30,Std-CP,0.94,6.405022896771666,6.119264967015183,1.841986916678978,0,12345
0.0,0.1,11,30,Subsampling,0.88,7.212836314466996,7.212836314466996,1.4640596095955288e-15,0,12345
0.0,0.1,11,35,Donor-HCP-no-within,0.92,6.460374017037701,6.412485676528394,1.621663701148766,0,12345
0.0,0.1,11,35,Donor-HCP-within,0.99,6.299764753782633,5.991942221879979,1.852447538431828,0,12345
0.0,0.1,11,35,HCP,0.99,13.110385807114458,13.110385807114458,1.6556244859096878e-15,0,12345
0.0,0.1,11,35,Pooling,0.97,9.281225416523485,9.281225416523485,1.6067752172924281e-15,0,12345
0.0,0.1,11,35,Repeated,0.99,10.856100830117645,10.856100830117645,1.6067752172924281e-15,0,12345
0.0,0.1,11,35,S-HCP-within,0.97,7.442138038183758,7.198983898710217,2.032438259945788,0,12345
0.0,0.1,11,35,Std-CP,0.99,6.632348633965345,6.342845812528367,2.0752545387602845,0,12345
0.0,0.1,11,35,Subsampling,0.88,7.212836314466996,7.212836314466996,1.4640596095955288e-15,0,12345
0.0,0.1,12,0,Donor-HCP-no-within,0.94,8.660068035673458,8.660068035673458,6.914459619635975e-16,0,12345
0.0,0.1,12,0,Donor-HCP-within,0.94,8.660068035673458,8.660068035673458,6.914459619635975e-16,0,12345
0.0,0.1,12,0,HCP,0.94,8.660068035673458,8.660068035673458,6.914459619635975e-16,0,12345
0.0,0.1,12,0,Pooling,0.88,6.562223781114714,6.562223781114714,1.0177808980084189e-15,0,12345
0.0,0.1,12,0,Repeated,0.89,7.006091853846855,7.006091853846854,8.791611463646201e-16,0,12345
0.0,0.1,12,0,S-HCP-within,0.91,7.54696778037842,7.4240751417270605,1.781064249415224,0,12345
0.0,0.1,12,0,Std-CP,1.0,,,,100,12345
0.0,0.1,12,0,Subsampling,0.88,6.562223781114714,6.562223781114714,1.0177808980084189e-15,0,12345
0.0,0.1,12,5,Donor-HCP-no-within,0.93,8.45787487689474,8.26866976234356,0.644598034517074,0,12345
0.0,0.1,12,5,Donor-HCP-within,0.94,7.878166605114908,7.760612218614234,0.5722692462748276,0,12345
0.0,0.1,12,5,HCP,0.94,8.660068035673458,8.660068035673458,6.914459619635975e-16,0,12345
0.0,0.1,12,5,Pooling,0.88,6.562223781114714,6.562223781114714,1.0177808980084189e-15,0,12345
0.0,0.1,12,5,Repeated,0.89,7.006091853846855,7.006091853846854,8.791611463646201e-16,0,12345
0.0,0.1,12,5,S-HCP-within,0.89,7.034750900481704,7.026236029436497,0.9057943429306881,0,12345
0.0,0.1,12,5,Std-CP,0.76,6.035329116347205,5.208342961181664,3.7282804380166876,0,12345
0.0,0.1,12,5,Subsampling,0.88,6.562223781114714,6.562223781114714,1.0177808980084189e-15,0,12345
0.0,0.1,12,10,Donor-HCP-no-within,0.92,7.8092649023479,7.786623814549387,0.695034755794831,0,12345
0.0,0.1,12,10,Donor-HCP-within,0.94,7.137348649475851,7.098480866164966,0.3482706900966734,0,12345
0.0,0.1,12,10,HCP,0.94,8.660068035673458,8.660068035673458,6.914459619635975e-16,0,12345
0.0,0.1,12,10,Pooling,0.88,6.562223781114714,6.562223781114714,1.0177808980084189e-15,0,12345
0.0,0.1,12,10,Repeated,0.89,7.006091853846855,7.006091853846854,8.791611463646201e-16,0,12345
0.0,0.1,12,10,S-HCP-within,0.89,6.923454773827088,6.62865155977768,0.8696952123075571,0,12345
0.0,0.1,12,10,Std-CP,0.82,29.58487260171213,14.323270285018332,48.40109785488272,0,12345
0.0,0.1,12,10,Subsampling,0.88,6.562223781114714,6.562223781114714,1.0177808980084189e-15,0,12345
0.0,0.1,12,15,Donor-HCP-no-within,0.92,7.39677128045297,7.545771999842195,0.8875293381313925,0,12345
0.0,0.1,12,15,Donor-HCP-within,0.92,6.0381574747880045,5.761586889589674,0.4903810489221939,0,12345
0.0,0.1,12,15,HCP,0.94,8.660068035673458,8.660068035673458,6.914459619635975e-16,0,12345
0.0,0.1,12,15,Pooling,0.88,6.562223781114714,6.562223781114714,1.0177808980084189e-15,0,12345
0.0,0.1,12,15,Repeated,0.89,7.006091853846855,7.006091853846854,8.791611463646201e-16,0,12345
0.0,0.1,12,15,S-HCP-within,0.88,6.864411218251214,6.62865155977768,0.6320913276077825,0,12345
0.0,0.1,12,15,Std-CP,0.91,8.873538728983052,7.376390544384382,4.9337892146815765,0,12345
0.0,0.1,12,15,Subsampling,0.88,6.562223781114714,6.562223781114714,1.0177808980084189e-15,0,12345
0.0,0.1,12,20,Donor-HCP-no-within,0.86,6.798697241536129,6.450799684013644,0.8903264937725808,0,12345
0.0,0.1,12,20,Donor-HCP-within,0.92,5.078506086270539,4.9988329511519805,0.34310141990818266,0,12345
0.0,0.1,12,20,HCP,0.94,8.660068035673458,8.660068035673458,6.914459619635975e-16,0,12345
0.0,0.1,12,20,Pooling,0.88,6.562223781114714,6.562223781114714,1.0177808980084189e-15,0,12345
0.0,0.1,12,20,Repeated,0.89,7.006091853846855,7.006091853846854,8.791611463646201e-16,0,12345
0.0,0.1,12,20,S-HCP-within,0.88,6.653633313962172,6.456610816677241,0.5566756967058439,0,12345
0.0,0.1,12,20,Std-CP,0.92,6.8521112727738815,6.36650934032638,2.789307009421238,0,12345
0.0,0.1,12,20,Subsampling,0.88,6.562223781114714,6.562223781114714,1.0177808980084189e-15,0,12345
0.0,0.1,12,25,Donor-HCP-no-within,0.94,6.718789095085716,5.796512672758384,3.0508409349301098,0,12345
0.0,0.1,12,25,Donor-HCP-within,0.96,5.717209195479054,5.2892413950538515,1.7440828946671616,0,12345
0.0,0.1,12,25,HCP,0.94,8.660068035673458,8.660068035673458,6.914459619635975e-16,0,12345
0.0,0.1,12,25,Pooling,0.88,6.562223781114714,6.562223781114714,1.0177808980084189e-15,0,12345
0.0,0.1,12,25,Repeated,0.89,7.006091853846855,7.006091853846854,8.791611463646201e-16,0,12345
0.0,0.1,12,25,S-HCP-within,0.94,7.174598724803593,6.19211249049374,3.4411581272617817,0,12345
0.0,0.1,12,25,Std-CP,0.97,6.868059278247845,6.512581421666805,2.531465599794127,0,12345
0.0,0.1,12,25,Subsampling,0.88,6.562223781114714,6.562223781114714,1.0177808980084189e-15,0,12345
0.0,0.1,12,30,Donor-HCP-no-within,0.92,6.364809965307824,5.6779756966397,2.86713589612946,0,12345
0.0,0.1,12,30,Donor-HCP-within,0.96,5.871230627916634,5.520756354668175,1.795180700583137,0,12345
0.0,0.1,12,30,HCP,0.94,8.660068035673458,8.660068035673458,6.914459619635975e-16,0,12345
0.0,0.1,12,30,Pooling,0.88,6.562223781114714,6.562223781114714,1.0177808980084189e-15,0,12345
0.0,0.1,12,30,Repeated,0.89,7.006091853846855,7.006091853846854,8.791611463646201e-16,0,12345
0.0,0.1,12,30,S-HCP-within,0.96,7.293209129704759,6.5766482339392915,3.317813814394998,0,12345
0.0,0.1,12,30,Std-CP,0.96,6.343059622103334,6.243288403921392,1.8400172389082639,0,12345
0.0,0.1,12,30,Subsampling,0.88,6.562223781114714,6.562223781114714,1.0177808980084189e-15,0,12345
0.0,0.1,12,35,Donor-HCP-no-within,0.93,6.583632491725253,5.849997229775759,3.0016543665187276,0,12345
0.0,0.1,12,35,Donor-HCP-within,0.97,6.06505158241557,5.78609105250509,1.7847770520457926,0,12345
0.0,0.1,12,35,HCP,0.94,8.660068035673458,8.660068035673458,6.914459619635975e-16,0,12345
0.0,0.1,12,35,Pooling,0.88,6.562223781114714,6.562223781114714,1.0177808980084189e-15,0,12345
0.0,0.1,12,35,Repeated,0.89,7.006091853846855,7.006091853846854,8.791611463646201e-16,0,12345
0.0,0.1,12,35,S-HCP-within,0.96,7.5533493251342545,6.708630042523641,3.317022652157752,0,12345
0.0,0.1,12,35,Std-CP,0.95,6.188941689821806,5.704029705021664,1.801727620819098,0,12345
0.0,0.1,12,35,Subsampling,0.88,6.562223781114714,6.562223781114714,1.0177808980084189e-15,0,12345
0.0,0.1,13,0,Donor-HCP-no-within,0.96,8.25587551863821,8.25587551863821,1.3360005245927818e-15,0,12345
0.0,0.1,13,0,Donor-HCP-within,0.96,8.25587551863821,8.25587551863821,1.3360005245927818e-15,0,12345
0.0,0.1,13,0,HCP,0.96,8.25587551863821,8.25587551863821,1.3360005245927818e-15,0,12345
0.0,0.1,13,0,Pooling,0.83,5.392245922915956,5.392245922915956,1.350828953484428e-15,0,12345
0.0,0.1,13,0,Repeated,0.88,5.877436658336928,5.877436658336929,1.3027840151080165e-15,0,12345
0.0,0.1,13,0,S-HCP-within,0.9,8.37748764736425,8.141664033648532,2.0898803718549486,0,12345
0.0,0.1,13,0,Std-CP,1.0,,,,100,12345
0.0,0.1,13,0,Subsampling,0.97,9.51487047011824,9.51487047011824,8.56202581996519e-16,0,12345
0.0,0.1,13,5,Donor-HCP-no-within,0.97,8.57891095700453,8.638650617189796,0.6153455947526707,0,12345
0.0,0.1,13,5,Donor-HCP-within,0.95,8.594041997260437,8.753248225309079,0.5361389894852859,0,12345
0.0,0.1,13,5,HCP,0.96,8.25587551863821,8.25587551863821,1.3360005245927818e-15,0,12345
0.0,0.1,13,5,Pooling,0.83,5.392245922915956,5.392245922915956,1.350828953484428e-15,0,12345
0.0,0.1,13,5,Repeated,0.88,5.877436658336928,5.877436658336929,1.3027840151080165e-15,0,12345
0.0,0.1,13,5,S-HCP-within,0.9,7.48576474982558,7.472217570205856,0.7591705101331048,0,12345
0.0,0.1,13,5,Std-CP,0.69,5.302845623111733,4.230219668756213,4.322487462094639,0,12345
0.0,0.1,13,5,Subsampling,0.97,9.51487047011824,9.51487047011824,8.56202581996519e-16,0,12345
0.0,0.1,13,10,Donor-HCP-no-within,0.93,7.58190419955974,7.586117942484769,0.37829754103197955,0,12345
0.0,0.1,13,10,Donor-HCP-within,0.92,6.525617560557463,6.577271548467554,0.25872646635580154,0,12345
0.0,0.1,13,10,HCP,0.96,8.25587551863821,8.25587551863821,1.3360005245927818e-15,0,12345
0.0,0.1,13,10,Pooling,0.83,5.392245922915956,5.392245922915956,1.350828953484428e-15,0,12345
0.0,0.1,13,10,Repeated,0.88,5.877436658336928,5.877436658336929,1.3027840151080165e-15,0,12345
0.0,0.1,13,10,S-HCP-within,0.92,7.479733972781588,7.305487870190751,0.6756833829114752,0,12345
0.0,0.1,13,10,Std-CP,0.86,26.31527071197869,14.64986122712067,36.930825996563556,0,12345
0.0,0.1,13,10,Subsampling,0.97,9.51487047011824,9.51487047011824,8.56202581996519e-16,0,12345
0.0,0.1,13,15,Donor-HCP-no-within,0.89,6.89667848873654,6.982590528551036,0.5279865131938632,0,12345
0.0,0.1,13,15,Donor-HCP-within,0.87,5.319287965667675,5.404249440536542,0.23465866054566917,0,12345
0.0,0.1,13,15,HCP,0.96,8.25587551863821,8.25587551863821,1.3360005245927818e-15,0,12345
0.0,0.1,13,15,Pooling,0.83,5.392245922915956,5.392245922915956,1.350828953484428e-15,0,12345
0.0,0.1,13,15,Repeated,0.88,5.877436658336928,5.877436658336929,1.3027840151080165e-15,0,12345
0.0,0.1,13,15,S-HCP-within,0.91,7.524635654462316,7.492941659088016,0.6283109987336076,0,12345
0.0,0.1,13,15,Std-CP,0.9,9.17394220125668,8.189996872503677,4.962741906936901,0,12345
0.0,0.1,13,15,Subsampling,0.97,9.51487047011824,9.51487047011824,8.56202581996519e-16,0,12345
0.0,0.1,13,20,Donor-HCP-no-within,0.88,6.390537293796908,6.4979412916768275,0.4808532741466431,0,12345
0.0,0.1,13,20,Donor-HCP-within,0.84,4.602836654918464,4.592587285623097,0.21057877138259995,0,12345
0.0,0.1,13,20,HCP,0.96,8.25587551863821,8.25587551863821,1.3360005245927818e-15,0,12345
0.0,0.1,13,20,Pooling,0.83,5.392245922915956,5.392245922915956,1.350828953484428e-15,0,12345
0.0,0.1,13,20,Repeated,0.88,5.877436658336928,5.877436658336929,1.3027840151080165e-15,0,12345
0.0,0.1,13,20,S-HCP-within,0.91,7.246507495398907,7.231047126757024,0.47371364310247815,0,12345
0.0,0.1,13,20,Std-CP,0.94,7.157401810874702,6.136955621192952,3.0644957947096017,0,12345
0.0,0.1,13,20,Subsampling,0.97,9.51487047011824,9.51487047011824,8.56202581996519e-16,0,12345
0.0,0.1,13,25,Donor-HCP-no-within,0.94,7.086606003702281,7.095092323403497,2.0475561874510926,0,12345
0.0,0.1,13,25,Donor-HCP-within,0.93,5.649935740698403,5.6899381015525705,1.4662088345485194,0,12345
0.0,0.1,13,25,HCP,0.96,8.25587551863821,8.25587551863821,1.3360005245927818e-15,0,12345
0.0,0.1,13,25,Pooling,0.83,5.392245922915956,5.392245922915956,1.350828953484428e-15,0,12345
0.0,0.1,13,25,Repeated,0.88,5.877436658336928,5.877436658336929,1.3027840151080165e-15,0,12345
0.0,0.1,13,25,S-HCP-within,0.94,7.359176984794242,7.248863033515923,2.164033450738351,0,12345
0.0,0.1,13,25,Std-CP,0.93,6.859876015727523,6.172234472043475,2.467570865817223,0,12345
0.0,0.1,13,25,Subsampling,0.97,9.51487047011824,9.51487047011824,8.56202581996519e-16,0,12345
0.0,0.1,13,30,Donor-HCP-no-within,0.89,6.593244298490427,6.23073956719702,1.9245620950726798,0,12345
0.0,0.1,13,30,Donor-HCP-within,0.96,5.84678877934733,5.877851721900534,1.396658857510121,0,12345
0.0,0.1,13,30,HCP,0.96,8.25587551863821,8.25587551863821,1.3360005245927818e-15,0,12345
0.0,0.1,13,30,Pooling,0.83,5.392245922915956,5.392245922915956,1.350828953484428e-15,0,12345
0.0,0.1,13,30,Repeated,0.88,5.877436658336928,5.877436658336929,1.3027840151080165e-15,0,12345
0.0,0.1,13,30,S-HCP-within,0.95,7.553792223270981,7.58340091232821,2.0919865610090898,0,12345
0.0,0.1,13,30,Std-CP,0.92,6.205878059459405,5.909987845650002,1.9443376221534294,0,12345
0.0,0.1,13,30,Subsampling,0.97,9.51487047011824,9.51487047011824,8.56202581996519e-16,0,12345
0.0,0.1,13,35,Donor-HCP-no-within,0.93,6.816487559939902,6.432896836571635,1.9263664932322266,0,12345
0.0,0.1,13,35,Donor-HCP-within,0.95,6.048808668249669,5.892923813228258,1.4636526405044918,0,12345
0.0,0.1,13,35,HCP,0.96,8.25587551863821,8.25587551863821,1.3360005245927818e-15,0,12345
0.0,0.1,13,35,Pooling,0.83,5.392245922915956,5.392245922915956,1.350828953484428e-15,0,12345
0.0,0.1,13,35,Repeated,0.88,5.877436658336928,5.877436658336929,1.3027840151080165e-15,0,12345
0.0,0.1,13,35,S-HCP-within,0.97,7.639232004014519,7.54562295585985,2.1920227191755197,0,12345
0.0,0.1,13,35,Std-CP,0.95,6.531492112709724,6.251532574272767,1.7152005194634798,0,12345
0.0,0.1,13,35,Subsampling,0.97,9.51487047011824,9.51487047011824,8.56202581996519e-16,0,12345
0.0,0.1,14,0,Donor-HCP-no-within,0.93,10.31478452021939,10.31478452021939,8.56202581996519e-16,0,12345
0.0,0.1,14,0,Donor-HCP-within,0.93,10.31478452021939,10.31478452021939,8.56202581996519e-16,0,12345
0.0,0.1,14,0,HCP,0.93,10.31478452021939,10.31478452021939,8.56202581996519e-16,0,12345
0.0,0.1,14,0,Pooling,0.79,7.281133219562015,7.281133219562015,7.361004375023832e-16,0,12345
0.0,0.1,14,0,Repeated,0.87,8.20498407888474,8.204984078884738,1.6556244859096878e-15,0,12345
0.0,0.1,14,0,S-HCP-within,0.63,13.969542668893986,13.946943191398297,1.6478789410858514,0,12345
0.0,0.1,14,0,Std-CP,1.0,,,,100,12345
0.0,0.1,14,0,Subsampling,0.93,10.31478452021939,10.31478452021939,8.56202581996519e-16,0,12345
0.0,0.1,14,5,Donor-HCP-no-within,0.91,8.793636818979431,8.659656642449967,1.0203592940009074,0,12345
0.0,0.1,14,5,Donor-HCP-within,0.95,8.439495922233196,8.211085536393096,0.9409492954006534,0,12345
0.0,0.1,14,5,HCP,0.93,10.31478452021939,10.31478452021939,8.56202581996519e-16,0,12345
0.0,0.1,14,5,Pooling,0.79,7.281133219562015,7.281133219562015,7.361004375023832e-16,0,12345
0.0,0.1,14,5,Repeated,0.87,8.20498407888474,8.204984078884738,1.6556244859096878e-15,0,12345
0.0,0.1,14,5,S-HCP-within,0.66,13.976454884859526,13.674078516229745,1.320603242669292,0,12345
0.0,0.1,14,5,Std-CP,0.75,5.880772180958084,5.116996373388581,4.390115567778822,0,12345
0.0,0.1,14,5,Subsampling,0.93,10.31478452021939,10.31478452021939,8.56202581996519e-16,0,12345
0.0,0.1,14,10,Donor-HCP-no-within,0.92,8.213869705945159,8.18882837158656,0.8205728676520746,0,12345
0.0,0.1,14,10,Donor-HCP-within,0.96,7.4756725995642626,7.280107244286597,0.632242486350506,0,12345
0.0,0.1,14,10,HCP,0.93,10.31478452021939,10.31478452021939,8.56202581996519e-16,0,12345
0.0,0.1,14,10,Pooling,0.79,7.281133219562015,7.281133219562015,7.361004375023832e-16,0,12345
0.0,0.1,14,10,Repeated,0.87,8.20498407888474,8.204984078884738,1.6556244859096878e-15,0,12345
0.0,0.1,14,10,S-HCP-within,0.67,13.92331759439879,13.63470188546848,1.351814712387987,0,12345
0.0,0.1,14,10,Std-CP,0.82,34.108947259235045,12.672162881708596,63.47099160884088,0,12345
0.0,0.1,14,10,Subsampling,0.93,10.31478452021939,10.31478452021939,8.56202581996519e-16,0,12345
0.0,0.1,14,15,Donor-HCP-no-within,0.87,8.065389921078639,7.626681938418481,1.1682766246229406,0,12345
0.0,0.1,14,15,Donor-HCP-within,0.92,6.894218276350858,6.7670295797044275,0.37770008954420325,0,12345
0.0,0.1,14,15,HCP,0.93,10.31478452021939,10.31478452021939,8.56202581996519e-16,0,12345
0.0,0.1,14,15,Pooling,0.79,7.281133219562015,7.281133219562015,7.361004375023832e-16,0,12345
0.0,0.1,14,15,Repeated,0.87,8.20498407888474,8.204984078884738,1.6556244859096878e-15,0,12345
0.0,0.1,14,15,S-HCP-within,0.65,14.092296880205073,13.63470188546848,1.4639518444602906,0,12345
0.0,0.1,14,15,Std-CP,0.9,10.327807997613451,8.079185986952286,10.061481135633914,0,12345
0.0,0.1,14,15,Subsampling,0.93,10.31478452021939,10.31478452021939,8.56202581996519e-16,0,12345
0.0,0.1,14,20,Donor-HCP-no-within,0.81,7.627681909268047,7.375400400797492,0.915274595136692,0,12345
0.0,0.1,14,20,Donor-HCP-within,0.92,6.057129787639388,6.042725159843947,0.2887565891945156,0,12345
0.0,0.1,14,20,HCP,0.93,10.31478452021939,10.31478452021939,8.56202581996519e-16,0,12345
0.0,0.1,14,20,Pooling,0.79,7.281133219562015,7.281133219562015,7.361004375023832e-16,0,12345
0.0,0.1,14,20,Repeated,0.87,8.20498407888474,8.204984078884738,1.6556244859096878e-15,0,12345
0.0,0.1,14,20,S-HCP-within,0.66,13.729571969525287,13.200325468394364,1.1966556249204745,0,12345
0.0,0.1,14,20,Std-CP,0.92,7.175427544536307,6.673144813480114,3.2831405551811645,0,12345
0.0,0.1,14,20,Subsampling,0.93,10.31478452021939,10.31478452021939,8.56202581996519e-16,0,12345
0.0,0.1,14,25,Donor-HCP-no-within,0.95,6.453035081189444,6.262822140991048,1.7878662744072054,0,12345
0.0,0.1,14,25,Donor-HCP-within,0.95,5.695078862753973,5.454281507960701,1.664675615830077,0,12345
0.0,0.1,14,25,HCP,0.93,10.31478452021939,10.31478452021939,8.56202581996519e-16,0,12345
0.0,0.1,14,25,Pooling,0.79,7.281133219562015,7.281133219562015,7.361004375023832e-16,0,12345
0.0,0.1,14,25,Repeated,0.87,8.20498407888474,8.204984078884738,1.6556244859096878e-15,0,12345
0.0,0.1,14,25,S-HCP-within,0.93,6.889464408522854,6.545029589883354,2.1919520705226874,0,12345
0.0,0.1,14,25,Std-CP,0.91,6.851067288451177,6.6728565069940675,2.5107604714250793,0,12345
0.0,0.1,14,25,Subsampling,0.93,10.31478452021939,10.31478452021939,8.56202581996519e-16,0,12345
0.0,0.1,14,30,Donor-HCP-no-within,0.93,6.037785857688671,5.7514849265647605,1.659810091575271,0,12345
0.0,0.1,14,30,Donor-HCP-within,0.97,5.9158985379500715,5.594819259796151,1.6884505527791367,0,12345
0.0,0.1,14,30,HCP,0.93,10.31478452021939,10.31478452021939,8.56202581996519e-16,0,12345
0.0,0.1,14,30,Pooling,0.79,7.281133219562015,7.281133219562015,7.361004375023832e-16,0,12345
0.0,0.1,14,30,Repeated,0.87,8.20498407888474,8.204984078884738,1.6556244859096878e-15,0,12345
0.0,0.1,14,30,S-HCP-within,0.95,6.982880807028831,6.754721090504313,2.081992841120654,0,12345
0.0,0.1,14,30,Std-CP,0.94,6.5314131741410115,6.160169138132566,2.0020980908466544,0,12345
0.0,0.1,14,30,Subsampling,0.93,10.31478452021939,10.31478452021939,8.56202581996519e-16,0,12345
0.0,0.1,14,35,Donor-HCP-no-within,0.93,6.2039717064927995,5.957322463374681,1.691297539415496,0,12345
0.0,0.1,14,35,Donor-HCP-within,0.97,5.943830507105536,5.660746423135471,1.4605694395570619,0,12345
0.0,0.1,14,35,HCP,0.93,10.31478452021939,10.31478452021939,8.56202581996519e-16,0,12345
0.0,0.1,14,35,Pooling,0.79,7.281133219562015,7.281133219562015,7.361004375023832e-16,0,12345
0.0,0.1,14,35,Repeated,0.87,8.20498407888474,8.204984078884738,1.6556244859096878e-15,0,12345
0.0,0.1,14,35,S-HCP-within,0.96,7.00564830620997,6.9237827606747295,1.976357344877112,0,12345
0.0,0.1,14,35,Std-CP,0.96,6.617566867770771,6.347188091063177,2.173475121097431,0,12345
0.0,0.1,14,35,Subsampling,0.93,10.31478452021939,10.31478452021939,8.56202581996519e-16,0,12345
0.0,0.1,15,0,Donor-HCP-no-within,0.95,9.281591706129092,9.281591706129092,1.7853057969915868e-16,0,12345
0.0,0.1,15,0,Donor-HCP-within,0.95,9.281591706129092,9.281591706129092,1.7853057969915868e-16,0,12345
0.0,0.1,15,0,HCP,0.95,9.281591706129092,9.281591706129092,1.7853057969915868e-16,0,12345
0.0,0.1,15,0,Pooling,0.86,6.537168354429674,6.537168354429674,3.3400013114819546e-16,0,12345
0.0,0.1,15,0,Repeated,0.91,7.449536543465386,7.449536543465386,1.246521935036137e-15,0,12345
0.0,0.1,15,0,S-HCP-within,0.93,9.069232831147415,8.887686979683945,1.5620203916087942,0,12345
0.0,0.1,15,0,Std-CP,1.0,,,,100,12345
0.0,0.1,15,0,Subsampling,0.81,5.434273477782475,5.434273477782475,1.2174162422026703e-15,0,12345
0.0,0.1,15,5,Donor-HCP-no-within,0.93,9.211696889693055,9.377276369057682,0.7498491982371882,0,12345
0.0,0.1,15,5,Donor-HCP-within,0.95,9.173195645669837,9.32769301391763,0.7506747180147633,0,12345
0.0,0.1,15,5,HCP,0.95,9.281591706129092,9.281591706129092,1.7853057969915868e-16,0,12345
0.0,0.1,15,5,Pooling,0.86,6.537168354429674,6.537168354429674,3.3400013114819546e-16,0,12345
0.0,0.1,15,5,Repeated,0.91,7.449536543465386,7.449536543465386,1.246521935036137e-15,0,12345
0.0,0.1,15,5,S-HCP-within,0.91,8.30498930848749,8.453970109250506,0.8039444534398121,0,12345
0.0,0.1,15,5,Std-CP,0.69,5.880380701485934,4.867242796931812,4.372659011122697,0,12345
0.0,0.1,15,5,Subsampling,0.81,5.434273477782475,5.434273477782475,1.2174162422026703e-15,0,12345
0.0,0.1,15,10,Donor-HCP-no-within,0.94,8.436398240698841,8.677087213936055,0.6507136900879082,0,12345
0.0,0.1,15,10,Donor-HCP-within,0.94,8.1202633729157,8.45688913830967,0.557141134620674,0,12345
0.0,0.1,15,10,HCP,0.95,9.281591706129092,9.281591706129092,1.7853057969915868e-16,0,12345
0.0,0.1,15,10,Pooling,0.86,6.537168354429674,6.537168354429674,3.3400013114819546e-16,0,12345
0.0,0.1,15,10,Repeated,0.91,7.449536543465386,7.449536543465386,1.246521935036137e-15,0,12345
0.0,0.1,15,10,S-HCP-within,0.93,8.367657404565024,8.347562859767933,0.4992039947038993,0,12345
0.0,0.1,15,10,Std-CP,0.83,46.18040567994883,11.43795347144628,152.26570834962328,0,12345
0.0,0.1,15,10,Subsampling,0.81,5.434273477782475,5.434273477782475,1.2174162422026703e-15,0,12345
0.0,0.1,15,15,Donor-HCP-no-within,0.89,7.726709172517475,7.841900744320417,0.6510302990574488,0,12345
0.0,0.1,15,15,Donor-HCP-within,0.89,6.496618533199974,6.515807046094977,0.3637158101166485,0,12345
0.0,0.1,15,15,HCP,0.95,9.281591706129092,9.281591706129092,1.7853057969915868e-16,0,12345
0.0,0.1,15,15,Pooling,0.86,6.537168354429674,6.537168354429674,3.3400013114819546e-16,0,12345
0.0,0.1,15,15,Repeated,0.91,7.449536543465386,7.449536543465386,1.246521935036137e-15,0,12345
0.0,0.1,15,15,S-HCP-within,0.92,8.25813978866165,8.34756285976793,0.4794679193554737,0,12345
0.0,0.1,15,15,Std-CP,0.87,9.709902755048226,7.762615048608015,7.52264506457712,0,12345
0.0,0.1,15,15,Subsampling,0.81,5.434273477782475,5.434273477782475,1.2174162422026703e-15,0,12345
0.0,0.1,15,20,Donor-HCP-no-within,0.85,7.142246362511763,7.157796904199499,0.6526251649316545,0,12345
0.0,0.1,15,20,Donor-HCP-within,0.87,5.485954899152535,5.500841824425027,0.3126973293096017,0,12345
0.0,0.1,15,20,HCP,0.95,9.281591706129092,9.281591706129092,1.7853057969915868e-16,0,12345
0.0,0.1,15,20,Pooling,0.86,6.537168354429674,6.537168354429674,3.3400013114819546e-16,0,12345
0.0,0.1,15,20,Repeated,0.91,7.449536543465386,7.449536543465386,1.246521935036137e-15,0,12345
0.0,0.1,15,20,S-HCP-within,0.91,8.072830445705915,8.141776136791762,0.3977358101981123,0,12345
0.0,0.1,15,20,Std-CP,0.93,6.969434437729017,6.3375224880162895,2.896502309556679,0,12345
0.0,0.1,15,20,Subsampling,0.81,5.434273477782475,5.434273477782475,1.2174162422026703e-15,0,12345
0.0,0.1,15,25,Donor-HCP-no-within,0.92,6.5209081079416595,6.2832463831928855,2.002576535881098,0,12345
0.0,0.1,15,25,Donor-HCP-within,0.93,5.705397721435792,5.638128696456894,1.5294724565181712,0,12345
0.0,0.1,15,25,HCP,0.95,9.281591706129092,9.281591706129092,1.7853057969915868e-16,0,12345
0.0,0.1,15,25,Pooling,0.86,6.537168354429674,6.537168354429674,3.3400013114819546e-16,0,12345
0.0,0.1,15,25,Repeated,0.91,7.449536543465386,7.449536543465386,1.246521935036137e-15,0,12345
0.0,0.1,15,25,S-HCP-within,0.86,6.642992940920015,6.409319534219991,2.1090998970808537,0,12345
0.0,0.1,15,25,Std-CP,0.95,6.802211709864037,6.302486588282166,2.3172637153149314,0,12345
0.0,0.1,15,25,Subsampling,0.81,5.434273477782475,5.434273477782475,1.2174162422026703e-15,0,12345
0.0,0.1,15,30,Donor-HCP-no-within,0.87,6.127922324107435,5.648300446298503,1.9853939752222765,0,12345
0.0,0.1,15,30,Donor-HCP-within,0.95,5.9140549055191585,5.684024189693385,1.4953099659677902,0,12345
0.0,0.1,15,30,HCP,0.95,9.281591706129092,9.281591706129092,1.7853057969915868e-16,0,12345
0.0,0.1,15,30,Pooling,0.86,6.537168354429674,6.537168354429674,3.3400013114819546e-16,0,12345
0.0,0.1,15,30,Repeated,0.91,7.449536543465386,7.449536543465386,1.246521935036137e-15,0,12345
0.0,0.1,15,30,S-HCP-within,0.9,7.101972595377631,6.8911444376410955,2.2048037777086353,0,12345
0.0,0.1,15,30,Std-CP,0.93,6.6980591039462585,6.550452926514729,2.0476421658385804,0,12345
0.0,0.1,15,30,Subsampling,0.81,5.434273477782475,5.434273477782475,1.2174162422026703e-15,0,12345
0.0,0.1,15,35,Donor-HCP-no-within,0.91,6.34206050726914,5.896335239349659,1.9723425080738552,0,12345
0.0,0.1,15,35,Donor-HCP-within,0.95,6.220257090439731,5.9837419584973075,1.5352228260998262,0,12345
0.0,0.1,15,35,HCP,0.95,9.281591706129092,9.281591706129092,1.7853057969915868e-16,0,12345
0.0,0.1,15,35,Pooling,0.86,6.537168354429674,6.537168354429674,3.3400013114819546e-16,0,12345
0.0,0.1,15,35,Repeated,0.91,7.449536543465386,7.449536543465386,1.246521935036137e-15,0,12345
0.0,0.1,15,35,S-HCP-within,0.94,7.401101595242073,7.059436911935837,2.25570750687811,0,12345
0.0,0.1,15,35,Std-CP,0.89,6.628589218254332,6.218856892832644,1.9429144623070334,0,12345
0.0,0.1,15,35,Subsampling,0.81,5.434273477782475,5.434273477782475,1.2174162422026703e-15,0,12345
0.0,0.1,16,0,Donor-HCP-no-within,0.99,13.001353462676745,13.001353462676747,3.5706115939831736e-16,0,12345
0.0,0.1,16,0,Donor-HCP-within,0.99,13.001353462676745,13.001353462676747,3.5706115939831736e-16,0,12345
0.0,0.1,16,0,HCP,0.99,13.001353462676745,13.001353462676747,3.5706115939831736e-16,0,12345
0.0,0.1,16,0,Pooling,0.93,9.126993396783725,9.126993396783725,1.7853057969915868e-16,0,12345
0.0,0.1,16,0,Repeated,0.97,10.382814097102735,10.382814097102735,1.6936897915186797e-15,0,12345
0.0,0.1,16,0,S-HCP-within,0.95,9.263269273725871,8.896570315217318,1.9560926648196484,0,12345
0.0,0.1,16,0,Std-CP,1.0,,,,100,12345
0.0,0.1,16,0,Subsampling,0.99,12.874315652576028,12.87431565257603,3.5706115939831736e-16,0,12345
0.0,0.1,16,5,Donor-HCP-no-within,0.96,10.76291242268139,11.150202271991187,0.7940146389233428,0,12345
0.0,0.1,16,5,Donor-HCP-within,0.98,10.057659610541071,10.249773258465051,0.5717024613086605,0,12345
0.0,0.1,16,5,HCP,0.99,13.001353462676745,13.001353462676747,3.5706115939831736e-16,0,12345
0.0,0.1,16,5,Pooling,0.93,9.126993396783725,9.126993396783725,1.7853057969915868e-16,0,12345
0.0,0.1,16,5,Repeated,0.97,10.382814097102735,10.382814097102735,1.6936897915186797e-15,0,12345
0.0,0.1,16,5,S-HCP-within,0.92,8.366234518698947,8.455711313024562,0.7302378320445894,0,12345
0.0,0.1,16,5,Std-CP,0.76,6.761505368960079,4.972377935734992,5.580757620392445,0,12345
0.0,0.1,16,5,Subsampling,0.99,12.874315652576028,12.87431565257603,3.5706115939831736e-16,0,12345
0.0,0.1,16,10,Donor-HCP-no-within,0.97,9.928279884313257,10.457734027922104,1.007050711679431,0,12345
0.0,0.1,16,10,Donor-HCP-within,0.97,8.05912936850421,8.111434392315822,0.5224413834297074,0,12345
0.0,0.1,16,10,HCP,0.99,13.001353462676745,13.001353462676747,3.5706115939831736e-16,0,12345
0.0,0.1,16,10,Pooling,0.93,9.126993396783725,9.126993396783725,1.7853057969915868e-16,0,12345
0.0,0.1,16,10,Repeated,0.97,10.382814097102735,10.382814097102735,1.6936897915186797e-15,0,12345
0.0,0.1,16,10,S-HCP-within,0.92,8.2426573875003,8.429408796326591,0.6460438462025752,0,12345
0.0,0.1,16,10,Std-CP,0.79,46.250105359350535,10.644107101593981,187.14075415180477,0,12345
0.0,0.1,16,10,Subsampling,0.99,12.874315652576028,12.87431565257603,3.5706115939831736e-16,0,12345
0.0,0.1,16,15,Donor-HCP-no-within,0.95,9.366295809077185,9.736348383222975,1.1183498627207284,0,12345
0.0,0.1,16,15,Donor-HCP-within,0.95,7.014741427979616,7.214411911647229,0.4633865103986452,0,12345
0.0,0.1,16,15,HCP,0.99,13.001353462676745,13.001353462676747,3.5706115939831736e-16,0,12345
0.0,0.1,16,15,Pooling,0.93,9.126993396783725,9.126993396783725,1.7853057969915868e-16,0,12345
0.0,0.1,16,15,Repeated,0.97,10.382814097102735,10.382814097102735,1.6936897915186797e-15,0,12345
0.0,0.1,16,15,S-HCP-within,0.94,8.275272522071258,8.337668521698781,0.45259743533940144,0,12345
0.0,0.1,16,15,Std-CP,0.88,8.729824018373712,7.730191774584998,4.71439854444243,0,12345
0.0,0.1,16,15,Subsampling,0.99,12.874315652576028,12.87431565257603,3.5706115939831736e-16,0,12345
0.0,0.1,16,20,Donor-HCP-no-within,0.93,8.812477474471015,8.982229657764243,0.8379078195203069,0,12345
0.0,0.1,16,20,Donor-HCP-within,0.9,5.783635261565575,5.944732929748941,0.4211085091515894,0,12345
0.0,0.1,16,20,HCP,0.99,13.001353462676745,13.001353462676747,3.5706115939831736e-16,0,12345
0.0,0.1,16,20,Pooling,0.93,9.126993396783725,9.126993396783725,1.7853057969915868e-16,0,12345
0.0,0.1,16,20,Repeated,0.97,10.382814097102735,10.382814097102735,1.6936897915186797e-15,0,12345
0.0,0.1,16,20,S-HCP-within,0.92,8.091332245401794,8.117252299992472,0.49653225642544385,0,12345
0.0,0.1,16,20,Std-CP,0.88,6.904465554683094,6.803735609805498,2.7438525187476857,0,12345
0.0,0.1,16,20,Subsampling,0.99,12.874315652576028,12.87431565257603,3.5706115939831736e-16,0,12345
0.0,0.1,16,25,Donor-HCP-no-within,0.93,6.390994183435572,6.271237352947361,1.6637047108365388,0,12345
0.0,0.1,16,25,Donor-HCP-within,0.91,5.812600253824031,5.6191011175127645,1.7923493485649435,0,12345
0.0,0.1,16,25,HCP,0.99,13.001353462676745,13.001353462676747,3.5706115939831736e-16,0,12345
0.0,0.1,16,25,Pooling,0.93,9.126993396783725,9.126993396783725,1.7853057969915868e-16,0,12345
0.0,0.1,16,25,Repeated,0.97,10.382814097102735,10.382814097102735,1.6936897915186797e-15,0,12345
0.0,0.1,16,25,S-HCP-within,0.95,6.934214581827558,6.775425549907348,2.0219094427332456,0,12345
0.0,0.1,16,25,Std-CP,0.95,7.077523968714738,6.96731550505822,2.6866937951769967,0,12345
0.0,0.1,16,25,Subsampling,0.99,12.874315652576028,12.87431565257603,3.5706115939831736e-16,0,12345
0.0,0.1,16,30,Donor-HCP-no-within,0.9,5.958230407881569,5.871053081571294,1.4150445278561257,0,12345
0.0,0.1,16,30,Donor-HCP-within,0.96,5.9821104410352905,5.815802738833408,1.7921624578556319,0,12345
0.0,0.1,16,30,HCP,0.99,13.001353462676745,13.001353462676747,3.5706115939831736e-16,0,12345
0.0,0.1,16,30,Pooling,0.93,9.126993396783725,9.126993396783725,1.7853057969915868e-16,0,12345
0.0,0.1,16,30,Repeated,0.97,10.382814097102735,10.382814097102735,1.6936897915186797e-15,0,12345
0.0,0.1,16,30,S-HCP-within,0.96,6.94485485713658,6.7558057053704905,2.085245314076664,0,12345
0.0,0.1,16,30,Std-CP,0.93,6.406524732101838,6.247591075643552,1.9053955974372567,0,12345
0.0,0.1,16,30,Subsampling,0.99,12.874315652576028,12.87431565257603,3.5706115939831736e-16,0,12345
0.0,0.1,16,35,Donor-HCP-no-within,0.91,6.155214317169425,6.020965861935959,1.460624994423022,0,12345
0.0,0.1,16,35,Donor-HCP-within,0.97,6.095901190432084,5.873149272884881,1.66819756107445,0,12345
0.0,0.1,16,35,HCP,0.99,13.001353462676745,13.001353462676747,3.5706115939831736e-16,0,12345
0.0,0.1,16,35,Pooling,0.93,9.126993396783725,9.126993396783725,1.7853057969915868e-16,0,12345
0.0,0.1,16,35,Repeated,0.97,10.382814097102735,10.382814097102735,1.6936897915186797e-15,0,12345
0.0,0.1,16,35,S-HCP-within,0.95,6.976551790253423,6.27264786095988,2.1701246435651482,0,12345
0.0,0.1,16,35,Std-CP,0.95,6.487569748360784,6.160409884783506,2.1184211006475646,0,12345
0.0,0.1,16,35,Subsampling,0.99,12.874315652576028,12.87431565257603,3.5706115939831736e-16,0,12345
0.0,0.1,17,0,Donor-HCP-no-within,0.99,10.77086766664361,10.77086766664361,7.574411013266429e-16,0,12345
0.0,0.1,17,0,Donor-HCP-within,0.99,10.77086766664361,10.77086766664361,7.574411013266429e-16,0,12345
0.0,0.1,17,0,HCP,0.99,10.77086766664361,10.77086766664361,7.574411013266429e-16,0,12345
0.0,0.1,17,0,Pooling,0.96,8.616949577177099,8.616949577177099,1.4936939954824199e-15,0,12345
0.0,0.1,17,0,Repeated,0.96,8.697013647387944,8.697013647387944,1.4936939954824199e-15,0,12345
0.0,0.1,17,0,S-HCP-within,0.79,7.258805385155283,6.937012358281059,2.2115432908730845,0,12345
0.0,0.1,17,0,Std-CP,1.0,,,,100,12345
0.0,0.1,17,0,Subsampling,0.91,7.144440496176754,7.144440496176754,1.7332184148044898e-15,0,12345
0.0,0.1,17,5,Donor-HCP-no-within,0.98,9.773586685762227,9.371900281754652,0.8695057392404402,0,12345
0.0,0.1,17,5,Donor-HCP-within,0.99,9.449482312377233,9.2861950939769,0.6465807390454652,0,12345
0.0,0.1,17,5,HCP,0.99,10.77086766664361,10.77086766664361,7.574411013266429e-16,0,12345
0.0,0.1,17,5,Pooling,0.96,8.616949577177099,8.616949577177099,1.4936939954824199e-15,0,12345
0.0,0.1,17,5,Repeated,0.96,8.697013647387944,8.697013647387944,1.4936939954824199e-15,0,12345
0.0,0.1,17,5,S-HCP-within,0.81,6.89373867973518,6.876164844748828,0.854247551302487,0,12345
0.0,0.1,17,5,Std-CP,0.78,5.50443594930659,4.8376909258073155,3.494103796235944,0,12345
0.0,0.1,17,5,Subsampling,0.91,7.144440496176754,7.144440496176754,1.7332184148044898e-15,0,12345
0.0,0.1,17,10,Donor-HCP-no-within,0.97,9.116408406611622,8.937605597212574,0.8228052988052698,0,12345
0.0,0.1,17,10,Donor-HCP-within,0.96,7.758984784478895,7.5614886644946875,0.7539374770742844,0,12345
0.0,0.1,17,10,HCP,0.99,10.77086766664361,10.77086766664361,7.574411013266429e-16,0,12345
0.0,0.1,17,10,Pooling,0.96,8.616949577177099,8.616949577177099,1.4936939954824199e-15,0,12345
0.0,0.1,17,10,Repeated,0.96,8.697013647387944,8.697013647387944,1.4936939954824199e-15,0,12345
0.0,0.1,17,10,S-HCP-within,0.79,6.82534430371818,6.855111085701095,0.6304361244847446,0,12345
0.0,0.1,17,10,Std-CP,0.82,44.81506348923319,11.315390754795164,159.8837183952975,0,12345
0.0,0.1,17,10,Subsampling,0.91,7.144440496176754,7.144440496176754,1.7332184148044898e-15,0,12345
0.0,0.1,17,15,Donor-HCP-no-within,0.96,8.613052367943842,8.35614195653475,0.8302738041934672,0,12345
0.0,0.1,17,15,Donor-HCP-within,0.93,6.660484773687089,6.656524410319172,0.43542673548519184,0,12345
0.0,0.1,17,15,HCP,0.99,10.77086766664361,10.77086766664361,7.574411013266429e-16,0,12345
0.0,0.1,17,15,Pooling,0.96,8.616949577177099,8.616949577177099,1.4936939954824199e-15,0,12345
0.0,0.1,17,15,Repeated,0.96,8.697013647387944,8.697013647387944,1.4936939954824199e-15,0,12345
0.0,0.1,17,15,S-HCP-within,0.81,6.797223925034333,6.834057326653365,0.4812769961453085,0,12345
0.0,0.1,17,15,Std-CP,0.84,9.649143128958826,7.530795198542425,6.4072316243696115,0,12345
0.0,0.1,17,15,Subsampling,0.91,7.144440496176754,7.144440496176754,1.7332184148044898e-15,0,12345
0.0,0.1,17,20,Donor-HCP-no-within,0.94,8.41227536687762,8.399120537785866,0.7955991246820238,0,12345
0.0,0.1,17,20,Donor-HCP-within,0.92,5.879662537012242,5.902146634814603,0.4220827749565138,0,12345
0.0,0.1,17,20,HCP,0.99,10.77086766664361,10.77086766664361,7.574411013266429e-16,0,12345
0.0,0.1,17,20,Pooling,0.96,8.616949577177099,8.616949577177099,1.4936939954824199e-15,0,12345
0.0,0.1,17,20,Repeated,0.96,8.697013647387944,8.697013647387944,1.4936939954824199e-15,0,12345
0.0,0.1,17,20,S-HCP-within,0.8,6.575659603300402,6.511988337656739,0.4260803126868021,0,12345
0.0,0.1,17,20,Std-CP,0.9,6.603622875662603,6.004339777006109,2.8850369366900517,0,12345
0.0,0.1,17,20,Subsampling,0.91,7.144440496176754,7.144440496176754,1.7332184148044898e-15,0,12345
0.0,0.1,17,25,Donor-HCP-no-within,0.94,6.916411419541582,6.476457959694388,2.2950511496085406,0,12345
0.0,0.1,17,25,Donor-HCP-within,0.94,5.8575594752725975,5.894122196024503,1.7748064918381603,0,12345
0.0,0.1,17,25,HCP,0.99,10.77086766664361,10.77086766664361,7.574411013266429e-16,0,12345
0.0,0.1,17,25,Pooling,0.96,8.616949577177099,8.616949577177099,1.4936939954824199e-15,0,12345
0.0,0.1,17,25,Repeated,0.96,8.697013647387944,8.697013647387944,1.4936939954824199e-15,0,12345
0.0,0.1,17,25,S-HCP-within,0.94,7.212615023315355,6.860788401734238,2.4683106432411,0,12345
0.0,0.1,17,25,Std-CP,0.93,6.827111089594184,6.466823078500205,2.2935382235563693,0,12345
0.0,0.1,17,25,Subsampling,0.91,7.144440496176754,7.144440496176754,1.7332184148044898e-15,0,12345
0.0,0.1,17,30,Donor-HCP-no-within,0.91,6.553036163037334,5.758694731922553,2.305923980546367,0,12345
0.0,0.1,17,30,Donor-HCP-within,0.97,5.95879887452847,5.927378864410443,1.7535705172096525,0,12345
0.0,0.1,17,30,HCP,0.99,10.77086766664361,10.77086766664361,7.574411013266429e-16,0,12345
0.0,0.1,17,30,Pooling,0.96,8.616949577177099,8.616949577177099,1.4936939954824199e-15,0,12345
0.0,0.1,17,30,Repeated,0.96,8.697013647387944,8.697013647387944,1.4936939954824199e-15,0,12345
0.0,0.1,17,30,S-HCP-within,0.98,7.52167126989978,7.023336440080506,2.603553941473885,0,12345
0.0,0.1,17,30,Std-CP,0.87,6.184388187656731,6.05856291356112,1.9247838408471794,0,12345
0.0,0.1,17,30,Subsampling,0.91,7.144440496176754,7.144440496176754,1.7332184148044898e-15,0,12345
0.0,0.1,17,35,Donor-HCP-no-within,0.91,6.797156199801728,6.272598938042534,2.268352165359201,0,12345
0.0,0.1,17,35,Donor-HCP-within,0.97,6.233545841342326,6.10592651960882,1.6879714905877274,0,12345
0.0,0.1,17,35,HCP,0.99,10.77086766664361,10.77086766664361,7.574411013266429e-16,0,12345
0.0,0.1,17,35,Pooling,0.96,8.616949577177099,8.616949577177099,1.4936939954824199e-15,0,12345
0.0,0.1,17,35,Repeated,0.96,8.697013647387944,8.697013647387944,1.4936939954824199e-15,0,12345
0.0,0.1,17,35,S-HCP-within,0.98,7.848371309859271,7.661902782159597,2.4066325622090163,0,12345
0.0,0.1,17,35,Std-CP,0.88,6.414420586292233,5.839310774723346,2.0701941873703986,0,12345
0.0,0.1,17,35,Subsampling,0.91,7.144440496176754,7.144440496176754,1.7332184148044898e-15,0,12345
0.0,0.1,18,0,Donor-HCP-no-within,1.0,15.08407454963676,15.08407454963676,8.373826446313467e-16,0,12345
0.0,0.1,18,0,Donor-HCP-within,1.0,15.08407454963676,15.08407454963676,8.373826446313467e-16,0,12345
0.0,0.1,18,0,HCP,1.0,15.08407454963676,15.08407454963676,8.373826446313467e-16,0,12345
0.0,0.1,18,0,Pooling,0.93,9.230009488459174,9.230009488459174,6.914459619635975e-16,0,12345
0.0,0.1,18,0,Repeated,0.98,12.191099445488653,12.191099445488653,7.781967552403668e-16,0,12345
0.0,0.1,18,0,S-HCP-within,0.96,10.956021050558968,11.001815059657961,2.7896525799499687,0,12345
0.0,0.1,18,0,Std-CP,1.0,,,,100,12345
0.0,0.1,18,0,Subsampling,0.96,11.378033556044247,11.378033556044247,8.926528984957934e-16,0,12345
0.0,0.1,18,5,Donor-HCP-no-within,1.0,11.598275638484118,11.970332560909121,1.028691044129793,0,12345
0.0,0.1,18,5,Donor-HCP-within,0.98,10.499449117373738,10.74875813888815,0.9421655459341569,0,12345
0.0,0.1,18,5,HCP,1.0,15.08407454963676,15.08407454963676,8.373826446313467e-16,0,12345
0.0,0.1,18,5,Pooling,0.93,9.230009488459174,9.230009488459174,6.914459619635975e-16,0,12345
0.0,0.1,18,5,Repeated,0.98,12.191099445488653,12.191099445488653,7.781967552403668e-16,0,12345
0.0,0.1,18,5,S-HCP-within,0.99,10.334897518176938,10.263356030196604,0.9318774546050418,0,12345
0.0,0.1,18,5,Std-CP,0.76,5.375035343505862,4.345764564276079,3.7319514145562622,0,12345
0.0,0.1,18,5,Subsampling,0.96,11.378033556044247,11.378033556044247,8.926528984957934e-16,0,12345
0.0,0.1,18,10,Donor-HCP-no-within,0.96,10.286487053443512,10.304470710722999,0.8802418248381947,0,12345
0.0,0.1,18,10,Donor-HCP-within,0.98,8.135139883592435,8.1175145283406,0.6850691201650746,0,12345
0.0,0.1,18,10,HCP,1.0,15.08407454963676,15.08407454963676,8.373826446313467e-16,0,12345
0.0,0.1,18,10,Pooling,0.93,9.230009488459174,9.230009488459174,6.914459619635975e-16,0,12345
0.0,0.1,18,10,Repeated,0.98,12.191099445488653,12.191099445488653,7.781967552403668e-16,0,12345
0.0,0.1,18,10,S-HCP-within,0.99,10.206181418022151,10.171869295976744,0.8336719135051429,0,12345
0.0,0.1,18,10,Std-CP,0.79,35.747200091967365,14.777051691158057,82.54158111729055,0,12345
0.0,0.1,18,10,Subsampling,0.96,11.378033556044247,11.378033556044247,8.926528984957934e-16,0,12345
0.0,0.1,18,15,Donor-HCP-no-within,0.94,9.53169834718333,9.592283115698287,0.8380904924168984,0,12345
0.0,0.1,18,15,Donor-HCP-within,0.94,7.135915936467826,7.179653903165637,0.43330090140074845,0,12345
0.0,0.1,18,15,HCP,1.0,15.08407454963676,15.08407454963676,8.373826446313467e-16,0,12345
0.0,0.1,18,15,Pooling,0.93,9.230009488459174,9.230009488459174,6.914459619635975e-16,0,12345
0.0,0.1,18,15,Repeated,0.98,12.191099445488653,12.191099445488653,7.781967552403668e-16,0,12345
0.0,0.1,18,15,S-HCP-within,0.99,10.029253208648884,10.013941816881044,0.6548183923295513,0,12345
0.0,0.1,18,15,Std-CP,0.87,8.547045004014825,7.434625808320435,4.890271929507712,0,12345
0.0,0.1,18,15,Subsampling,0.96,11.378033556044247,11.378033556044247,8.926528984957934e-16,0,12345
0.0,0.1,18,20,Donor-HCP-no-within,0.91,8.770345003215887,8.653489673772619,0.8061208737806855,0,12345
0.0,0.1,18,20,Donor-HCP-within,0.91,5.989217210733166,5.919468017365807,0.40151705057596204,0,12345
0.0,0.1,18,20,HCP,1.0,15.08407454963676,15.08407454963676,8.373826446313467e-16,0,12345
0.0,0.1,18,20,Pooling,0.93,9.230009488459174,9.230009488459174,6.914459619635975e-16,0,12345
0.0,0.1,18,20,Repeated,0.98,12.191099445488653,12.191099445488653,7.781967552403668e-16,0,12345
0.0,0.1,18,20,S-HCP-within,1.0,9.832892538966634,9.918564260935561,0.4995819625101887,0,12345
0.0,0.1,18,20,Std-CP,0.89,6.667384182857586,6.347572076494792,3.0538058597267415,0,12345
0.0,0.1,18,20,Subsampling,0.96,11.378033556044247,11.378033556044247,8.926528984957934e-16,0,12345
0.0,0.1,18,25,Donor-HCP-no-within,0.91,6.124868716647094,6.033450038623549,1.48960062692563,0,12345
0.0,0.1,18,25,Donor-HCP-within,0.95,5.635896181686056,5.3930422508992955,1.6724089906891844,0,12345
0.0,0.1,18,25,HCP,1.0,15.08407454963676,15.08407454963676,8.373826446313467e-16,0,12345
0.0,0.1,18,25,Pooling,0.93,9.230009488459174,9.230009488459174,6.914459619635975e-16,0,12345
0.0,0.1,18,25,Repeated,0.98,12.191099445488653,12.191099445488653,7.781967552403668e-16,0,12345
0.0,0.1,18,25,S-HCP-within,0.91,6.4276232917780876,6.180808291491049,1.8249699237399977,0,12345
0.0,0.1,18,25,Std-CP,0.9,6.286128892063552,5.680449843223564,2.2181993874470356,0,12345
0.0,0.1,18,25,Subsampling,0.96,11.378033556044247,11.378033556044247,8.926528984957934e-16,0,12345
0.0,0.1,18,30,Donor-HCP-no-within,0.92,5.731779073688643,5.625907014335996,1.36129691439036,0,12345
0.0,0.1,18,30,Donor-HCP-within,0.95,5.692210659751054,5.343787762880697,1.6242476742331826,0,12345
0.0,0.1,18,30,HCP,1.0,15.08407454963676,15.08407454963676,8.373826446313467e-16,0,12345
0.0,0.1,18,30,Pooling,0.93,9.230009488459174,9.230009488459174,6.914459619635975e-16,0,12345
0.0,0.1,18,30,Repeated,0.98,12.191099445488653,12.191099445488653,7.781967552403668e-16,0,12345
0.0,0.1,18,30,S-HCP-within,0.92,6.601559326585885,6.224602320967701,1.8288994068866613,0,12345
0.0,0.1,18,30,Std-CP,0.94,6.3260873490294465,5.989860438547545,1.9267154294784115,0,12345
0.0,0.1,18,30,Subsampling,0.96,11.378033556044247,11.378033556044247,8.926528984957934e-16,0,12345
0.0,0.1,18,35,Donor-HCP-no-within,0.92,5.962822904736896,6.024812893354673,1.4021563821445464,0,12345
0.0,0.1,18,35,Donor-HCP-within,0.97,5.951605340686871,5.7289955954719565,1.5582614275466213,0,12345
0.0,0.1,18,35,HCP,1.0,15.08407454963676,15.08407454963676,8.373826446313467e-16,0,12345
0.0,0.1,18,35,Pooling,0.93,9.230009488459174,9.230009488459174,6.914459619635975e-16,0,12345
0.0,0.1,18,35,Repeated,0.98,12.191099445488653,12.191099445488653,7.781967552403668e-16,0,12345
0.0,0.1,18,35,S-HCP-within,0.95,6.9199058466014325,6.794349776823523,1.9319530652053842,0,12345
0.0,0.1,18,35,Std-CP,0.93,6.519412007027221,6.11244977472702,2.07806925920761,0,12345
0.0,0.1,18,35,Subsampling,0.96,11.378033556044247,11.378033556044247,8.926528984957934e-16,0,12345
0.0,0.1,19,0,Donor-HCP-no-within,1.0,13.745007846266763,13.745007846266763,1.1707033010852319e-15,0,12345
0.0,0.1,19,0,Donor-HCP-within,1.0,13.745007846266763,13.745007846266763,1.1707033010852319e-15,0,12345
0.0,0.1,19,0,HCP,1.0,13.745007846266763,13.745007846266763,1.1707033010852319e-15,0,12345
0.0,0.1,19,0,Pooling,0.97,9.552600214301604,9.552600214301606,1.5665994789205884e-15,0,12345
0.0,0.1,19,0,Repeated,0.99,11.582350379224316,11.582350379224316,5.921189464667501e-16,0,12345
0.0,0.1,19,0,S-HCP-within,0.95,9.469133362659534,8.950321121423702,1.9690131008452307,0,12345
0.0,0.1,19,0,Std-CP,1.0,,,,100,12345
0.0,0.1,19,0,Subsampling,1.0,16.960203318107148,16.960203318107148,3.5706115939831736e-16,0,12345
0.0,0.1,19,5,Donor-HCP-no-within,0.99,11.578176802428613,11.288876515820846,0.9295173831009971,0,12345
0.0,0.1,19,5,Donor-HCP-within,0.99,10.903084866546646,10.830841883638225,0.7247924654529047,0,12345
0.0,0.1,19,5,HCP,1.0,13.745007846266763,13.745007846266763,1.1707033010852319e-15,0,12345
0.0,0.1,19,5,Pooling,0.97,9.552600214301604,9.552600214301606,1.5665994789205884e-15,0,12345
0.0,0.1,19,5,Repeated,0.99,11.582350379224316,11.582350379224316,5.921189464667501e-16,0,12345
0.0,0.1,19,5,S-HCP-within,0.94,8.306815401580266,8.25486741642835,0.9225012540165624,0,12345
0.0,0.1,19,5,Std-CP,0.7,6.116114761151079,4.804946897245683,4.237123095114854,0,12345
0.0,0.1,19,5,Subsampling,1.0,16.960203318107148,16.960203318107148,3.5706115939831736e-16,0,12345
0.0,0.1,19,10,Donor-HCP-no-within,0.99,10.831311962416562,10.584556972153948,0.9504361745741333,0,12345
0.0,0.1,19,10,Donor-HCP-within,0.98,9.032805512461142,8.910693403535088,0.5602776875148958,0,12345
0.0,0.1,19,10,HCP,1.0,13.745007846266763,13.745007846266763,1.1707033010852319e-15,0,12345
0.0,0.1,19,10,Pooling,0.97,9.552600214301604,9.552600214301606,1.5665994789205884e-15,0,12345
0.0,0.1,19,10,Repeated,0.99,11.582350379224316,11.582350379224316,5.921189464667501e-16,0,12345
0.0,0.1,19,10,S-HCP-within,0.94,8.307904176587472,8.254867416428349,0.7880781340137588,0,12345
0.0,0.1,19,10,Std-CP,0.84,116.24097378936568,12.902847081718033,698.0656323595977,0,12345
0.0,0.1,19,10,Subsampling,1.0,16.960203318107148,16.960203318107148,3.5706115939831736e-16,0,12345
0.0,0.1,19,15,Donor-HCP-no-within,0.98,9.890012510363489,10.097199776059039,0.6750180452620689,0,12345
0.0,0.1,19,15,Donor-HCP-within,0.97,7.280915767983929,7.167549660706197,0.4039874441552354,0,12345
0.0,0.1,19,15,HCP,1.0,13.745007846266763,13.745007846266763,1.1707033010852319e-15,0,12345
0.0,0.1,19,15,Pooling,0.97,9.552600214301604,9.552600214301606,1.5665994789205884e-15,0,12345
0.0,0.1,19,15,Repeated,0.99,11.582350379224316,11.582350379224316,5.921189464667501e-16,0,12345
0.0,0.1,19,15,S-HCP-within,0.93,8.346675103962877,8.247360895961485,0.7090117081624763,0,12345
0.0,0.1,19,15,Std-CP,0.89,8.98055550946508,7.585682953933945,5.251335866283281,0,12345
0.0,0.1,19,15,Subsampling,1.0,16.960203318107148,16.960203318107148,3.5706115939831736e-16,0,12345
0.0,0.1,19,20,Donor-HCP-no-within,0.98,8.914285868657501,8.691305998293373,0.6585020985818202,0,12345
0.0,0.1,19,20,Donor-HCP-within,0.95,5.940246489327844,5.9668131532778474,0.43214331923870103,0,12345
0.0,0.1,19,20,HCP,1.0,13.745007846266763,13.745007846266763,1.1707033010852319e-15,0,12345
0.0,0.1,19,20,Pooling,0.97,9.552600214301604,9.552600214301606,1.5665994789205884e-15,0,12345
0.0,0.1,19,20,Repeated,0.99,11.582350379224316,11.582350379224316,5.921189464667501e-16,0,12345
0.0,0.1,19,20,S-HCP-within,0.92,8.07260592505839,8.00577209863193,0.6368750702864896,0,12345
0.0,0.1,19,20,Std-CP,0.93,6.906077997784678,6.716733822363005,2.7932649794042383,0,12345
0.0,0.1,19,20,Subsampling,1.0,16.960203318107148,16.960203318107148,3.5706115939831736e-16,0,12345
0.0,0.1,19,25,Donor-HCP-no-within,0.9,6.459638782183095,6.047932338668362,1.9923818460683589,0,12345
0.0,0.1,19,25,Donor-HCP-within,0.94,6.104474376697026,6.024341849412249,1.7069239941169752,0,12345
0.0,0.1,19,25,HCP,1.0,13.745007846266763,13.745007846266763,1.1707033010852319e-15,0,12345
0.0,0.1,19,25,Pooling,0.97,9.552600214301604,9.552600214301606,1.5665994789205884e-15,0,12345
0.0,0.1,19,25,Repeated,0.99,11.582350379224316,11.582350379224316,5.921189464667501e-16,0,12345
0.0,0.1,19,25,S-HCP-within,0.95,7.170788610114031,6.8028103080698745,2.3875368708831535,0,12345
0.0,0.1,19,25,Std-CP,0.97,7.05086979959741,6.654508230121503,2.3249117226654685,0,12345
0.0,0.1,19,25,Subsampling,1.0,16.960203318107148,16.960203318107148,3.5706115939831736e-16,0,12345
0.0,0.1,19,30,Donor-HCP-no-within,0.89,6.096360977889387,5.571283264000602,1.9504137992460882,0,12345
0.0,0.1,19,30,Donor-HCP-within,0.92,6.064002323177315,5.806024360263944,1.793417670179105,0,12345
0.0,0.1,19,30,HCP,1.0,13.745007846266763,13.745007846266763,1.1707033010852319e-15,0,12345
0.0,0.1,19,30,Pooling,0.97,9.552600214301604,9.552600214301606,1.5665994789205884e-15,0,12345
0.0,0.1,19,30,Repeated,0.99,11.582350379224316,11.582350379224316,5.921189464667501e-16,0,12345
0.0,0.1,19,30,S-HCP-within,0.94,7.108022469654019,7.06503872728075,2.150397622531244,0,12345
0.0,0.1,19,30,Std-CP,0.98,6.68129791353582,6.199032942617643,2.050793981702728,0,12345
0.0,0.1,19,30,Subsampling,1.0,16.960203318107148,16.960203318107148,3.5706115939831736e-16,0,12345
0.0,0.1,19,35,Donor-HCP-no-within,0.9,6.293568939459558,5.779363335285751,1.9392159795705455,0,12345
0.0,0.1,19,35,Donor-HCP-within,0.93,6.182217280770374,5.994896176615333,1.684637981243257,0,12345
0.0,0.1,19,35,HCP,1.0,13.745007846266763,13.745007846266763,1.1707033010852319e-15,0,12345
0.0,0.1,19,35,Pooling,0.97,9.552600214301604,9.552600214301606,1.5665994789205884e-15,0,12345
0.0,0.1,19,35,Repeated,0.99,11.582350379224316,11.582350379224316,5.921189464667501e-16,0,12345
0.0,0.1,19,35,S-HCP-within,0.93,7.256098678421142,7.132316376322885,2.1333776408131246,0,12345
0.0,0.1,19,35,Std-CP,0.98,6.8259336367043115,6.664925115111218,2.0410559621172095,0,12345
0.0,0.1,19,35,Subsampling,1.0,16.960203318107148,16.960203318107148,3.5706115939831736e-16,0,12345
0.0,0.1,20,0,Donor-HCP-no-within,1.0,12.081773434601864,12.081773434601864,0.0,0,12345
0.0,0.1,20,0,Donor-HCP-within,1.0,12.081773434601864,12.081773434601864,0.0,0,12345
0.0,0.1,20,0,HCP,1.0,12.081773434601864,12.081773434601864,0.0,0,12345
0.0,0.1,20,0,Pooling,0.94,8.91211273851826,8.91211273851826,0.0,0,12345
0.0,0.1,20,0,Repeated,0.96,9.872049112165989,9.872049112165989,0.0,0,12345
0.0,0.1,20,0,S-HCP-within,0.96,17.389024728519917,17.78245770736772,2.45475031600121,0,12345
0.0,0.1,20,0,Std-CP,1.0,,,,100,12345
0.0,0.1,20,0,Subsampling,0.94,8.767177548268968,8.767177548268968,1.596826049079051e-15,0,12345
0.0,0.1,20,5,Donor-HCP-no-within,0.98,12.412099926353148,11.652241377620747,3.4026612581015026,0,12345
0.0,0.1,20,5,Donor-HCP-within,0.98,11.018869053922622,9.828686725052385,2.97656071957986,0,12345
0.0,0.1,20,5,HCP,1.0,12.081773434601864,12.081773434601864,0.0,0,12345
0.0,0.1,20,5,Pooling,0.94,8.91211273851826,8.91211273851826,0.0,0,12345
0.0,0.1,20,5,Repeated,0.96,9.872049112165989,9.872049112165989,0.0,0,12345
0.0,0.1,20,5,S-HCP-within,0.98,15.538321360002106,15.456340835282276,1.3852321085077344,0,12345
0.0,0.1,20,5,Std-CP,0.75,5.9490316372491945,4.845244581540827,4.413220280579382,0,12345
0.0,0.1,20,5,Subsampling,0.94,8.767177548268968,8.767177548268968,1.596826049079051e-15,0,12345
0.0,0.1,20,10,Donor-HCP-no-within,0.91,10.90462368390743,10.054329291527118,2.9814123700263595,0,12345
0.0,0.1,20,10,Donor-HCP-within,0.96,9.030025614773363,8.656851242767502,1.8309266472474555,0,12345
0.0,0.1,20,10,HCP,1.0,12.081773434601864,12.081773434601864,0.0,0,12345
0.0,0.1,20,10,Pooling,0.94,8.91211273851826,8.91211273851826,0.0,0,12345
0.0,0.1,20,10,Repeated,0.96,9.872049112165989,9.872049112165989,0.0,0,12345
0.0,0.1,20,10,S-HCP-within,0.97,15.123263145934443,15.365636786691894,1.330433267536712,0,12345
0.0,0.1,20,10,Std-CP,0.85,64.88964995946105,12.380020258166372,175.1632754456222,0,12345
0.0,0.1,20,10,Subsampling,0.94,8.767177548268968,8.767177548268968,1.596826049079051e-15,0,12345
0.0,0.1,20,15,Donor-HCP-no-within,0.93,10.555110207091504,10.078583941806206,2.9370652358488285,0,12345
0.0,0.1,20,15,Donor-HCP-within,0.96,8.136129890314669,8.099008470686577,1.5386428073922864,0,12345
0.0,0.1,20,15,HCP,1.0,12.081773434601864,12.081773434601864,0.0,0,12345
0.0,0.1,20,15,Pooling,0.94,8.91211273851826,8.91211273851826,0.0,0,12345
0.0,0.1,20,15,Repeated,0.96,9.872049112165989,9.872049112165989,0.0,0,12345
0.0,0.1,20,15,S-HCP-within,0.98,14.875785471948436,14.325529382183651,0.9499183540984948,0,12345
0.0,0.1,20,15,Std-CP,0.89,9.355691548482726,7.169604499556416,6.953210138508265,0,12345
0.0,0.1,20,15,Subsampling,0.94,8.767177548268968,8.767177548268968,1.596826049079051e-15,0,12345
0.0,0.1,20,20,Donor-HCP-no-within,0.91,9.68975647914524,8.90708743809136,2.7178722061386167,0,12345
0.0,0.1,20,20,Donor-HCP-within,0.87,6.157921832380389,5.744775922140356,1.1851364934613857,0,12345
0.0,0.1,20,20,HCP,1.0,12.081773434601864,12.081773434601864,0.0,0,12345
0.0,0.1,20,20,Pooling,0.94,8.91211273851826,8.91211273851826,0.0,0,12345
0.0,0.1,20,20,Repeated,0.96,9.872049112165989,9.872049112165989,0.0,0,12345
0.0,0.1,20,20,S-HCP-within,0.97,14.392070599770834,14.04780762870882,0.9076461734896026,0,12345
0.0,0.1,20,20,Std-CP,0.91,6.897747866061849,6.20156906205424,3.143854624395718,0,12345
0.0,0.1,20,20,Subsampling,0.94,8.767177548268968,8.767177548268968,1.596826049079051e-15,0,12345
0.0,0.1,20,25,Donor-HCP-no-within,0.97,6.992151971570422,6.448813617089183,2.0824638331602445,0,12345
0.0,0.1,20,25,Donor-HCP-within,0.93,5.729180607677744,5.514986895235289,1.7351776356141562,0,12345
0.0,0.1,20,25,HCP,1.0,12.081773434601864,12.081773434601864,0.0,0,12345
0.0,0.1,20,25,Pooling,0.94,8.91211273851826,8.91211273851826,0.0,0,12345
0.0,0.1,20,25,Repeated,0.96,9.872049112165989,9.872049112165989,0.0,0,12345
0.0,0.1,20,25,S-HCP-within,0.94,7.510571534798797,7.287354206112834,2.5001434040144916,0,12345
0.0,0.1,20,25,Std-CP,0.99,6.786010503823401,6.409533587782512,2.3401571228349254,0,12345
0.0,0.1,20,25,Subsampling,0.94,8.767177548268968,8.767177548268968,1.596826049079051e-15,0,12345
0.0,0.1,20,30,Donor-HCP-no-within,0.93,6.55702290338689,6.241701332622191,1.9847693922952216,0,12345
0.0,0.1,20,30,Donor-HCP-within,0.94,5.6946181712793615,5.566585937482118,1.6871743947968498,0,12345
0.0,0.1,20,30,HCP,1.0,12.081773434601864,12.081773434601864,0.0,0,12345
0.0,0.1,20,30,Pooling,0.94,8.91211273851826,8.91211273851826,0.0,0,12345
0.0,0.1,20,30,Repeated,0.96,9.872049112165989,9.872049112165989,0.0,0,12345
0.0,0.1,20,30,S-HCP-within,0.95,7.528069271628426,7.4034420655073205,2.34661287035894,0,12345
0.0,0.1,20,30,Std-CP,0.95,6.194063669166495,5.840939892335774,2.06863453254687,0,12345
0.0,0.1,20,30,Subsampling,0.94,8.767177548268968,8.767177548268968,1.596826049079051e-15,0,12345
0.0,0.1,20,35,Donor-HCP-no-within,0.95,6.742747525044957,6.366214731622854,1.9719817378820808,0,12345
0.0,0.1,20,35,Donor-HCP-within,0.93,5.755415306645598,5.60092439832168,1.5543660033992932,0,12345
0.0,0.1,20,35,HCP,1.0,12.081773434601864,12.081773434601864,0.0,0,12345
0.0,0.1,20,35,Pooling,0.94,8.91211273851826,8.91211273851826,0.0,0,12345
0.0,0.1,20,35,Repeated,0.96,9.872049112165989,9.872049112165989,0.0,0,12345
0.0,0.1,20,35,S-HCP-within,0.97,7.554431403185597,7.227024651230984,2.283428217181074,0,12345
0.0,0.1,20,35,Std-CP,0.95,6.143868500464828,5.903618514329458,1.8759497048338212,0,12345
0.0,0.1,20,35,Subsampling,0.94,8.767177548268968,8.767177548268968,1.596826049079051e-15,0,12345
0.0,0.1,21,0,Donor-HCP-no-within,0.92,9.091679768858477,9.091679768858477,5.921189464667501e-16,0,12345
0.0,0.1,21,0,Donor-HCP-within,0.92,9.091679768858477,9.091679768858477,5.921189464667501e-16,0,12345
0.0,0.1,21,0,HCP,0.92,9.091679768858477,9.091679768858477,5.921189464667501e-16,0,12345
0.0,0.1,21,0,Pooling,0.79,6.896424254988382,6.896424254988382,5.429795603532312e-16,0,12345
0.0,0.1,21,0,Repeated,0.81,7.528844167054323,7.528844167054324,8.700504222936129e-16,0,12345
0.0,0.1,21,0,S-HCP-within,0.95,12.155732218933563,12.274305475528017,1.5942795021379512,0,12345
0.0,0.1,21,0,Std-CP,1.0,,,,100,12345
0.0,0.1,21,0,Subsampling,0.73,6.040725527146808,6.040725527146808,1.2624018355444048e-15,0,12345
0.0,0.1,21,5,Donor-HCP-no-within,0.89,8.461198945787189,8.372738334823062,0.6238619169135865,0,12345
0.0,0.1,21,5,Donor-HCP-within,0.91,8.199590681988173,7.864504242005474,0.7162824039692145,0,12345
0.0,0.1,21,5,HCP,0.92,9.091679768858477,9.091679768858477,5.921189464667501e-16,0,12345
0.0,0.1,21,5,Pooling,0.79,6.896424254988382,6.896424254988382,5.429795603532312e-16,0,12345
0.0,0.1,21,5,Repeated,0.81,7.528844167054323,7.528844167054324,8.700504222936129e-16,0,12345
0.0,0.1,21,5,S-HCP-within,0.9,10.410430618447615,10.312014993032122,1.2304139690302234,0,12345
0.0,0.1,21,5,Std-CP,0.7,5.647279337313517,4.8070940364558625,3.6637934714651377,0,12345
0.0,0.1,21,5,Subsampling,0.73,6.040725527146808,6.040725527146808,1.2624018355444048e-15,0,12345
0.0,0.1,21,10,Donor-HCP-no-within,0.86,7.962072485514259,7.87596986051342,0.5385765563182429,0,12345
0.0,0.1,21,10,Donor-HCP-within,0.9,6.9113028900668425,6.840016867019758,0.45114636620956355,0,12345
0.0,0.1,21,10,HCP,0.92,9.091679768858477,9.091679768858477,5.921189464667501e-16,0,12345
0.0,0.1,21,10,Pooling,0.79,6.896424254988382,6.896424254988382,5.429795603532312e-16,0,12345
0.0,0.1,21,10,Repeated,0.81,7.528844167054323,7.528844167054324,8.700504222936129e-16,0,12345
0.0,0.1,21,10,S-HCP-within,0.92,10.013661318384472,9.84317004948594,0.8903729463100086,0,12345
0.0,0.1,21,10,Std-CP,0.83,45.15202868780099,11.670187241007568,126.21045722903739,0,12345
0.0,0.1,21,10,Subsampling,0.73,6.040725527146808,6.040725527146808,1.2624018355444048e-15,0,12345
0.0,0.1,21,15,Donor-HCP-no-within,0.84,7.68685795347391,7.500532526023186,0.5508970799881863,0,12345
0.0,0.1,21,15,Donor-HCP-within,0.87,6.008159494416724,5.918680434904676,0.3408727377746009,0,12345
0.0,0.1,21,15,HCP,0.92,9.091679768858477,9.091679768858477,5.921189464667501e-16,0,12345
0.0,0.1,21,15,Pooling,0.79,6.896424254988382,6.896424254988382,5.429795603532312e-16,0,12345
0.0,0.1,21,15,Repeated,0.81,7.528844167054323,7.528844167054324,8.700504222936129e-16,0,12345
0.0,0.1,21,15,S-HCP-within,0.91,10.088173442068461,9.935646296444226,0.6562138564992782,0,12345
0.0,0.1,21,15,Std-CP,0.86,8.836880734414809,7.117133651766887,6.239213322641919,0,12345
0.0,0.1,21,15,Subsampling,0.73,6.040725527146808,6.040725527146808,1.2624018355444048e-15,0,12345
0.0,0.1,21,20,Donor-HCP-no-within,0.8,7.304198246316658,7.17192132276557,0.5142420664486369,0,12345
0.0,0.1,21,20,Donor-HCP-within,0.88,5.719903811059438,5.690612011310451,0.32851678140117635,0,12345
0.0,0.1,21,20,HCP,0.92,9.091679768858477,9.091679768858477,5.921189464667501e-16,0,12345
0.0,0.1,21,20,Pooling,0.79,6.896424254988382,6.896424254988382,5.429795603532312e-16,0,12345
0.0,0.1,21,20,Repeated,0.81,7.528844167054323,7.528844167054324,8.700504222936129e-16,0,12345
0.0,0.1,21,20,S-HCP-within,0.91,9.727845659946494,9.593591232472093,0.5189071756562365,0,12345
0.0,0.1,21,20,Std-CP,0.94,6.703096259179509,5.9281091612234995,3.0342285955752915,0,12345
0.0,0.1,21,20,Subsampling,0.73,6.040725527146808,6.040725527146808,1.2624018355444048e-15,0,12345
0.0,0.1,21,25,Donor-HCP-no-within,0.89,7.258000200006568,7.21994463240801,2.535195717268757,0,12345
0.0,0.1,21,25,Donor-HCP-within,0.93,5.7256249534875785,5.627543976244924,1.628155984086361,0,12345
0.0,0.1,21,25,HCP,0.92,9.091679768858477,9.091679768858477,5.921189464667501e-16,0,12345
0.0,0.1,21,25,Pooling,0.79,6.896424254988382,6.896424254988382,5.429795603532312e-16,0,12345
0.0,0.1,21,25,Repeated,0.81,7.528844167054323,7.528844167054324,8.700504222936129e-16,0,12345
0.0,0.1,21,25,S-HCP-within,0.93,7.545955171088581,7.3707142751239285,2.6771439303567854,0,12345
0.0,0.1,21,25,Std-CP,0.96,6.38983063752641,5.713919652314676,2.367273045839892,0,12345
0.0,0.1,21,25,Subsampling,0.73,6.040725527146808,6.040725527146808,1.2624018355444048e-15,0,12345
0.0,0.1,21,30,Donor-HCP-no-within,0.88,6.920873263185201,6.70146421887735,2.4274420049926837,0,12345
0.0,0.1,21,30,Donor-HCP-within,0.95,5.979820903493057,5.6913697223497515,1.873086215275535,0,12345
0.0,0.1,21,30,HCP,0.92,9.091679768858477,9.091679768858477,5.921189464667501e-16,0,12345
0.0,0.1,21,30,Pooling,0.79,6.896424254988382,6.896424254988382,5.429795603532312e-16,0,12345
0.0,0.1,21,30,Repeated,0.81,7.528844167054323,7.528844167054324,8.700504222936129e-16,0,12345
0.0,0.1,21,30,S-HCP-within,0.95,7.864493415995017,7.564687150306261,2.7601291335578773,0,12345
0.0,0.1,21,30,Std-CP,0.94,6.099839027694861,5.836452690876927,2.105793316057302,0,12345
0.0,0.1,21,30,Subsampling,0.73,6.040725527146808,6.040725527146808,1.2624018355444048e-15,0,12345
0.0,0.1,21,35,Donor-HCP-no-within,0.88,7.143248538395809,7.017184639236676,2.4085404194090243,0,12345
0.0,0.1,21,35,Donor-HCP-within,0.97,6.183666368154961,5.7040616618063025,1.8050328303676213,0,12345
0.0,0.1,21,35,HCP,0.92,9.091679768858477,9.091679768858477,5.921189464667501e-16,0,12345
0.0,0.1,21,35,Pooling,0.79,6.896424254988382,6.896424254988382,5.429795603532312e-16,0,12345
0.0,0.1,21,35,Repeated,0.81,7.528844167054323,7.528844167054324,8.700504222936129e-16,0,12345
0.0,0.1,21,35,S-HCP-within,0.96,8.033445245867995,7.946902505743049,2.785687643094783,0,12345
0.0,0.1,21,35,Std-CP,0.95,6.274347350822405,6.096876889563999,2.1112285156844535,0,12345
0.0,0.1,21,35,Subsampling,0.73,6.040725527146808,6.040725527146808,1.2624018355444048e-15,0,12345
0.0,0.1,22,0,Donor-HCP-no-within,0.97,10.272868330903805,10.272868330903805,3.5706115939831736e-16,0,12345
0.0,0.1,22,0,Donor-HCP-within,0.97,10.272868330903805,10.272868330903805,3.5706115939831736e-16,0,12345
0.0,0.1,22,0,HCP,0.97,10.272868330903805,10.272868330903805,3.5706115939831736e-16,0,12345
0.0,0.1,22,0,Pooling,0.9,8.010913391977738,8.010913391977738,0.0,0,12345
0.0,0.1,22,0,Repeated,0.94,8.859826568105248,8.859826568105248,0.0,0,12345
0.0,0.1,22,0,S-HCP-within,0.92,11.2347873359317,11.035165076274769,2.1768252232550878,0,12345
0.0,0.1,22,0,Std-CP,1.0,,,,100,12345
0.0,0.1,22,0,Subsampling,0.83,7.448010963495335,7.448010963495335,0.0,0,12345
0.0,0.1,22,5,Donor-HCP-no-within,0.94,10.241853970167808,10.176646382634875,0.6162826065293349,0,12345
0.0,0.1,22,5,Donor-HCP-within,0.97,10.148984461521547,10.106878759969781,0.508987796355262,0,12345
0.0,0.1,22,5,HCP,0.97,10.272868330903805,10.272868330903805,3.5706115939831736e-16,0,12345
0.0,0.1,22,5,Pooling,0.9,8.010913391977738,8.010913391977738,0.0,0,12345
0.0,0.1,22,5,Repeated,0.94,8.859826568105248,8.859826568105248,0.0,0,12345
0.0,0.1,22,5,S-HCP-within,0.86,10.095372206854492,10.07390734652924,1.0960915109408167,0,12345
0.0,0.1,22,5,Std-CP,0.8,6.449760674282701,5.199026522942605,4.839235850467923,0,12345
0.0,0.1,22,5,Subsampling,0.83,7.448010963495335,7.448010963495335,0.0,0,12345
0.0,0.1,22,10,Donor-HCP-no-within,0.95,9.25169423633667,9.093296593542753,0.5322620019533018,0,12345
0.0,0.1,22,10,Donor-HCP-within,0.94,8.600826803592593,8.509381296226486,0.31509293508354974,0,12345
0.0,0.1,22,10,HCP,0.97,10.272868330903805,10.272868330903805,3.5706115939831736e-16,0,12345
0.0,0.1,22,10,Pooling,0.9,8.010913391977738,8.010913391977738,0.0,0,12345
0.0,0.1,22,10,Repeated,0.94,8.859826568105248,8.859826568105248,0.0,0,12345
0.0,0.1,22,10,S-HCP-within,0.85,9.650362531494252,9.4708838536678,0.9744261924905049,0,12345
0.0,0.1,22,10,Std-CP,0.86,15.120151412027843,10.103656771033876,17.63387000574939,0,12345
0.0,0.1,22,10,Subsampling,0.83,7.448010963495335,7.448010963495335,0.0,0,12345
0.0,0.1,22,15,Donor-HCP-no-within,0.95,8.640823143322244,8.58253754642437,0.5421526628783139,0,12345
0.0,0.1,22,15,Donor-HCP-within,0.91,7.530555026338752,7.577275770548802,0.23935260127393013,0,12345
0.0,0.1,22,15,HCP,0.97,10.272868330903805,10.272868330903805,3.5706115939831736e-16,0,12345
0.0,0.1,22,15,Pooling,0.9,8.010913391977738,8.010913391977738,0.0,0,12345
0.0,0.1,22,15,Repeated,0.94,8.859826568105248,8.859826568105248,0.0,0,12345
0.0,0.1,22,15,S-HCP-within,0.86,9.741043422177789,9.4708838536678,0.8654517199626361,0,12345
0.0,0.1,22,15,Std-CP,0.91,9.584849335568888,7.795378829099185,6.204459607436697,0,12345
0.0,0.1,22,15,Subsampling,0.83,7.448010963495335,7.448010963495335,0.0,0,12345
0.0,0.1,22,20,Donor-HCP-no-within,0.9,7.9759670857823,7.919597624159444,0.7570629706003301,0,12345
0.0,0.1,22,20,Donor-HCP-within,0.88,5.536755490005302,5.477864687280507,0.4678544419732058,0,12345
0.0,0.1,22,20,HCP,0.97,10.272868330903805,10.272868330903805,3.5706115939831736e-16,0,12345
0.0,0.1,22,20,Pooling,0.9,8.010913391977738,8.010913391977738,0.0,0,12345
0.0,0.1,22,20,Repeated,0.94,8.859826568105248,8.859826568105248,0.0,0,12345
0.0,0.1,22,20,S-HCP-within,0.84,9.435377051535756,9.203998027977264,0.8908887575376432,0,12345
0.0,0.1,22,20,Std-CP,0.87,6.975080079693812,6.4232484581954985,2.820059344942861,0,12345
0.0,0.1,22,20,Subsampling,0.83,7.448010963495335,7.448010963495335,0.0,0,12345
0.0,0.1,22,25,Donor-HCP-no-within,0.87,6.53606769032991,6.642542792494503,1.8635253270465857,0,12345
0.0,0.1,22,25,Donor-HCP-within,0.89,5.900055953366138,5.698121197984296,1.7324259915448894,0,12345
0.0,0.1,22,25,HCP,0.97,10.272868330903805,10.272868330903805,3.5706115939831736e-16,0,12345
0.0,0.1,22,25,Pooling,0.9,8.010913391977738,8.010913391977738,0.0,0,12345
0.0,0.1,22,25,Repeated,0.94,8.859826568105248,8.859826568105248,0.0,0,12345
0.0,0.1,22,25,S-HCP-within,0.89,7.093560453836536,6.9899008111931895,2.242974209411397,0,12345
0.0,0.1,22,25,Std-CP,0.95,6.740312446913242,6.281694902080153,2.040946309343523,0,12345
0.0,0.1,22,25,Subsampling,0.83,7.448010963495335,7.448010963495335,0.0,0,12345
0.0,0.1,22,30,Donor-HCP-no-within,0.86,6.143133834193625,6.426880055999241,1.792878136479778,0,12345
0.0,0.1,22,30,Donor-HCP-within,0.87,5.886221500670439,5.636256815605693,1.739661920318509,0,12345
0.0,0.1,22,30,HCP,0.97,10.272868330903805,10.272868330903805,3.5706115939831736e-16,0,12345
0.0,0.1,22,30,Pooling,0.9,8.010913391977738,8.010913391977738,0.0,0,12345
0.0,0.1,22,30,Repeated,0.94,8.859826568105248,8.859826568105248,0.0,0,12345
0.0,0.1,22,30,S-HCP-within,0.88,7.367831262815036,7.302723351247184,2.3146651048417315,0,12345
0.0,0.1,22,30,Std-CP,0.95,6.530472113618989,6.152263360250627,2.056767809657713,0,12345
0.0,0.1,22,30,Subsampling,0.83,7.448010963495335,7.448010963495335,0.0,0,12345
0.0,0.1,22,35,Donor-HCP-no-within,0.86,6.3279621174311815,6.532853452820284,1.745889633380488,0,12345
0.0,0.1,22,35,Donor-HCP-within,0.92,6.076331292784382,5.838681960422079,1.6153460015726917,0,12345
0.0,0.1,22,35,HCP,0.97,10.272868330903805,10.272868330903805,3.5706115939831736e-16,0,12345
0.0,0.1,22,35,Pooling,0.9,8.010913391977738,8.010913391977738,0.0,0,12345
0.0,0.1,22,35,Repeated,0.94,8.859826568105248,8.859826568105248,0.0,0,12345
0.0,0.1,22,35,S-HCP-within,0.9,7.31206665628659,7.209933000292921,2.095018498090947,0,12345
0.0,0.1,22,35,Std-CP,0.95,6.756715575619523,6.624384530762529,1.844696727523112,0,12345
0.0,0.1,22,35,Subsampling,0.83,7.448010963495335,7.448010963495335,0.0,0,12345
0.0,0.1,23,0,Donor-HCP-no-within,1.0,11.624127609077867,11.624127609077867,3.092240347436676e-16,0,12345
0.0,0.1,23,0,Donor-HCP-within,1.0,11.624127609077867,11.624127609077867,3.092240347436676e-16,0,12345
0.0,0.1,23,0,HCP,1.0,11.624127609077867,11.624127609077867,3.092240347436676e-16,0,12345
0.0,0.1,23,0,Pooling,0.92,7.4514293213667235,7.4514293213667235,9.53092484914215e-16,0,12345
0.0,0.1,23,0,Repeated,0.95,8.24618475556925,8.24618475556925,1.3240182150652123e-15,0,12345
0.0,0.1,23,0,S-HCP-within,0.85,8.612969234495399,8.544264062097739,1.6350927876707644,0,12345
0.0,0.1,23,0,Std-CP,1.0,,,,100,12345
0.0,0.1,23,0,Subsampling,0.95,8.466265526794402,8.466265526794402,2.52480367108881e-16,0,12345
0.0,0.1,23,5,Donor-HCP-no-within,0.97,8.701224315931539,8.531922274631919,0.5591485657929132,0,12345
0.0,0.1,23,5,Donor-HCP-within,1.0,8.764154432983446,8.545025838962744,0.6968840882100547,0,12345
0.0,0.1,23,5,HCP,1.0,11.624127609077867,11.624127609077867,3.092240347436676e-16,0,12345
0.0,0.1,23,5,Pooling,0.92,7.4514293213667235,7.4514293213667235,9.53092484914215e-16,0,12345
0.0,0.1,23,5,Repeated,0.95,8.24618475556925,8.24618475556925,1.3240182150652123e-15,0,12345
0.0,0.1,23,5,S-HCP-within,0.87,8.181644487230646,8.054269335623694,0.9375829436334661,0,12345
0.0,0.1,23,5,Std-CP,0.72,5.042098569064089,4.495168522307859,2.8697501702481807,0,12345
0.0,0.1,23,5,Subsampling,0.95,8.466265526794402,8.466265526794402,2.52480367108881e-16,0,12345
0.0,0.1,23,10,Donor-HCP-no-within,0.98,7.808174502129217,7.692264936012069,0.4141065991442656,0,12345
0.0,0.1,23,10,Donor-HCP-within,0.99,7.233570483665228,7.255683087933413,0.39744980198601804,0,12345
0.0,0.1,23,10,HCP,1.0,11.624127609077867,11.624127609077867,3.092240347436676e-16,0,12345
0.0,0.1,23,10,Pooling,0.92,7.4514293213667235,7.4514293213667235,9.53092484914215e-16,0,12345
0.0,0.1,23,10,Repeated,0.95,8.24618475556925,8.24618475556925,1.3240182150652123e-15,0,12345
0.0,0.1,23,10,S-HCP-within,0.86,8.10897738014614,8.097473825821083,0.764225257766299,0,12345
0.0,0.1,23,10,Std-CP,0.83,22.872459169351302,11.323784747877912,39.3548585888854,0,12345
0.0,0.1,23,10,Subsampling,0.95,8.466265526794402,8.466265526794402,2.52480367108881e-16,0,12345
0.0,0.1,23,15,Donor-HCP-no-within,0.9,7.31154298588662,7.297937484621184,0.5000352637293326,0,12345
0.0,0.1,23,15,Donor-HCP-within,0.98,6.503680645197314,6.607455731583869,0.38169476402432534,0,12345
0.0,0.1,23,15,HCP,1.0,11.624127609077867,11.624127609077867,3.092240347436676e-16,0,12345
0.0,0.1,23,15,Pooling,0.92,7.4514293213667235,7.4514293213667235,9.53092484914215e-16,0,12345
0.0,0.1,23,15,Repeated,0.95,8.24618475556925,8.24618475556925,1.3240182150652123e-15,0,12345
0.0,0.1,23,15,S-HCP-within,0.88,8.065264517321994,8.00301323076674,0.5968435788108278,0,12345
0.0,0.1,23,15,Std-CP,0.88,8.98810278440429,7.605186886908953,5.372033027417066,0,12345
0.0,0.1,23,15,Subsampling,0.95,8.466265526794402,8.466265526794402,2.52480367108881e-16,0,12345
0.0,0.1,23,20,Donor-HCP-no-within,0.9,6.910842473242534,6.851360281864801,0.4622332009164914,0,12345
0.0,0.1,23,20,Donor-HCP-within,0.93,5.722400942902265,5.7991831579120365,0.36277121394175815,0,12345
0.0,0.1,23,20,HCP,1.0,11.624127609077867,11.624127609077867,3.092240347436676e-16,0,12345
0.0,0.1,23,20,Pooling,0.92,7.4514293213667235,7.4514293213667235,9.53092484914215e-16,0,12345
0.0,0.1,23,20,Repeated,0.95,8.24618475556925,8.24618475556925,1.3240182150652123e-15,0,12345
0.0,0.1,23,20,S-HCP-within,0.85,7.939281531877296,7.941667653596851,0.5691794004394518,0,12345
0.0,0.1,23,20,Std-CP,0.92,6.961900465210208,6.14579179446381,2.656786774247524,0,12345
0.0,0.1,23,20,Subsampling,0.95,8.466265526794402,8.466265526794402,2.52480367108881e-16,0,12345
0.0,0.1,23,25,Donor-HCP-no-within,0.93,6.827124768476686,6.363673740529286,2.04701114186222,0,12345
0.0,0.1,23,25,Donor-HCP-within,0.96,5.835362058927379,5.602738890640937,1.7762659859357324,0,12345
0.0,0.1,23,25,HCP,1.0,11.624127609077867,11.624127609077867,3.092240347436676e-16,0,12345
0.0,0.1,23,25,Pooling,0.92,7.4514293213667235,7.4514293213667235,9.53092484914215e-16,0,12345
0.0,0.1,23,25,Repeated,0.95,8.24618475556925,8.24618475556925,1.3240182150652123e-15,0,12345
0.0,0.1,23,25,S-HCP-within,0.95,7.343439923119814,7.058885304330068,2.3594601019415764,0,12345
0.0,0.1,23,25,Std-CP,0.96,6.820863035075458,6.364037107457381,2.534001687599591,0,12345
0.0,0.1,23,25,Subsampling,0.95,8.466265526794402,8.466265526794402,2.52480367108881e-16,0,12345
0.0,0.1,23,30,Donor-HCP-no-within,0.92,6.438653864511817,6.088825552666272,1.9407774880805477,0,12345
0.0,0.1,23,30,Donor-HCP-within,0.96,5.880712465704929,5.783907747965994,1.7910748324552834,0,12345
0.0,0.1,23,30,HCP,1.0,11.624127609077867,11.624127609077867,3.092240347436676e-16,0,12345
0.0,0.1,23,30,Pooling,0.92,7.4514293213667235,7.4514293213667235,9.53092484914215e-16,0,12345
0.0,0.1,23,30,Repeated,0.95,8.24618475556925,8.24618475556925,1.3240182150652123e-15,0,12345
0.0,0.1,23,30,S-HCP-within,0.94,7.376423136627389,7.203902600147246,2.3590758493080197,0,12345
0.0,0.1,23,30,Std-CP,0.97,6.492934346427417,6.287232801888115,2.1277023704323805,0,12345
0.0,0.1,23,30,Subsampling,0.95,8.466265526794402,8.466265526794402,2.52480367108881e-16,0,12345
0.0,0.1,23,35,Donor-HCP-no-within,0.93,6.630126216322319,6.322714429429702,1.9295650182803057,0,12345
0.0,0.1,23,35,Donor-HCP-within,0.96,6.266282534825758,6.131339361571369,1.784218242514212,0,12345
0.0,0.1,23,35,HCP,1.0,11.624127609077867,11.624127609077867,3.092240347436676e-16,0,12345
0.0,0.1,23,35,Pooling,0.92,7.4514293213667235,7.4514293213667235,9.53092484914215e-16,0,12345
0.0,0.1,23,35,Repeated,0.95,8.24618475556925,8.24618475556925,1.3240182150652123e-15,0,12345
0.0,0.1,23,35,S-HCP-within,0.95,7.785607774567259,7.788254931445431,2.328081071878725,0,12345
0.0,0.1,23,35,Std-CP,0.96,6.521152023048399,6.333400560520774,2.0613835914577403,0,12345
0.0,0.1,23,35,Subsampling,0.95,8.466265526794402,8.466265526794402,2.52480367108881e-16,0,12345
0.0,0.1,24,0,Donor-HCP-no-within,1.0,13.677534299633246,13.677534299633244,1.6264909881953126e-15,0,12345
0.0,0.1,24,0,Donor-HCP-within,1.0,13.677534299633246,13.677534299633244,1.6264909881953126e-15,0,12345
0.0,0.1,24,0,HCP,1.0,13.677534299633246,13.677534299633244,1.6264909881953126e-15,0,12345
0.0,0.1,24,0,Pooling,0.99,10.921291477378785,10.921291477378787,0.0,0,12345
0.0,0.1,24,0,Repeated,0.99,11.972950146678654,11.972950146678656,1.5665994789205884e-15,0,12345
0.0,0.1,24,0,S-HCP-within,0.92,10.511700769691693,10.467169167243243,2.1355737503672017,0,12345
0.0,0.1,24,0,Std-CP,1.0,,,,100,12345
0.0,0.1,24,0,Subsampling,1.0,13.677534299633246,13.677534299633244,1.6264909881953126e-15,0,12345
0.0,0.1,24,5,Donor-HCP-no-within,0.98,10.511089949397515,10.742348344356088,1.0596765194681526,0,12345
0.0,0.1,24,5,Donor-HCP-within,0.99,9.24885370072449,9.117305965342076,0.9298152086779747,0,12345
0.0,0.1,24,5,HCP,1.0,13.677534299633246,13.677534299633244,1.6264909881953126e-15,0,12345
0.0,0.1,24,5,Pooling,0.99,10.921291477378785,10.921291477378787,0.0,0,12345
0.0,0.1,24,5,Repeated,0.99,11.972950146678654,11.972950146678656,1.5665994789205884e-15,0,12345
0.0,0.1,24,5,S-HCP-within,0.94,9.998100110112711,9.933663987316539,1.1935272236492012,0,12345
0.0,0.1,24,5,Std-CP,0.72,6.007712123076655,5.1660335878703565,4.703728769717241,0,12345
0.0,0.1,24,5,Subsampling,1.0,13.677534299633246,13.677534299633244,1.6264909881953126e-15,0,12345
0.0,0.1,24,10,Donor-HCP-no-within,1.0,10.041270813481406,10.102714642535403,0.9576617086963505,0,12345
0.0,0.1,24,10,Donor-HCP-within,0.99,7.761760188246983,7.695569272474868,0.5848104084023876,0,12345
0.0,0.1,24,10,HCP,1.0,13.677534299633246,13.677534299633244,1.6264909881953126e-15,0,12345
0.0,0.1,24,10,Pooling,0.99,10.921291477378785,10.921291477378787,0.0,0,12345
0.0,0.1,24,10,Repeated,0.99,11.972950146678654,11.972950146678656,1.5665994789205884e-15,0,12345
0.0,0.1,24,10,S-HCP-within,0.94,10.010683492610834,9.967113930845287,0.9413310093133577,0,12345
0.0,0.1,24,10,Std-CP,0.76,44.26310985847929,12.42847183598996,79.2190778429468,0,12345
0.0,0.1,24,10,Subsampling,1.0,13.677534299633246,13.677534299633244,1.6264909881953126e-15,0,12345
0.0,0.1,24,15,Donor-HCP-no-within,0.98,9.450045934148848,9.559018281175176,0.9549900502048786,0,12345
0.0,0.1,24,15,Donor-HCP-within,0.99,7.038116339224988,7.0271120948787456,0.5471165589135802,0,12345
0.0,0.1,24,15,HCP,1.0,13.677534299633246,13.677534299633244,1.6264909881953126e-15,0,12345
0.0,0.1,24,15,Pooling,0.99,10.921291477378785,10.921291477378787,0.0,0,12345
0.0,0.1,24,15,Repeated,0.99,11.972950146678654,11.972950146678656,1.5665994789205884e-15,0,12345
0.0,0.1,24,15,S-HCP-within,0.94,9.783959621375839,9.694284112693175,0.7699926679532165,0,12345
0.0,0.1,24,15,Std-CP,0.9,9.29424290656749,8.130553647511192,5.690487617584439,0,12345
0.0,0.1,24,15,Subsampling,1.0,13.677534299633246,13.677534299633244,1.6264909881953126e-15,0,12345
0.0,0.1,24,20,Donor-HCP-no-within,0.94,9.011378310865707,9.09007305526966,0.9148539548733206,0,12345
0.0,0.1,24,20,Donor-HCP-within,0.94,5.785117340986819,6.00011000750203,0.4534990040703038,0,12345
0.0,0.1,24,20,HCP,1.0,13.677534299633246,13.677534299633244,1.6264909881953126e-15,0,12345
0.0,0.1,24,20,Pooling,0.99,10.921291477378785,10.921291477378787,0.0,0,12345
0.0,0.1,24,20,Repeated,0.99,11.972950146678654,11.972950146678656,1.5665994789205884e-15,0,12345
0.0,0.1,24,20,S-HCP-within,0.94,9.586510619096806,9.633346761270653,0.6580298253149579,0,12345
0.0,0.1,24,20,Std-CP,0.9,6.91871325045795,6.626631820110452,2.9336533581608206,0,12345
0.0,0.1,24,20,Subsampling,1.0,13.677534299633246,13.677534299633244,1.6264909881953126e-15,0,12345
0.0,0.1,24,25,Donor-HCP-no-within,0.92,6.354037703242323,6.0645978399984894,1.8198471458415402,0,12345
0.0,0.1,24,25,Donor-HCP-within,0.95,5.784119586630226,5.6208848571502,1.485247228993879,0,12345
0.0,0.1,24,25,HCP,1.0,13.677534299633246,13.677534299633244,1.6264909881953126e-15,0,12345
0.0,0.1,24,25,Pooling,0.99,10.921291477378785,10.921291477378787,0.0,0,12345
0.0,0.1,24,25,Repeated,0.99,11.972950146678654,11.972950146678656,1.5665994789205884e-15,0,12345
0.0,0.1,24,25,S-HCP-within,0.91,6.643532692112949,6.497439653060525,2.016688690700897,0,12345
0.0,0.1,24,25,Std-CP,0.96,6.633022565434194,6.271002846469754,2.133011583883448,0,12345
0.0,0.1,24,25,Subsampling,1.0,13.677534299633246,13.677534299633244,1.6264909881953126e-15,0,12345
0.0,0.1,24,30,Donor-HCP-no-within,0.91,6.012878644159847,5.584763907869186,1.7482750984702906,0,12345
0.0,0.1,24,30,Donor-HCP-within,0.96,6.013922746371228,5.987795239782168,1.472419816052284,0,12345
0.0,0.1,24,30,HCP,1.0,13.677534299633246,13.677534299633244,1.6264909881953126e-15,0,12345
0.0,0.1,24,30,Pooling,0.99,10.921291477378785,10.921291477378787,0.0,0,12345
0.0,0.1,24,30,Repeated,0.99,11.972950146678654,11.972950146678656,1.5665994789205884e-15,0,12345
0.0,0.1,24,30,S-HCP-within,0.92,6.849502247639821,6.709968510744084,2.1082025744263557,0,12345
0.0,0.1,24,30,Std-CP,0.97,6.583792002466546,6.388606532731618,2.032099105242585,0,12345
0.0,0.1,24,30,Subsampling,1.0,13.677534299633246,13.677534299633244,1.6264909881953126e-15,0,12345
0.0,0.1,24,35,Donor-HCP-no-within,0.91,6.172198919263053,5.745994351417334,1.6965196253218582,0,12345
0.0,0.1,24,35,Donor-HCP-within,0.97,6.139788869200475,6.193269766421459,1.440998207997183,0,12345
0.0,0.1,24,35,HCP,1.0,13.677534299633246,13.677534299633244,1.6264909881953126e-15,0,12345
0.0,0.1,24,35,Pooling,0.99,10.921291477378785,10.921291477378787,0.0,0,12345
0.0,0.1,24,35,Repeated,0.99,11.972950146678654,11.972950146678656,1.5665994789205884e-15,0,12345
0.0,0.1,24,35,S-HCP-within,0.95,7.135464976204293,6.958973130777116,2.086526074509116,0,12345
0.0,0.1,24,35,Std-CP,0.94,6.3980584030032,6.042632191742984,2.1583280071956543,0,12345
0.0,0.1,24,35,Subsampling,1.0,13.677534299633246,13.677534299633244,1.6264909881953126e-15,0,12345
0.0,0.1,25,0,Donor-HCP-no-within,0.97,12.269625715510884,12.269625715510884,1.7853057969915868e-16,0,12345
0.0,0.1,25,0,Donor-HCP-within,0.97,12.269625715510884,12.269625715510884,1.7853057969915868e-16,0,12345
0.0,0.1,25,0,HCP,0.97,12.269625715510884,12.269625715510884,1.7853057969915868e-16,0,12345
0.0,0.1,25,0,Pooling,0.74,7.062243983519306,7.062243983519306,1.7763568394002505e-15,0,12345
0.0,0.1,25,0,Repeated,0.86,8.896093888485595,8.896093888485595,1.3360005245927818e-15,0,12345
0.0,0.1,25,0,S-HCP-within,0.82,8.089750635390645,7.663332237957981,2.0788936091416774,0,12345
0.0,0.1,25,0,Std-CP,1.0,,,,100,12345
0.0,0.1,25,0,Subsampling,0.92,10.173366505744283,10.173366505744283,1.4057511903030687e-15,0,12345
0.0,0.1,25,5,Donor-HCP-no-within,0.89,9.729630859953712,9.552013121608656,1.098217413282158,0,12345
0.0,0.1,25,5,Donor-HCP-within,0.94,9.930174939645607,10.260043000930175,1.157097321524137,0,12345
0.0,0.1,25,5,HCP,0.97,12.269625715510884,12.269625715510884,1.7853057969915868e-16,0,12345
0.0,0.1,25,5,Pooling,0.74,7.062243983519306,7.062243983519306,1.7763568394002505e-15,0,12345
0.0,0.1,25,5,Repeated,0.86,8.896093888485595,8.896093888485595,1.3360005245927818e-15,0,12345
0.0,0.1,25,5,S-HCP-within,0.77,7.1705326158955724,7.402058067029676,0.7117373688891506,0,12345
0.0,0.1,25,5,Std-CP,0.73,5.783249748382479,4.652778264185812,4.059041644495212,0,12345
0.0,0.1,25,5,Subsampling,0.92,10.173366505744283,10.173366505744283,1.4057511903030687e-15,0,12345
0.0,0.1,25,10,Donor-HCP-no-within,0.86,8.936162992226851,9.05693342925688,1.0046905571107554,0,12345
0.0,0.1,25,10,Donor-HCP-within,0.94,8.492803896937732,8.589972985009968,0.6950228896321686,0,12345
0.0,0.1,25,10,HCP,0.97,12.269625715510884,12.269625715510884,1.7853057969915868e-16,0,12345
0.0,0.1,25,10,Pooling,0.74,7.062243983519306,7.062243983519306,1.7763568394002505e-15,0,12345
0.0,0.1,25,10,Repeated,0.86,8.896093888485595,8.896093888485595,1.3360005245927818e-15,0,12345
0.0,0.1,25,10,S-HCP-within,0.77,7.15207669047291,7.120675718789627,0.6499959893682097,0,12345
0.0,0.1,25,10,Std-CP,0.83,50.296973259173704,12.937188560017432,152.48484070383665,0,12345
0.0,0.1,25,10,Subsampling,0.92,10.173366505744283,10.173366505744283,1.4057511903030687e-15,0,12345
0.0,0.1,25,15,Donor-HCP-no-within,0.83,7.920654110743328,8.322098016548678,1.0637792196329232,0,12345
0.0,0.1,25,15,Donor-HCP-within,0.93,7.825881744449259,7.846037710739086,0.571205272694004,0,12345
0.0,0.1,25,15,HCP,0.97,12.269625715510884,12.269625715510884,1.7853057969915868e-16,0,12345
0.0,0.1,25,15,Pooling,0.74,7.062243983519306,7.062243983519306,1.7763568394002505e-15,0,12345
0.0,0.1,25,15,Repeated,0.86,8.896093888485595,8.896093888485595,1.3360005245927818e-15,0,12345
0.0,0.1,25,15,S-HCP-within,0.76,7.0962823869018905,7.120675718789627,0.513789569706154,0,12345
0.0,0.1,25,15,Std-CP,0.89,9.749478751688951,7.5419174091763725,8.080988606549365,0,12345
0.0,0.1,25,15,Subsampling,0.92,10.173366505744283,10.173366505744283,1.4057511903030687e-15,0,12345
0.0,0.1,25,20,Donor-HCP-no-within,0.78,7.411662628466039,7.363818093197324,1.0340626175869012,0,12345
0.0,0.1,25,20,Donor-HCP-within,0.9,6.902439929775917,7.031211453110913,0.4964750889173908,0,12345
0.0,0.1,25,20,HCP,0.97,12.269625715510884,12.269625715510884,1.7853057969915868e-16,0,12345
0.0,0.1,25,20,Pooling,0.74,7.062243983519306,7.062243983519306,1.7763568394002505e-15,0,12345
0.0,0.1,25,20,Repeated,0.86,8.896093888485595,8.896093888485595,1.3360005245927818e-15,0,12345
0.0,0.1,25,20,S-HCP-within,0.76,6.96258110351941,6.987454912178642,0.4582713740199708,0,12345
0.0,0.1,25,20,Std-CP,0.9,7.581609212526724,6.649950001263663,3.9043907896034744,0,12345
0.0,0.1,25,20,Subsampling,0.92,10.173366505744283,10.173366505744283,1.4057511903030687e-15,0,12345
0.0,0.1,25,25,Donor-HCP-no-within,0.88,6.587139448235477,6.329955323861629,2.063332490333156,0,12345
0.0,0.1,25,25,Donor-HCP-within,0.94,5.4366650231226465,5.205366611316318,1.3932596830453627,0,12345
0.0,0.1,25,25,HCP,0.97,12.269625715510884,12.269625715510884,1.7853057969915868e-16,0,12345
0.0,0.1,25,25,Pooling,0.74,7.062243983519306,7.062243983519306,1.7763568394002505e-15,0,12345
0.0,0.1,25,25,Repeated,0.86,8.896093888485595,8.896093888485595,1.3360005245927818e-15,0,12345
0.0,0.1,25,25,S-HCP-within,0.9,6.754194037081469,6.338983271954602,2.2409323470613614,0,12345
0.0,0.1,25,25,Std-CP,0.91,7.123085326639465,6.5574620304776845,2.9214407671034843,0,12345
0.0,0.1,25,25,Subsampling,0.92,10.173366505744283,10.173366505744283,1.4057511903030687e-15,0,12345
0.0,0.1,25,30,Donor-HCP-no-within,0.86,6.242605008449377,5.988392125251076,1.9090467524584007,0,12345
0.0,0.1,25,30,Donor-HCP-within,0.93,5.668831776578989,5.534087284300453,1.5218736187143238,0,12345
0.0,0.1,25,30,HCP,0.97,12.269625715510884,12.269625715510884,1.7853057969915868e-16,0,12345
0.0,0.1,25,30,Pooling,0.74,7.062243983519306,7.062243983519306,1.7763568394002505e-15,0,12345
0.0,0.1,25,30,Repeated,0.86,8.896093888485595,8.896093888485595,1.3360005245927818e-15,0,12345
0.0,0.1,25,30,S-HCP-within,0.9,7.093529444670637,6.905560695577918,2.3790409057423045,0,12345
0.0,0.1,25,30,Std-CP,0.94,6.594257828405289,6.175623334734786,2.1303413322165397,0,12345
0.0,0.1,25,30,Subsampling,0.92,10.173366505744283,10.173366505744283,1.4057511903030687e-15,0,12345
0.0,0.1,25,35,Donor-HCP-no-within,0.88,6.430614266279892,6.144242512464881,1.9258610158703178,0,12345
0.0,0.1,25,35,Donor-HCP-within,0.91,5.858105228292415,5.501941766824042,1.7103634601893185,0,12345
0.0,0.1,25,35,HCP,0.97,12.269625715510884,12.269625715510884,1.7853057969915868e-16,0,12345
0.0,0.1,25,35,Pooling,0.74,7.062243983519306,7.062243983519306,1.7763568394002505e-15,0,12345
0.0,0.1,25,35,Repeated,0.86,8.896093888485595,8.896093888485595,1.3360005245927818e-15,0,12345
0.0,0.1,25,35,S-HCP-within,0.89,7.3215368358152695,7.1651705706881685,2.3737633882966733,0,12345
0.0,0.1,25,35,Std-CP,0.92,6.739371870994308,6.2539148206970445,2.0268759271256007,0,12345
0.0,0.1,25,35,Subsampling,0.92,10.173366505744283,10.173366505744283,1.4057511903030687e-15,0,12345
0.0,0.1,26,0,Donor-HCP-no-within,0.97,10.49703269433474,10.497032694334738,1.2239439900268025e-15,0,12345
0.0,0.1,26,0,Donor-HCP-within,0.97,10.49703269433474,10.497032694334738,1.2239439900268025e-15,0,12345
0.0,0.1,26,0,HCP,0.97,10.49703269433474,10.497032694334738,1.2239439900268025e-15,0,12345
0.0,0.1,26,0,Pooling,0.92,7.756854847293027,7.756854847293027,2.3617375765208525e-16,0,12345
0.0,0.1,26,0,Repeated,0.92,8.50699053896952,8.506990538969518,1.4282446375932695e-15,0,12345
0.0,0.1,26,0,S-HCP-within,0.88,6.580567480080913,6.344004367913083,1.669489889828879,0,12345
0.0,0.1,26,0,Std-CP,1.0,,,,100,12345
0.0,0.1,26,0,Subsampling,0.92,7.799733119956606,7.799733119956606,2.3617375765208525e-16,0,12345
0.0,0.1,26,5,Donor-HCP-no-within,0.94,8.39811650006614,8.549431119946249,0.58111938953413,0,12345
0.0,0.1,26,5,Donor-HCP-within,0.95,8.177917227975376,8.202516116834886,0.4393443774322477,0,12345
0.0,0.1,26,5,HCP,0.97,10.49703269433474,10.497032694334738,1.2239439900268025e-15,0,12345
0.0,0.1,26,5,Pooling,0.92,7.756854847293027,7.756854847293027,2.3617375765208525e-16,0,12345
0.0,0.1,26,5,Repeated,0.92,8.50699053896952,8.506990538969518,1.4282446375932695e-15,0,12345
0.0,0.1,26,5,S-HCP-within,0.87,6.1748705782419515,6.098411816442889,0.6167795516321326,0,12345
0.0,0.1,26,5,Std-CP,0.76,5.583213303572985,4.541138465669181,4.282304473947365,0,12345
0.0,0.1,26,5,Subsampling,0.92,7.799733119956606,7.799733119956606,2.3617375765208525e-16,0,12345
0.0,0.1,26,10,Donor-HCP-no-within,0.91,7.651348840460604,7.836463210310323,0.6685319059269068,0,12345
0.0,0.1,26,10,Donor-HCP-within,0.94,6.5909465379935375,6.551012392808051,0.4360361106461341,0,12345
0.0,0.1,26,10,HCP,0.97,10.49703269433474,10.497032694334738,1.2239439900268025e-15,0,12345
0.0,0.1,26,10,Pooling,0.92,7.756854847293027,7.756854847293027,2.3617375765208525e-16,0,12345
0.0,0.1,26,10,Repeated,0.92,8.50699053896952,8.506990538969518,1.4282446375932695e-15,0,12345
0.0,0.1,26,10,S-HCP-within,0.89,6.076160995199582,6.169567040927548,0.47591743543273834,0,12345
0.0,0.1,26,10,Std-CP,0.87,36.82546207718602,13.146975465749357,72.94663947698231,0,12345
0.0,0.1,26,10,Subsampling,0.92,7.799733119956606,7.799733119956606,2.3617375765208525e-16,0,12345
0.0,0.1,26,15,Donor-HCP-no-within,0.9,7.205678503618587,7.431385038248255,0.7221200809217052,0,12345
0.0,0.1,26,15,Donor-HCP-within,0.91,5.831885811104232,5.794976644004727,0.3325702333551927,0,12345
0.0,0.1,26,15,HCP,0.97,10.49703269433474,10.497032694334738,1.2239439900268025e-15,0,12345
0.0,0.1,26,15,Pooling,0.92,7.756854847293027,7.756854847293027,2.3617375765208525e-16,0,12345
0.0,0.1,26,15,Repeated,0.92,8.50699053896952,8.506990538969518,1.4282446375932695e-15,0,12345
0.0,0.1,26,15,S-HCP-within,0.87,6.07993722234645,6.085769502600126,0.44087369533392384,0,12345
0.0,0.1,26,15,Std-CP,0.89,8.953140213404998,7.172770302428783,5.7693403510333265,0,12345
0.0,0.1,26,15,Subsampling,0.92,7.799733119956606,7.799733119956606,2.3617375765208525e-16,0,12345
0.0,0.1,26,20,Donor-HCP-no-within,0.91,7.034680415312062,7.1847807900952825,0.7439390165563677,0,12345
0.0,0.1,26,20,Donor-HCP-within,0.89,5.252104102379096,5.229862431590177,0.18367554943396827,0,12345
0.0,0.1,26,20,HCP,0.97,10.49703269433474,10.497032694334738,1.2239439900268025e-15,0,12345
0.0,0.1,26,20,Pooling,0.92,7.756854847293027,7.756854847293027,2.3617375765208525e-16,0,12345
0.0,0.1,26,20,Repeated,0.92,8.50699053896952,8.506990538969518,1.4282446375932695e-15,0,12345
0.0,0.1,26,20,S-HCP-within,0.89,5.905665572296268,5.936107418883829,0.3236198623380661,0,12345
0.0,0.1,26,20,Std-CP,0.87,6.4261368366523515,5.985150025538383,2.8343130919827852,0,12345
0.0,0.1,26,20,Subsampling,0.92,7.799733119956606,7.799733119956606,2.3617375765208525e-16,0,12345
0.0,0.1,26,25,Donor-HCP-no-within,0.95,5.9995980568572875,5.385361659605191,2.4206390580104573,0,12345
0.0,0.1,26,25,Donor-HCP-within,0.94,5.381563709272026,5.082912770427223,1.7418324055283367,0,12345
0.0,0.1,26,25,HCP,0.97,10.49703269433474,10.497032694334738,1.2239439900268025e-15,0,12345
0.0,0.1,26,25,Pooling,0.92,7.756854847293027,7.756854847293027,2.3617375765208525e-16,0,12345
0.0,0.1,26,25,Repeated,0.92,8.50699053896952,8.506990538969518,1.4282446375932695e-15,0,12345
0.0,0.1,26,25,S-HCP-within,0.94,6.258853962325831,5.531650026158177,2.421214611773466,0,12345
0.0,0.1,26,25,Std-CP,0.87,6.700281974033194,5.972576544454575,3.2955351060335296,0,12345
0.0,0.1,26,25,Subsampling,0.92,7.799733119956606,7.799733119956606,2.3617375765208525e-16,0,12345
0.0,0.1,26,30,Donor-HCP-no-within,0.93,5.751977703138845,5.200926646993986,2.357728331612297,0,12345
0.0,0.1,26,30,Donor-HCP-within,0.94,5.508734142154189,5.371658121799757,1.5647060583801469,0,12345
0.0,0.1,26,30,HCP,0.97,10.49703269433474,10.497032694334738,1.2239439900268025e-15,0,12345
0.0,0.1,26,30,Pooling,0.92,7.756854847293027,7.756854847293027,2.3617375765208525e-16,0,12345
0.0,0.1,26,30,Repeated,0.92,8.50699053896952,8.506990538969518,1.4282446375932695e-15,0,12345
0.0,0.1,26,30,S-HCP-within,0.95,6.407500259292175,5.7066040753306915,2.4773061691055576,0,12345
0.0,0.1,26,30,Std-CP,0.93,6.076855548310755,5.709753627893904,1.9370088842204247,0,12345
0.0,0.1,26,30,Subsampling,0.92,7.799733119956606,7.799733119956606,2.3617375765208525e-16,0,12345
0.0,0.1,26,35,Donor-HCP-no-within,0.96,5.934665978298187,5.358409025853288,2.3292976713405245,0,12345
0.0,0.1,26,35,Donor-HCP-within,0.93,5.772355007168082,5.495063227661518,1.5704757647118903,0,12345
0.0,0.1,26,35,HCP,0.97,10.49703269433474,10.497032694334738,1.2239439900268025e-15,0,12345
0.0,0.1,26,35,Pooling,0.92,7.756854847293027,7.756854847293027,2.3617375765208525e-16,0,12345
0.0,0.1,26,35,Repeated,0.92,8.50699053896952,8.506990538969518,1.4282446375932695e-15,0,12345
0.0,0.1,26,35,S-HCP-within,0.98,6.699550154688865,6.0592943072284715,2.57468994711929,0,12345
0.0,0.1,26,35,Std-CP,0.94,6.373733060333238,6.245295732844783,2.06981381185437,0,12345
0.0,0.1,26,35,Subsampling,0.92,7.799733119956606,7.799733119956606,2.3617375765208525e-16,0,12345
0.0,0.1,27,0,Donor-HCP-no-within,0.95,11.540325884960517,11.540325884960517,0.0,0,12345
0.0,0.1,27,0,Donor-HCP-within,0.95,11.540325884960517,11.540325884960517,0.0,0,12345
0.0,0.1,27,0,HCP,0.95,11.540325884960517,11.540325884960517,0.0,0,12345
0.0,0.1,27,0,Pooling,0.84,8.54157889462251,8.54157889462251,0.0,0,12345
0.0,0.1,27,0,Repeated,0.89,9.873472559011311,9.873472559011311,0.0,0,12345
0.0,0.1,27,0,S-HCP-within,0.99,10.536658907157191,11.067704252266058,1.8273967667746784,0,12345
0.0,0.1,27,0,Std-CP,1.0,,,,100,12345
0.0,0.1,27,0,Subsampling,0.95,11.214700931097035,11.214700931097035,0.0,0,12345
0.0,0.1,27,5,Donor-HCP-no-within,0.94,10.743665357047252,10.79271585836041,0.8280765593646389,0,12345
0.0,0.1,27,5,Donor-HCP-within,0.96,10.288600099028647,10.421750504630555,0.8229967285866094,0,12345
0.0,0.1,27,5,HCP,0.95,11.540325884960517,11.540325884960517,0.0,0,12345
0.0,0.1,27,5,Pooling,0.84,8.54157889462251,8.54157889462251,0.0,0,12345
0.0,0.1,27,5,Repeated,0.89,9.873472559011311,9.873472559011311,0.0,0,12345
0.0,0.1,27,5,S-HCP-within,0.99,10.047047505187304,10.07879576424348,1.1225710472796404,0,12345
0.0,0.1,27,5,Std-CP,0.76,5.458643733882525,4.388594149627122,4.097447497294837,0,12345
0.0,0.1,27,5,Subsampling,0.95,11.214700931097035,11.214700931097035,0.0,0,12345
0.0,0.1,27,10,Donor-HCP-no-within,0.94,9.426164069451788,9.606305855571435,0.9454617612642563,0,12345
0.0,0.1,27,10,Donor-HCP-within,0.93,8.142857629589878,8.137587035107003,0.3128831423616313,0,12345
0.0,0.1,27,10,HCP,0.95,11.540325884960517,11.540325884960517,0.0,0,12345
0.0,0.1,27,10,Pooling,0.84,8.54157889462251,8.54157889462251,0.0,0,12345
0.0,0.1,27,10,Repeated,0.89,9.873472559011311,9.873472559011311,0.0,0,12345
0.0,0.1,27,10,S-HCP-within,0.97,9.947592290324797,10.013753430154722,0.8776290894298631,0,12345
0.0,0.1,27,10,Std-CP,0.8,25.63978425159435,10.933625034489753,70.24343812055069,0,12345
0.0,0.1,27,10,Subsampling,0.95,11.214700931097035,11.214700931097035,0.0,0,12345
0.0,0.1,27,15,Donor-HCP-no-within,0.9,8.808383908618087,8.792646475875927,0.7929139588350513,0,12345
0.0,0.1,27,15,Donor-HCP-within,0.94,7.14501900532202,7.195509548434019,0.3849743898755317,0,12345
0.0,0.1,27,15,HCP,0.95,11.540325884960517,11.540325884960517,0.0,0,12345
0.0,0.1,27,15,Pooling,0.84,8.54157889462251,8.54157889462251,0.0,0,12345
0.0,0.1,27,15,Repeated,0.89,9.873472559011311,9.873472559011311,0.0,0,12345
0.0,0.1,27,15,S-HCP-within,0.98,9.926843990190765,10.007400357998016,0.594599528470226,0,12345
0.0,0.1,27,15,Std-CP,0.9,9.038645184866398,7.906301495694164,5.906490929951329,0,12345
0.0,0.1,27,15,Subsampling,0.95,11.214700931097035,11.214700931097035,0.0,0,12345
0.0,0.1,27,20,Donor-HCP-no-within,0.86,8.439124286227043,8.61332023426889,0.9141836746564287,0,12345
0.0,0.1,27,20,Donor-HCP-within,0.89,5.70478656531785,5.703630837177798,0.2690703269096149,0,12345
0.0,0.1,27,20,HCP,0.95,11.540325884960517,11.540325884960517,0.0,0,12345
0.0,0.1,27,20,Pooling,0.84,8.54157889462251,8.54157889462251,0.0,0,12345
0.0,0.1,27,20,Repeated,0.89,9.873472559011311,9.873472559011311,0.0,0,12345
0.0,0.1,27,20,S-HCP-within,0.98,9.698255679948684,9.784296678754828,0.568424020488255,0,12345
0.0,0.1,27,20,Std-CP,0.94,6.191705760802755,5.781962770282982,2.2832265329951746,0,12345
0.0,0.1,27,20,Subsampling,0.95,11.214700931097035,11.214700931097035,0.0,0,12345
0.0,0.1,27,25,Donor-HCP-no-within,0.92,6.265479020140782,6.05255234629413,1.718626545560413,0,12345
0.0,0.1,27,25,Donor-HCP-within,0.91,5.586492956988253,5.511903178510147,1.5990202271731095,0,12345
0.0,0.1,27,25,HCP,0.95,11.540325884960517,11.540325884960517,0.0,0,12345
0.0,0.1,27,25,Pooling,0.84,8.54157889462251,8.54157889462251,0.0,0,12345
0.0,0.1,27,25,Repeated,0.89,9.873472559011311,9.873472559011311,0.0,0,12345
0.0,0.1,27,25,S-HCP-within,0.92,6.756838459394994,6.661787869590716,1.8622054954734486,0,12345
0.0,0.1,27,25,Std-CP,0.89,6.055225894099021,5.880913807973021,2.139402393657191,0,12345
0.0,0.1,27,25,Subsampling,0.95,11.214700931097035,11.214700931097035,0.0,0,12345
0.0,0.1,27,30,Donor-HCP-no-within,0.89,5.91236200818452,5.585636133392452,1.6737373942959797,0,12345
0.0,0.1,27,30,Donor-HCP-within,0.96,5.793696280590588,5.747836961877047,1.631790821813219,0,12345
0.0,0.1,27,30,HCP,0.95,11.540325884960517,11.540325884960517,0.0,0,12345
0.0,0.1,27,30,Pooling,0.84,8.54157889462251,8.54157889462251,0.0,0,12345
0.0,0.1,27,30,Repeated,0.89,9.873472559011311,9.873472559011311,0.0,0,12345
0.0,0.1,27,30,S-HCP-within,0.92,7.021541105330699,6.818725720123659,1.879655456020012,0,12345
0.0,0.1,27,30,Std-CP,0.88,5.872839125144163,5.856846157341886,1.7855776752561159,0,12345
0.0,0.1,27,30,Subsampling,0.95,11.214700931097035,11.214700931097035,0.0,0,12345
0.0,0.1,27,35,Donor-HCP-no-within,0.89,6.153788111770186,5.959834159335124,1.7030525497768236,0,12345
0.0,0.1,27,35,Donor-HCP-within,0.96,6.060124317386279,5.965558153180582,1.7101508461574653,0,12345
0.0,0.1,27,35,HCP,0.95,11.540325884960517,11.540325884960517,0.0,0,12345
0.0,0.1,27,35,Pooling,0.84,8.54157889462251,8.54157889462251,0.0,0,12345
0.0,0.1,27,35,Repeated,0.89,9.873472559011311,9.873472559011311,0.0,0,12345
0.0,0.1,27,35,S-HCP-within,0.95,7.388701124866252,7.2916407321107855,1.9434885266535704,0,12345
0.0,0.1,27,35,Std-CP,0.96,6.215214744271944,5.799527817163274,1.8928557055952036,0,12345
0.0,0.1,27,35,Subsampling,0.95,11.214700931097035,11.214700931097035,0.0,0,12345
0.0,0.1,28,0,Donor-HCP-no-within,0.93,8.271163936070277,8.271163936070277,1.071183478194952e-15,0,12345
0.0,0.1,28,0,Donor-HCP-within,0.93,8.271163936070277,8.271163936070277,1.071183478194952e-15,0,12345
0.0,0.1,28,0,HCP,0.93,8.271163936070277,8.271163936070277,1.071183478194952e-15,0,12345
0.0,0.1,28,0,Pooling,0.73,5.492387290324665,5.492387290324665,5.502682027278313e-16,0,12345
0.0,0.1,28,0,Repeated,0.82,6.48390352357764,6.48390352357764,1.240113039437283e-15,0,12345
0.0,0.1,28,0,S-HCP-within,0.86,7.64487192205801,7.214744941965573,1.739885302936045,0,12345
0.0,0.1,28,0,Std-CP,1.0,,,,100,12345
0.0,0.1,28,0,Subsampling,0.41,2.872198030819776,2.872198030819776,1.3589156208148618e-15,0,12345
0.0,0.1,28,5,Donor-HCP-no-within,0.8,6.26076674818611,6.140800316782312,0.4812059487529348,0,12345
0.0,0.1,28,5,Donor-HCP-within,0.88,6.470053366815609,6.291694964588947,0.441266377914742,0,12345
0.0,0.1,28,5,HCP,0.93,8.271163936070277,8.271163936070277,1.071183478194952e-15,0,12345
0.0,0.1,28,5,Pooling,0.73,5.492387290324665,5.492387290324665,5.502682027278313e-16,0,12345
0.0,0.1,28,5,Repeated,0.82,6.48390352357764,6.48390352357764,1.240113039437283e-15,0,12345
0.0,0.1,28,5,S-HCP-within,0.86,6.984372119821578,6.920842520287528,0.863796215296785,0,12345
0.0,0.1,28,5,Std-CP,0.77,5.53971907346222,4.61732159394975,3.263678065093471,0,12345
0.0,0.1,28,5,Subsampling,0.41,2.872198030819776,2.872198030819776,1.3589156208148618e-15,0,12345
0.0,0.1,28,10,Donor-HCP-no-within,0.8,5.726203465137324,5.5928785034840685,0.45003758417056977,0,12345
0.0,0.1,28,10,Donor-HCP-within,0.9,5.976579248208634,5.861936399593228,0.39801755511516734,0,12345
0.0,0.1,28,10,HCP,0.93,8.271163936070277,8.271163936070277,1.071183478194952e-15,0,12345
0.0,0.1,28,10,Pooling,0.73,5.492387290324665,5.492387290324665,5.502682027278313e-16,0,12345
0.0,0.1,28,10,Repeated,0.82,6.48390352357764,6.48390352357764,1.240113039437283e-15,0,12345
0.0,0.1,28,10,S-HCP-within,0.85,6.86595746169674,6.883886229890981,0.7514188225779918,0,12345
0.0,0.1,28,10,Std-CP,0.85,49.944728903323224,11.322367863371198,313.5362359405803,0,12345
0.0,0.1,28,10,Subsampling,0.41,2.872198030819776,2.872198030819776,1.3589156208148618e-15,0,12345
0.0,0.1,28,15,Donor-HCP-no-within,0.76,5.428469703300992,5.2951157369111135,0.3845070989544819,0,12345
0.0,0.1,28,15,Donor-HCP-within,0.85,5.225337546105646,5.242611402796918,0.3217903962528238,0,12345
0.0,0.1,28,15,HCP,0.93,8.271163936070277,8.271163936070277,1.071183478194952e-15,0,12345
0.0,0.1,28,15,Pooling,0.73,5.492387290324665,5.492387290324665,5.502682027278313e-16,0,12345
0.0,0.1,28,15,Repeated,0.82,6.48390352357764,6.48390352357764,1.240113039437283e-15,0,12345
0.0,0.1,28,15,S-HCP-within,0.85,6.903677474560606,6.7597439337748355,0.5784978802335642,0,12345
0.0,0.1,28,15,Std-CP,0.89,9.900150615436758,8.317531529754232,8.731621710058477,0,12345
0.0,0.1,28,15,Subsampling,0.41,2.872198030819776,2.872198030819776,1.3589156208148618e-15,0,12345
0.0,0.1,28,20,Donor-HCP-no-within,0.68,5.259931932815615,5.1373159721335675,0.4656353482255902,0,12345
0.0,0.1,28,20,Donor-HCP-within,0.87,4.846318524856322,4.860215726571546,0.2396612166044601,0,12345
0.0,0.1,28,20,HCP,0.93,8.271163936070277,8.271163936070277,1.071183478194952e-15,0,12345
0.0,0.1,28,20,Pooling,0.73,5.492387290324665,5.492387290324665,5.502682027278313e-16,0,12345
0.0,0.1,28,20,Repeated,0.82,6.48390352357764,6.48390352357764,1.240113039437283e-15,0,12345
0.0,0.1,28,20,S-HCP-within,0.85,6.75188434598723,6.671798851206518,0.5275693488966584,0,12345
0.0,0.1,28,20,Std-CP,0.93,6.635249230185436,6.304604373972184,2.508557812378937,0,12345
0.0,0.1,28,20,Subsampling,0.41,2.872198030819776,2.872198030819776,1.3589156208148618e-15,0,12345
0.0,0.1,28,25,Donor-HCP-no-within,0.89,6.725477747096133,6.221889302916601,2.4929741430185723,0,12345
0.0,0.1,28,25,Donor-HCP-within,0.88,5.389431045027733,5.083296190129408,1.6746808474694779,0,12345
0.0,0.1,28,25,HCP,0.93,8.271163936070277,8.271163936070277,1.071183478194952e-15,0,12345
0.0,0.1,28,25,Pooling,0.73,5.492387290324665,5.492387290324665,5.502682027278313e-16,0,12345
0.0,0.1,28,25,Repeated,0.82,6.48390352357764,6.48390352357764,1.240113039437283e-15,0,12345
0.0,0.1,28,25,S-HCP-within,0.92,7.035637635458145,6.9814970572830255,2.4759015288168262,0,12345
0.0,0.1,28,25,Std-CP,0.94,6.431277503450873,6.236443761055568,2.1212683714448413,0,12345
0.0,0.1,28,25,Subsampling,0.41,2.872198030819776,2.872198030819776,1.3589156208148618e-15,0,12345
0.0,0.1,28,30,Donor-HCP-no-within,0.86,6.2937284117822,5.834322861363819,2.282396105377045,0,12345
0.0,0.1,28,30,Donor-HCP-within,0.86,5.442435220267852,5.137100009935051,1.737378550548188,0,12345
0.0,0.1,28,30,HCP,0.93,8.271163936070277,8.271163936070277,1.071183478194952e-15,0,12345
0.0,0.1,28,30,Pooling,0.73,5.492387290324665,5.492387290324665,5.502682027278313e-16,0,12345
0.0,0.1,28,30,Repeated,0.82,6.48390352357764,6.48390352357764,1.240113039437283e-15,0,12345
0.0,0.1,28,30,S-HCP-within,0.92,7.253907954859605,7.030305920450401,2.5176662727194974,0,12345
0.0,0.1,28,30,Std-CP,0.91,6.250638671017316,5.942678401111877,2.0180488271991686,0,12345
0.0,0.1,28,30,Subsampling,0.41,2.872198030819776,2.872198030819776,1.3589156208148618e-15,0,12345
0.0,0.1,28,35,Donor-HCP-no-within,0.89,6.483313335476583,5.923594069922956,2.299271664348225,0,12345
0.0,0.1,28,35,Donor-HCP-within,0.92,5.952468783869441,5.727135093388007,1.6495355634235231,0,12345
0.0,0.1,28,35,HCP,0.93,8.271163936070277,8.271163936070277,1.071183478194952e-15,0,12345
0.0,0.1,28,35,Pooling,0.73,5.492387290324665,5.492387290324665,5.502682027278313e-16,0,12345
0.0,0.1,28,35,Repeated,0.82,6.48390352357764,6.48390352357764,1.240113039437283e-15,0,12345
0.0,0.1,28,35,S-HCP-within,0.95,7.579492421313438,7.127294158439535,2.5248041057400332,0,12345
0.0,0.1,28,35,Std-CP,0.94,6.292347551573762,6.074336480280975,1.7941695175134034,0,12345
0.0,0.1,28,35,Subsampling,0.41,2.872198030819776,2.872198030819776,1.3589156208148618e-15,0,12345
0.0,0.1,29,0,Donor-HCP-no-within,0.97,10.692240800232355,10.692240800232355,7.574411013266429e-16,0,12345
0.0,0.1,29,0,Donor-HCP-within,0.97,10.692240800232355,10.692240800232355,7.574411013266429e-16,0,12345
0.0,0.1,29,0,HCP,0.97,10.692240800232355,10.692240800232355,7.574411013266429e-16,0,12345
0.0,0.1,29,0,Pooling,0.84,6.571754437251421,6.571754437251421,6.43701159343627e-16,0,12345
0.0,0.1,29,0,Repeated,0.93,8.007747886879843,8.007747886879843,2.3482031523220373e-15,0,12345
0.0,0.1,29,0,S-HCP-within,0.9,8.434407139263367,8.309391123001006,2.4321321505830134,0,12345
0.0,0.1,29,0,Std-CP,1.0,,,,100,12345
0.0,0.1,29,0,Subsampling,0.95,9.024819492597352,9.024819492597352,6.914459619635975e-16,0,12345
0.0,0.1,29,5,Donor-HCP-no-within,0.94,8.208176480030218,8.089478271810535,0.9872090254669724,0,12345
0.0,0.1,29,5,Donor-HCP-within,0.95,8.711071320678423,8.645018767773777,0.7849303254261885,0,12345
0.0,0.1,29,5,HCP,0.97,10.692240800232355,10.692240800232355,7.574411013266429e-16,0,12345
0.0,0.1,29,5,Pooling,0.84,6.571754437251421,6.571754437251421,6.43701159343627e-16,0,12345
0.0,0.1,29,5,Repeated,0.93,8.007747886879843,8.007747886879843,2.3482031523220373e-15,0,12345
0.0,0.1,29,5,S-HCP-within,0.89,7.430764280782991,7.263683638067725,1.0183682162957064,0,12345
0.0,0.1,29,5,Std-CP,0.79,6.160824379291621,4.855023037791445,4.197320941713648,0,12345
0.0,0.1,29,5,Subsampling,0.95,9.024819492597352,9.024819492597352,6.914459619635975e-16,0,12345
0.0,0.1,29,10,Donor-HCP-no-within,0.87,7.401800632543257,7.064044208973161,0.8433226212112203,0,12345
0.0,0.1,29,10,Donor-HCP-within,0.92,7.233303201426375,7.239675830392983,0.5600557043966147,0,12345
0.0,0.1,29,10,HCP,0.97,10.692240800232355,10.692240800232355,7.574411013266429e-16,0,12345
0.0,0.1,29,10,Pooling,0.84,6.571754437251421,6.571754437251421,6.43701159343627e-16,0,12345
0.0,0.1,29,10,Repeated,0.93,8.007747886879843,8.007747886879843,2.3482031523220373e-15,0,12345
0.0,0.1,29,10,S-HCP-within,0.85,7.0799008098597405,6.686536094299519,0.8959992393984475,0,12345
0.0,0.1,29,10,Std-CP,0.82,37.9587640105146,12.06254794999831,105.87829226920842,0,12345
0.0,0.1,29,10,Subsampling,0.95,9.024819492597352,9.024819492597352,6.914459619635975e-16,0,12345
0.0,0.1,29,15,Donor-HCP-no-within,0.89,6.845726706524756,6.797915491872324,0.5602412805917366,0,12345
0.0,0.1,29,15,Donor-HCP-within,0.92,6.150912440549221,6.118222828218251,0.3636531625711783,0,12345
0.0,0.1,29,15,HCP,0.97,10.692240800232355,10.692240800232355,7.574411013266429e-16,0,12345
0.0,0.1,29,15,Pooling,0.84,6.571754437251421,6.571754437251421,6.43701159343627e-16,0,12345
0.0,0.1,29,15,Repeated,0.93,8.007747886879843,8.007747886879843,2.3482031523220373e-15,0,12345
0.0,0.1,29,15,S-HCP-within,0.9,6.991174211347943,6.686536094299516,0.8021291929414043,0,12345
0.0,0.1,29,15,Std-CP,0.89,9.514042934278102,8.552116894967524,5.132924188948885,0,12345
0.0,0.1,29,15,Subsampling,0.95,9.024819492597352,9.024819492597352,6.914459619635975e-16,0,12345
0.0,0.1,29,20,Donor-HCP-no-within,0.84,6.418547261167301,6.4306393053150686,0.6723771655995076,0,12345
0.0,0.1,29,20,Donor-HCP-within,0.91,5.3877980766907685,5.380457282362187,0.27464054560020223,0,12345
0.0,0.1,29,20,HCP,0.97,10.692240800232355,10.692240800232355,7.574411013266429e-16,0,12345
0.0,0.1,29,20,Pooling,0.84,6.571754437251421,6.571754437251421,6.43701159343627e-16,0,12345
0.0,0.1,29,20,Repeated,0.93,8.007747886879843,8.007747886879843,2.3482031523220373e-15,0,12345
0.0,0.1,29,20,S-HCP-within,0.86,6.705243584176157,6.4621807742015775,0.5943988670493136,0,12345
0.0,0.1,29,20,Std-CP,0.93,7.257214517278942,6.209892460179934,3.4704366304656467,0,12345
0.0,0.1,29,20,Subsampling,0.95,9.024819492597352,9.024819492597352,6.914459619635975e-16,0,12345
0.0,0.1,29,25,Donor-HCP-no-within,0.92,6.370377455077053,5.998568550919854,1.7688028710109003,0,12345
0.0,0.1,29,25,Donor-HCP-within,0.92,5.792286483002819,5.492516946741679,1.7510004367792058,0,12345
0.0,0.1,29,25,HCP,0.97,10.692240800232355,10.692240800232355,7.574411013266429e-16,0,12345
0.0,0.1,29,25,Pooling,0.84,6.571754437251421,6.571754437251421,6.43701159343627e-16,0,12345
0.0,0.1,29,25,Repeated,0.93,8.007747886879843,8.007747886879843,2.3482031523220373e-15,0,12345
0.0,0.1,29,25,S-HCP-within,0.94,6.756875227183705,6.359916291976792,2.3133620909394548,0,12345
0.0,0.1,29,25,Std-CP,0.96,6.935731569161236,6.622956584222251,2.447193289482962,0,12345
0.0,0.1,29,25,Subsampling,0.95,9.024819492597352,9.024819492597352,6.914459619635975e-16,0,12345
0.0,0.1,29,30,Donor-HCP-no-within,0.9,5.895807714564565,5.49371799028853,1.7501161964925656,0,12345
0.0,0.1,29,30,Donor-HCP-within,0.96,5.9747465729977485,5.766879596446275,1.7010498014772788,0,12345
0.0,0.1,29,30,HCP,0.97,10.692240800232355,10.692240800232355,7.574411013266429e-16,0,12345
0.0,0.1,29,30,Pooling,0.84,6.571754437251421,6.571754437251421,6.43701159343627e-16,0,12345
0.0,0.1,29,30,Repeated,0.93,8.007747886879843,8.007747886879843,2.3482031523220373e-15,0,12345
0.0,0.1,29,30,S-HCP-within,0.95,6.805418311413073,6.4395787104593465,2.2744599143055235,0,12345
0.0,0.1,29,30,Std-CP,0.9,6.571080300192952,6.10114586095111,2.3083775572112604,0,12345
0.0,0.1,29,30,Subsampling,0.95,9.024819492597352,9.024819492597352,6.914459619635975e-16,0,12345
0.0,0.1,29,35,Donor-HCP-no-within,0.9,6.07172298894683,5.676042001844047,1.8046028022534821,0,12345
0.0,0.1,29,35,Donor-HCP-within,0.97,6.029922132524579,5.92126717238041,1.5282491429161498,0,12345
0.0,0.1,29,35,HCP,0.97,10.692240800232355,10.692240800232355,7.574411013266429e-16,0,12345
0.0,0.1,29,35,Pooling,0.84,6.571754437251421,6.571754437251421,6.43701159343627e-16,0,12345
0.0,0.1,29,35,Repeated,0.93,8.007747886879843,8.007747886879843,2.3482031523220373e-15,0,12345
0.0,0.1,29,35,S-HCP-within,0.93,6.848744263181638,6.4395787104593465,2.2633152832434797,0,12345
0.0,0.1,29,35,Std-CP,0.96,6.557419238008457,6.2431609299025945,1.967432122572108,0,12345
0.0,0.1,29,35,Subsampling,0.95,9.024819492597352,9.024819492597352,6.914459619635975e-16,0,12345
0.0,0.1,30,0,Donor-HCP-no-within,0.98,11.097077570359154,11.097077570359154,1.820661819318084e-15,0,12345
0.0,0.1,30,0,Donor-HCP-within,0.98,11.097077570359154,11.097077570359154,1.820661819318084e-15,0,12345
0.0,0.1,30,0,HCP,0.98,11.097077570359154,11.097077570359154,1.820661819318084e-15,0,12345
0.0,0.1,30,0,Pooling,0.9,8.477134702721884,8.477134702721884,1.7673625697621668e-15,0,12345
0.0,0.1,30,0,Repeated,0.94,9.207001645630951,9.207001645630951,1.596826049079051e-15,0,12345
0.0,0.1,30,0,S-HCP-within,0.95,9.079451595241935,8.684125559701844,2.0422068219450398,0,12345
0.0,0.1,30,0,Std-CP,1.0,,,,100,12345
0.0,0.1,30,0,Subsampling,0.88,7.8226762656327935,7.8226762656327935,9.899999558319776e-16,0,12345
0.0,0.1,30,5,Donor-HCP-no-within,0.96,10.599649270106879,11.446663227790006,1.5899250628184722,0,12345
0.0,0.1,30,5,Donor-HCP-within,0.96,9.982151195953696,10.745316916220439,1.471922959992234,0,12345
0.0,0.1,30,5,HCP,0.98,11.097077570359154,11.097077570359154,1.820661819318084e-15,0,12345
0.0,0.1,30,5,Pooling,0.9,8.477134702721884,8.477134702721884,1.7673625697621668e-15,0,12345
0.0,0.1,30,5,Repeated,0.94,9.207001645630951,9.207001645630951,1.596826049079051e-15,0,12345
0.0,0.1,30,5,S-HCP-within,0.96,8.00394349771562,7.914431047696448,0.6678742586781231,0,12345
0.0,0.1,30,5,Std-CP,0.84,6.007214549359155,4.993991404286872,4.937032541499396,0,12345
0.0,0.1,30,5,Subsampling,0.88,7.8226762656327935,7.8226762656327935,9.899999558319776e-16,0,12345
0.0,0.1,30,10,Donor-HCP-no-within,0.95,10.12430252783689,10.114425650430377,1.2629419179513428,0,12345
0.0,0.1,30,10,Donor-HCP-within,0.95,8.208118754414716,8.646134886618741,1.1829628018687528,0,12345
0.0,0.1,30,10,HCP,0.98,11.097077570359154,11.097077570359154,1.820661819318084e-15,0,12345
0.0,0.1,30,10,Pooling,0.9,8.477134702721884,8.477134702721884,1.7673625697621668e-15,0,12345
0.0,0.1,30,10,Repeated,0.94,9.207001645630951,9.207001645630951,1.596826049079051e-15,0,12345
0.0,0.1,30,10,S-HCP-within,0.94,7.900136111972564,7.864063547942187,0.6553717295682341,0,12345
0.0,0.1,30,10,Std-CP,0.89,58.06111331016243,14.932157825544227,150.86966978961226,0,12345
0.0,0.1,30,10,Subsampling,0.88,7.8226762656327935,7.8226762656327935,9.899999558319776e-16,0,12345
0.0,0.1,30,15,Donor-HCP-no-within,0.9,8.944985025410094,8.766512749575885,1.2580275369558773,0,12345
0.0,0.1,30,15,Donor-HCP-within,0.94,7.054677576005852,6.963092257875346,1.032274106477636,0,12345
0.0,0.1,30,15,HCP,0.98,11.097077570359154,11.097077570359154,1.820661819318084e-15,0,12345
0.0,0.1,30,15,Pooling,0.9,8.477134702721884,8.477134702721884,1.7673625697621668e-15,0,12345
0.0,0.1,30,15,Repeated,0.94,9.207001645630951,9.207001645630951,1.596826049079051e-15,0,12345
0.0,0.1,30,15,S-HCP-within,0.93,7.899488775904481,7.905123987620165,0.41875393633239844,0,12345
0.0,0.1,30,15,Std-CP,0.91,9.031364177472033,7.70892754892907,5.25629845514794,0,12345
0.0,0.1,30,15,Subsampling,0.88,7.8226762656327935,7.8226762656327935,9.899999558319776e-16,0,12345
0.0,0.1,30,20,Donor-HCP-no-within,0.9,8.746261210851031,9.139383145561737,1.2538920148371566,0,12345
0.0,0.1,30,20,Donor-HCP-within,0.89,5.670839259177112,5.575023348722157,0.5880838330465468,0,12345
0.0,0.1,30,20,HCP,0.98,11.097077570359154,11.097077570359154,1.820661819318084e-15,0,12345
0.0,0.1,30,20,Pooling,0.9,8.477134702721884,8.477134702721884,1.7673625697621668e-15,0,12345
0.0,0.1,30,20,Repeated,0.94,9.207001645630951,9.207001645630951,1.596826049079051e-15,0,12345
0.0,0.1,30,20,S-HCP-within,0.93,7.772166818943183,7.719048252550671,0.3613939005195005,0,12345
0.0,0.1,30,20,Std-CP,0.92,6.734774010895108,6.511235316452567,2.5369409437996415,0,12345
0.0,0.1,30,20,Subsampling,0.88,7.8226762656327935,7.8226762656327935,9.899999558319776e-16,0,12345
0.0,0.1,30,25,Donor-HCP-no-within,0.94,6.810325855784928,6.6331044723857815,2.1885569492271206,0,12345
0.0,0.1,30,25,Donor-HCP-within,0.95,5.851286056900372,5.859202061496739,1.4638463599078102,0,12345
0.0,0.1,30,25,HCP,0.98,11.097077570359154,11.097077570359154,1.820661819318084e-15,0,12345
0.0,0.1,30,25,Pooling,0.9,8.477134702721884,8.477134702721884,1.7673625697621668e-15,0,12345
0.0,0.1,30,25,Repeated,0.94,9.207001645630951,9.207001645630951,1.596826049079051e-15,0,12345
0.0,0.1,30,25,S-HCP-within,0.92,7.208146693146347,6.972796546599174,2.506298203053454,0,12345
0.0,0.1,30,25,Std-CP,0.93,6.755691868062591,6.3310833941104745,2.740122623657116,0,12345
0.0,0.1,30,25,Subsampling,0.88,7.8226762656327935,7.8226762656327935,9.899999558319776e-16,0,12345
0.0,0.1,30,30,Donor-HCP-no-within,0.93,6.3728436156164445,6.063717283704891,2.0500322231362285,0,12345
0.0,0.1,30,30,Donor-HCP-within,0.95,5.8187603091812266,5.607699190252993,1.5262170760387523,0,12345
0.0,0.1,30,30,HCP,0.98,11.097077570359154,11.097077570359154,1.820661819318084e-15,0,12345
0.0,0.1,30,30,Pooling,0.9,8.477134702721884,8.477134702721884,1.7673625697621668e-15,0,12345
0.0,0.1,30,30,Repeated,0.94,9.207001645630951,9.207001645630951,1.596826049079051e-15,0,12345
0.0,0.1,30,30,S-HCP-within,0.94,7.369816732563976,7.074001093742527,2.3601747140352702,0,12345
0.0,0.1,30,30,Std-CP,0.96,6.366958225932455,6.0468275330387815,1.889875143053005,0,12345
0.0,0.1,30,30,Subsampling,0.88,7.8226762656327935,7.8226762656327935,9.899999558319776e-16,0,12345
0.0,0.1,30,35,Donor-HCP-no-within,0.94,6.558500436934089,6.287460880049552,2.020920472215558,0,12345
0.0,0.1,30,35,Donor-HCP-within,0.96,6.031644278754645,5.928375432400382,1.515171550756419,0,12345
0.0,0.1,30,35,HCP,0.98,11.097077570359154,11.097077570359154,1.820661819318084e-15,0,12345
0.0,0.1,30,35,Pooling,0.9,8.477134702721884,8.477134702721884,1.7673625697621668e-15,0,12345
0.0,0.1,30,35,Repeated,0.94,9.207001645630951,9.207001645630951,1.596826049079051e-15,0,12345
0.0,0.1,30,35,S-HCP-within,0.95,7.403982948136299,7.100163275234359,2.3258638291343376,0,12345
0.0,0.1,30,35,Std-CP,0.98,6.34848015404774,6.220287611873452,1.8846413290452462,0,12345
0.0,0.1,30,35,Subsampling,0.88,7.8226762656327935,7.8226762656327935,9.899999558319776e-16,0,12345
0.0,0.1,31,0,Donor-HCP-no-within,1.0,10.890549605266518,10.890549605266518,1.5767393872298544e-15,0,12345
0.0,0.1,31,0,Donor-HCP-within,1.0,10.890549605266518,10.890549605266518,1.5767393872298544e-15,0,12345
0.0,0.1,31,0,HCP,1.0,10.890549605266518,10.890549605266518,1.5767393872298544e-15,0,12345
0.0,0.1,31,0,Pooling,0.93,7.747752220753505,7.747752220753505,0.0,0,12345
0.0,0.1,31,0,Repeated,0.98,9.198649698254739,9.19864969825474,1.596826049079051e-15,0,12345
0.0,0.1,31,0,S-HCP-within,0.95,8.698216143197321,8.285268801484634,2.0790126416322297,0,12345
0.0,0.1,31,0,Std-CP,1.0,,,,100,12345
0.0,0.1,31,0,Subsampling,0.92,7.199872394743295,7.199872394743295,0.0,0,12345
0.0,0.1,31,5,Donor-HCP-no-within,0.98,9.791942220762257,9.725264263065865,0.5785535445453628,0,12345
0.0,0.1,31,5,Donor-HCP-within,1.0,9.768106632810127,9.616923274832637,0.8020410791956579,0,12345
0.0,0.1,31,5,HCP,1.0,10.890549605266518,10.890549605266518,1.5767393872298544e-15,0,12345
0.0,0.1,31,5,Pooling,0.93,7.747752220753505,7.747752220753505,0.0,0,12345
0.0,0.1,31,5,Repeated,0.98,9.198649698254739,9.19864969825474,1.596826049079051e-15,0,12345
0.0,0.1,31,5,S-HCP-within,0.94,7.821025340240887,7.671928228398777,0.7627030846195775,0,12345
0.0,0.1,31,5,Std-CP,0.76,5.170595748138864,4.72161538398819,3.0626719695523894,0,12345
0.0,0.1,31,5,Subsampling,0.92,7.199872394743295,7.199872394743295,0.0,0,12345
0.0,0.1,31,10,Donor-HCP-no-within,0.95,8.782240998281456,8.70345468942024,0.49936961352910864,0,12345
0.0,0.1,31,10,Donor-HCP-within,0.98,8.215422830312919,8.205051540683954,0.31965658400463237,0,12345
0.0,0.1,31,10,HCP,1.0,10.890549605266518,10.890549605266518,1.5767393872298544e-15,0,12345
0.0,0.1,31,10,Pooling,0.93,7.747752220753505,7.747752220753505,0.0,0,12345
0.0,0.1,31,10,Repeated,0.98,9.198649698254739,9.19864969825474,1.596826049079051e-15,0,12345
0.0,0.1,31,10,S-HCP-within,0.93,7.6164230321503865,7.398015793083879,0.5346610482516939,0,12345
0.0,0.1,31,10,Std-CP,0.86,30.70595201426342,12.45067010179388,62.40083164537168,0,12345
0.0,0.1,31,10,Subsampling,0.92,7.199872394743295,7.199872394743295,0.0,0,12345
0.0,0.1,31,15,Donor-HCP-no-within,0.94,8.375977696687018,8.307751523890069,0.6310728764337897,0,12345
0.0,0.1,31,15,Donor-HCP-within,0.95,6.4225189531127,6.449881313682006,0.3405773497058992,0,12345
0.0,0.1,31,15,HCP,1.0,10.890549605266518,10.890549605266518,1.5767393872298544e-15,0,12345
0.0,0.1,31,15,Pooling,0.93,7.747752220753505,7.747752220753505,0.0,0,12345
0.0,0.1,31,15,Repeated,0.98,9.198649698254739,9.19864969825474,1.596826049079051e-15,0,12345
0.0,0.1,31,15,S-HCP-within,0.93,7.607717488008952,7.570025363421273,0.4268388592447247,0,12345
0.0,0.1,31,15,Std-CP,0.92,9.944971165369871,7.965457579170776,7.26969618290344,0,12345
0.0,0.1,31,15,Subsampling,0.92,7.199872394743295,7.199872394743295,0.0,0,12345
0.0,0.1,31,20,Donor-HCP-no-within,0.92,7.86657118701872,7.77211809851797,0.5333560139368142,0,12345
0.0,0.1,31,20,Donor-HCP-within,0.91,5.525225281120232,5.579643101058288,0.3376641815761412,0,12345
0.0,0.1,31,20,HCP,1.0,10.890549605266518,10.890549605266518,1.5767393872298544e-15,0,12345
0.0,0.1,31,20,Pooling,0.93,7.747752220753505,7.747752220753505,0.0,0,12345
0.0,0.1,31,20,Repeated,0.98,9.198649698254739,9.19864969825474,1.596826049079051e-15,0,12345
0.0,0.1,31,20,S-HCP-within,0.92,7.446415359776527,7.2574985310778075,0.36115157058186187,0,12345
0.0,0.1,31,20,Std-CP,0.94,7.012114895700408,5.880265573219603,3.233428435831391,0,12345
0.0,0.1,31,20,Subsampling,0.92,7.199872394743295,7.199872394743295,0.0,0,12345
0.0,0.1,31,25,Donor-HCP-no-within,0.92,6.199833865329469,6.114587018179219,1.538027249526027,0,12345
0.0,0.1,31,25,Donor-HCP-within,0.95,5.86635758164775,5.791937913266489,1.6182384825792606,0,12345
0.0,0.1,31,25,HCP,1.0,10.890549605266518,10.890549605266518,1.5767393872298544e-15,0,12345
0.0,0.1,31,25,Pooling,0.93,7.747752220753505,7.747752220753505,0.0,0,12345
0.0,0.1,31,25,Repeated,0.98,9.198649698254739,9.19864969825474,1.596826049079051e-15,0,12345
0.0,0.1,31,25,S-HCP-within,0.95,6.424578009385315,6.473961811726472,1.5668695261900694,0,12345
0.0,0.1,31,25,Std-CP,0.94,6.80285116646661,6.533113464914771,2.5148710885912866,0,12345
0.0,0.1,31,25,Subsampling,0.92,7.199872394743295,7.199872394743295,0.0,0,12345
0.0,0.1,31,30,Donor-HCP-no-within,0.92,5.8525339757360655,5.750155071159175,1.3908648256279985,0,12345
0.0,0.1,31,30,Donor-HCP-within,0.96,5.871758059579422,5.704752370248398,1.6172176600118258,0,12345
0.0,0.1,31,30,HCP,1.0,10.890549605266518,10.890549605266518,1.5767393872298544e-15,0,12345
0.0,0.1,31,30,Pooling,0.93,7.747752220753505,7.747752220753505,0.0,0,12345
0.0,0.1,31,30,Repeated,0.98,9.198649698254739,9.19864969825474,1.596826049079051e-15,0,12345
0.0,0.1,31,30,S-HCP-within,0.95,6.647744313973785,6.675069011770329,1.5175769737666307,0,12345
0.0,0.1,31,30,Std-CP,0.95,6.748680235912283,6.470636054175373,2.2774797958048545,0,12345
0.0,0.1,31,30,Subsampling,0.92,7.199872394743295,7.199872394743295,0.0,0,12345
0.0,0.1,31,35,Donor-HCP-no-within,0.93,6.055874680870708,5.93099110799162,1.4171921281974769,0,12345
0.0,0.1,31,35,Donor-HCP-within,0.97,5.913311539823077,5.91819274842031,1.4665950330568012,0,12345
0.0,0.1,31,35,HCP,1.0,10.890549605266518,10.890549605266518,1.5767393872298544e-15,0,12345
0.0,0.1,31,35,Pooling,0.93,7.747752220753505,7.747752220753505,0.0,0,12345
0.0,0.1,31,35,Repeated,0.98,9.198649698254739,9.19864969825474,1.596826049079051e-15,0,12345
0.0,0.1,31,35,S-HCP-within,0.95,6.763501403419436,6.705753077294318,1.618505836316864,0,12345
0.0,0.1,31,35,Std-CP,0.97,6.6812209995094785,6.111438946943622,2.274585674715504,0,12345
0.0,0.1,31,35,Subsampling,0.92,7.199872394743295,7.199872394743295,0.0,0,12345
0.0,0.1,32,0,Donor-HCP-no-within,0.99,10.784703571436971,10.784703571436971,2.52480367108881e-16,0,12345
0.0,0.1,32,0,Donor-HCP-within,0.99,10.784703571436971,10.784703571436971,2.52480367108881e-16,0,12345
0.0,0.1,32,0,HCP,0.99,10.784703571436971,10.784703571436971,2.52480367108881e-16,0,12345
0.0,0.1,32,0,Pooling,0.87,6.924699496037241,6.924699496037241,1.1291265276791196e-15,0,12345
0.0,0.1,32,0,Repeated,0.95,9.012705328382246,9.012705328382246,1.6067752172924281e-15,0,12345
0.0,0.1,32,0,S-HCP-within,0.88,7.5661966105082605,7.281318691290034,1.7335919371928477,0,12345
0.0,0.1,32,0,Std-CP,1.0,,,,100,12345
0.0,0.1,32,0,Subsampling,0.94,8.432169690181318,8.432169690181318,0.0,0,12345
0.0,0.1,32,5,Donor-HCP-no-within,0.98,9.205332638903924,9.43491242874292,0.7728889544000599,0,12345
0.0,0.1,32,5,Donor-HCP-within,0.96,8.692686616754033,8.867588505953464,0.742352419678304,0,12345
0.0,0.1,32,5,HCP,0.99,10.784703571436971,10.784703571436971,2.52480367108881e-16,0,12345
0.0,0.1,32,5,Pooling,0.87,6.924699496037241,6.924699496037241,1.1291265276791196e-15,0,12345
0.0,0.1,32,5,Repeated,0.95,9.012705328382246,9.012705328382246,1.6067752172924281e-15,0,12345
0.0,0.1,32,5,S-HCP-within,0.88,6.9189407117049,6.632565474289047,0.736376336325247,0,12345
0.0,0.1,32,5,Std-CP,0.71,5.345205681498479,4.473954685025968,3.577894825932826,0,12345
0.0,0.1,32,5,Subsampling,0.94,8.432169690181318,8.432169690181318,0.0,0,12345
0.0,0.1,32,10,Donor-HCP-no-within,0.9,8.189437020091555,8.493683928056182,0.7841921660127319,0,12345
0.0,0.1,32,10,Donor-HCP-within,0.98,7.381178983107163,7.415195823261852,0.42139722084370396,0,12345
0.0,0.1,32,10,HCP,0.99,10.784703571436971,10.784703571436971,2.52480367108881e-16,0,12345
0.0,0.1,32,10,Pooling,0.87,6.924699496037241,6.924699496037241,1.1291265276791196e-15,0,12345
0.0,0.1,32,10,Repeated,0.95,9.012705328382246,9.012705328382246,1.6067752172924281e-15,0,12345
0.0,0.1,32,10,S-HCP-within,0.87,6.842205585127069,6.924559875571113,0.6031219600661287,0,12345
0.0,0.1,32,10,Std-CP,0.88,44.12306505990337,12.405685182625712,84.51637529711267,0,12345
0.0,0.1,32,10,Subsampling,0.94,8.432169690181318,8.432169690181318,0.0,0,12345
0.0,0.1,32,15,Donor-HCP-no-within,0.92,7.478632588321049,7.455458282708079,0.6332018405680697,0,12345
0.0,0.1,32,15,Donor-HCP-within,0.93,6.354088174009044,6.390227998641691,0.273834266845047,0,12345
0.0,0.1,32,15,HCP,0.99,10.784703571436971,10.784703571436971,2.52480367108881e-16,0,12345
0.0,0.1,32,15,Pooling,0.87,6.924699496037241,6.924699496037241,1.1291265276791196e-15,0,12345
0.0,0.1,32,15,Repeated,0.95,9.012705328382246,9.012705328382246,1.6067752172924281e-15,0,12345
0.0,0.1,32,15,S-HCP-within,0.88,6.8030497487338355,6.646443012491021,0.4857482278941316,0,12345
0.0,0.1,32,15,Std-CP,0.92,9.048373964109944,7.535582069646319,7.704868074513787,0,12345
0.0,0.1,32,15,Subsampling,0.94,8.432169690181318,8.432169690181318,0.0,0,12345
0.0,0.1,32,20,Donor-HCP-no-within,0.93,7.004689716169749,6.909721852788895,0.5782380199498193,0,12345
0.0,0.1,32,20,Donor-HCP-within,0.94,5.639055516755261,5.663116298073382,0.29236819789576357,0,12345
0.0,0.1,32,20,HCP,0.99,10.784703571436971,10.784703571436971,2.52480367108881e-16,0,12345
0.0,0.1,32,20,Pooling,0.87,6.924699496037241,6.924699496037241,1.1291265276791196e-15,0,12345
0.0,0.1,32,20,Repeated,0.95,9.012705328382246,9.012705328382246,1.6067752172924281e-15,0,12345
0.0,0.1,32,20,S-HCP-within,0.86,6.658079077019103,6.605007613071576,0.4318872068075252,0,12345
0.0,0.1,32,20,Std-CP,0.91,6.321544831533738,5.833924818645935,2.4683600417938796,0,12345
0.0,0.1,32,20,Subsampling,0.94,8.432169690181318,8.432169690181318,0.0,0,12345
0.0,0.1,32,25,Donor-HCP-no-within,0.97,6.570489739653458,6.577291188367324,1.667499202188243,0,12345
0.0,0.1,32,25,Donor-HCP-within,0.94,5.679534467155801,5.26601153792763,1.9751315468454769,0,12345
0.0,0.1,32,25,HCP,0.99,10.784703571436971,10.784703571436971,2.52480367108881e-16,0,12345
0.0,0.1,32,25,Pooling,0.87,6.924699496037241,6.924699496037241,1.1291265276791196e-15,0,12345
0.0,0.1,32,25,Repeated,0.95,9.012705328382246,9.012705328382246,1.6067752172924281e-15,0,12345
0.0,0.1,32,25,S-HCP-within,0.96,6.90271859745219,7.041482050175307,2.1002693039832163,0,12345
0.0,0.1,32,25,Std-CP,0.95,6.195509851057647,5.895563511640139,2.250576705281977,0,12345
0.0,0.1,32,25,Subsampling,0.94,8.432169690181318,8.432169690181318,0.0,0,12345
0.0,0.1,32,30,Donor-HCP-no-within,0.93,6.100078447969926,6.09787174733163,1.6147564123843519,0,12345
0.0,0.1,32,30,Donor-HCP-within,0.95,5.748206344112288,5.373428081857165,1.884057625381605,0,12345
0.0,0.1,32,30,HCP,0.99,10.784703571436971,10.784703571436971,2.52480367108881e-16,0,12345
0.0,0.1,32,30,Pooling,0.87,6.924699496037241,6.924699496037241,1.1291265276791196e-15,0,12345
0.0,0.1,32,30,Repeated,0.95,9.012705328382246,9.012705328382246,1.6067752172924281e-15,0,12345
0.0,0.1,32,30,S-HCP-within,0.95,6.928961296989737,7.001405194492104,2.1113396318577977,0,12345
0.0,0.1,32,30,Std-CP,0.96,6.131500353187536,5.811988069347617,2.1977747617963383,0,12345
0.0,0.1,32,30,Subsampling,0.94,8.432169690181318,8.432169690181318,0.0,0,12345
0.0,0.1,32,35,Donor-HCP-no-within,0.95,6.345354695722937,6.2178761133267635,1.584993795918793,0,12345
0.0,0.1,32,35,Donor-HCP-within,0.98,6.169584748973502,6.008851322426272,1.8674363764868356,0,12345
0.0,0.1,32,35,HCP,0.99,10.784703571436971,10.784703571436971,2.52480367108881e-16,0,12345
0.0,0.1,32,35,Pooling,0.87,6.924699496037241,6.924699496037241,1.1291265276791196e-15,0,12345
0.0,0.1,32,35,Repeated,0.95,9.012705328382246,9.012705328382246,1.6067752172924281e-15,0,12345
0.0,0.1,32,35,S-HCP-within,0.96,7.193354487506474,7.164301544834666,2.141393071733078,0,12345
0.0,0.1,32,35,Std-CP,0.97,6.172976801325166,5.874126413052132,1.9157360494056652,0,12345
0.0,0.1,32,35,Subsampling,0.94,8.432169690181318,8.432169690181318,0.0,0,12345
0.0,0.1,33,0,Donor-HCP-no-within,0.86,7.9639789472190685,7.9639789472190685,0.0,0,12345
0.0,0.1,33,0,Donor-HCP-within,0.86,7.9639789472190685,7.9639789472190685,0.0,0,12345
0.0,0.1,33,0,HCP,0.86,7.9639789472190685,7.9639789472190685,0.0,0,12345
0.0,0.1,33,0,Pooling,0.73,5.645936314120945,5.645936314120945,0.0,0,12345
0.0,0.1,33,0,Repeated,0.75,5.8326813251728575,5.832681325172857,4.55165454829521e-16,0,12345
0.0,0.1,33,0,S-HCP-within,0.8,6.805061077611014,6.108426810887017,3.001389707344963,0,12345
0.0,0.1,33,0,Std-CP,1.0,,,,100,12345
0.0,0.1,33,0,Subsampling,0.78,6.235041989316742,6.235041989316741,0.0,0,12345
0.0,0.1,33,5,Donor-HCP-no-within,0.78,6.480353276505598,6.422950698326925,0.27819662309149296,0,12345
0.0,0.1,33,5,Donor-HCP-within,0.89,6.896130511328629,6.85635129739655,0.4169275879379047,0,12345
0.0,0.1,33,5,HCP,0.86,7.9639789472190685,7.9639789472190685,0.0,0,12345
0.0,0.1,33,5,Pooling,0.73,5.645936314120945,5.645936314120945,0.0,0,12345
0.0,0.1,33,5,Repeated,0.75,5.8326813251728575,5.832681325172857,4.55165454829521e-16,0,12345
0.0,0.1,33,5,S-HCP-within,0.81,5.826363758736985,5.852959779167316,0.7780027147705009,0,12345
0.0,0.1,33,5,Std-CP,0.75,6.235244519525581,4.860451929853239,4.461792635018206,0,12345
0.0,0.1,33,5,Subsampling,0.78,6.235041989316742,6.235041989316741,0.0,0,12345
0.0,0.1,33,10,Donor-HCP-no-within,0.75,6.079247365599814,5.960785575121368,0.34878439647477805,0,12345
0.0,0.1,33,10,Donor-HCP-within,0.88,6.160344603535195,6.1353823044626425,0.17257992435707942,0,12345
0.0,0.1,33,10,HCP,0.86,7.9639789472190685,7.9639789472190685,0.0,0,12345
0.0,0.1,33,10,Pooling,0.73,5.645936314120945,5.645936314120945,0.0,0,12345
0.0,0.1,33,10,Repeated,0.75,5.8326813251728575,5.832681325172857,4.55165454829521e-16,0,12345
0.0,0.1,33,10,S-HCP-within,0.78,5.820929480798247,5.748873631934653,0.7163038986592996,0,12345
0.0,0.1,33,10,Std-CP,0.85,24.682938155404983,11.772361985106185,40.41128120472265,0,12345
0.0,0.1,33,10,Subsampling,0.78,6.235041989316742,6.235041989316741,0.0,0,12345
0.0,0.1,33,15,Donor-HCP-no-within,0.72,5.7688449839243034,5.7356750079587595,0.3076457869655641,0,12345
0.0,0.1,33,15,Donor-HCP-within,0.89,5.754856544233366,5.733786790841897,0.18652309958818175,0,12345
0.0,0.1,33,15,HCP,0.86,7.9639789472190685,7.9639789472190685,0.0,0,12345
0.0,0.1,33,15,Pooling,0.73,5.645936314120945,5.645936314120945,0.0,0,12345
0.0,0.1,33,15,Repeated,0.75,5.8326813251728575,5.832681325172857,4.55165454829521e-16,0,12345
0.0,0.1,33,15,S-HCP-within,0.8,5.802519157671939,5.748873631934652,0.6269469723240377,0,12345
0.0,0.1,33,15,Std-CP,0.94,9.275291458931843,6.9855254236950755,5.954113595602423,0,12345
0.0,0.1,33,15,Subsampling,0.78,6.235041989316742,6.235041989316741,0.0,0,12345
0.0,0.1,33,20,Donor-HCP-no-within,0.73,5.539883689785734,5.437134587448215,0.3730948792389667,0,12345
0.0,0.1,33,20,Donor-HCP-within,0.86,5.216682632648397,5.207113871177526,0.2943292897923447,0,12345
0.0,0.1,33,20,HCP,0.86,7.9639789472190685,7.9639789472190685,0.0,0,12345
0.0,0.1,33,20,Pooling,0.73,5.645936314120945,5.645936314120945,0.0,0,12345
0.0,0.1,33,20,Repeated,0.75,5.8326813251728575,5.832681325172857,4.55165454829521e-16,0,12345
0.0,0.1,33,20,S-HCP-within,0.81,5.598879884423513,5.486613414326634,0.5474588540124983,0,12345
0.0,0.1,33,20,Std-CP,0.95,6.389800261678853,5.817607551395871,2.55786999990499,0,12345
0.0,0.1,33,20,Subsampling,0.78,6.235041989316742,6.235041989316741,0.0,0,12345
0.0,0.1,33,25,Donor-HCP-no-within,0.93,7.048550468341952,6.814902011276913,2.195906870918628,0,12345
0.0,0.1,33,25,Donor-HCP-within,0.97,5.610813634137907,5.285334464648061,1.7131994677976408,0,12345
0.0,0.1,33,25,HCP,0.86,7.9639789472190685,7.9639789472190685,0.0,0,12345
0.0,0.1,33,25,Pooling,0.73,5.645936314120945,5.645936314120945,0.0,0,12345
0.0,0.1,33,25,Repeated,0.75,5.8326813251728575,5.832681325172857,4.55165454829521e-16,0,12345
0.0,0.1,33,25,S-HCP-within,0.93,7.312952113067094,7.019764742107087,2.404163697316585,0,12345
0.0,0.1,33,25,Std-CP,0.91,6.808602512709329,6.036121388490426,2.7634431627602805,0,12345
0.0,0.1,33,25,Subsampling,0.78,6.235041989316742,6.235041989316741,0.0,0,12345
0.0,0.1,33,30,Donor-HCP-no-within,0.91,6.621088737027541,6.3348090428939035,2.045330946032445,0,12345
0.0,0.1,33,30,Donor-HCP-within,0.97,5.749468829892955,5.383675114046589,1.8124237353530464,0,12345
0.0,0.1,33,30,HCP,0.86,7.9639789472190685,7.9639789472190685,0.0,0,12345
0.0,0.1,33,30,Pooling,0.73,5.645936314120945,5.645936314120945,0.0,0,12345
0.0,0.1,33,30,Repeated,0.75,5.8326813251728575,5.832681325172857,4.55165454829521e-16,0,12345
0.0,0.1,33,30,S-HCP-within,0.96,7.592548537847156,7.153332032177074,2.349887104932304,0,12345
0.0,0.1,33,30,Std-CP,0.94,6.351267776966849,5.87055419597389,2.211200485363302,0,12345
0.0,0.1,33,30,Subsampling,0.78,6.235041989316742,6.235041989316741,0.0,0,12345
0.0,0.1,33,35,Donor-HCP-no-within,0.92,6.781845852555067,6.4128162391856005,2.0746220752440405,0,12345
0.0,0.1,33,35,Donor-HCP-within,0.98,6.017051366354657,5.851077781005181,1.6941284490402269,0,12345
0.0,0.1,33,35,HCP,0.86,7.9639789472190685,7.9639789472190685,0.0,0,12345
0.0,0.1,33,35,Pooling,0.73,5.645936314120945,5.645936314120945,0.0,0,12345
0.0,0.1,33,35,Repeated,0.75,5.8326813251728575,5.832681325172857,4.55165454829521e-16,0,12345
0.0,0.1,33,35,S-HCP-within,0.96,7.668594559984059,7.175235050033568,2.2511961436484924,0,12345
0.0,0.1,33,35,Std-CP,0.97,6.073387188059841,5.847147790336254,1.8851834316503326,0,12345
0.0,0.1,33,35,Subsampling,0.78,6.235041989316742,6.235041989316741,0.0,0,12345
0.0,0.1,34,0,Donor-HCP-no-within,1.0,12.622897710578783,12.622897710578783,7.781967552403668e-16,0,12345
0.0,0.1,34,0,Donor-HCP-within,1.0,12.622897710578783,12.622897710578783,7.781967552403668e-16,0,12345
0.0,0.1,34,0,HCP,1.0,12.622897710578783,12.622897710578783,7.781967552403668e-16,0,12345
0.0,0.1,34,0,Pooling,0.91,7.314933875933292,7.314933875933292,6.43701159343627e-16,0,12345
0.0,0.1,34,0,Repeated,0.97,8.620770616241119,8.620770616241119,2.2155062298961195e-15,0,12345
0.0,0.1,34,0,S-HCP-within,0.91,8.759438751568315,8.552603812055011,1.5084353204542962,0,12345
0.0,0.1,34,0,Std-CP,1.0,,,,100,12345
0.0,0.1,34,0,Subsampling,1.0,13.054300022079012,13.054300022079012,7.781967552403668e-16,0,12345
0.0,0.1,34,5,Donor-HCP-no-within,0.98,9.645056313878667,9.498895194797427,0.7870580176009414,0,12345
0.0,0.1,34,5,Donor-HCP-within,0.98,9.264114556789172,9.251683912524022,0.5742519061485181,0,12345
0.0,0.1,34,5,HCP,1.0,12.622897710578783,12.622897710578783,7.781967552403668e-16,0,12345
0.0,0.1,34,5,Pooling,0.91,7.314933875933292,7.314933875933292,6.43701159343627e-16,0,12345
0.0,0.1,34,5,Repeated,0.97,8.620770616241119,8.620770616241119,2.2155062298961195e-15,0,12345
0.0,0.1,34,5,S-HCP-within,0.89,8.289159582781549,8.366644447854334,0.6248915724179172,0,12345
0.0,0.1,34,5,Std-CP,0.68,6.03343678233058,4.439981125708833,6.235876008593433,0,12345
0.0,0.1,34,5,Subsampling,1.0,13.054300022079012,13.054300022079012,7.781967552403668e-16,0,12345
0.0,0.1,34,10,Donor-HCP-no-within,0.97,8.989582132190499,8.811100753990774,0.9312815993820183,0,12345
0.0,0.1,34,10,Donor-HCP-within,0.96,7.4183473138087175,7.4200157690078585,0.5477630847383462,0,12345
0.0,0.1,34,10,HCP,1.0,12.622897710578783,12.622897710578783,7.781967552403668e-16,0,12345
0.0,0.1,34,10,Pooling,0.91,7.314933875933292,7.314933875933292,6.43701159343627e-16,0,12345
0.0,0.1,34,10,Repeated,0.97,8.620770616241119,8.620770616241119,2.2155062298961195e-15,0,12345
0.0,0.1,34,10,S-HCP-within,0.89,8.172892766413588,8.149698288359199,0.5792980470534558,0,12345
0.0,0.1,34,10,Std-CP,0.8,61.808949844111694,11.635615258107649,292.74566696880726,0,12345
0.0,0.1,34,10,Subsampling,1.0,13.054300022079012,13.054300022079012,7.781967552403668e-16,0,12345
0.0,0.1,34,15,Donor-HCP-no-within,0.95,8.483724121802897,8.193846909786647,1.0274641080724398,0,12345
0.0,0.1,34,15,Donor-HCP-within,0.93,6.5875538958142394,6.446940409986264,0.47107062376018893,0,12345
0.0,0.1,34,15,HCP,1.0,12.622897710578783,12.622897710578783,7.781967552403668e-16,0,12345
0.0,0.1,34,15,Pooling,0.91,7.314933875933292,7.314933875933292,6.43701159343627e-16,0,12345
0.0,0.1,34,15,Repeated,0.97,8.620770616241119,8.620770616241119,2.2155062298961195e-15,0,12345
0.0,0.1,34,15,S-HCP-within,0.9,8.26322979085806,8.303501356027242,0.48663433618907326,0,12345
0.0,0.1,34,15,Std-CP,0.87,8.994425967576841,8.084449415426128,4.814600824516131,0,12345
0.0,0.1,34,15,Subsampling,1.0,13.054300022079012,13.054300022079012,7.781967552403668e-16,0,12345
0.0,0.1,34,20,Donor-HCP-no-within,0.93,7.844279194435655,7.736357897674722,1.1028376020664061,0,12345
0.0,0.1,34,20,Donor-HCP-within,0.9,5.683296874714537,5.815947703186129,0.36367164293668097,0,12345
0.0,0.1,34,20,HCP,1.0,12.622897710578783,12.622897710578783,7.781967552403668e-16,0,12345
0.0,0.1,34,20,Pooling,0.91,7.314933875933292,7.314933875933292,6.43701159343627e-16,0,12345
0.0,0.1,34,20,Repeated,0.97,8.620770616241119,8.620770616241119,2.2155062298961195e-15,0,12345
0.0,0.1,34,20,S-HCP-within,0.88,8.073536669067883,8.05503875031814,0.3993255895877259,0,12345
0.0,0.1,34,20,Std-CP,0.92,6.769536176907841,6.21693827292231,2.981167719147431,0,12345
0.0,0.1,34,20,Subsampling,1.0,13.054300022079012,13.054300022079012,7.781967552403668e-16,0,12345
0.0,0.1,34,25,Donor-HCP-no-within,0.92,6.8142986592529295,6.543902749091961,2.127265981865644,0,12345
0.0,0.1,34,25,Donor-HCP-within,0.95,5.726865303037124,5.476849980480766,1.8257656118239187,0,12345
0.0,0.1,34,25,HCP,1.0,12.622897710578783,12.622897710578783,7.781967552403668e-16,0,12345
0.0,0.1,34,25,Pooling,0.91,7.314933875933292,7.314933875933292,6.43701159343627e-16,0,12345
0.0,0.1,34,25,Repeated,0.97,8.620770616241119,8.620770616241119,2.2155062298961195e-15,0,12345
0.0,0.1,34,25,S-HCP-within,0.91,7.291780408883113,7.0511591718931985,2.428702827565905,0,12345
0.0,0.1,34,25,Std-CP,0.93,6.306511364197803,6.0157891573805,2.311822880106233,0,12345
0.0,0.1,34,25,Subsampling,1.0,13.054300022079012,13.054300022079012,7.781967552403668e-16,0,12345
0.0,0.1,34,30,Donor-HCP-no-within,0.88,6.343343876272056,5.902182301473154,2.0732963366178985,0,12345
0.0,0.1,34,30,Donor-HCP-within,0.93,5.811392791582142,5.535810082007238,1.6660454309019068,0,12345
0.0,0.1,34,30,HCP,1.0,12.622897710578783,12.622897710578783,7.781967552403668e-16,0,12345
0.0,0.1,34,30,Pooling,0.91,7.314933875933292,7.314933875933292,6.43701159343627e-16,0,12345
0.0,0.1,34,30,Repeated,0.97,8.620770616241119,8.620770616241119,2.2155062298961195e-15,0,12345
0.0,0.1,34,30,S-HCP-within,0.94,7.3950770516331525,6.99393818151244,2.3644132719435644,0,12345
0.0,0.1,34,30,Std-CP,0.93,6.362511664415182,5.968172375826147,2.312736313206037,0,12345
0.0,0.1,34,30,Subsampling,1.0,13.054300022079012,13.054300022079012,7.781967552403668e-16,0,12345
0.0,0.1,34,35,Donor-HCP-no-within,0.89,6.474248228084004,5.950092171078819,2.0317287421531596,0,12345
0.0,0.1,34,35,Donor-HCP-within,0.92,5.90179180848123,5.849811315495954,1.6352686290236769,0,12345
0.0,0.1,34,35,HCP,1.0,12.622897710578783,12.622897710578783,7.781967552403668e-16,0,12345
0.0,0.1,34,35,Pooling,0.91,7.314933875933292,7.314933875933292,6.43701159343627e-16,0,12345
0.0,0.1,34,35,Repeated,0.97,8.620770616241119,8.620770616241119,2.2155062298961195e-15,0,12345
0.0,0.1,34,35,S-HCP-within,0.93,7.423320390577584,6.999995558908158,2.3266064500726964,0,12345
0.0,0.1,34,35,Std-CP,0.94,6.3554859151154774,6.1407152899206565,2.3409315526014107,0,12345
0.0,0.1,34,35,Subsampling,1.0,13.054300022079012,13.054300022079012,7.781967552403668e-16,0,12345
0.0,0.1,35,0,Donor-HCP-no-within,0.98,9.297561900107802,9.297561900107802,9.61416594793231e-16,0,12345
0.0,0.1,35,0,Donor-HCP-within,0.98,9.297561900107802,9.297561900107802,9.61416594793231e-16,0,12345
0.0,0.1,35,0,HCP,0.98,9.297561900107802,9.297561900107802,9.61416594793231e-16,0,12345
0.0,0.1,35,0,Pooling,0.87,5.318051843854749,5.31805184385475,1.1570103937666858e-15,0,12345
0.0,0.1,35,0,Repeated,0.91,6.073451291180106,6.073451291180106,1.246521935036137e-15,0,12345
0.0,0.1,35,0,S-HCP-within,0.95,7.900808460739105,7.672590096112826,2.0611959679105034,0,12345
0.0,0.1,35,0,Std-CP,1.0,,,,100,12345
0.0,0.1,35,0,Subsampling,0.88,5.356393425246593,5.356393425246594,1.1672951328605502e-15,0,12345
0.0,0.1,35,5,Donor-HCP-no-within,0.94,6.906411185685093,6.931734904160905,0.39482585459409564,0,12345
0.0,0.1,35,5,Donor-HCP-within,0.95,6.913804689700028,6.907079104212631,0.23989615938579523,0,12345
0.0,0.1,35,5,HCP,0.98,9.297561900107802,9.297561900107802,9.61416594793231e-16,0,12345
0.0,0.1,35,5,Pooling,0.87,5.318051843854749,5.31805184385475,1.1570103937666858e-15,0,12345
0.0,0.1,35,5,Repeated,0.91,6.073451291180106,6.073451291180106,1.246521935036137e-15,0,12345
0.0,0.1,35,5,S-HCP-within,0.93,7.105862816537775,6.988446798575499,0.9151425543017914,0,12345
0.0,0.1,35,5,Std-CP,0.72,5.770122977146835,4.737631709072597,3.6419198986090913,0,12345
0.0,0.1,35,5,Subsampling,0.88,5.356393425246593,5.356393425246594,1.1672951328605502e-15,0,12345
0.0,0.1,35,10,Donor-HCP-no-within,0.91,5.999163027226125,5.9068830779197175,0.40303791852730547,0,12345
0.0,0.1,35,10,Donor-HCP-within,0.97,6.433980816965146,6.454093930021916,0.22045336752391548,0,12345
0.0,0.1,35,10,HCP,0.98,9.297561900107802,9.297561900107802,9.61416594793231e-16,0,12345
0.0,0.1,35,10,Pooling,0.87,5.318051843854749,5.31805184385475,1.1570103937666858e-15,0,12345
0.0,0.1,35,10,Repeated,0.91,6.073451291180106,6.073451291180106,1.246521935036137e-15,0,12345
0.0,0.1,35,10,S-HCP-within,0.95,7.02723954075945,7.027364033112876,0.6939264556188037,0,12345
0.0,0.1,35,10,Std-CP,0.85,18.759888591793416,10.466630118205071,24.267304275273112,0,12345
0.0,0.1,35,10,Subsampling,0.88,5.356393425246593,5.356393425246594,1.1672951328605502e-15,0,12345
0.0,0.1,35,15,Donor-HCP-no-within,0.89,5.633130158275523,5.565419282439169,0.34319844597348187,0,12345
0.0,0.1,35,15,Donor-HCP-within,0.92,5.737684040731621,5.783893237808591,0.2579809954801139,0,12345
0.0,0.1,35,15,HCP,0.98,9.297561900107802,9.297561900107802,9.61416594793231e-16,0,12345
0.0,0.1,35,15,Pooling,0.87,5.318051843854749,5.31805184385475,1.1570103937666858e-15,0,12345
0.0,0.1,35,15,Repeated,0.91,6.073451291180106,6.073451291180106,1.246521935036137e-15,0,12345
0.0,0.1,35,15,S-HCP-within,0.95,6.986657755324877,6.988446798575497,0.4716676982187794,0,12345
0.0,0.1,35,15,Std-CP,0.9,8.699114455338382,7.537294722221061,4.627927166836813,0,12345
0.0,0.1,35,15,Subsampling,0.88,5.356393425246593,5.356393425246594,1.1672951328605502e-15,0,12345
0.0,0.1,35,20,Donor-HCP-no-within,0.86,5.314435153035762,5.261737342338986,0.25689180163344444,0,12345
0.0,0.1,35,20,Donor-HCP-within,0.9,5.257602329110994,5.278766087249757,0.36527898924315017,0,12345
0.0,0.1,35,20,HCP,0.98,9.297561900107802,9.297561900107802,9.61416594793231e-16,0,12345
0.0,0.1,35,20,Pooling,0.87,5.318051843854749,5.31805184385475,1.1570103937666858e-15,0,12345
0.0,0.1,35,20,Repeated,0.91,6.073451291180106,6.073451291180106,1.246521935036137e-15,0,12345
0.0,0.1,35,20,S-HCP-within,0.92,6.815542350485868,6.9206866889586145,0.48321207244515313,0,12345
0.0,0.1,35,20,Std-CP,0.88,6.513587428779781,6.2811166460537216,2.301957064434117,0,12345
0.0,0.1,35,20,Subsampling,0.88,5.356393425246593,5.356393425246594,1.1672951328605502e-15,0,12345
0.0,0.1,35,25,Donor-HCP-no-within,0.91,6.368032276168747,5.760721882828641,2.103432015090151,0,12345
0.0,0.1,35,25,Donor-HCP-within,0.94,5.872714149439129,5.886244195594548,1.5310227192781607,0,12345
0.0,0.1,35,25,HCP,0.98,9.297561900107802,9.297561900107802,9.61416594793231e-16,0,12345
0.0,0.1,35,25,Pooling,0.87,5.318051843854749,5.31805184385475,1.1570103937666858e-15,0,12345
0.0,0.1,35,25,Repeated,0.91,6.073451291180106,6.073451291180106,1.246521935036137e-15,0,12345
0.0,0.1,35,25,S-HCP-within,0.93,6.8273404378225635,6.452563943392126,2.3546505691359685,0,12345
0.0,0.1,35,25,Std-CP,0.9,6.647362821289473,6.184585054052482,2.2966772512898177,0,12345
0.0,0.1,35,25,Subsampling,0.88,5.356393425246593,5.356393425246594,1.1672951328605502e-15,0,12345
0.0,0.1,35,30,Donor-HCP-no-within,0.89,5.927350502399057,5.2703903791767,1.9434688292537048,0,12345
0.0,0.1,35,30,Donor-HCP-within,0.93,5.794680569480943,5.6087815299091455,1.4880487081982132,0,12345
0.0,0.1,35,30,HCP,0.98,9.297561900107802,9.297561900107802,9.61416594793231e-16,0,12345
0.0,0.1,35,30,Pooling,0.87,5.318051843854749,5.31805184385475,1.1570103937666858e-15,0,12345
0.0,0.1,35,30,Repeated,0.91,6.073451291180106,6.073451291180106,1.246521935036137e-15,0,12345
0.0,0.1,35,30,S-HCP-within,0.94,6.708629779619635,6.2663049107187,2.255757713741456,0,12345
0.0,0.1,35,30,Std-CP,0.93,6.703901274901713,6.611529737374271,2.1352121617515167,0,12345
0.0,0.1,35,30,Subsampling,0.88,5.356393425246593,5.356393425246594,1.1672951328605502e-15,0,12345
0.0,0.1,35,35,Donor-HCP-no-within,0.9,6.077073508046956,5.51494665552884,1.9555884041566158,0,12345
0.0,0.1,35,35,Donor-HCP-within,0.95,5.963668124935741,5.848411597347109,1.5874201925775262,0,12345
0.0,0.1,35,35,HCP,0.98,9.297561900107802,9.297561900107802,9.61416594793231e-16,0,12345
0.0,0.1,35,35,Pooling,0.87,5.318051843854749,5.31805184385475,1.1570103937666858e-15,0,12345
0.0,0.1,35,35,Repeated,0.91,6.073451291180106,6.073451291180106,1.246521935036137e-15,0,12345
0.0,0.1,35,35,S-HCP-within,0.98,6.839278056522127,6.414016860263272,2.1410477704669604,0,12345
0.0,0.1,35,35,Std-CP,0.96,6.687326627276155,6.543003748629997,1.8382226735787588,0,12345
0.0,0.1,35,35,Subsampling,0.88,5.356393425246593,5.356393425246594,1.1672951328605502e-15,0,12345
0.0,0.1,36,0,Donor-HCP-no-within,0.99,14.192622280523253,14.192622280523253,9.10330909659042e-16,0,12345
0.0,0.1,36,0,Donor-HCP-within,0.99,14.192622280523253,14.192622280523253,9.10330909659042e-16,0,12345
0.0,0.1,36,0,HCP,0.99,14.192622280523253,14.192622280523253,9.10330909659042e-16,0,12345
0.0,0.1,36,0,Pooling,0.96,9.535000141810976,9.535000141810976,7.574411013266429e-16,0,12345
0.0,0.1,36,0,Repeated,0.97,11.116095716291342,11.116095716291342,1.5563935104807336e-15,0,12345
0.0,0.1,36,0,S-HCP-within,0.98,10.55111663196376,10.679927246885864,1.7537273710300747,0,12345
0.0,0.1,36,0,Std-CP,1.0,,,,100,12345
0.0,0.1,36,0,Subsampling,0.99,12.8845642985519,12.8845642985519,8.926528984957934e-16,0,12345
0.0,0.1,36,5,Donor-HCP-no-within,0.97,12.351844356012917,12.576820692243473,1.1835784148697022,0,12345
0.0,0.1,36,5,Donor-HCP-within,1.0,11.813499633570043,11.94951461012139,0.9883464438682553,0,12345
0.0,0.1,36,5,HCP,0.99,14.192622280523253,14.192622280523253,9.10330909659042e-16,0,12345
0.0,0.1,36,5,Pooling,0.96,9.535000141810976,9.535000141810976,7.574411013266429e-16,0,12345
0.0,0.1,36,5,Repeated,0.97,11.116095716291342,11.116095716291342,1.5563935104807336e-15,0,12345
0.0,0.1,36,5,S-HCP-within,0.97,9.871707260765758,9.681327169855933,0.8965836081601841,0,12345
0.0,0.1,36,5,Std-CP,0.75,5.794413922071089,4.712275207836344,3.685833575390653,0,12345
0.0,0.1,36,5,Subsampling,0.99,12.8845642985519,12.8845642985519,8.926528984957934e-16,0,12345
0.0,0.1,36,10,Donor-HCP-no-within,0.97,10.51707517694119,10.47836910484483,0.5629154867950703,0,12345
0.0,0.1,36,10,Donor-HCP-within,0.97,9.14456208982618,9.08470234859913,0.5874968626828735,0,12345
0.0,0.1,36,10,HCP,0.99,14.192622280523253,14.192622280523253,9.10330909659042e-16,0,12345
0.0,0.1,36,10,Pooling,0.96,9.535000141810976,9.535000141810976,7.574411013266429e-16,0,12345
0.0,0.1,36,10,Repeated,0.97,11.116095716291342,11.116095716291342,1.5563935104807336e-15,0,12345
0.0,0.1,36,10,S-HCP-within,0.96,9.809450183140195,9.532558801461857,0.6752709098940601,0,12345
0.0,0.1,36,10,Std-CP,0.85,41.245168520154,11.664236606878333,159.70387336969114,0,12345
0.0,0.1,36,10,Subsampling,0.99,12.8845642985519,12.8845642985519,8.926528984957934e-16,0,12345
0.0,0.1,36,15,Donor-HCP-no-within,0.96,9.753525724351753,9.734628441514136,0.4677883224355812,0,12345
0.0,0.1,36,15,Donor-HCP-within,0.98,7.591607397930768,7.391014109649106,0.4501872406339478,0,12345
0.0,0.1,36,15,HCP,0.99,14.192622280523253,14.192622280523253,9.10330909659042e-16,0,12345
0.0,0.1,36,15,Pooling,0.96,9.535000141810976,9.535000141810976,7.574411013266429e-16,0,12345
0.0,0.1,36,15,Repeated,0.97,11.116095716291342,11.116095716291342,1.5563935104807336e-15,0,12345
0.0,0.1,36,15,S-HCP-within,0.97,9.680839529032655,9.532558801461857,0.5501583676745865,0,12345
0.0,0.1,36,15,Std-CP,0.88,9.413948792310121,7.383259545325508,6.971934193972061,0,12345
0.0,0.1,36,15,Subsampling,0.99,12.8845642985519,12.8845642985519,8.926528984957934e-16,0,12345
0.0,0.1,36,20,Donor-HCP-no-within,0.96,9.237367297197334,9.191196189710844,0.5355745119062678,0,12345
0.0,0.1,36,20,Donor-HCP-within,0.95,6.105213362248613,5.978636452371855,0.27049971005229945,0,12345
0.0,0.1,36,20,HCP,0.99,14.192622280523253,14.192622280523253,9.10330909659042e-16,0,12345
0.0,0.1,36,20,Pooling,0.96,9.535000141810976,9.535000141810976,7.574411013266429e-16,0,12345
0.0,0.1,36,20,Repeated,0.97,11.116095716291342,11.116095716291342,1.5563935104807336e-15,0,12345
0.0,0.1,36,20,S-HCP-within,0.96,9.410524356636897,9.368443800985446,0.4334372549703674,0,12345
0.0,0.1,36,20,Std-CP,0.89,6.298516295579059,5.978802163539946,2.5204667665527833,0,12345
0.0,0.1,36,20,Subsampling,0.99,12.8845642985519,12.8845642985519,8.926528984957934e-16,0,12345
0.0,0.1,36,25,Donor-HCP-no-within,0.95,6.271906744583667,5.995273509116703,2.132238841717087,0,12345
0.0,0.1,36,25,Donor-HCP-within,0.9,5.389297310040649,4.987577706608636,1.5638496181732808,0,12345
0.0,0.1,36,25,HCP,0.99,14.192622280523253,14.192622280523253,9.10330909659042e-16,0,12345
0.0,0.1,36,25,Pooling,0.96,9.535000141810976,9.535000141810976,7.574411013266429e-16,0,12345
0.0,0.1,36,25,Repeated,0.97,11.116095716291342,11.116095716291342,1.5563935104807336e-15,0,12345
0.0,0.1,36,25,S-HCP-within,0.94,6.638441561502784,6.311417020308616,2.3308749712797088,0,12345
0.0,0.1,36,25,Std-CP,0.91,6.247402424149346,5.888126233059755,2.379250892904143,0,12345
0.0,0.1,36,25,Subsampling,0.99,12.8845642985519,12.8845642985519,8.926528984957934e-16,0,12345
0.0,0.1,36,30,Donor-HCP-no-within,0.91,5.9525610701098755,5.694766839390307,1.9531189653152505,0,12345
0.0,0.1,36,30,Donor-HCP-within,0.93,5.5900887063887135,5.42418569851527,1.4284455473318995,0,12345
0.0,0.1,36,30,HCP,0.99,14.192622280523253,14.192622280523253,9.10330909659042e-16,0,12345
0.0,0.1,36,30,Pooling,0.96,9.535000141810976,9.535000141810976,7.574411013266429e-16,0,12345
0.0,0.1,36,30,Repeated,0.97,11.116095716291342,11.116095716291342,1.5563935104807336e-15,0,12345
0.0,0.1,36,30,S-HCP-within,0.93,6.665926316019903,6.285326138744991,2.2873536014544436,0,12345
0.0,0.1,36,30,Std-CP,0.96,5.95493334743367,5.866223931704855,1.7955267385239222,0,12345
0.0,0.1,36,30,Subsampling,0.99,12.8845642985519,12.8845642985519,8.926528984957934e-16,0,12345
0.0,0.1,36,35,Donor-HCP-no-within,0.95,6.194211203421187,6.047427187632961,1.9221898327020708,0,12345
0.0,0.1,36,35,Donor-HCP-within,0.94,5.833804967478505,5.6790266793852116,1.4789965576271067,0,12345
0.0,0.1,36,35,HCP,0.99,14.192622280523253,14.192622280523253,9.10330909659042e-16,0,12345
0.0,0.1,36,35,Pooling,0.96,9.535000141810976,9.535000141810976,7.574411013266429e-16,0,12345
0.0,0.1,36,35,Repeated,0.97,11.116095716291342,11.116095716291342,1.5563935104807336e-15,0,12345
0.0,0.1,36,35,S-HCP-within,0.96,6.923884713818086,6.60151579997657,2.1674618652166977,0,12345
0.0,0.1,36,35,Std-CP,0.98,6.048129825460392,6.03347672121195,1.5605745374102518,0,12345
0.0,0.1,36,35,Subsampling,0.99,12.8845642985519,12.8845642985519,8.926528984957934e-16,0,12345
0.0,0.1,37,0,Donor-HCP-no-within,0.99,10.527933233340612,10.527933233340612,3.9920651226976273e-16,0,12345
0.0,0.1,37,0,Donor-HCP-within,0.99,10.527933233340612,10.527933233340612,3.9920651226976273e-16,0,12345
0.0,0.1,37,0,HCP,0.99,10.527933233340612,10.527933233340612,3.9920651226976273e-16,0,12345
0.0,0.1,37,0,Pooling,0.9,7.235795266079711,7.23579526607971,1.0896217251034794e-15,0,12345
0.0,0.1,37,0,Repeated,0.94,7.788370685468732,7.788370685468732,1.1005364054556626e-15,0,12345
0.0,0.1,37,0,S-HCP-within,0.96,12.294230788728505,11.216106081800271,3.6272089900682634,0,12345
0.0,0.1,37,0,Std-CP,1.0,,,,100,12345
0.0,0.1,37,0,Subsampling,0.94,7.959150098831721,7.959150098831721,3.9920651226976273e-16,0,12345
0.0,0.1,37,5,Donor-HCP-no-within,0.98,9.106591601315854,9.113770904745202,0.6567068756136373,0,12345
0.0,0.1,37,5,Donor-HCP-within,0.98,9.08270503693925,8.92756653005565,0.6210190018651361,0,12345
0.0,0.1,37,5,HCP,0.99,10.527933233340612,10.527933233340612,3.9920651226976273e-16,0,12345
0.0,0.1,37,5,Pooling,0.9,7.235795266079711,7.23579526607971,1.0896217251034794e-15,0,12345
0.0,0.1,37,5,Repeated,0.94,7.788370685468732,7.788370685468732,1.1005364054556626e-15,0,12345
0.0,0.1,37,5,S-HCP-within,0.94,9.627102996675784,9.480451482941401,1.155829380390891,0,12345
0.0,0.1,37,5,Std-CP,0.71,5.6466039580516645,4.6784113142198045,3.945709535779417,0,12345
0.0,0.1,37,5,Subsampling,0.94,7.959150098831721,7.959150098831721,3.9920651226976273e-16,0,12345
0.0,0.1,37,10,Donor-HCP-no-within,0.95,8.186254866154721,7.945659558582945,0.6113815669434218,0,12345
0.0,0.1,37,10,Donor-HCP-within,0.97,7.593416645875674,7.442509476546016,0.3806593796326769,0,12345
0.0,0.1,37,10,HCP,0.99,10.527933233340612,10.527933233340612,3.9920651226976273e-16,0,12345
0.0,0.1,37,10,Pooling,0.9,7.235795266079711,7.23579526607971,1.0896217251034794e-15,0,12345
0.0,0.1,37,10,Repeated,0.94,7.788370685468732,7.788370685468732,1.1005364054556626e-15,0,12345
0.0,0.1,37,10,S-HCP-within,0.94,9.437651727092769,9.092560762749912,0.935730678254217,0,12345
0.0,0.1,37,10,Std-CP,0.78,31.418658666552997,11.486112477964156,71.96775634787845,0,12345
0.0,0.1,37,10,Subsampling,0.94,7.959150098831721,7.959150098831721,3.9920651226976273e-16,0,12345
0.0,0.1,37,15,Donor-HCP-no-within,0.9,7.756071843372879,7.553301986428728,0.6307325667134859,0,12345
0.0,0.1,37,15,Donor-HCP-within,0.95,6.3025648492026285,6.319797241948621,0.4275677951501983,0,12345
0.0,0.1,37,15,HCP,0.99,10.527933233340612,10.527933233340612,3.9920651226976273e-16,0,12345
0.0,0.1,37,15,Pooling,0.9,7.235795266079711,7.23579526607971,1.0896217251034794e-15,0,12345
0.0,0.1,37,15,Repeated,0.94,7.788370685468732,7.788370685468732,1.1005364054556626e-15,0,12345
0.0,0.1,37,15,S-HCP-within,0.92,9.228836526894744,8.926030725817444,0.7805416121865226,0,12345
0.0,0.1,37,15,Std-CP,0.89,8.862452511997855,7.123398265001693,7.259600791755899,0,12345
0.0,0.1,37,15,Subsampling,0.94,7.959150098831721,7.959150098831721,3.9920651226976273e-16,0,12345
0.0,0.1,37,20,Donor-HCP-no-within,0.9,7.204437018092855,7.222816258215332,0.5207912361296981,0,12345
0.0,0.1,37,20,Donor-HCP-within,0.87,4.77560265883284,4.67541006736554,0.3998228376601621,0,12345
0.0,0.1,37,20,HCP,0.99,10.527933233340612,10.527933233340612,3.9920651226976273e-16,0,12345
0.0,0.1,37,20,Pooling,0.9,7.235795266079711,7.23579526607971,1.0896217251034794e-15,0,12345
0.0,0.1,37,20,Repeated,0.94,7.788370685468732,7.788370685468732,1.1005364054556626e-15,0,12345
0.0,0.1,37,20,S-HCP-within,0.91,8.80956937269341,8.910009268856296,0.5645768752158686,0,12345
0.0,0.1,37,20,Std-CP,0.92,6.8960807808302125,6.410987649317887,2.7614429823875954,0,12345
0.0,0.1,37,20,Subsampling,0.94,7.959150098831721,7.959150098831721,3.9920651226976273e-16,0,12345
0.0,0.1,37,25,Donor-HCP-no-within,0.91,6.22209339401905,5.9907795262546175,1.6953136127156756,0,12345
0.0,0.1,37,25,Donor-HCP-within,0.9,5.452855916613703,5.217798903578034,1.786490393900327,0,12345
0.0,0.1,37,25,HCP,0.99,10.527933233340612,10.527933233340612,3.9920651226976273e-16,0,12345
0.0,0.1,37,25,Pooling,0.9,7.235795266079711,7.23579526607971,1.0896217251034794e-15,0,12345
0.0,0.1,37,25,Repeated,0.94,7.788370685468732,7.788370685468732,1.1005364054556626e-15,0,12345
0.0,0.1,37,25,S-HCP-within,0.9,6.640471992873763,6.413855184117528,2.0149416645477576,0,12345
0.0,0.1,37,25,Std-CP,0.94,6.500404470490339,6.242909938613526,2.1955492394370233,0,12345
0.0,0.1,37,25,Subsampling,0.94,7.959150098831721,7.959150098831721,3.9920651226976273e-16,0,12345
0.0,0.1,37,30,Donor-HCP-no-within,0.91,5.86946552242057,5.556134858166197,1.587820173485282,0,12345
0.0,0.1,37,30,Donor-HCP-within,0.94,5.9400448543481765,5.802704756113483,1.6920414625488154,0,12345
0.0,0.1,37,30,HCP,0.99,10.527933233340612,10.527933233340612,3.9920651226976273e-16,0,12345
0.0,0.1,37,30,Pooling,0.9,7.235795266079711,7.23579526607971,1.0896217251034794e-15,0,12345
0.0,0.1,37,30,Repeated,0.94,7.788370685468732,7.788370685468732,1.1005364054556626e-15,0,12345
0.0,0.1,37,30,S-HCP-within,0.92,6.814104850304703,6.46869811138051,1.9688886650442472,0,12345
0.0,0.1,37,30,Std-CP,0.94,6.261973447830359,6.1355446970163605,2.054044470526173,0,12345
0.0,0.1,37,30,Subsampling,0.94,7.959150098831721,7.959150098831721,3.9920651226976273e-16,0,12345
0.0,0.1,37,35,Donor-HCP-no-within,0.91,6.062547007446792,5.968310146440555,1.5601835800965795,0,12345
0.0,0.1,37,35,Donor-HCP-within,0.94,6.090094097716053,5.928288010507275,1.7604373948774106,0,12345
0.0,0.1,37,35,HCP,0.99,10.527933233340612,10.527933233340612,3.9920651226976273e-16,0,12345
0.0,0.1,37,35,Pooling,0.9,7.235795266079711,7.23579526607971,1.0896217251034794e-15,0,12345
0.0,0.1,37,35,Repeated,0.94,7.788370685468732,7.788370685468732,1.1005364054556626e-15,0,12345
0.0,0.1,37,35,S-HCP-within,0.95,7.0336197258188,6.651762343377468,2.0561505801097097,0,12345
0.0,0.1,37,35,Std-CP,1.0,6.688622513348341,6.31958569764168,2.404763498708834,0,12345
0.0,0.1,37,35,Subsampling,0.94,7.959150098831721,7.959150098831721,3.9920651226976273e-16,0,12345
0.0,0.1,38,0,Donor-HCP-no-within,0.98,9.313779534999146,9.313779534999146,1.1976195368092882e-15,0,12345
0.0,0.1,38,0,Donor-HCP-within,0.98,9.313779534999146,9.313779534999146,1.1976195368092882e-15,0,12345
0.0,0.1,38,0,HCP,0.98,9.313779534999146,9.313779534999146,1.1976195368092882e-15,0,12345
0.0,0.1,38,0,Pooling,0.94,7.13677035360481,7.13677035360481,7.574411013266429e-16,0,12345
0.0,0.1,38,0,Repeated,0.97,7.765361542723887,7.765361542723888,8.836812848810834e-16,0,12345
0.0,0.1,38,0,S-HCP-within,0.91,8.138275551527002,7.3553555272916995,1.8190416907449687,0,12345
0.0,0.1,38,0,Std-CP,1.0,,,,100,12345
0.0,0.1,38,0,Subsampling,0.97,8.995987640597154,8.995987640597154,1.1976195368092882e-15,0,12345
0.0,0.1,38,5,Donor-HCP-no-within,0.97,8.110693206704633,8.237984950014734,0.616520819957537,0,12345
0.0,0.1,38,5,Donor-HCP-within,0.99,7.899474142596753,7.855196106352182,0.33403532081060855,0,12345
0.0,0.1,38,5,HCP,0.98,9.313779534999146,9.313779534999146,1.1976195368092882e-15,0,12345
0.0,0.1,38,5,Pooling,0.94,7.13677035360481,7.13677035360481,7.574411013266429e-16,0,12345
0.0,0.1,38,5,Repeated,0.97,7.765361542723887,7.765361542723888,8.836812848810834e-16,0,12345
0.0,0.1,38,5,S-HCP-within,0.89,6.914393504519394,7.149687521253611,0.7692867509631867,0,12345
0.0,0.1,38,5,Std-CP,0.84,5.700932327130335,5.007166592805831,3.506384947275319,0,12345
0.0,0.1,38,5,Subsampling,0.97,8.995987640597154,8.995987640597154,1.1976195368092882e-15,0,12345
0.0,0.1,38,10,Donor-HCP-no-within,0.96,7.714654152798398,7.845441374278014,0.5383175109047497,0,12345
0.0,0.1,38,10,Donor-HCP-within,0.97,7.237740878048462,7.314526880146708,0.265205026037972,0,12345
0.0,0.1,38,10,HCP,0.98,9.313779534999146,9.313779534999146,1.1976195368092882e-15,0,12345
0.0,0.1,38,10,Pooling,0.94,7.13677035360481,7.13677035360481,7.574411013266429e-16,0,12345
0.0,0.1,38,10,Repeated,0.97,7.765361542723887,7.765361542723888,8.836812848810834e-16,0,12345
0.0,0.1,38,10,S-HCP-within,0.9,6.944999758876832,6.905090301140184,0.6475103358470736,0,12345
0.0,0.1,38,10,Std-CP,0.9,24.67333919647537,10.959431504873987,56.76921165639312,0,12345
0.0,0.1,38,10,Subsampling,0.97,8.995987640597154,8.995987640597154,1.1976195368092882e-15,0,12345
0.0,0.1,38,15,Donor-HCP-no-within,0.95,7.316703557983403,7.451767842762685,0.6701492987539517,0,12345
0.0,0.1,38,15,Donor-HCP-within,0.97,6.594726629593644,6.789047075023241,0.542469661119139,0,12345
0.0,0.1,38,15,HCP,0.98,9.313779534999146,9.313779534999146,1.1976195368092882e-15,0,12345
0.0,0.1,38,15,Pooling,0.94,7.13677035360481,7.13677035360481,7.574411013266429e-16,0,12345
0.0,0.1,38,15,Repeated,0.97,7.765361542723887,7.765361542723888,8.836812848810834e-16,0,12345
0.0,0.1,38,15,S-HCP-within,0.89,7.027220250405033,7.063102264242623,0.5080857044596145,0,12345
0.0,0.1,38,15,Std-CP,0.93,8.780759736512195,7.95625822522903,4.704747113776832,0,12345
0.0,0.1,38,15,Subsampling,0.97,8.995987640597154,8.995987640597154,1.1976195368092882e-15,0,12345
0.0,0.1,38,20,Donor-HCP-no-within,0.95,6.987590036336815,7.077468558821253,0.5944629048915633,0,12345
0.0,0.1,38,20,Donor-HCP-within,0.95,5.935862270825716,6.110115923372433,0.36881238708191083,0,12345
0.0,0.1,38,20,HCP,0.98,9.313779534999146,9.313779534999146,1.1976195368092882e-15,0,12345
0.0,0.1,38,20,Pooling,0.94,7.13677035360481,7.13677035360481,7.574411013266429e-16,0,12345
0.0,0.1,38,20,Repeated,0.97,7.765361542723887,7.765361542723888,8.836812848810834e-16,0,12345
0.0,0.1,38,20,S-HCP-within,0.89,6.824627600538276,6.8095005273698845,0.5527720038473664,0,12345
0.0,0.1,38,20,Std-CP,0.91,7.007156567361242,6.507567078260483,2.940586738645557,0,12345
0.0,0.1,38,20,Subsampling,0.97,8.995987640597154,8.995987640597154,1.1976195368092882e-15,0,12345
0.0,0.1,38,25,Donor-HCP-no-within,0.95,6.443378201190314,6.309929839223163,1.78602556462638,0,12345
0.0,0.1,38,25,Donor-HCP-within,0.94,5.817152571003917,5.443074119896352,1.7986319291870938,0,12345
0.0,0.1,38,25,HCP,0.98,9.313779534999146,9.313779534999146,1.1976195368092882e-15,0,12345
0.0,0.1,38,25,Pooling,0.94,7.13677035360481,7.13677035360481,7.574411013266429e-16,0,12345
0.0,0.1,38,25,Repeated,0.97,7.765361542723887,7.765361542723888,8.836812848810834e-16,0,12345
0.0,0.1,38,25,S-HCP-within,0.96,6.827178750713304,6.745936315810468,2.086685441161735,0,12345
0.0,0.1,38,25,Std-CP,0.97,6.9131683220124565,6.8038655914350885,2.4835331633066824,0,12345
0.0,0.1,38,25,Subsampling,0.97,8.995987640597154,8.995987640597154,1.1976195368092882e-15,0,12345
0.0,0.1,38,30,Donor-HCP-no-within,0.95,6.077503723735576,5.9317447862977595,1.6618000321085664,0,12345
0.0,0.1,38,30,Donor-HCP-within,0.95,6.026213876364923,5.810545545150862,1.8976260902413564,0,12345
0.0,0.1,38,30,HCP,0.98,9.313779534999146,9.313779534999146,1.1976195368092882e-15,0,12345
0.0,0.1,38,30,Pooling,0.94,7.13677035360481,7.13677035360481,7.574411013266429e-16,0,12345
0.0,0.1,38,30,Repeated,0.97,7.765361542723887,7.765361542723888,8.836812848810834e-16,0,12345
0.0,0.1,38,30,S-HCP-within,0.94,6.997788297472025,6.908630432905993,2.278405714312857,0,12345
0.0,0.1,38,30,Std-CP,0.98,6.645897237519149,6.057045771646844,2.667975593294919,0,12345
0.0,0.1,38,30,Subsampling,0.97,8.995987640597154,8.995987640597154,1.1976195368092882e-15,0,12345
0.0,0.1,38,35,Donor-HCP-no-within,0.95,6.265085613041282,6.184681143737819,1.6196679030354257,0,12345
0.0,0.1,38,35,Donor-HCP-within,0.94,6.132463433707127,6.085979772194602,1.6822298990502198,0,12345
0.0,0.1,38,35,HCP,0.98,9.313779534999146,9.313779534999146,1.1976195368092882e-15,0,12345
0.0,0.1,38,35,Pooling,0.94,7.13677035360481,7.13677035360481,7.574411013266429e-16,0,12345
0.0,0.1,38,35,Repeated,0.97,7.765361542723887,7.765361542723888,8.836812848810834e-16,0,12345
0.0,0.1,38,35,S-HCP-within,0.96,7.155894348185184,7.005092317554287,2.130525539975932,0,12345
0.0,0.1,38,35,Std-CP,0.96,6.592908582795661,6.100609202002492,2.394422583599421,0,12345
0.0,0.1,38,35,Subsampling,0.97,8.995987640597154,8.995987640597154,1.1976195368092882e-15,0,12345
0.0,0.1,39,0,Donor-HCP-no-within,0.99,11.611499614455983,11.611499614455983,1.636259790671482e-15,0,12345
0.0,0.1,39,0,Donor-HCP-within,0.99,11.611499614455983,11.611499614455983,1.636259790671482e-15,0,12345
0.0,0.1,39,0,HCP,0.99,11.611499614455983,11.611499614455983,1.636259790671482e-15,0,12345
0.0,0.1,39,0,Pooling,0.94,9.499428454709482,9.499428454709482,1.596826049079051e-15,0,12345
0.0,0.1,39,0,Repeated,0.96,10.234955941851663,10.234955941851663,1.636259790671482e-15,0,12345
0.0,0.1,39,0,S-HCP-within,1.0,15.441322011318267,15.667173222068982,2.8521654364950466,0,12345
0.0,0.1,39,0,Std-CP,1.0,,,,100,12345
0.0,0.1,39,0,Subsampling,0.96,10.492784751521674,10.492784751521674,1.616663158110819e-15,0,12345
0.0,0.1,39,5,Donor-HCP-no-within,0.98,11.235093212472462,10.613861781132279,1.9838534828650292,0,12345
0.0,0.1,39,5,Donor-HCP-within,1.0,10.7498931217961,9.740473496795111,1.8447623073084922,0,12345
0.0,0.1,39,5,HCP,0.99,11.611499614455983,11.611499614455983,1.636259790671482e-15,0,12345
0.0,0.1,39,5,Pooling,0.94,9.499428454709482,9.499428454709482,1.596826049079051e-15,0,12345
0.0,0.1,39,5,Repeated,0.96,10.234955941851663,10.234955941851663,1.636259790671482e-15,0,12345
0.0,0.1,39,5,S-HCP-within,0.99,13.234588213103391,13.601994639300663,1.39794450689825,0,12345
0.0,0.1,39,5,Std-CP,0.83,6.28790132357394,5.401863728265203,4.432610054743953,0,12345
0.0,0.1,39,5,Subsampling,0.96,10.492784751521674,10.492784751521674,1.616663158110819e-15,0,12345
0.0,0.1,39,10,Donor-HCP-no-within,1.0,10.31048024302918,9.933085348505259,1.5330801914189405,0,12345
0.0,0.1,39,10,Donor-HCP-within,0.99,8.828246499284582,8.035895275412251,1.5475281799849732,0,12345
0.0,0.1,39,10,HCP,0.99,11.611499614455983,11.611499614455983,1.636259790671482e-15,0,12345
0.0,0.1,39,10,Pooling,0.94,9.499428454709482,9.499428454709482,1.596826049079051e-15,0,12345
0.0,0.1,39,10,Repeated,0.96,10.234955941851663,10.234955941851663,1.636259790671482e-15,0,12345
0.0,0.1,39,10,S-HCP-within,0.99,13.084672329586635,12.879965623439698,1.1294818643127398,0,12345
0.0,0.1,39,10,Std-CP,0.85,33.70437964257148,11.192010450090173,127.78908147589904,0,12345
0.0,0.1,39,10,Subsampling,0.96,10.492784751521674,10.492784751521674,1.616663158110819e-15,0,12345
0.0,0.1,39,15,Donor-HCP-no-within,0.96,9.924612869844273,9.640030066826633,1.4315073732883987,0,12345
0.0,0.1,39,15,Donor-HCP-within,0.97,7.733761271545315,7.586140339212097,1.2903256492104247,0,12345
0.0,0.1,39,15,HCP,0.99,11.611499614455983,11.611499614455983,1.636259790671482e-15,0,12345
0.0,0.1,39,15,Pooling,0.94,9.499428454709482,9.499428454709482,1.596826049079051e-15,0,12345
0.0,0.1,39,15,Repeated,0.96,10.234955941851663,10.234955941851663,1.636259790671482e-15,0,12345
0.0,0.1,39,15,S-HCP-within,0.98,13.122645923084228,12.765058652589914,0.8537781901966255,0,12345
0.0,0.1,39,15,Std-CP,0.93,9.460035628884135,7.364397065519164,8.83683407372872,0,12345
0.0,0.1,39,15,Subsampling,0.96,10.492784751521674,10.492784751521674,1.616663158110819e-15,0,12345
0.0,0.1,39,20,Donor-HCP-no-within,0.95,9.261022704270824,9.024397829245785,1.1792762714899971,0,12345
0.0,0.1,39,20,Donor-HCP-within,0.98,6.768635833440245,6.3823457446387835,0.9884131707531546,0,12345
0.0,0.1,39,20,HCP,0.99,11.611499614455983,11.611499614455983,1.636259790671482e-15,0,12345
0.0,0.1,39,20,Pooling,0.94,9.499428454709482,9.499428454709482,1.596826049079051e-15,0,12345
0.0,0.1,39,20,Repeated,0.96,10.234955941851663,10.234955941851663,1.636259790671482e-15,0,12345
0.0,0.1,39,20,S-HCP-within,0.99,12.624052023736748,12.676961734938331,0.8066905319370437,0,12345
0.0,0.1,39,20,Std-CP,0.94,7.175015099183407,6.7643454260094185,2.89374847680913,0,12345
0.0,0.1,39,20,Subsampling,0.96,10.492784751521674,10.492784751521674,1.616663158110819e-15,0,12345
0.0,0.1,39,25,Donor-HCP-no-within,0.95,6.640521674585515,6.218309057602216,2.0535064257296707,0,12345
0.0,0.1,39,25,Donor-HCP-within,0.95,5.688232667222484,5.315499934151035,1.9535731445667657,0,12345
0.0,0.1,39,25,HCP,0.99,11.611499614455983,11.611499614455983,1.636259790671482e-15,0,12345
0.0,0.1,39,25,Pooling,0.94,9.499428454709482,9.499428454709482,1.596826049079051e-15,0,12345
0.0,0.1,39,25,Repeated,0.96,10.234955941851663,10.234955941851663,1.636259790671482e-15,0,12345
0.0,0.1,39,25,S-HCP-within,0.96,7.070194010757515,6.80292604195842,2.479437405172005,0,12345
0.0,0.1,39,25,Std-CP,0.94,6.896474767779208,6.363085062804252,2.5198295318941994,0,12345
0.0,0.1,39,25,Subsampling,0.96,10.492784751521674,10.492784751521674,1.616663158110819e-15,0,12345
0.0,0.1,39,30,Donor-HCP-no-within,0.94,6.227709257040321,5.601455277719387,1.9182699734197923,0,12345
0.0,0.1,39,30,Donor-HCP-within,0.95,5.9209194430081675,5.53948739322159,1.8397631994799786,0,12345
0.0,0.1,39,30,HCP,0.99,11.611499614455983,11.611499614455983,1.636259790671482e-15,0,12345
0.0,0.1,39,30,Pooling,0.94,9.499428454709482,9.499428454709482,1.596826049079051e-15,0,12345
0.0,0.1,39,30,Repeated,0.96,10.234955941851663,10.234955941851663,1.636259790671482e-15,0,12345
0.0,0.1,39,30,S-HCP-within,0.98,7.112313995521105,6.748006059034772,2.389479531209062,0,12345
0.0,0.1,39,30,Std-CP,0.95,6.271055484359319,5.978910440800842,1.9565433132146417,0,12345
0.0,0.1,39,30,Subsampling,0.96,10.492784751521674,10.492784751521674,1.616663158110819e-15,0,12345
0.0,0.1,39,35,Donor-HCP-no-within,0.95,6.439848892078356,5.827238503452765,1.8826251845800164,0,12345
0.0,0.1,39,35,Donor-HCP-within,0.96,6.2789768058211415,5.892280172954967,1.824851635071439,0,12345
0.0,0.1,39,35,HCP,0.99,11.611499614455983,11.611499614455983,1.636259790671482e-15,0,12345
0.0,0.1,39,35,Pooling,0.94,9.499428454709482,9.499428454709482,1.596826049079051e-15,0,12345
0.0,0.1,39,35,Repeated,0.96,10.234955941851663,10.234955941851663,1.636259790671482e-15,0,12345
0.0,0.1,39,35,S-HCP-within,0.98,7.447937744465586,7.089205052995245,2.2359855313294235,0,12345
0.0,0.1,39,35,Std-CP,0.98,6.588035939946349,6.320447877173825,1.9739373647427627,0,12345
0.0,0.1,39,35,Subsampling,0.96,10.492784751521674,10.492784751521674,1.616663158110819e-15,0,12345
0.0,0.1,40,0,Donor-HCP-no-within,1.0,21.16215093997355,21.16215093997355,3.5706115939831736e-16,0,12345
0.0,0.1,40,0,Donor-HCP-within,1.0,21.16215093997355,21.16215093997355,3.5706115939831736e-16,0,12345
0.0,0.1,40,0,HCP,1.0,21.16215093997355,21.16215093997355,3.5706115939831736e-16,0,12345
0.0,0.1,40,0,Pooling,0.96,15.041766724545596,15.041766724545596,0.0,0,12345
0.0,0.1,40,0,Repeated,0.99,17.775332503380863,17.775332503380863,2.944401750009533e-15,0,12345
0.0,0.1,40,0,S-HCP-within,0.9,9.545193161968802,9.332643468036693,2.5566463139905964,0,12345
0.0,0.1,40,0,Std-CP,1.0,,,,100,12345
0.0,0.1,40,0,Subsampling,0.97,15.78591146334256,15.785911463342558,0.0,0,12345
0.0,0.1,40,5,Donor-HCP-no-within,0.99,14.513504395787447,14.957952679323789,4.409960714441341,0,12345
0.0,0.1,40,5,Donor-HCP-within,0.98,13.792074222166168,14.66698449008937,3.4797188930425853,0,12345
0.0,0.1,40,5,HCP,1.0,21.16215093997355,21.16215093997355,3.5706115939831736e-16,0,12345
0.0,0.1,40,5,Pooling,0.96,15.041766724545596,15.041766724545596,0.0,0,12345
0.0,0.1,40,5,Repeated,0.99,17.775332503380863,17.775332503380863,2.944401750009533e-15,0,12345
0.0,0.1,40,5,S-HCP-within,0.92,8.42201190984625,8.269974968148908,1.218517209385669,0,12345
0.0,0.1,40,5,Std-CP,0.77,6.0211448436380275,5.024205976264479,3.738632631481988,0,12345
0.0,0.1,40,5,Subsampling,0.97,15.78591146334256,15.785911463342558,0.0,0,12345
0.0,0.1,40,10,Donor-HCP-no-within,0.98,12.716036966204117,13.270045757614419,3.8191720754159517,0,12345
0.0,0.1,40,10,Donor-HCP-within,0.98,10.826106737374303,9.62467123781206,2.9859079387050547,0,12345
0.0,0.1,40,10,HCP,1.0,21.16215093997355,21.16215093997355,3.5706115939831736e-16,0,12345
0.0,0.1,40,10,Pooling,0.96,15.041766724545596,15.041766724545596,0.0,0,12345
0.0,0.1,40,10,Repeated,0.99,17.775332503380863,17.775332503380863,2.944401750009533e-15,0,12345
0.0,0.1,40,10,S-HCP-within,0.91,8.216289309691012,7.958294222868256,0.9804337934534575,0,12345
0.0,0.1,40,10,Std-CP,0.83,34.76716627864201,12.10922731704002,100.29152888917064,0,12345
0.0,0.1,40,10,Subsampling,0.97,15.78591146334256,15.785911463342558,0.0,0,12345
0.0,0.1,40,15,Donor-HCP-no-within,0.95,12.467411644837041,12.45364217801098,3.442292613590913,0,12345
0.0,0.1,40,15,Donor-HCP-within,0.96,8.170712432940043,8.625323399002298,1.8441524003000058,0,12345
0.0,0.1,40,15,HCP,1.0,21.16215093997355,21.16215093997355,3.5706115939831736e-16,0,12345
0.0,0.1,40,15,Pooling,0.96,15.041766724545596,15.041766724545596,0.0,0,12345
0.0,0.1,40,15,Repeated,0.99,17.775332503380863,17.775332503380863,2.944401750009533e-15,0,12345
0.0,0.1,40,15,S-HCP-within,0.9,8.080734051116046,7.7487206890940215,0.9223156571331721,0,12345
0.0,0.1,40,15,Std-CP,0.9,9.273404522622565,7.9020558382304085,5.695394620981371,0,12345
0.0,0.1,40,15,Subsampling,0.97,15.78591146334256,15.785911463342558,0.0,0,12345
0.0,0.1,40,20,Donor-HCP-no-within,0.93,11.4079492890386,11.5460300844939,3.1536217157910755,0,12345
0.0,0.1,40,20,Donor-HCP-within,0.87,6.443759045849888,6.373521075100547,1.5801438906184062,0,12345
0.0,0.1,40,20,HCP,1.0,21.16215093997355,21.16215093997355,3.5706115939831736e-16,0,12345
0.0,0.1,40,20,Pooling,0.96,15.041766724545596,15.041766724545596,0.0,0,12345
0.0,0.1,40,20,Repeated,0.99,17.775332503380863,17.775332503380863,2.944401750009533e-15,0,12345
0.0,0.1,40,20,S-HCP-within,0.88,7.7914250645725724,7.604023971996089,0.8733080076318923,0,12345
0.0,0.1,40,20,Std-CP,0.88,7.070140667885718,6.359928527029949,3.441856649289431,0,12345
0.0,0.1,40,20,Subsampling,0.97,15.78591146334256,15.785911463342558,0.0,0,12345
0.0,0.1,40,25,Donor-HCP-no-within,0.93,6.681053253682461,6.2948802193623745,2.1063674363784304,0,12345
0.0,0.1,40,25,Donor-HCP-within,0.9,5.681303756321925,5.479858843072705,1.606336444832243,0,12345
0.0,0.1,40,25,HCP,1.0,21.16215093997355,21.16215093997355,3.5706115939831736e-16,0,12345
0.0,0.1,40,25,Pooling,0.96,15.041766724545596,15.041766724545596,0.0,0,12345
0.0,0.1,40,25,Repeated,0.99,17.775332503380863,17.775332503380863,2.944401750009533e-15,0,12345
0.0,0.1,40,25,S-HCP-within,0.93,7.074812712417114,6.816160147494491,2.456188233571169,0,12345
0.0,0.1,40,25,Std-CP,0.94,6.702697727518048,6.108053256267617,2.4297382188039207,0,12345
0.0,0.1,40,25,Subsampling,0.97,15.78591146334256,15.785911463342558,0.0,0,12345
0.0,0.1,40,30,Donor-HCP-no-within,0.92,6.3436750099691555,5.993255511404451,2.0162453319939457,0,12345
0.0,0.1,40,30,Donor-HCP-within,0.91,5.715620188556561,5.330535074022675,1.6790640797490597,0,12345
0.0,0.1,40,30,HCP,1.0,21.16215093997355,21.16215093997355,3.5706115939831736e-16,0,12345
0.0,0.1,40,30,Pooling,0.96,15.041766724545596,15.041766724545596,0.0,0,12345
0.0,0.1,40,30,Repeated,0.99,17.775332503380863,17.775332503380863,2.944401750009533e-15,0,12345
0.0,0.1,40,30,S-HCP-within,0.93,7.175711347389668,6.595060181548111,2.4959873263396557,0,12345
0.0,0.1,40,30,Std-CP,0.92,6.461096472544457,6.1689714141988485,2.029815263133078,0,12345
0.0,0.1,40,30,Subsampling,0.97,15.78591146334256,15.785911463342558,0.0,0,12345
0.0,0.1,40,35,Donor-HCP-no-within,0.94,6.468906502165007,6.168516372622778,1.9883909370782242,0,12345
0.0,0.1,40,35,Donor-HCP-within,0.93,5.996535214933633,5.539531535721304,1.852972974863584,0,12345
0.0,0.1,40,35,HCP,1.0,21.16215093997355,21.16215093997355,3.5706115939831736e-16,0,12345
0.0,0.1,40,35,Pooling,0.96,15.041766724545596,15.041766724545596,0.0,0,12345
0.0,0.1,40,35,Repeated,0.99,17.775332503380863,17.775332503380863,2.944401750009533e-15,0,12345
0.0,0.1,40,35,S-HCP-within,0.92,7.291857803981551,6.884333792367355,2.376683656022519,0,12345
0.0,0.1,40,35,Std-CP,0.96,6.674577200834574,6.513874739004367,2.062484920807699,0,12345
0.0,0.1,40,35,Subsampling,0.97,15.78591146334256,15.785911463342558,0.0,0,12345
0.0,0.1,41,0,Donor-HCP-no-within,1.0,12.70979936575344,12.70979936575344,6.43701159343627e-16,0,12345
0.0,0.1,41,0,Donor-HCP-within,1.0,12.70979936575344,12.70979936575344,6.43701159343627e-16,0,12345
0.0,0.1,41,0,HCP,1.0,12.70979936575344,12.70979936575344,6.43701159343627e-16,0,12345
0.0,0.1,41,0,Pooling,0.95,8.997457571563698,8.997457571563697,1.6747652892626934e-15,0,12345
0.0,0.1,41,0,Repeated,0.97,9.931695633273307,9.931695633273307,5.921189464667501e-16,0,12345
0.0,0.1,41,0,S-HCP-within,0.92,9.734104799297757,9.73618030879755,1.3237460047035527,0,12345
0.0,0.1,41,0,Std-CP,1.0,,,,100,12345
0.0,0.1,41,0,Subsampling,0.98,10.341482587579332,10.341482587579332,1.7309181902809442e-15,0,12345
0.0,0.1,41,5,Donor-HCP-no-within,0.99,10.424276620898896,10.217004236502284,0.47648261373903716,0,12345
0.0,0.1,41,5,Donor-HCP-within,1.0,10.389885405562339,10.4343944647458,0.5143380514523382,0,12345
0.0,0.1,41,5,HCP,1.0,12.70979936575344,12.70979936575344,6.43701159343627e-16,0,12345
0.0,0.1,41,5,Pooling,0.95,8.997457571563698,8.997457571563697,1.6747652892626934e-15,0,12345
0.0,0.1,41,5,Repeated,0.97,9.931695633273307,9.931695633273307,5.921189464667501e-16,0,12345
0.0,0.1,41,5,S-HCP-within,0.94,9.419817828755487,9.43290804176581,0.660435965254305,0,12345
0.0,0.1,41,5,Std-CP,0.72,5.602310093079642,4.321212319892232,4.10121039400141,0,12345
0.0,0.1,41,5,Subsampling,0.98,10.341482587579332,10.341482587579332,1.7309181902809442e-15,0,12345
0.0,0.1,41,10,Donor-HCP-no-within,0.94,9.64048301668739,9.509200375827461,0.48372133540883294,0,12345
0.0,0.1,41,10,Donor-HCP-within,0.99,7.652781483394864,7.519996932673003,0.476972229145469,0,12345
0.0,0.1,41,10,HCP,1.0,12.70979936575344,12.70979936575344,6.43701159343627e-16,0,12345
0.0,0.1,41,10,Pooling,0.95,8.997457571563698,8.997457571563697,1.6747652892626934e-15,0,12345
0.0,0.1,41,10,Repeated,0.97,9.931695633273307,9.931695633273307,5.921189464667501e-16,0,12345
0.0,0.1,41,10,S-HCP-within,0.94,9.403520601611426,9.43290804176581,0.5992181753985217,0,12345
0.0,0.1,41,10,Std-CP,0.84,39.793914420363,13.23776017119419,165.45936146895062,0,12345
0.0,0.1,41,10,Subsampling,0.98,10.341482587579332,10.341482587579332,1.7309181902809442e-15,0,12345
0.0,0.1,41,15,Donor-HCP-no-within,0.93,9.007381213135993,8.866878235912786,0.49392550531562623,0,12345
0.0,0.1,41,15,Donor-HCP-within,0.96,6.7152572658841105,6.722107703729307,0.31419146545877263,0,12345
0.0,0.1,41,15,HCP,1.0,12.70979936575344,12.70979936575344,6.43701159343627e-16,0,12345
0.0,0.1,41,15,Pooling,0.95,8.997457571563698,8.997457571563697,1.6747652892626934e-15,0,12345
0.0,0.1,41,15,Repeated,0.97,9.931695633273307,9.931695633273307,5.921189464667501e-16,0,12345
0.0,0.1,41,15,S-HCP-within,0.94,9.460995389766234,9.454357177225575,0.43086733976945146,0,12345
0.0,0.1,41,15,Std-CP,0.89,9.432938099235772,7.229540702759548,7.973391305431104,0,12345
0.0,0.1,41,15,Subsampling,0.98,10.341482587579332,10.341482587579332,1.7309181902809442e-15,0,12345
0.0,0.1,41,20,Donor-HCP-no-within,0.95,8.575287639025266,8.436702670851517,0.45442089893119625,0,12345
0.0,0.1,41,20,Donor-HCP-within,0.95,6.035770835660059,5.9444555061913995,0.44208172091394377,0,12345
0.0,0.1,41,20,HCP,1.0,12.70979936575344,12.70979936575344,6.43701159343627e-16,0,12345
0.0,0.1,41,20,Pooling,0.95,8.997457571563698,8.997457571563697,1.6747652892626934e-15,0,12345
0.0,0.1,41,20,Repeated,0.97,9.931695633273307,9.931695633273307,5.921189464667501e-16,0,12345
0.0,0.1,41,20,S-HCP-within,0.94,9.290220557550663,9.276850337942356,0.4779077789575302,0,12345
0.0,0.1,41,20,Std-CP,0.92,6.444186339515877,6.442189901986656,2.1069225669410065,0,12345
0.0,0.1,41,20,Subsampling,0.98,10.341482587579332,10.341482587579332,1.7309181902809442e-15,0,12345
0.0,0.1,41,25,Donor-HCP-no-within,0.98,6.887736811282024,6.6259990938194,1.8986804240152393,0,12345
0.0,0.1,41,25,Donor-HCP-within,0.96,5.800990745211257,5.7461101191750785,1.5494350081896562,0,12345
0.0,0.1,41,25,HCP,1.0,12.70979936575344,12.70979936575344,6.43701159343627e-16,0,12345
0.0,0.1,41,25,Pooling,0.95,8.997457571563698,8.997457571563697,1.6747652892626934e-15,0,12345
0.0,0.1,41,25,Repeated,0.97,9.931695633273307,9.931695633273307,5.921189464667501e-16,0,12345
0.0,0.1,41,25,S-HCP-within,0.97,7.646694850970254,7.152312274676799,2.268170559456476,0,12345
0.0,0.1,41,25,Std-CP,0.97,6.367352832828658,6.201725809447469,2.137470461973746,0,12345
0.0,0.1,41,25,Subsampling,0.98,10.341482587579332,10.341482587579332,1.7309181902809442e-15,0,12345
0.0,0.1,41,30,Donor-HCP-no-within,0.97,6.496698939866441,6.060238005616766,1.9445684038525999,0,12345
0.0,0.1,41,30,Donor-HCP-within,0.97,5.904959346318294,5.82588676162062,1.616137531944525,0,12345
0.0,0.1,41,30,HCP,1.0,12.70979936575344,12.70979936575344,6.43701159343627e-16,0,12345
0.0,0.1,41,30,Pooling,0.95,8.997457571563698,8.997457571563697,1.6747652892626934e-15,0,12345
0.0,0.1,41,30,Repeated,0.97,9.931695633273307,9.931695633273307,5.921189464667501e-16,0,12345
0.0,0.1,41,30,S-HCP-within,0.97,7.732042702995756,7.33364174568407,2.298867244334143,0,12345
0.0,0.1,41,30,Std-CP,0.96,6.179946773171846,5.961323188228103,1.875310087738111,0,12345
0.0,0.1,41,30,Subsampling,0.98,10.341482587579332,10.341482587579332,1.7309181902809442e-15,0,12345
0.0,0.1,41,35,Donor-HCP-no-within,0.97,6.778948974000355,6.218666542604534,1.8914230183076517,0,12345
0.0,0.1,41,35,Donor-HCP-within,0.97,6.241827703887099,6.007881632375025,1.614878532295872,0,12345
0.0,0.1,41,35,HCP,1.0,12.70979936575344,12.70979936575344,6.43701159343627e-16,0,12345
0.0,0.1,41,35,Pooling,0.95,8.997457571563698,8.997457571563697,1.6747652892626934e-15,0,12345
0.0,0.1,41,35,Repeated,0.97,9.931695633273307,9.931695633273307,5.921189464667501e-16,0,12345
0.0,0.1,41,35,S-HCP-within,0.97,7.919437699181279,7.489697444740893,2.3099266449442957,0,12345
0.0,0.1,41,35,Std-CP,0.94,6.235043708998697,5.923589019402639,1.7641971947421897,0,12345
0.0,0.1,41,35,Subsampling,0.98,10.341482587579332,10.341482587579332,1.7309181902809442e-15,0,12345
0.0,0.1,42,0,Donor-HCP-no-within,0.97,15.027011995150065,15.027011995150065,1.4613357754045038e-15,0,12345
0.0,0.1,42,0,Donor-HCP-within,0.97,15.027011995150065,15.027011995150065,1.4613357754045038e-15,0,12345
0.0,0.1,42,0,HCP,0.97,15.027011995150065,15.027011995150065,1.4613357754045038e-15,0,12345
0.0,0.1,42,0,Pooling,0.93,9.949010662272535,9.949010662272535,0.0,0,12345
0.0,0.1,42,0,Repeated,0.95,11.724661219778136,11.724661219778135,1.1570103937666858e-15,0,12345
0.0,0.1,42,0,S-HCP-within,0.88,9.518327655748013,9.06171619828358,2.2578214503146947,0,12345
0.0,0.1,42,0,Std-CP,1.0,,,,100,12345
0.0,0.1,42,0,Subsampling,0.96,14.072728926020496,14.072728926020496,0.0,0,12345
0.0,0.1,42,5,Donor-HCP-no-within,0.96,13.48875026211788,14.017510210307629,1.9918142406536639,0,12345
0.0,0.1,42,5,Donor-HCP-within,0.96,12.913812309140317,13.528803151444666,1.5860602336561258,0,12345
0.0,0.1,42,5,HCP,0.97,15.027011995150065,15.027011995150065,1.4613357754045038e-15,0,12345
0.0,0.1,42,5,Pooling,0.93,9.949010662272535,9.949010662272535,0.0,0,12345
0.0,0.1,42,5,Repeated,0.95,11.724661219778136,11.724661219778135,1.1570103937666858e-15,0,12345
0.0,0.1,42,5,S-HCP-within,0.88,8.541939712454838,8.338349005339204,1.1587164097791858,0,12345
0.0,0.1,42,5,Std-CP,0.72,6.116617525684553,4.842420846015778,4.427907021667671,0,12345
0.0,0.1,42,5,Subsampling,0.96,14.072728926020496,14.072728926020496,0.0,0,12345
0.0,0.1,42,10,Donor-HCP-no-within,0.95,12.86241840028885,13.318519206117298,1.6340241774640438,0,12345
0.0,0.1,42,10,Donor-HCP-within,0.96,10.221115228640915,10.766487868222388,1.3587259055985805,0,12345
0.0,0.1,42,10,HCP,0.97,15.027011995150065,15.027011995150065,1.4613357754045038e-15,0,12345
0.0,0.1,42,10,Pooling,0.93,9.949010662272535,9.949010662272535,0.0,0,12345
0.0,0.1,42,10,Repeated,0.95,11.724661219778136,11.724661219778135,1.1570103937666858e-15,0,12345
0.0,0.1,42,10,S-HCP-within,0.88,8.55154254583677,8.338349005339204,0.9873504812733166,0,12345
0.0,0.1,42,10,Std-CP,0.85,31.50596722892828,11.772468976199825,73.03426783473931,0,12345
0.0,0.1,42,10,Subsampling,0.96,14.072728926020496,14.072728926020496,0.0,0,12345
0.0,0.1,42,15,Donor-HCP-no-within,0.95,12.143007974900206,12.709549468651197,1.6869899386832237,0,12345
0.0,0.1,42,15,Donor-HCP-within,0.92,8.487465241578699,8.848421792628645,1.2037554344896784,0,12345
0.0,0.1,42,15,HCP,0.97,15.027011995150065,15.027011995150065,1.4613357754045038e-15,0,12345
0.0,0.1,42,15,Pooling,0.93,9.949010662272535,9.949010662272535,0.0,0,12345
0.0,0.1,42,15,Repeated,0.95,11.724661219778136,11.724661219778135,1.1570103937666858e-15,0,12345
0.0,0.1,42,15,S-HCP-within,0.87,8.26322639133199,8.137030088605577,0.663626519557583,0,12345
0.0,0.1,42,15,Std-CP,0.89,10.028849287924325,7.857448372621867,9.797003016619374,0,12345
0.0,0.1,42,15,Subsampling,0.96,14.072728926020496,14.072728926020496,0.0,0,12345
0.0,0.1,42,20,Donor-HCP-no-within,0.92,11.215687963719756,11.768838109552274,1.7075698292721944,0,12345
0.0,0.1,42,20,Donor-HCP-within,0.94,7.1102901614545875,7.206267331114213,0.9239168906305554,0,12345
0.0,0.1,42,20,HCP,0.97,15.027011995150065,15.027011995150065,1.4613357754045038e-15,0,12345
0.0,0.1,42,20,Pooling,0.93,9.949010662272535,9.949010662272535,0.0,0,12345
0.0,0.1,42,20,Repeated,0.95,11.724661219778136,11.724661219778135,1.1570103937666858e-15,0,12345
0.0,0.1,42,20,S-HCP-within,0.87,8.088356707974963,7.957302815703166,0.6222047793652826,0,12345
0.0,0.1,42,20,Std-CP,0.89,7.164502267028761,6.72288706023248,2.8880692099950385,0,12345
0.0,0.1,42,20,Subsampling,0.96,14.072728926020496,14.072728926020496,0.0,0,12345
0.0,0.1,42,25,Donor-HCP-no-within,0.93,6.96816958739406,6.5840929829515,2.350361117468127,0,12345
0.0,0.1,42,25,Donor-HCP-within,0.93,5.614106019955021,5.50519707314989,1.4623818101421016,0,12345
0.0,0.1,42,25,HCP,0.97,15.027011995150065,15.027011995150065,1.4613357754045038e-15,0,12345
0.0,0.1,42,25,Pooling,0.93,9.949010662272535,9.949010662272535,0.0,0,12345
0.0,0.1,42,25,Repeated,0.95,11.724661219778136,11.724661219778135,1.1570103937666858e-15,0,12345
0.0,0.1,42,25,S-HCP-within,0.93,7.353104820793577,6.819501559797748,2.6941147597753607,0,12345
0.0,0.1,42,25,Std-CP,0.96,7.117234536554663,6.70539934086581,2.972985557631702,0,12345
0.0,0.1,42,25,Subsampling,0.96,14.072728926020496,14.072728926020496,0.0,0,12345
0.0,0.1,42,30,Donor-HCP-no-within,0.92,6.49994438210452,6.083699521725913,2.2533147472530914,0,12345
0.0,0.1,42,30,Donor-HCP-within,0.93,5.937012321949686,5.656143111366004,1.5392914086196616,0,12345
0.0,0.1,42,30,HCP,0.97,15.027011995150065,15.027011995150065,1.4613357754045038e-15,0,12345
0.0,0.1,42,30,Pooling,0.93,9.949010662272535,9.949010662272535,0.0,0,12345
0.0,0.1,42,30,Repeated,0.95,11.724661219778136,11.724661219778135,1.1570103937666858e-15,0,12345
0.0,0.1,42,30,S-HCP-within,0.92,7.498747099405627,7.1663362307379685,2.524411083718831,0,12345
0.0,0.1,42,30,Std-CP,0.94,6.333104125554111,5.934276092180259,2.078070091729503,0,12345
0.0,0.1,42,30,Subsampling,0.96,14.072728926020496,14.072728926020496,0.0,0,12345
0.0,0.1,42,35,Donor-HCP-no-within,0.92,6.733239279039259,6.340513395668125,2.261707389350076,0,12345
0.0,0.1,42,35,Donor-HCP-within,0.93,6.157602083249018,5.933283934447179,1.684132509300224,0,12345
0.0,0.1,42,35,HCP,0.97,15.027011995150065,15.027011995150065,1.4613357754045038e-15,0,12345
0.0,0.1,42,35,Pooling,0.93,9.949010662272535,9.949010662272535,0.0,0,12345
0.0,0.1,42,35,Repeated,0.95,11.724661219778136,11.724661219778135,1.1570103937666858e-15,0,12345
0.0,0.1,42,35,S-HCP-within,0.92,7.660172199681167,6.9498489906053305,2.703918314495118,0,12345
0.0,0.1,42,35,Std-CP,0.95,6.479883574546319,6.103479544671513,2.2356862383208376,0,12345
0.0,0.1,42,35,Subsampling,0.96,14.072728926020496,14.072728926020496,0.0,0,12345
0.0,0.1,43,0,Donor-HCP-no-within,1.0,10.965273334018875,10.965273334018875,0.0,0,12345
0.0,0.1,43,0,Donor-HCP-within,1.0,10.965273334018875,10.965273334018875,0.0,0,12345
0.0,0.1,43,0,HCP,1.0,10.965273334018875,10.965273334018875,0.0,0,12345
0.0,0.1,43,0,Pooling,0.93,8.29937627387497,8.29937627387497,0.0,0,12345
0.0,0.1,43,0,Repeated,0.97,8.966870781760434,8.966870781760434,1.0859591207064624e-15,0,12345
0.0,0.1,43,0,S-HCP-within,0.96,8.346277678342517,8.102790271675175,1.2701442340286637,0,12345
0.0,0.1,43,0,Std-CP,1.0,,,,100,12345
0.0,0.1,43,0,Subsampling,0.97,9.054241017365129,9.054241017365129,0.0,0,12345
0.0,0.1,43,5,Donor-HCP-no-within,0.98,10.265223247791651,10.482671231171071,0.9072002514946765,0,12345
0.0,0.1,43,5,Donor-HCP-within,0.99,9.763588223942376,9.995430098410933,0.6885046449679965,0,12345
0.0,0.1,43,5,HCP,1.0,10.965273334018875,10.965273334018875,0.0,0,12345
0.0,0.1,43,5,Pooling,0.93,8.29937627387497,8.29937627387497,0.0,0,12345
0.0,0.1,43,5,Repeated,0.97,8.966870781760434,8.966870781760434,1.0859591207064624e-15,0,12345
0.0,0.1,43,5,S-HCP-within,0.94,7.829906942426909,7.747750907581565,0.6298435271035734,0,12345
0.0,0.1,43,5,Std-CP,0.77,5.809752853217272,4.715737043925504,4.146358519141692,0,12345
0.0,0.1,43,5,Subsampling,0.97,9.054241017365129,9.054241017365129,0.0,0,12345
0.0,0.1,43,10,Donor-HCP-no-within,0.96,9.668435683361674,9.996646475266566,0.9710529800146874,0,12345
0.0,0.1,43,10,Donor-HCP-within,0.97,7.683012602864077,7.736671935542479,0.48059397405659277,0,12345
0.0,0.1,43,10,HCP,1.0,10.965273334018875,10.965273334018875,0.0,0,12345
0.0,0.1,43,10,Pooling,0.93,8.29937627387497,8.29937627387497,0.0,0,12345
0.0,0.1,43,10,Repeated,0.97,8.966870781760434,8.966870781760434,1.0859591207064624e-15,0,12345
0.0,0.1,43,10,S-HCP-within,0.94,7.788941197157634,7.742929934685328,0.5055829321533953,0,12345
0.0,0.1,43,10,Std-CP,0.77,30.51413047435698,11.109238408538783,83.67569217393367,0,12345
0.0,0.1,43,10,Subsampling,0.97,9.054241017365129,9.054241017365129,0.0,0,12345
0.0,0.1,43,15,Donor-HCP-no-within,0.94,8.727341247845258,9.007952461595595,1.0565532182971813,0,12345
0.0,0.1,43,15,Donor-HCP-within,0.91,6.634982434926472,6.637776870803478,0.3667861155729476,0,12345
0.0,0.1,43,15,HCP,1.0,10.965273334018875,10.965273334018875,0.0,0,12345
0.0,0.1,43,15,Pooling,0.93,8.29937627387497,8.29937627387497,0.0,0,12345
0.0,0.1,43,15,Repeated,0.97,8.966870781760434,8.966870781760434,1.0859591207064624e-15,0,12345
0.0,0.1,43,15,S-HCP-within,0.96,7.793054099674645,7.747750907581564,0.3507011485243481,0,12345
0.0,0.1,43,15,Std-CP,0.9,8.917852590903685,7.161745876803489,5.274895697621908,0,12345
0.0,0.1,43,15,Subsampling,0.97,9.054241017365129,9.054241017365129,0.0,0,12345
0.0,0.1,43,20,Donor-HCP-no-within,0.93,8.474444667195474,8.664000561925363,0.957681023436478,0,12345
0.0,0.1,43,20,Donor-HCP-within,0.92,5.839272570030123,5.983830800992941,0.38606381324276007,0,12345
0.0,0.1,43,20,HCP,1.0,10.965273334018875,10.965273334018875,0.0,0,12345
0.0,0.1,43,20,Pooling,0.93,8.29937627387497,8.29937627387497,0.0,0,12345
0.0,0.1,43,20,Repeated,0.97,8.966870781760434,8.966870781760434,1.0859591207064624e-15,0,12345
0.0,0.1,43,20,S-HCP-within,0.93,7.633558835549828,7.660137679364382,0.2831745479912304,0,12345
0.0,0.1,43,20,Std-CP,0.93,7.039969348350002,6.478703401986065,3.159844945011052,0,12345
0.0,0.1,43,20,Subsampling,0.97,9.054241017365129,9.054241017365129,0.0,0,12345
0.0,0.1,43,25,Donor-HCP-no-within,0.95,6.901220044572187,6.706876604954399,1.6565244551943963,0,12345
0.0,0.1,43,25,Donor-HCP-within,0.95,5.7837361685690105,5.585377079343548,1.7091658651752124,0,12345
0.0,0.1,43,25,HCP,1.0,10.965273334018875,10.965273334018875,0.0,0,12345
0.0,0.1,43,25,Pooling,0.93,8.29937627387497,8.29937627387497,0.0,0,12345
0.0,0.1,43,25,Repeated,0.97,8.966870781760434,8.966870781760434,1.0859591207064624e-15,0,12345
0.0,0.1,43,25,S-HCP-within,0.95,7.196158575985149,7.199098172321715,2.01899135250658,0,12345
0.0,0.1,43,25,Std-CP,0.94,6.964121009854404,6.343859578979639,2.7320043958275426,0,12345
0.0,0.1,43,25,Subsampling,0.97,9.054241017365129,9.054241017365129,0.0,0,12345
0.0,0.1,43,30,Donor-HCP-no-within,0.93,6.516970568644577,6.256032289909409,1.6604784782557223,0,12345
0.0,0.1,43,30,Donor-HCP-within,0.94,5.911557005615268,5.73604419525727,1.6391115223422303,0,12345
0.0,0.1,43,30,HCP,1.0,10.965273334018875,10.965273334018875,0.0,0,12345
0.0,0.1,43,30,Pooling,0.93,8.29937627387497,8.29937627387497,0.0,0,12345
0.0,0.1,43,30,Repeated,0.97,8.966870781760434,8.966870781760434,1.0859591207064624e-15,0,12345
0.0,0.1,43,30,S-HCP-within,0.97,7.403420858175898,7.399662626840401,2.1303162270383846,0,12345
0.0,0.1,43,30,Std-CP,0.96,6.538668919593498,6.098331993259411,2.030051170050075,0,12345
0.0,0.1,43,30,Subsampling,0.97,9.054241017365129,9.054241017365129,0.0,0,12345
0.0,0.1,43,35,Donor-HCP-no-within,0.94,6.778641022901569,6.672282566689696,1.5851264013820727,0,12345
0.0,0.1,43,35,Donor-HCP-within,0.95,6.1452852978574235,6.039480550439094,1.6605081770057775,0,12345
0.0,0.1,43,35,HCP,1.0,10.965273334018875,10.965273334018875,0.0,0,12345
0.0,0.1,43,35,Pooling,0.93,8.29937627387497,8.29937627387497,0.0,0,12345
0.0,0.1,43,35,Repeated,0.97,8.966870781760434,8.966870781760434,1.0859591207064624e-15,0,12345
0.0,0.1,43,35,S-HCP-within,0.97,7.730824350300222,7.754841767565348,1.9662265065947668,0,12345
0.0,0.1,43,35,Std-CP,0.99,6.763856526467025,6.663580548079228,1.8427509385924628,0,12345
0.0,0.1,43,35,Subsampling,0.97,9.054241017365129,9.054241017365129,0.0,0,12345
0.0,0.1,44,0,Donor-HCP-no-within,1.0,11.148158829857561,11.148158829857561,9.44695030608341e-16,0,12345
0.0,0.1,44,0,Donor-HCP-within,1.0,11.148158829857561,11.148158829857561,9.44695030608341e-16,0,12345
0.0,0.1,44,0,HCP,1.0,11.148158829857561,11.148158829857561,9.44695030608341e-16,0,12345
0.0,0.1,44,0,Pooling,0.93,7.652722901528982,7.652722901528982,6.43701159343627e-16,0,12345
0.0,0.1,44,0,Repeated,0.96,8.527452207804867,8.527452207804867,1.2108533035983393e-15,0,12345
0.0,0.1,44,0,S-HCP-within,0.97,10.768986018519936,11.098568320016021,1.8335447449917268,0,12345
0.0,0.1,44,0,Std-CP,1.0,,,,100,12345
0.0,0.1,44,0,Subsampling,0.9,7.206675781292279,7.2066757812922795,1.2718346080767228e-15,0,12345
0.0,0.1,44,5,Donor-HCP-no-within,0.99,9.71120883077138,9.612230645263399,0.5471523696945203,0,12345
0.0,0.1,44,5,Donor-HCP-within,1.0,9.438678878232496,9.494007492076783,0.40799666491367736,0,12345
0.0,0.1,44,5,HCP,1.0,11.148158829857561,11.148158829857561,9.44695030608341e-16,0,12345
0.0,0.1,44,5,Pooling,0.93,7.652722901528982,7.652722901528982,6.43701159343627e-16,0,12345
0.0,0.1,44,5,Repeated,0.96,8.527452207804867,8.527452207804867,1.2108533035983393e-15,0,12345
0.0,0.1,44,5,S-HCP-within,0.97,10.177306186109616,10.236700465832868,0.84360373143591,0,12345
0.0,0.1,44,5,Std-CP,0.73,5.693084651093763,4.506733609004387,4.3573000063140865,0,12345
0.0,0.1,44,5,Subsampling,0.9,7.206675781292279,7.2066757812922795,1.2718346080767228e-15,0,12345
0.0,0.1,44,10,Donor-HCP-no-within,0.97,8.521157949880806,8.40711654943285,0.4531594744988838,0,12345
0.0,0.1,44,10,Donor-HCP-within,0.98,7.6075239990740275,7.569002175390736,0.35038057198214123,0,12345
0.0,0.1,44,10,HCP,1.0,11.148158829857561,11.148158829857561,9.44695030608341e-16,0,12345
0.0,0.1,44,10,Pooling,0.93,7.652722901528982,7.652722901528982,6.43701159343627e-16,0,12345
0.0,0.1,44,10,Repeated,0.96,8.527452207804867,8.527452207804867,1.2108533035983393e-15,0,12345
0.0,0.1,44,10,S-HCP-within,0.97,10.120511517587563,10.236700465832868,0.7099495063675562,0,12345
0.0,0.1,44,10,Std-CP,0.87,31.403039058380845,10.382827676986171,62.12001106187202,0,12345
0.0,0.1,44,10,Subsampling,0.9,7.206675781292279,7.2066757812922795,1.2718346080767228e-15,0,12345
0.0,0.1,44,15,Donor-HCP-no-within,0.93,7.820395530011817,7.808369955496486,0.4810961411994587,0,12345
0.0,0.1,44,15,Donor-HCP-within,0.94,6.64094956269065,6.664906510036623,0.3964903565974263,0,12345
0.0,0.1,44,15,HCP,1.0,11.148158829857561,11.148158829857561,9.44695030608341e-16,0,12345
0.0,0.1,44,15,Pooling,0.93,7.652722901528982,7.652722901528982,6.43701159343627e-16,0,12345
0.0,0.1,44,15,Repeated,0.96,8.527452207804867,8.527452207804867,1.2108533035983393e-15,0,12345
0.0,0.1,44,15,S-HCP-within,0.97,9.927470505120825,9.758976137798257,0.6798843817196873,0,12345
0.0,0.1,44,15,Std-CP,0.89,9.71721293775719,7.547612259959452,8.3999232110115,0,12345
0.0,0.1,44,15,Subsampling,0.9,7.206675781292279,7.2066757812922795,1.2718346080767228e-15,0,12345
0.0,0.1,44,20,Donor-HCP-no-within,0.92,7.460713244905755,7.593948035951154,0.6364373224072161,0,12345
0.0,0.1,44,20,Donor-HCP-within,0.89,5.457100726668872,5.553200014937563,0.344691187345071,0,12345
0.0,0.1,44,20,HCP,1.0,11.148158829857561,11.148158829857561,9.44695030608341e-16,0,12345
0.0,0.1,44,20,Pooling,0.93,7.652722901528982,7.652722901528982,6.43701159343627e-16,0,12345
0.0,0.1,44,20,Repeated,0.96,8.527452207804867,8.527452207804867,1.2108533035983393e-15,0,12345
0.0,0.1,44,20,S-HCP-within,0.97,9.743834583335579,9.652557367500606,0.5535682867091269,0,12345
0.0,0.1,44,20,Std-CP,0.89,7.32711630438756,6.299598575568249,3.3230095970562217,0,12345
0.0,0.1,44,20,Subsampling,0.9,7.206675781292279,7.2066757812922795,1.2718346080767228e-15,0,12345
0.0,0.1,44,25,Donor-HCP-no-within,0.9,6.450099156222485,6.156144302540511,1.6021772627867314,0,12345
0.0,0.1,44,25,Donor-HCP-within,0.93,5.478562134862554,5.276643765257452,1.396643436838688,0,12345
0.0,0.1,44,25,HCP,1.0,11.148158829857561,11.148158829857561,9.44695030608341e-16,0,12345
0.0,0.1,44,25,Pooling,0.93,7.652722901528982,7.652722901528982,6.43701159343627e-16,0,12345
0.0,0.1,44,25,Repeated,0.96,8.527452207804867,8.527452207804867,1.2108533035983393e-15,0,12345
0.0,0.1,44,25,S-HCP-within,0.93,6.713352270889504,6.470496261232675,1.7544307339967988,0,12345
0.0,0.1,44,25,Std-CP,0.94,6.592545571194148,6.264778913898468,2.4414738131944382,0,12345
0.0,0.1,44,25,Subsampling,0.9,7.206675781292279,7.2066757812922795,1.2718346080767228e-15,0,12345
0.0,0.1,44,30,Donor-HCP-no-within,0.88,6.023861278050381,5.821781023960083,1.458162938852591,0,12345
0.0,0.1,44,30,Donor-HCP-within,0.92,5.594570190808531,5.468973411033025,1.467046872469867,0,12345
0.0,0.1,44,30,HCP,1.0,11.148158829857561,11.148158829857561,9.44695030608341e-16,0,12345
0.0,0.1,44,30,Pooling,0.93,7.652722901528982,7.652722901528982,6.43701159343627e-16,0,12345
0.0,0.1,44,30,Repeated,0.96,8.527452207804867,8.527452207804867,1.2108533035983393e-15,0,12345
0.0,0.1,44,30,S-HCP-within,0.93,6.921548697789688,6.668512181535391,1.7862317456355679,0,12345
0.0,0.1,44,30,Std-CP,0.94,6.434447786403719,6.40902285295579,2.033539165917331,0,12345
0.0,0.1,44,30,Subsampling,0.9,7.206675781292279,7.2066757812922795,1.2718346080767228e-15,0,12345
0.0,0.1,44,35,Donor-HCP-no-within,0.9,6.174016691187606,5.999337972438694,1.4733548280581776,0,12345
0.0,0.1,44,35,Donor-HCP-within,0.93,5.732253386493875,5.410126887442926,1.4901911296559487,0,12345
0.0,0.1,44,35,HCP,1.0,11.148158829857561,11.148158829857561,9.44695030608341e-16,0,12345
0.0,0.1,44,35,Pooling,0.93,7.652722901528982,7.652722901528982,6.43701159343627e-16,0,12345
0.0,0.1,44,35,Repeated,0.96,8.527452207804867,8.527452207804867,1.2108533035983393e-15,0,12345
0.0,0.1,44,35,S-HCP-within,0.96,7.12793770975711,7.0265927168799855,1.8335574084027546,0,12345
0.0,0.1,44,35,Std-CP,0.97,6.45572612091399,6.213502626685128,2.10257902659369,0,12345
0.0,0.1,44,35,Subsampling,0.9,7.206675781292279,7.2066757812922795,1.2718346080767228e-15,0,12345
0.0,0.1,45,0,Donor-HCP-no-within,1.0,11.891238011913607,11.891238011913607,3.5706115939831736e-16,0,12345
0.0,0.1,45,0,Donor-HCP-within,1.0,11.891238011913607,11.891238011913607,3.5706115939831736e-16,0,12345
0.0,0.1,45,0,HCP,1.0,11.891238011913607,11.891238011913607,3.5706115939831736e-16,0,12345
0.0,0.1,45,0,Pooling,0.97,6.55530712779366,6.55530712779366,1.4365888836858366e-15,0,12345
0.0,0.1,45,0,Repeated,0.98,7.524875009907163,7.524875009907163,0.0,0,12345
0.0,0.1,45,0,S-HCP-within,0.96,14.14655205057141,14.177301248536114,2.1963146982909616,0,12345
0.0,0.1,45,0,Std-CP,1.0,,,,100,12345
0.0,0.1,45,0,Subsampling,0.97,6.703746984502821,6.703746984502821,0.0,0,12345
0.0,0.1,45,5,Donor-HCP-no-within,1.0,9.094179839404067,8.977907294090208,0.6572890283057323,0,12345
0.0,0.1,45,5,Donor-HCP-within,1.0,9.359085895237541,9.293995502881721,0.49607471351001675,0,12345
0.0,0.1,45,5,HCP,1.0,11.891238011913607,11.891238011913607,3.5706115939831736e-16,0,12345
0.0,0.1,45,5,Pooling,0.97,6.55530712779366,6.55530712779366,1.4365888836858366e-15,0,12345
0.0,0.1,45,5,Repeated,0.98,7.524875009907163,7.524875009907163,0.0,0,12345
0.0,0.1,45,5,S-HCP-within,0.98,12.87574460990876,12.802419684446626,1.0523901255578962,0,12345
0.0,0.1,45,5,Std-CP,0.77,6.703147042478166,4.822449783899034,6.621751680935682,0,12345
0.0,0.1,45,5,Subsampling,0.97,6.703746984502821,6.703746984502821,0.0,0,12345
0.0,0.1,45,10,Donor-HCP-no-within,0.97,8.061326097382342,7.950055460296048,0.6281337924274615,0,12345
0.0,0.1,45,10,Donor-HCP-within,1.0,8.281777251041756,8.193506986266213,0.39909049192237733,0,12345
0.0,0.1,45,10,HCP,1.0,11.891238011913607,11.891238011913607,3.5706115939831736e-16,0,12345
0.0,0.1,45,10,Pooling,0.97,6.55530712779366,6.55530712779366,1.4365888836858366e-15,0,12345
0.0,0.1,45,10,Repeated,0.98,7.524875009907163,7.524875009907163,0.0,0,12345
0.0,0.1,45,10,S-HCP-within,0.95,12.566191497366281,12.78760261230211,0.8812566515515278,0,12345
0.0,0.1,45,10,Std-CP,0.81,48.42937092972754,10.88666342984296,138.49910684986983,0,12345
0.0,0.1,45,10,Subsampling,0.97,6.703746984502821,6.703746984502821,0.0,0,12345
0.0,0.1,45,15,Donor-HCP-no-within,0.99,7.533954711200969,7.3327315592018305,0.7605790955028991,0,12345
0.0,0.1,45,15,Donor-HCP-within,0.97,6.164359307723762,6.106284251086947,0.32122847832512325,0,12345
0.0,0.1,45,15,HCP,1.0,11.891238011913607,11.891238011913607,3.5706115939831736e-16,0,12345
0.0,0.1,45,15,Pooling,0.97,6.55530712779366,6.55530712779366,1.4365888836858366e-15,0,12345
0.0,0.1,45,15,Repeated,0.98,7.524875009907163,7.524875009907163,0.0,0,12345
0.0,0.1,45,15,S-HCP-within,0.95,12.60445902405557,12.787602612302107,0.7412459596627898,0,12345
0.0,0.1,45,15,Std-CP,0.89,8.402810722901895,7.381847000973956,4.579340947990604,0,12345
0.0,0.1,45,15,Subsampling,0.97,6.703746984502821,6.703746984502821,0.0,0,12345
0.0,0.1,45,20,Donor-HCP-no-within,0.99,7.128128312749339,6.975167607342652,0.7854660426362895,0,12345
0.0,0.1,45,20,Donor-HCP-within,0.94,5.371768295886389,5.327660088078364,0.2124590637093211,0,12345
0.0,0.1,45,20,HCP,1.0,11.891238011913607,11.891238011913607,3.5706115939831736e-16,0,12345
0.0,0.1,45,20,Pooling,0.97,6.55530712779366,6.55530712779366,1.4365888836858366e-15,0,12345
0.0,0.1,45,20,Repeated,0.98,7.524875009907163,7.524875009907163,0.0,0,12345
0.0,0.1,45,20,S-HCP-within,0.95,12.371512480071335,12.300215979015835,0.657619534651813,0,12345
0.0,0.1,45,20,Std-CP,0.92,6.771612391364281,6.234761374395135,2.814828717775546,0,12345
0.0,0.1,45,20,Subsampling,0.97,6.703746984502821,6.703746984502821,0.0,0,12345
0.0,0.1,45,25,Donor-HCP-no-within,0.94,6.667950897266358,6.249104971245388,1.9868863125403362,0,12345
0.0,0.1,45,25,Donor-HCP-within,0.93,5.6304271018928205,5.561562554173344,1.6483124925620949,0,12345
0.0,0.1,45,25,HCP,1.0,11.891238011913607,11.891238011913607,3.5706115939831736e-16,0,12345
0.0,0.1,45,25,Pooling,0.97,6.55530712779366,6.55530712779366,1.4365888836858366e-15,0,12345
0.0,0.1,45,25,Repeated,0.98,7.524875009907163,7.524875009907163,0.0,0,12345
0.0,0.1,45,25,S-HCP-within,0.95,6.922781738997406,6.619980110787572,2.006267674840901,0,12345
0.0,0.1,45,25,Std-CP,0.95,6.850268143653186,6.421141380520123,2.4885744955865503,0,12345
0.0,0.1,45,25,Subsampling,0.97,6.703746984502821,6.703746984502821,0.0,0,12345
0.0,0.1,45,30,Donor-HCP-no-within,0.89,6.260967445037206,5.912170626317477,1.8251498660664973,0,12345
0.0,0.1,45,30,Donor-HCP-within,0.93,5.743679162126886,5.593923582725891,1.8606196013630785,0,12345
0.0,0.1,45,30,HCP,1.0,11.891238011913607,11.891238011913607,3.5706115939831736e-16,0,12345
0.0,0.1,45,30,Pooling,0.97,6.55530712779366,6.55530712779366,1.4365888836858366e-15,0,12345
0.0,0.1,45,30,Repeated,0.98,7.524875009907163,7.524875009907163,0.0,0,12345
0.0,0.1,45,30,S-HCP-within,0.94,6.978198748790468,6.7144757526992755,1.9837566634298627,0,12345
0.0,0.1,45,30,Std-CP,0.96,6.604046793426817,6.098822155230824,2.4498210223870838,0,12345
0.0,0.1,45,30,Subsampling,0.97,6.703746984502821,6.703746984502821,0.0,0,12345
0.0,0.1,45,35,Donor-HCP-no-within,0.92,6.4575705858869465,6.165143264803541,1.8043115385455484,0,12345
0.0,0.1,45,35,Donor-HCP-within,0.92,5.91130379903493,5.857091969701883,1.6638797345125338,0,12345
0.0,0.1,45,35,HCP,1.0,11.891238011913607,11.891238011913607,3.5706115939831736e-16,0,12345
0.0,0.1,45,35,Pooling,0.97,6.55530712779366,6.55530712779366,1.4365888836858366e-15,0,12345
0.0,0.1,45,35,Repeated,0.98,7.524875009907163,7.524875009907163,0.0,0,12345
0.0,0.1,45,35,S-HCP-within,0.94,7.156579974525848,6.852989625659497,1.9199833648743407,0,12345
0.0,0.1,45,35,Std-CP,0.97,6.5260593501359345,6.114233248849487,2.1493797768885727,0,12345
0.0,0.1,45,35,Subsampling,0.97,6.703746984502821,6.703746984502821,0.0,0,12345
0.0,0.1,46,0,Donor-HCP-no-within,0.96,10.584572807052428,10.584572807052428,1.6556244859096878e-15,0,12345
0.0,0.1,46,0,Donor-HCP-within,0.96,10.584572807052428,10.584572807052428,1.6556244859096878e-15,0,12345
0.0,0.1,46,0,HCP,0.96,10.584572807052428,10.584572807052428,1.6556244859096878e-15,0,12345
0.0,0.1,46,0,Pooling,0.79,7.211002361305009,7.21100236130501,1.4963589289044808e-15,0,12345
0.0,0.1,46,0,Repeated,0.85,7.962162181632458,7.962162181632458,5.35591739097476e-16,0,12345
0.0,0.1,46,0,S-HCP-within,0.79,7.938989988027892,7.844023645242338,2.141523209342892,0,12345
0.0,0.1,46,0,Std-CP,1.0,,,,100,12345
0.0,0.1,46,0,Subsampling,0.88,8.53176436674184,8.53176436674184,5.04960734217762e-16,0,12345
0.0,0.1,46,5,Donor-HCP-no-within,0.93,9.570882170382193,9.588873351668099,0.7330553253923872,0,12345
0.0,0.1,46,5,Donor-HCP-within,0.95,9.268233188459243,9.336556442928082,0.5725087212602946,0,12345
0.0,0.1,46,5,HCP,0.96,10.584572807052428,10.584572807052428,1.6556244859096878e-15,0,12345
0.0,0.1,46,5,Pooling,0.79,7.211002361305009,7.21100236130501,1.4963589289044808e-15,0,12345
0.0,0.1,46,5,Repeated,0.85,7.962162181632458,7.962162181632458,5.35591739097476e-16,0,12345
0.0,0.1,46,5,S-HCP-within,0.79,7.308312405459076,7.337600688953599,1.26630660242688,0,12345
0.0,0.1,46,5,Std-CP,0.69,6.253643129607733,5.112154547511366,4.354194641779289,0,12345
0.0,0.1,46,5,Subsampling,0.88,8.53176436674184,8.53176436674184,5.04960734217762e-16,0,12345
0.0,0.1,46,10,Donor-HCP-no-within,0.9,8.810703508579572,9.002921891845475,0.7641716549351816,0,12345
0.0,0.1,46,10,Donor-HCP-within,0.94,7.958080033546411,8.045948604346032,0.42413305560709424,0,12345
0.0,0.1,46,10,HCP,0.96,10.584572807052428,10.584572807052428,1.6556244859096878e-15,0,12345
0.0,0.1,46,10,Pooling,0.79,7.211002361305009,7.21100236130501,1.4963589289044808e-15,0,12345
0.0,0.1,46,10,Repeated,0.85,7.962162181632458,7.962162181632458,5.35591739097476e-16,0,12345
0.0,0.1,46,10,S-HCP-within,0.78,7.29588868230713,7.3376006889535965,0.9946842143803394,0,12345
0.0,0.1,46,10,Std-CP,0.87,24.938507877781582,12.462321201812479,42.32391983508736,0,12345
0.0,0.1,46,10,Subsampling,0.88,8.53176436674184,8.53176436674184,5.04960734217762e-16,0,12345
0.0,0.1,46,15,Donor-HCP-no-within,0.87,8.135018975988343,7.993026476577864,0.7872092065318822,0,12345
0.0,0.1,46,15,Donor-HCP-within,0.91,6.727507727441222,6.735021443407941,0.36750350981162133,0,12345
0.0,0.1,46,15,HCP,0.96,10.584572807052428,10.584572807052428,1.6556244859096878e-15,0,12345
0.0,0.1,46,15,Pooling,0.79,7.211002361305009,7.21100236130501,1.4963589289044808e-15,0,12345
0.0,0.1,46,15,Repeated,0.85,7.962162181632458,7.962162181632458,5.35591739097476e-16,0,12345
0.0,0.1,46,15,S-HCP-within,0.78,7.351430351164453,7.2358213240651175,1.0112822746389452,0,12345
0.0,0.1,46,15,Std-CP,0.85,8.794613795621128,7.373878131259383,4.823372843341011,0,12345
0.0,0.1,46,15,Subsampling,0.88,8.53176436674184,8.53176436674184,5.04960734217762e-16,0,12345
0.0,0.1,46,20,Donor-HCP-no-within,0.84,7.617468494455031,7.489617684269378,0.7826803480585653,0,12345
0.0,0.1,46,20,Donor-HCP-within,0.86,5.653711550524718,5.6185130010197515,0.3185521293189136,0,12345
0.0,0.1,46,20,HCP,0.96,10.584572807052428,10.584572807052428,1.6556244859096878e-15,0,12345
0.0,0.1,46,20,Pooling,0.79,7.211002361305009,7.21100236130501,1.4963589289044808e-15,0,12345
0.0,0.1,46,20,Repeated,0.85,7.962162181632458,7.962162181632458,5.35591739097476e-16,0,12345
0.0,0.1,46,20,S-HCP-within,0.77,7.13159766544613,6.796293942815684,0.9869644146817955,0,12345
0.0,0.1,46,20,Std-CP,0.89,6.8081903424077845,6.091972382194884,2.880108913655833,0,12345
0.0,0.1,46,20,Subsampling,0.88,8.53176436674184,8.53176436674184,5.04960734217762e-16,0,12345
0.0,0.1,46,25,Donor-HCP-no-within,0.9,7.348587502464495,7.106880923835054,2.545470090230404,0,12345
0.0,0.1,46,25,Donor-HCP-within,0.9,5.782417657423556,5.679324460937863,1.6445170746095366,0,12345
0.0,0.1,46,25,HCP,0.96,10.584572807052428,10.584572807052428,1.6556244859096878e-15,0,12345
0.0,0.1,46,25,Pooling,0.79,7.211002361305009,7.21100236130501,1.4963589289044808e-15,0,12345
0.0,0.1,46,25,Repeated,0.85,7.962162181632458,7.962162181632458,5.35591739097476e-16,0,12345
0.0,0.1,46,25,S-HCP-within,0.89,7.688125572370401,7.521282104313483,2.703183014864889,0,12345
0.0,0.1,46,25,Std-CP,0.9,6.612428993245433,6.368833954142805,2.1732025458725692,0,12345
0.0,0.1,46,25,Subsampling,0.88,8.53176436674184,8.53176436674184,5.04960734217762e-16,0,12345
0.0,0.1,46,30,Donor-HCP-no-within,0.88,6.947786829671414,6.681362038684078,2.5140673845973818,0,12345
0.0,0.1,46,30,Donor-HCP-within,0.89,5.942490978124901,5.873186116298062,1.601560511170685,0,12345
0.0,0.1,46,30,HCP,0.96,10.584572807052428,10.584572807052428,1.6556244859096878e-15,0,12345
0.0,0.1,46,30,Pooling,0.79,7.211002361305009,7.21100236130501,1.4963589289044808e-15,0,12345
0.0,0.1,46,30,Repeated,0.85,7.962162181632458,7.962162181632458,5.35591739097476e-16,0,12345
0.0,0.1,46,30,S-HCP-within,0.91,7.884183344708923,7.59239639360119,2.7431978558865278,0,12345
0.0,0.1,46,30,Std-CP,0.9,6.426057762380971,6.352748918871944,2.046189018317033,0,12345
0.0,0.1,46,30,Subsampling,0.88,8.53176436674184,8.53176436674184,5.04960734217762e-16,0,12345
0.0,0.1,46,35,Donor-HCP-no-within,0.88,7.158016131190628,6.90716603118344,2.525382536925808,0,12345
0.0,0.1,46,35,Donor-HCP-within,0.89,6.163894253272161,6.19193134568534,1.5476743990550033,0,12345
0.0,0.1,46,35,HCP,0.96,10.584572807052428,10.584572807052428,1.6556244859096878e-15,0,12345
0.0,0.1,46,35,Pooling,0.79,7.211002361305009,7.21100236130501,1.4963589289044808e-15,0,12345
0.0,0.1,46,35,Repeated,0.85,7.962162181632458,7.962162181632458,5.35591739097476e-16,0,12345
0.0,0.1,46,35,S-HCP-within,0.91,8.220206212753414,7.693585842807112,2.719156186221776,0,12345
0.0,0.1,46,35,Std-CP,0.91,6.561545657465525,6.159038395137504,1.8292534421406799,0,12345
0.0,0.1,46,35,Subsampling,0.88,8.53176436674184,8.53176436674184,5.04960734217762e-16,0,12345
0.0,0.1,47,0,Donor-HCP-no-within,0.95,13.372344414997325,13.372344414997325,1.5148822026532858e-15,0,12345
0.0,0.1,47,0,Donor-HCP-within,0.95,13.372344414997325,13.372344414997325,1.5148822026532858e-15,0,12345
0.0,0.1,47,0,HCP,0.95,13.372344414997325,13.372344414997325,1.5148822026532858e-15,0,12345
0.0,0.1,47,0,Pooling,0.89,10.236745894513454,10.236745894513454,6.43701159343627e-16,0,12345
0.0,0.1,47,0,Repeated,0.92,11.752027738859406,11.752027738859406,1.6747652892626934e-15,0,12345
0.0,0.1,47,0,S-HCP-within,0.97,14.593588391574624,14.88700416695345,3.0583048746684653,0,12345
0.0,0.1,47,0,Std-CP,1.0,,,,100,12345
0.0,0.1,47,0,Subsampling,0.9,10.780097961145554,10.780097961145554,1.586814501802178e-15,0,12345
0.0,0.1,47,5,Donor-HCP-no-within,0.95,11.495074379628605,11.486496225121064,1.1807154430829652,0,12345
0.0,0.1,47,5,Donor-HCP-within,0.97,10.336051162792907,10.441390680289498,1.2264000631770193,0,12345
0.0,0.1,47,5,HCP,0.95,13.372344414997325,13.372344414997325,1.5148822026532858e-15,0,12345
0.0,0.1,47,5,Pooling,0.89,10.236745894513454,10.236745894513454,6.43701159343627e-16,0,12345
0.0,0.1,47,5,Repeated,0.92,11.752027738859406,11.752027738859406,1.6747652892626934e-15,0,12345
0.0,0.1,47,5,S-HCP-within,0.96,12.792296273475626,12.620844169279666,1.2622121800571815,0,12345
0.0,0.1,47,5,Std-CP,0.78,6.148051887989036,5.1414061383838305,4.2120515279040385,0,12345
0.0,0.1,47,5,Subsampling,0.9,10.780097961145554,10.780097961145554,1.586814501802178e-15,0,12345
0.0,0.1,47,10,Donor-HCP-no-within,0.94,10.51449624420993,10.710026417808493,1.471478362936438,0,12345
0.0,0.1,47,10,Donor-HCP-within,0.93,8.240878092527346,8.151307903619049,0.7924847719481612,0,12345
0.0,0.1,47,10,HCP,0.95,13.372344414997325,13.372344414997325,1.5148822026532858e-15,0,12345
0.0,0.1,47,10,Pooling,0.89,10.236745894513454,10.236745894513454,6.43701159343627e-16,0,12345
0.0,0.1,47,10,Repeated,0.92,11.752027738859406,11.752027738859406,1.6747652892626934e-15,0,12345
0.0,0.1,47,10,S-HCP-within,0.97,12.642513811038853,12.620844169279664,0.9352289211166727,0,12345
0.0,0.1,47,10,Std-CP,0.85,59.583243590422654,11.99243040426707,261.11863745741334,0,12345
0.0,0.1,47,10,Subsampling,0.9,10.780097961145554,10.780097961145554,1.586814501802178e-15,0,12345
0.0,0.1,47,15,Donor-HCP-no-within,0.94,9.952917745168794,10.051454625031056,1.533748289173325,0,12345
0.0,0.1,47,15,Donor-HCP-within,0.94,7.177843611276956,7.158484320886526,0.6146850918371772,0,12345
0.0,0.1,47,15,HCP,0.95,13.372344414997325,13.372344414997325,1.5148822026532858e-15,0,12345
0.0,0.1,47,15,Pooling,0.89,10.236745894513454,10.236745894513454,6.43701159343627e-16,0,12345
0.0,0.1,47,15,Repeated,0.92,11.752027738859406,11.752027738859406,1.6747652892626934e-15,0,12345
0.0,0.1,47,15,S-HCP-within,0.96,12.676687762653783,12.620844169279668,0.7021378165121963,0,12345
0.0,0.1,47,15,Std-CP,0.84,9.28909245270267,7.615340909472861,6.117801188148282,0,12345
0.0,0.1,47,15,Subsampling,0.9,10.780097961145554,10.780097961145554,1.586814501802178e-15,0,12345
0.0,0.1,47,20,Donor-HCP-no-within,0.93,9.2461779751215,9.190799037944274,1.3682859797983122,0,12345
0.0,0.1,47,20,Donor-HCP-within,0.94,6.446572524558295,6.341952811624765,0.5820426070742167,0,12345
0.0,0.1,47,20,HCP,0.95,13.372344414997325,13.372344414997325,1.5148822026532858e-15,0,12345
0.0,0.1,47,20,Pooling,0.89,10.236745894513454,10.236745894513454,6.43701159343627e-16,0,12345
0.0,0.1,47,20,Repeated,0.92,11.752027738859406,11.752027738859406,1.6747652892626934e-15,0,12345
0.0,0.1,47,20,S-HCP-within,0.96,12.32378281203588,12.45256035732416,0.6941690610924539,0,12345
0.0,0.1,47,20,Std-CP,0.94,7.660562284715253,6.957224761517253,3.539925601847347,0,12345
0.0,0.1,47,20,Subsampling,0.9,10.780097961145554,10.780097961145554,1.586814501802178e-15,0,12345
0.0,0.1,47,25,Donor-HCP-no-within,0.97,6.544921846500885,6.620082253988819,1.7972149746297617,0,12345
0.0,0.1,47,25,Donor-HCP-within,0.89,5.753925124132381,5.584846066879135,1.6263955218273072,0,12345
0.0,0.1,47,25,HCP,0.95,13.372344414997325,13.372344414997325,1.5148822026532858e-15,0,12345
0.0,0.1,47,25,Pooling,0.89,10.236745894513454,10.236745894513454,6.43701159343627e-16,0,12345
0.0,0.1,47,25,Repeated,0.92,11.752027738859406,11.752027738859406,1.6747652892626934e-15,0,12345
0.0,0.1,47,25,S-HCP-within,0.97,6.853298973047718,6.877110549247437,2.146520684860066,0,12345
0.0,0.1,47,25,Std-CP,0.94,6.680593377880768,6.205137691044698,2.506850844405295,0,12345
0.0,0.1,47,25,Subsampling,0.9,10.780097961145554,10.780097961145554,1.586814501802178e-15,0,12345
0.0,0.1,47,30,Donor-HCP-no-within,0.93,6.1466523512531515,6.2657048895608805,1.6905520613266816,0,12345
0.0,0.1,47,30,Donor-HCP-within,0.89,5.777303430364502,5.473453131382833,1.7209949828098157,0,12345
0.0,0.1,47,30,HCP,0.95,13.372344414997325,13.372344414997325,1.5148822026532858e-15,0,12345
0.0,0.1,47,30,Pooling,0.89,10.236745894513454,10.236745894513454,6.43701159343627e-16,0,12345
0.0,0.1,47,30,Repeated,0.92,11.752027738859406,11.752027738859406,1.6747652892626934e-15,0,12345
0.0,0.1,47,30,S-HCP-within,0.99,7.046144202526815,7.160383953189912,2.060804819340478,0,12345
0.0,0.1,47,30,Std-CP,0.94,6.473813300807897,6.58381514259078,2.0630949484137386,0,12345
0.0,0.1,47,30,Subsampling,0.9,10.780097961145554,10.780097961145554,1.586814501802178e-15,0,12345
0.0,0.1,47,35,Donor-HCP-no-within,0.95,6.376300055561018,6.434689870587518,1.6396589763785268,0,12345
0.0,0.1,47,35,Donor-HCP-within,0.94,6.09431287833553,5.901939449214284,1.7788832563500412,0,12345
0.0,0.1,47,35,HCP,0.95,13.372344414997325,13.372344414997325,1.5148822026532858e-15,0,12345
0.0,0.1,47,35,Pooling,0.89,10.236745894513454,10.236745894513454,6.43701159343627e-16,0,12345
0.0,0.1,47,35,Repeated,0.92,11.752027738859406,11.752027738859406,1.6747652892626934e-15,0,12345
0.0,0.1,47,35,S-HCP-within,0.99,7.369254059408361,7.306448928470941,2.014726589492607,0,12345
0.0,0.1,47,35,Std-CP,0.96,6.56933448026199,6.329935178029272,2.0198892379187736,0,12345
0.0,0.1,47,35,Subsampling,0.9,10.780097961145554,10.780097961145554,1.586814501802178e-15,0,12345
0.0,0.1,48,0,Donor-HCP-no-within,0.87,8.776594844208688,8.776594844208688,0.0,0,12345
0.0,0.1,48,0,Donor-HCP-within,0.87,8.776594844208688,8.776594844208688,0.0,0,12345
0.0,0.1,48,0,HCP,0.87,8.776594844208688,8.776594844208688,0.0,0,12345
0.0,0.1,48,0,Pooling,0.78,6.337830539392549,6.337830539392549,0.0,0,12345
0.0,0.1,48,0,Repeated,0.81,6.651642154441723,6.651642154441723,7.414931867948143e-16,0,12345
0.0,0.1,48,0,S-HCP-within,0.95,9.009466266360002,8.469104563359302,2.5264687938534243,0,12345
0.0,0.1,48,0,Std-CP,1.0,,,,100,12345
0.0,0.1,48,0,Subsampling,0.51,3.7367705466052854,3.7367705466052854,0.0,0,12345
0.0,0.1,48,5,Donor-HCP-no-within,0.98,11.381776349707481,11.698292904684461,1.30354513581637,0,12345
0.0,0.1,48,5,Donor-HCP-within,0.99,10.845439481372898,11.396294339199066,1.198233961582179,0,12345
0.0,0.1,48,5,HCP,0.87,8.776594844208688,8.776594844208688,0.0,0,12345
0.0,0.1,48,5,Pooling,0.78,6.337830539392549,6.337830539392549,0.0,0,12345
0.0,0.1,48,5,Repeated,0.81,6.651642154441723,6.651642154441723,7.414931867948143e-16,0,12345
0.0,0.1,48,5,S-HCP-within,0.92,7.431755946582256,7.809395385415009,1.2608110078079127,0,12345
0.0,0.1,48,5,Std-CP,0.8,5.840541222696272,4.876678108518043,4.617262257491356,0,12345
0.0,0.1,48,5,Subsampling,0.51,3.7367705466052854,3.7367705466052854,0.0,0,12345
0.0,0.1,48,10,Donor-HCP-no-within,0.95,9.87207132001791,10.589398796644545,1.384633002694361,0,12345
0.0,0.1,48,10,Donor-HCP-within,0.97,8.755791096243007,8.966830439494942,0.6085380328735046,0,12345
0.0,0.1,48,10,HCP,0.87,8.776594844208688,8.776594844208688,0.0,0,12345
0.0,0.1,48,10,Pooling,0.78,6.337830539392549,6.337830539392549,0.0,0,12345
0.0,0.1,48,10,Repeated,0.81,6.651642154441723,6.651642154441723,7.414931867948143e-16,0,12345
0.0,0.1,48,10,S-HCP-within,0.92,7.3781570450014895,7.614536289313378,1.0254412306009824,0,12345
0.0,0.1,48,10,Std-CP,0.82,17.77489562632444,10.835393024190008,23.97506575380932,0,12345
0.0,0.1,48,10,Subsampling,0.51,3.7367705466052854,3.7367705466052854,0.0,0,12345
0.0,0.1,48,15,Donor-HCP-no-within,0.94,9.20584884954938,9.54101124919896,1.1113441233022738,0,12345
0.0,0.1,48,15,Donor-HCP-within,0.92,6.823170946328572,6.761682663154218,0.428362840304951,0,12345
0.0,0.1,48,15,HCP,0.87,8.776594844208688,8.776594844208688,0.0,0,12345
0.0,0.1,48,15,Pooling,0.78,6.337830539392549,6.337830539392549,0.0,0,12345
0.0,0.1,48,15,Repeated,0.81,6.651642154441723,6.651642154441723,7.414931867948143e-16,0,12345
0.0,0.1,48,15,S-HCP-within,0.94,7.355123196189409,7.4460311402492465,0.8694080178848947,0,12345
0.0,0.1,48,15,Std-CP,0.9,8.019845283798293,6.745272374432316,5.770357163837953,0,12345
0.0,0.1,48,15,Subsampling,0.51,3.7367705466052854,3.7367705466052854,0.0,0,12345
0.0,0.1,48,20,Donor-HCP-no-within,0.93,7.899178104653037,8.189720837076251,0.9695296432240649,0,12345
0.0,0.1,48,20,Donor-HCP-within,0.91,6.04318608919079,6.096584535319849,0.3517880092075873,0,12345
0.0,0.1,48,20,HCP,0.87,8.776594844208688,8.776594844208688,0.0,0,12345
0.0,0.1,48,20,Pooling,0.78,6.337830539392549,6.337830539392549,0.0,0,12345
0.0,0.1,48,20,Repeated,0.81,6.651642154441723,6.651642154441723,7.414931867948143e-16,0,12345
0.0,0.1,48,20,S-HCP-within,0.92,6.761346242815251,6.486516577130235,0.744284463941445,0,12345
0.0,0.1,48,20,Std-CP,0.93,6.879514281483665,6.47735677897284,2.999128705842065,0,12345
0.0,0.1,48,20,Subsampling,0.51,3.7367705466052854,3.7367705466052854,0.0,0,12345
0.0,0.1,48,25,Donor-HCP-no-within,0.92,6.892977073358285,6.545470719944588,2.132553587237317,0,12345
0.0,0.1,48,25,Donor-HCP-within,0.94,5.710409213092402,5.431111851219866,1.6822723560921904,0,12345
0.0,0.1,48,25,HCP,0.87,8.776594844208688,8.776594844208688,0.0,0,12345
0.0,0.1,48,25,Pooling,0.78,6.337830539392549,6.337830539392549,0.0,0,12345
0.0,0.1,48,25,Repeated,0.81,6.651642154441723,6.651642154441723,7.414931867948143e-16,0,12345
0.0,0.1,48,25,S-HCP-within,0.93,7.352771197085449,7.088344174894248,2.346965006268182,0,12345
0.0,0.1,48,25,Std-CP,0.95,6.392392329951426,6.053117281680424,2.1702095756437254,0,12345
0.0,0.1,48,25,Subsampling,0.51,3.7367705466052854,3.7367705466052854,0.0,0,12345
0.0,0.1,48,30,Donor-HCP-no-within,0.88,6.448757778993144,5.986859837812704,2.0633954423449623,0,12345
0.0,0.1,48,30,Donor-HCP-within,0.94,5.794549518565734,5.530780463381415,1.6406909342062659,0,12345
0.0,0.1,48,30,HCP,0.87,8.776594844208688,8.776594844208688,0.0,0,12345
0.0,0.1,48,30,Pooling,0.78,6.337830539392549,6.337830539392549,0.0,0,12345
0.0,0.1,48,30,Repeated,0.81,6.651642154441723,6.651642154441723,7.414931867948143e-16,0,12345
0.0,0.1,48,30,S-HCP-within,0.91,7.515443074606424,7.210782902169102,2.2661929182535285,0,12345
0.0,0.1,48,30,Std-CP,0.94,6.214328182064423,5.589160983995129,2.3329242636365444,0,12345
0.0,0.1,48,30,Subsampling,0.51,3.7367705466052854,3.7367705466052854,0.0,0,12345
0.0,0.1,48,35,Donor-HCP-no-within,0.89,6.6403712068242235,6.096383043547352,2.0587408132059237,0,12345
0.0,0.1,48,35,Donor-HCP-within,0.98,5.939682155008029,5.799886674207974,1.6815909267000093,0,12345
0.0,0.1,48,35,HCP,0.87,8.776594844208688,8.776594844208688,0.0,0,12345
0.0,0.1,48,35,Pooling,0.78,6.337830539392549,6.337830539392549,0.0,0,12345
0.0,0.1,48,35,Repeated,0.81,6.651642154441723,6.651642154441723,7.414931867948143e-16,0,12345
0.0,0.1,48,35,S-HCP-within,0.93,7.79247528500855,7.599181734632834,2.1934262560117475,0,12345
0.0,0.1,48,35,Std-CP,0.97,6.251053790072892,5.98532666221991,1.9326339367038303,0,12345
0.0,0.1,48,35,Subsampling,0.51,3.7367705466052854,3.7367705466052854,0.0,0,12345
0.0,0.1,49,0,Donor-HCP-no-within,0.99,11.68543467678959,11.68543467678959,0.0,0,12345
0.0,0.1,49,0,Donor-HCP-within,0.99,11.68543467678959,11.68543467678959,0.0,0,12345
0.0,0.1,49,0,HCP,0.99,11.68543467678959,11.68543467678959,0.0,0,12345
0.0,0.1,49,0,Pooling,0.91,8.532389250294397,8.532389250294397,2.3140207875333715e-15,0,12345
0.0,0.1,49,0,Repeated,0.94,9.322426470883023,9.322426470883023,1.1431534819946198e-15,0,12345
0.0,0.1,49,0,S-HCP-within,0.95,12.78999228658178,12.965808897638336,2.052880702799123,0,12345
0.0,0.1,49,0,Std-CP,1.0,,,,100,12345
0.0,0.1,49,0,Subsampling,0.96,9.904122162742127,9.904122162742127,0.0,0,12345
0.0,0.1,49,5,Donor-HCP-no-within,1.0,12.726281938301325,12.805843231360619,2.1620994408206506,0,12345
0.0,0.1,49,5,Donor-HCP-within,1.0,12.337824370878634,11.88772378746943,2.128208956435445,0,12345
0.0,0.1,49,5,HCP,0.99,11.68543467678959,11.68543467678959,0.0,0,12345
0.0,0.1,49,5,Pooling,0.91,8.532389250294397,8.532389250294397,2.3140207875333715e-15,0,12345
0.0,0.1,49,5,Repeated,0.94,9.322426470883023,9.322426470883023,1.1431534819946198e-15,0,12345
0.0,0.1,49,5,S-HCP-within,0.93,11.904309000375008,11.830618146460306,1.0532409190718377,0,12345
0.0,0.1,49,5,Std-CP,0.78,5.8369353490785185,4.979725377879008,4.402681538095346,0,12345
0.0,0.1,49,5,Subsampling,0.96,9.904122162742127,9.904122162742127,0.0,0,12345
0.0,0.1,49,10,Donor-HCP-no-within,0.96,12.080427294828798,11.66914472814831,2.358032609767267,0,12345
0.0,0.1,49,10,Donor-HCP-within,0.99,9.585422377293462,9.316748442482762,1.784842183583229,0,12345
0.0,0.1,49,10,HCP,0.99,11.68543467678959,11.68543467678959,0.0,0,12345
0.0,0.1,49,10,Pooling,0.91,8.532389250294397,8.532389250294397,2.3140207875333715e-15,0,12345
0.0,0.1,49,10,Repeated,0.94,9.322426470883023,9.322426470883023,1.1431534819946198e-15,0,12345
0.0,0.1,49,10,S-HCP-within,0.92,11.858500345361763,11.736898654348222,0.9471985637175666,0,12345
0.0,0.1,49,10,Std-CP,0.8,32.74146059079168,10.01333663820241,76.65972822371528,0,12345
0.0,0.1,49,10,Subsampling,0.96,9.904122162742127,9.904122162742127,0.0,0,12345
0.0,0.1,49,15,Donor-HCP-no-within,0.97,11.8280771211056,11.124427345497207,2.6587650012034354,0,12345
0.0,0.1,49,15,Donor-HCP-within,0.95,8.237766655898655,7.931799447995635,1.54443232849514,0,12345
0.0,0.1,49,15,HCP,0.99,11.68543467678959,11.68543467678959,0.0,0,12345
0.0,0.1,49,15,Pooling,0.91,8.532389250294397,8.532389250294397,2.3140207875333715e-15,0,12345
0.0,0.1,49,15,Repeated,0.94,9.322426470883023,9.322426470883023,1.1431534819946198e-15,0,12345
0.0,0.1,49,15,S-HCP-within,0.94,11.57623141749602,11.22918720729534,0.779355747511894,0,12345
0.0,0.1,49,15,Std-CP,0.84,9.798704707135244,7.388459834448669,8.675754924620854,0,12345
0.0,0.1,49,15,Subsampling,0.96,9.904122162742127,9.904122162742127,0.0,0,12345
0.0,0.1,49,20,Donor-HCP-no-within,0.96,11.433750935871045,10.858565901284608,2.897778012743891,0,12345
0.0,0.1,49,20,Donor-HCP-within,0.94,6.912840550154225,6.718437288526705,0.9616537943912731,0,12345
0.0,0.1,49,20,HCP,0.99,11.68543467678959,11.68543467678959,0.0,0,12345
0.0,0.1,49,20,Pooling,0.91,8.532389250294397,8.532389250294397,2.3140207875333715e-15,0,12345
0.0,0.1,49,20,Repeated,0.94,9.322426470883023,9.322426470883023,1.1431534819946198e-15,0,12345
0.0,0.1,49,20,S-HCP-within,0.95,11.407017931312916,11.164330043779419,0.6600366639252577,0,12345
0.0,0.1,49,20,Std-CP,0.92,6.533465931954826,5.92084778166525,2.576618604214998,0,12345
0.0,0.1,49,20,Subsampling,0.96,9.904122162742127,9.904122162742127,0.0,0,12345
0.0,0.1,49,25,Donor-HCP-no-within,0.89,6.906332929850776,6.698933457081458,1.909478873035533,0,12345
0.0,0.1,49,25,Donor-HCP-within,0.89,5.636846732305207,5.531575900477982,1.668438075804153,0,12345
0.0,0.1,49,25,HCP,0.99,11.68543467678959,11.68543467678959,0.0,0,12345
0.0,0.1,49,25,Pooling,0.91,8.532389250294397,8.532389250294397,2.3140207875333715e-15,0,12345
0.0,0.1,49,25,Repeated,0.94,9.322426470883023,9.322426470883023,1.1431534819946198e-15,0,12345
0.0,0.1,49,25,S-HCP-within,0.91,7.413427563874951,6.973198017476717,2.2761828070449175,0,12345
0.0,0.1,49,25,Std-CP,0.91,6.544330229561073,5.9822092381363445,2.4837070922698623,0,12345
0.0,0.1,49,25,Subsampling,0.96,9.904122162742127,9.904122162742127,0.0,0,12345
0.0,0.1,49,30,Donor-HCP-no-within,0.88,6.5084615901116765,6.441232729483811,1.7431954082759011,0,12345
0.0,0.1,49,30,Donor-HCP-within,0.92,5.896152208899105,5.810624755848082,1.4834268137283648,0,12345
0.0,0.1,49,30,HCP,0.99,11.68543467678959,11.68543467678959,0.0,0,12345
0.0,0.1,49,30,Pooling,0.91,8.532389250294397,8.532389250294397,2.3140207875333715e-15,0,12345
0.0,0.1,49,30,Repeated,0.94,9.322426470883023,9.322426470883023,1.1431534819946198e-15,0,12345
0.0,0.1,49,30,S-HCP-within,0.92,7.692260109911871,7.543780611260825,2.1290924124809703,0,12345
0.0,0.1,49,30,Std-CP,0.94,6.179259833238331,5.708241206594362,2.1659770195386714,0,12345
0.0,0.1,49,30,Subsampling,0.96,9.904122162742127,9.904122162742127,0.0,0,12345
0.0,0.1,49,35,Donor-HCP-no-within,0.88,6.750845540943513,6.57941511614677,1.8071755816006,0,12345
0.0,0.1,49,35,Donor-HCP-within,0.93,5.9872221550091975,5.81975301008675,1.3966188638975752,0,12345
0.0,0.1,49,35,HCP,0.99,11.68543467678959,11.68543467678959,0.0,0,12345
0.0,0.1,49,35,Pooling,0.91,8.532389250294397,8.532389250294397,2.3140207875333715e-15,0,12345
0.0,0.1,49,35,Repeated,0.94,9.322426470883023,9.322426470883023,1.1431534819946198e-15,0,12345
0.0,0.1,49,35,S-HCP-within,0.93,7.877050370017322,7.463316482319772,2.123655257836484,0,12345
0.0,0.1,49,35,Std-CP,0.93,6.529465977024842,6.424246009713671,2.1804665623990283,0,12345
0.0,0.1,49,35,Subsampling,0.96,9.904122162742127,9.904122162742127,0.0,0,12345
5.0,0.05,0,0,Donor-HCP-no-within,1.0,,,,100,12345
5.0,0.05,0,0,Donor-HCP-within,1.0,,,,100,12345
5.0,0.05,0,0,HCP,1.0,,,,100,12345
5.0,0.05,0,0,Pooling,0.97,28.187687081939693,28.187687081939693,1.5563935104807336e-15,0,12345
5.0,0.05,0,0,Repeated,1.0,,,,100,12345
5.0,0.05,0,0,S-HCP-within,1.0,,,,100,12345
5.0,0.05,0,0,Std-CP,1.0,,,,100,12345
5.0,0.05,0,0,Subsampling,1.0,,,,100,12345
5.0,0.05,0,5,Donor-HCP-no-within,1.0,,,,100,12345
5.0,0.05,0,5,Donor-HCP-within,1.0,,,,100,12345
5.0,0.05,0,5,HCP,1.0,,,,100,12345
5.0,0.05,0,5,Pooling,0.97,28.187687081939693,28.187687081939693,1.5563935104807336e-15,0,12345
5.0,0.05,0,5,Repeated,1.0,,,,100,12345
5.0,0.05,0,5,S-HCP-within,0.97,54.45806185839365,54.10497118253474,2.1712352872394325,0,12345
5.0,0.05,0,5,Std-CP,0.74,6.553339286414836,5.288297386840654,5.533191780569496,0,12345
5.0,0.05,0,5,Subsampling,1.0,,,,100,12345
5.0,0.05,0,10,Donor-HCP-no-within,1.0,33.84867851583602,34.02982495606861,3.581785430376469,0,12345
5.0,0.05,0,10,Donor-HCP-within,1.0,,,,100,12345
5.0,0.05,0,10,HCP,1.0,,,,100,12345
5.0,0.05,0,10,Pooling,0.97,28.187687081939693,28.187687081939693,1.5563935104807336e-15,0,12345
5.0,0.05,0,10,Repeated,1.0,,,,100,12345
5.0,0.05,0,10,S-HCP-within,0.97,53.95248634889634,53.72649406005657,2.232971125344773,0,12345
5.0,0.05,0,10,Std-CP,0.77,75.81884261268326,12.251299663178266,354.30174726004464,0,12345
5.0,0.05,0,10,Subsampling,1.0,,,,100,12345
5.0,0.05,0,15,Donor-HCP-no-within,1.0,30.79084568408093,30.754880887005022,3.4417782123048215,0,12345
5.0,0.05,0,15,Donor-HCP-within,1.0,21.166005142461668,21.375200747618116,1.8738746400740605,0,12345
5.0,0.05,0,15,HCP,1.0,,,,100,12345
5.0,0.05,0,15,Pooling,0.97,28.187687081939693,28.187687081939693,1.5563935104807336e-15,0,12345
5.0,0.05,0,15,Repeated,1.0,,,,100,12345
5.0,0.05,0,15,S-HCP-within,0.97,54.609909201801514,55.000025825774685,1.7498292728346219,0,12345
5.0,0.05,0,15,Std-CP,0.9,9.268978756339678,7.966613944065029,6.065328688210951,0,12345
5.0,0.05,0,15,Subsampling,1.0,,,,100,12345
5.0,0.05,0,20,Donor-HCP-no-within,0.99,28.927634219674538,29.288230844032707,3.4239992924623763,0,12345
5.0,0.05,0,20,Donor-HCP-within,0.98,15.25647472114439,15.595644868684118,1.4512488687650296,0,12345
5.0,0.05,0,20,HCP,1.0,,,,100,12345
5.0,0.05,0,20,Pooling,0.97,28.187687081939693,28.187687081939693,1.5563935104807336e-15,0,12345
5.0,0.05,0,20,Repeated,1.0,,,,100,12345
5.0,0.05,0,20,S-HCP-within,0.97,53.61496186185316,53.38707402750801,1.7848690053073901,0,12345
5.0,0.05,0,20,Std-CP,0.91,7.411805390864581,6.417311800269664,3.582811856281651,0,12345
5.0,0.05,0,20,Subsampling,1.0,,,,100,12345
5.0,0.05,0,25,Donor-HCP-no-within,0.97,18.79469330537225,17.68902592921489,10.250177505870617,0,12345
5.0,0.05,0,25,Donor-HCP-within,1.0,,,,100,12345
5.0,0.05,0,25,HCP,1.0,,,,100,12345
5.0,0.05,0,25,Pooling,0.97,28.187687081939693,28.187687081939693,1.5563935104807336e-15,0,12345
5.0,0.05,0,25,Repeated,1.0,,,,100,12345
5.0,0.05,0,25,S-HCP-within,1.0,,,,100,12345
5.0,0.05,0,25,Std-CP,0.94,7.019906797014224,6.598249832829004,2.9584171816393,0,12345
5.0,0.05,0,25,Subsampling,1.0,,,,100,12345
5.0,0.05,0,30,Donor-HCP-no-within,0.97,19.178038051149873,18.83783625343744,10.38775947695103,0,12345
5.0,0.05,0,30,Donor-HCP-within,1.0,,,,100,12345
5.0,0.05,0,30,HCP,1.0,,,,100,12345
5.0,0.05,0,30,Pooling,0.97,28.187687081939693,28.187687081939693,1.5563935104807336e-15,0,12345
5.0,0.05,0,30,Repeated,1.0,,,,100,12345
5.0,0.05,0,30,S-HCP-within,1.0,,,,100,12345
5.0,0.05,0,30,Std-CP,0.9,6.857421304563083,6.333823521794427,2.4088806121918296,0,12345
5.0,0.05,0,30,Subsampling,1.0,,,,100,12345
5.0,0.05,0,35,Donor-HCP-no-within,0.97,19.327098165645655,18.83783625343744,10.433198602985414,0,12345
5.0,0.05,0,35,Donor-HCP-within,1.0,,,,100,12345
5.0,0.05,0,35,HCP,1.0,,,,100,12345
5.0,0.05,0,35,Pooling,0.97,28.187687081939693,28.187687081939693,1.5563935104807336e-15,0,12345
5.0,0.05,0,35,Repeated,1.0,,,,100,12345
5.0,0.05,0,35,S-HCP-within,1.0,,,,100,12345
5.0,0.05,0,35,Std-CP,0.93,7.033639751252131,6.750438493814204,2.671784997561992,0,12345
5.0,0.05,0,35,Subsampling,1.0,,,,100,12345
5.0,0.05,1,0,Donor-HCP-no-within,1.0,,,,100,12345
5.0,0.05,1,0,Donor-HCP-within,1.0,,,,100,12345
5.0,0.05,1,0,HCP,1.0,,,,100,12345
5.0,0.05,1,0,Pooling,0.95,51.582433775368074,51.582433775368074,0.0,0,12345
5.0,0.05,1,0,Repeated,1.0,,,,100,12345
5.0,0.05,1,0,S-HCP-within,1.0,,,,100,12345
5.0,0.05,1,0,Std-CP,1.0,,,,100,12345
5.0,0.05,1,0,Subsampling,1.0,,,,100,12345
5.0,0.05,1,5,Donor-HCP-no-within,1.0,,,,100,12345
5.0,0.05,1,5,Donor-HCP-within,1.0,,,,100,12345
5.0,0.05,1,5,HCP,1.0,,,,100,12345
5.0,0.05,1,5,Pooling,0.95,51.582433775368074,51.582433775368074,0.0,0,12345
5.0,0.05,1,5,Repeated,1.0,,,,100,12345
5.0,0.05,1,5,S-HCP-within,0.97,27.7822826420444,27.352203387767027,2.264360008172832,0,12345
5.0,0.05,1,5,Std-CP,0.76,6.407999799839108,5.72291465121169,3.8287975724217764,0,12345
5.0,0.05,1,5,Subsampling,1.0,,,,100,12345
5.0,0.05,1,10,Donor-HCP-no-within,0.97,51.65718622984089,54.209821626430106,14.835291592260857,0,12345
5.0,0.05,1,10,Donor-HCP-within,1.0,,,,100,12345
5.0,0.05,1,10,HCP,1.0,,,,100,12345
5.0,0.05,1,10,Pooling,0.95,51.582433775368074,51.582433775368074,0.0,0,12345
5.0,0.05,1,10,Repeated,1.0,,,,100,12345
5.0,0.05,1,10,S-HCP-within,0.97,27.859036483172567,27.352203387767027,1.9817654609396165,0,12345
5.0,0.05,1,10,Std-CP,0.87,32.650712294624036,13.841466082259338,86.58628551562566,0,12345
5.0,0.05,1,10,Subsampling,1.0,,,,100,12345
5.0,0.05,1,15,Donor-HCP-no-within,0.99,46.83340903936934,48.00962872946387,15.0715005482529,0,12345
5.0,0.05,1,15,Donor-HCP-within,0.98,30.641599177750706,33.93834767681392,9.036116151393372,0,12345
5.0,0.05,1,15,HCP,1.0,,,,100,12345
5.0,0.05,1,15,Pooling,0.95,51.582433775368074,51.582433775368074,0.0,0,12345
5.0,0.05,1,15,Repeated,1.0,,,,100,12345
5.0,0.05,1,15,S-HCP-within,0.97,27.845717822736695,27.46345552428412,1.6988187174760991,0,12345
5.0,0.05,1,15,Std-CP,0.91,9.02733151028169,7.419056485233865,5.544674049534898,0,12345
5.0,0.05,1,15,Subsampling,1.0,,,,100,12345
5.0,0.05,1,20,Donor-HCP-no-within,0.97,44.945738899844336,47.18480172544619,13.440142235878096,0,12345
5.0,0.05,1,20,Donor-HCP-within,0.94,24.30288431822188,24.52611031514742,7.262937982592654,0,12345
5.0,0.05,1,20,HCP,1.0,,,,100,12345
5.0,0.05,1,20,Pooling,0.95,51.582433775368074,51.582433775368074,0.0,0,12345
5.0,0.05,1,20,Repeated,1.0,,,,100,12345
5.0,0.05,1,20,S-HCP-within,0.96,26.97116218976225,26.643271633486357,1.6970721936592474,0,12345
5.0,0.05,1,20,Std-CP,0.9,6.634876464426826,6.338984960812965,2.5307432824803064,0,12345
5.0,0.05,1,20,Subsampling,1.0,,,,100,12345
5.0,0.05,1,25,Donor-HCP-no-within,0.97,18.716501019407396,15.97739624989472,8.690567684157438,0,12345
5.0,0.05,1,25,Donor-HCP-within,1.0,,,,100,12345
5.0,0.05,1,25,HCP,1.0,,,,100,12345
5.0,0.05,1,25,Pooling,0.95,51.582433775368074,51.582433775368074,0.0,0,12345
5.0,0.05,1,25,Repeated,1.0,,,,100,12345
5.0,0.05,1,25,S-HCP-within,1.0,,,,100,12345
5.0,0.05,1,25,Std-CP,0.91,6.441893975089737,6.262556900755424,1.9870985726434354,0,12345
5.0,0.05,1,25,Subsampling,1.0,,,,100,12345
5.0,0.05,1,30,Donor-HCP-no-within,0.97,19.16459157840758,16.75022178414462,8.730655796645728,0,12345
5.0,0.05,1,30,Donor-HCP-within,1.0,,,,100,12345
5.0,0.05,1,30,HCP,1.0,,,,100,12345
5.0,0.05,1,30,Pooling,0.95,51.582433775368074,51.582433775368074,0.0,0,12345
5.0,0.05,1,30,Repeated,1.0,,,,100,12345
5.0,0.05,1,30,S-HCP-within,1.0,,,,100,12345
5.0,0.05,1,30,Std-CP,0.95,6.429661703630522,6.274805037113407,1.877184874771777,0,12345
5.0,0.05,1,30,Subsampling,1.0,,,,100,12345
5.0,0.05,1,35,Donor-HCP-no-within,0.97,19.412799734350966,17.125278072960185,8.737165512115466,0,12345
5.0,0.05,1,35,Donor-HCP-within,1.0,,,,100,12345
5.0,0.05,1,35,HCP,1.0,,,,100,12345
5.0,0.05,1,35,Pooling,0.95,51.582433775368074,51.582433775368074,0.0,0,12345
5.0,0.05,1,35,Repeated,1.0,,,,100,12345
5.0,0.05,1,35,S-HCP-within,1.0,,,,100,12345
5.0,0.05,1,35,Std-CP,0.93,6.4400400559331965,6.333308917393454,2.109818034930563,0,12345
5.0,0.05,1,35,Subsampling,1.0,,,,100,12345
5.0,0.05,2,0,Donor-HCP-no-within,1.0,,,,100,12345
5.0,0.05,2,0,Donor-HCP-within,1.0,,,,100,12345
5.0,0.05,2,0,HCP,1.0,,,,100,12345
5.0,0.05,2,0,Pooling,0.9,24.111438388627477,24.111438388627473,2.3952390736185764e-15,0,12345
5.0,0.05,2,0,Repeated,1.0,,,,100,12345
5.0,0.05,2,0,S-HCP-within,1.0,,,,100,12345
5.0,0.05,2,0,Std-CP,1.0,,,,100,12345
5.0,0.05,2,0,Subsampling,1.0,,,,100,12345
5.0,0.05,2,5,Donor-HCP-no-within,1.0,,,,100,12345
5.0,0.05,2,5,Donor-HCP-within,1.0,,,,100,12345
5.0,0.05,2,5,HCP,1.0,,,,100,12345
5.0,0.05,2,5,Pooling,0.9,24.111438388627477,24.111438388627473,2.3952390736185764e-15,0,12345
5.0,0.05,2,5,Repeated,1.0,,,,100,12345
5.0,0.05,2,5,S-HCP-within,0.97,30.45393899334197,30.280881299577302,1.8585750796101739,0,12345
5.0,0.05,2,5,Std-CP,0.78,5.526652833852711,4.928794306307877,3.2248888796252095,0,12345
5.0,0.05,2,5,Subsampling,1.0,,,,100,12345
5.0,0.05,2,10,Donor-HCP-no-within,1.0,33.68112638585283,32.96240557012955,4.741550298454371,0,12345
5.0,0.05,2,10,Donor-HCP-within,1.0,,,,100,12345
5.0,0.05,2,10,HCP,1.0,,,,100,12345
5.0,0.05,2,10,Pooling,0.9,24.111438388627477,24.111438388627473,2.3952390736185764e-15,0,12345
5.0,0.05,2,10,Repeated,1.0,,,,100,12345
5.0,0.05,2,10,S-HCP-within,0.98,30.339245461999564,30.264664672280503,1.6369601172632924,0,12345
5.0,0.05,2,10,Std-CP,0.88,34.126406126483474,12.194216228475916,89.83455001102799,0,12345
5.0,0.05,2,10,Subsampling,1.0,,,,100,12345
5.0,0.05,2,15,Donor-HCP-no-within,0.97,29.84713801200526,28.841466672730533,4.874412551831502,0,12345
5.0,0.05,2,15,Donor-HCP-within,0.98,20.22346273131043,19.772870890634394,2.771001148966472,0,12345
5.0,0.05,2,15,HCP,1.0,,,,100,12345
5.0,0.05,2,15,Pooling,0.9,24.111438388627477,24.111438388627473,2.3952390736185764e-15,0,12345
5.0,0.05,2,15,Repeated,1.0,,,,100,12345
5.0,0.05,2,15,S-HCP-within,0.99,30.58913403928612,30.29709792687411,1.447164517499704,0,12345
5.0,0.05,2,15,Std-CP,0.9,10.0949380523922,7.925731402459785,6.491215795856726,0,12345
5.0,0.05,2,15,Subsampling,1.0,,,,100,12345
5.0,0.05,2,20,Donor-HCP-no-within,0.95,28.71737744804385,28.994242828797265,4.844772257956562,0,12345
5.0,0.05,2,20,Donor-HCP-within,0.97,16.86228779024045,17.873743127296592,2.5170041308921953,0,12345
5.0,0.05,2,20,HCP,1.0,,,,100,12345
5.0,0.05,2,20,Pooling,0.9,24.111438388627477,24.111438388627473,2.3952390736185764e-15,0,12345
5.0,0.05,2,20,Repeated,1.0,,,,100,12345
5.0,0.05,2,20,S-HCP-within,0.97,29.64408757600318,29.255145775764618,1.368946001022471,0,12345
5.0,0.05,2,20,Std-CP,0.92,7.254654291034488,6.533941728480229,3.300756846982935,0,12345
5.0,0.05,2,20,Subsampling,1.0,,,,100,12345
5.0,0.05,2,25,Donor-HCP-no-within,0.97,16.42628589959977,16.353713681790488,6.837149291023751,0,12345
5.0,0.05,2,25,Donor-HCP-within,1.0,,,,100,12345
5.0,0.05,2,25,HCP,1.0,,,,100,12345
5.0,0.05,2,25,Pooling,0.9,24.111438388627477,24.111438388627473,2.3952390736185764e-15,0,12345
5.0,0.05,2,25,Repeated,1.0,,,,100,12345
5.0,0.05,2,25,S-HCP-within,1.0,,,,100,12345
5.0,0.05,2,25,Std-CP,0.93,6.61612458019585,6.1618971361458925,2.1191081306690926,0,12345
5.0,0.05,2,25,Subsampling,1.0,,,,100,12345
5.0,0.05,2,30,Donor-HCP-no-within,0.97,16.539860985013437,16.353713681790488,6.766877284766289,0,12345
5.0,0.05,2,30,Donor-HCP-within,1.0,,,,100,12345
5.0,0.05,2,30,HCP,1.0,,,,100,12345
5.0,0.05,2,30,Pooling,0.9,24.111438388627477,24.111438388627473,2.3952390736185764e-15,0,12345
5.0,0.05,2,30,Repeated,1.0,,,,100,12345
5.0,0.05,2,30,S-HCP-within,1.0,,,,100,12345
5.0,0.05,2,30,Std-CP,0.93,6.342304504355773,6.031567480437081,2.3727851799443926,0,12345
5.0,0.05,2,30,Subsampling,1.0,,,,100,12345
5.0,0.05,2,35,Donor-HCP-no-within,0.97,16.668526852172768,16.353713681790488,6.804037710043531,0,12345
5.0,0.05,2,35,Donor-HCP-within,1.0,,,,100,12345
5.0,0.05,2,35,HCP,1.0,,,,100,12345
5.0,0.05,2,35,Pooling,0.9,24.111438388627477,24.111438388627473,2.3952390736185764e-15,0,12345
5.0,0.05,2,35,Repeated,1.0,,,,100,12345
5.0,0.05,2,35,S-HCP-within,1.0,,,,100,12345
5.0,0.05,2,35,Std-CP,0.96,6.51743825976149,6.125716167610242,2.1350535372341946,0,12345
5.0,0.05,2,35,Subsampling,1.0,,,,100,12345
5.0,0.05,3,0,Donor-HCP-no-within,1.0,,,,100,12345
5.0,0.05,3,0,Donor-HCP-within,1.0,,,,100,12345
5.0,0.05,3,0,HCP,1.0,,,,100,12345
5.0,0.05,3,0,Pooling,0.9,22.29318179794574,22.293181797945742,7.984130245395255e-16,0,12345
5.0,0.05,3,0,Repeated,1.0,,,,100,12345
5.0,0.05,3,0,S-HCP-within,1.0,,,,100,12345
5.0,0.05,3,0,Std-CP,1.0,,,,100,12345
5.0,0.05,3,0,Subsampling,1.0,,,,100,12345
5.0,0.05,3,5,Donor-HCP-no-within,1.0,,,,100,12345
5.0,0.05,3,5,Donor-HCP-within,1.0,,,,100,12345
5.0,0.05,3,5,HCP,1.0,,,,100,12345
5.0,0.05,3,5,Pooling,0.9,22.29318179794574,22.293181797945742,7.984130245395255e-16,0,12345
5.0,0.05,3,5,Repeated,1.0,,,,100,12345
5.0,0.05,3,5,S-HCP-within,0.94,19.007956430201624,18.493771415501477,2.3401678823527385,0,12345
5.0,0.05,3,5,Std-CP,0.75,6.5986316048281175,5.199517170054602,4.669303222057326,0,12345
5.0,0.05,3,5,Subsampling,1.0,,,,100,12345
5.0,0.05,3,10,Donor-HCP-no-within,1.0,27.87814436305007,28.526056692000623,3.384617838999179,0,12345
5.0,0.05,3,10,Donor-HCP-within,1.0,,,,100,12345
5.0,0.05,3,10,HCP,1.0,,,,100,12345
5.0,0.05,3,10,Pooling,0.9,22.29318179794574,22.293181797945742,7.984130245395255e-16,0,12345
5.0,0.05,3,10,Repeated,1.0,,,,100,12345
5.0,0.05,3,10,S-HCP-within,0.94,18.766586479376016,18.44157619930251,2.1086602110762995,0,12345
5.0,0.05,3,10,Std-CP,0.85,33.79509875724429,14.29344771450438,66.95072996572603,0,12345
5.0,0.05,3,10,Subsampling,1.0,,,,100,12345
5.0,0.05,3,15,Donor-HCP-no-within,0.98,25.759013505271973,28.040190181481513,3.66238530944865,0,12345
5.0,0.05,3,15,Donor-HCP-within,0.98,16.522929636691952,17.65175104509389,2.1347469197650395,0,12345
5.0,0.05,3,15,HCP,1.0,,,,100,12345
5.0,0.05,3,15,Pooling,0.9,22.29318179794574,22.293181797945742,7.984130245395255e-16,0,12345
5.0,0.05,3,15,Repeated,1.0,,,,100,12345
5.0,0.05,3,15,S-HCP-within,0.94,18.91736669207173,18.493771415501477,2.1028493533440855,0,12345
5.0,0.05,3,15,Std-CP,0.88,8.466690584702077,7.296494830144893,4.5771858317707474,0,12345
5.0,0.05,3,15,Subsampling,1.0,,,,100,12345
5.0,0.05,3,20,Donor-HCP-no-within,0.92,24.30272754254211,25.218105241352315,3.8037337304834216,0,12345
5.0,0.05,3,20,Donor-HCP-within,0.93,12.318138771943218,13.109727601090754,1.8242509600812287,0,12345
5.0,0.05,3,20,HCP,1.0,,,,100,12345
5.0,0.05,3,20,Pooling,0.9,22.29318179794574,22.293181797945742,7.984130245395255e-16,0,12345
5.0,0.05,3,20,Repeated,1.0,,,,100,12345
5.0,0.05,3,20,S-HCP-within,0.93,18.61554094938404,18.133139744243834,2.076851851860613,0,12345
5.0,0.05,3,20,Std-CP,0.86,6.780611541250044,6.506163518374825,2.621876850419097,0,12345
5.0,0.05,3,20,Subsampling,1.0,,,,100,12345
5.0,0.05,3,25,Donor-HCP-no-within,0.99,14.029150528377743,12.972407425498417,6.053897480198081,0,12345
5.0,0.05,3,25,Donor-HCP-within,1.0,,,,100,12345
5.0,0.05,3,25,HCP,1.0,,,,100,12345
5.0,0.05,3,25,Pooling,0.9,22.29318179794574,22.293181797945742,7.984130245395255e-16,0,12345
5.0,0.05,3,25,Repeated,1.0,,,,100,12345
5.0,0.05,3,25,S-HCP-within,1.0,,,,100,12345
5.0,0.05,3,25,Std-CP,0.87,6.89814010489898,6.323004583672631,2.6721662980510295,0,12345
5.0,0.05,3,25,Subsampling,1.0,,,,100,12345
5.0,0.05,3,30,Donor-HCP-no-within,0.99,14.218694212415114,12.972407425498417,6.150091440035525,0,12345
5.0,0.05,3,30,Donor-HCP-within,1.0,,,,100,12345
5.0,0.05,3,30,HCP,1.0,,,,100,12345
5.0,0.05,3,30,Pooling,0.9,22.29318179794574,22.293181797945742,7.984130245395255e-16,0,12345
5.0,0.05,3,30,Repeated,1.0,,,,100,12345
5.0,0.05,3,30,S-HCP-within,1.0,,,,100,12345
5.0,0.05,3,30,Std-CP,0.91,6.296183914753975,6.05955879103277,1.7215479246428265,0,12345
5.0,0.05,3,30,Subsampling,1.0,,,,100,12345
5.0,0.05,3,35,Donor-HCP-no-within,1.0,14.363058176991474,13.099437155780304,6.145358992879045,0,12345
5.0,0.05,3,35,Donor-HCP-within,1.0,,,,100,12345
5.0,0.05,3,35,HCP,1.0,,,,100,12345
5.0,0.05,3,35,Pooling,0.9,22.29318179794574,22.293181797945742,7.984130245395255e-16,0,12345
5.0,0.05,3,35,Repeated,1.0,,,,100,12345
5.0,0.05,3,35,S-HCP-within,1.0,,,,100,12345
5.0,0.05,3,35,Std-CP,0.93,6.0980893654534745,6.0090950063045625,1.6701857023051911,0,12345
5.0,0.05,3,35,Subsampling,1.0,,,,100,12345
5.0,0.05,4,0,Donor-HCP-no-within,1.0,,,,100,12345
5.0,0.05,4,0,Donor-HCP-within,1.0,,,,100,12345
5.0,0.05,4,0,HCP,1.0,,,,100,12345
5.0,0.05,4,0,Pooling,0.99,39.02167850324414,39.02167850324414,3.193652098158102e-15,0,12345
5.0,0.05,4,0,Repeated,1.0,,,,100,12345
5.0,0.05,4,0,S-HCP-within,1.0,,,,100,12345
5.0,0.05,4,0,Std-CP,1.0,,,,100,12345
5.0,0.05,4,0,Subsampling,1.0,,,,100,12345
5.0,0.05,4,5,Donor-HCP-no-within,1.0,,,,100,12345
5.0,0.05,4,5,Donor-HCP-within,1.0,,,,100,12345
5.0,0.05,4,5,HCP,1.0,,,,100,12345
5.0,0.05,4,5,Pooling,0.99,39.02167850324414,39.02167850324414,3.193652098158102e-15,0,12345
5.0,0.05,4,5,Repeated,1.0,,,,100,12345
5.0,0.05,4,5,S-HCP-within,0.99,35.3833543741229,35.49085124834112,0.8129899541016852,0,12345
5.0,0.05,4,5,Std-CP,0.8,7.282848123768283,5.218738963962309,5.475051071753192,0,12345
5.0,0.05,4,5,Subsampling,1.0,,,,100,12345
5.0,0.05,4,10,Donor-HCP-no-within,1.0,40.525189926329695,42.509000917728216,5.032795362624086,0,12345
5.0,0.05,4,10,Donor-HCP-within,1.0,,,,100,12345
5.0,0.05,4,10,HCP,1.0,,,,100,12345
5.0,0.05,4,10,Pooling,0.99,39.02167850324414,39.02167850324414,3.193652098158102e-15,0,12345
5.0,0.05,4,10,Repeated,1.0,,,,100,12345
5.0,0.05,4,10,S-HCP-within,0.99,35.23610750345738,35.47862418293745,0.6482270251608057,0,12345
5.0,0.05,4,10,Std-CP,0.79,66.24245154456145,11.454059364374292,264.05786791946264,0,12345
5.0,0.05,4,10,Subsampling,1.0,,,,100,12345
5.0,0.05,4,15,Donor-HCP-no-within,1.0,37.27190017387801,39.84287344976643,5.342126723235349,0,12345
5.0,0.05,4,15,Donor-HCP-within,1.0,23.682392122837413,25.449507315764777,3.628160937646461,0,12345
5.0,0.05,4,15,HCP,1.0,,,,100,12345
5.0,0.05,4,15,Pooling,0.99,39.02167850324414,39.02167850324414,3.193652098158102e-15,0,12345
5.0,0.05,4,15,Repeated,1.0,,,,100,12345
5.0,0.05,4,15,S-HCP-within,0.99,35.41474542379042,35.47862418293745,0.3406078855492306,0,12345
5.0,0.05,4,15,Std-CP,0.85,8.722276882831432,7.637083845343426,4.882442218607667,0,12345
5.0,0.05,4,15,Subsampling,1.0,,,,100,12345
5.0,0.05,4,20,Donor-HCP-no-within,0.99,35.776508240084624,37.95089658207823,5.210995028861666,0,12345
5.0,0.05,4,20,Donor-HCP-within,0.96,17.590490359640544,18.347049408712707,2.7229049688184626,0,12345
5.0,0.05,4,20,HCP,1.0,,,,100,12345
5.0,0.05,4,20,Pooling,0.99,39.02167850324414,39.02167850324414,3.193652098158102e-15,0,12345
5.0,0.05,4,20,Repeated,1.0,,,,100,12345
5.0,0.05,4,20,S-HCP-within,0.99,35.132292549093506,35.2014909811367,0.44553118515732293,0,12345
5.0,0.05,4,20,Std-CP,0.86,6.982322086459402,6.5536603007510195,2.9776262797268114,0,12345
5.0,0.05,4,20,Subsampling,1.0,,,,100,12345
5.0,0.05,4,25,Donor-HCP-no-within,0.96,16.699781615325374,16.42273738104143,7.241396613929422,0,12345
5.0,0.05,4,25,Donor-HCP-within,1.0,,,,100,12345
5.0,0.05,4,25,HCP,1.0,,,,100,12345
5.0,0.05,4,25,Pooling,0.99,39.02167850324414,39.02167850324414,3.193652098158102e-15,0,12345
5.0,0.05,4,25,Repeated,1.0,,,,100,12345
5.0,0.05,4,25,S-HCP-within,1.0,,,,100,12345
5.0,0.05,4,25,Std-CP,0.88,6.850797217210283,6.314584561049882,2.723723917128676,0,12345
5.0,0.05,4,25,Subsampling,1.0,,,,100,12345
5.0,0.05,4,30,Donor-HCP-no-within,0.96,17.017650462142075,16.50398308027006,7.275665611401869,0,12345
5.0,0.05,4,30,Donor-HCP-within,1.0,,,,100,12345
5.0,0.05,4,30,HCP,1.0,,,,100,12345
5.0,0.05,4,30,Pooling,0.99,39.02167850324414,39.02167850324414,3.193652098158102e-15,0,12345
5.0,0.05,4,30,Repeated,1.0,,,,100,12345
5.0,0.05,4,30,S-HCP-within,1.0,,,,100,12345
5.0,0.05,4,30,Std-CP,0.96,6.81072878703728,6.393278394151672,2.391549755550728,0,12345
5.0,0.05,4,30,Subsampling,1.0,,,,100,12345
5.0,0.05,4,35,Donor-HCP-no-within,0.96,17.308197047142436,16.63147418435921,7.114285923553275,0,12345
5.0,0.05,4,35,Donor-HCP-within,1.0,,,,100,12345
5.0,0.05,4,35,HCP,1.0,,,,100,12345
5.0,0.05,4,35,Pooling,0.99,39.02167850324414,39.02167850324414,3.193652098158102e-15,0,12345
5.0,0.05,4,35,Repeated,1.0,,,,100,12345
5.0,0.05,4,35,S-HCP-within,1.0,,,,100,12345
5.0,0.05,4,35,Std-CP,0.94,6.872152417420607,6.61490400537121,2.2011733728746634,0,12345
5.0,0.05,4,35,Subsampling,1.0,,,,100,12345
5.0,0.05,5,0,Donor-HCP-no-within,1.0,,,,100,12345
5.0,0.05,5,0,Donor-HCP-within,1.0,,,,100,12345
5.0,0.05,5,0,HCP,1.0,,,,100,12345
5.0,0.05,5,0,Pooling,0.87,17.487533700871616,17.487533700871616,0.0,0,12345
5.0,0.05,5,0,Repeated,1.0,,,,100,12345
5.0,0.05,5,0,S-HCP-within,1.0,,,,100,12345
5.0,0.05,5,0,Std-CP,1.0,,,,100,12345
5.0,0.05,5,0,Subsampling,1.0,,,,100,12345
5.0,0.05,5,5,Donor-HCP-no-within,1.0,,,,100,12345
5.0,0.05,5,5,Donor-HCP-within,1.0,,,,100,12345
5.0,0.05,5,5,HCP,1.0,,,,100,12345
5.0,0.05,5,5,Pooling,0.87,17.487533700871616,17.487533700871616,0.0,0,12345
5.0,0.05,5,5,Repeated,1.0,,,,100,12345
5.0,0.05,5,5,S-HCP-within,0.98,25.733110326441658,26.07963444525798,1.2527491890388642,0,12345
5.0,0.05,5,5,Std-CP,0.71,5.302532533571638,5.027904717661659,2.9603897738725338,0,12345
5.0,0.05,5,5,Subsampling,1.0,,,,100,12345
5.0,0.05,5,10,Donor-HCP-no-within,0.99,24.584089846434726,24.592875798529512,4.078288837066241,0,12345
5.0,0.05,5,10,Donor-HCP-within,1.0,,,,100,12345
5.0,0.05,5,10,HCP,1.0,,,,100,12345
5.0,0.05,5,10,Pooling,0.87,17.487533700871616,17.487533700871616,0.0,0,12345
5.0,0.05,5,10,Repeated,1.0,,,,100,12345
5.0,0.05,5,10,S-HCP-within,0.98,25.80076386259257,26.07963444525798,1.1818730403709077,0,12345
5.0,0.05,5,10,Std-CP,0.76,64.62627943266605,13.354553409925026,278.82603937198184,0,12345
5.0,0.05,5,10,Subsampling,1.0,,,,100,12345
5.0,0.05,5,15,Donor-HCP-no-within,0.94,21.781389836034354,20.58518682843941,3.5719551054076493,0,12345
5.0,0.05,5,15,Donor-HCP-within,0.98,15.595567670418664,15.23082992233598,2.0593199403183395,0,12345
5.0,0.05,5,15,HCP,1.0,,,,100,12345
5.0,0.05,5,15,Pooling,0.87,17.487533700871616,17.487533700871616,0.0,0,12345
5.0,0.05,5,15,Repeated,1.0,,,,100,12345
5.0,0.05,5,15,S-HCP-within,0.98,26.05733267134939,26.086878161514676,0.7375267601198228,0,12345
5.0,0.05,5,15,Std-CP,0.89,8.92877818642624,7.499282898478382,5.907695246737539,0,12345
5.0,0.05,5,15,Subsampling,1.0,,,,100,12345
5.0,0.05,5,20,Donor-HCP-no-within,0.92,19.725437071223077,18.272058722351723,3.1531991542046476,0,12345
5.0,0.05,5,20,Donor-HCP-within,0.93,12.155316279391004,11.56266877351729,1.4959396181534774,0,12345
5.0,0.05,5,20,HCP,1.0,,,,100,12345
5.0,0.05,5,20,Pooling,0.87,17.487533700871616,17.487533700871616,0.0,0,12345
5.0,0.05,5,20,Repeated,1.0,,,,100,12345
5.0,0.05,5,20,S-HCP-within,0.98,25.446451053846282,25.218182283921834,0.8128522707269561,0,12345
5.0,0.05,5,20,Std-CP,0.9,6.777444905307362,5.9462316818875465,2.8913164476111572,0,12345
5.0,0.05,5,20,Subsampling,1.0,,,,100,12345
5.0,0.05,5,25,Donor-HCP-no-within,0.96,15.106029378498054,13.690055493203463,7.742996505942378,0,12345
5.0,0.05,5,25,Donor-HCP-within,1.0,,,,100,12345
5.0,0.05,5,25,HCP,1.0,,,,100,12345
5.0,0.05,5,25,Pooling,0.87,17.487533700871616,17.487533700871616,0.0,0,12345
5.0,0.05,5,25,Repeated,1.0,,,,100,12345
5.0,0.05,5,25,S-HCP-within,1.0,,,,100,12345
5.0,0.05,5,25,Std-CP,0.94,7.208560605549849,6.647959115382896,2.643502544389745,0,12345
5.0,0.05,5,25,Subsampling,1.0,,,,100,12345
5.0,0.05,5,30,Donor-HCP-no-within,0.97,15.49807446072009,14.256206932638804,7.831905565319296,0,12345
5.0,0.05,5,30,Donor-HCP-within,1.0,,,,100,12345
5.0,0.05,5,30,HCP,1.0,,,,100,12345
5.0,0.05,5,30,Pooling,0.87,17.487533700871616,17.487533700871616,0.0,0,12345
5.0,0.05,5,30,Repeated,1.0,,,,100,12345
5.0,0.05,5,30,S-HCP-within,1.0,,,,100,12345
5.0,0.05,5,30,Std-CP,0.95,6.619198067466318,6.269412531610767,2.5428915530537783,0,12345
5.0,0.05,5,30,Subsampling,1.0,,,,100,12345
5.0,0.05,5,35,Donor-HCP-no-within,0.98,15.616991443886564,14.256206932638804,7.865961988416785,0,12345
5.0,0.05,5,35,Donor-HCP-within,1.0,,,,100,12345
5.0,0.05,5,35,HCP,1.0,,,,100,12345
5.0,0.05,5,35,Pooling,0.87,17.487533700871616,17.487533700871616,0.0,0,12345
5.0,0.05,5,35,Repeated,1.0,,,,100,12345
5.0,0.05,5,35,S-HCP-within,1.0,,,,100,12345
5.0,0.05,5,35,Std-CP,0.94,6.576020705553891,6.252099599030963,2.05961401797622,0,12345
5.0,0.05,5,35,Subsampling,1.0,,,,100,12345
5.0,0.05,6,0,Donor-HCP-no-within,1.0,,,,100,12345
5.0,0.05,6,0,Donor-HCP-within,1.0,,,,100,12345
5.0,0.05,6,0,HCP,1.0,,,,100,12345
5.0,0.05,6,0,Pooling,1.0,47.82886377016896,47.82886377016895,0.0,0,12345
5.0,0.05,6,0,Repeated,1.0,,,,100,12345
5.0,0.05,6,0,S-HCP-within,1.0,,,,100,12345
5.0,0.05,6,0,Std-CP,1.0,,,,100,12345
5.0,0.05,6,0,Subsampling,1.0,,,,100,12345
5.0,0.05,6,5,Donor-HCP-no-within,1.0,,,,100,12345
5.0,0.05,6,5,Donor-HCP-within,1.0,,,,100,12345
5.0,0.05,6,5,HCP,1.0,,,,100,12345
5.0,0.05,6,5,Pooling,1.0,47.82886377016896,47.82886377016895,0.0,0,12345
5.0,0.05,6,5,Repeated,1.0,,,,100,12345
5.0,0.05,6,5,S-HCP-within,0.89,22.976099793975333,22.15176819985998,3.6704131816553556,0,12345
5.0,0.05,6,5,Std-CP,0.81,6.006212402523243,5.124938626576679,4.860138587171065,0,12345
5.0,0.05,6,5,Subsampling,1.0,,,,100,12345
5.0,0.05,6,10,Donor-HCP-no-within,1.0,46.52598310496833,50.768145445247065,7.6786931072032685,0,12345
5.0,0.05,6,10,Donor-HCP-within,1.0,,,,100,12345
5.0,0.05,6,10,HCP,1.0,,,,100,12345
5.0,0.05,6,10,Pooling,1.0,47.82886377016896,47.82886377016895,0.0,0,12345
5.0,0.05,6,10,Repeated,1.0,,,,100,12345
5.0,0.05,6,10,S-HCP-within,0.9,23.058453931482376,21.794985714132707,3.360893459972037,0,12345
5.0,0.05,6,10,Std-CP,0.79,45.15104791271194,12.26469461974835,173.1478407538951,0,12345
5.0,0.05,6,10,Subsampling,1.0,,,,100,12345
5.0,0.05,6,15,Donor-HCP-no-within,1.0,45.1589920718392,47.34388003732721,6.191544432100513,0,12345
5.0,0.05,6,15,Donor-HCP-within,0.98,27.237382734936933,29.413950950113072,5.146986451446996,0,12345
5.0,0.05,6,15,HCP,1.0,,,,100,12345
5.0,0.05,6,15,Pooling,1.0,47.82886377016896,47.82886377016895,0.0,0,12345
5.0,0.05,6,15,Repeated,1.0,,,,100,12345
5.0,0.05,6,15,S-HCP-within,0.9,23.143068493512242,21.794985714132707,3.506403162200805,0,12345
5.0,0.05,6,15,Std-CP,0.88,8.486552398729097,7.158968180272163,4.709531938401321,0,12345
5.0,0.05,6,15,Subsampling,1.0,,,,100,12345
5.0,0.05,6,20,Donor-HCP-no-within,0.99,43.47662618172062,46.83246701101015,8.060677529085135,0,12345
5.0,0.05,6,20,Donor-HCP-within,0.98,20.989789695576327,22.839168673250235,4.1820001733596674,0,12345
5.0,0.05,6,20,HCP,1.0,,,,100,12345
5.0,0.05,6,20,Pooling,1.0,47.82886377016896,47.82886377016895,0.0,0,12345
5.0,0.05,6,20,Repeated,1.0,,,,100,12345
5.0,0.05,6,20,S-HCP-within,0.9,22.58634261523175,21.461396819832096,3.652713831666823,0,12345
5.0,0.05,6,20,Std-CP,0.91,6.709098841302827,5.995628476743109,2.9525592133030996,0,12345
5.0,0.05,6,20,Subsampling,1.0,,,,100,12345
5.0,0.05,6,25,Donor-HCP-no-within,0.97,15.452462773541699,14.550466194609399,7.722085626820289,0,12345
5.0,0.05,6,25,Donor-HCP-within,1.0,,,,100,12345
5.0,0.05,6,25,HCP,1.0,,,,100,12345
5.0,0.05,6,25,Pooling,1.0,47.82886377016896,47.82886377016895,0.0,0,12345
5.0,0.05,6,25,Repeated,1.0,,,,100,12345
5.0,0.05,6,25,S-HCP-within,1.0,,,,100,12345
5.0,0.05,6,25,Std-CP,0.98,6.488995228567291,6.098068987290697,2.3210241741130706,0,12345
5.0,0.05,6,25,Subsampling,1.0,,,,100,12345
5.0,0.05,6,30,Donor-HCP-no-within,0.97,15.623308271540397,14.550466194609399,7.742215760441741,0,12345
5.0,0.05,6,30,Donor-HCP-within,1.0,,,,100,12345
5.0,0.05,6,30,HCP,1.0,,,,100,12345
5.0,0.05,6,30,Pooling,1.0,47.82886377016896,47.82886377016895,0.0,0,12345
5.0,0.05,6,30,Repeated,1.0,,,,100,12345
5.0,0.05,6,30,S-HCP-within,1.0,,,,100,12345
5.0,0.05,6,30,Std-CP,0.93,6.507870717046448,6.46698778930293,2.3636781753095897,0,12345
5.0,0.05,6,30,Subsampling,1.0,,,,100,12345
5.0,0.05,6,35,Donor-HCP-no-within,0.97,15.852196577517377,14.550466194609399,7.647975453082252,0,12345
5.0,0.05,6,35,Donor-HCP-within,1.0,,,,100,12345
5.0,0.05,6,35,HCP,1.0,,,,100,12345
5.0,0.05,6,35,Pooling,1.0,47.82886377016896,47.82886377016895,0.0,0,12345
5.0,0.05,6,35,Repeated,1.0,,,,100,12345
5.0,0.05,6,35,S-HCP-within,1.0,,,,100,12345
5.0,0.05,6,35,Std-CP,0.96,6.467845573041336,6.432166458452285,1.8034649860754146,0,12345
5.0,0.05,6,35,Subsampling,1.0,,,,100,12345
5.0,0.05,7,0,Donor-HCP-no-within,1.0,,,,100,12345
5.0,0.05,7,0,Donor-HCP-within,1.0,,,,100,12345
5.0,0.05,7,0,HCP,1.0,,,,100,12345
5.0,0.05,7,0,Pooling,0.73,20.76085489697013,20.76085489697013,0.0,0,12345
5.0,0.05,7,0,Repeated,1.0,,,,100,12345
5.0,0.05,7,0,S-HCP-within,1.0,,,,100,12345
5.0,0.05,7,0,Std-CP,1.0,,,,100,12345
5.0,0.05,7,0,Subsampling,1.0,,,,100,12345
5.0,0.05,7,5,Donor-HCP-no-within,1.0,,,,100,12345
5.0,0.05,7,5,Donor-HCP-within,1.0,,,,100,12345
5.0,0.05,7,5,HCP,1.0,,,,100,12345
5.0,0.05,7,5,Pooling,0.73,20.76085489697013,20.76085489697013,0.0,0,12345
5.0,0.05,7,5,Repeated,1.0,,,,100,12345
5.0,0.05,7,5,S-HCP-within,0.97,34.82211794850003,34.275036689402036,2.4902201221720968,0,12345
5.0,0.05,7,5,Std-CP,0.73,5.9824979616055325,5.030518126385856,4.01749693652786,0,12345
5.0,0.05,7,5,Subsampling,1.0,,,,100,12345
5.0,0.05,7,10,Donor-HCP-no-within,0.99,29.675094508493824,27.10868572047849,6.062783732353876,0,12345
5.0,0.05,7,10,Donor-HCP-within,1.0,,,,100,12345
5.0,0.05,7,10,HCP,1.0,,,,100,12345
5.0,0.05,7,10,Pooling,0.73,20.76085489697013,20.76085489697013,0.0,0,12345
5.0,0.05,7,10,Repeated,1.0,,,,100,12345
5.0,0.05,7,10,S-HCP-within,0.98,34.49198212726241,34.27503668940203,2.471107296912107,0,12345
5.0,0.05,7,10,Std-CP,0.76,37.836533024616635,10.966173469177596,93.69869380510967,0,12345
5.0,0.05,7,10,Subsampling,1.0,,,,100,12345
5.0,0.05,7,15,Donor-HCP-no-within,0.97,26.31802431201085,24.031816203359575,5.81615807441051,0,12345
5.0,0.05,7,15,Donor-HCP-within,0.96,18.209765152509718,16.422716224920343,3.642693557552335,0,12345
5.0,0.05,7,15,HCP,1.0,,,,100,12345
5.0,0.05,7,15,Pooling,0.73,20.76085489697013,20.76085489697013,0.0,0,12345
5.0,0.05,7,15,Repeated,1.0,,,,100,12345
5.0,0.05,7,15,S-HCP-within,0.98,34.76250161800199,34.576642179782525,2.1177686103105384,0,12345
5.0,0.05,7,15,Std-CP,0.85,8.187757867704843,7.099072719411538,5.826487309895116,0,12345
5.0,0.05,7,15,Subsampling,1.0,,,,100,12345
5.0,0.05,7,20,Donor-HCP-no-within,0.86,25.713677597208438,22.502584981192413,5.497350754732931,0,12345
5.0,0.05,7,20,Donor-HCP-within,0.87,13.918934787905128,12.887223975708348,2.8747303091105207,0,12345
5.0,0.05,7,20,HCP,1.0,,,,100,12345
5.0,0.05,7,20,Pooling,0.73,20.76085489697013,20.76085489697013,0.0,0,12345
5.0,0.05,7,20,Repeated,1.0,,,,100,12345
5.0,0.05,7,20,S-HCP-within,0.98,33.921400828286224,33.215917947318246,2.010967221421675,0,12345
5.0,0.05,7,20,Std-CP,0.9,6.865472746057017,6.198562187646566,3.0050572665480133,0,12345
5.0,0.05,7,20,Subsampling,1.0,,,,100,12345
5.0,0.05,7,25,Donor-HCP-no-within,0.92,18.10501069169375,17.057194289112775,8.849423971852374,0,12345
5.0,0.05,7,25,Donor-HCP-within,1.0,,,,100,12345
5.0,0.05,7,25,HCP,1.0,,,,100,12345
5.0,0.05,7,25,Pooling,0.73,20.76085489697013,20.76085489697013,0.0,0,12345
5.0,0.05,7,25,Repeated,1.0,,,,100,12345
5.0,0.05,7,25,S-HCP-within,1.0,,,,100,12345
5.0,0.05,7,25,Std-CP,0.94,6.635696255056892,6.410759961778725,2.215510752214461,0,12345
5.0,0.05,7,25,Subsampling,1.0,,,,100,12345
5.0,0.05,7,30,Donor-HCP-no-within,0.92,18.54410009193728,17.502888537405873,8.89627077437175,0,12345
5.0,0.05,7,30,Donor-HCP-within,1.0,,,,100,12345
5.0,0.05,7,30,HCP,1.0,,,,100,12345
5.0,0.05,7,30,Pooling,0.73,20.76085489697013,20.76085489697013,0.0,0,12345
5.0,0.05,7,30,Repeated,1.0,,,,100,12345
5.0,0.05,7,30,S-HCP-within,1.0,,,,100,12345
5.0,0.05,7,30,Std-CP,0.96,6.417870695604303,6.272242862640008,2.032817285397795,0,12345
5.0,0.05,7,30,Subsampling,1.0,,,,100,12345
5.0,0.05,7,35,Donor-HCP-no-within,0.92,18.726897599539942,17.850195839141357,8.873319130109023,0,12345
5.0,0.05,7,35,Donor-HCP-within,1.0,,,,100,12345
5.0,0.05,7,35,HCP,1.0,,,,100,12345
5.0,0.05,7,35,Pooling,0.73,20.76085489697013,20.76085489697013,0.0,0,12345
5.0,0.05,7,35,Repeated,1.0,,,,100,12345
5.0,0.05,7,35,S-HCP-within,1.0,,,,100,12345
5.0,0.05,7,35,Std-CP,0.95,6.471321103731697,5.976731414520527,2.30481013583392,0,12345
5.0,0.05,7,35,Subsampling,1.0,,,,100,12345
5.0,0.05,8,0,Donor-HCP-no-within,1.0,,,,100,12345
5.0,0.05,8,0,Donor-HCP-within,1.0,,,,100,12345
5.0,0.05,8,0,HCP,1.0,,,,100,12345
5.0,0.05,8,0,Pooling,0.9,27.370390534885033,27.370390534885033,7.984130245395255e-16,0,12345
5.0,0.05,8,0,Repeated,1.0,,,,100,12345
5.0,0.05,8,0,S-HCP-within,1.0,,,,100,12345
5.0,0.05,8,0,Std-CP,1.0,,,,100,12345
5.0,0.05,8,0,Subsampling,1.0,,,,100,12345
5.0,0.05,8,5,Donor-HCP-no-within,1.0,,,,100,12345
5.0,0.05,8,5,Donor-HCP-within,1.0,,,,100,12345
5.0,0.05,8,5,HCP,1.0,,,,100,12345
5.0,0.05,8,5,Pooling,0.9,27.370390534885033,27.370390534885033,7.984130245395255e-16,0,12345
5.0,0.05,8,5,Repeated,1.0,,,,100,12345
5.0,0.05,8,5,S-HCP-within,0.97,28.580797460346318,28.386533721142975,1.457198675100917,0,12345
5.0,0.05,8,5,Std-CP,0.84,7.126397355890276,5.603048306469917,6.580580944349619,0,12345
5.0,0.05,8,5,Subsampling,1.0,,,,100,12345
5.0,0.05,8,10,Donor-HCP-no-within,0.99,39.149501745456796,40.00710229894891,4.774475514372791,0,12345
5.0,0.05,8,10,Donor-HCP-within,1.0,,,,100,12345
5.0,0.05,8,10,HCP,1.0,,,,100,12345
5.0,0.05,8,10,Pooling,0.9,27.370390534885033,27.370390534885033,7.984130245395255e-16,0,12345
5.0,0.05,8,10,Repeated,1.0,,,,100,12345
5.0,0.05,8,10,S-HCP-within,0.97,28.52878627873283,28.361052221641522,1.2301979904198093,0,12345
5.0,0.05,8,10,Std-CP,0.83,25.70100788995013,13.604372083701364,39.21808287102836,0,12345
5.0,0.05,8,10,Subsampling,1.0,,,,100,12345
5.0,0.05,8,15,Donor-HCP-no-within,0.97,30.127775483015075,29.80482618527066,5.786510393959833,0,12345
5.0,0.05,8,15,Donor-HCP-within,0.98,22.380222149318445,22.516222425513362,4.390904109708364,0,12345
5.0,0.05,8,15,HCP,1.0,,,,100,12345
5.0,0.05,8,15,Pooling,0.9,27.370390534885033,27.370390534885033,7.984130245395255e-16,0,12345
5.0,0.05,8,15,Repeated,1.0,,,,100,12345
5.0,0.05,8,15,S-HCP-within,0.96,28.657177753334732,28.386533721142975,1.105108605103642,0,12345
5.0,0.05,8,15,Std-CP,0.97,9.54348066434685,7.315605269931743,10.662225928442146,0,12345
5.0,0.05,8,15,Subsampling,1.0,,,,100,12345
5.0,0.05,8,20,Donor-HCP-no-within,0.94,28.137529535379073,27.813204429570497,5.036072270532776,0,12345
5.0,0.05,8,20,Donor-HCP-within,0.95,15.11374048825756,15.205593038543284,2.9316052746821915,0,12345
5.0,0.05,8,20,HCP,1.0,,,,100,12345
5.0,0.05,8,20,Pooling,0.9,27.370390534885033,27.370390534885033,7.984130245395255e-16,0,12345
5.0,0.05,8,20,Repeated,1.0,,,,100,12345
5.0,0.05,8,20,S-HCP-within,0.95,28.02082447690061,27.944755741136,1.0249725460488923,0,12345
5.0,0.05,8,20,Std-CP,0.93,7.3139471225867245,6.271444742500803,3.920934267960511,0,12345
5.0,0.05,8,20,Subsampling,1.0,,,,100,12345
5.0,0.05,8,25,Donor-HCP-no-within,0.93,16.645045221119734,14.981288161555632,8.391962396705173,0,12345
5.0,0.05,8,25,Donor-HCP-within,1.0,,,,100,12345
5.0,0.05,8,25,HCP,1.0,,,,100,12345
5.0,0.05,8,25,Pooling,0.9,27.370390534885033,27.370390534885033,7.984130245395255e-16,0,12345
5.0,0.05,8,25,Repeated,1.0,,,,100,12345
5.0,0.05,8,25,S-HCP-within,1.0,,,,100,12345
5.0,0.05,8,25,Std-CP,0.91,6.979345297423416,6.402085302959577,2.6701391809901196,0,12345
5.0,0.05,8,25,Subsampling,1.0,,,,100,12345
5.0,0.05,8,30,Donor-HCP-no-within,0.95,16.89987544113517,15.040453512656573,8.308700791278543,0,12345
5.0,0.05,8,30,Donor-HCP-within,1.0,,,,100,12345
5.0,0.05,8,30,HCP,1.0,,,,100,12345
5.0,0.05,8,30,Pooling,0.9,27.370390534885033,27.370390534885033,7.984130245395255e-16,0,12345
5.0,0.05,8,30,Repeated,1.0,,,,100,12345
5.0,0.05,8,30,S-HCP-within,1.0,,,,100,12345
5.0,0.05,8,30,Std-CP,0.95,6.526753670327193,6.261103076837833,2.484150886138329,0,12345
5.0,0.05,8,30,Subsampling,1.0,,,,100,12345
5.0,0.05,8,35,Donor-HCP-no-within,0.96,17.089337362144825,15.17422991321229,8.434890748146755,0,12345
5.0,0.05,8,35,Donor-HCP-within,1.0,,,,100,12345
5.0,0.05,8,35,HCP,1.0,,,,100,12345
5.0,0.05,8,35,Pooling,0.9,27.370390534885033,27.370390534885033,7.984130245395255e-16,0,12345
5.0,0.05,8,35,Repeated,1.0,,,,100,12345
5.0,0.05,8,35,S-HCP-within,1.0,,,,100,12345
5.0,0.05,8,35,Std-CP,0.98,6.502297828982243,6.485646493168601,1.9263051940254206,0,12345
5.0,0.05,8,35,Subsampling,1.0,,,,100,12345
5.0,0.05,9,0,Donor-HCP-no-within,1.0,,,,100,12345
5.0,0.05,9,0,Donor-HCP-within,1.0,,,,100,12345
5.0,0.05,9,0,HCP,1.0,,,,100,12345
5.0,0.05,9,0,Pooling,0.97,49.12260728756583,49.12260728756582,5.1988889552273155e-15,0,12345
5.0,0.05,9,0,Repeated,1.0,,,,100,12345
5.0,0.05,9,0,S-HCP-within,1.0,,,,100,12345
5.0,0.05,9,0,Std-CP,1.0,,,,100,12345
5.0,0.05,9,0,Subsampling,1.0,,,,100,12345
5.0,0.05,9,5,Donor-HCP-no-within,1.0,,,,100,12345
5.0,0.05,9,5,Donor-HCP-within,1.0,,,,100,12345
5.0,0.05,9,5,HCP,1.0,,,,100,12345
5.0,0.05,9,5,Pooling,0.97,49.12260728756583,49.12260728756582,5.1988889552273155e-15,0,12345
5.0,0.05,9,5,Repeated,1.0,,,,100,12345
5.0,0.05,9,5,S-HCP-within,0.99,41.34374447421422,42.17289595715023,2.0910241299439374,0,12345
5.0,0.05,9,5,Std-CP,0.75,5.997661295780367,4.913300062861439,3.9121553143532024,0,12345
5.0,0.05,9,5,Subsampling,1.0,,,,100,12345
5.0,0.05,9,10,Donor-HCP-no-within,1.0,57.601403065894544,55.187626028221615,17.238832932894773,0,12345
5.0,0.05,9,10,Donor-HCP-within,1.0,,,,100,12345
5.0,0.05,9,10,HCP,1.0,,,,100,12345
5.0,0.05,9,10,Pooling,0.97,49.12260728756583,49.12260728756582,5.1988889552273155e-15,0,12345
5.0,0.05,9,10,Repeated,1.0,,,,100,12345
5.0,0.05,9,10,S-HCP-within,0.98,40.4529963286539,40.24718203937819,1.8953547947427758,0,12345
5.0,0.05,9,10,Std-CP,0.82,31.811236965058118,12.891314670701659,53.06013238003083,0,12345
5.0,0.05,9,10,Subsampling,1.0,,,,100,12345
5.0,0.05,9,15,Donor-HCP-no-within,1.0,55.88665573334733,51.507812973858606,16.74963087277586,0,12345
5.0,0.05,9,15,Donor-HCP-within,0.99,33.349357343502746,31.243036934017958,10.970314324943535,0,12345
5.0,0.05,9,15,HCP,1.0,,,,100,12345
5.0,0.05,9,15,Pooling,0.97,49.12260728756583,49.12260728756582,5.1988889552273155e-15,0,12345
5.0,0.05,9,15,Repeated,1.0,,,,100,12345
5.0,0.05,9,15,S-HCP-within,0.98,40.93312081413833,41.027912540389785,1.361938919204803,0,12345
5.0,0.05,9,15,Std-CP,0.89,9.55635183083588,7.685240654202958,7.535036485046502,0,12345
5.0,0.05,9,15,Subsampling,1.0,,,,100,12345
5.0,0.05,9,20,Donor-HCP-no-within,0.99,52.29417311869653,47.901200915940144,19.090362639546253,0,12345
5.0,0.05,9,20,Donor-HCP-within,0.96,26.914827753135665,24.42842839688992,9.88996476037885,0,12345
5.0,0.05,9,20,HCP,1.0,,,,100,12345
5.0,0.05,9,20,Pooling,0.97,49.12260728756583,49.12260728756582,5.1988889552273155e-15,0,12345
5.0,0.05,9,20,Repeated,1.0,,,,100,12345
5.0,0.05,9,20,S-HCP-within,0.98,39.9255031172353,39.80603106778942,1.1524846003762568,0,12345
5.0,0.05,9,20,Std-CP,0.86,6.971417008504297,6.202665571234615,3.1899737682612788,0,12345
5.0,0.05,9,20,Subsampling,1.0,,,,100,12345
5.0,0.05,9,25,Donor-HCP-no-within,0.96,14.677372682643565,13.974191195928068,6.935438250888345,0,12345
5.0,0.05,9,25,Donor-HCP-within,1.0,,,,100,12345
5.0,0.05,9,25,HCP,1.0,,,,100,12345
5.0,0.05,9,25,Pooling,0.97,49.12260728756583,49.12260728756582,5.1988889552273155e-15,0,12345
5.0,0.05,9,25,Repeated,1.0,,,,100,12345
5.0,0.05,9,25,S-HCP-within,1.0,,,,100,12345
5.0,0.05,9,25,Std-CP,0.92,6.585196104710542,6.362221807492682,2.109355358989906,0,12345
5.0,0.05,9,25,Subsampling,1.0,,,,100,12345
5.0,0.05,9,30,Donor-HCP-no-within,0.96,14.866605533463884,14.103252865438105,6.886345868547509,0,12345
5.0,0.05,9,30,Donor-HCP-within,1.0,,,,100,12345
5.0,0.05,9,30,HCP,1.0,,,,100,12345
5.0,0.05,9,30,Pooling,0.97,49.12260728756583,49.12260728756582,5.1988889552273155e-15,0,12345
5.0,0.05,9,30,Repeated,1.0,,,,100,12345
5.0,0.05,9,30,S-HCP-within,1.0,,,,100,12345
5.0,0.05,9,30,Std-CP,0.94,6.6558754465755365,6.197829276264907,2.349655472497909,0,12345
5.0,0.05,9,30,Subsampling,1.0,,,,100,12345
5.0,0.05,9,35,Donor-HCP-no-within,0.97,14.94743894181785,14.103252865438105,6.881035345867186,0,12345
5.0,0.05,9,35,Donor-HCP-within,1.0,,,,100,12345
5.0,0.05,9,35,HCP,1.0,,,,100,12345
5.0,0.05,9,35,Pooling,0.97,49.12260728756583,49.12260728756582,5.1988889552273155e-15,0,12345
5.0,0.05,9,35,Repeated,1.0,,,,100,12345
5.0,0.05,9,35,S-HCP-within,1.0,,,,100,12345
5.0,0.05,9,35,Std-CP,0.93,6.306349193158694,6.029601692636771,1.8654961143120385,0,12345
5.0,0.05,9,35,Subsampling,1.0,,,,100,12345
5.0,0.05,10,0,Donor-HCP-no-within,1.0,,,,100,12345
5.0,0.05,10,0,Donor-HCP-within,1.0,,,,100,12345
5.0,0.05,10,0,HCP,1.0,,,,100,12345
5.0,0.05,10,0,Pooling,0.93,30.19654360278656,30.196543602786562,5.04960734217762e-16,0,12345
5.0,0.05,10,0,Repeated,1.0,,,,100,12345
5.0,0.05,10,0,S-HCP-within,1.0,,,,100,12345
5.0,0.05,10,0,Std-CP,1.0,,,,100,12345
5.0,0.05,10,0,Subsampling,1.0,,,,100,12345
5.0,0.05,10,5,Donor-HCP-no-within,1.0,,,,100,12345
5.0,0.05,10,5,Donor-HCP-within,1.0,,,,100,12345
5.0,0.05,10,5,HCP,1.0,,,,100,12345
5.0,0.05,10,5,Pooling,0.93,30.19654360278656,30.196543602786562,5.04960734217762e-16,0,12345
5.0,0.05,10,5,Repeated,1.0,,,,100,12345
5.0,0.05,10,5,S-HCP-within,0.98,33.412611864793284,33.272283185431064,1.6284136427245066,0,12345
5.0,0.05,10,5,Std-CP,0.79,6.880641274361857,5.1619224943105415,7.739545756429666,0,12345
5.0,0.05,10,5,Subsampling,1.0,,,,100,12345
5.0,0.05,10,10,Donor-HCP-no-within,1.0,35.74720275118261,35.94909524981263,5.805026140040683,0,12345
5.0,0.05,10,10,Donor-HCP-within,1.0,,,,100,12345
5.0,0.05,10,10,HCP,1.0,,,,100,12345
5.0,0.05,10,10,Pooling,0.93,30.19654360278656,30.196543602786562,5.04960734217762e-16,0,12345
5.0,0.05,10,10,Repeated,1.0,,,,100,12345
5.0,0.05,10,10,S-HCP-within,1.0,33.02985366388929,32.72161362251912,1.5681962864926462,0,12345
5.0,0.05,10,10,Std-CP,0.86,166.92056217165972,11.970445112360505,1402.7893374019498,0,12345
5.0,0.05,10,10,Subsampling,1.0,,,,100,12345
5.0,0.05,10,15,Donor-HCP-no-within,0.99,30.556470822395564,30.796936167089626,5.254501883098983,0,12345
5.0,0.05,10,15,Donor-HCP-within,1.0,21.367709192105426,20.840630381618535,3.3050618254219915,0,12345
5.0,0.05,10,15,HCP,1.0,,,,100,12345
5.0,0.05,10,15,Pooling,0.93,30.19654360278656,30.196543602786562,5.04960734217762e-16,0,12345
5.0,0.05,10,15,Repeated,1.0,,,,100,12345
5.0,0.05,10,15,S-HCP-within,0.99,33.278500076322004,33.0171337450617,1.7789163683913736,0,12345
5.0,0.05,10,15,Std-CP,0.95,10.5701367360409,8.789235601524558,7.981156487040536,0,12345
5.0,0.05,10,15,Subsampling,1.0,,,,100,12345
5.0,0.05,10,20,Donor-HCP-no-within,0.98,30.179286923007815,29.305805066210194,4.726665841172781,0,12345
5.0,0.05,10,20,Donor-HCP-within,0.98,17.120248457107735,17.392247060241125,2.070370827197567,0,12345
5.0,0.05,10,20,HCP,1.0,,,,100,12345
5.0,0.05,10,20,Pooling,0.93,30.19654360278656,30.196543602786562,5.04960734217762e-16,0,12345
5.0,0.05,10,20,Repeated,1.0,,,,100,12345
5.0,0.05,10,20,S-HCP-within,0.98,32.578937284739894,32.214782747428536,1.2216902732645238,0,12345
5.0,0.05,10,20,Std-CP,0.97,7.175066635402102,6.826066274625603,3.1376982331483965,0,12345
5.0,0.05,10,20,Subsampling,1.0,,,,100,12345
5.0,0.05,10,25,Donor-HCP-no-within,0.99,15.638141067082472,14.423366851518296,8.110298322140844,0,12345
5.0,0.05,10,25,Donor-HCP-within,1.0,,,,100,12345
5.0,0.05,10,25,HCP,1.0,,,,100,12345
5.0,0.05,10,25,Pooling,0.93,30.19654360278656,30.196543602786562,5.04960734217762e-16,0,12345
5.0,0.05,10,25,Repeated,1.0,,,,100,12345
5.0,0.05,10,25,S-HCP-within,1.0,,,,100,12345
5.0,0.05,10,25,Std-CP,0.98,6.942818976706178,6.386985373385233,2.1953470674926385,0,12345
5.0,0.05,10,25,Subsampling,1.0,,,,100,12345
5.0,0.05,10,30,Donor-HCP-no-within,0.99,15.814085294983645,14.423366851518296,8.24267471725826,0,12345
5.0,0.05,10,30,Donor-HCP-within,1.0,,,,100,12345
5.0,0.05,10,30,HCP,1.0,,,,100,12345
5.0,0.05,10,30,Pooling,0.93,30.19654360278656,30.196543602786562,5.04960734217762e-16,0,12345
5.0,0.05,10,30,Repeated,1.0,,,,100,12345
5.0,0.05,10,30,S-HCP-within,1.0,,,,100,12345
5.0,0.05,10,30,Std-CP,0.98,6.612536843186544,6.513111029867742,1.881178265222569,0,12345
5.0,0.05,10,30,Subsampling,1.0,,,,100,12345
5.0,0.05,10,35,Donor-HCP-no-within,0.99,16.225290373138208,15.77820127477457,8.140447317260234,0,12345
5.0,0.05,10,35,Donor-HCP-within,1.0,,,,100,12345
5.0,0.05,10,35,HCP,1.0,,,,100,12345
5.0,0.05,10,35,Pooling,0.93,30.19654360278656,30.196543602786562,5.04960734217762e-16,0,12345
5.0,0.05,10,35,Repeated,1.0,,,,100,12345
5.0,0.05,10,35,S-HCP-within,1.0,,,,100,12345
5.0,0.05,10,35,Std-CP,0.96,6.780369308139329,6.45117637660163,2.1651443960574666,0,12345
5.0,0.05,10,35,Subsampling,1.0,,,,100,12345
5.0,0.05,11,0,Donor-HCP-no-within,1.0,,,,100,12345
5.0,0.05,11,0,Donor-HCP-within,1.0,,,,100,12345
5.0,0.05,11,0,HCP,1.0,,,,100,12345
5.0,0.05,11,0,Pooling,0.95,34.30061506740077,34.30061506740077,0.0,0,12345
5.0,0.05,11,0,Repeated,1.0,,,,100,12345
5.0,0.05,11,0,S-HCP-within,1.0,,,,100,12345
5.0,0.05,11,0,Std-CP,1.0,,,,100,12345
5.0,0.05,11,0,Subsampling,1.0,,,,100,12345
5.0,0.05,11,5,Donor-HCP-no-within,1.0,,,,100,12345
5.0,0.05,11,5,Donor-HCP-within,1.0,,,,100,12345
5.0,0.05,11,5,HCP,1.0,,,,100,12345
5.0,0.05,11,5,Pooling,0.95,34.30061506740077,34.30061506740077,0.0,0,12345
5.0,0.05,11,5,Repeated,1.0,,,,100,12345
5.0,0.05,11,5,S-HCP-within,0.94,30.21143850435765,29.468421884730187,3.898540332798477,0,12345
5.0,0.05,11,5,Std-CP,0.78,6.761458787803075,4.661934229948888,7.0855871463708455,0,12345
5.0,0.05,11,5,Subsampling,1.0,,,,100,12345
5.0,0.05,11,10,Donor-HCP-no-within,0.99,47.66966611629047,48.256706873003914,19.29384063791675,0,12345
5.0,0.05,11,10,Donor-HCP-within,1.0,,,,100,12345
5.0,0.05,11,10,HCP,1.0,,,,100,12345
5.0,0.05,11,10,Pooling,0.95,34.30061506740077,34.30061506740077,0.0,0,12345
5.0,0.05,11,10,Repeated,1.0,,,,100,12345
5.0,0.05,11,10,S-HCP-within,0.94,29.849589105867498,29.468421884730187,3.8564829751165246,0,12345
5.0,0.05,11,10,Std-CP,0.86,28.403509128870468,12.100138885674223,78.04142968195089,0,12345
5.0,0.05,11,10,Subsampling,1.0,,,,100,12345
5.0,0.05,11,15,Donor-HCP-no-within,0.97,45.16100842038883,42.43035676331329,18.08641924985394,0,12345
5.0,0.05,11,15,Donor-HCP-within,0.98,30.429990291563517,26.803588752801225,12.528033942274298,0,12345
5.0,0.05,11,15,HCP,1.0,,,,100,12345
5.0,0.05,11,15,Pooling,0.95,34.30061506740077,34.30061506740077,0.0,0,12345
5.0,0.05,11,15,Repeated,1.0,,,,100,12345
5.0,0.05,11,15,S-HCP-within,0.94,30.17072186612468,29.608494834610763,3.6729894767338758,0,12345
5.0,0.05,11,15,Std-CP,0.88,8.447719398365386,7.576043107779323,5.100452899533956,0,12345
5.0,0.05,11,15,Subsampling,1.0,,,,100,12345
5.0,0.05,11,20,Donor-HCP-no-within,0.96,39.97027009452998,34.30061506740077,17.68079586236201,0,12345
5.0,0.05,11,20,Donor-HCP-within,0.96,22.27203297245301,21.082723827037285,10.01813932517327,0,12345
5.0,0.05,11,20,HCP,1.0,,,,100,12345
5.0,0.05,11,20,Pooling,0.95,34.30061506740077,34.30061506740077,0.0,0,12345
5.0,0.05,11,20,Repeated,1.0,,,,100,12345
5.0,0.05,11,20,S-HCP-within,0.94,29.690395578337363,29.077920687286465,3.666683786952596,0,12345
5.0,0.05,11,20,Std-CP,0.95,6.581476562623338,6.263740881739398,2.230427918622153,0,12345
5.0,0.05,11,20,Subsampling,1.0,,,,100,12345
5.0,0.05,11,25,Donor-HCP-no-within,0.99,17.48134734486546,15.789629618363826,8.824917755655553,0,12345
5.0,0.05,11,25,Donor-HCP-within,1.0,,,,100,12345
5.0,0.05,11,25,HCP,1.0,,,,100,12345
5.0,0.05,11,25,Pooling,0.95,34.30061506740077,34.30061506740077,0.0,0,12345
5.0,0.05,11,25,Repeated,1.0,,,,100,12345
5.0,0.05,11,25,S-HCP-within,1.0,,,,100,12345
5.0,0.05,11,25,Std-CP,0.96,6.789426048416383,5.893384725118047,3.0798020197732283,0,12345
5.0,0.05,11,25,Subsampling,1.0,,,,100,12345
5.0,0.05,11,30,Donor-HCP-no-within,0.99,17.685914711049865,15.912758081121517,8.838218961683905,0,12345
5.0,0.05,11,30,Donor-HCP-within,1.0,,,,100,12345
5.0,0.05,11,30,HCP,1.0,,,,100,12345
5.0,0.05,11,30,Pooling,0.95,34.30061506740077,34.30061506740077,0.0,0,12345
5.0,0.05,11,30,Repeated,1.0,,,,100,12345
5.0,0.05,11,30,S-HCP-within,1.0,,,,100,12345
5.0,0.05,11,30,Std-CP,0.97,6.529825319474064,6.196192750681608,2.3832795618654457,0,12345
5.0,0.05,11,30,Subsampling,1.0,,,,100,12345
5.0,0.05,11,35,Donor-HCP-no-within,0.99,17.911263208437926,16.097714446404453,8.815535398649004,0,12345
5.0,0.05,11,35,Donor-HCP-within,1.0,,,,100,12345
5.0,0.05,11,35,HCP,1.0,,,,100,12345
5.0,0.05,11,35,Pooling,0.95,34.30061506740077,34.30061506740077,0.0,0,12345
5.0,0.05,11,35,Repeated,1.0,,,,100,12345
5.0,0.05,11,35,S-HCP-within,1.0,,,,100,12345
5.0,0.05,11,35,Std-CP,0.98,6.68409096807359,6.445707215177967,2.184675591807739,0,12345
5.0,0.05,11,35,Subsampling,1.0,,,,100,12345
5.0,0.05,12,0,Donor-HCP-no-within,1.0,,,,100,12345
5.0,0.05,12,0,Donor-HCP-within,1.0,,,,100,12345
5.0,0.05,12,0,HCP,1.0,,,,100,12345
5.0,0.05,12,0,Pooling,0.79,18.115010712553982,18.115010712553982,0.0,0,12345
5.0,0.05,12,0,Repeated,1.0,,,,100,12345
5.0,0.05,12,0,S-HCP-within,1.0,,,,100,12345
5.0,0.05,12,0,Std-CP,1.0,,,,100,12345
5.0,0.05,12,0,Subsampling,1.0,,,,100,12345
5.0,0.05,12,5,Donor-HCP-no-within,1.0,,,,100,12345
5.0,0.05,12,5,Donor-HCP-within,1.0,,,,100,12345
5.0,0.05,12,5,HCP,1.0,,,,100,12345
5.0,0.05,12,5,Pooling,0.79,18.115010712553982,18.115010712553982,0.0,0,12345
5.0,0.05,12,5,Repeated,1.0,,,,100,12345
5.0,0.05,12,5,S-HCP-within,0.94,22.942629359827883,22.751517984811414,1.8503574892395898,0,12345
5.0,0.05,12,5,Std-CP,0.7,5.5467844533971356,4.750268690609698,3.6086350267761245,0,12345
5.0,0.05,12,5,Subsampling,1.0,,,,100,12345
5.0,0.05,12,10,Donor-HCP-no-within,1.0,23.82796231125491,23.68633804651072,3.4968409523627937,0,12345
5.0,0.05,12,10,Donor-HCP-within,1.0,,,,100,12345
5.0,0.05,12,10,HCP,1.0,,,,100,12345
5.0,0.05,12,10,Pooling,0.79,18.115010712553982,18.115010712553982,0.0,0,12345
5.0,0.05,12,10,Repeated,1.0,,,,100,12345
5.0,0.05,12,10,S-HCP-within,0.98,22.696286387728698,22.510330536813285,2.036219526490144,0,12345
5.0,0.05,12,10,Std-CP,0.84,34.918641945813654,11.987666854638634,89.28556819480467,0,12345
5.0,0.05,12,10,Subsampling,1.0,,,,100,12345
5.0,0.05,12,15,Donor-HCP-no-within,0.94,20.025002804323503,19.774314875957792,3.537294044223365,0,12345
5.0,0.05,12,15,Donor-HCP-within,0.95,14.078096229250088,13.875154565428856,1.9496647905564994,0,12345
5.0,0.05,12,15,HCP,1.0,,,,100,12345
5.0,0.05,12,15,Pooling,0.79,18.115010712553982,18.115010712553982,0.0,0,12345
5.0,0.05,12,15,Repeated,1.0,,,,100,12345
5.0,0.05,12,15,S-HCP-within,0.96,22.982417586527777,22.510330536813285,1.6905303265742055,0,12345
5.0,0.05,12,15,Std-CP,0.91,8.40786293194359,6.350106688105047,5.6395119923292745,0,12345
5.0,0.05,12,15,Subsampling,1.0,,,,100,12345
5.0,0.05,12,20,Donor-HCP-no-within,0.87,18.669483987257344,18.595384759983915,2.8048359509717455,0,12345
5.0,0.05,12,20,Donor-HCP-within,0.81,10.099455593805896,9.87168795001785,1.4150284136520275,0,12345
5.0,0.05,12,20,HCP,1.0,,,,100,12345
5.0,0.05,12,20,Pooling,0.79,18.115010712553982,18.115010712553982,0.0,0,12345
5.0,0.05,12,20,Repeated,1.0,,,,100,12345
5.0,0.05,12,20,S-HCP-within,0.96,22.30976928678199,21.998732990783907,1.7651008592839503,0,12345
5.0,0.05,12,20,Std-CP,0.93,6.304426694105057,5.914299416412764,2.5374364080390897,0,12345
5.0,0.05,12,20,Subsampling,1.0,,,,100,12345
5.0,0.05,12,25,Donor-HCP-no-within,0.96,15.67552907945909,13.473867001762281,8.689541691906825,0,12345
5.0,0.05,12,25,Donor-HCP-within,1.0,,,,100,12345
5.0,0.05,12,25,HCP,1.0,,,,100,12345
5.0,0.05,12,25,Pooling,0.79,18.115010712553982,18.115010712553982,0.0,0,12345
5.0,0.05,12,25,Repeated,1.0,,,,100,12345
5.0,0.05,12,25,S-HCP-within,1.0,,,,100,12345
5.0,0.05,12,25,Std-CP,0.93,6.31475201088973,6.100815946026485,2.090137714947668,0,12345
5.0,0.05,12,25,Subsampling,1.0,,,,100,12345
5.0,0.05,12,30,Donor-HCP-no-within,0.97,15.808917353754468,13.679119834030132,8.661314821313564,0,12345
5.0,0.05,12,30,Donor-HCP-within,1.0,,,,100,12345
5.0,0.05,12,30,HCP,1.0,,,,100,12345
5.0,0.05,12,30,Pooling,0.79,18.115010712553982,18.115010712553982,0.0,0,12345
5.0,0.05,12,30,Repeated,1.0,,,,100,12345
5.0,0.05,12,30,S-HCP-within,1.0,,,,100,12345
5.0,0.05,12,30,Std-CP,0.96,6.354994961733489,5.9740825879935375,1.934228248904307,0,12345
5.0,0.05,12,30,Subsampling,1.0,,,,100,12345
5.0,0.05,12,35,Donor-HCP-no-within,0.97,15.933710208998582,13.679119834030132,8.62968162936487,0,12345
5.0,0.05,12,35,Donor-HCP-within,1.0,,,,100,12345
5.0,0.05,12,35,HCP,1.0,,,,100,12345
5.0,0.05,12,35,Pooling,0.79,18.115010712553982,18.115010712553982,0.0,0,12345
5.0,0.05,12,35,Repeated,1.0,,,,100,12345
5.0,0.05,12,35,S-HCP-within,1.0,,,,100,12345
5.0,0.05,12,35,Std-CP,0.96,6.254513041570974,6.078234516102382,1.8106744109102557,0,12345
5.0,0.05,12,35,Subsampling,1.0,,,,100,12345
5.0,0.05,13,0,Donor-HCP-no-within,1.0,,,,100,12345
5.0,0.05,13,0,Donor-HCP-within,1.0,,,,100,12345
5.0,0.05,13,0,HCP,1.0,,,,100,12345
5.0,0.05,13,0,Pooling,0.99,39.47767708540745,39.47767708540745,0.0,0,12345
5.0,0.05,13,0,Repeated,1.0,,,,100,12345
5.0,0.05,13,0,S-HCP-within,1.0,,,,100,12345
5.0,0.05,13,0,Std-CP,1.0,,,,100,12345
5.0,0.05,13,0,Subsampling,1.0,,,,100,12345
5.0,0.05,13,5,Donor-HCP-no-within,1.0,,,,100,12345
5.0,0.05,13,5,Donor-HCP-within,1.0,,,,100,12345
5.0,0.05,13,5,HCP,1.0,,,,100,12345
5.0,0.05,13,5,Pooling,0.99,39.47767708540745,39.47767708540745,0.0,0,12345
5.0,0.05,13,5,Repeated,1.0,,,,100,12345
5.0,0.05,13,5,S-HCP-within,0.99,49.33941019010002,49.201156679695565,1.6503796741213226,0,12345
5.0,0.05,13,5,Std-CP,0.77,5.531319489490645,4.561506738688942,3.715449221735945,0,12345
5.0,0.05,13,5,Subsampling,1.0,,,,100,12345
5.0,0.05,13,10,Donor-HCP-no-within,1.0,46.690129805779854,48.18918247581409,6.242458214809212,0,12345
5.0,0.05,13,10,Donor-HCP-within,1.0,,,,100,12345
5.0,0.05,13,10,HCP,1.0,,,,100,12345
5.0,0.05,13,10,Pooling,0.99,39.47767708540745,39.47767708540745,0.0,0,12345
5.0,0.05,13,10,Repeated,1.0,,,,100,12345
5.0,0.05,13,10,S-HCP-within,1.0,48.90926541379472,48.6287650039103,1.3611546031300628,0,12345
5.0,0.05,13,10,Std-CP,0.84,81.20370351904613,12.43129698451022,547.6107230010549,0,12345
5.0,0.05,13,10,Subsampling,1.0,,,,100,12345
5.0,0.05,13,15,Donor-HCP-no-within,0.98,42.02652765568901,44.87278762256116,7.377748169817252,0,12345
5.0,0.05,13,15,Donor-HCP-within,0.99,27.636307730487637,29.317975672293592,5.797307330143623,0,12345
5.0,0.05,13,15,HCP,1.0,,,,100,12345
5.0,0.05,13,15,Pooling,0.99,39.47767708540745,39.47767708540745,0.0,0,12345
5.0,0.05,13,15,Repeated,1.0,,,,100,12345
5.0,0.05,13,15,S-HCP-within,1.0,49.17987586192965,49.083598002171755,1.0630188385900379,0,12345
5.0,0.05,13,15,Std-CP,0.9,9.563282824166889,8.208067391615407,5.562663610369692,0,12345
5.0,0.05,13,15,Subsampling,1.0,,,,100,12345
5.0,0.05,13,20,Donor-HCP-no-within,0.96,38.594589321476505,41.44554914983592,7.960115159859589,0,12345
5.0,0.05,13,20,Donor-HCP-within,0.96,21.329184783442148,22.548192950111755,4.005745756302786,0,12345
5.0,0.05,13,20,HCP,1.0,,,,100,12345
5.0,0.05,13,20,Pooling,0.99,39.47767708540745,39.47767708540745,0.0,0,12345
5.0,0.05,13,20,Repeated,1.0,,,,100,12345
5.0,0.05,13,20,S-HCP-within,1.0,48.468256950415565,48.42179884958907,1.1422748578227526,0,12345
5.0,0.05,13,20,Std-CP,0.92,7.2258978912875795,6.533139127495314,3.1470562382902254,0,12345
5.0,0.05,13,20,Subsampling,1.0,,,,100,12345
5.0,0.05,13,25,Donor-HCP-no-within,0.95,18.628902703295037,17.211475642881446,9.072444475967353,0,12345
5.0,0.05,13,25,Donor-HCP-within,1.0,,,,100,12345
5.0,0.05,13,25,HCP,1.0,,,,100,12345
5.0,0.05,13,25,Pooling,0.99,39.47767708540745,39.47767708540745,0.0,0,12345
5.0,0.05,13,25,Repeated,1.0,,,,100,12345
5.0,0.05,13,25,S-HCP-within,1.0,,,,100,12345
5.0,0.05,13,25,Std-CP,0.95,6.843043364532743,6.375215718570397,2.326533381743939,0,12345
5.0,0.05,13,25,Subsampling,1.0,,,,100,12345
5.0,0.05,13,30,Donor-HCP-no-within,0.96,18.79791265606621,17.211475642881446,9.152615684606836,0,12345
5.0,0.05,13,30,Donor-HCP-within,1.0,,,,100,12345
5.0,0.05,13,30,HCP,1.0,,,,100,12345
5.0,0.05,13,30,Pooling,0.99,39.47767708540745,39.47767708540745,0.0,0,12345
5.0,0.05,13,30,Repeated,1.0,,,,100,12345
5.0,0.05,13,30,S-HCP-within,1.0,,,,100,12345
5.0,0.05,13,30,Std-CP,0.93,6.450794829024069,6.239386136578276,2.003788796949824,0,12345
5.0,0.05,13,30,Subsampling,1.0,,,,100,12345
5.0,0.05,13,35,Donor-HCP-no-within,0.96,19.046075586784838,17.211475642881446,9.012372010374555,0,12345
5.0,0.05,13,35,Donor-HCP-within,1.0,,,,100,12345
5.0,0.05,13,35,HCP,1.0,,,,100,12345
5.0,0.05,13,35,Pooling,0.99,39.47767708540745,39.47767708540745,0.0,0,12345
5.0,0.05,13,35,Repeated,1.0,,,,100,12345
5.0,0.05,13,35,S-HCP-within,1.0,,,,100,12345
5.0,0.05,13,35,Std-CP,0.96,6.728028719189029,6.441861114260387,2.128047609331416,0,12345
5.0,0.05,13,35,Subsampling,1.0,,,,100,12345
5.0,0.05,14,0,Donor-HCP-no-within,1.0,,,,100,12345
5.0,0.05,14,0,Donor-HCP-within,1.0,,,,100,12345
5.0,0.05,14,0,HCP,1.0,,,,100,12345
5.0,0.05,14,0,Pooling,0.92,48.45944445010238,48.45944445010238,0.0,0,12345
5.0,0.05,14,0,Repeated,1.0,,,,100,12345
5.0,0.05,14,0,S-HCP-within,1.0,,,,100,12345
5.0,0.05,14,0,Std-CP,1.0,,,,100,12345
5.0,0.05,14,0,Subsampling,1.0,,,,100,12345
5.0,0.05,14,5,Donor-HCP-no-within,1.0,,,,100,12345
5.0,0.05,14,5,Donor-HCP-within,1.0,,,,100,12345
5.0,0.05,14,5,HCP,1.0,,,,100,12345
5.0,0.05,14,5,Pooling,0.92,48.45944445010238,48.45944445010238,0.0,0,12345
5.0,0.05,14,5,Repeated,1.0,,,,100,12345
5.0,0.05,14,5,S-HCP-within,0.94,19.38977436443858,18.860195740384764,1.8297792413774072,0,12345
5.0,0.05,14,5,Std-CP,0.78,5.949944882501117,4.517833848716551,4.654145065652458,0,12345
5.0,0.05,14,5,Subsampling,1.0,,,,100,12345
5.0,0.05,14,10,Donor-HCP-no-within,1.0,32.960311036870316,25.854770658765972,10.190250974163611,0,12345
5.0,0.05,14,10,Donor-HCP-within,1.0,,,,100,12345
5.0,0.05,14,10,HCP,1.0,,,,100,12345
5.0,0.05,14,10,Pooling,0.92,48.45944445010238,48.45944445010238,0.0,0,12345
5.0,0.05,14,10,Repeated,1.0,,,,100,12345
5.0,0.05,14,10,S-HCP-within,0.94,19.37713863365526,18.860195740384764,1.5177142506319494,0,12345
5.0,0.05,14,10,Std-CP,0.78,24.551410810669825,10.53395083329372,35.18991242589166,0,12345
5.0,0.05,14,10,Subsampling,1.0,,,,100,12345
5.0,0.05,14,15,Donor-HCP-no-within,0.97,30.433711144627665,25.806603605117573,9.383529918904987,0,12345
5.0,0.05,14,15,Donor-HCP-within,1.0,20.706848247846384,16.963965610938192,6.302940861829963,0,12345
5.0,0.05,14,15,HCP,1.0,,,,100,12345
5.0,0.05,14,15,Pooling,0.92,48.45944445010238,48.45944445010238,0.0,0,12345
5.0,0.05,14,15,Repeated,1.0,,,,100,12345
5.0,0.05,14,15,S-HCP-within,0.95,19.379376970749853,18.860195740384764,1.6375371446559672,0,12345
5.0,0.05,14,15,Std-CP,0.91,10.67355490767759,8.17081112271152,11.544665698334109,0,12345
5.0,0.05,14,15,Subsampling,1.0,,,,100,12345
5.0,0.05,14,20,Donor-HCP-no-within,0.98,27.581189643386256,23.041468569897788,9.118403410469798,0,12345
5.0,0.05,14,20,Donor-HCP-within,0.98,16.111854424954444,13.215583913605315,4.873964760831344,0,12345
5.0,0.05,14,20,HCP,1.0,,,,100,12345
5.0,0.05,14,20,Pooling,0.92,48.45944445010238,48.45944445010238,0.0,0,12345
5.0,0.05,14,20,Repeated,1.0,,,,100,12345
5.0,0.05,14,20,S-HCP-within,0.95,19.055133292486957,18.79767395618064,1.5562857111706092,0,12345
5.0,0.05,14,20,Std-CP,0.89,7.056362081903737,6.305236384582273,3.126686551264026,0,12345
5.0,0.05,14,20,Subsampling,1.0,,,,100,12345
5.0,0.05,14,25,Donor-HCP-no-within,0.96,14.956746266764682,13.338333849824135,6.932981782689491,0,12345
5.0,0.05,14,25,Donor-HCP-within,1.0,,,,100,12345
5.0,0.05,14,25,HCP,1.0,,,,100,12345
5.0,0.05,14,25,Pooling,0.92,48.45944445010238,48.45944445010238,0.0,0,12345
5.0,0.05,14,25,Repeated,1.0,,,,100,12345
5.0,0.05,14,25,S-HCP-within,1.0,,,,100,12345
5.0,0.05,14,25,Std-CP,0.9,6.8286490763669585,6.563490792514956,2.3484352598667053,0,12345
5.0,0.05,14,25,Subsampling,1.0,,,,100,12345
5.0,0.05,14,30,Donor-HCP-no-within,0.96,15.187994414654234,13.698340184462797,6.857151904666656,0,12345
5.0,0.05,14,30,Donor-HCP-within,1.0,,,,100,12345
5.0,0.05,14,30,HCP,1.0,,,,100,12345
5.0,0.05,14,30,Pooling,0.92,48.45944445010238,48.45944445010238,0.0,0,12345
5.0,0.05,14,30,Repeated,1.0,,,,100,12345
5.0,0.05,14,30,S-HCP-within,1.0,,,,100,12345
5.0,0.05,14,30,Std-CP,0.89,6.484191290590476,6.373791970015564,2.139305708598194,0,12345
5.0,0.05,14,30,Subsampling,1.0,,,,100,12345
5.0,0.05,14,35,Donor-HCP-no-within,0.97,15.41377272794423,13.89731183168264,6.89203927374054,0,12345
5.0,0.05,14,35,Donor-HCP-within,1.0,,,,100,12345
5.0,0.05,14,35,HCP,1.0,,,,100,12345
5.0,0.05,14,35,Pooling,0.92,48.45944445010238,48.45944445010238,0.0,0,12345
5.0,0.05,14,35,Repeated,1.0,,,,100,12345
5.0,0.05,14,35,S-HCP-within,1.0,,,,100,12345
5.0,0.05,14,35,Std-CP,0.94,6.552148602187872,6.086467222466699,2.0953233692637894,0,12345
5.0,0.05,14,35,Subsampling,1.0,,,,100,12345
5.0,0.05,15,0,Donor-HCP-no-within,1.0,,,,100,12345
5.0,0.05,15,0,Donor-HCP-within,1.0,,,,100,12345
5.0,0.05,15,0,HCP,1.0,,,,100,12345
5.0,0.05,15,0,Pooling,1.0,39.36022721460987,39.36022721460987,7.4556558930908e-15,0,12345
5.0,0.05,15,0,Repeated,1.0,,,,100,12345
5.0,0.05,15,0,S-HCP-within,1.0,,,,100,12345
5.0,0.05,15,0,Std-CP,1.0,,,,100,12345
5.0,0.05,15,0,Subsampling,1.0,,,,100,12345
5.0,0.05,15,5,Donor-HCP-no-within,1.0,,,,100,12345
5.0,0.05,15,5,Donor-HCP-within,1.0,,,,100,12345
5.0,0.05,15,5,HCP,1.0,,,,100,12345
5.0,0.05,15,5,Pooling,1.0,39.36022721460987,39.36022721460987,7.4556558930908e-15,0,12345
5.0,0.05,15,5,Repeated,1.0,,,,100,12345
5.0,0.05,15,5,S-HCP-within,0.93,27.736292412146362,28.225080002976537,2.9312394912128927,0,12345
5.0,0.05,15,5,Std-CP,0.73,6.089804163009541,5.079225122561185,3.702951763773814,0,12345
5.0,0.05,15,5,Subsampling,1.0,,,,100,12345
5.0,0.05,15,10,Donor-HCP-no-within,1.0,48.76011962857265,47.260345734579744,4.324092789721283,0,12345
5.0,0.05,15,10,Donor-HCP-within,1.0,,,,100,12345
5.0,0.05,15,10,HCP,1.0,,,,100,12345
5.0,0.05,15,10,Pooling,1.0,39.36022721460987,39.36022721460987,7.4556558930908e-15,0,12345
5.0,0.05,15,10,Repeated,1.0,,,,100,12345
5.0,0.05,15,10,S-HCP-within,0.94,28.02445640387149,28.57623451216221,2.630193061237932,0,12345
5.0,0.05,15,10,Std-CP,0.84,61.023910443932245,10.333985430435945,268.30729863975495,0,12345
5.0,0.05,15,10,Subsampling,1.0,,,,100,12345
5.0,0.05,15,15,Donor-HCP-no-within,0.99,44.033820543867904,42.07236964496401,4.292064290081587,0,12345
5.0,0.05,15,15,Donor-HCP-within,1.0,29.46761661089909,28.582866770695915,2.6719152359546077,0,12345
5.0,0.05,15,15,HCP,1.0,,,,100,12345
5.0,0.05,15,15,Pooling,1.0,39.36022721460987,39.36022721460987,7.4556558930908e-15,0,12345
5.0,0.05,15,15,Repeated,1.0,,,,100,12345
5.0,0.05,15,15,S-HCP-within,0.94,27.955209263687763,28.57623451216221,2.281808493581052,0,12345
5.0,0.05,15,15,Std-CP,0.91,9.708409027754312,7.77447684150207,6.39499072704709,0,12345
5.0,0.05,15,15,Subsampling,1.0,,,,100,12345
5.0,0.05,15,20,Donor-HCP-no-within,1.0,41.34687426088106,40.19545866704703,3.648214003585288,0,12345
5.0,0.05,15,20,Donor-HCP-within,1.0,21.621872995585093,20.387222349504356,2.8651613381412084,0,12345
5.0,0.05,15,20,HCP,1.0,,,,100,12345
5.0,0.05,15,20,Pooling,1.0,39.36022721460987,39.36022721460987,7.4556558930908e-15,0,12345
5.0,0.05,15,20,Repeated,1.0,,,,100,12345
5.0,0.05,15,20,S-HCP-within,0.92,27.198636012716882,26.553726258270032,2.4525678926117256,0,12345
5.0,0.05,15,20,Std-CP,0.88,6.783147690597844,6.443794814142664,2.789167293188405,0,12345
5.0,0.05,15,20,Subsampling,1.0,,,,100,12345
5.0,0.05,15,25,Donor-HCP-no-within,0.96,18.105792191019283,16.756197499029035,7.347209921122849,0,12345
5.0,0.05,15,25,Donor-HCP-within,1.0,,,,100,12345
5.0,0.05,15,25,HCP,1.0,,,,100,12345
5.0,0.05,15,25,Pooling,1.0,39.36022721460987,39.36022721460987,7.4556558930908e-15,0,12345
5.0,0.05,15,25,Repeated,1.0,,,,100,12345
5.0,0.05,15,25,S-HCP-within,1.0,,,,100,12345
5.0,0.05,15,25,Std-CP,0.89,6.930942378449112,6.383134575497343,2.8525816012166607,0,12345
5.0,0.05,15,25,Subsampling,1.0,,,,100,12345
5.0,0.05,15,30,Donor-HCP-no-within,0.97,18.507910519211162,16.998525008506647,7.318129441460572,0,12345
5.0,0.05,15,30,Donor-HCP-within,1.0,,,,100,12345
5.0,0.05,15,30,HCP,1.0,,,,100,12345
5.0,0.05,15,30,Pooling,1.0,39.36022721460987,39.36022721460987,7.4556558930908e-15,0,12345
5.0,0.05,15,30,Repeated,1.0,,,,100,12345
5.0,0.05,15,30,S-HCP-within,1.0,,,,100,12345
5.0,0.05,15,30,Std-CP,0.92,6.173246167399034,5.934399727709308,1.8411592918647763,0,12345
5.0,0.05,15,30,Subsampling,1.0,,,,100,12345
5.0,0.05,15,35,Donor-HCP-no-within,0.97,18.727719467502755,17.173833532396745,7.314767288170667,0,12345
5.0,0.05,15,35,Donor-HCP-within,1.0,,,,100,12345
5.0,0.05,15,35,HCP,1.0,,,,100,12345
5.0,0.05,15,35,Pooling,1.0,39.36022721460987,39.36022721460987,7.4556558930908e-15,0,12345
5.0,0.05,15,35,Repeated,1.0,,,,100,12345
5.0,0.05,15,35,S-HCP-within,1.0,,,,100,12345
5.0,0.05,15,35,Std-CP,0.93,6.327501368316581,5.856195832011501,1.8924262971571606,0,12345
5.0,0.05,15,35,Subsampling,1.0,,,,100,12345
5.0,0.05,16,0,Donor-HCP-no-within,1.0,,,,100,12345
5.0,0.05,16,0,Donor-HCP-within,1.0,,,,100,12345
5.0,0.05,16,0,HCP,1.0,,,,100,12345
5.0,0.05,16,0,Pooling,0.82,20.28427025460564,20.28427025460564,1.4282446375932695e-15,0,12345
5.0,0.05,16,0,Repeated,1.0,,,,100,12345
5.0,0.05,16,0,S-HCP-within,1.0,,,,100,12345
5.0,0.05,16,0,Std-CP,1.0,,,,100,12345
5.0,0.05,16,0,Subsampling,1.0,,,,100,12345
5.0,0.05,16,5,Donor-HCP-no-within,1.0,,,,100,12345
5.0,0.05,16,5,Donor-HCP-within,1.0,,,,100,12345
5.0,0.05,16,5,HCP,1.0,,,,100,12345
5.0,0.05,16,5,Pooling,0.82,20.28427025460564,20.28427025460564,1.4282446375932695e-15,0,12345
5.0,0.05,16,5,Repeated,1.0,,,,100,12345
5.0,0.05,16,5,S-HCP-within,0.94,26.99979376538407,27.1493676616963,2.353330905751285,0,12345
5.0,0.05,16,5,Std-CP,0.75,5.603281599152167,4.527465108317983,3.6311381906700695,0,12345
5.0,0.05,16,5,Subsampling,1.0,,,,100,12345
5.0,0.05,16,10,Donor-HCP-no-within,0.99,29.292930549314566,28.868287347333943,4.551907554750035,0,12345
5.0,0.05,16,10,Donor-HCP-within,1.0,,,,100,12345
5.0,0.05,16,10,HCP,1.0,,,,100,12345
5.0,0.05,16,10,Pooling,0.82,20.28427025460564,20.28427025460564,1.4282446375932695e-15,0,12345
5.0,0.05,16,10,Repeated,1.0,,,,100,12345
5.0,0.05,16,10,S-HCP-within,0.95,26.884758202804388,27.097106645735415,2.4793556565250454,0,12345
5.0,0.05,16,10,Std-CP,0.84,49.914640243839,12.438961786345402,202.3570867727378,0,12345
5.0,0.05,16,10,Subsampling,1.0,,,,100,12345
5.0,0.05,16,15,Donor-HCP-no-within,0.93,24.21993381272218,23.715489315345856,4.342159324698319,0,12345
5.0,0.05,16,15,Donor-HCP-within,0.98,17.043766659522845,16.981791305647448,2.442242443406706,0,12345
5.0,0.05,16,15,HCP,1.0,,,,100,12345
5.0,0.05,16,15,Pooling,0.82,20.28427025460564,20.28427025460564,1.4282446375932695e-15,0,12345
5.0,0.05,16,15,Repeated,1.0,,,,100,12345
5.0,0.05,16,15,S-HCP-within,0.95,27.233608812767066,27.1493676616963,2.4355044096489276,0,12345
5.0,0.05,16,15,Std-CP,0.91,8.646851714123079,7.072032103587192,4.4719947253296235,0,12345
5.0,0.05,16,15,Subsampling,1.0,,,,100,12345
5.0,0.05,16,20,Donor-HCP-no-within,0.9,22.41093246970414,22.574745678322778,4.338580718490105,0,12345
5.0,0.05,16,20,Donor-HCP-within,0.9,12.996696125942046,12.958408555256227,1.7796285291049283,0,12345
5.0,0.05,16,20,HCP,1.0,,,,100,12345
5.0,0.05,16,20,Pooling,0.82,20.28427025460564,20.28427025460564,1.4282446375932695e-15,0,12345
5.0,0.05,16,20,Repeated,1.0,,,,100,12345
5.0,0.05,16,20,S-HCP-within,0.95,26.708807907500095,26.56359360831437,2.4195911807459582,0,12345
5.0,0.05,16,20,Std-CP,0.9,6.953305698948906,6.528261451329384,2.817599164944034,0,12345
5.0,0.05,16,20,Subsampling,1.0,,,,100,12345
5.0,0.05,16,25,Donor-HCP-no-within,0.96,16.01137328067135,14.191840958686559,8.08226761272444,0,12345
5.0,0.05,16,25,Donor-HCP-within,1.0,,,,100,12345
5.0,0.05,16,25,HCP,1.0,,,,100,12345
5.0,0.05,16,25,Pooling,0.82,20.28427025460564,20.28427025460564,1.4282446375932695e-15,0,12345
5.0,0.05,16,25,Repeated,1.0,,,,100,12345
5.0,0.05,16,25,S-HCP-within,1.0,,,,100,12345
5.0,0.05,16,25,Std-CP,0.86,6.649787914653688,5.863014383116038,2.4227933947134543,0,12345
5.0,0.05,16,25,Subsampling,1.0,,,,100,12345
5.0,0.05,16,30,Donor-HCP-no-within,0.96,16.189078890633358,14.191840958686559,8.08286135932434,0,12345
5.0,0.05,16,30,Donor-HCP-within,1.0,,,,100,12345
5.0,0.05,16,30,HCP,1.0,,,,100,12345
5.0,0.05,16,30,Pooling,0.82,20.28427025460564,20.28427025460564,1.4282446375932695e-15,0,12345
5.0,0.05,16,30,Repeated,1.0,,,,100,12345
5.0,0.05,16,30,S-HCP-within,1.0,,,,100,12345
5.0,0.05,16,30,Std-CP,0.92,6.117286087563084,6.036908928623958,1.8800060532325609,0,12345
5.0,0.05,16,30,Subsampling,1.0,,,,100,12345
5.0,0.05,16,35,Donor-HCP-no-within,0.96,16.342020554176173,14.535818789719162,8.077680462729186,0,12345
5.0,0.05,16,35,Donor-HCP-within,1.0,,,,100,12345
5.0,0.05,16,35,HCP,1.0,,,,100,12345
5.0,0.05,16,35,Pooling,0.82,20.28427025460564,20.28427025460564,1.4282446375932695e-15,0,12345
5.0,0.05,16,35,Repeated,1.0,,,,100,12345
5.0,0.05,16,35,S-HCP-within,1.0,,,,100,12345
5.0,0.05,16,35,Std-CP,0.93,6.174319503572722,6.321051155457729,1.7618443714130718,0,12345
5.0,0.05,16,35,Subsampling,1.0,,,,100,12345
5.0,0.05,17,0,Donor-HCP-no-within,1.0,,,,100,12345
5.0,0.05,17,0,Donor-HCP-within,1.0,,,,100,12345
5.0,0.05,17,0,HCP,1.0,,,,100,12345
5.0,0.05,17,0,Pooling,0.9,40.029436265778244,40.029436265778244,7.141223187966347e-16,0,12345
5.0,0.05,17,0,Repeated,1.0,,,,100,12345
5.0,0.05,17,0,S-HCP-within,1.0,,,,100,12345
5.0,0.05,17,0,Std-CP,1.0,,,,100,12345
5.0,0.05,17,0,Subsampling,1.0,,,,100,12345
5.0,0.05,17,5,Donor-HCP-no-within,1.0,,,,100,12345
5.0,0.05,17,5,Donor-HCP-within,1.0,,,,100,12345
5.0,0.05,17,5,HCP,1.0,,,,100,12345
5.0,0.05,17,5,Pooling,0.9,40.029436265778244,40.029436265778244,7.141223187966347e-16,0,12345
5.0,0.05,17,5,Repeated,1.0,,,,100,12345
5.0,0.05,17,5,S-HCP-within,1.0,42.84516591477801,42.73009831468003,1.702610712044306,0,12345
5.0,0.05,17,5,Std-CP,0.82,6.72555544053573,5.594684457424274,5.237034211464774,0,12345
5.0,0.05,17,5,Subsampling,1.0,,,,100,12345
5.0,0.05,17,10,Donor-HCP-no-within,1.0,50.70969390153427,49.350132626379605,6.778740632550832,0,12345
5.0,0.05,17,10,Donor-HCP-within,1.0,,,,100,12345
5.0,0.05,17,10,HCP,1.0,,,,100,12345
5.0,0.05,17,10,Pooling,0.9,40.029436265778244,40.029436265778244,7.141223187966347e-16,0,12345
5.0,0.05,17,10,Repeated,1.0,,,,100,12345
5.0,0.05,17,10,S-HCP-within,1.0,42.540569084190075,42.42180283644228,1.4186804344104367,0,12345
5.0,0.05,17,10,Std-CP,0.8,45.24208055270811,11.810677688939013,118.84689440999453,0,12345
5.0,0.05,17,10,Subsampling,1.0,,,,100,12345
5.0,0.05,17,15,Donor-HCP-no-within,0.96,45.68541173647083,44.73079927544537,6.870227146987702,0,12345
5.0,0.05,17,15,Donor-HCP-within,0.99,29.474995389942922,28.811095920532367,3.7545900178016947,0,12345
5.0,0.05,17,15,HCP,1.0,,,,100,12345
5.0,0.05,17,15,Pooling,0.9,40.029436265778244,40.029436265778244,7.141223187966347e-16,0,12345
5.0,0.05,17,15,Repeated,1.0,,,,100,12345
5.0,0.05,17,15,S-HCP-within,1.0,42.89544515195401,43.166625365800705,1.1627878373602247,0,12345
5.0,0.05,17,15,Std-CP,0.85,9.241002463036807,7.821984317318065,6.191452677070963,0,12345
5.0,0.05,17,15,Subsampling,1.0,,,,100,12345
5.0,0.05,17,20,Donor-HCP-no-within,0.93,44.63848306818758,41.04932660927179,9.206443620372765,0,12345
5.0,0.05,17,20,Donor-HCP-within,0.95,23.062286296121112,22.222081096638902,3.243120048654112,0,12345
5.0,0.05,17,20,HCP,1.0,,,,100,12345
5.0,0.05,17,20,Pooling,0.9,40.029436265778244,40.029436265778244,7.141223187966347e-16,0,12345
5.0,0.05,17,20,Repeated,1.0,,,,100,12345
5.0,0.05,17,20,S-HCP-within,1.0,41.64842850440213,41.359184948916536,0.9691537910558928,0,12345
5.0,0.05,17,20,Std-CP,0.89,6.79080746357407,6.4303026143159965,2.8086686649991934,0,12345
5.0,0.05,17,20,Subsampling,1.0,,,,100,12345
5.0,0.05,17,25,Donor-HCP-no-within,0.95,15.765748839780114,15.126190754854958,7.062201732735624,0,12345
5.0,0.05,17,25,Donor-HCP-within,1.0,,,,100,12345
5.0,0.05,17,25,HCP,1.0,,,,100,12345
5.0,0.05,17,25,Pooling,0.9,40.029436265778244,40.029436265778244,7.141223187966347e-16,0,12345
5.0,0.05,17,25,Repeated,1.0,,,,100,12345
5.0,0.05,17,25,S-HCP-within,1.0,,,,100,12345
5.0,0.05,17,25,Std-CP,0.89,6.54702371844977,6.467576267497562,2.390914200765119,0,12345
5.0,0.05,17,25,Subsampling,1.0,,,,100,12345
5.0,0.05,17,30,Donor-HCP-no-within,0.95,16.031371589089844,15.621727735406814,7.1085520284796315,0,12345
5.0,0.05,17,30,Donor-HCP-within,1.0,,,,100,12345
5.0,0.05,17,30,HCP,1.0,,,,100,12345
5.0,0.05,17,30,Pooling,0.9,40.029436265778244,40.029436265778244,7.141223187966347e-16,0,12345
5.0,0.05,17,30,Repeated,1.0,,,,100,12345
5.0,0.05,17,30,S-HCP-within,1.0,,,,100,12345
5.0,0.05,17,30,Std-CP,0.93,6.314063376766724,6.06427661040888,2.0678671820037473,0,12345
5.0,0.05,17,30,Subsampling,1.0,,,,100,12345
5.0,0.05,17,35,Donor-HCP-no-within,0.95,16.253573251777578,15.760555797819944,7.073480643795512,0,12345
5.0,0.05,17,35,Donor-HCP-within,1.0,,,,100,12345
5.0,0.05,17,35,HCP,1.0,,,,100,12345
5.0,0.05,17,35,Pooling,0.9,40.029436265778244,40.029436265778244,7.141223187966347e-16,0,12345
5.0,0.05,17,35,Repeated,1.0,,,,100,12345
5.0,0.05,17,35,S-HCP-within,1.0,,,,100,12345
5.0,0.05,17,35,Std-CP,0.94,6.39220284704124,6.125473888882926,1.866110896102152,0,12345
5.0,0.05,17,35,Subsampling,1.0,,,,100,12345
5.0,0.05,18,0,Donor-HCP-no-within,1.0,,,,100,12345
5.0,0.05,18,0,Donor-HCP-within,1.0,,,,100,12345
5.0,0.05,18,0,HCP,1.0,,,,100,12345
5.0,0.05,18,0,Pooling,0.96,28.780830507140962,28.780830507140962,7.984130245395255e-16,0,12345
5.0,0.05,18,0,Repeated,1.0,,,,100,12345
5.0,0.05,18,0,S-HCP-within,1.0,,,,100,12345
5.0,0.05,18,0,Std-CP,1.0,,,,100,12345
5.0,0.05,18,0,Subsampling,1.0,,,,100,12345
5.0,0.05,18,5,Donor-HCP-no-within,1.0,,,,100,12345
5.0,0.05,18,5,Donor-HCP-within,1.0,,,,100,12345
5.0,0.05,18,5,HCP,1.0,,,,100,12345
5.0,0.05,18,5,Pooling,0.96,28.780830507140962,28.780830507140962,7.984130245395255e-16,0,12345
5.0,0.05,18,5,Repeated,1.0,,,,100,12345
5.0,0.05,18,5,S-HCP-within,0.92,21.183334300727523,20.937876646596713,3.0555619968668215,0,12345
5.0,0.05,18,5,Std-CP,0.71,6.556364113185273,5.595780585870779,4.485655757901058,0,12345
5.0,0.05,18,5,Subsampling,1.0,,,,100,12345
5.0,0.05,18,10,Donor-HCP-no-within,1.0,30.62925674289288,31.193324942422915,3.0943214118526328,0,12345
5.0,0.05,18,10,Donor-HCP-within,1.0,,,,100,12345
5.0,0.05,18,10,HCP,1.0,,,,100,12345
5.0,0.05,18,10,Pooling,0.96,28.780830507140962,28.780830507140962,7.984130245395255e-16,0,12345
5.0,0.05,18,10,Repeated,1.0,,,,100,12345
5.0,0.05,18,10,S-HCP-within,0.95,21.186045941261096,20.82009906504225,3.0993173526185376,0,12345
5.0,0.05,18,10,Std-CP,0.79,87.7803230084463,12.66141809089499,444.48342678219495,0,12345
5.0,0.05,18,10,Subsampling,1.0,,,,100,12345
5.0,0.05,18,15,Donor-HCP-no-within,0.97,28.012171967354476,29.267028973762343,3.4328583895491174,0,12345
5.0,0.05,18,15,Donor-HCP-within,0.97,18.51852085623056,18.59654752430309,2.193033101304174,0,12345
5.0,0.05,18,15,HCP,1.0,,,,100,12345
5.0,0.05,18,15,Pooling,0.96,28.780830507140962,28.780830507140962,7.984130245395255e-16,0,12345
5.0,0.05,18,15,Repeated,1.0,,,,100,12345
5.0,0.05,18,15,S-HCP-within,0.92,21.392400929847884,20.82009906504225,2.9617612335931778,0,12345
5.0,0.05,18,15,Std-CP,0.85,9.12997176678168,7.639720375905263,6.4790390473635995,0,12345
5.0,0.05,18,15,Subsampling,1.0,,,,100,12345
5.0,0.05,18,20,Donor-HCP-no-within,0.97,27.277534371918886,28.414491426874008,3.1353779440320038,0,12345
5.0,0.05,18,20,Donor-HCP-within,0.96,14.643351482065183,14.857103321939277,1.4567109052248912,0,12345
5.0,0.05,18,20,HCP,1.0,,,,100,12345
5.0,0.05,18,20,Pooling,0.96,28.780830507140962,28.780830507140962,7.984130245395255e-16,0,12345
5.0,0.05,18,20,Repeated,1.0,,,,100,12345
5.0,0.05,18,20,S-HCP-within,0.92,21.064313168547205,20.27367889911772,2.785102531064485,0,12345
5.0,0.05,18,20,Std-CP,0.91,7.018977516851112,6.331550263498295,2.8935835864620545,0,12345
5.0,0.05,18,20,Subsampling,1.0,,,,100,12345
5.0,0.05,18,25,Donor-HCP-no-within,0.97,15.745759348212575,15.563254906325476,7.447897175397799,0,12345
5.0,0.05,18,25,Donor-HCP-within,1.0,,,,100,12345
5.0,0.05,18,25,HCP,1.0,,,,100,12345
5.0,0.05,18,25,Pooling,0.96,28.780830507140962,28.780830507140962,7.984130245395255e-16,0,12345
5.0,0.05,18,25,Repeated,1.0,,,,100,12345
5.0,0.05,18,25,S-HCP-within,1.0,,,,100,12345
5.0,0.05,18,25,Std-CP,0.93,7.408934012939523,6.985222045515222,2.9550729945077214,0,12345
5.0,0.05,18,25,Subsampling,1.0,,,,100,12345
5.0,0.05,18,30,Donor-HCP-no-within,0.97,15.934870823036661,15.570842497998486,7.402010749040973,0,12345
5.0,0.05,18,30,Donor-HCP-within,1.0,,,,100,12345
5.0,0.05,18,30,HCP,1.0,,,,100,12345
5.0,0.05,18,30,Pooling,0.96,28.780830507140962,28.780830507140962,7.984130245395255e-16,0,12345
5.0,0.05,18,30,Repeated,1.0,,,,100,12345
5.0,0.05,18,30,S-HCP-within,1.0,,,,100,12345
5.0,0.05,18,30,Std-CP,0.96,6.716017528101954,6.8118456728468315,2.2548414298100705,0,12345
5.0,0.05,18,30,Subsampling,1.0,,,,100,12345
5.0,0.05,18,35,Donor-HCP-no-within,0.97,16.092832464570012,15.97179865998164,7.454436275087096,0,12345
5.0,0.05,18,35,Donor-HCP-within,1.0,,,,100,12345
5.0,0.05,18,35,HCP,1.0,,,,100,12345
5.0,0.05,18,35,Pooling,0.96,28.780830507140962,28.780830507140962,7.984130245395255e-16,0,12345
5.0,0.05,18,35,Repeated,1.0,,,,100,12345
5.0,0.05,18,35,S-HCP-within,1.0,,,,100,12345
5.0,0.05,18,35,Std-CP,0.94,6.7184322780443395,6.852473972074946,1.9278245901804711,0,12345
5.0,0.05,18,35,Subsampling,1.0,,,,100,12345
5.0,0.05,19,0,Donor-HCP-no-within,1.0,,,,100,12345
5.0,0.05,19,0,Donor-HCP-within,1.0,,,,100,12345
5.0,0.05,19,0,HCP,1.0,,,,100,12345
5.0,0.05,19,0,Pooling,0.77,21.212478729657803,21.212478729657807,2.8115023806061374e-15,0,12345
5.0,0.05,19,0,Repeated,1.0,,,,100,12345
5.0,0.05,19,0,S-HCP-within,1.0,,,,100,12345
5.0,0.05,19,0,Std-CP,1.0,,,,100,12345
5.0,0.05,19,0,Subsampling,1.0,,,,100,12345
5.0,0.05,19,5,Donor-HCP-no-within,1.0,,,,100,12345
5.0,0.05,19,5,Donor-HCP-within,1.0,,,,100,12345
5.0,0.05,19,5,HCP,1.0,,,,100,12345
5.0,0.05,19,5,Pooling,0.77,21.212478729657803,21.212478729657807,2.8115023806061374e-15,0,12345
5.0,0.05,19,5,Repeated,1.0,,,,100,12345
5.0,0.05,19,5,S-HCP-within,0.88,23.17803404882714,21.85480650146374,4.117030321111045,0,12345
5.0,0.05,19,5,Std-CP,0.79,6.071637895895584,5.643412988921273,3.447170273336101,0,12345
5.0,0.05,19,5,Subsampling,1.0,,,,100,12345
5.0,0.05,19,10,Donor-HCP-no-within,0.99,29.130156396500915,28.010723505598627,6.289876092531819,0,12345
5.0,0.05,19,10,Donor-HCP-within,1.0,,,,100,12345
5.0,0.05,19,10,HCP,1.0,,,,100,12345
5.0,0.05,19,10,Pooling,0.77,21.212478729657803,21.212478729657807,2.8115023806061374e-15,0,12345
5.0,0.05,19,10,Repeated,1.0,,,,100,12345
5.0,0.05,19,10,S-HCP-within,0.87,22.94662748975158,21.74801128140764,3.754152203193312,0,12345
5.0,0.05,19,10,Std-CP,0.82,68.76724355795483,12.026214089799351,290.21073302636086,0,12345
5.0,0.05,19,10,Subsampling,1.0,,,,100,12345
5.0,0.05,19,15,Donor-HCP-no-within,0.93,26.167903834358455,24.68935714066843,5.610127335491954,0,12345
5.0,0.05,19,15,Donor-HCP-within,0.99,18.350553542602107,17.681556027329748,3.195770591231008,0,12345
5.0,0.05,19,15,HCP,1.0,,,,100,12345
5.0,0.05,19,15,Pooling,0.77,21.212478729657803,21.212478729657807,2.8115023806061374e-15,0,12345
5.0,0.05,19,15,Repeated,1.0,,,,100,12345
5.0,0.05,19,15,S-HCP-within,0.85,23.084670185961592,21.577211560805882,4.049850986664423,0,12345
5.0,0.05,19,15,Std-CP,0.8,8.575136207212193,7.278674082467862,5.625368784843112,0,12345
5.0,0.05,19,15,Subsampling,1.0,,,,100,12345
5.0,0.05,19,20,Donor-HCP-no-within,0.85,24.696933077354355,23.056023406546487,5.463160128153544,0,12345
5.0,0.05,19,20,Donor-HCP-within,0.87,13.527311852089904,12.98101191497014,2.605112614767349,0,12345
5.0,0.05,19,20,HCP,1.0,,,,100,12345
5.0,0.05,19,20,Pooling,0.77,21.212478729657803,21.212478729657807,2.8115023806061374e-15,0,12345
5.0,0.05,19,20,Repeated,1.0,,,,100,12345
5.0,0.05,19,20,S-HCP-within,0.85,22.45826327531766,21.385299687760934,3.680518025560052,0,12345
5.0,0.05,19,20,Std-CP,0.89,6.466264439188623,6.067412048604716,2.459423124515222,0,12345
5.0,0.05,19,20,Subsampling,1.0,,,,100,12345
5.0,0.05,19,25,Donor-HCP-no-within,0.93,18.39308236971,17.14340505265438,7.668909300967976,0,12345
5.0,0.05,19,25,Donor-HCP-within,1.0,,,,100,12345
5.0,0.05,19,25,HCP,1.0,,,,100,12345
5.0,0.05,19,25,Pooling,0.77,21.212478729657803,21.212478729657807,2.8115023806061374e-15,0,12345
5.0,0.05,19,25,Repeated,1.0,,,,100,12345
5.0,0.05,19,25,S-HCP-within,1.0,,,,100,12345
5.0,0.05,19,25,Std-CP,0.88,6.425476440290725,6.036765611510575,2.187257373260903,0,12345
5.0,0.05,19,25,Subsampling,1.0,,,,100,12345
5.0,0.05,19,30,Donor-HCP-no-within,0.93,18.713567660692412,17.49458114191768,7.561641493254111,0,12345
5.0,0.05,19,30,Donor-HCP-within,1.0,,,,100,12345
5.0,0.05,19,30,HCP,1.0,,,,100,12345
5.0,0.05,19,30,Pooling,0.77,21.212478729657803,21.212478729657807,2.8115023806061374e-15,0,12345
5.0,0.05,19,30,Repeated,1.0,,,,100,12345
5.0,0.05,19,30,S-HCP-within,1.0,,,,100,12345
5.0,0.05,19,30,Std-CP,0.94,6.297174745479214,6.24811949888566,1.8726898728880397,0,12345
5.0,0.05,19,30,Subsampling,1.0,,,,100,12345
5.0,0.05,19,35,Donor-HCP-no-within,0.94,18.86515214578104,17.49458114191768,7.451439071391872,0,12345
5.0,0.05,19,35,Donor-HCP-within,1.0,,,,100,12345
5.0,0.05,19,35,HCP,1.0,,,,100,12345
5.0,0.05,19,35,Pooling,0.77,21.212478729657803,21.212478729657807,2.8115023806061374e-15,0,12345
5.0,0.05,19,35,Repeated,1.0,,,,100,12345
5.0,0.05,19,35,S-HCP-within,1.0,,,,100,12345
5.0,0.05,19,35,Std-CP,0.92,6.507489510481308,6.212512739179973,1.9986335526891539,0,12345
5.0,0.05,19,35,Subsampling,1.0,,,,100,12345
5.0,0.05,20,0,Donor-HCP-no-within,1.0,,,,100,12345
5.0,0.05,20,0,Donor-HCP-within,1.0,,,,100,12345
5.0,0.05,20,0,HCP,1.0,,,,100,12345
5.0,0.05,20,0,Pooling,0.83,18.985231641497833,18.985231641497833,0.0,0,12345
5.0,0.05,20,0,Repeated,1.0,,,,100,12345
5.0,0.05,20,0,S-HCP-within,1.0,,,,100,12345
5.0,0.05,20,0,Std-CP,1.0,,,,100,12345
5.0,0.05,20,0,Subsampling,1.0,,,,100,12345
5.0,0.05,20,5,Donor-HCP-no-within,1.0,,,,100,12345
5.0,0.05,20,5,Donor-HCP-within,1.0,,,,100,12345
5.0,0.05,20,5,HCP,1.0,,,,100,12345
5.0,0.05,20,5,Pooling,0.83,18.985231641497833,18.985231641497833,0.0,0,12345
5.0,0.05,20,5,Repeated,1.0,,,,100,12345
5.0,0.05,20,5,S-HCP-within,0.91,21.71034481437822,21.254379737649415,2.3894438577418784,0,12345
5.0,0.05,20,5,Std-CP,0.76,5.761103654746483,5.06428056268067,4.04010598286691,0,12345
5.0,0.05,20,5,Subsampling,1.0,,,,100,12345
5.0,0.05,20,10,Donor-HCP-no-within,0.99,28.13521913866466,26.717735053221116,5.104929532718632,0,12345
5.0,0.05,20,10,Donor-HCP-within,1.0,,,,100,12345
5.0,0.05,20,10,HCP,1.0,,,,100,12345
5.0,0.05,20,10,Pooling,0.83,18.985231641497833,18.985231641497833,0.0,0,12345
5.0,0.05,20,10,Repeated,1.0,,,,100,12345
5.0,0.05,20,10,S-HCP-within,0.9,21.493975804734454,21.254379737649415,2.01532159065712,0,12345
5.0,0.05,20,10,Std-CP,0.77,38.84233845900046,11.45065443978189,129.08775070109093,0,12345
5.0,0.05,20,10,Subsampling,1.0,,,,100,12345
5.0,0.05,20,15,Donor-HCP-no-within,0.97,25.013570110005148,23.664811441129494,4.040691185861856,0,12345
5.0,0.05,20,15,Donor-HCP-within,0.98,17.348240151892774,16.269283135999878,2.73445753537418,0,12345
5.0,0.05,20,15,HCP,1.0,,,,100,12345
5.0,0.05,20,15,Pooling,0.83,18.985231641497833,18.985231641497833,0.0,0,12345
5.0,0.05,20,15,Repeated,1.0,,,,100,12345
5.0,0.05,20,15,S-HCP-within,0.92,21.876746305675695,21.254379737649415,2.3588535206310466,0,12345
5.0,0.05,20,15,Std-CP,0.87,8.770903739835992,7.943961073108962,4.512035197098484,0,12345
5.0,0.05,20,15,Subsampling,1.0,,,,100,12345
5.0,0.05,20,20,Donor-HCP-no-within,0.96,23.014310953795498,21.5957487430316,3.6823680938460623,0,12345
5.0,0.05,20,20,Donor-HCP-within,0.96,13.494466934817465,12.700054388895694,2.1904093980902153,0,12345
5.0,0.05,20,20,HCP,1.0,,,,100,12345
5.0,0.05,20,20,Pooling,0.83,18.985231641497833,18.985231641497833,0.0,0,12345
5.0,0.05,20,20,Repeated,1.0,,,,100,12345
5.0,0.05,20,20,S-HCP-within,0.91,21.26839577705287,20.68811347022011,2.015883296066536,0,12345
5.0,0.05,20,20,Std-CP,0.87,6.259807206398423,5.83851501653746,2.1278279381829486,0,12345
5.0,0.05,20,20,Subsampling,1.0,,,,100,12345
5.0,0.05,20,25,Donor-HCP-no-within,0.97,14.863599843946526,13.299877297919846,7.772513773604222,0,12345
5.0,0.05,20,25,Donor-HCP-within,1.0,,,,100,12345
5.0,0.05,20,25,HCP,1.0,,,,100,12345
5.0,0.05,20,25,Pooling,0.83,18.985231641497833,18.985231641497833,0.0,0,12345
5.0,0.05,20,25,Repeated,1.0,,,,100,12345
5.0,0.05,20,25,S-HCP-within,1.0,,,,100,12345
5.0,0.05,20,25,Std-CP,0.87,6.723305424139196,6.705053092339884,2.0394387935012435,0,12345
5.0,0.05,20,25,Subsampling,1.0,,,,100,12345
5.0,0.05,20,30,Donor-HCP-no-within,0.97,14.981884046642955,13.299877297919846,7.792229015920598,0,12345
5.0,0.05,20,30,Donor-HCP-within,1.0,,,,100,12345
5.0,0.05,20,30,HCP,1.0,,,,100,12345
5.0,0.05,20,30,Pooling,0.83,18.985231641497833,18.985231641497833,0.0,0,12345
5.0,0.05,20,30,Repeated,1.0,,,,100,12345
5.0,0.05,20,30,S-HCP-within,1.0,,,,100,12345
5.0,0.05,20,30,Std-CP,0.93,6.64092277388424,6.568763822482511,2.2408602963195348,0,12345
5.0,0.05,20,30,Subsampling,1.0,,,,100,12345
5.0,0.05,20,35,Donor-HCP-no-within,0.97,15.158199898875832,13.562039930048975,7.773128925916375,0,12345
5.0,0.05,20,35,Donor-HCP-within,1.0,,,,100,12345
5.0,0.05,20,35,HCP,1.0,,,,100,12345
5.0,0.05,20,35,Pooling,0.83,18.985231641497833,18.985231641497833,0.0,0,12345
5.0,0.05,20,35,Repeated,1.0,,,,100,12345
5.0,0.05,20,35,S-HCP-within,1.0,,,,100,12345
5.0,0.05,20,35,Std-CP,0.94,6.557419162680446,6.144605534280773,2.05785335413854,0,12345
5.0,0.05,20,35,Subsampling,1.0,,,,100,12345
5.0,0.05,21,0,Donor-HCP-no-within,1.0,,,,100,12345
5.0,0.05,21,0,Donor-HCP-within,1.0,,,,100,12345
5.0,0.05,21,0,HCP,1.0,,,,100,12345
5.0,0.05,21,0,Pooling,0.86,20.990798970377362,20.990798970377366,2.76578384785439e-15,0,12345
5.0,0.05,21,0,Repeated,1.0,,,,100,12345
5.0,0.05,21,0,S-HCP-within,1.0,,,,100,12345
5.0,0.05,21,0,Std-CP,1.0,,,,100,12345
5.0,0.05,21,0,Subsampling,1.0,,,,100,12345
5.0,0.05,21,5,Donor-HCP-no-within,1.0,,,,100,12345
5.0,0.05,21,5,Donor-HCP-within,1.0,,,,100,12345
5.0,0.05,21,5,HCP,1.0,,,,100,12345
5.0,0.05,21,5,Pooling,0.86,20.990798970377362,20.990798970377366,2.76578384785439e-15,0,12345
5.0,0.05,21,5,Repeated,1.0,,,,100,12345
5.0,0.05,21,5,S-HCP-within,0.97,38.083758828731746,38.03674263429304,0.8670421243351872,0,12345
5.0,0.05,21,5,Std-CP,0.8,5.775150536901662,5.3495067281172375,3.2969932427651916,0,12345
5.0,0.05,21,5,Subsampling,1.0,,,,100,12345
5.0,0.05,21,10,Donor-HCP-no-within,0.99,28.903970810268596,29.24166043060145,1.3077990403759028,0,12345
5.0,0.05,21,10,Donor-HCP-within,1.0,,,,100,12345
5.0,0.05,21,10,HCP,1.0,,,,100,12345
5.0,0.05,21,10,Pooling,0.86,20.990798970377362,20.990798970377366,2.76578384785439e-15,0,12345
5.0,0.05,21,10,Repeated,1.0,,,,100,12345
5.0,0.05,21,10,S-HCP-within,0.98,37.930702523504976,37.94906566626553,0.6199852268966647,0,12345
5.0,0.05,21,10,Std-CP,0.75,152.87653491077594,13.966862940386292,1195.5363447840762,0,12345
5.0,0.05,21,10,Subsampling,1.0,,,,100,12345
5.0,0.05,21,15,Donor-HCP-no-within,0.98,24.949924001597942,25.32210596261474,1.7688241020541104,0,12345
5.0,0.05,21,15,Donor-HCP-within,0.97,17.407996170921436,17.53280228321256,1.3024130340583786,0,12345
5.0,0.05,21,15,HCP,1.0,,,,100,12345
5.0,0.05,21,15,Pooling,0.86,20.990798970377362,20.990798970377366,2.76578384785439e-15,0,12345
5.0,0.05,21,15,Repeated,1.0,,,,100,12345
5.0,0.05,21,15,S-HCP-within,0.98,37.99904818394265,37.94906566626553,0.47415081044400464,0,12345
5.0,0.05,21,15,Std-CP,0.89,8.292589643929567,6.998668007188522,5.934810754538535,0,12345
5.0,0.05,21,15,Subsampling,1.0,,,,100,12345
5.0,0.05,21,20,Donor-HCP-no-within,0.94,24.075904751092608,24.759435797111493,1.7967992991685575,0,12345
5.0,0.05,21,20,Donor-HCP-within,0.95,13.482344472701481,13.608076700828041,1.1882059976212493,0,12345
5.0,0.05,21,20,HCP,1.0,,,,100,12345
5.0,0.05,21,20,Pooling,0.86,20.990798970377362,20.990798970377366,2.76578384785439e-15,0,12345
5.0,0.05,21,20,Repeated,1.0,,,,100,12345
5.0,0.05,21,20,S-HCP-within,0.98,37.5971475300732,37.72653467249677,0.4438616426451426,0,12345
5.0,0.05,21,20,Std-CP,0.97,6.964749105931734,6.510902781206044,3.07999397117651,0,12345
5.0,0.05,21,20,Subsampling,1.0,,,,100,12345
5.0,0.05,21,25,Donor-HCP-no-within,0.93,17.957032235002533,16.542394846167156,8.545826731217398,0,12345
5.0,0.05,21,25,Donor-HCP-within,1.0,,,,100,12345
5.0,0.05,21,25,HCP,1.0,,,,100,12345
5.0,0.05,21,25,Pooling,0.86,20.990798970377362,20.990798970377366,2.76578384785439e-15,0,12345
5.0,0.05,21,25,Repeated,1.0,,,,100,12345
5.0,0.05,21,25,S-HCP-within,1.0,,,,100,12345
5.0,0.05,21,25,Std-CP,0.94,6.7065936834233035,6.6376179417994425,2.012781930723444,0,12345
5.0,0.05,21,25,Subsampling,1.0,,,,100,12345
5.0,0.05,21,30,Donor-HCP-no-within,0.94,18.201890832308337,16.542394846167156,8.53370135156462,0,12345
5.0,0.05,21,30,Donor-HCP-within,1.0,,,,100,12345
5.0,0.05,21,30,HCP,1.0,,,,100,12345
5.0,0.05,21,30,Pooling,0.86,20.990798970377362,20.990798970377366,2.76578384785439e-15,0,12345
5.0,0.05,21,30,Repeated,1.0,,,,100,12345
5.0,0.05,21,30,S-HCP-within,1.0,,,,100,12345
5.0,0.05,21,30,Std-CP,0.97,6.176689566102215,6.0026204298624855,1.9937236567390457,0,12345
5.0,0.05,21,30,Subsampling,1.0,,,,100,12345
5.0,0.05,21,35,Donor-HCP-no-within,0.94,18.373499110425968,16.931012420242098,8.512822509163438,0,12345
5.0,0.05,21,35,Donor-HCP-within,1.0,,,,100,12345
5.0,0.05,21,35,HCP,1.0,,,,100,12345
5.0,0.05,21,35,Pooling,0.86,20.990798970377362,20.990798970377366,2.76578384785439e-15,0,12345
5.0,0.05,21,35,Repeated,1.0,,,,100,12345
5.0,0.05,21,35,S-HCP-within,1.0,,,,100,12345
5.0,0.05,21,35,Std-CP,0.94,6.537353117482893,6.34376257598532,1.8163135365091823,0,12345
5.0,0.05,21,35,Subsampling,1.0,,,,100,12345
5.0,0.05,22,0,Donor-HCP-no-within,1.0,,,,100,12345
5.0,0.05,22,0,Donor-HCP-within,1.0,,,,100,12345
5.0,0.05,22,0,HCP,1.0,,,,100,12345
5.0,0.05,22,0,Pooling,0.91,28.96639900883064,28.966399008830642,1.1842378929335002e-15,0,12345
5.0,0.05,22,0,Repeated,1.0,,,,100,12345
5.0,0.05,22,0,S-HCP-within,1.0,,,,100,12345
5.0,0.05,22,0,Std-CP,1.0,,,,100,12345
5.0,0.05,22,0,Subsampling,1.0,,,,100,12345
5.0,0.05,22,5,Donor-HCP-no-within,1.0,,,,100,12345
5.0,0.05,22,5,Donor-HCP-within,1.0,,,,100,12345
5.0,0.05,22,5,HCP,1.0,,,,100,12345
5.0,0.05,22,5,Pooling,0.91,28.96639900883064,28.966399008830642,1.1842378929335002e-15,0,12345
5.0,0.05,22,5,Repeated,1.0,,,,100,12345
5.0,0.05,22,5,S-HCP-within,0.95,37.76338368961677,37.42095835258166,4.425158869195288,0,12345
5.0,0.05,22,5,Std-CP,0.79,6.613947459091073,4.96759946078471,5.1050084247619205,0,12345
5.0,0.05,22,5,Subsampling,1.0,,,,100,12345
5.0,0.05,22,10,Donor-HCP-no-within,1.0,38.92766533819581,38.647127086644915,3.4105246818435644,0,12345
5.0,0.05,22,10,Donor-HCP-within,1.0,,,,100,12345
5.0,0.05,22,10,HCP,1.0,,,,100,12345
5.0,0.05,22,10,Pooling,0.91,28.96639900883064,28.966399008830642,1.1842378929335002e-15,0,12345
5.0,0.05,22,10,Repeated,1.0,,,,100,12345
5.0,0.05,22,10,S-HCP-within,0.97,37.31352452468052,36.826741090216615,4.49746879744022,0,12345
5.0,0.05,22,10,Std-CP,0.84,33.322157694341264,11.819552619014562,71.7833508895291,0,12345
5.0,0.05,22,10,Subsampling,1.0,,,,100,12345
5.0,0.05,22,15,Donor-HCP-no-within,1.0,30.292406680090366,29.89881415653297,2.2127146656740804,0,12345
5.0,0.05,22,15,Donor-HCP-within,1.0,20.539610025266747,19.867301395218433,1.9425098968767873,0,12345
5.0,0.05,22,15,HCP,1.0,,,,100,12345
5.0,0.05,22,15,Pooling,0.91,28.96639900883064,28.966399008830642,1.1842378929335002e-15,0,12345
5.0,0.05,22,15,Repeated,1.0,,,,100,12345
5.0,0.05,22,15,S-HCP-within,0.98,37.59513379771097,36.826741090216615,4.476779339975823,0,12345
5.0,0.05,22,15,Std-CP,0.82,8.404089734346588,7.537800634502996,4.010870366451554,0,12345
5.0,0.05,22,15,Subsampling,1.0,,,,100,12345
5.0,0.05,22,20,Donor-HCP-no-within,0.96,28.816233069959804,28.551061297529856,2.2298805073903103,0,12345
5.0,0.05,22,20,Donor-HCP-within,0.96,15.172116184318936,15.19729477647143,0.6805561754417094,0,12345
5.0,0.05,22,20,HCP,1.0,,,,100,12345
5.0,0.05,22,20,Pooling,0.91,28.96639900883064,28.966399008830642,1.1842378929335002e-15,0,12345
5.0,0.05,22,20,Repeated,1.0,,,,100,12345
5.0,0.05,22,20,S-HCP-within,0.97,36.54114994088624,35.59092463505161,4.566996484327402,0,12345
5.0,0.05,22,20,Std-CP,0.91,7.160280920314795,6.714108894051224,2.884365963343667,0,12345
5.0,0.05,22,20,Subsampling,1.0,,,,100,12345
5.0,0.05,22,25,Donor-HCP-no-within,0.96,16.67223107013269,15.20880272302232,7.88505332498028,0,12345
5.0,0.05,22,25,Donor-HCP-within,1.0,,,,100,12345
5.0,0.05,22,25,HCP,1.0,,,,100,12345
5.0,0.05,22,25,Pooling,0.91,28.96639900883064,28.966399008830642,1.1842378929335002e-15,0,12345
5.0,0.05,22,25,Repeated,1.0,,,,100,12345
5.0,0.05,22,25,S-HCP-within,1.0,,,,100,12345
5.0,0.05,22,25,Std-CP,0.92,6.880164012142988,6.608054205860398,2.4152558492264244,0,12345
5.0,0.05,22,25,Subsampling,1.0,,,,100,12345
5.0,0.05,22,30,Donor-HCP-no-within,0.97,16.91851479958583,15.290565126323234,7.825649199025139,0,12345
5.0,0.05,22,30,Donor-HCP-within,1.0,,,,100,12345
5.0,0.05,22,30,HCP,1.0,,,,100,12345
5.0,0.05,22,30,Pooling,0.91,28.96639900883064,28.966399008830642,1.1842378929335002e-15,0,12345
5.0,0.05,22,30,Repeated,1.0,,,,100,12345
5.0,0.05,22,30,S-HCP-within,1.0,,,,100,12345
5.0,0.05,22,30,Std-CP,0.94,6.833119209861892,6.7131352459616895,2.0979532604791724,0,12345
5.0,0.05,22,30,Subsampling,1.0,,,,100,12345
5.0,0.05,22,35,Donor-HCP-no-within,0.98,17.112090680146736,15.92042772513873,7.8086336995618755,0,12345
5.0,0.05,22,35,Donor-HCP-within,1.0,,,,100,12345
5.0,0.05,22,35,HCP,1.0,,,,100,12345
5.0,0.05,22,35,Pooling,0.91,28.96639900883064,28.966399008830642,1.1842378929335002e-15,0,12345
5.0,0.05,22,35,Repeated,1.0,,,,100,12345
5.0,0.05,22,35,S-HCP-within,1.0,,,,100,12345
5.0,0.05,22,35,Std-CP,0.94,6.515649631879642,6.408311851478198,1.7596787502004143,0,12345
5.0,0.05,22,35,Subsampling,1.0,,,,100,12345
5.0,0.05,23,0,Donor-HCP-no-within,1.0,,,,100,12345
5.0,0.05,23,0,Donor-HCP-within,1.0,,,,100,12345
5.0,0.05,23,0,HCP,1.0,,,,100,12345
5.0,0.05,23,0,Pooling,0.94,20.247728894192974,20.247728894192974,9.44695030608341e-16,0,12345
5.0,0.05,23,0,Repeated,1.0,,,,100,12345
5.0,0.05,23,0,S-HCP-within,1.0,,,,100,12345
5.0,0.05,23,0,Std-CP,1.0,,,,100,12345
5.0,0.05,23,0,Subsampling,1.0,,,,100,12345
5.0,0.05,23,5,Donor-HCP-no-within,1.0,,,,100,12345
5.0,0.05,23,5,Donor-HCP-within,1.0,,,,100,12345
5.0,0.05,23,5,HCP,1.0,,,,100,12345
5.0,0.05,23,5,Pooling,0.94,20.247728894192974,20.247728894192974,9.44695030608341e-16,0,12345
5.0,0.05,23,5,Repeated,1.0,,,,100,12345
5.0,0.05,23,5,S-HCP-within,0.88,18.207807736521964,17.36275430538756,4.4121597228559155,0,12345
5.0,0.05,23,5,Std-CP,0.79,5.5835253661295665,4.599770232310936,4.098249702018037,0,12345
5.0,0.05,23,5,Subsampling,1.0,,,,100,12345
5.0,0.05,23,10,Donor-HCP-no-within,1.0,29.62581808956086,29.85825934640356,3.274975219729614,0,12345
5.0,0.05,23,10,Donor-HCP-within,1.0,,,,100,12345
5.0,0.05,23,10,HCP,1.0,,,,100,12345
5.0,0.05,23,10,Pooling,0.94,20.247728894192974,20.247728894192974,9.44695030608341e-16,0,12345
5.0,0.05,23,10,Repeated,1.0,,,,100,12345
5.0,0.05,23,10,S-HCP-within,0.88,18.176112550123126,17.253111089890673,4.279130869082762,0,12345
5.0,0.05,23,10,Std-CP,0.81,41.76892172535576,12.076009820146277,142.61070198044735,0,12345
5.0,0.05,23,10,Subsampling,1.0,,,,100,12345
5.0,0.05,23,15,Donor-HCP-no-within,0.98,22.93392258926415,23.039161610813657,3.6225557431349626,0,12345
5.0,0.05,23,15,Donor-HCP-within,1.0,18.098014622631123,18.145752373250893,1.7234763609356316,0,12345
5.0,0.05,23,15,HCP,1.0,,,,100,12345
5.0,0.05,23,15,Pooling,0.94,20.247728894192974,20.247728894192974,9.44695030608341e-16,0,12345
5.0,0.05,23,15,Repeated,1.0,,,,100,12345
5.0,0.05,23,15,S-HCP-within,0.88,18.538347886018823,17.253111089890673,4.449664701262805,0,12345
5.0,0.05,23,15,Std-CP,0.9,9.306107103080612,7.311285030486355,6.395795194228338,0,12345
5.0,0.05,23,15,Subsampling,1.0,,,,100,12345
5.0,0.05,23,20,Donor-HCP-no-within,0.98,20.811106474794236,20.35619554944728,3.256093623548778,0,12345
5.0,0.05,23,20,Donor-HCP-within,0.97,12.490992643731865,12.127447279144974,1.287572375526987,0,12345
5.0,0.05,23,20,HCP,1.0,,,,100,12345
5.0,0.05,23,20,Pooling,0.94,20.247728894192974,20.247728894192974,9.44695030608341e-16,0,12345
5.0,0.05,23,20,Repeated,1.0,,,,100,12345
5.0,0.05,23,20,S-HCP-within,0.87,17.824067052500858,16.401810255240527,4.266328726523519,0,12345
5.0,0.05,23,20,Std-CP,0.95,6.744794358201998,6.162203794126965,2.788768847040229,0,12345
5.0,0.05,23,20,Subsampling,1.0,,,,100,12345
5.0,0.05,23,25,Donor-HCP-no-within,0.97,15.245457622252712,13.585011807624976,7.525559453704805,0,12345
5.0,0.05,23,25,Donor-HCP-within,1.0,,,,100,12345
5.0,0.05,23,25,HCP,1.0,,,,100,12345
5.0,0.05,23,25,Pooling,0.94,20.247728894192974,20.247728894192974,9.44695030608341e-16,0,12345
5.0,0.05,23,25,Repeated,1.0,,,,100,12345
5.0,0.05,23,25,S-HCP-within,1.0,,,,100,12345
5.0,0.05,23,25,Std-CP,0.92,6.512825463771824,6.373920724443723,2.473012841556009,0,12345
5.0,0.05,23,25,Subsampling,1.0,,,,100,12345
5.0,0.05,23,30,Donor-HCP-no-within,0.98,15.53418624777106,15.155614481511694,7.49216553211537,0,12345
5.0,0.05,23,30,Donor-HCP-within,1.0,,,,100,12345
5.0,0.05,23,30,HCP,1.0,,,,100,12345
5.0,0.05,23,30,Pooling,0.94,20.247728894192974,20.247728894192974,9.44695030608341e-16,0,12345
5.0,0.05,23,30,Repeated,1.0,,,,100,12345
5.0,0.05,23,30,S-HCP-within,1.0,,,,100,12345
5.0,0.05,23,30,Std-CP,0.95,6.286772837179842,6.02424793059094,1.9451189146344416,0,12345
5.0,0.05,23,30,Subsampling,1.0,,,,100,12345
5.0,0.05,23,35,Donor-HCP-no-within,0.98,15.619236303873027,15.155614481511694,7.511376445207001,0,12345
5.0,0.05,23,35,Donor-HCP-within,1.0,,,,100,12345
5.0,0.05,23,35,HCP,1.0,,,,100,12345
5.0,0.05,23,35,Pooling,0.94,20.247728894192974,20.247728894192974,9.44695030608341e-16,0,12345
5.0,0.05,23,35,Repeated,1.0,,,,100,12345
5.0,0.05,23,35,S-HCP-within,1.0,,,,100,12345
5.0,0.05,23,35,Std-CP,0.96,6.505343237853395,6.30901350709152,2.0549564138562033,0,12345
5.0,0.05,23,35,Subsampling,1.0,,,,100,12345
5.0,0.05,24,0,Donor-HCP-no-within,1.0,,,,100,12345
5.0,0.05,24,0,Donor-HCP-within,1.0,,,,100,12345
5.0,0.05,24,0,HCP,1.0,,,,100,12345
5.0,0.05,24,0,Pooling,0.66,17.428616504283518,17.428616504283518,1.1291265276791196e-15,0,12345
5.0,0.05,24,0,Repeated,1.0,,,,100,12345
5.0,0.05,24,0,S-HCP-within,1.0,,,,100,12345
5.0,0.05,24,0,Std-CP,1.0,,,,100,12345
5.0,0.05,24,0,Subsampling,1.0,,,,100,12345
5.0,0.05,24,5,Donor-HCP-no-within,1.0,,,,100,12345
5.0,0.05,24,5,Donor-HCP-within,1.0,,,,100,12345
5.0,0.05,24,5,HCP,1.0,,,,100,12345
5.0,0.05,24,5,Pooling,0.66,17.428616504283518,17.428616504283518,1.1291265276791196e-15,0,12345
5.0,0.05,24,5,Repeated,1.0,,,,100,12345
5.0,0.05,24,5,S-HCP-within,0.94,23.02841652910329,22.91562657852114,3.3860098671590833,0,12345
5.0,0.05,24,5,Std-CP,0.72,5.919284456601827,5.322837473880032,3.5717104499063987,0,12345
5.0,0.05,24,5,Subsampling,1.0,,,,100,12345
5.0,0.05,24,10,Donor-HCP-no-within,0.98,29.33868389168599,28.876573923343813,8.687251078786211,0,12345
5.0,0.05,24,10,Donor-HCP-within,1.0,,,,100,12345
5.0,0.05,24,10,HCP,1.0,,,,100,12345
5.0,0.05,24,10,Pooling,0.66,17.428616504283518,17.428616504283518,1.1291265276791196e-15,0,12345
5.0,0.05,24,10,Repeated,1.0,,,,100,12345
5.0,0.05,24,10,S-HCP-within,0.94,23.065084669403973,22.91562657852114,3.2237481452411987,0,12345
5.0,0.05,24,10,Std-CP,0.81,23.445456807856118,9.463364310093322,37.96525824811887,0,12345
5.0,0.05,24,10,Subsampling,1.0,,,,100,12345
5.0,0.05,24,15,Donor-HCP-no-within,0.88,26.41052937060359,25.926625860064767,7.774026464976052,0,12345
5.0,0.05,24,15,Donor-HCP-within,0.93,18.9611050996685,18.574184033628256,4.23419055795388,0,12345
5.0,0.05,24,15,HCP,1.0,,,,100,12345
5.0,0.05,24,15,Pooling,0.66,17.428616504283518,17.428616504283518,1.1291265276791196e-15,0,12345
5.0,0.05,24,15,Repeated,1.0,,,,100,12345
5.0,0.05,24,15,S-HCP-within,0.93,23.357810326855773,22.91562657852114,3.539232159439967,0,12345
5.0,0.05,24,15,Std-CP,0.88,9.27227842529199,7.407316680233581,7.875761159919564,0,12345
5.0,0.05,24,15,Subsampling,1.0,,,,100,12345
5.0,0.05,24,20,Donor-HCP-no-within,0.79,24.637161783912347,24.578276138299408,6.767324241456652,0,12345
5.0,0.05,24,20,Donor-HCP-within,0.85,14.040323733183738,14.321956805382285,3.051566234050905,0,12345
5.0,0.05,24,20,HCP,1.0,,,,100,12345
5.0,0.05,24,20,Pooling,0.66,17.428616504283518,17.428616504283518,1.1291265276791196e-15,0,12345
5.0,0.05,24,20,Repeated,1.0,,,,100,12345
5.0,0.05,24,20,S-HCP-within,0.93,22.507494858951148,22.183696736758833,3.241183052380704,0,12345
5.0,0.05,24,20,Std-CP,0.91,7.526088705404947,6.2948586166368905,3.748814709606788,0,12345
5.0,0.05,24,20,Subsampling,1.0,,,,100,12345
5.0,0.05,24,25,Donor-HCP-no-within,0.96,18.892955876588243,17.66603723794671,8.35624530630407,0,12345
5.0,0.05,24,25,Donor-HCP-within,1.0,,,,100,12345
5.0,0.05,24,25,HCP,1.0,,,,100,12345
5.0,0.05,24,25,Pooling,0.66,17.428616504283518,17.428616504283518,1.1291265276791196e-15,0,12345
5.0,0.05,24,25,Repeated,1.0,,,,100,12345
5.0,0.05,24,25,S-HCP-within,1.0,,,,100,12345
5.0,0.05,24,25,Std-CP,0.91,6.568243695324129,6.235552114398125,2.14831922199765,0,12345
5.0,0.05,24,25,Subsampling,1.0,,,,100,12345
5.0,0.05,24,30,Donor-HCP-no-within,0.96,19.12962320047568,17.896350497461654,8.263273627011209,0,12345
5.0,0.05,24,30,Donor-HCP-within,1.0,,,,100,12345
5.0,0.05,24,30,HCP,1.0,,,,100,12345
5.0,0.05,24,30,Pooling,0.66,17.428616504283518,17.428616504283518,1.1291265276791196e-15,0,12345
5.0,0.05,24,30,Repeated,1.0,,,,100,12345
5.0,0.05,24,30,S-HCP-within,1.0,,,,100,12345
5.0,0.05,24,30,Std-CP,0.93,6.231562851737541,5.851019185842393,2.051038546089851,0,12345
5.0,0.05,24,30,Subsampling,1.0,,,,100,12345
5.0,0.05,24,35,Donor-HCP-no-within,0.96,19.28381730361665,18.227778715710443,8.214589189687088,0,12345
5.0,0.05,24,35,Donor-HCP-within,1.0,,,,100,12345
5.0,0.05,24,35,HCP,1.0,,,,100,12345
5.0,0.05,24,35,Pooling,0.66,17.428616504283518,17.428616504283518,1.1291265276791196e-15,0,12345
5.0,0.05,24,35,Repeated,1.0,,,,100,12345
5.0,0.05,24,35,S-HCP-within,1.0,,,,100,12345
5.0,0.05,24,35,Std-CP,0.97,6.813787040625304,6.614561938519145,2.1430656241320154,0,12345
5.0,0.05,24,35,Subsampling,1.0,,,,100,12345
5.0,0.05,25,0,Donor-HCP-no-within,1.0,,,,100,12345
5.0,0.05,25,0,Donor-HCP-within,1.0,,,,100,12345
5.0,0.05,25,0,HCP,1.0,,,,100,12345
5.0,0.05,25,0,Pooling,0.99,44.56945218214187,44.56945218214187,0.0,0,12345
5.0,0.05,25,0,Repeated,1.0,,,,100,12345
5.0,0.05,25,0,S-HCP-within,1.0,,,,100,12345
5.0,0.05,25,0,Std-CP,1.0,,,,100,12345
5.0,0.05,25,0,Subsampling,1.0,,,,100,12345
5.0,0.05,25,5,Donor-HCP-no-within,1.0,,,,100,12345
5.0,0.05,25,5,Donor-HCP-within,1.0,,,,100,12345
5.0,0.05,25,5,HCP,1.0,,,,100,12345
5.0,0.05,25,5,Pooling,0.99,44.56945218214187,44.56945218214187,0.0,0,12345
5.0,0.05,25,5,Repeated,1.0,,,,100,12345
5.0,0.05,25,5,S-HCP-within,0.99,25.897816215272016,25.940345524271457,1.9008107096684608,0,12345
5.0,0.05,25,5,Std-CP,0.82,6.141493725675049,5.566143315571058,3.148307212015722,0,12345
5.0,0.05,25,5,Subsampling,1.0,,,,100,12345
5.0,0.05,25,10,Donor-HCP-no-within,0.98,46.14960020785231,34.21586685954932,20.528104385701635,0,12345
5.0,0.05,25,10,Donor-HCP-within,1.0,,,,100,12345
5.0,0.05,25,10,HCP,1.0,,,,100,12345
5.0,0.05,25,10,Pooling,0.99,44.56945218214187,44.56945218214187,0.0,0,12345
5.0,0.05,25,10,Repeated,1.0,,,,100,12345
5.0,0.05,25,10,S-HCP-within,0.99,25.732025349700656,25.681350588163042,1.6973463094884171,0,12345
5.0,0.05,25,10,Std-CP,0.87,53.247419450118386,11.973334701967556,185.17040125734346,0,12345
5.0,0.05,25,10,Subsampling,1.0,,,,100,12345
5.0,0.05,25,15,Donor-HCP-no-within,0.97,40.3343889666658,32.25540020836344,18.80712085059103,0,12345
5.0,0.05,25,15,Donor-HCP-within,0.99,26.525286303804673,20.166969513468572,11.742249233136432,0,12345
5.0,0.05,25,15,HCP,1.0,,,,100,12345
5.0,0.05,25,15,Pooling,0.99,44.56945218214187,44.56945218214187,0.0,0,12345
5.0,0.05,25,15,Repeated,1.0,,,,100,12345
5.0,0.05,25,15,S-HCP-within,0.99,26.20900540177704,25.940345524271457,1.5374301495986153,0,12345
5.0,0.05,25,15,Std-CP,0.88,10.047896678535183,7.561208914972482,9.124940595077081,0,12345
5.0,0.05,25,15,Subsampling,1.0,,,,100,12345
5.0,0.05,25,20,Donor-HCP-no-within,0.98,41.85386557523411,30.139771256918635,21.92482655074101,0,12345
5.0,0.05,25,20,Donor-HCP-within,0.96,20.785402722039816,14.657624352149437,10.391987409819288,0,12345
5.0,0.05,25,20,HCP,1.0,,,,100,12345
5.0,0.05,25,20,Pooling,0.99,44.56945218214187,44.56945218214187,0.0,0,12345
5.0,0.05,25,20,Repeated,1.0,,,,100,12345
5.0,0.05,25,20,S-HCP-within,0.99,25.546776077294734,25.64987875416636,1.617297055234037,0,12345
5.0,0.05,25,20,Std-CP,0.95,7.045703401345251,6.608681270564353,3.0923491395227676,0,12345
5.0,0.05,25,20,Subsampling,1.0,,,,100,12345
5.0,0.05,25,25,Donor-HCP-no-within,0.96,14.665927467938998,12.968245273674619,7.747562694738601,0,12345
5.0,0.05,25,25,Donor-HCP-within,1.0,,,,100,12345
5.0,0.05,25,25,HCP,1.0,,,,100,12345
5.0,0.05,25,25,Pooling,0.99,44.56945218214187,44.56945218214187,0.0,0,12345
5.0,0.05,25,25,Repeated,1.0,,,,100,12345
5.0,0.05,25,25,S-HCP-within,1.0,,,,100,12345
5.0,0.05,25,25,Std-CP,0.95,6.617593842294955,6.219520151055236,2.1701162942643824,0,12345
5.0,0.05,25,25,Subsampling,1.0,,,,100,12345
5.0,0.05,25,30,Donor-HCP-no-within,0.96,14.830733689377992,13.022780953242796,7.9109840525520205,0,12345
5.0,0.05,25,30,Donor-HCP-within,1.0,,,,100,12345
5.0,0.05,25,30,HCP,1.0,,,,100,12345
5.0,0.05,25,30,Pooling,0.99,44.56945218214187,44.56945218214187,0.0,0,12345
5.0,0.05,25,30,Repeated,1.0,,,,100,12345
5.0,0.05,25,30,S-HCP-within,1.0,,,,100,12345
5.0,0.05,25,30,Std-CP,0.95,6.270388233970823,5.869152005634968,2.0803113342318156,0,12345
5.0,0.05,25,30,Subsampling,1.0,,,,100,12345
5.0,0.05,25,35,Donor-HCP-no-within,0.97,15.002190352728457,13.193738799053506,7.832887244772996,0,12345
5.0,0.05,25,35,Donor-HCP-within,1.0,,,,100,12345
5.0,0.05,25,35,HCP,1.0,,,,100,12345
5.0,0.05,25,35,Pooling,0.99,44.56945218214187,44.56945218214187,0.0,0,12345
5.0,0.05,25,35,Repeated,1.0,,,,100,12345
5.0,0.05,25,35,S-HCP-within,1.0,,,,100,12345
5.0,0.05,25,35,Std-CP,0.95,6.341137351687112,5.87698960110766,2.0025689618024494,0,12345
5.0,0.05,25,35,Subsampling,1.0,,,,100,12345
5.0,0.05,26,0,Donor-HCP-no-within,1.0,,,,100,12345
5.0,0.05,26,0,Donor-HCP-within,1.0,,,,100,12345
5.0,0.05,26,0,HCP,1.0,,,,100,12345
5.0,0.05,26,0,Pooling,0.99,41.77991434408406,41.77991434408406,0.0,0,12345
5.0,0.05,26,0,Repeated,1.0,,,,100,12345
5.0,0.05,26,0,S-HCP-within,1.0,,,,100,12345
5.0,0.05,26,0,Std-CP,1.0,,,,100,12345
5.0,0.05,26,0,Subsampling,1.0,,,,100,12345
5.0,0.05,26,5,Donor-HCP-no-within,1.0,,,,100,12345
5.0,0.05,26,5,Donor-HCP-within,1.0,,,,100,12345
5.0,0.05,26,5,HCP,1.0,,,,100,12345
5.0,0.05,26,5,Pooling,0.99,41.77991434408406,41.77991434408406,0.0,0,12345
5.0,0.05,26,5,Repeated,1.0,,,,100,12345
5.0,0.05,26,5,S-HCP-within,0.98,35.02008415614813,35.25686468350265,2.4194504973127744,0,12345
5.0,0.05,26,5,Std-CP,0.76,6.147081017538682,5.230592804398933,3.882052365025642,0,12345
5.0,0.05,26,5,Subsampling,1.0,,,,100,12345
5.0,0.05,26,10,Donor-HCP-no-within,1.0,55.64985176551777,52.59527805766678,9.163732027953955,0,12345
5.0,0.05,26,10,Donor-HCP-within,1.0,,,,100,12345
5.0,0.05,26,10,HCP,1.0,,,,100,12345
5.0,0.05,26,10,Pooling,0.99,41.77991434408406,41.77991434408406,0.0,0,12345
5.0,0.05,26,10,Repeated,1.0,,,,100,12345
5.0,0.05,26,10,S-HCP-within,0.99,34.21894850402825,33.66813719847327,1.793266319894528,0,12345
5.0,0.05,26,10,Std-CP,0.88,78.63048415487302,14.437261726201928,412.959492050788,0,12345
5.0,0.05,26,10,Subsampling,1.0,,,,100,12345
5.0,0.05,26,15,Donor-HCP-no-within,0.99,49.8489366628123,48.60040078342743,6.80277403393114,0,12345
5.0,0.05,26,15,Donor-HCP-within,1.0,33.200006927839915,32.199876760762976,4.204057359184665,0,12345
5.0,0.05,26,15,HCP,1.0,,,,100,12345
5.0,0.05,26,15,Pooling,0.99,41.77991434408406,41.77991434408406,0.0,0,12345
5.0,0.05,26,15,Repeated,1.0,,,,100,12345
5.0,0.05,26,15,S-HCP-within,0.97,34.93508847916502,35.25686468350265,1.5628142669903842,0,12345
5.0,0.05,26,15,Std-CP,0.92,8.906666289553995,6.9489344467300285,5.4934630353869345,0,12345
5.0,0.05,26,15,Subsampling,1.0,,,,100,12345
5.0,0.05,26,20,Donor-HCP-no-within,0.98,46.60809857155752,45.477546265236626,6.44605036027471,0,12345
5.0,0.05,26,20,Donor-HCP-within,0.99,23.069319784326172,22.422574032105757,3.144986394122001,0,12345
5.0,0.05,26,20,HCP,1.0,,,,100,12345
5.0,0.05,26,20,Pooling,0.99,41.77991434408406,41.77991434408406,0.0,0,12345
5.0,0.05,26,20,Repeated,1.0,,,,100,12345
5.0,0.05,26,20,S-HCP-within,0.97,33.51269776336343,33.396816481077245,1.3319830253744023,0,12345
5.0,0.05,26,20,Std-CP,0.94,6.758986056806159,6.039516149374126,2.700339631616696,0,12345
5.0,0.05,26,20,Subsampling,1.0,,,,100,12345
5.0,0.05,26,25,Donor-HCP-no-within,0.98,16.306760362164542,14.496067361081824,8.504017851776934,0,12345
5.0,0.05,26,25,Donor-HCP-within,1.0,,,,100,12345
5.0,0.05,26,25,HCP,1.0,,,,100,12345
5.0,0.05,26,25,Pooling,0.99,41.77991434408406,41.77991434408406,0.0,0,12345
5.0,0.05,26,25,Repeated,1.0,,,,100,12345
5.0,0.05,26,25,S-HCP-within,1.0,,,,100,12345
5.0,0.05,26,25,Std-CP,0.94,6.439487895941061,6.2156158305645715,2.256448197463833,0,12345
5.0,0.05,26,25,Subsampling,1.0,,,,100,12345
5.0,0.05,26,30,Donor-HCP-no-within,0.99,16.487576226277838,14.496067361081824,8.480069611412901,0,12345
5.0,0.05,26,30,Donor-HCP-within,1.0,,,,100,12345
5.0,0.05,26,30,HCP,1.0,,,,100,12345
5.0,0.05,26,30,Pooling,0.99,41.77991434408406,41.77991434408406,0.0,0,12345
5.0,0.05,26,30,Repeated,1.0,,,,100,12345
5.0,0.05,26,30,S-HCP-within,1.0,,,,100,12345
5.0,0.05,26,30,Std-CP,0.94,6.334715913385942,5.963123962684807,1.9307013322548088,0,12345
5.0,0.05,26,30,Subsampling,1.0,,,,100,12345
5.0,0.05,26,35,Donor-HCP-no-within,0.99,16.600781795597428,14.754149495398375,8.46627891598727,0,12345
5.0,0.05,26,35,Donor-HCP-within,1.0,,,,100,12345
5.0,0.05,26,35,HCP,1.0,,,,100,12345
5.0,0.05,26,35,Pooling,0.99,41.77991434408406,41.77991434408406,0.0,0,12345
5.0,0.05,26,35,Repeated,1.0,,,,100,12345
5.0,0.05,26,35,S-HCP-within,1.0,,,,100,12345
5.0,0.05,26,35,Std-CP,0.96,6.603975232502347,6.282080278830427,2.0958656216048,0,12345
5.0,0.05,26,35,Subsampling,1.0,,,,100,12345
5.0,0.05,27,0,Donor-HCP-no-within,1.0,,,,100,12345
5.0,0.05,27,0,Donor-HCP-within,1.0,,,,100,12345
5.0,0.05,27,0,HCP,1.0,,,,100,12345
5.0,0.05,27,0,Pooling,0.93,28.076818873293828,28.076818873293828,3.1127870209614672e-15,0,12345
5.0,0.05,27,0,Repeated,1.0,,,,100,12345
5.0,0.05,27,0,S-HCP-within,1.0,,,,100,12345
5.0,0.05,27,0,Std-CP,1.0,,,,100,12345
5.0,0.05,27,0,Subsampling,1.0,,,,100,12345
5.0,0.05,27,5,Donor-HCP-no-within,1.0,,,,100,12345
5.0,0.05,27,5,Donor-HCP-within,1.0,,,,100,12345
5.0,0.05,27,5,HCP,1.0,,,,100,12345
5.0,0.05,27,5,Pooling,0.93,28.076818873293828,28.076818873293828,3.1127870209614672e-15,0,12345
5.0,0.05,27,5,Repeated,1.0,,,,100,12345
5.0,0.05,27,5,S-HCP-within,0.98,44.57827870740609,43.149631726082575,3.4903685760964516,0,12345
5.0,0.05,27,5,Std-CP,0.77,6.8393417262297485,5.5151279281472565,4.344187840218013,0,12345
5.0,0.05,27,5,Subsampling,1.0,,,,100,12345
5.0,0.05,27,10,Donor-HCP-no-within,0.97,32.10057701876822,32.52502801327785,3.000670803162918,0,12345
5.0,0.05,27,10,Donor-HCP-within,1.0,,,,100,12345
5.0,0.05,27,10,HCP,1.0,,,,100,12345
5.0,0.05,27,10,Pooling,0.93,28.076818873293828,28.076818873293828,3.1127870209614672e-15,0,12345
5.0,0.05,27,10,Repeated,1.0,,,,100,12345
5.0,0.05,27,10,S-HCP-within,0.98,43.87261121559362,43.149631726082575,3.1664686626987346,0,12345
5.0,0.05,27,10,Std-CP,0.82,451.8280222150322,12.163181548472199,4205.066076874827,0,12345
5.0,0.05,27,10,Subsampling,1.0,,,,100,12345
5.0,0.05,27,15,Donor-HCP-no-within,0.93,29.104206447960927,29.650080255770668,2.6476241076688924,0,12345
5.0,0.05,27,15,Donor-HCP-within,0.97,19.758975826475996,20.047374572610593,2.074105413852486,0,12345
5.0,0.05,27,15,HCP,1.0,,,,100,12345
5.0,0.05,27,15,Pooling,0.93,28.076818873293828,28.076818873293828,3.1127870209614672e-15,0,12345
5.0,0.05,27,15,Repeated,1.0,,,,100,12345
5.0,0.05,27,15,S-HCP-within,0.98,44.32587061116796,43.48250277795201,2.9124309974575344,0,12345
5.0,0.05,27,15,Std-CP,0.9,9.643918745885548,7.509283831920912,8.945871307564202,0,12345
5.0,0.05,27,15,Subsampling,1.0,,,,100,12345
5.0,0.05,27,20,Donor-HCP-no-within,0.94,28.475970472563777,28.70835095362253,2.719855227253006,0,12345
5.0,0.05,27,20,Donor-HCP-within,0.95,15.582610739932342,16.249417914014145,1.9796188364161513,0,12345
5.0,0.05,27,20,HCP,1.0,,,,100,12345
5.0,0.05,27,20,Pooling,0.93,28.076818873293828,28.076818873293828,3.1127870209614672e-15,0,12345
5.0,0.05,27,20,Repeated,1.0,,,,100,12345
5.0,0.05,27,20,S-HCP-within,0.98,43.410058416478115,42.97601264345229,2.8577829909954318,0,12345
5.0,0.05,27,20,Std-CP,0.89,6.970136013423834,6.388956703247462,2.686047564454812,0,12345
5.0,0.05,27,20,Subsampling,1.0,,,,100,12345
5.0,0.05,27,25,Donor-HCP-no-within,0.95,15.839717886680662,14.923753459467097,7.44571611020658,0,12345
5.0,0.05,27,25,Donor-HCP-within,1.0,,,,100,12345
5.0,0.05,27,25,HCP,1.0,,,,100,12345
5.0,0.05,27,25,Pooling,0.93,28.076818873293828,28.076818873293828,3.1127870209614672e-15,0,12345
5.0,0.05,27,25,Repeated,1.0,,,,100,12345
5.0,0.05,27,25,S-HCP-within,1.0,,,,100,12345
5.0,0.05,27,25,Std-CP,0.92,6.842550422116464,6.48904560106822,2.279531292974168,0,12345
5.0,0.05,27,25,Subsampling,1.0,,,,100,12345
5.0,0.05,27,30,Donor-HCP-no-within,0.95,15.961030980568726,15.31721187939148,7.489767868882144,0,12345
5.0,0.05,27,30,Donor-HCP-within,1.0,,,,100,12345
5.0,0.05,27,30,HCP,1.0,,,,100,12345
5.0,0.05,27,30,Pooling,0.93,28.076818873293828,28.076818873293828,3.1127870209614672e-15,0,12345
5.0,0.05,27,30,Repeated,1.0,,,,100,12345
5.0,0.05,27,30,S-HCP-within,1.0,,,,100,12345
5.0,0.05,27,30,Std-CP,0.93,6.730128787424633,6.49699053547218,2.1360963675147655,0,12345
5.0,0.05,27,30,Subsampling,1.0,,,,100,12345
5.0,0.05,27,35,Donor-HCP-no-within,0.95,16.086382870406705,15.31721187939148,7.521726877840962,0,12345
5.0,0.05,27,35,Donor-HCP-within,1.0,,,,100,12345
5.0,0.05,27,35,HCP,1.0,,,,100,12345
5.0,0.05,27,35,Pooling,0.93,28.076818873293828,28.076818873293828,3.1127870209614672e-15,0,12345
5.0,0.05,27,35,Repeated,1.0,,,,100,12345
5.0,0.05,27,35,S-HCP-within,1.0,,,,100,12345
5.0,0.05,27,35,Std-CP,0.94,6.522316006958323,6.087647162422613,1.8612479883031752,0,12345
5.0,0.05,27,35,Subsampling,1.0,,,,100,12345
5.0,0.05,28,0,Donor-HCP-no-within,1.0,,,,100,12345
5.0,0.05,28,0,Donor-HCP-within,1.0,,,,100,12345
5.0,0.05,28,0,HCP,1.0,,,,100,12345
5.0,0.05,28,0,Pooling,0.99,34.89701918568795,34.89701918568795,0.0,0,12345
5.0,0.05,28,0,Repeated,1.0,,,,100,12345
5.0,0.05,28,0,S-HCP-within,1.0,,,,100,12345
5.0,0.05,28,0,Std-CP,1.0,,,,100,12345
5.0,0.05,28,0,Subsampling,1.0,,,,100,12345
5.0,0.05,28,5,Donor-HCP-no-within,1.0,,,,100,12345
5.0,0.05,28,5,Donor-HCP-within,1.0,,,,100,12345
5.0,0.05,28,5,HCP,1.0,,,,100,12345
5.0,0.05,28,5,Pooling,0.99,34.89701918568795,34.89701918568795,0.0,0,12345
5.0,0.05,28,5,Repeated,1.0,,,,100,12345
5.0,0.05,28,5,S-HCP-within,1.0,26.637662578254872,26.55678537151259,3.2116942399056327,0,12345
5.0,0.05,28,5,Std-CP,0.81,5.77478205603143,5.303133237600255,2.9087221661819878,0,12345
5.0,0.05,28,5,Subsampling,1.0,,,,100,12345
5.0,0.05,28,10,Donor-HCP-no-within,0.99,32.21029931824586,30.450487809239313,5.4455104037766136,0,12345
5.0,0.05,28,10,Donor-HCP-within,1.0,,,,100,12345
5.0,0.05,28,10,HCP,1.0,,,,100,12345
5.0,0.05,28,10,Pooling,0.99,34.89701918568795,34.89701918568795,0.0,0,12345
5.0,0.05,28,10,Repeated,1.0,,,,100,12345
5.0,0.05,28,10,S-HCP-within,0.98,26.111108903719227,25.515300694831435,2.531174860134272,0,12345
5.0,0.05,28,10,Std-CP,0.84,21.56952683088844,12.860038410752994,24.39191520018698,0,12345
5.0,0.05,28,10,Subsampling,1.0,,,,100,12345
5.0,0.05,28,15,Donor-HCP-no-within,0.99,28.43522083926735,28.08683279605824,3.775485526844748,0,12345
5.0,0.05,28,15,Donor-HCP-within,0.99,21.884012893584895,20.8268312970647,3.354420184536348,0,12345
5.0,0.05,28,15,HCP,1.0,,,,100,12345
5.0,0.05,28,15,Pooling,0.99,34.89701918568795,34.89701918568795,0.0,0,12345
5.0,0.05,28,15,Repeated,1.0,,,,100,12345
5.0,0.05,28,15,S-HCP-within,0.98,26.505092003035358,26.55678537151259,2.2609400677501688,0,12345
5.0,0.05,28,15,Std-CP,0.89,8.301056189346275,6.945202332439958,4.054670099985359,0,12345
5.0,0.05,28,15,Subsampling,1.0,,,,100,12345
5.0,0.05,28,20,Donor-HCP-no-within,0.97,27.218242921254514,25.914444608899867,4.430135939705084,0,12345
5.0,0.05,28,20,Donor-HCP-within,0.98,16.46729990162281,15.904016911649798,1.962136333815343,0,12345
5.0,0.05,28,20,HCP,1.0,,,,100,12345
5.0,0.05,28,20,Pooling,0.99,34.89701918568795,34.89701918568795,0.0,0,12345
5.0,0.05,28,20,Repeated,1.0,,,,100,12345
5.0,0.05,28,20,S-HCP-within,0.97,24.748485711410886,24.397250568547168,1.6404663561622757,0,12345
5.0,0.05,28,20,Std-CP,0.91,6.540542685316866,6.23989758935263,2.809670724242391,0,12345
5.0,0.05,28,20,Subsampling,1.0,,,,100,12345
5.0,0.05,28,25,Donor-HCP-no-within,0.96,13.288800360263803,12.276433028005345,6.151396694153681,0,12345
5.0,0.05,28,25,Donor-HCP-within,1.0,,,,100,12345
5.0,0.05,28,25,HCP,1.0,,,,100,12345
5.0,0.05,28,25,Pooling,0.99,34.89701918568795,34.89701918568795,0.0,0,12345
5.0,0.05,28,25,Repeated,1.0,,,,100,12345
5.0,0.05,28,25,S-HCP-within,1.0,,,,100,12345
5.0,0.05,28,25,Std-CP,0.89,6.668084418588271,6.32044534143931,2.4932035191973814,0,12345
5.0,0.05,28,25,Subsampling,1.0,,,,100,12345
5.0,0.05,28,30,Donor-HCP-no-within,0.97,13.539335028637158,12.276433028005345,6.088897157865712,0,12345
5.0,0.05,28,30,Donor-HCP-within,1.0,,,,100,12345
5.0,0.05,28,30,HCP,1.0,,,,100,12345
5.0,0.05,28,30,Pooling,0.99,34.89701918568795,34.89701918568795,0.0,0,12345
5.0,0.05,28,30,Repeated,1.0,,,,100,12345
5.0,0.05,28,30,S-HCP-within,1.0,,,,100,12345
5.0,0.05,28,30,Std-CP,0.94,6.404589362438752,6.248446930236315,2.202505131467664,0,12345
5.0,0.05,28,30,Subsampling,1.0,,,,100,12345
5.0,0.05,28,35,Donor-HCP-no-within,0.97,13.76045989906062,12.876406054530523,6.070336379330025,0,12345
5.0,0.05,28,35,Donor-HCP-within,1.0,,,,100,12345
5.0,0.05,28,35,HCP,1.0,,,,100,12345
5.0,0.05,28,35,Pooling,0.99,34.89701918568795,34.89701918568795,0.0,0,12345
5.0,0.05,28,35,Repeated,1.0,,,,100,12345
5.0,0.05,28,35,S-HCP-within,1.0,,,,100,12345
5.0,0.05,28,35,Std-CP,0.96,6.577287067954611,6.086478563358112,2.714946024581147,0,12345
5.0,0.05,28,35,Subsampling,1.0,,,,100,12345
5.0,0.05,29,0,Donor-HCP-no-within,1.0,,,,100,12345
5.0,0.05,29,0,Donor-HCP-within,1.0,,,,100,12345
5.0,0.05,29,0,HCP,1.0,,,,100,12345
5.0,0.05,29,0,Pooling,0.94,25.49927462540022,25.49927462540022,0.0,0,12345
5.0,0.05,29,0,Repeated,1.0,,,,100,12345
5.0,0.05,29,0,S-HCP-within,1.0,,,,100,12345
5.0,0.05,29,0,Std-CP,1.0,,,,100,12345
5.0,0.05,29,0,Subsampling,1.0,,,,100,12345
5.0,0.05,29,5,Donor-HCP-no-within,1.0,,,,100,12345
5.0,0.05,29,5,Donor-HCP-within,1.0,,,,100,12345
5.0,0.05,29,5,HCP,1.0,,,,100,12345
5.0,0.05,29,5,Pooling,0.94,25.49927462540022,25.49927462540022,0.0,0,12345
5.0,0.05,29,5,Repeated,1.0,,,,100,12345
5.0,0.05,29,5,S-HCP-within,0.99,29.110456087128895,29.076377949273986,1.0067237928299941,0,12345
5.0,0.05,29,5,Std-CP,0.77,6.2366956551463035,5.00557154271526,3.8444396711672466,0,12345
5.0,0.05,29,5,Subsampling,1.0,,,,100,12345
5.0,0.05,29,10,Donor-HCP-no-within,0.99,31.759023937186583,31.11030794530413,3.6052770664044855,0,12345
5.0,0.05,29,10,Donor-HCP-within,1.0,,,,100,12345
5.0,0.05,29,10,HCP,1.0,,,,100,12345
5.0,0.05,29,10,Pooling,0.94,25.49927462540022,25.49927462540022,0.0,0,12345
5.0,0.05,29,10,Repeated,1.0,,,,100,12345
5.0,0.05,29,10,S-HCP-within,0.99,28.834436227169373,28.902771262139446,0.8513697155143644,0,12345
5.0,0.05,29,10,Std-CP,0.89,43.5566061902085,14.771964405818254,120.32061300974696,0,12345
5.0,0.05,29,10,Subsampling,1.0,,,,100,12345
5.0,0.05,29,15,Donor-HCP-no-within,0.96,29.461912335174063,28.342743986253634,4.75338806128073,0,12345
5.0,0.05,29,15,Donor-HCP-within,0.97,20.765826513326168,19.958089568238787,2.727693999846013,0,12345
5.0,0.05,29,15,HCP,1.0,,,,100,12345
5.0,0.05,29,15,Pooling,0.94,25.49927462540022,25.49927462540022,0.0,0,12345
5.0,0.05,29,15,Repeated,1.0,,,,100,12345
5.0,0.05,29,15,S-HCP-within,0.99,29.030573604574016,28.902771262139446,0.6639182010521931,0,12345
5.0,0.05,29,15,Std-CP,0.92,9.09806464207911,7.026500358569933,7.134425174332428,0,12345
5.0,0.05,29,15,Subsampling,1.0,,,,100,12345
5.0,0.05,29,20,Donor-HCP-no-within,0.96,26.765161541259616,25.561276745003642,3.578094283114525,0,12345
5.0,0.05,29,20,Donor-HCP-within,0.94,14.339219419221113,13.772190278094786,2.217385718793686,0,12345
5.0,0.05,29,20,HCP,1.0,,,,100,12345
5.0,0.05,29,20,Pooling,0.94,25.49927462540022,25.49927462540022,0.0,0,12345
5.0,0.05,29,20,Repeated,1.0,,,,100,12345
5.0,0.05,29,20,S-HCP-within,0.99,28.49412088654049,28.581295060303127,0.4406371129114368,0,12345
5.0,0.05,29,20,Std-CP,0.94,7.1057255074425605,6.454091017653536,3.9088554842881753,0,12345
5.0,0.05,29,20,Subsampling,1.0,,,,100,12345
5.0,0.05,29,25,Donor-HCP-no-within,0.95,15.564145630278922,12.769848582948223,8.125613184963989,0,12345
5.0,0.05,29,25,Donor-HCP-within,1.0,,,,100,12345
5.0,0.05,29,25,HCP,1.0,,,,100,12345
5.0,0.05,29,25,Pooling,0.94,25.49927462540022,25.49927462540022,0.0,0,12345
5.0,0.05,29,25,Repeated,1.0,,,,100,12345
5.0,0.05,29,25,S-HCP-within,1.0,,,,100,12345
5.0,0.05,29,25,Std-CP,0.95,6.609930565357274,6.187470552200507,2.632454093028752,0,12345
5.0,0.05,29,25,Subsampling,1.0,,,,100,12345
5.0,0.05,29,30,Donor-HCP-no-within,0.96,15.867869950565007,13.432386880355443,8.142097080599651,0,12345
5.0,0.05,29,30,Donor-HCP-within,1.0,,,,100,12345
5.0,0.05,29,30,HCP,1.0,,,,100,12345
5.0,0.05,29,30,Pooling,0.94,25.49927462540022,25.49927462540022,0.0,0,12345
5.0,0.05,29,30,Repeated,1.0,,,,100,12345
5.0,0.05,29,30,S-HCP-within,1.0,,,,100,12345
5.0,0.05,29,30,Std-CP,0.94,6.44113703770075,6.304464212754038,1.9221885251473807,0,12345
5.0,0.05,29,30,Subsampling,1.0,,,,100,12345
5.0,0.05,29,35,Donor-HCP-no-within,0.97,16.11497530572318,14.14296898681473,8.113436833351845,0,12345
5.0,0.05,29,35,Donor-HCP-within,1.0,,,,100,12345
5.0,0.05,29,35,HCP,1.0,,,,100,12345
5.0,0.05,29,35,Pooling,0.94,25.49927462540022,25.49927462540022,0.0,0,12345
5.0,0.05,29,35,Repeated,1.0,,,,100,12345
5.0,0.05,29,35,S-HCP-within,1.0,,,,100,12345
5.0,0.05,29,35,Std-CP,0.95,6.797133976630283,6.52399717853978,2.084910871485487,0,12345
5.0,0.05,29,35,Subsampling,1.0,,,,100,12345
5.0,0.05,30,0,Donor-HCP-no-within,1.0,,,,100,12345
5.0,0.05,30,0,Donor-HCP-within,1.0,,,,100,12345
5.0,0.05,30,0,HCP,1.0,,,,100,12345
5.0,0.05,30,0,Pooling,0.77,36.851437511216986,36.851437511216986,1.009921468435524e-15,0,12345
5.0,0.05,30,0,Repeated,1.0,,,,100,12345
5.0,0.05,30,0,S-HCP-within,1.0,,,,100,12345
5.0,0.05,30,0,Std-CP,1.0,,,,100,12345
5.0,0.05,30,0,Subsampling,1.0,,,,100,12345
5.0,0.05,30,5,Donor-HCP-no-within,1.0,,,,100,12345
5.0,0.05,30,5,Donor-HCP-within,1.0,,,,100,12345
5.0,0.05,30,5,HCP,1.0,,,,100,12345
5.0,0.05,30,5,Pooling,0.77,36.851437511216986,36.851437511216986,1.009921468435524e-15,0,12345
5.0,0.05,30,5,Repeated,1.0,,,,100,12345
5.0,0.05,30,5,S-HCP-within,0.97,26.862537067344697,26.79988362723008,1.4370588460123592,0,12345
5.0,0.05,30,5,Std-CP,0.7,5.820699050648018,5.0069789859331735,3.137660655332305,0,12345
5.0,0.05,30,5,Subsampling,1.0,,,,100,12345
5.0,0.05,30,10,Donor-HCP-no-within,0.99,43.58052413112546,42.95692519443059,9.736076996580689,0,12345
5.0,0.05,30,10,Donor-HCP-within,1.0,,,,100,12345
5.0,0.05,30,10,HCP,1.0,,,,100,12345
5.0,0.05,30,10,Pooling,0.77,36.851437511216986,36.851437511216986,1.009921468435524e-15,0,12345
5.0,0.05,30,10,Repeated,1.0,,,,100,12345
5.0,0.05,30,10,S-HCP-within,0.99,26.88921277810724,26.55010574799234,1.2285449904105252,0,12345
5.0,0.05,30,10,Std-CP,0.82,52.1091500046507,12.786560195136474,210.4482630845468,0,12345
5.0,0.05,30,10,Subsampling,1.0,,,,100,12345
5.0,0.05,30,15,Donor-HCP-no-within,0.94,38.78066085294411,38.619528011046015,7.483514218930898,0,12345
5.0,0.05,30,15,Donor-HCP-within,0.96,27.2221141832766,27.5451112879054,5.042984786715347,0,12345
5.0,0.05,30,15,HCP,1.0,,,,100,12345
5.0,0.05,30,15,Pooling,0.77,36.851437511216986,36.851437511216986,1.009921468435524e-15,0,12345
5.0,0.05,30,15,Repeated,1.0,,,,100,12345
5.0,0.05,30,15,S-HCP-within,0.98,26.929208976210504,26.85536327211301,1.192389847671779,0,12345
5.0,0.05,30,15,Std-CP,0.94,8.790324090363162,7.267051703977991,5.32613995830959,0,12345
5.0,0.05,30,15,Subsampling,1.0,,,,100,12345
5.0,0.05,30,20,Donor-HCP-no-within,0.89,38.52762332204967,36.851437511216986,8.44830030289585,0,12345
5.0,0.05,30,20,Donor-HCP-within,0.91,20.392297590742253,20.243089267953152,4.161903545488622,0,12345
5.0,0.05,30,20,HCP,1.0,,,,100,12345
5.0,0.05,30,20,Pooling,0.77,36.851437511216986,36.851437511216986,1.009921468435524e-15,0,12345
5.0,0.05,30,20,Repeated,1.0,,,,100,12345
5.0,0.05,30,20,S-HCP-within,0.98,26.647619416711855,26.55010574799234,1.045064343885577,0,12345
5.0,0.05,30,20,Std-CP,0.91,6.81384078158741,6.305424353805384,3.2138655283079336,0,12345
5.0,0.05,30,20,Subsampling,1.0,,,,100,12345
5.0,0.05,30,25,Donor-HCP-no-within,0.92,17.855776472654295,16.55070949297268,8.04789561202442,0,12345
5.0,0.05,30,25,Donor-HCP-within,1.0,,,,100,12345
5.0,0.05,30,25,HCP,1.0,,,,100,12345
5.0,0.05,30,25,Pooling,0.77,36.851437511216986,36.851437511216986,1.009921468435524e-15,0,12345
5.0,0.05,30,25,Repeated,1.0,,,,100,12345
5.0,0.05,30,25,S-HCP-within,1.0,,,,100,12345
5.0,0.05,30,25,Std-CP,0.93,7.192384165696109,6.801808786489143,2.6544458609451147,0,12345
5.0,0.05,30,25,Subsampling,1.0,,,,100,12345
5.0,0.05,30,30,Donor-HCP-no-within,0.94,18.044124286989767,16.8366874362682,7.9235546920920354,0,12345
5.0,0.05,30,30,Donor-HCP-within,1.0,,,,100,12345
5.0,0.05,30,30,HCP,1.0,,,,100,12345
5.0,0.05,30,30,Pooling,0.77,36.851437511216986,36.851437511216986,1.009921468435524e-15,0,12345
5.0,0.05,30,30,Repeated,1.0,,,,100,12345
5.0,0.05,30,30,S-HCP-within,1.0,,,,100,12345
5.0,0.05,30,30,Std-CP,0.94,6.663666770825715,6.403186616371106,2.1153988765960126,0,12345
5.0,0.05,30,30,Subsampling,1.0,,,,100,12345
5.0,0.05,30,35,Donor-HCP-no-within,0.95,18.31412678081119,17.54589551091862,7.983827276484047,0,12345
5.0,0.05,30,35,Donor-HCP-within,1.0,,,,100,12345
5.0,0.05,30,35,HCP,1.0,,,,100,12345
5.0,0.05,30,35,Pooling,0.77,36.851437511216986,36.851437511216986,1.009921468435524e-15,0,12345
5.0,0.05,30,35,Repeated,1.0,,,,100,12345
5.0,0.05,30,35,S-HCP-within,1.0,,,,100,12345
5.0,0.05,30,35,Std-CP,0.96,6.71040905652842,6.105034479878418,2.417843825013088,0,12345
5.0,0.05,30,35,Subsampling,1.0,,,,100,12345
5.0,0.05,31,0,Donor-HCP-no-within,1.0,,,,100,12345
5.0,0.05,31,0,Donor-HCP-within,1.0,,,,100,12345
5.0,0.05,31,0,HCP,1.0,,,,100,12345
5.0,0.05,31,0,Pooling,0.85,21.760668601645595,21.760668601645595,2.8340850918250226e-15,0,12345
5.0,0.05,31,0,Repeated,1.0,,,,100,12345
5.0,0.05,31,0,S-HCP-within,1.0,,,,100,12345
5.0,0.05,31,0,Std-CP,1.0,,,,100,12345
5.0,0.05,31,0,Subsampling,1.0,,,,100,12345
5.0,0.05,31,5,Donor-HCP-no-within,1.0,,,,100,12345
5.0,0.05,31,5,Donor-HCP-within,1.0,,,,100,12345
5.0,0.05,31,5,HCP,1.0,,,,100,12345
5.0,0.05,31,5,Pooling,0.85,21.760668601645595,21.760668601645595,2.8340850918250226e-15,0,12345
5.0,0.05,31,5,Repeated,1.0,,,,100,12345
5.0,0.05,31,5,S-HCP-within,1.0,42.29320150863162,43.193908800396706,2.2479610008959567,0,12345
5.0,0.05,31,5,Std-CP,0.76,6.111130894375558,5.191606332597052,5.2950622494244195,0,12345
5.0,0.05,31,5,Subsampling,1.0,,,,100,12345
5.0,0.05,31,10,Donor-HCP-no-within,0.99,36.51299953853516,32.97490692929635,7.476271185346422,0,12345
5.0,0.05,31,10,Donor-HCP-within,1.0,,,,100,12345
5.0,0.05,31,10,HCP,1.0,,,,100,12345
5.0,0.05,31,10,Pooling,0.85,21.760668601645595,21.760668601645595,2.8340850918250226e-15,0,12345
5.0,0.05,31,10,Repeated,1.0,,,,100,12345
5.0,0.05,31,10,S-HCP-within,1.0,41.9560138492331,43.1939088003967,1.9051035378400443,0,12345
5.0,0.05,31,10,Std-CP,0.86,52.617597922310914,12.814723556218393,136.04796845569882,0,12345
5.0,0.05,31,10,Subsampling,1.0,,,,100,12345
5.0,0.05,31,15,Donor-HCP-no-within,0.92,32.76286894627877,30.90509117898855,7.320652116863871,0,12345
5.0,0.05,31,15,Donor-HCP-within,0.98,23.62078974497009,22.653448640136396,5.427586349634213,0,12345
5.0,0.05,31,15,HCP,1.0,,,,100,12345
5.0,0.05,31,15,Pooling,0.85,21.760668601645595,21.760668601645595,2.8340850918250226e-15,0,12345
5.0,0.05,31,15,Repeated,1.0,,,,100,12345
5.0,0.05,31,15,S-HCP-within,1.0,42.33437503208651,43.193908800396706,1.5013193806480376,0,12345
5.0,0.05,31,15,Std-CP,0.9,8.56738088040683,7.299050882722444,4.783340630510979,0,12345
5.0,0.05,31,15,Subsampling,1.0,,,,100,12345
5.0,0.05,31,20,Donor-HCP-no-within,0.85,30.19233032365988,26.558472557482588,7.645035097381518,0,12345
5.0,0.05,31,20,Donor-HCP-within,0.91,18.24081744473848,18.013950979030476,3.586312960660898,0,12345
5.0,0.05,31,20,HCP,1.0,,,,100,12345
5.0,0.05,31,20,Pooling,0.85,21.760668601645595,21.760668601645595,2.8340850918250226e-15,0,12345
5.0,0.05,31,20,Repeated,1.0,,,,100,12345
5.0,0.05,31,20,S-HCP-within,1.0,41.01650172481582,40.284541064709444,1.5150243823316203,0,12345
5.0,0.05,31,20,Std-CP,0.95,6.892059494732882,6.462172335003373,2.7410023767672604,0,12345
5.0,0.05,31,20,Subsampling,1.0,,,,100,12345
5.0,0.05,31,25,Donor-HCP-no-within,0.92,16.711722168909176,16.276974043962607,7.5350541500580395,0,12345
5.0,0.05,31,25,Donor-HCP-within,1.0,,,,100,12345
5.0,0.05,31,25,HCP,1.0,,,,100,12345
5.0,0.05,31,25,Pooling,0.85,21.760668601645595,21.760668601645595,2.8340850918250226e-15,0,12345
5.0,0.05,31,25,Repeated,1.0,,,,100,12345
5.0,0.05,31,25,S-HCP-within,1.0,,,,100,12345
5.0,0.05,31,25,Std-CP,0.86,6.79079804112566,6.432352756954316,2.328040250878571,0,12345
5.0,0.05,31,25,Subsampling,1.0,,,,100,12345
5.0,0.05,31,30,Donor-HCP-no-within,0.95,17.087225981826617,16.484455516614588,7.375503856124149,0,12345
5.0,0.05,31,30,Donor-HCP-within,1.0,,,,100,12345
5.0,0.05,31,30,HCP,1.0,,,,100,12345
5.0,0.05,31,30,Pooling,0.85,21.760668601645595,21.760668601645595,2.8340850918250226e-15,0,12345
5.0,0.05,31,30,Repeated,1.0,,,,100,12345
5.0,0.05,31,30,S-HCP-within,1.0,,,,100,12345
5.0,0.05,31,30,Std-CP,0.92,6.516612117702298,6.289437822963507,2.133771378876167,0,12345
5.0,0.05,31,30,Subsampling,1.0,,,,100,12345
5.0,0.05,31,35,Donor-HCP-no-within,0.97,17.46172778597274,16.907044257683513,7.3921386852342845,0,12345
5.0,0.05,31,35,Donor-HCP-within,1.0,,,,100,12345
5.0,0.05,31,35,HCP,1.0,,,,100,12345
5.0,0.05,31,35,Pooling,0.85,21.760668601645595,21.760668601645595,2.8340850918250226e-15,0,12345
5.0,0.05,31,35,Repeated,1.0,,,,100,12345
5.0,0.05,31,35,S-HCP-within,1.0,,,,100,12345
5.0,0.05,31,35,Std-CP,0.94,6.6695471925048855,6.428171409119368,2.062416572383111,0,12345
5.0,0.05,31,35,Subsampling,1.0,,,,100,12345
5.0,0.05,32,0,Donor-HCP-no-within,1.0,,,,100,12345
5.0,0.05,32,0,Donor-HCP-within,1.0,,,,100,12345
5.0,0.05,32,0,HCP,1.0,,,,100,12345
5.0,0.05,32,0,Pooling,0.91,34.516021490793236,34.516021490793236,0.0,0,12345
5.0,0.05,32,0,Repeated,1.0,,,,100,12345
5.0,0.05,32,0,S-HCP-within,1.0,,,,100,12345
5.0,0.05,32,0,Std-CP,1.0,,,,100,12345
5.0,0.05,32,0,Subsampling,1.0,,,,100,12345
5.0,0.05,32,5,Donor-HCP-no-within,1.0,,,,100,12345
5.0,0.05,32,5,Donor-HCP-within,1.0,,,,100,12345
5.0,0.05,32,5,HCP,1.0,,,,100,12345
5.0,0.05,32,5,Pooling,0.91,34.516021490793236,34.516021490793236,0.0,0,12345
5.0,0.05,32,5,Repeated,1.0,,,,100,12345
5.0,0.05,32,5,S-HCP-within,0.92,24.029896141021524,23.93806380142418,1.904382936891122,0,12345
5.0,0.05,32,5,Std-CP,0.7,6.0466056889565,4.851729627698289,4.365754651797898,0,12345
5.0,0.05,32,5,Subsampling,1.0,,,,100,12345
5.0,0.05,32,10,Donor-HCP-no-within,0.99,42.628918529556685,40.29167189202785,7.495870866267314,0,12345
5.0,0.05,32,10,Donor-HCP-within,1.0,,,,100,12345
5.0,0.05,32,10,HCP,1.0,,,,100,12345
5.0,0.05,32,10,Pooling,0.91,34.516021490793236,34.516021490793236,0.0,0,12345
5.0,0.05,32,10,Repeated,1.0,,,,100,12345
5.0,0.05,32,10,S-HCP-within,0.93,23.954878427343726,23.93806380142418,1.4383366496189103,0,12345
5.0,0.05,32,10,Std-CP,0.85,46.5389280145399,12.524608969975835,132.37689146740968,0,12345
5.0,0.05,32,10,Subsampling,1.0,,,,100,12345
5.0,0.05,32,15,Donor-HCP-no-within,0.95,38.398385968100854,36.542977352779616,7.9668314624920225,0,12345
5.0,0.05,32,15,Donor-HCP-within,1.0,25.62863734390826,26.839920584564112,4.685688269331589,0,12345
5.0,0.05,32,15,HCP,1.0,,,,100,12345
5.0,0.05,32,15,Pooling,0.91,34.516021490793236,34.516021490793236,0.0,0,12345
5.0,0.05,32,15,Repeated,1.0,,,,100,12345
5.0,0.05,32,15,S-HCP-within,0.94,24.13390227178688,23.938063801424185,1.340692156545797,0,12345
5.0,0.05,32,15,Std-CP,0.87,9.409381522316528,7.602998532522653,6.033938213813383,0,12345
5.0,0.05,32,15,Subsampling,1.0,,,,100,12345
5.0,0.05,32,20,Donor-HCP-no-within,0.94,37.122338498891466,35.27157714486464,7.636634825302218,0,12345
5.0,0.05,32,20,Donor-HCP-within,0.96,19.529246708581198,19.253360847566316,4.2526445434782785,0,12345
5.0,0.05,32,20,HCP,1.0,,,,100,12345
5.0,0.05,32,20,Pooling,0.91,34.516021490793236,34.516021490793236,0.0,0,12345
5.0,0.05,32,20,Repeated,1.0,,,,100,12345
5.0,0.05,32,20,S-HCP-within,0.94,23.536308032666255,23.07872380528711,1.3604182977785755,0,12345
5.0,0.05,32,20,Std-CP,0.93,6.730479783362783,6.2794850980300385,3.024791050749273,0,12345
5.0,0.05,32,20,Subsampling,1.0,,,,100,12345
5.0,0.05,32,25,Donor-HCP-no-within,0.98,16.284833873624827,14.635071440609225,7.789092623937194,0,12345
5.0,0.05,32,25,Donor-HCP-within,1.0,,,,100,12345
5.0,0.05,32,25,HCP,1.0,,,,100,12345
5.0,0.05,32,25,Pooling,0.91,34.516021490793236,34.516021490793236,0.0,0,12345
5.0,0.05,32,25,Repeated,1.0,,,,100,12345
5.0,0.05,32,25,S-HCP-within,1.0,,,,100,12345
5.0,0.05,32,25,Std-CP,0.88,6.816379714373977,6.158912558295203,3.4224181668272973,0,12345
5.0,0.05,32,25,Subsampling,1.0,,,,100,12345
5.0,0.05,32,30,Donor-HCP-no-within,0.98,16.655167616950198,15.011398279757266,7.768371528040087,0,12345
5.0,0.05,32,30,Donor-HCP-within,1.0,,,,100,12345
5.0,0.05,32,30,HCP,1.0,,,,100,12345
5.0,0.05,32,30,Pooling,0.91,34.516021490793236,34.516021490793236,0.0,0,12345
5.0,0.05,32,30,Repeated,1.0,,,,100,12345
5.0,0.05,32,30,S-HCP-within,1.0,,,,100,12345
5.0,0.05,32,30,Std-CP,0.91,6.605470103781112,6.540531537762206,2.0876445847457443,0,12345
5.0,0.05,32,30,Subsampling,1.0,,,,100,12345
5.0,0.05,32,35,Donor-HCP-no-within,0.98,16.727895361086702,15.011398279757266,7.737859486743589,0,12345
5.0,0.05,32,35,Donor-HCP-within,1.0,,,,100,12345
5.0,0.05,32,35,HCP,1.0,,,,100,12345
5.0,0.05,32,35,Pooling,0.91,34.516021490793236,34.516021490793236,0.0,0,12345
5.0,0.05,32,35,Repeated,1.0,,,,100,12345
5.0,0.05,32,35,S-HCP-within,1.0,,,,100,12345
5.0,0.05,32,35,Std-CP,0.9,6.448926707667783,6.286206730660555,2.3181681842995414,0,12345
5.0,0.05,32,35,Subsampling,1.0,,,,100,12345
5.0,0.05,33,0,Donor-HCP-no-within,1.0,,,,100,12345
5.0,0.05,33,0,Donor-HCP-within,1.0,,,,100,12345
5.0,0.05,33,0,HCP,1.0,,,,100,12345
5.0,0.05,33,0,Pooling,0.94,28.85797297016724,28.857972970167236,2.7426388062414207e-15,0,12345
5.0,0.05,33,0,Repeated,1.0,,,,100,12345
5.0,0.05,33,0,S-HCP-within,1.0,,,,100,12345
5.0,0.05,33,0,Std-CP,1.0,,,,100,12345
5.0,0.05,33,0,Subsampling,1.0,,,,100,12345
5.0,0.05,33,5,Donor-HCP-no-within,1.0,,,,100,12345
5.0,0.05,33,5,Donor-HCP-within,1.0,,,,100,12345
5.0,0.05,33,5,HCP,1.0,,,,100,12345
5.0,0.05,33,5,Pooling,0.94,28.85797297016724,28.857972970167236,2.7426388062414207e-15,0,12345
5.0,0.05,33,5,Repeated,1.0,,,,100,12345
5.0,0.05,33,5,S-HCP-within,0.99,32.099136887968946,31.05432769393817,2.2924307044810783,0,12345
5.0,0.05,33,5,Std-CP,0.81,6.172298903571442,5.0195322500908475,4.74434615951443,0,12345
5.0,0.05,33,5,Subsampling,1.0,,,,100,12345
5.0,0.05,33,10,Donor-HCP-no-within,1.0,35.4696586442575,36.07836226995815,5.360286973141012,0,12345
5.0,0.05,33,10,Donor-HCP-within,1.0,,,,100,12345
5.0,0.05,33,10,HCP,1.0,,,,100,12345
5.0,0.05,33,10,Pooling,0.94,28.85797297016724,28.857972970167236,2.7426388062414207e-15,0,12345
5.0,0.05,33,10,Repeated,1.0,,,,100,12345
5.0,0.05,33,10,S-HCP-within,0.99,31.6668667086815,31.09284002080206,1.5986180736898337,0,12345
5.0,0.05,33,10,Std-CP,0.83,84.01614103729244,11.706729985472968,473.3861875286543,0,12345
5.0,0.05,33,10,Subsampling,1.0,,,,100,12345
5.0,0.05,33,15,Donor-HCP-no-within,0.99,31.22527218271409,31.92141886718983,3.951452303469694,0,12345
5.0,0.05,33,15,Donor-HCP-within,1.0,21.592086081517806,22.19637094248538,2.69757233807621,0,12345
5.0,0.05,33,15,HCP,1.0,,,,100,12345
5.0,0.05,33,15,Pooling,0.94,28.85797297016724,28.857972970167236,2.7426388062414207e-15,0,12345
5.0,0.05,33,15,Repeated,1.0,,,,100,12345
5.0,0.05,33,15,S-HCP-within,0.99,31.83903641749138,31.817446828083874,1.4583393497004271,0,12345
5.0,0.05,33,15,Std-CP,0.92,9.080192945120311,7.1716806768987995,9.351461896450694,0,12345
5.0,0.05,33,15,Subsampling,1.0,,,,100,12345
5.0,0.05,33,20,Donor-HCP-no-within,0.94,28.525276663458218,29.511914697195344,3.888197211868334,0,12345
5.0,0.05,33,20,Donor-HCP-within,0.98,16.32795807528952,17.115458168259625,2.3043777957555083,0,12345
5.0,0.05,33,20,HCP,1.0,,,,100,12345
5.0,0.05,33,20,Pooling,0.94,28.85797297016724,28.857972970167236,2.7426388062414207e-15,0,12345
5.0,0.05,33,20,Repeated,1.0,,,,100,12345
5.0,0.05,33,20,S-HCP-within,0.99,30.73597974765849,30.532663766449325,0.7820257012949854,0,12345
5.0,0.05,33,20,Std-CP,0.92,7.252324348797605,6.713218576430606,2.9792708930724685,0,12345
5.0,0.05,33,20,Subsampling,1.0,,,,100,12345
5.0,0.05,33,25,Donor-HCP-no-within,0.98,15.62061748655975,14.222798196360031,7.229019995135549,0,12345
5.0,0.05,33,25,Donor-HCP-within,1.0,,,,100,12345
5.0,0.05,33,25,HCP,1.0,,,,100,12345
5.0,0.05,33,25,Pooling,0.94,28.85797297016724,28.857972970167236,2.7426388062414207e-15,0,12345
5.0,0.05,33,25,Repeated,1.0,,,,100,12345
5.0,0.05,33,25,S-HCP-within,1.0,,,,100,12345
5.0,0.05,33,25,Std-CP,0.93,6.572608649235698,6.267236621442753,2.2501990803672003,0,12345
5.0,0.05,33,25,Subsampling,1.0,,,,100,12345
5.0,0.05,33,30,Donor-HCP-no-within,0.98,15.901018277335204,14.335988905346504,7.227417968843583,0,12345
5.0,0.05,33,30,Donor-HCP-within,1.0,,,,100,12345
5.0,0.05,33,30,HCP,1.0,,,,100,12345
5.0,0.05,33,30,Pooling,0.94,28.85797297016724,28.857972970167236,2.7426388062414207e-15,0,12345
5.0,0.05,33,30,Repeated,1.0,,,,100,12345
5.0,0.05,33,30,S-HCP-within,1.0,,,,100,12345
5.0,0.05,33,30,Std-CP,0.96,6.565838726863389,6.325358124759905,2.085135788205518,0,12345
5.0,0.05,33,30,Subsampling,1.0,,,,100,12345
5.0,0.05,33,35,Donor-HCP-no-within,0.99,15.947956559179937,14.579702194542012,7.234359847864852,0,12345
5.0,0.05,33,35,Donor-HCP-within,1.0,,,,100,12345
5.0,0.05,33,35,HCP,1.0,,,,100,12345
5.0,0.05,33,35,Pooling,0.94,28.85797297016724,28.857972970167236,2.7426388062414207e-15,0,12345
5.0,0.05,33,35,Repeated,1.0,,,,100,12345
5.0,0.05,33,35,S-HCP-within,1.0,,,,100,12345
5.0,0.05,33,35,Std-CP,0.98,6.3846746322158285,6.290194436615321,2.0199060166468747,0,12345
5.0,0.05,33,35,Subsampling,1.0,,,,100,12345
5.0,0.05,34,0,Donor-HCP-no-within,1.0,,,,100,12345
5.0,0.05,34,0,Donor-HCP-within,1.0,,,,100,12345
5.0,0.05,34,0,HCP,1.0,,,,100,12345
5.0,0.05,34,0,Pooling,0.78,16.767878365022735,16.767878365022735,3.173629003604356e-15,0,12345
5.0,0.05,34,0,Repeated,1.0,,,,100,12345
5.0,0.05,34,0,S-HCP-within,1.0,,,,100,12345
5.0,0.05,34,0,Std-CP,1.0,,,,100,12345
5.0,0.05,34,0,Subsampling,1.0,,,,100,12345
5.0,0.05,34,5,Donor-HCP-no-within,1.0,,,,100,12345
5.0,0.05,34,5,Donor-HCP-within,1.0,,,,100,12345
5.0,0.05,34,5,HCP,1.0,,,,100,12345
5.0,0.05,34,5,Pooling,0.78,16.767878365022735,16.767878365022735,3.173629003604356e-15,0,12345
5.0,0.05,34,5,Repeated,1.0,,,,100,12345
5.0,0.05,34,5,S-HCP-within,0.99,25.27146311654932,24.635762890947674,1.4107582460290666,0,12345
5.0,0.05,34,5,Std-CP,0.74,6.44766915495305,5.362774682803419,4.286330760061788,0,12345
5.0,0.05,34,5,Subsampling,1.0,,,,100,12345
5.0,0.05,34,10,Donor-HCP-no-within,0.99,29.87567546253672,31.149664942650958,5.549067068274111,0,12345
5.0,0.05,34,10,Donor-HCP-within,1.0,,,,100,12345
5.0,0.05,34,10,HCP,1.0,,,,100,12345
5.0,0.05,34,10,Pooling,0.78,16.767878365022735,16.767878365022735,3.173629003604356e-15,0,12345
5.0,0.05,34,10,Repeated,1.0,,,,100,12345
5.0,0.05,34,10,S-HCP-within,0.99,25.24398755292781,24.635762890947674,1.2671526476888992,0,12345
5.0,0.05,34,10,Std-CP,0.78,75.9942628472448,14.222124345849473,338.83107388871855,0,12345
5.0,0.05,34,10,Subsampling,1.0,,,,100,12345
5.0,0.05,34,15,Donor-HCP-no-within,0.92,25.201910457146287,26.212362209149042,5.459052487102353,0,12345
5.0,0.05,34,15,Donor-HCP-within,0.99,17.773000782265186,18.193635360954644,2.6626871576733744,0,12345
5.0,0.05,34,15,HCP,1.0,,,,100,12345
5.0,0.05,34,15,Pooling,0.78,16.767878365022735,16.767878365022735,3.173629003604356e-15,0,12345
5.0,0.05,34,15,Repeated,1.0,,,,100,12345
5.0,0.05,34,15,S-HCP-within,0.99,25.302703184117412,24.635762890947674,1.202219421476217,0,12345
5.0,0.05,34,15,Std-CP,0.9,9.756585145432274,8.686867045316363,5.780251371819652,0,12345
5.0,0.05,34,15,Subsampling,1.0,,,,100,12345
5.0,0.05,34,20,Donor-HCP-no-within,0.88,23.220652636964868,23.857050408355455,5.605463451458634,0,12345
5.0,0.05,34,20,Donor-HCP-within,0.93,13.382392053861194,13.422219095539102,2.157240262475157,0,12345
5.0,0.05,34,20,HCP,1.0,,,,100,12345
5.0,0.05,34,20,Pooling,0.78,16.767878365022735,16.767878365022735,3.173629003604356e-15,0,12345
5.0,0.05,34,20,Repeated,1.0,,,,100,12345
5.0,0.05,34,20,S-HCP-within,0.99,24.52080460952725,24.285914216775357,0.8187465261946069,0,12345
5.0,0.05,34,20,Std-CP,0.88,7.039732013387594,6.507870944558342,3.2937788251680273,0,12345
5.0,0.05,34,20,Subsampling,1.0,,,,100,12345
5.0,0.05,34,25,Donor-HCP-no-within,0.98,16.370398711597115,14.02409225891239,7.589788288294072,0,12345
5.0,0.05,34,25,Donor-HCP-within,1.0,,,,100,12345
5.0,0.05,34,25,HCP,1.0,,,,100,12345
5.0,0.05,34,25,Pooling,0.78,16.767878365022735,16.767878365022735,3.173629003604356e-15,0,12345
5.0,0.05,34,25,Repeated,1.0,,,,100,12345
5.0,0.05,34,25,S-HCP-within,1.0,,,,100,12345
5.0,0.05,34,25,Std-CP,0.94,6.996777847635749,6.884757266591414,2.2440834580021733,0,12345
5.0,0.05,34,25,Subsampling,1.0,,,,100,12345
5.0,0.05,34,30,Donor-HCP-no-within,1.0,16.58699818245208,14.121443497140987,7.591043010031028,0,12345
5.0,0.05,34,30,Donor-HCP-within,1.0,,,,100,12345
5.0,0.05,34,30,HCP,1.0,,,,100,12345
5.0,0.05,34,30,Pooling,0.78,16.767878365022735,16.767878365022735,3.173629003604356e-15,0,12345
5.0,0.05,34,30,Repeated,1.0,,,,100,12345
5.0,0.05,34,30,S-HCP-within,1.0,,,,100,12345
5.0,0.05,34,30,Std-CP,0.96,6.529411680670571,6.51056830714043,1.9991818708550613,0,12345
5.0,0.05,34,30,Subsampling,1.0,,,,100,12345
5.0,0.05,34,35,Donor-HCP-no-within,1.0,16.802733829769114,14.21443299271146,7.649007749895448,0,12345
5.0,0.05,34,35,Donor-HCP-within,1.0,,,,100,12345
5.0,0.05,34,35,HCP,1.0,,,,100,12345
5.0,0.05,34,35,Pooling,0.78,16.767878365022735,16.767878365022735,3.173629003604356e-15,0,12345
5.0,0.05,34,35,Repeated,1.0,,,,100,12345
5.0,0.05,34,35,S-HCP-within,1.0,,,,100,12345
5.0,0.05,34,35,Std-CP,0.98,6.898440945997615,6.6482990837313265,2.0888365764196397,0,12345
5.0,0.05,34,35,Subsampling,1.0,,,,100,12345
5.0,0.05,35,0,Donor-HCP-no-within,1.0,,,,100,12345
5.0,0.05,35,0,Donor-HCP-within,1.0,,,,100,12345
5.0,0.05,35,0,HCP,1.0,,,,100,12345
5.0,0.05,35,0,Pooling,0.9,27.31159165470237,27.311591654702372,2.6720010491855637e-15,0,12345
5.0,0.05,35,0,Repeated,1.0,,,,100,12345
5.0,0.05,35,0,S-HCP-within,1.0,,,,100,12345
5.0,0.05,35,0,Std-CP,1.0,,,,100,12345
5.0,0.05,35,0,Subsampling,1.0,,,,100,12345
5.0,0.05,35,5,Donor-HCP-no-within,1.0,,,,100,12345
5.0,0.05,35,5,Donor-HCP-within,1.0,,,,100,12345
5.0,0.05,35,5,HCP,1.0,,,,100,12345
5.0,0.05,35,5,Pooling,0.9,27.31159165470237,27.311591654702372,2.6720010491855637e-15,0,12345
5.0,0.05,35,5,Repeated,1.0,,,,100,12345
5.0,0.05,35,5,S-HCP-within,1.0,30.405853851070322,31.00293136251097,1.446956107003805,0,12345
5.0,0.05,35,5,Std-CP,0.68,6.239173520779369,4.78633198718091,7.480295340791202,0,12345
5.0,0.05,35,5,Subsampling,1.0,,,,100,12345
5.0,0.05,35,10,Donor-HCP-no-within,0.99,32.80577898715267,32.19390319101531,2.556905358987766,0,12345
5.0,0.05,35,10,Donor-HCP-within,1.0,,,,100,12345
5.0,0.05,35,10,HCP,1.0,,,,100,12345
5.0,0.05,35,10,Pooling,0.9,27.31159165470237,27.311591654702372,2.6720010491855637e-15,0,12345
5.0,0.05,35,10,Repeated,1.0,,,,100,12345
5.0,0.05,35,10,S-HCP-within,1.0,30.09374076782533,29.701042473342323,1.1901709121613915,0,12345
5.0,0.05,35,10,Std-CP,0.87,56.595184694569504,11.594909238964298,188.72337448786075,0,12345
5.0,0.05,35,10,Subsampling,1.0,,,,100,12345
5.0,0.05,35,15,Donor-HCP-no-within,0.96,28.71275733640386,28.679004894919238,3.5377023486214867,0,12345
5.0,0.05,35,15,Donor-HCP-within,0.99,18.759909259839336,18.590976784912122,2.0719618434708282,0,12345
5.0,0.05,35,15,HCP,1.0,,,,100,12345
5.0,0.05,35,15,Pooling,0.9,27.31159165470237,27.311591654702372,2.6720010491855637e-15,0,12345
5.0,0.05,35,15,Repeated,1.0,,,,100,12345
5.0,0.05,35,15,S-HCP-within,1.0,30.009223998799,29.70104247334232,0.9819112119064648,0,12345
5.0,0.05,35,15,Std-CP,0.96,9.62383013034172,7.227339672263806,10.3071209765116,0,12345
5.0,0.05,35,15,Subsampling,1.0,,,,100,12345
5.0,0.05,35,20,Donor-HCP-no-within,0.97,27.221163224719522,27.268191858413715,2.9242198571890943,0,12345
5.0,0.05,35,20,Donor-HCP-within,0.95,14.33703380049741,13.880849888601105,1.882616555630549,0,12345
5.0,0.05,35,20,HCP,1.0,,,,100,12345
5.0,0.05,35,20,Pooling,0.9,27.31159165470237,27.311591654702372,2.6720010491855637e-15,0,12345
5.0,0.05,35,20,Repeated,1.0,,,,100,12345
5.0,0.05,35,20,S-HCP-within,1.0,29.3907799375633,29.404276095504432,0.721620271143863,0,12345
5.0,0.05,35,20,Std-CP,0.93,6.966777139500156,6.438564309470594,2.958206785659577,0,12345
5.0,0.05,35,20,Subsampling,1.0,,,,100,12345
5.0,0.05,35,25,Donor-HCP-no-within,0.96,14.931909009359488,13.598123986961959,8.054276834187696,0,12345
5.0,0.05,35,25,Donor-HCP-within,1.0,,,,100,12345
5.0,0.05,35,25,HCP,1.0,,,,100,12345
5.0,0.05,35,25,Pooling,0.9,27.31159165470237,27.311591654702372,2.6720010491855637e-15,0,12345
5.0,0.05,35,25,Repeated,1.0,,,,100,12345
5.0,0.05,35,25,S-HCP-within,1.0,,,,100,12345
5.0,0.05,35,25,Std-CP,0.96,6.701514186282408,6.744941527617861,2.400726591417156,0,12345
5.0,0.05,35,25,Subsampling,1.0,,,,100,12345
5.0,0.05,35,30,Donor-HCP-no-within,0.96,15.205253247733244,13.878790224515807,8.053252221671995,0,12345
5.0,0.05,35,30,Donor-HCP-within,1.0,,,,100,12345
5.0,0.05,35,30,HCP,1.0,,,,100,12345
5.0,0.05,35,30,Pooling,0.9,27.31159165470237,27.311591654702372,2.6720010491855637e-15,0,12345
5.0,0.05,35,30,Repeated,1.0,,,,100,12345
5.0,0.05,35,30,S-HCP-within,1.0,,,,100,12345
5.0,0.05,35,30,Std-CP,0.98,6.405961214595072,6.064318308796439,1.984573313773499,0,12345
5.0,0.05,35,30,Subsampling,1.0,,,,100,12345
5.0,0.05,35,35,Donor-HCP-no-within,0.97,15.495503392470978,13.878790224515807,8.100108565138903,0,12345
5.0,0.05,35,35,Donor-HCP-within,1.0,,,,100,12345
5.0,0.05,35,35,HCP,1.0,,,,100,12345
5.0,0.05,35,35,Pooling,0.9,27.31159165470237,27.311591654702372,2.6720010491855637e-15,0,12345
5.0,0.05,35,35,Repeated,1.0,,,,100,12345
5.0,0.05,35,35,S-HCP-within,1.0,,,,100,12345
5.0,0.05,35,35,Std-CP,0.97,6.446909453891972,6.420772506448119,1.7704757442925103,0,12345
5.0,0.05,35,35,Subsampling,1.0,,,,100,12345
5.0,0.05,36,0,Donor-HCP-no-within,1.0,,,,100,12345
5.0,0.05,36,0,Donor-HCP-within,1.0,,,,100,12345
5.0,0.05,36,0,HCP,1.0,,,,100,12345
5.0,0.05,36,0,Pooling,1.0,41.848453086644696,41.848453086644696,0.0,0,12345
5.0,0.05,36,0,Repeated,1.0,,,,100,12345
5.0,0.05,36,0,S-HCP-within,1.0,,,,100,12345
5.0,0.05,36,0,Std-CP,1.0,,,,100,12345
5.0,0.05,36,0,Subsampling,1.0,,,,100,12345
5.0,0.05,36,5,Donor-HCP-no-within,1.0,,,,100,12345
5.0,0.05,36,5,Donor-HCP-within,1.0,,,,100,12345
5.0,0.05,36,5,HCP,1.0,,,,100,12345
5.0,0.05,36,5,Pooling,1.0,41.848453086644696,41.848453086644696,0.0,0,12345
5.0,0.05,36,5,Repeated,1.0,,,,100,12345
5.0,0.05,36,5,S-HCP-within,0.97,32.59152545884387,32.45047458231903,1.996420054460182,0,12345
5.0,0.05,36,5,Std-CP,0.81,6.2415276724272,5.142960558523138,4.3429739372746905,0,12345
5.0,0.05,36,5,Subsampling,1.0,,,,100,12345
5.0,0.05,36,10,Donor-HCP-no-within,1.0,39.46256169256743,38.824162962908574,7.742462334170158,0,12345
5.0,0.05,36,10,Donor-HCP-within,1.0,,,,100,12345
5.0,0.05,36,10,HCP,1.0,,,,100,12345
5.0,0.05,36,10,Pooling,1.0,41.848453086644696,41.848453086644696,0.0,0,12345
5.0,0.05,36,10,Repeated,1.0,,,,100,12345
5.0,0.05,36,10,S-HCP-within,0.98,32.77671862747476,32.80994609603012,1.6888730287689147,0,12345
5.0,0.05,36,10,Std-CP,0.86,63.842107262211705,12.075320041333782,252.97125227040422,0,12345
5.0,0.05,36,10,Subsampling,1.0,,,,100,12345
5.0,0.05,36,15,Donor-HCP-no-within,1.0,37.37886726449386,40.018851720671876,7.639705483096771,0,12345
5.0,0.05,36,15,Donor-HCP-within,1.0,26.111780136001272,26.78514617600593,4.170482863464296,0,12345
5.0,0.05,36,15,HCP,1.0,,,,100,12345
5.0,0.05,36,15,Pooling,1.0,41.848453086644696,41.848453086644696,0.0,0,12345
5.0,0.05,36,15,Repeated,1.0,,,,100,12345
5.0,0.05,36,15,S-HCP-within,0.98,32.89244668709026,32.80994609603012,1.6004888682075744,0,12345
5.0,0.05,36,15,Std-CP,0.86,8.109085024273114,6.518394818583841,4.89305089845128,0,12345
5.0,0.05,36,15,Subsampling,1.0,,,,100,12345
5.0,0.05,36,20,Donor-HCP-no-within,0.99,35.728369349749435,37.72398901405565,7.179543847330242,0,12345
5.0,0.05,36,20,Donor-HCP-within,1.0,18.89096056788683,19.59122113702938,3.0744618989795605,0,12345
5.0,0.05,36,20,HCP,1.0,,,,100,12345
5.0,0.05,36,20,Pooling,1.0,41.848453086644696,41.848453086644696,0.0,0,12345
5.0,0.05,36,20,Repeated,1.0,,,,100,12345
5.0,0.05,36,20,S-HCP-within,0.98,32.444753494903345,32.0071914491491,1.609951060348056,0,12345
5.0,0.05,36,20,Std-CP,0.93,7.497394338609284,6.936997101653215,3.638144173131278,0,12345
5.0,0.05,36,20,Subsampling,1.0,,,,100,12345
5.0,0.05,36,25,Donor-HCP-no-within,0.95,14.460732386502853,12.366540014353816,6.827405993712269,0,12345
5.0,0.05,36,25,Donor-HCP-within,1.0,,,,100,12345
5.0,0.05,36,25,HCP,1.0,,,,100,12345
5.0,0.05,36,25,Pooling,1.0,41.848453086644696,41.848453086644696,0.0,0,12345
5.0,0.05,36,25,Repeated,1.0,,,,100,12345
5.0,0.05,36,25,S-HCP-within,1.0,,,,100,12345
5.0,0.05,36,25,Std-CP,0.88,7.118226737954497,6.715396325031932,2.6521486104354053,0,12345
5.0,0.05,36,25,Subsampling,1.0,,,,100,12345
5.0,0.05,36,30,Donor-HCP-no-within,0.95,14.688892548322771,13.042668900350225,6.86598232118091,0,12345
5.0,0.05,36,30,Donor-HCP-within,1.0,,,,100,12345
5.0,0.05,36,30,HCP,1.0,,,,100,12345
5.0,0.05,36,30,Pooling,1.0,41.848453086644696,41.848453086644696,0.0,0,12345
5.0,0.05,36,30,Repeated,1.0,,,,100,12345
5.0,0.05,36,30,S-HCP-within,1.0,,,,100,12345
5.0,0.05,36,30,Std-CP,0.97,6.589316547836071,6.185544556426999,2.223483903416903,0,12345
5.0,0.05,36,30,Subsampling,1.0,,,,100,12345
5.0,0.05,36,35,Donor-HCP-no-within,0.95,14.797029737993673,13.042668900350225,6.89617819627402,0,12345
5.0,0.05,36,35,Donor-HCP-within,1.0,,,,100,12345
5.0,0.05,36,35,HCP,1.0,,,,100,12345
5.0,0.05,36,35,Pooling,1.0,41.848453086644696,41.848453086644696,0.0,0,12345
5.0,0.05,36,35,Repeated,1.0,,,,100,12345
5.0,0.05,36,35,S-HCP-within,1.0,,,,100,12345
5.0,0.05,36,35,Std-CP,0.93,6.401127185196689,6.240335883171941,1.831266137193231,0,12345
5.0,0.05,36,35,Subsampling,1.0,,,,100,12345
5.0,0.05,37,0,Donor-HCP-no-within,1.0,,,,100,12345
5.0,0.05,37,0,Donor-HCP-within,1.0,,,,100,12345
5.0,0.05,37,0,HCP,1.0,,,,100,12345
5.0,0.05,37,0,Pooling,1.0,45.754419018967226,45.754419018967226,0.0,0,12345
5.0,0.05,37,0,Repeated,1.0,,,,100,12345
5.0,0.05,37,0,S-HCP-within,1.0,,,,100,12345
5.0,0.05,37,0,Std-CP,1.0,,,,100,12345
5.0,0.05,37,0,Subsampling,1.0,,,,100,12345
5.0,0.05,37,5,Donor-HCP-no-within,1.0,,,,100,12345
5.0,0.05,37,5,Donor-HCP-within,1.0,,,,100,12345
5.0,0.05,37,5,HCP,1.0,,,,100,12345
5.0,0.05,37,5,Pooling,1.0,45.754419018967226,45.754419018967226,0.0,0,12345
5.0,0.05,37,5,Repeated,1.0,,,,100,12345
5.0,0.05,37,5,S-HCP-within,1.0,44.08595751936189,44.56364657593244,1.6246001272778,0,12345
5.0,0.05,37,5,Std-CP,0.79,6.515181315452313,4.9158812132078875,4.93349529888825,0,12345
5.0,0.05,37,5,Subsampling,1.0,,,,100,12345
5.0,0.05,37,10,Donor-HCP-no-within,1.0,46.54982845455775,48.35490376528295,5.206312759468793,0,12345
5.0,0.05,37,10,Donor-HCP-within,1.0,,,,100,12345
5.0,0.05,37,10,HCP,1.0,,,,100,12345
5.0,0.05,37,10,Pooling,1.0,45.754419018967226,45.754419018967226,0.0,0,12345
5.0,0.05,37,10,Repeated,1.0,,,,100,12345
5.0,0.05,37,10,S-HCP-within,1.0,43.75755071092547,44.009724048224435,1.0942332201927731,0,12345
5.0,0.05,37,10,Std-CP,0.85,322.31775961537335,13.973325711954809,2515.9146639385845,0,12345
5.0,0.05,37,10,Subsampling,1.0,,,,100,12345
5.0,0.05,37,15,Donor-HCP-no-within,1.0,42.712992062490656,41.22490422225671,5.072288611857456,0,12345
5.0,0.05,37,15,Donor-HCP-within,1.0,27.95368208444151,27.177519395666067,2.934763940521217,0,12345
5.0,0.05,37,15,HCP,1.0,,,,100,12345
5.0,0.05,37,15,Pooling,1.0,45.754419018967226,45.754419018967226,0.0,0,12345
5.0,0.05,37,15,Repeated,1.0,,,,100,12345
5.0,0.05,37,15,S-HCP-within,1.0,44.10491742521962,44.182720071109955,0.7969739592680771,0,12345
5.0,0.05,37,15,Std-CP,0.92,8.047558652657312,6.697812140286574,4.817698949050489,0,12345
5.0,0.05,37,15,Subsampling,1.0,,,,100,12345
5.0,0.05,37,20,Donor-HCP-no-within,0.99,41.01063563689376,39.83869168324422,5.345218270139258,0,12345
5.0,0.05,37,20,Donor-HCP-within,1.0,22.165421406996693,21.83049970131644,2.1893696425731015,0,12345
5.0,0.05,37,20,HCP,1.0,,,,100,12345
5.0,0.05,37,20,Pooling,1.0,45.754419018967226,45.754419018967226,0.0,0,12345
5.0,0.05,37,20,Repeated,1.0,,,,100,12345
5.0,0.05,37,20,S-HCP-within,1.0,43.507111305933684,43.49353684905911,0.8514888537650758,0,12345
5.0,0.05,37,20,Std-CP,0.96,6.716912151205094,6.05209793937459,2.71543912030709,0,12345
5.0,0.05,37,20,Subsampling,1.0,,,,100,12345
5.0,0.05,37,25,Donor-HCP-no-within,0.97,15.47568145631982,14.279649909612143,7.017594080024674,0,12345
5.0,0.05,37,25,Donor-HCP-within,1.0,,,,100,12345
5.0,0.05,37,25,HCP,1.0,,,,100,12345
5.0,0.05,37,25,Pooling,1.0,45.754419018967226,45.754419018967226,0.0,0,12345
5.0,0.05,37,25,Repeated,1.0,,,,100,12345
5.0,0.05,37,25,S-HCP-within,1.0,,,,100,12345
5.0,0.05,37,25,Std-CP,0.96,6.802719403329621,6.233410599077321,2.2703451412080784,0,12345
5.0,0.05,37,25,Subsampling,1.0,,,,100,12345
5.0,0.05,37,30,Donor-HCP-no-within,0.98,15.838897699229381,14.425806158703326,6.9605487491461755,0,12345
5.0,0.05,37,30,Donor-HCP-within,1.0,,,,100,12345
5.0,0.05,37,30,HCP,1.0,,,,100,12345
5.0,0.05,37,30,Pooling,1.0,45.754419018967226,45.754419018967226,0.0,0,12345
5.0,0.05,37,30,Repeated,1.0,,,,100,12345
5.0,0.05,37,30,S-HCP-within,1.0,,,,100,12345
5.0,0.05,37,30,Std-CP,0.91,6.357685381592001,5.973732711884185,2.275420191339144,0,12345
5.0,0.05,37,30,Subsampling,1.0,,,,100,12345
5.0,0.05,37,35,Donor-HCP-no-within,0.98,16.160681102093328,15.014161327881505,7.0551616015616325,0,12345
5.0,0.05,37,35,Donor-HCP-within,1.0,,,,100,12345
5.0,0.05,37,35,HCP,1.0,,,,100,12345
5.0,0.05,37,35,Pooling,1.0,45.754419018967226,45.754419018967226,0.0,0,12345
5.0,0.05,37,35,Repeated,1.0,,,,100,12345
5.0,0.05,37,35,S-HCP-within,1.0,,,,100,12345
5.0,0.05,37,35,Std-CP,0.94,6.517973383512757,6.353823416083992,1.996530649231932,0,12345
5.0,0.05,37,35,Subsampling,1.0,,,,100,12345
5.0,0.05,38,0,Donor-HCP-no-within,1.0,,,,100,12345
5.0,0.05,38,0,Donor-HCP-within,1.0,,,,100,12345
5.0,0.05,38,0,HCP,1.0,,,,100,12345
5.0,0.05,38,0,Pooling,0.97,30.188487272809965,30.188487272809965,1.1291265276791196e-15,0,12345
5.0,0.05,38,0,Repeated,1.0,,,,100,12345
5.0,0.05,38,0,S-HCP-within,1.0,,,,100,12345
5.0,0.05,38,0,Std-CP,1.0,,,,100,12345
5.0,0.05,38,0,Subsampling,1.0,,,,100,12345
5.0,0.05,38,5,Donor-HCP-no-within,1.0,,,,100,12345
5.0,0.05,38,5,Donor-HCP-within,1.0,,,,100,12345
5.0,0.05,38,5,HCP,1.0,,,,100,12345
5.0,0.05,38,5,Pooling,0.97,30.188487272809965,30.188487272809965,1.1291265276791196e-15,0,12345
5.0,0.05,38,5,Repeated,1.0,,,,100,12345
5.0,0.05,38,5,S-HCP-within,0.96,29.98171199692414,30.07822436913279,1.7669320978494538,0,12345
5.0,0.05,38,5,Std-CP,0.82,7.116424221001729,5.943879593099124,4.609956225802407,0,12345
5.0,0.05,38,5,Subsampling,1.0,,,,100,12345
5.0,0.05,38,10,Donor-HCP-no-within,0.99,36.81727051193524,34.710149227469515,3.2911390606532485,0,12345
5.0,0.05,38,10,Donor-HCP-within,1.0,,,,100,12345
5.0,0.05,38,10,HCP,1.0,,,,100,12345
5.0,0.05,38,10,Pooling,0.97,30.188487272809965,30.188487272809965,1.1291265276791196e-15,0,12345
5.0,0.05,38,10,Repeated,1.0,,,,100,12345
5.0,0.05,38,10,S-HCP-within,0.95,29.41795952355009,28.939784543564958,1.2397121448600288,0,12345
5.0,0.05,38,10,Std-CP,0.8,43.03195502068343,12.316064689497068,156.92198878090815,0,12345
5.0,0.05,38,10,Subsampling,1.0,,,,100,12345
5.0,0.05,38,15,Donor-HCP-no-within,1.0,33.699792960992085,31.918893754017333,3.1915618809356165,0,12345
5.0,0.05,38,15,Donor-HCP-within,0.99,22.012048875955692,21.42034447174848,2.0016017450311083,0,12345
5.0,0.05,38,15,HCP,1.0,,,,100,12345
5.0,0.05,38,15,Pooling,0.97,30.188487272809965,30.188487272809965,1.1291265276791196e-15,0,12345
5.0,0.05,38,15,Repeated,1.0,,,,100,12345
5.0,0.05,38,15,S-HCP-within,0.97,29.72690053239974,29.941463516917675,1.2068430208168826,0,12345
5.0,0.05,38,15,Std-CP,0.9,10.646247595395401,8.44855175546095,8.501891726305024,0,12345
5.0,0.05,38,15,Subsampling,1.0,,,,100,12345
5.0,0.05,38,20,Donor-HCP-no-within,0.98,31.50518864055013,30.577492612326377,2.8588293339771935,0,12345
5.0,0.05,38,20,Donor-HCP-within,0.99,17.509526160548695,17.156031425426463,1.6351537826101459,0,12345
5.0,0.05,38,20,HCP,1.0,,,,100,12345
5.0,0.05,38,20,Pooling,0.97,30.188487272809965,30.188487272809965,1.1291265276791196e-15,0,12345
5.0,0.05,38,20,Repeated,1.0,,,,100,12345
5.0,0.05,38,20,S-HCP-within,0.96,29.03160711912816,28.81348332214027,1.0124168444252155,0,12345
5.0,0.05,38,20,Std-CP,0.95,7.095654843365374,6.6729134848512555,2.8889228233932585,0,12345
5.0,0.05,38,20,Subsampling,1.0,,,,100,12345
5.0,0.05,38,25,Donor-HCP-no-within,0.99,14.750065832520674,12.872015657847351,6.732257148655829,0,12345
5.0,0.05,38,25,Donor-HCP-within,1.0,,,,100,12345
5.0,0.05,38,25,HCP,1.0,,,,100,12345
5.0,0.05,38,25,Pooling,0.97,30.188487272809965,30.188487272809965,1.1291265276791196e-15,0,12345
5.0,0.05,38,25,Repeated,1.0,,,,100,12345
5.0,0.05,38,25,S-HCP-within,1.0,,,,100,12345
5.0,0.05,38,25,Std-CP,0.9,6.660521540685712,6.654832131976487,2.1573170495783844,0,12345
5.0,0.05,38,25,Subsampling,1.0,,,,100,12345
5.0,0.05,38,30,Donor-HCP-no-within,0.99,14.921957816155809,13.539358316307332,6.72846617277441,0,12345
5.0,0.05,38,30,Donor-HCP-within,1.0,,,,100,12345
5.0,0.05,38,30,HCP,1.0,,,,100,12345
5.0,0.05,38,30,Pooling,0.97,30.188487272809965,30.188487272809965,1.1291265276791196e-15,0,12345
5.0,0.05,38,30,Repeated,1.0,,,,100,12345
5.0,0.05,38,30,S-HCP-within,1.0,,,,100,12345
5.0,0.05,38,30,Std-CP,0.96,6.397621018925042,6.215890417808763,1.940200926010598,0,12345
5.0,0.05,38,30,Subsampling,1.0,,,,100,12345
5.0,0.05,38,35,Donor-HCP-no-within,1.0,15.11173895502294,13.689611288241421,6.78542917869077,0,12345
5.0,0.05,38,35,Donor-HCP-within,1.0,,,,100,12345
5.0,0.05,38,35,HCP,1.0,,,,100,12345
5.0,0.05,38,35,Pooling,0.97,30.188487272809965,30.188487272809965,1.1291265276791196e-15,0,12345
5.0,0.05,38,35,Repeated,1.0,,,,100,12345
5.0,0.05,38,35,S-HCP-within,1.0,,,,100,12345
5.0,0.05,38,35,Std-CP,0.93,6.588474002989432,6.410708680173668,2.244713052227526,0,12345
5.0,0.05,38,35,Subsampling,1.0,,,,100,12345
5.0,0.05,39,0,Donor-HCP-no-within,1.0,,,,100,12345
5.0,0.05,39,0,Donor-HCP-within,1.0,,,,100,12345
5.0,0.05,39,0,HCP,1.0,,,,100,12345
5.0,0.05,39,0,Pooling,0.84,21.399732890429135,21.399732890429135,3.5706115939831736e-16,0,12345
5.0,0.05,39,0,Repeated,1.0,,,,100,12345
5.0,0.05,39,0,S-HCP-within,1.0,,,,100,12345
5.0,0.05,39,0,Std-CP,1.0,,,,100,12345
5.0,0.05,39,0,Subsampling,1.0,,,,100,12345
5.0,0.05,39,5,Donor-HCP-no-within,1.0,,,,100,12345
5.0,0.05,39,5,Donor-HCP-within,1.0,,,,100,12345
5.0,0.05,39,5,HCP,1.0,,,,100,12345
5.0,0.05,39,5,Pooling,0.84,21.399732890429135,21.399732890429135,3.5706115939831736e-16,0,12345
5.0,0.05,39,5,Repeated,1.0,,,,100,12345
5.0,0.05,39,5,S-HCP-within,0.94,26.458606211507853,26.418232005328647,2.1112038603682515,0,12345
5.0,0.05,39,5,Std-CP,0.79,6.3878979979314,5.544498060603073,3.9199437707745806,0,12345
5.0,0.05,39,5,Subsampling,1.0,,,,100,12345
5.0,0.05,39,10,Donor-HCP-no-within,0.99,27.5674476803701,26.383566868249844,3.292660846641464,0,12345
5.0,0.05,39,10,Donor-HCP-within,1.0,,,,100,12345
5.0,0.05,39,10,HCP,1.0,,,,100,12345
5.0,0.05,39,10,Pooling,0.84,21.399732890429135,21.399732890429135,3.5706115939831736e-16,0,12345
5.0,0.05,39,10,Repeated,1.0,,,,100,12345
5.0,0.05,39,10,S-HCP-within,0.95,26.318445220935264,26.110528516212707,2.4459764761774334,0,12345
5.0,0.05,39,10,Std-CP,0.81,77.84595185952047,11.468659235913384,393.85056563817324,0,12345
5.0,0.05,39,10,Subsampling,1.0,,,,100,12345
5.0,0.05,39,15,Donor-HCP-no-within,0.94,24.531087002235036,22.869921438522894,4.31589709003756,0,12345
5.0,0.05,39,15,Donor-HCP-within,0.98,16.99920555675261,16.167204949372486,2.3205494275877276,0,12345
5.0,0.05,39,15,HCP,1.0,,,,100,12345
5.0,0.05,39,15,Pooling,0.84,21.399732890429135,21.399732890429135,3.5706115939831736e-16,0,12345
5.0,0.05,39,15,Repeated,1.0,,,,100,12345
5.0,0.05,39,15,S-HCP-within,0.95,26.412821605451196,26.25311637513064,2.092876250495145,0,12345
5.0,0.05,39,15,Std-CP,0.86,9.273042699385023,7.890090315400176,5.6381907118009655,0,12345
5.0,0.05,39,15,Subsampling,1.0,,,,100,12345
5.0,0.05,39,20,Donor-HCP-no-within,0.88,23.139759906763473,22.147680250428493,3.489861984912312,0,12345
5.0,0.05,39,20,Donor-HCP-within,0.88,12.683238924238138,12.029134278869442,1.8619115214886623,0,12345
5.0,0.05,39,20,HCP,1.0,,,,100,12345
5.0,0.05,39,20,Pooling,0.84,21.399732890429135,21.399732890429135,3.5706115939831736e-16,0,12345
5.0,0.05,39,20,Repeated,1.0,,,,100,12345
5.0,0.05,39,20,S-HCP-within,0.95,26.056950694512107,25.395916718839956,2.2314144961440787,0,12345
5.0,0.05,39,20,Std-CP,0.87,6.338918827889351,5.640256840514203,2.605631806434239,0,12345
5.0,0.05,39,20,Subsampling,1.0,,,,100,12345
5.0,0.05,39,25,Donor-HCP-no-within,0.95,16.91321678370899,14.023882525911429,9.329829354147678,0,12345
5.0,0.05,39,25,Donor-HCP-within,1.0,,,,100,12345
5.0,0.05,39,25,HCP,1.0,,,,100,12345
5.0,0.05,39,25,Pooling,0.84,21.399732890429135,21.399732890429135,3.5706115939831736e-16,0,12345
5.0,0.05,39,25,Repeated,1.0,,,,100,12345
5.0,0.05,39,25,S-HCP-within,1.0,,,,100,12345
5.0,0.05,39,25,Std-CP,0.87,6.631971381231107,6.399771654300989,2.4694296523384676,0,12345
5.0,0.05,39,25,Subsampling,1.0,,,,100,12345
5.0,0.05,39,30,Donor-HCP-no-within,0.96,17.205684922248935,15.234949437887124,9.3502842878816,0,12345
5.0,0.05,39,30,Donor-HCP-within,1.0,,,,100,12345
5.0,0.05,39,30,HCP,1.0,,,,100,12345
5.0,0.05,39,30,Pooling,0.84,21.399732890429135,21.399732890429135,3.5706115939831736e-16,0,12345
5.0,0.05,39,30,Repeated,1.0,,,,100,12345
5.0,0.05,39,30,S-HCP-within,1.0,,,,100,12345
5.0,0.05,39,30,Std-CP,0.94,6.597340563938115,6.427147786769968,2.2074328950638864,0,12345
5.0,0.05,39,30,Subsampling,1.0,,,,100,12345
5.0,0.05,39,35,Donor-HCP-no-within,0.96,17.388909782551565,15.234949437887124,9.228889687141068,0,12345
5.0,0.05,39,35,Donor-HCP-within,1.0,,,,100,12345
5.0,0.05,39,35,HCP,1.0,,,,100,12345
5.0,0.05,39,35,Pooling,0.84,21.399732890429135,21.399732890429135,3.5706115939831736e-16,0,12345
5.0,0.05,39,35,Repeated,1.0,,,,100,12345
5.0,0.05,39,35,S-HCP-within,1.0,,,,100,12345
5.0,0.05,39,35,Std-CP,0.94,6.404105783309042,6.004804748665817,2.313035938387107,0,12345
5.0,0.05,39,35,Subsampling,1.0,,,,100,12345
5.0,0.05,40,0,Donor-HCP-no-within,1.0,,,,100,12345
5.0,0.05,40,0,Donor-HCP-within,1.0,,,,100,12345
5.0,0.05,40,0,HCP,1.0,,,,100,12345
5.0,0.05,40,0,Pooling,0.91,24.653492004583605,24.653492004583605,1.7492352949848955e-15,0,12345
5.0,0.05,40,0,Repeated,1.0,,,,100,12345
5.0,0.05,40,0,S-HCP-within,1.0,,,,100,12345
5.0,0.05,40,0,Std-CP,1.0,,,,100,12345
5.0,0.05,40,0,Subsampling,1.0,,,,100,12345
5.0,0.05,40,5,Donor-HCP-no-within,1.0,,,,100,12345
5.0,0.05,40,5,Donor-HCP-within,1.0,,,,100,12345
5.0,0.05,40,5,HCP,1.0,,,,100,12345
5.0,0.05,40,5,Pooling,0.91,24.653492004583605,24.653492004583605,1.7492352949848955e-15,0,12345
5.0,0.05,40,5,Repeated,1.0,,,,100,12345
5.0,0.05,40,5,S-HCP-within,0.86,19.660853210704474,18.92030856998823,3.3952273761525804,0,12345
5.0,0.05,40,5,Std-CP,0.74,5.948452638034188,5.516450673695845,3.554011894770928,0,12345
5.0,0.05,40,5,Subsampling,1.0,,,,100,12345
5.0,0.05,40,10,Donor-HCP-no-within,0.97,29.417202804373982,29.8649143637275,5.074192660187518,0,12345
5.0,0.05,40,10,Donor-HCP-within,1.0,,,,100,12345
5.0,0.05,40,10,HCP,1.0,,,,100,12345
5.0,0.05,40,10,Pooling,0.91,24.653492004583605,24.653492004583605,1.7492352949848955e-15,0,12345
5.0,0.05,40,10,Repeated,1.0,,,,100,12345
5.0,0.05,40,10,S-HCP-within,0.88,19.76867996093846,18.799095662479893,3.3654129518314226,0,12345
5.0,0.05,40,10,Std-CP,0.9,44.95595914396009,11.460981849906368,167.2890997338747,0,12345
5.0,0.05,40,10,Subsampling,1.0,,,,100,12345
5.0,0.05,40,15,Donor-HCP-no-within,0.93,26.075415500108633,26.382549456017735,4.809220654213016,0,12345
5.0,0.05,40,15,Donor-HCP-within,0.97,18.214944092676554,19.1535821938532,3.5224515759335344,0,12345
5.0,0.05,40,15,HCP,1.0,,,,100,12345
5.0,0.05,40,15,Pooling,0.91,24.653492004583605,24.653492004583605,1.7492352949848955e-15,0,12345
5.0,0.05,40,15,Repeated,1.0,,,,100,12345
5.0,0.05,40,15,S-HCP-within,0.88,19.93259865123741,19.041521477496566,3.1869570941230285,0,12345
5.0,0.05,40,15,Std-CP,0.88,9.305932314288878,7.755770849177496,6.097040921261787,0,12345
5.0,0.05,40,15,Subsampling,1.0,,,,100,12345
5.0,0.05,40,20,Donor-HCP-no-within,0.94,24.13892087398593,24.955769369648493,5.556752147191168,0,12345
5.0,0.05,40,20,Donor-HCP-within,0.93,14.260597821007904,15.013722874354514,2.8067273765054743,0,12345
5.0,0.05,40,20,HCP,1.0,,,,100,12345
5.0,0.05,40,20,Pooling,0.91,24.653492004583605,24.653492004583605,1.7492352949848955e-15,0,12345
5.0,0.05,40,20,Repeated,1.0,,,,100,12345
5.0,0.05,40,20,S-HCP-within,0.84,19.249219786914207,18.417993576286563,3.1662444471361897,0,12345
5.0,0.05,40,20,Std-CP,0.94,7.092161951676385,6.554687825862999,2.666623560126063,0,12345
5.0,0.05,40,20,Subsampling,1.0,,,,100,12345
5.0,0.05,40,25,Donor-HCP-no-within,0.98,17.13576529137504,15.961225674921726,7.996645515187523,0,12345
5.0,0.05,40,25,Donor-HCP-within,1.0,,,,100,12345
5.0,0.05,40,25,HCP,1.0,,,,100,12345
5.0,0.05,40,25,Pooling,0.91,24.653492004583605,24.653492004583605,1.7492352949848955e-15,0,12345
5.0,0.05,40,25,Repeated,1.0,,,,100,12345
5.0,0.05,40,25,S-HCP-within,1.0,,,,100,12345
5.0,0.05,40,25,Std-CP,0.98,6.696933476061653,6.4466269116887585,2.286180756332714,0,12345
5.0,0.05,40,25,Subsampling,1.0,,,,100,12345
5.0,0.05,40,30,Donor-HCP-no-within,0.98,17.295354300882448,16.340571600410655,7.986786161439841,0,12345
5.0,0.05,40,30,Donor-HCP-within,1.0,,,,100,12345
5.0,0.05,40,30,HCP,1.0,,,,100,12345
5.0,0.05,40,30,Pooling,0.91,24.653492004583605,24.653492004583605,1.7492352949848955e-15,0,12345
5.0,0.05,40,30,Repeated,1.0,,,,100,12345
5.0,0.05,40,30,S-HCP-within,1.0,,,,100,12345
5.0,0.05,40,30,Std-CP,0.94,6.33519797734146,6.200748665914686,1.885142040022443,0,12345
5.0,0.05,40,30,Subsampling,1.0,,,,100,12345
5.0,0.05,40,35,Donor-HCP-no-within,0.98,17.483805889297102,16.340571600410655,7.84736573701152,0,12345
5.0,0.05,40,35,Donor-HCP-within,1.0,,,,100,12345
5.0,0.05,40,35,HCP,1.0,,,,100,12345
5.0,0.05,40,35,Pooling,0.91,24.653492004583605,24.653492004583605,1.7492352949848955e-15,0,12345
5.0,0.05,40,35,Repeated,1.0,,,,100,12345
5.0,0.05,40,35,S-HCP-within,1.0,,,,100,12345
5.0,0.05,40,35,Std-CP,0.97,6.57181115347544,6.287884815792287,2.0536632133171517,0,12345
5.0,0.05,40,35,Subsampling,1.0,,,,100,12345
5.0,0.05,41,0,Donor-HCP-no-within,1.0,,,,100,12345
5.0,0.05,41,0,Donor-HCP-within,1.0,,,,100,12345
5.0,0.05,41,0,HCP,1.0,,,,100,12345
5.0,0.05,41,0,Pooling,0.96,25.981352608548526,25.981352608548526,0.0,0,12345
5.0,0.05,41,0,Repeated,1.0,,,,100,12345
5.0,0.05,41,0,S-HCP-within,1.0,,,,100,12345
5.0,0.05,41,0,Std-CP,1.0,,,,100,12345
5.0,0.05,41,0,Subsampling,1.0,,,,100,12345
5.0,0.05,41,5,Donor-HCP-no-within,1.0,,,,100,12345
5.0,0.05,41,5,Donor-HCP-within,1.0,,,,100,12345
5.0,0.05,41,5,HCP,1.0,,,,100,12345
5.0,0.05,41,5,Pooling,0.96,25.981352608548526,25.981352608548526,0.0,0,12345
5.0,0.05,41,5,Repeated,1.0,,,,100,12345
5.0,0.05,41,5,S-HCP-within,0.98,26.626758063519855,26.8571192772039,1.9111179595725512,0,12345
5.0,0.05,41,5,Std-CP,0.74,5.883365207045822,4.8831249642149785,4.0684682384801,0,12345
5.0,0.05,41,5,Subsampling,1.0,,,,100,12345
5.0,0.05,41,10,Donor-HCP-no-within,1.0,38.77742711431194,40.29260284066038,5.663810866285849,0,12345
5.0,0.05,41,10,Donor-HCP-within,1.0,,,,100,12345
5.0,0.05,41,10,HCP,1.0,,,,100,12345
5.0,0.05,41,10,Pooling,0.96,25.981352608548526,25.981352608548526,0.0,0,12345
5.0,0.05,41,10,Repeated,1.0,,,,100,12345
5.0,0.05,41,10,S-HCP-within,0.99,26.44327166517056,26.21318463904911,1.6400714915824743,0,12345
5.0,0.05,41,10,Std-CP,0.8,25.208532817945876,12.596023693635063,42.493919416507985,0,12345
5.0,0.05,41,10,Subsampling,1.0,,,,100,12345
5.0,0.05,41,15,Donor-HCP-no-within,1.0,32.82271084367719,33.311434696923584,5.525835459295472,0,12345
5.0,0.05,41,15,Donor-HCP-within,0.98,23.554424309643604,22.8759079312494,3.0264679219073956,0,12345
5.0,0.05,41,15,HCP,1.0,,,,100,12345
5.0,0.05,41,15,Pooling,0.96,25.981352608548526,25.981352608548526,0.0,0,12345
5.0,0.05,41,15,Repeated,1.0,,,,100,12345
5.0,0.05,41,15,S-HCP-within,0.98,26.67864900562417,26.8571192772039,1.5503512588633483,0,12345
5.0,0.05,41,15,Std-CP,0.86,10.120892759380892,7.756303757184097,9.320556597517475,0,12345
5.0,0.05,41,15,Subsampling,1.0,,,,100,12345
5.0,0.05,41,20,Donor-HCP-no-within,1.0,29.83096889148809,28.661397373520394,4.198908390869241,0,12345
5.0,0.05,41,20,Donor-HCP-within,1.0,18.217241960312396,17.575701560857866,2.504966845917542,0,12345
5.0,0.05,41,20,HCP,1.0,,,,100,12345
5.0,0.05,41,20,Pooling,0.96,25.981352608548526,25.981352608548526,0.0,0,12345
5.0,0.05,41,20,Repeated,1.0,,,,100,12345
5.0,0.05,41,20,S-HCP-within,0.98,25.88308576512864,25.654330491584908,1.6187951453780907,0,12345
5.0,0.05,41,20,Std-CP,0.92,6.719731559518485,6.178168580149716,2.6333849434786547,0,12345
5.0,0.05,41,20,Subsampling,1.0,,,,100,12345
5.0,0.05,41,25,Donor-HCP-no-within,0.95,17.575407139087893,16.084604782461536,7.465506398626167,0,12345
5.0,0.05,41,25,Donor-HCP-within,1.0,,,,100,12345
5.0,0.05,41,25,HCP,1.0,,,,100,12345
5.0,0.05,41,25,Pooling,0.96,25.981352608548526,25.981352608548526,0.0,0,12345
5.0,0.05,41,25,Repeated,1.0,,,,100,12345
5.0,0.05,41,25,S-HCP-within,1.0,,,,100,12345
5.0,0.05,41,25,Std-CP,0.9,6.728228991971109,6.0422061643886025,2.532663979288934,0,12345
5.0,0.05,41,25,Subsampling,1.0,,,,100,12345
5.0,0.05,41,30,Donor-HCP-no-within,0.95,17.92693821630521,16.29856822770966,7.481325346344862,0,12345
5.0,0.05,41,30,Donor-HCP-within,1.0,,,,100,12345
5.0,0.05,41,30,HCP,1.0,,,,100,12345
5.0,0.05,41,30,Pooling,0.96,25.981352608548526,25.981352608548526,0.0,0,12345
5.0,0.05,41,30,Repeated,1.0,,,,100,12345
5.0,0.05,41,30,S-HCP-within,1.0,,,,100,12345
5.0,0.05,41,30,Std-CP,0.92,6.4530318869826715,6.392059045018634,2.067327191898385,0,12345
5.0,0.05,41,30,Subsampling,1.0,,,,100,12345
5.0,0.05,41,35,Donor-HCP-no-within,0.95,18.213857759398987,16.51126908282726,7.583955998423029,0,12345
5.0,0.05,41,35,Donor-HCP-within,1.0,,,,100,12345
5.0,0.05,41,35,HCP,1.0,,,,100,12345
5.0,0.05,41,35,Pooling,0.96,25.981352608548526,25.981352608548526,0.0,0,12345
5.0,0.05,41,35,Repeated,1.0,,,,100,12345
5.0,0.05,41,35,S-HCP-within,1.0,,,,100,12345
5.0,0.05,41,35,Std-CP,0.86,6.5674819062767655,6.21034875559844,2.0453056864868677,0,12345
5.0,0.05,41,35,Subsampling,1.0,,,,100,12345
5.0,0.05,42,0,Donor-HCP-no-within,1.0,,,,100,12345
5.0,0.05,42,0,Donor-HCP-within,1.0,,,,100,12345
5.0,0.05,42,0,HCP,1.0,,,,100,12345
5.0,0.05,42,0,Pooling,0.85,46.738028866386564,46.73802886638657,7.141223187966347e-16,0,12345
5.0,0.05,42,0,Repeated,1.0,,,,100,12345
5.0,0.05,42,0,S-HCP-within,1.0,,,,100,12345
5.0,0.05,42,0,Std-CP,1.0,,,,100,12345
5.0,0.05,42,0,Subsampling,1.0,,,,100,12345
5.0,0.05,42,5,Donor-HCP-no-within,1.0,,,,100,12345
5.0,0.05,42,5,Donor-HCP-within,1.0,,,,100,12345
5.0,0.05,42,5,HCP,1.0,,,,100,12345
5.0,0.05,42,5,Pooling,0.85,46.738028866386564,46.73802886638657,7.141223187966347e-16,0,12345
5.0,0.05,42,5,Repeated,1.0,,,,100,12345
5.0,0.05,42,5,S-HCP-within,0.97,27.31869172154019,27.19940489441815,1.9326556056727335,0,12345
5.0,0.05,42,5,Std-CP,0.84,6.783685126795523,5.438080062428079,4.859396599439491,0,12345
5.0,0.05,42,5,Subsampling,1.0,,,,100,12345
5.0,0.05,42,10,Donor-HCP-no-within,1.0,47.405407041900624,45.73769484119239,9.576670607376194,0,12345
5.0,0.05,42,10,Donor-HCP-within,1.0,,,,100,12345
5.0,0.05,42,10,HCP,1.0,,,,100,12345
5.0,0.05,42,10,Pooling,0.85,46.738028866386564,46.73802886638657,7.141223187966347e-16,0,12345
5.0,0.05,42,10,Repeated,1.0,,,,100,12345
5.0,0.05,42,10,S-HCP-within,0.96,26.98027042192406,26.283798601016542,1.9080628275370792,0,12345
5.0,0.05,42,10,Std-CP,0.87,63.91041491473379,12.619318658238578,370.0278033917975,0,12345
5.0,0.05,42,10,Subsampling,1.0,,,,100,12345
5.0,0.05,42,15,Donor-HCP-no-within,0.92,40.13912927917673,40.07329453314442,9.827100713223375,0,12345
5.0,0.05,42,15,Donor-HCP-within,0.96,26.979664682122074,26.126642561864053,6.104613538871555,0,12345
5.0,0.05,42,15,HCP,1.0,,,,100,12345
5.0,0.05,42,15,Pooling,0.85,46.738028866386564,46.73802886638657,7.141223187966347e-16,0,12345
5.0,0.05,42,15,Repeated,1.0,,,,100,12345
5.0,0.05,42,15,S-HCP-within,0.96,27.19400891480392,27.19940489441815,1.569800503939131,0,12345
5.0,0.05,42,15,Std-CP,0.93,9.585415183791653,8.041575130839417,6.810075178344325,0,12345
5.0,0.05,42,15,Subsampling,1.0,,,,100,12345
5.0,0.05,42,20,Donor-HCP-no-within,0.88,40.0443342460952,37.72420439925419,10.768431849960956,0,12345
5.0,0.05,42,20,Donor-HCP-within,0.93,20.527220869558423,20.01304439094796,5.370227745631639,0,12345
5.0,0.05,42,20,HCP,1.0,,,,100,12345
5.0,0.05,42,20,Pooling,0.85,46.738028866386564,46.73802886638657,7.141223187966347e-16,0,12345
5.0,0.05,42,20,Repeated,1.0,,,,100,12345
5.0,0.05,42,20,S-HCP-within,0.97,26.36844450816739,26.14289246103629,1.6411245134184262,0,12345
5.0,0.05,42,20,Std-CP,0.94,6.965516546986423,6.763488722383446,2.2614850553663293,0,12345
5.0,0.05,42,20,Subsampling,1.0,,,,100,12345
5.0,0.05,42,25,Donor-HCP-no-within,0.97,18.52337859815358,17.296033689246464,8.539566703433202,0,12345
5.0,0.05,42,25,Donor-HCP-within,1.0,,,,100,12345
5.0,0.05,42,25,HCP,1.0,,,,100,12345
5.0,0.05,42,25,Pooling,0.85,46.738028866386564,46.73802886638657,7.141223187966347e-16,0,12345
5.0,0.05,42,25,Repeated,1.0,,,,100,12345
5.0,0.05,42,25,S-HCP-within,1.0,,,,100,12345
5.0,0.05,42,25,Std-CP,0.89,6.571231416634501,6.058052499231973,2.17965843639935,0,12345
5.0,0.05,42,25,Subsampling,1.0,,,,100,12345
5.0,0.05,42,30,Donor-HCP-no-within,0.98,18.80559096484612,17.553271817649588,8.431725733464422,0,12345
5.0,0.05,42,30,Donor-HCP-within,1.0,,,,100,12345
5.0,0.05,42,30,HCP,1.0,,,,100,12345
5.0,0.05,42,30,Pooling,0.85,46.738028866386564,46.73802886638657,7.141223187966347e-16,0,12345
5.0,0.05,42,30,Repeated,1.0,,,,100,12345
5.0,0.05,42,30,S-HCP-within,1.0,,,,100,12345
5.0,0.05,42,30,Std-CP,0.96,6.6998323849249015,6.406784039224395,2.1079028731073324,0,12345
5.0,0.05,42,30,Subsampling,1.0,,,,100,12345
5.0,0.05,42,35,Donor-HCP-no-within,0.98,19.039158134727874,17.829209297319064,8.435084626703576,0,12345
5.0,0.05,42,35,Donor-HCP-within,1.0,,,,100,12345
5.0,0.05,42,35,HCP,1.0,,,,100,12345
5.0,0.05,42,35,Pooling,0.85,46.738028866386564,46.73802886638657,7.141223187966347e-16,0,12345
5.0,0.05,42,35,Repeated,1.0,,,,100,12345
5.0,0.05,42,35,S-HCP-within,1.0,,,,100,12345
5.0,0.05,42,35,Std-CP,0.96,6.691170744287779,6.472944091331696,1.95214656530765,0,12345
5.0,0.05,42,35,Subsampling,1.0,,,,100,12345
5.0,0.05,43,0,Donor-HCP-no-within,1.0,,,,100,12345
5.0,0.05,43,0,Donor-HCP-within,1.0,,,,100,12345
5.0,0.05,43,0,HCP,1.0,,,,100,12345
5.0,0.05,43,0,Pooling,0.99,87.2449694719813,87.2449694719813,0.0,0,12345
5.0,0.05,43,0,Repeated,1.0,,,,100,12345
5.0,0.05,43,0,S-HCP-within,1.0,,,,100,12345
5.0,0.05,43,0,Std-CP,1.0,,,,100,12345
5.0,0.05,43,0,Subsampling,1.0,,,,100,12345
5.0,0.05,43,5,Donor-HCP-no-within,1.0,,,,100,12345
5.0,0.05,43,5,Donor-HCP-within,1.0,,,,100,12345
5.0,0.05,43,5,HCP,1.0,,,,100,12345
5.0,0.05,43,5,Pooling,0.99,87.2449694719813,87.2449694719813,0.0,0,12345
5.0,0.05,43,5,Repeated,1.0,,,,100,12345
5.0,0.05,43,5,S-HCP-within,0.97,73.11228090912854,72.66442586482103,2.6513345286387935,0,12345
5.0,0.05,43,5,Std-CP,0.8,6.428090088222174,5.5728591486355725,4.4099948391535575,0,12345
5.0,0.05,43,5,Subsampling,1.0,,,,100,12345
5.0,0.05,43,10,Donor-HCP-no-within,1.0,63.9451579865371,70.91519860278842,16.845005545861987,0,12345
5.0,0.05,43,10,Donor-HCP-within,1.0,,,,100,12345
5.0,0.05,43,10,HCP,1.0,,,,100,12345
5.0,0.05,43,10,Pooling,0.99,87.2449694719813,87.2449694719813,0.0,0,12345
5.0,0.05,43,10,Repeated,1.0,,,,100,12345
5.0,0.05,43,10,S-HCP-within,0.97,73.21616610045552,72.69075209071111,2.407523333265931,0,12345
5.0,0.05,43,10,Std-CP,0.83,22.787153312986852,11.641423696749172,36.472293790945024,0,12345
5.0,0.05,43,10,Subsampling,1.0,,,,100,12345
5.0,0.05,43,15,Donor-HCP-no-within,0.99,63.73673374245973,70.2800907787354,15.361592931827154,0,12345
5.0,0.05,43,15,Donor-HCP-within,0.99,39.97094321703379,44.17955389832545,9.90821509253296,0,12345
5.0,0.05,43,15,HCP,1.0,,,,100,12345
5.0,0.05,43,15,Pooling,0.99,87.2449694719813,87.2449694719813,0.0,0,12345
5.0,0.05,43,15,Repeated,1.0,,,,100,12345
5.0,0.05,43,15,S-HCP-within,0.97,73.04080620677578,72.7170783166012,2.0438933042425744,0,12345
5.0,0.05,43,15,Std-CP,0.93,9.116555410209834,7.416667171841404,6.803471670665534,0,12345
5.0,0.05,43,15,Subsampling,1.0,,,,100,12345
5.0,0.05,43,20,Donor-HCP-no-within,1.0,61.84284515392256,67.3356606097246,15.344122014333015,0,12345
5.0,0.05,43,20,Donor-HCP-within,0.98,31.946050949908898,35.10469864647942,7.895948826659384,0,12345
5.0,0.05,43,20,HCP,1.0,,,,100,12345
5.0,0.05,43,20,Pooling,0.99,87.2449694719813,87.2449694719813,0.0,0,12345
5.0,0.05,43,20,Repeated,1.0,,,,100,12345
5.0,0.05,43,20,S-HCP-within,0.97,72.62807488708296,72.66442586482103,1.9744359983480018,0,12345
5.0,0.05,43,20,Std-CP,0.95,6.61841387404532,6.239909017273623,2.772653169658694,0,12345
5.0,0.05,43,20,Subsampling,1.0,,,,100,12345
5.0,0.05,43,25,Donor-HCP-no-within,0.97,17.946003356849534,17.39750296520569,7.55324836044379,0,12345
5.0,0.05,43,25,Donor-HCP-within,1.0,,,,100,12345
5.0,0.05,43,25,HCP,1.0,,,,100,12345
5.0,0.05,43,25,Pooling,0.99,87.2449694719813,87.2449694719813,0.0,0,12345
5.0,0.05,43,25,Repeated,1.0,,,,100,12345
5.0,0.05,43,25,S-HCP-within,1.0,,,,100,12345
5.0,0.05,43,25,Std-CP,0.97,6.765942180737515,6.254891587989751,2.558665766264548,0,12345
5.0,0.05,43,25,Subsampling,1.0,,,,100,12345
5.0,0.05,43,30,Donor-HCP-no-within,0.97,18.125617136830964,17.39750296520569,7.652038353546806,0,12345
5.0,0.05,43,30,Donor-HCP-within,1.0,,,,100,12345
5.0,0.05,43,30,HCP,1.0,,,,100,12345
5.0,0.05,43,30,Pooling,0.99,87.2449694719813,87.2449694719813,0.0,0,12345
5.0,0.05,43,30,Repeated,1.0,,,,100,12345
5.0,0.05,43,30,S-HCP-within,1.0,,,,100,12345
5.0,0.05,43,30,Std-CP,0.97,6.278045752288906,5.928290054198676,2.2456324830356817,0,12345
5.0,0.05,43,30,Subsampling,1.0,,,,100,12345
5.0,0.05,43,35,Donor-HCP-no-within,0.97,18.453367147038296,17.751523863170988,7.666120630387157,0,12345
5.0,0.05,43,35,Donor-HCP-within,1.0,,,,100,12345
5.0,0.05,43,35,HCP,1.0,,,,100,12345
5.0,0.05,43,35,Pooling,0.99,87.2449694719813,87.2449694719813,0.0,0,12345
5.0,0.05,43,35,Repeated,1.0,,,,100,12345
5.0,0.05,43,35,S-HCP-within,1.0,,,,100,12345
5.0,0.05,43,35,Std-CP,0.96,6.533811360371397,6.109361594148538,2.206376419372487,0,12345
5.0,0.05,43,35,Subsampling,1.0,,,,100,12345
5.0,0.05,44,0,Donor-HCP-no-within,1.0,,,,100,12345
5.0,0.05,44,0,Donor-HCP-within,1.0,,,,100,12345
5.0,0.05,44,0,HCP,1.0,,,,100,12345
5.0,0.05,44,0,Pooling,1.0,44.67793819491416,44.67793819491416,0.0,0,12345
5.0,0.05,44,0,Repeated,1.0,,,,100,12345
5.0,0.05,44,0,S-HCP-within,1.0,,,,100,12345
5.0,0.05,44,0,Std-CP,1.0,,,,100,12345
5.0,0.05,44,0,Subsampling,1.0,,,,100,12345
5.0,0.05,44,5,Donor-HCP-no-within,1.0,,,,100,12345
5.0,0.05,44,5,Donor-HCP-within,1.0,,,,100,12345
5.0,0.05,44,5,HCP,1.0,,,,100,12345
5.0,0.05,44,5,Pooling,1.0,44.67793819491416,44.67793819491416,0.0,0,12345
5.0,0.05,44,5,Repeated,1.0,,,,100,12345
5.0,0.05,44,5,S-HCP-within,0.98,32.86895188465653,32.43568142334258,2.234428723455036,0,12345
5.0,0.05,44,5,Std-CP,0.83,6.876856460655354,5.477332151929417,5.617454789267432,0,12345
5.0,0.05,44,5,Subsampling,1.0,,,,100,12345
5.0,0.05,44,10,Donor-HCP-no-within,1.0,50.019478643923165,52.491060180438566,5.449190415884283,0,12345
5.0,0.05,44,10,Donor-HCP-within,1.0,,,,100,12345
5.0,0.05,44,10,HCP,1.0,,,,100,12345
5.0,0.05,44,10,Pooling,1.0,44.67793819491416,44.67793819491416,0.0,0,12345
5.0,0.05,44,10,Repeated,1.0,,,,100,12345
5.0,0.05,44,10,S-HCP-within,0.98,32.56094981139637,32.43568142334259,1.871840272800721,0,12345
5.0,0.05,44,10,Std-CP,0.83,29.36396938532042,12.119849796023471,53.101344508657085,0,12345
5.0,0.05,44,10,Subsampling,1.0,,,,100,12345
5.0,0.05,44,15,Donor-HCP-no-within,1.0,43.657467437111215,45.87954763935733,6.196454267939388,0,12345
5.0,0.05,44,15,Donor-HCP-within,1.0,30.662245271233143,31.646103114483935,2.7303182909684196,0,12345
5.0,0.05,44,15,HCP,1.0,,,,100,12345
5.0,0.05,44,15,Pooling,1.0,44.67793819491416,44.67793819491416,0.0,0,12345
5.0,0.05,44,15,Repeated,1.0,,,,100,12345
5.0,0.05,44,15,S-HCP-within,0.98,32.671389736849825,32.915893445248834,1.6008265246687223,0,12345
5.0,0.05,44,15,Std-CP,0.91,8.493289445463645,7.6459005817495616,4.9143074272554275,0,12345
5.0,0.05,44,15,Subsampling,1.0,,,,100,12345
5.0,0.05,44,20,Donor-HCP-no-within,1.0,41.228540932494305,43.069063195572824,6.104617265085866,0,12345
5.0,0.05,44,20,Donor-HCP-within,1.0,22.24832606406783,22.74440502748245,2.2729322107498717,0,12345
5.0,0.05,44,20,HCP,1.0,,,,100,12345
5.0,0.05,44,20,Pooling,1.0,44.67793819491416,44.67793819491416,0.0,0,12345
5.0,0.05,44,20,Repeated,1.0,,,,100,12345
5.0,0.05,44,20,S-HCP-within,0.98,31.910122245816495,31.652527657027512,1.6162009071053767,0,12345
5.0,0.05,44,20,Std-CP,0.94,7.046572691725143,6.577134141768609,2.7116901894275434,0,12345
5.0,0.05,44,20,Subsampling,1.0,,,,100,12345
5.0,0.05,44,25,Donor-HCP-no-within,0.98,14.948362330452898,14.599248750449082,6.28575284873788,0,12345
5.0,0.05,44,25,Donor-HCP-within,1.0,,,,100,12345
5.0,0.05,44,25,HCP,1.0,,,,100,12345
5.0,0.05,44,25,Pooling,1.0,44.67793819491416,44.67793819491416,0.0,0,12345
5.0,0.05,44,25,Repeated,1.0,,,,100,12345
5.0,0.05,44,25,S-HCP-within,1.0,,,,100,12345
5.0,0.05,44,25,Std-CP,0.92,6.892455742845433,6.481320572165298,2.50419970146407,0,12345
5.0,0.05,44,25,Subsampling,1.0,,,,100,12345
5.0,0.05,44,30,Donor-HCP-no-within,0.98,15.163298944144753,14.599248750449082,6.127696004870636,0,12345
5.0,0.05,44,30,Donor-HCP-within,1.0,,,,100,12345
5.0,0.05,44,30,HCP,1.0,,,,100,12345
5.0,0.05,44,30,Pooling,1.0,44.67793819491416,44.67793819491416,0.0,0,12345
5.0,0.05,44,30,Repeated,1.0,,,,100,12345
5.0,0.05,44,30,S-HCP-within,1.0,,,,100,12345
5.0,0.05,44,30,Std-CP,0.96,6.513462539906528,6.1483871297400015,2.0582079731132685,0,12345
5.0,0.05,44,30,Subsampling,1.0,,,,100,12345
5.0,0.05,44,35,Donor-HCP-no-within,0.98,15.278114588144728,14.599248750449082,6.106136775411122,0,12345
5.0,0.05,44,35,Donor-HCP-within,1.0,,,,100,12345
5.0,0.05,44,35,HCP,1.0,,,,100,12345
5.0,0.05,44,35,Pooling,1.0,44.67793819491416,44.67793819491416,0.0,0,12345
5.0,0.05,44,35,Repeated,1.0,,,,100,12345
5.0,0.05,44,35,S-HCP-within,1.0,,,,100,12345
5.0,0.05,44,35,Std-CP,0.96,6.441413445711942,6.323697580536397,1.6466085940586217,0,12345
5.0,0.05,44,35,Subsampling,1.0,,,,100,12345
5.0,0.05,45,0,Donor-HCP-no-within,1.0,,,,100,12345
5.0,0.05,45,0,Donor-HCP-within,1.0,,,,100,12345
5.0,0.05,45,0,HCP,1.0,,,,100,12345
5.0,0.05,45,0,Pooling,0.87,21.025635065782115,21.02563506578212,5.04960734217762e-16,0,12345
5.0,0.05,45,0,Repeated,1.0,,,,100,12345
5.0,0.05,45,0,S-HCP-within,1.0,,,,100,12345
5.0,0.05,45,0,Std-CP,1.0,,,,100,12345
5.0,0.05,45,0,Subsampling,1.0,,,,100,12345
5.0,0.05,45,5,Donor-HCP-no-within,1.0,,,,100,12345
5.0,0.05,45,5,Donor-HCP-within,1.0,,,,100,12345
5.0,0.05,45,5,HCP,1.0,,,,100,12345
5.0,0.05,45,5,Pooling,0.87,21.025635065782115,21.02563506578212,5.04960734217762e-16,0,12345
5.0,0.05,45,5,Repeated,1.0,,,,100,12345
5.0,0.05,45,5,S-HCP-within,1.0,25.273536956436487,25.171261781101645,1.0499917838079669,0,12345
5.0,0.05,45,5,Std-CP,0.79,6.0029585557551615,5.17661412958544,3.6653384739176214,0,12345
5.0,0.05,45,5,Subsampling,1.0,,,,100,12345
5.0,0.05,45,10,Donor-HCP-no-within,1.0,26.92903628135699,26.90837407280658,3.0087233202418946,0,12345
5.0,0.05,45,10,Donor-HCP-within,1.0,,,,100,12345
5.0,0.05,45,10,HCP,1.0,,,,100,12345
5.0,0.05,45,10,Pooling,0.87,21.025635065782115,21.02563506578212,5.04960734217762e-16,0,12345
5.0,0.05,45,10,Repeated,1.0,,,,100,12345
5.0,0.05,45,10,S-HCP-within,1.0,25.178812178819204,25.157030083193696,0.8289510113431694,0,12345
5.0,0.05,45,10,Std-CP,0.83,42.11268264247871,12.32859223966436,142.54161409911973,0,12345
5.0,0.05,45,10,Subsampling,1.0,,,,100,12345
5.0,0.05,45,15,Donor-HCP-no-within,0.94,23.59327599388869,23.045114934241454,2.9898038720572866,0,12345
5.0,0.05,45,15,Donor-HCP-within,0.97,16.80807968034023,16.50159573880058,2.099200040390653,0,12345
5.0,0.05,45,15,HCP,1.0,,,,100,12345
5.0,0.05,45,15,Pooling,0.87,21.025635065782115,21.02563506578212,5.04960734217762e-16,0,12345
5.0,0.05,45,15,Repeated,1.0,,,,100,12345
5.0,0.05,45,15,S-HCP-within,0.99,25.252274733200423,25.157030083193696,0.628584610366165,0,12345
5.0,0.05,45,15,Std-CP,0.88,8.524368442390543,7.706326374941032,4.519752654058135,0,12345
5.0,0.05,45,15,Subsampling,1.0,,,,100,12345
5.0,0.05,45,20,Donor-HCP-no-within,0.92,22.073526159081013,21.621914871366105,2.541201615757698,0,12345
5.0,0.05,45,20,Donor-HCP-within,0.93,12.787499360922562,12.603096832235885,1.3396313170482275,0,12345
5.0,0.05,45,20,HCP,1.0,,,,100,12345
5.0,0.05,45,20,Pooling,0.87,21.025635065782115,21.02563506578212,5.04960734217762e-16,0,12345
5.0,0.05,45,20,Repeated,1.0,,,,100,12345
5.0,0.05,45,20,S-HCP-within,1.0,24.923805738756524,24.990542381668675,0.5608828893110727,0,12345
5.0,0.05,45,20,Std-CP,0.96,7.225963634714808,6.808022801968949,2.6013228015276324,0,12345
5.0,0.05,45,20,Subsampling,1.0,,,,100,12345
5.0,0.05,45,25,Donor-HCP-no-within,0.97,15.826659223175389,14.271716341072143,6.98506051998662,0,12345
5.0,0.05,45,25,Donor-HCP-within,1.0,,,,100,12345
5.0,0.05,45,25,HCP,1.0,,,,100,12345
5.0,0.05,45,25,Pooling,0.87,21.025635065782115,21.02563506578212,5.04960734217762e-16,0,12345
5.0,0.05,45,25,Repeated,1.0,,,,100,12345
5.0,0.05,45,25,S-HCP-within,1.0,,,,100,12345
5.0,0.05,45,25,Std-CP,0.98,7.069927263716417,6.519310109508167,2.7646008372162614,0,12345
5.0,0.05,45,25,Subsampling,1.0,,,,100,12345
5.0,0.05,45,30,Donor-HCP-no-within,0.99,16.057500292523603,14.779691155248326,6.907104438675225,0,12345
5.0,0.05,45,30,Donor-HCP-within,1.0,,,,100,12345
5.0,0.05,45,30,HCP,1.0,,,,100,12345
5.0,0.05,45,30,Pooling,0.87,21.025635065782115,21.02563506578212,5.04960734217762e-16,0,12345
5.0,0.05,45,30,Repeated,1.0,,,,100,12345
5.0,0.05,45,30,S-HCP-within,1.0,,,,100,12345
5.0,0.05,45,30,Std-CP,0.94,6.630741874475787,6.1053396197824625,2.3328401707984385,0,12345
5.0,0.05,45,30,Subsampling,1.0,,,,100,12345
5.0,0.05,45,35,Donor-HCP-no-within,0.99,16.159904498481588,14.99018632074744,6.884691825997588,0,12345
5.0,0.05,45,35,Donor-HCP-within,1.0,,,,100,12345
5.0,0.05,45,35,HCP,1.0,,,,100,12345
5.0,0.05,45,35,Pooling,0.87,21.025635065782115,21.02563506578212,5.04960734217762e-16,0,12345
5.0,0.05,45,35,Repeated,1.0,,,,100,12345
5.0,0.05,45,35,S-HCP-within,1.0,,,,100,12345
5.0,0.05,45,35,Std-CP,0.95,6.692803151505584,5.990461997444292,2.389783048316017,0,12345
5.0,0.05,45,35,Subsampling,1.0,,,,100,12345
5.0,0.05,46,0,Donor-HCP-no-within,1.0,,,,100,12345
5.0,0.05,46,0,Donor-HCP-within,1.0,,,,100,12345
5.0,0.05,46,0,HCP,1.0,,,,100,12345
5.0,0.05,46,0,Pooling,0.82,17.01774167237518,17.01774167237518,0.0,0,12345
5.0,0.05,46,0,Repeated,1.0,,,,100,12345
5.0,0.05,46,0,S-HCP-within,1.0,,,,100,12345
5.0,0.05,46,0,Std-CP,1.0,,,,100,12345
5.0,0.05,46,0,Subsampling,1.0,,,,100,12345
5.0,0.05,46,5,Donor-HCP-no-within,1.0,,,,100,12345
5.0,0.05,46,5,Donor-HCP-within,1.0,,,,100,12345
5.0,0.05,46,5,HCP,1.0,,,,100,12345
5.0,0.05,46,5,Pooling,0.82,17.01774167237518,17.01774167237518,0.0,0,12345
5.0,0.05,46,5,Repeated,1.0,,,,100,12345
5.0,0.05,46,5,S-HCP-within,0.95,19.161582973829162,18.373213936929417,2.412884492912968,0,12345
5.0,0.05,46,5,Std-CP,0.8,6.3359594006403475,5.653544636025872,3.6290688454474966,0,12345
5.0,0.05,46,5,Subsampling,1.0,,,,100,12345
5.0,0.05,46,10,Donor-HCP-no-within,0.99,29.8020321761983,33.051320835265,5.8767388610330995,0,12345
5.0,0.05,46,10,Donor-HCP-within,1.0,,,,100,12345
5.0,0.05,46,10,HCP,1.0,,,,100,12345
5.0,0.05,46,10,Pooling,0.82,17.01774167237518,17.01774167237518,0.0,0,12345
5.0,0.05,46,10,Repeated,1.0,,,,100,12345
5.0,0.05,46,10,S-HCP-within,0.91,18.85129781269819,18.34783243935728,2.135282675895585,0,12345
5.0,0.05,46,10,Std-CP,0.9,26.888123563173675,11.719438234874847,39.23297994621473,0,12345
5.0,0.05,46,10,Subsampling,1.0,,,,100,12345
5.0,0.05,46,15,Donor-HCP-no-within,0.95,25.51021586327496,26.81992543047751,4.907530811098717,0,12345
5.0,0.05,46,15,Donor-HCP-within,0.97,17.07038785226647,17.35118310585664,3.2583384447344863,0,12345
5.0,0.05,46,15,HCP,1.0,,,,100,12345
5.0,0.05,46,15,Pooling,0.82,17.01774167237518,17.01774167237518,0.0,0,12345
5.0,0.05,46,15,Repeated,1.0,,,,100,12345
5.0,0.05,46,15,S-HCP-within,0.93,19.155439176496223,18.37321393692942,2.216863687223842,0,12345
5.0,0.05,46,15,Std-CP,0.89,9.335036306667337,7.890887826940771,5.840628471194519,0,12345
5.0,0.05,46,15,Subsampling,1.0,,,,100,12345
5.0,0.05,46,20,Donor-HCP-no-within,0.91,24.12391385735522,24.619544581617113,4.465626321990618,0,12345
5.0,0.05,46,20,Donor-HCP-within,0.93,13.01425820560002,13.712840098510547,2.2916088199670583,0,12345
5.0,0.05,46,20,HCP,1.0,,,,100,12345
5.0,0.05,46,20,Pooling,0.82,17.01774167237518,17.01774167237518,0.0,0,12345
5.0,0.05,46,20,Repeated,1.0,,,,100,12345
5.0,0.05,46,20,S-HCP-within,0.89,18.510524900553634,17.929036676982555,1.6458253918221806,0,12345
5.0,0.05,46,20,Std-CP,0.91,7.101033402484342,6.466645968219517,2.9250259846616884,0,12345
5.0,0.05,46,20,Subsampling,1.0,,,,100,12345
5.0,0.05,46,25,Donor-HCP-no-within,0.98,15.884537660332931,15.110055856800749,6.6269845974490424,0,12345
5.0,0.05,46,25,Donor-HCP-within,1.0,,,,100,12345
5.0,0.05,46,25,HCP,1.0,,,,100,12345
5.0,0.05,46,25,Pooling,0.82,17.01774167237518,17.01774167237518,0.0,0,12345
5.0,0.05,46,25,Repeated,1.0,,,,100,12345
5.0,0.05,46,25,S-HCP-within,1.0,,,,100,12345
5.0,0.05,46,25,Std-CP,0.91,6.46531492009677,6.139910597427567,2.1632858855766486,0,12345
5.0,0.05,46,25,Subsampling,1.0,,,,100,12345
5.0,0.05,46,30,Donor-HCP-no-within,0.98,16.142696394740096,15.361202944784432,6.581183493738725,0,12345
5.0,0.05,46,30,Donor-HCP-within,1.0,,,,100,12345
5.0,0.05,46,30,HCP,1.0,,,,100,12345
5.0,0.05,46,30,Pooling,0.82,17.01774167237518,17.01774167237518,0.0,0,12345
5.0,0.05,46,30,Repeated,1.0,,,,100,12345
5.0,0.05,46,30,S-HCP-within,1.0,,,,100,12345
5.0,0.05,46,30,Std-CP,0.95,6.377922358026056,5.794308306236993,2.035246406026966,0,12345
5.0,0.05,46,30,Subsampling,1.0,,,,100,12345
5.0,0.05,46,35,Donor-HCP-no-within,0.98,16.408112572014524,15.722206779861843,6.538703215405185,0,12345
5.0,0.05,46,35,Donor-HCP-within,1.0,,,,100,12345
5.0,0.05,46,35,HCP,1.0,,,,100,12345
5.0,0.05,46,35,Pooling,0.82,17.01774167237518,17.01774167237518,0.0,0,12345
5.0,0.05,46,35,Repeated,1.0,,,,100,12345
5.0,0.05,46,35,S-HCP-within,1.0,,,,100,12345
5.0,0.05,46,35,Std-CP,0.94,6.346336164219528,5.908028199686215,1.8825232171956747,0,12345
5.0,0.05,46,35,Subsampling,1.0,,,,100,12345
5.0,0.05,47,0,Donor-HCP-no-within,1.0,,,,100,12345
5.0,0.05,47,0,Donor-HCP-within,1.0,,,,100,12345
5.0,0.05,47,0,HCP,1.0,,,,100,12345
5.0,0.05,47,0,Pooling,0.85,22.267596478037095,22.267596478037092,7.984130245395255e-16,0,12345
5.0,0.05,47,0,Repeated,1.0,,,,100,12345
5.0,0.05,47,0,S-HCP-within,1.0,,,,100,12345
5.0,0.05,47,0,Std-CP,1.0,,,,100,12345
5.0,0.05,47,0,Subsampling,1.0,,,,100,12345
5.0,0.05,47,5,Donor-HCP-no-within,1.0,,,,100,12345
5.0,0.05,47,5,Donor-HCP-within,1.0,,,,100,12345
5.0,0.05,47,5,HCP,1.0,,,,100,12345
5.0,0.05,47,5,Pooling,0.85,22.267596478037095,22.267596478037092,7.984130245395255e-16,0,12345
5.0,0.05,47,5,Repeated,1.0,,,,100,12345
5.0,0.05,47,5,S-HCP-within,0.96,33.825020882850644,33.58525700892863,2.642631691385518,0,12345
5.0,0.05,47,5,Std-CP,0.74,6.07341472201441,4.647975154399745,5.14282869679875,0,12345
5.0,0.05,47,5,Subsampling,1.0,,,,100,12345
5.0,0.05,47,10,Donor-HCP-no-within,0.97,36.73124040851351,39.02520240454052,6.819642239012048,0,12345
5.0,0.05,47,10,Donor-HCP-within,1.0,,,,100,12345
5.0,0.05,47,10,HCP,1.0,,,,100,12345
5.0,0.05,47,10,Pooling,0.85,22.267596478037095,22.267596478037092,7.984130245395255e-16,0,12345
5.0,0.05,47,10,Repeated,1.0,,,,100,12345
5.0,0.05,47,10,S-HCP-within,0.94,33.85120049058235,33.58525700892863,2.3961407274994024,0,12345
5.0,0.05,47,10,Std-CP,0.76,33.73440551990679,11.74831644645024,103.89381734676995,0,12345
5.0,0.05,47,10,Subsampling,1.0,,,,100,12345
5.0,0.05,47,15,Donor-HCP-no-within,0.99,34.59559317096041,35.7181548505526,6.164359430074602,0,12345
5.0,0.05,47,15,Donor-HCP-within,0.98,22.900075857340973,23.896953593786236,4.102354987081298,0,12345
5.0,0.05,47,15,HCP,1.0,,,,100,12345
5.0,0.05,47,15,Pooling,0.85,22.267596478037095,22.267596478037092,7.984130245395255e-16,0,12345
5.0,0.05,47,15,Repeated,1.0,,,,100,12345
5.0,0.05,47,15,S-HCP-within,0.96,33.92147755993688,33.396558479686526,2.3526927665194473,0,12345
5.0,0.05,47,15,Std-CP,0.88,9.089087855217906,6.879205705953281,7.46080296633527,0,12345
5.0,0.05,47,15,Subsampling,1.0,,,,100,12345
5.0,0.05,47,20,Donor-HCP-no-within,0.96,32.870517006386756,34.74847073212672,6.823268208797997,0,12345
5.0,0.05,47,20,Donor-HCP-within,0.97,18.38246348762717,19.25730057939778,3.4831047447612855,0,12345
5.0,0.05,47,20,HCP,1.0,,,,100,12345
5.0,0.05,47,20,Pooling,0.85,22.267596478037095,22.267596478037092,7.984130245395255e-16,0,12345
5.0,0.05,47,20,Repeated,1.0,,,,100,12345
5.0,0.05,47,20,S-HCP-within,0.95,33.08849790149987,32.78288652249428,2.404879662494768,0,12345
5.0,0.05,47,20,Std-CP,0.9,6.649223970413105,5.649804110307324,2.977825185926978,0,12345
5.0,0.05,47,20,Subsampling,1.0,,,,100,12345
5.0,0.05,47,25,Donor-HCP-no-within,0.96,16.305549702356725,15.251252693820012,7.010798533416578,0,12345
5.0,0.05,47,25,Donor-HCP-within,1.0,,,,100,12345
5.0,0.05,47,25,HCP,1.0,,,,100,12345
5.0,0.05,47,25,Pooling,0.85,22.267596478037095,22.267596478037092,7.984130245395255e-16,0,12345
5.0,0.05,47,25,Repeated,1.0,,,,100,12345
5.0,0.05,47,25,S-HCP-within,1.0,,,,100,12345
5.0,0.05,47,25,Std-CP,0.94,6.462471996264176,5.9373771592188636,2.2098856950685524,0,12345
5.0,0.05,47,25,Subsampling,1.0,,,,100,12345
5.0,0.05,47,30,Donor-HCP-no-within,0.96,16.508110251606617,15.251252693820012,6.961961687168113,0,12345
5.0,0.05,47,30,Donor-HCP-within,1.0,,,,100,12345
5.0,0.05,47,30,HCP,1.0,,,,100,12345
5.0,0.05,47,30,Pooling,0.85,22.267596478037095,22.267596478037092,7.984130245395255e-16,0,12345
5.0,0.05,47,30,Repeated,1.0,,,,100,12345
5.0,0.05,47,30,S-HCP-within,1.0,,,,100,12345
5.0,0.05,47,30,Std-CP,0.93,6.04695577840424,5.7113721839615685,1.9515698441756337,0,12345
5.0,0.05,47,30,Subsampling,1.0,,,,100,12345
5.0,0.05,47,35,Donor-HCP-no-within,0.97,16.854861084244096,15.41509865979407,6.957243138637874,0,12345
5.0,0.05,47,35,Donor-HCP-within,1.0,,,,100,12345
5.0,0.05,47,35,HCP,1.0,,,,100,12345
5.0,0.05,47,35,Pooling,0.85,22.267596478037095,22.267596478037092,7.984130245395255e-16,0,12345
5.0,0.05,47,35,Repeated,1.0,,,,100,12345
5.0,0.05,47,35,S-HCP-within,1.0,,,,100,12345
5.0,0.05,47,35,Std-CP,0.97,6.43225037377871,5.9943167118794936,1.9107756513735799,0,12345
5.0,0.05,47,35,Subsampling,1.0,,,,100,12345
5.0,0.05,48,0,Donor-HCP-no-within,1.0,,,,100,12345
5.0,0.05,48,0,Donor-HCP-within,1.0,,,,100,12345
5.0,0.05,48,0,HCP,1.0,,,,100,12345
5.0,0.05,48,0,Pooling,0.99,27.385037170346923,27.385037170346923,4.530598207708356e-15,0,12345
5.0,0.05,48,0,Repeated,1.0,,,,100,12345
5.0,0.05,48,0,S-HCP-within,1.0,,,,100,12345
5.0,0.05,48,0,Std-CP,1.0,,,,100,12345
5.0,0.05,48,0,Subsampling,1.0,,,,100,12345
5.0,0.05,48,5,Donor-HCP-no-within,1.0,,,,100,12345
5.0,0.05,48,5,Donor-HCP-within,1.0,,,,100,12345
5.0,0.05,48,5,HCP,1.0,,,,100,12345
5.0,0.05,48,5,Pooling,0.99,27.385037170346923,27.385037170346923,4.530598207708356e-15,0,12345
5.0,0.05,48,5,Repeated,1.0,,,,100,12345
5.0,0.05,48,5,S-HCP-within,0.96,40.905026086598674,40.91497530579831,0.9185807051831714,0,12345
5.0,0.05,48,5,Std-CP,0.71,5.633262159732365,5.056103169100824,4.486392661434845,0,12345
5.0,0.05,48,5,Subsampling,1.0,,,,100,12345
5.0,0.05,48,10,Donor-HCP-no-within,1.0,35.47112353512691,34.66871920168509,3.625789326657308,0,12345
5.0,0.05,48,10,Donor-HCP-within,1.0,,,,100,12345
5.0,0.05,48,10,HCP,1.0,,,,100,12345
5.0,0.05,48,10,Pooling,0.99,27.385037170346923,27.385037170346923,4.530598207708356e-15,0,12345
5.0,0.05,48,10,Repeated,1.0,,,,100,12345
5.0,0.05,48,10,S-HCP-within,0.98,40.872025096047224,40.80231775229751,1.2577018300521052,0,12345
5.0,0.05,48,10,Std-CP,0.81,36.29574676453804,11.88260542186577,76.07685000346295,0,12345
5.0,0.05,48,10,Subsampling,1.0,,,,100,12345
5.0,0.05,48,15,Donor-HCP-no-within,1.0,31.110163903284594,31.204311980716668,3.6654794634468884,0,12345
5.0,0.05,48,15,Donor-HCP-within,1.0,20.689679601132635,20.18300005674972,1.9180543798850431,0,12345
5.0,0.05,48,15,HCP,1.0,,,,100,12345
5.0,0.05,48,15,Pooling,0.99,27.385037170346923,27.385037170346923,4.530598207708356e-15,0,12345
5.0,0.05,48,15,Repeated,1.0,,,,100,12345
5.0,0.05,48,15,S-HCP-within,0.97,41.01046906182034,40.91497530579831,0.9689914399134482,0,12345
5.0,0.05,48,15,Std-CP,0.93,9.229964353538268,7.33427888554032,7.70904569065648,0,12345
5.0,0.05,48,15,Subsampling,1.0,,,,100,12345
5.0,0.05,48,20,Donor-HCP-no-within,0.98,29.856289262109808,29.956672409245897,4.040076286901531,0,12345
5.0,0.05,48,20,Donor-HCP-within,0.99,16.366630152441008,16.486288958097028,2.1730982028706265,0,12345
5.0,0.05,48,20,HCP,1.0,,,,100,12345
5.0,0.05,48,20,Pooling,0.99,27.385037170346923,27.385037170346923,4.530598207708356e-15,0,12345
5.0,0.05,48,20,Repeated,1.0,,,,100,12345
5.0,0.05,48,20,S-HCP-within,0.96,40.56240892542564,40.36507056910885,0.8905865466371446,0,12345
5.0,0.05,48,20,Std-CP,0.93,6.665236134202564,5.827008044204465,2.8743507893074787,0,12345
5.0,0.05,48,20,Subsampling,1.0,,,,100,12345
5.0,0.05,48,25,Donor-HCP-no-within,0.96,15.789872560566309,14.306829150408571,7.613828251875566,0,12345
5.0,0.05,48,25,Donor-HCP-within,1.0,,,,100,12345
5.0,0.05,48,25,HCP,1.0,,,,100,12345
5.0,0.05,48,25,Pooling,0.99,27.385037170346923,27.385037170346923,4.530598207708356e-15,0,12345
5.0,0.05,48,25,Repeated,1.0,,,,100,12345
5.0,0.05,48,25,S-HCP-within,1.0,,,,100,12345
5.0,0.05,48,25,Std-CP,0.91,6.430022267803333,6.240263422068855,2.079787389960092,0,12345
5.0,0.05,48,25,Subsampling,1.0,,,,100,12345
5.0,0.05,48,30,Donor-HCP-no-within,0.96,16.058726974977084,14.437630362871978,7.630365354119818,0,12345
5.0,0.05,48,30,Donor-HCP-within,1.0,,,,100,12345
5.0,0.05,48,30,HCP,1.0,,,,100,12345
5.0,0.05,48,30,Pooling,0.99,27.385037170346923,27.385037170346923,4.530598207708356e-15,0,12345
5.0,0.05,48,30,Repeated,1.0,,,,100,12345
5.0,0.05,48,30,S-HCP-within,1.0,,,,100,12345
5.0,0.05,48,30,Std-CP,0.92,6.1580341124421265,5.866451099943987,1.8683545950434117,0,12345
5.0,0.05,48,30,Subsampling,1.0,,,,100,12345
5.0,0.05,48,35,Donor-HCP-no-within,0.96,16.25023826124138,14.988998741017673,7.556962035846071,0,12345
5.0,0.05,48,35,Donor-HCP-within,1.0,,,,100,12345
5.0,0.05,48,35,HCP,1.0,,,,100,12345
5.0,0.05,48,35,Pooling,0.99,27.385037170346923,27.385037170346923,4.530598207708356e-15,0,12345
5.0,0.05,48,35,Repeated,1.0,,,,100,12345
5.0,0.05,48,35,S-HCP-within,1.0,,,,100,12345
5.0,0.05,48,35,Std-CP,0.95,6.466864513428313,6.144279775489384,2.1357904772064242,0,12345
5.0,0.05,48,35,Subsampling,1.0,,,,100,12345
5.0,0.05,49,0,Donor-HCP-no-within,1.0,,,,100,12345
5.0,0.05,49,0,Donor-HCP-within,1.0,,,,100,12345
5.0,0.05,49,0,HCP,1.0,,,,100,12345
5.0,0.05,49,0,Pooling,0.91,28.664697909585517,28.664697909585513,3.272519581342964e-15,0,12345
5.0,0.05,49,0,Repeated,1.0,,,,100,12345
5.0,0.05,49,0,S-HCP-within,1.0,,,,100,12345
5.0,0.05,49,0,Std-CP,1.0,,,,100,12345
5.0,0.05,49,0,Subsampling,1.0,,,,100,12345
5.0,0.05,49,5,Donor-HCP-no-within,1.0,,,,100,12345
5.0,0.05,49,5,Donor-HCP-within,1.0,,,,100,12345
5.0,0.05,49,5,HCP,1.0,,,,100,12345
5.0,0.05,49,5,Pooling,0.91,28.664697909585517,28.664697909585513,3.272519581342964e-15,0,12345
5.0,0.05,49,5,Repeated,1.0,,,,100,12345
5.0,0.05,49,5,S-HCP-within,0.94,45.098181633397154,44.52680687272811,2.4847007297736297,0,12345
5.0,0.05,49,5,Std-CP,0.75,5.917036548180424,4.779497955127663,3.872320133984668,0,12345
5.0,0.05,49,5,Subsampling,1.0,,,,100,12345
5.0,0.05,49,10,Donor-HCP-no-within,0.99,35.44368885467975,33.40482281339217,5.355227583229995,0,12345
5.0,0.05,49,10,Donor-HCP-within,1.0,,,,100,12345
5.0,0.05,49,10,HCP,1.0,,,,100,12345
5.0,0.05,49,10,Pooling,0.91,28.664697909585517,28.664697909585513,3.272519581342964e-15,0,12345
5.0,0.05,49,10,Repeated,1.0,,,,100,12345
5.0,0.05,49,10,S-HCP-within,0.96,44.87877323937174,44.331122848178,2.7637426200551043,0,12345
5.0,0.05,49,10,Std-CP,0.84,39.59278024569705,12.80922805064763,73.93855107389545,0,12345
5.0,0.05,49,10,Subsampling,1.0,,,,100,12345
5.0,0.05,49,15,Donor-HCP-no-within,0.98,27.99743483928571,25.449615163829378,5.624086860723988,0,12345
5.0,0.05,49,15,Donor-HCP-within,0.99,22.088161895749217,21.87386126553286,1.7210248857730857,0,12345
5.0,0.05,49,15,HCP,1.0,,,,100,12345
5.0,0.05,49,15,Pooling,0.91,28.664697909585517,28.664697909585513,3.272519581342964e-15,0,12345
5.0,0.05,49,15,Repeated,1.0,,,,100,12345
5.0,0.05,49,15,S-HCP-within,0.97,44.92613549170505,44.331122848178,2.621984185279339,0,12345
5.0,0.05,49,15,Std-CP,0.91,10.39389838001329,8.378547838382772,10.84986592992426,0,12345
5.0,0.05,49,15,Subsampling,1.0,,,,100,12345
5.0,0.05,49,20,Donor-HCP-no-within,0.94,25.905198136615446,23.386372938277677,4.580545848848361,0,12345
5.0,0.05,49,20,Donor-HCP-within,0.97,14.266541828032034,13.702138446233718,2.5606067293037236,0,12345
5.0,0.05,49,20,HCP,1.0,,,,100,12345
5.0,0.05,49,20,Pooling,0.91,28.664697909585517,28.664697909585513,3.272519581342964e-15,0,12345
5.0,0.05,49,20,Repeated,1.0,,,,100,12345
5.0,0.05,49,20,S-HCP-within,0.96,44.04405895461685,43.4666647473336,2.601776401248246,0,12345
5.0,0.05,49,20,Std-CP,0.91,7.201364809267333,6.879500640676347,2.635369756209365,0,12345
5.0,0.05,49,20,Subsampling,1.0,,,,100,12345
5.0,0.05,49,25,Donor-HCP-no-within,0.99,17.599055491677074,16.42448483718524,7.765020445848009,0,12345
5.0,0.05,49,25,Donor-HCP-within,1.0,,,,100,12345
5.0,0.05,49,25,HCP,1.0,,,,100,12345
5.0,0.05,49,25,Pooling,0.91,28.664697909585517,28.664697909585513,3.272519581342964e-15,0,12345
5.0,0.05,49,25,Repeated,1.0,,,,100,12345
5.0,0.05,49,25,S-HCP-within,1.0,,,,100,12345
5.0,0.05,49,25,Std-CP,0.92,6.9601327162796585,6.586679572542385,2.450768492427274,0,12345
5.0,0.05,49,25,Subsampling,1.0,,,,100,12345
5.0,0.05,49,30,Donor-HCP-no-within,0.99,17.747406908600432,16.52162322548297,7.703878771428269,0,12345
5.0,0.05,49,30,Donor-HCP-within,1.0,,,,100,12345
5.0,0.05,49,30,HCP,1.0,,,,100,12345
5.0,0.05,49,30,Pooling,0.91,28.664697909585517,28.664697909585513,3.272519581342964e-15,0,12345
5.0,0.05,49,30,Repeated,1.0,,,,100,12345
5.0,0.05,49,30,S-HCP-within,1.0,,,,100,12345
5.0,0.05,49,30,Std-CP,0.98,6.774717715795275,6.613166383498685,1.898004931831144,0,12345
5.0,0.05,49,30,Subsampling,1.0,,,,100,12345
5.0,0.05,49,35,Donor-HCP-no-within,0.99,17.987802449132264,16.838241388073172,7.653787326438531,0,12345
5.0,0.05,49,35,Donor-HCP-within,1.0,,,,100,12345
5.0,0.05,49,35,HCP,1.0,,,,100,12345
5.0,0.05,49,35,Pooling,0.91,28.664697909585517,28.664697909585513,3.272519581342964e-15,0,12345
5.0,0.05,49,35,Repeated,1.0,,,,100,12345
5.0,0.05,49,35,S-HCP-within,1.0,,,,100,12345
5.0,0.05,49,35,Std-CP,0.95,6.932027443782134,6.539178716967011,2.279724056367157,0,12345
5.0,0.05,49,35,Subsampling,1.0,,,,100,12345
5.0,0.1,0,0,Donor-HCP-no-within,0.89,20.70165165119799,20.70165165119799,7.141223187966347e-16,0,12345
5.0,0.1,0,0,Donor-HCP-within,0.89,20.70165165119799,20.70165165119799,7.141223187966347e-16,0,12345
5.0,0.1,0,0,HCP,0.89,20.70165165119799,20.70165165119799,7.141223187966347e-16,0,12345
5.0,0.1,0,0,Pooling,0.82,16.865727185062397,16.865727185062397,0.0,0,12345
5.0,0.1,0,0,Repeated,0.87,18.323678857542856,18.323678857542856,3.878676996477372e-15,0,12345
5.0,0.1,0,0,S-HCP-within,0.95,35.75313118806957,35.61688055968247,1.8837862951701243,0,12345
5.0,0.1,0,0,Std-CP,1.0,,,,100,12345
5.0,0.1,0,0,Subsampling,0.87,18.916574306124406,18.916574306124406,3.911409028228123e-15,0,12345
5.0,0.1,0,5,Donor-HCP-no-within,0.91,25.025453944026385,26.28238982564499,4.828272025879196,0,12345
5.0,0.1,0,5,Donor-HCP-within,0.92,21.95421878074505,23.205987813884775,4.13634871387343,0,12345
5.0,0.1,0,5,HCP,0.89,20.70165165119799,20.70165165119799,7.141223187966347e-16,0,12345
5.0,0.1,0,5,Pooling,0.82,16.865727185062397,16.865727185062397,0.0,0,12345
5.0,0.1,0,5,Repeated,0.87,18.323678857542856,18.323678857542856,3.878676996477372e-15,0,12345
5.0,0.1,0,5,S-HCP-within,0.95,33.37189018183264,33.90168300283435,2.2689716132228885,0,12345
5.0,0.1,0,5,Std-CP,0.75,5.630051570029232,4.577272720520984,3.9338170128066148,0,12345
5.0,0.1,0,5,Subsampling,0.87,18.916574306124406,18.916574306124406,3.911409028228123e-15,0,12345
5.0,0.1,0,10,Donor-HCP-no-within,0.94,23.498129143113147,24.81324031009413,4.342442766840659,0,12345
5.0,0.1,0,10,Donor-HCP-within,0.94,17.769963358859503,19.290855609981044,3.3015159091140522,0,12345
5.0,0.1,0,10,HCP,0.89,20.70165165119799,20.70165165119799,7.141223187966347e-16,0,12345
5.0,0.1,0,10,Pooling,0.82,16.865727185062397,16.865727185062397,0.0,0,12345
5.0,0.1,0,10,Repeated,0.87,18.323678857542856,18.323678857542856,3.878676996477372e-15,0,12345
5.0,0.1,0,10,S-HCP-within,0.95,32.304604238894704,32.03104590783336,2.3450286865423404,0,12345
5.0,0.1,0,10,Std-CP,0.79,52.06310525733845,12.091270902118184,193.12041378335604,0,12345
5.0,0.1,0,10,Subsampling,0.87,18.916574306124406,18.916574306124406,3.911409028228123e-15,0,12345
5.0,0.1,0,15,Donor-HCP-no-within,0.92,22.946214812829115,23.529500336210493,4.151340283081629,0,12345
5.0,0.1,0,15,Donor-HCP-within,0.95,14.834355069564776,15.167888025473303,2.3577105573478163,0,12345
5.0,0.1,0,15,HCP,0.89,20.70165165119799,20.70165165119799,7.141223187966347e-16,0,12345
5.0,0.1,0,15,Pooling,0.82,16.865727185062397,16.865727185062397,0.0,0,12345
5.0,0.1,0,15,Repeated,0.87,18.323678857542856,18.323678857542856,3.878676996477372e-15,0,12345
5.0,0.1,0,15,S-HCP-within,0.95,31.463551468664576,30.632567312231643,2.10882249551577,0,12345
5.0,0.1,0,15,Std-CP,0.9,10.47064154362046,7.923708885434723,7.257123358906238,0,12345
5.0,0.1,0,15,Subsampling,0.87,18.916574306124406,18.916574306124406,3.911409028228123e-15,0,12345
5.0,0.1,0,20,Donor-HCP-no-within,0.88,21.007942767756507,22.13264945803538,3.7218090619587594,0,12345
5.0,0.1,0,20,Donor-HCP-within,0.93,11.624471728666926,12.034245085709955,1.7110125096115238,0,12345
5.0,0.1,0,20,HCP,0.89,20.70165165119799,20.70165165119799,7.141223187966347e-16,0,12345
5.0,0.1,0,20,Pooling,0.82,16.865727185062397,16.865727185062397,0.0,0,12345
5.0,0.1,0,20,Repeated,0.87,18.323678857542856,18.323678857542856,3.878676996477372e-15,0,12345
5.0,0.1,0,20,S-HCP-within,0.94,27.734640222527734,27.385641762755142,2.8278952240054185,0,12345
5.0,0.1,0,20,Std-CP,0.92,7.152571565139619,6.501440977593726,2.970759476248727,0,12345
5.0,0.1,0,20,Subsampling,0.87,18.916574306124406,18.916574306124406,3.911409028228123e-15,0,12345
5.0,0.1,0,25,Donor-HCP-no-within,0.97,12.104378410634261,10.849917603214882,6.6657835004671995,0,12345
5.0,0.1,0,25,Donor-HCP-within,0.95,6.048940926508317,5.655064015706536,1.9027979389488168,0,12345
5.0,0.1,0,25,HCP,0.89,20.70165165119799,20.70165165119799,7.141223187966347e-16,0,12345
5.0,0.1,0,25,Pooling,0.82,16.865727185062397,16.865727185062397,0.0,0,12345
5.0,0.1,0,25,Repeated,0.87,18.323678857542856,18.323678857542856,3.878676996477372e-15,0,12345
5.0,0.1,0,25,S-HCP-within,0.97,12.538785979415108,11.064958279510918,6.684865735296619,0,12345
5.0,0.1,0,25,Std-CP,0.98,6.976853092589223,6.462408433404878,2.6733022082494746,0,12345
5.0,0.1,0,25,Subsampling,0.87,18.916574306124406,18.916574306124406,3.911409028228123e-15,0,12345
5.0,0.1,0,30,Donor-HCP-no-within,0.91,11.713332328117236,10.560725789767195,6.653118752524666,0,12345
5.0,0.1,0,30,Donor-HCP-within,0.94,5.9790659908558,5.719968188198489,1.8592749232928625,0,12345
5.0,0.1,0,30,HCP,0.89,20.70165165119799,20.70165165119799,7.141223187966347e-16,0,12345
5.0,0.1,0,30,Pooling,0.82,16.865727185062397,16.865727185062397,0.0,0,12345
5.0,0.1,0,30,Repeated,0.87,18.323678857542856,18.323678857542856,3.878676996477372e-15,0,12345
5.0,0.1,0,30,S-HCP-within,0.94,12.402955753937329,10.539805146682468,6.6600200083322845,0,12345
5.0,0.1,0,30,Std-CP,0.94,6.597365801554909,6.42883586760478,2.0102647323689053,0,12345
5.0,0.1,0,30,Subsampling,0.87,18.916574306124406,18.916574306124406,3.911409028228123e-15,0,12345
5.0,0.1,0,35,Donor-HCP-no-within,0.94,11.958588084985161,10.841915037341048,6.665568109105584,0,12345
5.0,0.1,0,35,Donor-HCP-within,0.96,6.211851552685033,5.979118893118097,1.7354481928237424,0,12345
5.0,0.1,0,35,HCP,0.89,20.70165165119799,20.70165165119799,7.141223187966347e-16,0,12345
5.0,0.1,0,35,Pooling,0.82,16.865727185062397,16.865727185062397,0.0,0,12345
5.0,0.1,0,35,Repeated,0.87,18.323678857542856,18.323678857542856,3.878676996477372e-15,0,12345
5.0,0.1,0,35,S-HCP-within,0.96,12.637670297022277,11.42172432095487,6.644134039154306,0,12345
5.0,0.1,0,35,Std-CP,0.94,6.763393879474502,6.650129386011624,1.9900627889112967,0,12345
5.0,0.1,0,35,Subsampling,0.87,18.916574306124406,18.916574306124406,3.911409028228123e-15,0,12345
5.0,0.1,1,0,Donor-HCP-no-within,1.0,32.50036872262881,32.50036872262881,0.0,0,12345
5.0,0.1,1,0,Donor-HCP-within,1.0,32.50036872262881,32.50036872262881,0.0,0,12345
5.0,0.1,1,0,HCP,1.0,32.50036872262881,32.50036872262881,0.0,0,12345
5.0,0.1,1,0,Pooling,0.97,25.30929311320685,25.30929311320685,0.0,0,12345
5.0,0.1,1,0,Repeated,0.99,30.13869163488263,30.13869163488263,2.3140207875333715e-15,0,12345
5.0,0.1,1,0,S-HCP-within,1.0,33.274326800546085,33.30003889015303,3.2955992515444974,0,12345
5.0,0.1,1,0,Std-CP,1.0,,,,100,12345
5.0,0.1,1,0,Subsampling,1.0,31.707089904924274,31.70708990492427,2.3140207875333715e-15,0,12345
5.0,0.1,1,5,Donor-HCP-no-within,0.99,31.80576856494892,30.841971864920918,1.8545724471488607,0,12345
5.0,0.1,1,5,Donor-HCP-within,0.98,27.98043820952918,27.42942387543397,1.7415826513607746,0,12345
5.0,0.1,1,5,HCP,1.0,32.50036872262881,32.50036872262881,0.0,0,12345
5.0,0.1,1,5,Pooling,0.97,25.30929311320685,25.30929311320685,0.0,0,12345
5.0,0.1,1,5,Repeated,0.99,30.13869163488263,30.13869163488263,2.3140207875333715e-15,0,12345
5.0,0.1,1,5,S-HCP-within,0.99,29.97983718343718,30.0534450277528,2.087384519741354,0,12345
5.0,0.1,1,5,Std-CP,0.78,6.3167361424045865,5.382002605619527,3.7406047340614674,0,12345
5.0,0.1,1,5,Subsampling,1.0,31.707089904924274,31.70708990492427,2.3140207875333715e-15,0,12345
5.0,0.1,1,10,Donor-HCP-no-within,0.98,29.535646392290477,29.502725704490686,2.3167790740752445,0,12345
5.0,0.1,1,10,Donor-HCP-within,0.97,22.598472769908195,22.253980988111643,1.4155195672896883,0,12345
5.0,0.1,1,10,HCP,1.0,32.50036872262881,32.50036872262881,0.0,0,12345
5.0,0.1,1,10,Pooling,0.97,25.30929311320685,25.30929311320685,0.0,0,12345
5.0,0.1,1,10,Repeated,0.99,30.13869163488263,30.13869163488263,2.3140207875333715e-15,0,12345
5.0,0.1,1,10,S-HCP-within,1.0,29.008149257513132,27.80452674248413,1.7010749372984293,0,12345
5.0,0.1,1,10,Std-CP,0.89,26.145628678764538,14.239131942135629,42.066908655356265,0,12345
5.0,0.1,1,10,Subsampling,1.0,31.707089904924274,31.70708990492427,2.3140207875333715e-15,0,12345
5.0,0.1,1,15,Donor-HCP-no-within,0.98,28.24736156566692,27.321711916395664,2.9028460685126443,0,12345
5.0,0.1,1,15,Donor-HCP-within,0.99,18.469409395195324,18.22571211355983,1.4283832146958277,0,12345
5.0,0.1,1,15,HCP,1.0,32.50036872262881,32.50036872262881,0.0,0,12345
5.0,0.1,1,15,Pooling,0.97,25.30929311320685,25.30929311320685,0.0,0,12345
5.0,0.1,1,15,Repeated,0.99,30.13869163488263,30.13869163488263,2.3140207875333715e-15,0,12345
5.0,0.1,1,15,S-HCP-within,1.0,28.561483682485267,27.80452674248413,1.4117837462484715,0,12345
5.0,0.1,1,15,Std-CP,0.9,8.562273284756102,7.269297371300367,4.34642651982092,0,12345
5.0,0.1,1,15,Subsampling,1.0,31.707089904924274,31.70708990492427,2.3140207875333715e-15,0,12345
5.0,0.1,1,20,Donor-HCP-no-within,0.97,26.134241842945343,25.61677606393628,2.3690989512951464,0,12345
5.0,0.1,1,20,Donor-HCP-within,0.97,15.104210831560163,14.846075720669518,1.3810526009628685,0,12345
5.0,0.1,1,20,HCP,1.0,32.50036872262881,32.50036872262881,0.0,0,12345
5.0,0.1,1,20,Pooling,0.97,25.30929311320685,25.30929311320685,0.0,0,12345
5.0,0.1,1,20,Repeated,0.99,30.13869163488263,30.13869163488263,2.3140207875333715e-15,0,12345
5.0,0.1,1,20,S-HCP-within,0.99,26.79864117379051,26.893973836767927,0.9151183690451183,0,12345
5.0,0.1,1,20,Std-CP,0.94,6.789592743486781,6.483453357575228,2.4724561446270954,0,12345
5.0,0.1,1,20,Subsampling,1.0,31.707089904924274,31.70708990492427,2.3140207875333715e-15,0,12345
5.0,0.1,1,25,Donor-HCP-no-within,0.94,14.704945115410988,13.065672879457438,7.847900433528487,0,12345
5.0,0.1,1,25,Donor-HCP-within,0.94,6.145039519252142,6.129437992739692,1.8200841565820614,0,12345
5.0,0.1,1,25,HCP,1.0,32.50036872262881,32.50036872262881,0.0,0,12345
5.0,0.1,1,25,Pooling,0.97,25.30929311320685,25.30929311320685,0.0,0,12345
5.0,0.1,1,25,Repeated,0.99,30.13869163488263,30.13869163488263,2.3140207875333715e-15,0,12345
5.0,0.1,1,25,S-HCP-within,0.92,14.975007838849073,13.375349445456532,8.031138164395507,0,12345
5.0,0.1,1,25,Std-CP,0.92,6.760442139314798,6.7227285100266165,2.0347076013984577,0,12345
5.0,0.1,1,25,Subsampling,1.0,31.707089904924274,31.70708990492427,2.3140207875333715e-15,0,12345
5.0,0.1,1,30,Donor-HCP-no-within,0.92,14.202586511839488,12.48309234240755,7.827099479070166,0,12345
5.0,0.1,1,30,Donor-HCP-within,0.93,6.1690627539466,6.0594122067245735,1.8560303385884882,0,12345
5.0,0.1,1,30,HCP,1.0,32.50036872262881,32.50036872262881,0.0,0,12345
5.0,0.1,1,30,Pooling,0.97,25.30929311320685,25.30929311320685,0.0,0,12345
5.0,0.1,1,30,Repeated,0.99,30.13869163488263,30.13869163488263,2.3140207875333715e-15,0,12345
5.0,0.1,1,30,S-HCP-within,0.92,15.243201531714355,13.549043814100356,8.023690055366565,0,12345
5.0,0.1,1,30,Std-CP,0.93,6.116427040410852,5.697201881707734,1.9338617389637685,0,12345
5.0,0.1,1,30,Subsampling,1.0,31.707089904924274,31.70708990492427,2.3140207875333715e-15,0,12345
5.0,0.1,1,35,Donor-HCP-no-within,0.93,14.394170472189787,12.720123909701275,7.809798839279767,0,12345
5.0,0.1,1,35,Donor-HCP-within,0.96,6.275605858428532,6.394468790534933,1.9621229745751751,0,12345
5.0,0.1,1,35,HCP,1.0,32.50036872262881,32.50036872262881,0.0,0,12345
5.0,0.1,1,35,Pooling,0.97,25.30929311320685,25.30929311320685,0.0,0,12345
5.0,0.1,1,35,Repeated,0.99,30.13869163488263,30.13869163488263,2.3140207875333715e-15,0,12345
5.0,0.1,1,35,S-HCP-within,0.94,15.424661442368109,13.549043814100356,7.98455702646012,0,12345
5.0,0.1,1,35,Std-CP,0.95,6.565043981633322,6.1492210503294205,2.050136525440543,0,12345
5.0,0.1,1,35,Subsampling,1.0,31.707089904924274,31.70708990492427,2.3140207875333715e-15,0,12345
5.0,0.1,2,0,Donor-HCP-no-within,0.96,31.55661057183542,31.55661057183542,3.5166445854584803e-15,0,12345
5.0,0.1,2,0,Donor-HCP-within,0.96,31.55661057183542,31.55661057183542,3.5166445854584803e-15,0,12345
5.0,0.1,2,0,HCP,0.96,31.55661057183542,31.55661057183542,3.5166445854584803e-15,0,12345
5.0,0.1,2,0,Pooling,0.87,24.709878477237098,24.709878477237098,0.0,0,12345
5.0,0.1,2,0,Repeated,0.9,27.33020246220843,27.330202462208433,3.3495305785253868e-15,0,12345
5.0,0.1,2,0,S-HCP-within,0.97,32.70654591234711,32.412443925593735,3.6876535721751478,0,12345
5.0,0.1,2,0,Std-CP,1.0,,,,100,12345
5.0,0.1,2,0,Subsampling,0.89,25.98741956631226,25.987419566312262,1.1291265276791196e-15,0,12345
5.0,0.1,2,5,Donor-HCP-no-within,0.92,27.46587361397119,28.940952263747803,3.0870773584480613,0,12345
5.0,0.1,2,5,Donor-HCP-within,0.93,23.716433865093254,24.75102836368368,2.5236421877923547,0,12345
5.0,0.1,2,5,HCP,0.96,31.55661057183542,31.55661057183542,3.5166445854584803e-15,0,12345
5.0,0.1,2,5,Pooling,0.87,24.709878477237098,24.709878477237098,0.0,0,12345
5.0,0.1,2,5,Repeated,0.9,27.33020246220843,27.330202462208433,3.3495305785253868e-15,0,12345
5.0,0.1,2,5,S-HCP-within,0.96,30.486961443708097,30.064628912588965,1.730247654276888,0,12345
5.0,0.1,2,5,Std-CP,0.71,5.623088177037569,4.358309083772502,4.862276065512965,0,12345
5.0,0.1,2,5,Subsampling,0.89,25.98741956631226,25.987419566312262,1.1291265276791196e-15,0,12345
5.0,0.1,2,10,Donor-HCP-no-within,0.92,25.10905521267166,25.083880208948237,2.469883410011112,0,12345
5.0,0.1,2,10,Donor-HCP-within,0.91,18.36565082438453,19.02412808800132,1.9031288130063448,0,12345
5.0,0.1,2,10,HCP,0.96,31.55661057183542,31.55661057183542,3.5166445854584803e-15,0,12345
5.0,0.1,2,10,Pooling,0.87,24.709878477237098,24.709878477237098,0.0,0,12345
5.0,0.1,2,10,Repeated,0.9,27.33020246220843,27.330202462208433,3.3495305785253868e-15,0,12345
5.0,0.1,2,10,S-HCP-within,0.97,30.30502551830064,30.064628912588965,1.2685576373302943,0,12345
5.0,0.1,2,10,Std-CP,0.8,29.355090339290474,14.31756976149623,47.305718231017806,0,12345
5.0,0.1,2,10,Subsampling,0.89,25.98741956631226,25.987419566312262,1.1291265276791196e-15,0,12345
5.0,0.1,2,15,Donor-HCP-no-within,0.92,23.35684628937711,23.61480664144395,2.618796313365345,0,12345
5.0,0.1,2,15,Donor-HCP-within,0.89,15.210481707588297,15.481929330692921,1.3715437348779116,0,12345
5.0,0.1,2,15,HCP,0.96,31.55661057183542,31.55661057183542,3.5166445854584803e-15,0,12345
5.0,0.1,2,15,Pooling,0.87,24.709878477237098,24.709878477237098,0.0,0,12345
5.0,0.1,2,15,Repeated,0.9,27.33020246220843,27.330202462208433,3.3495305785253868e-15,0,12345
5.0,0.1,2,15,S-HCP-within,0.97,30.0908308621488,29.784081481248062,1.0834732696668719,0,12345
5.0,0.1,2,15,Std-CP,0.9,8.112551251551007,7.181194851991772,4.898096824376526,0,12345
5.0,0.1,2,15,Subsampling,0.89,25.98741956631226,25.987419566312262,1.1291265276791196e-15,0,12345
5.0,0.1,2,20,Donor-HCP-no-within,0.88,22.775812863381795,23.26087446311157,2.47062191835464,0,12345
5.0,0.1,2,20,Donor-HCP-within,0.86,12.240405956631433,12.284976214724438,1.2643904429029844,0,12345
5.0,0.1,2,20,HCP,0.96,31.55661057183542,31.55661057183542,3.5166445854584803e-15,0,12345
5.0,0.1,2,20,Pooling,0.87,24.709878477237098,24.709878477237098,0.0,0,12345
5.0,0.1,2,20,Repeated,0.9,27.33020246220843,27.330202462208433,3.3495305785253868e-15,0,12345
5.0,0.1,2,20,S-HCP-within,0.97,29.651063748367104,29.67977176295574,0.7936934248235572,0,12345
5.0,0.1,2,20,Std-CP,0.91,7.141638600396351,6.563048407896719,3.0084327579157786,0,12345
5.0,0.1,2,20,Subsampling,0.89,25.98741956631226,25.987419566312262,1.1291265276791196e-15,0,12345
5.0,0.1,2,25,Donor-HCP-no-within,0.9,14.017723041182455,12.6147468500015,7.610542158264941,0,12345
5.0,0.1,2,25,Donor-HCP-within,0.93,5.981800659318112,5.799978299019768,1.7856247473869062,0,12345
5.0,0.1,2,25,HCP,0.96,31.55661057183542,31.55661057183542,3.5166445854584803e-15,0,12345
5.0,0.1,2,25,Pooling,0.87,24.709878477237098,24.709878477237098,0.0,0,12345
5.0,0.1,2,25,Repeated,0.9,27.33020246220843,27.330202462208433,3.3495305785253868e-15,0,12345
5.0,0.1,2,25,S-HCP-within,0.93,14.651990786866673,13.34317089409091,7.652812611982235,0,12345
5.0,0.1,2,25,Std-CP,0.9,6.46214597220096,6.0778831085386935,2.264316459580029,0,12345
5.0,0.1,2,25,Subsampling,0.89,25.98741956631226,25.987419566312262,1.1291265276791196e-15,0,12345
5.0,0.1,2,30,Donor-HCP-no-within,0.85,13.632094399595479,12.160997249159601,7.579225303799041,0,12345
5.0,0.1,2,30,Donor-HCP-within,0.97,6.059451221033487,5.836653637102904,1.6606425837329912,0,12345
5.0,0.1,2,30,HCP,0.96,31.55661057183542,31.55661057183542,3.5166445854584803e-15,0,12345
5.0,0.1,2,30,Pooling,0.87,24.709878477237098,24.709878477237098,0.0,0,12345
5.0,0.1,2,30,Repeated,0.9,27.33020246220843,27.330202462208433,3.3495305785253868e-15,0,12345
5.0,0.1,2,30,S-HCP-within,0.94,14.982011250082305,12.95278718064656,7.836182591534532,0,12345
5.0,0.1,2,30,Std-CP,0.95,6.248717854955487,5.95417688071711,1.7232738107378616,0,12345
5.0,0.1,2,30,Subsampling,0.89,25.98741956631226,25.987419566312262,1.1291265276791196e-15,0,12345
5.0,0.1,2,35,Donor-HCP-no-within,0.88,13.838570746209543,12.6147468500015,7.599793603435443,0,12345
5.0,0.1,2,35,Donor-HCP-within,0.98,6.225907540617953,6.088995046703738,1.4990039983547494,0,12345
5.0,0.1,2,35,HCP,0.96,31.55661057183542,31.55661057183542,3.5166445854584803e-15,0,12345
5.0,0.1,2,35,Pooling,0.87,24.709878477237098,24.709878477237098,0.0,0,12345
5.0,0.1,2,35,Repeated,0.9,27.33020246220843,27.330202462208433,3.3495305785253868e-15,0,12345
5.0,0.1,2,35,S-HCP-within,0.95,15.242085607225485,13.272124088714172,7.923798171656653,0,12345
5.0,0.1,2,35,Std-CP,0.93,6.440377417771352,5.944577962316847,2.0799114340067963,0,12345
5.0,0.1,2,35,Subsampling,0.89,25.98741956631226,25.987419566312262,1.1291265276791196e-15,0,12345
5.0,0.1,3,0,Donor-HCP-no-within,0.98,34.62862569676791,34.62862569676791,0.0,0,12345
5.0,0.1,3,0,Donor-HCP-within,0.98,34.62862569676791,34.62862569676791,0.0,0,12345
5.0,0.1,3,0,HCP,0.98,34.62862569676791,34.62862569676791,0.0,0,12345
5.0,0.1,3,0,Pooling,0.88,26.255796108224654,26.255796108224654,1.922833189586462e-15,0,12345
5.0,0.1,3,0,Repeated,0.95,30.107540815254207,30.107540815254207,4.329136486411346e-15,0,12345
5.0,0.1,3,0,S-HCP-within,0.97,27.99089421332486,28.09608076694753,2.5317948715473166,0,12345
5.0,0.1,3,0,Std-CP,1.0,,,,100,12345
5.0,0.1,3,0,Subsampling,0.96,30.860081261322847,30.86008126132285,4.329136486411346e-15,0,12345
5.0,0.1,3,5,Donor-HCP-no-within,0.95,32.37629848574855,35.10565229045548,5.0115157909066435,0,12345
5.0,0.1,3,5,Donor-HCP-within,0.99,28.64561076759292,30.408079754510926,4.3241263949386735,0,12345
5.0,0.1,3,5,HCP,0.98,34.62862569676791,34.62862569676791,0.0,0,12345
5.0,0.1,3,5,Pooling,0.88,26.255796108224654,26.255796108224654,1.922833189586462e-15,0,12345
5.0,0.1,3,5,Repeated,0.95,30.107540815254207,30.107540815254207,4.329136486411346e-15,0,12345
5.0,0.1,3,5,S-HCP-within,0.97,25.35132735213348,25.967444968561814,1.92224473464748,0,12345
5.0,0.1,3,5,Std-CP,0.72,6.103365906021554,5.411735406783454,3.7604401234445537,0,12345
5.0,0.1,3,5,Subsampling,0.96,30.860081261322847,30.86008126132285,4.329136486411346e-15,0,12345
5.0,0.1,3,10,Donor-HCP-no-within,0.94,30.23310799611426,32.34075014980395,4.64727854957125,0,12345
5.0,0.1,3,10,Donor-HCP-within,0.97,21.842852161088132,22.965783572227693,3.244468164366588,0,12345
5.0,0.1,3,10,HCP,0.98,34.62862569676791,34.62862569676791,0.0,0,12345
5.0,0.1,3,10,Pooling,0.88,26.255796108224654,26.255796108224654,1.922833189586462e-15,0,12345
5.0,0.1,3,10,Repeated,0.95,30.107540815254207,30.107540815254207,4.329136486411346e-15,0,12345
5.0,0.1,3,10,S-HCP-within,0.94,24.80109302658577,24.804057135673126,1.7556930422701231,0,12345
5.0,0.1,3,10,Std-CP,0.81,31.839290585529938,12.511622155557665,75.8333989825811,0,12345
5.0,0.1,3,10,Subsampling,0.96,30.860081261322847,30.86008126132285,4.329136486411346e-15,0,12345
5.0,0.1,3,15,Donor-HCP-no-within,0.9,28.7439283162035,30.56761563382861,4.546437984949922,0,12345
5.0,0.1,3,15,Donor-HCP-within,0.9,17.62898720328721,18.2569358601748,2.748376428311425,0,12345
5.0,0.1,3,15,HCP,0.98,34.62862569676791,34.62862569676791,0.0,0,12345
5.0,0.1,3,15,Pooling,0.88,26.255796108224654,26.255796108224654,1.922833189586462e-15,0,12345
5.0,0.1,3,15,Repeated,0.95,30.107540815254207,30.107540815254207,4.329136486411346e-15,0,12345
5.0,0.1,3,15,S-HCP-within,0.96,24.2730468679263,24.804057135673126,1.633802676714643,0,12345
5.0,0.1,3,15,Std-CP,0.93,9.299705539986403,7.86715293305434,5.640001729179375,0,12345
5.0,0.1,3,15,Subsampling,0.96,30.860081261322847,30.86008126132285,4.329136486411346e-15,0,12345
5.0,0.1,3,20,Donor-HCP-no-within,0.93,27.11938632819551,28.052913128102904,4.722794480547092,0,12345
5.0,0.1,3,20,Donor-HCP-within,0.87,14.2679265556263,15.17626933152814,2.6175062974497045,0,12345
5.0,0.1,3,20,HCP,0.98,34.62862569676791,34.62862569676791,0.0,0,12345
5.0,0.1,3,20,Pooling,0.88,26.255796108224654,26.255796108224654,1.922833189586462e-15,0,12345
5.0,0.1,3,20,Repeated,0.95,30.107540815254207,30.107540815254207,4.329136486411346e-15,0,12345
5.0,0.1,3,20,S-HCP-within,0.96,22.83268269140296,22.92102892530197,1.3331482882002985,0,12345
5.0,0.1,3,20,Std-CP,0.9,6.703187413883967,5.975017680238855,2.76282715029803,0,12345
5.0,0.1,3,20,Subsampling,0.96,30.860081261322847,30.86008126132285,4.329136486411346e-15,0,12345
5.0,0.1,3,25,Donor-HCP-no-within,0.9,14.06479809704048,11.527578286815402,7.512728799863292,0,12345
5.0,0.1,3,25,Donor-HCP-within,0.93,6.00780175997226,5.916752109766703,1.7957741420560915,0,12345
5.0,0.1,3,25,HCP,0.98,34.62862569676791,34.62862569676791,0.0,0,12345
5.0,0.1,3,25,Pooling,0.88,26.255796108224654,26.255796108224654,1.922833189586462e-15,0,12345
5.0,0.1,3,25,Repeated,0.95,30.107540815254207,30.107540815254207,4.329136486411346e-15,0,12345
5.0,0.1,3,25,S-HCP-within,0.91,14.714923943329088,12.125923021754193,7.739538253445634,0,12345
5.0,0.1,3,25,Std-CP,0.93,6.91415924265417,6.5313204157646965,2.615529985023607,0,12345
5.0,0.1,3,25,Subsampling,0.96,30.860081261322847,30.86008126132285,4.329136486411346e-15,0,12345
5.0,0.1,3,30,Donor-HCP-no-within,0.88,13.532243078464514,11.304381716431688,7.397706394894262,0,12345
5.0,0.1,3,30,Donor-HCP-within,0.92,6.027368487014274,5.870117831611408,1.6999208926652432,0,12345
5.0,0.1,3,30,HCP,0.98,34.62862569676791,34.62862569676791,0.0,0,12345
5.0,0.1,3,30,Pooling,0.88,26.255796108224654,26.255796108224654,1.922833189586462e-15,0,12345
5.0,0.1,3,30,Repeated,0.95,30.107540815254207,30.107540815254207,4.329136486411346e-15,0,12345
5.0,0.1,3,30,S-HCP-within,0.91,14.845654745807169,12.89081857837926,7.683750523913144,0,12345
5.0,0.1,3,30,Std-CP,0.89,6.665513969157624,6.433622163188517,2.1886619784135615,0,12345
5.0,0.1,3,30,Subsampling,0.96,30.860081261322847,30.86008126132285,4.329136486411346e-15,0,12345
5.0,0.1,3,35,Donor-HCP-no-within,0.89,13.801050899349834,11.57667135520176,7.373423713169608,0,12345
5.0,0.1,3,35,Donor-HCP-within,0.91,6.281376818368982,6.001431668361886,1.5516779720809935,0,12345
5.0,0.1,3,35,HCP,0.98,34.62862569676791,34.62862569676791,0.0,0,12345
5.0,0.1,3,35,Pooling,0.88,26.255796108224654,26.255796108224654,1.922833189586462e-15,0,12345
5.0,0.1,3,35,Repeated,0.95,30.107540815254207,30.107540815254207,4.329136486411346e-15,0,12345
5.0,0.1,3,35,S-HCP-within,0.92,15.037187602576404,13.52784262694049,7.505887141236228,0,12345
5.0,0.1,3,35,Std-CP,0.92,6.665273039203189,6.501653457149535,1.851814471241525,0,12345
5.0,0.1,3,35,Subsampling,0.96,30.860081261322847,30.86008126132285,4.329136486411346e-15,0,12345
5.0,0.1,4,0,Donor-HCP-no-within,0.97,26.29233821282881,26.29233821282881,7.141223187966347e-16,0,12345
5.0,0.1,4,0,Donor-HCP-within,0.97,26.29233821282881,26.29233821282881,7.141223187966347e-16,0,12345
5.0,0.1,4,0,HCP,0.97,26.29233821282881,26.29233821282881,7.141223187966347e-16,0,12345
5.0,0.1,4,0,Pooling,0.88,21.039822580122518,21.039822580122518,3.5706115939831736e-16,0,12345
5.0,0.1,4,0,Repeated,0.92,22.64289010831861,22.64289010831861,5.04960734217762e-16,0,12345
5.0,0.1,4,0,S-HCP-within,0.95,29.160348526214356,29.931208507116338,2.5518507216791284,0,12345
5.0,0.1,4,0,Std-CP,1.0,,,,100,12345
5.0,0.1,4,0,Subsampling,0.89,22.115181700984486,22.115181700984486,0.0,0,12345
5.0,0.1,4,5,Donor-HCP-no-within,0.99,58.44308247644294,62.17161366732536,19.248215929559812,0,12345
5.0,0.1,4,5,Donor-HCP-within,1.0,50.593048009966836,52.99602955343867,15.387000542679647,0,12345
5.0,0.1,4,5,HCP,0.97,26.29233821282881,26.29233821282881,7.141223187966347e-16,0,12345
5.0,0.1,4,5,Pooling,0.88,21.039822580122518,21.039822580122518,3.5706115939831736e-16,0,12345
5.0,0.1,4,5,Repeated,0.92,22.64289010831861,22.64289010831861,5.04960734217762e-16,0,12345
5.0,0.1,4,5,S-HCP-within,0.94,28.00997058854829,28.03033044715635,1.1073430159245088,0,12345
5.0,0.1,4,5,Std-CP,0.78,6.160873270304255,5.502120644104002,3.4109630815910914,0,12345
5.0,0.1,4,5,Subsampling,0.89,22.115181700984486,22.115181700984486,0.0,0,12345
5.0,0.1,4,10,Donor-HCP-no-within,0.99,56.38868732536639,61.11374708349746,18.21852497634078,0,12345
5.0,0.1,4,10,Donor-HCP-within,0.99,39.66553731552332,41.039508180147905,13.382552899085209,0,12345
5.0,0.1,4,10,HCP,0.97,26.29233821282881,26.29233821282881,7.141223187966347e-16,0,12345
5.0,0.1,4,10,Pooling,0.88,21.039822580122518,21.039822580122518,3.5706115939831736e-16,0,12345
5.0,0.1,4,10,Repeated,0.92,22.64289010831861,22.64289010831861,5.04960734217762e-16,0,12345
5.0,0.1,4,10,S-HCP-within,0.95,28.028452745954272,28.030330447156352,1.1247859300635181,0,12345
5.0,0.1,4,10,Std-CP,0.8,23.025323155028858,12.7788692028285,28.16710296851243,0,12345
5.0,0.1,4,10,Subsampling,0.89,22.115181700984486,22.115181700984486,0.0,0,12345
5.0,0.1,4,15,Donor-HCP-no-within,0.99,54.756675942472505,60.81939081500653,18.58323605623164,0,12345
5.0,0.1,4,15,Donor-HCP-within,1.0,31.58668834120306,27.199006842404735,12.410259928894396,0,12345
5.0,0.1,4,15,HCP,0.97,26.29233821282881,26.29233821282881,7.141223187966347e-16,0,12345
5.0,0.1,4,15,Pooling,0.88,21.039822580122518,21.039822580122518,3.5706115939831736e-16,0,12345
5.0,0.1,4,15,Repeated,0.92,22.64289010831861,22.64289010831861,5.04960734217762e-16,0,12345
5.0,0.1,4,15,S-HCP-within,0.94,27.779956615087116,27.550085415488347,0.8020343964617591,0,12345
5.0,0.1,4,15,Std-CP,0.84,8.452715390277698,7.407174964815074,4.560517614589503,0,12345
5.0,0.1,4,15,Subsampling,0.89,22.115181700984486,22.115181700984486,0.0,0,12345
5.0,0.1,4,20,Donor-HCP-no-within,0.97,39.15565798170781,42.0559518539754,10.91078534904446,0,12345
5.0,0.1,4,20,Donor-HCP-within,0.96,21.867750545138765,22.380129008139733,5.39108901156304,0,12345
5.0,0.1,4,20,HCP,0.97,26.29233821282881,26.29233821282881,7.141223187966347e-16,0,12345
5.0,0.1,4,20,Pooling,0.88,21.039822580122518,21.039822580122518,3.5706115939831736e-16,0,12345
5.0,0.1,4,20,Repeated,0.92,22.64289010831861,22.64289010831861,5.04960734217762e-16,0,12345
5.0,0.1,4,20,S-HCP-within,0.94,27.522952643088626,27.356267940309813,0.774618921571442,0,12345
5.0,0.1,4,20,Std-CP,0.89,7.385919213080829,6.621746214786761,3.920809504527654,0,12345
5.0,0.1,4,20,Subsampling,0.89,22.115181700984486,22.115181700984486,0.0,0,12345
5.0,0.1,4,25,Donor-HCP-no-within,0.87,13.146927866528426,11.2895547592843,6.307052321321935,0,12345
5.0,0.1,4,25,Donor-HCP-within,0.89,5.630086256868208,5.186444394942802,1.8599813712590476,0,12345
5.0,0.1,4,25,HCP,0.97,26.29233821282881,26.29233821282881,7.141223187966347e-16,0,12345
5.0,0.1,4,25,Pooling,0.88,21.039822580122518,21.039822580122518,3.5706115939831736e-16,0,12345
5.0,0.1,4,25,Repeated,0.92,22.64289010831861,22.64289010831861,5.04960734217762e-16,0,12345
5.0,0.1,4,25,S-HCP-within,0.86,13.44511098061938,12.196865532732435,6.381269676803784,0,12345
5.0,0.1,4,25,Std-CP,0.91,6.543945443934897,6.411109136303295,2.1750849521467397,0,12345
5.0,0.1,4,25,Subsampling,0.89,22.115181700984486,22.115181700984486,0.0,0,12345
5.0,0.1,4,30,Donor-HCP-no-within,0.85,12.76107264730784,11.015803698719434,6.314387299963779,0,12345
5.0,0.1,4,30,Donor-HCP-within,0.93,6.035708027466264,5.708938955976771,1.761162400227926,0,12345
5.0,0.1,4,30,HCP,0.97,26.29233821282881,26.29233821282881,7.141223187966347e-16,0,12345
5.0,0.1,4,30,Pooling,0.88,21.039822580122518,21.039822580122518,3.5706115939831736e-16,0,12345
5.0,0.1,4,30,Repeated,0.92,22.64289010831861,22.64289010831861,5.04960734217762e-16,0,12345
5.0,0.1,4,30,S-HCP-within,0.86,13.711953470642927,12.85980339170243,6.573228354338461,0,12345
5.0,0.1,4,30,Std-CP,0.92,6.511170187030303,6.096585573240539,1.9300081405933636,0,12345
5.0,0.1,4,30,Subsampling,0.89,22.115181700984486,22.115181700984486,0.0,0,12345
5.0,0.1,4,35,Donor-HCP-no-within,0.86,13.031946532613414,11.015803698719434,6.320449623487517,0,12345
5.0,0.1,4,35,Donor-HCP-within,0.91,6.160004748583528,6.03716940425685,1.8506816900125775,0,12345
5.0,0.1,4,35,HCP,0.97,26.29233821282881,26.29233821282881,7.141223187966347e-16,0,12345
5.0,0.1,4,35,Pooling,0.88,21.039822580122518,21.039822580122518,3.5706115939831736e-16,0,12345
5.0,0.1,4,35,Repeated,0.92,22.64289010831861,22.64289010831861,5.04960734217762e-16,0,12345
5.0,0.1,4,35,S-HCP-within,0.88,14.189875589742563,13.056044832857278,6.468835217391818,0,12345
5.0,0.1,4,35,Std-CP,0.92,6.562030048059951,5.947675455625516,2.0714175487299644,0,12345
5.0,0.1,4,35,Subsampling,0.89,22.115181700984486,22.115181700984486,0.0,0,12345
5.0,0.1,5,0,Donor-HCP-no-within,0.96,28.855199428304385,28.855199428304388,1.712405163993038e-15,0,12345
5.0,0.1,5,0,Donor-HCP-within,0.96,28.855199428304385,28.855199428304388,1.712405163993038e-15,0,12345
5.0,0.1,5,0,HCP,0.96,28.855199428304385,28.855199428304388,1.712405163993038e-15,0,12345
5.0,0.1,5,0,Pooling,0.88,21.27992045318914,21.27992045318914,2.9873879909648398e-15,0,12345
5.0,0.1,5,0,Repeated,0.94,24.403819614435932,24.403819614435932,1.5148822026532858e-15,0,12345
5.0,0.1,5,0,S-HCP-within,0.9,25.398469072654063,26.57783941165527,3.6099070071645887,0,12345
5.0,0.1,5,0,Std-CP,1.0,,,,100,12345
5.0,0.1,5,0,Subsampling,0.91,22.00871420901357,22.00871420901357,3.5706115939831736e-16,0,12345
5.0,0.1,5,5,Donor-HCP-no-within,0.95,25.832322856143595,26.010402654082498,1.6661856137617408,0,12345
5.0,0.1,5,5,Donor-HCP-within,0.96,23.198958131115756,23.349772422346902,1.2770275347034952,0,12345
5.0,0.1,5,5,HCP,0.96,28.855199428304385,28.855199428304388,1.712405163993038e-15,0,12345
5.0,0.1,5,5,Pooling,0.88,21.27992045318914,21.27992045318914,2.9873879909648398e-15,0,12345
5.0,0.1,5,5,Repeated,0.94,24.403819614435932,24.403819614435932,1.5148822026532858e-15,0,12345
5.0,0.1,5,5,S-HCP-within,0.91,24.548117120042647,24.571348949925408,2.117880394092215,0,12345
5.0,0.1,5,5,Std-CP,0.75,5.6977745596172165,5.009376674233071,3.4897280086463285,0,12345
5.0,0.1,5,5,Subsampling,0.91,22.00871420901357,22.00871420901357,3.5706115939831736e-16,0,12345
5.0,0.1,5,10,Donor-HCP-no-within,0.94,24.518208467076,24.84234395884519,1.59124401156162,0,12345
5.0,0.1,5,10,Donor-HCP-within,0.97,18.60055612272373,18.799169358779572,1.0263516364501575,0,12345
5.0,0.1,5,10,HCP,0.96,28.855199428304385,28.855199428304388,1.712405163993038e-15,0,12345
5.0,0.1,5,10,Pooling,0.88,21.27992045318914,21.27992045318914,2.9873879909648398e-15,0,12345
5.0,0.1,5,10,Repeated,0.94,24.403819614435932,24.403819614435932,1.5148822026532858e-15,0,12345
5.0,0.1,5,10,S-HCP-within,0.91,24.339020164660273,24.358226566651503,1.9750953905137922,0,12345
5.0,0.1,5,10,Std-CP,0.83,26.458328441090092,12.509032955060162,37.87199171345572,0,12345
5.0,0.1,5,10,Subsampling,0.91,22.00871420901357,22.00871420901357,3.5706115939831736e-16,0,12345
5.0,0.1,5,15,Donor-HCP-no-within,0.95,22.80428603142092,22.829035933954945,1.8025979893621344,0,12345
5.0,0.1,5,15,Donor-HCP-within,0.94,15.977528198579673,16.072649243545186,0.9912003862492491,0,12345
5.0,0.1,5,15,HCP,0.96,28.855199428304385,28.855199428304388,1.712405163993038e-15,0,12345
5.0,0.1,5,15,Pooling,0.88,21.27992045318914,21.27992045318914,2.9873879909648398e-15,0,12345
5.0,0.1,5,15,Repeated,0.94,24.403819614435932,24.403819614435932,1.5148822026532858e-15,0,12345
5.0,0.1,5,15,S-HCP-within,0.9,24.320874074370717,24.139253655345314,1.4584730258665783,0,12345
5.0,0.1,5,15,Std-CP,0.92,9.05990218924996,8.052761343270586,5.640965161077674,0,12345
5.0,0.1,5,15,Subsampling,0.91,22.00871420901357,22.00871420901357,3.5706115939831736e-16,0,12345
5.0,0.1,5,20,Donor-HCP-no-within,0.91,21.091580088472398,20.76597322536297,2.000411187783025,0,12345
5.0,0.1,5,20,Donor-HCP-within,0.94,13.050769439335113,13.162558436540918,0.8394812504997832,0,12345
5.0,0.1,5,20,HCP,0.96,28.855199428304385,28.855199428304388,1.712405163993038e-15,0,12345
5.0,0.1,5,20,Pooling,0.88,21.27992045318914,21.27992045318914,2.9873879909648398e-15,0,12345
5.0,0.1,5,20,Repeated,0.94,24.403819614435932,24.403819614435932,1.5148822026532858e-15,0,12345
5.0,0.1,5,20,S-HCP-within,0.89,23.798484785143497,23.81258733044394,1.5083449127382604,0,12345
5.0,0.1,5,20,Std-CP,0.92,6.62996446410227,6.311104396373453,2.8552851198065015,0,12345
5.0,0.1,5,20,Subsampling,0.91,22.00871420901357,22.00871420901357,3.5706115939831736e-16,0,12345
5.0,0.1,5,25,Donor-HCP-no-within,0.95,16.316004663191737,15.854114597717064,7.532293653049999,0,12345
5.0,0.1,5,25,Donor-HCP-within,0.89,5.8053869105842875,5.691707929926632,1.7466506472176617,0,12345
5.0,0.1,5,25,HCP,0.96,28.855199428304385,28.855199428304388,1.712405163993038e-15,0,12345
5.0,0.1,5,25,Pooling,0.88,21.27992045318914,21.27992045318914,2.9873879909648398e-15,0,12345
5.0,0.1,5,25,Repeated,0.94,24.403819614435932,24.403819614435932,1.5148822026532858e-15,0,12345
5.0,0.1,5,25,S-HCP-within,0.95,16.99806036119302,16.77923411942515,7.786071213022155,0,12345
5.0,0.1,5,25,Std-CP,0.92,6.678181859528911,6.3556234063109915,2.9825976233073717,0,12345
5.0,0.1,5,25,Subsampling,0.91,22.00871420901357,22.00871420901357,3.5706115939831736e-16,0,12345
5.0,0.1,5,30,Donor-HCP-no-within,0.89,15.688494541072926,14.9116685500576,7.385747659248987,0,12345
5.0,0.1,5,30,Donor-HCP-within,0.92,5.955262040332224,5.5670138963113995,1.7278715887077576,0,12345
5.0,0.1,5,30,HCP,0.96,28.855199428304385,28.855199428304388,1.712405163993038e-15,0,12345
5.0,0.1,5,30,Pooling,0.88,21.27992045318914,21.27992045318914,2.9873879909648398e-15,0,12345
5.0,0.1,5,30,Repeated,0.94,24.403819614435932,24.403819614435932,1.5148822026532858e-15,0,12345
5.0,0.1,5,30,S-HCP-within,0.92,17.13223165175732,16.871464961896535,7.713270109586237,0,12345
5.0,0.1,5,30,Std-CP,0.93,6.318888617050509,6.38762803129721,2.048598458571022,0,12345
5.0,0.1,5,30,Subsampling,0.91,22.00871420901357,22.00871420901357,3.5706115939831736e-16,0,12345
5.0,0.1,5,35,Donor-HCP-no-within,0.91,16.01997803155549,15.556481836100321,7.510345958364494,0,12345
5.0,0.1,5,35,Donor-HCP-within,0.95,6.190960421900627,5.736697143322207,1.767054756806713,0,12345
5.0,0.1,5,35,HCP,0.96,28.855199428304385,28.855199428304388,1.712405163993038e-15,0,12345
5.0,0.1,5,35,Pooling,0.88,21.27992045318914,21.27992045318914,2.9873879909648398e-15,0,12345
5.0,0.1,5,35,Repeated,0.94,24.403819614435932,24.403819614435932,1.5148822026532858e-15,0,12345
5.0,0.1,5,35,S-HCP-within,0.94,17.404546019902174,16.942500590865954,7.905881688643794,0,12345
5.0,0.1,5,35,Std-CP,0.97,6.295363331685552,6.226286527218914,1.8771381630493227,0,12345
5.0,0.1,5,35,Subsampling,0.91,22.00871420901357,22.00871420901357,3.5706115939831736e-16,0,12345
5.0,0.1,6,0,Donor-HCP-no-within,0.95,40.30128074415421,40.30128074415421,0.0,0,12345
5.0,0.1,6,0,Donor-HCP-within,0.95,40.30128074415421,40.30128074415421,0.0,0,12345
5.0,0.1,6,0,HCP,0.95,40.30128074415421,40.30128074415421,0.0,0,12345
5.0,0.1,6,0,Pooling,0.93,35.73237366316112,35.73237366316112,4.039685873742096e-15,0,12345
5.0,0.1,6,0,Repeated,0.94,37.15901257522511,37.15901257522511,4.039685873742096e-15,0,12345
5.0,0.1,6,0,S-HCP-within,0.93,50.250782003889036,50.836452245872586,3.7990155118193187,0,12345
5.0,0.1,6,0,Std-CP,1.0,,,,100,12345
5.0,0.1,6,0,Subsampling,0.95,39.33498722309298,39.33498722309298,0.0,0,12345
5.0,0.1,6,5,Donor-HCP-no-within,0.95,35.474064200032046,28.512842174577365,14.323814916907283,0,12345
5.0,0.1,6,5,Donor-HCP-within,0.96,32.06508503888971,24.854405742241305,13.235116643844057,0,12345
5.0,0.1,6,5,HCP,0.95,40.30128074415421,40.30128074415421,0.0,0,12345
5.0,0.1,6,5,Pooling,0.93,35.73237366316112,35.73237366316112,4.039685873742096e-15,0,12345
5.0,0.1,6,5,Repeated,0.94,37.15901257522511,37.15901257522511,4.039685873742096e-15,0,12345
5.0,0.1,6,5,S-HCP-within,0.94,47.20853715926812,48.02907076407186,3.0996280569068206,0,12345
5.0,0.1,6,5,Std-CP,0.75,5.672989447380404,5.09802774972604,3.277271390989271,0,12345
5.0,0.1,6,5,Subsampling,0.95,39.33498722309298,39.33498722309298,0.0,0,12345
5.0,0.1,6,10,Donor-HCP-no-within,0.95,36.70134022747621,26.64837490047951,16.115238375846076,0,12345
5.0,0.1,6,10,Donor-HCP-within,0.98,26.29505284417828,20.070487327979215,10.697173463926841,0,12345
5.0,0.1,6,10,HCP,0.95,40.30128074415421,40.30128074415421,0.0,0,12345
5.0,0.1,6,10,Pooling,0.93,35.73237366316112,35.73237366316112,4.039685873742096e-15,0,12345
5.0,0.1,6,10,Repeated,0.94,37.15901257522511,37.15901257522511,4.039685873742096e-15,0,12345
5.0,0.1,6,10,S-HCP-within,0.92,45.35036309257364,42.89225275968087,3.505166422100747,0,12345
5.0,0.1,6,10,Std-CP,0.8,120.49647833534613,12.258489045737006,613.6317006314144,0,12345
5.0,0.1,6,10,Subsampling,0.95,39.33498722309298,39.33498722309298,0.0,0,12345
5.0,0.1,6,15,Donor-HCP-no-within,0.96,36.224691704751564,27.443950667920294,15.350424783332853,0,12345
5.0,0.1,6,15,Donor-HCP-within,0.97,20.41527813971806,16.388720865136733,8.044930218031693,0,12345
5.0,0.1,6,15,HCP,0.95,40.30128074415421,40.30128074415421,0.0,0,12345
5.0,0.1,6,15,Pooling,0.93,35.73237366316112,35.73237366316112,4.039685873742096e-15,0,12345
5.0,0.1,6,15,Repeated,0.94,37.15901257522511,37.15901257522511,4.039685873742096e-15,0,12345
5.0,0.1,6,15,S-HCP-within,0.92,45.083734501362876,42.89225275968087,3.2972887552664254,0,12345
5.0,0.1,6,15,Std-CP,0.9,9.017504088232283,7.408189084971429,5.224304571728266,0,12345
5.0,0.1,6,15,Subsampling,0.95,39.33498722309298,39.33498722309298,0.0,0,12345
5.0,0.1,6,20,Donor-HCP-no-within,0.94,31.798331988136866,24.547273342124925,12.641294725016516,0,12345
5.0,0.1,6,20,Donor-HCP-within,0.93,17.20157905054495,14.14119475097426,5.880221528310835,0,12345
5.0,0.1,6,20,HCP,0.95,40.30128074415421,40.30128074415421,0.0,0,12345
5.0,0.1,6,20,Pooling,0.93,35.73237366316112,35.73237366316112,4.039685873742096e-15,0,12345
5.0,0.1,6,20,Repeated,0.94,37.15901257522511,37.15901257522511,4.039685873742096e-15,0,12345
5.0,0.1,6,20,S-HCP-within,0.92,42.08328776056519,41.95481979247574,3.6575821227219807,0,12345
5.0,0.1,6,20,Std-CP,0.88,6.5372857839064205,6.130827446715954,2.292920943460005,0,12345
5.0,0.1,6,20,Subsampling,0.95,39.33498722309298,39.33498722309298,0.0,0,12345
5.0,0.1,6,25,Donor-HCP-no-within,0.93,15.131550106942035,14.753106690149355,7.058690723742663,0,12345
5.0,0.1,6,25,Donor-HCP-within,0.9,6.009287037011422,5.966429321093279,1.7460527971901265,0,12345
5.0,0.1,6,25,HCP,0.95,40.30128074415421,40.30128074415421,0.0,0,12345
5.0,0.1,6,25,Pooling,0.93,35.73237366316112,35.73237366316112,4.039685873742096e-15,0,12345
5.0,0.1,6,25,Repeated,0.94,37.15901257522511,37.15901257522511,4.039685873742096e-15,0,12345
5.0,0.1,6,25,S-HCP-within,0.91,15.759714893948884,16.364644592909386,7.2085375577839175,0,12345
5.0,0.1,6,25,Std-CP,0.93,6.3975919983497,6.283920429671143,1.7724307561173904,0,12345
5.0,0.1,6,25,Subsampling,0.95,39.33498722309298,39.33498722309298,0.0,0,12345
5.0,0.1,6,30,Donor-HCP-no-within,0.92,14.545841185139253,14.541808046699028,6.971237680654521,0,12345
5.0,0.1,6,30,Donor-HCP-within,0.9,5.964097649563937,5.906853812158252,1.7639724925756686,0,12345
5.0,0.1,6,30,HCP,0.95,40.30128074415421,40.30128074415421,0.0,0,12345
5.0,0.1,6,30,Pooling,0.93,35.73237366316112,35.73237366316112,4.039685873742096e-15,0,12345
5.0,0.1,6,30,Repeated,0.94,37.15901257522511,37.15901257522511,4.039685873742096e-15,0,12345
5.0,0.1,6,30,S-HCP-within,0.95,16.027253666557243,16.311490089655827,7.188727862074367,0,12345
5.0,0.1,6,30,Std-CP,0.94,6.37291527818426,6.184047191956302,2.259649021021346,0,12345
5.0,0.1,6,30,Subsampling,0.95,39.33498722309298,39.33498722309298,0.0,0,12345
5.0,0.1,6,35,Donor-HCP-no-within,0.95,14.884718652612165,14.637683899335677,7.005375382755488,0,12345
5.0,0.1,6,35,Donor-HCP-within,0.93,6.123712177741059,5.993818402666951,1.7547780493962868,0,12345
5.0,0.1,6,35,HCP,0.95,40.30128074415421,40.30128074415421,0.0,0,12345
5.0,0.1,6,35,Pooling,0.93,35.73237366316112,35.73237366316112,4.039685873742096e-15,0,12345
5.0,0.1,6,35,Repeated,0.94,37.15901257522511,37.15901257522511,4.039685873742096e-15,0,12345
5.0,0.1,6,35,S-HCP-within,0.96,16.153788065612233,15.883773070349434,7.210874541454245,0,12345
5.0,0.1,6,35,Std-CP,0.89,6.404061752005458,6.184404939713513,2.0912386017764026,0,12345
5.0,0.1,6,35,Subsampling,0.95,39.33498722309298,39.33498722309298,0.0,0,12345
5.0,0.1,7,0,Donor-HCP-no-within,1.0,34.401445886061865,34.401445886061865,0.0,0,12345
5.0,0.1,7,0,Donor-HCP-within,1.0,34.401445886061865,34.401445886061865,0.0,0,12345
5.0,0.1,7,0,HCP,1.0,34.401445886061865,34.401445886061865,0.0,0,12345
5.0,0.1,7,0,Pooling,0.96,27.40405237245508,27.404052372455084,3.44337312155261e-15,0,12345
5.0,0.1,7,0,Repeated,0.96,28.469815427755265,28.469815427755265,7.141223187966347e-16,0,12345
5.0,0.1,7,0,S-HCP-within,1.0,41.97898419168421,41.51760284909912,3.6605518623464057,0,12345
5.0,0.1,7,0,Std-CP,1.0,,,,100,12345
5.0,0.1,7,0,Subsampling,1.0,33.044472653771216,33.044472653771216,7.790154790388597e-15,0,12345
5.0,0.1,7,5,Donor-HCP-no-within,1.0,37.240521828039775,34.81338750939227,6.988273820378211,0,12345
5.0,0.1,7,5,Donor-HCP-within,1.0,30.91693737658572,29.791074220923157,4.8937889007249655,0,12345
5.0,0.1,7,5,HCP,1.0,34.401445886061865,34.401445886061865,0.0,0,12345
5.0,0.1,7,5,Pooling,0.96,27.40405237245508,27.404052372455084,3.44337312155261e-15,0,12345
5.0,0.1,7,5,Repeated,0.96,28.469815427755265,28.469815427755265,7.141223187966347e-16,0,12345
5.0,0.1,7,5,S-HCP-within,0.99,38.86121289528644,39.66136674785588,2.373536913280649,0,12345
5.0,0.1,7,5,Std-CP,0.77,6.4443228122027225,5.5533425333433835,3.635187814027366,0,12345
5.0,0.1,7,5,Subsampling,1.0,33.044472653771216,33.044472653771216,7.790154790388597e-15,0,12345
5.0,0.1,7,10,Donor-HCP-no-within,0.98,33.734255033970264,32.79167063226164,4.553298320578681,0,12345
5.0,0.1,7,10,Donor-HCP-within,1.0,24.384761249071143,23.09340877662924,3.829880790173381,0,12345
5.0,0.1,7,10,HCP,1.0,34.401445886061865,34.401445886061865,0.0,0,12345
5.0,0.1,7,10,Pooling,0.96,27.40405237245508,27.404052372455084,3.44337312155261e-15,0,12345
5.0,0.1,7,10,Repeated,0.96,28.469815427755265,28.469815427755265,7.141223187966347e-16,0,12345
5.0,0.1,7,10,S-HCP-within,0.99,38.974333457188294,39.66136674785588,2.0130823423412876,0,12345
5.0,0.1,7,10,Std-CP,0.83,58.55665664148924,12.698879922109036,237.03438526182225,0,12345
5.0,0.1,7,10,Subsampling,1.0,33.044472653771216,33.044472653771216,7.790154790388597e-15,0,12345
5.0,0.1,7,15,Donor-HCP-no-within,0.99,31.689628057965233,30.751036135292296,3.795979730250452,0,12345
5.0,0.1,7,15,Donor-HCP-within,0.99,20.57196436940589,19.49411349431304,2.928615813626869,0,12345
5.0,0.1,7,15,HCP,1.0,34.401445886061865,34.401445886061865,0.0,0,12345
5.0,0.1,7,15,Pooling,0.96,27.40405237245508,27.404052372455084,3.44337312155261e-15,0,12345
5.0,0.1,7,15,Repeated,0.96,28.469815427755265,28.469815427755265,7.141223187966347e-16,0,12345
5.0,0.1,7,15,S-HCP-within,0.99,38.55606333593876,38.583632536577,1.7082032702405565,0,12345
5.0,0.1,7,15,Std-CP,0.87,9.833872806079425,8.743329900480648,5.643154067983433,0,12345
5.0,0.1,7,15,Subsampling,1.0,33.044472653771216,33.044472653771216,7.790154790388597e-15,0,12345
5.0,0.1,7,20,Donor-HCP-no-within,0.99,29.962125089802775,27.839539034251345,5.0295801263910445,0,12345
5.0,0.1,7,20,Donor-HCP-within,0.97,16.383254004074935,15.76713565636248,1.9907415325013766,0,12345
5.0,0.1,7,20,HCP,1.0,34.401445886061865,34.401445886061865,0.0,0,12345
5.0,0.1,7,20,Pooling,0.96,27.40405237245508,27.404052372455084,3.44337312155261e-15,0,12345
5.0,0.1,7,20,Repeated,0.96,28.469815427755265,28.469815427755265,7.141223187966347e-16,0,12345
5.0,0.1,7,20,S-HCP-within,0.99,37.77980728906928,38.273020947304495,1.4490628282901465,0,12345
5.0,0.1,7,20,Std-CP,0.89,6.797133860894408,6.054834191870787,2.6528217422319944,0,12345
5.0,0.1,7,20,Subsampling,1.0,33.044472653771216,33.044472653771216,7.790154790388597e-15,0,12345
5.0,0.1,7,25,Donor-HCP-no-within,0.94,17.54341858107921,15.904121124952734,7.0373572051625395,0,12345
5.0,0.1,7,25,Donor-HCP-within,0.94,6.113956388032127,5.868848242253555,1.809071871728576,0,12345
5.0,0.1,7,25,HCP,1.0,34.401445886061865,34.401445886061865,0.0,0,12345
5.0,0.1,7,25,Pooling,0.96,27.40405237245508,27.404052372455084,3.44337312155261e-15,0,12345
5.0,0.1,7,25,Repeated,0.96,28.469815427755265,28.469815427755265,7.141223187966347e-16,0,12345
5.0,0.1,7,25,S-HCP-within,0.92,18.063186453597293,16.933555528367446,7.352921543177896,0,12345
5.0,0.1,7,25,Std-CP,0.94,6.838862632023272,6.38981332782698,2.2036908738112455,0,12345
5.0,0.1,7,25,Subsampling,1.0,33.044472653771216,33.044472653771216,7.790154790388597e-15,0,12345
5.0,0.1,7,30,Donor-HCP-no-within,0.92,16.617995392415697,15.15098475930774,6.939485811791187,0,12345
5.0,0.1,7,30,Donor-HCP-within,0.94,6.0368679806000864,5.817477837139023,1.7297150474307703,0,12345
5.0,0.1,7,30,HCP,1.0,34.401445886061865,34.401445886061865,0.0,0,12345
5.0,0.1,7,30,Pooling,0.96,27.40405237245508,27.404052372455084,3.44337312155261e-15,0,12345
5.0,0.1,7,30,Repeated,0.96,28.469815427755265,28.469815427755265,7.141223187966347e-16,0,12345
5.0,0.1,7,30,S-HCP-within,0.95,18.33859141283087,16.357109974279588,7.386382258398606,0,12345
5.0,0.1,7,30,Std-CP,0.94,6.538434751004072,6.1436928303881695,2.0785706775296413,0,12345
5.0,0.1,7,30,Subsampling,1.0,33.044472653771216,33.044472653771216,7.790154790388597e-15,0,12345
5.0,0.1,7,35,Donor-HCP-no-within,0.93,17.13502265395889,15.445055904786745,7.050600331174645,0,12345
5.0,0.1,7,35,Donor-HCP-within,0.96,6.285401789685316,5.8739313289751385,1.7157992799203128,0,12345
5.0,0.1,7,35,HCP,1.0,34.401445886061865,34.401445886061865,0.0,0,12345
5.0,0.1,7,35,Pooling,0.96,27.40405237245508,27.404052372455084,3.44337312155261e-15,0,12345
5.0,0.1,7,35,Repeated,0.96,28.469815427755265,28.469815427755265,7.141223187966347e-16,0,12345
5.0,0.1,7,35,S-HCP-within,0.97,19.102501763057067,18.83775309192621,7.658148542740659,0,12345
5.0,0.1,7,35,Std-CP,0.93,6.6762580885985505,6.319095767431993,2.1862734777068558,0,12345
5.0,0.1,7,35,Subsampling,1.0,33.044472653771216,33.044472653771216,7.790154790388597e-15,0,12345
5.0,0.1,8,0,Donor-HCP-no-within,0.93,43.442034254676535,43.442034254676535,5.1988889552273155e-15,0,12345
5.0,0.1,8,0,Donor-HCP-within,0.93,43.442034254676535,43.442034254676535,5.1988889552273155e-15,0,12345
5.0,0.1,8,0,HCP,0.93,43.442034254676535,43.442034254676535,5.1988889552273155e-15,0,12345
5.0,0.1,8,0,Pooling,0.87,36.463177095697006,36.463177095697006,0.0,0,12345
5.0,0.1,8,0,Repeated,0.93,40.55608690508964,40.55608690508964,0.0,0,12345
5.0,0.1,8,0,S-HCP-within,0.85,26.27772225553239,26.727388321336306,2.5076717235710193,0,12345
5.0,0.1,8,0,Std-CP,1.0,,,,100,12345
5.0,0.1,8,0,Subsampling,0.93,43.7601842905251,43.7601842905251,0.0,0,12345
5.0,0.1,8,5,Donor-HCP-no-within,0.91,36.81149737608213,37.03924750011957,4.81691160098812,0,12345
5.0,0.1,8,5,Donor-HCP-within,0.91,32.08718260050298,31.938774643508935,4.195949210483216,0,12345
5.0,0.1,8,5,HCP,0.93,43.442034254676535,43.442034254676535,5.1988889552273155e-15,0,12345
5.0,0.1,8,5,Pooling,0.87,36.463177095697006,36.463177095697006,0.0,0,12345
5.0,0.1,8,5,Repeated,0.93,40.55608690508964,40.55608690508964,0.0,0,12345
5.0,0.1,8,5,S-HCP-within,0.87,25.50780297606466,25.24096390044335,1.8201371623043006,0,12345
5.0,0.1,8,5,Std-CP,0.76,6.003906230650507,4.999628068547416,4.191017464930674,0,12345
5.0,0.1,8,5,Subsampling,0.93,43.7601842905251,43.7601842905251,0.0,0,12345
5.0,0.1,8,10,Donor-HCP-no-within,0.92,34.736206483190415,35.46783387506783,5.093231026492951,0,12345
5.0,0.1,8,10,Donor-HCP-within,0.93,24.133780218066768,24.888704325229387,3.6360810295349464,0,12345
5.0,0.1,8,10,HCP,0.93,43.442034254676535,43.442034254676535,5.1988889552273155e-15,0,12345
5.0,0.1,8,10,Pooling,0.87,36.463177095697006,36.463177095697006,0.0,0,12345
5.0,0.1,8,10,Repeated,0.93,40.55608690508964,40.55608690508964,0.0,0,12345
5.0,0.1,8,10,S-HCP-within,0.9,25.503227665608975,25.235608689936896,1.8283340971265343,0,12345
5.0,0.1,8,10,Std-CP,0.9,38.69767597279799,16.162550365440104,79.075836285372,0,12345
5.0,0.1,8,10,Subsampling,0.93,43.7601842905251,43.7601842905251,0.0,0,12345
5.0,0.1,8,15,Donor-HCP-no-within,0.87,33.17805875897321,32.965328180982695,4.998837090062885,0,12345
5.0,0.1,8,15,Donor-HCP-within,0.9,20.471514931894763,20.093741306612095,3.000241091858724,0,12345
5.0,0.1,8,15,HCP,0.93,43.442034254676535,43.442034254676535,5.1988889552273155e-15,0,12345
5.0,0.1,8,15,Pooling,0.87,36.463177095697006,36.463177095697006,0.0,0,12345
5.0,0.1,8,15,Repeated,0.93,40.55608690508964,40.55608690508964,0.0,0,12345
5.0,0.1,8,15,S-HCP-within,0.89,25.339739798541338,25.126412680222465,1.5305457667962874,0,12345
5.0,0.1,8,15,Std-CP,0.92,10.11326122160404,8.028758585820757,7.757566493125696,0,12345
5.0,0.1,8,15,Subsampling,0.93,43.7601842905251,43.7601842905251,0.0,0,12345
5.0,0.1,8,20,Donor-HCP-no-within,0.89,31.758591150373995,30.932901196734942,5.40954055176805,0,12345
5.0,0.1,8,20,Donor-HCP-within,0.85,16.787175864622373,16.473861587341176,2.4552903995862017,0,12345
5.0,0.1,8,20,HCP,0.93,43.442034254676535,43.442034254676535,5.1988889552273155e-15,0,12345
5.0,0.1,8,20,Pooling,0.87,36.463177095697006,36.463177095697006,0.0,0,12345
5.0,0.1,8,20,Repeated,0.93,40.55608690508964,40.55608690508964,0.0,0,12345
5.0,0.1,8,20,S-HCP-within,0.88,24.91369862948386,24.544268817285158,1.5052508524239971,0,12345
5.0,0.1,8,20,Std-CP,0.95,7.161020381772899,6.41195092381347,2.9751109399965716,0,12345
5.0,0.1,8,20,Subsampling,0.93,43.7601842905251,43.7601842905251,0.0,0,12345
5.0,0.1,8,25,Donor-HCP-no-within,0.95,17.02105739149479,15.344036740385894,8.770644984554155,0,12345
5.0,0.1,8,25,Donor-HCP-within,0.95,6.040143883807015,5.865609524583277,1.9063963631920582,0,12345
5.0,0.1,8,25,HCP,0.93,43.442034254676535,43.442034254676535,5.1988889552273155e-15,0,12345
5.0,0.1,8,25,Pooling,0.87,36.463177095697006,36.463177095697006,0.0,0,12345
5.0,0.1,8,25,Repeated,0.93,40.55608690508964,40.55608690508964,0.0,0,12345
5.0,0.1,8,25,S-HCP-within,0.94,17.30037732939351,15.959465054858349,9.198206820018306,0,12345
5.0,0.1,8,25,Std-CP,0.95,6.761119604752569,6.174560461280564,2.599296432404534,0,12345
5.0,0.1,8,25,Subsampling,0.93,43.7601842905251,43.7601842905251,0.0,0,12345
5.0,0.1,8,30,Donor-HCP-no-within,0.91,16.205179090508796,14.08534435501385,8.909231064081103,0,12345
5.0,0.1,8,30,Donor-HCP-within,0.97,5.8463429049747155,5.602297549776068,1.6685057608813292,0,12345
5.0,0.1,8,30,HCP,0.93,43.442034254676535,43.442034254676535,5.1988889552273155e-15,0,12345
5.0,0.1,8,30,Pooling,0.87,36.463177095697006,36.463177095697006,0.0,0,12345
5.0,0.1,8,30,Repeated,0.93,40.55608690508964,40.55608690508964,0.0,0,12345
5.0,0.1,8,30,S-HCP-within,0.94,17.723687074607696,15.959465054858349,9.18122448462597,0,12345
5.0,0.1,8,30,Std-CP,0.98,6.3712648777615355,6.081234325844491,1.9630462228544874,0,12345
5.0,0.1,8,30,Subsampling,0.93,43.7601842905251,43.7601842905251,0.0,0,12345
5.0,0.1,8,35,Donor-HCP-no-within,0.93,16.61849389839689,14.919440731429574,8.858427353486926,0,12345
5.0,0.1,8,35,Donor-HCP-within,0.98,6.1694090813632325,6.15015367026348,1.5127308108722386,0,12345
5.0,0.1,8,35,HCP,0.93,43.442034254676535,43.442034254676535,5.1988889552273155e-15,0,12345
5.0,0.1,8,35,Pooling,0.87,36.463177095697006,36.463177095697006,0.0,0,12345
5.0,0.1,8,35,Repeated,0.93,40.55608690508964,40.55608690508964,0.0,0,12345
5.0,0.1,8,35,S-HCP-within,0.96,18.024861363869,16.089332907590524,9.16145031776304,0,12345
5.0,0.1,8,35,Std-CP,0.97,6.350110500785707,6.236340835207953,1.81836879332773,0,12345
5.0,0.1,8,35,Subsampling,0.93,43.7601842905251,43.7601842905251,0.0,0,12345
5.0,0.1,9,0,Donor-HCP-no-within,0.99,39.631280341317876,39.631280341317876,0.0,0,12345
5.0,0.1,9,0,Donor-HCP-within,0.99,39.631280341317876,39.631280341317876,0.0,0,12345
5.0,0.1,9,0,HCP,0.99,39.631280341317876,39.631280341317876,0.0,0,12345
5.0,0.1,9,0,Pooling,0.96,34.431090104549824,34.431090104549824,0.0,0,12345
5.0,0.1,9,0,Repeated,0.99,37.339853125428554,37.339853125428554,4.4596924514966064e-15,0,12345
5.0,0.1,9,0,S-HCP-within,0.93,35.18216950426038,35.073227062916885,3.0582939121918233,0,12345
5.0,0.1,9,0,Std-CP,1.0,,,,100,12345
5.0,0.1,9,0,Subsampling,0.97,35.005739727377964,35.005739727377964,4.164012887938557e-15,0,12345
5.0,0.1,9,5,Donor-HCP-no-within,0.97,38.716703011958174,36.92323973900117,5.353046015806847,0,12345
5.0,0.1,9,5,Donor-HCP-within,0.99,33.68019808053498,32.99593326981639,3.94483344738872,0,12345
5.0,0.1,9,5,HCP,0.99,39.631280341317876,39.631280341317876,0.0,0,12345
5.0,0.1,9,5,Pooling,0.96,34.431090104549824,34.431090104549824,0.0,0,12345
5.0,0.1,9,5,Repeated,0.99,37.339853125428554,37.339853125428554,4.4596924514966064e-15,0,12345
5.0,0.1,9,5,S-HCP-within,0.94,32.15234156036487,31.43870304712881,1.7288779091102975,0,12345
5.0,0.1,9,5,Std-CP,0.73,6.181408774860526,5.215271532997001,4.3069470632702505,0,12345
5.0,0.1,9,5,Subsampling,0.97,35.005739727377964,35.005739727377964,4.164012887938557e-15,0,12345
5.0,0.1,9,10,Donor-HCP-no-within,0.97,36.537374686812804,35.73349005010458,4.758300608656573,0,12345
5.0,0.1,9,10,Donor-HCP-within,1.0,26.3260477839734,25.34550337203944,3.125954235413075,0,12345
5.0,0.1,9,10,HCP,0.99,39.631280341317876,39.631280341317876,0.0,0,12345
5.0,0.1,9,10,Pooling,0.96,34.431090104549824,34.431090104549824,0.0,0,12345
5.0,0.1,9,10,Repeated,0.99,37.339853125428554,37.339853125428554,4.4596924514966064e-15,0,12345
5.0,0.1,9,10,S-HCP-within,0.91,31.678909090026394,31.274222164235667,1.565586549670036,0,12345
5.0,0.1,9,10,Std-CP,0.79,45.76628430763746,12.161271483381222,211.68377375862798,0,12345
5.0,0.1,9,10,Subsampling,0.97,35.005739727377964,35.005739727377964,4.164012887938557e-15,0,12345
5.0,0.1,9,15,Donor-HCP-no-within,0.97,34.8207116457492,33.568483890651436,5.1007276983698695,0,12345
5.0,0.1,9,15,Donor-HCP-within,0.99,21.842776336000938,21.300566284893915,2.4943418388361893,0,12345
5.0,0.1,9,15,HCP,0.99,39.631280341317876,39.631280341317876,0.0,0,12345
5.0,0.1,9,15,Pooling,0.96,34.431090104549824,34.431090104549824,0.0,0,12345
5.0,0.1,9,15,Repeated,0.99,37.339853125428554,37.339853125428554,4.4596924514966064e-15,0,12345
5.0,0.1,9,15,S-HCP-within,0.93,31.499991136319032,31.249228420025428,1.4113968855146195,0,12345
5.0,0.1,9,15,Std-CP,0.92,9.995983846067041,7.155320720714629,8.466499743096893,0,12345
5.0,0.1,9,15,Subsampling,0.97,35.005739727377964,35.005739727377964,4.164012887938557e-15,0,12345
5.0,0.1,9,20,Donor-HCP-no-within,0.96,33.25638737786487,32.762625741009074,3.7346059573466315,0,12345
5.0,0.1,9,20,Donor-HCP-within,0.97,17.711022725995026,17.26511343426437,2.1276041342481364,0,12345
5.0,0.1,9,20,HCP,0.99,39.631280341317876,39.631280341317876,0.0,0,12345
5.0,0.1,9,20,Pooling,0.96,34.431090104549824,34.431090104549824,0.0,0,12345
5.0,0.1,9,20,Repeated,0.99,37.339853125428554,37.339853125428554,4.4596924514966064e-15,0,12345
5.0,0.1,9,20,S-HCP-within,0.87,27.323344147459647,27.108532205615113,3.1721419928455745,0,12345
5.0,0.1,9,20,Std-CP,0.89,6.595288788291515,6.071338374989022,2.5293489610315243,0,12345
5.0,0.1,9,20,Subsampling,0.97,35.005739727377964,35.005739727377964,4.164012887938557e-15,0,12345
5.0,0.1,9,25,Donor-HCP-no-within,0.93,15.60606648670734,13.441256476000436,7.590576666727924,0,12345
5.0,0.1,9,25,Donor-HCP-within,0.94,6.14120238317015,5.9210721235170745,1.8707735349440535,0,12345
5.0,0.1,9,25,HCP,0.99,39.631280341317876,39.631280341317876,0.0,0,12345
5.0,0.1,9,25,Pooling,0.96,34.431090104549824,34.431090104549824,0.0,0,12345
5.0,0.1,9,25,Repeated,0.99,37.339853125428554,37.339853125428554,4.4596924514966064e-15,0,12345
5.0,0.1,9,25,S-HCP-within,0.95,16.290430767466486,14.86880445277112,7.667907646333207,0,12345
5.0,0.1,9,25,Std-CP,0.91,6.460941901074509,5.958044296008516,2.3996812673977423,0,12345
5.0,0.1,9,25,Subsampling,0.97,35.005739727377964,35.005739727377964,4.164012887938557e-15,0,12345
5.0,0.1,9,30,Donor-HCP-no-within,0.93,15.18865258441454,13.57770133132556,7.558180667363162,0,12345
5.0,0.1,9,30,Donor-HCP-within,0.95,6.318003470642123,5.990177600382513,1.7551175164107835,0,12345
5.0,0.1,9,30,HCP,0.99,39.631280341317876,39.631280341317876,0.0,0,12345
5.0,0.1,9,30,Pooling,0.96,34.431090104549824,34.431090104549824,0.0,0,12345
5.0,0.1,9,30,Repeated,0.99,37.339853125428554,37.339853125428554,4.4596924514966064e-15,0,12345
5.0,0.1,9,30,S-HCP-within,0.97,16.534005253612662,15.373654502033492,7.519204077369772,0,12345
5.0,0.1,9,30,Std-CP,0.94,6.37012401871148,6.011995442584167,2.1464810314530056,0,12345
5.0,0.1,9,30,Subsampling,0.97,35.005739727377964,35.005739727377964,4.164012887938557e-15,0,12345
5.0,0.1,9,35,Donor-HCP-no-within,0.94,15.420400977439119,13.776703129579257,7.50804935098179,0,12345
5.0,0.1,9,35,Donor-HCP-within,0.98,6.438414301574589,5.954512729904939,1.7433551127943803,0,12345
5.0,0.1,9,35,HCP,0.99,39.631280341317876,39.631280341317876,0.0,0,12345
5.0,0.1,9,35,Pooling,0.96,34.431090104549824,34.431090104549824,0.0,0,12345
5.0,0.1,9,35,Repeated,0.99,37.339853125428554,37.339853125428554,4.4596924514966064e-15,0,12345
5.0,0.1,9,35,S-HCP-within,0.98,16.737774711921897,15.583806243336099,7.317339059065071,0,12345
5.0,0.1,9,35,Std-CP,0.97,6.394485139615665,6.0667876310892,2.0766485385723383,0,12345
5.0,0.1,9,35,Subsampling,0.97,35.005739727377964,35.005739727377964,4.164012887938557e-15,0,12345
5.0,0.1,10,0,Donor-HCP-no-within,0.79,17.151095130494205,17.151095130494205,3.5706115939831736e-16,0,12345
5.0,0.1,10,0,Donor-HCP-within,0.79,17.151095130494205,17.151095130494205,3.5706115939831736e-16,0,12345
5.0,0.1,10,0,HCP,0.79,17.151095130494205,17.151095130494205,3.5706115939831736e-16,0,12345
5.0,0.1,10,0,Pooling,0.75,13.666742230958928,13.666742230958928,1.3943684022347811e-15,0,12345
5.0,0.1,10,0,Repeated,0.77,14.831925540466338,14.831925540466337,1.7583222927292401e-15,0,12345
5.0,0.1,10,0,S-HCP-within,0.97,25.639589310992342,25.095410035555624,3.3815414056839996,0,12345
5.0,0.1,10,0,Std-CP,1.0,,,,100,12345
5.0,0.1,10,0,Subsampling,0.8,18.033938084213887,18.033938084213887,7.984130245395255e-16,0,12345
5.0,0.1,10,5,Donor-HCP-no-within,0.98,48.2626535295441,48.49984961169021,13.712145866408916,0,12345
5.0,0.1,10,5,Donor-HCP-within,0.99,43.87935013263642,41.688843305602745,11.179098405033615,0,12345
5.0,0.1,10,5,HCP,0.79,17.151095130494205,17.151095130494205,3.5706115939831736e-16,0,12345
5.0,0.1,10,5,Pooling,0.75,13.666742230958928,13.666742230958928,1.3943684022347811e-15,0,12345
5.0,0.1,10,5,Repeated,0.77,14.831925540466338,14.831925540466337,1.7583222927292401e-15,0,12345
5.0,0.1,10,5,S-HCP-within,0.96,22.646784309614144,22.81020372524142,1.8766872170698563,0,12345
5.0,0.1,10,5,Std-CP,0.8,7.042184983207331,5.392639665703914,5.935628720470359,0,12345
5.0,0.1,10,5,Subsampling,0.8,18.033938084213887,18.033938084213887,7.984130245395255e-16,0,12345
5.0,0.1,10,10,Donor-HCP-no-within,0.98,49.509841060363804,47.16507874264309,13.445047241740067,0,12345
5.0,0.1,10,10,Donor-HCP-within,0.96,34.004813709189115,33.418873677501786,9.563800304594269,0,12345
5.0,0.1,10,10,HCP,0.79,17.151095130494205,17.151095130494205,3.5706115939831736e-16,0,12345
5.0,0.1,10,10,Pooling,0.75,13.666742230958928,13.666742230958928,1.3943684022347811e-15,0,12345
5.0,0.1,10,10,Repeated,0.77,14.831925540466338,14.831925540466337,1.7583222927292401e-15,0,12345
5.0,0.1,10,10,S-HCP-within,0.97,22.085016095822038,22.673480572651435,1.6642634246712016,0,12345
5.0,0.1,10,10,Std-CP,0.79,41.03078070727586,12.50099249274866,146.85378653235713,0,12345
5.0,0.1,10,10,Subsampling,0.8,18.033938084213887,18.033938084213887,7.984130245395255e-16,0,12345
5.0,0.1,10,15,Donor-HCP-no-within,0.98,48.07135268785007,55.126314138050176,12.677216501501068,0,12345
5.0,0.1,10,15,Donor-HCP-within,0.99,29.09329479003321,28.407004758255226,7.564192633078766,0,12345
5.0,0.1,10,15,HCP,0.79,17.151095130494205,17.151095130494205,3.5706115939831736e-16,0,12345
5.0,0.1,10,15,Pooling,0.75,13.666742230958928,13.666742230958928,1.3943684022347811e-15,0,12345
5.0,0.1,10,15,Repeated,0.77,14.831925540466338,14.831925540466337,1.7583222927292401e-15,0,12345
5.0,0.1,10,15,S-HCP-within,0.97,22.014967535715012,21.477793179882255,1.433125176168995,0,12345
5.0,0.1,10,15,Std-CP,0.91,8.78883976127417,7.502479997906942,5.072717974355062,0,12345
5.0,0.1,10,15,Subsampling,0.8,18.033938084213887,18.033938084213887,7.984130245395255e-16,0,12345
5.0,0.1,10,20,Donor-HCP-no-within,0.95,26.962719512052857,25.675936294417937,7.1308921706482415,0,12345
5.0,0.1,10,20,Donor-HCP-within,0.93,16.520762433973132,16.497787830842846,3.259853883585057,0,12345
5.0,0.1,10,20,HCP,0.79,17.151095130494205,17.151095130494205,3.5706115939831736e-16,0,12345
5.0,0.1,10,20,Pooling,0.75,13.666742230958928,13.666742230958928,1.3943684022347811e-15,0,12345
5.0,0.1,10,20,Repeated,0.77,14.831925540466338,14.831925540466337,1.7583222927292401e-15,0,12345
5.0,0.1,10,20,S-HCP-within,0.97,20.926380601454934,21.227734842829314,1.6200517364961797,0,12345
5.0,0.1,10,20,Std-CP,0.92,6.7423760049845365,6.249072653250191,3.095212729945093,0,12345
5.0,0.1,10,20,Subsampling,0.8,18.033938084213887,18.033938084213887,7.984130245395255e-16,0,12345
5.0,0.1,10,25,Donor-HCP-no-within,0.9,12.843316300576761,11.301503646943814,6.838076651075669,0,12345
5.0,0.1,10,25,Donor-HCP-within,0.94,5.698019579760671,5.718146079208916,1.5610169101722597,0,12345
5.0,0.1,10,25,HCP,0.79,17.151095130494205,17.151095130494205,3.5706115939831736e-16,0,12345
5.0,0.1,10,25,Pooling,0.75,13.666742230958928,13.666742230958928,1.3943684022347811e-15,0,12345
5.0,0.1,10,25,Repeated,0.77,14.831925540466338,14.831925540466337,1.7583222927292401e-15,0,12345
5.0,0.1,10,25,S-HCP-within,0.9,13.334582587651191,11.810626198617825,6.907691034621886,0,12345
5.0,0.1,10,25,Std-CP,0.93,6.540664482133074,6.196035767680327,2.428931677737633,0,12345
5.0,0.1,10,25,Subsampling,0.8,18.033938084213887,18.033938084213887,7.984130245395255e-16,0,12345
5.0,0.1,10,30,Donor-HCP-no-within,0.86,12.37006205581984,10.875551108337628,6.735997091125135,0,12345
5.0,0.1,10,30,Donor-HCP-within,0.95,5.95217102200252,5.878670488529543,1.6492996787237386,0,12345
5.0,0.1,10,30,HCP,0.79,17.151095130494205,17.151095130494205,3.5706115939831736e-16,0,12345
5.0,0.1,10,30,Pooling,0.75,13.666742230958928,13.666742230958928,1.3943684022347811e-15,0,12345
5.0,0.1,10,30,Repeated,0.77,14.831925540466338,14.831925540466337,1.7583222927292401e-15,0,12345
5.0,0.1,10,30,S-HCP-within,0.91,13.674605812050263,12.08700413376613,6.804460142578584,0,12345
5.0,0.1,10,30,Std-CP,0.97,6.437808671753918,6.260234095879138,2.18877134985843,0,12345
5.0,0.1,10,30,Subsampling,0.8,18.033938084213887,18.033938084213887,7.984130245395255e-16,0,12345
5.0,0.1,10,35,Donor-HCP-no-within,0.89,12.577411639235917,10.890422536075505,6.710232769841213,0,12345
5.0,0.1,10,35,Donor-HCP-within,0.97,6.093486668819914,5.93275984932786,1.5399342722463347,0,12345
5.0,0.1,10,35,HCP,0.79,17.151095130494205,17.151095130494205,3.5706115939831736e-16,0,12345
5.0,0.1,10,35,Pooling,0.75,13.666742230958928,13.666742230958928,1.3943684022347811e-15,0,12345
5.0,0.1,10,35,Repeated,0.77,14.831925540466338,14.831925540466337,1.7583222927292401e-15,0,12345
5.0,0.1,10,35,S-HCP-within,0.91,13.720800451835437,11.810626198617825,6.525204939716909,0,12345
5.0,0.1,10,35,Std-CP,0.97,6.411917037664224,6.354220265060138,1.838676723237681,0,12345
5.0,0.1,10,35,Subsampling,0.8,18.033938084213887,18.033938084213887,7.984130245395255e-16,0,12345
5.0,0.1,11,0,Donor-HCP-no-within,0.92,30.17042653368984,30.17042653368984,3.911409028228123e-15,0,12345
5.0,0.1,11,0,Donor-HCP-within,0.92,30.17042653368984,30.17042653368984,3.911409028228123e-15,0,12345
5.0,0.1,11,0,HCP,0.92,30.17042653368984,30.17042653368984,3.911409028228123e-15,0,12345
5.0,0.1,11,0,Pooling,0.86,26.10380311528168,26.10380311528168,1.071183478194952e-15,0,12345
5.0,0.1,11,0,Repeated,0.88,27.53435046178715,27.53435046178715,3.911409028228123e-15,0,12345
5.0,0.1,11,0,S-HCP-within,0.81,25.162751638044657,25.504959035786975,2.8502137354515575,0,12345
5.0,0.1,11,0,Std-CP,1.0,,,,100,12345
5.0,0.1,11,0,Subsampling,0.93,31.98076209119837,31.98076209119837,3.9599998233279104e-15,0,12345
5.0,0.1,11,5,Donor-HCP-no-within,0.92,29.024357514989582,30.130424157898254,2.4128361202937834,0,12345
5.0,0.1,11,5,Donor-HCP-within,0.92,25.802086140723773,26.309877689623356,1.749659485580792,0,12345
5.0,0.1,11,5,HCP,0.92,30.17042653368984,30.17042653368984,3.911409028228123e-15,0,12345
5.0,0.1,11,5,Pooling,0.86,26.10380311528168,26.10380311528168,1.071183478194952e-15,0,12345
5.0,0.1,11,5,Repeated,0.88,27.53435046178715,27.53435046178715,3.911409028228123e-15,0,12345
5.0,0.1,11,5,S-HCP-within,0.84,25.006876680605036,24.397548478902138,2.2894117981373836,0,12345
5.0,0.1,11,5,Std-CP,0.72,6.71845066759209,5.55457984982705,4.6361963881950485,0,12345
5.0,0.1,11,5,Subsampling,0.93,31.98076209119837,31.98076209119837,3.9599998233279104e-15,0,12345
5.0,0.1,11,10,Donor-HCP-no-within,0.88,27.772301489725518,28.421276712676466,2.2462089051413656,0,12345
5.0,0.1,11,10,Donor-HCP-within,0.94,20.680245510775894,21.2433373080059,1.6768187676345152,0,12345
5.0,0.1,11,10,HCP,0.92,30.17042653368984,30.17042653368984,3.911409028228123e-15,0,12345
5.0,0.1,11,10,Pooling,0.86,26.10380311528168,26.10380311528168,1.071183478194952e-15,0,12345
5.0,0.1,11,10,Repeated,0.88,27.53435046178715,27.53435046178715,3.911409028228123e-15,0,12345
5.0,0.1,11,10,S-HCP-within,0.83,24.91342966556924,24.397548478902138,2.0025271774932785,0,12345
5.0,0.1,11,10,Std-CP,0.83,55.34748605173611,16.042435098050127,324.69249460953876,0,12345
5.0,0.1,11,10,Subsampling,0.93,31.98076209119837,31.98076209119837,3.9599998233279104e-15,0,12345
5.0,0.1,11,15,Donor-HCP-no-within,0.88,26.786264289244784,27.781607099137197,2.7279072032107106,0,12345
5.0,0.1,11,15,Donor-HCP-within,0.88,17.6107185971118,18.188053600225437,1.5524448577100716,0,12345
5.0,0.1,11,15,HCP,0.92,30.17042653368984,30.17042653368984,3.911409028228123e-15,0,12345
5.0,0.1,11,15,Pooling,0.86,26.10380311528168,26.10380311528168,1.071183478194952e-15,0,12345
5.0,0.1,11,15,Repeated,0.88,27.53435046178715,27.53435046178715,3.911409028228123e-15,0,12345
5.0,0.1,11,15,S-HCP-within,0.83,24.893994209199732,24.39371525804576,1.9966477557507605,0,12345
5.0,0.1,11,15,Std-CP,0.84,9.847986507007093,7.713067763844792,8.036708973583913,0,12345
5.0,0.1,11,15,Subsampling,0.93,31.98076209119837,31.98076209119837,3.9599998233279104e-15,0,12345
5.0,0.1,11,20,Donor-HCP-no-within,0.91,25.922953021120378,27.05565159366138,3.2673499224751152,0,12345
5.0,0.1,11,20,Donor-HCP-within,0.91,14.466219671103442,14.8443664715065,1.4958949320796646,0,12345
5.0,0.1,11,20,HCP,0.92,30.17042653368984,30.17042653368984,3.911409028228123e-15,0,12345
5.0,0.1,11,20,Pooling,0.86,26.10380311528168,26.10380311528168,1.071183478194952e-15,0,12345
5.0,0.1,11,20,Repeated,0.88,27.53435046178715,27.53435046178715,3.911409028228123e-15,0,12345
5.0,0.1,11,20,S-HCP-within,0.83,24.40085975854488,23.803841833583565,1.9011674434497918,0,12345
5.0,0.1,11,20,Std-CP,0.91,7.439674860909204,7.044183224798063,3.205461264639596,0,12345
5.0,0.1,11,20,Subsampling,0.93,31.98076209119837,31.98076209119837,3.9599998233279104e-15,0,12345
5.0,0.1,11,25,Donor-HCP-no-within,0.92,15.95966178235171,13.759768547356064,8.417769188597498,0,12345
5.0,0.1,11,25,Donor-HCP-within,0.94,6.082340102127577,6.031954642329765,1.899623920060129,0,12345
5.0,0.1,11,25,HCP,0.92,30.17042653368984,30.17042653368984,3.911409028228123e-15,0,12345
5.0,0.1,11,25,Pooling,0.86,26.10380311528168,26.10380311528168,1.071183478194952e-15,0,12345
5.0,0.1,11,25,Repeated,0.88,27.53435046178715,27.53435046178715,3.911409028228123e-15,0,12345
5.0,0.1,11,25,S-HCP-within,0.93,16.671703202745817,14.104338242117887,8.544420056101695,0,12345
5.0,0.1,11,25,Std-CP,0.91,6.860599504716398,6.332688788766538,2.148815779000812,0,12345
5.0,0.1,11,25,Subsampling,0.93,31.98076209119837,31.98076209119837,3.9599998233279104e-15,0,12345
5.0,0.1,11,30,Donor-HCP-no-within,0.89,15.46327703975594,13.268503287422824,8.469381824972187,0,12345
5.0,0.1,11,30,Donor-HCP-within,0.97,6.213449574506212,6.0173474734302,1.9706337350357304,0,12345
5.0,0.1,11,30,HCP,0.92,30.17042653368984,30.17042653368984,3.911409028228123e-15,0,12345
5.0,0.1,11,30,Pooling,0.86,26.10380311528168,26.10380311528168,1.071183478194952e-15,0,12345
5.0,0.1,11,30,Repeated,0.88,27.53435046178715,27.53435046178715,3.911409028228123e-15,0,12345
5.0,0.1,11,30,S-HCP-within,0.92,16.71341026315212,14.132327282011072,8.657425340716093,0,12345
5.0,0.1,11,30,Std-CP,0.94,6.8110861551050865,6.093254247974009,2.2745341385382543,0,12345
5.0,0.1,11,30,Subsampling,0.93,31.98076209119837,31.98076209119837,3.9599998233279104e-15,0,12345
5.0,0.1,11,35,Donor-HCP-no-within,0.93,15.822007260729317,13.458436256221031,8.527175898030874,0,12345
5.0,0.1,11,35,Donor-HCP-within,0.98,6.442244409617764,6.232684391171233,1.860954138618645,0,12345
5.0,0.1,11,35,HCP,0.92,30.17042653368984,30.17042653368984,3.911409028228123e-15,0,12345
5.0,0.1,11,35,Pooling,0.86,26.10380311528168,26.10380311528168,1.071183478194952e-15,0,12345
5.0,0.1,11,35,Repeated,0.88,27.53435046178715,27.53435046178715,3.911409028228123e-15,0,12345
5.0,0.1,11,35,S-HCP-within,0.92,16.80806727912745,14.210116493128176,8.841246560841778,0,12345
5.0,0.1,11,35,Std-CP,0.96,6.982831547727743,6.658563486790888,2.223780759817674,0,12345
5.0,0.1,11,35,Subsampling,0.93,31.98076209119837,31.98076209119837,3.9599998233279104e-15,0,12345
5.0,0.1,12,0,Donor-HCP-no-within,0.99,31.497807587804456,31.497807587804456,2.9007785717557725e-15,0,12345
5.0,0.1,12,0,Donor-HCP-within,0.99,31.497807587804456,31.497807587804456,2.9007785717557725e-15,0,12345
5.0,0.1,12,0,HCP,0.99,31.497807587804456,31.497807587804456,2.9007785717557725e-15,0,12345
5.0,0.1,12,0,Pooling,0.92,19.816781986843495,19.816781986843495,0.0,0,12345
5.0,0.1,12,0,Repeated,0.98,26.449844920047752,26.449844920047752,7.984130245395255e-16,0,12345
5.0,0.1,12,0,S-HCP-within,0.9,20.078418419613012,19.774562290220032,3.278356238768483,0,12345
5.0,0.1,12,0,Std-CP,1.0,,,,100,12345
5.0,0.1,12,0,Subsampling,0.97,25.434059151454385,25.434059151454385,8.746176474924478e-16,0,12345
5.0,0.1,12,5,Donor-HCP-no-within,0.97,26.72428964447027,27.715248740237435,3.6062481644525977,0,12345
5.0,0.1,12,5,Donor-HCP-within,1.0,24.072672342711506,24.645579398712798,2.3716897119673526,0,12345
5.0,0.1,12,5,HCP,0.99,31.497807587804456,31.497807587804456,2.9007785717557725e-15,0,12345
5.0,0.1,12,5,Pooling,0.92,19.816781986843495,19.816781986843495,0.0,0,12345
5.0,0.1,12,5,Repeated,0.98,26.449844920047752,26.449844920047752,7.984130245395255e-16,0,12345
5.0,0.1,12,5,S-HCP-within,0.91,19.29640130567732,19.137170787886113,1.6212586815349028,0,12345
5.0,0.1,12,5,Std-CP,0.7,5.679282684523088,5.50407422811145,2.952050610187097,0,12345
5.0,0.1,12,5,Subsampling,0.97,25.434059151454385,25.434059151454385,8.746176474924478e-16,0,12345
5.0,0.1,12,10,Donor-HCP-no-within,0.98,24.480022666777316,25.425334177604135,3.1782870664799954,0,12345
5.0,0.1,12,10,Donor-HCP-within,0.98,17.32071568996366,17.49932604899884,1.3788670645382344,0,12345
5.0,0.1,12,10,HCP,0.99,31.497807587804456,31.497807587804456,2.9007785717557725e-15,0,12345
5.0,0.1,12,10,Pooling,0.92,19.816781986843495,19.816781986843495,0.0,0,12345
5.0,0.1,12,10,Repeated,0.98,26.449844920047752,26.449844920047752,7.984130245395255e-16,0,12345
5.0,0.1,12,10,S-HCP-within,0.89,18.991202010553593,18.700130892297516,1.3463378355448945,0,12345
5.0,0.1,12,10,Std-CP,0.76,72.27774445935235,15.39515496949814,259.2444145171503,0,12345
5.0,0.1,12,10,Subsampling,0.97,25.434059151454385,25.434059151454385,8.746176474924478e-16,0,12345
5.0,0.1,12,15,Donor-HCP-no-within,0.96,23.11323329460181,23.322756113541004,2.7047885113747285,0,12345
5.0,0.1,12,15,Donor-HCP-within,0.95,13.595164751020407,13.868044072046665,1.5373767310617683,0,12345
5.0,0.1,12,15,HCP,0.99,31.497807587804456,31.497807587804456,2.9007785717557725e-15,0,12345
5.0,0.1,12,15,Pooling,0.92,19.816781986843495,19.816781986843495,0.0,0,12345
5.0,0.1,12,15,Repeated,0.98,26.449844920047752,26.449844920047752,7.984130245395255e-16,0,12345
5.0,0.1,12,15,S-HCP-within,0.89,18.90402178812366,18.69335281162293,0.9797211604376532,0,12345
5.0,0.1,12,15,Std-CP,0.88,8.720126900424802,7.438854974786956,4.967500421417294,0,12345
5.0,0.1,12,15,Subsampling,0.97,25.434059151454385,25.434059151454385,8.746176474924478e-16,0,12345
5.0,0.1,12,20,Donor-HCP-no-within,0.92,18.8572976216184,18.552041690969478,2.6060292410884425,0,12345
5.0,0.1,12,20,Donor-HCP-within,0.91,10.891354533037926,10.810348259117632,1.0048543717009808,0,12345
5.0,0.1,12,20,HCP,0.99,31.497807587804456,31.497807587804456,2.9007785717557725e-15,0,12345
5.0,0.1,12,20,Pooling,0.92,19.816781986843495,19.816781986843495,0.0,0,12345
5.0,0.1,12,20,Repeated,0.98,26.449844920047752,26.449844920047752,7.984130245395255e-16,0,12345
5.0,0.1,12,20,S-HCP-within,0.89,18.67947737186445,18.639251929921073,1.1291402083043645,0,12345
5.0,0.1,12,20,Std-CP,0.89,6.897460279339883,6.368099392356892,2.821219951549385,0,12345
5.0,0.1,12,20,Subsampling,0.97,25.434059151454385,25.434059151454385,8.746176474924478e-16,0,12345
5.0,0.1,12,25,Donor-HCP-no-within,0.93,14.643973692083707,14.26058895716903,7.492092034019641,0,12345
5.0,0.1,12,25,Donor-HCP-within,0.96,6.163086198188405,5.932296050910468,1.8522879231739138,0,12345
5.0,0.1,12,25,HCP,0.99,31.497807587804456,31.497807587804456,2.9007785717557725e-15,0,12345
5.0,0.1,12,25,Pooling,0.92,19.816781986843495,19.816781986843495,0.0,0,12345
5.0,0.1,12,25,Repeated,0.98,26.449844920047752,26.449844920047752,7.984130245395255e-16,0,12345
5.0,0.1,12,25,S-HCP-within,0.96,15.303854409174004,14.997282694016324,7.721760017996337,0,12345
5.0,0.1,12,25,Std-CP,0.91,6.910028191488221,6.561871329992922,2.810145676712749,0,12345
5.0,0.1,12,25,Subsampling,0.97,25.434059151454385,25.434059151454385,8.746176474924478e-16,0,12345
5.0,0.1,12,30,Donor-HCP-no-within,0.88,14.014815306451597,13.82732898536506,7.341574054146373,0,12345
5.0,0.1,12,30,Donor-HCP-within,0.94,6.144227032201984,6.259331096567877,1.618783705285456,0,12345
5.0,0.1,12,30,HCP,0.99,31.497807587804456,31.497807587804456,2.9007785717557725e-15,0,12345
5.0,0.1,12,30,Pooling,0.92,19.816781986843495,19.816781986843495,0.0,0,12345
5.0,0.1,12,30,Repeated,0.98,26.449844920047752,26.449844920047752,7.984130245395255e-16,0,12345
5.0,0.1,12,30,S-HCP-within,0.96,15.65364324325215,14.997282694016324,7.339736120093719,0,12345
5.0,0.1,12,30,Std-CP,0.94,6.886473008384291,6.6837054266459965,2.162870892297097,0,12345
5.0,0.1,12,30,Subsampling,0.97,25.434059151454385,25.434059151454385,8.746176474924478e-16,0,12345
5.0,0.1,12,35,Donor-HCP-no-within,0.91,14.331126736287395,13.82732898536506,7.276216195196503,0,12345
5.0,0.1,12,35,Donor-HCP-within,0.95,6.283639856378735,6.326100340704607,1.5464590070760174,0,12345
5.0,0.1,12,35,HCP,0.99,31.497807587804456,31.497807587804456,2.9007785717557725e-15,0,12345
5.0,0.1,12,35,Pooling,0.92,19.816781986843495,19.816781986843495,0.0,0,12345
5.0,0.1,12,35,Repeated,0.98,26.449844920047752,26.449844920047752,7.984130245395255e-16,0,12345
5.0,0.1,12,35,S-HCP-within,0.96,15.881442221072302,14.430363133880757,7.324989135164657,0,12345
5.0,0.1,12,35,Std-CP,0.94,6.676707334015966,6.497363727170665,2.1994056700982014,0,12345
5.0,0.1,12,35,Subsampling,0.97,25.434059151454385,25.434059151454385,8.746176474924478e-16,0,12345
5.0,0.1,13,0,Donor-HCP-no-within,0.87,25.402817749317002,25.402817749317002,1.009921468435524e-15,0,12345
5.0,0.1,13,0,Donor-HCP-within,0.87,25.402817749317002,25.402817749317002,1.009921468435524e-15,0,12345
5.0,0.1,13,0,HCP,0.87,25.402817749317002,25.402817749317002,1.009921468435524e-15,0,12345
5.0,0.1,13,0,Pooling,0.79,19.314513296031443,19.314513296031443,7.141223187966347e-16,0,12345
5.0,0.1,13,0,Repeated,0.85,21.33934715931794,21.33934715931794,6.184480694873352e-16,0,12345
5.0,0.1,13,0,S-HCP-within,0.92,19.108717459159813,19.45278108931435,2.0317444878744744,0,12345
5.0,0.1,13,0,Std-CP,1.0,,,,100,12345
5.0,0.1,13,0,Subsampling,0.9,26.614239492829483,26.614239492829483,7.984130245395255e-16,0,12345
5.0,0.1,13,5,Donor-HCP-no-within,0.88,29.156428440413716,25.044111938614613,9.832289330210395,0,12345
5.0,0.1,13,5,Donor-HCP-within,0.9,26.085567643965575,22.795183406664705,8.625424512342708,0,12345
5.0,0.1,13,5,HCP,0.87,25.402817749317002,25.402817749317002,1.009921468435524e-15,0,12345
5.0,0.1,13,5,Pooling,0.79,19.314513296031443,19.314513296031443,7.141223187966347e-16,0,12345
5.0,0.1,13,5,Repeated,0.85,21.33934715931794,21.33934715931794,6.184480694873352e-16,0,12345
5.0,0.1,13,5,S-HCP-within,0.92,18.397818065253794,17.964622555452372,1.355072133527183,0,12345
5.0,0.1,13,5,Std-CP,0.75,6.183484632975944,4.824875036696636,4.5591509467787965,0,12345
5.0,0.1,13,5,Subsampling,0.9,26.614239492829483,26.614239492829483,7.984130245395255e-16,0,12345
5.0,0.1,13,10,Donor-HCP-no-within,0.87,27.55416525860474,23.258740033837128,9.913318968181416,0,12345
5.0,0.1,13,10,Donor-HCP-within,0.91,19.479288772045887,17.13641822059092,6.076210661687825,0,12345
5.0,0.1,13,10,HCP,0.87,25.402817749317002,25.402817749317002,1.009921468435524e-15,0,12345
5.0,0.1,13,10,Pooling,0.79,19.314513296031443,19.314513296031443,7.141223187966347e-16,0,12345
5.0,0.1,13,10,Repeated,0.85,21.33934715931794,21.33934715931794,6.184480694873352e-16,0,12345
5.0,0.1,13,10,S-HCP-within,0.92,18.262338792614155,17.940690486529437,1.2446631255085372,0,12345
5.0,0.1,13,10,Std-CP,0.92,130.29073186254178,14.149749476903803,877.4491823168812,0,12345
5.0,0.1,13,10,Subsampling,0.9,26.614239492829483,26.614239492829483,7.984130245395255e-16,0,12345
5.0,0.1,13,15,Donor-HCP-no-within,0.84,24.439817151813507,21.625139245196053,8.470586073292589,0,12345
5.0,0.1,13,15,Donor-HCP-within,0.86,18.140682143431057,15.193643199956362,6.68460944667979,0,12345
5.0,0.1,13,15,HCP,0.87,25.402817749317002,25.402817749317002,1.009921468435524e-15,0,12345
5.0,0.1,13,15,Pooling,0.79,19.314513296031443,19.314513296031443,7.141223187966347e-16,0,12345
5.0,0.1,13,15,Repeated,0.85,21.33934715931794,21.33934715931794,6.184480694873352e-16,0,12345
5.0,0.1,13,15,S-HCP-within,0.92,18.1297358155534,17.60915217388708,1.218090213224728,0,12345
5.0,0.1,13,15,Std-CP,0.94,9.720539062156227,7.411169307759959,7.505386430639776,0,12345
5.0,0.1,13,15,Subsampling,0.9,26.614239492829483,26.614239492829483,7.984130245395255e-16,0,12345
5.0,0.1,13,20,Donor-HCP-no-within,0.8,22.346341227815934,20.532498985616023,5.762341489594049,0,12345
5.0,0.1,13,20,Donor-HCP-within,0.84,12.924907911122189,11.84130138143097,3.401302635644326,0,12345
5.0,0.1,13,20,HCP,0.87,25.402817749317002,25.402817749317002,1.009921468435524e-15,0,12345
5.0,0.1,13,20,Pooling,0.79,19.314513296031443,19.314513296031443,7.141223187966347e-16,0,12345
5.0,0.1,13,20,Repeated,0.85,21.33934715931794,21.33934715931794,6.184480694873352e-16,0,12345
5.0,0.1,13,20,S-HCP-within,0.91,17.85968158696923,17.518231140662024,1.0347671361450048,0,12345
5.0,0.1,13,20,Std-CP,0.95,7.265666287107902,6.514789213774762,4.054520833545717,0,12345
5.0,0.1,13,20,Subsampling,0.9,26.614239492829483,26.614239492829483,7.984130245395255e-16,0,12345
5.0,0.1,13,25,Donor-HCP-no-within,0.9,15.533522638488261,14.53036589784834,7.83703052626197,0,12345
5.0,0.1,13,25,Donor-HCP-within,0.93,5.9062966482702794,5.660633363195872,1.8459776389272098,0,12345
5.0,0.1,13,25,HCP,0.87,25.402817749317002,25.402817749317002,1.009921468435524e-15,0,12345
5.0,0.1,13,25,Pooling,0.79,19.314513296031443,19.314513296031443,7.141223187966347e-16,0,12345
5.0,0.1,13,25,Repeated,0.85,21.33934715931794,21.33934715931794,6.184480694873352e-16,0,12345
5.0,0.1,13,25,S-HCP-within,0.92,15.926328795844968,14.828054248405277,7.829898854958025,0,12345
5.0,0.1,13,25,Std-CP,0.92,6.92878190584197,6.527978284486958,2.3985444036408565,0,12345
5.0,0.1,13,25,Subsampling,0.9,26.614239492829483,26.614239492829483,7.984130245395255e-16,0,12345
5.0,0.1,13,30,Donor-HCP-no-within,0.89,14.936660886030985,14.062514640391845,7.774100869395971,0,12345
5.0,0.1,13,30,Donor-HCP-within,0.93,5.916428859295582,5.622730746755861,1.8059989026609473,0,12345
5.0,0.1,13,30,HCP,0.87,25.402817749317002,25.402817749317002,1.009921468435524e-15,0,12345
5.0,0.1,13,30,Pooling,0.79,19.314513296031443,19.314513296031443,7.141223187966347e-16,0,12345
5.0,0.1,13,30,Repeated,0.85,21.33934715931794,21.33934715931794,6.184480694873352e-16,0,12345
5.0,0.1,13,30,S-HCP-within,0.93,16.0969887355437,15.000897771658046,7.797554449282653,0,12345
5.0,0.1,13,30,Std-CP,0.9,6.2416434028162815,6.157352383640685,2.0520437012863892,0,12345
5.0,0.1,13,30,Subsampling,0.9,26.614239492829483,26.614239492829483,7.984130245395255e-16,0,12345
5.0,0.1,13,35,Donor-HCP-no-within,0.89,15.22320477797384,14.11411062333148,7.699308201450862,0,12345
5.0,0.1,13,35,Donor-HCP-within,0.94,6.332178639393909,5.797983374942222,1.7923415437961736,0,12345
5.0,0.1,13,35,HCP,0.87,25.402817749317002,25.402817749317002,1.009921468435524e-15,0,12345
5.0,0.1,13,35,Pooling,0.79,19.314513296031443,19.314513296031443,7.141223187966347e-16,0,12345
5.0,0.1,13,35,Repeated,0.85,21.33934715931794,21.33934715931794,6.184480694873352e-16,0,12345
5.0,0.1,13,35,S-HCP-within,0.94,16.36810281050495,15.319019546119673,7.837212553951345,0,12345
5.0,0.1,13,35,Std-CP,0.95,6.621899831408676,6.192292468781212,2.064153045906317,0,12345
5.0,0.1,13,35,Subsampling,0.9,26.614239492829483,26.614239492829483,7.984130245395255e-16,0,12345
5.0,0.1,14,0,Donor-HCP-no-within,0.77,24.04814382043818,24.04814382043818,4.5446466079598574e-15,0,12345
5.0,0.1,14,0,Donor-HCP-within,0.77,24.04814382043818,24.04814382043818,4.5446466079598574e-15,0,12345
5.0,0.1,14,0,HCP,0.77,24.04814382043818,24.04814382043818,4.5446466079598574e-15,0,12345
5.0,0.1,14,0,Pooling,0.67,18.857042301270575,18.857042301270575,3.5706115939831736e-16,0,12345
5.0,0.1,14,0,Repeated,0.74,21.287924582318187,21.287924582318187,4.488189178837892e-15,0,12345
5.0,0.1,14,0,S-HCP-within,0.8,20.167380420288875,20.009512782281206,1.563254485515467,0,12345
5.0,0.1,14,0,Std-CP,1.0,,,,100,12345
5.0,0.1,14,0,Subsampling,0.71,20.500164264969673,20.500164264969673,4.445375584850502e-15,0,12345
5.0,0.1,14,5,Donor-HCP-no-within,0.91,37.64076617658917,39.81026523677274,7.5223490373541795,0,12345
5.0,0.1,14,5,Donor-HCP-within,0.92,33.152862386774935,35.28844471313659,7.004071202663582,0,12345
5.0,0.1,14,5,HCP,0.77,24.04814382043818,24.04814382043818,4.5446466079598574e-15,0,12345
5.0,0.1,14,5,Pooling,0.67,18.857042301270575,18.857042301270575,3.5706115939831736e-16,0,12345
5.0,0.1,14,5,Repeated,0.74,21.287924582318187,21.287924582318187,4.488189178837892e-15,0,12345
5.0,0.1,14,5,S-HCP-within,0.81,19.42598639409843,19.086164405111187,1.4277579820925732,0,12345
5.0,0.1,14,5,Std-CP,0.82,6.218045496078572,5.425872483392849,3.421056601181202,0,12345
5.0,0.1,14,5,Subsampling,0.71,20.500164264969673,20.500164264969673,4.445375584850502e-15,0,12345
5.0,0.1,14,10,Donor-HCP-no-within,0.91,35.58855109418234,38.891950899670256,8.295924571857338,0,12345
5.0,0.1,14,10,Donor-HCP-within,0.93,26.224262677348687,28.040457039894484,5.734679316977622,0,12345
5.0,0.1,14,10,HCP,0.77,24.04814382043818,24.04814382043818,4.5446466079598574e-15,0,12345
5.0,0.1,14,10,Pooling,0.67,18.857042301270575,18.857042301270575,3.5706115939831736e-16,0,12345
5.0,0.1,14,10,Repeated,0.74,21.287924582318187,21.287924582318187,4.488189178837892e-15,0,12345
5.0,0.1,14,10,S-HCP-within,0.82,19.403801577370494,18.96211448603575,1.446598604748253,0,12345
5.0,0.1,14,10,Std-CP,0.82,30.320027045080547,12.173135493167592,51.92525163623689,0,12345
5.0,0.1,14,10,Subsampling,0.71,20.500164264969673,20.500164264969673,4.445375584850502e-15,0,12345
5.0,0.1,14,15,Donor-HCP-no-within,0.92,35.23398127046459,35.0286494943945,6.509092735954697,0,12345
5.0,0.1,14,15,Donor-HCP-within,0.92,21.306769083180725,22.55889152845691,4.700319410196551,0,12345
5.0,0.1,14,15,HCP,0.77,24.04814382043818,24.04814382043818,4.5446466079598574e-15,0,12345
5.0,0.1,14,15,Pooling,0.67,18.857042301270575,18.857042301270575,3.5706115939831736e-16,0,12345
5.0,0.1,14,15,Repeated,0.74,21.287924582318187,21.287924582318187,4.488189178837892e-15,0,12345
5.0,0.1,14,15,S-HCP-within,0.8,19.461607247518657,18.89098484687605,1.561560005391886,0,12345
5.0,0.1,14,15,Std-CP,0.88,9.355785600339493,7.9957289501674556,5.574011141814872,0,12345
5.0,0.1,14,15,Subsampling,0.71,20.500164264969673,20.500164264969673,4.445375584850502e-15,0,12345
5.0,0.1,14,20,Donor-HCP-no-within,0.91,29.78026404838291,30.133302741694543,5.561905866011044,0,12345
5.0,0.1,14,20,Donor-HCP-within,0.89,15.283120001714146,15.183858901813117,2.8518353523502733,0,12345
5.0,0.1,14,20,HCP,0.77,24.04814382043818,24.04814382043818,4.5446466079598574e-15,0,12345
5.0,0.1,14,20,Pooling,0.67,18.857042301270575,18.857042301270575,3.5706115939831736e-16,0,12345
5.0,0.1,14,20,Repeated,0.74,21.287924582318187,21.287924582318187,4.488189178837892e-15,0,12345
5.0,0.1,14,20,S-HCP-within,0.8,19.032758270473252,18.669966484022456,1.269863050097627,0,12345
5.0,0.1,14,20,Std-CP,0.94,7.529840223264507,6.686275213073868,3.2724297731295953,0,12345
5.0,0.1,14,20,Subsampling,0.71,20.500164264969673,20.500164264969673,4.445375584850502e-15,0,12345
5.0,0.1,14,25,Donor-HCP-no-within,0.95,16.094939241372845,14.26296191405722,8.735848617737304,0,12345
5.0,0.1,14,25,Donor-HCP-within,0.96,6.10142318634239,5.951998426979975,1.8879777749948634,0,12345
5.0,0.1,14,25,HCP,0.77,24.04814382043818,24.04814382043818,4.5446466079598574e-15,0,12345
5.0,0.1,14,25,Pooling,0.67,18.857042301270575,18.857042301270575,3.5706115939831736e-16,0,12345
5.0,0.1,14,25,Repeated,0.74,21.287924582318187,21.287924582318187,4.488189178837892e-15,0,12345
5.0,0.1,14,25,S-HCP-within,0.94,16.420510020298412,14.833426379256146,8.881344772400494,0,12345
5.0,0.1,14,25,Std-CP,0.96,6.824381500944103,6.496299908776649,2.53461692890095,0,12345
5.0,0.1,14,25,Subsampling,0.71,20.500164264969673,20.500164264969673,4.445375584850502e-15,0,12345
5.0,0.1,14,30,Donor-HCP-no-within,0.94,15.605603372144035,13.792356267506825,8.656733471679262,0,12345
5.0,0.1,14,30,Donor-HCP-within,0.96,5.974804336413785,5.539587657411424,1.6492112663330232,0,12345
5.0,0.1,14,30,HCP,0.77,24.04814382043818,24.04814382043818,4.5446466079598574e-15,0,12345
5.0,0.1,14,30,Pooling,0.67,18.857042301270575,18.857042301270575,3.5706115939831736e-16,0,12345
5.0,0.1,14,30,Repeated,0.74,21.287924582318187,21.287924582318187,4.488189178837892e-15,0,12345
5.0,0.1,14,30,S-HCP-within,0.96,16.334072406524,14.60465828099096,8.829070302165007,0,12345
5.0,0.1,14,30,Std-CP,0.95,6.8147947111991405,6.579187265704486,2.243920786715384,0,12345
5.0,0.1,14,30,Subsampling,0.71,20.500164264969673,20.500164264969673,4.445375584850502e-15,0,12345
5.0,0.1,14,35,Donor-HCP-no-within,0.94,15.889516394006959,14.101364545707419,8.715976415926376,0,12345
5.0,0.1,14,35,Donor-HCP-within,0.96,6.21173251309561,6.1388863620324425,1.5477290969303217,0,12345
5.0,0.1,14,35,HCP,0.77,24.04814382043818,24.04814382043818,4.5446466079598574e-15,0,12345
5.0,0.1,14,35,Pooling,0.67,18.857042301270575,18.857042301270575,3.5706115939831736e-16,0,12345
5.0,0.1,14,35,Repeated,0.74,21.287924582318187,21.287924582318187,4.488189178837892e-15,0,12345
5.0,0.1,14,35,S-HCP-within,0.96,16.708765202104964,14.905425097113422,8.737053212673299,0,12345
5.0,0.1,14,35,Std-CP,0.98,6.501112332233571,6.13905349972941,2.2691540335021454,0,12345
5.0,0.1,14,35,Subsampling,0.71,20.500164264969673,20.500164264969673,4.445375584850502e-15,0,12345
5.0,0.1,15,0,Donor-HCP-no-within,0.96,28.92892732979729,28.92892732979729,0.0,0,12345
5.0,0.1,15,0,Donor-HCP-within,0.96,28.92892732979729,28.92892732979729,0.0,0,12345
5.0,0.1,15,0,HCP,0.96,28.92892732979729,28.92892732979729,0.0,0,12345
5.0,0.1,15,0,Pooling,0.87,23.673745977634947,23.673745977634947,2.8115023806061374e-15,0,12345
5.0,0.1,15,0,Repeated,0.88,24.574121226881374,24.574121226881374,0.0,0,12345
5.0,0.1,15,0,S-HCP-within,0.99,33.73335321412756,33.26337569236534,3.2052322855749624,0,12345
5.0,0.1,15,0,Std-CP,1.0,,,,100,12345
5.0,0.1,15,0,Subsampling,0.97,29.49310102896551,29.493101028965505,6.184480694873352e-16,0,12345
5.0,0.1,15,5,Donor-HCP-no-within,0.96,29.441559367093696,28.256269349591427,2.9572672063288667,0,12345
5.0,0.1,15,5,Donor-HCP-within,0.96,26.044448105700955,25.260468276812517,2.871200997022926,0,12345
5.0,0.1,15,5,HCP,0.96,28.92892732979729,28.92892732979729,0.0,0,12345
5.0,0.1,15,5,Pooling,0.87,23.673745977634947,23.673745977634947,2.8115023806061374e-15,0,12345
5.0,0.1,15,5,Repeated,0.88,24.574121226881374,24.574121226881374,0.0,0,12345
5.0,0.1,15,5,S-HCP-within,0.99,30.9724886495603,31.980292635269564,2.1180762910589332,0,12345
5.0,0.1,15,5,Std-CP,0.75,5.785227319693327,4.651546971182232,4.160040378086072,0,12345
5.0,0.1,15,5,Subsampling,0.97,29.49310102896551,29.493101028965505,6.184480694873352e-16,0,12345
5.0,0.1,15,10,Donor-HCP-no-within,0.92,27.333541128136165,26.846903205283578,2.61526169631271,0,12345
5.0,0.1,15,10,Donor-HCP-within,0.96,21.016260016529827,20.992919264021175,1.954379985282718,0,12345
5.0,0.1,15,10,HCP,0.96,28.92892732979729,28.92892732979729,0.0,0,12345
5.0,0.1,15,10,Pooling,0.87,23.673745977634947,23.673745977634947,2.8115023806061374e-15,0,12345
5.0,0.1,15,10,Repeated,0.88,24.574121226881374,24.574121226881374,0.0,0,12345
5.0,0.1,15,10,S-HCP-within,1.0,30.277570301454258,29.773538313771176,1.7589149811449512,0,12345
5.0,0.1,15,10,Std-CP,0.82,33.99868242573387,13.185004988176239,77.29006728091039,0,12345
5.0,0.1,15,10,Subsampling,0.97,29.49310102896551,29.493101028965505,6.184480694873352e-16,0,12345
5.0,0.1,15,15,Donor-HCP-no-within,0.89,26.686104826602122,25.771512433959273,2.918730017394879,0,12345
5.0,0.1,15,15,Donor-HCP-within,0.93,17.376445840794762,17.047780483750877,1.3017052050099711,0,12345
5.0,0.1,15,15,HCP,0.96,28.92892732979729,28.92892732979729,0.0,0,12345
5.0,0.1,15,15,Pooling,0.87,23.673745977634947,23.673745977634947,2.8115023806061374e-15,0,12345
5.0,0.1,15,15,Repeated,0.88,24.574121226881374,24.574121226881374,0.0,0,12345
5.0,0.1,15,15,S-HCP-within,0.99,29.90653842127473,29.487273236812957,1.2891974789920981,0,12345
5.0,0.1,15,15,Std-CP,0.85,9.32594722878407,7.465449482406001,8.171145581652244,0,12345
5.0,0.1,15,15,Subsampling,0.97,29.49310102896551,29.493101028965505,6.184480694873352e-16,0,12345
5.0,0.1,15,20,Donor-HCP-no-within,0.9,25.53538986789579,24.46746433977505,3.064149717259214,0,12345
5.0,0.1,15,20,Donor-HCP-within,0.93,14.24074121050229,14.082175600306844,1.1486387646488385,0,12345
5.0,0.1,15,20,HCP,0.96,28.92892732979729,28.92892732979729,0.0,0,12345
5.0,0.1,15,20,Pooling,0.87,23.673745977634947,23.673745977634947,2.8115023806061374e-15,0,12345
5.0,0.1,15,20,Repeated,0.88,24.574121226881374,24.574121226881374,0.0,0,12345
5.0,0.1,15,20,S-HCP-within,1.0,29.242012121406198,29.325592842935855,1.1070733240958155,0,12345
5.0,0.1,15,20,Std-CP,0.9,6.3173280093193735,5.699108009684754,2.5132431258370844,0,12345
5.0,0.1,15,20,Subsampling,0.97,29.49310102896551,29.493101028965505,6.184480694873352e-16,0,12345
5.0,0.1,15,25,Donor-HCP-no-within,0.95,16.431553379256762,15.616690336191898,6.573185233365351,0,12345
5.0,0.1,15,25,Donor-HCP-within,0.95,5.9339612593255735,5.947383916205604,1.7467854549828328,0,12345
5.0,0.1,15,25,HCP,0.96,28.92892732979729,28.92892732979729,0.0,0,12345
5.0,0.1,15,25,Pooling,0.87,23.673745977634947,23.673745977634947,2.8115023806061374e-15,0,12345
5.0,0.1,15,25,Repeated,0.88,24.574121226881374,24.574121226881374,0.0,0,12345
5.0,0.1,15,25,S-HCP-within,0.95,17.067163336885347,16.414733619541558,6.878303976853212,0,12345
5.0,0.1,15,25,Std-CP,0.9,6.31352414364898,5.708209210436408,2.0467052251319,0,12345
5.0,0.1,15,25,Subsampling,0.97,29.49310102896551,29.493101028965505,6.184480694873352e-16,0,12345
5.0,0.1,15,30,Donor-HCP-no-within,0.92,15.656237943470483,15.364192613705159,6.576130169586611,0,12345
5.0,0.1,15,30,Donor-HCP-within,0.97,5.981704043729159,6.063177286884109,1.583891135574062,0,12345
5.0,0.1,15,30,HCP,0.96,28.92892732979729,28.92892732979729,0.0,0,12345
5.0,0.1,15,30,Pooling,0.87,23.673745977634947,23.673745977634947,2.8115023806061374e-15,0,12345
5.0,0.1,15,30,Repeated,0.88,24.574121226881374,24.574121226881374,0.0,0,12345
5.0,0.1,15,30,S-HCP-within,0.96,17.18033323175345,16.457473619150015,6.787221295737652,0,12345
5.0,0.1,15,30,Std-CP,0.95,6.2707255651551925,6.036774153207238,1.9587079110225973,0,12345
5.0,0.1,15,30,Subsampling,0.97,29.49310102896551,29.493101028965505,6.184480694873352e-16,0,12345
5.0,0.1,15,35,Donor-HCP-no-within,0.97,16.206269828675048,15.572276255205072,6.502252106312606,0,12345
5.0,0.1,15,35,Donor-HCP-within,0.97,6.218688197612273,6.131461198603384,1.652203453825996,0,12345
5.0,0.1,15,35,HCP,0.96,28.92892732979729,28.92892732979729,0.0,0,12345
5.0,0.1,15,35,Pooling,0.87,23.673745977634947,23.673745977634947,2.8115023806061374e-15,0,12345
5.0,0.1,15,35,Repeated,0.88,24.574121226881374,24.574121226881374,0.0,0,12345
5.0,0.1,15,35,S-HCP-within,0.97,17.713474857113923,16.851108920254468,6.866286120587411,0,12345
5.0,0.1,15,35,Std-CP,0.95,6.407024828779449,5.856122332872779,2.1879410218765103,0,12345
5.0,0.1,15,35,Subsampling,0.97,29.49310102896551,29.493101028965505,6.184480694873352e-16,0,12345
5.0,0.1,16,0,Donor-HCP-no-within,0.99,40.58791225173849,40.58791225173849,0.0,0,12345
5.0,0.1,16,0,Donor-HCP-within,0.99,40.58791225173849,40.58791225173849,0.0,0,12345
5.0,0.1,16,0,HCP,0.99,40.58791225173849,40.58791225173849,0.0,0,12345
5.0,0.1,16,0,Pooling,0.9,31.27947495804805,31.279474958048052,3.1127870209614672e-15,0,12345
5.0,0.1,16,0,Repeated,0.98,37.60082681199717,37.60082681199717,2.944401750009533e-15,0,12345
5.0,0.1,16,0,S-HCP-within,0.92,28.84590020529141,28.928196807317654,3.062481830031259,0,12345
5.0,0.1,16,0,Std-CP,1.0,,,,100,12345
5.0,0.1,16,0,Subsampling,0.98,39.356875907762934,39.356875907762934,3.1127870209614672e-15,0,12345
5.0,0.1,16,5,Donor-HCP-no-within,0.96,34.84790595160656,36.77140533034863,5.811493865025377,0,12345
5.0,0.1,16,5,Donor-HCP-within,0.99,30.8718734621666,32.51483820111679,4.295809614696062,0,12345
5.0,0.1,16,5,HCP,0.99,40.58791225173849,40.58791225173849,0.0,0,12345
5.0,0.1,16,5,Pooling,0.9,31.27947495804805,31.279474958048052,3.1127870209614672e-15,0,12345
5.0,0.1,16,5,Repeated,0.98,37.60082681199717,37.60082681199717,2.944401750009533e-15,0,12345
5.0,0.1,16,5,S-HCP-within,0.93,26.203344944326773,26.06128876778101,2.1419637075263225,0,12345
5.0,0.1,16,5,Std-CP,0.76,5.956767344517957,4.91469287942085,4.529412389614912,0,12345
5.0,0.1,16,5,Subsampling,0.98,39.356875907762934,39.356875907762934,3.1127870209614672e-15,0,12345
5.0,0.1,16,10,Donor-HCP-no-within,0.97,32.948091843881016,34.80512460806415,5.2009589503205715,0,12345
5.0,0.1,16,10,Donor-HCP-within,0.96,24.522633937543024,25.729882926578995,4.209135470347369,0,12345
5.0,0.1,16,10,HCP,0.99,40.58791225173849,40.58791225173849,0.0,0,12345
5.0,0.1,16,10,Pooling,0.9,31.27947495804805,31.279474958048052,3.1127870209614672e-15,0,12345
5.0,0.1,16,10,Repeated,0.98,37.60082681199717,37.60082681199717,2.944401750009533e-15,0,12345
5.0,0.1,16,10,S-HCP-within,0.94,25.671215719748737,25.74566177939154,1.9791541548919647,0,12345
5.0,0.1,16,10,Std-CP,0.87,393.1944636083627,13.150257453682949,3601.599941581471,0,12345
5.0,0.1,16,10,Subsampling,0.98,39.356875907762934,39.356875907762934,3.1127870209614672e-15,0,12345
5.0,0.1,16,15,Donor-HCP-no-within,0.94,31.077422959814307,31.75172218925362,4.054463863299754,0,12345
5.0,0.1,16,15,Donor-HCP-within,0.96,19.765391795107348,20.598739689797217,2.565385111526445,0,12345
5.0,0.1,16,15,HCP,0.99,40.58791225173849,40.58791225173849,0.0,0,12345
5.0,0.1,16,15,Pooling,0.9,31.27947495804805,31.279474958048052,3.1127870209614672e-15,0,12345
5.0,0.1,16,15,Repeated,0.98,37.60082681199717,37.60082681199717,2.944401750009533e-15,0,12345
5.0,0.1,16,15,S-HCP-within,0.92,24.904705436983395,23.722548564900773,1.9279391157117012,0,12345
5.0,0.1,16,15,Std-CP,0.86,8.853908492178672,6.856471338418515,7.208667168413733,0,12345
5.0,0.1,16,15,Subsampling,0.98,39.356875907762934,39.356875907762934,3.1127870209614672e-15,0,12345
5.0,0.1,16,20,Donor-HCP-no-within,0.93,27.840821558514087,28.181334854674176,3.6373457687019926,0,12345
5.0,0.1,16,20,Donor-HCP-within,0.96,15.840835301474815,16.228666930968224,2.0045189434272737,0,12345
5.0,0.1,16,20,HCP,0.99,40.58791225173849,40.58791225173849,0.0,0,12345
5.0,0.1,16,20,Pooling,0.9,31.27947495804805,31.279474958048052,3.1127870209614672e-15,0,12345
5.0,0.1,16,20,Repeated,0.98,37.60082681199717,37.60082681199717,2.944401750009533e-15,0,12345
5.0,0.1,16,20,S-HCP-within,0.9,23.784647699006683,23.223541118751598,1.96142499526999,0,12345
5.0,0.1,16,20,Std-CP,0.91,6.697905656356021,6.38263816444395,2.3404251906209046,0,12345
5.0,0.1,16,20,Subsampling,0.98,39.356875907762934,39.356875907762934,3.1127870209614672e-15,0,12345
5.0,0.1,16,25,Donor-HCP-no-within,0.94,12.733167309602788,12.25769849432505,5.721732048188842,0,12345
5.0,0.1,16,25,Donor-HCP-within,0.91,5.854592260053734,5.721380378011316,1.4968295099748263,0,12345
5.0,0.1,16,25,HCP,0.99,40.58791225173849,40.58791225173849,0.0,0,12345
5.0,0.1,16,25,Pooling,0.9,31.27947495804805,31.279474958048052,3.1127870209614672e-15,0,12345
5.0,0.1,16,25,Repeated,0.98,37.60082681199717,37.60082681199717,2.944401750009533e-15,0,12345
5.0,0.1,16,25,S-HCP-within,0.96,13.344884276301379,12.984002708282635,5.6813285365853305,0,12345
5.0,0.1,16,25,Std-CP,0.92,6.516781622691038,6.0542954095772465,2.2422650570742397,0,12345
5.0,0.1,16,25,Subsampling,0.98,39.356875907762934,39.356875907762934,3.1127870209614672e-15,0,12345
5.0,0.1,16,30,Donor-HCP-no-within,0.93,12.21294500066096,11.642885851774437,5.7962852894491785,0,12345
5.0,0.1,16,30,Donor-HCP-within,0.97,6.17066245500128,5.987023119479625,1.6052987850065357,0,12345
5.0,0.1,16,30,HCP,0.99,40.58791225173849,40.58791225173849,0.0,0,12345
5.0,0.1,16,30,Pooling,0.9,31.27947495804805,31.279474958048052,3.1127870209614672e-15,0,12345
5.0,0.1,16,30,Repeated,0.98,37.60082681199717,37.60082681199717,2.944401750009533e-15,0,12345
5.0,0.1,16,30,S-HCP-within,0.97,13.632997022435267,13.156111142556835,5.809960807861023,0,12345
5.0,0.1,16,30,Std-CP,0.91,6.064538177894791,6.098990938306592,1.858766097895162,0,12345
5.0,0.1,16,30,Subsampling,0.98,39.356875907762934,39.356875907762934,3.1127870209614672e-15,0,12345
5.0,0.1,16,35,Donor-HCP-no-within,0.93,12.440750080120552,11.983156754134473,5.800641130360673,0,12345
5.0,0.1,16,35,Donor-HCP-within,0.98,6.478245817624728,6.241805231594757,1.7357778460748017,0,12345
5.0,0.1,16,35,HCP,0.99,40.58791225173849,40.58791225173849,0.0,0,12345
5.0,0.1,16,35,Pooling,0.9,31.27947495804805,31.279474958048052,3.1127870209614672e-15,0,12345
5.0,0.1,16,35,Repeated,0.98,37.60082681199717,37.60082681199717,2.944401750009533e-15,0,12345
5.0,0.1,16,35,S-HCP-within,0.98,14.067816254205628,13.493107703939334,6.040682103331014,0,12345
5.0,0.1,16,35,Std-CP,0.97,6.540520872876795,6.472721364970008,1.9042696716310992,0,12345
5.0,0.1,16,35,Subsampling,0.98,39.356875907762934,39.356875907762934,3.1127870209614672e-15,0,12345
5.0,0.1,17,0,Donor-HCP-no-within,0.98,39.931227889641946,39.931227889641946,0.0,0,12345
5.0,0.1,17,0,Donor-HCP-within,0.98,39.931227889641946,39.931227889641946,0.0,0,12345
5.0,0.1,17,0,HCP,0.98,39.931227889641946,39.931227889641946,0.0,0,12345
5.0,0.1,17,0,Pooling,0.97,33.73685055956835,33.73685055956835,0.0,0,12345
5.0,0.1,17,0,Repeated,0.98,36.725943784110044,36.725943784110044,0.0,0,12345
5.0,0.1,17,0,S-HCP-within,0.98,50.592612642609566,51.85839038024463,3.556270645523134,0,12345
5.0,0.1,17,0,Std-CP,1.0,,,,100,12345
5.0,0.1,17,0,Subsampling,0.97,33.73685055956835,33.73685055956835,0.0,0,12345
5.0,0.1,17,5,Donor-HCP-no-within,0.99,32.88946019514751,31.153527441677056,6.463408731629058,0,12345
5.0,0.1,17,5,Donor-HCP-within,0.99,29.428139243361155,27.335640291259566,5.568632257608755,0,12345
5.0,0.1,17,5,HCP,0.98,39.931227889641946,39.931227889641946,0.0,0,12345
5.0,0.1,17,5,Pooling,0.97,33.73685055956835,33.73685055956835,0.0,0,12345
5.0,0.1,17,5,Repeated,0.98,36.725943784110044,36.725943784110044,0.0,0,12345
5.0,0.1,17,5,S-HCP-within,0.98,47.54523983551066,47.561764545610686,3.175160792247013,0,12345
5.0,0.1,17,5,Std-CP,0.69,5.7808864709919385,5.014258600589305,4.08151741971581,0,12345
5.0,0.1,17,5,Subsampling,0.97,33.73685055956835,33.73685055956835,0.0,0,12345
5.0,0.1,17,10,Donor-HCP-no-within,0.98,31.329967924967637,29.316579758064,5.690703966312866,0,12345
5.0,0.1,17,10,Donor-HCP-within,0.98,22.842574778480348,21.13472399390173,3.5835505812416293,0,12345
5.0,0.1,17,10,HCP,0.98,39.931227889641946,39.931227889641946,0.0,0,12345
5.0,0.1,17,10,Pooling,0.97,33.73685055956835,33.73685055956835,0.0,0,12345
5.0,0.1,17,10,Repeated,0.98,36.725943784110044,36.725943784110044,0.0,0,12345
5.0,0.1,17,10,S-HCP-within,0.98,46.35788995246681,47.138185703778504,2.7339146291858016,0,12345
5.0,0.1,17,10,Std-CP,0.81,39.08914734551475,14.442116581238844,113.01598897446219,0,12345
5.0,0.1,17,10,Subsampling,0.97,33.73685055956835,33.73685055956835,0.0,0,12345
5.0,0.1,17,15,Donor-HCP-no-within,0.97,29.650272412294235,27.640920335509126,6.032994391183139,0,12345
5.0,0.1,17,15,Donor-HCP-within,0.97,19.632794184824846,19.27827660013729,2.9030045930019606,0,12345
5.0,0.1,17,15,HCP,0.98,39.931227889641946,39.931227889641946,0.0,0,12345
5.0,0.1,17,15,Pooling,0.97,33.73685055956835,33.73685055956835,0.0,0,12345
5.0,0.1,17,15,Repeated,0.98,36.725943784110044,36.725943784110044,0.0,0,12345
5.0,0.1,17,15,S-HCP-within,0.97,45.387366116521605,46.714845962877426,2.5789713853809277,0,12345
5.0,0.1,17,15,Std-CP,0.89,9.253601614393263,7.59706470037993,6.12130170224388,0,12345
5.0,0.1,17,15,Subsampling,0.97,33.73685055956835,33.73685055956835,0.0,0,12345
5.0,0.1,17,20,Donor-HCP-no-within,0.98,27.153637029913956,26.33924710494991,4.548533770478472,0,12345
5.0,0.1,17,20,Donor-HCP-within,0.99,15.325903647279183,15.17785476019089,1.7412832268228742,0,12345
5.0,0.1,17,20,HCP,0.98,39.931227889641946,39.931227889641946,0.0,0,12345
5.0,0.1,17,20,Pooling,0.97,33.73685055956835,33.73685055956835,0.0,0,12345
5.0,0.1,17,20,Repeated,0.98,36.725943784110044,36.725943784110044,0.0,0,12345
5.0,0.1,17,20,S-HCP-within,0.97,41.445358443562554,41.636461981108184,1.9865523717396898,0,12345
5.0,0.1,17,20,Std-CP,0.91,6.812088277494836,6.319584826598563,2.9463688101561063,0,12345
5.0,0.1,17,20,Subsampling,0.97,33.73685055956835,33.73685055956835,0.0,0,12345
5.0,0.1,17,25,Donor-HCP-no-within,0.9,14.181260820073588,13.215223555609825,7.431213178106784,0,12345
5.0,0.1,17,25,Donor-HCP-within,0.91,6.3101098469850525,6.174361374013438,1.888884703513724,0,12345
5.0,0.1,17,25,HCP,0.98,39.931227889641946,39.931227889641946,0.0,0,12345
5.0,0.1,17,25,Pooling,0.97,33.73685055956835,33.73685055956835,0.0,0,12345
5.0,0.1,17,25,Repeated,0.98,36.725943784110044,36.725943784110044,0.0,0,12345
5.0,0.1,17,25,S-HCP-within,0.94,14.747857846892156,13.745406175600726,7.806270326060273,0,12345
5.0,0.1,17,25,Std-CP,0.91,6.875477015353107,6.454193308133302,2.5645162712114318,0,12345
5.0,0.1,17,25,Subsampling,0.97,33.73685055956835,33.73685055956835,0.0,0,12345
5.0,0.1,17,30,Donor-HCP-no-within,0.91,13.67702681179923,12.594064358879013,7.498079677389137,0,12345
5.0,0.1,17,30,Donor-HCP-within,0.93,6.253318523482775,6.10248907129407,1.8298754550884462,0,12345
5.0,0.1,17,30,HCP,0.98,39.931227889641946,39.931227889641946,0.0,0,12345
5.0,0.1,17,30,Pooling,0.97,33.73685055956835,33.73685055956835,0.0,0,12345
5.0,0.1,17,30,Repeated,0.98,36.725943784110044,36.725943784110044,0.0,0,12345
5.0,0.1,17,30,S-HCP-within,0.97,14.935320543891542,14.185353087018488,7.711354701029038,0,12345
5.0,0.1,17,30,Std-CP,0.95,6.457962143047082,6.040589089213167,2.0654108809455645,0,12345
5.0,0.1,17,30,Subsampling,0.97,33.73685055956835,33.73685055956835,0.0,0,12345
5.0,0.1,17,35,Donor-HCP-no-within,0.91,13.955360318077163,13.154229240979781,7.618794449422847,0,12345
5.0,0.1,17,35,Donor-HCP-within,0.95,6.260446349347257,6.102794933681937,1.8856407750467872,0,12345
5.0,0.1,17,35,HCP,0.98,39.931227889641946,39.931227889641946,0.0,0,12345
5.0,0.1,17,35,Pooling,0.97,33.73685055956835,33.73685055956835,0.0,0,12345
5.0,0.1,17,35,Repeated,0.98,36.725943784110044,36.725943784110044,0.0,0,12345
5.0,0.1,17,35,S-HCP-within,0.96,14.99221699590871,14.116112669762018,7.797140977188997,0,12345
5.0,0.1,17,35,Std-CP,0.95,6.578985607552901,6.236495436379073,1.955337581437516,0,12345
5.0,0.1,17,35,Subsampling,0.97,33.73685055956835,33.73685055956835,0.0,0,12345
5.0,0.1,18,0,Donor-HCP-no-within,0.98,43.50038114600976,43.50038114600976,0.0,0,12345
5.0,0.1,18,0,Donor-HCP-within,0.98,43.50038114600976,43.50038114600976,0.0,0,12345
5.0,0.1,18,0,HCP,0.98,43.50038114600976,43.50038114600976,0.0,0,12345
5.0,0.1,18,0,Pooling,0.97,37.31437052010962,37.31437052010962,0.0,0,12345
5.0,0.1,18,0,Repeated,0.98,38.9511091868601,38.9511091868601,5.5774736089391245e-15,0,12345
5.0,0.1,18,0,S-HCP-within,0.98,41.09627058188312,41.0247490540791,2.7720680613260966,0,12345
5.0,0.1,18,0,Std-CP,1.0,,,,100,12345
5.0,0.1,18,0,Subsampling,0.97,37.4187739024451,37.4187739024451,5.438593549788583e-15,0,12345
5.0,0.1,18,5,Donor-HCP-no-within,0.98,39.881817976669396,39.307403261251025,3.9266031615361174,0,12345
5.0,0.1,18,5,Donor-HCP-within,0.99,34.32120029777464,34.04731956124362,3.1993793064920966,0,12345
5.0,0.1,18,5,HCP,0.98,43.50038114600976,43.50038114600976,0.0,0,12345
5.0,0.1,18,5,Pooling,0.97,37.31437052010962,37.31437052010962,0.0,0,12345
5.0,0.1,18,5,Repeated,0.98,38.9511091868601,38.9511091868601,5.5774736089391245e-15,0,12345
5.0,0.1,18,5,S-HCP-within,0.99,38.335323210064544,37.92245538921166,1.6235539526922604,0,12345
5.0,0.1,18,5,Std-CP,0.66,5.830706570531223,4.864664582570248,3.7567318455201284,0,12345
5.0,0.1,18,5,Subsampling,0.97,37.4187739024451,37.4187739024451,5.438593549788583e-15,0,12345
5.0,0.1,18,10,Donor-HCP-no-within,0.99,38.11915904174894,38.0721107619859,3.32073764122964,0,12345
5.0,0.1,18,10,Donor-HCP-within,0.98,27.787086404968335,27.47118344102536,2.6084393097557497,0,12345
5.0,0.1,18,10,HCP,0.98,43.50038114600976,43.50038114600976,0.0,0,12345
5.0,0.1,18,10,Pooling,0.97,37.31437052010962,37.31437052010962,0.0,0,12345
5.0,0.1,18,10,Repeated,0.98,38.9511091868601,38.9511091868601,5.5774736089391245e-15,0,12345
5.0,0.1,18,10,S-HCP-within,0.99,37.707753450261094,37.92245538921166,1.5044327777360424,0,12345
5.0,0.1,18,10,Std-CP,0.76,37.225269214764936,12.544169945760398,104.91266963230044,0,12345
5.0,0.1,18,10,Subsampling,0.97,37.4187739024451,37.4187739024451,5.438593549788583e-15,0,12345
5.0,0.1,18,15,Donor-HCP-no-within,0.98,37.236736185397426,37.47469029266421,3.558234098041154,0,12345
5.0,0.1,18,15,Donor-HCP-within,0.96,23.61221577220504,23.96641307485308,2.4135805146297313,0,12345
5.0,0.1,18,15,HCP,0.98,43.50038114600976,43.50038114600976,0.0,0,12345
5.0,0.1,18,15,Pooling,0.97,37.31437052010962,37.31437052010962,0.0,0,12345
5.0,0.1,18,15,Repeated,0.98,38.9511091868601,38.9511091868601,5.5774736089391245e-15,0,12345
5.0,0.1,18,15,S-HCP-within,0.98,37.06732798370315,37.183334504009906,1.2496073426606276,0,12345
5.0,0.1,18,15,Std-CP,0.83,9.453923743493284,7.208112092010946,7.243828230522679,0,12345
5.0,0.1,18,15,Subsampling,0.97,37.4187739024451,37.4187739024451,5.438593549788583e-15,0,12345
5.0,0.1,18,20,Donor-HCP-no-within,0.97,35.149455857830084,34.85914746223516,3.9651338727832526,0,12345
5.0,0.1,18,20,Donor-HCP-within,0.96,18.834050935404527,19.205643791473257,2.03861484616212,0,12345
5.0,0.1,18,20,HCP,0.98,43.50038114600976,43.50038114600976,0.0,0,12345
5.0,0.1,18,20,Pooling,0.97,37.31437052010962,37.31437052010962,0.0,0,12345
5.0,0.1,18,20,Repeated,0.98,38.9511091868601,38.9511091868601,5.5774736089391245e-15,0,12345
5.0,0.1,18,20,S-HCP-within,0.95,32.47665406985957,32.90405240277576,2.901414977190775,0,12345
5.0,0.1,18,20,Std-CP,0.88,7.37627544407861,6.788147942111451,3.1168318745221133,0,12345
5.0,0.1,18,20,Subsampling,0.97,37.4187739024451,37.4187739024451,5.438593549788583e-15,0,12345
5.0,0.1,18,25,Donor-HCP-no-within,0.92,16.711628252894016,15.513670676322056,8.036688182263276,0,12345
5.0,0.1,18,25,Donor-HCP-within,0.93,6.258104042251476,6.141252629660615,1.8770960195925,0,12345
5.0,0.1,18,25,HCP,0.98,43.50038114600976,43.50038114600976,0.0,0,12345
5.0,0.1,18,25,Pooling,0.97,37.31437052010962,37.31437052010962,0.0,0,12345
5.0,0.1,18,25,Repeated,0.98,38.9511091868601,38.9511091868601,5.5774736089391245e-15,0,12345
5.0,0.1,18,25,S-HCP-within,0.93,17.332788152281672,16.446188142106532,8.264242903643664,0,12345
5.0,0.1,18,25,Std-CP,0.88,6.7544037812772375,6.143705179493092,2.513455975771108,0,12345
5.0,0.1,18,25,Subsampling,0.97,37.4187739024451,37.4187739024451,5.438593549788583e-15,0,12345
5.0,0.1,18,30,Donor-HCP-no-within,0.9,16.113500441507632,14.037713752552381,7.989634966762472,0,12345
5.0,0.1,18,30,Donor-HCP-within,0.9,6.271649119307337,6.044088709416815,1.9081468341312369,0,12345
5.0,0.1,18,30,HCP,0.98,43.50038114600976,43.50038114600976,0.0,0,12345
5.0,0.1,18,30,Pooling,0.97,37.31437052010962,37.31437052010962,0.0,0,12345
5.0,0.1,18,30,Repeated,0.98,38.9511091868601,38.9511091868601,5.5774736089391245e-15,0,12345
5.0,0.1,18,30,S-HCP-within,0.95,17.582065672363687,16.648084972631466,8.375212757518476,0,12345
5.0,0.1,18,30,Std-CP,0.87,6.39819875420473,6.096420089748056,2.150752079600582,0,12345
5.0,0.1,18,30,Subsampling,0.97,37.4187739024451,37.4187739024451,5.438593549788583e-15,0,12345
5.0,0.1,18,35,Donor-HCP-no-within,0.94,16.42644649876188,14.420849515065974,8.102579938221988,0,12345
5.0,0.1,18,35,Donor-HCP-within,0.94,6.393264367644786,6.317079406752026,1.6995060853215895,0,12345
5.0,0.1,18,35,HCP,0.98,43.50038114600976,43.50038114600976,0.0,0,12345
5.0,0.1,18,35,Pooling,0.97,37.31437052010962,37.31437052010962,0.0,0,12345
5.0,0.1,18,35,Repeated,0.98,38.9511091868601,38.9511091868601,5.5774736089391245e-15,0,12345
5.0,0.1,18,35,S-HCP-within,0.97,17.93253958770934,16.210729259926584,8.47985841439028,0,12345
5.0,0.1,18,35,Std-CP,0.91,6.513122980597508,6.412030799596806,1.9530494279167587,0,12345
5.0,0.1,18,35,Subsampling,0.97,37.4187739024451,37.4187739024451,5.438593549788583e-15,0,12345
5.0,0.1,19,0,Donor-HCP-no-within,0.96,37.220315001441946,37.220315001441946,0.0,0,12345
5.0,0.1,19,0,Donor-HCP-within,0.96,37.220315001441946,37.220315001441946,0.0,0,12345
5.0,0.1,19,0,HCP,0.96,37.220315001441946,37.220315001441946,0.0,0,12345
5.0,0.1,19,0,Pooling,0.92,34.57930080621867,34.57930080621867,0.0,0,12345
5.0,0.1,19,0,Repeated,0.92,35.32667799040955,35.32667799040955,0.0,0,12345
5.0,0.1,19,0,S-HCP-within,0.98,34.584812835465996,34.11485427296218,3.0568021489045556,0,12345
5.0,0.1,19,0,Std-CP,1.0,,,,100,12345
5.0,0.1,19,0,Subsampling,0.91,32.10881459731688,32.10881459731688,0.0,0,12345
5.0,0.1,19,5,Donor-HCP-no-within,0.92,32.80470347901732,34.89953812624931,6.455487241413248,0,12345
5.0,0.1,19,5,Donor-HCP-within,0.95,28.087931323198855,30.105656753669017,5.089259087875733,0,12345
5.0,0.1,19,5,HCP,0.96,37.220315001441946,37.220315001441946,0.0,0,12345
5.0,0.1,19,5,Pooling,0.92,34.57930080621867,34.57930080621867,0.0,0,12345
5.0,0.1,19,5,Repeated,0.92,35.32667799040955,35.32667799040955,0.0,0,12345
5.0,0.1,19,5,S-HCP-within,0.98,32.988442334782086,33.08746560117142,1.4409553933043084,0,12345
5.0,0.1,19,5,Std-CP,0.75,6.228885068245624,4.643277758333486,7.6491274773828115,0,12345
5.0,0.1,19,5,Subsampling,0.91,32.10881459731688,32.10881459731688,0.0,0,12345
5.0,0.1,19,10,Donor-HCP-no-within,0.94,31.908965509833628,34.417288144357,6.036563385367663,0,12345
5.0,0.1,19,10,Donor-HCP-within,0.94,22.667048850775974,24.055020828401112,4.421210206886067,0,12345
5.0,0.1,19,10,HCP,0.96,37.220315001441946,37.220315001441946,0.0,0,12345
5.0,0.1,19,10,Pooling,0.92,34.57930080621867,34.57930080621867,0.0,0,12345
5.0,0.1,19,10,Repeated,0.92,35.32667799040955,35.32667799040955,0.0,0,12345
5.0,0.1,19,10,S-HCP-within,0.98,32.74668097390069,32.659799174292004,1.2034461283107745,0,12345
5.0,0.1,19,10,Std-CP,0.8,62.79929032800218,12.951865267218082,203.1607742701373,0,12345
5.0,0.1,19,10,Subsampling,0.91,32.10881459731688,32.10881459731688,0.0,0,12345
5.0,0.1,19,15,Donor-HCP-no-within,0.93,31.095681227594387,34.12516750965753,6.905831944927822,0,12345
5.0,0.1,19,15,Donor-HCP-within,0.92,19.89413533597039,21.09942229855301,3.7153322522044934,0,12345
5.0,0.1,19,15,HCP,0.96,37.220315001441946,37.220315001441946,0.0,0,12345
5.0,0.1,19,15,Pooling,0.92,34.57930080621867,34.57930080621867,0.0,0,12345
5.0,0.1,19,15,Repeated,0.92,35.32667799040955,35.32667799040955,0.0,0,12345
5.0,0.1,19,15,S-HCP-within,0.98,32.62768295141497,32.73920331024307,0.6757015339038411,0,12345
5.0,0.1,19,15,Std-CP,0.91,8.406083711163541,7.431995890563682,5.435170097311801,0,12345
5.0,0.1,19,15,Subsampling,0.91,32.10881459731688,32.10881459731688,0.0,0,12345
5.0,0.1,19,20,Donor-HCP-no-within,0.93,30.100894736706792,33.074522835567,6.253438465367914,0,12345
5.0,0.1,19,20,Donor-HCP-within,0.91,16.36334360169751,17.59060776285851,3.001984609922413,0,12345
5.0,0.1,19,20,HCP,0.96,37.220315001441946,37.220315001441946,0.0,0,12345
5.0,0.1,19,20,Pooling,0.92,34.57930080621867,34.57930080621867,0.0,0,12345
5.0,0.1,19,20,Repeated,0.92,35.32667799040955,35.32667799040955,0.0,0,12345
5.0,0.1,19,20,S-HCP-within,0.98,32.30540335450539,32.444073380324845,0.5561495208680269,0,12345
5.0,0.1,19,20,Std-CP,0.92,6.398304118329405,5.991031292326493,2.39780891599959,0,12345
5.0,0.1,19,20,Subsampling,0.91,32.10881459731688,32.10881459731688,0.0,0,12345
5.0,0.1,19,25,Donor-HCP-no-within,0.93,14.702136110601014,13.191774361287607,7.350958834125178,0,12345
5.0,0.1,19,25,Donor-HCP-within,0.96,5.678747377179212,5.520172808420326,1.6544614854250268,0,12345
5.0,0.1,19,25,HCP,0.96,37.220315001441946,37.220315001441946,0.0,0,12345
5.0,0.1,19,25,Pooling,0.92,34.57930080621867,34.57930080621867,0.0,0,12345
5.0,0.1,19,25,Repeated,0.92,35.32667799040955,35.32667799040955,0.0,0,12345
5.0,0.1,19,25,S-HCP-within,0.94,15.294420919847854,13.50979608931355,7.719384566701628,0,12345
5.0,0.1,19,25,Std-CP,0.95,6.428918201696844,6.140874573476612,2.3327404628152006,0,12345
5.0,0.1,19,25,Subsampling,0.91,32.10881459731688,32.10881459731688,0.0,0,12345
5.0,0.1,19,30,Donor-HCP-no-within,0.91,14.13302031126003,12.693202450218287,7.330983624080013,0,12345
5.0,0.1,19,30,Donor-HCP-within,0.94,5.844270331338915,5.440427323647562,1.7320894888571825,0,12345
5.0,0.1,19,30,HCP,0.96,37.220315001441946,37.220315001441946,0.0,0,12345
5.0,0.1,19,30,Pooling,0.92,34.57930080621867,34.57930080621867,0.0,0,12345
5.0,0.1,19,30,Repeated,0.92,35.32667799040955,35.32667799040955,0.0,0,12345
5.0,0.1,19,30,S-HCP-within,0.95,15.580900786716933,13.565982340729404,7.7700666516475785,0,12345
5.0,0.1,19,30,Std-CP,0.94,6.103249929901888,5.781540785373352,2.040066268500671,0,12345
5.0,0.1,19,30,Subsampling,0.91,32.10881459731688,32.10881459731688,0.0,0,12345
5.0,0.1,19,35,Donor-HCP-no-within,0.91,14.366615998437249,13.140031955237212,7.360715715011294,0,12345
5.0,0.1,19,35,Donor-HCP-within,0.96,6.002919449383385,5.692377118371587,1.7448583474841435,0,12345
5.0,0.1,19,35,HCP,0.96,37.220315001441946,37.220315001441946,0.0,0,12345
5.0,0.1,19,35,Pooling,0.92,34.57930080621867,34.57930080621867,0.0,0,12345
5.0,0.1,19,35,Repeated,0.92,35.32667799040955,35.32667799040955,0.0,0,12345
5.0,0.1,19,35,S-HCP-within,0.97,15.845840357513614,13.711662610534654,7.8800135799254205,0,12345
5.0,0.1,19,35,Std-CP,0.96,6.1243001044170216,5.8818754781828755,2.128803336559761,0,12345
5.0,0.1,19,35,Subsampling,0.91,32.10881459731688,32.10881459731688,0.0,0,12345
5.0,0.1,20,0,Donor-HCP-no-within,0.99,65.50671759538395,65.50671759538395,0.0,0,12345
5.0,0.1,20,0,Donor-HCP-within,0.99,65.50671759538395,65.50671759538395,0.0,0,12345
5.0,0.1,20,0,HCP,0.99,65.50671759538395,65.50671759538395,0.0,0,12345
5.0,0.1,20,0,Pooling,0.95,53.779309987979474,53.779309987979474,0.0,0,12345
5.0,0.1,20,0,Repeated,0.99,61.612524954510064,61.612524954510064,0.0,0,12345
5.0,0.1,20,0,S-HCP-within,0.9,25.501025544768094,25.90619638041489,2.8764052255280994,0,12345
5.0,0.1,20,0,Std-CP,1.0,,,,100,12345
5.0,0.1,20,0,Subsampling,0.99,64.6388223430415,64.6388223430415,3.498470589969791e-15,0,12345
5.0,0.1,20,5,Donor-HCP-no-within,0.99,54.297121015525526,55.79793356874259,5.620244150779821,0,12345
5.0,0.1,20,5,Donor-HCP-within,0.99,46.7983397700289,48.10241004171066,5.028798439234493,0,12345
5.0,0.1,20,5,HCP,0.99,65.50671759538395,65.50671759538395,0.0,0,12345
5.0,0.1,20,5,Pooling,0.95,53.779309987979474,53.779309987979474,0.0,0,12345
5.0,0.1,20,5,Repeated,0.99,61.612524954510064,61.612524954510064,0.0,0,12345
5.0,0.1,20,5,S-HCP-within,0.84,23.441344726057945,23.444806217596145,1.7616165945214104,0,12345
5.0,0.1,20,5,Std-CP,0.79,6.9601041346391215,6.117282163943466,4.432342268403456,0,12345
5.0,0.1,20,5,Subsampling,0.99,64.6388223430415,64.6388223430415,3.498470589969791e-15,0,12345
5.0,0.1,20,10,Donor-HCP-no-within,0.99,51.59542675424228,53.521012974197866,5.950875476858265,0,12345
5.0,0.1,20,10,Donor-HCP-within,0.98,36.57285168614421,36.216345038147594,3.760633806511846,0,12345
5.0,0.1,20,10,HCP,0.99,65.50671759538395,65.50671759538395,0.0,0,12345
5.0,0.1,20,10,Pooling,0.95,53.779309987979474,53.779309987979474,0.0,0,12345
5.0,0.1,20,10,Repeated,0.99,61.612524954510064,61.612524954510064,0.0,0,12345
5.0,0.1,20,10,S-HCP-within,0.88,23.38097410755501,22.822189013496384,1.783905537171175,0,12345
5.0,0.1,20,10,Std-CP,0.85,54.58360093779222,12.22137153966086,282.22668050649827,0,12345
5.0,0.1,20,10,Subsampling,0.99,64.6388223430415,64.6388223430415,3.498470589969791e-15,0,12345
5.0,0.1,20,15,Donor-HCP-no-within,0.98,49.77148872029033,52.05050990696556,5.933421827716703,0,12345
5.0,0.1,20,15,Donor-HCP-within,0.97,31.58022853444655,32.34107664831549,3.361456953379767,0,12345
5.0,0.1,20,15,HCP,0.99,65.50671759538395,65.50671759538395,0.0,0,12345
5.0,0.1,20,15,Pooling,0.95,53.779309987979474,53.779309987979474,0.0,0,12345
5.0,0.1,20,15,Repeated,0.99,61.612524954510064,61.612524954510064,0.0,0,12345
5.0,0.1,20,15,S-HCP-within,0.88,23.307265172767117,22.822189013496384,1.6428636374482977,0,12345
5.0,0.1,20,15,Std-CP,0.88,9.72528223927489,7.646572786933845,8.52651063707201,0,12345
5.0,0.1,20,15,Subsampling,0.99,64.6388223430415,64.6388223430415,3.498470589969791e-15,0,12345
5.0,0.1,20,20,Donor-HCP-no-within,0.98,33.63685873993861,32.43044595705274,6.056967833601279,0,12345
5.0,0.1,20,20,Donor-HCP-within,0.97,19.897552335873918,18.95805143452626,3.2771798503193907,0,12345
5.0,0.1,20,20,HCP,0.99,65.50671759538395,65.50671759538395,0.0,0,12345
5.0,0.1,20,20,Pooling,0.95,53.779309987979474,53.779309987979474,0.0,0,12345
5.0,0.1,20,20,Repeated,0.99,61.612524954510064,61.612524954510064,0.0,0,12345
5.0,0.1,20,20,S-HCP-within,0.87,22.858475011379472,22.48973728150913,1.5575284389733615,0,12345
5.0,0.1,20,20,Std-CP,0.92,6.567118680073072,5.998471606326951,3.0143723328874574,0,12345
5.0,0.1,20,20,Subsampling,0.99,64.6388223430415,64.6388223430415,3.498470589969791e-15,0,12345
5.0,0.1,20,25,Donor-HCP-no-within,0.94,19.00390426168472,17.915128046395136,7.8330722266833,0,12345
5.0,0.1,20,25,Donor-HCP-within,0.97,6.303673228052681,6.1105927199878245,1.8369872223418366,0,12345
5.0,0.1,20,25,HCP,0.99,65.50671759538395,65.50671759538395,0.0,0,12345
5.0,0.1,20,25,Pooling,0.95,53.779309987979474,53.779309987979474,0.0,0,12345
5.0,0.1,20,25,Repeated,0.99,61.612524954510064,61.612524954510064,0.0,0,12345
5.0,0.1,20,25,S-HCP-within,0.95,19.936789111648075,18.92717751801179,8.43052447079476,0,12345
5.0,0.1,20,25,Std-CP,0.96,7.005108137356592,6.415373484273509,2.9523336994704716,0,12345
5.0,0.1,20,25,Subsampling,0.99,64.6388223430415,64.6388223430415,3.498470589969791e-15,0,12345
5.0,0.1,20,30,Donor-HCP-no-within,0.92,18.22985928776522,17.053659845987255,7.712131684804338,0,12345
5.0,0.1,20,30,Donor-HCP-within,0.97,6.099809875766327,5.9177552712334425,1.597171283684388,0,12345
5.0,0.1,20,30,HCP,0.99,65.50671759538395,65.50671759538395,0.0,0,12345
5.0,0.1,20,30,Pooling,0.95,53.779309987979474,53.779309987979474,0.0,0,12345
5.0,0.1,20,30,Repeated,0.99,61.612524954510064,61.612524954510064,0.0,0,12345
5.0,0.1,20,30,S-HCP-within,0.95,20.144496313277404,18.9462955635177,8.16390688498274,0,12345
5.0,0.1,20,30,Std-CP,0.92,6.476267537123802,6.247717108414776,2.0847746691816957,0,12345
5.0,0.1,20,30,Subsampling,0.99,64.6388223430415,64.6388223430415,3.498470589969791e-15,0,12345
5.0,0.1,20,35,Donor-HCP-no-within,0.95,18.66339027190085,17.384764492387035,7.8210443865863954,0,12345
5.0,0.1,20,35,Donor-HCP-within,0.95,6.217599255115826,6.156471863594232,1.532866029990473,0,12345
5.0,0.1,20,35,HCP,0.99,65.50671759538395,65.50671759538395,0.0,0,12345
5.0,0.1,20,35,Pooling,0.95,53.779309987979474,53.779309987979474,0.0,0,12345
5.0,0.1,20,35,Repeated,0.99,61.612524954510064,61.612524954510064,0.0,0,12345
5.0,0.1,20,35,S-HCP-within,0.95,20.40504492128552,19.000786734161238,8.143687493917476,0,12345
5.0,0.1,20,35,Std-CP,0.97,6.6793597008252235,6.527702236164976,2.11501082122492,0,12345
5.0,0.1,20,35,Subsampling,0.99,64.6388223430415,64.6388223430415,3.498470589969791e-15,0,12345
5.0,0.1,21,0,Donor-HCP-no-within,0.97,27.281845171309214,27.281845171309214,0.0,0,12345
5.0,0.1,21,0,Donor-HCP-within,0.97,27.281845171309214,27.281845171309214,0.0,0,12345
5.0,0.1,21,0,HCP,0.97,27.281845171309214,27.281845171309214,0.0,0,12345
5.0,0.1,21,0,Pooling,0.91,21.293945706665596,21.293945706665596,0.0,0,12345
5.0,0.1,21,0,Repeated,0.94,23.352278214401345,23.352278214401345,9.44695030608341e-16,0,12345
5.0,0.1,21,0,S-HCP-within,0.81,20.032252890244145,19.975099370693805,1.5925266116751704,0,12345
5.0,0.1,21,0,Std-CP,1.0,,,,100,12345
5.0,0.1,21,0,Subsampling,0.84,20.058003583215484,20.058003583215484,3.641323638636168e-15,0,12345
5.0,0.1,21,5,Donor-HCP-no-within,0.95,27.08177027393705,26.586838207252022,2.4282012541485067,0,12345
5.0,0.1,21,5,Donor-HCP-within,0.98,23.543323703518027,22.853320232087707,2.065564269168404,0,12345
5.0,0.1,21,5,HCP,0.97,27.281845171309214,27.281845171309214,0.0,0,12345
5.0,0.1,21,5,Pooling,0.91,21.293945706665596,21.293945706665596,0.0,0,12345
5.0,0.1,21,5,Repeated,0.94,23.352278214401345,23.352278214401345,9.44695030608341e-16,0,12345
5.0,0.1,21,5,S-HCP-within,0.81,19.860141877642953,19.776104480154743,1.2855070480256852,0,12345
5.0,0.1,21,5,Std-CP,0.75,5.532037428275878,4.824017127701039,3.526741756871412,0,12345
5.0,0.1,21,5,Subsampling,0.84,20.058003583215484,20.058003583215484,3.641323638636168e-15,0,12345
5.0,0.1,21,10,Donor-HCP-no-within,0.96,25.2679501698939,24.92668910431059,1.9482801275645014,0,12345
5.0,0.1,21,10,Donor-HCP-within,0.98,19.12106308766798,18.442466181850573,1.9958926781322635,0,12345
5.0,0.1,21,10,HCP,0.97,27.281845171309214,27.281845171309214,0.0,0,12345
5.0,0.1,21,10,Pooling,0.91,21.293945706665596,21.293945706665596,0.0,0,12345
5.0,0.1,21,10,Repeated,0.94,23.352278214401345,23.352278214401345,9.44695030608341e-16,0,12345
5.0,0.1,21,10,S-HCP-within,0.81,19.75570039295769,19.446222870327105,1.3340691557430446,0,12345
5.0,0.1,21,10,Std-CP,0.84,21.98733760949961,12.33285348154651,27.694227370631186,0,12345
5.0,0.1,21,10,Subsampling,0.84,20.058003583215484,20.058003583215484,3.641323638636168e-15,0,12345
5.0,0.1,21,15,Donor-HCP-no-within,0.96,23.958793761288884,23.463401291193257,1.8318348880523705,0,12345
5.0,0.1,21,15,Donor-HCP-within,0.99,15.64815659904046,15.59774414170123,1.1251371366721985,0,12345
5.0,0.1,21,15,HCP,0.97,27.281845171309214,27.281845171309214,0.0,0,12345
5.0,0.1,21,15,Pooling,0.91,21.293945706665596,21.293945706665596,0.0,0,12345
5.0,0.1,21,15,Repeated,0.94,23.352278214401345,23.352278214401345,9.44695030608341e-16,0,12345
5.0,0.1,21,15,S-HCP-within,0.82,19.780136580036444,19.43727240190499,1.3372936952358423,0,12345
5.0,0.1,21,15,Std-CP,0.9,9.04022915864731,7.7291992164460055,5.727867034119994,0,12345
5.0,0.1,21,15,Subsampling,0.84,20.058003583215484,20.058003583215484,3.641323638636168e-15,0,12345
5.0,0.1,21,20,Donor-HCP-no-within,0.95,23.113178546304976,22.622047458861726,1.6509915358717715,0,12345
5.0,0.1,21,20,Donor-HCP-within,0.93,12.988724797225634,12.927289427562641,0.9747548736239775,0,12345
5.0,0.1,21,20,HCP,0.97,27.281845171309214,27.281845171309214,0.0,0,12345
5.0,0.1,21,20,Pooling,0.91,21.293945706665596,21.293945706665596,0.0,0,12345
5.0,0.1,21,20,Repeated,0.94,23.352278214401345,23.352278214401345,9.44695030608341e-16,0,12345
5.0,0.1,21,20,S-HCP-within,0.81,19.43655916853045,19.208885246891363,1.149175342843336,0,12345
5.0,0.1,21,20,Std-CP,0.91,6.881476330389766,6.545101231384073,2.442176434671275,0,12345
5.0,0.1,21,20,Subsampling,0.84,20.058003583215484,20.058003583215484,3.641323638636168e-15,0,12345
5.0,0.1,21,25,Donor-HCP-no-within,0.91,15.513090997097812,13.688021047817749,7.569441053684361,0,12345
5.0,0.1,21,25,Donor-HCP-within,0.91,6.093090729166671,5.710402969316938,1.9037933839793992,0,12345
5.0,0.1,21,25,HCP,0.97,27.281845171309214,27.281845171309214,0.0,0,12345
5.0,0.1,21,25,Pooling,0.91,21.293945706665596,21.293945706665596,0.0,0,12345
5.0,0.1,21,25,Repeated,0.94,23.352278214401345,23.352278214401345,9.44695030608341e-16,0,12345
5.0,0.1,21,25,S-HCP-within,0.91,15.949814139088197,14.002150555453753,7.535122316814828,0,12345
5.0,0.1,21,25,Std-CP,0.96,7.378935983251629,7.106721937784601,2.6574821496945074,0,12345
5.0,0.1,21,25,Subsampling,0.84,20.058003583215484,20.058003583215484,3.641323638636168e-15,0,12345
5.0,0.1,21,30,Donor-HCP-no-within,0.92,14.946964546707095,12.946534911764978,7.566950735861359,0,12345
5.0,0.1,21,30,Donor-HCP-within,0.93,6.21470931266283,5.9189203421042365,1.8227738313236819,0,12345
5.0,0.1,21,30,HCP,0.97,27.281845171309214,27.281845171309214,0.0,0,12345
5.0,0.1,21,30,Pooling,0.91,21.293945706665596,21.293945706665596,0.0,0,12345
5.0,0.1,21,30,Repeated,0.94,23.352278214401345,23.352278214401345,9.44695030608341e-16,0,12345
5.0,0.1,21,30,S-HCP-within,0.95,16.38246907866154,14.962972206667219,7.515593412903689,0,12345
5.0,0.1,21,30,Std-CP,0.94,6.554854652687115,6.247563898848146,1.9441408540121976,0,12345
5.0,0.1,21,30,Subsampling,0.84,20.058003583215484,20.058003583215484,3.641323638636168e-15,0,12345
5.0,0.1,21,35,Donor-HCP-no-within,0.93,15.242629047969494,13.444724311889772,7.529905886611688,0,12345
5.0,0.1,21,35,Donor-HCP-within,0.94,6.37360687891501,6.204782993393192,1.7791686827962905,0,12345
5.0,0.1,21,35,HCP,0.97,27.281845171309214,27.281845171309214,0.0,0,12345
5.0,0.1,21,35,Pooling,0.91,21.293945706665596,21.293945706665596,0.0,0,12345
5.0,0.1,21,35,Repeated,0.94,23.352278214401345,23.352278214401345,9.44695030608341e-16,0,12345
5.0,0.1,21,35,S-HCP-within,0.96,16.821102763569925,15.091242274496086,7.481446354493366,0,12345
5.0,0.1,21,35,Std-CP,0.98,6.483234788799857,6.297187466579192,2.1600987255872157,0,12345
5.0,0.1,21,35,Subsampling,0.84,20.058003583215484,20.058003583215484,3.641323638636168e-15,0,12345
5.0,0.1,22,0,Donor-HCP-no-within,0.84,21.699638472822272,21.69963847282227,1.8553442084620055e-15,0,12345
5.0,0.1,22,0,Donor-HCP-within,0.84,21.699638472822272,21.69963847282227,1.8553442084620055e-15,0,12345
5.0,0.1,22,0,HCP,0.84,21.699638472822272,21.69963847282227,1.8553442084620055e-15,0,12345
5.0,0.1,22,0,Pooling,0.7,16.35027786406137,16.35027786406137,0.0,0,12345
5.0,0.1,22,0,Repeated,0.75,17.91736477617118,17.91736477617118,1.820661819318084e-15,0,12345
5.0,0.1,22,0,S-HCP-within,0.8,18.53696492639523,18.521774020051986,2.15388552296407,0,12345
5.0,0.1,22,0,Std-CP,1.0,,,,100,12345
5.0,0.1,22,0,Subsampling,0.84,21.827926532234347,21.827926532234347,1.8553442084620055e-15,0,12345
5.0,0.1,22,5,Donor-HCP-no-within,0.78,19.39314787350963,19.335444741891095,1.904062263806539,0,12345
5.0,0.1,22,5,Donor-HCP-within,0.83,16.71608047738922,16.893851543730815,2.055344886455689,0,12345
5.0,0.1,22,5,HCP,0.84,21.699638472822272,21.69963847282227,1.8553442084620055e-15,0,12345
5.0,0.1,22,5,Pooling,0.7,16.35027786406137,16.35027786406137,0.0,0,12345
5.0,0.1,22,5,Repeated,0.75,17.91736477617118,17.91736477617118,1.820661819318084e-15,0,12345
5.0,0.1,22,5,S-HCP-within,0.81,17.981562996467698,17.093272692325044,1.8015814072738972,0,12345
5.0,0.1,22,5,Std-CP,0.72,6.2461706730999405,5.209151764922524,4.062555837232147,0,12345
5.0,0.1,22,5,Subsampling,0.84,21.827926532234347,21.827926532234347,1.8553442084620055e-15,0,12345
5.0,0.1,22,10,Donor-HCP-no-within,0.76,18.016187813020316,17.789455373470393,2.220103381959172,0,12345
5.0,0.1,22,10,Donor-HCP-within,0.82,13.73107471161266,13.773415410234616,1.6067651613017804,0,12345
5.0,0.1,22,10,HCP,0.84,21.699638472822272,21.69963847282227,1.8553442084620055e-15,0,12345
5.0,0.1,22,10,Pooling,0.7,16.35027786406137,16.35027786406137,0.0,0,12345
5.0,0.1,22,10,Repeated,0.75,17.91736477617118,17.91736477617118,1.820661819318084e-15,0,12345
5.0,0.1,22,10,S-HCP-within,0.82,17.835302424099638,17.045161761985582,1.7805251724642026,0,12345
5.0,0.1,22,10,Std-CP,0.8,15.205518237294303,9.539214420908682,13.054803774334225,0,12345
5.0,0.1,22,10,Subsampling,0.84,21.827926532234347,21.827926532234347,1.8553442084620055e-15,0,12345
5.0,0.1,22,15,Donor-HCP-no-within,0.77,17.070422597219572,16.672823273256576,2.188083218091326,0,12345
5.0,0.1,22,15,Donor-HCP-within,0.83,11.672720307518277,11.554206026593555,1.3906583893510882,0,12345
5.0,0.1,22,15,HCP,0.84,21.699638472822272,21.69963847282227,1.8553442084620055e-15,0,12345
5.0,0.1,22,15,Pooling,0.7,16.35027786406137,16.35027786406137,0.0,0,12345
5.0,0.1,22,15,Repeated,0.75,17.91736477617118,17.91736477617118,1.820661819318084e-15,0,12345
5.0,0.1,22,15,S-HCP-within,0.81,17.689692404417038,17.045161761985582,1.8821025400771227,0,12345
5.0,0.1,22,15,Std-CP,0.85,9.141920578284642,7.767080069776023,6.90315562951993,0,12345
5.0,0.1,22,15,Subsampling,0.84,21.827926532234347,21.827926532234347,1.8553442084620055e-15,0,12345
5.0,0.1,22,20,Donor-HCP-no-within,0.73,16.63986213290168,16.790422338906218,2.7748244926264296,0,12345
5.0,0.1,22,20,Donor-HCP-within,0.83,9.567006494723408,9.263648091556245,1.4545242304069161,0,12345
5.0,0.1,22,20,HCP,0.84,21.699638472822272,21.69963847282227,1.8553442084620055e-15,0,12345
5.0,0.1,22,20,Pooling,0.7,16.35027786406137,16.35027786406137,0.0,0,12345
5.0,0.1,22,20,Repeated,0.75,17.91736477617118,17.91736477617118,1.820661819318084e-15,0,12345
5.0,0.1,22,20,S-HCP-within,0.8,17.330885615205933,16.73833178026028,1.686208134169557,0,12345
5.0,0.1,22,20,Std-CP,0.9,6.467504774714224,5.8606140767948895,2.3754772331674374,0,12345
5.0,0.1,22,20,Subsampling,0.84,21.827926532234347,21.827926532234347,1.8553442084620055e-15,0,12345
5.0,0.1,22,25,Donor-HCP-no-within,0.95,15.212849625579217,13.728103266120804,9.08119650556505,0,12345
5.0,0.1,22,25,Donor-HCP-within,0.93,5.79380377334469,5.507899082635154,1.7595872828587844,0,12345
5.0,0.1,22,25,HCP,0.84,21.699638472822272,21.69963847282227,1.8553442084620055e-15,0,12345
5.0,0.1,22,25,Pooling,0.7,16.35027786406137,16.35027786406137,0.0,0,12345
5.0,0.1,22,25,Repeated,0.75,17.91736477617118,17.91736477617118,1.820661819318084e-15,0,12345
5.0,0.1,22,25,S-HCP-within,0.96,15.76463860527725,13.694905791232689,9.203123963463655,0,12345
5.0,0.1,22,25,Std-CP,0.95,6.550733872280882,6.052724181137316,2.6057290175239984,0,12345
5.0,0.1,22,25,Subsampling,0.84,21.827926532234347,21.827926532234347,1.8553442084620055e-15,0,12345
5.0,0.1,22,30,Donor-HCP-no-within,0.93,14.68224896680523,12.943091709132851,8.898228491327941,0,12345
5.0,0.1,22,30,Donor-HCP-within,0.98,5.863910927016312,5.853929105937571,1.550482927702863,0,12345
5.0,0.1,22,30,HCP,0.84,21.699638472822272,21.69963847282227,1.8553442084620055e-15,0,12345
5.0,0.1,22,30,Pooling,0.7,16.35027786406137,16.35027786406137,0.0,0,12345
5.0,0.1,22,30,Repeated,0.75,17.91736477617118,17.91736477617118,1.820661819318084e-15,0,12345
5.0,0.1,22,30,S-HCP-within,0.95,15.990866566559808,13.838255075999928,9.023518880748895,0,12345
5.0,0.1,22,30,Std-CP,0.94,6.125904837299433,6.089585492419964,1.7471113712087316,0,12345
5.0,0.1,22,30,Subsampling,0.84,21.827926532234347,21.827926532234347,1.8553442084620055e-15,0,12345
5.0,0.1,22,35,Donor-HCP-no-within,0.95,15.00749660547669,13.332833824651244,8.976709352365106,0,12345
5.0,0.1,22,35,Donor-HCP-within,0.98,6.066543006863948,6.087032097885592,1.5158067014143586,0,12345
5.0,0.1,22,35,HCP,0.84,21.699638472822272,21.69963847282227,1.8553442084620055e-15,0,12345
5.0,0.1,22,35,Pooling,0.7,16.35027786406137,16.35027786406137,0.0,0,12345
5.0,0.1,22,35,Repeated,0.75,17.91736477617118,17.91736477617118,1.820661819318084e-15,0,12345
5.0,0.1,22,35,S-HCP-within,0.96,16.43314683795542,13.857902623537683,9.260788129013475,0,12345
5.0,0.1,22,35,Std-CP,0.93,6.159249388824621,5.689282041169662,2.046274253143054,0,12345
5.0,0.1,22,35,Subsampling,0.84,21.827926532234347,21.827926532234347,1.8553442084620055e-15,0,12345
5.0,0.1,23,0,Donor-HCP-no-within,0.83,49.33730508407644,49.33730508407644,5.149609274749016e-15,0,12345
5.0,0.1,23,0,Donor-HCP-within,0.83,49.33730508407644,49.33730508407644,5.149609274749016e-15,0,12345
5.0,0.1,23,0,HCP,0.83,49.33730508407644,49.33730508407644,5.149609274749016e-15,0,12345
5.0,0.1,23,0,Pooling,0.7,39.39124956245357,39.39124956245357,7.141223187966347e-16,0,12345
5.0,0.1,23,0,Repeated,0.74,43.886209699588875,43.886209699588875,1.009921468435524e-15,0,12345
5.0,0.1,23,0,S-HCP-within,0.9,29.24347949325688,29.29732586994293,3.4643382147260726,0,12345
5.0,0.1,23,0,Std-CP,1.0,,,,100,12345
5.0,0.1,23,0,Subsampling,0.71,42.40084718034576,42.40084718034575,7.141223187966347e-16,0,12345
5.0,0.1,23,5,Donor-HCP-no-within,0.76,44.06522421686415,44.98897255952387,11.217919820135478,0,12345
5.0,0.1,23,5,Donor-HCP-within,0.8,37.367094510129306,38.819492684270266,8.972452118078362,0,12345
5.0,0.1,23,5,HCP,0.83,49.33730508407644,49.33730508407644,5.149609274749016e-15,0,12345
5.0,0.1,23,5,Pooling,0.7,39.39124956245357,39.39124956245357,7.141223187966347e-16,0,12345
5.0,0.1,23,5,Repeated,0.74,43.886209699588875,43.886209699588875,1.009921468435524e-15,0,12345
5.0,0.1,23,5,S-HCP-within,0.89,27.14614587863523,26.851196810480964,1.8754880888399612,0,12345
5.0,0.1,23,5,Std-CP,0.8,6.212338620371768,5.186230239549141,4.054611033505043,0,12345
5.0,0.1,23,5,Subsampling,0.71,42.40084718034576,42.40084718034575,7.141223187966347e-16,0,12345
5.0,0.1,23,10,Donor-HCP-no-within,0.79,41.38119987831099,43.58811845925622,11.19181597114456,0,12345
5.0,0.1,23,10,Donor-HCP-within,0.83,29.97790067198153,31.142713990555343,8.485784210405651,0,12345
5.0,0.1,23,10,HCP,0.83,49.33730508407644,49.33730508407644,5.149609274749016e-15,0,12345
5.0,0.1,23,10,Pooling,0.7,39.39124956245357,39.39124956245357,7.141223187966347e-16,0,12345
5.0,0.1,23,10,Repeated,0.74,43.886209699588875,43.886209699588875,1.009921468435524e-15,0,12345
5.0,0.1,23,10,S-HCP-within,0.9,26.97051441643571,26.721697266127208,1.836956247520885,0,12345
5.0,0.1,23,10,Std-CP,0.83,25.450862958698764,12.864234126067885,34.33255043558837,0,12345
5.0,0.1,23,10,Subsampling,0.71,42.40084718034576,42.40084718034575,7.141223187966347e-16,0,12345
5.0,0.1,23,15,Donor-HCP-no-within,0.77,40.07785232124213,40.99089131213492,12.126871695847898,0,12345
5.0,0.1,23,15,Donor-HCP-within,0.81,26.093891300328586,26.254233934919593,8.126553592119258,0,12345
5.0,0.1,23,15,HCP,0.83,49.33730508407644,49.33730508407644,5.149609274749016e-15,0,12345
5.0,0.1,23,15,Pooling,0.7,39.39124956245357,39.39124956245357,7.141223187966347e-16,0,12345
5.0,0.1,23,15,Repeated,0.74,43.886209699588875,43.886209699588875,1.009921468435524e-15,0,12345
5.0,0.1,23,15,S-HCP-within,0.89,26.91147075948659,26.721697266127208,1.9443806850329908,0,12345
5.0,0.1,23,15,Std-CP,0.9,8.878621646572725,7.064883537732152,5.385757700735905,0,12345
5.0,0.1,23,15,Subsampling,0.71,42.40084718034576,42.40084718034575,7.141223187966347e-16,0,12345
5.0,0.1,23,20,Donor-HCP-no-within,0.8,38.165081746282766,36.47530064044023,11.339155496403697,0,12345
5.0,0.1,23,20,Donor-HCP-within,0.81,21.099995590236148,20.64182765718722,5.808680156793577,0,12345
5.0,0.1,23,20,HCP,0.83,49.33730508407644,49.33730508407644,5.149609274749016e-15,0,12345
5.0,0.1,23,20,Pooling,0.7,39.39124956245357,39.39124956245357,7.141223187966347e-16,0,12345
5.0,0.1,23,20,Repeated,0.74,43.886209699588875,43.886209699588875,1.009921468435524e-15,0,12345
5.0,0.1,23,20,S-HCP-within,0.89,26.302408730143483,26.23046142153789,1.629785092271764,0,12345
5.0,0.1,23,20,Std-CP,0.89,6.776427787211762,6.37660049665378,2.9413742943471664,0,12345
5.0,0.1,23,20,Subsampling,0.71,42.40084718034576,42.40084718034575,7.141223187966347e-16,0,12345
5.0,0.1,23,25,Donor-HCP-no-within,0.95,14.186637876567472,13.100141725732437,7.706811656835901,0,12345
5.0,0.1,23,25,Donor-HCP-within,0.98,6.148297493303886,6.12169623615036,1.7045563204513687,0,12345
5.0,0.1,23,25,HCP,0.83,49.33730508407644,49.33730508407644,5.149609274749016e-15,0,12345
5.0,0.1,23,25,Pooling,0.7,39.39124956245357,39.39124956245357,7.141223187966347e-16,0,12345
5.0,0.1,23,25,Repeated,0.74,43.886209699588875,43.886209699588875,1.009921468435524e-15,0,12345
5.0,0.1,23,25,S-HCP-within,0.95,14.726650033087747,14.000530378384319,7.837431809686699,0,12345
5.0,0.1,23,25,Std-CP,0.92,6.732116385564727,6.374068241683954,2.5451901668065364,0,12345
5.0,0.1,23,25,Subsampling,0.71,42.40084718034576,42.40084718034575,7.141223187966347e-16,0,12345
5.0,0.1,23,30,Donor-HCP-no-within,0.94,13.635234167493188,12.77422057559983,7.6571594261156735,0,12345
5.0,0.1,23,30,Donor-HCP-within,0.99,6.247191992194272,6.043347416350702,1.5950962995596423,0,12345
5.0,0.1,23,30,HCP,0.83,49.33730508407644,49.33730508407644,5.149609274749016e-15,0,12345
5.0,0.1,23,30,Pooling,0.7,39.39124956245357,39.39124956245357,7.141223187966347e-16,0,12345
5.0,0.1,23,30,Repeated,0.74,43.886209699588875,43.886209699588875,1.009921468435524e-15,0,12345
5.0,0.1,23,30,S-HCP-within,0.96,14.931168946970322,13.660755066367027,7.679256090224758,0,12345
5.0,0.1,23,30,Std-CP,0.96,6.428247505323797,6.2347195107763955,2.0802416532337755,0,12345
5.0,0.1,23,30,Subsampling,0.71,42.40084718034576,42.40084718034575,7.141223187966347e-16,0,12345
5.0,0.1,23,35,Donor-HCP-no-within,0.94,13.996477189465004,13.112113577902237,7.6246704646481005,0,12345
5.0,0.1,23,35,Donor-HCP-within,0.99,6.4580316743408686,6.145475809541312,1.5552645506958978,0,12345
5.0,0.1,23,35,HCP,0.83,49.33730508407644,49.33730508407644,5.149609274749016e-15,0,12345
5.0,0.1,23,35,Pooling,0.7,39.39124956245357,39.39124956245357,7.141223187966347e-16,0,12345
5.0,0.1,23,35,Repeated,0.74,43.886209699588875,43.886209699588875,1.009921468435524e-15,0,12345
5.0,0.1,23,35,S-HCP-within,0.99,15.293010341677986,13.948802386869767,7.508901701691699,0,12345
5.0,0.1,23,35,Std-CP,0.94,6.553720801327602,6.2023145203203285,2.13720209823708,0,12345
5.0,0.1,23,35,Subsampling,0.71,42.40084718034576,42.40084718034575,7.141223187966347e-16,0,12345
5.0,0.1,24,0,Donor-HCP-no-within,0.86,22.345149513486398,22.345149513486398,3.5706115939831736e-16,0,12345
5.0,0.1,24,0,Donor-HCP-within,0.86,22.345149513486398,22.345149513486398,3.5706115939831736e-16,0,12345
5.0,0.1,24,0,HCP,0.86,22.345149513486398,22.345149513486398,3.5706115939831736e-16,0,12345
5.0,0.1,24,0,Pooling,0.75,16.991827876934252,16.991827876934256,3.1331989578411767e-15,0,12345
5.0,0.1,24,0,Repeated,0.8,18.89790492964299,18.897904929642987,3.233326316221638e-15,0,12345
5.0,0.1,24,0,S-HCP-within,0.71,17.469730032050776,17.28202506162928,2.387886134012683,0,12345
5.0,0.1,24,0,Std-CP,1.0,,,,100,12345
5.0,0.1,24,0,Subsampling,0.8,18.91655388563943,18.91655388563943,0.0,0,12345
5.0,0.1,24,5,Donor-HCP-no-within,0.86,20.316397446858222,19.831273577292734,2.011493409451425,0,12345
5.0,0.1,24,5,Donor-HCP-within,0.86,18.85691646874398,18.389415380271465,2.046720050412809,0,12345
5.0,0.1,24,5,HCP,0.86,22.345149513486398,22.345149513486398,3.5706115939831736e-16,0,12345
5.0,0.1,24,5,Pooling,0.75,16.991827876934252,16.991827876934256,3.1331989578411767e-15,0,12345
5.0,0.1,24,5,Repeated,0.8,18.89790492964299,18.897904929642987,3.233326316221638e-15,0,12345
5.0,0.1,24,5,S-HCP-within,0.73,17.2877606886824,17.128660346882,1.713038614049973,0,12345
5.0,0.1,24,5,Std-CP,0.81,7.008531448760058,5.8787723203578,4.9987754589370255,0,12345
5.0,0.1,24,5,Subsampling,0.8,18.91655388563943,18.91655388563943,0.0,0,12345
5.0,0.1,24,10,Donor-HCP-no-within,0.83,19.394272899722726,18.826599479539347,1.9860103896438908,0,12345
5.0,0.1,24,10,Donor-HCP-within,0.87,14.693931777529093,14.337916080751931,1.1909660107153879,0,12345
5.0,0.1,24,10,HCP,0.86,22.345149513486398,22.345149513486398,3.5706115939831736e-16,0,12345
5.0,0.1,24,10,Pooling,0.75,16.991827876934252,16.991827876934256,3.1331989578411767e-15,0,12345
5.0,0.1,24,10,Repeated,0.8,18.89790492964299,18.897904929642987,3.233326316221638e-15,0,12345
5.0,0.1,24,10,S-HCP-within,0.71,17.221646970736643,16.855642924996303,1.8739323154510927,0,12345
5.0,0.1,24,10,Std-CP,0.89,26.83261822398838,12.321479239030436,52.55982114415738,0,12345
5.0,0.1,24,10,Subsampling,0.8,18.91655388563943,18.91655388563943,0.0,0,12345
5.0,0.1,24,15,Donor-HCP-no-within,0.82,18.342835226712356,17.683971349155712,1.74749188648029,0,12345
5.0,0.1,24,15,Donor-HCP-within,0.84,12.443892503384497,12.034446645045104,1.2630096141408063,0,12345
5.0,0.1,24,15,HCP,0.86,22.345149513486398,22.345149513486398,3.5706115939831736e-16,0,12345
5.0,0.1,24,15,Pooling,0.75,16.991827876934252,16.991827876934256,3.1331989578411767e-15,0,12345
5.0,0.1,24,15,Repeated,0.8,18.89790492964299,18.897904929642987,3.233326316221638e-15,0,12345
5.0,0.1,24,15,S-HCP-within,0.73,17.07571749425331,16.37085312319534,1.7925978553605444,0,12345
5.0,0.1,24,15,Std-CP,0.93,8.714545861105288,7.533594834915059,6.73344363929291,0,12345
5.0,0.1,24,15,Subsampling,0.8,18.91655388563943,18.91655388563943,0.0,0,12345
5.0,0.1,24,20,Donor-HCP-no-within,0.81,17.622024622591,17.03375616889518,2.1239349481733503,0,12345
5.0,0.1,24,20,Donor-HCP-within,0.83,10.330635284307528,9.89762140711854,1.0298764382931256,0,12345
5.0,0.1,24,20,HCP,0.86,22.345149513486398,22.345149513486398,3.5706115939831736e-16,0,12345
5.0,0.1,24,20,Pooling,0.75,16.991827876934252,16.991827876934256,3.1331989578411767e-15,0,12345
5.0,0.1,24,20,Repeated,0.8,18.89790492964299,18.897904929642987,3.233326316221638e-15,0,12345
5.0,0.1,24,20,S-HCP-within,0.72,16.785506897605497,16.238818446559875,1.7586823097716295,0,12345
5.0,0.1,24,20,Std-CP,0.95,7.097690560554733,6.459024116745893,2.81272213356624,0,12345
5.0,0.1,24,20,Subsampling,0.8,18.91655388563943,18.91655388563943,0.0,0,12345
5.0,0.1,24,25,Donor-HCP-no-within,0.95,15.632783754155357,12.866543017172873,9.215334004650849,0,12345
5.0,0.1,24,25,Donor-HCP-within,0.94,5.957891811563253,5.966238033722091,1.77635847795008,0,12345
5.0,0.1,24,25,HCP,0.86,22.345149513486398,22.345149513486398,3.5706115939831736e-16,0,12345
5.0,0.1,24,25,Pooling,0.75,16.991827876934252,16.991827876934256,3.1331989578411767e-15,0,12345
5.0,0.1,24,25,Repeated,0.8,18.89790492964299,18.897904929642987,3.233326316221638e-15,0,12345
5.0,0.1,24,25,S-HCP-within,0.95,15.978949296231976,12.21781307263318,9.40840433438349,0,12345
5.0,0.1,24,25,Std-CP,0.94,6.810780786439726,6.278860402390603,2.8093877367606153,0,12345
5.0,0.1,24,25,Subsampling,0.8,18.91655388563943,18.91655388563943,0.0,0,12345
5.0,0.1,24,30,Donor-HCP-no-within,0.94,15.20839961433851,12.152721933930852,9.181525470290353,0,12345
5.0,0.1,24,30,Donor-HCP-within,0.91,5.800312756868159,5.740820799567407,1.6594988884464894,0,12345
5.0,0.1,24,30,HCP,0.86,22.345149513486398,22.345149513486398,3.5706115939831736e-16,0,12345
5.0,0.1,24,30,Pooling,0.75,16.991827876934252,16.991827876934256,3.1331989578411767e-15,0,12345
5.0,0.1,24,30,Repeated,0.8,18.89790492964299,18.897904929642987,3.233326316221638e-15,0,12345
5.0,0.1,24,30,S-HCP-within,0.96,16.05317572078437,12.840253954436495,9.405387773624673,0,12345
5.0,0.1,24,30,Std-CP,0.93,6.270326127436433,6.00080109418116,1.8350517670021715,0,12345
5.0,0.1,24,30,Subsampling,0.8,18.91655388563943,18.91655388563943,0.0,0,12345
5.0,0.1,24,35,Donor-HCP-no-within,0.94,15.516790679299032,12.402444037769756,9.13283998427165,0,12345
5.0,0.1,24,35,Donor-HCP-within,0.95,6.060345320195467,6.000069163142902,1.5643172458301555,0,12345
5.0,0.1,24,35,HCP,0.86,22.345149513486398,22.345149513486398,3.5706115939831736e-16,0,12345
5.0,0.1,24,35,Pooling,0.75,16.991827876934252,16.991827876934256,3.1331989578411767e-15,0,12345
5.0,0.1,24,35,Repeated,0.8,18.89790492964299,18.897904929642987,3.233326316221638e-15,0,12345
5.0,0.1,24,35,S-HCP-within,0.97,16.491150465948085,13.296199355652792,9.25877257170366,0,12345
5.0,0.1,24,35,Std-CP,0.95,6.280621414502653,6.009359730077826,2.039341107311908,0,12345
5.0,0.1,24,35,Subsampling,0.8,18.91655388563943,18.91655388563943,0.0,0,12345
5.0,0.1,25,0,Donor-HCP-no-within,0.99,43.18512343563433,43.18512343563433,7.919999646655821e-15,0,12345
5.0,0.1,25,0,Donor-HCP-within,0.99,43.18512343563433,43.18512343563433,7.919999646655821e-15,0,12345
5.0,0.1,25,0,HCP,0.99,43.18512343563433,43.18512343563433,7.919999646655821e-15,0,12345
5.0,0.1,25,0,Pooling,0.94,32.709834421748766,32.709834421748766,0.0,0,12345
5.0,0.1,25,0,Repeated,0.99,38.02769258798776,38.02769258798776,0.0,0,12345
5.0,0.1,25,0,S-HCP-within,0.94,38.8853746737187,38.936858979169614,2.3672951402543556,0,12345
5.0,0.1,25,0,Std-CP,1.0,,,,100,12345
5.0,0.1,25,0,Subsampling,0.99,44.74117279582116,44.74117279582116,0.0,0,12345
5.0,0.1,25,5,Donor-HCP-no-within,0.92,39.19438795086369,43.125423065156866,9.11664809845074,0,12345
5.0,0.1,25,5,Donor-HCP-within,0.92,33.599888524290556,33.93141859045271,7.576443388595084,0,12345
5.0,0.1,25,5,HCP,0.99,43.18512343563433,43.18512343563433,7.919999646655821e-15,0,12345
5.0,0.1,25,5,Pooling,0.94,32.709834421748766,32.709834421748766,0.0,0,12345
5.0,0.1,25,5,Repeated,0.99,38.02769258798776,38.02769258798776,0.0,0,12345
5.0,0.1,25,5,S-HCP-within,0.94,36.642470191330425,36.52476837741709,1.6009013986098641,0,12345
5.0,0.1,25,5,Std-CP,0.78,6.091401480109388,5.122142427451877,3.596116112703986,0,12345
5.0,0.1,25,5,Subsampling,0.99,44.74117279582116,44.74117279582116,0.0,0,12345
5.0,0.1,25,10,Donor-HCP-no-within,0.94,39.11974842097323,41.53227622325955,7.09669563937854,0,12345
5.0,0.1,25,10,Donor-HCP-within,0.95,26.001064190078502,25.264883072777472,4.8883026076532765,0,12345
5.0,0.1,25,10,HCP,0.99,43.18512343563433,43.18512343563433,7.919999646655821e-15,0,12345
5.0,0.1,25,10,Pooling,0.94,32.709834421748766,32.709834421748766,0.0,0,12345
5.0,0.1,25,10,Repeated,0.99,38.02769258798776,38.02769258798776,0.0,0,12345
5.0,0.1,25,10,S-HCP-within,0.94,36.381250290145935,36.48059756721144,1.8822131830994775,0,12345
5.0,0.1,25,10,Std-CP,0.87,48.71376643692989,13.605839011017206,138.54681471917132,0,12345
5.0,0.1,25,10,Subsampling,0.99,44.74117279582116,44.74117279582116,0.0,0,12345
5.0,0.1,25,15,Donor-HCP-no-within,0.93,34.726256752036456,34.40031844999536,8.05846798165182,0,12345
5.0,0.1,25,15,Donor-HCP-within,0.94,21.696201214750186,21.119202832208316,4.299014960601073,0,12345
5.0,0.1,25,15,HCP,0.99,43.18512343563433,43.18512343563433,7.919999646655821e-15,0,12345
5.0,0.1,25,15,Pooling,0.94,32.709834421748766,32.709834421748766,0.0,0,12345
5.0,0.1,25,15,Repeated,0.99,38.02769258798776,38.02769258798776,0.0,0,12345
5.0,0.1,25,15,S-HCP-within,0.95,35.7329380120705,34.693261372211936,1.857694516131392,0,12345
5.0,0.1,25,15,Std-CP,0.85,11.043259527488651,7.74131898787796,13.276630627585407,0,12345
5.0,0.1,25,15,Subsampling,0.99,44.74117279582116,44.74117279582116,0.0,0,12345
5.0,0.1,25,20,Donor-HCP-no-within,0.89,27.874349794041645,29.19634073414025,5.962188540589879,0,12345
5.0,0.1,25,20,Donor-HCP-within,0.87,15.240689781840345,14.763774103727881,2.660110636679886,0,12345
5.0,0.1,25,20,HCP,0.99,43.18512343563433,43.18512343563433,7.919999646655821e-15,0,12345
5.0,0.1,25,20,Pooling,0.94,32.709834421748766,32.709834421748766,0.0,0,12345
5.0,0.1,25,20,Repeated,0.99,38.02769258798776,38.02769258798776,0.0,0,12345
5.0,0.1,25,20,S-HCP-within,0.94,30.39728709793514,29.120488208168695,3.7542911678153725,0,12345
5.0,0.1,25,20,Std-CP,0.89,6.754860053823564,6.3655807393817865,2.162465991682492,0,12345
5.0,0.1,25,20,Subsampling,0.99,44.74117279582116,44.74117279582116,0.0,0,12345
5.0,0.1,25,25,Donor-HCP-no-within,0.89,14.269689161934991,13.323688010713417,6.379993728203076,0,12345
5.0,0.1,25,25,Donor-HCP-within,0.91,6.152192986333821,5.809901231450068,1.813381257968479,0,12345
5.0,0.1,25,25,HCP,0.99,43.18512343563433,43.18512343563433,7.919999646655821e-15,0,12345
5.0,0.1,25,25,Pooling,0.94,32.709834421748766,32.709834421748766,0.0,0,12345
5.0,0.1,25,25,Repeated,0.99,38.02769258798776,38.02769258798776,0.0,0,12345
5.0,0.1,25,25,S-HCP-within,0.89,14.691834946512762,13.480283579299273,6.510781472821714,0,12345
5.0,0.1,25,25,Std-CP,0.94,6.8463482945750975,6.232614823145028,2.98361871722211,0,12345
5.0,0.1,25,25,Subsampling,0.99,44.74117279582116,44.74117279582116,0.0,0,12345
5.0,0.1,25,30,Donor-HCP-no-within,0.86,13.781535314393231,13.114724885041083,6.337124801206231,0,12345
5.0,0.1,25,30,Donor-HCP-within,0.94,6.273768857705545,5.958613451753407,1.8923900077466906,0,12345
5.0,0.1,25,30,HCP,0.99,43.18512343563433,43.18512343563433,7.919999646655821e-15,0,12345
5.0,0.1,25,30,Pooling,0.94,32.709834421748766,32.709834421748766,0.0,0,12345
5.0,0.1,25,30,Repeated,0.99,38.02769258798776,38.02769258798776,0.0,0,12345
5.0,0.1,25,30,S-HCP-within,0.91,14.950721780535314,14.772227150984715,6.690121006476699,0,12345
5.0,0.1,25,30,Std-CP,0.94,6.607368438349676,6.24627124854347,2.058149286219073,0,12345
5.0,0.1,25,30,Subsampling,0.99,44.74117279582116,44.74117279582116,0.0,0,12345
5.0,0.1,25,35,Donor-HCP-no-within,0.87,14.012238046523473,13.267916174699026,6.230646062262387,0,12345
5.0,0.1,25,35,Donor-HCP-within,0.91,6.369456842499728,6.145587760962776,1.822877175517963,0,12345
5.0,0.1,25,35,HCP,0.99,43.18512343563433,43.18512343563433,7.919999646655821e-15,0,12345
5.0,0.1,25,35,Pooling,0.94,32.709834421748766,32.709834421748766,0.0,0,12345
5.0,0.1,25,35,Repeated,0.99,38.02769258798776,38.02769258798776,0.0,0,12345
5.0,0.1,25,35,S-HCP-within,0.9,15.14071740569633,14.904127373226878,6.502309018403702,0,12345
5.0,0.1,25,35,Std-CP,0.96,6.487356678420834,6.411348054534977,1.8308129487406335,0,12345
5.0,0.1,25,35,Subsampling,0.99,44.74117279582116,44.74117279582116,0.0,0,12345
5.0,0.1,26,0,Donor-HCP-no-within,0.9,22.95838698262956,22.95838698262956,3.4618363805618884e-15,0,12345
5.0,0.1,26,0,Donor-HCP-within,0.9,22.95838698262956,22.95838698262956,3.4618363805618884e-15,0,12345
5.0,0.1,26,0,HCP,0.9,22.95838698262956,22.95838698262956,3.4618363805618884e-15,0,12345
5.0,0.1,26,0,Pooling,0.78,18.620646257396533,18.620646257396533,2.0511601988091347e-15,0,12345
5.0,0.1,26,0,Repeated,0.82,20.339379817126478,20.339379817126478,8.746176474924478e-16,0,12345
5.0,0.1,26,0,S-HCP-within,0.92,25.941586763361865,26.43747457942232,1.5601327400000298,0,12345
5.0,0.1,26,0,Std-CP,1.0,,,,100,12345
5.0,0.1,26,0,Subsampling,0.73,16.639783663353086,16.639783663353086,0.0,0,12345
5.0,0.1,26,5,Donor-HCP-no-within,0.76,18.63259222626735,18.833807637110574,3.323682616215034,0,12345
5.0,0.1,26,5,Donor-HCP-within,0.75,16.627392671327172,17.33452840530159,2.8600449041662106,0,12345
5.0,0.1,26,5,HCP,0.9,22.95838698262956,22.95838698262956,3.4618363805618884e-15,0,12345
5.0,0.1,26,5,Pooling,0.78,18.620646257396533,18.620646257396533,2.0511601988091347e-15,0,12345
5.0,0.1,26,5,Repeated,0.82,20.339379817126478,20.339379817126478,8.746176474924478e-16,0,12345
5.0,0.1,26,5,S-HCP-within,0.95,25.67521092451887,25.823257598196548,1.0237099825956884,0,12345
5.0,0.1,26,5,Std-CP,0.76,7.020903873931534,5.629438389130421,8.583389450414007,0,12345
5.0,0.1,26,5,Subsampling,0.73,16.639783663353086,16.639783663353086,0.0,0,12345
5.0,0.1,26,10,Donor-HCP-no-within,0.8,18.96137291561408,20.058657818451618,3.0629090293262435,0,12345
5.0,0.1,26,10,Donor-HCP-within,0.83,14.18867839440545,15.015436949729054,2.146997322638585,0,12345
5.0,0.1,26,10,HCP,0.9,22.95838698262956,22.95838698262956,3.4618363805618884e-15,0,12345
5.0,0.1,26,10,Pooling,0.78,18.620646257396533,18.620646257396533,2.0511601988091347e-15,0,12345
5.0,0.1,26,10,Repeated,0.82,20.339379817126478,20.339379817126478,8.746176474924478e-16,0,12345
5.0,0.1,26,10,S-HCP-within,0.94,25.507757289706674,25.412144236712347,0.8001430308253545,0,12345
5.0,0.1,26,10,Std-CP,0.8,54.25362970926209,12.363846165515072,226.25926046859374,0,12345
5.0,0.1,26,10,Subsampling,0.73,16.639783663353086,16.639783663353086,0.0,0,12345
5.0,0.1,26,15,Donor-HCP-no-within,0.73,18.267159042742897,19.337983211904472,3.076404355219199,0,12345
5.0,0.1,26,15,Donor-HCP-within,0.75,11.85680600315651,12.850941153840857,1.9729078515644094,0,12345
5.0,0.1,26,15,HCP,0.9,22.95838698262956,22.95838698262956,3.4618363805618884e-15,0,12345
5.0,0.1,26,15,Pooling,0.78,18.620646257396533,18.620646257396533,2.0511601988091347e-15,0,12345
5.0,0.1,26,15,Repeated,0.82,20.339379817126478,20.339379817126478,8.746176474924478e-16,0,12345
5.0,0.1,26,15,S-HCP-within,0.95,25.46942609165783,25.48330730565805,0.8518851483187412,0,12345
5.0,0.1,26,15,Std-CP,0.89,9.528010890005493,7.7870161486622385,6.694313311897081,0,12345
5.0,0.1,26,15,Subsampling,0.73,16.639783663353086,16.639783663353086,0.0,0,12345
5.0,0.1,26,20,Donor-HCP-no-within,0.72,17.025062358469963,17.245762847591795,3.1240640612397557,0,12345
5.0,0.1,26,20,Donor-HCP-within,0.76,9.987971141951256,10.57206056979258,1.749674226285002,0,12345
5.0,0.1,26,20,HCP,0.9,22.95838698262956,22.95838698262956,3.4618363805618884e-15,0,12345
5.0,0.1,26,20,Pooling,0.78,18.620646257396533,18.620646257396533,2.0511601988091347e-15,0,12345
5.0,0.1,26,20,Repeated,0.82,20.339379817126478,20.339379817126478,8.746176474924478e-16,0,12345
5.0,0.1,26,20,S-HCP-within,0.95,25.258320823952126,25.22186108408627,0.7224319775768815,0,12345
5.0,0.1,26,20,Std-CP,0.86,7.292865308484514,6.679329268139402,3.9673208508441102,0,12345
5.0,0.1,26,20,Subsampling,0.73,16.639783663353086,16.639783663353086,0.0,0,12345
5.0,0.1,26,25,Donor-HCP-no-within,0.91,14.241761821248716,12.37066312919633,7.116689363347759,0,12345
5.0,0.1,26,25,Donor-HCP-within,0.91,5.980274060033552,5.3214090430048255,2.0980266029615313,0,12345
5.0,0.1,26,25,HCP,0.9,22.95838698262956,22.95838698262956,3.4618363805618884e-15,0,12345
5.0,0.1,26,25,Pooling,0.78,18.620646257396533,18.620646257396533,2.0511601988091347e-15,0,12345
5.0,0.1,26,25,Repeated,0.82,20.339379817126478,20.339379817126478,8.746176474924478e-16,0,12345
5.0,0.1,26,25,S-HCP-within,0.89,14.733911941551094,13.406188166630152,7.1833163941240175,0,12345
5.0,0.1,26,25,Std-CP,0.92,6.847136814484502,6.6804311682869555,2.57994400275722,0,12345
5.0,0.1,26,25,Subsampling,0.73,16.639783663353086,16.639783663353086,0.0,0,12345
5.0,0.1,26,30,Donor-HCP-no-within,0.88,13.924158233698094,12.248167420609901,7.067603432961072,0,12345
5.0,0.1,26,30,Donor-HCP-within,0.9,6.04760190030584,5.75538328193187,1.9214305221583137,0,12345
5.0,0.1,26,30,HCP,0.9,22.95838698262956,22.95838698262956,3.4618363805618884e-15,0,12345
5.0,0.1,26,30,Pooling,0.78,18.620646257396533,18.620646257396533,2.0511601988091347e-15,0,12345
5.0,0.1,26,30,Repeated,0.82,20.339379817126478,20.339379817126478,8.746176474924478e-16,0,12345
5.0,0.1,26,30,S-HCP-within,0.91,14.976752925143604,13.882482271879049,7.206131179115098,0,12345
5.0,0.1,26,30,Std-CP,0.91,6.210835876050539,5.994464786523517,1.992466882366318,0,12345
5.0,0.1,26,30,Subsampling,0.73,16.639783663353086,16.639783663353086,0.0,0,12345
5.0,0.1,26,35,Donor-HCP-no-within,0.89,14.101128238308796,12.431045650192349,7.099479643348259,0,12345
5.0,0.1,26,35,Donor-HCP-within,0.94,6.221787238529748,6.086359742786188,1.8059631701401166,0,12345
5.0,0.1,26,35,HCP,0.9,22.95838698262956,22.95838698262956,3.4618363805618884e-15,0,12345
5.0,0.1,26,35,Pooling,0.78,18.620646257396533,18.620646257396533,2.0511601988091347e-15,0,12345
5.0,0.1,26,35,Repeated,0.82,20.339379817126478,20.339379817126478,8.746176474924478e-16,0,12345
5.0,0.1,26,35,S-HCP-within,0.91,15.079985545796049,14.086051566903556,7.155016782855935,0,12345
5.0,0.1,26,35,Std-CP,0.96,6.762220221224418,6.560225585212409,2.3450714956091483,0,12345
5.0,0.1,26,35,Subsampling,0.73,16.639783663353086,16.639783663353086,0.0,0,12345
5.0,0.1,27,0,Donor-HCP-no-within,1.0,38.794616449587636,38.794616449587636,0.0,0,12345
5.0,0.1,27,0,Donor-HCP-within,1.0,38.794616449587636,38.794616449587636,0.0,0,12345
5.0,0.1,27,0,HCP,1.0,38.794616449587636,38.794616449587636,0.0,0,12345
5.0,0.1,27,0,Pooling,0.94,27.0777094409827,27.0777094409827,3.2529819763906252e-15,0,12345
5.0,0.1,27,0,Repeated,0.98,32.94779104414864,32.94779104414864,3.778780122433364e-15,0,12345
5.0,0.1,27,0,S-HCP-within,1.0,25.714159752985637,25.67427690911687,1.7631473766026096,0,12345
5.0,0.1,27,0,Std-CP,1.0,,,,100,12345
5.0,0.1,27,0,Subsampling,0.99,35.800567754972334,35.800567754972334,0.0,0,12345
5.0,0.1,27,5,Donor-HCP-no-within,0.98,33.35641349333112,32.61477887648341,3.850260932064775,0,12345
5.0,0.1,27,5,Donor-HCP-within,1.0,29.3637227909154,29.442468410179842,3.5384762912904084,0,12345
5.0,0.1,27,5,HCP,1.0,38.794616449587636,38.794616449587636,0.0,0,12345
5.0,0.1,27,5,Pooling,0.94,27.0777094409827,27.0777094409827,3.2529819763906252e-15,0,12345
5.0,0.1,27,5,Repeated,0.98,32.94779104414864,32.94779104414864,3.778780122433364e-15,0,12345
5.0,0.1,27,5,S-HCP-within,1.0,24.75630019347624,24.912665347313002,0.8739447260336909,0,12345
5.0,0.1,27,5,Std-CP,0.68,5.826324591747837,4.54886370163895,4.993265057361993,0,12345
5.0,0.1,27,5,Subsampling,0.99,35.800567754972334,35.800567754972334,0.0,0,12345
5.0,0.1,27,10,Donor-HCP-no-within,0.98,30.12974011752057,29.64570824696206,3.5034039980250244,0,12345
5.0,0.1,27,10,Donor-HCP-within,0.98,23.28886300185569,22.482424072865726,2.425768457168164,0,12345
5.0,0.1,27,10,HCP,1.0,38.794616449587636,38.794616449587636,0.0,0,12345
5.0,0.1,27,10,Pooling,0.94,27.0777094409827,27.0777094409827,3.2529819763906252e-15,0,12345
5.0,0.1,27,10,Repeated,0.98,32.94779104414864,32.94779104414864,3.778780122433364e-15,0,12345
5.0,0.1,27,10,S-HCP-within,1.0,24.85737856571622,25.034197267831104,0.6941476183505326,0,12345
5.0,0.1,27,10,Std-CP,0.77,56.68483978611075,12.445347767426483,185.87017585487328,0,12345
5.0,0.1,27,10,Subsampling,0.99,35.800567754972334,35.800567754972334,0.0,0,12345
5.0,0.1,27,15,Donor-HCP-no-within,0.98,28.05849717466716,27.045547350064957,3.0029636196615703,0,12345
5.0,0.1,27,15,Donor-HCP-within,0.99,19.110194587143685,18.946805545110475,2.083668013356403,0,12345
5.0,0.1,27,15,HCP,1.0,38.794616449587636,38.794616449587636,0.0,0,12345
5.0,0.1,27,15,Pooling,0.94,27.0777094409827,27.0777094409827,3.2529819763906252e-15,0,12345
5.0,0.1,27,15,Repeated,0.98,32.94779104414864,32.94779104414864,3.778780122433364e-15,0,12345
5.0,0.1,27,15,S-HCP-within,1.0,24.810391076040087,24.912665347313002,0.5894906804250366,0,12345
5.0,0.1,27,15,Std-CP,0.83,8.522100182826065,7.203016260396374,5.745550707864116,0,12345
5.0,0.1,27,15,Subsampling,0.99,35.800567754972334,35.800567754972334,0.0,0,12345
5.0,0.1,27,20,Donor-HCP-no-within,0.96,25.202889858182267,25.0490745514984,2.9718271203844515,0,12345
5.0,0.1,27,20,Donor-HCP-within,0.98,14.683180886058453,14.32530966277789,1.4893778386487018,0,12345
5.0,0.1,27,20,HCP,1.0,38.794616449587636,38.794616449587636,0.0,0,12345
5.0,0.1,27,20,Pooling,0.94,27.0777094409827,27.0777094409827,3.2529819763906252e-15,0,12345
5.0,0.1,27,20,Repeated,0.98,32.94779104414864,32.94779104414864,3.778780122433364e-15,0,12345
5.0,0.1,27,20,S-HCP-within,1.0,24.552249122699017,24.536975815676307,0.555704315630153,0,12345
5.0,0.1,27,20,Std-CP,0.86,6.560127420708139,6.074442977598446,2.5167347320704954,0,12345
5.0,0.1,27,20,Subsampling,0.99,35.800567754972334,35.800567754972334,0.0,0,12345
5.0,0.1,27,25,Donor-HCP-no-within,0.91,12.326229120476647,12.123558800020225,6.165688430253951,0,12345
5.0,0.1,27,25,Donor-HCP-within,0.94,5.732918672750763,5.462748968123792,1.8159960339300434,0,12345
5.0,0.1,27,25,HCP,1.0,38.794616449587636,38.794616449587636,0.0,0,12345
5.0,0.1,27,25,Pooling,0.94,27.0777094409827,27.0777094409827,3.2529819763906252e-15,0,12345
5.0,0.1,27,25,Repeated,0.98,32.94779104414864,32.94779104414864,3.778780122433364e-15,0,12345
5.0,0.1,27,25,S-HCP-within,0.93,12.793956395980626,12.406874776642706,6.423647929180298,0,12345
5.0,0.1,27,25,Std-CP,0.94,6.699111538327343,6.467932904519357,2.47198660045428,0,12345
5.0,0.1,27,25,Subsampling,0.99,35.800567754972334,35.800567754972334,0.0,0,12345
5.0,0.1,27,30,Donor-HCP-no-within,0.89,11.971791397230733,11.572436355006612,6.205452167043082,0,12345
5.0,0.1,27,30,Donor-HCP-within,0.98,5.9921342907186865,5.733545579346313,1.90926819992517,0,12345
5.0,0.1,27,30,HCP,1.0,38.794616449587636,38.794616449587636,0.0,0,12345
5.0,0.1,27,30,Pooling,0.94,27.0777094409827,27.0777094409827,3.2529819763906252e-15,0,12345
5.0,0.1,27,30,Repeated,0.98,32.94779104414864,32.94779104414864,3.778780122433364e-15,0,12345
5.0,0.1,27,30,S-HCP-within,0.95,13.095457995118231,12.23880575735523,6.347809542846866,0,12345
5.0,0.1,27,30,Std-CP,0.92,6.191693008670496,5.800700672616293,2.0198310805957567,0,12345
5.0,0.1,27,30,Subsampling,0.99,35.800567754972334,35.800567754972334,0.0,0,12345
5.0,0.1,27,35,Donor-HCP-no-within,0.91,12.228425097849243,11.695506649516766,6.156081660783332,0,12345
5.0,0.1,27,35,Donor-HCP-within,0.98,6.018252980443976,5.908766171497974,1.7914506840777307,0,12345
5.0,0.1,27,35,HCP,1.0,38.794616449587636,38.794616449587636,0.0,0,12345
5.0,0.1,27,35,Pooling,0.94,27.0777094409827,27.0777094409827,3.2529819763906252e-15,0,12345
5.0,0.1,27,35,Repeated,0.98,32.94779104414864,32.94779104414864,3.778780122433364e-15,0,12345
5.0,0.1,27,35,S-HCP-within,0.96,13.288582360900978,12.348370574987154,6.078189267146547,0,12345
5.0,0.1,27,35,Std-CP,0.96,6.1467814727984305,5.953816182429204,1.9209647027280201,0,12345
5.0,0.1,27,35,Subsampling,0.99,35.800567754972334,35.800567754972334,0.0,0,12345
5.0,0.1,28,0,Donor-HCP-no-within,0.97,24.348304411441454,24.348304411441454,1.820661819318084e-15,0,12345
5.0,0.1,28,0,Donor-HCP-within,0.97,24.348304411441454,24.348304411441454,1.820661819318084e-15,0,12345
5.0,0.1,28,0,HCP,0.97,24.348304411441454,24.348304411441454,1.820661819318084e-15,0,12345
5.0,0.1,28,0,Pooling,0.88,18.662694584690293,18.662694584690293,1.287402318687254e-15,0,12345
5.0,0.1,28,0,Repeated,0.92,20.075862589265807,20.075862589265807,2.574804637374508e-15,0,12345
5.0,0.1,28,0,S-HCP-within,0.96,31.511664154072438,31.575991033079063,4.161499653019929,0,12345
5.0,0.1,28,0,Std-CP,1.0,,,,100,12345
5.0,0.1,28,0,Subsampling,0.89,19.262638906244447,19.26263890624445,2.574804637374508e-15,0,12345
5.0,0.1,28,5,Donor-HCP-no-within,0.93,27.201396792478693,28.70723529864746,3.0979014927885813,0,12345
5.0,0.1,28,5,Donor-HCP-within,0.94,24.94354705354005,25.383062826773212,2.282469248634594,0,12345
5.0,0.1,28,5,HCP,0.97,24.348304411441454,24.348304411441454,1.820661819318084e-15,0,12345
5.0,0.1,28,5,Pooling,0.88,18.662694584690293,18.662694584690293,1.287402318687254e-15,0,12345
5.0,0.1,28,5,Repeated,0.92,20.075862589265807,20.075862589265807,2.574804637374508e-15,0,12345
5.0,0.1,28,5,S-HCP-within,0.93,28.788424298372625,28.25326665285504,2.1112734209842556,0,12345
5.0,0.1,28,5,Std-CP,0.81,5.892322260063583,5.175473422547168,3.560952314826987,0,12345
5.0,0.1,28,5,Subsampling,0.89,19.262638906244447,19.26263890624445,2.574804637374508e-15,0,12345
5.0,0.1,28,10,Donor-HCP-no-within,0.93,25.981054661109475,27.132011465435077,3.083107372034448,0,12345
5.0,0.1,28,10,Donor-HCP-within,0.92,19.241825491619977,20.09275856175236,2.429871584165885,0,12345
5.0,0.1,28,10,HCP,0.97,24.348304411441454,24.348304411441454,1.820661819318084e-15,0,12345
5.0,0.1,28,10,Pooling,0.88,18.662694584690293,18.662694584690293,1.287402318687254e-15,0,12345
5.0,0.1,28,10,Repeated,0.92,20.075862589265807,20.075862589265807,2.574804637374508e-15,0,12345
5.0,0.1,28,10,S-HCP-within,0.96,28.69937916207149,28.25326665285504,2.0279019835350387,0,12345
5.0,0.1,28,10,Std-CP,0.76,63.34418562479313,11.910906252263882,284.7158883563709,0,12345
5.0,0.1,28,10,Subsampling,0.89,19.262638906244447,19.26263890624445,2.574804637374508e-15,0,12345
5.0,0.1,28,15,Donor-HCP-no-within,0.89,25.297281327035776,26.24666988738712,2.556085262014842,0,12345
5.0,0.1,28,15,Donor-HCP-within,0.89,16.10044654078895,16.710599492684164,1.9609394307627126,0,12345
5.0,0.1,28,15,HCP,0.97,24.348304411441454,24.348304411441454,1.820661819318084e-15,0,12345
5.0,0.1,28,15,Pooling,0.88,18.662694584690293,18.662694584690293,1.287402318687254e-15,0,12345
5.0,0.1,28,15,Repeated,0.92,20.075862589265807,20.075862589265807,2.574804637374508e-15,0,12345
5.0,0.1,28,15,S-HCP-within,0.96,28.33689735631262,27.677752881577266,1.632179250296186,0,12345
5.0,0.1,28,15,Std-CP,0.86,9.330574077031473,8.036478170988358,7.153588564958781,0,12345
5.0,0.1,28,15,Subsampling,0.89,19.262638906244447,19.26263890624445,2.574804637374508e-15,0,12345
5.0,0.1,28,20,Donor-HCP-no-within,0.92,23.83999641517862,25.523995622487952,3.4627035332380642,0,12345
5.0,0.1,28,20,Donor-HCP-within,0.86,12.663429271369246,13.031950047322404,1.5947506885244105,0,12345
5.0,0.1,28,20,HCP,0.97,24.348304411441454,24.348304411441454,1.820661819318084e-15,0,12345
5.0,0.1,28,20,Pooling,0.88,18.662694584690293,18.662694584690293,1.287402318687254e-15,0,12345
5.0,0.1,28,20,Repeated,0.92,20.075862589265807,20.075862589265807,2.574804637374508e-15,0,12345
5.0,0.1,28,20,S-HCP-within,0.97,27.62461651699909,27.372195930096265,1.3501770300213654,0,12345
5.0,0.1,28,20,Std-CP,0.94,7.5200973462786775,7.206037052947444,2.992406472162621,0,12345
5.0,0.1,28,20,Subsampling,0.89,19.262638906244447,19.26263890624445,2.574804637374508e-15,0,12345
5.0,0.1,28,25,Donor-HCP-no-within,0.96,15.03893781699127,14.087442903146236,6.173114300249321,0,12345
5.0,0.1,28,25,Donor-HCP-within,0.95,6.0841238383520535,6.00589654286669,1.7619775810580192,0,12345
5.0,0.1,28,25,HCP,0.97,24.348304411441454,24.348304411441454,1.820661819318084e-15,0,12345
5.0,0.1,28,25,Pooling,0.88,18.662694584690293,18.662694584690293,1.287402318687254e-15,0,12345
5.0,0.1,28,25,Repeated,0.92,20.075862589265807,20.075862589265807,2.574804637374508e-15,0,12345
5.0,0.1,28,25,S-HCP-within,0.96,15.787845447068394,15.04595202457774,6.423190577234033,0,12345
5.0,0.1,28,25,Std-CP,0.99,7.1486835112377,6.759342214963164,2.60098241852325,0,12345
5.0,0.1,28,25,Subsampling,0.89,19.262638906244447,19.26263890624445,2.574804637374508e-15,0,12345
5.0,0.1,28,30,Donor-HCP-no-within,0.93,14.377882879525245,13.243195332276674,6.13408115921189,0,12345
5.0,0.1,28,30,Donor-HCP-within,0.95,5.959530203024429,5.737423101485714,1.6914894189363232,0,12345
5.0,0.1,28,30,HCP,0.97,24.348304411441454,24.348304411441454,1.820661819318084e-15,0,12345
5.0,0.1,28,30,Pooling,0.88,18.662694584690293,18.662694584690293,1.287402318687254e-15,0,12345
5.0,0.1,28,30,Repeated,0.92,20.075862589265807,20.075862589265807,2.574804637374508e-15,0,12345
5.0,0.1,28,30,S-HCP-within,0.97,15.763892968706948,15.076447712094147,6.423345827420405,0,12345
5.0,0.1,28,30,Std-CP,1.0,6.8883532479256315,6.623290059516655,2.282544064061599,0,12345
5.0,0.1,28,30,Subsampling,0.89,19.262638906244447,19.26263890624445,2.574804637374508e-15,0,12345
5.0,0.1,28,35,Donor-HCP-no-within,0.94,14.692051289677442,13.343948938686195,6.057054718232306,0,12345
5.0,0.1,28,35,Donor-HCP-within,0.96,6.188575810179509,6.097203373149979,1.6160305414634604,0,12345
5.0,0.1,28,35,HCP,0.97,24.348304411441454,24.348304411441454,1.820661819318084e-15,0,12345
5.0,0.1,28,35,Pooling,0.88,18.662694584690293,18.662694584690293,1.287402318687254e-15,0,12345
5.0,0.1,28,35,Repeated,0.92,20.075862589265807,20.075862589265807,2.574804637374508e-15,0,12345
5.0,0.1,28,35,S-HCP-within,0.96,16.11469968823311,15.576807634409555,6.129753266659257,0,12345
5.0,0.1,28,35,Std-CP,0.99,6.854989254894381,6.68459529708519,2.087681544793307,0,12345
5.0,0.1,28,35,Subsampling,0.89,19.262638906244447,19.26263890624445,2.574804637374508e-15,0,12345
5.0,0.1,29,0,Donor-HCP-no-within,1.0,48.17553152335231,48.17553152335231,4.4596924514966064e-15,0,12345
5.0,0.1,29,0,Donor-HCP-within,1.0,48.17553152335231,48.17553152335231,4.4596924514966064e-15,0,12345
5.0,0.1,29,0,HCP,1.0,48.17553152335231,48.17553152335231,4.4596924514966064e-15,0,12345
5.0,0.1,29,0,Pooling,1.0,41.65200803138067,41.65200803138067,4.1023203976182695e-15,0,12345
5.0,0.1,29,0,Repeated,1.0,45.88277392264006,45.88277392264006,4.4596924514966064e-15,0,12345
5.0,0.1,29,0,S-HCP-within,0.89,36.14415187238719,36.31608730383685,4.193396708270532,0,12345
5.0,0.1,29,0,Std-CP,1.0,,,,100,12345
5.0,0.1,29,0,Subsampling,1.0,41.65200803138067,41.65200803138067,4.1023203976182695e-15,0,12345
5.0,0.1,29,5,Donor-HCP-no-within,1.0,38.07065166360043,37.74107990850639,5.628539064813871,0,12345
5.0,0.1,29,5,Donor-HCP-within,0.99,33.450819324438214,34.05437954220474,5.227622860104297,0,12345
5.0,0.1,29,5,HCP,1.0,48.17553152335231,48.17553152335231,4.4596924514966064e-15,0,12345
5.0,0.1,29,5,Pooling,1.0,41.65200803138067,41.65200803138067,4.1023203976182695e-15,0,12345
5.0,0.1,29,5,Repeated,1.0,45.88277392264006,45.88277392264006,4.4596924514966064e-15,0,12345
5.0,0.1,29,5,S-HCP-within,0.85,33.62257817634636,33.64478885677376,2.4712481278512657,0,12345
5.0,0.1,29,5,Std-CP,0.76,5.872090020544302,5.056711762711245,3.4523186378740762,0,12345
5.0,0.1,29,5,Subsampling,1.0,41.65200803138067,41.65200803138067,4.1023203976182695e-15,0,12345
5.0,0.1,29,10,Donor-HCP-no-within,0.98,35.27020623462846,34.547538284817065,6.109780619483864,0,12345
5.0,0.1,29,10,Donor-HCP-within,1.0,26.42657941974617,26.32302018778502,3.4327863111923795,0,12345
5.0,0.1,29,10,HCP,1.0,48.17553152335231,48.17553152335231,4.4596924514966064e-15,0,12345
5.0,0.1,29,10,Pooling,1.0,41.65200803138067,41.65200803138067,4.1023203976182695e-15,0,12345
5.0,0.1,29,10,Repeated,1.0,45.88277392264006,45.88277392264006,4.4596924514966064e-15,0,12345
5.0,0.1,29,10,S-HCP-within,0.86,33.805670291978565,33.63983648315481,2.000663156412436,0,12345
5.0,0.1,29,10,Std-CP,0.88,220.53579975481117,11.445416870073306,1799.6339426636014,0,12345
5.0,0.1,29,10,Subsampling,1.0,41.65200803138067,41.65200803138067,4.1023203976182695e-15,0,12345
5.0,0.1,29,15,Donor-HCP-no-within,0.96,34.67011602155319,34.68508184447055,5.916735843717024,0,12345
5.0,0.1,29,15,Donor-HCP-within,0.98,21.74100316438173,22.086320653463204,3.075383157418471,0,12345
5.0,0.1,29,15,HCP,1.0,48.17553152335231,48.17553152335231,4.4596924514966064e-15,0,12345
5.0,0.1,29,15,Pooling,1.0,41.65200803138067,41.65200803138067,4.1023203976182695e-15,0,12345
5.0,0.1,29,15,Repeated,1.0,45.88277392264006,45.88277392264006,4.4596924514966064e-15,0,12345
5.0,0.1,29,15,S-HCP-within,0.86,34.0581105768477,33.63983648315482,2.4537957986064005,0,12345
5.0,0.1,29,15,Std-CP,0.91,9.58684062012032,8.323584153165333,6.094658607918193,0,12345
5.0,0.1,29,15,Subsampling,1.0,41.65200803138067,41.65200803138067,4.1023203976182695e-15,0,12345
5.0,0.1,29,20,Donor-HCP-no-within,0.98,33.13711906478911,32.411476007773025,4.634538751361285,0,12345
5.0,0.1,29,20,Donor-HCP-within,0.97,17.827006136785972,18.271067770408315,2.799597823994887,0,12345
5.0,0.1,29,20,HCP,1.0,48.17553152335231,48.17553152335231,4.4596924514966064e-15,0,12345
5.0,0.1,29,20,Pooling,1.0,41.65200803138067,41.65200803138067,4.1023203976182695e-15,0,12345
5.0,0.1,29,20,Repeated,1.0,45.88277392264006,45.88277392264006,4.4596924514966064e-15,0,12345
5.0,0.1,29,20,S-HCP-within,0.87,33.37501350266046,33.05953430781594,2.111039813205245,0,12345
5.0,0.1,29,20,Std-CP,0.91,6.7093388533776315,6.1613971535319765,2.705335256591108,0,12345
5.0,0.1,29,20,Subsampling,1.0,41.65200803138067,41.65200803138067,4.1023203976182695e-15,0,12345
5.0,0.1,29,25,Donor-HCP-no-within,0.84,15.663808487114377,13.488338405046328,7.821391146106237,0,12345
5.0,0.1,29,25,Donor-HCP-within,0.88,5.716371615978329,5.364820787675466,1.7124381786509035,0,12345
5.0,0.1,29,25,HCP,1.0,48.17553152335231,48.17553152335231,4.4596924514966064e-15,0,12345
5.0,0.1,29,25,Pooling,1.0,41.65200803138067,41.65200803138067,4.1023203976182695e-15,0,12345
5.0,0.1,29,25,Repeated,1.0,45.88277392264006,45.88277392264006,4.4596924514966064e-15,0,12345
5.0,0.1,29,25,S-HCP-within,0.86,16.238965358892088,14.702317884333551,7.847689965857007,0,12345
5.0,0.1,29,25,Std-CP,0.92,6.774974226830798,6.531896091157664,2.6951391568045584,0,12345
5.0,0.1,29,25,Subsampling,1.0,41.65200803138067,41.65200803138067,4.1023203976182695e-15,0,12345
5.0,0.1,29,30,Donor-HCP-no-within,0.8,15.161556553138535,13.130149313703718,7.760259163786973,0,12345
5.0,0.1,29,30,Donor-HCP-within,0.85,5.617415474311469,5.309660589015561,1.6365728956653702,0,12345
5.0,0.1,29,30,HCP,1.0,48.17553152335231,48.17553152335231,4.4596924514966064e-15,0,12345
5.0,0.1,29,30,Pooling,1.0,41.65200803138067,41.65200803138067,4.1023203976182695e-15,0,12345
5.0,0.1,29,30,Repeated,1.0,45.88277392264006,45.88277392264006,4.4596924514966064e-15,0,12345
5.0,0.1,29,30,S-HCP-within,0.87,16.55937500994742,14.110019024460287,8.048890616903886,0,12345
5.0,0.1,29,30,Std-CP,0.93,6.266252732379348,6.147133739067389,2.315121030628404,0,12345
5.0,0.1,29,30,Subsampling,1.0,41.65200803138067,41.65200803138067,4.1023203976182695e-15,0,12345
5.0,0.1,29,35,Donor-HCP-no-within,0.81,15.470984526636471,13.525785259650288,7.715788868332048,0,12345
5.0,0.1,29,35,Donor-HCP-within,0.88,5.940858265569946,5.623699786579762,1.7213225386262812,0,12345
5.0,0.1,29,35,HCP,1.0,48.17553152335231,48.17553152335231,4.4596924514966064e-15,0,12345
5.0,0.1,29,35,Pooling,1.0,41.65200803138067,41.65200803138067,4.1023203976182695e-15,0,12345
5.0,0.1,29,35,Repeated,1.0,45.88277392264006,45.88277392264006,4.4596924514966064e-15,0,12345
5.0,0.1,29,35,S-HCP-within,0.87,16.818513704290996,14.722025882013039,8.017790648087436,0,12345
5.0,0.1,29,35,Std-CP,0.94,6.536510705772519,6.136173338944701,2.148698438263742,0,12345
5.0,0.1,29,35,Subsampling,1.0,41.65200803138067,41.65200803138067,4.1023203976182695e-15,0,12345
5.0,0.1,30,0,Donor-HCP-no-within,0.94,27.347569890550407,27.347569890550407,2.8787190989755475e-15,0,12345
5.0,0.1,30,0,Donor-HCP-within,0.94,27.347569890550407,27.347569890550407,2.8787190989755475e-15,0,12345
5.0,0.1,30,0,HCP,0.94,27.347569890550407,27.347569890550407,2.8787190989755475e-15,0,12345
5.0,0.1,30,0,Pooling,0.82,20.24173222638761,20.24173222638761,0.0,0,12345
5.0,0.1,30,0,Repeated,0.87,24.147169267577674,24.147169267577674,1.4282446375932695e-15,0,12345
5.0,0.1,30,0,S-HCP-within,0.99,35.281081279125594,35.31535095258512,1.8313918888729321,0,12345
5.0,0.1,30,0,Std-CP,1.0,,,,100,12345
5.0,0.1,30,0,Subsampling,0.84,21.727244806450294,21.727244806450294,1.287402318687254e-15,0,12345
5.0,0.1,30,5,Donor-HCP-no-within,0.89,21.767528700420627,21.41975838653969,1.4278917809559377,0,12345
5.0,0.1,30,5,Donor-HCP-within,0.92,20.293844018186068,20.325173697506283,1.600011340304716,0,12345
5.0,0.1,30,5,HCP,0.94,27.347569890550407,27.347569890550407,2.8787190989755475e-15,0,12345
5.0,0.1,30,5,Pooling,0.82,20.24173222638761,20.24173222638761,0.0,0,12345
5.0,0.1,30,5,Repeated,0.87,24.147169267577674,24.147169267577674,1.4282446375932695e-15,0,12345
5.0,0.1,30,5,S-HCP-within,0.98,34.608132710861206,34.81145273776103,0.868592027327852,0,12345
5.0,0.1,30,5,Std-CP,0.74,6.954439137664407,5.606172065925052,4.669805824712138,0,12345
5.0,0.1,30,5,Subsampling,0.84,21.727244806450294,21.727244806450294,1.287402318687254e-15,0,12345
5.0,0.1,30,10,Donor-HCP-no-within,0.86,20.59239620571889,20.006918738164423,1.4834762622730593,0,12345
5.0,0.1,30,10,Donor-HCP-within,0.93,16.004239456972414,16.21276647752483,1.2028953688728654,0,12345
5.0,0.1,30,10,HCP,0.94,27.347569890550407,27.347569890550407,2.8787190989755475e-15,0,12345
5.0,0.1,30,10,Pooling,0.82,20.24173222638761,20.24173222638761,0.0,0,12345
5.0,0.1,30,10,Repeated,0.87,24.147169267577674,24.147169267577674,1.4282446375932695e-15,0,12345
5.0,0.1,30,10,S-HCP-within,0.98,34.7947751022742,34.749122674953654,0.43995818969770195,0,12345
5.0,0.1,30,10,Std-CP,0.8,33.75377581757207,13.369635176761896,78.20357672897761,0,12345
5.0,0.1,30,10,Subsampling,0.84,21.727244806450294,21.727244806450294,1.287402318687254e-15,0,12345
5.0,0.1,30,15,Donor-HCP-no-within,0.87,19.528206875503756,19.376553260900785,1.795736372093834,0,12345
5.0,0.1,30,15,Donor-HCP-within,0.86,13.213369276627445,12.831802287275975,1.1342136258434465,0,12345
5.0,0.1,30,15,HCP,0.94,27.347569890550407,27.347569890550407,2.8787190989755475e-15,0,12345
5.0,0.1,30,15,Pooling,0.82,20.24173222638761,20.24173222638761,0.0,0,12345
5.0,0.1,30,15,Repeated,0.87,24.147169267577674,24.147169267577674,1.4282446375932695e-15,0,12345
5.0,0.1,30,15,S-HCP-within,0.98,34.69702950273975,34.72804324395203,0.34039095727547614,0,12345
5.0,0.1,30,15,Std-CP,0.84,10.136596513245193,7.9105720156229165,7.589811921739404,0,12345
5.0,0.1,30,15,Subsampling,0.84,21.727244806450294,21.727244806450294,1.287402318687254e-15,0,12345
5.0,0.1,30,20,Donor-HCP-no-within,0.84,18.369510015625238,17.565695346023023,1.883729156183992,0,12345
5.0,0.1,30,20,Donor-HCP-within,0.89,11.169746520263402,10.875550950809496,1.1392364946995732,0,12345
5.0,0.1,30,20,HCP,0.94,27.347569890550407,27.347569890550407,2.8787190989755475e-15,0,12345
5.0,0.1,30,20,Pooling,0.82,20.24173222638761,20.24173222638761,0.0,0,12345
5.0,0.1,30,20,Repeated,0.87,24.147169267577674,24.147169267577674,1.4282446375932695e-15,0,12345
5.0,0.1,30,20,S-HCP-within,0.98,34.575650463978405,34.70760270433026,0.39649598900177685,0,12345
5.0,0.1,30,20,Std-CP,0.9,7.292213032133012,6.402660439576541,3.5203249729357897,0,12345
5.0,0.1,30,20,Subsampling,0.84,21.727244806450294,21.727244806450294,1.287402318687254e-15,0,12345
5.0,0.1,30,25,Donor-HCP-no-within,0.92,15.405791429750522,13.563587304532529,7.797591187483532,0,12345
5.0,0.1,30,25,Donor-HCP-within,0.96,5.90739395337127,5.712718957067652,1.7518975653405273,0,12345
5.0,0.1,30,25,HCP,0.94,27.347569890550407,27.347569890550407,2.8787190989755475e-15,0,12345
5.0,0.1,30,25,Pooling,0.82,20.24173222638761,20.24173222638761,0.0,0,12345
5.0,0.1,30,25,Repeated,0.87,24.147169267577674,24.147169267577674,1.4282446375932695e-15,0,12345
5.0,0.1,30,25,S-HCP-within,0.94,15.806771390568963,14.056851791007654,7.874787708960587,0,12345
5.0,0.1,30,25,Std-CP,0.92,6.714886697409827,6.237155050791794,2.3296701459215545,0,12345
5.0,0.1,30,25,Subsampling,0.84,21.727244806450294,21.727244806450294,1.287402318687254e-15,0,12345
5.0,0.1,30,30,Donor-HCP-no-within,0.92,14.806563493758713,12.966933214891776,7.627766493787693,0,12345
5.0,0.1,30,30,Donor-HCP-within,0.95,5.882183580881191,5.628428814904188,1.5932543277538271,0,12345
5.0,0.1,30,30,HCP,0.94,27.347569890550407,27.347569890550407,2.8787190989755475e-15,0,12345
5.0,0.1,30,30,Pooling,0.82,20.24173222638761,20.24173222638761,0.0,0,12345
5.0,0.1,30,30,Repeated,0.87,24.147169267577674,24.147169267577674,1.4282446375932695e-15,0,12345
5.0,0.1,30,30,S-HCP-within,0.98,15.93818027319536,14.160622971019695,7.795133155778767,0,12345
5.0,0.1,30,30,Std-CP,0.93,6.361151636128849,5.865066329542,2.097916703705147,0,12345
5.0,0.1,30,30,Subsampling,0.84,21.727244806450294,21.727244806450294,1.287402318687254e-15,0,12345
5.0,0.1,30,35,Donor-HCP-no-within,0.92,15.011193008512418,12.966933214891776,7.663367982955299,0,12345
5.0,0.1,30,35,Donor-HCP-within,0.94,5.957192938386441,5.848081762210638,1.4038671302863588,0,12345
5.0,0.1,30,35,HCP,0.94,27.347569890550407,27.347569890550407,2.8787190989755475e-15,0,12345
5.0,0.1,30,35,Pooling,0.82,20.24173222638761,20.24173222638761,0.0,0,12345
5.0,0.1,30,35,Repeated,0.87,24.147169267577674,24.147169267577674,1.4282446375932695e-15,0,12345
5.0,0.1,30,35,S-HCP-within,0.97,16.030360008594457,14.308887291006002,7.715939104151376,0,12345
5.0,0.1,30,35,Std-CP,0.94,6.619884491473025,6.4126500980750105,1.8363419233324372,0,12345
5.0,0.1,30,35,Subsampling,0.84,21.727244806450294,21.727244806450294,1.287402318687254e-15,0,12345
5.0,0.1,31,0,Donor-HCP-no-within,0.91,25.924306292721283,25.924306292721287,4.314386404394848e-15,0,12345
5.0,0.1,31,0,Donor-HCP-within,0.91,25.924306292721283,25.924306292721287,4.314386404394848e-15,0,12345
5.0,0.1,31,0,HCP,0.91,25.924306292721283,25.924306292721287,4.314386404394848e-15,0,12345
5.0,0.1,31,0,Pooling,0.73,17.26215446544923,17.26215446544923,0.0,0,12345
5.0,0.1,31,0,Repeated,0.84,20.73976210637851,20.73976210637851,4.314386404394848e-15,0,12345
5.0,0.1,31,0,S-HCP-within,0.92,44.507388980767146,44.02763589384716,2.6162150132223294,0,12345
5.0,0.1,31,0,Std-CP,1.0,,,,100,12345
5.0,0.1,31,0,Subsampling,0.8,20.125400769759516,20.125400769759516,0.0,0,12345
5.0,0.1,31,5,Donor-HCP-no-within,0.95,36.86449739249328,38.061725202580355,7.206553718087761,0,12345
5.0,0.1,31,5,Donor-HCP-within,0.95,33.62343559662222,34.360063631030144,6.169681174814387,0,12345
5.0,0.1,31,5,HCP,0.91,25.924306292721283,25.924306292721287,4.314386404394848e-15,0,12345
5.0,0.1,31,5,Pooling,0.73,17.26215446544923,17.26215446544923,0.0,0,12345
5.0,0.1,31,5,Repeated,0.84,20.73976210637851,20.73976210637851,4.314386404394848e-15,0,12345
5.0,0.1,31,5,S-HCP-within,0.91,42.25840898520365,41.941219216488534,1.9148184993034036,0,12345
5.0,0.1,31,5,Std-CP,0.74,6.198448878687871,5.50144931225297,3.5470673394731183,0,12345
5.0,0.1,31,5,Subsampling,0.8,20.125400769759516,20.125400769759516,0.0,0,12345
5.0,0.1,31,10,Donor-HCP-no-within,0.95,36.02216753645399,36.67402798096308,7.399855052893013,0,12345
5.0,0.1,31,10,Donor-HCP-within,0.9,26.752398469467952,26.557386271608557,4.709948253503745,0,12345
5.0,0.1,31,10,HCP,0.91,25.924306292721283,25.924306292721287,4.314386404394848e-15,0,12345
5.0,0.1,31,10,Pooling,0.73,17.26215446544923,17.26215446544923,0.0,0,12345
5.0,0.1,31,10,Repeated,0.84,20.73976210637851,20.73976210637851,4.314386404394848e-15,0,12345
5.0,0.1,31,10,S-HCP-within,0.91,41.833498717521586,41.8793976164535,2.0452506845348046,0,12345
5.0,0.1,31,10,Std-CP,0.81,89.12460842804774,10.76768322866933,508.71329810692083,0,12345
5.0,0.1,31,10,Subsampling,0.8,20.125400769759516,20.125400769759516,0.0,0,12345
5.0,0.1,31,15,Donor-HCP-no-within,0.89,34.32805893973751,33.856962769672506,6.468706525343582,0,12345
5.0,0.1,31,15,Donor-HCP-within,0.89,21.860087779972364,21.044116842021214,4.4201947899563505,0,12345
5.0,0.1,31,15,HCP,0.91,25.924306292721283,25.924306292721287,4.314386404394848e-15,0,12345
5.0,0.1,31,15,Pooling,0.73,17.26215446544923,17.26215446544923,0.0,0,12345
5.0,0.1,31,15,Repeated,0.84,20.73976210637851,20.73976210637851,4.314386404394848e-15,0,12345
5.0,0.1,31,15,S-HCP-within,0.92,41.5639079485084,40.16595727483502,2.1089014326312987,0,12345
5.0,0.1,31,15,Std-CP,0.87,8.73684088654683,7.5983108804924075,5.300212383257609,0,12345
5.0,0.1,31,15,Subsampling,0.8,20.125400769759516,20.125400769759516,0.0,0,12345
5.0,0.1,31,20,Donor-HCP-no-within,0.85,32.96511572493574,32.41732123138936,6.739900771669267,0,12345
5.0,0.1,31,20,Donor-HCP-within,0.86,17.304461941853752,17.21404290265518,3.3167673204448462,0,12345
5.0,0.1,31,20,HCP,0.91,25.924306292721283,25.924306292721287,4.314386404394848e-15,0,12345
5.0,0.1,31,20,Pooling,0.73,17.26215446544923,17.26215446544923,0.0,0,12345
5.0,0.1,31,20,Repeated,0.84,20.73976210637851,20.73976210637851,4.314386404394848e-15,0,12345
5.0,0.1,31,20,S-HCP-within,0.87,36.25521688383713,33.74687434435448,4.4154319302213905,0,12345
5.0,0.1,31,20,Std-CP,0.88,6.89175517941133,6.377070528863529,2.2886422848351957,0,12345
5.0,0.1,31,20,Subsampling,0.8,20.125400769759516,20.125400769759516,0.0,0,12345
5.0,0.1,31,25,Donor-HCP-no-within,0.9,15.309824422897485,14.849222306759422,6.566278375348786,0,12345
5.0,0.1,31,25,Donor-HCP-within,0.94,6.1666536567499755,5.797034519328508,1.8650912173271486,0,12345
5.0,0.1,31,25,HCP,0.91,25.924306292721283,25.924306292721287,4.314386404394848e-15,0,12345
5.0,0.1,31,25,Pooling,0.73,17.26215446544923,17.26215446544923,0.0,0,12345
5.0,0.1,31,25,Repeated,0.84,20.73976210637851,20.73976210637851,4.314386404394848e-15,0,12345
5.0,0.1,31,25,S-HCP-within,0.89,15.719589348974644,14.867227669473287,6.7758950233714765,0,12345
5.0,0.1,31,25,Std-CP,0.92,6.863227733624241,6.644164128661903,2.384663335009591,0,12345
5.0,0.1,31,25,Subsampling,0.8,20.125400769759516,20.125400769759516,0.0,0,12345
5.0,0.1,31,30,Donor-HCP-no-within,0.89,14.786546385755926,14.555136229461148,6.5098715375930425,0,12345
5.0,0.1,31,30,Donor-HCP-within,0.94,6.252380869450674,6.082096302910736,1.8940959668076676,0,12345
5.0,0.1,31,30,HCP,0.91,25.924306292721283,25.924306292721287,4.314386404394848e-15,0,12345
5.0,0.1,31,30,Pooling,0.73,17.26215446544923,17.26215446544923,0.0,0,12345
5.0,0.1,31,30,Repeated,0.84,20.73976210637851,20.73976210637851,4.314386404394848e-15,0,12345
5.0,0.1,31,30,S-HCP-within,0.94,16.250839918196796,15.568077217036997,6.94482020849478,0,12345
5.0,0.1,31,30,Std-CP,0.96,6.690211258185648,6.29552626940009,2.2054840598862064,0,12345
5.0,0.1,31,30,Subsampling,0.8,20.125400769759516,20.125400769759516,0.0,0,12345
5.0,0.1,31,35,Donor-HCP-no-within,0.9,15.073332962680677,14.882901883739862,6.472954396093383,0,12345
5.0,0.1,31,35,Donor-HCP-within,0.93,6.3286545985202896,6.04845812310362,1.8220292890106697,0,12345
5.0,0.1,31,35,HCP,0.91,25.924306292721283,25.924306292721287,4.314386404394848e-15,0,12345
5.0,0.1,31,35,Pooling,0.73,17.26215446544923,17.26215446544923,0.0,0,12345
5.0,0.1,31,35,Repeated,0.84,20.73976210637851,20.73976210637851,4.314386404394848e-15,0,12345
5.0,0.1,31,35,S-HCP-within,0.93,16.468143158755723,15.881234593541304,6.802797786203267,0,12345
5.0,0.1,31,35,Std-CP,0.97,6.81939247972749,6.444970143313089,1.893791831199944,0,12345
5.0,0.1,31,35,Subsampling,0.8,20.125400769759516,20.125400769759516,0.0,0,12345
5.0,0.1,32,0,Donor-HCP-no-within,0.97,36.47693670132262,36.47693670132262,3.778780122433364e-15,0,12345
5.0,0.1,32,0,Donor-HCP-within,0.97,36.47693670132262,36.47693670132262,3.778780122433364e-15,0,12345
5.0,0.1,32,0,HCP,0.97,36.47693670132262,36.47693670132262,3.778780122433364e-15,0,12345
5.0,0.1,32,0,Pooling,0.94,29.267207956197407,29.26720795619741,0.0,0,12345
5.0,0.1,32,0,Repeated,0.96,32.43522844996963,32.43522844996963,0.0,0,12345
5.0,0.1,32,0,S-HCP-within,0.86,35.309242022426524,35.701585469307176,3.043950809014265,0,12345
5.0,0.1,32,0,Std-CP,1.0,,,,100,12345
5.0,0.1,32,0,Subsampling,0.82,23.793894886387264,23.793894886387267,3.606140942640595e-15,0,12345
5.0,0.1,32,5,Donor-HCP-no-within,0.97,30.282860699142557,30.63460735675484,4.816527743047992,0,12345
5.0,0.1,32,5,Donor-HCP-within,0.97,26.647424424956558,26.149914614433722,3.8667817414051724,0,12345
5.0,0.1,32,5,HCP,0.97,36.47693670132262,36.47693670132262,3.778780122433364e-15,0,12345
5.0,0.1,32,5,Pooling,0.94,29.267207956197407,29.26720795619741,0.0,0,12345
5.0,0.1,32,5,Repeated,0.96,32.43522844996963,32.43522844996963,0.0,0,12345
5.0,0.1,32,5,S-HCP-within,0.86,33.84002213043331,33.51543361963715,2.1991359475276386,0,12345
5.0,0.1,32,5,Std-CP,0.69,6.1946326808838,5.04061778571665,4.428397180571748,0,12345
5.0,0.1,32,5,Subsampling,0.82,23.793894886387264,23.793894886387267,3.606140942640595e-15,0,12345
5.0,0.1,32,10,Donor-HCP-no-within,0.95,28.357660407412546,29.16954872626421,4.623851995664897,0,12345
5.0,0.1,32,10,Donor-HCP-within,0.96,21.392722077950747,22.770989084063523,3.4557446113138237,0,12345
5.0,0.1,32,10,HCP,0.97,36.47693670132262,36.47693670132262,3.778780122433364e-15,0,12345
5.0,0.1,32,10,Pooling,0.94,29.267207956197407,29.26720795619741,0.0,0,12345
5.0,0.1,32,10,Repeated,0.96,32.43522844996963,32.43522844996963,0.0,0,12345
5.0,0.1,32,10,S-HCP-within,0.88,33.66549929421408,33.48269088316549,2.0591718339430565,0,12345
5.0,0.1,32,10,Std-CP,0.78,43.397755789889935,13.534406071412945,129.71762325561593,0,12345
5.0,0.1,32,10,Subsampling,0.82,23.793894886387264,23.793894886387267,3.606140942640595e-15,0,12345
5.0,0.1,32,15,Donor-HCP-no-within,0.94,27.38255736246341,28.80016013213681,4.626624378206431,0,12345
5.0,0.1,32,15,Donor-HCP-within,0.93,17.048582546353057,17.470011702946085,2.288969486365871,0,12345
5.0,0.1,32,15,HCP,0.97,36.47693670132262,36.47693670132262,3.778780122433364e-15,0,12345
5.0,0.1,32,15,Pooling,0.94,29.267207956197407,29.26720795619741,0.0,0,12345
5.0,0.1,32,15,Repeated,0.96,32.43522844996963,32.43522844996963,0.0,0,12345
5.0,0.1,32,15,S-HCP-within,0.87,33.485313615416196,32.475349732751965,2.1184245850934764,0,12345
5.0,0.1,32,15,Std-CP,0.87,9.433096511434728,7.4277861951073785,7.14332303387155,0,12345
5.0,0.1,32,15,Subsampling,0.82,23.793894886387264,23.793894886387267,3.606140942640595e-15,0,12345
5.0,0.1,32,20,Donor-HCP-no-within,0.91,26.098864400351868,26.81004795220884,3.254644395591531,0,12345
5.0,0.1,32,20,Donor-HCP-within,0.91,13.553184511870043,13.723197385566477,2.150780469877977,0,12345
5.0,0.1,32,20,HCP,0.97,36.47693670132262,36.47693670132262,3.778780122433364e-15,0,12345
5.0,0.1,32,20,Pooling,0.94,29.267207956197407,29.26720795619741,0.0,0,12345
5.0,0.1,32,20,Repeated,0.96,32.43522844996963,32.43522844996963,0.0,0,12345
5.0,0.1,32,20,S-HCP-within,0.86,33.00667064516452,32.24178358306443,2.0429619704903477,0,12345
5.0,0.1,32,20,Std-CP,0.93,6.6316992414689855,5.819078115139183,2.548221852623588,0,12345
5.0,0.1,32,20,Subsampling,0.82,23.793894886387264,23.793894886387267,3.606140942640595e-15,0,12345
5.0,0.1,32,25,Donor-HCP-no-within,0.9,15.2693870878352,14.308356255348645,6.4654478184535655,0,12345
5.0,0.1,32,25,Donor-HCP-within,0.91,5.791810626952506,5.328690573389602,1.7787320944987166,0,12345
5.0,0.1,32,25,HCP,0.97,36.47693670132262,36.47693670132262,3.778780122433364e-15,0,12345
5.0,0.1,32,25,Pooling,0.94,29.267207956197407,29.26720795619741,0.0,0,12345
5.0,0.1,32,25,Repeated,0.96,32.43522844996963,32.43522844996963,0.0,0,12345
5.0,0.1,32,25,S-HCP-within,0.91,15.989337149708028,15.072249768849556,6.5954373268199875,0,12345
5.0,0.1,32,25,Std-CP,0.96,6.769794580637166,6.354028132658192,2.7302744318717944,0,12345
5.0,0.1,32,25,Subsampling,0.82,23.793894886387264,23.793894886387267,3.606140942640595e-15,0,12345
5.0,0.1,32,30,Donor-HCP-no-within,0.9,14.74075766927385,14.028653636550255,6.255786850315797,0,12345
5.0,0.1,32,30,Donor-HCP-within,0.94,5.828759867601607,5.6883258805373815,1.6582620270895994,0,12345
5.0,0.1,32,30,HCP,0.97,36.47693670132262,36.47693670132262,3.778780122433364e-15,0,12345
5.0,0.1,32,30,Pooling,0.94,29.267207956197407,29.26720795619741,0.0,0,12345
5.0,0.1,32,30,Repeated,0.96,32.43522844996963,32.43522844996963,0.0,0,12345
5.0,0.1,32,30,S-HCP-within,0.94,16.26555280195656,15.072249768849556,6.349692899509652,0,12345
5.0,0.1,32,30,Std-CP,0.95,6.576250176472502,6.127953429670092,2.4111267344399363,0,12345
5.0,0.1,32,30,Subsampling,0.82,23.793894886387264,23.793894886387267,3.606140942640595e-15,0,12345
5.0,0.1,32,35,Donor-HCP-no-within,0.9,15.08558011835779,14.294532811656815,6.31332672306363,0,12345
5.0,0.1,32,35,Donor-HCP-within,0.95,6.122824181088391,6.040813446910629,1.7996024640887607,0,12345
5.0,0.1,32,35,HCP,0.97,36.47693670132262,36.47693670132262,3.778780122433364e-15,0,12345
5.0,0.1,32,35,Pooling,0.94,29.267207956197407,29.26720795619741,0.0,0,12345
5.0,0.1,32,35,Repeated,0.96,32.43522844996963,32.43522844996963,0.0,0,12345
5.0,0.1,32,35,S-HCP-within,0.95,16.769179599540006,15.605359438132268,6.532875592541144,0,12345
5.0,0.1,32,35,Std-CP,0.96,6.373418438748752,5.997052433458466,1.9831219300657654,0,12345
5.0,0.1,32,35,Subsampling,0.82,23.793894886387264,23.793894886387267,3.606140942640595e-15,0,12345
5.0,0.1,33,0,Donor-HCP-no-within,0.87,26.285957017467318,26.285957017467318,0.0,0,12345
5.0,0.1,33,0,Donor-HCP-within,0.87,26.285957017467318,26.285957017467318,0.0,0,12345
5.0,0.1,33,0,HCP,0.87,26.285957017467318,26.285957017467318,0.0,0,12345
5.0,0.1,33,0,Pooling,0.79,20.159107349493844,20.159107349493844,0.0,0,12345
5.0,0.1,33,0,Repeated,0.8,22.43097407813921,22.430974078139208,2.856489275186539e-15,0,12345
5.0,0.1,33,0,S-HCP-within,0.83,16.441507417571845,16.09278676821941,3.7074246291988353,0,12345
5.0,0.1,33,0,Std-CP,1.0,,,,100,12345
5.0,0.1,33,0,Subsampling,0.84,24.375465876498716,24.375465876498716,2.944401750009533e-15,0,12345
5.0,0.1,33,5,Donor-HCP-no-within,0.88,26.439487572525163,23.978183716093554,5.522078853173946,0,12345
5.0,0.1,33,5,Donor-HCP-within,0.88,23.360240033228102,20.56232084956454,5.7908034278466145,0,12345
5.0,0.1,33,5,HCP,0.87,26.285957017467318,26.285957017467318,0.0,0,12345
5.0,0.1,33,5,Pooling,0.79,20.159107349493844,20.159107349493844,0.0,0,12345
5.0,0.1,33,5,Repeated,0.8,22.43097407813921,22.430974078139208,2.856489275186539e-15,0,12345
5.0,0.1,33,5,S-HCP-within,0.82,15.821572221005722,15.62594990854831,2.2407762711085475,0,12345
5.0,0.1,33,5,Std-CP,0.81,6.770186097414783,5.13787739799342,5.0460192666848265,0,12345
5.0,0.1,33,5,Subsampling,0.84,24.375465876498716,24.375465876498716,2.944401750009533e-15,0,12345
5.0,0.1,33,10,Donor-HCP-no-within,0.88,24.369590684609854,22.590641476926184,4.828696358149429,0,12345
5.0,0.1,33,10,Donor-HCP-within,0.86,17.815702315601698,16.283001376356268,3.5683499146101156,0,12345
5.0,0.1,33,10,HCP,0.87,26.285957017467318,26.285957017467318,0.0,0,12345
5.0,0.1,33,10,Pooling,0.79,20.159107349493844,20.159107349493844,0.0,0,12345
5.0,0.1,33,10,Repeated,0.8,22.43097407813921,22.430974078139208,2.856489275186539e-15,0,12345
5.0,0.1,33,10,S-HCP-within,0.8,15.616635971855636,14.865115255092837,2.1830875531567786,0,12345
5.0,0.1,33,10,Std-CP,0.83,41.072374007552256,11.399041474463818,185.34222653737393,0,12345
5.0,0.1,33,10,Subsampling,0.84,24.375465876498716,24.375465876498716,2.944401750009533e-15,0,12345
5.0,0.1,33,15,Donor-HCP-no-within,0.86,21.826312432176387,20.89357069410545,5.033499311478053,0,12345
5.0,0.1,33,15,Donor-HCP-within,0.83,13.86798866800666,12.803084540877158,2.966013629404224,0,12345
5.0,0.1,33,15,HCP,0.87,26.285957017467318,26.285957017467318,0.0,0,12345
5.0,0.1,33,15,Pooling,0.79,20.159107349493844,20.159107349493844,0.0,0,12345
5.0,0.1,33,15,Repeated,0.8,22.43097407813921,22.430974078139208,2.856489275186539e-15,0,12345
5.0,0.1,33,15,S-HCP-within,0.77,15.373392811677347,14.846110938246087,1.7706887082134712,0,12345
5.0,0.1,33,15,Std-CP,0.86,8.556831825335104,7.125837623516265,4.810249727880979,0,12345
5.0,0.1,33,15,Subsampling,0.84,24.375465876498716,24.375465876498716,2.944401750009533e-15,0,12345
5.0,0.1,33,20,Donor-HCP-no-within,0.84,21.009747871091417,20.128426339324967,5.147848138719236,0,12345
5.0,0.1,33,20,Donor-HCP-within,0.78,10.99262920172468,10.606417898776304,2.0322542858593056,0,12345
5.0,0.1,33,20,HCP,0.87,26.285957017467318,26.285957017467318,0.0,0,12345
5.0,0.1,33,20,Pooling,0.79,20.159107349493844,20.159107349493844,0.0,0,12345
5.0,0.1,33,20,Repeated,0.8,22.43097407813921,22.430974078139208,2.856489275186539e-15,0,12345
5.0,0.1,33,20,S-HCP-within,0.76,15.054086222297723,14.256381060497056,1.9084532555318012,0,12345
5.0,0.1,33,20,Std-CP,0.89,7.082759809106428,6.393483634183905,2.857110972674982,0,12345
5.0,0.1,33,20,Subsampling,0.84,24.375465876498716,24.375465876498716,2.944401750009533e-15,0,12345
5.0,0.1,33,25,Donor-HCP-no-within,0.93,14.979870706795314,13.951729515245898,6.518607381982219,0,12345
5.0,0.1,33,25,Donor-HCP-within,0.97,6.120553397721966,5.827449607871484,1.6440840386547817,0,12345
5.0,0.1,33,25,HCP,0.87,26.285957017467318,26.285957017467318,0.0,0,12345
5.0,0.1,33,25,Pooling,0.79,20.159107349493844,20.159107349493844,0.0,0,12345
5.0,0.1,33,25,Repeated,0.8,22.43097407813921,22.430974078139208,2.856489275186539e-15,0,12345
5.0,0.1,33,25,S-HCP-within,0.95,15.511330949707624,14.864361276835595,6.539829579429307,0,12345
5.0,0.1,33,25,Std-CP,0.94,6.992368902060273,6.164942449240593,2.838720277362478,0,12345
5.0,0.1,33,25,Subsampling,0.84,24.375465876498716,24.375465876498716,2.944401750009533e-15,0,12345
5.0,0.1,33,30,Donor-HCP-no-within,0.91,14.522626763396467,13.585773153246237,6.572299573306629,0,12345
5.0,0.1,33,30,Donor-HCP-within,0.97,6.394309829134942,6.3391653374784,1.745866859461399,0,12345
5.0,0.1,33,30,HCP,0.87,26.285957017467318,26.285957017467318,0.0,0,12345
5.0,0.1,33,30,Pooling,0.79,20.159107349493844,20.159107349493844,0.0,0,12345
5.0,0.1,33,30,Repeated,0.8,22.43097407813921,22.430974078139208,2.856489275186539e-15,0,12345
5.0,0.1,33,30,S-HCP-within,0.94,15.845359764823998,14.80098728361633,6.553691704635312,0,12345
5.0,0.1,33,30,Std-CP,0.93,6.526587594879634,6.19546702629209,2.2470646361545086,0,12345
5.0,0.1,33,30,Subsampling,0.84,24.375465876498716,24.375465876498716,2.944401750009533e-15,0,12345
5.0,0.1,33,35,Donor-HCP-no-within,0.94,14.8171195945989,13.837552321796181,6.558313548848844,0,12345
5.0,0.1,33,35,Donor-HCP-within,0.99,6.472987170011552,6.272307556839706,1.5817326748980012,0,12345
5.0,0.1,33,35,HCP,0.87,26.285957017467318,26.285957017467318,0.0,0,12345
5.0,0.1,33,35,Pooling,0.79,20.159107349493844,20.159107349493844,0.0,0,12345
5.0,0.1,33,35,Repeated,0.8,22.43097407813921,22.430974078139208,2.856489275186539e-15,0,12345
5.0,0.1,33,35,S-HCP-within,0.94,15.92630642874823,15.062021306003098,6.576915135772563,0,12345
5.0,0.1,33,35,Std-CP,0.96,6.607424874757444,6.39173919230253,2.0008732972661347,0,12345
5.0,0.1,33,35,Subsampling,0.84,24.375465876498716,24.375465876498716,2.944401750009533e-15,0,12345
5.0,0.1,34,0,Donor-HCP-no-within,0.83,17.66428648076451,17.66428648076451,0.0,0,12345
5.0,0.1,34,0,Donor-HCP-within,0.83,17.66428648076451,17.66428648076451,0.0,0,12345
5.0,0.1,34,0,HCP,0.83,17.66428648076451,17.66428648076451,0.0,0,12345
5.0,0.1,34,0,Pooling,0.68,13.60000016567719,13.60000016567719,1.3119264712386716e-15,0,12345
5.0,0.1,34,0,Repeated,0.77,14.974193831759829,14.974193831759827,1.1842378929335002e-15,0,12345
5.0,0.1,34,0,S-HCP-within,0.73,13.671741540806021,13.529976920401516,2.298317971404713,0,12345
5.0,0.1,34,0,Std-CP,1.0,,,,100,12345
5.0,0.1,34,0,Subsampling,0.57,10.568238485623674,10.568238485623674,1.1431534819946198e-15,0,12345
5.0,0.1,34,5,Donor-HCP-no-within,0.79,16.27994930679902,16.05353093548301,1.0216036984288888,0,12345
5.0,0.1,34,5,Donor-HCP-within,0.84,15.239768697094787,15.199495763587137,1.0055359720231052,0,12345
5.0,0.1,34,5,HCP,0.83,17.66428648076451,17.66428648076451,0.0,0,12345
5.0,0.1,34,5,Pooling,0.68,13.60000016567719,13.60000016567719,1.3119264712386716e-15,0,12345
5.0,0.1,34,5,Repeated,0.77,14.974193831759829,14.974193831759827,1.1842378929335002e-15,0,12345
5.0,0.1,34,5,S-HCP-within,0.74,13.457124408700533,13.393180031044324,1.6512804522471762,0,12345
5.0,0.1,34,5,Std-CP,0.77,6.627623689972734,4.97425096491938,4.788266677487217,0,12345
5.0,0.1,34,5,Subsampling,0.57,10.568238485623674,10.568238485623674,1.1431534819946198e-15,0,12345
5.0,0.1,34,10,Donor-HCP-no-within,0.76,15.584700657203484,15.215475672563052,1.137771861818311,0,12345
5.0,0.1,34,10,Donor-HCP-within,0.77,11.06660358052231,10.812000127760662,0.830727015713926,0,12345
5.0,0.1,34,10,HCP,0.83,17.66428648076451,17.66428648076451,0.0,0,12345
5.0,0.1,34,10,Pooling,0.68,13.60000016567719,13.60000016567719,1.3119264712386716e-15,0,12345
5.0,0.1,34,10,Repeated,0.77,14.974193831759829,14.974193831759827,1.1842378929335002e-15,0,12345
5.0,0.1,34,10,S-HCP-within,0.72,13.555513272872101,13.268383073411293,1.6295509671081956,0,12345
5.0,0.1,34,10,Std-CP,0.82,86.31114643235935,13.823328008705367,587.519764594606,0,12345
5.0,0.1,34,10,Subsampling,0.57,10.568238485623674,10.568238485623674,1.1431534819946198e-15,0,12345
5.0,0.1,34,15,Donor-HCP-no-within,0.76,14.837572146840023,14.229663211005779,1.3617333949220687,0,12345
5.0,0.1,34,15,Donor-HCP-within,0.72,9.302472341863696,9.051192798241694,0.9744084448387392,0,12345
5.0,0.1,34,15,HCP,0.83,17.66428648076451,17.66428648076451,0.0,0,12345
5.0,0.1,34,15,Pooling,0.68,13.60000016567719,13.60000016567719,1.3119264712386716e-15,0,12345
5.0,0.1,34,15,Repeated,0.77,14.974193831759829,14.974193831759827,1.1842378929335002e-15,0,12345
5.0,0.1,34,15,S-HCP-within,0.72,13.5928171185472,13.268383073411293,1.6146055991062447,0,12345
5.0,0.1,34,15,Std-CP,0.86,9.142421826535069,7.21139640626644,6.487425663546669,0,12345
5.0,0.1,34,15,Subsampling,0.57,10.568238485623674,10.568238485623674,1.1431534819946198e-15,0,12345
5.0,0.1,34,20,Donor-HCP-no-within,0.73,14.296984208516887,13.669936954048808,1.584626547198665,0,12345
5.0,0.1,34,20,Donor-HCP-within,0.72,7.994585595178132,7.902901675048298,0.6793679865592633,0,12345
5.0,0.1,34,20,HCP,0.83,17.66428648076451,17.66428648076451,0.0,0,12345
5.0,0.1,34,20,Pooling,0.68,13.60000016567719,13.60000016567719,1.3119264712386716e-15,0,12345
5.0,0.1,34,20,Repeated,0.77,14.974193831759829,14.974193831759827,1.1842378929335002e-15,0,12345
5.0,0.1,34,20,S-HCP-within,0.71,13.383766890841208,12.998096141678905,1.3154052006063637,0,12345
5.0,0.1,34,20,Std-CP,0.9,7.143101834872361,6.544245184017403,3.1329784316121927,0,12345
5.0,0.1,34,20,Subsampling,0.57,10.568238485623674,10.568238485623674,1.1431534819946198e-15,0,12345
5.0,0.1,34,25,Donor-HCP-no-within,0.84,13.764085827594176,12.54260943152746,6.779504118732447,0,12345
5.0,0.1,34,25,Donor-HCP-within,0.89,5.820826778100694,5.714626668252301,1.6911219315808435,0,12345
5.0,0.1,34,25,HCP,0.83,17.66428648076451,17.66428648076451,0.0,0,12345
5.0,0.1,34,25,Pooling,0.68,13.60000016567719,13.60000016567719,1.3119264712386716e-15,0,12345
5.0,0.1,34,25,Repeated,0.77,14.974193831759829,14.974193831759827,1.1842378929335002e-15,0,12345
5.0,0.1,34,25,S-HCP-within,0.86,14.027878175160616,12.672044883660071,6.665374880109485,0,12345
5.0,0.1,34,25,Std-CP,0.93,6.788399952512963,6.322053585999884,2.5011316141932944,0,12345
5.0,0.1,34,25,Subsampling,0.57,10.568238485623674,10.568238485623674,1.1431534819946198e-15,0,12345
5.0,0.1,34,30,Donor-HCP-no-within,0.84,13.318237884339746,11.531772671602809,6.727612085091623,0,12345
5.0,0.1,34,30,Donor-HCP-within,0.87,5.8397247369626735,6.025415786697915,1.522686418105404,0,12345
5.0,0.1,34,30,HCP,0.83,17.66428648076451,17.66428648076451,0.0,0,12345
5.0,0.1,34,30,Pooling,0.68,13.60000016567719,13.60000016567719,1.3119264712386716e-15,0,12345
5.0,0.1,34,30,Repeated,0.77,14.974193831759829,14.974193831759827,1.1842378929335002e-15,0,12345
5.0,0.1,34,30,S-HCP-within,0.87,14.095500310707619,12.923888856933385,6.648777544962028,0,12345
5.0,0.1,34,30,Std-CP,0.88,6.3375262737744915,5.8814611493449895,2.3254055407086986,0,12345
5.0,0.1,34,30,Subsampling,0.57,10.568238485623674,10.568238485623674,1.1431534819946198e-15,0,12345
5.0,0.1,34,35,Donor-HCP-no-within,0.84,13.46535684796135,12.241945292087905,6.756417196499073,0,12345
5.0,0.1,34,35,Donor-HCP-within,0.88,5.9312577713308,5.83272234035597,1.5194451091273773,0,12345
5.0,0.1,34,35,HCP,0.83,17.66428648076451,17.66428648076451,0.0,0,12345
5.0,0.1,34,35,Pooling,0.68,13.60000016567719,13.60000016567719,1.3119264712386716e-15,0,12345
5.0,0.1,34,35,Repeated,0.77,14.974193831759829,14.974193831759827,1.1842378929335002e-15,0,12345
5.0,0.1,34,35,S-HCP-within,0.87,14.427141339117847,13.23327889228058,6.911894976672499,0,12345
5.0,0.1,34,35,Std-CP,0.91,6.546442984571916,6.3401364157995275,2.287867633951677,0,12345
5.0,0.1,34,35,Subsampling,0.57,10.568238485623674,10.568238485623674,1.1431534819946198e-15,0,12345
5.0,0.1,35,0,Donor-HCP-no-within,0.99,44.385093179026015,44.385093179026015,0.0,0,12345
5.0,0.1,35,0,Donor-HCP-within,0.99,44.385093179026015,44.385093179026015,0.0,0,12345
5.0,0.1,35,0,HCP,0.99,44.385093179026015,44.385093179026015,0.0,0,12345
5.0,0.1,35,0,Pooling,0.93,37.485685968164034,37.485685968164034,0.0,0,12345
5.0,0.1,35,0,Repeated,0.98,40.9890247246171,40.9890247246171,4.1023203976182695e-15,0,12345
5.0,0.1,35,0,S-HCP-within,0.97,29.258802312159855,28.817557030949054,1.4623610177905089,0,12345
5.0,0.1,35,0,Std-CP,1.0,,,,100,12345
5.0,0.1,35,0,Subsampling,0.99,44.385093179026015,44.385093179026015,0.0,0,12345
5.0,0.1,35,5,Donor-HCP-no-within,1.0,45.83568186640488,45.66128456500852,2.359788873721771,0,12345
5.0,0.1,35,5,Donor-HCP-within,1.0,39.04600423086865,38.26630200319798,1.7645805975069753,0,12345
5.0,0.1,35,5,HCP,0.99,44.385093179026015,44.385093179026015,0.0,0,12345
5.0,0.1,35,5,Pooling,0.93,37.485685968164034,37.485685968164034,0.0,0,12345
5.0,0.1,35,5,Repeated,0.98,40.9890247246171,40.9890247246171,4.1023203976182695e-15,0,12345
5.0,0.1,35,5,S-HCP-within,0.97,27.994024212625508,28.005834111726486,1.0856145442094909,0,12345
5.0,0.1,35,5,Std-CP,0.79,6.207040222716926,5.016422707066235,3.9537745169798906,0,12345
5.0,0.1,35,5,Subsampling,0.99,44.385093179026015,44.385093179026015,0.0,0,12345
5.0,0.1,35,10,Donor-HCP-no-within,0.98,43.850959083393846,43.846017272788984,1.8886761200355273,0,12345
5.0,0.1,35,10,Donor-HCP-within,0.99,31.86325360016139,31.859721859071616,1.611739713751881,0,12345
5.0,0.1,35,10,HCP,0.99,44.385093179026015,44.385093179026015,0.0,0,12345
5.0,0.1,35,10,Pooling,0.93,37.485685968164034,37.485685968164034,0.0,0,12345
5.0,0.1,35,10,Repeated,0.98,40.9890247246171,40.9890247246171,4.1023203976182695e-15,0,12345
5.0,0.1,35,10,S-HCP-within,0.97,27.787121701695092,27.883304232616236,0.9765517627959776,0,12345
5.0,0.1,35,10,Std-CP,0.77,31.261488483844303,10.613009287334048,110.25693651716298,0,12345
5.0,0.1,35,10,Subsampling,0.99,44.385093179026015,44.385093179026015,0.0,0,12345
5.0,0.1,35,15,Donor-HCP-no-within,0.97,42.61250840332832,42.141088193606535,2.1763296732923436,0,12345
5.0,0.1,35,15,Donor-HCP-within,0.98,27.407624708693202,27.63740125797876,1.3918797856974383,0,12345
5.0,0.1,35,15,HCP,0.99,44.385093179026015,44.385093179026015,0.0,0,12345
5.0,0.1,35,15,Pooling,0.93,37.485685968164034,37.485685968164034,0.0,0,12345
5.0,0.1,35,15,Repeated,0.98,40.9890247246171,40.9890247246171,4.1023203976182695e-15,0,12345
5.0,0.1,35,15,S-HCP-within,0.97,27.89659982813337,27.88330423261624,0.9149601199585669,0,12345
5.0,0.1,35,15,Std-CP,0.88,8.354408928409805,7.18580047944316,4.517639699652802,0,12345
5.0,0.1,35,15,Subsampling,0.99,44.385093179026015,44.385093179026015,0.0,0,12345
5.0,0.1,35,20,Donor-HCP-no-within,0.99,32.893671824653396,31.871201167283587,4.665349127421046,0,12345
5.0,0.1,35,20,Donor-HCP-within,0.97,18.684971605796697,18.964635494730572,1.8111122668401927,0,12345
5.0,0.1,35,20,HCP,0.99,44.385093179026015,44.385093179026015,0.0,0,12345
5.0,0.1,35,20,Pooling,0.93,37.485685968164034,37.485685968164034,0.0,0,12345
5.0,0.1,35,20,Repeated,0.98,40.9890247246171,40.9890247246171,4.1023203976182695e-15,0,12345
5.0,0.1,35,20,S-HCP-within,0.97,27.40809118401333,27.263295515693514,0.8603428251199039,0,12345
5.0,0.1,35,20,Std-CP,0.86,6.651044123705954,6.269997472872728,2.4687912527505147,0,12345
5.0,0.1,35,20,Subsampling,0.99,44.385093179026015,44.385093179026015,0.0,0,12345
5.0,0.1,35,25,Donor-HCP-no-within,0.93,14.484117891169927,14.35941379153401,6.769170193219112,0,12345
5.0,0.1,35,25,Donor-HCP-within,0.91,5.916481779987099,5.5725639898210675,1.902382203508701,0,12345
5.0,0.1,35,25,HCP,0.99,44.385093179026015,44.385093179026015,0.0,0,12345
5.0,0.1,35,25,Pooling,0.93,37.485685968164034,37.485685968164034,0.0,0,12345
5.0,0.1,35,25,Repeated,0.98,40.9890247246171,40.9890247246171,4.1023203976182695e-15,0,12345
5.0,0.1,35,25,S-HCP-within,0.93,15.088469983122863,14.440021065972036,6.7984451272307345,0,12345
5.0,0.1,35,25,Std-CP,0.9,6.61005294999157,5.964613133483246,2.9242872211393665,0,12345
5.0,0.1,35,25,Subsampling,0.99,44.385093179026015,44.385093179026015,0.0,0,12345
5.0,0.1,35,30,Donor-HCP-no-within,0.93,14.060699587295256,13.847775774268033,6.737371116512037,0,12345
5.0,0.1,35,30,Donor-HCP-within,0.92,5.993070534754765,5.699847007724791,1.6026909539911895,0,12345
5.0,0.1,35,30,HCP,0.99,44.385093179026015,44.385093179026015,0.0,0,12345
5.0,0.1,35,30,Pooling,0.93,37.485685968164034,37.485685968164034,0.0,0,12345
5.0,0.1,35,30,Repeated,0.98,40.9890247246171,40.9890247246171,4.1023203976182695e-15,0,12345
5.0,0.1,35,30,S-HCP-within,0.92,15.279231599230373,14.475060260959395,6.753503361837573,0,12345
5.0,0.1,35,30,Std-CP,0.94,6.305770530295036,5.939643956293894,2.1464627269682386,0,12345
5.0,0.1,35,30,Subsampling,0.99,44.385093179026015,44.385093179026015,0.0,0,12345
5.0,0.1,35,35,Donor-HCP-no-within,0.93,14.3362345837419,13.985556534301853,6.698363476931077,0,12345
5.0,0.1,35,35,Donor-HCP-within,0.93,6.208336132082117,5.842214608431696,1.7370063908634368,0,12345
5.0,0.1,35,35,HCP,0.99,44.385093179026015,44.385093179026015,0.0,0,12345
5.0,0.1,35,35,Pooling,0.93,37.485685968164034,37.485685968164034,0.0,0,12345
5.0,0.1,35,35,Repeated,0.98,40.9890247246171,40.9890247246171,4.1023203976182695e-15,0,12345
5.0,0.1,35,35,S-HCP-within,0.94,15.623283324945515,14.598060020976511,6.96157578935781,0,12345
5.0,0.1,35,35,Std-CP,0.92,6.5433846108372355,6.258374779162031,1.932737656458473,0,12345
5.0,0.1,35,35,Subsampling,0.99,44.385093179026015,44.385093179026015,0.0,0,12345
5.0,0.1,36,0,Donor-HCP-no-within,1.0,60.3287139157467,60.3287139157467,5.1988889552273155e-15,0,12345
5.0,0.1,36,0,Donor-HCP-within,1.0,60.3287139157467,60.3287139157467,5.1988889552273155e-15,0,12345
5.0,0.1,36,0,HCP,1.0,60.3287139157467,60.3287139157467,5.1988889552273155e-15,0,12345
5.0,0.1,36,0,Pooling,0.97,54.30529738766187,54.30529738766187,0.0,0,12345
5.0,0.1,36,0,Repeated,0.98,56.824363903871955,56.824363903871955,0.0,0,12345
5.0,0.1,36,0,S-HCP-within,0.93,34.69870543210416,34.6206821315144,2.2863669567007623,0,12345
5.0,0.1,36,0,Std-CP,1.0,,,,100,12345
5.0,0.1,36,0,Subsampling,0.98,56.55846164398615,56.55846164398615,0.0,0,12345
5.0,0.1,36,5,Donor-HCP-no-within,0.98,52.760886904132455,57.7503491313758,13.254650092173776,0,12345
5.0,0.1,36,5,Donor-HCP-within,0.98,45.40161201953063,47.57327385824159,9.729475903575114,0,12345
5.0,0.1,36,5,HCP,1.0,60.3287139157467,60.3287139157467,5.1988889552273155e-15,0,12345
5.0,0.1,36,5,Pooling,0.97,54.30529738766187,54.30529738766187,0.0,0,12345
5.0,0.1,36,5,Repeated,0.98,56.824363903871955,56.824363903871955,0.0,0,12345
5.0,0.1,36,5,S-HCP-within,0.91,33.594192711545986,33.393218680139455,1.2945104780498038,0,12345
5.0,0.1,36,5,Std-CP,0.75,6.83454913437242,5.391222757089647,7.713478880673408,0,12345
5.0,0.1,36,5,Subsampling,0.98,56.55846164398615,56.55846164398615,0.0,0,12345
5.0,0.1,36,10,Donor-HCP-no-within,0.98,51.64694714629097,54.69415677487036,12.45847486336428,0,12345
5.0,0.1,36,10,Donor-HCP-within,0.94,34.848603757948965,34.50891762604782,9.074602653843986,0,12345
5.0,0.1,36,10,HCP,1.0,60.3287139157467,60.3287139157467,5.1988889552273155e-15,0,12345
5.0,0.1,36,10,Pooling,0.97,54.30529738766187,54.30529738766187,0.0,0,12345
5.0,0.1,36,10,Repeated,0.98,56.824363903871955,56.824363903871955,0.0,0,12345
5.0,0.1,36,10,S-HCP-within,0.9,33.375994644140576,33.393218680139455,1.1667768735044604,0,12345
5.0,0.1,36,10,Std-CP,0.76,81.97955615791892,10.058955892753417,372.6529971752107,0,12345
5.0,0.1,36,10,Subsampling,0.98,56.55846164398615,56.55846164398615,0.0,0,12345
5.0,0.1,36,15,Donor-HCP-no-within,0.96,49.021506757496944,53.58270565382436,12.55608943686288,0,12345
5.0,0.1,36,15,Donor-HCP-within,0.93,31.769453549984433,33.9611114406767,7.4089795835778665,0,12345
5.0,0.1,36,15,HCP,1.0,60.3287139157467,60.3287139157467,5.1988889552273155e-15,0,12345
5.0,0.1,36,15,Pooling,0.97,54.30529738766187,54.30529738766187,0.0,0,12345
5.0,0.1,36,15,Repeated,0.98,56.824363903871955,56.824363903871955,0.0,0,12345
5.0,0.1,36,15,S-HCP-within,0.89,33.457624797529405,33.196416564611624,1.276929523893033,0,12345
5.0,0.1,36,15,Std-CP,0.94,10.23546993210865,7.544453243461162,17.081619837998527,0,12345
5.0,0.1,36,15,Subsampling,0.98,56.55846164398615,56.55846164398615,0.0,0,12345
5.0,0.1,36,20,Donor-HCP-no-within,0.95,46.36225246072467,46.24130225985987,12.855167054935611,0,12345
5.0,0.1,36,20,Donor-HCP-within,0.96,25.49302201507724,27.775356619932104,7.051805340668357,0,12345
5.0,0.1,36,20,HCP,1.0,60.3287139157467,60.3287139157467,5.1988889552273155e-15,0,12345
5.0,0.1,36,20,Pooling,0.97,54.30529738766187,54.30529738766187,0.0,0,12345
5.0,0.1,36,20,Repeated,0.98,56.824363903871955,56.824363903871955,0.0,0,12345
5.0,0.1,36,20,S-HCP-within,0.89,33.112704784546565,32.89674356080705,1.1579441807851327,0,12345
5.0,0.1,36,20,Std-CP,0.93,6.984241188354074,6.616884399281966,2.79972917078613,0,12345
5.0,0.1,36,20,Subsampling,0.98,56.55846164398615,56.55846164398615,0.0,0,12345
5.0,0.1,36,25,Donor-HCP-no-within,0.93,16.16705464293411,13.983478629296863,8.690542309789057,0,12345
5.0,0.1,36,25,Donor-HCP-within,0.93,6.075167223475494,5.74989490218058,1.772436186397864,0,12345
5.0,0.1,36,25,HCP,1.0,60.3287139157467,60.3287139157467,5.1988889552273155e-15,0,12345
5.0,0.1,36,25,Pooling,0.97,54.30529738766187,54.30529738766187,0.0,0,12345
5.0,0.1,36,25,Repeated,0.98,56.824363903871955,56.824363903871955,0.0,0,12345
5.0,0.1,36,25,S-HCP-within,0.94,16.7754766080069,15.315119187161741,8.79120842460372,0,12345
5.0,0.1,36,25,Std-CP,0.92,6.633264927072971,6.367838516179299,2.3769028347098957,0,12345
5.0,0.1,36,25,Subsampling,0.98,56.55846164398615,56.55846164398615,0.0,0,12345
5.0,0.1,36,30,Donor-HCP-no-within,0.92,15.716991285040825,13.078962027434208,8.542351152637133,0,12345
5.0,0.1,36,30,Donor-HCP-within,0.9,5.994098616057287,5.82479332868025,1.7236590860974688,0,12345
5.0,0.1,36,30,HCP,1.0,60.3287139157467,60.3287139157467,5.1988889552273155e-15,0,12345
5.0,0.1,36,30,Pooling,0.97,54.30529738766187,54.30529738766187,0.0,0,12345
5.0,0.1,36,30,Repeated,0.98,56.824363903871955,56.824363903871955,0.0,0,12345
5.0,0.1,36,30,S-HCP-within,0.95,17.07227095002828,15.314189574321825,8.444013662258252,0,12345
5.0,0.1,36,30,Std-CP,0.95,6.460863132875041,6.210800780049034,2.060215457382788,0,12345
5.0,0.1,36,30,Subsampling,0.98,56.55846164398615,56.55846164398615,0.0,0,12345
5.0,0.1,36,35,Donor-HCP-no-within,0.94,16.039819590692538,13.796185212745806,8.492424455713275,0,12345
5.0,0.1,36,35,Donor-HCP-within,0.92,6.115709364946752,5.913203998638547,1.6286000485309264,0,12345
5.0,0.1,36,35,HCP,1.0,60.3287139157467,60.3287139157467,5.1988889552273155e-15,0,12345
5.0,0.1,36,35,Pooling,0.97,54.30529738766187,54.30529738766187,0.0,0,12345
5.0,0.1,36,35,Repeated,0.98,56.824363903871955,56.824363903871955,0.0,0,12345
5.0,0.1,36,35,S-HCP-within,0.94,17.163209970529106,14.87604281809657,8.456986033158987,0,12345
5.0,0.1,36,35,Std-CP,0.92,6.3522580696700945,6.131329500346691,1.8586764087977046,0,12345
5.0,0.1,36,35,Subsampling,0.98,56.55846164398615,56.55846164398615,0.0,0,12345
5.0,0.1,37,0,Donor-HCP-no-within,0.88,23.803440310753253,23.803440310753253,8.746176474924478e-16,0,12345
5.0,0.1,37,0,Donor-HCP-within,0.88,23.803440310753253,23.803440310753253,8.746176474924478e-16,0,12345
5.0,0.1,37,0,HCP,0.88,23.803440310753253,23.803440310753253,8.746176474924478e-16,0,12345
5.0,0.1,37,0,Pooling,0.73,19.0580804568836,19.0580804568836,1.071183478194952e-15,0,12345
5.0,0.1,37,0,Repeated,0.81,21.13585585251992,21.13585585251992,3.9599998233279104e-15,0,12345
5.0,0.1,37,0,S-HCP-within,0.93,26.20253070674214,26.842300067950752,2.597062217821124,0,12345
5.0,0.1,37,0,Std-CP,1.0,,,,100,12345
5.0,0.1,37,0,Subsampling,0.88,23.803440310753253,23.803440310753253,8.746176474924478e-16,0,12345
5.0,0.1,37,5,Donor-HCP-no-within,0.92,29.65955136962516,25.888663793848902,7.87972563361848,0,12345
5.0,0.1,37,5,Donor-HCP-within,0.99,27.68946664085381,26.222667307130184,7.197248309505005,0,12345
5.0,0.1,37,5,HCP,0.88,23.803440310753253,23.803440310753253,8.746176474924478e-16,0,12345
5.0,0.1,37,5,Pooling,0.73,19.0580804568836,19.0580804568836,1.071183478194952e-15,0,12345
5.0,0.1,37,5,Repeated,0.81,21.13585585251992,21.13585585251992,3.9599998233279104e-15,0,12345
5.0,0.1,37,5,S-HCP-within,0.91,25.13719702885342,24.580767199991527,1.6666809151994513,0,12345
5.0,0.1,37,5,Std-CP,0.77,6.167099110992972,5.314467644915785,3.6581036203731183,0,12345
5.0,0.1,37,5,Subsampling,0.88,23.803440310753253,23.803440310753253,8.746176474924478e-16,0,12345
5.0,0.1,37,10,Donor-HCP-no-within,0.91,27.954791080154596,24.45601130289792,7.44688809800696,0,12345
5.0,0.1,37,10,Donor-HCP-within,0.93,21.361993380407956,22.838172347560658,4.7640231042625025,0,12345
5.0,0.1,37,10,HCP,0.88,23.803440310753253,23.803440310753253,8.746176474924478e-16,0,12345
5.0,0.1,37,10,Pooling,0.73,19.0580804568836,19.0580804568836,1.071183478194952e-15,0,12345
5.0,0.1,37,10,Repeated,0.81,21.13585585251992,21.13585585251992,3.9599998233279104e-15,0,12345
5.0,0.1,37,10,S-HCP-within,0.91,24.982038340906517,24.96318489426215,1.5827493937317316,0,12345
5.0,0.1,37,10,Std-CP,0.83,37.844534198420625,11.684359468180016,73.80910761415655,0,12345
5.0,0.1,37,10,Subsampling,0.88,23.803440310753253,23.803440310753253,8.746176474924478e-16,0,12345
5.0,0.1,37,15,Donor-HCP-no-within,0.84,25.897329138278252,22.49163397743637,7.522805970683217,0,12345
5.0,0.1,37,15,Donor-HCP-within,0.89,17.617556353254944,15.679197949254991,3.62251228669061,0,12345
5.0,0.1,37,15,HCP,0.88,23.803440310753253,23.803440310753253,8.746176474924478e-16,0,12345
5.0,0.1,37,15,Pooling,0.73,19.0580804568836,19.0580804568836,1.071183478194952e-15,0,12345
5.0,0.1,37,15,Repeated,0.81,21.13585585251992,21.13585585251992,3.9599998233279104e-15,0,12345
5.0,0.1,37,15,S-HCP-within,0.91,24.849208537576672,24.580767199991524,1.3358709263210824,0,12345
5.0,0.1,37,15,Std-CP,0.87,9.314391817121548,7.910362750885257,6.151034211765829,0,12345
5.0,0.1,37,15,Subsampling,0.88,23.803440310753253,23.803440310753253,8.746176474924478e-16,0,12345
5.0,0.1,37,20,Donor-HCP-no-within,0.84,24.93282470587208,23.037583085641252,6.015528996543132,0,12345
5.0,0.1,37,20,Donor-HCP-within,0.81,14.236381758172685,13.06792733032622,2.765362799048991,0,12345
5.0,0.1,37,20,HCP,0.88,23.803440310753253,23.803440310753253,8.746176474924478e-16,0,12345
5.0,0.1,37,20,Pooling,0.73,19.0580804568836,19.0580804568836,1.071183478194952e-15,0,12345
5.0,0.1,37,20,Repeated,0.81,21.13585585251992,21.13585585251992,3.9599998233279104e-15,0,12345
5.0,0.1,37,20,S-HCP-within,0.91,24.27733468789079,23.872630763075037,1.2870085292832933,0,12345
5.0,0.1,37,20,Std-CP,0.87,7.51442055203999,6.580429878968584,3.642928299989345,0,12345
5.0,0.1,37,20,Subsampling,0.88,23.803440310753253,23.803440310753253,8.746176474924478e-16,0,12345
5.0,0.1,37,25,Donor-HCP-no-within,0.94,15.375801487027621,14.703737122946709,6.426714039296635,0,12345
5.0,0.1,37,25,Donor-HCP-within,0.95,6.091343063317504,5.688627365474981,2.0377398717573163,0,12345
5.0,0.1,37,25,HCP,0.88,23.803440310753253,23.803440310753253,8.746176474924478e-16,0,12345
5.0,0.1,37,25,Pooling,0.73,19.0580804568836,19.0580804568836,1.071183478194952e-15,0,12345
5.0,0.1,37,25,Repeated,0.81,21.13585585251992,21.13585585251992,3.9599998233279104e-15,0,12345
5.0,0.1,37,25,S-HCP-within,0.97,16.06237517464816,15.462450740241488,6.679770533055956,0,12345
5.0,0.1,37,25,Std-CP,0.94,6.641700578781589,5.788027619708997,2.7579060052487305,0,12345
5.0,0.1,37,25,Subsampling,0.88,23.803440310753253,23.803440310753253,8.746176474924478e-16,0,12345
5.0,0.1,37,30,Donor-HCP-no-within,0.9,14.767099513105151,14.306010604657935,6.243968083226695,0,12345
5.0,0.1,37,30,Donor-HCP-within,0.96,6.105492277496088,5.867642010548012,1.8536663185985636,0,12345
5.0,0.1,37,30,HCP,0.88,23.803440310753253,23.803440310753253,8.746176474924478e-16,0,12345
5.0,0.1,37,30,Pooling,0.73,19.0580804568836,19.0580804568836,1.071183478194952e-15,0,12345
5.0,0.1,37,30,Repeated,0.81,21.13585585251992,21.13585585251992,3.9599998233279104e-15,0,12345
5.0,0.1,37,30,S-HCP-within,0.96,16.19793145146181,15.462450740241488,6.488792935462456,0,12345
5.0,0.1,37,30,Std-CP,0.96,6.49367250264401,6.00099094487567,2.33755126283699,0,12345
5.0,0.1,37,30,Subsampling,0.88,23.803440310753253,23.803440310753253,8.746176474924478e-16,0,12345
5.0,0.1,37,35,Donor-HCP-no-within,0.91,15.202129735779303,14.370509346176348,6.268817730269907,0,12345
5.0,0.1,37,35,Donor-HCP-within,0.97,6.324374331323533,6.03802735131886,1.7439302574178814,0,12345
5.0,0.1,37,35,HCP,0.88,23.803440310753253,23.803440310753253,8.746176474924478e-16,0,12345
5.0,0.1,37,35,Pooling,0.73,19.0580804568836,19.0580804568836,1.071183478194952e-15,0,12345
5.0,0.1,37,35,Repeated,0.81,21.13585585251992,21.13585585251992,3.9599998233279104e-15,0,12345
5.0,0.1,37,35,S-HCP-within,0.94,16.484096608217996,15.46873135584676,6.477056507163388,0,12345
5.0,0.1,37,35,Std-CP,0.96,6.521221733732435,6.249331959182288,2.098119786825407,0,12345
5.0,0.1,37,35,Subsampling,0.88,23.803440310753253,23.803440310753253,8.746176474924478e-16,0,12345
5.0,0.1,38,0,Donor-HCP-no-within,0.96,33.33288531879161,33.33288531879161,0.0,0,12345
5.0,0.1,38,0,Donor-HCP-within,0.96,33.33288531879161,33.33288531879161,0.0,0,12345
5.0,0.1,38,0,HCP,0.96,33.33288531879161,33.33288531879161,0.0,0,12345
5.0,0.1,38,0,Pooling,0.89,27.142313532003094,27.142313532003094,3.291941233045329e-15,0,12345
5.0,0.1,38,0,Repeated,0.93,30.306432403983468,30.30643240398347,3.424810327986076e-15,0,12345
5.0,0.1,38,0,S-HCP-within,0.99,42.454550734907734,41.43058817484105,5.171519576760289,0,12345
5.0,0.1,38,0,Std-CP,1.0,,,,100,12345
5.0,0.1,38,0,Subsampling,0.93,29.63842918304682,29.638429183046817,7.141223187966347e-16,0,12345
5.0,0.1,38,5,Donor-HCP-no-within,0.93,31.371087055273875,30.971132928844604,4.046576437137533,0,12345
5.0,0.1,38,5,Donor-HCP-within,0.95,27.947282553408296,27.504708712573276,3.613137255519324,0,12345
5.0,0.1,38,5,HCP,0.96,33.33288531879161,33.33288531879161,0.0,0,12345
5.0,0.1,38,5,Pooling,0.89,27.142313532003094,27.142313532003094,3.291941233045329e-15,0,12345
5.0,0.1,38,5,Repeated,0.93,30.306432403983468,30.30643240398347,3.424810327986076e-15,0,12345
5.0,0.1,38,5,S-HCP-within,1.0,38.5262744058797,37.76559413970464,2.5716180725074684,0,12345
5.0,0.1,38,5,Std-CP,0.76,6.700966776885097,5.691098193703377,5.2233528645314165,0,12345
5.0,0.1,38,5,Subsampling,0.93,29.63842918304682,29.638429183046817,7.141223187966347e-16,0,12345
5.0,0.1,38,10,Donor-HCP-no-within,0.92,30.378047264378857,28.785681851664705,3.842696817872533,0,12345
5.0,0.1,38,10,Donor-HCP-within,0.93,21.76198410653605,21.407587871231797,3.3193794691270515,0,12345
5.0,0.1,38,10,HCP,0.96,33.33288531879161,33.33288531879161,0.0,0,12345
5.0,0.1,38,10,Pooling,0.89,27.142313532003094,27.142313532003094,3.291941233045329e-15,0,12345
5.0,0.1,38,10,Repeated,0.93,30.306432403983468,30.30643240398347,3.424810327986076e-15,0,12345
5.0,0.1,38,10,S-HCP-within,0.99,37.801356197621196,37.76559413970463,1.7138186008748875,0,12345
5.0,0.1,38,10,Std-CP,0.79,23.724263095936543,10.67779613693562,43.42534999575323,0,12345
5.0,0.1,38,10,Subsampling,0.93,29.63842918304682,29.638429183046817,7.141223187966347e-16,0,12345
5.0,0.1,38,15,Donor-HCP-no-within,0.92,29.123885968952933,27.703796992757795,3.860661716576426,0,12345
5.0,0.1,38,15,Donor-HCP-within,0.91,18.273367127389346,17.843053294047014,2.4149797108194617,0,12345
5.0,0.1,38,15,HCP,0.96,33.33288531879161,33.33288531879161,0.0,0,12345
5.0,0.1,38,15,Pooling,0.89,27.142313532003094,27.142313532003094,3.291941233045329e-15,0,12345
5.0,0.1,38,15,Repeated,0.93,30.306432403983468,30.30643240398347,3.424810327986076e-15,0,12345
5.0,0.1,38,15,S-HCP-within,0.99,37.246893656227456,36.92774046275809,1.0706300638093889,0,12345
5.0,0.1,38,15,Std-CP,0.86,10.30349535427189,7.907583290364469,9.05615886752688,0,12345
5.0,0.1,38,15,Subsampling,0.93,29.63842918304682,29.638429183046817,7.141223187966347e-16,0,12345
5.0,0.1,38,20,Donor-HCP-no-within,0.93,27.857813168394358,26.691340297829882,3.3869919619783944,0,12345
5.0,0.1,38,20,Donor-HCP-within,0.91,15.333091125094127,14.386031641003424,2.108877715146784,0,12345
5.0,0.1,38,20,HCP,0.96,33.33288531879161,33.33288531879161,0.0,0,12345
5.0,0.1,38,20,Pooling,0.89,27.142313532003094,27.142313532003094,3.291941233045329e-15,0,12345
5.0,0.1,38,20,Repeated,0.93,30.306432403983468,30.30643240398347,3.424810327986076e-15,0,12345
5.0,0.1,38,20,S-HCP-within,1.0,36.87237783862304,36.90894771527876,0.9187512782070772,0,12345
5.0,0.1,38,20,Std-CP,0.92,7.728980921801939,6.82863495330322,4.758456718214972,0,12345
5.0,0.1,38,20,Subsampling,0.93,29.63842918304682,29.638429183046817,7.141223187966347e-16,0,12345
5.0,0.1,38,25,Donor-HCP-no-within,0.91,17.90454948561568,16.912748051512697,8.082168025056246,0,12345
5.0,0.1,38,25,Donor-HCP-within,0.92,6.3049892379038734,6.121580275112234,1.697717885643488,0,12345
5.0,0.1,38,25,HCP,0.96,33.33288531879161,33.33288531879161,0.0,0,12345
5.0,0.1,38,25,Pooling,0.89,27.142313532003094,27.142313532003094,3.291941233045329e-15,0,12345
5.0,0.1,38,25,Repeated,0.93,30.306432403983468,30.30643240398347,3.424810327986076e-15,0,12345
5.0,0.1,38,25,S-HCP-within,0.91,18.700714031036213,17.786830818092493,7.864752534714448,0,12345
5.0,0.1,38,25,Std-CP,0.92,7.166514802646471,6.605291439762777,2.6074849851490467,0,12345
5.0,0.1,38,25,Subsampling,0.93,29.63842918304682,29.638429183046817,7.141223187966347e-16,0,12345
5.0,0.1,38,30,Donor-HCP-no-within,0.9,17.24185653489963,16.01594462740937,8.094499427608723,0,12345
5.0,0.1,38,30,Donor-HCP-within,0.91,6.3258368483620755,6.138069322784979,1.721224313465833,0,12345
5.0,0.1,38,30,HCP,0.96,33.33288531879161,33.33288531879161,0.0,0,12345
5.0,0.1,38,30,Pooling,0.89,27.142313532003094,27.142313532003094,3.291941233045329e-15,0,12345
5.0,0.1,38,30,Repeated,0.93,30.306432403983468,30.30643240398347,3.424810327986076e-15,0,12345
5.0,0.1,38,30,S-HCP-within,0.93,19.123950548726363,18.526722139010303,7.993610510035826,0,12345
5.0,0.1,38,30,Std-CP,0.92,6.651485055998709,6.186857646245092,2.401232425422009,0,12345
5.0,0.1,38,30,Subsampling,0.93,29.63842918304682,29.638429183046817,7.141223187966347e-16,0,12345
5.0,0.1,38,35,Donor-HCP-no-within,0.91,17.575569462797745,16.94469687337388,8.088190837617391,0,12345
5.0,0.1,38,35,Donor-HCP-within,0.92,6.5351806109811355,6.354322652176162,1.7076115463065125,0,12345
5.0,0.1,38,35,HCP,0.96,33.33288531879161,33.33288531879161,0.0,0,12345
5.0,0.1,38,35,Pooling,0.89,27.142313532003094,27.142313532003094,3.291941233045329e-15,0,12345
5.0,0.1,38,35,Repeated,0.93,30.306432403983468,30.30643240398347,3.424810327986076e-15,0,12345
5.0,0.1,38,35,S-HCP-within,0.94,19.341225886428866,18.526722139010303,8.331138614713629,0,12345
5.0,0.1,38,35,Std-CP,0.94,6.574697659982753,6.285142185693511,2.1172333661732257,0,12345
5.0,0.1,38,35,Subsampling,0.93,29.63842918304682,29.638429183046817,7.141223187966347e-16,0,12345
5.0,0.1,39,0,Donor-HCP-no-within,0.97,47.51928968696829,47.51928968696829,0.0,0,12345
5.0,0.1,39,0,Donor-HCP-within,0.97,47.51928968696829,47.51928968696829,0.0,0,12345
5.0,0.1,39,0,HCP,0.97,47.51928968696829,47.51928968696829,0.0,0,12345
5.0,0.1,39,0,Pooling,0.92,37.118762028335254,37.118762028335254,0.0,0,12345
5.0,0.1,39,0,Repeated,0.97,42.772175498690814,42.772175498690814,0.0,0,12345
5.0,0.1,39,0,S-HCP-within,0.95,54.89065067219676,55.44221430716776,4.1013265122831095,0,12345
5.0,0.1,39,0,Std-CP,1.0,,,,100,12345
5.0,0.1,39,0,Subsampling,0.97,47.51928968696829,47.51928968696829,0.0,0,12345
5.0,0.1,39,5,Donor-HCP-no-within,0.97,43.00735876106091,44.49790048560947,3.540753884702482,0,12345
5.0,0.1,39,5,Donor-HCP-within,0.97,38.36310616394555,39.004731470481374,2.798037251713477,0,12345
5.0,0.1,39,5,HCP,0.97,47.51928968696829,47.51928968696829,0.0,0,12345
5.0,0.1,39,5,Pooling,0.92,37.118762028335254,37.118762028335254,0.0,0,12345
5.0,0.1,39,5,Repeated,0.97,42.772175498690814,42.772175498690814,0.0,0,12345
5.0,0.1,39,5,S-HCP-within,0.93,50.74919778090174,49.523566197313485,3.776034452623959,0,12345
5.0,0.1,39,5,Std-CP,0.7,6.07802463169816,5.266009679511955,3.8332215117985897,0,12345
5.0,0.1,39,5,Subsampling,0.97,47.51928968696829,47.51928968696829,0.0,0,12345
5.0,0.1,39,10,Donor-HCP-no-within,0.94,40.69742659500357,42.381018141637995,4.191720246930791,0,12345
5.0,0.1,39,10,Donor-HCP-within,0.97,29.25536859285512,29.935039418964287,2.5252642583381353,0,12345
5.0,0.1,39,10,HCP,0.97,47.51928968696829,47.51928968696829,0.0,0,12345
5.0,0.1,39,10,Pooling,0.92,37.118762028335254,37.118762028335254,0.0,0,12345
5.0,0.1,39,10,Repeated,0.97,42.772175498690814,42.772175498690814,0.0,0,12345
5.0,0.1,39,10,S-HCP-within,0.94,49.358935063417874,48.44617653541053,3.450254891041554,0,12345
5.0,0.1,39,10,Std-CP,0.79,115.71237429757667,10.98571343522358,600.4842056906009,0,12345
5.0,0.1,39,10,Subsampling,0.97,47.51928968696829,47.51928968696829,0.0,0,12345
5.0,0.1,39,15,Donor-HCP-no-within,0.95,37.47716145567658,38.136364301928964,3.6904391805561776,0,12345
5.0,0.1,39,15,Donor-HCP-within,0.96,24.10163267894229,24.34277604151645,2.263839813557428,0,12345
5.0,0.1,39,15,HCP,0.97,47.51928968696829,47.51928968696829,0.0,0,12345
5.0,0.1,39,15,Pooling,0.92,37.118762028335254,37.118762028335254,0.0,0,12345
5.0,0.1,39,15,Repeated,0.97,42.772175498690814,42.772175498690814,0.0,0,12345
5.0,0.1,39,15,S-HCP-within,0.93,48.836841347919616,47.846083635478415,3.238179506847816,0,12345
5.0,0.1,39,15,Std-CP,0.85,9.59350867140974,7.477461140989661,6.778657027237867,0,12345
5.0,0.1,39,15,Subsampling,0.97,47.51928968696829,47.51928968696829,0.0,0,12345
5.0,0.1,39,20,Donor-HCP-no-within,0.91,34.64081181256432,35.200459182918365,4.458260670217058,0,12345
5.0,0.1,39,20,Donor-HCP-within,0.94,19.50600121055568,19.86782776541846,1.8673877046900735,0,12345
5.0,0.1,39,20,HCP,0.97,47.51928968696829,47.51928968696829,0.0,0,12345
5.0,0.1,39,20,Pooling,0.92,37.118762028335254,37.118762028335254,0.0,0,12345
5.0,0.1,39,20,Repeated,0.97,42.772175498690814,42.772175498690814,0.0,0,12345
5.0,0.1,39,20,S-HCP-within,0.92,47.46858273893227,46.86360596224633,3.013755353623615,0,12345
5.0,0.1,39,20,Std-CP,0.87,6.972031601498746,6.350618808031257,2.9683294974671854,0,12345
5.0,0.1,39,20,Subsampling,0.97,47.51928968696829,47.51928968696829,0.0,0,12345
5.0,0.1,39,25,Donor-HCP-no-within,0.9,16.713643992159767,14.558740088611508,8.327182038724851,0,12345
5.0,0.1,39,25,Donor-HCP-within,0.93,6.15848618806829,6.067304452859351,1.7965232664094963,0,12345
5.0,0.1,39,25,HCP,0.97,47.51928968696829,47.51928968696829,0.0,0,12345
5.0,0.1,39,25,Pooling,0.92,37.118762028335254,37.118762028335254,0.0,0,12345
5.0,0.1,39,25,Repeated,0.97,42.772175498690814,42.772175498690814,0.0,0,12345
5.0,0.1,39,25,S-HCP-within,0.94,17.406350079729787,15.553123573813028,8.90070931423869,0,12345
5.0,0.1,39,25,Std-CP,0.92,6.968281605472315,7.010232073664526,2.6700801418382545,0,12345
5.0,0.1,39,25,Subsampling,0.97,47.51928968696829,47.51928968696829,0.0,0,12345
5.0,0.1,39,30,Donor-HCP-no-within,0.9,16.088457012783916,13.7875262823979,8.271871860611611,0,12345
5.0,0.1,39,30,Donor-HCP-within,0.96,5.973707407614722,5.896643989496039,1.7721636503686105,0,12345
5.0,0.1,39,30,HCP,0.97,47.51928968696829,47.51928968696829,0.0,0,12345
5.0,0.1,39,30,Pooling,0.92,37.118762028335254,37.118762028335254,0.0,0,12345
5.0,0.1,39,30,Repeated,0.97,42.772175498690814,42.772175498690814,0.0,0,12345
5.0,0.1,39,30,S-HCP-within,0.94,17.20784545948608,15.457837908519434,8.574959447642133,0,12345
5.0,0.1,39,30,Std-CP,0.96,6.479557056306282,6.3038351127354915,2.073499108137713,0,12345
5.0,0.1,39,30,Subsampling,0.97,47.51928968696829,47.51928968696829,0.0,0,12345
5.0,0.1,39,35,Donor-HCP-no-within,0.9,16.293128740081567,13.834868562371415,8.380753803826257,0,12345
5.0,0.1,39,35,Donor-HCP-within,0.97,6.0475506553670115,6.004780040975632,1.6706806505915386,0,12345
5.0,0.1,39,35,HCP,0.97,47.51928968696829,47.51928968696829,0.0,0,12345
5.0,0.1,39,35,Pooling,0.92,37.118762028335254,37.118762028335254,0.0,0,12345
5.0,0.1,39,35,Repeated,0.97,42.772175498690814,42.772175498690814,0.0,0,12345
5.0,0.1,39,35,S-HCP-within,0.94,17.383129891140214,15.242001277693618,8.700733560615932,0,12345
5.0,0.1,39,35,Std-CP,0.96,6.584918651619705,6.3756870449128105,1.9675952901248812,0,12345
5.0,0.1,39,35,Subsampling,0.97,47.51928968696829,47.51928968696829,0.0,0,12345
5.0,0.1,40,0,Donor-HCP-no-within,0.93,30.918764690640423,30.918764690640423,2.142366956389904e-15,0,12345
5.0,0.1,40,0,Donor-HCP-within,0.93,30.918764690640423,30.918764690640423,2.142366956389904e-15,0,12345
5.0,0.1,40,0,HCP,0.93,30.918764690640423,30.918764690640423,2.142366956389904e-15,0,12345
5.0,0.1,40,0,Pooling,0.8,25.350340010587715,25.350340010587715,0.0,0,12345
5.0,0.1,40,0,Repeated,0.86,27.906887183769783,27.906887183769783,1.4722008750047665e-15,0,12345
5.0,0.1,40,0,S-HCP-within,0.99,28.757575071481618,28.50713574579958,1.904788577778717,0,12345
5.0,0.1,40,0,Std-CP,1.0,,,,100,12345
5.0,0.1,40,0,Subsampling,0.77,24.319439350174324,24.319439350174328,1.8553442084620055e-15,0,12345
5.0,0.1,40,5,Donor-HCP-no-within,0.94,30.37802440464705,29.294064157517887,3.906110416051962,0,12345
5.0,0.1,40,5,Donor-HCP-within,0.92,26.525204884149474,25.20525563543637,3.0733002457566,0,12345
5.0,0.1,40,5,HCP,0.93,30.918764690640423,30.918764690640423,2.142366956389904e-15,0,12345
5.0,0.1,40,5,Pooling,0.8,25.350340010587715,25.350340010587715,0.0,0,12345
5.0,0.1,40,5,Repeated,0.86,27.906887183769783,27.906887183769783,1.4722008750047665e-15,0,12345
5.0,0.1,40,5,S-HCP-within,0.99,27.27509158981751,27.135071711941908,1.2632084606657221,0,12345
5.0,0.1,40,5,Std-CP,0.79,6.598939603041045,5.795959722136979,4.467949980929242,0,12345
5.0,0.1,40,5,Subsampling,0.77,24.319439350174324,24.319439350174328,1.8553442084620055e-15,0,12345
5.0,0.1,40,10,Donor-HCP-no-within,0.95,29.792730496309265,29.247900865936373,3.374309374792334,0,12345
5.0,0.1,40,10,Donor-HCP-within,0.89,20.675620711458702,19.837179311580776,2.5210597524160425,0,12345
5.0,0.1,40,10,HCP,0.93,30.918764690640423,30.918764690640423,2.142366956389904e-15,0,12345
5.0,0.1,40,10,Pooling,0.8,25.350340010587715,25.350340010587715,0.0,0,12345
5.0,0.1,40,10,Repeated,0.86,27.906887183769783,27.906887183769783,1.4722008750047665e-15,0,12345
5.0,0.1,40,10,S-HCP-within,0.99,26.893162437214695,27.06410571762845,1.0015237706974864,0,12345
5.0,0.1,40,10,Std-CP,0.86,40.33390243480026,12.967028152040793,100.11939847658496,0,12345
5.0,0.1,40,10,Subsampling,0.77,24.319439350174324,24.319439350174328,1.8553442084620055e-15,0,12345
5.0,0.1,40,15,Donor-HCP-no-within,0.89,28.32699419723351,26.931136491701935,3.3626915113958793,0,12345
5.0,0.1,40,15,Donor-HCP-within,0.86,17.880679256007088,17.278849268692674,1.951007177293642,0,12345
5.0,0.1,40,15,HCP,0.93,30.918764690640423,30.918764690640423,2.142366956389904e-15,0,12345
5.0,0.1,40,15,Pooling,0.8,25.350340010587715,25.350340010587715,0.0,0,12345
5.0,0.1,40,15,Repeated,0.86,27.906887183769783,27.906887183769783,1.4722008750047665e-15,0,12345
5.0,0.1,40,15,S-HCP-within,0.99,26.768743467219895,27.055668658225457,0.8264995688861965,0,12345
5.0,0.1,40,15,Std-CP,0.87,9.43383256021665,7.827434606278722,6.230021090114038,0,12345
5.0,0.1,40,15,Subsampling,0.77,24.319439350174324,24.319439350174328,1.8553442084620055e-15,0,12345
5.0,0.1,40,20,Donor-HCP-no-within,0.88,27.171302148332398,25.740869232555426,3.077596226313857,0,12345
5.0,0.1,40,20,Donor-HCP-within,0.88,14.053809749901259,14.133415101153126,1.5373462746000905,0,12345
5.0,0.1,40,20,HCP,0.93,30.918764690640423,30.918764690640423,2.142366956389904e-15,0,12345
5.0,0.1,40,20,Pooling,0.8,25.350340010587715,25.350340010587715,0.0,0,12345
5.0,0.1,40,20,Repeated,0.86,27.906887183769783,27.906887183769783,1.4722008750047665e-15,0,12345
5.0,0.1,40,20,S-HCP-within,0.98,25.542965370874903,25.376310025255208,1.48613487816877,0,12345
5.0,0.1,40,20,Std-CP,0.92,6.619927954885071,6.160838711344044,2.8290693653035484,0,12345
5.0,0.1,40,20,Subsampling,0.77,24.319439350174324,24.319439350174328,1.8553442084620055e-15,0,12345
5.0,0.1,40,25,Donor-HCP-no-within,0.93,14.593894466696085,13.06314907436407,8.103785242955258,0,12345
5.0,0.1,40,25,Donor-HCP-within,0.93,5.870056316175697,5.5330750328014435,1.973939804644691,0,12345
5.0,0.1,40,25,HCP,0.93,30.918764690640423,30.918764690640423,2.142366956389904e-15,0,12345
5.0,0.1,40,25,Pooling,0.8,25.350340010587715,25.350340010587715,0.0,0,12345
5.0,0.1,40,25,Repeated,0.86,27.906887183769783,27.906887183769783,1.4722008750047665e-15,0,12345
5.0,0.1,40,25,S-HCP-within,0.93,14.88065784783398,13.044712677167634,8.168372637705499,0,12345
5.0,0.1,40,25,Std-CP,0.96,6.474217704540041,6.315286718425337,1.9823284513857935,0,12345
5.0,0.1,40,25,Subsampling,0.77,24.319439350174324,24.319439350174328,1.8553442084620055e-15,0,12345
5.0,0.1,40,30,Donor-HCP-no-within,0.92,14.063238897375072,12.28992432797368,8.090199748829258,0,12345
5.0,0.1,40,30,Donor-HCP-within,0.94,5.950453407019358,5.643808510758059,1.837316831599772,0,12345
5.0,0.1,40,30,HCP,0.93,30.918764690640423,30.918764690640423,2.142366956389904e-15,0,12345
5.0,0.1,40,30,Pooling,0.8,25.350340010587715,25.350340010587715,0.0,0,12345
5.0,0.1,40,30,Repeated,0.86,27.906887183769783,27.906887183769783,1.4722008750047665e-15,0,12345
5.0,0.1,40,30,S-HCP-within,0.96,15.102576570918938,13.673100820965951,8.010961259981716,0,12345
5.0,0.1,40,30,Std-CP,0.96,6.175554204740811,5.968553073054348,2.030129333857767,0,12345
5.0,0.1,40,30,Subsampling,0.77,24.319439350174324,24.319439350174328,1.8553442084620055e-15,0,12345
5.0,0.1,40,35,Donor-HCP-no-within,0.95,14.340285921463453,12.537191858003895,8.100690783855454,0,12345
5.0,0.1,40,35,Donor-HCP-within,0.95,6.213777485137829,5.992307889885434,1.7468275393372834,0,12345
5.0,0.1,40,35,HCP,0.93,30.918764690640423,30.918764690640423,2.142366956389904e-15,0,12345
5.0,0.1,40,35,Pooling,0.8,25.350340010587715,25.350340010587715,0.0,0,12345
5.0,0.1,40,35,Repeated,0.86,27.906887183769783,27.906887183769783,1.4722008750047665e-15,0,12345
5.0,0.1,40,35,S-HCP-within,0.98,15.288634534428182,13.799592787353937,8.137665347420924,0,12345
5.0,0.1,40,35,Std-CP,0.97,6.499625238440062,6.250018525164943,2.164565147565023,0,12345
5.0,0.1,40,35,Subsampling,0.77,24.319439350174324,24.319439350174328,1.8553442084620055e-15,0,12345
5.0,0.1,41,0,Donor-HCP-no-within,0.98,44.43560720040764,44.43560720040764,3.710688416924011e-15,0,12345
5.0,0.1,41,0,Donor-HCP-within,0.98,44.43560720040764,44.43560720040764,3.710688416924011e-15,0,12345
5.0,0.1,41,0,HCP,0.98,44.43560720040764,44.43560720040764,3.710688416924011e-15,0,12345
5.0,0.1,41,0,Pooling,0.96,41.123503545180476,41.123503545180476,3.3495305785253868e-15,0,12345
5.0,0.1,41,0,Repeated,0.97,42.656891193091916,42.656891193091916,3.641323638636168e-15,0,12345
5.0,0.1,41,0,S-HCP-within,0.96,27.529045033550524,27.089678290932497,4.191938091217428,0,12345
5.0,0.1,41,0,Std-CP,1.0,,,,100,12345
5.0,0.1,41,0,Subsampling,0.96,40.77311257179179,40.77311257179179,3.3495305785253868e-15,0,12345
5.0,0.1,41,5,Donor-HCP-no-within,1.0,36.19797935302461,34.965676119840836,3.439829461495324,0,12345
5.0,0.1,41,5,Donor-HCP-within,1.0,31.830751870674867,30.39164961381738,3.002273566991013,0,12345
5.0,0.1,41,5,HCP,0.98,44.43560720040764,44.43560720040764,3.710688416924011e-15,0,12345
5.0,0.1,41,5,Pooling,0.96,41.123503545180476,41.123503545180476,3.3495305785253868e-15,0,12345
5.0,0.1,41,5,Repeated,0.97,42.656891193091916,42.656891193091916,3.641323638636168e-15,0,12345
5.0,0.1,41,5,S-HCP-within,0.95,24.04783052958328,24.033268563751356,1.6671327876309203,0,12345
5.0,0.1,41,5,Std-CP,0.78,6.5066014775319125,5.725082666765053,3.5719035792336227,0,12345
5.0,0.1,41,5,Subsampling,0.96,40.77311257179179,40.77311257179179,3.3495305785253868e-15,0,12345
5.0,0.1,41,10,Donor-HCP-no-within,0.99,34.58159766903086,33.40560648491662,3.7447939269231543,0,12345
5.0,0.1,41,10,Donor-HCP-within,0.96,24.787515563028034,23.366506237888956,2.576105771739709,0,12345
5.0,0.1,41,10,HCP,0.98,44.43560720040764,44.43560720040764,3.710688416924011e-15,0,12345
5.0,0.1,41,10,Pooling,0.96,41.123503545180476,41.123503545180476,3.3495305785253868e-15,0,12345
5.0,0.1,41,10,Repeated,0.97,42.656891193091916,42.656891193091916,3.641323638636168e-15,0,12345
5.0,0.1,41,10,S-HCP-within,0.97,23.596472084410017,23.26547260406756,1.6228917995758614,0,12345
5.0,0.1,41,10,Std-CP,0.82,31.160423475106928,12.760532564969914,62.884994523027075,0,12345
5.0,0.1,41,10,Subsampling,0.96,40.77311257179179,40.77311257179179,3.3495305785253868e-15,0,12345
5.0,0.1,41,15,Donor-HCP-no-within,0.97,33.5593136767403,31.558287611380017,3.934908525937382,0,12345
5.0,0.1,41,15,Donor-HCP-within,0.97,21.46232938175847,20.19089196436685,2.3872668212736214,0,12345
5.0,0.1,41,15,HCP,0.98,44.43560720040764,44.43560720040764,3.710688416924011e-15,0,12345
5.0,0.1,41,15,Pooling,0.96,41.123503545180476,41.123503545180476,3.3495305785253868e-15,0,12345
5.0,0.1,41,15,Repeated,0.97,42.656891193091916,42.656891193091916,3.641323638636168e-15,0,12345
5.0,0.1,41,15,S-HCP-within,0.96,23.484999445470468,23.0619473226997,1.1086774711838783,0,12345
5.0,0.1,41,15,Std-CP,0.88,9.171093553156856,8.177637604017292,4.372245963833592,0,12345
5.0,0.1,41,15,Subsampling,0.96,40.77311257179179,40.77311257179179,3.3495305785253868e-15,0,12345
5.0,0.1,41,20,Donor-HCP-no-within,0.96,32.245886973310284,30.460334375356346,3.9932213860834787,0,12345
5.0,0.1,41,20,Donor-HCP-within,0.98,16.729023488701333,15.761132630432355,1.849828881666818,0,12345
5.0,0.1,41,20,HCP,0.98,44.43560720040764,44.43560720040764,3.710688416924011e-15,0,12345
5.0,0.1,41,20,Pooling,0.96,41.123503545180476,41.123503545180476,3.3495305785253868e-15,0,12345
5.0,0.1,41,20,Repeated,0.97,42.656891193091916,42.656891193091916,3.641323638636168e-15,0,12345
5.0,0.1,41,20,S-HCP-within,0.94,22.928983634497616,22.851680268208256,1.1140002004686305,0,12345
5.0,0.1,41,20,Std-CP,0.94,7.00348310445467,6.321483675645502,3.3146924499788457,0,12345
5.0,0.1,41,20,Subsampling,0.96,40.77311257179179,40.77311257179179,3.3495305785253868e-15,0,12345
5.0,0.1,41,25,Donor-HCP-no-within,0.92,15.548425438536762,15.455245692391175,6.809169256693654,0,12345
5.0,0.1,41,25,Donor-HCP-within,0.98,5.996180470097693,5.773058044091639,1.6855308128344253,0,12345
5.0,0.1,41,25,HCP,0.98,44.43560720040764,44.43560720040764,3.710688416924011e-15,0,12345
5.0,0.1,41,25,Pooling,0.96,41.123503545180476,41.123503545180476,3.3495305785253868e-15,0,12345
5.0,0.1,41,25,Repeated,0.97,42.656891193091916,42.656891193091916,3.641323638636168e-15,0,12345
5.0,0.1,41,25,S-HCP-within,0.95,16.188671525480487,15.963391150417394,6.800279928388909,0,12345
5.0,0.1,41,25,Std-CP,0.93,7.068481437557815,6.9590190467052535,2.5318774529848214,0,12345
5.0,0.1,41,25,Subsampling,0.96,40.77311257179179,40.77311257179179,3.3495305785253868e-15,0,12345
5.0,0.1,41,30,Donor-HCP-no-within,0.92,15.12344089522676,14.914634474223881,6.713904443166213,0,12345
5.0,0.1,41,30,Donor-HCP-within,0.97,6.0290433357535065,5.750654087870457,1.794964862662941,0,12345
5.0,0.1,41,30,HCP,0.98,44.43560720040764,44.43560720040764,3.710688416924011e-15,0,12345
5.0,0.1,41,30,Pooling,0.96,41.123503545180476,41.123503545180476,3.3495305785253868e-15,0,12345
5.0,0.1,41,30,Repeated,0.97,42.656891193091916,42.656891193091916,3.641323638636168e-15,0,12345
5.0,0.1,41,30,S-HCP-within,0.95,16.344135155089763,15.940237906073698,6.676349519231198,0,12345
5.0,0.1,41,30,Std-CP,0.96,6.822183342295161,6.519306349709044,2.186364255959525,0,12345
5.0,0.1,41,30,Subsampling,0.96,40.77311257179179,40.77311257179179,3.3495305785253868e-15,0,12345
5.0,0.1,41,35,Donor-HCP-no-within,0.92,15.362552091799452,15.624496368470478,6.735318988351327,0,12345
5.0,0.1,41,35,Donor-HCP-within,0.95,6.136144900299961,6.063075706220328,1.775664669410356,0,12345
5.0,0.1,41,35,HCP,0.98,44.43560720040764,44.43560720040764,3.710688416924011e-15,0,12345
5.0,0.1,41,35,Pooling,0.96,41.123503545180476,41.123503545180476,3.3495305785253868e-15,0,12345
5.0,0.1,41,35,Repeated,0.97,42.656891193091916,42.656891193091916,3.641323638636168e-15,0,12345
5.0,0.1,41,35,S-HCP-within,0.96,16.50142858380334,16.727483813274873,6.749483760128215,0,12345
5.0,0.1,41,35,Std-CP,0.97,6.4162390982778685,6.563734038081654,1.9379314052732148,0,12345
5.0,0.1,41,35,Subsampling,0.96,40.77311257179179,40.77311257179179,3.3495305785253868e-15,0,12345
5.0,0.1,42,0,Donor-HCP-no-within,0.97,22.720177483140674,22.720177483140674,9.44695030608341e-16,0,12345
5.0,0.1,42,0,Donor-HCP-within,0.97,22.720177483140674,22.720177483140674,9.44695030608341e-16,0,12345
5.0,0.1,42,0,HCP,0.97,22.720177483140674,22.720177483140674,9.44695030608341e-16,0,12345
5.0,0.1,42,0,Pooling,0.87,17.61044692164353,17.61044692164353,7.984130245395255e-16,0,12345
5.0,0.1,42,0,Repeated,0.91,19.636650556360994,19.636650556360994,4.008001573778346e-15,0,12345
5.0,0.1,42,0,S-HCP-within,0.99,29.063248585304606,28.107376356259557,2.687258875994551,0,12345
5.0,0.1,42,0,Std-CP,1.0,,,,100,12345
5.0,0.1,42,0,Subsampling,0.81,17.167428484942334,17.167428484942334,7.984130245395255e-16,0,12345
5.0,0.1,42,5,Donor-HCP-no-within,0.96,23.49514636319334,22.431759769491332,3.1238476710063363,0,12345
5.0,0.1,42,5,Donor-HCP-within,0.96,21.260794661599256,21.273909742367877,2.49586895412831,0,12345
5.0,0.1,42,5,HCP,0.97,22.720177483140674,22.720177483140674,9.44695030608341e-16,0,12345
5.0,0.1,42,5,Pooling,0.87,17.61044692164353,17.61044692164353,7.984130245395255e-16,0,12345
5.0,0.1,42,5,Repeated,0.91,19.636650556360994,19.636650556360994,4.008001573778346e-15,0,12345
5.0,0.1,42,5,S-HCP-within,0.98,26.869340400165928,26.320207374133577,1.0571941151945419,0,12345
5.0,0.1,42,5,Std-CP,0.86,6.89524510799686,5.536252025237309,4.998517819518116,0,12345
5.0,0.1,42,5,Subsampling,0.81,17.167428484942334,17.167428484942334,7.984130245395255e-16,0,12345
5.0,0.1,42,10,Donor-HCP-no-within,0.97,22.57945332671406,21.829855172534337,3.1302493831804497,0,12345
5.0,0.1,42,10,Donor-HCP-within,0.98,15.99700211796553,15.576477303995919,1.7143618389146325,0,12345
5.0,0.1,42,10,HCP,0.97,22.720177483140674,22.720177483140674,9.44695030608341e-16,0,12345
5.0,0.1,42,10,Pooling,0.87,17.61044692164353,17.61044692164353,7.984130245395255e-16,0,12345
5.0,0.1,42,10,Repeated,0.91,19.636650556360994,19.636650556360994,4.008001573778346e-15,0,12345
5.0,0.1,42,10,S-HCP-within,0.97,26.62399913945056,26.320207374133574,0.9614891780482238,0,12345
5.0,0.1,42,10,Std-CP,0.85,34.37894056446493,13.070401595376028,60.29161118234709,0,12345
5.0,0.1,42,10,Subsampling,0.81,17.167428484942334,17.167428484942334,7.984130245395255e-16,0,12345
5.0,0.1,42,15,Donor-HCP-no-within,0.93,21.323750210647237,21.03625011117294,3.0441326450396775,0,12345
5.0,0.1,42,15,Donor-HCP-within,0.94,13.263573391191803,13.06512531469851,1.3766675539733435,0,12345
5.0,0.1,42,15,HCP,0.97,22.720177483140674,22.720177483140674,9.44695030608341e-16,0,12345
5.0,0.1,42,15,Pooling,0.87,17.61044692164353,17.61044692164353,7.984130245395255e-16,0,12345
5.0,0.1,42,15,Repeated,0.91,19.636650556360994,19.636650556360994,4.008001573778346e-15,0,12345
5.0,0.1,42,15,S-HCP-within,0.98,26.27510445824518,26.1518584909628,0.9097285260490946,0,12345
5.0,0.1,42,15,Std-CP,0.9,9.859915066959738,7.810255433114012,8.65263612964487,0,12345
5.0,0.1,42,15,Subsampling,0.81,17.167428484942334,17.167428484942334,7.984130245395255e-16,0,12345
5.0,0.1,42,20,Donor-HCP-no-within,0.94,19.496707560394192,19.231181951146745,1.699315935449832,0,12345
5.0,0.1,42,20,Donor-HCP-within,0.93,10.731971983353969,10.425092081412023,1.0114068294242262,0,12345
5.0,0.1,42,20,HCP,0.97,22.720177483140674,22.720177483140674,9.44695030608341e-16,0,12345
5.0,0.1,42,20,Pooling,0.87,17.61044692164353,17.61044692164353,7.984130245395255e-16,0,12345
5.0,0.1,42,20,Repeated,0.91,19.636650556360994,19.636650556360994,4.008001573778346e-15,0,12345
5.0,0.1,42,20,S-HCP-within,0.94,22.713062916207814,23.146024326141593,2.025552558915148,0,12345
5.0,0.1,42,20,Std-CP,0.91,7.282951017843427,6.879881631394952,2.7008159448890665,0,12345
5.0,0.1,42,20,Subsampling,0.81,17.167428484942334,17.167428484942334,7.984130245395255e-16,0,12345
5.0,0.1,42,25,Donor-HCP-no-within,0.92,14.287934575388677,13.836842255625458,6.389944919068729,0,12345
5.0,0.1,42,25,Donor-HCP-within,0.94,5.98432758213914,5.876335017301024,1.6272243930713595,0,12345
5.0,0.1,42,25,HCP,0.97,22.720177483140674,22.720177483140674,9.44695030608341e-16,0,12345
5.0,0.1,42,25,Pooling,0.87,17.61044692164353,17.61044692164353,7.984130245395255e-16,0,12345
5.0,0.1,42,25,Repeated,0.91,19.636650556360994,19.636650556360994,4.008001573778346e-15,0,12345
5.0,0.1,42,25,S-HCP-within,0.95,14.688751608639729,14.362281901012043,6.602004139180183,0,12345
5.0,0.1,42,25,Std-CP,0.92,7.147332108767451,6.84951635782974,2.2282740183573324,0,12345
5.0,0.1,42,25,Subsampling,0.81,17.167428484942334,17.167428484942334,7.984130245395255e-16,0,12345
5.0,0.1,42,30,Donor-HCP-no-within,0.9,13.658625336860444,13.300293365590914,6.245611187815153,0,12345
5.0,0.1,42,30,Donor-HCP-within,0.94,5.984131828710457,5.898739349827647,1.5419009938772363,0,12345
5.0,0.1,42,30,HCP,0.97,22.720177483140674,22.720177483140674,9.44695030608341e-16,0,12345
5.0,0.1,42,30,Pooling,0.87,17.61044692164353,17.61044692164353,7.984130245395255e-16,0,12345
5.0,0.1,42,30,Repeated,0.91,19.636650556360994,19.636650556360994,4.008001573778346e-15,0,12345
5.0,0.1,42,30,S-HCP-within,0.91,14.648983899366655,14.222155516752112,6.5556162992403335,0,12345
5.0,0.1,42,30,Std-CP,0.93,6.887726424459435,6.54203722974966,2.3793025038792592,0,12345
5.0,0.1,42,30,Subsampling,0.81,17.167428484942334,17.167428484942334,7.984130245395255e-16,0,12345
5.0,0.1,42,35,Donor-HCP-no-within,0.91,13.934406870754371,13.466249162199404,6.195927443992114,0,12345
5.0,0.1,42,35,Donor-HCP-within,0.93,6.1870686417811065,6.229790111943299,1.504133520059133,0,12345
5.0,0.1,42,35,HCP,0.97,22.720177483140674,22.720177483140674,9.44695030608341e-16,0,12345
5.0,0.1,42,35,Pooling,0.87,17.61044692164353,17.61044692164353,7.984130245395255e-16,0,12345
5.0,0.1,42,35,Repeated,0.91,19.636650556360994,19.636650556360994,4.008001573778346e-15,0,12345
5.0,0.1,42,35,S-HCP-within,0.93,14.916354890843458,14.332592140544817,6.504190496013985,0,12345
5.0,0.1,42,35,Std-CP,0.96,6.90708421553383,6.805197334125951,2.062083164341267,0,12345
5.0,0.1,42,35,Subsampling,0.81,17.167428484942334,17.167428484942334,7.984130245395255e-16,0,12345
5.0,0.1,43,0,Donor-HCP-no-within,0.91,37.70305730924054,37.70305730924054,4.628041575066743e-15,0,12345
5.0,0.1,43,0,Donor-HCP-within,0.91,37.70305730924054,37.70305730924054,4.628041575066743e-15,0,12345
5.0,0.1,43,0,HCP,0.91,37.70305730924054,37.70305730924054,4.628041575066743e-15,0,12345
5.0,0.1,43,0,Pooling,0.8,29.517895020705218,29.517895020705218,1.6747652892626934e-15,0,12345
5.0,0.1,43,0,Repeated,0.9,34.47788666896449,34.47788666896449,0.0,0,12345
5.0,0.1,43,0,S-HCP-within,0.9,30.9449875586904,29.824889653940982,2.8504453058577264,0,12345
5.0,0.1,43,0,Std-CP,1.0,,,,100,12345
5.0,0.1,43,0,Subsampling,0.83,31.257805752483133,31.25780575248313,1.820661819318084e-15,0,12345
5.0,0.1,43,5,Donor-HCP-no-within,0.91,37.997257924005275,38.82299720489845,2.6502904234341442,0,12345
5.0,0.1,43,5,Donor-HCP-within,0.94,32.64759584856666,32.784194024553145,2.387015477293018,0,12345
5.0,0.1,43,5,HCP,0.91,37.70305730924054,37.70305730924054,4.628041575066743e-15,0,12345
5.0,0.1,43,5,Pooling,0.8,29.517895020705218,29.517895020705218,1.6747652892626934e-15,0,12345
5.0,0.1,43,5,Repeated,0.9,34.47788666896449,34.47788666896449,0.0,0,12345
5.0,0.1,43,5,S-HCP-within,0.9,28.437487955287992,27.99777187445158,2.375320142609883,0,12345
5.0,0.1,43,5,Std-CP,0.73,7.694485799771151,5.3926349485363705,7.033209451905586,0,12345
5.0,0.1,43,5,Subsampling,0.83,31.257805752483133,31.25780575248313,1.820661819318084e-15,0,12345
5.0,0.1,43,10,Donor-HCP-no-within,0.92,35.906432237005895,37.14111945384103,2.845863973931737,0,12345
5.0,0.1,43,10,Donor-HCP-within,0.9,24.78108218366915,24.563819501030252,2.007675672629539,0,12345
5.0,0.1,43,10,HCP,0.91,37.70305730924054,37.70305730924054,4.628041575066743e-15,0,12345
5.0,0.1,43,10,Pooling,0.8,29.517895020705218,29.517895020705218,1.6747652892626934e-15,0,12345
5.0,0.1,43,10,Repeated,0.9,34.47788666896449,34.47788666896449,0.0,0,12345
5.0,0.1,43,10,S-HCP-within,0.91,27.856731994245823,27.246983259888026,2.5375621223922042,0,12345
5.0,0.1,43,10,Std-CP,0.84,24.172479085428275,12.10996449194557,34.366980970469214,0,12345
5.0,0.1,43,10,Subsampling,0.83,31.257805752483133,31.25780575248313,1.820661819318084e-15,0,12345
5.0,0.1,43,15,Donor-HCP-no-within,0.86,34.08642660099465,33.33606699649995,2.9588445493633873,0,12345
5.0,0.1,43,15,Donor-HCP-within,0.88,20.870706799194764,20.92438447529416,1.897380167765374,0,12345
5.0,0.1,43,15,HCP,0.91,37.70305730924054,37.70305730924054,4.628041575066743e-15,0,12345
5.0,0.1,43,15,Pooling,0.8,29.517895020705218,29.517895020705218,1.6747652892626934e-15,0,12345
5.0,0.1,43,15,Repeated,0.9,34.47788666896449,34.47788666896449,0.0,0,12345
5.0,0.1,43,15,S-HCP-within,0.89,27.592589667670424,27.23016480492341,2.5830133128624575,0,12345
5.0,0.1,43,15,Std-CP,0.91,8.670104937056768,7.518591088035063,4.407500994081383,0,12345
5.0,0.1,43,15,Subsampling,0.83,31.257805752483133,31.25780575248313,1.820661819318084e-15,0,12345
5.0,0.1,43,20,Donor-HCP-no-within,0.86,30.7059667031339,28.7950250356677,4.954581203229747,0,12345
5.0,0.1,43,20,Donor-HCP-within,0.86,16.286994308406854,14.976742770502696,2.3983747976118663,0,12345
5.0,0.1,43,20,HCP,0.91,37.70305730924054,37.70305730924054,4.628041575066743e-15,0,12345
5.0,0.1,43,20,Pooling,0.8,29.517895020705218,29.517895020705218,1.6747652892626934e-15,0,12345
5.0,0.1,43,20,Repeated,0.9,34.47788666896449,34.47788666896449,0.0,0,12345
5.0,0.1,43,20,S-HCP-within,0.88,25.880064833144242,24.819791086833582,3.2055271881421206,0,12345
5.0,0.1,43,20,Std-CP,0.94,7.236008923482052,7.187904632207838,2.8288012313974695,0,12345
5.0,0.1,43,20,Subsampling,0.83,31.257805752483133,31.25780575248313,1.820661819318084e-15,0,12345
5.0,0.1,43,25,Donor-HCP-no-within,0.96,17.990262782177414,16.24456119496231,8.843234351515587,0,12345
5.0,0.1,43,25,Donor-HCP-within,0.95,6.670825769620561,6.4267994285476195,2.0240736006301776,0,12345
5.0,0.1,43,25,HCP,0.91,37.70305730924054,37.70305730924054,4.628041575066743e-15,0,12345
5.0,0.1,43,25,Pooling,0.8,29.517895020705218,29.517895020705218,1.6747652892626934e-15,0,12345
5.0,0.1,43,25,Repeated,0.9,34.47788666896449,34.47788666896449,0.0,0,12345
5.0,0.1,43,25,S-HCP-within,0.96,18.86998928328548,17.319136256404548,9.243608394278699,0,12345
5.0,0.1,43,25,Std-CP,0.93,7.156267232963997,6.7274457769166425,2.6043438772389718,0,12345
5.0,0.1,43,25,Subsampling,0.83,31.257805752483133,31.25780575248313,1.820661819318084e-15,0,12345
5.0,0.1,43,30,Donor-HCP-no-within,0.93,17.43358661335175,15.37937596459884,8.783737045014457,0,12345
5.0,0.1,43,30,Donor-HCP-within,0.96,6.437710961801275,6.075434038668522,2.041777860853478,0,12345
5.0,0.1,43,30,HCP,0.91,37.70305730924054,37.70305730924054,4.628041575066743e-15,0,12345
5.0,0.1,43,30,Pooling,0.8,29.517895020705218,29.517895020705218,1.6747652892626934e-15,0,12345
5.0,0.1,43,30,Repeated,0.9,34.47788666896449,34.47788666896449,0.0,0,12345
5.0,0.1,43,30,S-HCP-within,0.96,18.878628641042372,17.217556604119785,9.26117248855965,0,12345
5.0,0.1,43,30,Std-CP,0.93,6.555660842861164,6.326388124736862,1.9647284896185695,0,12345
5.0,0.1,43,30,Subsampling,0.83,31.257805752483133,31.25780575248313,1.820661819318084e-15,0,12345
5.0,0.1,43,35,Donor-HCP-no-within,0.94,17.712495542486046,15.448903266813698,8.775909916481757,0,12345
5.0,0.1,43,35,Donor-HCP-within,0.96,6.4854690628233165,6.088805501919994,1.8547424506089998,0,12345
5.0,0.1,43,35,HCP,0.91,37.70305730924054,37.70305730924054,4.628041575066743e-15,0,12345
5.0,0.1,43,35,Pooling,0.8,29.517895020705218,29.517895020705218,1.6747652892626934e-15,0,12345
5.0,0.1,43,35,Repeated,0.9,34.47788666896449,34.47788666896449,0.0,0,12345
5.0,0.1,43,35,S-HCP-within,0.96,18.95246397353278,17.386024060315886,8.979925999258032,0,12345
5.0,0.1,43,35,Std-CP,0.94,6.83904391283085,6.753760009066022,1.9520236735001963,0,12345
5.0,0.1,43,35,Subsampling,0.83,31.257805752483133,31.25780575248313,1.820661819318084e-15,0,12345
5.0,0.1,44,0,Donor-HCP-no-within,0.98,41.53396971761089,41.533969717610894,4.6828132043409275e-15,0,12345
5.0,0.1,44,0,Donor-HCP-within,0.98,41.53396971761089,41.533969717610894,4.6828132043409275e-15,0,12345
5.0,0.1,44,0,HCP,0.98,41.53396971761089,41.533969717610894,4.6828132043409275e-15,0,12345
5.0,0.1,44,0,Pooling,0.92,32.3750509292878,32.3750509292878,4.1023203976182695e-15,0,12345
5.0,0.1,44,0,Repeated,0.96,37.691348889078135,37.691348889078135,4.284733912779808e-15,0,12345
5.0,0.1,44,0,S-HCP-within,0.86,41.70171308251227,41.59672004829889,3.5180505181528696,0,12345
5.0,0.1,44,0,Std-CP,1.0,,,,100,12345
5.0,0.1,44,0,Subsampling,0.98,42.919994132744996,42.919994132744996,4.736951571734001e-15,0,12345
5.0,0.1,44,5,Donor-HCP-no-within,0.98,35.13884677032604,36.87365303872756,4.556004029790415,0,12345
5.0,0.1,44,5,Donor-HCP-within,0.98,30.506722147425858,32.56879441385637,4.617595702359411,0,12345
5.0,0.1,44,5,HCP,0.98,41.53396971761089,41.533969717610894,4.6828132043409275e-15,0,12345
5.0,0.1,44,5,Pooling,0.92,32.3750509292878,32.3750509292878,4.1023203976182695e-15,0,12345
5.0,0.1,44,5,Repeated,0.96,37.691348889078135,37.691348889078135,4.284733912779808e-15,0,12345
5.0,0.1,44,5,S-HCP-within,0.84,39.59193889575047,39.812855595031095,2.384275883649539,0,12345
5.0,0.1,44,5,Std-CP,0.77,6.869042602908439,4.921284636050852,7.746045031686511,0,12345
5.0,0.1,44,5,Subsampling,0.98,42.919994132744996,42.919994132744996,4.736951571734001e-15,0,12345
5.0,0.1,44,10,Donor-HCP-no-within,0.95,32.96900030043986,35.19067762578676,5.066584802699691,0,12345
5.0,0.1,44,10,Donor-HCP-within,0.99,25.372017339442294,26.483154110944028,3.352332545740476,0,12345
5.0,0.1,44,10,HCP,0.98,41.53396971761089,41.533969717610894,4.6828132043409275e-15,0,12345
5.0,0.1,44,10,Pooling,0.92,32.3750509292878,32.3750509292878,4.1023203976182695e-15,0,12345
5.0,0.1,44,10,Repeated,0.96,37.691348889078135,37.691348889078135,4.284733912779808e-15,0,12345
5.0,0.1,44,10,S-HCP-within,0.86,39.30013606699353,38.54680183689684,2.4082581672875545,0,12345
5.0,0.1,44,10,Std-CP,0.8,30.763667194209617,12.20647774292433,61.41586657246925,0,12345
5.0,0.1,44,10,Subsampling,0.98,42.919994132744996,42.919994132744996,4.736951571734001e-15,0,12345
5.0,0.1,44,15,Donor-HCP-no-within,0.98,31.59732864378539,33.725827877986724,5.0396803000269825,0,12345
5.0,0.1,44,15,Donor-HCP-within,0.95,21.37382215431299,22.73081725876328,3.41995407216673,0,12345
5.0,0.1,44,15,HCP,0.98,41.53396971761089,41.533969717610894,4.6828132043409275e-15,0,12345
5.0,0.1,44,15,Pooling,0.92,32.3750509292878,32.3750509292878,4.1023203976182695e-15,0,12345
5.0,0.1,44,15,Repeated,0.96,37.691348889078135,37.691348889078135,4.284733912779808e-15,0,12345
5.0,0.1,44,15,S-HCP-within,0.86,39.28072805407758,38.47987938892796,2.702479850006865,0,12345
5.0,0.1,44,15,Std-CP,0.91,8.154523895974423,7.685530461034556,4.00163241418522,0,12345
5.0,0.1,44,15,Subsampling,0.98,42.919994132744996,42.919994132744996,4.736951571734001e-15,0,12345
5.0,0.1,44,20,Donor-HCP-no-within,0.93,27.408476728692094,27.57827443465203,4.327964933117733,0,12345
5.0,0.1,44,20,Donor-HCP-within,0.94,16.53467762381081,17.008736101470248,2.0329461566091593,0,12345
5.0,0.1,44,20,HCP,0.98,41.53396971761089,41.533969717610894,4.6828132043409275e-15,0,12345
5.0,0.1,44,20,Pooling,0.92,32.3750509292878,32.3750509292878,4.1023203976182695e-15,0,12345
5.0,0.1,44,20,Repeated,0.96,37.691348889078135,37.691348889078135,4.284733912779808e-15,0,12345
5.0,0.1,44,20,S-HCP-within,0.86,38.53991000397238,37.765355714109376,2.537052945103547,0,12345
5.0,0.1,44,20,Std-CP,0.94,6.615064948541727,6.201847214814583,2.920513102527625,0,12345
5.0,0.1,44,20,Subsampling,0.98,42.919994132744996,42.919994132744996,4.736951571734001e-15,0,12345
5.0,0.1,44,25,Donor-HCP-no-within,0.97,13.367092318701346,11.619787005623225,6.627904166226014,0,12345
5.0,0.1,44,25,Donor-HCP-within,1.0,6.058642958337735,5.774661331360761,1.7204906884541737,0,12345
5.0,0.1,44,25,HCP,0.98,41.53396971761089,41.533969717610894,4.6828132043409275e-15,0,12345
5.0,0.1,44,25,Pooling,0.92,32.3750509292878,32.3750509292878,4.1023203976182695e-15,0,12345
5.0,0.1,44,25,Repeated,0.96,37.691348889078135,37.691348889078135,4.284733912779808e-15,0,12345
5.0,0.1,44,25,S-HCP-within,1.0,13.893411444004878,12.184748334224693,6.764376273148313,0,12345
5.0,0.1,44,25,Std-CP,0.98,6.8823022782749215,6.379596495029146,2.5476888234288544,0,12345
5.0,0.1,44,25,Subsampling,0.98,42.919994132744996,42.919994132744996,4.736951571734001e-15,0,12345
5.0,0.1,44,30,Donor-HCP-no-within,0.96,12.834562724874951,11.162897479253829,6.612284244247812,0,12345
5.0,0.1,44,30,Donor-HCP-within,0.98,6.021372362573044,5.705638645534497,1.705371538691994,0,12345
5.0,0.1,44,30,HCP,0.98,41.53396971761089,41.533969717610894,4.6828132043409275e-15,0,12345
5.0,0.1,44,30,Pooling,0.92,32.3750509292878,32.3750509292878,4.1023203976182695e-15,0,12345
5.0,0.1,44,30,Repeated,0.96,37.691348889078135,37.691348889078135,4.284733912779808e-15,0,12345
5.0,0.1,44,30,S-HCP-within,0.99,13.895285842908986,11.682418150377217,6.713098750592139,0,12345
5.0,0.1,44,30,Std-CP,1.0,6.585631542126334,6.230354112059269,2.1778218865089545,0,12345
5.0,0.1,44,30,Subsampling,0.98,42.919994132744996,42.919994132744996,4.736951571734001e-15,0,12345
5.0,0.1,44,35,Donor-HCP-no-within,0.96,13.036392650817834,11.6768387843871,6.601617274586434,0,12345
5.0,0.1,44,35,Donor-HCP-within,0.99,6.222681320578009,5.951957077810497,1.7431046842445024,0,12345
5.0,0.1,44,35,HCP,0.98,41.53396971761089,41.533969717610894,4.6828132043409275e-15,0,12345
5.0,0.1,44,35,Pooling,0.92,32.3750509292878,32.3750509292878,4.1023203976182695e-15,0,12345
5.0,0.1,44,35,Repeated,0.96,37.691348889078135,37.691348889078135,4.284733912779808e-15,0,12345
5.0,0.1,44,35,S-HCP-within,0.99,14.06163886071648,12.45105735626755,6.885607931820827,0,12345
5.0,0.1,44,35,Std-CP,1.0,6.486745519905404,6.350038664111123,2.1185062969373316,0,12345
5.0,0.1,44,35,Subsampling,0.98,42.919994132744996,42.919994132744996,4.736951571734001e-15,0,12345
5.0,0.1,45,0,Donor-HCP-no-within,0.93,33.205212685029196,33.205212685029196,0.0,0,12345
5.0,0.1,45,0,Donor-HCP-within,0.93,33.205212685029196,33.205212685029196,0.0,0,12345
5.0,0.1,45,0,HCP,0.93,33.205212685029196,33.205212685029196,0.0,0,12345
5.0,0.1,45,0,Pooling,0.77,24.112415474405452,24.112415474405452,0.0,0,12345
5.0,0.1,45,0,Repeated,0.85,28.22085933457755,28.22085933457755,3.4802016891744517e-15,0,12345
5.0,0.1,45,0,S-HCP-within,0.9,17.14282938376097,17.192985178811988,1.4704028830319429,0,12345
5.0,0.1,45,0,Std-CP,1.0,,,,100,12345
5.0,0.1,45,0,Subsampling,0.78,24.57413748532028,24.57413748532028,0.0,0,12345
5.0,0.1,45,5,Donor-HCP-no-within,0.97,31.10820436455591,30.50957169044226,3.419804067474375,0,12345
5.0,0.1,45,5,Donor-HCP-within,0.95,25.994557806952667,25.875110408588142,2.9199326556427647,0,12345
5.0,0.1,45,5,HCP,0.93,33.205212685029196,33.205212685029196,0.0,0,12345
5.0,0.1,45,5,Pooling,0.77,24.112415474405452,24.112415474405452,0.0,0,12345
5.0,0.1,45,5,Repeated,0.85,28.22085933457755,28.22085933457755,3.4802016891744517e-15,0,12345
5.0,0.1,45,5,S-HCP-within,0.91,16.491970944859872,16.534221504929747,0.8334430962949781,0,12345
5.0,0.1,45,5,Std-CP,0.76,5.4780782764673726,4.829392545708278,3.2609615489931243,0,12345
5.0,0.1,45,5,Subsampling,0.78,24.57413748532028,24.57413748532028,0.0,0,12345
5.0,0.1,45,10,Donor-HCP-no-within,0.95,30.1509820361918,28.96043746648865,3.9126322562935476,0,12345
5.0,0.1,45,10,Donor-HCP-within,0.94,20.39157034783152,20.306979347069337,2.1105136738446055,0,12345
5.0,0.1,45,10,HCP,0.93,33.205212685029196,33.205212685029196,0.0,0,12345
5.0,0.1,45,10,Pooling,0.77,24.112415474405452,24.112415474405452,0.0,0,12345
5.0,0.1,45,10,Repeated,0.85,28.22085933457755,28.22085933457755,3.4802016891744517e-15,0,12345
5.0,0.1,45,10,S-HCP-within,0.9,16.508620838201743,16.408559240178853,0.6587824623335206,0,12345
5.0,0.1,45,10,Std-CP,0.78,29.471009703130868,9.528507838909077,65.73387218720283,0,12345
5.0,0.1,45,10,Subsampling,0.78,24.57413748532028,24.57413748532028,0.0,0,12345
5.0,0.1,45,15,Donor-HCP-no-within,0.96,28.266016951175935,26.463520105399695,3.5977896041009823,0,12345
5.0,0.1,45,15,Donor-HCP-within,0.94,18.14240669435777,17.59180789237377,2.0905302291654815,0,12345
5.0,0.1,45,15,HCP,0.93,33.205212685029196,33.205212685029196,0.0,0,12345
5.0,0.1,45,15,Pooling,0.77,24.112415474405452,24.112415474405452,0.0,0,12345
5.0,0.1,45,15,Repeated,0.85,28.22085933457755,28.22085933457755,3.4802016891744517e-15,0,12345
5.0,0.1,45,15,S-HCP-within,0.91,16.54776544396768,16.534221504929747,0.7096087940781511,0,12345
5.0,0.1,45,15,Std-CP,0.87,9.270574110528521,7.623596846641455,6.530026426427503,0,12345
5.0,0.1,45,15,Subsampling,0.78,24.57413748532028,24.57413748532028,0.0,0,12345
5.0,0.1,45,20,Donor-HCP-no-within,0.97,26.936180873462295,25.583594691253317,4.365250979286638,0,12345
5.0,0.1,45,20,Donor-HCP-within,0.89,14.038474836106301,13.65703084269296,1.668432640321526,0,12345
5.0,0.1,45,20,HCP,0.93,33.205212685029196,33.205212685029196,0.0,0,12345
5.0,0.1,45,20,Pooling,0.77,24.112415474405452,24.112415474405452,0.0,0,12345
5.0,0.1,45,20,Repeated,0.85,28.22085933457755,28.22085933457755,3.4802016891744517e-15,0,12345
5.0,0.1,45,20,S-HCP-within,0.91,16.288314396079727,16.124613746752658,0.5559401074999429,0,12345
5.0,0.1,45,20,Std-CP,0.91,6.831386262001676,6.037102759615122,2.9576986652088118,0,12345
5.0,0.1,45,20,Subsampling,0.78,24.57413748532028,24.57413748532028,0.0,0,12345
5.0,0.1,45,25,Donor-HCP-no-within,0.93,11.957244808388428,10.736787875674743,6.038411020478893,0,12345
5.0,0.1,45,25,Donor-HCP-within,0.92,5.780955546198329,5.572559893285932,1.6759728921880612,0,12345
5.0,0.1,45,25,HCP,0.93,33.205212685029196,33.205212685029196,0.0,0,12345
5.0,0.1,45,25,Pooling,0.77,24.112415474405452,24.112415474405452,0.0,0,12345
5.0,0.1,45,25,Repeated,0.85,28.22085933457755,28.22085933457755,3.4802016891744517e-15,0,12345
5.0,0.1,45,25,S-HCP-within,0.89,12.207503547858325,11.100537644262381,6.213973263112557,0,12345
5.0,0.1,45,25,Std-CP,0.93,6.887936145452466,6.4706560637360635,2.385014141780719,0,12345
5.0,0.1,45,25,Subsampling,0.78,24.57413748532028,24.57413748532028,0.0,0,12345
5.0,0.1,45,30,Donor-HCP-no-within,0.91,11.511346898972176,10.337315794153401,6.087253198135997,0,12345
5.0,0.1,45,30,Donor-HCP-within,0.95,5.848101685432936,5.724430996557677,1.5816083553711577,0,12345
5.0,0.1,45,30,HCP,0.93,33.205212685029196,33.205212685029196,0.0,0,12345
5.0,0.1,45,30,Pooling,0.77,24.112415474405452,24.112415474405452,0.0,0,12345
5.0,0.1,45,30,Repeated,0.85,28.22085933457755,28.22085933457755,3.4802016891744517e-15,0,12345
5.0,0.1,45,30,S-HCP-within,0.92,12.37780387072201,10.988926876624461,6.103057574857792,0,12345
5.0,0.1,45,30,Std-CP,0.96,6.451657882028255,6.004636407312656,1.8879562479232221,0,12345
5.0,0.1,45,30,Subsampling,0.78,24.57413748532028,24.57413748532028,0.0,0,12345
5.0,0.1,45,35,Donor-HCP-no-within,0.92,11.758491187331407,10.337315794153401,6.121888341114366,0,12345
5.0,0.1,45,35,Donor-HCP-within,0.96,6.083537843581,5.84515791513367,1.6018754069638468,0,12345
5.0,0.1,45,35,HCP,0.93,33.205212685029196,33.205212685029196,0.0,0,12345
5.0,0.1,45,35,Pooling,0.77,24.112415474405452,24.112415474405452,0.0,0,12345
5.0,0.1,45,35,Repeated,0.85,28.22085933457755,28.22085933457755,3.4802016891744517e-15,0,12345
5.0,0.1,45,35,S-HCP-within,0.93,12.73410295723598,11.158396574047888,6.0786831160605646,0,12345
5.0,0.1,45,35,Std-CP,0.95,6.250608835956764,6.021169583229304,1.9251242901327703,0,12345
5.0,0.1,45,35,Subsampling,0.78,24.57413748532028,24.57413748532028,0.0,0,12345
5.0,0.1,46,0,Donor-HCP-no-within,1.0,34.81101649381609,34.81101649381609,3.498470589969791e-15,0,12345
5.0,0.1,46,0,Donor-HCP-within,1.0,34.81101649381609,34.81101649381609,3.498470589969791e-15,0,12345
5.0,0.1,46,0,HCP,1.0,34.81101649381609,34.81101649381609,3.498470589969791e-15,0,12345
5.0,0.1,46,0,Pooling,0.96,28.14122093296507,28.14122093296507,0.0,0,12345
5.0,0.1,46,0,Repeated,1.0,32.11468143987392,32.11468143987392,0.0,0,12345
5.0,0.1,46,0,S-HCP-within,0.92,33.33380062563534,33.57803877730133,2.5351096492005993,0,12345
5.0,0.1,46,0,Std-CP,1.0,,,,100,12345
5.0,0.1,46,0,Subsampling,1.0,36.296340823572166,36.296340823572166,0.0,0,12345
5.0,0.1,46,5,Donor-HCP-no-within,0.97,35.11555493452773,34.04490831443011,4.101171069197269,0,12345
5.0,0.1,46,5,Donor-HCP-within,0.99,30.577659484502348,29.584486352335816,3.3758792447255366,0,12345
5.0,0.1,46,5,HCP,1.0,34.81101649381609,34.81101649381609,3.498470589969791e-15,0,12345
5.0,0.1,46,5,Pooling,0.96,28.14122093296507,28.14122093296507,0.0,0,12345
5.0,0.1,46,5,Repeated,1.0,32.11468143987392,32.11468143987392,0.0,0,12345
5.0,0.1,46,5,S-HCP-within,0.93,31.681872143574807,31.128374027768345,1.8183992104291158,0,12345
5.0,0.1,46,5,Std-CP,0.8,5.868863682569875,4.774294464843113,4.192899536997859,0,12345
5.0,0.1,46,5,Subsampling,1.0,36.296340823572166,36.296340823572166,0.0,0,12345
5.0,0.1,46,10,Donor-HCP-no-within,0.98,34.073496472481565,33.0452792462783,3.960726061953404,0,12345
5.0,0.1,46,10,Donor-HCP-within,0.97,24.1065639308162,23.686560307714352,2.6702650117070625,0,12345
5.0,0.1,46,10,HCP,1.0,34.81101649381609,34.81101649381609,3.498470589969791e-15,0,12345
5.0,0.1,46,10,Pooling,0.96,28.14122093296507,28.14122093296507,0.0,0,12345
5.0,0.1,46,10,Repeated,1.0,32.11468143987392,32.11468143987392,0.0,0,12345
5.0,0.1,46,10,S-HCP-within,0.93,31.24555907587178,30.74706915246872,1.7142224857099264,0,12345
5.0,0.1,46,10,Std-CP,0.82,24.776279944096185,10.943036528449188,39.94274759789224,0,12345
5.0,0.1,46,10,Subsampling,1.0,36.296340823572166,36.296340823572166,0.0,0,12345
5.0,0.1,46,15,Donor-HCP-no-within,0.98,33.55966563704585,32.39464506275057,4.135729631045888,0,12345
5.0,0.1,46,15,Donor-HCP-within,0.95,20.83114773790062,19.835030286753906,2.450456425523836,0,12345
5.0,0.1,46,15,HCP,1.0,34.81101649381609,34.81101649381609,3.498470589969791e-15,0,12345
5.0,0.1,46,15,Pooling,0.96,28.14122093296507,28.14122093296507,0.0,0,12345
5.0,0.1,46,15,Repeated,1.0,32.11468143987392,32.11468143987392,0.0,0,12345
5.0,0.1,46,15,S-HCP-within,0.93,31.0435600165918,30.657437701825085,1.5120404043283215,0,12345
5.0,0.1,46,15,Std-CP,0.89,9.966474074705594,7.645363127464124,7.04488809124617,0,12345
5.0,0.1,46,15,Subsampling,1.0,36.296340823572166,36.296340823572166,0.0,0,12345
5.0,0.1,46,20,Donor-HCP-no-within,0.95,32.58920399904845,31.909107300747547,4.1993619810917595,0,12345
5.0,0.1,46,20,Donor-HCP-within,0.95,17.058399783067593,16.63206408843604,2.279270759277502,0,12345
5.0,0.1,46,20,HCP,1.0,34.81101649381609,34.81101649381609,3.498470589969791e-15,0,12345
5.0,0.1,46,20,Pooling,0.96,28.14122093296507,28.14122093296507,0.0,0,12345
5.0,0.1,46,20,Repeated,1.0,32.11468143987392,32.11468143987392,0.0,0,12345
5.0,0.1,46,20,S-HCP-within,0.93,30.669769393631753,30.294373536474794,1.2572242480786051,0,12345
5.0,0.1,46,20,Std-CP,0.95,7.157578862569785,6.633523279952305,3.0285356935246215,0,12345
5.0,0.1,46,20,Subsampling,1.0,36.296340823572166,36.296340823572166,0.0,0,12345
5.0,0.1,46,25,Donor-HCP-no-within,0.94,16.24942313504152,14.72080335073227,8.0135255449076,0,12345
5.0,0.1,46,25,Donor-HCP-within,0.96,6.0336665250285675,5.697917684292898,1.7291767315248643,0,12345
5.0,0.1,46,25,HCP,1.0,34.81101649381609,34.81101649381609,3.498470589969791e-15,0,12345
5.0,0.1,46,25,Pooling,0.96,28.14122093296507,28.14122093296507,0.0,0,12345
5.0,0.1,46,25,Repeated,1.0,32.11468143987392,32.11468143987392,0.0,0,12345
5.0,0.1,46,25,S-HCP-within,0.98,16.941605330752306,15.473566228472794,8.384385069587623,0,12345
5.0,0.1,46,25,Std-CP,0.93,6.3863250853246765,5.971130307492427,2.2705047584562177,0,12345
5.0,0.1,46,25,Subsampling,1.0,36.296340823572166,36.296340823572166,0.0,0,12345
5.0,0.1,46,30,Donor-HCP-no-within,0.94,15.781542586013357,14.295010873726373,7.944773229407374,0,12345
5.0,0.1,46,30,Donor-HCP-within,0.94,6.074841171898495,5.74549200052831,1.9899910701935606,0,12345
5.0,0.1,46,30,HCP,1.0,34.81101649381609,34.81101649381609,3.498470589969791e-15,0,12345
5.0,0.1,46,30,Pooling,0.96,28.14122093296507,28.14122093296507,0.0,0,12345
5.0,0.1,46,30,Repeated,1.0,32.11468143987392,32.11468143987392,0.0,0,12345
5.0,0.1,46,30,S-HCP-within,0.96,17.030952481124803,14.950571596851352,8.187872351686288,0,12345
5.0,0.1,46,30,Std-CP,0.98,6.471100614480486,6.254741143169098,2.2714903866828626,0,12345
5.0,0.1,46,30,Subsampling,1.0,36.296340823572166,36.296340823572166,0.0,0,12345
5.0,0.1,46,35,Donor-HCP-no-within,0.95,16.04838828890325,14.559245686251401,7.95534907098255,0,12345
5.0,0.1,46,35,Donor-HCP-within,0.95,6.266615035541159,5.974521589666321,1.7940276021676687,0,12345
5.0,0.1,46,35,HCP,1.0,34.81101649381609,34.81101649381609,3.498470589969791e-15,0,12345
5.0,0.1,46,35,Pooling,0.96,28.14122093296507,28.14122093296507,0.0,0,12345
5.0,0.1,46,35,Repeated,1.0,32.11468143987392,32.11468143987392,0.0,0,12345
5.0,0.1,46,35,S-HCP-within,0.97,17.253416409957623,15.392072988407797,8.20288202369359,0,12345
5.0,0.1,46,35,Std-CP,0.97,6.7177243668653475,6.639221821121221,2.231506602859989,0,12345
5.0,0.1,46,35,Subsampling,1.0,36.296340823572166,36.296340823572166,0.0,0,12345
5.0,0.1,47,0,Donor-HCP-no-within,0.98,29.02710270665141,29.02710270665141,2.3952390736185764e-15,0,12345
5.0,0.1,47,0,Donor-HCP-within,0.98,29.02710270665141,29.02710270665141,2.3952390736185764e-15,0,12345
5.0,0.1,47,0,HCP,0.98,29.02710270665141,29.02710270665141,2.3952390736185764e-15,0,12345
5.0,0.1,47,0,Pooling,0.94,24.48467131814253,24.48467131814253,0.0,0,12345
5.0,0.1,47,0,Repeated,0.95,26.409187389850004,26.409187389850004,0.0,0,12345
5.0,0.1,47,0,S-HCP-within,0.92,22.510986382894586,22.102288718179366,3.6369444304109333,0,12345
5.0,0.1,47,0,Std-CP,1.0,,,,100,12345
5.0,0.1,47,0,Subsampling,0.97,28.15147106535572,28.151471065355725,2.3952390736185764e-15,0,12345
5.0,0.1,47,5,Donor-HCP-no-within,0.97,31.16266189054696,28.04489172164182,5.540262183953912,0,12345
5.0,0.1,47,5,Donor-HCP-within,1.0,27.31580166854222,24.728113996139108,4.565054196859665,0,12345
5.0,0.1,47,5,HCP,0.98,29.02710270665141,29.02710270665141,2.3952390736185764e-15,0,12345
5.0,0.1,47,5,Pooling,0.94,24.48467131814253,24.48467131814253,0.0,0,12345
5.0,0.1,47,5,Repeated,0.95,26.409187389850004,26.409187389850004,0.0,0,12345
5.0,0.1,47,5,S-HCP-within,0.91,20.95375716409712,20.659974440428172,1.7145862753543195,0,12345
5.0,0.1,47,5,Std-CP,0.74,7.05206506389627,5.3563924372218175,5.9871267005737066,0,12345
5.0,0.1,47,5,Subsampling,0.97,28.15147106535572,28.151471065355725,2.3952390736185764e-15,0,12345
5.0,0.1,47,10,Donor-HCP-no-within,0.95,29.34195330102412,26.573129258109777,5.194901338721386,0,12345
5.0,0.1,47,10,Donor-HCP-within,0.97,22.202371089586293,19.60708612320341,3.8917267590262004,0,12345
5.0,0.1,47,10,HCP,0.98,29.02710270665141,29.02710270665141,2.3952390736185764e-15,0,12345
5.0,0.1,47,10,Pooling,0.94,24.48467131814253,24.48467131814253,0.0,0,12345
5.0,0.1,47,10,Repeated,0.95,26.409187389850004,26.409187389850004,0.0,0,12345
5.0,0.1,47,10,S-HCP-within,0.93,20.33223513243261,19.930409461882505,1.591829938324235,0,12345
5.0,0.1,47,10,Std-CP,0.78,35.487616924305186,11.945763575806213,65.16598628030366,0,12345
5.0,0.1,47,10,Subsampling,0.97,28.15147106535572,28.151471065355725,2.3952390736185764e-15,0,12345
5.0,0.1,47,15,Donor-HCP-no-within,0.95,28.335261827726864,25.896651647939507,4.46860491037892,0,12345
5.0,0.1,47,15,Donor-HCP-within,0.98,18.821250297899557,17.07296572821422,3.0659080460865535,0,12345
5.0,0.1,47,15,HCP,0.98,29.02710270665141,29.02710270665141,2.3952390736185764e-15,0,12345
5.0,0.1,47,15,Pooling,0.94,24.48467131814253,24.48467131814253,0.0,0,12345
5.0,0.1,47,15,Repeated,0.95,26.409187389850004,26.409187389850004,0.0,0,12345
5.0,0.1,47,15,S-HCP-within,0.93,20.3967721514945,19.99678424324886,1.4845475081010222,0,12345
5.0,0.1,47,15,Std-CP,0.93,8.94071455593688,7.524806506164271,5.090976909558117,0,12345
5.0,0.1,47,15,Subsampling,0.97,28.15147106535572,28.151471065355725,2.3952390736185764e-15,0,12345
5.0,0.1,47,20,Donor-HCP-no-within,0.94,25.61489692020482,24.860673758985563,3.4087079342899447,0,12345
5.0,0.1,47,20,Donor-HCP-within,0.95,14.433345402461415,14.091423973442527,1.4757538863766342,0,12345
5.0,0.1,47,20,HCP,0.98,29.02710270665141,29.02710270665141,2.3952390736185764e-15,0,12345
5.0,0.1,47,20,Pooling,0.94,24.48467131814253,24.48467131814253,0.0,0,12345
5.0,0.1,47,20,Repeated,0.95,26.409187389850004,26.409187389850004,0.0,0,12345
5.0,0.1,47,20,S-HCP-within,0.92,19.802812822274074,19.523391979981106,1.3143576775541437,0,12345
5.0,0.1,47,20,Std-CP,0.91,7.145178355115843,6.264011880318013,3.090173869962529,0,12345
5.0,0.1,47,20,Subsampling,0.97,28.15147106535572,28.151471065355725,2.3952390736185764e-15,0,12345
5.0,0.1,47,25,Donor-HCP-no-within,0.94,14.906181698448837,13.399578875385835,7.867628977927721,0,12345
5.0,0.1,47,25,Donor-HCP-within,0.95,6.112443269219839,5.676890218456245,1.8338836275932549,0,12345
5.0,0.1,47,25,HCP,0.98,29.02710270665141,29.02710270665141,2.3952390736185764e-15,0,12345
5.0,0.1,47,25,Pooling,0.94,24.48467131814253,24.48467131814253,0.0,0,12345
5.0,0.1,47,25,Repeated,0.95,26.409187389850004,26.409187389850004,0.0,0,12345
5.0,0.1,47,25,S-HCP-within,0.94,15.479935507386601,14.31970562554571,7.6604463487915915,0,12345
5.0,0.1,47,25,Std-CP,0.96,6.8649145605589625,6.340076556660197,2.524661425069137,0,12345
5.0,0.1,47,25,Subsampling,0.97,28.15147106535572,28.151471065355725,2.3952390736185764e-15,0,12345
5.0,0.1,47,30,Donor-HCP-no-within,0.91,14.522966767348969,13.126973623324329,7.80527396691284,0,12345
5.0,0.1,47,30,Donor-HCP-within,0.95,6.136872089612532,5.558040813158466,1.7600293505242364,0,12345
5.0,0.1,47,30,HCP,0.98,29.02710270665141,29.02710270665141,2.3952390736185764e-15,0,12345
5.0,0.1,47,30,Pooling,0.94,24.48467131814253,24.48467131814253,0.0,0,12345
5.0,0.1,47,30,Repeated,0.95,26.409187389850004,26.409187389850004,0.0,0,12345
5.0,0.1,47,30,S-HCP-within,0.95,15.57494656890345,14.342074997939386,7.8478073688635686,0,12345
5.0,0.1,47,30,Std-CP,0.93,6.43729199839648,6.289338910040051,2.1214533320792714,0,12345
5.0,0.1,47,30,Subsampling,0.97,28.15147106535572,28.151471065355725,2.3952390736185764e-15,0,12345
5.0,0.1,47,35,Donor-HCP-no-within,0.93,14.695013085792327,13.35647947786186,7.751203399694064,0,12345
5.0,0.1,47,35,Donor-HCP-within,0.95,6.293765405812854,5.934708788256511,1.7366652491055745,0,12345
5.0,0.1,47,35,HCP,0.98,29.02710270665141,29.02710270665141,2.3952390736185764e-15,0,12345
5.0,0.1,47,35,Pooling,0.94,24.48467131814253,24.48467131814253,0.0,0,12345
5.0,0.1,47,35,Repeated,0.95,26.409187389850004,26.409187389850004,0.0,0,12345
5.0,0.1,47,35,S-HCP-within,0.96,15.660111280419082,14.253401700381932,7.8138906924197515,0,12345
5.0,0.1,47,35,Std-CP,0.96,6.443643606773565,6.388927055376259,1.5817358301322046,0,12345
5.0,0.1,47,35,Subsampling,0.97,28.15147106535572,28.151471065355725,2.3952390736185764e-15,0,12345
5.0,0.1,48,0,Donor-HCP-no-within,1.0,33.11653813698009,33.11653813698009,3.778780122433364e-15,0,12345
5.0,0.1,48,0,Donor-HCP-within,1.0,33.11653813698009,33.11653813698009,3.778780122433364e-15,0,12345
5.0,0.1,48,0,HCP,1.0,33.11653813698009,33.11653813698009,3.778780122433364e-15,0,12345
5.0,0.1,48,0,Pooling,0.93,23.179535820048486,23.17953582004849,2.019842936871048e-15,0,12345
5.0,0.1,48,0,Repeated,0.99,27.671224269524174,27.671224269524174,0.0,0,12345
5.0,0.1,48,0,S-HCP-within,0.97,49.902088226793964,51.412638906703684,4.2348005829815305,0,12345
5.0,0.1,48,0,Std-CP,1.0,,,,100,12345
5.0,0.1,48,0,Subsampling,1.0,32.5278773251313,32.5278773251313,0.0,0,12345
5.0,0.1,48,5,Donor-HCP-no-within,0.99,30.10499089588461,28.303088284196214,4.193793626284086,0,12345
5.0,0.1,48,5,Donor-HCP-within,1.0,26.758855448282073,25.11824965674342,4.11736674835492,0,12345
5.0,0.1,48,5,HCP,1.0,33.11653813698009,33.11653813698009,3.778780122433364e-15,0,12345
5.0,0.1,48,5,Pooling,0.93,23.179535820048486,23.17953582004849,2.019842936871048e-15,0,12345
5.0,0.1,48,5,Repeated,0.99,27.671224269524174,27.671224269524174,0.0,0,12345
5.0,0.1,48,5,S-HCP-within,0.97,44.78220558161386,43.679847432758095,3.508038926335649,0,12345
5.0,0.1,48,5,Std-CP,0.73,6.020943621797645,4.907254283001496,3.5636690972360183,0,12345
5.0,0.1,48,5,Subsampling,1.0,32.5278773251313,32.5278773251313,0.0,0,12345
5.0,0.1,48,10,Donor-HCP-no-within,0.97,27.886181947863676,26.51522333482079,3.4540152074576467,0,12345
5.0,0.1,48,10,Donor-HCP-within,1.0,21.30155065170399,20.242345049102525,2.9219788521646235,0,12345
5.0,0.1,48,10,HCP,1.0,33.11653813698009,33.11653813698009,3.778780122433364e-15,0,12345
5.0,0.1,48,10,Pooling,0.93,23.179535820048486,23.17953582004849,2.019842936871048e-15,0,12345
5.0,0.1,48,10,Repeated,0.99,27.671224269524174,27.671224269524174,0.0,0,12345
5.0,0.1,48,10,S-HCP-within,0.97,43.37913747519126,43.30215653518916,2.481839931074413,0,12345
5.0,0.1,48,10,Std-CP,0.79,54.83529722204321,14.717630612650927,233.84780886618975,0,12345
5.0,0.1,48,10,Subsampling,1.0,32.5278773251313,32.5278773251313,0.0,0,12345
5.0,0.1,48,15,Donor-HCP-no-within,0.98,26.60676787938939,25.627502373802738,3.298214825345355,0,12345
5.0,0.1,48,15,Donor-HCP-within,0.96,16.475075761439413,16.182253080646348,1.7434442258266303,0,12345
5.0,0.1,48,15,HCP,1.0,33.11653813698009,33.11653813698009,3.778780122433364e-15,0,12345
5.0,0.1,48,15,Pooling,0.93,23.179535820048486,23.17953582004849,2.019842936871048e-15,0,12345
5.0,0.1,48,15,Repeated,0.99,27.671224269524174,27.671224269524174,0.0,0,12345
5.0,0.1,48,15,S-HCP-within,0.97,42.71803541355532,41.58968589775637,2.149191210235948,0,12345
5.0,0.1,48,15,Std-CP,0.86,9.5595556764735,7.505671952504349,7.770035654562918,0,12345
5.0,0.1,48,15,Subsampling,1.0,32.5278773251313,32.5278773251313,0.0,0,12345
5.0,0.1,48,20,Donor-HCP-no-within,0.94,23.992886346635043,23.57375119871924,2.324247377898145,0,12345
5.0,0.1,48,20,Donor-HCP-within,0.95,13.713465418501055,13.664995214503843,1.0688315168504052,0,12345
5.0,0.1,48,20,HCP,1.0,33.11653813698009,33.11653813698009,3.778780122433364e-15,0,12345
5.0,0.1,48,20,Pooling,0.93,23.179535820048486,23.17953582004849,2.019842936871048e-15,0,12345
5.0,0.1,48,20,Repeated,0.99,27.671224269524174,27.671224269524174,0.0,0,12345
5.0,0.1,48,20,S-HCP-within,0.96,41.29533270530325,41.153818065324806,1.866658734254677,0,12345
5.0,0.1,48,20,Std-CP,0.88,6.899204871399493,6.54690688958841,2.5637868651378826,0,12345
5.0,0.1,48,20,Subsampling,1.0,32.5278773251313,32.5278773251313,0.0,0,12345
5.0,0.1,48,25,Donor-HCP-no-within,0.95,16.357246453025258,14.901966991654348,8.206907672549812,0,12345
5.0,0.1,48,25,Donor-HCP-within,0.96,6.105996859894194,5.891459108815783,1.552251294979815,0,12345
5.0,0.1,48,25,HCP,1.0,33.11653813698009,33.11653813698009,3.778780122433364e-15,0,12345
5.0,0.1,48,25,Pooling,0.93,23.179535820048486,23.17953582004849,2.019842936871048e-15,0,12345
5.0,0.1,48,25,Repeated,0.99,27.671224269524174,27.671224269524174,0.0,0,12345
5.0,0.1,48,25,S-HCP-within,0.96,16.835508548013053,15.389182798361073,8.304216762943687,0,12345
5.0,0.1,48,25,Std-CP,0.92,6.555113060153773,6.341924378816639,1.9282613332181069,0,12345
5.0,0.1,48,25,Subsampling,1.0,32.5278773251313,32.5278773251313,0.0,0,12345
5.0,0.1,48,30,Donor-HCP-no-within,0.94,15.77070324553585,13.948460817219487,8.048495648320408,0,12345
5.0,0.1,48,30,Donor-HCP-within,0.97,6.136469782410955,6.0916036549946035,1.6549419362430808,0,12345
5.0,0.1,48,30,HCP,1.0,33.11653813698009,33.11653813698009,3.778780122433364e-15,0,12345
5.0,0.1,48,30,Pooling,0.93,23.179535820048486,23.17953582004849,2.019842936871048e-15,0,12345
5.0,0.1,48,30,Repeated,0.99,27.671224269524174,27.671224269524174,0.0,0,12345
5.0,0.1,48,30,S-HCP-within,0.96,17.032978453088784,15.830502256693492,8.387662109176427,0,12345
5.0,0.1,48,30,Std-CP,0.92,6.94215086166733,6.611209093809107,2.601670178373663,0,12345
5.0,0.1,48,30,Subsampling,1.0,32.5278773251313,32.5278773251313,0.0,0,12345
5.0,0.1,48,35,Donor-HCP-no-within,0.95,16.168077366524944,15.214805390308939,8.060467185042864,0,12345
5.0,0.1,48,35,Donor-HCP-within,0.96,6.513493295203317,6.574725059311637,1.760374365397116,0,12345
5.0,0.1,48,35,HCP,1.0,33.11653813698009,33.11653813698009,3.778780122433364e-15,0,12345
5.0,0.1,48,35,Pooling,0.93,23.179535820048486,23.17953582004849,2.019842936871048e-15,0,12345
5.0,0.1,48,35,Repeated,0.99,27.671224269524174,27.671224269524174,0.0,0,12345
5.0,0.1,48,35,S-HCP-within,0.96,17.51049846753598,16.8506110871285,8.345299050100987,0,12345
5.0,0.1,48,35,Std-CP,0.92,6.692692484704241,6.466848998775722,2.3003190255281507,0,12345
5.0,0.1,48,35,Subsampling,1.0,32.5278773251313,32.5278773251313,0.0,0,12345
5.0,0.1,49,0,Donor-HCP-no-within,0.95,30.873062024806224,30.873062024806224,1.5148822026532858e-15,0,12345
5.0,0.1,49,0,Donor-HCP-within,0.95,30.873062024806224,30.873062024806224,1.5148822026532858e-15,0,12345
5.0,0.1,49,0,HCP,0.95,30.873062024806224,30.873062024806224,1.5148822026532858e-15,0,12345
5.0,0.1,49,0,Pooling,0.82,22.183066921359586,22.183066921359586,4.986087740144548e-15,0,12345
5.0,0.1,49,0,Repeated,0.84,25.04859022569116,25.04859022569116,5.087338432306891e-15,0,12345
5.0,0.1,49,0,S-HCP-within,0.99,80.91072651076263,82.15277227106452,5.845984747933325,0,12345
5.0,0.1,49,0,Std-CP,1.0,,,,100,12345
5.0,0.1,49,0,Subsampling,0.78,20.733398686129334,20.733398686129338,4.921748428624264e-15,0,12345
5.0,0.1,49,5,Donor-HCP-no-within,0.98,34.87514214083471,35.715228880765615,3.788312104695622,0,12345
5.0,0.1,49,5,Donor-HCP-within,0.97,30.682281858381756,31.316087613205575,3.338986334163847,0,12345
5.0,0.1,49,5,HCP,0.95,30.873062024806224,30.873062024806224,1.5148822026532858e-15,0,12345
5.0,0.1,49,5,Pooling,0.82,22.183066921359586,22.183066921359586,4.986087740144548e-15,0,12345
5.0,0.1,49,5,Repeated,0.84,25.04859022569116,25.04859022569116,5.087338432306891e-15,0,12345
5.0,0.1,49,5,S-HCP-within,0.99,73.36216200867068,73.99223848364309,4.4437015906934665,0,12345
5.0,0.1,49,5,Std-CP,0.78,6.535456151734099,5.725841714213093,4.054102237783254,0,12345
5.0,0.1,49,5,Subsampling,0.78,20.733398686129334,20.733398686129338,4.921748428624264e-15,0,12345
5.0,0.1,49,10,Donor-HCP-no-within,0.93,31.201339526475348,32.099152821383086,3.4950489020960855,0,12345
5.0,0.1,49,10,Donor-HCP-within,0.97,24.46690804244373,24.98582471314105,2.6498509082985056,0,12345
5.0,0.1,49,10,HCP,0.95,30.873062024806224,30.873062024806224,1.5148822026532858e-15,0,12345
5.0,0.1,49,10,Pooling,0.82,22.183066921359586,22.183066921359586,4.986087740144548e-15,0,12345
5.0,0.1,49,10,Repeated,0.84,25.04859022569116,25.04859022569116,5.087338432306891e-15,0,12345
5.0,0.1,49,10,S-HCP-within,0.99,72.72740803877606,73.99223848364309,3.782824011952382,0,12345
5.0,0.1,49,10,Std-CP,0.79,28.64465902703033,10.15261080043858,54.82679629833707,0,12345
5.0,0.1,49,10,Subsampling,0.78,20.733398686129334,20.733398686129338,4.921748428624264e-15,0,12345
5.0,0.1,49,15,Donor-HCP-no-within,0.94,28.330831561384393,29.20499399137139,2.763233833398266,0,12345
5.0,0.1,49,15,Donor-HCP-within,0.94,19.266383806310653,19.254511004421744,1.6127808648656319,0,12345
5.0,0.1,49,15,HCP,0.95,30.873062024806224,30.873062024806224,1.5148822026532858e-15,0,12345
5.0,0.1,49,15,Pooling,0.82,22.183066921359586,22.183066921359586,4.986087740144548e-15,0,12345
5.0,0.1,49,15,Repeated,0.84,25.04859022569116,25.04859022569116,5.087338432306891e-15,0,12345
5.0,0.1,49,15,S-HCP-within,0.99,70.23633386507187,70.06185401995391,2.810739658122656,0,12345
5.0,0.1,49,15,Std-CP,0.87,9.83611525282219,7.715793746121989,7.421267489732015,0,12345
5.0,0.1,49,15,Subsampling,0.78,20.733398686129334,20.733398686129338,4.921748428624264e-15,0,12345
5.0,0.1,49,20,Donor-HCP-no-within,0.92,26.49190793589685,26.758615636569672,2.9757147406700146,0,12345
5.0,0.1,49,20,Donor-HCP-within,0.92,15.253799681030758,15.052895330912554,1.519724749580093,0,12345
5.0,0.1,49,20,HCP,0.95,30.873062024806224,30.873062024806224,1.5148822026532858e-15,0,12345
5.0,0.1,49,20,Pooling,0.82,22.183066921359586,22.183066921359586,4.986087740144548e-15,0,12345
5.0,0.1,49,20,Repeated,0.84,25.04859022569116,25.04859022569116,5.087338432306891e-15,0,12345
5.0,0.1,49,20,S-HCP-within,0.99,65.10464347886142,68.10287174207281,4.341013161676108,0,12345
5.0,0.1,49,20,Std-CP,0.93,7.328724935315831,6.886850518654928,2.863378848983183,0,12345
5.0,0.1,49,20,Subsampling,0.78,20.733398686129334,20.733398686129338,4.921748428624264e-15,0,12345
5.0,0.1,49,25,Donor-HCP-no-within,0.88,16.666295030175817,15.783505849385346,7.250013836239908,0,12345
5.0,0.1,49,25,Donor-HCP-within,0.91,6.2839242489926,6.007836099596126,1.7574199782250204,0,12345
5.0,0.1,49,25,HCP,0.95,30.873062024806224,30.873062024806224,1.5148822026532858e-15,0,12345
5.0,0.1,49,25,Pooling,0.82,22.183066921359586,22.183066921359586,4.986087740144548e-15,0,12345
5.0,0.1,49,25,Repeated,0.84,25.04859022569116,25.04859022569116,5.087338432306891e-15,0,12345
5.0,0.1,49,25,S-HCP-within,0.91,17.263254115249296,16.463924816066957,7.37544083305223,0,12345
5.0,0.1,49,25,Std-CP,0.96,6.8409932408303495,6.442448938376614,2.316233923510128,0,12345
5.0,0.1,49,25,Subsampling,0.78,20.733398686129334,20.733398686129338,4.921748428624264e-15,0,12345
5.0,0.1,49,30,Donor-HCP-no-within,0.87,16.03111861026798,14.981360507071404,7.159946650334243,0,12345
5.0,0.1,49,30,Donor-HCP-within,0.94,6.3208157110742045,6.092056241645201,1.6124570187283096,0,12345
5.0,0.1,49,30,HCP,0.95,30.873062024806224,30.873062024806224,1.5148822026532858e-15,0,12345
5.0,0.1,49,30,Pooling,0.82,22.183066921359586,22.183066921359586,4.986087740144548e-15,0,12345
5.0,0.1,49,30,Repeated,0.84,25.04859022569116,25.04859022569116,5.087338432306891e-15,0,12345
5.0,0.1,49,30,S-HCP-within,0.91,17.69874658126302,16.32081981286212,7.190938774340588,0,12345
5.0,0.1,49,30,Std-CP,0.94,6.3206177137780175,6.112338392980713,1.853295013083508,0,12345
5.0,0.1,49,30,Subsampling,0.78,20.733398686129334,20.733398686129338,4.921748428624264e-15,0,12345
5.0,0.1,49,35,Donor-HCP-no-within,0.89,16.417290373593403,15.089597679439338,7.160535020512009,0,12345
5.0,0.1,49,35,Donor-HCP-within,0.94,6.508973696190619,6.195238422785086,1.6820588763571978,0,12345
5.0,0.1,49,35,HCP,0.95,30.873062024806224,30.873062024806224,1.5148822026532858e-15,0,12345
5.0,0.1,49,35,Pooling,0.82,22.183066921359586,22.183066921359586,4.986087740144548e-15,0,12345
5.0,0.1,49,35,Repeated,0.84,25.04859022569116,25.04859022569116,5.087338432306891e-15,0,12345
5.0,0.1,49,35,S-HCP-within,0.92,18.002850235975732,16.764450837501954,7.214100565479155,0,12345
5.0,0.1,49,35,Std-CP,0.98,6.585312153992745,6.1994306670415185,1.7760685731054626,0,12345
5.0,0.1,49,35,Subsampling,0.78,20.733398686129334,20.733398686129338,4.921748428624264e-15,0,12345
