tau_B,alpha,o,dataset_id,mean_width,sd_upper,sd_width,relative_instability,n_finite,randomization_varied_only
0.0,0.1,0,0,12.993447785620617,1.785305796991587e-15,3.570611593983174e-15,1.3740046725452814e-16,100,True
0.0,0.1,0,5,13.563854692497003,0.0,0.0,0.0,100,True
0.0,0.1,0,3,16.136375233965083,3.570611593983174e-15,0.0,2.2127717918132418e-16,100,True
0.0,0.1,0,1,9.854636938063736,3.570611593983174e-15,1.785305796991587e-15,3.6232807118358803e-16,100,True
0.0,0.1,0,2,9.143162623192065,7.141223187966347e-15,3.570611593983174e-15,7.810451899709512e-16,100,True
0.0,0.1,0,4,8.126269408473062,0.0,1.785305796991587e-15,0.0,100,True
0.0,0.1,0,8,9.032725184440851,0.0,1.785305796991587e-15,0.0,100,True
0.0,0.1,0,10,10.145639747149149,1.785305796991587e-15,1.785305796991587e-15,1.7596778926565422e-16,100,True
0.0,0.1,0,6,10.252957496607978,7.141223187966347e-15,1.785305796991587e-15,6.965037346862018e-16,100,True
0.0,0.1,0,11,9.15337728615919,3.570611593983174e-15,1.785305796991587e-15,3.900867933612101e-16,100,True
0.0,0.1,0,9,10.19974740774367,0.0,1.785305796991587e-15,0.0,100,True
0.0,0.1,0,7,10.048754141959535,1.785305796991587e-15,0.0,1.776643921993147e-16,100,True
0.0,0.1,0,12,10.048993620366886,1.3389793477436902e-15,0.0,1.3324511869824477e-16,100,True
0.0,0.1,0,17,10.962323396925512,8.926528984957934e-16,0.0,8.142917027481112e-17,100,True
0.0,0.1,0,14,9.528818826477321,0.0,3.570611593983174e-15,0.0,100,True
0.0,0.1,0,16,18.45459498203031,1.4282446375932695e-14,3.570611593983174e-15,7.739235886693726e-16,100,True
0.0,0.1,0,15,10.714975084494624,3.570611593983174e-15,3.570611593983174e-15,3.3323564131755357e-16,100,True
0.0,0.1,0,13,11.374337892790921,3.570611593983174e-15,0.0,3.139181926577225e-16,100,True
0.0,0.1,0,18,13.340207589991223,1.0711834781949522e-14,0.0,8.029736201396375e-16,100,True
0.0,0.1,0,19,13.961380303088246,0.0,3.570611593983174e-15,0.0,100,True
0.0,0.1,0,20,12.17146754443861,0.0,1.785305796991587e-15,0.0,100,True
0.0,0.1,0,21,9.08229931247608,1.785305796991587e-15,1.785305796991587e-15,1.9656980413970352e-16,100,True
0.0,0.1,0,22,10.320963649573946,0.0,1.785305796991587e-15,0.0,100,True
0.0,0.1,0,23,9.351519881253434,3.570611593983174e-15,3.570611593983174e-15,3.818215262677264e-16,100,True
0.0,0.1,0,24,12.952926786091295,7.141223187966347e-15,8.926528984957934e-15,5.513212037633465e-16,100,True
0.0,0.1,0,25,11.449359414818858,3.570611593983174e-15,1.785305796991587e-15,3.1186125481935226e-16,100,True
0.0,0.1,0,29,11.511963799751545,3.570611593983174e-15,1.785305796991587e-15,3.1016529030956783e-16,100,True
0.0,0.1,0,28,10.72466321934042,8.926528984957934e-16,5.355917390974761e-15,8.323365314502554e-17,100,True
0.0,0.1,0,27,15.739957576600288,1.785305796991587e-15,5.355917390974761e-15,1.1342507044909072e-16,100,True
0.0,0.1,0,26,10.778755275074673,7.141223187966347e-15,0.0,6.625276301132901e-16,100,True
0.0,0.1,0,31,13.531626159665139,0.0,1.785305796991587e-15,0.0,100,True
0.0,0.1,0,30,16.57127352467236,5.355917390974761e-15,3.570611593983174e-15,3.2320493551690713e-16,100,True
0.0,0.1,0,33,9.984725487680317,0.0,1.785305796991587e-15,0.0,100,True
0.0,0.1,0,35,10.861407114988264,0.0,3.570611593983174e-15,0.0,100,True
0.0,0.1,0,34,10.932030817786059,8.926528984957934e-16,5.355917390974761e-15,8.165480992273423e-17,100,True
0.0,0.1,0,32,8.202188428655154,7.141223187966347e-15,0.0,8.706485165614802e-16,100,True
0.0,0.1,0,36,8.704127703086288,1.785305796991587e-15,1.785305796991587e-15,2.0511024859602618e-16,100,True
0.0,0.1,0,38,8.439513519788264,7.141223187966347e-15,3.570611593983174e-15,8.461652642918583e-16,100,True
0.0,0.1,0,37,12.445135250750395,3.570611593983174e-15,1.785305796991587e-15,2.869082193195031e-16,100,True
0.0,0.1,0,39,12.922548456660234,5.355917390974761e-15,0.0,4.144629373174717e-16,100,True
0.0,0.1,0,41,11.341896775776029,7.141223187966347e-15,1.785305796991587e-15,6.29632179620832e-16,100,True
0.0,0.1,0,40,9.71496770316457,0.0,1.785305796991587e-15,0.0,100,True
0.0,0.1,0,44,11.996280280226756,0.0,0.0,0.0,100,True
0.0,0.1,0,42,11.199400175062442,3.570611593983174e-15,1.785305796991587e-15,3.18821681355204e-16,100,True
0.0,0.1,0,43,8.676759081706132,3.570611593983174e-15,1.785305796991587e-15,4.115144330227359e-16,100,True
0.0,0.1,0,45,8.393242406357597,3.570611593983174e-15,1.785305796991587e-15,4.2541504476012226e-16,100,True
0.0,0.1,0,47,9.693983565451111,3.570611593983174e-15,0.0,3.6833274678829256e-16,100,True
0.0,0.1,0,48,14.17009972533429,0.0,1.785305796991587e-15,0.0,100,True
0.0,0.1,0,46,9.973646250665283,1.0711834781949522e-14,0.0,1.0740139075250437e-15,100,True
0.0,0.1,0,49,10.337326203489413,1.785305796991587e-15,1.785305796991587e-15,1.727047944360069e-16,100,True
0.0,0.1,5,0,9.922710838795721,0.5920580345274864,0.6345428230584409,0.05966696441587953,100,True
0.0,0.1,5,2,9.035638376323922,0.8070955486133701,0.8470030654264702,0.08932357792540725,100,True
0.0,0.1,5,1,9.114657059087337,0.292719280043703,0.7331186669616967,0.03211522695216065,100,True
0.0,0.1,5,5,10.718819978334636,0.798457554753121,1.0031353362084279,0.07449118059329288,100,True
0.0,0.1,5,3,11.769181459467907,1.0821412446107277,1.530783476018374,0.09194702693110249,100,True
0.0,0.1,5,4,6.758894903091462,0.2395935654142285,0.23155805270781998,0.03544863011623992,100,True
0.0,0.1,5,10,10.095058398229888,0.5607371238937168,1.2196768206130157,0.05554570382594705,100,True
0.0,0.1,5,6,9.34445975479093,0.7997392828064188,1.0740255670627807,0.08558432523575162,100,True
0.0,0.1,5,7,7.842968969944955,0.3424639705112494,0.19245586904492565,0.04366509313292016,100,True
0.0,0.1,5,8,9.026415584452241,0.7491681789207554,1.3582488097763759,0.08299730628525208,100,True
0.0,0.1,5,9,8.10535461830385,0.38752370864774516,0.2491408441739116,0.04781082715031653,100,True
0.0,0.1,5,11,9.657745482476848,1.3915693520633332,2.823333494118293,0.144088426702507,100,True
0.0,0.1,5,12,8.440394139088573,0.8401487492974992,0.9335466177668605,0.09953904230688233,100,True
0.0,0.1,5,16,10.649767620578949,0.9942249989301679,1.513885310137202,0.09335649700083495,100,True
0.0,0.1,5,13,9.251184298362304,0.329107033150319,0.45330499775326494,0.03557458402472636,100,True
0.0,0.1,5,17,9.440117080561839,0.5957929631841186,1.1293043537638383,0.06311287859034258,100,True
0.0,0.1,5,14,11.059547233844544,3.247880948781524,3.664136902181233,0.2936721440858197,100,True
0.0,0.1,5,15,9.040195724497574,0.5228930279853573,0.4877406739477838,0.05784089680363841,100,True
0.0,0.1,5,19,12.579495840977081,1.1996284528933738,0.7860939945354756,0.09536379422978494,100,True
0.0,0.1,5,18,10.87734816425468,1.0838581236180869,1.0707501944256743,0.09964359945559885,100,True
0.0,0.1,5,20,9.3718447538667,0.3801142097401635,0.5532800771432963,0.04055916628189273,100,True
0.0,0.1,5,22,8.685142951002188,1.3190053221244171,0.4479333875972279,0.15186915512682675,100,True
0.0,0.1,5,21,9.839649236900502,0.5436418965846666,0.7321860960557586,0.05525012970441152,100,True
0.0,0.1,5,23,8.502255060006934,0.3667691205981098,0.46171924765467015,0.04313786377961362,100,True
0.0,0.1,5,25,9.393273626828629,0.559978742092778,0.64565369914396,0.05961486531100221,100,True
0.0,0.1,5,27,10.152200169276588,0.6403317486296043,2.353465823223082,0.06307319969590712,100,True
0.0,0.1,5,24,11.19406508718413,0.1850300996164423,1.0975998645545613,0.016529303534984774,100,True
0.0,0.1,5,28,8.68399358466132,1.6535230916853914,0.5708113569634568,0.1904104460194485,100,True
0.0,0.1,5,26,9.607515863234253,0.15949788242538568,0.7448739483025613,0.01660136550341252,100,True
0.0,0.1,5,29,10.37423367977702,0.6083190843891723,0.7784017249920543,0.05863749585427183,100,True
0.0,0.1,5,31,10.734726397940262,0.8433027742645212,1.368733130507798,0.07855838546815043,100,True
0.0,0.1,5,32,7.049704525826757,0.7630527075411079,0.24306201902286279,0.10823896302967684,100,True
0.0,0.1,5,30,12.393399294041044,0.9153934612139718,1.806590987841655,0.07386137083908112,100,True
0.0,0.1,5,34,9.458705858516014,1.150523163889427,1.1240837775638357,0.12163642480261394,100,True
0.0,0.1,5,33,8.05235135206605,0.3821500855907325,0.34644537742145354,0.0474581980942351,100,True
0.0,0.1,5,35,8.348278313144531,0.8199385466112674,0.5199792080400713,0.09821648438819508,100,True
0.0,0.1,5,36,9.511984011236448,0.1741316074858109,0.4617955355366417,0.018306549640969783,100,True
0.0,0.1,5,37,8.954743406343765,0.9931487144025464,1.507336962212607,0.11090755696014416,100,True
0.0,0.1,5,38,7.695974134293644,0.23336545985160198,0.29386049142143944,0.030323056676050127,100,True
0.0,0.1,5,41,9.615337644900448,0.2113718156663477,0.37664336719713826,0.02198277621363094,100,True
0.0,0.1,5,40,8.776949196464328,1.3991354849610247,0.607025517831372,0.1594102294137292,100,True
0.0,0.1,5,39,10.14164985651028,0.3236150564421944,1.0822932834461796,0.031909507922367734,100,True
0.0,0.1,5,42,9.909629424020391,0.8864605627501587,0.8964294853547874,0.08945446139503739,100,True
0.0,0.1,5,43,8.088799602271102,0.8204563380923557,1.2203863860942634,0.10143116141262731,100,True
0.0,0.1,5,45,7.598841372606786,0.29872853288477264,0.2172952112699947,0.03931237911633016,100,True
0.0,0.1,5,44,11.483138178629495,0.6814261001166892,1.5538674980147147,0.05934145261657184,100,True
0.0,0.1,5,46,10.360350368001887,0.9618818971147416,1.4665145517482026,0.09284260309241371,100,True
0.0,0.1,5,47,8.248384103365893,0.49991824631090115,0.41546537313497284,0.060608022134529475,100,True
0.0,0.1,5,49,9.115450390852622,0.7806721350819519,0.8310770270471637,0.0856427386040473,100,True
0.0,0.1,5,48,11.19828758816531,1.2815328595006281,1.181207942635416,0.11444007393192784,100,True
0.0,0.1,10,2,7.335888314517257,0.38230148256748026,0.47733415994576633,0.052113863540006446,100,True
0.0,0.1,10,0,8.11950843346166,0.6719126671926636,0.9188187496758061,0.08275287509076475,100,True
0.0,0.1,10,1,7.762276005765355,0.159538447660345,0.5529204930301106,0.020553050103068914,100,True
0.0,0.1,10,5,8.373110534009003,0.47890111423313625,0.5020679921035708,0.05719512626615725,100,True
0.0,0.1,10,3,10.16293072028687,0.8521024390105688,1.2000790326046835,0.08384416488342611,100,True
0.0,0.1,10,4,6.16819054851236,0.27076211217511514,0.17054758006052118,0.04389652201007593,100,True
0.0,0.1,10,6,7.497093434734995,0.5292551190548999,0.8001637137277827,0.07059470762399639,100,True
0.0,0.1,10,8,7.864248679847938,0.6105162663089749,0.8077433529341915,0.07763186175348409,100,True
0.0,0.1,10,7,6.8301484085207855,0.2839748923037301,0.16295891545200467,0.04157667964424669,100,True
0.0,0.1,10,11,7.822136573026431,0.9905639291515522,2.017950183696351,0.1266359798123925,100,True
0.0,0.1,10,10,8.479301539830033,0.38365095978931696,0.5663167215423939,0.04524558514485938,100,True
0.0,0.1,10,9,7.023445129247521,0.2841001935389027,0.1544506898997146,0.04045026170359512,100,True
0.0,0.1,10,14,9.141999101831495,2.566707851672352,2.8180485731680784,0.2807600201096215,100,True
0.0,0.1,10,13,7.531347027568663,0.29552441894608494,0.37558883216917294,0.03923925134033942,100,True
0.0,0.1,10,12,7.8077334654314905,0.7946042660298589,0.9985350073962911,0.10177143847800976,100,True
0.0,0.1,10,15,8.07514331250326,0.41564229699443156,0.3431100039744654,0.05147181677269629,100,True
0.0,0.1,10,16,7.770551487518315,0.4620615846880258,0.6033916435878183,0.0594631649285416,100,True
0.0,0.1,10,17,7.313368649488137,0.29350181017153165,0.5248884454459493,0.04013223238679126,100,True
0.0,0.1,10,18,9.171843889688928,0.8878414682017932,0.8477918556351342,0.09680076098982811,100,True
0.0,0.1,10,19,10.085744593633846,0.8674612701703108,0.5176564370180234,0.08600864934829454,100,True
0.0,0.1,10,22,7.597258264171656,1.015457170138602,0.3134034015121282,0.13366100438199585,100,True
0.0,0.1,10,20,7.121148300274719,0.33830412071818367,0.4822143755982662,0.04750696186247555,100,True
0.0,0.1,10,21,7.87249101518565,0.589814824399215,0.4591784714958866,0.0749209904795688,100,True
0.0,0.1,10,23,7.120667816559424,0.26740463026572275,0.3189432796041826,0.03755330780125168,100,True
0.0,0.1,10,24,8.216745674837926,0.18461922320382557,0.8634044330212268,0.022468654928578784,100,True
0.0,0.1,10,25,8.018490043410116,0.4618401768403097,0.5425627853757271,0.057596900955170054,100,True
0.0,0.1,10,27,7.799945412435864,0.23828029768717326,1.3783885683906503,0.030548969907824023,100,True
0.0,0.1,10,28,6.373060899312128,1.476084975064752,0.6245689635189192,0.23161319158649063,100,True
0.0,0.1,10,29,8.313376047285285,0.4993361265847706,0.8627074355244585,0.0600641813560001,100,True
0.0,0.1,10,26,7.615901697934202,0.1361599668651119,0.5158953700890615,0.01787837767155595,100,True
0.0,0.1,10,30,10.465062113484498,0.7298811363725395,1.520345148310753,0.0697445584610596,100,True
0.0,0.1,10,31,8.608095182974814,0.5652949370644883,0.9330925580508015,0.065670154087345,100,True
0.0,0.1,10,32,6.207156987877339,0.5806257942577617,0.22100377138005695,0.09354134193669206,100,True
0.0,0.1,10,35,6.929671660399538,0.5998138782595062,0.46263510435425415,0.08655733022492486,100,True
0.0,0.1,10,33,7.255813482352316,0.38055026819489157,0.38743917010844287,0.05244763652214474,100,True
0.0,0.1,10,34,7.006338963210613,0.8764648015555879,0.8686586115759142,0.1250959746820404,100,True
0.0,0.1,10,36,8.44665879927388,0.10817812006403815,0.3128681503991911,0.01280720846369901,100,True
0.0,0.1,10,38,6.953899213065158,0.10544768228050685,0.16646104228536918,0.015163820908187615,100,True
0.0,0.1,10,37,7.626561449804412,0.7458210569809177,1.1053093165647612,0.09779257164446564,100,True
0.0,0.1,10,39,8.404778864739185,0.25632671303044885,0.8829172585077247,0.030497734343234634,100,True
0.0,0.1,10,40,7.453807780523976,1.0922321236636328,0.38878434523745375,0.14653344382149505,100,True
0.0,0.1,10,41,8.102110653949557,0.31646744000289173,0.314284722929439,0.03905987631119584,100,True
0.0,0.1,10,42,7.879871534550043,0.628522307896984,0.40021840910652207,0.07976301455438309,100,True
0.0,0.1,10,43,7.028731047200426,0.6904652950457906,0.9004821891400016,0.09823470131508387,100,True
0.0,0.1,10,44,9.257536695814107,0.6312304707809224,1.1751095802944447,0.06818557587423228,100,True
0.0,0.1,10,45,6.61155082188733,0.160328242385557,0.23938444656564345,0.024249717911083046,100,True
0.0,0.1,10,46,8.442493265526238,0.6188237116593686,0.8878622446567251,0.07329869177228132,100,True
0.0,0.1,10,47,6.291762348239636,0.414324688831527,0.29289332226357057,0.06585192922098375,100,True
0.0,0.1,10,48,9.435298824518158,1.2228665657521525,1.3373093356574832,0.1296054940596544,100,True
0.0,0.1,10,49,7.473943968076557,0.5870650909358643,0.6105145098473541,0.07854823282638917,100,True
0.0,0.1,15,1,6.379913699085665,0.18838937406725823,0.36407460567647354,0.02952851448355127,100,True
0.0,0.1,15,5,6.751698458370418,0.42676036506165005,0.5022797133987829,0.06320785320804335,100,True
0.0,0.1,15,0,6.836236376575498,0.42362301789625545,0.4497223808061484,0.061967286465957824,100,True
0.0,0.1,15,3,8.78169469756313,0.7493411096435659,1.030690042929624,0.08532989763940481,100,True
0.0,0.1,15,2,6.400545687807976,0.428475362621832,0.3751700978482395,0.06694356755206195,100,True
0.0,0.1,15,4,5.7319309785415395,0.1906267451836605,0.15486659569748007,0.03325698545521644,100,True
0.0,0.1,15,8,6.930170632526641,0.43341217240873264,0.5409168458745796,0.06253989914397198,100,True
0.0,0.1,15,9,6.278673854961674,0.19062307914724333,0.1277180987471861,0.030360404689057846,100,True
0.0,0.1,15,7,6.235539940950606,0.2593215426158637,0.13777935533069857,0.041587664431884025,100,True
0.0,0.1,15,6,6.465442910463402,0.4585526982010926,0.5966950942923602,0.07092363269637571,100,True
0.0,0.1,15,10,7.0365295109242485,0.33176219492070597,0.5248550408713683,0.04714855446930812,100,True
0.0,0.1,15,11,7.040182180643938,0.7713906550589068,1.5724050906037927,0.10956970079265062,100,True
0.0,0.1,15,12,6.434459647860987,0.505733808227844,0.47061596674968975,0.07859771230300054,100,True
0.0,0.1,15,13,6.133951720209309,0.3015177758314652,0.33573350973778404,0.04915555087237898,100,True
0.0,0.1,15,15,6.8801493762094035,0.41342098434595476,0.37446576035895224,0.060088954721754566,100,True
0.0,0.1,15,14,7.278650099533585,1.9063422403759827,1.7777517717809608,0.26190876251877265,100,True
0.0,0.1,15,16,6.3630362747577,0.3159096966030536,0.4826193722037457,0.049647634079389755,100,True
0.0,0.1,15,17,6.272249004912081,0.3364154528799412,0.6003182757656155,0.053635538483322184,100,True
0.0,0.1,15,19,8.302543562483649,0.8877839118609098,0.7801173470684593,0.10692914830010664,100,True
0.0,0.1,15,20,5.6625566716755715,0.2812163481288355,0.3734192539592027,0.049662434203174614,100,True
0.0,0.1,15,21,6.852685707903767,0.4851857009661504,0.5801057750032867,0.07080226959869847,100,True
0.0,0.1,15,18,7.853680241164393,0.8172752947589156,0.7916715815096984,0.10406271577944275,100,True
0.0,0.1,15,22,6.525317014053456,0.9439985166868637,0.430129309880965,0.1446670735925613,100,True
0.0,0.1,15,23,6.037621288614355,0.2508554212681654,0.2713709144706599,0.041548717495948996,100,True
0.0,0.1,15,25,7.004630185291042,0.35119776702963573,0.4373836571351869,0.05013794557878483,100,True
0.0,0.1,15,24,7.293856591479712,0.14139980094814836,0.7725958339239551,0.019386150409554794,100,True
0.0,0.1,15,27,6.5693870005418615,0.29151758705778674,1.3514620896896115,0.04437515814393969,100,True
0.0,0.1,15,26,5.706285098643111,0.2876328115671667,0.14473825488780187,0.050406316297719245,100,True
0.0,0.1,15,28,5.80630767248594,1.3472476372438624,0.5981901190343221,0.23203173397579283,100,True
0.0,0.1,15,29,7.116351190571471,0.3659887698427272,0.5963001426852191,0.0514292732387392,100,True
0.0,0.1,15,31,7.543572502048342,0.454938816956058,0.7250828952591316,0.06030813872770843,100,True
0.0,0.1,15,30,9.358361104955897,0.6084920745306898,1.2320260794681968,0.06502122195396492,100,True
0.0,0.1,15,33,6.047526396176943,0.330247121999442,0.31276207370461123,0.05460862844818898,100,True
0.0,0.1,15,32,5.478529408529928,0.44475845321543495,0.2178351674224194,0.08118208739063398,100,True
0.0,0.1,15,35,6.117414036071225,0.49149137360591416,0.1993692619349865,0.0803429963556241,100,True
0.0,0.1,15,34,6.020813767788935,0.47454432058966406,0.297731076746272,0.07881730591443525,100,True
0.0,0.1,15,36,6.61725868498963,0.1840389808260686,0.41312844999144754,0.027811967098027544,100,True
0.0,0.1,15,38,6.4874725840864365,0.07951339920718331,0.18899296554556783,0.012256452443780208,100,True
0.0,0.1,15,39,7.616316990785648,0.21988196142443084,0.6947404338940539,0.028869854247196885,100,True
0.0,0.1,15,37,6.969656177318542,0.577490809049904,0.8087673610366145,0.0828578619027494,100,True
0.0,0.1,15,41,6.8771366385141235,0.16974572476978259,0.235598124671012,0.024682616282357,100,True
0.0,0.1,15,40,6.2628749512669195,0.9324728099505135,0.3956718750123603,0.14888893953756543,100,True
0.0,0.1,15,42,6.562868154685532,0.47204855462103773,0.3718211008225169,0.07192717322593487,100,True
0.0,0.1,15,45,5.774780753811732,0.1236006577009608,0.17011885775820382,0.02140352386874191,100,True
0.0,0.1,15,43,6.369125283322826,0.6672598232585555,0.5488354640797576,0.10476475082155087,100,True
0.0,0.1,15,44,7.051673620403156,0.8832592413591386,1.2323872258634727,0.1252552640558315,100,True
0.0,0.1,15,46,7.67561766930972,0.5369561844334225,0.7676891396785883,0.0699560879094323,100,True
0.0,0.1,15,47,5.705719610299341,0.3827123635747693,0.2425174779362893,0.06707521394565881,100,True
0.0,0.1,15,48,7.6876250426003825,0.9600991090442441,0.9164416496495593,0.12488890960783451,100,True
0.0,0.1,15,49,6.459749895601774,0.4922706412534534,0.5646201184137396,0.07620583601675103,100,True
0.0,0.1,20,4,4.387102051588829,0.13609864576089808,0.11913063539690892,0.031022448112782954,100,True
0.0,0.1,20,1,5.805319281049647,0.12513514763728403,0.46627455951835034,0.021555256753192503,100,True
0.0,0.1,20,5,5.244836713994036,0.25296628348607825,0.2328517593652708,0.048231488849047495,100,True
0.0,0.1,20,3,7.289972825229862,0.5862248341958667,0.7700612553649312,0.08041522900702751,100,True
0.0,0.1,20,0,5.7090286627858475,0.3375753242913576,0.3447377287861163,0.059130080479685355,100,True
0.0,0.1,20,2,5.6492582398206075,0.35156470219436897,0.26007282712188,0.06223201122516448,100,True
0.0,0.1,20,6,5.093843163433812,0.35630522348581134,0.4970453036721221,0.06994821239168705,100,True
0.0,0.1,20,8,6.060581320690881,0.4807546979908019,0.5900145118669089,0.07932484897933816,100,True
0.0,0.1,20,10,5.6709137662368585,0.3586036915070736,0.3636919913325915,0.06323561004261896,100,True
0.0,0.1,20,7,5.069674745942078,0.20532873105348365,0.1347718827573475,0.0405013617920627,100,True
0.0,0.1,20,11,5.886519486735694,0.43540448066417126,0.9032064723442718,0.07396637039005542,100,True
0.0,0.1,20,9,6.050639985352051,0.2746315249348107,0.25002289625463203,0.04538883913101161,100,True
0.0,0.1,20,12,5.648480590110568,0.34022164528077625,0.1993157667357309,0.06023241823233679,100,True
0.0,0.1,20,13,5.118982321569641,0.253399766358676,0.23879868180484895,0.04950198114397388,100,True
0.0,0.1,20,14,6.180531146095275,1.5271693323984332,1.2950439916787986,0.24709354201107223,100,True
0.0,0.1,20,15,6.145181011602897,0.3626901633286211,0.4103341708620136,0.059020257115911655,100,True
0.0,0.1,20,16,5.74404777111856,0.21387019481098524,0.3732382935208991,0.037233359354415234,100,True
0.0,0.1,20,17,5.520983298651556,0.19620729633138212,0.3488059496506745,0.035538469456936006,100,True
0.0,0.1,20,18,6.302548540306882,0.6863507082999071,0.5841788986074912,0.10890050332979863,100,True
0.0,0.1,20,19,7.338457921619286,0.8131401115839118,0.5565718118602794,0.11080531090712942,100,True
0.0,0.1,20,22,5.861818167276348,0.8732033847939026,0.3798460113882772,0.14896459765138542,100,True
0.0,0.1,20,20,4.417071533053146,0.21696946129832334,0.2676196069704076,0.049120658262998704,100,True
0.0,0.1,20,21,5.982941107270868,0.4436784001473809,0.401593119213067,0.07415724009186608,100,True
0.0,0.1,20,23,5.301731823317211,0.21818475003418084,0.2850763826126987,0.04115348669176293,100,True
0.0,0.1,20,24,5.5056316324782015,0.25650990068946805,0.4706546317255534,0.04659045824575218,100,True
0.0,0.1,20,25,6.466274823301239,0.2946558988554007,0.346037482589756,0.045568106352920135,100,True
0.0,0.1,20,27,5.6722304927359914,0.29214650040134515,1.2378880202111995,0.0515046948066507,100,True
0.0,0.1,20,26,5.140339399137524,0.23513319365860472,0.3246957780745024,0.04574273708425882,100,True
0.0,0.1,20,28,5.154089340769811,1.1296022850227758,0.4386303050244925,0.219166221292947,100,True
0.0,0.1,20,29,6.380111249007708,0.29227331912329196,0.5779491323847028,0.045810066269416375,100,True
0.0,0.1,20,34,4.617801234858967,0.45727987568629025,0.2546089559180155,0.09902545658188255,100,True
0.0,0.1,20,30,7.683961899167928,0.5073166504671879,1.011926544051854,0.06602279619868022,100,True
0.0,0.1,20,33,5.2544388298070865,0.21729191837880218,0.160839640641416,0.04135397240637016,100,True
0.0,0.1,20,31,6.119419409732981,0.34648091148050764,0.5763604739194061,0.05661989941879572,100,True
0.0,0.1,20,32,5.137786608319512,0.3883994140439924,0.17037991928576185,0.07559664183309311,100,True
0.0,0.1,20,35,5.224991780017544,0.47646667415471916,0.249685904219626,0.09118993755682413,100,True
0.0,0.1,20,38,5.625269850990554,0.14842983975303645,0.2268904707411373,0.0263862612256547,100,True
0.0,0.1,20,36,5.449267285837411,0.11470993547731367,0.17378270556365558,0.02105052467795874,100,True
0.0,0.1,20,40,5.5780900679694705,0.7540969128683094,0.2439049093860628,0.13518908868081703,100,True
0.0,0.1,20,41,5.292018997498887,0.15734945546641588,0.3144162766013692,0.029733350454860866,100,True
0.0,0.1,20,37,5.495150309571732,0.459544896006548,0.6254154383539559,0.08362735687249344,100,True
0.0,0.1,20,39,6.9163243880615735,0.22406242487053232,0.6423075999927321,0.03239617061011361,100,True
0.0,0.1,20,44,6.166464143213013,0.764523849107241,1.0955573366150364,0.1239809121323924,100,True
0.0,0.1,20,47,4.941648565167728,0.20715657250017777,0.1170227387694229,0.041920539222551234,100,True
0.0,0.1,20,43,5.448867867441983,0.5893195731416841,0.4002223769993826,0.10815449878367948,100,True
0.0,0.1,20,45,5.1513912618366895,0.1523290158038338,0.14359613974718227,0.029570461271761765,100,True
0.0,0.1,20,42,5.70873809428605,0.42229149872115207,0.45115883374932825,0.07397282757529708,100,True
0.0,0.1,20,46,6.630399926479829,0.43177855914159563,0.5991934635058911,0.0651210430636622,100,True
0.0,0.1,20,49,5.390512866849962,0.4505526753345276,0.5060680916579128,0.08358252479189716,100,True
0.0,0.1,20,48,6.393513650807572,0.7739442969637048,0.6940082139094053,0.1210514811157003,100,True
0.0,0.1,25,4,3.4087442312753136,1.785305796991587e-15,4.463264492478967e-16,5.237429610034574e-16,100,True
0.0,0.1,25,3,5.312635295934122,5.355917390974761e-15,8.926528984957934e-16,1.00814701040626e-15,100,True
0.0,0.1,25,2,7.441089204342738,3.570611593983174e-15,0.0,4.798506637844508e-16,100,True
0.0,0.1,25,0,5.804949591978183,0.0,1.785305796991587e-15,0.0,100,True
0.0,0.1,25,1,8.255441588078892,0.0,1.785305796991587e-15,0.0,100,True
0.0,0.1,25,5,3.6243491328870188,1.3389793477436902e-15,4.463264492478967e-16,3.694399459461319e-16,100,True
0.0,0.1,25,6,9.818058228969539,1.0711834781949522e-14,1.785305796991587e-15,1.0910339429789458e-15,100,True
0.0,0.1,25,8,5.2700435856765395,8.926528984957934e-16,2.6779586954873804e-15,1.6938245082487293e-16,100,True
0.0,0.1,25,10,5.08996746945102,0.0,0.0,0.0,100,True
0.0,0.1,25,7,6.884178533372879,3.570611593983174e-15,1.785305796991587e-15,5.186692321638214e-16,100,True
0.0,0.1,25,9,7.355426177338391,1.785305796991587e-15,3.570611593983174e-15,2.4271955886009743e-16,100,True
0.0,0.1,25,11,3.920131662300528,7.141223187966347e-15,8.926528984957934e-16,1.821679423842495e-15,100,True
0.0,0.1,25,14,7.2736076786835975,7.141223187966347e-15,8.926528984957934e-16,9.817993358226863e-16,100,True
0.0,0.1,25,13,7.015300588817101,3.570611593983174e-15,8.926528984957934e-16,5.08974854145949e-16,100,True
0.0,0.1,25,15,7.867383637202506,0.0,1.785305796991587e-15,0.0,100,True
0.0,0.1,25,12,3.9126786645042415,4.463264492478967e-16,1.785305796991587e-15,1.1407183863499018e-16,100,True
0.0,0.1,25,16,6.5218620726444465,7.141223187966347e-15,8.926528984957934e-16,1.0949669141148772e-15,100,True
0.0,0.1,25,17,5.661701849727138,0.0,8.926528984957934e-16,0.0,100,True
0.0,0.1,25,19,8.182551494575804,0.0,0.0,0.0,100,True
0.0,0.1,25,18,6.468956279234183,3.570611593983174e-15,1.785305796991587e-15,5.519610026497002e-16,100,True
0.0,0.1,25,20,4.086705325425189,1.785305796991587e-15,0.0,4.368569923269033e-16,100,True
0.0,0.1,25,22,5.76192997186169,7.141223187966347e-15,1.785305796991587e-15,1.239380419901043e-15,100,True
0.0,0.1,25,21,6.460500866372236,0.0,1.785305796991587e-15,0.0,100,True
0.0,0.1,25,23,6.958163028441223,7.141223187966347e-15,2.6779586954873804e-15,1.0263086907818735e-15,100,True
0.0,0.1,25,24,5.616979789340175,7.141223187966347e-15,2.6779586954873804e-15,1.271363518437232e-15,100,True
0.0,0.1,25,25,5.046764416485032,3.570611593983174e-15,8.926528984957934e-16,7.075051061071781e-16,100,True
0.0,0.1,25,26,7.1029678547909585,3.570611593983174e-15,2.6779586954873804e-15,5.026929118896114e-16,100,True
0.0,0.1,25,28,5.833823068198073,2.6779586954873804e-15,8.926528984957934e-16,4.590400950083214e-16,100,True
0.0,0.1,25,27,4.758701556276043,8.926528984957934e-16,8.926528984957934e-16,1.8758329093332457e-16,100,True
0.0,0.1,25,29,6.296742205157691,0.0,8.926528984957934e-16,0.0,100,True
0.0,0.1,25,30,2.3012888817558554,4.463264492478967e-16,8.926528984957934e-16,1.9394629365582083e-16,100,True
0.0,0.1,25,31,5.792039179074838,0.0,1.785305796991587e-15,0.0,100,True
0.0,0.1,25,32,6.182345099066659,0.0,0.0,0.0,100,True
0.0,0.1,25,33,5.5203413041040355,3.570611593983174e-15,8.926528984957934e-16,6.468099338946023e-16,100,True
0.0,0.1,25,34,5.487957858460734,8.926528984957934e-16,8.926528984957934e-16,1.626566605498981e-16,100,True
0.0,0.1,25,35,2.675700751087657,4.463264492478967e-16,8.926528984957934e-16,1.6680731171692784e-16,100,True
0.0,0.1,25,36,2.801649368248153,8.926528984957934e-16,0.0,3.1861692209327446e-16,100,True
0.0,0.1,25,38,5.343895571409624,3.570611593983174e-15,2.6779586954873804e-15,6.681664239635038e-16,100,True
0.0,0.1,25,39,4.168325965016748,1.785305796991587e-15,8.926528984957934e-16,4.2830282755595717e-16,100,True
0.0,0.1,25,37,6.960067589319477,0.0,0.0,0.0,100,True
0.0,0.1,25,40,5.712608267422232,8.926528984957934e-16,2.6779586954873804e-15,1.5626012789751391e-16,100,True
0.0,0.1,25,41,8.125228775329497,7.141223187966347e-15,0.0,8.788950299650799e-16,100,True
0.0,0.1,25,42,6.46161632410863,0.0,0.0,0.0,100,True
0.0,0.1,25,43,5.085215892225669,0.0,0.0,0.0,100,True
0.0,0.1,25,45,5.579701660666616,0.0,8.926528984957934e-16,0.0,100,True
0.0,0.1,25,46,9.325733512433567,1.0711834781949522e-14,1.785305796991587e-15,1.148631876266669e-15,100,True
0.0,0.1,25,44,9.677116488496909,3.570611593983174e-15,1.785305796991587e-15,3.6897474554817273e-16,100,True
0.0,0.1,25,47,8.080280356077969,3.570611593983174e-15,1.785305796991587e-15,4.418920429286055e-16,100,True
0.0,0.1,25,48,3.7205863221227258,8.926528984957934e-16,0.0,2.3992264154390145e-16,100,True
0.0,0.1,25,49,2.972982454784181,1.785305796991587e-15,0.0,6.005100346685996e-16,100,True
0.0,0.1,30,5,3.562346403971128,4.463264492478967e-16,1.3389793477436902e-15,1.2529001917117156e-16,100,True
0.0,0.1,30,4,4.6445995877689965,3.570611593983174e-15,8.926528984957934e-16,7.687662900771805e-16,100,True
0.0,0.1,30,0,5.670147983607605,3.570611593983174e-15,2.6779586954873804e-15,6.2972105918678135e-16,100,True
0.0,0.1,30,3,7.0774076839434885,3.570611593983174e-15,3.570611593983174e-15,5.04508395366826e-16,100,True
0.0,0.1,30,1,8.561420692668335,0.0,3.570611593983174e-15,0.0,100,True
0.0,0.1,30,2,6.8297621131992745,3.570611593983174e-15,1.785305796991587e-15,5.228017513351702e-16,100,True
0.0,0.1,30,10,4.459889647265128,1.785305796991587e-15,8.926528984957934e-16,4.003026841900367e-16,100,True
0.0,0.1,30,6,9.091701627839056,1.0711834781949522e-14,1.785305796991587e-15,1.1781991117206895e-15,100,True
0.0,0.1,30,9,6.786888476680901,1.785305796991587e-15,8.926528984957934e-16,2.6305217820002886e-16,100,True
0.0,0.1,30,7,7.235126882482254,0.0,8.926528984957934e-16,0.0,100,True
0.0,0.1,30,8,6.604205619414806,8.926528984957934e-16,1.785305796991587e-15,1.3516431043146271e-16,100,True
0.0,0.1,30,11,4.724135775234024,3.570611593983174e-15,8.926528984957934e-16,7.558232370673751e-16,100,True
0.0,0.1,30,12,3.5751394685132687,0.0,8.926528984957934e-16,0.0,100,True
0.0,0.1,30,13,6.7761752735664835,3.570611593983174e-15,1.785305796991587e-15,5.269361328228844e-16,100,True
0.0,0.1,30,14,7.311579692715582,3.570611593983174e-15,8.926528984957934e-16,4.88350225812422e-16,100,True
0.0,0.1,30,15,7.554528911541415,3.570611593983174e-15,2.6779586954873804e-15,4.726451689830957e-16,100,True
0.0,0.1,30,16,6.1528773042469265,3.570611593983174e-15,1.785305796991587e-15,5.803157478077151e-16,100,True
0.0,0.1,30,17,5.138213108486658,0.0,8.926528984957934e-16,0.0,100,True
0.0,0.1,30,18,5.77872170346722,0.0,0.0,0.0,100,True
0.0,0.1,30,19,8.002307227620971,1.785305796991587e-15,0.0,2.2309888213606437e-16,100,True
0.0,0.1,30,20,3.9160172790874985,2.6779586954873804e-15,1.3389793477436902e-15,6.838475176778056e-16,100,True
0.0,0.1,30,23,7.692736517611702,3.570611593983174e-15,2.6779586954873804e-15,4.641536319109121e-16,100,True
0.0,0.1,30,21,6.586841931394465,1.785305796991587e-15,0.0,2.7104123881922717e-16,100,True
0.0,0.1,30,22,8.275082123367074,0.0,3.570611593983174e-15,0.0,100,True
0.0,0.1,30,24,5.654314987357152,3.570611593983174e-15,1.785305796991587e-15,6.314843799765196e-16,100,True
0.0,0.1,30,26,7.389417479400363,3.570611593983174e-15,1.785305796991587e-15,4.832060989837215e-16,100,True
0.0,0.1,30,27,4.833869184319854,1.785305796991587e-15,1.785305796991587e-15,3.693326668381464e-16,100,True
0.0,0.1,30,25,4.959229805706454,0.0,8.926528984957934e-16,0.0,100,True
0.0,0.1,30,28,5.946349418929075,2.6779586954873804e-15,2.6779586954873804e-15,4.503534028731321e-16,100,True
0.0,0.1,30,29,6.049703162199221,1.785305796991587e-15,8.926528984957934e-16,2.9510634639842107e-16,100,True
0.0,0.1,30,30,2.2157942568445765,4.463264492478967e-16,0.0,2.0142955415160803e-16,100,True
0.0,0.1,30,34,6.685577041991549,0.0,0.0,0.0,100,True
0.0,0.1,30,32,6.367273683534377,7.141223187966347e-15,1.785305796991587e-15,1.1215511603393751e-15,100,True
0.0,0.1,30,33,5.992317242253129,8.926528984957934e-16,2.6779586954873804e-15,1.489662283234112e-16,100,True
0.0,0.1,30,31,5.5245763857210735,0.0,0.0,0.0,100,True
0.0,0.1,30,35,3.5694323792688807,0.0,1.3389793477436902e-15,0.0,100,True
0.0,0.1,30,36,2.4644684317908556,8.926528984957934e-16,8.926528984957934e-16,3.622091023690367e-16,100,True
0.0,0.1,30,37,6.015636534925868,1.785305796991587e-15,0.0,2.9677753744368925e-16,100,True
0.0,0.1,30,38,5.693617877742662,7.141223187966347e-15,0.0,1.2542505207247266e-15,100,True
0.0,0.1,30,41,8.848560571213895,0.0,3.570611593983174e-15,0.0,100,True
0.0,0.1,30,39,7.040314630417996,0.0,4.463264492478967e-15,0.0,100,True
0.0,0.1,30,40,5.786544912717098,2.6779586954873804e-15,0.0,4.627906178697459e-16,100,True
0.0,0.1,30,44,7.437368269666349,1.0711834781949522e-14,1.785305796991587e-15,1.4402722029562845e-15,100,True
0.0,0.1,30,46,6.251374116719462,3.570611593983174e-15,8.926528984957934e-16,5.711722778570363e-16,100,True
0.0,0.1,30,42,6.073180492351733,1.785305796991587e-15,0.0,2.9396554231179424e-16,100,True
0.0,0.1,30,45,4.754299059630917,3.570611593983174e-15,0.0,7.51027974723232e-16,100,True
0.0,0.1,30,47,7.764903298605604,0.0,4.463264492478967e-15,0.0,100,True
0.0,0.1,30,43,3.7699442305285014,0.0,4.463264492478967e-16,0.0,100,True
0.0,0.1,30,48,3.974281389535848,1.785305796991587e-15,0.0,4.492147440018309e-16,100,True
0.0,0.1,30,49,4.204054280596659,8.926528984957934e-16,8.926528984957934e-16,2.1233143982363232e-16,100,True
0.0,0.1,35,1,8.508477809800953,0.0,1.785305796991587e-15,0.0,100,True
0.0,0.1,35,2,7.086357740537651,0.0,8.926528984957934e-16,0.0,100,True
0.0,0.1,35,3,6.553815186224138,3.570611593983174e-15,1.785305796991587e-15,5.448142024951298e-16,100,True
0.0,0.1,35,0,3.8037213721341487,1.785305796991587e-15,8.926528984957934e-16,4.693576690634171e-16,100,True
0.0,0.1,35,5,3.0831115463048997,0.0,4.463264492478967e-16,0.0,100,True
0.0,0.1,35,4,4.577305140448793,3.570611593983174e-15,0.0,7.800685085270684e-16,100,True
0.0,0.1,35,6,8.859990512785284,7.141223187966347e-15,3.570611593983174e-15,8.060079948913383e-16,100,True
0.0,0.1,35,7,7.520061846470438,1.785305796991587e-15,8.926528984957934e-16,2.3740573328256937e-16,100,True
0.0,0.1,35,8,6.698520296374753,0.0,2.6779586954873804e-15,0.0,100,True
0.0,0.1,35,9,6.913814645811271,3.570611593983174e-15,2.6779586954873804e-15,5.164459530523321e-16,100,True
0.0,0.1,35,11,9.018345226750967,3.570611593983174e-15,0.0,3.9592757919620645e-16,100,True
0.0,0.1,35,10,3.696112078078707,0.0,4.463264492478967e-16,0.0,100,True
0.0,0.1,35,12,3.823060724479467,8.926528984957934e-16,1.3389793477436902e-15,2.3349168711342755e-16,100,True
0.0,0.1,35,13,6.753110051191899,0.0,8.926528984957934e-16,0.0,100,True
0.0,0.1,35,14,7.024279276540133,3.570611593983174e-15,0.0,5.08324264086195e-16,100,True
0.0,0.1,35,15,5.893788362365794,3.570611593983174e-15,2.6779586954873804e-15,6.05826231695553e-16,100,True
0.0,0.1,35,17,3.4549818469897975,1.3389793477436902e-15,8.926528984957934e-16,3.8755032791570095e-16,100,True
0.0,0.1,35,16,6.309746656862712,3.570611593983174e-15,1.785305796991587e-15,5.658882659099546e-16,100,True
0.0,0.1,35,19,4.887165814775927,0.0,8.926528984957934e-16,0.0,100,True
0.0,0.1,35,18,6.401784922031639,3.570611593983174e-15,8.926528984957934e-16,5.577525076943731e-16,100,True
0.0,0.1,35,20,3.751530141082917,3.570611593983174e-15,4.463264492478967e-16,9.517747318304847e-16,100,True
0.0,0.1,35,21,6.755671269278676,1.785305796991587e-15,8.926528984957934e-16,2.6426771313018747e-16,100,True
0.0,0.1,35,22,8.477348849681812,0.0,1.785305796991587e-15,0.0,100,True
0.0,0.1,35,23,8.047232224132953,3.570611593983174e-15,1.785305796991587e-15,4.43706791917253e-16,100,True
0.0,0.1,35,24,8.599303496049066,3.570611593983174e-15,1.785305796991587e-15,4.1522102291466797e-16,100,True
0.0,0.1,35,25,4.915938477481165,3.570611593983174e-15,8.926528984957934e-16,7.263336614848541e-16,100,True
0.0,0.1,35,26,6.748010551498001,1.4282446375932695e-14,2.6779586954873804e-15,2.1165417965687848e-15,100,True
0.0,0.1,35,27,4.074507720151687,1.785305796991587e-15,8.926528984957934e-16,4.381647844626302e-16,100,True
0.0,0.1,35,29,6.1081173743061825,5.355917390974761e-15,0.0,8.768524019372068e-16,100,True
0.0,0.1,35,28,5.8364690775906425,1.785305796991587e-15,1.785305796991587e-15,3.0588799036841302e-16,100,True
0.0,0.1,35,30,3.8846441912907874,0.0,4.463264492478967e-16,0.0,100,True
0.0,0.1,35,31,5.583942215578537,3.570611593983174e-15,8.926528984957934e-16,6.39442790797797e-16,100,True
0.0,0.1,35,32,5.914926298367193,5.355917390974761e-15,2.6779586954873804e-15,9.054918220119252e-16,100,True
0.0,0.1,35,33,6.017524265758677,1.785305796991587e-15,0.0,2.9668443667945875e-16,100,True
0.0,0.1,35,34,6.554859199812184,8.926528984957934e-16,2.6779586954873804e-15,1.361818570445221e-16,100,True
0.0,0.1,35,35,5.122278376670003,4.463264492478967e-16,1.785305796991587e-15,8.71343602254694e-17,100,True
0.0,0.1,35,36,2.6038928718936494,0.0,4.463264492478967e-16,0.0,100,True
0.0,0.1,35,37,5.580946646346278,1.785305796991587e-15,1.785305796991587e-15,3.1989300563559175e-16,100,True
0.0,0.1,35,39,6.970569605840804,0.0,8.926528984957934e-16,0.0,100,True
0.0,0.1,35,38,5.695817106474177,3.570611593983174e-15,1.785305796991587e-15,6.268831191796207e-16,100,True
0.0,0.1,35,40,5.7357081364094435,8.926528984957934e-16,8.926528984957934e-16,1.5563080918106035e-16,100,True
0.0,0.1,35,41,8.591203917655928,3.570611593983174e-15,1.785305796991587e-15,4.1561248321031576e-16,100,True
0.0,0.1,35,42,6.156717702922921,0.0,8.926528984957934e-16,0.0,100,True
0.0,0.1,35,43,4.068884207867089,5.355917390974761e-15,8.926528984957934e-16,1.3163110861250917e-15,100,True
0.0,0.1,35,44,7.578911080486491,3.570611593983174e-15,8.926528984957934e-16,4.711246188356093e-16,100,True
0.0,0.1,35,45,5.744507888066471,3.570611593983174e-15,1.785305796991587e-15,6.215696215511677e-16,100,True
0.0,0.1,35,47,7.620546706824489,3.570611593983174e-15,2.6779586954873804e-15,4.685505819137039e-16,100,True
0.0,0.1,35,46,6.037273229529701,7.141223187966347e-15,1.785305796991587e-15,1.1828557225200562e-15,100,True
0.0,0.1,35,48,4.066536698765169,8.926528984957934e-16,0.0,2.1951182655424044e-16,100,True
0.0,0.1,35,49,4.3550222515288395,8.926528984957934e-16,8.926528984957934e-16,2.0497091563250356e-16,100,True
0.0,0.05,0,1,,,,,0,True
0.0,0.05,0,4,,,,,0,True
0.0,0.05,0,0,,,,,0,True
0.0,0.05,0,2,,,,,0,True
0.0,0.05,0,3,,,,,0,True
0.0,0.05,0,5,,,,,0,True
0.0,0.05,0,6,,,,,0,True
0.0,0.05,0,9,,,,,0,True
0.0,0.05,0,7,,,,,0,True
0.0,0.05,0,8,,,,,0,True
0.0,0.05,0,10,,,,,0,True
0.0,0.05,0,11,,,,,0,True
0.0,0.05,0,13,,,,,0,True
0.0,0.05,0,12,,,,,0,True
0.0,0.05,0,14,,,,,0,True
0.0,0.05,0,15,,,,,0,True
0.0,0.05,0,16,,,,,0,True
0.0,0.05,0,17,,,,,0,True
0.0,0.05,0,18,,,,,0,True
0.0,0.05,0,19,,,,,0,True
0.0,0.05,0,22,,,,,0,True
0.0,0.05,0,20,,,,,0,True
0.0,0.05,0,21,,,,,0,True
0.0,0.05,0,23,,,,,0,True
0.0,0.05,0,24,,,,,0,True
0.0,0.05,0,26,,,,,0,True
0.0,0.05,0,29,,,,,0,True
0.0,0.05,0,25,,,,,0,True
0.0,0.05,0,27,,,,,0,True
0.0,0.05,0,30,,,,,0,True
0.0,0.05,0,28,,,,,0,True
0.0,0.05,0,33,,,,,0,True
0.0,0.05,0,31,,,,,0,True
0.0,0.05,0,36,,,,,0,True
0.0,0.05,0,34,,,,,0,True
0.0,0.05,0,32,,,,,0,True
0.0,0.05,0,37,,,,,0,True
0.0,0.05,0,38,,,,,0,True
0.0,0.05,0,35,,,,,0,True
0.0,0.05,0,41,,,,,0,True
0.0,0.05,0,39,,,,,0,True
0.0,0.05,0,40,,,,,0,True
0.0,0.05,0,44,,,,,0,True
0.0,0.05,0,42,,,,,0,True
0.0,0.05,0,43,,,,,0,True
0.0,0.05,0,47,,,,,0,True
0.0,0.05,0,46,,,,,0,True
0.0,0.05,0,45,,,,,0,True
0.0,0.05,0,48,,,,,0,True
0.0,0.05,0,49,,,,,0,True
0.0,0.05,5,0,,,,,0,True
0.0,0.05,5,4,,,,,0,True
0.0,0.05,5,1,,,,,0,True
0.0,0.05,5,3,,,,,0,True
0.0,0.05,5,2,,,,,0,True
0.0,0.05,5,5,,,,,0,True
0.0,0.05,5,6,,,,,0,True
0.0,0.05,5,10,,,,,0,True
0.0,0.05,5,8,,,,,0,True
0.0,0.05,5,7,,,,,0,True
0.0,0.05,5,9,,,,,0,True
0.0,0.05,5,11,,,,,0,True
0.0,0.05,5,12,,,,,0,True
0.0,0.05,5,16,,,,,0,True
0.0,0.05,5,14,,,,,0,True
0.0,0.05,5,15,,,,,0,True
0.0,0.05,5,13,,,,,0,True
0.0,0.05,5,17,,,,,0,True
0.0,0.05,5,19,,,,,0,True
0.0,0.05,5,18,,,,,0,True
0.0,0.05,5,21,,,,,0,True
0.0,0.05,5,22,,,,,0,True
0.0,0.05,5,20,,,,,0,True
0.0,0.05,5,23,,,,,0,True
0.0,0.05,5,24,,,,,0,True
0.0,0.05,5,25,,,,,0,True
0.0,0.05,5,26,,,,,0,True
0.0,0.05,5,27,,,,,0,True
0.0,0.05,5,28,,,,,0,True
0.0,0.05,5,29,,,,,0,True
0.0,0.05,5,30,,,,,0,True
0.0,0.05,5,31,,,,,0,True
0.0,0.05,5,33,,,,,0,True
0.0,0.05,5,34,,,,,0,True
0.0,0.05,5,32,,,,,0,True
0.0,0.05,5,35,,,,,0,True
0.0,0.05,5,36,,,,,0,True
0.0,0.05,5,37,,,,,0,True
0.0,0.05,5,40,,,,,0,True
0.0,0.05,5,39,,,,,0,True
0.0,0.05,5,41,,,,,0,True
0.0,0.05,5,38,,,,,0,True
0.0,0.05,5,42,,,,,0,True
0.0,0.05,5,43,,,,,0,True
0.0,0.05,5,45,,,,,0,True
0.0,0.05,5,44,,,,,0,True
0.0,0.05,5,46,,,,,0,True
0.0,0.05,5,47,,,,,0,True
0.0,0.05,5,48,,,,,0,True
0.0,0.05,5,49,,,,,0,True
0.0,0.05,10,4,,,,,0,True
0.0,0.05,10,0,,,,,0,True
0.0,0.05,10,3,,,,,0,True
0.0,0.05,10,2,,,,,0,True
0.0,0.05,10,5,,,,,0,True
0.0,0.05,10,1,,,,,0,True
0.0,0.05,10,8,,,,,0,True
0.0,0.05,10,7,,,,,0,True
0.0,0.05,10,11,,,,,0,True
0.0,0.05,10,6,,,,,0,True
0.0,0.05,10,9,,,,,0,True
0.0,0.05,10,10,,,,,0,True
0.0,0.05,10,14,,,,,0,True
0.0,0.05,10,13,,,,,0,True
0.0,0.05,10,16,,,,,0,True
0.0,0.05,10,15,,,,,0,True
0.0,0.05,10,12,,,,,0,True
0.0,0.05,10,17,,,,,0,True
0.0,0.05,10,18,,,,,0,True
0.0,0.05,10,19,,,,,0,True
0.0,0.05,10,20,,,,,0,True
0.0,0.05,10,22,,,,,0,True
0.0,0.05,10,21,,,,,0,True
0.0,0.05,10,23,,,,,0,True
0.0,0.05,10,24,,,,,0,True
0.0,0.05,10,25,,,,,0,True
0.0,0.05,10,27,,,,,0,True
0.0,0.05,10,26,,,,,0,True
0.0,0.05,10,29,,,,,0,True
0.0,0.05,10,28,,,,,0,True
0.0,0.05,10,30,,,,,0,True
0.0,0.05,10,32,,,,,0,True
0.0,0.05,10,33,,,,,0,True
0.0,0.05,10,31,,,,,0,True
0.0,0.05,10,35,,,,,0,True
0.0,0.05,10,34,,,,,0,True
0.0,0.05,10,36,,,,,0,True
0.0,0.05,10,40,,,,,0,True
0.0,0.05,10,39,,,,,0,True
0.0,0.05,10,41,,,,,0,True
0.0,0.05,10,37,,,,,0,True
0.0,0.05,10,38,,,,,0,True
0.0,0.05,10,42,,,,,0,True
0.0,0.05,10,44,,,,,0,True
0.0,0.05,10,47,,,,,0,True
0.0,0.05,10,45,,,,,0,True
0.0,0.05,10,43,,,,,0,True
0.0,0.05,10,46,,,,,0,True
0.0,0.05,10,48,,,,,0,True
0.0,0.05,10,49,,,,,0,True
0.0,0.05,15,5,9.20891679145469,0.4264368131492639,0.5448127998805373,0.046306946061774726,100,True
0.0,0.05,15,1,9.724748936495613,0.2746845410246526,0.5570150849991984,0.02824592622579697,100,True
0.0,0.05,15,3,8.278305427144383,0.40183913412764255,0.671880500194373,0.04854123077049329,100,True
0.0,0.05,15,2,8.385494006575204,0.2624135501315535,0.3340087592985778,0.03129374964978696,100,True
0.0,0.05,15,4,10.181487187837902,0.2194800049262249,0.5873908595270998,0.02155677268723576,100,True
0.0,0.05,15,0,8.566723061303527,0.1776153639693205,0.35518033957548567,0.02073317448203984,100,True
0.0,0.05,15,7,9.938975593287303,0.15244674484031204,1.2173121740773092,0.015338275399657207,100,True
0.0,0.05,15,8,10.86543867324883,0.2310928583966661,0.34890468173894673,0.021268617434252932,100,True
0.0,0.05,15,11,7.185198738683112,0.3014313776430302,0.47026180150059965,0.04195171053797127,100,True
0.0,0.05,15,9,14.64616746830444,0.9802855845842613,1.78550873649947,0.06693120140171026,100,True
0.0,0.05,15,6,8.837228557680362,2.3340716581502305,1.6417987673129442,0.26411805951558287,100,True
0.0,0.05,15,10,7.803251062037608,0.17045519093084252,0.3620375887322135,0.021844124913537353,100,True
0.0,0.05,15,15,10.343082591845443,0.2739430296603017,0.4528085757948439,0.026485627203274995,100,True
0.0,0.05,15,12,9.932104118762162,0.43973939153705016,0.48982767481642614,0.04427454507916041,100,True
0.0,0.05,15,16,9.393938090504044,0.35067946614749274,0.4776822701633334,0.03733039996314012,100,True
0.0,0.05,15,13,8.316003127233484,0.2718215417506721,0.7423912042946899,0.0326865607903036,100,True
0.0,0.05,15,17,9.86751242661626,0.3040187202036243,0.3185010335236046,0.030810067123257484,100,True
0.0,0.05,15,14,8.842531126183637,0.31963491079555933,0.21220129199508123,0.03614744536766037,100,True
0.0,0.05,15,18,8.951461915560435,0.4803327526649337,0.5246002383511451,0.053659699074400956,100,True
0.0,0.05,15,19,8.255908089363446,0.5438931581884808,0.6345457414692763,0.0658792651639629,100,True
0.0,0.05,15,20,12.644255464338883,1.5442830929488416,1.5312602859857691,0.12213317718107224,100,True
0.0,0.05,15,21,9.942036235259089,0.33311112568675183,0.6120024746588087,0.03350532202904116,100,True
0.0,0.05,15,22,8.364139116793226,0.3183461462291061,0.6111488624434359,0.038060838274430644,100,True
0.0,0.05,15,23,15.36028846503633,0.40172047469884825,1.6256574735240334,0.026153185574168063,100,True
0.0,0.05,15,25,8.152712839661824,0.3197672679924792,0.5255577626443474,0.03922219196006212,100,True
0.0,0.05,15,24,8.33933644835244,0.16526656699570386,0.35345116181399505,0.019817711879025424,100,True
0.0,0.05,15,26,7.959590791998335,0.8693352747177099,0.7141516344496198,0.10921858892440055,100,True
0.0,0.05,15,27,8.205550295897043,0.5482709588213678,0.8139559099619907,0.06681708588094518,100,True
0.0,0.05,15,28,9.197283324243648,0.12322493932240036,0.32270440296447994,0.01339797144202187,100,True
0.0,0.05,15,29,10.927461078902905,1.5998627009271194,1.0702785990376957,0.1464075405416811,100,True
0.0,0.05,15,30,8.315897483370243,0.771519544317467,0.3978018562502534,0.09277646169404048,100,True
0.0,0.05,15,31,10.57873543040875,0.5012893332481938,1.5992095950879808,0.04738650820278852,100,True
0.0,0.05,15,34,8.13251357887691,0.5693028937066736,0.6905552745453569,0.0700033130206336,100,True
0.0,0.05,15,32,7.990516807903984,0.1670042280652712,0.16754924760294615,0.020900303707524343,100,True
0.0,0.05,15,33,8.628408161830093,0.2996929665647865,0.6300938407361586,0.034733285786195514,100,True
0.0,0.05,15,35,6.904286192185416,0.46739021497332095,0.47742539060857375,0.06769566063213521,100,True
0.0,0.05,15,36,11.127868810527826,0.40045905437556406,0.7123000323675588,0.0359870394946334,100,True
0.0,0.05,15,37,7.8912002899968225,0.7183113156425884,0.45827177405862657,0.09102687667846251,100,True
0.0,0.05,15,39,12.940769286736467,0.3474336042579978,2.024307449755011,0.026847986897818893,100,True
0.0,0.05,15,38,8.379993161799229,0.19602643977357428,0.26811618546332594,0.02339219567232754,100,True
0.0,0.05,15,40,9.827486336325974,0.25417022872085043,1.087883643321349,0.025863198382819884,100,True
0.0,0.05,15,41,8.453565077834089,0.4039669326041167,0.5303944169149871,0.047786576300613066,100,True
0.0,0.05,15,42,8.068750578259177,0.2828342678121468,0.40877468622220897,0.03505304384723811,100,True
0.0,0.05,15,44,10.83123984506569,0.17977107525661756,1.1086884006599582,0.016597460478037014,100,True
0.0,0.05,15,43,10.160919733794234,0.8647730994689686,0.9890713274024504,0.08510775816807381,100,True
0.0,0.05,15,45,9.82514001029375,0.7296391282262943,0.7297310261375038,0.07426246623069545,100,True
0.0,0.05,15,47,9.614477850558677,1.5061721402785526,1.7529261493410855,0.15665667586836576,100,True
0.0,0.05,15,46,8.302530548009639,0.3224531644043183,0.28522219971509266,0.03883793772750645,100,True
0.0,0.05,15,48,8.973340919890216,0.28895070992063504,0.7341404930143984,0.032201017714611715,100,True
0.0,0.05,15,49,9.608165725434134,0.5389881631878163,0.867041444790423,0.056096884524071085,100,True
0.0,0.05,20,1,6.37602362703357,0.2816563618617584,0.4784445225624132,0.04417429707562084,100,True
0.0,0.05,20,4,8.181461688170339,0.25652762891347974,0.6586068866668479,0.03135474303869145,100,True
0.0,0.05,20,3,5.723844495819601,0.30229997622529264,0.41201251993098453,0.05281414902974336,100,True
0.0,0.05,20,0,6.0831563788042855,0.13662593412103732,0.32423894215646965,0.022459710981142446,100,True
0.0,0.05,20,2,5.979770304403328,0.2164900436049288,0.4088943494712225,0.03620373903751986,100,True
0.0,0.05,20,5,6.134636617360669,0.23497986157290313,0.49477066405815656,0.03830379470365427,100,True
0.0,0.05,20,6,6.78386741254403,1.9785016653165644,1.326076634054728,0.2916480445443439,100,True
0.0,0.05,20,8,6.97109010144237,0.2106584034766271,0.29911143684488845,0.030218861097927898,100,True
0.0,0.05,20,7,7.761362163116107,0.2766099610067969,1.41969614817825,0.03563935752429066,100,True
0.0,0.05,20,10,6.779484442760031,0.16554377231437742,0.33795741859065886,0.02441834238459909,100,True
0.0,0.05,20,9,8.354787571270414,0.30572044200263326,0.6360553220298539,0.03659224599006124,100,True
0.0,0.05,20,11,6.179142514185375,0.20795284074369483,0.34837041632707894,0.033653996532091675,100,True
0.0,0.05,20,12,7.696530979633968,0.2522342596112539,0.1787071751311838,0.03277246077209316,100,True
0.0,0.05,20,13,6.598705096365717,0.3029760317063954,0.4436742730083849,0.0459144676541556,100,True
0.0,0.05,20,15,8.365817465773835,0.29448563687116375,0.5372458847802204,0.03520105931978088,100,True
0.0,0.05,20,14,6.431659429383634,0.259626934966666,0.21002928577142982,0.04036702157774962,100,True
0.0,0.05,20,16,7.370135699773755,0.3474065923712065,0.2527613549557099,0.04713706864065896,100,True
0.0,0.05,20,17,6.581252180089401,0.2481263353142558,0.2821968358633413,0.037701994776149904,100,True
0.0,0.05,20,18,6.772746940751003,0.5540419146974828,0.32371043969512575,0.08180460890452926,100,True
0.0,0.05,20,22,5.677541705749889,0.3711878018270293,0.43439150443010033,0.06537826070940378,100,True
0.0,0.05,20,21,6.21238218713197,0.20355092171940709,0.36898015083396324,0.03276535724750365,100,True
0.0,0.05,20,19,6.636059247084578,0.45086509672773917,0.6133434289905346,0.06794169249254636,100,True
0.0,0.05,20,20,7.172318510345417,0.978214805119638,0.6274144254638648,0.13638752987735445,100,True
0.0,0.05,20,23,9.206526498599985,0.5765887641497757,0.28662107872075504,0.06262826313892174,100,True
0.0,0.05,20,24,5.729253791900509,0.14840017892575005,0.26949678530128174,0.025902182782606795,100,True
0.0,0.05,20,26,6.606129237878706,0.5136703534370696,0.21414203363759957,0.0777566309922835,100,True
0.0,0.05,20,25,6.367879847354979,0.40474533628737147,0.27301670577541903,0.06356045434109285,100,True
0.0,0.05,20,27,5.995110038881128,0.4260321545422704,0.7708807988320451,0.07106327519916233,100,True
0.0,0.05,20,28,6.796905301994896,0.2409543744742561,0.6940542154231489,0.03545060049660186,100,True
0.0,0.05,20,29,8.212580001250478,1.3861355292503834,0.7273707512949866,0.16878198191546692,100,True
0.0,0.05,20,30,6.828156555968779,0.6871395347192617,0.3163087660313039,0.10063324252848363,100,True
0.0,0.05,20,32,6.060573525888665,0.23110988143225414,0.2250181030830706,0.03813333514477351,100,True
0.0,0.05,20,33,6.780121505168885,0.20396205135202092,0.36172912098763116,0.03008235932004001,100,True
0.0,0.05,20,31,7.679446608327092,0.3536585822262812,1.3182181943450846,0.04605261293734328,100,True
0.0,0.05,20,34,6.898549048965037,0.3696276426257888,0.43571177036686126,0.053580490622334935,100,True
0.0,0.05,20,35,5.91848690410303,0.4029488018310289,0.2583623923511242,0.06808307737433396,100,True
0.0,0.05,20,38,7.096419481952222,0.15018781597327885,0.20755227985187935,0.021163886429662167,100,True
0.0,0.05,20,37,5.797900125278926,0.6361957876244444,0.44084093565889737,0.10972865587156663,100,True
0.0,0.05,20,36,7.344744555489582,0.2252634992154894,0.2431226735426945,0.03067002501089351,100,True
0.0,0.05,20,39,7.977671091391167,0.21073138027588453,1.3313411007171712,0.026415150218876304,100,True
0.0,0.05,20,40,6.242687546290154,0.2835892982108078,0.07495352635869355,0.045427437479124935,100,True
0.0,0.05,20,41,6.060678259496091,0.18197448685752957,0.2216150207192807,0.0300254326440123,100,True
0.0,0.05,20,42,6.209200960392358,0.11266055178018926,0.1519672821503013,0.018144130379872624,100,True
0.0,0.05,20,43,7.225269023120676,0.5864643085994521,0.5291135050081421,0.0811685082898341,100,True
0.0,0.05,20,44,7.2346110462177,0.13479987813286215,0.48623446922153907,0.01863263654005786,100,True
0.0,0.05,20,46,6.088872868473446,0.17799790856312286,0.30315761284954734,0.02923331007365064,100,True
0.0,0.05,20,45,7.347642781886297,0.7093648310104271,0.5460109318997146,0.09654318426573237,100,True
0.0,0.05,20,47,7.186117186759751,1.2921906198008641,1.4449720248458255,0.17981763812336576,100,True
0.0,0.05,20,48,7.3852469083920065,0.20299572118706466,0.6042253086168127,0.02748665328391343,100,True
0.0,0.05,20,49,6.32925609697324,0.2908079503797291,0.31096291721089164,0.04594662404619692,100,True
0.0,0.05,25,3,,,,,0,True
0.0,0.05,25,2,,,,,0,True
0.0,0.05,25,5,,,,,0,True
0.0,0.05,25,4,,,,,0,True
0.0,0.05,25,1,,,,,0,True
0.0,0.05,25,0,,,,,0,True
0.0,0.05,25,7,,,,,0,True
0.0,0.05,25,8,,,,,0,True
0.0,0.05,25,6,,,,,0,True
0.0,0.05,25,10,,,,,0,True
0.0,0.05,25,9,,,,,0,True
0.0,0.05,25,11,,,,,0,True
0.0,0.05,25,14,,,,,0,True
0.0,0.05,25,12,,,,,0,True
0.0,0.05,25,13,,,,,0,True
0.0,0.05,25,15,,,,,0,True
0.0,0.05,25,16,,,,,0,True
0.0,0.05,25,17,,,,,0,True
0.0,0.05,25,18,,,,,0,True
0.0,0.05,25,19,,,,,0,True
0.0,0.05,25,20,,,,,0,True
0.0,0.05,25,22,,,,,0,True
0.0,0.05,25,21,,,,,0,True
0.0,0.05,25,23,,,,,0,True
0.0,0.05,25,24,,,,,0,True
0.0,0.05,25,26,,,,,0,True
0.0,0.05,25,28,,,,,0,True
0.0,0.05,25,25,,,,,0,True
0.0,0.05,25,29,,,,,0,True
0.0,0.05,25,27,,,,,0,True
0.0,0.05,25,32,,,,,0,True
0.0,0.05,25,33,,,,,0,True
0.0,0.05,25,31,,,,,0,True
0.0,0.05,25,30,,,,,0,True
0.0,0.05,25,34,,,,,0,True
0.0,0.05,25,35,,,,,0,True
0.0,0.05,25,38,,,,,0,True
0.0,0.05,25,36,,,,,0,True
0.0,0.05,25,37,,,,,0,True
0.0,0.05,25,39,,,,,0,True
0.0,0.05,25,40,,,,,0,True
0.0,0.05,25,41,,,,,0,True
0.0,0.05,25,43,,,,,0,True
0.0,0.05,25,45,,,,,0,True
0.0,0.05,25,42,,,,,0,True
0.0,0.05,25,44,,,,,0,True
0.0,0.05,25,46,,,,,0,True
0.0,0.05,25,47,,,,,0,True
0.0,0.05,25,48,,,,,0,True
0.0,0.05,25,49,,,,,0,True
0.0,0.05,30,3,,,,,0,True
0.0,0.05,30,0,,,,,0,True
0.0,0.05,30,5,,,,,0,True
0.0,0.05,30,2,,,,,0,True
0.0,0.05,30,1,,,,,0,True
0.0,0.05,30,4,,,,,0,True
0.0,0.05,30,9,,,,,0,True
0.0,0.05,30,8,,,,,0,True
0.0,0.05,30,7,,,,,0,True
0.0,0.05,30,6,,,,,0,True
0.0,0.05,30,11,,,,,0,True
0.0,0.05,30,10,,,,,0,True
0.0,0.05,30,14,,,,,0,True
0.0,0.05,30,15,,,,,0,True
0.0,0.05,30,13,,,,,0,True
0.0,0.05,30,12,,,,,0,True
0.0,0.05,30,17,,,,,0,True
0.0,0.05,30,16,,,,,0,True
0.0,0.05,30,21,,,,,0,True
0.0,0.05,30,19,,,,,0,True
0.0,0.05,30,20,,,,,0,True
0.0,0.05,30,18,,,,,0,True
0.0,0.05,30,22,,,,,0,True
0.0,0.05,30,23,,,,,0,True
0.0,0.05,30,24,,,,,0,True
0.0,0.05,30,25,,,,,0,True
0.0,0.05,30,26,,,,,0,True
0.0,0.05,30,27,,,,,0,True
0.0,0.05,30,28,,,,,0,True
0.0,0.05,30,29,,,,,0,True
0.0,0.05,30,30,,,,,0,True
0.0,0.05,30,31,,,,,0,True
0.0,0.05,30,32,,,,,0,True
0.0,0.05,30,33,,,,,0,True
0.0,0.05,30,34,,,,,0,True
0.0,0.05,30,35,,,,,0,True
0.0,0.05,30,36,,,,,0,True
0.0,0.05,30,37,,,,,0,True
0.0,0.05,30,38,,,,,0,True
0.0,0.05,30,39,,,,,0,True
0.0,0.05,30,40,,,,,0,True
0.0,0.05,30,41,,,,,0,True
0.0,0.05,30,42,,,,,0,True
0.0,0.05,30,43,,,,,0,True
0.0,0.05,30,45,,,,,0,True
0.0,0.05,30,44,,,,,0,True
0.0,0.05,30,46,,,,,0,True
0.0,0.05,30,47,,,,,0,True
0.0,0.05,30,48,,,,,0,True
0.0,0.05,30,49,,,,,0,True
0.0,0.05,35,3,,,,,0,True
0.0,0.05,35,2,,,,,0,True
0.0,0.05,35,5,,,,,0,True
0.0,0.05,35,1,,,,,0,True
0.0,0.05,35,4,,,,,0,True
0.0,0.05,35,0,,,,,0,True
0.0,0.05,35,6,,,,,0,True
0.0,0.05,35,8,,,,,0,True
0.0,0.05,35,9,,,,,0,True
0.0,0.05,35,7,,,,,0,True
0.0,0.05,35,10,,,,,0,True
0.0,0.05,35,11,,,,,0,True
0.0,0.05,35,12,,,,,0,True
0.0,0.05,35,13,,,,,0,True
0.0,0.05,35,14,,,,,0,True
0.0,0.05,35,15,,,,,0,True
0.0,0.05,35,17,,,,,0,True
0.0,0.05,35,16,,,,,0,True
0.0,0.05,35,19,,,,,0,True
0.0,0.05,35,20,,,,,0,True
0.0,0.05,35,21,,,,,0,True
0.0,0.05,35,18,,,,,0,True
0.0,0.05,35,22,,,,,0,True
0.0,0.05,35,23,,,,,0,True
0.0,0.05,35,24,,,,,0,True
0.0,0.05,35,27,,,,,0,True
0.0,0.05,35,29,,,,,0,True
0.0,0.05,35,26,,,,,0,True
0.0,0.05,35,28,,,,,0,True
0.0,0.05,35,25,,,,,0,True
0.0,0.05,35,30,,,,,0,True
0.0,0.05,35,32,,,,,0,True
0.0,0.05,35,31,,,,,0,True
0.0,0.05,35,35,,,,,0,True
0.0,0.05,35,33,,,,,0,True
0.0,0.05,35,34,,,,,0,True
0.0,0.05,35,37,,,,,0,True
0.0,0.05,35,38,,,,,0,True
0.0,0.05,35,36,,,,,0,True
0.0,0.05,35,40,,,,,0,True
0.0,0.05,35,39,,,,,0,True
0.0,0.05,35,41,,,,,0,True
0.0,0.05,35,42,,,,,0,True
0.0,0.05,35,43,,,,,0,True
0.0,0.05,35,46,,,,,0,True
0.0,0.05,35,44,,,,,0,True
0.0,0.05,35,45,,,,,0,True
0.0,0.05,35,47,,,,,0,True
0.0,0.05,35,48,,,,,0,True
0.0,0.05,35,49,,,,,0,True
5.0,0.1,0,4,66.94475588226597,1.4282446375932695e-14,1.4282446375932695e-14,2.1334675416623923e-16,100,True
5.0,0.1,0,5,35.16240550294611,3.570611593983174e-15,7.141223187966347e-15,1.0154628339304054e-16,100,True
5.0,0.1,0,2,45.90184425736151,0.0,1.4282446375932695e-14,0.0,100,True
5.0,0.1,0,1,87.58274285449926,1.4282446375932695e-14,0.0,1.6307375072347353e-16,100,True
5.0,0.1,0,3,38.14285252899577,7.141223187966347e-15,7.141223187966347e-15,1.8722310248132778e-16,100,True
5.0,0.1,0,0,47.83598074545711,3.570611593983174e-15,0.0,7.464280105352012e-17,100,True
5.0,0.1,0,6,31.45886978068535,0.0,3.570611593983174e-15,0.0,100,True
5.0,0.1,0,9,43.273570512876496,7.141223187966347e-15,1.4282446375932695e-14,1.650250511646919e-16,100,True
5.0,0.1,0,11,44.03698876311998,0.0,7.141223187966347e-15,0.0,100,True
5.0,0.1,0,7,13.553286343144466,1.785305796991587e-15,1.785305796991587e-15,1.317249375384614e-16,100,True
5.0,0.1,0,10,26.860279784589743,3.570611593983174e-15,0.0,1.3293277741774312e-16,100,True
5.0,0.1,0,8,31.141867486107877,1.785305796991587e-15,0.0,5.732815470324625e-17,100,True
5.0,0.1,0,12,29.595197576629847,1.785305796991587e-15,3.570611593983174e-15,6.032417227048256e-17,100,True
5.0,0.1,0,14,26.386526020092916,0.0,3.570611593983174e-15,0.0,100,True
5.0,0.1,0,13,39.173330104033646,0.0,7.141223187966347e-15,0.0,100,True
5.0,0.1,0,15,25.159323489522116,0.0,3.570611593983174e-15,0.0,100,True
5.0,0.1,0,16,55.98038835426343,0.0,7.141223187966347e-15,0.0,100,True
5.0,0.1,0,17,29.669593304490558,7.141223187966347e-15,3.570611593983174e-15,2.406916439560871e-16,100,True
5.0,0.1,0,18,34.96117998916668,7.141223187966347e-15,1.4282446375932695e-14,2.0426150347840598e-16,100,True
5.0,0.1,0,20,40.42366012685161,7.141223187966347e-15,7.141223187966347e-15,1.7665949014900696e-16,100,True
5.0,0.1,0,19,37.67527680024064,0.0,7.141223187966347e-15,0.0,100,True
5.0,0.1,0,22,29.543336106690077,7.141223187966347e-15,0.0,2.417202702557759e-16,100,True
5.0,0.1,0,23,37.26125714770222,1.4282446375932695e-14,7.141223187966347e-15,3.8330554225042963e-16,100,True
5.0,0.1,0,21,46.25516753821165,3.570611593983174e-15,7.141223187966347e-15,7.719378793803895e-17,100,True
5.0,0.1,0,24,29.459743651869047,0.0,7.141223187966347e-15,0.0,100,True
5.0,0.1,0,27,27.758012301682538,7.141223187966347e-15,7.141223187966347e-15,2.5726709500497936e-16,100,True
5.0,0.1,0,25,18.71222204107636,1.785305796991587e-15,3.570611593983174e-15,9.54085406357701e-17,100,True
5.0,0.1,0,26,23.90576007378492,3.570611593983174e-15,1.0711834781949522e-14,1.4936197732105202e-16,100,True
5.0,0.1,0,30,49.96256220193186,1.4282446375932695e-14,1.4282446375932695e-14,2.8586296912091607e-16,100,True
5.0,0.1,0,28,39.40691534796351,0.0,7.141223187966347e-15,0.0,100,True
5.0,0.1,0,29,28.13003778316186,1.4282446375932695e-14,7.141223187966347e-15,5.077293705052153e-16,100,True
5.0,0.1,0,31,25.257381987578405,7.141223187966347e-15,0.0,2.8273806016310024e-16,100,True
5.0,0.1,0,33,56.07245224319373,1.0711834781949522e-14,7.141223187966347e-15,1.910356039983923e-16,100,True
5.0,0.1,0,32,39.61682840278394,0.0,1.4282446375932695e-14,0.0,100,True
5.0,0.1,0,35,59.69676673397138,0.0,2.1423669563899043e-14,0.0,100,True
5.0,0.1,0,36,24.60886497208964,3.570611593983174e-15,7.141223187966347e-15,1.4509452581550649e-16,100,True
5.0,0.1,0,34,51.576185851193486,1.4282446375932695e-14,1.4282446375932695e-14,2.7691939875391534e-16,100,True
5.0,0.1,0,37,41.72829059950982,7.141223187966347e-15,0.0,1.7113625037998167e-16,100,True
5.0,0.1,0,38,50.28030233515789,0.0,7.141223187966347e-15,0.0,100,True
5.0,0.1,0,41,39.19241594031049,3.570611593983174e-15,0.0,9.110465655960495e-17,100,True
5.0,0.1,0,40,22.009770661241138,1.0711834781949522e-14,1.0711834781949522e-14,4.866854337929516e-16,100,True
5.0,0.1,0,39,43.3793178884091,0.0,7.141223187966347e-15,0.0,100,True
5.0,0.1,0,43,43.49432590931577,7.141223187966347e-15,2.1423669563899043e-14,1.6418746672509791e-16,100,True
5.0,0.1,0,42,67.01365774849685,0.0,1.4282446375932695e-14,0.0,100,True
5.0,0.1,0,44,33.47572399678496,0.0,1.4282446375932695e-14,0.0,100,True
5.0,0.1,0,46,36.378402636748596,1.4282446375932695e-14,7.141223187966347e-15,3.926078480836019e-16,100,True
5.0,0.1,0,48,23.848029736108835,3.570611593983174e-15,0.0,1.4972354670360172e-16,100,True
5.0,0.1,0,45,26.249829052168717,7.141223187966347e-15,1.0711834781949522e-14,2.7204836929695553e-16,100,True
5.0,0.1,0,49,36.97235300668252,7.141223187966347e-15,7.141223187966347e-15,1.931503571513454e-16,100,True
5.0,0.1,0,47,38.80338634863607,7.141223187966347e-15,1.4282446375932695e-14,1.8403608189771717e-16,100,True
5.0,0.1,5,3,27.93045330839182,5.247457696572038,5.009028839033252,0.1878758514454693,100,True
5.0,0.1,5,0,45.79192177618114,4.051865261688456,17.058451363468105,0.08848428073171742,100,True
5.0,0.1,5,5,28.715776187512148,4.05724226018974,3.1056134476140476,0.1412896602096427,100,True
5.0,0.1,5,1,45.31729124427432,29.11909256659933,21.721290613238946,0.6425603068294251,100,True
5.0,0.1,5,4,44.25214207378979,8.561006578705182,9.572973161760034,0.19345971014080698,100,True
5.0,0.1,5,2,32.090751077861306,1.8796921217060596,5.621214840171007,0.058574263878878714,100,True
5.0,0.1,5,6,28.968798708592175,2.5082958975155063,1.8272681880182882,0.08658612056189763,100,True
5.0,0.1,5,9,36.3879426066833,2.949459996157867,6.907129034248963,0.08105597032617462,100,True
5.0,0.1,5,10,24.815352686178613,1.990479107775289,2.8650042101691455,0.08021159855946454,100,True
5.0,0.1,5,11,39.175548939293016,4.3488738266838665,7.785893048845225,0.11100990144191579,100,True
5.0,0.1,5,7,19.4409830048159,2.11129042813291,4.060723626082241,0.10859998322152245,100,True
5.0,0.1,5,8,20.880414488601946,1.9285736865935685,3.236071980598032,0.092362806669682,100,True
5.0,0.1,5,13,36.152137610922104,0.3832754785777551,3.989769531321514,0.010601737653874217,100,True
5.0,0.1,5,14,22.479669032149694,2.037949494968401,1.8599256821821135,0.09065745105293996,100,True
5.0,0.1,5,12,24.974360638696353,1.809641807968308,1.648037967849151,0.07245998542859075,100,True
5.0,0.1,5,16,55.553496863963545,4.379242063089388,6.215370215356839,0.07882927826871175,100,True
5.0,0.1,5,17,24.032712226124836,1.9328114282045512,2.477297634310206,0.08042419057901765,100,True
5.0,0.1,5,15,21.142834606315486,2.683637620351137,1.0373653563803278,0.12692894166374075,100,True
5.0,0.1,5,18,28.04620827965091,2.4481253669245877,3.516138730532995,0.08728899616355054,100,True
5.0,0.1,5,19,32.8798966579257,1.7508035741971908,3.166977830259844,0.053248451247037594,100,True
5.0,0.1,5,20,32.51987154484608,3.6276299090176742,1.0403415533330935,0.11155117584074835,100,True
5.0,0.1,5,21,38.36685824904241,6.334251726473441,7.309678257618147,0.16509696168910407,100,True
5.0,0.1,5,23,41.527300708525566,9.255727743787507,15.073890226222684,0.2228829609887768,100,True
5.0,0.1,5,22,23.183611461482137,1.4994301279608504,1.5523853113540507,0.0646762964627855,100,True
5.0,0.1,5,25,26.700462274778168,1.697313508788647,5.81064491165942,0.06356869372976984,100,True
5.0,0.1,5,24,29.325837253682856,7.01728505438635,5.564360885267629,0.2392867761518076,100,True
5.0,0.1,5,27,32.42804089723014,7.308222258187966,6.120288330566054,0.22536736898010395,100,True
5.0,0.1,5,28,30.646472213814768,2.201493573876885,3.4318771969875543,0.07183513843020728,100,True
5.0,0.1,5,29,24.04352053727179,1.9474494892757577,1.8391468235980026,0.08099685261386161,100,True
5.0,0.1,5,26,20.433173564272536,2.4515238589703414,1.7408242117085875,0.1199776359388851,100,True
5.0,0.1,5,30,37.80345067748405,2.3009956776574167,2.7358538844604885,0.06086734508148757,100,True
5.0,0.1,5,32,32.48860405054569,3.6058134369805734,4.022101428121789,0.1109870227532909,100,True
5.0,0.1,5,31,25.76322462809358,2.9875814055163326,4.347627573419741,0.11596302282201569,100,True
5.0,0.1,5,33,43.64792160873829,2.7389634436880357,5.543669361724736,0.06275129130409034,100,True
5.0,0.1,5,34,38.005933272700645,5.3009470397415175,6.968227323482324,0.13947682857058388,100,True
5.0,0.1,5,35,42.64871283352557,2.6182823510641153,8.913007592034742,0.06139182585144561,100,True
5.0,0.1,5,36,23.361409487823213,1.0120568412240494,2.988447446370593,0.04332173714739125,100,True
5.0,0.1,5,37,43.36625417916625,8.034918384465135,9.322465068060064,0.1852804337508408,100,True
5.0,0.1,5,38,34.56184108413302,4.869400428276973,8.968232889056367,0.14088949765215092,100,True
5.0,0.1,5,39,30.59370602007597,3.594106109149468,5.728107626839739,0.11747861167231492,100,True
5.0,0.1,5,41,35.396778625034834,2.082544262940457,4.068676812177668,0.05883428785995656,100,True
5.0,0.1,5,40,17.08668672862681,1.0462400282709452,1.5943196297629356,0.0612312992499645,100,True
5.0,0.1,5,42,58.119062564269434,21.62162473358014,28.59647358866001,0.3720229435853415,100,True
5.0,0.1,5,44,30.668874248618152,1.8809600662039458,1.845820622341616,0.061331239319574835,100,True
5.0,0.1,5,43,29.69769746906384,1.727915733792825,4.033241203803072,0.05818349168627631,100,True
5.0,0.1,5,45,30.17306109102308,2.0612475537727737,4.226137761449495,0.06831416764625266,100,True
5.0,0.1,5,47,33.89298190246953,4.1302049330831,4.0674391175945255,0.1218601817027543,100,True
5.0,0.1,5,46,30.515487514937277,1.9773595610380152,2.467851766493053,0.06479855712841229,100,True
5.0,0.1,5,48,20.781745318928365,2.223994407602968,1.7910059624024617,0.10701672903176791,100,True
5.0,0.1,5,49,45.12466000108728,11.308821718907923,11.421019783532428,0.25061289588964075,100,True
5.0,0.1,10,3,22.01645434375533,4.296328074428314,4.153006521420583,0.19514168845479468,100,True
5.0,0.1,10,4,34.61121519726283,6.7567318282545035,7.471570817562481,0.19521798901729542,100,True
5.0,0.1,10,0,36.89822186195044,3.289931742746282,13.934457933275644,0.0891623383656563,100,True
5.0,0.1,10,1,36.78613333164884,23.90680407075132,18.098341480947102,0.6498862996884528,100,True
5.0,0.1,10,2,24.89626650184651,1.4616325608169283,4.348371499751829,0.05870890563886443,100,True
5.0,0.1,10,5,23.043886789061492,3.405289308365148,2.5549277850375556,0.1477740860097254,100,True
5.0,0.1,10,8,16.974542375356183,1.3891758574895134,2.5112161872433916,0.081838781085865,100,True
5.0,0.1,10,7,15.824401899132965,1.4581425562062882,2.803351234750385,0.09214519231126082,100,True
5.0,0.1,10,6,23.116107552692124,2.3087058954581314,1.4817691519371827,0.09987433611803113,100,True
5.0,0.1,10,9,29.207269321858604,2.2710630115746335,5.094990818671321,0.07775677303304007,100,True
5.0,0.1,10,11,30.607352945705234,3.3716883650519125,6.027306228302931,0.11015942381665585,100,True
5.0,0.1,10,10,19.89938100520936,1.3987302887760111,1.944244974440057,0.0702901406033607,100,True
5.0,0.1,10,13,27.731454601841246,0.5447097849543115,2.811409331963967,0.019642308446313712,100,True
5.0,0.1,10,14,17.812707534519834,1.7223821045178187,1.633881684005874,0.09669400910445296,100,True
5.0,0.1,10,15,16.369913330316997,2.1870654108102956,0.6085371822376358,0.1336027483273147,100,True
5.0,0.1,10,16,45.033005167605495,3.6812292663643977,5.192761998271615,0.08174513898558321,100,True
5.0,0.1,10,12,19.540288203862332,1.3079531994128093,1.3889601952994803,0.06693622866597634,100,True
5.0,0.1,10,17,19.209075011742385,1.4288153075804717,1.3437395970922876,0.07438230662887442,100,True
5.0,0.1,10,18,20.8196390807098,1.8456200583478728,2.499058748380343,0.08864803329169674,100,True
5.0,0.1,10,19,23.90387669618584,1.201052289065454,2.370111817575243,0.05024508385525168,100,True
5.0,0.1,10,21,30.21286519911642,5.103979174900594,5.8496854471515585,0.16893396707869537,100,True
5.0,0.1,10,22,18.829608067559587,1.2731682502246329,1.5687280692715513,0.0676152284028736,100,True
5.0,0.1,10,20,26.02857515244877,2.895798939096891,0.8063846594149855,0.1112546085268311,100,True
5.0,0.1,10,23,32.632082756760305,7.15062847634063,11.502943253446146,0.2191287797852637,100,True
5.0,0.1,10,25,21.597038978606612,1.2423257113326756,4.635403102888647,0.05752296472508508,100,True
5.0,0.1,10,24,23.59376570690727,5.66968434245303,4.409234392647506,0.24030434195560324,100,True
5.0,0.1,10,26,16.629614435050392,1.9839115843179216,1.3063302228591847,0.11929991474344785,100,True
5.0,0.1,10,28,23.38776121346758,2.0297142208523313,2.9672164935264314,0.08678531486303799,100,True
5.0,0.1,10,27,25.41831104277348,5.8938866801196115,5.05991355871286,0.23187562187753089,100,True
5.0,0.1,10,29,18.782226971815877,1.3737919610145288,1.3183323221538508,0.07314318813610364,100,True
5.0,0.1,10,31,20.33739976514054,2.3071455204643336,3.426178528000679,0.11344348575076507,100,True
5.0,0.1,10,32,25.84599163661796,3.0576292712217317,2.9678444356500466,0.11830187497583797,100,True
5.0,0.1,10,30,29.595229406035187,1.8787548321174872,2.236758110157831,0.06348167829151422,100,True
5.0,0.1,10,33,34.816810901272035,2.1548137687701696,4.606599577881284,0.06189003854719627,100,True
5.0,0.1,10,34,29.780972376206424,4.415158147929405,5.260500984182277,0.14825433139506572,100,True
5.0,0.1,10,35,34.1505812216829,2.0003011271993745,7.5535907235989255,0.05857297462127358,100,True
5.0,0.1,10,36,18.323475003027067,1.1082255716176084,2.0961793772792707,0.06048118991809839,100,True
5.0,0.1,10,37,34.15560427221008,6.519497824728503,7.566605927591742,0.19087637193504267,100,True
5.0,0.1,10,38,27.347920662605485,3.6461336240777285,6.692800074027439,0.13332397987622197,100,True
5.0,0.1,10,39,23.746918624358326,3.0509387332175106,4.75583017889657,0.12847724715273248,100,True
5.0,0.1,10,40,13.773660428146297,0.8001502428508794,1.3061163160406297,0.05809278129260271,100,True
5.0,0.1,10,41,27.6059803894697,1.5040046850922402,3.0897111818676186,0.054481118361800425,100,True
5.0,0.1,10,43,23.24572062338516,1.2598180154414524,2.984016616439737,0.0541956963112633,100,True
5.0,0.1,10,42,45.8521068483058,17.608587611725774,23.33519933384003,0.3840300658371252,100,True
5.0,0.1,10,45,23.55848576537076,1.644197328729031,3.386222721925665,0.06979214815011073,100,True
5.0,0.1,10,44,24.475051005458173,1.4667954313469456,1.3616783785480422,0.05993022980911607,100,True
5.0,0.1,10,46,24.742791828940423,1.6166733299193239,1.930357080965886,0.06533916387027841,100,True
5.0,0.1,10,47,27.261912346009485,3.2227328484389086,3.0543762068052294,0.11821374845373393,100,True
5.0,0.1,10,48,16.34384991383269,1.5819798910737366,1.1842089164542882,0.09679358898999807,100,True
5.0,0.1,10,49,34.68363505799647,9.460445250817362,9.607198723966425,0.27276394861720854,100,True
5.0,0.1,15,4,29.272213825719508,5.856099687721992,6.354311963711886,0.20005660393805386,100,True
5.0,0.1,15,5,19.1986269734324,3.135687366110964,2.3944764197863115,0.1633287302498359,100,True
5.0,0.1,15,1,32.738879764394014,21.589263575697714,16.750692509318853,0.6594380666371382,100,True
5.0,0.1,15,0,31.246798868443236,2.7918527084970783,12.15881922728974,0.08934843918736987,100,True
5.0,0.1,15,2,21.32571854270013,1.3280500026751674,3.9882301834589358,0.06227457236744614,100,True
5.0,0.1,15,3,18.13427931347883,3.6020144909954093,3.261273059079986,0.1986301428763208,100,True
5.0,0.1,15,6,20.29367954848682,2.2820194865550265,1.3464450071414815,0.11244976452410688,100,True
5.0,0.1,15,7,14.02884394710219,1.122411170172346,2.1513642182866652,0.0800073886632827,100,True
5.0,0.1,15,10,16.24322133366782,1.3659058041624583,1.8265031375032226,0.08409082017070739,100,True
5.0,0.1,15,8,13.934116916188461,1.2896940116690605,1.851178507175078,0.09255656597589705,100,True
5.0,0.1,15,9,23.119430240422346,1.7324552055541107,3.909549223845142,0.07493503029867324,100,True
5.0,0.1,15,11,25.415627690163078,2.774619364536235,4.941646368648013,0.10916981466525534,100,True
5.0,0.1,15,13,21.536807229485632,0.5642494723449606,2.4836517387657477,0.026199309225949582,100,True
5.0,0.1,15,12,15.9269265553659,0.8766324806156472,1.725336511164835,0.055040906829591875,100,True
5.0,0.1,15,15,13.793717020162935,2.0110700477728845,0.6878550373511605,0.1457960928757062,100,True
5.0,0.1,15,14,15.582320911715662,1.5914207655182657,1.517088413368902,0.10212989287890653,100,True
5.0,0.1,15,16,38.98490146087198,3.512930679535338,5.020769102644039,0.09011003100934256,100,True
5.0,0.1,15,17,15.93861038073816,1.3385080586686549,1.201920841569412,0.08397896847307619,100,True
5.0,0.1,15,18,17.05418999215576,1.6014693386973688,2.1773905048367714,0.09390474361045469,100,True
5.0,0.1,15,19,18.634876887877294,0.9166020954227189,1.7947903841240735,0.04918745108635539,100,True
5.0,0.1,15,20,22.087687105328023,2.5453937063979377,0.6140896547665964,0.11524039136646111,100,True
5.0,0.1,15,21,25.722577459316582,4.592974149961702,5.074450022671411,0.1785580841276911,100,True
5.0,0.1,15,22,15.908163905557023,1.31485550603521,1.711681637013739,0.08265287646275168,100,True
5.0,0.1,15,23,28.019037653178348,6.149809422434498,9.812581955072957,0.2194868181611831,100,True
5.0,0.1,15,24,19.55058505408421,4.6829042133908985,3.17883377866735,0.23952757426114046,100,True
5.0,0.1,15,26,14.479898279166393,1.708750728936965,0.9867354762339401,0.11800847602607176,100,True
5.0,0.1,15,25,18.688834837550523,0.9877938507138059,4.0982061554274445,0.052854758431974694,100,True
5.0,0.1,15,27,20.940154395315904,5.051087541713919,4.069677760859315,0.24121539155622437,100,True
5.0,0.1,15,28,19.524983047556837,2.107805271138635,3.043568887968537,0.10795426894889852,100,True
5.0,0.1,15,29,15.263477756963972,1.1471000040581467,1.32699928142831,0.0751532529036367,100,True
5.0,0.1,15,31,16.481365147914595,2.0247075402809847,2.782517969945652,0.12284829090975957,100,True
5.0,0.1,15,30,24.82084152271187,1.647190612918565,1.9154249935432126,0.06636320575236469,100,True
5.0,0.1,15,32,21.154933313114626,2.9687980532323706,2.6071314221011965,0.14033596841413426,100,True
5.0,0.1,15,33,29.30818436190101,1.9469342699542485,4.105195895593023,0.06642971280353871,100,True
5.0,0.1,15,34,25.390092736749224,3.9924871947042444,4.611668435226617,0.15724586893397127,100,True
5.0,0.1,15,35,28.04478317289794,2.099246703868052,6.038490105728199,0.07485337614935574,100,True
5.0,0.1,15,36,15.720175235244144,1.0915015374457422,1.6428284533213249,0.06943316605012327,100,True
5.0,0.1,15,37,28.17443014823989,5.538023981492132,6.216807636274946,0.1965620583044198,100,True
5.0,0.1,15,38,22.89045099066578,3.0009531926679696,5.4439334756819076,0.13110065825665435,100,True
5.0,0.1,15,39,20.007263495986635,2.9543638436420157,4.7226313274332306,0.14766456413365314,100,True
5.0,0.1,15,40,11.727783554000364,0.699962440869162,0.8991635622440687,0.05968411999131787,100,True
5.0,0.1,15,41,23.19618893833098,1.3610619046510577,3.0272157999254357,0.05867610012444524,100,True
5.0,0.1,15,42,38.99890236778301,15.443802119520887,20.352391545124714,0.3960060715011049,100,True
5.0,0.1,15,43,18.755768404808514,1.003452437770429,2.6009455613269084,0.053501003857201,100,True
5.0,0.1,15,44,20.632888514191915,1.3436276295890694,1.081315769243988,0.06512067511366051,100,True
5.0,0.1,15,45,19.927569344938462,1.3417689846513676,2.7382126808096885,0.06733229534550196,100,True
5.0,0.1,15,46,20.34852221144572,1.422363345047792,1.7238062383786854,0.06990008071680681,100,True
5.0,0.1,15,47,22.494287224213334,2.5640672023173994,2.2115916155960655,0.11398748387801247,100,True
5.0,0.1,15,48,14.146644100429869,1.1221067401449476,1.2188714640811653,0.07931964161810295,100,True
5.0,0.1,15,49,29.04627694017587,8.482117757642909,8.363086530778432,0.2920208250824297,100,True
5.0,0.1,20,3,15.559118712184631,3.183062764515766,2.980429877869829,0.2045786026443163,100,True
5.0,0.1,20,2,16.93951451880214,1.0821833127036364,2.7678701642068257,0.06388514331402231,100,True
5.0,0.1,20,0,24.5410374874576,1.973486101756662,9.715124659176162,0.0804157567814836,100,True
5.0,0.1,20,5,15.132850667680486,2.9122853234547597,2.3231687015077944,0.19244789943474314,100,True
5.0,0.1,20,4,21.03295115263957,2.8972979132931598,1.727859685182406,0.13775042276602054,100,True
5.0,0.1,20,1,27.435893332391423,18.472989508916893,14.288974125496175,0.6733146715914394,100,True
5.0,0.1,20,6,16.881536666672666,2.2107154796096067,1.5030877031893017,0.13095463542569413,100,True
5.0,0.1,20,8,11.19033116773153,1.0253330448013733,1.3695539758188826,0.09162669356542606,100,True
5.0,0.1,20,7,11.730369509202312,1.0234696651400335,1.9754515306032667,0.08724956740170339,100,True
5.0,0.1,20,9,15.355935184635474,1.5713886920841635,1.401709948390946,0.1023310318251689,100,True
5.0,0.1,20,11,17.713195910266066,1.0748058612360865,1.6509090841976217,0.06067825742350422,100,True
5.0,0.1,20,10,13.117931054888945,0.8600279970127509,1.2085346250689921,0.06556125302184947,100,True
5.0,0.1,20,12,12.948302324955723,0.8868954005169231,1.39079276860325,0.06849511065304507,100,True
5.0,0.1,20,13,16.07339381047444,0.8603845671529504,1.988000296600477,0.05352849418722445,100,True
5.0,0.1,20,14,13.222479718051812,1.3654574187892377,1.1838266374947937,0.10326787772834058,100,True
5.0,0.1,20,15,10.931524180106042,1.8318893873500435,0.7726998571614021,0.16757858805122938,100,True
5.0,0.1,20,16,31.3602135668024,2.8439890610979788,4.122693024130316,0.09068780909415095,100,True
5.0,0.1,20,17,12.574949209112708,1.1363957174181714,0.8931109423895535,0.09036980575592765,100,True
5.0,0.1,20,20,18.359611615713767,2.2397408948929813,0.6702885540126863,0.12199282543515325,100,True
5.0,0.1,20,19,12.757601195258683,0.5556891504153599,0.5725356599033745,0.043557495011043286,100,True
5.0,0.1,20,18,13.024324919545256,1.2010995205658102,0.7289712984283279,0.09221971411073693,100,True
5.0,0.1,20,22,11.926773356993438,1.0562791869068107,1.3251652061010661,0.08856370078395477,100,True
5.0,0.1,20,21,20.054150695366467,4.190285845559904,4.360518165606833,0.20894855679567992,100,True
5.0,0.1,20,23,23.097789021810396,5.20010385692525,8.274636835394308,0.225134269432238,100,True
5.0,0.1,20,24,15.289725009897388,3.2185140738653253,1.254808702611266,0.2105017632286982,100,True
5.0,0.1,20,25,15.309876290692703,0.591337628008981,3.155713667106215,0.03862458564531129,100,True
5.0,0.1,20,27,15.396885838601989,3.6673765265463536,2.1163108560092585,0.23818949916169185,100,True
5.0,0.1,20,26,10.998253827208703,1.3582671588624928,0.9243226559396203,0.12349843713392579,100,True
5.0,0.1,20,28,14.96971400788409,1.6955368230039896,2.4122402228358557,0.11326447667009552,100,True
5.0,0.1,20,29,12.153211967411762,1.0032274927607807,0.8306045870619317,0.08254834157841447,100,True
5.0,0.1,20,30,18.786450809720304,1.5098188593415955,1.6576613187109954,0.08036743473442039,100,True
5.0,0.1,20,31,12.490406138636263,1.5027188217185812,1.9970544263786136,0.12030984461508087,100,True
5.0,0.1,20,32,16.148081132261744,2.8606429097144495,1.7748515435382286,0.17715064014629334,100,True
5.0,0.1,20,35,22.358429995476445,2.012078459087819,4.632440088976637,0.0899919385884833,100,True
5.0,0.1,20,34,19.08293133620466,3.9998000148965507,3.469733636568312,0.20960092264798022,100,True
5.0,0.1,20,33,22.325482299570755,1.3742419958333287,3.4984372525117013,0.061554862618119155,100,True
5.0,0.1,20,37,22.491552609870386,4.354861987742181,4.562873140925605,0.1936221150793768,100,True
5.0,0.1,20,36,13.324855649529766,0.8984827853118444,1.4968172255125478,0.067429082081167,100,True
5.0,0.1,20,38,18.577650299849164,2.2612711112107653,4.018861814932749,0.12171997398557582,100,True
5.0,0.1,20,39,15.927798709784303,2.547901462317501,4.085747132001779,0.15996569951328857,100,True
5.0,0.1,20,41,17.105274921714166,0.666718650110953,1.2799937115400783,0.03897737120054071,100,True
5.0,0.1,20,40,9.731189387252329,0.8245417617210712,0.6173126304288301,0.08473185845105483,100,True
5.0,0.1,20,43,14.616750182227527,0.7161549262333824,1.9716787486775975,0.04899549607847533,100,True
5.0,0.1,20,42,30.519243209544936,12.188979529811899,15.286238130152613,0.39938669009983113,100,True
5.0,0.1,20,47,17.902008629222912,2.128471547193351,1.4059047672127412,0.1188956832318175,100,True
5.0,0.1,20,44,16.914345311937556,1.0837947824882743,0.8488656604678629,0.0640754792751789,100,True
5.0,0.1,20,45,15.988925639012132,1.0273166297280196,2.1110316543095267,0.06425176105775496,100,True
5.0,0.1,20,46,15.696223643020394,1.1133756772683436,0.932183013191443,0.0709327098409066,100,True
5.0,0.1,20,49,23.12366731051066,6.973782117801853,6.515893809459717,0.3015863368105102,100,True
5.0,0.1,20,48,12.76117599687169,0.7299336542183563,1.4301059269896115,0.05719956016571625,100,True
5.0,0.1,25,0,7.594174389391243,0.0,8.926528984957934e-16,0.0,100,True
5.0,0.1,25,3,6.843838829141666,1.0711834781949522e-14,8.926528984957934e-16,1.5651792874399072e-15,100,True
5.0,0.1,25,2,5.3114968508495055,0.0,8.926528984957934e-16,0.0,100,True
5.0,0.1,25,4,5.815390511753288,7.141223187966347e-15,1.785305796991587e-15,1.227986869245232e-15,100,True
5.0,0.1,25,5,4.253258028581804,1.785305796991587e-15,1.785305796991587e-15,4.19750173865392e-16,100,True
5.0,0.1,25,1,4.443996158089067,5.355917390974761e-15,8.926528984957934e-16,1.2052029750803889e-15,100,True
5.0,0.1,25,10,4.087799457357916,3.570611593983174e-15,8.926528984957934e-16,8.734801281790329e-16,100,True
5.0,0.1,25,8,4.232965552497265,8.926528984957934e-16,8.926528984957934e-16,2.1088121021187314e-16,100,True
5.0,0.1,25,7,5.325944581000024,1.1158161231197418e-16,8.926528984957934e-16,2.0950577050695315e-17,100,True
5.0,0.1,25,6,8.712426351706526,1.785305796991587e-15,0.0,2.0491487961237046e-16,100,True
5.0,0.1,25,9,5.64429371802751,1.785305796991587e-15,1.785305796991587e-15,3.163027805036856e-16,100,True
5.0,0.1,25,11,5.806693878872692,1.785305796991587e-15,1.785305796991587e-15,3.0745650351696946e-16,100,True
5.0,0.1,25,12,2.52739925994488,1.785305796991587e-15,8.926528984957934e-16,7.063805965625402e-16,100,True
5.0,0.1,25,13,6.897227365986408,8.926528984957934e-16,8.926528984957934e-16,1.2942199105946547e-16,100,True
5.0,0.1,25,14,4.137049150881057,8.926528984957934e-16,8.926528984957934e-16,2.157704358686885e-16,100,True
5.0,0.1,25,16,5.798860175956606,1.785305796991587e-15,8.926528984957934e-16,3.0787184771136076e-16,100,True
5.0,0.1,25,15,3.8991298577792217,4.463264492478967e-16,2.2316322462394834e-15,1.1446821868664443e-16,100,True
5.0,0.1,25,17,4.608321887539362,8.926528984957934e-16,0.0,1.9370454588024235e-16,100,True
5.0,0.1,25,18,4.440443962121319,0.0,8.926528984957934e-16,0.0,100,True
5.0,0.1,25,19,8.438341162125026,1.4282446375932695e-14,1.785305796991587e-15,1.6925656478596261e-15,100,True
5.0,0.1,25,20,11.253513001925564,0.0,0.0,0.0,100,True
5.0,0.1,25,22,7.702025653670266,3.570611593983174e-15,2.6779586954873804e-15,4.635938329135091e-16,100,True
5.0,0.1,25,23,6.62006074873387,0.0,0.0,0.0,100,True
5.0,0.1,25,21,2.4607294396889823,1.785305796991587e-15,4.463264492478967e-16,7.255189327995507e-16,100,True
5.0,0.1,25,24,5.222121633233595,1.785305796991587e-15,0.0,3.4187365258401803e-16,100,True
5.0,0.1,25,25,4.956239153104105,1.3389793477436902e-15,0.0,2.701603587682173e-16,100,True
5.0,0.1,25,26,4.980930317583393,8.926528984957934e-16,0.0,1.792140908586096e-16,100,True
5.0,0.1,25,29,5.925417382332187,0.0,1.785305796991587e-15,0.0,100,True
5.0,0.1,25,27,8.859426991987247,0.0,1.785305796991587e-15,0.0,100,True
5.0,0.1,25,28,6.9456125544158365,3.570611593983174e-15,1.785305796991587e-15,5.140815969806829e-16,100,True
5.0,0.1,25,30,5.680331172646822,0.0,1.785305796991587e-15,0.0,100,True
5.0,0.1,25,31,4.419680194853506,7.141223187966347e-15,8.926528984957934e-16,1.6157782629344856e-15,100,True
5.0,0.1,25,32,11.950097843619028,5.355917390974761e-15,1.785305796991587e-15,4.481902542609432e-16,100,True
5.0,0.1,25,33,8.896169487218755,3.570611593983174e-15,3.570611593983174e-15,4.013650593227927e-16,100,True
5.0,0.1,25,34,6.028806115548711,3.570611593983174e-15,0.0,5.922584879242206e-16,100,True
5.0,0.1,25,35,3.592205544751823,5.355917390974761e-15,8.926528984957934e-16,1.4909829975625151e-15,100,True
5.0,0.1,25,36,7.830700475836871,3.570611593983174e-15,0.0,4.559760145342018e-16,100,True
5.0,0.1,25,37,4.732820204780071,1.785305796991587e-15,8.926528984957934e-16,3.7721817431147227e-16,100,True
5.0,0.1,25,38,5.511845472780102,8.926528984957934e-16,2.6779586954873804e-15,1.6195172794740035e-16,100,True
5.0,0.1,25,39,6.915092270027506,0.0,1.785305796991587e-15,0.0,100,True
5.0,0.1,25,40,4.073336426275679,8.926528984957934e-16,0.0,2.191453896951893e-16,100,True
5.0,0.1,25,41,3.1336493420418994,0.0,4.463264492478967e-16,0.0,100,True
5.0,0.1,25,43,6.953855475044975,1.4282446375932695e-14,0.0,2.0538888717471255e-15,100,True
5.0,0.1,25,42,3.8662158600710335,8.926528984957934e-16,0.0,2.30885426681632e-16,100,True
5.0,0.1,25,44,6.704182348643679,7.141223187966347e-15,1.785305796991587e-15,1.0651892828379117e-15,100,True
5.0,0.1,25,45,7.804733640301488,0.0,2.6779586954873804e-15,0.0,100,True
5.0,0.1,25,46,4.986802245778279,3.570611593983174e-15,0.0,7.16012269587385e-16,100,True
5.0,0.1,25,47,6.028510996380105,7.141223187966347e-15,8.926528984957934e-16,1.184574962582698e-15,100,True
5.0,0.1,25,48,9.625785979820963,1.0711834781949522e-14,1.785305796991587e-15,1.1128270257000623e-15,100,True
5.0,0.1,25,49,5.030203494427783,1.785305796991587e-15,8.926528984957934e-16,3.5491721139497884e-16,100,True
5.0,0.1,30,0,7.497088717921616,3.570611593983174e-15,1.785305796991587e-15,4.762664186496433e-16,100,True
5.0,0.1,30,2,5.042743830775651,8.926528984957934e-16,1.785305796991587e-15,1.770173001943844e-16,100,True
5.0,0.1,30,1,5.029276657177948,5.355917390974761e-15,8.926528984957934e-16,1.06494785553915e-15,100,True
5.0,0.1,30,3,7.226856616616675,3.570611593983174e-15,8.926528984957934e-16,4.940753336344441e-16,100,True
5.0,0.1,30,4,6.102383494422343,3.570611593983174e-15,1.785305796991587e-15,5.851175359999513e-16,100,True
5.0,0.1,30,5,4.331576109399621,1.785305796991587e-15,8.926528984957934e-16,4.121607821036393e-16,100,True
5.0,0.1,30,9,5.4901895965387135,1.785305796991587e-15,8.926528984957934e-16,3.251810826564408e-16,100,True
5.0,0.1,30,6,8.760851257675046,3.570611593983174e-15,0.0,4.0756445794637793e-16,100,True
5.0,0.1,30,8,3.807431597789843,0.0,1.3389793477436902e-15,0.0,100,True
5.0,0.1,30,7,5.781227097364949,0.0,1.785305796991587e-15,0.0,100,True
5.0,0.1,30,10,4.348330691100671,1.0711834781949522e-14,0.0,2.4634360960339217e-15,100,True
5.0,0.1,30,11,5.886783691624198,0.0,8.926528984957934e-16,0.0,100,True
5.0,0.1,30,13,6.759483689040609,2.6779586954873804e-15,1.785305796991587e-15,3.9617799504853455e-16,100,True
5.0,0.1,30,14,4.387291192752957,1.785305796991587e-15,8.926528984957934e-16,4.0692667036566937e-16,100,True
5.0,0.1,30,12,2.74301014497565,8.926528984957934e-16,8.926528984957934e-16,3.254282161992214e-16,100,True
5.0,0.1,30,15,3.843909170272718,8.926528984957934e-16,1.3389793477436902e-15,2.3222528393730525e-16,100,True
5.0,0.1,30,16,5.896993773982672,1.785305796991587e-15,0.0,3.0274846225347783e-16,100,True
5.0,0.1,30,17,4.249713261113735,0.0,8.926528984957934e-16,0.0,100,True
5.0,0.1,30,18,4.375448835291004,0.0,8.926528984957934e-16,0.0,100,True
5.0,0.1,30,19,5.761229105459599,7.141223187966347e-15,8.926528984957934e-16,1.2395311933002288e-15,100,True
5.0,0.1,30,21,5.935724611040566,5.355917390974761e-15,0.0,9.023190498111465e-16,100,True
5.0,0.1,30,20,10.737870464215241,0.0,5.355917390974761e-15,0.0,100,True
5.0,0.1,30,22,6.921496267053547,0.0,1.785305796991587e-15,0.0,100,True
5.0,0.1,30,23,6.106935799947851,0.0,2.6779586954873804e-15,0.0,100,True
5.0,0.1,30,25,4.514615423495582,1.3389793477436902e-15,0.0,2.965876873532106e-16,100,True
5.0,0.1,30,27,8.131772313696645,3.570611593983174e-15,3.570611593983174e-15,4.390938969072044e-16,100,True
5.0,0.1,30,24,5.012997619910081,0.0,1.785305796991587e-15,0.0,100,True
5.0,0.1,30,26,4.777020315405312,1.785305796991587e-15,8.926528984957934e-16,3.7372790549669463e-16,100,True
5.0,0.1,30,28,6.579435054889366,7.141223187966347e-15,0.0,1.0853854667445194e-15,100,True
5.0,0.1,30,29,9.417166555720126,7.141223187966347e-15,1.785305796991587e-15,7.583197287329131e-16,100,True
5.0,0.1,30,31,6.234857060629326,0.0,8.926528984957934e-16,0.0,100,True
5.0,0.1,30,32,12.578468307172498,1.785305796991587e-15,1.785305796991587e-15,1.4193348135826437e-16,100,True
5.0,0.1,30,30,4.183549971064602,7.141223187966347e-15,0.0,1.7069769065407137e-15,100,True
5.0,0.1,30,33,9.300932317106936,7.141223187966347e-15,0.0,7.677964901251568e-16,100,True
5.0,0.1,30,34,5.470706122009762,0.0,0.0,0.0,100,True
5.0,0.1,30,35,5.837444349832347,3.570611593983174e-15,8.926528984957934e-16,6.116737702322974e-16,100,True
5.0,0.1,30,36,7.952462507517057,0.0,2.6779586954873804e-15,0.0,100,True
5.0,0.1,30,39,6.494898002028221,0.0,8.926528984957934e-16,0.0,100,True
5.0,0.1,30,38,5.2666053233850905,1.3389793477436902e-15,8.926528984957934e-16,2.5423954625919575e-16,100,True
5.0,0.1,30,37,4.50115861265963,3.570611593983174e-15,8.926528984957934e-16,7.932650015799781e-16,100,True
5.0,0.1,30,40,4.39231860370312,8.926528984957934e-16,8.926528984957934e-16,2.0323045275978084e-16,100,True
5.0,0.1,30,41,4.6306987194966505,1.785305796991587e-15,8.926528984957934e-16,3.855370226257446e-16,100,True
5.0,0.1,30,42,6.494972337587069,1.785305796991587e-15,2.6779586954873804e-15,2.7487504244780837e-16,100,True
5.0,0.1,30,44,5.019521558319773,3.570611593983174e-15,8.926528984957934e-16,7.11345006191864e-16,100,True
5.0,0.1,30,43,6.959991888086713,3.570611593983174e-15,8.926528984957934e-16,5.130195051081773e-16,100,True
5.0,0.1,30,46,5.268919065371079,3.570611593983174e-15,8.926528984957934e-16,6.776744052590042e-16,100,True
5.0,0.1,30,45,7.600964989749018,1.4282446375932695e-14,1.785305796991587e-15,1.8790306750780467e-15,100,True
5.0,0.1,30,47,6.306283989488706,7.141223187966347e-15,2.6779586954873804e-15,1.1323979700040967e-15,100,True
5.0,0.1,30,48,9.333590443562425,1.0711834781949522e-14,3.570611593983174e-15,1.1476649684514174e-15,100,True
5.0,0.1,30,49,4.816295175025987,3.570611593983174e-15,1.785305796991587e-15,7.413606235136758e-16,100,True
5.0,0.1,35,3,7.079662597023185,3.570611593983174e-15,2.6779586954873804e-15,5.043477065537733e-16,100,True
5.0,0.1,35,1,4.806523300154143,5.355917390974761e-15,8.926528984957934e-16,1.1143017637723714e-15,100,True
5.0,0.1,35,4,9.85380210250576,3.570611593983174e-15,0.0,3.6235876840627734e-16,100,True
5.0,0.1,35,5,2.8591927735165013,4.463264492478967e-16,4.463264492478967e-16,1.5610225843532856e-16,100,True
5.0,0.1,35,0,7.2439762486096955,3.570611593983174e-15,1.785305796991587e-15,4.929076892912874e-16,100,True
5.0,0.1,35,2,5.5246997746178295,0.0,0.0,0.0,100,True
5.0,0.1,35,7,6.487785065769332,2.2316322462394835e-16,0.0,3.4397444175732e-17,100,True
5.0,0.1,35,10,4.5571131375817435,0.0,8.926528984957934e-16,0.0,100,True
5.0,0.1,35,6,8.912923088465758,0.0,1.785305796991587e-15,0.0,100,True
5.0,0.1,35,11,5.9316012714167705,1.785305796991587e-15,8.926528984957934e-16,3.0098209830701657e-16,100,True
5.0,0.1,35,9,7.641811554618474,0.0,8.926528984957934e-16,0.0,100,True
5.0,0.1,35,8,4.255705376991571,2.6779586954873804e-15,1.785305796991587e-15,6.2926317925243075e-16,100,True
5.0,0.1,35,13,6.667429953794186,1.785305796991587e-15,8.926528984957934e-16,2.677652122877775e-16,100,True
5.0,0.1,35,14,4.496636564596174,8.926528984957934e-16,8.926528984957934e-16,1.985156873748722e-16,100,True
5.0,0.1,35,15,4.225561549712677,0.0,8.926528984957934e-16,0.0,100,True
5.0,0.1,35,12,3.9469406183298794,1.785305796991587e-15,0.0,4.523264902189044e-16,100,True
5.0,0.1,35,16,5.934822583393866,1.785305796991587e-15,8.926528984957934e-16,3.008187307885198e-16,100,True
5.0,0.1,35,17,4.547563322873386,8.926528984957934e-16,8.926528984957934e-16,1.9629257145379762e-16,100,True
5.0,0.1,35,21,6.034140534273131,7.141223187966347e-15,0.0,1.1834698160251872e-15,100,True
5.0,0.1,35,19,5.159751167004906,3.570611593983174e-15,0.0,6.920123623046373e-16,100,True
5.0,0.1,35,18,3.3825759417504573,3.570611593983174e-15,8.926528984957934e-16,1.0555894843074564e-15,100,True
5.0,0.1,35,20,10.299620971819918,0.0,1.785305796991587e-15,0.0,100,True
5.0,0.1,35,22,6.9695437113147,7.141223187966347e-15,8.926528984957934e-16,1.0246328143939946e-15,100,True
5.0,0.1,35,23,6.802508488416882,7.141223187966347e-15,1.785305796991587e-15,1.0497926169627307e-15,100,True
5.0,0.1,35,27,7.881686335056156,3.570611593983174e-15,2.6779586954873804e-15,4.530263502242928e-16,100,True
5.0,0.1,35,24,4.910886736145919,8.926528984957934e-16,1.785305796991587e-15,1.8177020698228331e-16,100,True
5.0,0.1,35,25,4.721121986126774,2.2316322462394834e-15,8.926528984957934e-16,4.726910791115404e-16,100,True
5.0,0.1,35,26,4.6298029064397435,1.785305796991587e-15,8.926528984957934e-16,3.8561161955908466e-16,100,True
5.0,0.1,35,29,8.943052416172517,3.570611593983174e-15,0.0,3.992609489268026e-16,100,True
5.0,0.1,35,28,6.728949449083805,1.4282446375932695e-14,1.785305796991587e-15,2.122537326815162e-15,100,True
5.0,0.1,35,31,6.314157837382702,0.0,0.0,0.0,100,True
5.0,0.1,35,34,5.738051214887903,5.355917390974761e-15,2.6779586954873804e-15,9.334035529481403e-16,100,True
5.0,0.1,35,30,4.242343328315458,0.0,0.0,0.0,100,True
5.0,0.1,35,33,9.080160867971028,7.141223187966347e-15,1.785305796991587e-15,7.864643910832013e-16,100,True
5.0,0.1,35,32,12.417802819324688,1.785305796991587e-15,3.570611593983174e-15,1.43769861944762e-16,100,True
5.0,0.1,35,35,5.539067276922283,1.785305796991587e-15,8.926528984957934e-16,3.2231162896861777e-16,100,True
5.0,0.1,35,38,5.063101899067213,4.463264492478967e-16,1.785305796991587e-15,8.815276843038147e-17,100,True
5.0,0.1,35,36,8.23505846429403,7.141223187966347e-15,1.785305796991587e-15,8.671733441759538e-16,100,True
5.0,0.1,35,37,4.658689655470354,0.0,8.926528984957934e-16,0.0,100,True
5.0,0.1,35,40,4.302093767310681,2.6779586954873804e-15,8.926528984957934e-16,6.224779933519261e-16,100,True
5.0,0.1,35,39,6.184435609548611,1.785305796991587e-15,0.0,2.8867723907337967e-16,100,True
5.0,0.1,35,41,4.641738873450725,3.570611593983174e-15,8.926528984957934e-16,7.692400825057049e-16,100,True
5.0,0.1,35,42,6.617219578513177,3.570611593983174e-15,0.0,5.395939414761652e-16,100,True
5.0,0.1,35,44,4.784031956908664,3.570611593983174e-15,8.926528984957934e-16,7.463603140917195e-16,100,True
5.0,0.1,35,43,7.5798406822259,3.570611593983174e-15,0.0,4.710668394859489e-16,100,True
5.0,0.1,35,45,7.574880565504016,0.0,2.6779586954873804e-15,0.0,100,True
5.0,0.1,35,47,6.139492045545452,3.570611593983174e-15,8.926528984957934e-16,5.815809463543249e-16,100,True
5.0,0.1,35,46,4.6809988164994545,3.570611593983174e-15,8.926528984957934e-16,7.627883992188977e-16,100,True
5.0,0.1,35,48,9.051264970150301,0.0,1.785305796991587e-15,0.0,100,True
5.0,0.1,35,49,5.077517449883012,0.0,8.926528984957934e-16,0.0,100,True
5.0,0.05,0,0,,,,,0,True
5.0,0.05,0,4,,,,,0,True
5.0,0.05,0,2,,,,,0,True
5.0,0.05,0,1,,,,,0,True
5.0,0.05,0,3,,,,,0,True
5.0,0.05,0,6,,,,,0,True
5.0,0.05,0,5,,,,,0,True
5.0,0.05,0,9,,,,,0,True
5.0,0.05,0,8,,,,,0,True
5.0,0.05,0,10,,,,,0,True
5.0,0.05,0,7,,,,,0,True
5.0,0.05,0,11,,,,,0,True
5.0,0.05,0,13,,,,,0,True
5.0,0.05,0,15,,,,,0,True
5.0,0.05,0,16,,,,,0,True
5.0,0.05,0,12,,,,,0,True
5.0,0.05,0,14,,,,,0,True
5.0,0.05,0,22,,,,,0,True
5.0,0.05,0,17,,,,,0,True
5.0,0.05,0,21,,,,,0,True
5.0,0.05,0,19,,,,,0,True
5.0,0.05,0,20,,,,,0,True
5.0,0.05,0,18,,,,,0,True
5.0,0.05,0,26,,,,,0,True
5.0,0.05,0,27,,,,,0,True
5.0,0.05,0,23,,,,,0,True
5.0,0.05,0,24,,,,,0,True
5.0,0.05,0,28,,,,,0,True
5.0,0.05,0,25,,,,,0,True
5.0,0.05,0,30,,,,,0,True
5.0,0.05,0,31,,,,,0,True
5.0,0.05,0,29,,,,,0,True
5.0,0.05,0,32,,,,,0,True
5.0,0.05,0,33,,,,,0,True
5.0,0.05,0,34,,,,,0,True
5.0,0.05,0,37,,,,,0,True
5.0,0.05,0,35,,,,,0,True
5.0,0.05,0,36,,,,,0,True
5.0,0.05,0,40,,,,,0,True
5.0,0.05,0,38,,,,,0,True
5.0,0.05,0,39,,,,,0,True
5.0,0.05,0,43,,,,,0,True
5.0,0.05,0,41,,,,,0,True
5.0,0.05,0,44,,,,,0,True
5.0,0.05,0,42,,,,,0,True
5.0,0.05,0,46,,,,,0,True
5.0,0.05,0,45,,,,,0,True
5.0,0.05,0,48,,,,,0,True
5.0,0.05,0,47,,,,,0,True
5.0,0.05,0,49,,,,,0,True
5.0,0.05,5,3,,,,,0,True
5.0,0.05,5,2,,,,,0,True
5.0,0.05,5,4,,,,,0,True
5.0,0.05,5,5,,,,,0,True
5.0,0.05,5,0,,,,,0,True
5.0,0.05,5,1,,,,,0,True
5.0,0.05,5,6,,,,,0,True
5.0,0.05,5,8,,,,,0,True
5.0,0.05,5,11,,,,,0,True
5.0,0.05,5,7,,,,,0,True
5.0,0.05,5,10,,,,,0,True
5.0,0.05,5,9,,,,,0,True
5.0,0.05,5,15,,,,,0,True
5.0,0.05,5,16,,,,,0,True
5.0,0.05,5,13,,,,,0,True
5.0,0.05,5,14,,,,,0,True
5.0,0.05,5,12,,,,,0,True
5.0,0.05,5,17,,,,,0,True
5.0,0.05,5,18,,,,,0,True
5.0,0.05,5,20,,,,,0,True
5.0,0.05,5,19,,,,,0,True
5.0,0.05,5,21,,,,,0,True
5.0,0.05,5,22,,,,,0,True
5.0,0.05,5,23,,,,,0,True
5.0,0.05,5,24,,,,,0,True
5.0,0.05,5,26,,,,,0,True
5.0,0.05,5,27,,,,,0,True
5.0,0.05,5,25,,,,,0,True
5.0,0.05,5,28,,,,,0,True
5.0,0.05,5,29,,,,,0,True
5.0,0.05,5,30,,,,,0,True
5.0,0.05,5,32,,,,,0,True
5.0,0.05,5,34,,,,,0,True
5.0,0.05,5,31,,,,,0,True
5.0,0.05,5,33,,,,,0,True
5.0,0.05,5,35,,,,,0,True
5.0,0.05,5,36,,,,,0,True
5.0,0.05,5,37,,,,,0,True
5.0,0.05,5,38,,,,,0,True
5.0,0.05,5,40,,,,,0,True
5.0,0.05,5,39,,,,,0,True
5.0,0.05,5,41,,,,,0,True
5.0,0.05,5,42,,,,,0,True
5.0,0.05,5,43,,,,,0,True
5.0,0.05,5,45,,,,,0,True
5.0,0.05,5,44,,,,,0,True
5.0,0.05,5,47,,,,,0,True
5.0,0.05,5,46,,,,,0,True
5.0,0.05,5,48,,,,,0,True
5.0,0.05,5,49,,,,,0,True
5.0,0.05,10,0,,,,,0,True
5.0,0.05,10,3,,,,,0,True
5.0,0.05,10,1,,,,,0,True
5.0,0.05,10,5,,,,,0,True
5.0,0.05,10,2,,,,,0,True
5.0,0.05,10,4,,,,,0,True
5.0,0.05,10,6,,,,,0,True
5.0,0.05,10,10,,,,,0,True
5.0,0.05,10,8,,,,,0,True
5.0,0.05,10,7,,,,,0,True
5.0,0.05,10,9,,,,,0,True
5.0,0.05,10,11,,,,,0,True
5.0,0.05,10,13,,,,,0,True
5.0,0.05,10,14,,,,,0,True
5.0,0.05,10,12,,,,,0,True
5.0,0.05,10,15,,,,,0,True
5.0,0.05,10,16,,,,,0,True
5.0,0.05,10,17,,,,,0,True
5.0,0.05,10,19,,,,,0,True
5.0,0.05,10,18,,,,,0,True
5.0,0.05,10,20,,,,,0,True
5.0,0.05,10,21,,,,,0,True
5.0,0.05,10,22,,,,,0,True
5.0,0.05,10,23,,,,,0,True
5.0,0.05,10,24,,,,,0,True
5.0,0.05,10,25,,,,,0,True
5.0,0.05,10,26,,,,,0,True
5.0,0.05,10,27,,,,,0,True
5.0,0.05,10,29,,,,,0,True
5.0,0.05,10,28,,,,,0,True
5.0,0.05,10,30,,,,,0,True
5.0,0.05,10,31,,,,,0,True
5.0,0.05,10,32,,,,,0,True
5.0,0.05,10,34,,,,,0,True
5.0,0.05,10,33,,,,,0,True
5.0,0.05,10,35,,,,,0,True
5.0,0.05,10,36,,,,,0,True
5.0,0.05,10,37,,,,,0,True
5.0,0.05,10,38,,,,,0,True
5.0,0.05,10,40,,,,,0,True
5.0,0.05,10,39,,,,,0,True
5.0,0.05,10,41,,,,,0,True
5.0,0.05,10,42,,,,,0,True
5.0,0.05,10,43,,,,,0,True
5.0,0.05,10,44,,,,,0,True
5.0,0.05,10,45,,,,,0,True
5.0,0.05,10,46,,,,,0,True
5.0,0.05,10,47,,,,,0,True
5.0,0.05,10,48,,,,,0,True
5.0,0.05,10,49,,,,,0,True
5.0,0.05,15,3,18.30522768288919,1.5943310597166984,2.515403908489117,0.08709703519323059,100,True
5.0,0.05,15,0,25.039198380729555,0.653562999609068,0.47626036448787956,0.02610159437500433,100,True
5.0,0.05,15,5,31.983154978334234,0.7371959454431232,4.756885799044135,0.02304950671509763,100,True
5.0,0.05,15,4,36.747593256428736,2.5123753691750736,9.232179760923403,0.0683684330465792,100,True
5.0,0.05,15,2,22.49262538599173,1.7509350947506963,1.563699237695705,0.07784485202163942,100,True
5.0,0.05,15,1,20.272207821685996,2.265209387111064,2.694359047029674,0.11173964903259716,100,True
5.0,0.05,15,6,22.54963437610511,4.4413349952992105,4.261226962552512,0.1969581821692641,100,True
5.0,0.05,15,8,16.94592662065219,1.1415398704692845,1.7154663486524515,0.06736367364402941,100,True
5.0,0.05,15,9,16.947700735815985,0.6530203622379261,0.9702540761287985,0.03853150184897249,100,True
5.0,0.05,15,11,16.60011291442757,1.2602288129638286,2.6808963801463364,0.0759168819790697,100,True
5.0,0.05,15,7,27.151017059449604,1.3931273665052897,6.5459374586860655,0.05131031973700696,100,True
5.0,0.05,15,10,28.562827529069754,2.854961115854593,6.095627506189401,0.09995372877383944,100,True
5.0,0.05,15,14,15.613891852371644,1.3978073447908914,1.264765347024349,0.08952331411073364,100,True
5.0,0.05,15,12,21.802505384988304,2.008275542834596,3.5459249458861284,0.09211214524993791,100,True
5.0,0.05,15,15,17.665165246360125,2.0154671120540155,1.3982846395843929,0.11409274037044737,100,True
5.0,0.05,15,13,21.017865106911678,2.8955823452362153,5.346665927312994,0.13776767195465583,100,True
5.0,0.05,15,16,20.268882342657655,1.8315229921382645,2.2506465642008244,0.09036132141749437,100,True
5.0,0.05,15,17,28.144331268641263,2.974988732338119,2.8872888709775495,0.10570472270033594,100,True
5.0,0.05,15,20,21.98095856102941,1.7580993575253667,1.2370632571604592,0.07998283389889761,100,True
5.0,0.05,15,18,45.65993786711607,1.9381321446686819,7.608851817497209,0.04244710429324761,100,True
5.0,0.05,15,21,19.74199169204859,0.8035376437256568,2.2143497907605956,0.04070195430430126,100,True
5.0,0.05,15,19,24.541806576124824,1.3076565098646087,1.8858335143303657,0.05328281378994916,100,True
5.0,0.05,15,22,19.403402369069806,0.20020059804504378,0.7814249254110258,0.010317808920160087,100,True
5.0,0.05,15,23,27.130267995619164,3.57456717726141,4.9468025476298925,0.13175568991204253,100,True
5.0,0.05,15,25,17.906743869027036,1.0714026603122258,1.6343456474668612,0.05983235523714678,100,True
5.0,0.05,15,24,30.30870182809821,1.7965682302421444,6.346168971556684,0.05927565754652693,100,True
5.0,0.05,15,26,13.824189300418736,1.0699921704601227,1.6936469812265018,0.07739999411232835,100,True
5.0,0.05,15,28,21.923927655507825,5.154932392384265,4.429822894891762,0.23512814279375804,100,True
5.0,0.05,15,27,22.957759092903597,8.389182303803597,6.918600818897261,0.36541816951101086,100,True
5.0,0.05,15,29,26.209500108141356,3.0478485462917293,2.944638892056081,0.11628793123547548,100,True
5.0,0.05,15,30,20.454928190934428,1.7631174430590513,1.6479295813589119,0.0861952399246486,100,True
5.0,0.05,15,31,21.4354696456848,2.5027992064427713,2.341395358892339,0.11675970938880795,100,True
5.0,0.05,15,32,22.036987968115923,0.9891463449456771,2.478554407187666,0.044885732404846675,100,True
5.0,0.05,15,33,19.621169630810513,0.2420098046811237,2.038660303405079,0.01233411714157464,100,True
5.0,0.05,15,35,16.980624799178383,0.7046519755925638,1.5611478807965078,0.04149741154557863,100,True
5.0,0.05,15,34,25.37211267301097,2.288172508951172,4.672455137466442,0.09018454783172887,100,True
5.0,0.05,15,38,22.829069181921632,3.315018214033406,4.242638927480401,0.14521039765644816,100,True
5.0,0.05,15,37,26.16374853661224,2.11209664137802,3.0450422830128767,0.08072607174092265,100,True
5.0,0.05,15,36,17.62565962259758,1.5445006271785642,2.611285030103054,0.08762796174722359,100,True
5.0,0.05,15,41,16.22886384667469,0.8791233444400225,1.189921820150821,0.054170356763462255,100,True
5.0,0.05,15,39,17.377599831145318,0.8352929766698335,1.9488353141445338,0.04806722359740179,100,True
5.0,0.05,15,40,27.243430876930606,2.692323832340007,3.8561301188277963,0.09882469812639615,100,True
5.0,0.05,15,42,17.8489023217985,0.9320271399868908,0.32156489133055693,0.0522176167017635,100,True
5.0,0.05,15,45,26.39121833862703,2.0919978609353103,6.240207938597519,0.07926871105732149,100,True
5.0,0.05,15,43,28.2011022602168,2.2194288390569574,5.328771296530908,0.0787000741523461,100,True
5.0,0.05,15,44,14.854684241351807,0.4995044666218703,0.5964335177405525,0.03362605751197135,100,True
5.0,0.05,15,46,29.020182843938997,6.000762518900672,6.234423599885988,0.20677893558323873,100,True
5.0,0.05,15,47,15.951261271572735,0.7654989653174209,1.9792621099758163,0.047989870661929515,100,True
5.0,0.05,15,48,21.42778223007161,1.1123198142354191,1.7500874490447982,0.0519101698109661,100,True
5.0,0.05,15,49,49.65740273897553,3.4403588280824713,21.30724417229567,0.06928189229240886,100,True
5.0,0.05,20,3,13.994984062374833,1.6387144886891247,2.5443088826254416,0.1170929871292078,100,True
5.0,0.05,20,0,19.489755865099106,0.6671952423274045,0.524528448542339,0.03423312467049272,100,True
5.0,0.05,20,4,28.68150561812407,1.9069278416587434,7.3875873498966165,0.06648632282587497,100,True
5.0,0.05,20,2,16.522312902069135,1.5314666201989162,1.3806749148610002,0.09269081328239016,100,True
5.0,0.05,20,5,24.530252872547493,0.374096116822777,3.901026208889815,0.015250397897097858,100,True
5.0,0.05,20,1,14.96675377923264,2.010097050971727,2.2183634721387766,0.1343041437456444,100,True
5.0,0.05,20,6,17.580129924584675,3.828229124002142,3.836852698141903,0.21775886415086224,100,True
5.0,0.05,20,7,19.626890315404925,0.9258414338926015,5.46043324222129,0.047172089873346826,100,True
5.0,0.05,20,8,12.395111692764374,0.9815195097350778,1.0857518618666113,0.0791860157507123,100,True
5.0,0.05,20,10,22.19726323015693,2.9243114517182835,6.157712195932773,0.1317419819460153,100,True
5.0,0.05,20,9,13.344804583866017,0.53674921860122,0.7551266601924694,0.040221587002491926,100,True
5.0,0.05,20,11,11.713335514747273,0.5987860032817329,1.2230051061386245,0.05112002490903227,100,True
5.0,0.05,20,12,17.268456608605092,1.4599733102034014,2.4711208206210236,0.08454567442210661,100,True
5.0,0.05,20,14,11.48569278770156,1.1464204610968016,0.8765998844310254,0.09981291353398768,100,True
5.0,0.05,20,13,15.31870658689893,2.407451590775637,4.438853008717012,0.15715762797066496,100,True
5.0,0.05,20,17,21.242612932989246,2.108814526010946,2.02410504059139,0.0992728405240586,100,True
5.0,0.05,20,15,13.47853541215443,1.848932717982364,1.4188619544608982,0.13717608489681057,100,True
5.0,0.05,20,16,14.317544584247095,1.4533381171853441,1.2733137645004078,0.10150749722716995,100,True
5.0,0.05,20,18,37.70159429736099,1.6864253990001679,6.462447336332675,0.04473087757772124,100,True
5.0,0.05,20,19,19.030010890429796,0.9765869360540891,1.4341639994069815,0.0513182541868757,100,True
5.0,0.05,20,20,15.623185088657005,1.385234109888091,0.8519613510627198,0.08866528188889095,100,True
5.0,0.05,20,23,20.45785961772874,2.8536138464522356,3.8322464953884485,0.13948740971803814,100,True
5.0,0.05,20,22,14.851931844404046,0.0433321509701829,0.8443392361706313,0.0029176104108308114,100,True
5.0,0.05,20,21,15.269845305114783,0.7425662227723379,1.8994076379646774,0.048629583858561296,100,True
5.0,0.05,20,24,24.562665073342814,1.6031876680599249,6.138252942077074,0.06526928829884264,100,True
5.0,0.05,20,26,10.007246777516796,0.7242691875784747,1.0337782208513349,0.07237447058922188,100,True
5.0,0.05,20,25,13.402923799793841,1.0645405070670455,1.618971872803547,0.07942599114705255,100,True
5.0,0.05,20,27,17.559704559391275,6.967625439910011,5.538433765469405,0.3967962795925053,100,True
5.0,0.05,20,28,17.378952764265115,4.688937527817357,4.2464692277106675,0.2698055280671932,100,True
5.0,0.05,20,29,19.29712771890853,2.370348761333196,2.097700915227482,0.12283427854449967,100,True
5.0,0.05,20,30,14.796283342998636,1.111038713558021,1.9004497520444412,0.07508904011923688,100,True
5.0,0.05,20,32,17.004299714649914,0.35254170753582886,1.1722016256323706,0.02073250374622011,100,True
5.0,0.05,20,31,15.239928868688397,1.8362269230130084,1.6683047767918129,0.12048789327263053,100,True
5.0,0.05,20,33,14.965957764090515,0.4351540937369038,2.0045873725873906,0.029076260978165885,100,True
5.0,0.05,20,34,19.10739360508108,1.8061016913595522,3.736470775190222,0.09452370787396508,100,True
5.0,0.05,20,35,13.846221109445986,0.5139157375230748,1.1536837504330293,0.03711595629312015,100,True
5.0,0.05,20,36,13.604237228205239,0.7210790431836561,1.061271977514019,0.053004003906126064,100,True
5.0,0.05,20,37,20.64141319939011,1.343440864114,1.5133989697326335,0.06508473286866301,100,True
5.0,0.05,20,38,17.65399159499823,2.7044311884585683,3.521479705284446,0.15319091854698708,100,True
5.0,0.05,20,40,20.114518218768776,2.5407907525350306,3.695872402559076,0.12631626196068813,100,True
5.0,0.05,20,39,12.816108643650061,0.668948280491254,1.5745122917243746,0.052195896515179335,100,True
5.0,0.05,20,41,11.050841975399871,0.4648482993381212,0.4312159223144633,0.042064514212845835,100,True
5.0,0.05,20,42,13.867999915015725,0.7037326539335111,0.7705354715465808,0.05074507198197608,100,True
5.0,0.05,20,43,20.82153758361168,1.600245492775292,3.9701617143794543,0.07685529881495502,100,True
5.0,0.05,20,45,19.90354849962841,1.0889236951989114,3.917928464618834,0.05471002797411934,100,True
5.0,0.05,20,44,11.510476269024103,0.520924471482524,0.6543055699466286,0.045256552318724316,100,True
5.0,0.05,20,46,23.48407426682799,5.109773734319315,5.279509246953086,0.21758463528353916,100,True
5.0,0.05,20,47,11.923595887641046,0.48210360294191057,1.0449944041793058,0.040432735852916395,100,True
5.0,0.05,20,48,14.582299989907314,0.8279108437881755,1.2500793755630268,0.05677505224561202,100,True
5.0,0.05,20,49,39.38645679218434,2.7008078554318327,17.945207520157897,0.06857199340580868,100,True
5.0,0.05,25,2,,,,,0,True
5.0,0.05,25,4,,,,,0,True
5.0,0.05,25,5,,,,,0,True
5.0,0.05,25,1,,,,,0,True
5.0,0.05,25,0,,,,,0,True
5.0,0.05,25,3,,,,,0,True
5.0,0.05,25,6,,,,,0,True
5.0,0.05,25,7,,,,,0,True
5.0,0.05,25,8,,,,,0,True
5.0,0.05,25,10,,,,,0,True
5.0,0.05,25,9,,,,,0,True
5.0,0.05,25,11,,,,,0,True
5.0,0.05,25,12,,,,,0,True
5.0,0.05,25,13,,,,,0,True
5.0,0.05,25,16,,,,,0,True
5.0,0.05,25,15,,,,,0,True
5.0,0.05,25,14,,,,,0,True
5.0,0.05,25,17,,,,,0,True
5.0,0.05,25,18,,,,,0,True
5.0,0.05,25,19,,,,,0,True
5.0,0.05,25,20,,,,,0,True
5.0,0.05,25,21,,,,,0,True
5.0,0.05,25,22,,,,,0,True
5.0,0.05,25,23,,,,,0,True
5.0,0.05,25,24,,,,,0,True
5.0,0.05,25,25,,,,,0,True
5.0,0.05,25,26,,,,,0,True
5.0,0.05,25,28,,,,,0,True
5.0,0.05,25,27,,,,,0,True
5.0,0.05,25,29,,,,,0,True
5.0,0.05,25,31,,,,,0,True
5.0,0.05,25,30,,,,,0,True
5.0,0.05,25,32,,,,,0,True
5.0,0.05,25,34,,,,,0,True
5.0,0.05,25,33,,,,,0,True
5.0,0.05,25,35,,,,,0,True
5.0,0.05,25,36,,,,,0,True
5.0,0.05,25,37,,,,,0,True
5.0,0.05,25,38,,,,,0,True
5.0,0.05,25,40,,,,,0,True
5.0,0.05,25,39,,,,,0,True
5.0,0.05,25,41,,,,,0,True
5.0,0.05,25,43,,,,,0,True
5.0,0.05,25,42,,,,,0,True
5.0,0.05,25,44,,,,,0,True
5.0,0.05,25,45,,,,,0,True
5.0,0.05,25,46,,,,,0,True
5.0,0.05,25,47,,,,,0,True
5.0,0.05,25,48,,,,,0,True
5.0,0.05,25,49,,,,,0,True
5.0,0.05,30,2,,,,,0,True
5.0,0.05,30,3,,,,,0,True
5.0,0.05,30,0,,,,,0,True
5.0,0.05,30,5,,,,,0,True
5.0,0.05,30,1,,,,,0,True
5.0,0.05,30,4,,,,,0,True
5.0,0.05,30,6,,,,,0,True
5.0,0.05,30,9,,,,,0,True
5.0,0.05,30,10,,,,,0,True
5.0,0.05,30,11,,,,,0,True
5.0,0.05,30,8,,,,,0,True
5.0,0.05,30,7,,,,,0,True
5.0,0.05,30,13,,,,,0,True
5.0,0.05,30,12,,,,,0,True
5.0,0.05,30,16,,,,,0,True
5.0,0.05,30,15,,,,,0,True
5.0,0.05,30,17,,,,,0,True
5.0,0.05,30,14,,,,,0,True
5.0,0.05,30,19,,,,,0,True
5.0,0.05,30,18,,,,,0,True
5.0,0.05,30,23,,,,,0,True
5.0,0.05,30,21,,,,,0,True
5.0,0.05,30,20,,,,,0,True
5.0,0.05,30,22,,,,,0,True
5.0,0.05,30,24,,,,,0,True
5.0,0.05,30,25,,,,,0,True
5.0,0.05,30,28,,,,,0,True
5.0,0.05,30,26,,,,,0,True
5.0,0.05,30,29,,,,,0,True
5.0,0.05,30,27,,,,,0,True
5.0,0.05,30,30,,,,,0,True
5.0,0.05,30,31,,,,,0,True
5.0,0.05,30,34,,,,,0,True
5.0,0.05,30,32,,,,,0,True
5.0,0.05,30,35,,,,,0,True
5.0,0.05,30,33,,,,,0,True
5.0,0.05,30,36,,,,,0,True
5.0,0.05,30,37,,,,,0,True
5.0,0.05,30,39,,,,,0,True
5.0,0.05,30,41,,,,,0,True
5.0,0.05,30,40,,,,,0,True
5.0,0.05,30,38,,,,,0,True
5.0,0.05,30,42,,,,,0,True
5.0,0.05,30,43,,,,,0,True
5.0,0.05,30,45,,,,,0,True
5.0,0.05,30,44,,,,,0,True
5.0,0.05,30,46,,,,,0,True
5.0,0.05,30,47,,,,,0,True
5.0,0.05,30,48,,,,,0,True
5.0,0.05,30,49,,,,,0,True
5.0,0.05,35,4,,,,,0,True
5.0,0.05,35,0,,,,,0,True
5.0,0.05,35,3,,,,,0,True
5.0,0.05,35,1,,,,,0,True
5.0,0.05,35,2,,,,,0,True
5.0,0.05,35,5,,,,,0,True
5.0,0.05,35,6,,,,,0,True
5.0,0.05,35,7,,,,,0,True
5.0,0.05,35,9,,,,,0,True
5.0,0.05,35,8,,,,,0,True
5.0,0.05,35,10,,,,,0,True
5.0,0.05,35,11,,,,,0,True
5.0,0.05,35,12,,,,,0,True
5.0,0.05,35,13,,,,,0,True
5.0,0.05,35,16,,,,,0,True
5.0,0.05,35,14,,,,,0,True
5.0,0.05,35,15,,,,,0,True
5.0,0.05,35,17,,,,,0,True
5.0,0.05,35,18,,,,,0,True
5.0,0.05,35,19,,,,,0,True
5.0,0.05,35,21,,,,,0,True
5.0,0.05,35,22,,,,,0,True
5.0,0.05,35,20,,,,,0,True
5.0,0.05,35,23,,,,,0,True
5.0,0.05,35,24,,,,,0,True
5.0,0.05,35,25,,,,,0,True
5.0,0.05,35,26,,,,,0,True
5.0,0.05,35,29,,,,,0,True
5.0,0.05,35,28,,,,,0,True
5.0,0.05,35,27,,,,,0,True
5.0,0.05,35,30,,,,,0,True
5.0,0.05,35,31,,,,,0,True
5.0,0.05,35,32,,,,,0,True
5.0,0.05,35,34,,,,,0,True
5.0,0.05,35,33,,,,,0,True
5.0,0.05,35,35,,,,,0,True
5.0,0.05,35,36,,,,,0,True
5.0,0.05,35,37,,,,,0,True
5.0,0.05,35,40,,,,,0,True
5.0,0.05,35,38,,,,,0,True
5.0,0.05,35,41,,,,,0,True
5.0,0.05,35,39,,,,,0,True
5.0,0.05,35,42,,,,,0,True
5.0,0.05,35,43,,,,,0,True
5.0,0.05,35,45,,,,,0,True
5.0,0.05,35,46,,,,,0,True
5.0,0.05,35,47,,,,,0,True
5.0,0.05,35,44,,,,,0,True
5.0,0.05,35,49,,,,,0,True
5.0,0.05,35,48,,,,,0,True
