tau_B,alpha,o,dataset_id,mean_width,sd_upper,sd_width,relative_instability,n_finite,randomization_varied_only
0.0,0.1,0,1,9.735480873080277,3.570611593983174e-15,0.0,3.6676273524981437e-16,100,True
0.0,0.1,0,2,10.354596961447589,1.785305796991587e-15,1.785305796991587e-15,1.724167346772325e-16,100,True
0.0,0.1,0,4,8.801219318776184,8.926528984957934e-16,0.0,1.0142377620239981e-16,100,True
0.0,0.1,0,3,16.10772085890574,3.570611593983174e-15,3.570611593983174e-15,2.2167081396925443e-16,100,True
0.0,0.1,0,0,11.63157919129639,3.570611593983174e-15,1.785305796991587e-15,3.069756509636258e-16,100,True
0.0,0.1,0,5,15.070559126086609,1.785305796991587e-15,1.785305796991587e-15,1.1846314274440457e-16,100,True
0.0,0.1,0,7,10.246715991974638,3.570611593983174e-15,1.785305796991587e-15,3.484639953698066e-16,100,True
0.0,0.1,0,8,10.921856102168745,1.785305796991587e-15,1.785305796991587e-15,1.634617578084626e-16,100,True
0.0,0.1,0,6,9.747834166827634,0.0,3.570611593983174e-15,0.0,100,True
0.0,0.1,0,9,8.439534915135141,1.0711834781949522e-14,0.0,1.2692446787250474e-15,100,True
0.0,0.1,0,11,9.76135804708156,3.570611593983174e-15,0.0,3.657904542340511e-16,100,True
0.0,0.1,0,10,12.89226229413486,3.570611593983174e-15,0.0,2.7695772181175444e-16,100,True
0.0,0.1,0,13,12.38566389187532,1.4282446375932695e-14,0.0,1.1531433842074155e-15,100,True
0.0,0.1,0,12,10.567309158697835,1.785305796991587e-15,0.0,1.6894611203100094e-16,100,True
0.0,0.1,0,14,9.762075958905735,0.0,1.785305796991587e-15,0.0,100,True
0.0,0.1,0,17,11.59093777749578,3.570611593983174e-15,1.785305796991587e-15,3.0805200256666405e-16,100,True
0.0,0.1,0,15,12.400688257042034,5.355917390974761e-15,0.0,4.319048491468425e-16,100,True
0.0,0.1,0,16,16.93808702041684,3.570611593983174e-15,3.570611593983174e-15,2.1080371057718785e-16,100,True
0.0,0.1,0,18,13.758262042470172,0.0,0.0,0.0,100,True
0.0,0.1,0,20,10.27710081269686,7.141223187966347e-15,1.785305796991587e-15,6.948674843340752e-16,100,True
0.0,0.1,0,19,12.096840464012635,1.785305796991587e-15,1.785305796991587e-15,1.475844706973497e-16,100,True
0.0,0.1,0,21,13.878094979015163,7.141223187966347e-15,3.570611593983174e-15,5.145679719561274e-16,100,True
0.0,0.1,0,23,9.72523033779728,3.570611593983174e-15,1.785305796991587e-15,3.671493085470612e-16,100,True
0.0,0.1,0,22,11.500144445950713,0.0,3.570611593983174e-15,0.0,100,True
0.0,0.1,0,25,13.160503278408715,3.570611593983174e-15,1.785305796991587e-15,2.7131269362936623e-16,100,True
0.0,0.1,0,28,8.94602149356345,0.0,3.570611593983174e-15,0.0,100,True
0.0,0.1,0,24,13.558942618554914,3.570611593983174e-15,1.785305796991587e-15,2.6333997380422005e-16,100,True
0.0,0.1,0,26,11.468251903506744,1.785305796991587e-15,3.570611593983174e-15,1.5567375150223888e-16,100,True
0.0,0.1,0,29,12.417078126780567,1.785305796991587e-15,0.0,1.4377825272284658e-16,100,True
0.0,0.1,0,27,14.720550615170366,7.141223187966347e-15,3.570611593983174e-15,4.851192985000785e-16,100,True
0.0,0.1,0,32,7.87513966746643,3.570611593983174e-15,1.785305796991587e-15,4.534029547099959e-16,100,True
0.0,0.1,0,30,17.673620032172696,3.570611593983174e-15,3.570611593983174e-15,2.020305736732659e-16,100,True
0.0,0.1,0,33,10.727110533835111,0.0,5.355917390974761e-15,0.0,100,True
0.0,0.1,0,34,8.842929400863241,0.0,0.0,0.0,100,True
0.0,0.1,0,31,12.791927071071468,7.141223187966347e-15,3.570611593983174e-15,5.582601548844032e-16,100,True
0.0,0.1,0,35,8.48630219708517,3.570611593983174e-15,3.570611593983174e-15,4.207499934670708e-16,100,True
0.0,0.1,0,36,9.909664470534763,8.926528984957934e-16,1.785305796991587e-15,9.007902347753481e-17,100,True
0.0,0.1,0,37,11.389132203212062,3.570611593983174e-15,1.785305796991587e-15,3.135104176748566e-16,100,True
0.0,0.1,0,39,11.996452526281603,1.785305796991587e-15,5.355917390974761e-15,1.4881947751473798e-16,100,True
0.0,0.1,0,38,9.05199559061245,0.0,3.570611593983174e-15,0.0,100,True
0.0,0.1,0,40,8.915677869492379,1.785305796991587e-15,1.785305796991587e-15,2.0024341649898962e-16,100,True
0.0,0.1,0,41,10.971649104431501,0.0,3.570611593983174e-15,0.0,100,True
0.0,0.1,0,43,11.897265860773665,0.0,0.0,0.0,100,True
0.0,0.1,0,42,9.753825511677759,1.785305796991587e-15,1.785305796991587e-15,1.830364706498113e-16,100,True
0.0,0.1,0,45,8.406879737019976,3.570611593983174e-15,1.785305796991587e-15,4.247249521436433e-16,100,True
0.0,0.1,0,44,8.893196329558373,1.785305796991587e-15,0.0,2.007496214896049e-16,100,True
0.0,0.1,0,46,8.229757468389394,7.141223187966347e-15,1.785305796991587e-15,8.677319125619289e-16,100,True
0.0,0.1,0,48,10.872258786210518,3.570611593983174e-15,1.785305796991587e-15,3.284148827023732e-16,100,True
0.0,0.1,0,47,9.697908074317795,3.570611593983174e-15,3.570611593983174e-15,3.6818369143330433e-16,100,True
0.0,0.1,0,49,11.637533948238747,0.0,0.0,0.0,100,True
0.0,0.1,5,0,8.500903044401554,0.26033034290066215,0.4275438778549945,0.030623845671561695,100,True
0.0,0.1,5,2,8.367477905322556,0.33324570551222776,0.34612864717812475,0.03982630241548054,100,True
0.0,0.1,5,4,7.399150827889517,0.4693151641150883,0.959837300794796,0.06342824670448738,100,True
0.0,0.1,5,1,8.929576184241144,0.5160546576499425,0.760795467367776,0.05779161821371459,100,True
0.0,0.1,5,5,8.708892758327131,1.1384216724747975,1.1259269462525159,0.13071945011451422,100,True
0.0,0.1,5,3,9.880211250994744,0.9541399376754063,0.7656518576151343,0.09657080333979125,100,True
0.0,0.1,5,10,12.354762062305454,1.431957320040393,1.857018771087911,0.11590326975290881,100,True
0.0,0.1,5,6,9.797762113098852,0.505672185521965,0.6508347201100282,0.05161098827312008,100,True
0.0,0.1,5,7,7.2549204943966545,0.21230999326665603,0.22379623777939828,0.029264275663755914,100,True
0.0,0.1,5,8,7.839228918575037,0.34989057100051735,0.5193678430484443,0.044633289145499036,100,True
0.0,0.1,5,11,7.9202265211337695,0.37184078406628257,0.6960934127149587,0.04694825117363614,100,True
0.0,0.1,5,9,7.777383761951641,0.514515756893605,0.26743786279568177,0.06615537726332966,100,True
0.0,0.1,5,13,8.910624718865725,0.6878362286167369,0.7311871810062971,0.07719281759902182,100,True
0.0,0.1,5,14,9.95659108997697,0.17858312068115892,0.8707256750657112,0.01793617103156257,100,True
0.0,0.1,5,12,8.912126585684634,0.3028763750070785,0.5424040080876686,0.033984747870792434,100,True
0.0,0.1,5,15,8.72202314843364,0.4720033877104256,0.43362430145197856,0.05411627321754943,100,True
0.0,0.1,5,17,8.404447517698095,0.395454497480376,0.6041093239720879,0.047053003382747934,100,True
0.0,0.1,5,16,8.548595633325535,0.49094967947958007,0.6945389732262195,0.057430448290907536,100,True
0.0,0.1,5,18,18.664878342023076,4.167845337943576,20.74569322189419,0.2232988215390546,100,True
0.0,0.1,5,21,8.338629312672142,0.4465439204198288,0.8767023132351567,0.05355123770056788,100,True
0.0,0.1,5,22,8.931128646612867,0.5156690230514942,0.595855192949639,0.05773839381958313,100,True
0.0,0.1,5,19,9.683937793759483,0.6661003258955105,1.4512394659476988,0.06878403600700103,100,True
0.0,0.1,5,20,9.477169984351834,1.1968522743974697,1.1109641502153838,0.12628794000462631,100,True
0.0,0.1,5,23,8.803173545428058,0.6217179143080407,1.0979132190701963,0.07062429373903811,100,True
0.0,0.1,5,24,7.303324142378469,0.36738524814347745,0.4254730677213473,0.05030383986542206,100,True
0.0,0.1,5,25,9.732673302128942,0.653324516017547,1.4671078815784357,0.06712693375566584,100,True
0.0,0.1,5,29,8.769359247858365,0.4675312123836298,0.9953680488066519,0.05331418170578533,100,True
0.0,0.1,5,26,8.934800888156207,0.36578069519883044,0.5829478740496666,0.04093887483085404,100,True
0.0,0.1,5,27,8.602837979166406,0.4243239691932365,0.6012717030769988,0.04932371970980121,100,True
0.0,0.1,5,28,9.780395664035309,1.4901736306507303,1.419230590173308,0.15236332780793627,100,True
0.0,0.1,5,30,8.359364602075583,0.485331182569405,1.326286147149835,0.058058381907268405,100,True
0.0,0.1,5,31,9.003923776712462,0.4697851770432368,0.7592038708552349,0.05217560573516606,100,True
0.0,0.1,5,33,9.011126224559948,1.6029227670946211,1.5195129224596864,0.17788262278757488,100,True
0.0,0.1,5,34,9.842669237342138,0.7329350348616827,1.536711249084736,0.07446506808143037,100,True
0.0,0.1,5,32,11.524851751151637,0.24963382069643122,1.7210596313222537,0.021660479985912723,100,True
0.0,0.1,5,35,9.055422059490967,0.5070458097822083,1.2106558405993726,0.05599361426238269,100,True
0.0,0.1,5,36,11.212080952163848,1.5715804996127527,1.8077138974966669,0.1401684938164355,100,True
0.0,0.1,5,37,10.722838401791204,3.0125974631356716,3.1471383537906217,0.2809514934620697,100,True
0.0,0.1,5,39,7.221070080931079,0.4234401732453441,0.24964407515377646,0.05863953243765584,100,True
0.0,0.1,5,38,7.613100629362525,0.16989389286960718,0.28961877013105763,0.022315992017017786,100,True
0.0,0.1,5,40,7.58608279738634,0.26590410282637544,0.3705437370149561,0.03505156876457878,100,True
0.0,0.1,5,41,6.215087829038127,0.16738278258727093,0.2622680922541576,0.026931684183966843,100,True
0.0,0.1,5,42,10.203831558379513,0.7588872567053315,0.47584761107526546,0.07437277383142649,100,True
0.0,0.1,5,44,9.391732036518084,0.7874793927588974,1.0375147631712982,0.08384815385457374,100,True
0.0,0.1,5,45,7.362442406680629,0.2814938946779984,0.41089399080678046,0.038233765254662336,100,True
0.0,0.1,5,43,8.646520578412964,0.49188379343807437,0.3585562814223809,0.05688806138576932,100,True
0.0,0.1,5,46,8.280169230886434,0.14033728523193298,0.403970641436776,0.016948601087578154,100,True
0.0,0.1,5,47,9.50038305799443,0.7787386168072971,0.5472476414008185,0.08196918082708257,100,True
0.0,0.1,5,49,9.911453659094173,0.5047313327304825,0.5613612124803896,0.05092404707632068,100,True
0.0,0.1,5,48,7.016545985121789,0.20676741513342609,0.2801788600594882,0.02946854699903134,100,True
0.0,0.1,10,2,6.797364003449427,0.34190033005840625,0.4216778352687964,0.05029895852052408,100,True
0.0,0.1,10,0,6.811022566058465,0.17146227278921747,0.3191002244535207,0.025174233549550926,100,True
0.0,0.1,10,4,6.771354429545163,0.28393250999286335,0.9004223701493165,0.04193142050783706,100,True
0.0,0.1,10,1,6.84250292793334,0.3213696556555935,0.5273681080010061,0.0469666814965701,100,True
0.0,0.1,10,5,7.237872622641848,0.8431304665482352,0.7545952321892743,0.11648871298324807,100,True
0.0,0.1,10,3,8.330094866834683,0.7661676321732338,0.36353673749559967,0.09197585914941285,100,True
0.0,0.1,10,10,10.839126500430424,1.200558335870387,1.5950752777243618,0.11076153930141074,100,True
0.0,0.1,10,6,7.777657297867198,0.3882799128773442,0.4822165151120493,0.049922476397078974,100,True
0.0,0.1,10,7,6.381553527501291,0.216714694562125,0.2749347508793962,0.033959551326834994,100,True
0.0,0.1,10,8,6.661836204260954,0.2414974073090654,0.4393534226159854,0.036250877371407315,100,True
0.0,0.1,10,9,6.452331012567332,0.3860994698786306,0.20502280518139926,0.059838757361737493,100,True
0.0,0.1,10,11,7.431320577967234,0.4105775891600928,0.9128988516331907,0.05524961342367527,100,True
0.0,0.1,10,13,7.508276739625104,0.5473938076368001,0.546377745260274,0.07290538516620154,100,True
0.0,0.1,10,14,6.688588460138757,0.3890266700785205,0.7224851383304738,0.058162745756740734,100,True
0.0,0.1,10,12,7.704159257476644,0.223090481596617,0.4342708904595106,0.028957148228746014,100,True
0.0,0.1,10,15,7.307803962140106,0.35913242497985354,0.5400976643115595,0.049143686234664787,100,True
0.0,0.1,10,17,7.341459898411544,0.36900978067326257,0.5205168044376836,0.05026381479698669,100,True
0.0,0.1,10,16,7.929206447586657,0.3550144305639426,0.5617330966493882,0.044773008864209256,100,True
0.0,0.1,10,18,14.859819884229603,3.3235612796464093,16.66795326162669,0.2236609397381479,100,True
0.0,0.1,10,19,7.847027257888267,0.539931104551728,1.183329129534432,0.06880708920807677,100,True
0.0,0.1,10,22,6.939325629151352,0.36087092199028964,0.3696275456766982,0.05200374521615043,100,True
0.0,0.1,10,21,6.590144097667865,0.5789348466506962,0.5719304002668099,0.08784858693083371,100,True
0.0,0.1,10,20,7.543353573461629,0.9487844352991804,0.9244166833734636,0.1257775372795876,100,True
0.0,0.1,10,23,7.551399297019901,0.4843911662627459,0.7198688978639304,0.06414588173795908,100,True
0.0,0.1,10,24,5.90422364045458,0.27265936860447626,0.4196879382541051,0.04618039308949408,100,True
0.0,0.1,10,25,7.6224063396704675,1.6534828753116022,0.8758155273142177,0.21692400032600279,100,True
0.0,0.1,10,26,7.4029150750782495,0.2391176629655331,0.4317275506328688,0.03230047360269166,100,True
0.0,0.1,10,27,7.551141540505512,0.3157319389206999,0.5324930229466698,0.04181247791834706,100,True
0.0,0.1,10,29,9.384607126206907,0.9571757442378749,1.4145653860990484,0.10199422643542762,100,True
0.0,0.1,10,28,8.521354096336802,1.239193877406621,1.224098661333582,0.14542217861118237,100,True
0.0,0.1,10,30,6.98385299390177,0.3144750777506898,0.8951251606681851,0.045028879907020695,100,True
0.0,0.1,10,31,7.197283632961394,0.35304360525840445,0.5720018045308459,0.0490523401970114,100,True
0.0,0.1,10,33,7.910814768421765,1.3522985771068488,1.3514260142410135,0.17094302125552574,100,True
0.0,0.1,10,34,7.69168867592711,0.5505057594740306,1.164694951141254,0.0715715082433021,100,True
0.0,0.1,10,32,6.641076194942898,0.4879284437163055,0.7913794819893071,0.07347129130785418,100,True
0.0,0.1,10,35,6.308525214744784,0.5152609286314944,0.6698929138217623,0.08167692306708799,100,True
0.0,0.1,10,36,8.103873664500632,0.9932568084608046,1.0663592825120978,0.12256568273168038,100,True
0.0,0.1,10,37,7.623434063574039,0.8876214176770176,0.5305392920061324,0.11643327800501505,100,True
0.0,0.1,10,39,6.0649811376782505,0.3087896640324969,0.29486458250094777,0.05091354070570208,100,True
0.0,0.1,10,38,6.673498452650913,0.09453710398158044,0.16771945040421254,0.014166048685308,100,True
0.0,0.1,10,40,6.663610951011444,0.1743044093189051,0.2804772486965867,0.026157650949362236,100,True
0.0,0.1,10,41,5.622944870749315,0.13302586043669007,0.17510141938216253,0.02365768534005972,100,True
0.0,0.1,10,42,8.528865545464882,0.5546928482916176,0.4366411276141426,0.06503711957173115,100,True
0.0,0.1,10,44,7.581535567135228,0.6469825976273428,0.8295016340452002,0.085336617087429,100,True
0.0,0.1,10,45,5.928025782891378,0.1546850459442894,0.2888402750446718,0.02609385512301908,100,True
0.0,0.1,10,43,7.600592856114033,0.45180287527986007,0.4187973657209137,0.05944310974589607,100,True
0.0,0.1,10,46,6.546893451095744,0.12669062310546458,0.3463132638104848,0.01935125782202253,100,True
0.0,0.1,10,47,7.448899461586779,0.7902360148210469,0.7750510226301713,0.10608761990898306,100,True
0.0,0.1,10,49,8.429710029579836,0.5207110587966662,0.576235857336464,0.06177093363466741,100,True
0.0,0.1,10,48,5.830689171103111,0.2408832505654379,0.2559655471642333,0.0413129980859304,100,True
0.0,0.1,15,5,6.086537672653193,0.4589491570943722,0.4941820777319919,0.07540397871131732,100,True
0.0,0.1,15,1,6.081383431768004,0.16893266466721693,0.21062789228303522,0.02777865703792733,100,True
0.0,0.1,15,3,7.5402850773381385,0.6376380979444727,0.45150495411320724,0.08456418973612213,100,True
0.0,0.1,15,4,6.2196444155159005,0.15172286526152534,0.25659187405120953,0.024394138173402375,100,True
0.0,0.1,15,0,6.370896028327788,0.24005344513889978,0.4275339195648709,0.03767969906768487,100,True
0.0,0.1,15,2,7.636707794302381,1.159534663807198,0.826012732702842,0.15183698198748777,100,True
0.0,0.1,15,8,5.955622488177593,0.30770475181497325,0.4169686156129284,0.05166626199457618,100,True
0.0,0.1,15,6,6.801575713949568,0.2983557943346774,0.37689880845607726,0.0438656874351586,100,True
0.0,0.1,15,10,8.812961994438682,0.8407628873108566,1.4273476667752822,0.09540071633593908,100,True
0.0,0.1,15,7,6.349264606810982,0.34262673802509214,0.25789694305727645,0.053963216095538,100,True
0.0,0.1,15,9,6.1373082193081565,0.4064077277879865,0.2097604416604068,0.0662192142329459,100,True
0.0,0.1,15,11,5.803486743691371,0.13079522061718246,0.3410320112452927,0.022537351491215562,100,True
0.0,0.1,15,15,5.667689395957612,0.33333126635485216,0.24074519373746484,0.05881255006539267,100,True
0.0,0.1,15,13,9.478174325002529,0.49039577002902096,1.8814499399937916,0.051739475685249135,100,True
0.0,0.1,15,14,6.441320231802341,0.6614751016217009,0.4677128946522336,0.10269247263252645,100,True
0.0,0.1,15,17,6.357309105687005,0.35092046681941375,0.5395777508892113,0.05519952876060309,100,True
0.0,0.1,15,12,7.514662648883574,0.2854260474666848,0.4704740566997632,0.03798254969024984,100,True
0.0,0.1,15,16,6.14484863369408,0.21839756281793987,0.2799002536549584,0.03554156918046759,100,True
0.0,0.1,15,18,7.223846745978924,0.7022054635531436,0.35851160180954894,0.09720658372826343,100,True
0.0,0.1,15,22,6.873889036384948,0.3464565216282634,1.0006543925863793,0.05040182054065694,100,True
0.0,0.1,15,19,7.053519782013743,0.38814904969593617,0.9662241846859632,0.05502912895852426,100,True
0.0,0.1,15,21,5.529596856176109,0.5534748106713736,0.5469595992959038,0.1000931577956153,100,True
0.0,0.1,15,20,6.265878931433336,0.8313840669695866,0.844801844648501,0.13268434900631018,100,True
0.0,0.1,15,23,5.76324351718983,0.5094558688243879,0.46962930097297034,0.08839742192132802,100,True
0.0,0.1,15,24,5.884444770186845,0.17769766547726445,0.4843057045501993,0.030197864440424025,100,True
0.0,0.1,15,25,7.695695417657442,1.1636200167112878,0.6292934441021504,0.15120401127640937,100,True
0.0,0.1,15,26,5.919361896140342,0.2747323037010745,0.37251064331572525,0.04641248643375071,100,True
0.0,0.1,15,29,6.55525842800487,0.5682565220617074,0.9714735347428539,0.08668712733491112,100,True
0.0,0.1,15,27,5.584211771717667,0.3656213150785893,0.29007561376801844,0.06547411345149014,100,True
0.0,0.1,15,28,7.39822801047329,0.983304714508102,0.8472039331012923,0.1329108420443501,100,True
0.0,0.1,15,30,6.362891671649472,0.2933751645742515,0.41097789808646756,0.046107207180882105,100,True
0.0,0.1,15,33,5.722921842175648,0.33573517475674103,0.32566568506752414,0.05866499386423678,100,True
0.0,0.1,15,31,6.809344489384942,0.4169914690661756,0.38202681408652145,0.061238122071253974,100,True
0.0,0.1,15,34,5.988055506270345,0.4698042260262373,0.3386053331723806,0.07845689231408852,100,True
0.0,0.1,15,32,5.706051384454303,0.4120002963163454,0.6178228154043607,0.07220409851877753,100,True
0.0,0.1,15,35,4.927757625080717,0.46107809894264423,0.09664650921821208,0.0935675278743223,100,True
0.0,0.1,15,36,7.416621751804765,0.8067161456985547,0.776102163532826,0.10877137498649542,100,True
0.0,0.1,15,38,5.688282633267006,0.09977488443851076,0.19612962557918967,0.01754042315953033,100,True
0.0,0.1,15,40,5.926349440785697,0.09955226683002727,0.1871057211422002,0.016798244488402787,100,True
0.0,0.1,15,37,6.342095728021259,0.3392620326941391,0.3147744142556448,0.053493678941990565,100,True
0.0,0.1,15,39,5.997135255283808,0.5556120743989944,0.4184529209598253,0.09264624704094665,100,True
0.0,0.1,15,41,5.072141597033457,0.10225355090973672,0.15102549358317902,0.02015983760578406,100,True
0.0,0.1,15,42,7.45254910499129,0.44884454255643214,0.870153099905455,0.06022698223562483,100,True
0.0,0.1,15,44,7.09864272859566,0.8650017217195995,0.9375837750128294,0.121854522729407,100,True
0.0,0.1,15,45,5.211309631867692,0.15464032703733357,0.2573472931445646,0.029673985612309838,100,True
0.0,0.1,15,43,6.3129146891634464,0.32924415082058106,0.3068952607861748,0.05215406306468094,100,True
0.0,0.1,15,47,5.817353250741014,0.46046685053550485,0.39453016639040545,0.0791540122609626,100,True
0.0,0.1,15,46,7.227080023670243,0.45636056291475485,1.2290184844559868,0.06314591251516183,100,True
0.0,0.1,15,49,6.895022109807551,0.4172458627791734,0.569970134178171,0.06051407176572771,100,True
0.0,0.1,15,48,5.178215579061782,0.28675974979622876,0.20565594804849882,0.055378101861140644,100,True
0.0,0.1,20,5,6.2991786802954906,0.38427063562424657,0.4820716515044313,0.061003291877762815,100,True
0.0,0.1,20,3,7.155906594422956,0.274896866166191,0.33888480589912834,0.038415379314821585,100,True
0.0,0.1,20,4,4.786002858337671,0.08419303780398082,0.13648521928088117,0.01759151431706911,100,True
0.0,0.1,20,0,5.734366934488369,0.18576978069637862,0.4870532462411956,0.0323958656323679,100,True
0.0,0.1,20,2,5.243763163976911,0.0714306338068186,0.2301204865001042,0.01362201754219675,100,True
0.0,0.1,20,1,5.917320111225429,0.17330338179683358,0.4524574458400445,0.029287477868244625,100,True
0.0,0.1,20,7,5.775250606052616,0.12940043456214842,0.47585740314563507,0.022406029346420626,100,True
0.0,0.1,20,8,4.9325506212465555,0.19642639479633395,0.18318445988406568,0.03982247925652165,100,True
0.0,0.1,20,6,6.228902376147582,0.4561042631930792,0.36398155230863344,0.07322385801704731,100,True
0.0,0.1,20,10,5.4860754392381565,0.27258899013600235,0.5592692111405548,0.04968743014110947,100,True
0.0,0.1,20,11,4.994696848366843,0.14128160904820708,0.18979557296306515,0.0282863231417945,100,True
0.0,0.1,20,9,6.97518873785851,0.14569091609656593,0.06706423370093947,0.020887021351238058,100,True
0.0,0.1,20,14,4.867317224066862,0.22321292688300742,0.4778243841063093,0.045859539579485846,100,True
0.0,0.1,20,13,5.986060599283551,0.2139454558026993,0.2517201487150194,0.035740609747302865,100,True
0.0,0.1,20,12,6.221598352818859,0.3219143879926998,0.5076172663201117,0.05174142876755263,100,True
0.0,0.1,20,16,6.266068340919407,0.5485850008391345,0.4206867416310187,0.0875485186231853,100,True
0.0,0.1,20,15,6.269686006065045,0.4544778182704605,0.5541725114138008,0.07248813063857054,100,True
0.0,0.1,20,17,6.4266792093687615,0.19805122103168288,0.5268172829349583,0.030817038563705716,100,True
0.0,0.1,20,18,5.314168598603259,0.508999600788155,0.45670865188234216,0.09578160559714592,100,True
0.0,0.1,20,19,7.576821562700056,0.4684676535070185,0.8047049141746548,0.061829046603557154,100,True
0.0,0.1,20,20,4.656593472431402,0.7196114067670906,0.27956998198251426,0.1545360167314222,100,True
0.0,0.1,20,22,7.370892075780464,1.523657105219444,1.3975018821408647,0.20671271395031413,100,True
0.0,0.1,20,21,5.5509571021558255,0.2601600896599592,0.21579201478828602,0.04686760947205317,100,True
0.0,0.1,20,23,5.501805946411716,0.23721703380825973,0.262432633218495,0.04311621240712296,100,True
0.0,0.1,20,25,5.457962048998,0.1486466659295223,0.30014759384839734,0.027234829519712695,100,True
0.0,0.1,20,24,4.759073892050184,0.2100644957737572,0.4497303321883816,0.044139784449377925,100,True
0.0,0.1,20,26,5.0950114313448855,0.2612868000029185,0.2562689710365238,0.05128286825726491,100,True
0.0,0.1,20,27,5.220368528043278,0.27710007898619066,0.16127326920607155,0.053080558871971925,100,True
0.0,0.1,20,28,5.642453725140102,0.2103131009055673,0.2835172016171209,0.03727334084611304,100,True
0.0,0.1,20,29,5.607722779866481,0.5997372923561162,0.6506570133286511,0.10694845588825556,100,True
0.0,0.1,20,30,6.0227996124142305,0.4326872802006908,0.5315265792537576,0.07184155343784529,100,True
0.0,0.1,20,31,6.296016900923108,0.37084674078561863,0.5038362248349083,0.05890180198392509,100,True
0.0,0.1,20,32,3.9961218842122666,0.3296778517902267,0.2753263030946807,0.08249944855103293,100,True
0.0,0.1,20,33,5.590764083672582,0.23387291021797652,0.4712191347906477,0.041832011996532865,100,True
0.0,0.1,20,34,6.070371527601754,0.936174315219819,0.9760776936770221,0.15422026657891846,100,True
0.0,0.1,20,35,5.90495895121807,0.3160357861071445,1.3329080802857507,0.05352040356554094,100,True
0.0,0.1,20,37,5.488652267999635,0.3996861263488434,0.40211596813103007,0.07282044969019523,100,True
0.0,0.1,20,36,5.966094161809076,0.3810092123018296,0.3000395697563731,0.06386242019792353,100,True
0.0,0.1,20,38,4.882318867625766,0.2018672122501951,0.3420836500442404,0.04134658503948997,100,True
0.0,0.1,20,39,4.8735726479597306,0.17850199123166915,0.3945872133299135,0.036626516957000144,100,True
0.0,0.1,20,40,6.705065715295071,0.33706289595283623,0.513804263724243,0.050269887017505996,100,True
0.0,0.1,20,41,5.244458529342657,0.41185958230487546,0.27888377974983897,0.07853233656068173,100,True
0.0,0.1,20,42,5.483641827378713,0.19476566631944298,0.21394858913533363,0.03551757617483649,100,True
0.0,0.1,20,43,6.08271926384478,0.46816133604544774,0.5658017543474173,0.07696579699611703,100,True
0.0,0.1,20,44,5.38137725011428,0.25182065708438417,0.5082847209583841,0.04679483436680386,100,True
0.0,0.1,20,45,5.882049056699928,0.39608254335128873,0.3733781696057878,0.06733751104984959,100,True
0.0,0.1,20,46,6.082631848836959,0.28832856371335286,0.37122519565038264,0.04740194226426563,100,True
0.0,0.1,20,47,5.939976815387634,0.18300462281102958,0.41299072019116184,0.030808979310651904,100,True
0.0,0.1,20,48,5.624789054836847,0.4179047712531557,0.4323075579388946,0.07429696779362645,100,True
0.0,0.1,20,49,7.653926582331057,1.0604307402834807,0.6089675389754976,0.138547284047833,100,True
0.0,0.1,25,4,,,,,0,True
0.0,0.1,25,5,,,,,0,True
0.0,0.1,25,3,,,,,0,True
0.0,0.1,25,0,4.517331787165941,0.03935661828398108,0.12229863419528804,0.008712359449840725,100,True
0.0,0.1,25,1,6.988907107050486,0.2343110635644789,0.463332963533504,0.03352613791762997,61,True
0.0,0.1,25,2,5.169299044808401,0.33903786251238577,0.702573040857365,0.06558681546057704,72,True
0.0,0.1,25,7,4.623293242267437,3.570611593983174e-15,0.0,7.723091326631948e-16,100,True
0.0,0.1,25,8,6.8344296349514,0.0,1.785305796991587e-15,0.0,100,True
0.0,0.1,25,6,5.011391410733605,0.17538889299220803,0.25244342846929224,0.034998043181491044,100,True
0.0,0.1,25,13,6.124747684621752,0.0,0.0,0.0,100,True
0.0,0.1,25,14,,,,,0,True
0.0,0.1,25,11,5.235933628513582,0.1664358405143625,0.232226562697881,0.031787232673843424,100,True
0.0,0.1,25,10,6.004179609328637,0.11982773512400047,0.3978776577019729,0.019957386840631024,100,True
0.0,0.1,25,9,5.405011631029338,0.32925204098179406,0.7802066455959689,0.060916065210962524,100,True
0.0,0.1,25,19,6.586832531240474,0.6124770305306251,1.2100398154323297,0.0929850618830413,100,True
0.0,0.1,25,12,4.818102101397615,0.20496362155688405,0.41580888537807664,0.04254032339776051,100,True
0.0,0.1,25,15,4.752302167962868,0.23899500473529808,0.3880061039237328,0.05029036376231653,100,True
0.0,0.1,25,18,4.572176667528237,0.01820601461281041,0.1447649290070585,0.003981914072155212,100,True
0.0,0.1,25,16,5.675712076505728,0.32239872151659466,0.5619483320596166,0.0568032199609182,100,True
0.0,0.1,25,17,4.973815957237086,0.06140935175081488,0.076970377584141,0.012346526747026496,100,True
0.0,0.1,25,22,6.10812179052131,0.0,8.926528984957934e-16,0.0,100,True
0.0,0.1,25,24,5.667673188158822,0.2826116162358412,0.5543846354086379,0.04986378128264119,100,True
0.0,0.1,25,25,6.263025776469112,0.3148554133684467,0.6484049141200676,0.05027209285189176,100,True
0.0,0.1,25,26,4.930524711031041,0.5652737371190448,1.0895324211141773,0.1146477850226286,100,True
0.0,0.1,25,20,5.013485871526976,0.33209387398611834,0.5811991212252686,0.06624011366466089,100,True
0.0,0.1,25,23,5.505933689593195,0.32427402944798517,0.6464922337909298,0.058895375013487336,100,True
0.0,0.1,25,21,6.2689861238512075,0.5974796573035114,1.2251368733063952,0.09530722281076984,100,True
0.0,0.1,25,32,,,,,0,True
0.0,0.1,25,27,5.875591244993315,0.28395982896883903,0.5248739919989056,0.04832872423023057,100,True
0.0,0.1,25,31,5.937011463113057,0.0,1.7936875604270643e-15,0.0,52,True
0.0,0.1,25,28,5.7085762600290835,0.4435757336358329,0.8905383799641506,0.07770339107873686,100,True
0.0,0.1,25,29,4.47881362034573,0.13451866039533866,0.12872409671606966,0.030034440322380472,100,True
0.0,0.1,25,33,6.8114481945908585,8.970162335908041e-16,8.970162335908041e-16,1.316924401338246e-16,51,True
0.0,0.1,25,34,,,,,0,True
0.0,0.1,25,35,5.272927046007368,0.12580960442029104,0.1999879584810141,0.02385953822660099,100,True
0.0,0.1,25,30,4.9888124526013335,0.1689415431076598,0.29809738817194703,0.03386407982115424,100,True
0.0,0.1,25,39,,,,,0,True
0.0,0.1,25,37,5.188593189783882,0.0,0.0,0.0,50,True
0.0,0.1,25,36,5.6368774200223655,0.18311987245787906,0.260313602120256,0.03248604835851699,100,True
0.0,0.1,25,40,7.140857814312283,0.4668549336367998,0.9045815213187279,0.06537799040068988,100,True
0.0,0.1,25,42,4.899713302887001,0.0,0.0,0.0,49,True
0.0,0.1,25,38,5.496197006720033,0.1557239664651264,0.3410147573640907,0.028333039422482026,69,True
0.0,0.1,25,41,6.2413319921494255,0.21948642704371915,0.39501080190387783,0.03516660022568855,69,True
0.0,0.1,25,44,6.0894636643352875,0.829296163906259,1.6030572930338103,0.13618541954084937,100,True
0.0,0.1,25,46,5.319323540081932,0.5563555401129795,1.1600220472067846,0.10459140827226504,100,True
0.0,0.1,25,48,4.108461882795939,0.821998443421211,1.6314814613296436,0.20007449670235591,100,True
0.0,0.1,25,45,5.7860192497656815,0.11582110413714215,0.16046468188854826,0.020017407329198326,100,True
0.0,0.1,25,43,4.779129846406136,0.2204210568301966,0.3007466255988683,0.0461215878024221,100,True
0.0,0.1,25,47,4.927055791301837,0.18823917994073838,0.38799200843278414,0.038205205687553506,100,True
0.0,0.1,25,49,7.798408710741345,0.3877142531319932,0.9280815648775327,0.049717098386747115,100,True
0.0,0.1,30,3,,,,,0,True
0.0,0.1,30,5,2.7463328315278868,0.0,1.3389793477436902e-15,0.0,100,True
0.0,0.1,30,2,,,,,0,True
0.0,0.1,30,0,4.54214934668315,1.785305796991587e-15,0.0,3.9305308142174694e-16,100,True
0.0,0.1,30,4,4.804874858349441,8.926528984957934e-16,0.0,1.8578067583688023e-16,100,True
0.0,0.1,30,1,,,,,0,True
0.0,0.1,30,7,4.053101030461128,3.570611593983174e-15,8.926528984957934e-16,8.809579546989332e-16,100,True
0.0,0.1,30,6,5.9461361297304345,3.570611593983174e-15,8.926528984957934e-16,6.004927428637672e-16,100,True
0.0,0.1,30,8,6.988316378075964,8.926528984957934e-16,8.926528984957934e-16,1.2773504377910839e-16,100,True
0.0,0.1,30,11,5.662229004734728,0.0,0.0,0.0,100,True
0.0,0.1,30,9,5.252040760776673,3.570611593983174e-15,0.0,6.798522244246922e-16,100,True
0.0,0.1,30,10,7.0047426457076245,5.355917390974761e-15,1.785305796991587e-15,7.646130146204253e-16,100,True
0.0,0.1,30,12,4.737657949095818,1.785305796991587e-15,8.926528984957934e-16,3.7683298713709633e-16,100,True
0.0,0.1,30,13,6.32270124763729,3.570611593983174e-15,8.926528984957934e-16,5.64728816709071e-16,100,True
0.0,0.1,30,17,7.041512501659514,1.785305796991587e-15,8.926528984957934e-16,2.5354010187027764e-16,100,True
0.0,0.1,30,15,9.740102424546313,1.785305796991587e-15,1.785305796991587e-15,1.8329435555958696e-16,100,True
0.0,0.1,30,16,,,,,0,True
0.0,0.1,30,14,4.645886230430592,7.141223187966347e-15,8.926528984957934e-16,1.5371067722647357e-15,100,True
0.0,0.1,30,18,7.34272074468784,0.0,1.785305796991587e-15,0.0,100,True
0.0,0.1,30,19,4.256846505716602,4.463264492478967e-16,1.785305796991587e-15,1.0484908221344514e-16,100,True
0.0,0.1,30,22,6.566939059812017,0.0,8.926528984957934e-16,0.0,100,True
0.0,0.1,30,20,,,,,0,True
0.0,0.1,30,23,,,,,0,True
0.0,0.1,30,24,5.88322255648249,1.785305796991587e-15,0.0,3.0345712402540833e-16,100,True
0.0,0.1,30,21,5.155959726523406,1.794391381352886e-15,0.0,3.480227690922675e-16,50,True
0.0,0.1,30,25,5.684225704418863,1.785305796991587e-15,8.926528984957934e-16,3.140807367314262e-16,100,True
0.0,0.1,30,26,3.8888102619188696,1.3389793477436902e-15,4.463264492478967e-16,3.4431593663893306e-16,100,True
0.0,0.1,30,27,6.585869686936603,0.0,8.926528984957934e-16,0.0,100,True
0.0,0.1,30,28,,,,,0,True
0.0,0.1,30,29,5.193292236601386,1.785305796991587e-15,8.926528984957934e-16,3.437714874601267e-16,100,True
0.0,0.1,30,30,8.997836637080267,7.141223187966347e-15,1.785305796991587e-15,7.936600180689236e-16,100,True
0.0,0.1,30,32,7.660066490213113,3.570611593983174e-15,0.0,4.661332376873186e-16,100,True
0.0,0.1,30,31,8.552959056293188,0.0,1.785305796991587e-15,0.0,100,True
0.0,0.1,30,33,5.334036579671277,0.0,1.785305796991587e-15,0.0,100,True
0.0,0.1,30,34,5.610766563820014,7.141223187966347e-15,8.926528984957934e-16,1.2727713952698012e-15,100,True
0.0,0.1,30,35,8.170397296057585,3.570611593983174e-15,1.785305796991587e-15,4.370181111885563e-16,100,True
0.0,0.1,30,36,3.656596274233877,4.463264492478967e-16,1.785305796991587e-15,1.2206063119216248e-16,100,True
0.0,0.1,30,37,7.532742413708725,0.0,0.0,0.0,100,True
0.0,0.1,30,38,,,,,0,True
0.0,0.1,30,39,4.329257493232597,8.926528984957934e-16,8.926528984957934e-16,2.06190761323661e-16,100,True
0.0,0.1,30,40,3.554356312275408,8.926528984957934e-16,4.463264492478967e-16,2.5114333512734963e-16,100,True
0.0,0.1,30,41,5.477270835017548,3.570611593983174e-15,8.926528984957934e-16,6.518961178905688e-16,100,True
0.0,0.1,30,42,6.36309018890232,0.0,8.926528984957934e-16,0.0,100,True
0.0,0.1,30,43,5.071574310771517,0.0,1.785305796991587e-15,0.0,100,True
0.0,0.1,30,44,4.883042968204973,4.463264492478967e-16,8.926528984957934e-16,9.140334257840213e-17,100,True
0.0,0.1,30,45,6.48059758685065,7.141223187966347e-15,8.926528984957934e-16,1.1019389944001658e-15,100,True
0.0,0.1,30,46,8.425888009429046,0.0,1.785305796991587e-15,0.0,100,True
0.0,0.1,30,48,2.753910029582585,4.463264492478967e-16,4.463264492478967e-16,1.6207009105360903e-16,100,True
0.0,0.1,30,47,,,,,0,True
0.0,0.1,30,49,6.627870345761974,1.785305796991587e-15,8.926528984957934e-16,2.693634159776761e-16,100,True
0.0,0.1,35,2,6.233863139462947,2.6779586954873804e-15,1.785305796991587e-15,4.2958252941659684e-16,100,True
0.0,0.1,35,3,6.166784400391199,0.0,0.0,0.0,100,True
0.0,0.1,35,4,4.899508008335885,0.0,8.926528984957934e-16,0.0,100,True
0.0,0.1,35,5,3.175273317622079,1.785305796991587e-15,1.785305796991587e-15,5.622526373032288e-16,100,True
0.0,0.1,35,1,8.847656277840615,1.785305796991587e-15,1.785305796991587e-15,2.0178290622150094e-16,100,True
0.0,0.1,35,0,8.265232599787495,0.0,0.0,0.0,100,True
0.0,0.1,35,6,5.643435043282071,0.0,2.6779586954873804e-15,0.0,100,True
0.0,0.1,35,10,6.655655940535078,1.785305796991587e-15,8.926528984957934e-16,2.6823889530083763e-16,100,True
0.0,0.1,35,8,6.840286630584679,8.926528984957934e-16,1.785305796991587e-15,1.3049934113937756e-16,100,True
0.0,0.1,35,7,5.795165778480423,0.0,8.926528984957934e-16,0.0,100,True
0.0,0.1,35,11,3.557532607389389,3.570611593983174e-15,1.3389793477436902e-15,1.003676420721097e-15,100,True
0.0,0.1,35,9,5.419065234924401,1.7853057969915867e-14,2.6779586954873804e-15,3.2944903218469797e-15,100,True
0.0,0.1,35,16,6.769409411054441,1.785305796991587e-15,0.0,2.637313964311545e-16,100,True
0.0,0.1,35,13,8.384487718201772,7.141223187966347e-15,3.570611593983174e-15,8.517184863260712e-16,100,True
0.0,0.1,35,14,4.806359608394295,0.0,0.0,0.0,100,True
0.0,0.1,35,15,9.911909427378413,1.785305796991587e-15,1.785305796991587e-15,1.8011724280492943e-16,100,True
0.0,0.1,35,17,7.1738225039939,0.0,0.0,0.0,100,True
0.0,0.1,35,12,3.7229152018406286,2.6779586954873804e-15,4.463264492478967e-16,7.193176718511836e-16,100,True
0.0,0.1,35,20,4.388789154986907,1.785305796991587e-15,8.926528984957934e-16,4.0678777994221343e-16,100,True
0.0,0.1,35,18,8.381701221700382,0.0,0.0,0.0,100,True
0.0,0.1,35,23,3.9843216213233807,1.3389793477436902e-15,4.463264492478967e-16,3.3606206401052334e-16,100,True
0.0,0.1,35,19,4.211823010808826,8.926528984957934e-16,8.926528984957934e-16,2.1193979334007463e-16,100,True
0.0,0.1,35,22,5.700774931933779,7.141223187966347e-15,0.0,1.2526758683216334e-15,100,True
0.0,0.1,35,21,8.83460968985197,7.141223187966347e-15,1.785305796991587e-15,8.083235636509488e-16,100,True
0.0,0.1,35,24,6.1085575706973705,3.570611593983174e-15,0.0,5.845261426545813e-16,100,True
0.0,0.1,35,26,4.570992853059254,4.463264492478967e-16,1.785305796991587e-15,9.764321747936694e-17,100,True
0.0,0.1,35,25,5.604242489665293,5.355917390974761e-15,2.6779586954873804e-15,9.556898012267554e-16,100,True
0.0,0.1,35,28,6.766941706312564,0.0,8.926528984957934e-16,0.0,100,True
0.0,0.1,35,27,6.301468695955771,7.141223187966347e-15,1.785305796991587e-15,1.1332632966263125e-15,100,True
0.0,0.1,35,29,5.301053552369896,8.926528984957934e-16,0.0,1.6839160172164699e-16,100,True
0.0,0.1,35,30,8.878117444941866,7.141223187966347e-15,3.570611593983174e-15,8.043623248118799e-16,100,True
0.0,0.1,35,32,7.2846127104158676,7.141223187966347e-15,3.570611593983174e-15,9.803161090164072e-16,100,True
0.0,0.1,35,31,10.181740645747468,7.141223187966347e-15,1.785305796991587e-15,7.013754756117236e-16,100,True
0.0,0.1,35,33,5.204223193588582,1.785305796991587e-15,1.785305796991587e-15,3.4304942939246344e-16,100,True
0.0,0.1,35,34,5.677457536285949,0.0,0.0,0.0,100,True
0.0,0.1,35,35,8.349183299237666,3.570611593983174e-15,0.0,4.276599837386722e-16,100,True
0.0,0.1,35,36,3.573039818971261,1.3389793477436902e-15,8.926528984957934e-16,3.747451513510435e-16,100,True
0.0,0.1,35,37,7.33785385147235,0.0,2.6779586954873804e-15,0.0,100,True
0.0,0.1,35,39,4.681070532781406,2.6779586954873804e-15,8.926528984957934e-16,5.720825346966491e-16,100,True
0.0,0.1,35,41,5.607222726962432,0.0,1.785305796991587e-15,0.0,100,True
0.0,0.1,35,38,5.149572917882369,1.785305796991587e-15,8.926528984957934e-16,3.466900703147531e-16,100,True
0.0,0.1,35,40,4.312875430646066,1.785305796991587e-15,1.785305796991587e-15,4.139479161177973e-16,100,True
0.0,0.1,35,42,6.207526172902236,0.0,8.926528984957934e-16,0.0,100,True
0.0,0.1,35,43,4.944262923998032,2.6779586954873804e-15,1.785305796991587e-15,5.416295081091537e-16,100,True
0.0,0.1,35,44,5.041993429124445,4.463264492478967e-16,8.926528984957934e-16,8.852182287064234e-17,100,True
0.0,0.1,35,46,8.401026411943398,1.785305796991587e-15,0.0,2.125104373500707e-16,100,True
0.0,0.1,35,45,6.628612096068926,3.570611593983174e-15,1.785305796991587e-15,5.386665477228199e-16,100,True
0.0,0.1,35,47,5.096546003786996,5.355917390974761e-15,1.785305796991587e-15,1.0508916012913528e-15,100,True
0.0,0.1,35,48,3.419731807196106,0.0,4.463264492478967e-16,0.0,100,True
0.0,0.1,35,49,6.622025315375098,0.0,4.463264492478967e-15,0.0,100,True
0.0,0.05,0,1,,,,,0,True
0.0,0.05,0,2,,,,,0,True
0.0,0.05,0,3,,,,,0,True
0.0,0.05,0,0,,,,,0,True
0.0,0.05,0,4,,,,,0,True
0.0,0.05,0,6,,,,,0,True
0.0,0.05,0,5,,,,,0,True
0.0,0.05,0,9,,,,,0,True
0.0,0.05,0,10,,,,,0,True
0.0,0.05,0,7,,,,,0,True
0.0,0.05,0,8,,,,,0,True
0.0,0.05,0,12,,,,,0,True
0.0,0.05,0,11,,,,,0,True
0.0,0.05,0,16,,,,,0,True
0.0,0.05,0,15,,,,,0,True
0.0,0.05,0,13,,,,,0,True
0.0,0.05,0,14,,,,,0,True
0.0,0.05,0,18,,,,,0,True
0.0,0.05,0,19,,,,,0,True
0.0,0.05,0,17,,,,,0,True
0.0,0.05,0,20,,,,,0,True
0.0,0.05,0,23,,,,,0,True
0.0,0.05,0,22,,,,,0,True
0.0,0.05,0,21,,,,,0,True
0.0,0.05,0,26,,,,,0,True
0.0,0.05,0,24,,,,,0,True
0.0,0.05,0,25,,,,,0,True
0.0,0.05,0,29,,,,,0,True
0.0,0.05,0,31,,,,,0,True
0.0,0.05,0,27,,,,,0,True
0.0,0.05,0,28,,,,,0,True
0.0,0.05,0,30,,,,,0,True
0.0,0.05,0,32,,,,,0,True
0.0,0.05,0,33,,,,,0,True
0.0,0.05,0,36,,,,,0,True
0.0,0.05,0,35,,,,,0,True
0.0,0.05,0,34,,,,,0,True
0.0,0.05,0,37,,,,,0,True
0.0,0.05,0,38,,,,,0,True
0.0,0.05,0,41,,,,,0,True
0.0,0.05,0,40,,,,,0,True
0.0,0.05,0,42,,,,,0,True
0.0,0.05,0,39,,,,,0,True
0.0,0.05,0,44,,,,,0,True
0.0,0.05,0,43,,,,,0,True
0.0,0.05,0,45,,,,,0,True
0.0,0.05,0,47,,,,,0,True
0.0,0.05,0,48,,,,,0,True
0.0,0.05,0,46,,,,,0,True
0.0,0.05,0,49,,,,,0,True
0.0,0.05,5,0,,,,,0,True
0.0,0.05,5,4,,,,,0,True
0.0,0.05,5,1,,,,,0,True
0.0,0.05,5,2,,,,,0,True
0.0,0.05,5,5,,,,,0,True
0.0,0.05,5,3,,,,,0,True
0.0,0.05,5,6,,,,,0,True
0.0,0.05,5,8,,,,,0,True
0.0,0.05,5,7,,,,,0,True
0.0,0.05,5,11,,,,,0,True
0.0,0.05,5,9,,,,,0,True
0.0,0.05,5,10,,,,,0,True
0.0,0.05,5,12,,,,,0,True
0.0,0.05,5,13,,,,,0,True
0.0,0.05,5,14,,,,,0,True
0.0,0.05,5,15,,,,,0,True
0.0,0.05,5,17,,,,,0,True
0.0,0.05,5,16,,,,,0,True
0.0,0.05,5,18,,,,,0,True
0.0,0.05,5,19,,,,,0,True
0.0,0.05,5,21,,,,,0,True
0.0,0.05,5,20,,,,,0,True
0.0,0.05,5,23,,,,,0,True
0.0,0.05,5,22,,,,,0,True
0.0,0.05,5,24,,,,,0,True
0.0,0.05,5,28,,,,,0,True
0.0,0.05,5,25,,,,,0,True
0.0,0.05,5,26,,,,,0,True
0.0,0.05,5,27,,,,,0,True
0.0,0.05,5,29,,,,,0,True
0.0,0.05,5,32,,,,,0,True
0.0,0.05,5,30,,,,,0,True
0.0,0.05,5,31,,,,,0,True
0.0,0.05,5,33,,,,,0,True
0.0,0.05,5,34,,,,,0,True
0.0,0.05,5,35,,,,,0,True
0.0,0.05,5,37,,,,,0,True
0.0,0.05,5,36,,,,,0,True
0.0,0.05,5,38,,,,,0,True
0.0,0.05,5,39,,,,,0,True
0.0,0.05,5,40,,,,,0,True
0.0,0.05,5,41,,,,,0,True
0.0,0.05,5,42,,,,,0,True
0.0,0.05,5,44,,,,,0,True
0.0,0.05,5,45,,,,,0,True
0.0,0.05,5,43,,,,,0,True
0.0,0.05,5,46,,,,,0,True
0.0,0.05,5,47,,,,,0,True
0.0,0.05,5,49,,,,,0,True
0.0,0.05,5,48,,,,,0,True
0.0,0.05,10,0,9.240089541320769,1.4636460966643392,1.1606810046523974,0.1584017222039958,50,True
0.0,0.05,10,4,13.026116521234826,1.2708383712108917,2.1300875827562544,0.09756080172776016,24,True
0.0,0.05,10,2,9.931084289417077,0.8161412739418995,1.4473513890899283,0.08218048001179581,24,True
0.0,0.05,10,1,9.156425933160442,0.0,0.0,0.0,9,True
0.0,0.05,10,5,9.639154711144313,0.13660834064328778,0.03716574197884624,0.01417223239350521,17,True
0.0,0.05,10,3,,,,,0,True
0.0,0.05,10,6,9.298766948924047,0.07283101992109434,0.455834075232798,0.007832330923136165,15,True
0.0,0.05,10,7,7.728742869623587,0.3849056687346787,0.6148725573064447,0.04980184684982601,29,True
0.0,0.05,10,9,12.37451329137648,1.1164349402969769,0.618302042274776,0.09022051324434677,29,True
0.0,0.05,10,10,7.910349779990017,0.3221580880021729,0.9706070361730593,0.040726149533501343,30,True
0.0,0.05,10,11,9.715695606329572,0.04007559923672833,0.34538931067503875,0.004124830671992226,53,True
0.0,0.05,10,8,9.734571171808879,0.030517273475291685,0.6286897519838346,0.003134937629678962,14,True
0.0,0.05,10,12,8.157683535910511,0.6004640403518006,0.9130432439070102,0.0736071750894147,26,True
0.0,0.05,10,15,8.164342410852512,1.9186846773327266e-15,0.0,2.350078647831209e-16,7,True
0.0,0.05,10,14,14.042725472104532,3.837369354665453e-15,3.837369354665453e-15,2.7326385909119114e-16,7,True
0.0,0.05,10,13,,,,,0,True
0.0,0.05,10,17,11.372673430374935,0.8515763349290972,0.8845457784188697,0.07487916892563251,52,True
0.0,0.05,10,16,8.730768138748235,0.02767452677279279,0.23973994657167894,0.0031697699827773224,20,True
0.0,0.05,10,18,7.316579280680955,1.8553442084620055e-15,0.0,2.5358082476615064e-16,12,True
0.0,0.05,10,19,9.684337131889674,0.3602075674895919,0.755365365291829,0.03719486037959789,35,True
0.0,0.05,10,21,,,,,0,True
0.0,0.05,10,23,11.29027841639189,0.2202471623214228,2.039222161687394,0.019507682113636366,43,True
0.0,0.05,10,20,,,,,0,True
0.0,0.05,10,22,,,,,0,True
0.0,0.05,10,24,,,,,0,True
0.0,0.05,10,28,7.43128878892393,0.21822602537755958,0.3469870058729277,0.02936583835939974,41,True
0.0,0.05,10,25,12.509666645316614,9.362222582871203e-16,0.0,7.483990459790746e-17,10,True
0.0,0.05,10,26,7.326552107251612,4.864753555590494e-16,9.729507111180987e-16,6.639894843272184e-17,6,True
0.0,0.05,10,27,9.604804900125357,0.13450346596000878,0.14382488321807427,0.014003768671891847,14,True
0.0,0.05,10,29,13.157598974905275,0.12858568256327255,0.16626367919041352,0.009772731545361473,21,True
0.0,0.05,10,30,10.740980419781895,0.4900502603586262,1.2276906772772203,0.04562435096298007,52,True
0.0,0.05,10,31,7.174348881761677,0.5130887628901685,0.9091720231224201,0.0715171190230964,36,True
0.0,0.05,10,32,,,,,0,True
0.0,0.05,10,33,11.494916286503878,0.771428999539045,1.3410019077399595,0.06711044955105726,29,True
0.0,0.05,10,34,7.903155277352735,0.40868608564989883,0.772881004708776,0.051711762113674876,20,True
0.0,0.05,10,35,8.544497492189178,0.4183278009929295,0.5032157716905695,0.04895873647049899,43,True
0.0,0.05,10,37,8.669505085548385,0.7880791023014206,1.3668857539674448,0.09090243266770874,27,True
0.0,0.05,10,38,10.57025360153217,0.45548004364180417,0.8745326444478897,0.0430907394289747,58,True
0.0,0.05,10,36,10.012798306658913,0.8752889356072776,1.4317092044795416,0.08741701458474153,32,True
0.0,0.05,10,40,7.515704055728702,0.43790763449689835,0.9337253027004108,0.058265683593955724,31,True
0.0,0.05,10,39,11.407591913721888,0.9199144781845144,1.865233914443536,0.08064054930628908,24,True
0.0,0.05,10,41,,,,,0,True
0.0,0.05,10,42,8.46667800202875,0.20647538105824148,0.4179702621997299,0.024386823380878157,43,True
0.0,0.05,10,44,11.029408903101167,0.0,1.8630587706705477e-15,0.0,11,True
0.0,0.05,10,43,8.891788472373614,0.3802197058013753,0.23086073913983557,0.042760768205710335,23,True
0.0,0.05,10,45,8.352906043818702,0.1689929733176914,0.23531367640482567,0.020231638238376832,33,True
0.0,0.05,10,46,14.325071638300376,2.9714432698179523,2.7510748106385936,0.20742955741130972,32,True
0.0,0.05,10,47,11.709068996379678,0.39456419876703847,1.4405718878436546,0.033697316062364445,19,True
0.0,0.05,10,49,8.155022775681257,0.0,3.697781635498623e-15,0.0,13,True
0.0,0.05,10,48,5.795586077131742,0.0,0.0,0.0,8,True
0.0,0.05,15,0,7.8914306661124956,0.7969234898244834,0.5564617921942533,0.1009859331650273,100,True
0.0,0.05,15,5,9.045755601253019,0.4924454515434509,1.1596959796872972,0.05443939381639244,100,True
0.0,0.05,15,4,10.560575901067066,1.0154152877322922,1.6968154071707837,0.09615150700537953,100,True
0.0,0.05,15,1,8.398009790514458,0.30364841753560595,0.37928454263347866,0.036157187846884445,100,True
0.0,0.05,15,2,8.948798153888125,0.437193617405089,0.6064761371588456,0.04885500934168848,100,True
0.0,0.05,15,3,9.405706405736492,0.5462033599973836,0.5618761797668613,0.058071487290338654,100,True
0.0,0.05,15,6,7.918391565536594,0.46157321299151116,0.9158475384239908,0.05829128417953305,100,True
0.0,0.05,15,11,6.790342310893741,0.6705509896849621,0.3232754344845973,0.09875069016906521,100,True
0.0,0.05,15,8,7.729372102935701,0.3824794332154227,0.6415641181789986,0.049483894438223874,100,True
0.0,0.05,15,9,9.205154020326955,1.0247716845304318,1.811001953499815,0.1113258596507474,100,True
0.0,0.05,15,10,7.567541083745028,0.4356060316481925,0.43533999190219785,0.0575624270588855,100,True
0.0,0.05,15,7,9.747604389323268,1.1858436366033036,2.0970758162737884,0.12165487941859644,82,True
0.0,0.05,15,13,8.689044452365648,0.5307388338783683,1.0978174030922077,0.061081380903037184,94,True
0.0,0.05,15,12,9.760754952336368,1.2003494343884646,0.8891161178806123,0.12297710989057714,100,True
0.0,0.05,15,14,9.15374630343549,0.8741965123795441,1.4302327487216886,0.09550150106863346,100,True
0.0,0.05,15,15,8.974319517414648,0.5143480249759886,0.856365621895816,0.057313317625687095,88,True
0.0,0.05,15,16,7.103903281165953,0.35830994329480575,0.46758795671843306,0.05043846025392352,100,True
0.0,0.05,15,17,8.858791083423084,0.8278304780885817,1.2958516627087835,0.09344734177529601,100,True
0.0,0.05,15,18,6.663337863136284,0.20664048448151406,0.31417741563415336,0.031011557379480234,100,True
0.0,0.05,15,19,8.751962896354682,0.6165192986479733,1.3389081961471787,0.07044354574500795,100,True
0.0,0.05,15,21,7.142296638006627,0.32396689116584076,0.34919817835427364,0.04535892410879451,100,True
0.0,0.05,15,22,7.067509078513361,0.1567088453063171,0.42786754678954836,0.022173136753760002,100,True
0.0,0.05,15,20,10.952077288078524,0.800263508027481,2.0393466925974164,0.07306956360676692,100,True
0.0,0.05,15,23,7.217629945354555,0.6230383374675837,1.072776374465024,0.0863217347224329,77,True
0.0,0.05,15,25,10.777744539869152,0.5808252580826174,1.7122454913448788,0.05389116952382961,100,True
0.0,0.05,15,27,7.424965296364105,0.4763107854559496,0.9419898064790079,0.06414990056440963,100,True
0.0,0.05,15,26,6.18524018188266,0.19253369725702021,0.28356052842305524,0.031127925770930515,76,True
0.0,0.05,15,28,10.162821759264343,0.7904070045386319,1.823546077941742,0.07777436456740998,100,True
0.0,0.05,15,24,8.87928611181846,0.5269374738746532,1.2928062481146678,0.05934457649396967,100,True
0.0,0.05,15,29,10.995981238960962,0.599601592236442,1.4444822128485397,0.05452915744453379,100,True
0.0,0.05,15,31,6.967858857411183,0.540471324077054,0.9761663046247637,0.07756634213424052,100,True
0.0,0.05,15,34,7.210405463560577,0.26959915565893666,0.5962644974933662,0.037390290604518324,100,True
0.0,0.05,15,30,9.86665110919742,0.6716969482999677,1.4383359199401204,0.06807750075137757,100,True
0.0,0.05,15,33,7.95862893602729,0.2655273395234722,0.4261426393060851,0.03336345263208307,100,True
0.0,0.05,15,32,8.954115458138755,0.5797206283165207,1.2804163903236658,0.06474348371168136,100,True
0.0,0.05,15,35,6.876782100172732,0.46873303025568225,0.49152570459890094,0.06816168135440973,100,True
0.0,0.05,15,36,7.367288447173503,1.0780217569303554,0.8343861564191782,0.14632544451872845,100,True
0.0,0.05,15,38,9.20778060890526,0.5099184484139366,1.60531715679983,0.05537908319848232,100,True
0.0,0.05,15,37,8.033133397106413,0.5085295298148408,0.9696950926204417,0.06330400662810062,100,True
0.0,0.05,15,39,9.738803482793585,0.8617414168932105,1.8841926474014359,0.08848534816579122,100,True
0.0,0.05,15,40,7.484295211196103,0.30349134754709484,0.4226292139999517,0.04055042445320544,77,True
0.0,0.05,15,41,6.550448418674936,0.4674451189156692,0.5847294795486737,0.0713607815890911,100,True
0.0,0.05,15,42,7.249031131463954,0.21078293394582429,0.45705915967315797,0.029077393947300696,100,True
0.0,0.05,15,45,8.292654907569778,0.7861571704216479,0.7720268998165363,0.0948016261600396,100,True
0.0,0.05,15,43,7.6860148767579926,0.603797085576315,0.7913562408510674,0.0785578866627175,100,True
0.0,0.05,15,44,8.566012582225456,0.7087944277973768,1.395915454763075,0.0827449669252332,100,True
0.0,0.05,15,46,9.682877712919193,0.4944938167972855,1.0396493983474866,0.051068889999252666,100,True
0.0,0.05,15,47,8.937129416888064,0.6930880482526038,1.1653513988492155,0.07755152867574108,100,True
0.0,0.05,15,49,7.035596323404973,0.20513110513758454,0.7233262868652314,0.029156178909126005,100,True
0.0,0.05,15,48,7.62801991672783,0.6543954386633472,0.5990256378647254,0.0857883757262214,100,True
0.0,0.05,20,0,7.873601969425205,0.2232652279252779,0.3663319602209551,0.02835617406013945,100,True
0.0,0.05,20,4,7.22263401664019,0.3465977287725646,0.5494025727669446,0.047987718604326324,85,True
0.0,0.05,20,5,7.585310578670858,0.7346316163682513,0.9001879474266014,0.09684924681053438,100,True
0.0,0.05,20,3,8.364498709206421,0.455222555939368,0.7328414097212761,0.054423172477547924,100,True
0.0,0.05,20,2,6.956984492930044,0.2154560203410751,0.5061416829122051,0.03096974279014562,100,True
0.0,0.05,20,1,7.491725875701215,0.45777907194307665,0.6814473148499568,0.061104621223241055,100,True
0.0,0.05,20,8,7.145642017464806,0.6505098824425283,0.859818342292912,0.09103589024647528,70,True
0.0,0.05,20,11,4.747783678610003,0.05475360726938265,0.13286710544450114,0.011532456189202945,70,True
0.0,0.05,20,6,7.992465512378136,0.4289122368513776,0.8488898133947076,0.053664571487622964,88,True
0.0,0.05,20,9,8.242105260664134,0.711408276776962,0.7164649016771504,0.08631390333877366,100,True
0.0,0.05,20,10,6.4354553538721255,0.337650347271993,0.5254676475658056,0.052467203749433734,100,True
0.0,0.05,20,7,6.515591049846024,0.8752288439248749,0.49910970506433344,0.13432838820440676,100,True
0.0,0.05,20,12,11.387746757550298,2.0122464793804147,4.136545441025321,0.1767027773116096,100,True
0.0,0.05,20,13,8.008747230475477,0.6550328137649156,1.4659941515517338,0.08178967258104193,100,True
0.0,0.05,20,16,10.739769540454931,1.0770267752750697,1.372535492454024,0.10028397455067248,100,True
0.0,0.05,20,15,8.931183055376414,0.6360492956635828,0.8644078299708369,0.07121669007564373,100,True
0.0,0.05,20,14,6.576357556682861,0.21215209385789227,0.4788356065521127,0.03225981738816868,93,True
0.0,0.05,20,17,7.998203990188215,0.240259907403887,0.4170861582074292,0.030039232269972793,100,True
0.0,0.05,20,18,7.232426472022426,0.6270990100008136,1.1790842611382624,0.08670658629253315,100,True
0.0,0.05,20,22,8.060583612238418,0.16047188832240836,0.4710940252725437,0.01990822203974948,100,True
0.0,0.05,20,19,6.055754885800928,0.4139160719615913,0.7162003958199825,0.06835086290102496,100,True
0.0,0.05,20,20,9.927676260857243,0.658475618589544,1.7437282210266867,0.06632726544335213,100,True
0.0,0.05,20,21,7.794372175420248,0.46344127860996626,0.8284659263787556,0.05945844876017599,94,True
0.0,0.05,20,23,8.274828186197947,0.3864598941837168,0.6754217418119466,0.04670307171190757,100,True
0.0,0.05,20,24,7.789988881552748,0.30957091996353775,0.6255395718001555,0.03973958431399355,100,True
0.0,0.05,20,28,7.123863457585622,0.644865539743335,1.3521984611840518,0.09052188374787985,77,True
0.0,0.05,20,27,5.694847054479979,0.17204336708125822,0.12746755680983873,0.030210357791069464,87,True
0.0,0.05,20,25,9.56252389842767,0.6954821819825174,1.069299958174563,0.0727299810562432,100,True
0.0,0.05,20,26,7.542111265951966,0.49912766526341307,0.9377504144023221,0.06617877245018516,86,True
0.0,0.05,20,29,8.64653278383925,1.076615598329998,1.3206164086507406,0.12451414055148671,88,True
0.0,0.05,20,31,7.8552559256162695,0.3904758883995288,0.7952572990349095,0.04970886908040424,73,True
0.0,0.05,20,33,8.626941664594371,0.518154337565789,1.0375403100155778,0.0600623439581531,100,True
0.0,0.05,20,30,7.154137926030252,0.5293061417657081,1.0590950938058583,0.07398601302329293,100,True
0.0,0.05,20,32,7.955791800517049,0.402991860156152,0.6359774958921821,0.05065389721862273,100,True
0.0,0.05,20,34,7.9626647577589384,0.703324944776374,0.8761455652311659,0.08832783574004466,84,True
0.0,0.05,20,35,6.916082421318828,0.5407674828083543,1.013399270092437,0.07818985516156346,93,True
0.0,0.05,20,36,,,,,0,True
0.0,0.05,20,38,7.092464616146224,0.41863453058381667,0.7261835034364812,0.0590252547232709,86,True
0.0,0.05,20,42,6.945060305812245,0.07563726321986249,0.11976112329796842,0.010890800063544804,65,True
0.0,0.05,20,37,8.315149785897837,0.760864255235037,1.497637822026854,0.0915033733397602,100,True
0.0,0.05,20,39,6.385287976848197,0.41117657303293437,0.43405191072396604,0.06439436631891625,100,True
0.0,0.05,20,41,6.382754644999064,0.2143141012600153,0.33081535865240935,0.033577054607281824,100,True
0.0,0.05,20,40,7.158190581146427,0.567637287962217,0.4202570227770089,0.07929899064957649,100,True
0.0,0.05,20,43,7.361846366786499,0.3156199003567219,0.9545167090738385,0.042872383452697935,100,True
0.0,0.05,20,45,6.620440147195153,0.4639840213834534,0.9553079060707985,0.07008356107260136,86,True
0.0,0.05,20,44,5.7301717632623586,0.22942423506717707,0.440233313026154,0.04003793333702077,100,True
0.0,0.05,20,48,6.110022037252767,0.3632150780941558,0.2670503230343929,0.059445788555202536,100,True
0.0,0.05,20,46,8.24316331701472,0.3567662040460945,0.8812103968951276,0.043280254233188986,100,True
0.0,0.05,20,47,6.970818212286527,0.9738521503693462,1.7972342522071694,0.13970413812439803,100,True
0.0,0.05,20,49,7.272963368022036,0.5212574295208628,1.192933749878796,0.07167056991002344,100,True
0.0,0.05,25,0,,,,,0,True
0.0,0.05,25,2,,,,,0,True
0.0,0.05,25,4,7.415741109006875,3.5873751208541285e-15,0.0,4.837513969435962e-16,52,True
0.0,0.05,25,3,7.022815468828587,0.5003673716658035,0.9473508557385358,0.0712488280358113,65,True
0.0,0.05,25,1,8.054195437414831,3.604580855635876e-15,1.802290427817938e-15,4.475407734571741e-16,35,True
0.0,0.05,25,5,6.377476086950689,0.5865210186271742,1.0946663515743849,0.09196757629986065,55,True
0.0,0.05,25,9,,,,,0,True
0.0,0.05,25,6,6.457824451834221,0.13261648972492057,0.3063889128367547,0.020535784258931565,47,True
0.0,0.05,25,8,7.042158935895171,0.3526012075979795,0.7192251178220518,0.050070043974825215,100,True
0.0,0.05,25,10,5.4756947351318495,0.034185479743468514,0.026049516311684104,0.006243131035800037,100,True
0.0,0.05,25,7,5.69398612937271,0.3401032681970777,0.7518001538270876,0.059730259341981555,79,True
0.0,0.05,25,11,,,,,0,True
0.0,0.05,25,12,5.036890667506912,0.0035396182461796544,0.07154057925249957,0.000702738748929733,100,True
0.0,0.05,25,18,,,,,0,True
0.0,0.05,25,16,,,,,0,True
0.0,0.05,25,14,5.429187227431159,0.0006671947007485253,0.006588398971225465,0.00012289034671294824,61,True
0.0,0.05,25,17,4.958688774784835,0.10528409201260636,0.1564079814210495,0.021232244408639016,100,True
0.0,0.05,25,15,7.495386661674142,0.16322381400595265,0.2936158102888172,0.021776570225597352,74,True
0.0,0.05,25,19,6.5149158448251425,0.21441977721881958,0.37754233818431715,0.03291213306909178,60,True
0.0,0.05,25,20,10.280701244229798,0.04417625087239162,0.22461731071242758,0.004297007550646044,68,True
0.0,0.05,25,23,7.728163036233688,0.0,0.0,0.0,49,True
0.0,0.05,25,22,6.593300974072101,3.588782762705772e-15,8.97195690676443e-16,5.443074382344322e-16,50,True
0.0,0.05,25,13,7.20383189229186,0.2133534330044541,0.5031050215917224,0.029616659049573807,100,True
0.0,0.05,25,27,,,,,0,True
0.0,0.05,25,21,7.45067529519846,0.886253143451408,1.8499242870720196,0.11894937147811933,62,True
0.0,0.05,25,28,,,,,0,True
0.0,0.05,25,25,8.017858886885469,0.14279730621210335,0.23552045464093088,0.017809905141342897,100,True
0.0,0.05,25,24,6.864147837465787,0.3181368695914549,0.7685616810970163,0.0463476132980419,56,True
0.0,0.05,25,26,6.739592042931881,0.2779390796057373,0.6992436474099925,0.04123974831640214,73,True
0.0,0.05,25,29,,,,,0,True
0.0,0.05,25,31,,,,,0,True
0.0,0.05,25,33,,,,,0,True
0.0,0.05,25,30,5.409487394816304,0.4965209946998484,1.0987309145311297,0.09178706935811418,79,True
0.0,0.05,25,34,4.620851189297817,1.794765173957993e-15,0.0,3.8840575046320094e-16,49,True
0.0,0.05,25,35,8.08625397392983,0.0,1.7936875604270643e-15,0.0,52,True
0.0,0.05,25,32,5.619377537726002,0.0,9.038996122241149e-16,0.0,29,True
0.0,0.05,25,38,,,,,0,True
0.0,0.05,25,36,4.893637466510617,0.0,8.966779283803593e-16,0.0,53,True
0.0,0.05,25,39,6.772760806124768,0.01802572294709012,0.009779784417890776,0.0026615029620991534,100,True
0.0,0.05,25,41,7.431317782208648,0.0,0.0,0.0,51,True
0.0,0.05,25,42,,,,,0,True
0.0,0.05,25,37,9.322175657975349,0.9422424398380023,1.883411172039631,0.10107537922565221,100,True
0.0,0.05,25,43,6.353263933586665,0.0,0.0,0.0,48,True
0.0,0.05,25,45,,,,,0,True
0.0,0.05,25,40,8.99629072316092,0.1767094327519185,0.44028276283970763,0.019642476904062324,56,True
0.0,0.05,25,48,,,,,0,True
0.0,0.05,25,44,6.345150994736071,0.2898897600646531,0.6586336252132168,0.04568681821837578,72,True
0.0,0.05,25,47,,,,,0,True
0.0,0.05,25,46,6.955910978169498,0.14819449895342818,0.3339260513357155,0.02130482972230716,50,True
0.0,0.05,25,49,7.104953252823754,1.799578175825466e-15,0.0,2.5328501283386367e-16,39,True
0.0,0.05,30,0,,,,,0,True
0.0,0.05,30,4,,,,,0,True
0.0,0.05,30,2,,,,,0,True
0.0,0.05,30,1,,,,,0,True
0.0,0.05,30,3,,,,,0,True
0.0,0.05,30,5,,,,,0,True
0.0,0.05,30,10,,,,,0,True
0.0,0.05,30,8,,,,,0,True
0.0,0.05,30,9,,,,,0,True
0.0,0.05,30,11,,,,,0,True
0.0,0.05,30,7,,,,,0,True
0.0,0.05,30,6,,,,,0,True
0.0,0.05,30,12,,,,,0,True
0.0,0.05,30,14,,,,,0,True
0.0,0.05,30,16,,,,,0,True
0.0,0.05,30,17,,,,,0,True
0.0,0.05,30,15,,,,,0,True
0.0,0.05,30,13,4.211879559244588,0.2918210687460806,0.5775878326644917,0.06928523587659745,100,True
0.0,0.05,30,18,,,,,0,True
0.0,0.05,30,19,,,,,0,True
0.0,0.05,30,20,,,,,0,True
0.0,0.05,30,22,,,,,0,True
0.0,0.05,30,21,,,,,0,True
0.0,0.05,30,23,,,,,0,True
0.0,0.05,30,24,,,,,0,True
0.0,0.05,30,25,,,,,0,True
0.0,0.05,30,26,,,,,0,True
0.0,0.05,30,28,,,,,0,True
0.0,0.05,30,27,,,,,0,True
0.0,0.05,30,29,,,,,0,True
0.0,0.05,30,30,,,,,0,True
0.0,0.05,30,31,,,,,0,True
0.0,0.05,30,32,,,,,0,True
0.0,0.05,30,33,,,,,0,True
0.0,0.05,30,34,,,,,0,True
0.0,0.05,30,35,,,,,0,True
0.0,0.05,30,37,,,,,0,True
0.0,0.05,30,36,,,,,0,True
0.0,0.05,30,40,,,,,0,True
0.0,0.05,30,39,,,,,0,True
0.0,0.05,30,38,,,,,0,True
0.0,0.05,30,41,,,,,0,True
0.0,0.05,30,42,,,,,0,True
0.0,0.05,30,45,,,,,0,True
0.0,0.05,30,43,,,,,0,True
0.0,0.05,30,44,,,,,0,True
0.0,0.05,30,46,,,,,0,True
0.0,0.05,30,47,,,,,0,True
0.0,0.05,30,48,,,,,0,True
0.0,0.05,30,49,,,,,0,True
0.0,0.05,35,2,,,,,0,True
0.0,0.05,35,0,,,,,0,True
0.0,0.05,35,1,,,,,0,True
0.0,0.05,35,4,,,,,0,True
0.0,0.05,35,3,,,,,0,True
0.0,0.05,35,5,,,,,0,True
0.0,0.05,35,6,,,,,0,True
0.0,0.05,35,8,,,,,0,True
0.0,0.05,35,7,,,,,0,True
0.0,0.05,35,11,,,,,0,True
0.0,0.05,35,9,,,,,0,True
0.0,0.05,35,10,,,,,0,True
0.0,0.05,35,12,,,,,0,True
0.0,0.05,35,14,,,,,0,True
0.0,0.05,35,13,,,,,0,True
0.0,0.05,35,15,,,,,0,True
0.0,0.05,35,17,,,,,0,True
0.0,0.05,35,16,,,,,0,True
0.0,0.05,35,19,,,,,0,True
0.0,0.05,35,20,,,,,0,True
0.0,0.05,35,21,,,,,0,True
0.0,0.05,35,18,,,,,0,True
0.0,0.05,35,22,,,,,0,True
0.0,0.05,35,23,,,,,0,True
0.0,0.05,35,25,,,,,0,True
0.0,0.05,35,26,,,,,0,True
0.0,0.05,35,28,,,,,0,True
0.0,0.05,35,24,,,,,0,True
0.0,0.05,35,27,,,,,0,True
0.0,0.05,35,29,,,,,0,True
0.0,0.05,35,30,,,,,0,True
0.0,0.05,35,31,,,,,0,True
0.0,0.05,35,32,,,,,0,True
0.0,0.05,35,33,,,,,0,True
0.0,0.05,35,35,,,,,0,True
0.0,0.05,35,34,,,,,0,True
0.0,0.05,35,36,,,,,0,True
0.0,0.05,35,37,,,,,0,True
0.0,0.05,35,38,,,,,0,True
0.0,0.05,35,39,,,,,0,True
0.0,0.05,35,40,,,,,0,True
0.0,0.05,35,41,,,,,0,True
0.0,0.05,35,42,,,,,0,True
0.0,0.05,35,44,,,,,0,True
0.0,0.05,35,43,,,,,0,True
0.0,0.05,35,46,,,,,0,True
0.0,0.05,35,45,,,,,0,True
0.0,0.05,35,47,,,,,0,True
0.0,0.05,35,48,,,,,0,True
0.0,0.05,35,49,,,,,0,True
5.0,0.1,0,0,45.991181451689734,7.141223187966347e-15,7.141223187966347e-15,1.5527374950060075e-16,100,True
5.0,0.1,0,2,44.06107405938476,2.1423669563899043e-14,7.141223187966347e-15,4.862266756145025e-16,100,True
5.0,0.1,0,3,36.39302411529228,7.141223187966347e-15,0.0,1.9622505580583558e-16,100,True
5.0,0.1,0,4,63.923806637047484,1.4282446375932695e-14,7.141223187966347e-15,2.234292218707639e-16,100,True
5.0,0.1,0,1,85.12186303077888,2.856489275186539e-14,0.0,3.3557645162837567e-16,100,True
5.0,0.1,0,5,35.063402737102,3.570611593983174e-15,7.141223187966347e-15,1.0183300293912905e-16,100,True
5.0,0.1,0,7,11.642723340637561,3.570611593983174e-15,1.785305796991587e-15,3.0668182086920955e-16,100,True
5.0,0.1,0,6,28.14368722422569,0.0,3.570611593983174e-15,0.0,100,True
5.0,0.1,0,8,31.359821764640007,7.141223187966347e-15,3.570611593983174e-15,2.2771887039289507e-16,100,True
5.0,0.1,0,11,43.99137874092723,3.570611593983174e-15,1.4282446375932695e-14,8.116616701220294e-17,100,True
5.0,0.1,0,9,43.12401129825228,7.141223187966347e-15,7.141223187966347e-15,1.6559737772482602e-16,100,True
5.0,0.1,0,10,29.013859369200347,1.4282446375932695e-14,7.141223187966347e-15,4.922628938876784e-16,100,True
5.0,0.1,0,12,30.36624243039814,1.4282446375932695e-14,1.4282446375932695e-14,4.7033960190067e-16,100,True
5.0,0.1,0,15,26.009268808009747,1.0711834781949522e-14,3.570611593983174e-15,4.1184682510762213e-16,100,True
5.0,0.1,0,14,26.910587298743746,3.570611593983174e-15,3.570611593983174e-15,1.326842686242622e-16,100,True
5.0,0.1,0,13,38.10341675131836,7.141223187966347e-15,1.4282446375932695e-14,1.8741687220790413e-16,100,True
5.0,0.1,0,17,36.792821913922815,0.0,7.141223187966347e-15,0.0,100,True
5.0,0.1,0,19,41.09840969315616,0.0,1.4282446375932695e-14,0.0,100,True
5.0,0.1,0,16,50.3559360072769,0.0,7.141223187966347e-15,0.0,100,True
5.0,0.1,0,18,38.54066374612962,1.4282446375932695e-14,7.141223187966347e-15,3.705812248074473e-16,100,True
5.0,0.1,0,21,53.998713982713205,3.570611593983174e-15,1.4282446375932695e-14,6.612401167787525e-17,100,True
5.0,0.1,0,22,26.318053028817307,1.4282446375932695e-14,1.0711834781949522e-14,5.426862830732173e-16,100,True
5.0,0.1,0,20,42.4724853435546,0.0,0.0,0.0,100,True
5.0,0.1,0,23,36.70488604889396,0.0,7.141223187966347e-15,0.0,100,True
5.0,0.1,0,26,22.999808901705336,3.570611593983174e-15,0.0,1.5524527222130217e-16,100,True
5.0,0.1,0,25,20.87786834132096,3.570611593983174e-15,3.570611593983174e-15,1.7102376236927924e-16,100,True
5.0,0.1,0,24,31.88754630998783,0.0,1.0711834781949522e-14,0.0,100,True
5.0,0.1,0,28,39.12321516976498,7.141223187966347e-15,7.141223187966347e-15,1.8253160321765153e-16,100,True
5.0,0.1,0,27,30.242719319365037,1.785305796991587e-15,7.141223187966347e-15,5.903258163191756e-17,100,True
5.0,0.1,0,29,26.678850234367637,7.141223187966347e-15,7.141223187966347e-15,2.6767357383216757e-16,100,True
5.0,0.1,0,31,28.35813008956013,3.570611593983174e-15,3.570611593983174e-15,1.2591139058557574e-16,100,True
5.0,0.1,0,32,39.92053983399343,1.785305796991587e-15,0.0,4.472148433903066e-17,100,True
5.0,0.1,0,30,53.518288926077986,3.570611593983174e-15,2.1423669563899043e-14,6.671759627657515e-17,100,True
5.0,0.1,0,33,59.07566943970373,7.141223187966347e-15,7.141223187966347e-15,1.208826451853435e-16,100,True
5.0,0.1,0,34,49.30158724607335,7.141223187966347e-15,1.4282446375932695e-14,1.448477338533378e-16,100,True
5.0,0.1,0,35,59.5386580639407,2.1423669563899043e-14,7.141223187966347e-15,3.5982788763716167e-16,100,True
5.0,0.1,0,36,26.084659303856483,7.141223187966347e-15,7.141223187966347e-15,2.737709971512089e-16,100,True
5.0,0.1,0,38,46.10957810309105,0.0,1.4282446375932695e-14,0.0,100,True
5.0,0.1,0,37,46.46391918701641,3.570611593983174e-15,7.141223187966347e-15,7.684697409212358e-17,100,True
5.0,0.1,0,42,64.34345806803842,7.141223187966347e-15,2.856489275186539e-14,1.1098600234409278e-16,100,True
5.0,0.1,0,40,19.92765392499347,0.0,3.570611593983174e-15,0.0,100,True
5.0,0.1,0,41,39.83113908711552,0.0,1.4282446375932695e-14,0.0,100,True
5.0,0.1,0,39,46.52494212095757,7.141223187966347e-15,7.141223187966347e-15,1.534923604934378e-16,100,True
5.0,0.1,0,43,41.81248399644375,3.570611593983174e-15,7.141223187966347e-15,8.539582566505406e-17,100,True
5.0,0.1,0,45,28.547586316706564,3.570611593983174e-15,7.141223187966347e-15,1.2507577888970554e-16,100,True
5.0,0.1,0,46,37.422592952789564,0.0,7.141223187966347e-15,0.0,100,True
5.0,0.1,0,44,35.03931815827356,0.0,7.141223187966347e-15,0.0,100,True
5.0,0.1,0,47,35.88021562698315,3.570611593983174e-15,7.141223187966347e-15,9.951477524839486e-17,100,True
5.0,0.1,0,48,27.116216705875424,7.141223187966347e-15,7.141223187966347e-15,2.6335617779669897e-16,100,True
5.0,0.1,0,49,31.73672984658157,3.570611593983174e-15,3.570611593983174e-15,1.125072309353817e-16,100,True
5.0,0.1,5,2,36.38777850041058,1.0666160941899332,5.300203866914094,0.02931248177675639,100,True
5.0,0.1,5,1,28.3368753223156,1.6122246158401619,2.349100178854819,0.05689493275112508,100,True
5.0,0.1,5,3,24.869665816348657,0.7093806934792072,2.222002918711623,0.02852393348256731,100,True
5.0,0.1,5,0,27.369834038369184,7.449824122959679,12.231397713544546,0.27219105941657995,100,True
5.0,0.1,5,4,35.725774941505364,3.0325094967989585,1.385153844544292,0.08488295920142128,100,True
5.0,0.1,5,5,37.25061306359296,1.5747796116230417,3.805263071212987,0.04227526695828153,100,True
5.0,0.1,5,6,23.461374723253314,2.617461896949595,6.970676531512432,0.11156472831727739,100,True
5.0,0.1,5,7,15.676662785498156,0.30417075122761744,0.9517224983917503,0.019402774390796584,100,True
5.0,0.1,5,9,38.45724353410743,3.85689699864749,4.763197352328018,0.1002905212181117,100,True
5.0,0.1,5,8,25.14531452328821,1.6618793994989345,2.4282737432554358,0.06609101659713952,100,True
5.0,0.1,5,10,34.04463835340343,1.635654751916356,4.379335448149096,0.04804441553871992,100,True
5.0,0.1,5,11,26.99010419497389,1.8075920551294467,4.519214937869629,0.06697240003490085,100,True
5.0,0.1,5,12,24.83382350527922,2.2548810036156524,2.35469152819774,0.09079878509792524,100,True
5.0,0.1,5,13,38.74788798380553,6.152632257880495,4.246279705921256,0.1587862610847836,100,True
5.0,0.1,5,16,31.3641709765464,2.5276757655984246,2.1335557738077715,0.08059118691479453,100,True
5.0,0.1,5,15,23.046974438003275,4.930240201632757,4.490409501364228,0.2139213637302016,100,True
5.0,0.1,5,14,22.576477970401793,3.2537352750314756,2.4135566075273256,0.1441205877771186,100,True
5.0,0.1,5,17,28.232578732080224,6.9603981174727,6.937438843580398,0.24653780951166573,100,True
5.0,0.1,5,18,41.44626506253586,1.7610692400572179,5.425082525083831,0.04249042072669378,100,True
5.0,0.1,5,21,27.14627538380795,2.1521354337930494,3.246071748908837,0.07927921614899489,100,True
5.0,0.1,5,19,38.73259890809103,6.858340638602523,3.973440498989592,0.17706895049507904,100,True
5.0,0.1,5,20,32.38194082463484,2.0295300298319905,4.273111151200244,0.06267474951001109,100,True
5.0,0.1,5,22,28.317777865925173,2.3074240755678064,4.024644169154641,0.08148323242355586,100,True
5.0,0.1,5,23,38.15760865308066,2.0642183129557403,7.401687623254609,0.054097161374107375,100,True
5.0,0.1,5,24,37.26644942264201,9.748050872678645,13.742983431700049,0.2615771296622643,100,True
5.0,0.1,5,26,23.027966612197893,2.249969090866273,4.266676517918332,0.0977059385553593,100,True
5.0,0.1,5,25,24.723252834022375,2.655109146776523,3.238158233290254,0.10739319638080759,100,True
5.0,0.1,5,27,34.25517567545088,3.6124231235458564,4.821571443463567,0.10545627200314478,100,True
5.0,0.1,5,28,38.72748999666455,2.6154706749312746,5.86804458568787,0.06753524886731711,100,True
5.0,0.1,5,29,22.798658693426436,1.185355970144799,1.2646696548569356,0.05199235560671708,100,True
5.0,0.1,5,30,44.58134057368904,2.2502015250300853,1.9364827596740093,0.050474065967368115,100,True
5.0,0.1,5,31,29.40860642666948,7.529252525408469,5.919242352978658,0.25602207789691434,100,True
5.0,0.1,5,33,31.15063001757475,0.6854528636736757,2.4226990483884756,0.022004462294565243,100,True
5.0,0.1,5,32,31.022375010082687,3.109309425068928,2.484985098792021,0.1002279620454063,100,True
5.0,0.1,5,35,29.79571829311164,0.8049908429077605,3.1844930635925093,0.02701699737488333,100,True
5.0,0.1,5,34,40.89915317572411,3.2630174732768,5.34446050288716,0.07978203018671741,100,True
5.0,0.1,5,36,23.596116950956525,2.360851190593893,1.3549305315139115,0.10005252963870355,100,True
5.0,0.1,5,39,23.852622703556435,3.0850246460828266,1.50317435073267,0.1293369154588962,100,True
5.0,0.1,5,37,43.81674953500946,5.285973336252898,7.529405644315995,0.12063818955875356,100,True
5.0,0.1,5,38,20.951007984989786,2.0103870068945677,1.041431800310781,0.09595657680694392,100,True
5.0,0.1,5,41,28.100057430224822,2.949703629900395,2.3465490019710846,0.10497144488849519,100,True
5.0,0.1,5,40,19.66301389519522,3.62617680993463,2.9681097930887272,0.1844161240622786,100,True
5.0,0.1,5,42,36.506831981340156,2.408514960063139,2.6197263245760603,0.06597436231372282,100,True
5.0,0.1,5,43,23.1504927331876,1.3632134934715943,1.9438279434259762,0.058884858701834325,100,True
5.0,0.1,5,44,34.32640848759881,2.2962467992000253,4.379144762951508,0.06689446698245743,100,True
5.0,0.1,5,45,21.81193668669466,0.9557826428070278,1.8941160839427376,0.043819247072638796,100,True
5.0,0.1,5,47,24.363125454222335,1.173707493546396,1.9838257832812427,0.0481755715518422,100,True
5.0,0.1,5,46,27.29468267795583,2.1480944649859453,6.310397023179815,0.07870010764846971,100,True
5.0,0.1,5,48,21.5218774237195,0.7453787191309538,1.6153799329635286,0.03463353612029514,100,True
5.0,0.1,5,49,33.552720050826586,3.220237396376841,2.1935177978877882,0.0959754497250517,100,True
5.0,0.1,10,2,27.876679829219157,0.8377912126682944,4.3575613659339805,0.030053479029814627,100,True
5.0,0.1,10,4,27.679093960071835,2.9216269263535484,1.968592426847884,0.10555356076929788,100,True
5.0,0.1,10,0,20.563380095252647,1.976445259270335,5.042001241280703,0.09611480457566536,100,True
5.0,0.1,10,1,22.89941413736912,1.3543184979179195,2.021362226259527,0.05914205882271166,100,True
5.0,0.1,10,3,18.604879699804197,0.5283140669294506,1.5116548107909549,0.028396532278303886,100,True
5.0,0.1,10,5,28.813885488100333,1.22726098417753,2.9951707701848287,0.042592693188996285,100,True
5.0,0.1,10,6,17.1028485662198,1.7758535121026515,4.97691798080314,0.10383378565429022,100,True
5.0,0.1,10,8,19.39689166300435,1.0226386609591498,1.579132198637935,0.052721780310276536,100,True
5.0,0.1,10,7,12.74589610516939,0.2184436425359036,0.7101944287499964,0.017138351100108903,100,True
5.0,0.1,10,9,27.53641880868116,1.388855260277775,2.962037413774398,0.05043703285918658,100,True
5.0,0.1,10,10,26.582022961882167,1.4923257866703374,3.1632706011401677,0.05614041447523721,100,True
5.0,0.1,10,11,22.16683293231967,1.3573120330998643,3.4721959827321234,0.061231662513271216,100,True
5.0,0.1,10,12,20.35083307750539,1.5880011423028482,1.662379848285466,0.07803125976489537,100,True
5.0,0.1,10,13,29.853195477648924,4.995120035266637,3.595648544325034,0.1673227925970766,100,True
5.0,0.1,10,15,17.943940294840452,4.163741002470766,3.8874575032687044,0.2320416215198841,100,True
5.0,0.1,10,16,24.275046629470275,1.842717924343873,1.5855276590840808,0.07590996435437473,100,True
5.0,0.1,10,14,18.787770228758262,2.7757809497757617,2.2223940017843864,0.14774403327154279,100,True
5.0,0.1,10,17,22.406789242919658,5.5188842406857805,5.53604188363968,0.24630410813676476,100,True
5.0,0.1,10,18,33.21150778541182,1.42437888607886,4.249258763912694,0.04288811261693212,100,True
5.0,0.1,10,21,20.689957628221123,1.5766681864042442,2.4339268625516204,0.07620451499879667,100,True
5.0,0.1,10,19,29.812132381623698,5.444480547097726,3.0917009216646463,0.18262633740529485,100,True
5.0,0.1,10,20,25.6130386615495,1.6079584198095895,3.113338913466952,0.06277890105337129,100,True
5.0,0.1,10,22,20.477186091542052,1.693087747850002,2.1995129475181203,0.08268166047234972,100,True
5.0,0.1,10,23,30.502102527539574,1.677210688647282,6.032711663478161,0.054986723853969445,100,True
5.0,0.1,10,24,27.482664925296994,6.976694597515044,9.261269513393255,0.25385800891139926,100,True
5.0,0.1,10,26,17.288684627301908,1.599693730424991,3.0288265308589875,0.09252836551248034,100,True
5.0,0.1,10,27,26.373996557187546,3.0070895498733186,4.148453652976603,0.114017211739334,100,True
5.0,0.1,10,25,18.919407247516748,2.312838076946492,2.9115565006561357,0.12224685724496268,100,True
5.0,0.1,10,29,20.746158227019077,1.4223136488424948,1.6522956815006453,0.06855792929363293,100,True
5.0,0.1,10,28,30.6829905189914,2.089133733452253,4.555102167301827,0.06808768304899004,100,True
5.0,0.1,10,30,35.05834885032589,2.1566688809808503,1.3919944862877467,0.06151655601888971,100,True
5.0,0.1,10,31,23.714021832676234,6.031125165178213,4.743468769206779,0.2543273851956968,100,True
5.0,0.1,10,33,23.492307710388094,0.5618065774862253,2.084784461452173,0.02391449083726242,100,True
5.0,0.1,10,32,23.865958876808776,2.567134669082832,2.1205581782911826,0.10756469841978103,100,True
5.0,0.1,10,34,32.04926741669014,2.811465898106841,4.5542027217623415,0.08772325000610552,100,True
5.0,0.1,10,35,21.800166401144367,1.1025207889217754,2.9517730551879624,0.05057396208057844,100,True
5.0,0.1,10,36,18.669619224771978,1.878619866546289,1.0155704158459085,0.10062443394954851,100,True
5.0,0.1,10,37,33.64886503764621,4.27380043248403,6.096827234368442,0.12701172618162665,100,True
5.0,0.1,10,39,18.511134916695422,2.632271770435961,1.427754690218595,0.1421993725550497,100,True
5.0,0.1,10,38,16.631863969691906,1.5038420695698007,1.0656901125804692,0.09041933437588465,100,True
5.0,0.1,10,41,22.70718948861946,2.4084595471478507,1.7443621512639305,0.10606594657409886,100,True
5.0,0.1,10,40,16.014156219763414,3.20482374252445,2.9396936410451864,0.20012442107747822,100,True
5.0,0.1,10,42,28.738638249913553,2.0858566432175265,2.24872942466951,0.07258021848769403,100,True
5.0,0.1,10,44,26.75262675334326,1.7170402225051975,3.7131272547161194,0.0641821170809188,100,True
5.0,0.1,10,43,17.914086507046115,1.1600020606707198,1.5749991966438406,0.0647536261597519,100,True
5.0,0.1,10,45,15.795423201726102,1.0253418942594172,1.4374065220769876,0.06491386024702202,100,True
5.0,0.1,10,47,18.99243889187154,0.8819757086006673,1.306027316526646,0.04643825438228151,100,True
5.0,0.1,10,46,21.31995932245089,1.8732898515913459,4.896078367258012,0.0878655452976726,100,True
5.0,0.1,10,48,16.064883930091035,0.886547502958146,1.5851522560185838,0.05518542846721471,100,True
5.0,0.1,10,49,26.4649810468668,1.718015783321247,2.993808309105304,0.06491656957089126,100,True
5.0,0.1,15,2,17.077252863981315,0.31046046004562106,1.8023910424164833,0.018179765944699004,100,True
5.0,0.1,15,1,17.743752223474992,1.8329448654899683,2.701800331818675,0.1033008600663946,100,True
5.0,0.1,15,5,23.521327356984,1.4708965751238183,2.8994140611574553,0.06253459053564325,100,True
5.0,0.1,15,4,25.99999410062682,2.7939014211900943,2.7477527882885315,0.10745777135090724,100,True
5.0,0.1,15,0,15.287946116081091,0.7056234429672785,1.4048447273005433,0.04615554225593764,100,True
5.0,0.1,15,3,20.782436672671253,2.8725904671643137,4.046225387961832,0.13822202431833935,100,True
5.0,0.1,15,7,11.985291131927927,0.25506732726278436,0.5323389268593056,0.021281696410636528,100,True
5.0,0.1,15,8,17.07639406034723,2.390020250798116,4.303142433024924,0.13996047657086672,100,True
5.0,0.1,15,6,14.460307961216722,0.6659005164826267,1.7644235696494854,0.04605023062223886,100,True
5.0,0.1,15,10,22.174019756167112,1.609219287882175,2.958685547699327,0.07257228529502927,100,True
5.0,0.1,15,9,24.719958590811302,3.308239794711932,3.395753635105589,0.13382869484019458,100,True
5.0,0.1,15,11,19.410225615958602,0.9756200225657173,1.1896073570662142,0.05026319847429218,100,True
5.0,0.1,15,12,17.408690477743267,1.3916298018316193,1.583811865223112,0.07993879859089895,100,True
5.0,0.1,15,16,22.237610978388762,3.455710361424568,2.6412487228568424,0.1553993531401795,100,True
5.0,0.1,15,14,15.343765950538115,2.409113369378223,1.6907709813677927,0.15700926207713264,100,True
5.0,0.1,15,15,11.366256189337728,0.8690371475461748,0.7921647767949841,0.07645764208283348,100,True
5.0,0.1,15,13,19.51695288025542,2.151999212694984,1.9920275570576604,0.11026307364158684,100,True
5.0,0.1,15,17,16.546298944235417,1.71441819197732,1.2292676462080332,0.10361339401368716,100,True
5.0,0.1,15,18,26.580345927077786,1.2331015834420906,4.957215854381358,0.046391479886118116,100,True
5.0,0.1,15,19,23.683989234423297,5.024222396319664,5.026599187949368,0.21213581658858593,100,True
5.0,0.1,15,21,17.27538066050631,1.5071437410283628,1.6871118008406991,0.08724228835512045,100,True
5.0,0.1,15,22,16.745038438218213,1.8557195733011,1.9676235359968517,0.11082205515071732,100,True
5.0,0.1,15,20,19.36336753118755,1.1262874910267084,2.314874143012156,0.0581658892345382,100,True
5.0,0.1,15,23,20.583199309232032,0.8884730731279636,2.6591095544454704,0.043164964774424705,100,True
5.0,0.1,15,24,23.76366061276318,5.734796490959417,7.129662979551768,0.24132630845095165,100,True
5.0,0.1,15,25,15.60476147666036,1.8412069028187668,2.2288588486829575,0.1179900702469956,100,True
5.0,0.1,15,26,12.674149696918128,1.2871268071162878,1.7119659978781065,0.10155527888622526,100,True
5.0,0.1,15,28,25.40665529431396,1.8011469025043132,4.136862170417142,0.07089272010186291,100,True
5.0,0.1,15,27,37.19577474815711,3.830562223108781,10.018966955657044,0.10298379988169404,100,True
5.0,0.1,15,29,16.380554634870162,1.1629696944546786,1.3938455274930723,0.07099696685355225,100,True
5.0,0.1,15,31,20.204285740841268,4.243604007698973,3.062506871189517,0.21003484419748053,100,True
5.0,0.1,15,30,30.10206240237584,1.3589056426174368,4.59659166395869,0.04514327372167642,100,True
5.0,0.1,15,34,15.027685559731605,1.4749879046182461,0.9781547454038271,0.09815136860267054,100,True
5.0,0.1,15,33,18.878955830265866,0.5442139964184898,1.805449182177112,0.028826488144330056,100,True
5.0,0.1,15,32,21.319175808315478,3.0716903086802056,2.445004937215557,0.14408110033419314,100,True
5.0,0.1,15,35,12.282391970197386,1.4228645875748502,1.7411116083680236,0.11584588661779892,100,True
5.0,0.1,15,37,27.36018335828661,3.1309820932059518,3.866281351120509,0.11443571310196164,100,True
5.0,0.1,15,36,13.995738173017418,2.1377781324575738,1.5000294906465186,0.15274493606768283,100,True
5.0,0.1,15,39,16.03467848098071,3.062599072021095,2.2378864153023055,0.19099847094868477,100,True
5.0,0.1,15,38,12.533430798135617,0.9890209579453297,0.6796462946792716,0.07891063300021965,100,True
5.0,0.1,15,40,12.97041639826191,2.6572579051012073,2.3493894214183193,0.20487067057132344,100,True
5.0,0.1,15,41,24.425850972753555,3.7543587756980616,6.178923259977558,0.15370431842419566,100,True
5.0,0.1,15,42,27.53964308910254,2.9754454560686376,5.639617134469031,0.10804226643176883,100,True
5.0,0.1,15,43,23.77375154263065,0.7602330287556833,3.710068898560446,0.03197783182820127,100,True
5.0,0.1,15,44,21.713438108099567,1.2836027205445693,3.207503653371278,0.05911559073022888,100,True
5.0,0.1,15,45,17.75498263615927,1.8845528732536725,1.9620227052528982,0.10614219748182958,100,True
5.0,0.1,15,47,15.172456041337268,0.8498538715057858,1.1498302298124259,0.056012940106095144,100,True
5.0,0.1,15,46,19.420878791586638,2.307056713225536,3.8753241560241922,0.11879260140509096,100,True
5.0,0.1,15,48,18.126754254220742,2.3838813748073426,4.528472415022324,0.13151176108939996,100,True
5.0,0.1,15,49,22.385534326405054,1.5232864677911482,2.394820939736347,0.0680478046929772,100,True
5.0,0.1,20,1,12.519128522571828,1.2822964840019044,1.5153365946552237,0.10242697658147214,100,True
5.0,0.1,20,2,14.510258758348682,0.7362640880605784,1.3910405329087794,0.0507409344190336,100,True
5.0,0.1,20,0,14.968637337285955,2.0786382612553664,2.050567073564049,0.13886623173624538,100,True
5.0,0.1,20,3,13.66158561317108,2.4034361737967758,2.0681688182383167,0.17592659021070237,100,True
5.0,0.1,20,4,17.46270375351129,1.1794508210299215,1.1719264863490262,0.06754113439007205,100,True
5.0,0.1,20,5,13.515357077018187,0.5123079745733458,2.374269840479417,0.03790561889367212,100,True
5.0,0.1,20,6,25.330485105208243,4.49121061905184,7.675280484142743,0.17730456406175948,100,True
5.0,0.1,20,7,11.554641663967734,1.9929060753411831,3.2520696854840097,0.1724766663734721,100,True
5.0,0.1,20,8,12.43259147588016,0.7864381377069127,2.2854957191079555,0.06325617142915388,100,True
5.0,0.1,20,10,19.01156067975804,3.926759142365537,3.2551625410356744,0.20654585956987895,100,True
5.0,0.1,20,9,15.28395898195793,0.8264236825767285,1.1037595272447773,0.05407130989767028,100,True
5.0,0.1,20,11,16.474073436899445,0.7803046710790078,0.7906624260226256,0.047365618107009455,100,True
5.0,0.1,20,12,15.057069194800222,0.7998595119355031,1.5621194516668093,0.05312185934642081,100,True
5.0,0.1,20,13,14.601340459822852,1.2694959932817222,1.483435576445042,0.08694379785026424,100,True
5.0,0.1,20,15,11.704189289343967,1.4496609912232883,1.2173460895906023,0.12385830025349355,100,True
5.0,0.1,20,14,14.399874391780745,0.8631973004097769,2.727339579061947,0.05994477985880754,100,True
5.0,0.1,20,16,24.409412756257847,1.047848004346458,3.1361161404262323,0.042928030051760296,100,True
5.0,0.1,20,17,15.92174521929498,4.175616824473675,3.8483012196625013,0.2622587390365598,100,True
5.0,0.1,20,19,14.197960338549866,1.154641347630576,1.5054777527967231,0.08132445225216817,100,True
5.0,0.1,20,18,17.617307293322668,1.6341300934771774,1.801229867556366,0.0927570863282011,100,True
5.0,0.1,20,22,13.116145835081443,0.2948933282209345,1.2778566780703968,0.02248323035812779,100,True
5.0,0.1,20,20,19.7026733425525,1.478602764554638,6.577792808613296,0.07504579398173607,100,True
5.0,0.1,20,23,14.95334275433937,0.44057605094480257,1.3122620121922661,0.02946338208003358,100,True
5.0,0.1,20,21,13.18762930474134,1.6779630406491426,1.0278811684740017,0.1272376559785363,100,True
5.0,0.1,20,24,14.836769225755184,0.3737496435944315,0.9599971387585787,0.025190770167513196,100,True
5.0,0.1,20,25,16.173696794849526,1.1769228322560439,3.9676247417922172,0.0727677071719826,100,True
5.0,0.1,20,27,17.818487008385613,3.4590491803118297,1.9081585131036654,0.19412698612873,100,True
5.0,0.1,20,28,16.466998223834125,1.5629689698906404,2.294498544712241,0.09491523279746389,100,True
5.0,0.1,20,26,12.032851127310483,0.9900267250358218,1.0192408844029173,0.08227698610754001,100,True
5.0,0.1,20,29,17.621574220656935,1.0258176822920435,2.0129714180550913,0.05821373672106583,100,True
5.0,0.1,20,30,32.532671658174756,4.989876242736548,14.392597359935758,0.15338046303623207,100,True
5.0,0.1,20,34,12.822511191452827,1.080186598094021,1.354973601674382,0.08424142369351544,100,True
5.0,0.1,20,32,16.56761253471516,1.531310926975383,1.1957493954518148,0.09242797800628974,100,True
5.0,0.1,20,33,23.949018986098473,4.28552850819178,6.739506024488449,0.1789438018600834,100,True
5.0,0.1,20,31,17.947674212248533,4.320234950525813,4.172726484387659,0.24071280208426304,100,True
5.0,0.1,20,35,18.892222218854453,1.2392460314780698,4.322602496693644,0.06559556716632844,100,True
5.0,0.1,20,36,12.64796144871993,1.3357783617209795,0.8242485024494406,0.105612146837795,100,True
5.0,0.1,20,37,16.137456145987976,0.7570023582393465,0.940657752600813,0.046909646191512604,100,True
5.0,0.1,20,38,13.952226568143901,1.294188139465684,1.080633306837884,0.09275853808313357,100,True
5.0,0.1,20,39,13.820984017731227,1.5844590674571175,1.0482321104017622,0.11464155268715903,100,True
5.0,0.1,20,40,12.322397505318904,0.7645222481028591,2.960039066819768,0.06204330348642435,100,True
5.0,0.1,20,41,13.897330457968046,1.5034893379613117,1.9753321199659195,0.10818547795985414,100,True
5.0,0.1,20,42,14.346991039195345,1.0163253649119885,2.0133500260504196,0.070838921006881,100,True
5.0,0.1,20,43,12.84371229125514,0.550257672570231,0.6925980814288292,0.04284257231025669,100,True
5.0,0.1,20,45,13.112979063955468,1.7267132431655248,1.2157039473986795,0.13167970716218547,100,True
5.0,0.1,20,44,12.356259932806008,0.8796613068487723,0.49344208595438355,0.0711915508116871,100,True
5.0,0.1,20,47,20.470063598276575,3.1784307765844564,6.830169909354996,0.15527214956244964,100,True
5.0,0.1,20,46,14.814082873301006,0.9541158693462874,1.115059776337114,0.06440600322723068,100,True
5.0,0.1,20,48,14.994301069679514,0.7609767071851931,2.2621323036453287,0.0507510622635149,100,True
5.0,0.1,20,49,26.14697498967254,3.6165160917560777,6.132049789825401,0.1383148946746046,100,True
5.0,0.1,25,4,,,,,0,True
5.0,0.1,25,2,9.063916121194085,7.20343788209521e-15,1.8008594705238024e-15,7.947379240692074e-16,37,True
5.0,0.1,25,1,7.885539000241528,7.162499980128492e-15,8.953124975160615e-16,9.083082310428127e-16,63,True
5.0,0.1,25,7,5.983027578296206,4.463264492478967e-16,8.926528984957934e-16,7.459876181533457e-17,100,True
5.0,0.1,25,3,6.20339952459165,0.3549013254060655,0.7614449789204205,0.05721077999235065,100,True
5.0,0.1,25,0,9.050330429481281,0.8647666670403914,1.543404180654965,0.09555083914101414,72,True
5.0,0.1,25,5,9.738762279830308,0.3113937144003178,0.488146195372271,0.03197467044094886,100,True
5.0,0.1,25,8,7.025484309421899,0.8806709956378079,1.780386019247493,0.12535377731279498,100,True
5.0,0.1,25,6,5.5882247196007055,0.1085188427911681,0.14854772352388723,0.019419198088176038,61,True
5.0,0.1,25,13,7.983673635595502,0.2717275590592165,0.5156887550227666,0.03403540418382199,100,True
5.0,0.1,25,11,9.683913474472732,1.3432769370336148,0.9048072068884884,0.1387121994196415,100,True
5.0,0.1,25,9,9.686429057644977,1.2761008178521371,2.034726450396232,0.13174109986847832,100,True
5.0,0.1,25,14,8.274503658425154,0.5752106483860848,0.7574479141672994,0.0695160304630963,100,True
5.0,0.1,25,12,9.921051635936907,0.8513101984823811,1.53417400396803,0.08580846363088065,100,True
5.0,0.1,25,10,12.54033544021266,1.2578628520451354,1.6690552421351597,0.10030535929777365,100,True
5.0,0.1,25,15,7.67186922108793,0.14106170790610548,0.3241713467323832,0.018386875980414826,100,True
5.0,0.1,25,17,7.491172854210978,0.0,0.0,0.0,40,True
5.0,0.1,25,16,14.191700329615987,1.0083785200645212,3.552865429060036,0.07105410180908231,100,True
5.0,0.1,25,18,9.592147967569005,0.6019659286036554,1.1174288691982406,0.06275611371289294,80,True
5.0,0.1,25,19,8.309612051260325,0.5445854985801135,1.2390009711864716,0.06553681389945465,100,True
5.0,0.1,25,22,,,,,0,True
5.0,0.1,25,23,7.185074378373556,1.0746591856228473e-14,8.955493213523727e-16,1.4956827571019686e-15,61,True
5.0,0.1,25,20,10.219045180607793,0.7273115195196393,1.0538065296209091,0.07117216008593685,100,True
5.0,0.1,25,24,8.78461192881935,1.521226699814323,2.914883099853969,0.17316948228796436,100,True
5.0,0.1,25,21,11.166462833438093,1.1872806200923232,0.48655348744608734,0.10632557845775464,100,True
5.0,0.1,25,25,7.622382585032415,0.18127172955188448,0.28835498261877424,0.023781504999215882,100,True
5.0,0.1,25,27,,,,,0,True
5.0,0.1,25,29,6.07537021082921,0.007732063194524128,0.019971340546658004,0.0012726900462365076,100,True
5.0,0.1,25,30,7.334710990150811,0.9415681022013238,1.8221235964847395,0.1283715341293855,100,True
5.0,0.1,25,28,8.315857626405364,0.20090256142551177,0.4512460737913562,0.02415897078223001,100,True
5.0,0.1,25,26,9.622099975299694,1.36646608878437,1.046445504118041,0.14201329151558825,100,True
5.0,0.1,25,33,6.411046787720455,0.7520676450159505,1.790131998240933,0.11730808866602571,100,True
5.0,0.1,25,31,6.268688111887268,0.6685075936319846,0.4375930301338806,0.10664234393226527,100,True
5.0,0.1,25,34,7.277779465152894,0.009814900990561145,0.03711912950833098,0.001348612037168256,100,True
5.0,0.1,25,37,4.274219348636735,1.785305796991587e-15,8.926528984957934e-16,4.176916651600979e-16,100,True
5.0,0.1,25,32,9.995225512897136,0.17363429087791454,0.6197851384450672,0.017371723194626182,100,True
5.0,0.1,25,36,7.396601602868839,1.6761849898728265,2.5298742194842916,0.2266155566933202,100,True
5.0,0.1,25,35,8.299873719328833,0.7807050687462654,1.0308189559230965,0.09406228277041749,100,True
5.0,0.1,25,42,,,,,0,True
5.0,0.1,25,41,7.484118522720621,0.5145969500771682,1.0626148206082726,0.06875852493716285,100,True
5.0,0.1,25,38,6.649248012799559,0.335632474497219,0.41475986983134006,0.05047675674770121,100,True
5.0,0.1,25,43,6.6328147930781025,0.03712059798530666,0.24362394695659184,0.005596507537651302,100,True
5.0,0.1,25,39,10.132028363372985,0.6451231947461853,1.3484310471756376,0.06367167279932699,100,True
5.0,0.1,25,46,5.0110918973172645,2.2316322462394835e-16,8.926528984957934e-16,4.4533851942212616e-17,100,True
5.0,0.1,25,45,7.700417606458097,0.0,0.0,0.0,57,True
5.0,0.1,25,44,8.594994744519225,0.8362047404909931,1.1774605819082127,0.09728973261143833,100,True
5.0,0.1,25,47,6.60973739219026,0.3468997464480551,0.8117204637965196,0.05248313599537778,100,True
5.0,0.1,25,40,8.866436402809578,0.847447196995316,1.4781760325068456,0.09557923369605163,100,True
5.0,0.1,25,49,5.66520982057537,0.6000041078633096,1.175755255851532,0.1059103063904475,100,True
5.0,0.1,25,48,5.780464797636598,0.2243848108818345,0.4053351865840963,0.03881778001201158,100,True
5.0,0.1,30,1,9.002926485098142,3.570611593983174e-15,1.785305796991587e-15,3.966056592701645e-16,100,True
5.0,0.1,30,4,7.512624467514574,0.0,2.6779586954873804e-15,0.0,100,True
5.0,0.1,30,3,5.6643380866434505,1.3389793477436902e-15,8.926528984957934e-16,2.3638761091980247e-16,100,True
5.0,0.1,30,0,,,,,0,True
5.0,0.1,30,5,7.454459852008322,0.0,0.0,0.0,100,True
5.0,0.1,30,2,4.278570532228664,0.0,8.926528984957934e-16,0.0,100,True
5.0,0.1,30,7,6.0123276306591125,4.463264492478967e-16,8.926528984957934e-16,7.423521748414222e-17,100,True
5.0,0.1,30,8,3.467790924405483,0.0,1.3389793477436902e-15,0.0,100,True
5.0,0.1,30,6,,,,,0,True
5.0,0.1,30,11,7.979681345062492,0.0,0.0,0.0,100,True
5.0,0.1,30,9,,,,,0,True
5.0,0.1,30,10,5.4560177494131645,0.07659116751998844,0.29505106158681427,0.014037924918449247,100,True
5.0,0.1,30,13,10.24501305447262,7.141223187966347e-15,1.785305796991587e-15,6.970438348879151e-16,100,True
5.0,0.1,30,12,,,,,0,True
5.0,0.1,30,15,6.4159131194888275,3.570611593983174e-15,2.6779586954873804e-15,5.565243056576261e-16,100,True
5.0,0.1,30,14,4.678360798223507,1.785305796991587e-15,8.926528984957934e-16,3.8160925888176747e-16,100,True
5.0,0.1,30,16,,,,,0,True
5.0,0.1,30,17,4.9189556927619265,7.141223187966347e-15,0.0,1.451776278138551e-15,100,True
5.0,0.1,30,18,,,,,0,True
5.0,0.1,30,19,7.296762927348226,1.785305796991587e-15,8.926528984957934e-16,2.4467093350398857e-16,100,True
5.0,0.1,30,21,8.485194025220618,0.0,1.785305796991587e-15,0.0,100,True
5.0,0.1,30,22,6.411563951583189,1.785305796991587e-15,8.926528984957934e-16,2.784509069040396e-16,100,True
5.0,0.1,30,23,,,,,0,True
5.0,0.1,30,24,7.088739285387319,3.570611593983174e-15,8.926528984957934e-16,5.037019207835178e-16,100,True
5.0,0.1,30,25,6.865369843053834,4.463264492478967e-16,0.0,6.501127535022397e-17,100,True
5.0,0.1,30,27,3.261035109592784,1.6737241846796128e-16,4.463264492478967e-16,5.1324936053467274e-17,100,True
5.0,0.1,30,20,6.647483190711381,0.047626370071177794,0.044890493474238825,0.0071645717190720794,100,True
5.0,0.1,30,26,5.284006462711405,0.0,0.0,0.0,41,True
5.0,0.1,30,28,3.8382080321259906,2.6779586954873804e-15,1.785305796991587e-15,6.977106694250895e-16,100,True
5.0,0.1,30,29,5.55211045311819,3.570611593983174e-15,8.926528984957934e-16,6.431088905981397e-16,100,True
5.0,0.1,30,30,3.118961426964765,4.463264492478967e-16,4.463264492478967e-16,1.4310098399717684e-16,100,True
5.0,0.1,30,31,4.618573197270045,0.0,0.0,0.0,100,True
5.0,0.1,30,32,3.664746075295311,8.926528984957934e-16,1.3389793477436902e-15,2.435783762791429e-16,100,True
5.0,0.1,30,34,7.333167274526686,0.0,8.926528984957934e-16,0.0,100,True
5.0,0.1,30,33,6.319757682661073,1.785305796991587e-15,8.926528984957934e-16,2.82495925736166e-16,100,True
5.0,0.1,30,35,7.191041396353525,7.141223187966347e-15,8.926528984957934e-16,9.930721844526664e-16,100,True
5.0,0.1,30,36,3.6213363853809164,0.0,1.3389793477436902e-15,0.0,100,True
5.0,0.1,30,37,3.957423629611774,2.6779586954873804e-15,1.785305796991587e-15,6.766924509798032e-16,100,True
5.0,0.1,30,38,4.454880258699805,1.785305796991587e-15,8.926528984957934e-16,4.0075281339046445e-16,100,True
5.0,0.1,30,40,,,,,0,True
5.0,0.1,30,41,5.642999155425741,0.0,0.0,0.0,100,True
5.0,0.1,30,43,8.644295650923496,7.141223187966347e-15,0.0,8.261197298594743e-16,100,True
5.0,0.1,30,42,,,,,0,True
5.0,0.1,30,44,7.9988709125577495,3.570611593983174e-15,8.926528984957934e-16,4.463894508383085e-16,100,True
5.0,0.1,30,45,7.2046949879356585,2.2316322462394834e-15,1.785305796991587e-15,3.0974694278888645e-16,100,True
5.0,0.1,30,46,4.728834293193465,4.463264492478967e-16,1.785305796991587e-15,9.43840324221817e-17,100,True
5.0,0.1,30,47,3.992910028265485,0.0,4.463264492478967e-16,0.0,100,True
5.0,0.1,30,39,8.457066335599539,0.7891621990570897,2.065688554724095,0.09331394218053564,100,True
5.0,0.1,30,48,4.964773978977692,5.355917390974761e-15,8.926528984957934e-16,1.0787837298642969e-15,100,True
5.0,0.1,30,49,4.159226189421652,5.355917390974761e-15,0.0,1.2877196735769523e-15,100,True
5.0,0.1,35,0,8.218824664744856,3.570611593983174e-15,1.785305796991587e-15,4.3444309127307793e-16,100,True
5.0,0.1,35,5,7.480678158424113,1.785305796991587e-15,0.0,2.3865560837971956e-16,100,True
5.0,0.1,35,1,9.169730634644665,7.141223187966347e-15,0.0,7.787822208196278e-16,100,True
5.0,0.1,35,2,4.41452933779967,3.570611593983174e-15,8.926528984957934e-16,8.088317736184466e-16,100,True
5.0,0.1,35,3,5.90703726383684,1.3389793477436902e-15,8.926528984957934e-16,2.2667528372319315e-16,100,True
5.0,0.1,35,4,6.39736801624993,1.0711834781949522e-14,1.785305796991587e-15,1.6744127826850717e-15,100,True
5.0,0.1,35,6,6.4173826419013995,0.0,1.785305796991587e-15,0.0,100,True
5.0,0.1,35,7,6.02032558656951,0.0,0.0,0.0,100,True
5.0,0.1,35,10,6.609353811385397,3.570611593983174e-15,0.0,5.402361101976976e-16,100,True
5.0,0.1,35,8,6.185246706837996,1.785305796991587e-15,8.926528984957934e-16,2.886393836187442e-16,100,True
5.0,0.1,35,9,8.239234304460778,1.0711834781949522e-14,1.785305796991587e-15,1.3001007601094754e-15,100,True
5.0,0.1,35,11,7.868796145700814,1.4282446375932695e-14,2.6779586954873804e-15,1.8150738831550537e-15,100,True
5.0,0.1,35,13,10.235088585575308,7.141223187966347e-15,3.570611593983174e-15,6.977197244810112e-16,100,True
5.0,0.1,35,12,8.640795294373065,1.4282446375932695e-14,1.785305796991587e-15,1.6529087762596926e-15,100,True
5.0,0.1,35,14,8.10111403312194,3.570611593983174e-15,1.785305796991587e-15,4.40755626866193e-16,100,True
5.0,0.1,35,16,3.366451689547178,0.0,8.926528984957934e-16,0.0,100,True
5.0,0.1,35,15,6.33975526525414,1.785305796991587e-15,1.785305796991587e-15,2.8160484471320044e-16,100,True
5.0,0.1,35,17,4.245843481712504,7.141223187966347e-15,8.926528984957934e-16,1.6819327463964899e-15,100,True
5.0,0.1,35,19,7.120212619022759,1.785305796991587e-15,8.926528984957934e-16,2.507377086214903e-16,100,True
5.0,0.1,35,20,5.736504081835631,7.141223187966347e-15,8.926528984957934e-16,1.244873722059868e-15,100,True
5.0,0.1,35,18,9.658617001681673,7.141223187966347e-15,3.570611593983174e-15,7.393629115558656e-16,100,True
5.0,0.1,35,21,8.1592841012222,1.785305796991587e-15,3.570611593983174e-15,2.188066716201439e-16,100,True
5.0,0.1,35,22,6.1820415527943195,3.570611593983174e-15,8.926528984957934e-16,5.775780643805663e-16,100,True
5.0,0.1,35,23,7.394068442428984,0.0,2.6779586954873804e-15,0.0,100,True
5.0,0.1,35,24,7.151106765953046,0.0,2.6779586954873804e-15,0.0,100,True
5.0,0.1,35,25,6.645383416062366,0.0,0.0,0.0,100,True
5.0,0.1,35,27,3.4831209594917025,2.7895403077993544e-17,0.0,8.008737968739497e-18,100,True
5.0,0.1,35,28,6.317955961482861,1.785305796991587e-15,0.0,2.825764864262468e-16,100,True
5.0,0.1,35,29,8.777399286139989,3.570611593983174e-15,0.0,4.0679607678567973e-16,100,True
5.0,0.1,35,26,5.939490789061366,1.785305796991587e-15,2.6779586954873804e-15,3.0058229912226595e-16,100,True
5.0,0.1,35,30,3.023743909076124,4.463264492478967e-16,4.463264492478967e-16,1.4760722556834103e-16,100,True
5.0,0.1,35,31,4.322215336181002,7.141223187966347e-15,8.926528984957934e-16,1.6522136526117988e-15,100,True
5.0,0.1,35,32,5.574118327061081,1.785305796991587e-15,1.785305796991587e-15,3.202848759640304e-16,100,True
5.0,0.1,35,35,9.156240467870102,7.141223187966347e-15,3.570611593983174e-15,7.799296242847058e-16,100,True
5.0,0.1,35,33,6.214620934717534,5.355917390974761e-15,0.0,8.618252741779169e-16,100,True
5.0,0.1,35,34,6.668161119538982,7.141223187966347e-15,2.6779586954873804e-15,1.0709434070273443e-15,100,True
5.0,0.1,35,36,4.230684670740111,1.785305796991587e-15,0.0,4.2198980447277523e-16,100,True
5.0,0.1,35,37,3.8211572317507243,8.926528984957934e-16,2.2316322462394834e-15,2.3360799997408383e-16,100,True
5.0,0.1,35,38,4.815549240468159,1.785305796991587e-15,8.926528984957934e-16,3.7073773059748064e-16,100,True
5.0,0.1,35,41,5.984664271438858,0.0,1.785305796991587e-15,0.0,100,True
5.0,0.1,35,40,6.507358930697645,5.355917390974761e-15,0.0,8.230554742737328e-16,100,True
5.0,0.1,35,39,3.7012189133885407,1.3389793477436902e-15,0.0,3.6176713106597293e-16,100,True
5.0,0.1,35,42,7.987639582091332,3.570611593983174e-15,8.926528984957934e-16,4.470171140406303e-16,100,True
5.0,0.1,35,44,6.476048811392081,0.0,1.785305796991587e-15,0.0,100,True
5.0,0.1,35,43,8.494527694672255,7.141223187966347e-15,1.785305796991587e-15,8.406851380854645e-16,100,True
5.0,0.1,35,45,7.238171594673904,8.926528984957934e-16,2.6779586954873804e-15,1.233257441910659e-16,100,True
5.0,0.1,35,47,2.887107688053851,0.0,4.463264492478967e-16,0.0,100,True
5.0,0.1,35,46,4.641824220396066,0.0,8.926528984957934e-16,0.0,100,True
5.0,0.1,35,48,5.1157129012520315,3.570611593983174e-15,0.0,6.9796950354842895e-16,100,True
5.0,0.1,35,49,4.421090330919899,7.141223187966347e-15,0.0,1.6152628997472821e-15,100,True
5.0,0.05,0,2,,,,,0,True
5.0,0.05,0,0,,,,,0,True
5.0,0.05,0,5,,,,,0,True
5.0,0.05,0,4,,,,,0,True
5.0,0.05,0,3,,,,,0,True
5.0,0.05,0,1,,,,,0,True
5.0,0.05,0,8,,,,,0,True
5.0,0.05,0,6,,,,,0,True
5.0,0.05,0,11,,,,,0,True
5.0,0.05,0,7,,,,,0,True
5.0,0.05,0,10,,,,,0,True
5.0,0.05,0,9,,,,,0,True
5.0,0.05,0,12,,,,,0,True
5.0,0.05,0,13,,,,,0,True
5.0,0.05,0,14,,,,,0,True
5.0,0.05,0,15,,,,,0,True
5.0,0.05,0,17,,,,,0,True
5.0,0.05,0,16,,,,,0,True
5.0,0.05,0,19,,,,,0,True
5.0,0.05,0,18,,,,,0,True
5.0,0.05,0,21,,,,,0,True
5.0,0.05,0,20,,,,,0,True
5.0,0.05,0,22,,,,,0,True
5.0,0.05,0,23,,,,,0,True
5.0,0.05,0,24,,,,,0,True
5.0,0.05,0,25,,,,,0,True
5.0,0.05,0,28,,,,,0,True
5.0,0.05,0,30,,,,,0,True
5.0,0.05,0,29,,,,,0,True
5.0,0.05,0,26,,,,,0,True
5.0,0.05,0,27,,,,,0,True
5.0,0.05,0,31,,,,,0,True
5.0,0.05,0,32,,,,,0,True
5.0,0.05,0,34,,,,,0,True
5.0,0.05,0,33,,,,,0,True
5.0,0.05,0,36,,,,,0,True
5.0,0.05,0,35,,,,,0,True
5.0,0.05,0,37,,,,,0,True
5.0,0.05,0,40,,,,,0,True
5.0,0.05,0,38,,,,,0,True
5.0,0.05,0,39,,,,,0,True
5.0,0.05,0,41,,,,,0,True
5.0,0.05,0,42,,,,,0,True
5.0,0.05,0,43,,,,,0,True
5.0,0.05,0,44,,,,,0,True
5.0,0.05,0,46,,,,,0,True
5.0,0.05,0,47,,,,,0,True
5.0,0.05,0,45,,,,,0,True
5.0,0.05,0,48,,,,,0,True
5.0,0.05,0,49,,,,,0,True
5.0,0.05,5,3,,,,,0,True
5.0,0.05,5,4,,,,,0,True
5.0,0.05,5,5,,,,,0,True
5.0,0.05,5,1,,,,,0,True
5.0,0.05,5,2,,,,,0,True
5.0,0.05,5,0,,,,,0,True
5.0,0.05,5,6,,,,,0,True
5.0,0.05,5,7,,,,,0,True
5.0,0.05,5,9,,,,,0,True
5.0,0.05,5,8,,,,,0,True
5.0,0.05,5,10,,,,,0,True
5.0,0.05,5,11,,,,,0,True
5.0,0.05,5,12,,,,,0,True
5.0,0.05,5,13,,,,,0,True
5.0,0.05,5,14,,,,,0,True
5.0,0.05,5,15,,,,,0,True
5.0,0.05,5,17,,,,,0,True
5.0,0.05,5,16,,,,,0,True
5.0,0.05,5,19,,,,,0,True
5.0,0.05,5,18,,,,,0,True
5.0,0.05,5,20,,,,,0,True
5.0,0.05,5,21,,,,,0,True
5.0,0.05,5,22,,,,,0,True
5.0,0.05,5,23,,,,,0,True
5.0,0.05,5,24,,,,,0,True
5.0,0.05,5,25,,,,,0,True
5.0,0.05,5,28,,,,,0,True
5.0,0.05,5,26,,,,,0,True
5.0,0.05,5,27,,,,,0,True
5.0,0.05,5,29,,,,,0,True
5.0,0.05,5,30,,,,,0,True
5.0,0.05,5,31,,,,,0,True
5.0,0.05,5,34,,,,,0,True
5.0,0.05,5,32,,,,,0,True
5.0,0.05,5,33,,,,,0,True
5.0,0.05,5,35,,,,,0,True
5.0,0.05,5,36,,,,,0,True
5.0,0.05,5,37,,,,,0,True
5.0,0.05,5,38,,,,,0,True
5.0,0.05,5,40,,,,,0,True
5.0,0.05,5,39,,,,,0,True
5.0,0.05,5,41,,,,,0,True
5.0,0.05,5,42,,,,,0,True
5.0,0.05,5,43,,,,,0,True
5.0,0.05,5,45,,,,,0,True
5.0,0.05,5,44,,,,,0,True
5.0,0.05,5,46,,,,,0,True
5.0,0.05,5,47,,,,,0,True
5.0,0.05,5,48,,,,,0,True
5.0,0.05,5,49,,,,,0,True
5.0,0.05,10,3,16.312371957797357,0.05434961034583779,0.5520314997899157,0.0033318030318612575,19,True
5.0,0.05,10,4,21.05175912341194,0.0,0.0,0.0,9,True
5.0,0.05,10,5,26.080684332305353,0.6532767675135108,0.26397571549575743,0.025048298548835113,22,True
5.0,0.05,10,1,31.560932553921283,1.4680974262283852,2.730032260316183,0.046516287936681444,30,True
5.0,0.05,10,2,33.83527872041817,3.837369354665453e-15,0.0,1.1341326271829298e-16,7,True
5.0,0.05,10,0,33.23338363896559,0.0,0.0,0.0,9,True
5.0,0.05,10,9,24.665598140637325,3.840727805484509,3.50100374696436,0.15571192652963858,74,True
5.0,0.05,10,7,,,,,0,True
5.0,0.05,10,6,18.331060716825768,1.0438608291844407,1.3731311739285246,0.05694492235390932,50,True
5.0,0.05,10,8,13.761146255402345,1.88411095042053e-15,0.0,1.3691526239544662e-16,9,True
5.0,0.05,10,10,26.680522373159274,4.829278319912324,8.87575210103625,0.18100388936802075,33,True
5.0,0.05,10,11,20.23504824713637,0.11370418841623893,0.0854757537605482,0.005619170610691782,14,True
5.0,0.05,10,12,36.10917693785445,0.0,0.0,0.0,9,True
5.0,0.05,10,13,18.124781668230803,0.7259819040743893,1.4222805810172832,0.040054656511912284,25,True
5.0,0.05,10,14,15.866564926210696,0.19758479833389045,0.32771625865126536,0.012452903275080744,20,True
5.0,0.05,10,15,,,,,0,True
5.0,0.05,10,17,22.53838076839751,1.1751456534059508,1.7407096943094027,0.0521397550907338,28,True
5.0,0.05,10,16,20.462163932126202,0.9586134534974142,0.773356169651126,0.04684809762433595,18,True
5.0,0.05,10,19,29.65187106051436,2.3612423905403768,4.873091701813019,0.07963215493961538,28,True
5.0,0.05,10,20,,,,,0,True
5.0,0.05,10,18,30.948567645590906,0.0,0.0,0.0,8,True
5.0,0.05,10,21,22.709359610094424,1.1628054836476704,3.083767565715586,0.05120379894511854,27,True
5.0,0.05,10,22,18.72434390003139,1.9186846773327266e-15,0.0,1.0247006183909654e-16,7,True
5.0,0.05,10,23,22.758424055984207,0.7373178888024455,3.009165898151893,0.0323975810885979,27,True
5.0,0.05,10,24,18.39640530335403,0.0,0.0,0.0,8,True
5.0,0.05,10,25,21.929983463142705,0.342687385703113,0.9711835781208766,0.015626431560199806,26,True
5.0,0.05,10,26,,,,,0,True
5.0,0.05,10,28,19.61475152287136,3.6868252213847854e-15,0.0,1.879618621263615e-16,14,True
5.0,0.05,10,27,17.30476251038198,0.30911945038845884,0.7990245185851306,0.01786325875336358,37,True
5.0,0.05,10,29,19.72687791138362,1.2555764195425632,1.679697087875993,0.06364800477717857,46,True
5.0,0.05,10,30,26.472299188346245,3.0257153746392085,2.361967767064417,0.11429741531371036,38,True
5.0,0.05,10,31,24.88135002554177,3.2404206030584417,2.8487371903773164,0.1302349189144484,35,True
5.0,0.05,10,33,19.320639369468072,0.33530237585462275,0.5245104436156691,0.01735462110971818,22,True
5.0,0.05,10,32,14.225417569186531,0.1201939969411848,0.0988078492523224,0.008449242094765306,21,True
5.0,0.05,10,34,24.761336233021023,0.45941720683379195,1.0505597703457408,0.018553813191273822,30,True
5.0,0.05,10,36,40.90172807612945,4.3088654828649,7.192034323407812,0.10534678326658735,51,True
5.0,0.05,10,35,,,,,0,True
5.0,0.05,10,37,21.55705741876627,3.697781635498623e-15,0.0,1.715346192045468e-16,13,True
5.0,0.05,10,38,14.606203224968844,0.5569990269464468,0.7812982151871053,0.03813441579357697,17,True
5.0,0.05,10,39,20.106967480031827,1.0071297445802219,1.4555581344511557,0.050088594691387434,50,True
5.0,0.05,10,40,22.909524726782966,2.1925474228837563,1.3345008882763667,0.09570462281657474,31,True
5.0,0.05,10,41,15.577951351167508,0.31483382536336896,0.2340741133639868,0.020210220090318445,12,True
5.0,0.05,10,42,,,,,0,True
5.0,0.05,10,43,34.07513543127737,3.313213133261195,2.6155149865407203,0.09723257417254506,30,True
5.0,0.05,10,45,28.10881189033598,0.0,7.674738709330906e-15,0.0,7,True
5.0,0.05,10,44,24.144811113874347,3.1211573590665913,4.542887657919987,0.12926824502151846,41,True
5.0,0.05,10,46,21.954893231727173,2.0697908615695164,0.7485272456226544,0.09427469492670759,28,True
5.0,0.05,10,47,15.358802287210928,0.0,0.0,0.0,8,True
5.0,0.05,10,48,28.59027175129692,2.8360489289408632,8.406899718128338,0.09919629143826565,27,True
5.0,0.05,10,49,36.8384175526861,0.9475263411875956,0.25262690953255973,0.025721146676087502,22,True
5.0,0.05,15,3,14.921037873240861,1.8228070360587718,2.387857215691087,0.12216355534676065,100,True
5.0,0.05,15,1,24.973654567499093,2.205010221386611,4.20395361193429,0.08829345402479573,100,True
5.0,0.05,15,2,22.161909121133508,1.5234373981309188,4.528027802050924,0.06874125283178673,100,True
5.0,0.05,15,4,22.388626400132107,2.2536577000345535,1.3332408732857493,0.10066082928701939,100,True
5.0,0.05,15,5,35.489995761457465,3.5902877398888617,5.750142060675956,0.10116337471609266,100,True
5.0,0.05,15,0,23.86605428937527,1.2357144644943407,6.626938735380418,0.05177707422900057,100,True
5.0,0.05,15,7,21.15976632179777,2.279805321596474,10.19334419665285,0.10774246212955238,100,True
5.0,0.05,15,6,18.515284769710426,1.954347563622347,3.2368781094427566,0.10555320039254856,100,True
5.0,0.05,15,10,18.13526908979718,1.2007511500073655,1.719957528658672,0.06621082621172149,100,True
5.0,0.05,15,9,17.2437778008332,3.5328257566097108,3.3072181716717837,0.20487539316581826,57,True
5.0,0.05,15,11,20.78099457794649,1.2624980427434753,3.0019171054477485,0.06075253222400057,100,True
5.0,0.05,15,8,15.939419110480276,1.1414659694048652,1.9130455571231766,0.07161277092302214,100,True
5.0,0.05,15,12,25.027250390796013,4.560173134769102,4.825791521778865,0.18220831547864105,100,True
5.0,0.05,15,13,15.985962094368112,1.28670498802532,2.1635672108388433,0.08048968091064278,100,True
5.0,0.05,15,14,13.827804302403958,0.6576826062225337,0.7226245741341538,0.047562331071477185,100,True
5.0,0.05,15,15,13.355597472695942,0.5316039938293337,0.9116835015923941,0.0398038346780172,100,True
5.0,0.05,15,16,19.767051746960433,2.4726853537466247,3.1370590471934587,0.12509125717884803,100,True
5.0,0.05,15,17,29.359276458551186,3.21569339267375,6.913165314384315,0.109529040922163,100,True
5.0,0.05,15,20,11.921782586610082,0.5758633144990347,0.9835766622633207,0.04830345716468727,100,True
5.0,0.05,15,19,22.785716797794947,2.6441103026931643,3.8176760378902364,0.1160424456319515,100,True
5.0,0.05,15,18,28.77191896063043,2.7160435654481354,4.766618198478134,0.09439911078453223,100,True
5.0,0.05,15,22,19.090164429238133,0.33064207741762885,0.7661186896688432,0.01732002249866553,100,True
5.0,0.05,15,21,23.21558096091319,5.827651800331945,7.100660631924919,0.25102330241675386,100,True
5.0,0.05,15,23,21.929090750010147,2.9506962142996676,4.541240158880919,0.13455624986632436,100,True
5.0,0.05,15,24,22.62304170381979,3.354283459706765,3.607478010150527,0.14826845583458437,100,True
5.0,0.05,15,25,20.963908882073,1.5546982854015758,3.665554561950048,0.07416070610433986,100,True
5.0,0.05,15,26,19.327038763329252,1.579691995521428,2.101062844049257,0.08173481798560392,100,True
5.0,0.05,15,28,25.484742504605897,1.7267214888618483,2.8647801482534616,0.06775510831823296,100,True
5.0,0.05,15,29,18.97801470418221,0.94327501391203,2.648063643333476,0.04970356639591807,91,True
5.0,0.05,15,27,16.137237628969032,1.0182931995639406,1.8132621114238194,0.06310207626464734,100,True
5.0,0.05,15,31,21.285097892307434,3.0242011207728936,3.0379740302626206,0.14208067710441954,100,True
5.0,0.05,15,30,21.00663526562319,1.9605012541054228,1.3986297668474705,0.09332771428243589,100,True
5.0,0.05,15,32,16.98623295436032,0.8417335991720195,0.7950086707457286,0.04955387115163452,100,True
5.0,0.05,15,33,15.129483362756776,0.5762760144010494,1.453762025449511,0.03808960296817729,100,True
5.0,0.05,15,34,25.277750345480303,2.1074093195211834,7.111882438927844,0.08337012949010279,100,True
5.0,0.05,15,35,29.100548644487347,1.3864067164374883,7.733972127124587,0.047641944259360955,100,True
5.0,0.05,15,37,22.966995814937615,2.6911329018560126,5.417660882710548,0.11717391876327655,100,True
5.0,0.05,15,36,28.075208774996167,5.312981815240559,9.494619832234287,0.1892410438625949,100,True
5.0,0.05,15,40,18.29047343834084,0.6482278975112942,1.83644937983197,0.03544073912009661,100,True
5.0,0.05,15,38,14.071494088603504,0.839914674548162,1.4588764221974615,0.059689089819424966,100,True
5.0,0.05,15,39,17.957464829006227,0.8343504745174496,1.4525405313356752,0.0464625982822333,100,True
5.0,0.05,15,41,13.406287287544963,2.1147199048762486,3.0547473252050894,0.1577409061523631,100,True
5.0,0.05,15,42,15.41598920515713,0.9838041336995189,2.150921941442255,0.06381712653057682,88,True
5.0,0.05,15,43,25.930365964045894,2.9609167190308767,3.0187208648490427,0.11418723218701875,100,True
5.0,0.05,15,46,23.21836752226005,4.9297272683601845,6.802999697151013,0.2123201497105224,100,True
5.0,0.05,15,45,23.127757644141088,1.739196667943679,2.3306357294209277,0.07519953705430957,100,True
5.0,0.05,15,44,13.81185714166113,1.374654327482897,1.3966849284784946,0.09952711741685227,100,True
5.0,0.05,15,47,13.433317375584998,0.7587123760144265,0.8644371558311328,0.05647989657367757,100,True
5.0,0.05,15,48,26.19587341293147,1.760229909965672,3.401094511939329,0.06719493113357093,100,True
5.0,0.05,15,49,30.305801182959012,6.045244611244231,5.714296393368136,0.1994748323843515,100,True
5.0,0.05,20,0,20.598017881470092,2.5648630624331266,6.18556054436212,0.12451989687514879,100,True
5.0,0.05,20,1,15.374279847938803,0.18291005449057063,0.7545310950455001,0.011897146162270032,100,True
5.0,0.05,20,4,17.442532446617353,1.1551759154976398,2.158871452156136,0.06622753427766528,92,True
5.0,0.05,20,5,15.154552941584482,1.0722051336758258,1.038354444455474,0.0707513535904888,100,True
5.0,0.05,20,2,15.705761252278164,0.9491230005857455,2.093054362840929,0.06043151843073335,100,True
5.0,0.05,20,3,15.535237808045226,1.0207409481864573,4.288401072006465,0.06570488078771776,81,True
5.0,0.05,20,6,13.7435279082611,0.47915151786963284,2.714966569124938,0.03486379342101962,100,True
5.0,0.05,20,7,16.963078095884953,1.380924900410131,1.5469044659866777,0.08140768394771038,77,True
5.0,0.05,20,11,11.751599048228636,1.3539341208255606,1.5184060812026885,0.11521275660180427,84,True
5.0,0.05,20,10,19.018410912271555,3.413052695345484,3.487908012893628,0.17946045603332847,55,True
5.0,0.05,20,9,13.41821277747433,0.6303920496653117,1.2623289537559594,0.0469803289096425,74,True
5.0,0.05,20,8,13.821559209249518,0.4349028559367699,1.4615426164281489,0.03146554229899973,100,True
5.0,0.05,20,16,11.987325734412373,0.5472568062993033,0.8244704879229767,0.04565295199481206,51,True
5.0,0.05,20,13,14.924229893675662,0.659731334650813,2.292245060461191,0.04420538542698158,91,True
5.0,0.05,20,14,12.273225726690791,0.6095688024674775,0.6652715552460097,0.049666551894489964,100,True
5.0,0.05,20,12,15.163058841145894,1.636188143764847,2.2367165616012583,0.10790620552925308,87,True
5.0,0.05,20,15,16.672631064051515,1.808239588389284,3.472959491232301,0.10845556297878486,100,True
5.0,0.05,20,17,19.269776977767595,0.8619947518714114,2.427322597506272,0.044732990572020286,100,True
5.0,0.05,20,18,18.854956482861486,1.9755998419438061,3.4407388725662393,0.10477880676837198,100,True
5.0,0.05,20,20,13.795819970133094,0.6644041788635539,0.5442375188260842,0.04815981799573629,100,True
5.0,0.05,20,19,20.10939392695442,2.0900502553207625,3.839949407215071,0.10393402520795422,100,True
5.0,0.05,20,21,16.22479089741711,1.9503516797794735,2.072804679810758,0.12020812422858147,100,True
5.0,0.05,20,22,15.476921995480774,0.5685953941073296,1.5640469352289073,0.03673827355809884,91,True
5.0,0.05,20,23,15.755048366886054,2.381023652830767,1.6848784397070118,0.15112766380553933,84,True
5.0,0.05,20,24,12.506502023748569,0.8579346601358354,0.9950040485678628,0.06859909017778953,100,True
5.0,0.05,20,25,18.924313746644604,1.328119587152733,3.3948242506108204,0.07018059438949097,100,True
5.0,0.05,20,26,12.32133963722978,0.5214149242843734,0.7012096468178841,0.04231803843056823,100,True
5.0,0.05,20,27,13.40138307726769,0.6638661359081127,0.6014343582695245,0.049537135986673364,100,True
5.0,0.05,20,28,14.59559602167029,1.0738399552360918,1.5382774310536842,0.07357287456036371,91,True
5.0,0.05,20,29,15.978058437820783,1.2789808876132902,1.7580436452681736,0.08004607647358987,100,True
5.0,0.05,20,31,13.48360409556883,1.030540796387927,2.399806884514706,0.07642917940067653,60,True
5.0,0.05,20,30,15.742966778664321,1.934542406982467,1.1047142367504197,0.1228829631784689,78,True
5.0,0.05,20,32,16.41268636150661,1.2306478263067964,4.055664382470335,0.07498149901853292,100,True
5.0,0.05,20,33,12.039234599075616,0.5920643199490488,1.406362349861616,0.04917790371777522,100,True
5.0,0.05,20,34,16.295402094761116,0.48465703591291687,1.4586929854955393,0.029741950096998926,67,True
5.0,0.05,20,35,14.596128841366536,0.6413728033293242,1.186108675334762,0.04394129500361939,100,True
5.0,0.05,20,36,16.684337764502747,1.6496907364029711,3.1169809984670467,0.09887660869062596,78,True
5.0,0.05,20,37,14.673461961255537,1.425681530973933,2.5758543275526558,0.09716054294060707,100,True
5.0,0.05,20,39,12.282600229735763,1.2508361005047097,1.1447567000937056,0.10183805359686604,100,True
5.0,0.05,20,40,20.04480025497246,2.683011521808257,3.4456064281942282,0.13385074870689667,100,True
5.0,0.05,20,38,18.072339899209616,0.897530217688609,2.300104367912099,0.049663199269944114,72,True
5.0,0.05,20,41,10.974563329667477,0.8386533580636688,0.8746320220407884,0.07641792505734982,89,True
5.0,0.05,20,43,14.568629955159288,0.09661194147115118,1.7916330049470277,0.006631504936875505,24,True
5.0,0.05,20,42,17.93096487841041,3.028707374672545,3.339268077028583,0.16890933617962903,95,True
5.0,0.05,20,47,12.955269295707225,0.7137041316099838,1.8538819617821674,0.055089872338390695,95,True
5.0,0.05,20,46,11.968147897233228,0.3996495990852754,1.0876988495708753,0.03339276908314825,75,True
5.0,0.05,20,44,18.67464997131209,12.087047895945767,10.38756744354989,0.6472436117685652,100,True
5.0,0.05,20,45,22.570546064451282,1.6867611311744592,3.93036007718496,0.07473284546850713,75,True
5.0,0.05,20,48,16.983693032423542,0.23472322863564266,0.3293911669776455,0.01382050583389213,76,True
5.0,0.05,20,49,18.232237629030223,1.0339436589135313,1.5398497357174112,0.056709641457680315,86,True
5.0,0.05,25,2,7.167081208938922,0.0,8.97195690676443e-16,0.0,50,True
5.0,0.05,25,1,10.097976045763815,0.7478836914898906,1.5939397182728468,0.07406273178907312,74,True
5.0,0.05,25,5,6.221318019626607,0.0021945285285375512,0.0023115870165678416,0.0003527433449976992,61,True
5.0,0.05,25,4,8.841424074022385,3.606140942640595e-15,0.0,4.0786879041760406e-16,34,True
5.0,0.05,25,6,,,,,0,True
5.0,0.05,25,3,8.015842976059021,0.21551600752744332,0.45832120695493367,0.026886256151864078,55,True
5.0,0.05,25,8,8.252676993747126,0.0,0.0,0.0,50,True
5.0,0.05,25,0,10.601914679510916,0.8321517849715419,0.692213969462952,0.07849070758697432,81,True
5.0,0.05,25,11,,,,,0,True
5.0,0.05,25,10,,,,,0,True
5.0,0.05,25,7,10.554774271770937,0.21712934559918132,0.8975864672384346,0.020571671170637948,79,True
5.0,0.05,25,9,9.558285616876491,3.606140942640595e-15,0.0,3.772790526654119e-16,34,True
5.0,0.05,25,13,,,,,0,True
5.0,0.05,25,14,,,,,0,True
5.0,0.05,25,12,9.527202954314303,1.794765173957993e-15,1.794765173957993e-15,1.8838322040208566e-16,49,True
5.0,0.05,25,16,,,,,0,True
5.0,0.05,25,17,,,,,0,True
5.0,0.05,25,20,,,,,0,True
5.0,0.05,25,15,6.632028904324863,0.002534246951064168,0.0021264877032736774,0.00038212242250807154,69,True
5.0,0.05,25,19,9.789957876568634,3.617906523468517e-15,1.8089532617342584e-15,3.6955281821259353e-16,28,True
5.0,0.05,25,18,9.945181730416675,0.346299711943184,0.5865330482186075,0.03482085308547449,100,True
5.0,0.05,25,22,,,,,0,True
5.0,0.05,25,23,,,,,0,True
5.0,0.05,25,25,,,,,0,True
5.0,0.05,25,24,7.237496869104554,3.606140942640595e-15,0.0,4.982580314520755e-16,34,True
5.0,0.05,25,21,17.383648724518913,3.000967687136276,4.3868875288610765,0.17263163416915667,100,True
5.0,0.05,25,26,7.180831921372427,0.4178283899295793,0.6546587173688865,0.058186627190923365,75,True
5.0,0.05,25,28,9.52401974922409,0.310420242172466,0.7114430200801685,0.03259340597206926,65,True
5.0,0.05,25,27,8.299973382394443,3.599156351650932e-15,1.799578175825466e-15,4.336346860202362e-16,39,True
5.0,0.05,25,31,,,,,0,True
5.0,0.05,25,29,5.152024707294678,0.08778936209966237,0.1778251232612721,0.01703977893882432,74,True
5.0,0.05,25,30,,,,,0,True
5.0,0.05,25,32,,,,,0,True
5.0,0.05,25,33,9.034548091254521,0.7299047795341386,1.552867298304905,0.08079040281391488,100,True
5.0,0.05,25,36,6.537996338480989,1.800201622293442e-15,1.800201622293442e-15,2.7534454427542453e-16,38,True
5.0,0.05,25,34,,,,,0,True
5.0,0.05,25,35,10.6678428100242,0.9813155146946265,2.056466685075108,0.09198818656875207,53,True
5.0,0.05,25,37,10.761207967206245,0.11468825225024477,1.1857791886840117,0.010657563035650486,55,True
5.0,0.05,25,38,,,,,0,True
5.0,0.05,25,39,,,,,0,True
5.0,0.05,25,43,8.358997349081683,3.5848655891578076e-15,0.0,4.288631087497162e-16,56,True
5.0,0.05,25,41,6.233350415814558,0.6753763502921267,1.5362331520713124,0.10834885017512214,66,True
5.0,0.05,25,44,9.207549506052805,0.0,0.0,0.0,40,True
5.0,0.05,25,40,13.076888743240538,0.13353946298096828,0.844388828928534,0.0102118680982122,83,True
5.0,0.05,25,48,,,,,0,True
5.0,0.05,25,47,7.151697015994749,0.0,1.7918711674949058e-15,0.0,58,True
5.0,0.05,25,45,6.840579608489207,7.290014651212246e-15,0.0,1.0657013101879973e-15,20,True
5.0,0.05,25,49,,,,,0,True
5.0,0.05,25,46,10.61027332326797,0.7462525570185405,0.99506679440026,0.0703330191675679,61,True
5.0,0.05,25,42,9.668899462527117,1.8052830876885488,2.446576036059218,0.18671029672871478,100,True
5.0,0.05,30,2,,,,,0,True
5.0,0.05,30,1,,,,,0,True
5.0,0.05,30,0,,,,,0,True
5.0,0.05,30,5,,,,,0,True
5.0,0.05,30,4,,,,,0,True
5.0,0.05,30,3,9.040396733994768,0.0,0.0,0.0,50,True
5.0,0.05,30,7,,,,,0,True
5.0,0.05,30,6,,,,,0,True
5.0,0.05,30,8,,,,,0,True
5.0,0.05,30,9,,,,,0,True
5.0,0.05,30,10,,,,,0,True
5.0,0.05,30,11,,,,,0,True
5.0,0.05,30,12,,,,,0,True
5.0,0.05,30,14,,,,,0,True
5.0,0.05,30,15,,,,,0,True
5.0,0.05,30,16,,,,,0,True
5.0,0.05,30,13,,,,,0,True
5.0,0.05,30,17,,,,,0,True
5.0,0.05,30,18,,,,,0,True
5.0,0.05,30,21,,,,,0,True
5.0,0.05,30,19,,,,,0,True
5.0,0.05,30,20,,,,,0,True
5.0,0.05,30,22,9.859854515156782,0.0,1.794765173957993e-15,0.0,49,True
5.0,0.05,30,24,,,,,0,True
5.0,0.05,30,25,,,,,0,True
5.0,0.05,30,26,,,,,0,True
5.0,0.05,30,27,,,,,0,True
5.0,0.05,30,23,,,,,0,True
5.0,0.05,30,28,,,,,0,True
5.0,0.05,30,29,,,,,0,True
5.0,0.05,30,30,,,,,0,True
5.0,0.05,30,32,,,,,0,True
5.0,0.05,30,31,,,,,0,True
5.0,0.05,30,33,,,,,0,True
5.0,0.05,30,34,,,,,0,True
5.0,0.05,30,35,,,,,0,True
5.0,0.05,30,37,,,,,0,True
5.0,0.05,30,36,10.925344146070099,0.0,3.586073224559811e-15,0.0,54,True
5.0,0.05,30,40,,,,,0,True
5.0,0.05,30,41,,,,,0,True
5.0,0.05,30,39,8.37212422841928,1.796893438875007e-15,1.796893438875007e-15,2.1462813855239152e-16,44,True
5.0,0.05,30,38,7.329249114073522,0.5007816249031516,1.5376835645017,0.06832645706386999,100,True
5.0,0.05,30,43,,,,,0,True
5.0,0.05,30,42,7.080729686770433,1.796893438875007e-15,8.984467194375036e-16,2.537723537494032e-16,44,True
5.0,0.05,30,44,,,,,0,True
5.0,0.05,30,46,,,,,0,True
5.0,0.05,30,45,,,,,0,True
5.0,0.05,30,47,,,,,0,True
5.0,0.05,30,48,,,,,0,True
5.0,0.05,30,49,,,,,0,True
5.0,0.05,35,4,,,,,0,True
5.0,0.05,35,3,,,,,0,True
5.0,0.05,35,0,,,,,0,True
5.0,0.05,35,2,,,,,0,True
5.0,0.05,35,1,,,,,0,True
5.0,0.05,35,5,,,,,0,True
5.0,0.05,35,6,,,,,0,True
5.0,0.05,35,8,,,,,0,True
5.0,0.05,35,7,,,,,0,True
5.0,0.05,35,10,,,,,0,True
5.0,0.05,35,9,,,,,0,True
5.0,0.05,35,11,,,,,0,True
5.0,0.05,35,12,,,,,0,True
5.0,0.05,35,13,,,,,0,True
5.0,0.05,35,15,,,,,0,True
5.0,0.05,35,14,,,,,0,True
5.0,0.05,35,16,,,,,0,True
5.0,0.05,35,17,,,,,0,True
5.0,0.05,35,18,,,,,0,True
5.0,0.05,35,20,,,,,0,True
5.0,0.05,35,19,,,,,0,True
5.0,0.05,35,21,,,,,0,True
5.0,0.05,35,22,,,,,0,True
5.0,0.05,35,23,,,,,0,True
5.0,0.05,35,24,,,,,0,True
5.0,0.05,35,25,,,,,0,True
5.0,0.05,35,26,,,,,0,True
5.0,0.05,35,27,,,,,0,True
5.0,0.05,35,28,,,,,0,True
5.0,0.05,35,29,,,,,0,True
5.0,0.05,35,30,,,,,0,True
5.0,0.05,35,31,,,,,0,True
5.0,0.05,35,33,,,,,0,True
5.0,0.05,35,32,,,,,0,True
5.0,0.05,35,34,,,,,0,True
5.0,0.05,35,35,,,,,0,True
5.0,0.05,35,36,,,,,0,True
5.0,0.05,35,38,,,,,0,True
5.0,0.05,35,37,,,,,0,True
5.0,0.05,35,39,,,,,0,True
5.0,0.05,35,40,,,,,0,True
5.0,0.05,35,41,,,,,0,True
5.0,0.05,35,43,,,,,0,True
5.0,0.05,35,44,,,,,0,True
5.0,0.05,35,42,,,,,0,True
5.0,0.05,35,45,,,,,0,True
5.0,0.05,35,46,,,,,0,True
5.0,0.05,35,47,,,,,0,True
5.0,0.05,35,48,,,,,0,True
5.0,0.05,35,49,,,,,0,True
