alpha,experiment,o,method,coverage,width,n_infinite,n_total,proportion_infinite
0.2,0,0,dhcp_with,0.74,21.363470343764977,0,1,0.0
0.2,0,0,dhcp_without,0.74,21.363470343764977,0,1,0.0
0.2,0,0,hcp,0.74,21.363470343764977,0,1,0.0
0.2,0,0,pool,0.66,16.35316466772349,0,1,0.0
0.2,0,0,rep,0.73,19.70997399457506,0,1,0.0
0.2,0,0,stdcp,1.0,inf,1,1,1.0
0.2,0,0,sub,0.66,16.208217424112114,0,1,0.0
0.2,0,5,dhcp_with,0.73,20.318892379797266,0,1,0.0
0.2,0,5,dhcp_without,0.73,20.318892379797266,0,1,0.0
0.2,0,5,hcp,0.74,21.363470343764977,0,1,0.0
0.2,0,5,pool,0.66,16.35316466772349,0,1,0.0
0.2,0,5,rep,0.73,19.70997399457506,0,1,0.0
0.2,0,5,stdcp,0.79,4.364619333759961,0,1,0.0
0.2,0,5,sub,0.66,16.208217424112114,0,1,0.0
0.2,0,10,dhcp_with,0.74,20.019397233530533,0,1,0.0
0.2,0,10,dhcp_without,0.74,20.019397233530533,0,1,0.0
0.2,0,10,hcp,0.74,21.363470343764977,0,1,0.0
0.2,0,10,pool,0.66,16.35316466772349,0,1,0.0
0.2,0,10,rep,0.73,19.70997399457506,0,1,0.0
0.2,0,10,stdcp,0.86,9.332009136122334,0,1,0.0
0.2,0,10,sub,0.66,16.208217424112114,0,1,0.0
0.2,0,15,dhcp_with,0.74,17.932919859258334,0,1,0.0
0.2,0,15,dhcp_without,0.74,17.932919859258334,0,1,0.0
0.2,0,15,hcp,0.74,21.363470343764977,0,1,0.0
0.2,0,15,pool,0.66,16.35316466772349,0,1,0.0
0.2,0,15,rep,0.73,19.70997399457506,0,1,0.0
0.2,0,15,stdcp,0.87,6.94451620803237,0,1,0.0
0.2,0,15,sub,0.66,16.208217424112114,0,1,0.0
0.2,0,20,dhcp_with,0.72,16.147142316153186,0,1,0.0
0.2,0,20,dhcp_without,0.72,16.147142316153186,0,1,0.0
0.2,0,20,hcp,0.74,21.363470343764977,0,1,0.0
0.2,0,20,pool,0.66,16.35316466772349,0,1,0.0
0.2,0,20,rep,0.73,19.70997399457506,0,1,0.0
0.2,0,20,stdcp,0.84,4.367295714460411,0,1,0.0
0.2,0,20,sub,0.66,16.208217424112114,0,1,0.0
0.2,0,25,dhcp_with,0.86,12.217776130876615,0,1,0.0
0.2,0,25,dhcp_without,0.86,12.217776130876615,0,1,0.0
0.2,0,25,hcp,0.74,21.363470343764977,0,1,0.0
0.2,0,25,pool,0.66,16.35316466772349,0,1,0.0
0.2,0,25,rep,0.73,19.70997399457506,0,1,0.0
0.2,0,25,stdcp,0.88,4.454062944191327,0,1,0.0
0.2,0,25,sub,0.66,16.208217424112114,0,1,0.0
0.2,0,30,dhcp_with,0.79,11.821091519917852,0,1,0.0
0.2,0,30,dhcp_without,0.79,11.821091519917852,0,1,0.0
0.2,0,30,hcp,0.74,21.363470343764977,0,1,0.0
0.2,0,30,pool,0.66,16.35316466772349,0,1,0.0
0.2,0,30,rep,0.73,19.70997399457506,0,1,0.0
0.2,0,30,stdcp,0.84,3.85544951150521,0,1,0.0
0.2,0,30,sub,0.66,16.208217424112114,0,1,0.0
0.2,0,35,dhcp_with,0.84,11.805662658240456,0,1,0.0
0.2,0,35,dhcp_without,0.84,11.805662658240456,0,1,0.0
0.2,0,35,hcp,0.74,21.363470343764977,0,1,0.0
0.2,0,35,pool,0.66,16.35316466772349,0,1,0.0
0.2,0,35,rep,0.73,19.70997399457506,0,1,0.0
0.2,0,35,stdcp,0.92,3.8564504266902837,0,1,0.0
0.2,0,35,sub,0.66,16.208217424112114,0,1,0.0
0.2,1,0,dhcp_with,0.88,23.576433850625918,0,1,0.0
0.2,1,0,dhcp_without,0.88,23.576433850625918,0,1,0.0
0.2,1,0,hcp,0.88,23.576433850625918,0,1,0.0
0.2,1,0,pool,0.79,19.31183907835773,0,1,0.0
0.2,1,0,rep,0.85,22.79975023232514,0,1,0.0
0.2,1,0,stdcp,1.0,inf,1,1,1.0
0.2,1,0,sub,0.89,24.040035822803915,0,1,0.0
0.2,1,5,dhcp_with,0.88,23.228431405380665,0,1,0.0
0.2,1,5,dhcp_without,0.88,23.228431405380665,0,1,0.0
0.2,1,5,hcp,0.88,23.576433850625918,0,1,0.0
0.2,1,5,pool,0.79,19.31183907835773,0,1,0.0
0.2,1,5,rep,0.85,22.79975023232514,0,1,0.0
0.2,1,5,stdcp,0.76,5.880272317196057,0,1,0.0
0.2,1,5,sub,0.89,24.040035822803915,0,1,0.0
0.2,1,10,dhcp_with,0.88,22.739582728403796,0,1,0.0
0.2,1,10,dhcp_without,0.88,22.739582728403796,0,1,0.0
0.2,1,10,hcp,0.88,23.576433850625918,0,1,0.0
0.2,1,10,pool,0.79,19.31183907835773,0,1,0.0
0.2,1,10,rep,0.85,22.79975023232514,0,1,0.0
0.2,1,10,stdcp,0.88,11.126109205858615,0,1,0.0
0.2,1,10,sub,0.89,24.040035822803915,0,1,0.0
0.2,1,15,dhcp_with,0.86,22.046102980913407,0,1,0.0
0.2,1,15,dhcp_without,0.86,22.046102980913407,0,1,0.0
0.2,1,15,hcp,0.88,23.576433850625918,0,1,0.0
0.2,1,15,pool,0.79,19.31183907835773,0,1,0.0
0.2,1,15,rep,0.85,22.79975023232514,0,1,0.0
0.2,1,15,stdcp,0.85,6.229526534711175,0,1,0.0
0.2,1,15,sub,0.89,24.040035822803915,0,1,0.0
0.2,1,20,dhcp_with,0.81,17.525066094896005,0,1,0.0
0.2,1,20,dhcp_without,0.81,17.525066094896005,0,1,0.0
0.2,1,20,hcp,0.88,23.576433850625918,0,1,0.0
0.2,1,20,pool,0.79,19.31183907835773,0,1,0.0
0.2,1,20,rep,0.85,22.79975023232514,0,1,0.0
0.2,1,20,stdcp,0.76,4.23495364795684,0,1,0.0
0.2,1,20,sub,0.89,24.040035822803915,0,1,0.0
0.2,1,25,dhcp_with,0.81,11.414167066847114,0,1,0.0
0.2,1,25,dhcp_without,0.81,11.414167066847114,0,1,0.0
0.2,1,25,hcp,0.88,23.576433850625918,0,1,0.0
0.2,1,25,pool,0.79,19.31183907835773,0,1,0.0
0.2,1,25,rep,0.85,22.79975023232514,0,1,0.0
0.2,1,25,stdcp,0.83,4.498106260719808,0,1,0.0
0.2,1,25,sub,0.89,24.040035822803915,0,1,0.0
0.2,1,30,dhcp_with,0.78,11.352236258278921,0,1,0.0
0.2,1,30,dhcp_without,0.78,11.352236258278921,0,1,0.0
0.2,1,30,hcp,0.88,23.576433850625918,0,1,0.0
0.2,1,30,pool,0.79,19.31183907835773,0,1,0.0
0.2,1,30,rep,0.85,22.79975023232514,0,1,0.0
0.2,1,30,stdcp,0.76,3.8371403647178544,0,1,0.0
0.2,1,30,sub,0.89,24.040035822803915,0,1,0.0
0.2,1,35,dhcp_with,0.82,11.584481654361905,0,1,0.0
0.2,1,35,dhcp_without,0.82,11.584481654361905,0,1,0.0
0.2,1,35,hcp,0.88,23.576433850625918,0,1,0.0
0.2,1,35,pool,0.79,19.31183907835773,0,1,0.0
0.2,1,35,rep,0.85,22.79975023232514,0,1,0.0
0.2,1,35,stdcp,0.86,3.678634888760727,0,1,0.0
0.2,1,35,sub,0.89,24.040035822803915,0,1,0.0
0.2,2,0,dhcp_with,0.96,42.72873769743152,0,1,0.0
0.2,2,0,dhcp_without,0.96,42.72873769743152,0,1,0.0
0.2,2,0,hcp,0.96,42.72873769743152,0,1,0.0
0.2,2,0,pool,0.93,40.011596825545645,0,1,0.0
0.2,2,0,rep,0.95,42.31045765147624,0,1,0.0
0.2,2,0,stdcp,1.0,inf,1,1,1.0
0.2,2,0,sub,0.96,44.09188072918455,0,1,0.0
0.2,2,5,dhcp_with,0.96,42.31192814922382,0,1,0.0
0.2,2,5,dhcp_without,0.96,42.31192814922382,0,1,0.0
0.2,2,5,hcp,0.96,42.72873769743152,0,1,0.0
0.2,2,5,pool,0.93,40.011596825545645,0,1,0.0
0.2,2,5,rep,0.95,42.31045765147624,0,1,0.0
0.2,2,5,stdcp,0.8,4.436574611038954,0,1,0.0
0.2,2,5,sub,0.96,44.09188072918455,0,1,0.0
0.2,2,10,dhcp_with,0.95,41.7816190620787,0,1,0.0
0.2,2,10,dhcp_without,0.95,41.7816190620787,0,1,0.0
0.2,2,10,hcp,0.96,42.72873769743152,0,1,0.0
0.2,2,10,pool,0.93,40.011596825545645,0,1,0.0
0.2,2,10,rep,0.95,42.31045765147624,0,1,0.0
0.2,2,10,stdcp,0.82,11.681930814688187,0,1,0.0
0.2,2,10,sub,0.96,44.09188072918455,0,1,0.0
0.2,2,15,dhcp_with,0.95,41.245717248535634,0,1,0.0
0.2,2,15,dhcp_without,0.95,41.245717248535634,0,1,0.0
0.2,2,15,hcp,0.96,42.72873769743152,0,1,0.0
0.2,2,15,pool,0.93,40.011596825545645,0,1,0.0
0.2,2,15,rep,0.95,42.31045765147624,0,1,0.0
0.2,2,15,stdcp,0.85,6.881832195350202,0,1,0.0
0.2,2,15,sub,0.96,44.09188072918455,0,1,0.0
0.2,2,20,dhcp_with,0.93,38.94046184298425,0,1,0.0
0.2,2,20,dhcp_without,0.93,38.94046184298425,0,1,0.0
0.2,2,20,hcp,0.96,42.72873769743152,0,1,0.0
0.2,2,20,pool,0.93,40.011596825545645,0,1,0.0
0.2,2,20,rep,0.95,42.31045765147624,0,1,0.0
0.2,2,20,stdcp,0.74,4.2179164285293975,0,1,0.0
0.2,2,20,sub,0.96,44.09188072918455,0,1,0.0
0.2,2,25,dhcp_with,0.85,14.938216216959006,0,1,0.0
0.2,2,25,dhcp_without,0.85,14.938216216959006,0,1,0.0
0.2,2,25,hcp,0.96,42.72873769743152,0,1,0.0
0.2,2,25,pool,0.93,40.011596825545645,0,1,0.0
0.2,2,25,rep,0.95,42.31045765147624,0,1,0.0
0.2,2,25,stdcp,0.82,4.641177569376913,0,1,0.0
0.2,2,25,sub,0.96,44.09188072918455,0,1,0.0
0.2,2,30,dhcp_with,0.75,14.034165881190866,0,1,0.0
0.2,2,30,dhcp_without,0.75,14.034165881190866,0,1,0.0
0.2,2,30,hcp,0.96,42.72873769743152,0,1,0.0
0.2,2,30,pool,0.93,40.011596825545645,0,1,0.0
0.2,2,30,rep,0.95,42.31045765147624,0,1,0.0
0.2,2,30,stdcp,0.83,3.83371359319377,0,1,0.0
0.2,2,30,sub,0.96,44.09188072918455,0,1,0.0
0.2,2,35,dhcp_with,0.8,14.25159015413833,0,1,0.0
0.2,2,35,dhcp_without,0.8,14.25159015413833,0,1,0.0
0.2,2,35,hcp,0.96,42.72873769743152,0,1,0.0
0.2,2,35,pool,0.93,40.011596825545645,0,1,0.0
0.2,2,35,rep,0.95,42.31045765147624,0,1,0.0
0.2,2,35,stdcp,0.84,3.795947039295328,0,1,0.0
0.2,2,35,sub,0.96,44.09188072918455,0,1,0.0
0.2,3,0,dhcp_with,0.91,23.934238402055072,0,1,0.0
0.2,3,0,dhcp_without,0.91,23.934238402055072,0,1,0.0
0.2,3,0,hcp,0.91,23.934238402055072,0,1,0.0
0.2,3,0,pool,0.84,20.783074946331077,0,1,0.0
0.2,3,0,rep,0.86,22.169437971186163,0,1,0.0
0.2,3,0,stdcp,1.0,inf,1,1,1.0
0.2,3,0,sub,0.91,23.934238402055072,0,1,0.0
0.2,3,5,dhcp_with,0.91,23.867021702280297,0,1,0.0
0.2,3,5,dhcp_without,0.91,23.867021702280297,0,1,0.0
0.2,3,5,hcp,0.91,23.934238402055072,0,1,0.0
0.2,3,5,pool,0.84,20.783074946331077,0,1,0.0
0.2,3,5,rep,0.86,22.169437971186163,0,1,0.0
0.2,3,5,stdcp,0.73,4.423765631303337,0,1,0.0
0.2,3,5,sub,0.91,23.934238402055072,0,1,0.0
0.2,3,10,dhcp_with,0.9,22.491997323330406,0,1,0.0
0.2,3,10,dhcp_without,0.9,22.491997323330406,0,1,0.0
0.2,3,10,hcp,0.91,23.934238402055072,0,1,0.0
0.2,3,10,pool,0.84,20.783074946331077,0,1,0.0
0.2,3,10,rep,0.86,22.169437971186163,0,1,0.0
0.2,3,10,stdcp,0.79,9.801636366553886,0,1,0.0
0.2,3,10,sub,0.91,23.934238402055072,0,1,0.0
0.2,3,15,dhcp_with,0.89,22.108377854500066,0,1,0.0
0.2,3,15,dhcp_without,0.89,22.108377854500066,0,1,0.0
0.2,3,15,hcp,0.91,23.934238402055072,0,1,0.0
0.2,3,15,pool,0.84,20.783074946331077,0,1,0.0
0.2,3,15,rep,0.86,22.169437971186163,0,1,0.0
0.2,3,15,stdcp,0.91,6.1104111726319275,0,1,0.0
0.2,3,15,sub,0.91,23.934238402055072,0,1,0.0
0.2,3,20,dhcp_with,0.86,20.585125756624674,0,1,0.0
0.2,3,20,dhcp_without,0.86,20.585125756624674,0,1,0.0
0.2,3,20,hcp,0.91,23.934238402055072,0,1,0.0
0.2,3,20,pool,0.84,20.783074946331077,0,1,0.0
0.2,3,20,rep,0.86,22.169437971186163,0,1,0.0
0.2,3,20,stdcp,0.84,4.027877299125136,0,1,0.0
0.2,3,20,sub,0.91,23.934238402055072,0,1,0.0
0.2,3,25,dhcp_with,0.84,12.53661906712324,0,1,0.0
0.2,3,25,dhcp_without,0.84,12.53661906712324,0,1,0.0
0.2,3,25,hcp,0.91,23.934238402055072,0,1,0.0
0.2,3,25,pool,0.84,20.783074946331077,0,1,0.0
0.2,3,25,rep,0.86,22.169437971186163,0,1,0.0
0.2,3,25,stdcp,0.88,4.298287390900551,0,1,0.0
0.2,3,25,sub,0.91,23.934238402055072,0,1,0.0
0.2,3,30,dhcp_with,0.82,11.659283936064897,0,1,0.0
0.2,3,30,dhcp_without,0.82,11.659283936064897,0,1,0.0
0.2,3,30,hcp,0.91,23.934238402055072,0,1,0.0
0.2,3,30,pool,0.84,20.783074946331077,0,1,0.0
0.2,3,30,rep,0.86,22.169437971186163,0,1,0.0
0.2,3,30,stdcp,0.8,3.3150375927835745,0,1,0.0
0.2,3,30,sub,0.91,23.934238402055072,0,1,0.0
0.2,3,35,dhcp_with,0.83,11.9365856011908,0,1,0.0
0.2,3,35,dhcp_without,0.83,11.9365856011908,0,1,0.0
0.2,3,35,hcp,0.91,23.934238402055072,0,1,0.0
0.2,3,35,pool,0.84,20.783074946331077,0,1,0.0
0.2,3,35,rep,0.86,22.169437971186163,0,1,0.0
0.2,3,35,stdcp,0.84,3.495002743728968,0,1,0.0
0.2,3,35,sub,0.91,23.934238402055072,0,1,0.0
0.2,4,0,dhcp_with,0.83,25.604277310081336,0,1,0.0
0.2,4,0,dhcp_without,0.83,25.604277310081336,0,1,0.0
0.2,4,0,hcp,0.83,25.604277310081336,0,1,0.0
0.2,4,0,pool,0.79,22.140930555118473,0,1,0.0
0.2,4,0,rep,0.8,23.304626192077293,0,1,0.0
0.2,4,0,stdcp,1.0,inf,1,1,1.0
0.2,4,0,sub,0.69,16.465571141908494,0,1,0.0
0.2,4,5,dhcp_with,0.83,24.71566556018154,0,1,0.0
0.2,4,5,dhcp_without,0.83,24.71566556018154,0,1,0.0
0.2,4,5,hcp,0.83,25.604277310081336,0,1,0.0
0.2,4,5,pool,0.79,22.140930555118473,0,1,0.0
0.2,4,5,rep,0.8,23.304626192077293,0,1,0.0
0.2,4,5,stdcp,0.81,5.1111875126002815,0,1,0.0
0.2,4,5,sub,0.69,16.465571141908494,0,1,0.0
0.2,4,10,dhcp_with,0.83,24.09904683022166,0,1,0.0
0.2,4,10,dhcp_without,0.83,24.09904683022166,0,1,0.0
0.2,4,10,hcp,0.83,25.604277310081336,0,1,0.0
0.2,4,10,pool,0.79,22.140930555118473,0,1,0.0
0.2,4,10,rep,0.8,23.304626192077293,0,1,0.0
0.2,4,10,stdcp,0.89,11.209692916614994,0,1,0.0
0.2,4,10,sub,0.69,16.465571141908494,0,1,0.0
0.2,4,15,dhcp_with,0.83,23.96892639277734,0,1,0.0
0.2,4,15,dhcp_without,0.83,23.96892639277734,0,1,0.0
0.2,4,15,hcp,0.83,25.604277310081336,0,1,0.0
0.2,4,15,pool,0.79,22.140930555118473,0,1,0.0
0.2,4,15,rep,0.8,23.304626192077293,0,1,0.0
0.2,4,15,stdcp,0.91,6.6534340154382345,0,1,0.0
0.2,4,15,sub,0.69,16.465571141908494,0,1,0.0
0.2,4,20,dhcp_with,0.82,21.556783095304326,0,1,0.0
0.2,4,20,dhcp_without,0.82,21.556783095304326,0,1,0.0
0.2,4,20,hcp,0.83,25.604277310081336,0,1,0.0
0.2,4,20,pool,0.79,22.140930555118473,0,1,0.0
0.2,4,20,rep,0.8,23.304626192077293,0,1,0.0
0.2,4,20,stdcp,0.83,4.4280558501099385,0,1,0.0
0.2,4,20,sub,0.69,16.465571141908494,0,1,0.0
0.2,4,25,dhcp_with,0.86,12.43417083969776,0,1,0.0
0.2,4,25,dhcp_without,0.86,12.43417083969776,0,1,0.0
0.2,4,25,hcp,0.83,25.604277310081336,0,1,0.0
0.2,4,25,pool,0.79,22.140930555118473,0,1,0.0
0.2,4,25,rep,0.8,23.304626192077293,0,1,0.0
0.2,4,25,stdcp,0.88,4.620738190960738,0,1,0.0
0.2,4,25,sub,0.69,16.465571141908494,0,1,0.0
0.2,4,30,dhcp_with,0.84,11.878250347455076,0,1,0.0
0.2,4,30,dhcp_without,0.84,11.878250347455076,0,1,0.0
0.2,4,30,hcp,0.83,25.604277310081336,0,1,0.0
0.2,4,30,pool,0.79,22.140930555118473,0,1,0.0
0.2,4,30,rep,0.8,23.304626192077293,0,1,0.0
0.2,4,30,stdcp,0.84,3.650873567822865,0,1,0.0
0.2,4,30,sub,0.69,16.465571141908494,0,1,0.0
0.2,4,35,dhcp_with,0.87,12.778999638989847,0,1,0.0
0.2,4,35,dhcp_without,0.87,12.778999638989847,0,1,0.0
0.2,4,35,hcp,0.83,25.604277310081336,0,1,0.0
0.2,4,35,pool,0.79,22.140930555118473,0,1,0.0
0.2,4,35,rep,0.8,23.304626192077293,0,1,0.0
0.2,4,35,stdcp,0.9,3.8364761662961024,0,1,0.0
0.2,4,35,sub,0.69,16.465571141908494,0,1,0.0
0.2,5,0,dhcp_with,0.95,36.66110471687237,0,1,0.0
0.2,5,0,dhcp_without,0.95,36.66110471687237,0,1,0.0
0.2,5,0,hcp,0.95,36.66110471687237,0,1,0.0
0.2,5,0,pool,0.91,31.075541145732114,0,1,0.0
0.2,5,0,rep,0.93,33.162943763293,0,1,0.0
0.2,5,0,stdcp,1.0,inf,1,1,1.0
0.2,5,0,sub,0.9,28.54566250551645,0,1,0.0
0.2,5,5,dhcp_with,0.95,34.95191797072681,0,1,0.0
0.2,5,5,dhcp_without,0.95,34.95191797072681,0,1,0.0
0.2,5,5,hcp,0.95,36.66110471687237,0,1,0.0
0.2,5,5,pool,0.91,31.075541145732114,0,1,0.0
0.2,5,5,rep,0.93,33.162943763293,0,1,0.0
0.2,5,5,stdcp,0.71,4.353766201131533,0,1,0.0
0.2,5,5,sub,0.9,28.54566250551645,0,1,0.0
0.2,5,10,dhcp_with,0.95,33.22057040730307,0,1,0.0
0.2,5,10,dhcp_without,0.95,33.22057040730307,0,1,0.0
0.2,5,10,hcp,0.95,36.66110471687237,0,1,0.0
0.2,5,10,pool,0.91,31.075541145732114,0,1,0.0
0.2,5,10,rep,0.93,33.162943763293,0,1,0.0
0.2,5,10,stdcp,0.87,12.239527098794946,0,1,0.0
0.2,5,10,sub,0.9,28.54566250551645,0,1,0.0
0.2,5,15,dhcp_with,0.95,31.767236089488357,0,1,0.0
0.2,5,15,dhcp_without,0.95,31.767236089488357,0,1,0.0
0.2,5,15,hcp,0.95,36.66110471687237,0,1,0.0
0.2,5,15,pool,0.91,31.075541145732114,0,1,0.0
0.2,5,15,rep,0.93,33.162943763293,0,1,0.0
0.2,5,15,stdcp,0.84,5.8152026711027345,0,1,0.0
0.2,5,15,sub,0.9,28.54566250551645,0,1,0.0
0.2,5,20,dhcp_with,0.94,28.950195956569452,0,1,0.0
0.2,5,20,dhcp_without,0.94,28.950195956569452,0,1,0.0
0.2,5,20,hcp,0.95,36.66110471687237,0,1,0.0
0.2,5,20,pool,0.91,31.075541145732114,0,1,0.0
0.2,5,20,rep,0.93,33.162943763293,0,1,0.0
0.2,5,20,stdcp,0.8,4.03729495395786,0,1,0.0
0.2,5,20,sub,0.9,28.54566250551645,0,1,0.0
0.2,5,25,dhcp_with,0.91,12.700120672388334,0,1,0.0
0.2,5,25,dhcp_without,0.91,12.700120672388334,0,1,0.0
0.2,5,25,hcp,0.95,36.66110471687237,0,1,0.0
0.2,5,25,pool,0.91,31.075541145732114,0,1,0.0
0.2,5,25,rep,0.93,33.162943763293,0,1,0.0
0.2,5,25,stdcp,0.79,4.305126636878319,0,1,0.0
0.2,5,25,sub,0.9,28.54566250551645,0,1,0.0
0.2,5,30,dhcp_with,0.86,11.612699561041092,0,1,0.0
0.2,5,30,dhcp_without,0.86,11.612699561041092,0,1,0.0
0.2,5,30,hcp,0.95,36.66110471687237,0,1,0.0
0.2,5,30,pool,0.91,31.075541145732114,0,1,0.0
0.2,5,30,rep,0.93,33.162943763293,0,1,0.0
0.2,5,30,stdcp,0.8,3.5704325910444012,0,1,0.0
0.2,5,30,sub,0.9,28.54566250551645,0,1,0.0
0.2,5,35,dhcp_with,0.87,12.174125139418415,0,1,0.0
0.2,5,35,dhcp_without,0.87,12.174125139418415,0,1,0.0
0.2,5,35,hcp,0.95,36.66110471687237,0,1,0.0
0.2,5,35,pool,0.91,31.075541145732114,0,1,0.0
0.2,5,35,rep,0.93,33.162943763293,0,1,0.0
0.2,5,35,stdcp,0.86,4.138746622073518,0,1,0.0
0.2,5,35,sub,0.9,28.54566250551645,0,1,0.0
0.2,6,0,dhcp_with,0.84,23.359925602935917,0,1,0.0
0.2,6,0,dhcp_without,0.84,23.359925602935917,0,1,0.0
0.2,6,0,hcp,0.84,23.359925602935917,0,1,0.0
0.2,6,0,pool,0.8,21.257968157504536,0,1,0.0
0.2,6,0,rep,0.81,21.986055435124722,0,1,0.0
0.2,6,0,stdcp,1.0,inf,1,1,1.0
0.2,6,0,sub,0.82,22.182756533412242,0,1,0.0
0.2,6,5,dhcp_with,0.84,23.27212281781506,0,1,0.0
0.2,6,5,dhcp_without,0.84,23.27212281781506,0,1,0.0
0.2,6,5,hcp,0.84,23.359925602935917,0,1,0.0
0.2,6,5,pool,0.8,21.257968157504536,0,1,0.0
0.2,6,5,rep,0.81,21.986055435124722,0,1,0.0
0.2,6,5,stdcp,0.78,5.081937860757532,0,1,0.0
0.2,6,5,sub,0.82,22.182756533412242,0,1,0.0
0.2,6,10,dhcp_with,0.84,23.001904722011936,0,1,0.0
0.2,6,10,dhcp_without,0.84,23.001904722011936,0,1,0.0
0.2,6,10,hcp,0.84,23.359925602935917,0,1,0.0
0.2,6,10,pool,0.8,21.257968157504536,0,1,0.0
0.2,6,10,rep,0.81,21.986055435124722,0,1,0.0
0.2,6,10,stdcp,0.84,10.356195264205345,0,1,0.0
0.2,6,10,sub,0.82,22.182756533412242,0,1,0.0
0.2,6,15,dhcp_with,0.84,22.062251189354683,0,1,0.0
0.2,6,15,dhcp_without,0.84,22.062251189354683,0,1,0.0
0.2,6,15,hcp,0.84,23.359925602935917,0,1,0.0
0.2,6,15,pool,0.8,21.257968157504536,0,1,0.0
0.2,6,15,rep,0.81,21.986055435124722,0,1,0.0
0.2,6,15,stdcp,0.93,6.306050683011504,0,1,0.0
0.2,6,15,sub,0.82,22.182756533412242,0,1,0.0
0.2,6,20,dhcp_with,0.82,21.250753481437087,0,1,0.0
0.2,6,20,dhcp_without,0.82,21.250753481437087,0,1,0.0
0.2,6,20,hcp,0.84,23.359925602935917,0,1,0.0
0.2,6,20,pool,0.8,21.257968157504536,0,1,0.0
0.2,6,20,rep,0.81,21.986055435124722,0,1,0.0
0.2,6,20,stdcp,0.8,4.409450220269701,0,1,0.0
0.2,6,20,sub,0.82,22.182756533412242,0,1,0.0
0.2,6,25,dhcp_with,0.86,12.136679772487378,0,1,0.0
0.2,6,25,dhcp_without,0.86,12.136679772487378,0,1,0.0
0.2,6,25,hcp,0.84,23.359925602935917,0,1,0.0
0.2,6,25,pool,0.8,21.257968157504536,0,1,0.0
0.2,6,25,rep,0.81,21.986055435124722,0,1,0.0
0.2,6,25,stdcp,0.9,4.528332703594156,0,1,0.0
0.2,6,25,sub,0.82,22.182756533412242,0,1,0.0
0.2,6,30,dhcp_with,0.78,11.910250970775202,0,1,0.0
0.2,6,30,dhcp_without,0.78,11.910250970775202,0,1,0.0
0.2,6,30,hcp,0.84,23.359925602935917,0,1,0.0
0.2,6,30,pool,0.8,21.257968157504536,0,1,0.0
0.2,6,30,rep,0.81,21.986055435124722,0,1,0.0
0.2,6,30,stdcp,0.8,3.73073076501349,0,1,0.0
0.2,6,30,sub,0.82,22.182756533412242,0,1,0.0
0.2,6,35,dhcp_with,0.84,12.489422313076453,0,1,0.0
0.2,6,35,dhcp_without,0.84,12.489422313076453,0,1,0.0
0.2,6,35,hcp,0.84,23.359925602935917,0,1,0.0
0.2,6,35,pool,0.8,21.257968157504536,0,1,0.0
0.2,6,35,rep,0.81,21.986055435124722,0,1,0.0
0.2,6,35,stdcp,0.85,3.8737583439433276,0,1,0.0
0.2,6,35,sub,0.82,22.182756533412242,0,1,0.0
0.2,7,0,dhcp_with,0.77,21.227894668974855,0,1,0.0
0.2,7,0,dhcp_without,0.77,21.227894668974855,0,1,0.0
0.2,7,0,hcp,0.77,21.227894668974855,0,1,0.0
0.2,7,0,pool,0.73,17.496850791179952,0,1,0.0
0.2,7,0,rep,0.76,19.334259597868616,0,1,0.0
0.2,7,0,stdcp,1.0,inf,1,1,1.0
0.2,7,0,sub,0.75,18.97923305811131,0,1,0.0
0.2,7,5,dhcp_with,0.77,20.4052390047789,0,1,0.0
0.2,7,5,dhcp_without,0.77,20.4052390047789,0,1,0.0
0.2,7,5,hcp,0.77,21.227894668974855,0,1,0.0
0.2,7,5,pool,0.73,17.496850791179952,0,1,0.0
0.2,7,5,rep,0.76,19.334259597868616,0,1,0.0
0.2,7,5,stdcp,0.79,4.759821739044387,0,1,0.0
0.2,7,5,sub,0.75,18.97923305811131,0,1,0.0
0.2,7,10,dhcp_with,0.76,19.67130483684226,0,1,0.0
0.2,7,10,dhcp_without,0.76,19.67130483684226,0,1,0.0
0.2,7,10,hcp,0.77,21.227894668974855,0,1,0.0
0.2,7,10,pool,0.73,17.496850791179952,0,1,0.0
0.2,7,10,rep,0.76,19.334259597868616,0,1,0.0
0.2,7,10,stdcp,0.88,9.163240080880508,0,1,0.0
0.2,7,10,sub,0.75,18.97923305811131,0,1,0.0
0.2,7,15,dhcp_with,0.75,18.97923305811131,0,1,0.0
0.2,7,15,dhcp_without,0.75,18.97923305811131,0,1,0.0
0.2,7,15,hcp,0.77,21.227894668974855,0,1,0.0
0.2,7,15,pool,0.73,17.496850791179952,0,1,0.0
0.2,7,15,rep,0.76,19.334259597868616,0,1,0.0
0.2,7,15,stdcp,0.94,6.510473853639064,0,1,0.0
0.2,7,15,sub,0.75,18.97923305811131,0,1,0.0
0.2,7,20,dhcp_with,0.75,17.496850791179952,0,1,0.0
0.2,7,20,dhcp_without,0.75,17.496850791179952,0,1,0.0
0.2,7,20,hcp,0.77,21.227894668974855,0,1,0.0
0.2,7,20,pool,0.73,17.496850791179952,0,1,0.0
0.2,7,20,rep,0.76,19.334259597868616,0,1,0.0
0.2,7,20,stdcp,0.79,4.095286241506569,0,1,0.0
0.2,7,20,sub,0.75,18.97923305811131,0,1,0.0
0.2,7,25,dhcp_with,0.83,11.67719626410423,0,1,0.0
0.2,7,25,dhcp_without,0.83,11.67719626410423,0,1,0.0
0.2,7,25,hcp,0.77,21.227894668974855,0,1,0.0
0.2,7,25,pool,0.73,17.496850791179952,0,1,0.0
0.2,7,25,rep,0.76,19.334259597868616,0,1,0.0
0.2,7,25,stdcp,0.87,4.5897858249546895,0,1,0.0
0.2,7,25,sub,0.75,18.97923305811131,0,1,0.0
0.2,7,30,dhcp_with,0.78,11.40081001214304,0,1,0.0
0.2,7,30,dhcp_without,0.78,11.40081001214304,0,1,0.0
0.2,7,30,hcp,0.77,21.227894668974855,0,1,0.0
0.2,7,30,pool,0.73,17.496850791179952,0,1,0.0
0.2,7,30,rep,0.76,19.334259597868616,0,1,0.0
0.2,7,30,stdcp,0.87,3.670598761912189,0,1,0.0
0.2,7,30,sub,0.75,18.97923305811131,0,1,0.0
0.2,7,35,dhcp_with,0.82,11.727848416665417,0,1,0.0
0.2,7,35,dhcp_without,0.82,11.727848416665417,0,1,0.0
0.2,7,35,hcp,0.77,21.227894668974855,0,1,0.0
0.2,7,35,pool,0.73,17.496850791179952,0,1,0.0
0.2,7,35,rep,0.76,19.334259597868616,0,1,0.0
0.2,7,35,stdcp,0.86,3.780537359299003,0,1,0.0
0.2,7,35,sub,0.75,18.97923305811131,0,1,0.0
0.2,8,0,dhcp_with,0.76,26.4279892687678,0,1,0.0
0.2,8,0,dhcp_without,0.76,26.4279892687678,0,1,0.0
0.2,8,0,hcp,0.76,26.4279892687678,0,1,0.0
0.2,8,0,pool,0.71,22.791579788910212,0,1,0.0
0.2,8,0,rep,0.71,23.921225197337414,0,1,0.0
0.2,8,0,stdcp,1.0,inf,1,1,1.0
0.2,8,0,sub,0.71,23.297692101743117,0,1,0.0
0.2,8,5,dhcp_with,0.76,26.367436323717957,0,1,0.0
0.2,8,5,dhcp_without,0.76,26.367436323717957,0,1,0.0
0.2,8,5,hcp,0.76,26.4279892687678,0,1,0.0
0.2,8,5,pool,0.71,22.791579788910212,0,1,0.0
0.2,8,5,rep,0.71,23.921225197337414,0,1,0.0
0.2,8,5,stdcp,0.79,5.05466525349909,0,1,0.0
0.2,8,5,sub,0.71,23.297692101743117,0,1,0.0
0.2,8,10,dhcp_with,0.74,24.646767960380508,0,1,0.0
0.2,8,10,dhcp_without,0.74,24.646767960380508,0,1,0.0
0.2,8,10,hcp,0.76,26.4279892687678,0,1,0.0
0.2,8,10,pool,0.71,22.791579788910212,0,1,0.0
0.2,8,10,rep,0.71,23.921225197337414,0,1,0.0
0.2,8,10,stdcp,0.8,8.958268068011144,0,1,0.0
0.2,8,10,sub,0.71,23.297692101743117,0,1,0.0
0.2,8,15,dhcp_with,0.74,23.499660669530698,0,1,0.0
0.2,8,15,dhcp_without,0.74,23.499660669530698,0,1,0.0
0.2,8,15,hcp,0.76,26.4279892687678,0,1,0.0
0.2,8,15,pool,0.71,22.791579788910212,0,1,0.0
0.2,8,15,rep,0.71,23.921225197337414,0,1,0.0
0.2,8,15,stdcp,0.89,6.081304768334144,0,1,0.0
0.2,8,15,sub,0.71,23.297692101743117,0,1,0.0
0.2,8,20,dhcp_with,0.72,23.0052848196015,0,1,0.0
0.2,8,20,dhcp_without,0.72,23.0052848196015,0,1,0.0
0.2,8,20,hcp,0.76,26.4279892687678,0,1,0.0
0.2,8,20,pool,0.71,22.791579788910212,0,1,0.0
0.2,8,20,rep,0.71,23.921225197337414,0,1,0.0
0.2,8,20,stdcp,0.8,3.834967025490359,0,1,0.0
0.2,8,20,sub,0.71,23.297692101743117,0,1,0.0
0.2,8,25,dhcp_with,0.88,18.390665580112078,0,1,0.0
0.2,8,25,dhcp_without,0.88,18.390665580112078,0,1,0.0
0.2,8,25,hcp,0.76,26.4279892687678,0,1,0.0
0.2,8,25,pool,0.71,22.791579788910212,0,1,0.0
0.2,8,25,rep,0.71,23.921225197337414,0,1,0.0
0.2,8,25,stdcp,0.88,4.304924038800079,0,1,0.0
0.2,8,25,sub,0.71,23.297692101743117,0,1,0.0
0.2,8,30,dhcp_with,0.83,17.770537582821778,0,1,0.0
0.2,8,30,dhcp_without,0.83,17.770537582821778,0,1,0.0
0.2,8,30,hcp,0.76,26.4279892687678,0,1,0.0
0.2,8,30,pool,0.71,22.791579788910212,0,1,0.0
0.2,8,30,rep,0.71,23.921225197337414,0,1,0.0
0.2,8,30,stdcp,0.81,3.303855522094241,0,1,0.0
0.2,8,30,sub,0.71,23.297692101743117,0,1,0.0
0.2,8,35,dhcp_with,0.83,17.378175316544414,0,1,0.0
0.2,8,35,dhcp_without,0.83,17.378175316544414,0,1,0.0
0.2,8,35,hcp,0.76,26.4279892687678,0,1,0.0
0.2,8,35,pool,0.71,22.791579788910212,0,1,0.0
0.2,8,35,rep,0.71,23.921225197337414,0,1,0.0
0.2,8,35,stdcp,0.81,3.541052459307935,0,1,0.0
0.2,8,35,sub,0.71,23.297692101743117,0,1,0.0
0.2,9,0,dhcp_with,0.85,21.539342565823034,0,1,0.0
0.2,9,0,dhcp_without,0.85,21.539342565823034,0,1,0.0
0.2,9,0,hcp,0.85,21.539342565823034,0,1,0.0
0.2,9,0,pool,0.8,18.09243240811382,0,1,0.0
0.2,9,0,rep,0.83,20.107138250480062,0,1,0.0
0.2,9,0,stdcp,1.0,inf,1,1,1.0
0.2,9,0,sub,0.75,16.13908081046059,0,1,0.0
0.2,9,5,dhcp_with,0.85,21.256821171605374,0,1,0.0
0.2,9,5,dhcp_without,0.85,21.256821171605374,0,1,0.0
0.2,9,5,hcp,0.85,21.539342565823034,0,1,0.0
0.2,9,5,pool,0.8,18.09243240811382,0,1,0.0
0.2,9,5,rep,0.83,20.107138250480062,0,1,0.0
0.2,9,5,stdcp,0.75,5.330518766100207,0,1,0.0
0.2,9,5,sub,0.75,16.13908081046059,0,1,0.0
0.2,9,10,dhcp_with,0.84,20.50171279570074,0,1,0.0
0.2,9,10,dhcp_without,0.84,20.50171279570074,0,1,0.0
0.2,9,10,hcp,0.85,21.539342565823034,0,1,0.0
0.2,9,10,pool,0.8,18.09243240811382,0,1,0.0
0.2,9,10,rep,0.83,20.107138250480062,0,1,0.0
0.2,9,10,stdcp,0.82,10.362514911253971,0,1,0.0
0.2,9,10,sub,0.75,16.13908081046059,0,1,0.0
0.2,9,15,dhcp_with,0.83,18.661422786841676,0,1,0.0
0.2,9,15,dhcp_without,0.83,18.661422786841676,0,1,0.0
0.2,9,15,hcp,0.85,21.539342565823034,0,1,0.0
0.2,9,15,pool,0.8,18.09243240811382,0,1,0.0
0.2,9,15,rep,0.83,20.107138250480062,0,1,0.0
0.2,9,15,stdcp,0.92,7.053588502817885,0,1,0.0
0.2,9,15,sub,0.75,16.13908081046059,0,1,0.0
0.2,9,20,dhcp_with,0.81,17.05934721309879,0,1,0.0
0.2,9,20,dhcp_without,0.81,17.05934721309879,0,1,0.0
0.2,9,20,hcp,0.85,21.539342565823034,0,1,0.0
0.2,9,20,pool,0.8,18.09243240811382,0,1,0.0
0.2,9,20,rep,0.83,20.107138250480062,0,1,0.0
0.2,9,20,stdcp,0.82,4.19603985717054,0,1,0.0
0.2,9,20,sub,0.75,16.13908081046059,0,1,0.0
0.2,9,25,dhcp_with,0.88,13.648376557643767,0,1,0.0
0.2,9,25,dhcp_without,0.88,13.648376557643767,0,1,0.0
0.2,9,25,hcp,0.85,21.539342565823034,0,1,0.0
0.2,9,25,pool,0.8,18.09243240811382,0,1,0.0
0.2,9,25,rep,0.83,20.107138250480062,0,1,0.0
0.2,9,25,stdcp,0.84,4.224701048538975,0,1,0.0
0.2,9,25,sub,0.75,16.13908081046059,0,1,0.0
0.2,9,30,dhcp_with,0.83,12.343833244699294,0,1,0.0
0.2,9,30,dhcp_without,0.83,12.343833244699294,0,1,0.0
0.2,9,30,hcp,0.85,21.539342565823034,0,1,0.0
0.2,9,30,pool,0.8,18.09243240811382,0,1,0.0
0.2,9,30,rep,0.83,20.107138250480062,0,1,0.0
0.2,9,30,stdcp,0.77,3.7670117313156624,0,1,0.0
0.2,9,30,sub,0.75,16.13908081046059,0,1,0.0
0.2,9,35,dhcp_with,0.86,13.37586921156879,0,1,0.0
0.2,9,35,dhcp_without,0.86,13.37586921156879,0,1,0.0
0.2,9,35,hcp,0.85,21.539342565823034,0,1,0.0
0.2,9,35,pool,0.8,18.09243240811382,0,1,0.0
0.2,9,35,rep,0.83,20.107138250480062,0,1,0.0
0.2,9,35,stdcp,0.84,3.9577942567685525,0,1,0.0
0.2,9,35,sub,0.75,16.13908081046059,0,1,0.0
0.2,10,0,dhcp_with,0.87,19.427988543645036,0,1,0.0
0.2,10,0,dhcp_without,0.87,19.427988543645036,0,1,0.0
0.2,10,0,hcp,0.87,19.427988543645036,0,1,0.0
0.2,10,0,pool,0.83,18.104283380103546,0,1,0.0
0.2,10,0,rep,0.84,18.910701618950565,0,1,0.0
0.2,10,0,stdcp,1.0,inf,1,1,1.0
0.2,10,0,sub,0.88,20.278551021968802,0,1,0.0
0.2,10,5,dhcp_with,0.86,19.14715547838451,0,1,0.0
0.2,10,5,dhcp_without,0.86,19.14715547838451,0,1,0.0
0.2,10,5,hcp,0.87,19.427988543645036,0,1,0.0
0.2,10,5,pool,0.83,18.104283380103546,0,1,0.0
0.2,10,5,rep,0.84,18.910701618950565,0,1,0.0
0.2,10,5,stdcp,0.8,4.850225500423359,0,1,0.0
0.2,10,5,sub,0.88,20.278551021968802,0,1,0.0
0.2,10,10,dhcp_with,0.85,18.974205239448708,0,1,0.0
0.2,10,10,dhcp_without,0.85,18.974205239448708,0,1,0.0
0.2,10,10,hcp,0.87,19.427988543645036,0,1,0.0
0.2,10,10,pool,0.83,18.104283380103546,0,1,0.0
0.2,10,10,rep,0.84,18.910701618950565,0,1,0.0
0.2,10,10,stdcp,0.85,11.782510580124846,0,1,0.0
0.2,10,10,sub,0.88,20.278551021968802,0,1,0.0
0.2,10,15,dhcp_with,0.84,18.54808674781078,0,1,0.0
0.2,10,15,dhcp_without,0.84,18.54808674781078,0,1,0.0
0.2,10,15,hcp,0.87,19.427988543645036,0,1,0.0
0.2,10,15,pool,0.83,18.104283380103546,0,1,0.0
0.2,10,15,rep,0.84,18.910701618950565,0,1,0.0
0.2,10,15,stdcp,0.86,5.726293567370771,0,1,0.0
0.2,10,15,sub,0.88,20.278551021968802,0,1,0.0
0.2,10,20,dhcp_with,0.83,18.148553238792502,0,1,0.0
0.2,10,20,dhcp_without,0.83,18.148553238792502,0,1,0.0
0.2,10,20,hcp,0.87,19.427988543645036,0,1,0.0
0.2,10,20,pool,0.83,18.104283380103546,0,1,0.0
0.2,10,20,rep,0.84,18.910701618950565,0,1,0.0
0.2,10,20,stdcp,0.8,4.426440806056236,0,1,0.0
0.2,10,20,sub,0.88,20.278551021968802,0,1,0.0
0.2,10,25,dhcp_with,0.86,14.564568841800847,0,1,0.0
0.2,10,25,dhcp_without,0.86,14.564568841800847,0,1,0.0
0.2,10,25,hcp,0.87,19.427988543645036,0,1,0.0
0.2,10,25,pool,0.83,18.104283380103546,0,1,0.0
0.2,10,25,rep,0.84,18.910701618950565,0,1,0.0
0.2,10,25,stdcp,0.89,4.532315723726727,0,1,0.0
0.2,10,25,sub,0.88,20.278551021968802,0,1,0.0
0.2,10,30,dhcp_with,0.8,14.486717875933167,0,1,0.0
0.2,10,30,dhcp_without,0.8,14.486717875933167,0,1,0.0
0.2,10,30,hcp,0.87,19.427988543645036,0,1,0.0
0.2,10,30,pool,0.83,18.104283380103546,0,1,0.0
0.2,10,30,rep,0.84,18.910701618950565,0,1,0.0
0.2,10,30,stdcp,0.84,3.5561191442357374,0,1,0.0
0.2,10,30,sub,0.88,20.278551021968802,0,1,0.0
0.2,10,35,dhcp_with,0.79,13.824585600696533,0,1,0.0
0.2,10,35,dhcp_without,0.79,13.824585600696533,0,1,0.0
0.2,10,35,hcp,0.87,19.427988543645036,0,1,0.0
0.2,10,35,pool,0.83,18.104283380103546,0,1,0.0
0.2,10,35,rep,0.84,18.910701618950565,0,1,0.0
0.2,10,35,stdcp,0.9,3.887911554596965,0,1,0.0
0.2,10,35,sub,0.88,20.278551021968802,0,1,0.0
0.2,11,0,dhcp_with,0.58,19.162027726473426,0,1,0.0
0.2,11,0,dhcp_without,0.58,19.162027726473426,0,1,0.0
0.2,11,0,hcp,0.58,19.162027726473426,0,1,0.0
0.2,11,0,pool,0.47,15.154755914962266,0,1,0.0
0.2,11,0,rep,0.54,16.793481104375886,0,1,0.0
0.2,11,0,stdcp,1.0,inf,1,1,1.0
0.2,11,0,sub,0.55,17.46947418131488,0,1,0.0
0.2,11,5,dhcp_with,0.56,17.46947418131488,0,1,0.0
0.2,11,5,dhcp_without,0.56,17.46947418131488,0,1,0.0
0.2,11,5,hcp,0.58,19.162027726473426,0,1,0.0
0.2,11,5,pool,0.47,15.154755914962266,0,1,0.0
0.2,11,5,rep,0.54,16.793481104375886,0,1,0.0
0.2,11,5,stdcp,0.73,4.561039099049035,0,1,0.0
0.2,11,5,sub,0.55,17.46947418131488,0,1,0.0
0.2,11,10,dhcp_with,0.52,16.836067142616997,0,1,0.0
0.2,11,10,dhcp_without,0.52,16.836067142616997,0,1,0.0
0.2,11,10,hcp,0.58,19.162027726473426,0,1,0.0
0.2,11,10,pool,0.47,15.154755914962266,0,1,0.0
0.2,11,10,rep,0.54,16.793481104375886,0,1,0.0
0.2,11,10,stdcp,0.76,8.021078293607683,0,1,0.0
0.2,11,10,sub,0.55,17.46947418131488,0,1,0.0
0.2,11,15,dhcp_with,0.51,16.807651504556283,0,1,0.0
0.2,11,15,dhcp_without,0.51,16.807651504556283,0,1,0.0
0.2,11,15,hcp,0.58,19.162027726473426,0,1,0.0
0.2,11,15,pool,0.47,15.154755914962266,0,1,0.0
0.2,11,15,rep,0.54,16.793481104375886,0,1,0.0
0.2,11,15,stdcp,0.89,6.538381843497153,0,1,0.0
0.2,11,15,sub,0.55,17.46947418131488,0,1,0.0
0.2,11,20,dhcp_with,0.5,15.204613880483873,0,1,0.0
0.2,11,20,dhcp_without,0.5,15.204613880483873,0,1,0.0
0.2,11,20,hcp,0.58,19.162027726473426,0,1,0.0
0.2,11,20,pool,0.47,15.154755914962266,0,1,0.0
0.2,11,20,rep,0.54,16.793481104375886,0,1,0.0
0.2,11,20,stdcp,0.84,4.356409069886861,0,1,0.0
0.2,11,20,sub,0.55,17.46947418131488,0,1,0.0
0.2,11,25,dhcp_with,0.87,15.747843347956042,0,1,0.0
0.2,11,25,dhcp_without,0.87,15.747843347956042,0,1,0.0
0.2,11,25,hcp,0.58,19.162027726473426,0,1,0.0
0.2,11,25,pool,0.47,15.154755914962266,0,1,0.0
0.2,11,25,rep,0.54,16.793481104375886,0,1,0.0
0.2,11,25,stdcp,0.79,4.382564662058568,0,1,0.0
0.2,11,25,sub,0.55,17.46947418131488,0,1,0.0
0.2,11,30,dhcp_with,0.8,14.837973797891934,0,1,0.0
0.2,11,30,dhcp_without,0.8,14.837973797891934,0,1,0.0
0.2,11,30,hcp,0.58,19.162027726473426,0,1,0.0
0.2,11,30,pool,0.47,15.154755914962266,0,1,0.0
0.2,11,30,rep,0.54,16.793481104375886,0,1,0.0
0.2,11,30,stdcp,0.79,3.6202583365829186,0,1,0.0
0.2,11,30,sub,0.55,17.46947418131488,0,1,0.0
0.2,11,35,dhcp_with,0.84,15.426151859937296,0,1,0.0
0.2,11,35,dhcp_without,0.84,15.426151859937296,0,1,0.0
0.2,11,35,hcp,0.58,19.162027726473426,0,1,0.0
0.2,11,35,pool,0.47,15.154755914962266,0,1,0.0
0.2,11,35,rep,0.54,16.793481104375886,0,1,0.0
0.2,11,35,stdcp,0.82,3.904964455314296,0,1,0.0
0.2,11,35,sub,0.55,17.46947418131488,0,1,0.0
0.2,12,0,dhcp_with,0.85,27.073702272034694,0,1,0.0
0.2,12,0,dhcp_without,0.85,27.073702272034694,0,1,0.0
0.2,12,0,hcp,0.85,27.073702272034694,0,1,0.0
0.2,12,0,pool,0.84,23.765666358563664,0,1,0.0
0.2,12,0,rep,0.85,26.021449182318946,0,1,0.0
0.2,12,0,stdcp,1.0,inf,1,1,1.0
0.2,12,0,sub,0.85,24.543284659022362,0,1,0.0
0.2,12,5,dhcp_with,0.85,26.529322477445653,0,1,0.0
0.2,12,5,dhcp_without,0.85,26.529322477445653,0,1,0.0
0.2,12,5,hcp,0.85,27.073702272034694,0,1,0.0
0.2,12,5,pool,0.84,23.765666358563664,0,1,0.0
0.2,12,5,rep,0.85,26.021449182318946,0,1,0.0
0.2,12,5,stdcp,0.72,4.628402369107412,0,1,0.0
0.2,12,5,sub,0.85,24.543284659022362,0,1,0.0
0.2,12,10,dhcp_with,0.85,25.86264441908186,0,1,0.0
0.2,12,10,dhcp_without,0.85,25.86264441908186,0,1,0.0
0.2,12,10,hcp,0.85,27.073702272034694,0,1,0.0
0.2,12,10,pool,0.84,23.765666358563664,0,1,0.0
0.2,12,10,rep,0.85,26.021449182318946,0,1,0.0
0.2,12,10,stdcp,0.84,10.157820707333482,0,1,0.0
0.2,12,10,sub,0.85,24.543284659022362,0,1,0.0
0.2,12,15,dhcp_with,0.85,24.81589259663517,0,1,0.0
0.2,12,15,dhcp_without,0.85,24.81589259663517,0,1,0.0
0.2,12,15,hcp,0.85,27.073702272034694,0,1,0.0
0.2,12,15,pool,0.84,23.765666358563664,0,1,0.0
0.2,12,15,rep,0.85,26.021449182318946,0,1,0.0
0.2,12,15,stdcp,0.86,6.4437530253675295,0,1,0.0
0.2,12,15,sub,0.85,24.543284659022362,0,1,0.0
0.2,12,20,dhcp_with,0.84,23.56865973452851,0,1,0.0
0.2,12,20,dhcp_without,0.84,23.56865973452851,0,1,0.0
0.2,12,20,hcp,0.85,27.073702272034694,0,1,0.0
0.2,12,20,pool,0.84,23.765666358563664,0,1,0.0
0.2,12,20,rep,0.85,26.021449182318946,0,1,0.0
0.2,12,20,stdcp,0.78,4.05398951972061,0,1,0.0
0.2,12,20,sub,0.85,24.543284659022362,0,1,0.0
0.2,12,25,dhcp_with,0.89,14.35460213567221,0,1,0.0
0.2,12,25,dhcp_without,0.89,14.35460213567221,0,1,0.0
0.2,12,25,hcp,0.85,27.073702272034694,0,1,0.0
0.2,12,25,pool,0.84,23.765666358563664,0,1,0.0
0.2,12,25,rep,0.85,26.021449182318946,0,1,0.0
0.2,12,25,stdcp,0.81,4.2649127965624185,0,1,0.0
0.2,12,25,sub,0.85,24.543284659022362,0,1,0.0
0.2,12,30,dhcp_with,0.85,13.323937458821042,0,1,0.0
0.2,12,30,dhcp_without,0.85,13.323937458821042,0,1,0.0
0.2,12,30,hcp,0.85,27.073702272034694,0,1,0.0
0.2,12,30,pool,0.84,23.765666358563664,0,1,0.0
0.2,12,30,rep,0.85,26.021449182318946,0,1,0.0
0.2,12,30,stdcp,0.77,3.4960466023173833,0,1,0.0
0.2,12,30,sub,0.85,24.543284659022362,0,1,0.0
0.2,12,35,dhcp_with,0.87,13.79932331530294,0,1,0.0
0.2,12,35,dhcp_without,0.87,13.79932331530294,0,1,0.0
0.2,12,35,hcp,0.85,27.073702272034694,0,1,0.0
0.2,12,35,pool,0.84,23.765666358563664,0,1,0.0
0.2,12,35,rep,0.85,26.021449182318946,0,1,0.0
0.2,12,35,stdcp,0.87,3.6042664493503853,0,1,0.0
0.2,12,35,sub,0.85,24.543284659022362,0,1,0.0
0.2,13,0,dhcp_with,0.86,24.157283966546853,0,1,0.0
0.2,13,0,dhcp_without,0.86,24.157283966546853,0,1,0.0
0.2,13,0,hcp,0.86,24.157283966546853,0,1,0.0
0.2,13,0,pool,0.68,17.83235339879809,0,1,0.0
0.2,13,0,rep,0.69,18.632628742215157,0,1,0.0
0.2,13,0,stdcp,1.0,inf,1,1,1.0
0.2,13,0,sub,0.86,23.688274770012423,0,1,0.0
0.2,13,5,dhcp_with,0.85,23.005992445969085,0,1,0.0
0.2,13,5,dhcp_without,0.85,23.005992445969085,0,1,0.0
0.2,13,5,hcp,0.86,24.157283966546853,0,1,0.0
0.2,13,5,pool,0.68,17.83235339879809,0,1,0.0
0.2,13,5,rep,0.69,18.632628742215157,0,1,0.0
0.2,13,5,stdcp,0.82,5.042867865840607,0,1,0.0
0.2,13,5,sub,0.86,23.688274770012423,0,1,0.0
0.2,13,10,dhcp_with,0.84,22.537867840328314,0,1,0.0
0.2,13,10,dhcp_without,0.84,22.537867840328314,0,1,0.0
0.2,13,10,hcp,0.86,24.157283966546853,0,1,0.0
0.2,13,10,pool,0.68,17.83235339879809,0,1,0.0
0.2,13,10,rep,0.69,18.632628742215157,0,1,0.0
0.2,13,10,stdcp,0.84,14.146218973869264,0,1,0.0
0.2,13,10,sub,0.86,23.688274770012423,0,1,0.0
0.2,13,15,dhcp_with,0.84,19.623249737440183,0,1,0.0
0.2,13,15,dhcp_without,0.84,19.623249737440183,0,1,0.0
0.2,13,15,hcp,0.86,24.157283966546853,0,1,0.0
0.2,13,15,pool,0.68,17.83235339879809,0,1,0.0
0.2,13,15,rep,0.69,18.632628742215157,0,1,0.0
0.2,13,15,stdcp,0.86,7.169104815421756,0,1,0.0
0.2,13,15,sub,0.86,23.688274770012423,0,1,0.0
0.2,13,20,dhcp_with,0.75,17.83235339879809,0,1,0.0
0.2,13,20,dhcp_without,0.75,17.83235339879809,0,1,0.0
0.2,13,20,hcp,0.86,24.157283966546853,0,1,0.0
0.2,13,20,pool,0.68,17.83235339879809,0,1,0.0
0.2,13,20,rep,0.69,18.632628742215157,0,1,0.0
0.2,13,20,stdcp,0.86,4.649246152359433,0,1,0.0
0.2,13,20,sub,0.86,23.688274770012423,0,1,0.0
0.2,13,25,dhcp_with,0.82,14.752354188236243,0,1,0.0
0.2,13,25,dhcp_without,0.82,14.752354188236243,0,1,0.0
0.2,13,25,hcp,0.86,24.157283966546853,0,1,0.0
0.2,13,25,pool,0.68,17.83235339879809,0,1,0.0
0.2,13,25,rep,0.69,18.632628742215157,0,1,0.0
0.2,13,25,stdcp,0.85,4.717114171816627,0,1,0.0
0.2,13,25,sub,0.86,23.688274770012423,0,1,0.0
0.2,13,30,dhcp_with,0.78,14.0981221585103,0,1,0.0
0.2,13,30,dhcp_without,0.78,14.0981221585103,0,1,0.0
0.2,13,30,hcp,0.86,24.157283966546853,0,1,0.0
0.2,13,30,pool,0.68,17.83235339879809,0,1,0.0
0.2,13,30,rep,0.69,18.632628742215157,0,1,0.0
0.2,13,30,stdcp,0.83,4.044214099061296,0,1,0.0
0.2,13,30,sub,0.86,23.688274770012423,0,1,0.0
0.2,13,35,dhcp_with,0.84,14.504906473998085,0,1,0.0
0.2,13,35,dhcp_without,0.84,14.504906473998085,0,1,0.0
0.2,13,35,hcp,0.86,24.157283966546853,0,1,0.0
0.2,13,35,pool,0.68,17.83235339879809,0,1,0.0
0.2,13,35,rep,0.69,18.632628742215157,0,1,0.0
0.2,13,35,stdcp,0.86,3.958982394107739,0,1,0.0
0.2,13,35,sub,0.86,23.688274770012423,0,1,0.0
0.2,14,0,dhcp_with,0.8,17.867539882448824,0,1,0.0
0.2,14,0,dhcp_without,0.8,17.867539882448824,0,1,0.0
0.2,14,0,hcp,0.8,17.867539882448824,0,1,0.0
0.2,14,0,pool,0.75,16.067324508084415,0,1,0.0
0.2,14,0,rep,0.76,16.80519337731824,0,1,0.0
0.2,14,0,stdcp,1.0,inf,1,1,1.0
0.2,14,0,sub,0.81,18.477904354543146,0,1,0.0
0.2,14,5,dhcp_with,0.8,17.35169251213408,0,1,0.0
0.2,14,5,dhcp_without,0.8,17.35169251213408,0,1,0.0
0.2,14,5,hcp,0.8,17.867539882448824,0,1,0.0
0.2,14,5,pool,0.75,16.067324508084415,0,1,0.0
0.2,14,5,rep,0.76,16.80519337731824,0,1,0.0
0.2,14,5,stdcp,0.74,4.144253000100147,0,1,0.0
0.2,14,5,sub,0.81,18.477904354543146,0,1,0.0
0.2,14,10,dhcp_with,0.79,16.87953905665352,0,1,0.0
0.2,14,10,dhcp_without,0.79,16.87953905665352,0,1,0.0
0.2,14,10,hcp,0.8,17.867539882448824,0,1,0.0
0.2,14,10,pool,0.75,16.067324508084415,0,1,0.0
0.2,14,10,rep,0.76,16.80519337731824,0,1,0.0
0.2,14,10,stdcp,0.86,12.624203389358195,0,1,0.0
0.2,14,10,sub,0.81,18.477904354543146,0,1,0.0
0.2,14,15,dhcp_with,0.79,16.57589735570616,0,1,0.0
0.2,14,15,dhcp_without,0.79,16.57589735570616,0,1,0.0
0.2,14,15,hcp,0.8,17.867539882448824,0,1,0.0
0.2,14,15,pool,0.75,16.067324508084415,0,1,0.0
0.2,14,15,rep,0.76,16.80519337731824,0,1,0.0
0.2,14,15,stdcp,0.88,6.805950338304223,0,1,0.0
0.2,14,15,sub,0.81,18.477904354543146,0,1,0.0
0.2,14,20,dhcp_with,0.78,16.304202799524063,0,1,0.0
0.2,14,20,dhcp_without,0.78,16.304202799524063,0,1,0.0
0.2,14,20,hcp,0.8,17.867539882448824,0,1,0.0
0.2,14,20,pool,0.75,16.067324508084415,0,1,0.0
0.2,14,20,rep,0.76,16.80519337731824,0,1,0.0
0.2,14,20,stdcp,0.84,3.8452882712171474,0,1,0.0
0.2,14,20,sub,0.81,18.477904354543146,0,1,0.0
0.2,14,25,dhcp_with,0.83,12.230474285279005,0,1,0.0
0.2,14,25,dhcp_without,0.83,12.230474285279005,0,1,0.0
0.2,14,25,hcp,0.8,17.867539882448824,0,1,0.0
0.2,14,25,pool,0.75,16.067324508084415,0,1,0.0
0.2,14,25,rep,0.76,16.80519337731824,0,1,0.0
0.2,14,25,stdcp,0.83,4.265141512248629,0,1,0.0
0.2,14,25,sub,0.81,18.477904354543146,0,1,0.0
0.2,14,30,dhcp_with,0.79,11.41368105658648,0,1,0.0
0.2,14,30,dhcp_without,0.79,11.41368105658648,0,1,0.0
0.2,14,30,hcp,0.8,17.867539882448824,0,1,0.0
0.2,14,30,pool,0.75,16.067324508084415,0,1,0.0
0.2,14,30,rep,0.76,16.80519337731824,0,1,0.0
0.2,14,30,stdcp,0.75,3.452254186887595,0,1,0.0
0.2,14,30,sub,0.81,18.477904354543146,0,1,0.0
0.2,14,35,dhcp_with,0.78,11.66525078082978,0,1,0.0
0.2,14,35,dhcp_without,0.78,11.66525078082978,0,1,0.0
0.2,14,35,hcp,0.8,17.867539882448824,0,1,0.0
0.2,14,35,pool,0.75,16.067324508084415,0,1,0.0
0.2,14,35,rep,0.76,16.80519337731824,0,1,0.0
0.2,14,35,stdcp,0.81,3.5901383362733164,0,1,0.0
0.2,14,35,sub,0.81,18.477904354543146,0,1,0.0
0.2,15,0,dhcp_with,0.98,83.5157352192463,0,1,0.0
0.2,15,0,dhcp_without,0.98,83.5157352192463,0,1,0.0
0.2,15,0,hcp,0.98,83.5157352192463,0,1,0.0
0.2,15,0,pool,0.94,70.93347314442725,0,1,0.0
0.2,15,0,rep,0.97,81.21602332926246,0,1,0.0
0.2,15,0,stdcp,1.0,inf,1,1,1.0
0.2,15,0,sub,0.94,74.08489207165421,0,1,0.0
0.2,15,5,dhcp_with,0.98,83.42359807992604,0,1,0.0
0.2,15,5,dhcp_without,0.98,83.42359807992604,0,1,0.0
0.2,15,5,hcp,0.98,83.5157352192463,0,1,0.0
0.2,15,5,pool,0.94,70.93347314442725,0,1,0.0
0.2,15,5,rep,0.97,81.21602332926246,0,1,0.0
0.2,15,5,stdcp,0.77,4.956276554673454,0,1,0.0
0.2,15,5,sub,0.94,74.08489207165421,0,1,0.0
0.2,15,10,dhcp_with,0.98,82.81267317779711,0,1,0.0
0.2,15,10,dhcp_without,0.98,82.81267317779711,0,1,0.0
0.2,15,10,hcp,0.98,83.5157352192463,0,1,0.0
0.2,15,10,pool,0.94,70.93347314442725,0,1,0.0
0.2,15,10,rep,0.97,81.21602332926246,0,1,0.0
0.2,15,10,stdcp,0.83,11.298410506279101,0,1,0.0
0.2,15,10,sub,0.94,74.08489207165421,0,1,0.0
0.2,15,15,dhcp_with,0.97,81.78651343413898,0,1,0.0
0.2,15,15,dhcp_without,0.97,81.78651343413898,0,1,0.0
0.2,15,15,hcp,0.98,83.5157352192463,0,1,0.0
0.2,15,15,pool,0.94,70.93347314442725,0,1,0.0
0.2,15,15,rep,0.97,81.21602332926246,0,1,0.0
0.2,15,15,stdcp,0.94,6.521806287498153,0,1,0.0
0.2,15,15,sub,0.94,74.08489207165421,0,1,0.0
0.2,15,20,dhcp_with,0.92,38.419204737429055,0,1,0.0
0.2,15,20,dhcp_without,0.92,38.419204737429055,0,1,0.0
0.2,15,20,hcp,0.98,83.5157352192463,0,1,0.0
0.2,15,20,pool,0.94,70.93347314442725,0,1,0.0
0.2,15,20,rep,0.97,81.21602332926246,0,1,0.0
0.2,15,20,stdcp,0.84,4.2112168843453315,0,1,0.0
0.2,15,20,sub,0.94,74.08489207165421,0,1,0.0
0.2,15,25,dhcp_with,0.92,16.29237255430357,0,1,0.0
0.2,15,25,dhcp_without,0.92,16.29237255430357,0,1,0.0
0.2,15,25,hcp,0.98,83.5157352192463,0,1,0.0
0.2,15,25,pool,0.94,70.93347314442725,0,1,0.0
0.2,15,25,rep,0.97,81.21602332926246,0,1,0.0
0.2,15,25,stdcp,0.86,4.492243217087145,0,1,0.0
0.2,15,25,sub,0.94,74.08489207165421,0,1,0.0
0.2,15,30,dhcp_with,0.84,16.130726688575216,0,1,0.0
0.2,15,30,dhcp_without,0.84,16.130726688575216,0,1,0.0
0.2,15,30,hcp,0.98,83.5157352192463,0,1,0.0
0.2,15,30,pool,0.94,70.93347314442725,0,1,0.0
0.2,15,30,rep,0.97,81.21602332926246,0,1,0.0
0.2,15,30,stdcp,0.86,3.991999311119045,0,1,0.0
0.2,15,30,sub,0.94,74.08489207165421,0,1,0.0
0.2,15,35,dhcp_with,0.91,16.777934910280113,0,1,0.0
0.2,15,35,dhcp_without,0.91,16.777934910280113,0,1,0.0
0.2,15,35,hcp,0.98,83.5157352192463,0,1,0.0
0.2,15,35,pool,0.94,70.93347314442725,0,1,0.0
0.2,15,35,rep,0.97,81.21602332926246,0,1,0.0
0.2,15,35,stdcp,0.83,3.875087214271672,0,1,0.0
0.2,15,35,sub,0.94,74.08489207165421,0,1,0.0
0.2,16,0,dhcp_with,0.94,44.68032991995186,0,1,0.0
0.2,16,0,dhcp_without,0.94,44.68032991995186,0,1,0.0
0.2,16,0,hcp,0.94,44.68032991995186,0,1,0.0
0.2,16,0,pool,0.84,37.829776706957894,0,1,0.0
0.2,16,0,rep,0.91,42.18226133118427,0,1,0.0
0.2,16,0,stdcp,1.0,inf,1,1,1.0
0.2,16,0,sub,0.84,37.829776706957894,0,1,0.0
0.2,16,5,dhcp_with,0.94,44.092712711751034,0,1,0.0
0.2,16,5,dhcp_without,0.94,44.092712711751034,0,1,0.0
0.2,16,5,hcp,0.94,44.68032991995186,0,1,0.0
0.2,16,5,pool,0.84,37.829776706957894,0,1,0.0
0.2,16,5,rep,0.91,42.18226133118427,0,1,0.0
0.2,16,5,stdcp,0.78,4.9017475334836025,0,1,0.0
0.2,16,5,sub,0.84,37.829776706957894,0,1,0.0
0.2,16,10,dhcp_with,0.91,40.91055180965275,0,1,0.0
0.2,16,10,dhcp_without,0.91,40.91055180965275,0,1,0.0
0.2,16,10,hcp,0.94,44.68032991995186,0,1,0.0
0.2,16,10,pool,0.84,37.829776706957894,0,1,0.0
0.2,16,10,rep,0.91,42.18226133118427,0,1,0.0
0.2,16,10,stdcp,0.85,10.407434090957867,0,1,0.0
0.2,16,10,sub,0.84,37.829776706957894,0,1,0.0
0.2,16,15,dhcp_with,0.9,38.836264529098315,0,1,0.0
0.2,16,15,dhcp_without,0.9,38.836264529098315,0,1,0.0
0.2,16,15,hcp,0.94,44.68032991995186,0,1,0.0
0.2,16,15,pool,0.84,37.829776706957894,0,1,0.0
0.2,16,15,rep,0.91,42.18226133118427,0,1,0.0
0.2,16,15,stdcp,0.86,6.415524209242192,0,1,0.0
0.2,16,15,sub,0.84,37.829776706957894,0,1,0.0
0.2,16,20,dhcp_with,0.89,36.558516944549325,0,1,0.0
0.2,16,20,dhcp_without,0.89,36.558516944549325,0,1,0.0
0.2,16,20,hcp,0.94,44.68032991995186,0,1,0.0
0.2,16,20,pool,0.84,37.829776706957894,0,1,0.0
0.2,16,20,rep,0.91,42.18226133118427,0,1,0.0
0.2,16,20,stdcp,0.86,4.585551153052625,0,1,0.0
0.2,16,20,sub,0.84,37.829776706957894,0,1,0.0
0.2,16,25,dhcp_with,0.87,12.159839823442322,0,1,0.0
0.2,16,25,dhcp_without,0.87,12.159839823442322,0,1,0.0
0.2,16,25,hcp,0.94,44.68032991995186,0,1,0.0
0.2,16,25,pool,0.84,37.829776706957894,0,1,0.0
0.2,16,25,rep,0.91,42.18226133118427,0,1,0.0
0.2,16,25,stdcp,0.89,4.635951780473852,0,1,0.0
0.2,16,25,sub,0.84,37.829776706957894,0,1,0.0
0.2,16,30,dhcp_with,0.85,11.830917179101704,0,1,0.0
0.2,16,30,dhcp_without,0.85,11.830917179101704,0,1,0.0
0.2,16,30,hcp,0.94,44.68032991995186,0,1,0.0
0.2,16,30,pool,0.84,37.829776706957894,0,1,0.0
0.2,16,30,rep,0.91,42.18226133118427,0,1,0.0
0.2,16,30,stdcp,0.87,3.68111320198979,0,1,0.0
0.2,16,30,sub,0.84,37.829776706957894,0,1,0.0
0.2,16,35,dhcp_with,0.9,11.830917179101704,0,1,0.0
0.2,16,35,dhcp_without,0.9,11.830917179101704,0,1,0.0
0.2,16,35,hcp,0.94,44.68032991995186,0,1,0.0
0.2,16,35,pool,0.84,37.829776706957894,0,1,0.0
0.2,16,35,rep,0.91,42.18226133118427,0,1,0.0
0.2,16,35,stdcp,0.85,4.049114952744937,0,1,0.0
0.2,16,35,sub,0.84,37.829776706957894,0,1,0.0
0.2,17,0,dhcp_with,0.87,28.69100839943087,0,1,0.0
0.2,17,0,dhcp_without,0.87,28.69100839943087,0,1,0.0
0.2,17,0,hcp,0.87,28.69100839943087,0,1,0.0
0.2,17,0,pool,0.84,26.23923181349006,0,1,0.0
0.2,17,0,rep,0.87,27.664884079224734,0,1,0.0
0.2,17,0,stdcp,1.0,inf,1,1,1.0
0.2,17,0,sub,0.87,27.660935596748487,0,1,0.0
0.2,17,5,dhcp_with,0.88,28.596059868845394,0,1,0.0
0.2,17,5,dhcp_without,0.88,28.596059868845394,0,1,0.0
0.2,17,5,hcp,0.87,28.69100839943087,0,1,0.0
0.2,17,5,pool,0.84,26.23923181349006,0,1,0.0
0.2,17,5,rep,0.87,27.664884079224734,0,1,0.0
0.2,17,5,stdcp,0.69,5.814794305265842,0,1,0.0
0.2,17,5,sub,0.87,27.660935596748487,0,1,0.0
0.2,17,10,dhcp_with,0.87,27.54919767045199,0,1,0.0
0.2,17,10,dhcp_without,0.87,27.54919767045199,0,1,0.0
0.2,17,10,hcp,0.87,28.69100839943087,0,1,0.0
0.2,17,10,pool,0.84,26.23923181349006,0,1,0.0
0.2,17,10,rep,0.87,27.664884079224734,0,1,0.0
0.2,17,10,stdcp,0.8,13.92962078899184,0,1,0.0
0.2,17,10,sub,0.87,27.660935596748487,0,1,0.0
0.2,17,15,dhcp_with,0.87,27.29202224286019,0,1,0.0
0.2,17,15,dhcp_without,0.87,27.29202224286019,0,1,0.0
0.2,17,15,hcp,0.87,28.69100839943087,0,1,0.0
0.2,17,15,pool,0.84,26.23923181349006,0,1,0.0
0.2,17,15,rep,0.87,27.664884079224734,0,1,0.0
0.2,17,15,stdcp,0.9,7.126001801772656,0,1,0.0
0.2,17,15,sub,0.87,27.660935596748487,0,1,0.0
0.2,17,20,dhcp_with,0.85,25.474603040306683,0,1,0.0
0.2,17,20,dhcp_without,0.85,25.474603040306683,0,1,0.0
0.2,17,20,hcp,0.87,28.69100839943087,0,1,0.0
0.2,17,20,pool,0.84,26.23923181349006,0,1,0.0
0.2,17,20,rep,0.87,27.664884079224734,0,1,0.0
0.2,17,20,stdcp,0.82,4.3981367000610145,0,1,0.0
0.2,17,20,sub,0.87,27.660935596748487,0,1,0.0
0.2,17,25,dhcp_with,0.85,11.3494798882836,0,1,0.0
0.2,17,25,dhcp_without,0.85,11.3494798882836,0,1,0.0
0.2,17,25,hcp,0.87,28.69100839943087,0,1,0.0
0.2,17,25,pool,0.84,26.23923181349006,0,1,0.0
0.2,17,25,rep,0.87,27.664884079224734,0,1,0.0
0.2,17,25,stdcp,0.87,4.3796839315914315,0,1,0.0
0.2,17,25,sub,0.87,27.660935596748487,0,1,0.0
0.2,17,30,dhcp_with,0.86,10.989445268703369,0,1,0.0
0.2,17,30,dhcp_without,0.86,10.989445268703369,0,1,0.0
0.2,17,30,hcp,0.87,28.69100839943087,0,1,0.0
0.2,17,30,pool,0.84,26.23923181349006,0,1,0.0
0.2,17,30,rep,0.87,27.664884079224734,0,1,0.0
0.2,17,30,stdcp,0.8,3.914541761951753,0,1,0.0
0.2,17,30,sub,0.87,27.660935596748487,0,1,0.0
0.2,17,35,dhcp_with,0.89,11.578769032339265,0,1,0.0
0.2,17,35,dhcp_without,0.89,11.578769032339265,0,1,0.0
0.2,17,35,hcp,0.87,28.69100839943087,0,1,0.0
0.2,17,35,pool,0.84,26.23923181349006,0,1,0.0
0.2,17,35,rep,0.87,27.664884079224734,0,1,0.0
0.2,17,35,stdcp,0.84,3.8385882243255525,0,1,0.0
0.2,17,35,sub,0.87,27.660935596748487,0,1,0.0
0.2,18,0,dhcp_with,0.97,35.279643391349744,0,1,0.0
0.2,18,0,dhcp_without,0.97,35.279643391349744,0,1,0.0
0.2,18,0,hcp,0.97,35.279643391349744,0,1,0.0
0.2,18,0,pool,0.91,31.25467973996693,0,1,0.0
0.2,18,0,rep,0.94,34.14729086953113,0,1,0.0
0.2,18,0,stdcp,1.0,inf,1,1,1.0
0.2,18,0,sub,0.94,33.282249850292075,0,1,0.0
0.2,18,5,dhcp_with,0.95,34.53432229554298,0,1,0.0
0.2,18,5,dhcp_without,0.95,34.53432229554298,0,1,0.0
0.2,18,5,hcp,0.97,35.279643391349744,0,1,0.0
0.2,18,5,pool,0.91,31.25467973996693,0,1,0.0
0.2,18,5,rep,0.94,34.14729086953113,0,1,0.0
0.2,18,5,stdcp,0.79,5.1972911296760085,0,1,0.0
0.2,18,5,sub,0.94,33.282249850292075,0,1,0.0
0.2,18,10,dhcp_with,0.95,33.71724447973259,0,1,0.0
0.2,18,10,dhcp_without,0.95,33.71724447973259,0,1,0.0
0.2,18,10,hcp,0.97,35.279643391349744,0,1,0.0
0.2,18,10,pool,0.91,31.25467973996693,0,1,0.0
0.2,18,10,rep,0.94,34.14729086953113,0,1,0.0
0.2,18,10,stdcp,0.87,11.848518177393169,0,1,0.0
0.2,18,10,sub,0.94,33.282249850292075,0,1,0.0
0.2,18,15,dhcp_with,0.94,32.407477372613656,0,1,0.0
0.2,18,15,dhcp_without,0.94,32.407477372613656,0,1,0.0
0.2,18,15,hcp,0.97,35.279643391349744,0,1,0.0
0.2,18,15,pool,0.91,31.25467973996693,0,1,0.0
0.2,18,15,rep,0.94,34.14729086953113,0,1,0.0
0.2,18,15,stdcp,0.87,6.102068285128292,0,1,0.0
0.2,18,15,sub,0.94,33.282249850292075,0,1,0.0
0.2,18,20,dhcp_with,0.93,29.38587286955454,0,1,0.0
0.2,18,20,dhcp_without,0.93,29.38587286955454,0,1,0.0
0.2,18,20,hcp,0.97,35.279643391349744,0,1,0.0
0.2,18,20,pool,0.91,31.25467973996693,0,1,0.0
0.2,18,20,rep,0.94,34.14729086953113,0,1,0.0
0.2,18,20,stdcp,0.82,4.096640900668026,0,1,0.0
0.2,18,20,sub,0.94,33.282249850292075,0,1,0.0
0.2,18,25,dhcp_with,0.8,13.124807218016151,0,1,0.0
0.2,18,25,dhcp_without,0.8,13.124807218016151,0,1,0.0
0.2,18,25,hcp,0.97,35.279643391349744,0,1,0.0
0.2,18,25,pool,0.91,31.25467973996693,0,1,0.0
0.2,18,25,rep,0.94,34.14729086953113,0,1,0.0
0.2,18,25,stdcp,0.83,4.216273231583231,0,1,0.0
0.2,18,25,sub,0.94,33.282249850292075,0,1,0.0
0.2,18,30,dhcp_with,0.78,12.733700502850569,0,1,0.0
0.2,18,30,dhcp_without,0.78,12.733700502850569,0,1,0.0
0.2,18,30,hcp,0.97,35.279643391349744,0,1,0.0
0.2,18,30,pool,0.91,31.25467973996693,0,1,0.0
0.2,18,30,rep,0.94,34.14729086953113,0,1,0.0
0.2,18,30,stdcp,0.87,4.070382276726193,0,1,0.0
0.2,18,30,sub,0.94,33.282249850292075,0,1,0.0
0.2,18,35,dhcp_with,0.82,13.287657390334072,0,1,0.0
0.2,18,35,dhcp_without,0.82,13.287657390334072,0,1,0.0
0.2,18,35,hcp,0.97,35.279643391349744,0,1,0.0
0.2,18,35,pool,0.91,31.25467973996693,0,1,0.0
0.2,18,35,rep,0.94,34.14729086953113,0,1,0.0
0.2,18,35,stdcp,0.83,3.870858508911298,0,1,0.0
0.2,18,35,sub,0.94,33.282249850292075,0,1,0.0
0.2,19,0,dhcp_with,0.47,13.957623854081259,0,1,0.0
0.2,19,0,dhcp_without,0.47,13.957623854081259,0,1,0.0
0.2,19,0,hcp,0.47,13.957623854081259,0,1,0.0
0.2,19,0,pool,0.44,12.245847227151675,0,1,0.0
0.2,19,0,rep,0.47,13.99295124099083,0,1,0.0
0.2,19,0,stdcp,1.0,inf,1,1,1.0
0.2,19,0,sub,0.69,21.140578705574566,0,1,0.0
0.2,19,5,dhcp_with,0.47,13.48360160204463,0,1,0.0
0.2,19,5,dhcp_without,0.47,13.48360160204463,0,1,0.0
0.2,19,5,hcp,0.47,13.957623854081259,0,1,0.0
0.2,19,5,pool,0.44,12.245847227151675,0,1,0.0
0.2,19,5,rep,0.47,13.99295124099083,0,1,0.0
0.2,19,5,stdcp,0.77,4.997194223052283,0,1,0.0
0.2,19,5,sub,0.69,21.140578705574566,0,1,0.0
0.2,19,10,dhcp_with,0.48,13.48360160204463,0,1,0.0
0.2,19,10,dhcp_without,0.48,13.48360160204463,0,1,0.0
0.2,19,10,hcp,0.47,13.957623854081259,0,1,0.0
0.2,19,10,pool,0.44,12.245847227151675,0,1,0.0
0.2,19,10,rep,0.47,13.99295124099083,0,1,0.0
0.2,19,10,stdcp,0.86,10.832558820728627,0,1,0.0
0.2,19,10,sub,0.69,21.140578705574566,0,1,0.0
0.2,19,15,dhcp_with,0.47,13.325431996004713,0,1,0.0
0.2,19,15,dhcp_without,0.47,13.325431996004713,0,1,0.0
0.2,19,15,hcp,0.47,13.957623854081259,0,1,0.0
0.2,19,15,pool,0.44,12.245847227151675,0,1,0.0
0.2,19,15,rep,0.47,13.99295124099083,0,1,0.0
0.2,19,15,stdcp,0.85,6.677726579492166,0,1,0.0
0.2,19,15,sub,0.69,21.140578705574566,0,1,0.0
0.2,19,20,dhcp_with,0.48,13.503571364582303,0,1,0.0
0.2,19,20,dhcp_without,0.48,13.503571364582303,0,1,0.0
0.2,19,20,hcp,0.47,13.957623854081259,0,1,0.0
0.2,19,20,pool,0.44,12.245847227151675,0,1,0.0
0.2,19,20,rep,0.47,13.99295124099083,0,1,0.0
0.2,19,20,stdcp,0.8,4.163810230137075,0,1,0.0
0.2,19,20,sub,0.69,21.140578705574566,0,1,0.0
0.2,19,25,dhcp_with,0.86,16.40415983137925,0,1,0.0
0.2,19,25,dhcp_without,0.86,16.40415983137925,0,1,0.0
0.2,19,25,hcp,0.47,13.957623854081259,0,1,0.0
0.2,19,25,pool,0.44,12.245847227151675,0,1,0.0
0.2,19,25,rep,0.47,13.99295124099083,0,1,0.0
0.2,19,25,stdcp,0.85,4.476120179942037,0,1,0.0
0.2,19,25,sub,0.69,21.140578705574566,0,1,0.0
0.2,19,30,dhcp_with,0.77,15.013361273093585,0,1,0.0
0.2,19,30,dhcp_without,0.77,15.013361273093585,0,1,0.0
0.2,19,30,hcp,0.47,13.957623854081259,0,1,0.0
0.2,19,30,pool,0.44,12.245847227151675,0,1,0.0
0.2,19,30,rep,0.47,13.99295124099083,0,1,0.0
0.2,19,30,stdcp,0.82,4.073974193592033,0,1,0.0
0.2,19,30,sub,0.69,21.140578705574566,0,1,0.0
0.2,19,35,dhcp_with,0.82,15.35564157864414,0,1,0.0
0.2,19,35,dhcp_without,0.82,15.35564157864414,0,1,0.0
0.2,19,35,hcp,0.47,13.957623854081259,0,1,0.0
0.2,19,35,pool,0.44,12.245847227151675,0,1,0.0
0.2,19,35,rep,0.47,13.99295124099083,0,1,0.0
0.2,19,35,stdcp,0.83,3.9295289320972406,0,1,0.0
0.2,19,35,sub,0.69,21.140578705574566,0,1,0.0
0.2,20,0,dhcp_with,0.94,28.169224495542792,0,1,0.0
0.2,20,0,dhcp_without,0.94,28.169224495542792,0,1,0.0
0.2,20,0,hcp,0.94,28.169224495542792,0,1,0.0
0.2,20,0,pool,0.84,24.294756701890336,0,1,0.0
0.2,20,0,rep,0.88,25.631222221131793,0,1,0.0
0.2,20,0,stdcp,1.0,inf,1,1,1.0
0.2,20,0,sub,0.94,27.674215727886093,0,1,0.0
0.2,20,5,dhcp_with,0.94,27.298556994175108,0,1,0.0
0.2,20,5,dhcp_without,0.94,27.298556994175108,0,1,0.0
0.2,20,5,hcp,0.94,28.169224495542792,0,1,0.0
0.2,20,5,pool,0.84,24.294756701890336,0,1,0.0
0.2,20,5,rep,0.88,25.631222221131793,0,1,0.0
0.2,20,5,stdcp,0.72,3.747492115629734,0,1,0.0
0.2,20,5,sub,0.94,27.674215727886093,0,1,0.0
0.2,20,10,dhcp_with,0.94,26.78784561081064,0,1,0.0
0.2,20,10,dhcp_without,0.94,26.78784561081064,0,1,0.0
0.2,20,10,hcp,0.94,28.169224495542792,0,1,0.0
0.2,20,10,pool,0.84,24.294756701890336,0,1,0.0
0.2,20,10,rep,0.88,25.631222221131793,0,1,0.0
0.2,20,10,stdcp,0.88,9.785230131731954,0,1,0.0
0.2,20,10,sub,0.94,27.674215727886093,0,1,0.0
0.2,20,15,dhcp_with,0.91,24.83730004756744,0,1,0.0
0.2,20,15,dhcp_without,0.91,24.83730004756744,0,1,0.0
0.2,20,15,hcp,0.94,28.169224495542792,0,1,0.0
0.2,20,15,pool,0.84,24.294756701890336,0,1,0.0
0.2,20,15,rep,0.88,25.631222221131793,0,1,0.0
0.2,20,15,stdcp,0.93,5.739491169931943,0,1,0.0
0.2,20,15,sub,0.94,27.674215727886093,0,1,0.0
0.2,20,20,dhcp_with,0.87,23.223667480043737,0,1,0.0
0.2,20,20,dhcp_without,0.87,23.223667480043737,0,1,0.0
0.2,20,20,hcp,0.94,28.169224495542792,0,1,0.0
0.2,20,20,pool,0.84,24.294756701890336,0,1,0.0
0.2,20,20,rep,0.88,25.631222221131793,0,1,0.0
0.2,20,20,stdcp,0.87,4.0461694350777755,0,1,0.0
0.2,20,20,sub,0.94,27.674215727886093,0,1,0.0
0.2,20,25,dhcp_with,0.95,14.630095585329997,0,1,0.0
0.2,20,25,dhcp_without,0.95,14.630095585329997,0,1,0.0
0.2,20,25,hcp,0.94,28.169224495542792,0,1,0.0
0.2,20,25,pool,0.84,24.294756701890336,0,1,0.0
0.2,20,25,rep,0.88,25.631222221131793,0,1,0.0
0.2,20,25,stdcp,0.94,4.309074912620445,0,1,0.0
0.2,20,25,sub,0.94,27.674215727886093,0,1,0.0
0.2,20,30,dhcp_with,0.92,13.244831863718755,0,1,0.0
0.2,20,30,dhcp_without,0.92,13.244831863718755,0,1,0.0
0.2,20,30,hcp,0.94,28.169224495542792,0,1,0.0
0.2,20,30,pool,0.84,24.294756701890336,0,1,0.0
0.2,20,30,rep,0.88,25.631222221131793,0,1,0.0
0.2,20,30,stdcp,0.86,3.538565852418124,0,1,0.0
0.2,20,30,sub,0.94,27.674215727886093,0,1,0.0
0.2,20,35,dhcp_with,0.94,13.774296227170261,0,1,0.0
0.2,20,35,dhcp_without,0.94,13.774296227170261,0,1,0.0
0.2,20,35,hcp,0.94,28.169224495542792,0,1,0.0
0.2,20,35,pool,0.84,24.294756701890336,0,1,0.0
0.2,20,35,rep,0.88,25.631222221131793,0,1,0.0
0.2,20,35,stdcp,0.89,3.6677039627893375,0,1,0.0
0.2,20,35,sub,0.94,27.674215727886093,0,1,0.0
0.2,21,0,dhcp_with,0.79,21.775913243753482,0,1,0.0
0.2,21,0,dhcp_without,0.79,21.775913243753482,0,1,0.0
0.2,21,0,hcp,0.79,21.775913243753482,0,1,0.0
0.2,21,0,pool,0.73,18.95674001764906,0,1,0.0
0.2,21,0,rep,0.75,20.258069860135805,0,1,0.0
0.2,21,0,stdcp,1.0,inf,1,1,1.0
0.2,21,0,sub,0.77,21.39297714922574,0,1,0.0
0.2,21,5,dhcp_with,0.79,21.751422365447702,0,1,0.0
0.2,21,5,dhcp_without,0.79,21.751422365447702,0,1,0.0
0.2,21,5,hcp,0.79,21.775913243753482,0,1,0.0
0.2,21,5,pool,0.73,18.95674001764906,0,1,0.0
0.2,21,5,rep,0.75,20.258069860135805,0,1,0.0
0.2,21,5,stdcp,0.72,4.705196988509044,0,1,0.0
0.2,21,5,sub,0.77,21.39297714922574,0,1,0.0
0.2,21,10,dhcp_with,0.76,20.62508712438263,0,1,0.0
0.2,21,10,dhcp_without,0.76,20.62508712438263,0,1,0.0
0.2,21,10,hcp,0.79,21.775913243753482,0,1,0.0
0.2,21,10,pool,0.73,18.95674001764906,0,1,0.0
0.2,21,10,rep,0.75,20.258069860135805,0,1,0.0
0.2,21,10,stdcp,0.83,8.943978791901792,0,1,0.0
0.2,21,10,sub,0.77,21.39297714922574,0,1,0.0
0.2,21,15,dhcp_with,0.75,19.586419551066133,0,1,0.0
0.2,21,15,dhcp_without,0.75,19.586419551066133,0,1,0.0
0.2,21,15,hcp,0.79,21.775913243753482,0,1,0.0
0.2,21,15,pool,0.73,18.95674001764906,0,1,0.0
0.2,21,15,rep,0.75,20.258069860135805,0,1,0.0
0.2,21,15,stdcp,0.85,6.237909363866315,0,1,0.0
0.2,21,15,sub,0.77,21.39297714922574,0,1,0.0
0.2,21,20,dhcp_with,0.74,18.95674001764906,0,1,0.0
0.2,21,20,dhcp_without,0.74,18.95674001764906,0,1,0.0
0.2,21,20,hcp,0.79,21.775913243753482,0,1,0.0
0.2,21,20,pool,0.73,18.95674001764906,0,1,0.0
0.2,21,20,rep,0.75,20.258069860135805,0,1,0.0
0.2,21,20,stdcp,0.78,3.71230836448693,0,1,0.0
0.2,21,20,sub,0.77,21.39297714922574,0,1,0.0
0.2,21,25,dhcp_with,0.85,12.92770567944843,0,1,0.0
0.2,21,25,dhcp_without,0.85,12.92770567944843,0,1,0.0
0.2,21,25,hcp,0.79,21.775913243753482,0,1,0.0
0.2,21,25,pool,0.73,18.95674001764906,0,1,0.0
0.2,21,25,rep,0.75,20.258069860135805,0,1,0.0
0.2,21,25,stdcp,0.86,4.213083286813686,0,1,0.0
0.2,21,25,sub,0.77,21.39297714922574,0,1,0.0
0.2,21,30,dhcp_with,0.83,13.1340935305024,0,1,0.0
0.2,21,30,dhcp_without,0.83,13.1340935305024,0,1,0.0
0.2,21,30,hcp,0.79,21.775913243753482,0,1,0.0
0.2,21,30,pool,0.73,18.95674001764906,0,1,0.0
0.2,21,30,rep,0.75,20.258069860135805,0,1,0.0
0.2,21,30,stdcp,0.78,3.4123884397510498,0,1,0.0
0.2,21,30,sub,0.77,21.39297714922574,0,1,0.0
0.2,21,35,dhcp_with,0.87,13.23556592034125,0,1,0.0
0.2,21,35,dhcp_without,0.87,13.23556592034125,0,1,0.0
0.2,21,35,hcp,0.79,21.775913243753482,0,1,0.0
0.2,21,35,pool,0.73,18.95674001764906,0,1,0.0
0.2,21,35,rep,0.75,20.258069860135805,0,1,0.0
0.2,21,35,stdcp,0.81,3.406425247982072,0,1,0.0
0.2,21,35,sub,0.77,21.39297714922574,0,1,0.0
0.2,22,0,dhcp_with,0.72,19.55041391778,0,1,0.0
0.2,22,0,dhcp_without,0.72,19.55041391778,0,1,0.0
0.2,22,0,hcp,0.72,19.55041391778,0,1,0.0
0.2,22,0,pool,0.66,16.624431171549265,0,1,0.0
0.2,22,0,rep,0.71,18.805051908363012,0,1,0.0
0.2,22,0,stdcp,1.0,inf,1,1,1.0
0.2,22,0,sub,0.72,20.29285203543886,0,1,0.0
0.2,22,5,dhcp_with,0.71,18.877908367247656,0,1,0.0
0.2,22,5,dhcp_without,0.71,18.877908367247656,0,1,0.0
0.2,22,5,hcp,0.72,19.55041391778,0,1,0.0
0.2,22,5,pool,0.66,16.624431171549265,0,1,0.0
0.2,22,5,rep,0.71,18.805051908363012,0,1,0.0
0.2,22,5,stdcp,0.79,4.703204551869469,0,1,0.0
0.2,22,5,sub,0.72,20.29285203543886,0,1,0.0
0.2,22,10,dhcp_with,0.71,18.391622624643464,0,1,0.0
0.2,22,10,dhcp_without,0.71,18.391622624643464,0,1,0.0
0.2,22,10,hcp,0.72,19.55041391778,0,1,0.0
0.2,22,10,pool,0.66,16.624431171549265,0,1,0.0
0.2,22,10,rep,0.71,18.805051908363012,0,1,0.0
0.2,22,10,stdcp,0.86,10.355961668489309,0,1,0.0
0.2,22,10,sub,0.72,20.29285203543886,0,1,0.0
0.2,22,15,dhcp_with,0.71,17.761498965671265,0,1,0.0
0.2,22,15,dhcp_without,0.71,17.761498965671265,0,1,0.0
0.2,22,15,hcp,0.72,19.55041391778,0,1,0.0
0.2,22,15,pool,0.66,16.624431171549265,0,1,0.0
0.2,22,15,rep,0.71,18.805051908363012,0,1,0.0
0.2,22,15,stdcp,0.93,7.125412856500443,0,1,0.0
0.2,22,15,sub,0.72,20.29285203543886,0,1,0.0
0.2,22,20,dhcp_with,0.71,16.72291170957844,0,1,0.0
0.2,22,20,dhcp_without,0.71,16.72291170957844,0,1,0.0
0.2,22,20,hcp,0.72,19.55041391778,0,1,0.0
0.2,22,20,pool,0.66,16.624431171549265,0,1,0.0
0.2,22,20,rep,0.71,18.805051908363012,0,1,0.0
0.2,22,20,stdcp,0.85,4.137168791073454,0,1,0.0
0.2,22,20,sub,0.72,20.29285203543886,0,1,0.0
0.2,22,25,dhcp_with,0.88,13.864085755267798,0,1,0.0
0.2,22,25,dhcp_without,0.88,13.864085755267798,0,1,0.0
0.2,22,25,hcp,0.72,19.55041391778,0,1,0.0
0.2,22,25,pool,0.66,16.624431171549265,0,1,0.0
0.2,22,25,rep,0.71,18.805051908363012,0,1,0.0
0.2,22,25,stdcp,0.91,4.479534517125849,0,1,0.0
0.2,22,25,sub,0.72,20.29285203543886,0,1,0.0
0.2,22,30,dhcp_with,0.8,13.285304982512146,0,1,0.0
0.2,22,30,dhcp_without,0.8,13.285304982512146,0,1,0.0
0.2,22,30,hcp,0.72,19.55041391778,0,1,0.0
0.2,22,30,pool,0.66,16.624431171549265,0,1,0.0
0.2,22,30,rep,0.71,18.805051908363012,0,1,0.0
0.2,22,30,stdcp,0.84,3.7667179218064515,0,1,0.0
0.2,22,30,sub,0.72,20.29285203543886,0,1,0.0
0.2,22,35,dhcp_with,0.85,13.2369838280958,0,1,0.0
0.2,22,35,dhcp_without,0.85,13.2369838280958,0,1,0.0
0.2,22,35,hcp,0.72,19.55041391778,0,1,0.0
0.2,22,35,pool,0.66,16.624431171549265,0,1,0.0
0.2,22,35,rep,0.71,18.805051908363012,0,1,0.0
0.2,22,35,stdcp,0.79,3.9217932989465893,0,1,0.0
0.2,22,35,sub,0.72,20.29285203543886,0,1,0.0
0.2,23,0,dhcp_with,0.85,56.51052276082896,0,1,0.0
0.2,23,0,dhcp_without,0.85,56.51052276082896,0,1,0.0
0.2,23,0,hcp,0.85,56.51052276082896,0,1,0.0
0.2,23,0,pool,0.84,52.21345380392417,0,1,0.0
0.2,23,0,rep,0.85,54.73461571794189,0,1,0.0
0.2,23,0,stdcp,1.0,inf,1,1,1.0
0.2,23,0,sub,0.84,54.463458071272015,0,1,0.0
0.2,23,5,dhcp_with,0.85,55.88495933020785,0,1,0.0
0.2,23,5,dhcp_without,0.85,55.88495933020785,0,1,0.0
0.2,23,5,hcp,0.85,56.51052276082896,0,1,0.0
0.2,23,5,pool,0.84,52.21345380392417,0,1,0.0
0.2,23,5,rep,0.85,54.73461571794189,0,1,0.0
0.2,23,5,stdcp,0.81,4.913176392974234,0,1,0.0
0.2,23,5,sub,0.84,54.463458071272015,0,1,0.0
0.2,23,10,dhcp_with,0.85,55.013296552027214,0,1,0.0
0.2,23,10,dhcp_without,0.85,55.013296552027214,0,1,0.0
0.2,23,10,hcp,0.85,56.51052276082896,0,1,0.0
0.2,23,10,pool,0.84,52.21345380392417,0,1,0.0
0.2,23,10,rep,0.85,54.73461571794189,0,1,0.0
0.2,23,10,stdcp,0.87,11.095902340000777,0,1,0.0
0.2,23,10,sub,0.84,54.463458071272015,0,1,0.0
0.2,23,15,dhcp_with,0.84,53.28623205761343,0,1,0.0
0.2,23,15,dhcp_without,0.84,53.28623205761343,0,1,0.0
0.2,23,15,hcp,0.85,56.51052276082896,0,1,0.0
0.2,23,15,pool,0.84,52.21345380392417,0,1,0.0
0.2,23,15,rep,0.85,54.73461571794189,0,1,0.0
0.2,23,15,stdcp,0.9,6.529054527313234,0,1,0.0
0.2,23,15,sub,0.84,54.463458071272015,0,1,0.0
0.2,23,20,dhcp_with,0.84,44.00500018906519,0,1,0.0
0.2,23,20,dhcp_without,0.84,44.00500018906519,0,1,0.0
0.2,23,20,hcp,0.85,56.51052276082896,0,1,0.0
0.2,23,20,pool,0.84,52.21345380392417,0,1,0.0
0.2,23,20,rep,0.85,54.73461571794189,0,1,0.0
0.2,23,20,stdcp,0.8,4.573509389204974,0,1,0.0
0.2,23,20,sub,0.84,54.463458071272015,0,1,0.0
0.2,23,25,dhcp_with,0.89,16.460449053690276,0,1,0.0
0.2,23,25,dhcp_without,0.89,16.460449053690276,0,1,0.0
0.2,23,25,hcp,0.85,56.51052276082896,0,1,0.0
0.2,23,25,pool,0.84,52.21345380392417,0,1,0.0
0.2,23,25,rep,0.85,54.73461571794189,0,1,0.0
0.2,23,25,stdcp,0.88,4.322078741481981,0,1,0.0
0.2,23,25,sub,0.84,54.463458071272015,0,1,0.0
0.2,23,30,dhcp_with,0.8,14.528183330955434,0,1,0.0
0.2,23,30,dhcp_without,0.8,14.528183330955434,0,1,0.0
0.2,23,30,hcp,0.85,56.51052276082896,0,1,0.0
0.2,23,30,pool,0.84,52.21345380392417,0,1,0.0
0.2,23,30,rep,0.85,54.73461571794189,0,1,0.0
0.2,23,30,stdcp,0.8,3.811160531650418,0,1,0.0
0.2,23,30,sub,0.84,54.463458071272015,0,1,0.0
0.2,23,35,dhcp_with,0.83,14.888452810564953,0,1,0.0
0.2,23,35,dhcp_without,0.83,14.888452810564953,0,1,0.0
0.2,23,35,hcp,0.85,56.51052276082896,0,1,0.0
0.2,23,35,pool,0.84,52.21345380392417,0,1,0.0
0.2,23,35,rep,0.85,54.73461571794189,0,1,0.0
0.2,23,35,stdcp,0.85,3.7547018878609677,0,1,0.0
0.2,23,35,sub,0.84,54.463458071272015,0,1,0.0
0.2,24,0,dhcp_with,0.77,28.412967880840995,0,1,0.0
0.2,24,0,dhcp_without,0.77,28.412967880840995,0,1,0.0
0.2,24,0,hcp,0.77,28.412967880840995,0,1,0.0
0.2,24,0,pool,0.62,21.92308840376343,0,1,0.0
0.2,24,0,rep,0.71,24.598436081014828,0,1,0.0
0.2,24,0,stdcp,1.0,inf,1,1,1.0
0.2,24,0,sub,0.92,45.7288879352914,0,1,0.0
0.2,24,5,dhcp_with,0.77,28.165482846365798,0,1,0.0
0.2,24,5,dhcp_without,0.77,28.165482846365798,0,1,0.0
0.2,24,5,hcp,0.77,28.412967880840995,0,1,0.0
0.2,24,5,pool,0.62,21.92308840376343,0,1,0.0
0.2,24,5,rep,0.71,24.598436081014828,0,1,0.0
0.2,24,5,stdcp,0.8,4.781706426084136,0,1,0.0
0.2,24,5,sub,0.92,45.7288879352914,0,1,0.0
0.2,24,10,dhcp_with,0.77,25.672257953558898,0,1,0.0
0.2,24,10,dhcp_without,0.77,25.672257953558898,0,1,0.0
0.2,24,10,hcp,0.77,28.412967880840995,0,1,0.0
0.2,24,10,pool,0.62,21.92308840376343,0,1,0.0
0.2,24,10,rep,0.71,24.598436081014828,0,1,0.0
0.2,24,10,stdcp,0.83,11.114542298937813,0,1,0.0
0.2,24,10,sub,0.92,45.7288879352914,0,1,0.0
0.2,24,15,dhcp_with,0.72,22.850453170928958,0,1,0.0
0.2,24,15,dhcp_without,0.72,22.850453170928958,0,1,0.0
0.2,24,15,hcp,0.77,28.412967880840995,0,1,0.0
0.2,24,15,pool,0.62,21.92308840376343,0,1,0.0
0.2,24,15,rep,0.71,24.598436081014828,0,1,0.0
0.2,24,15,stdcp,0.95,6.789526373927884,0,1,0.0
0.2,24,15,sub,0.92,45.7288879352914,0,1,0.0
0.2,24,20,dhcp_with,0.67,20.81260038888908,0,1,0.0
0.2,24,20,dhcp_without,0.67,20.81260038888908,0,1,0.0
0.2,24,20,hcp,0.77,28.412967880840995,0,1,0.0
0.2,24,20,pool,0.62,21.92308840376343,0,1,0.0
0.2,24,20,rep,0.71,24.598436081014828,0,1,0.0
0.2,24,20,stdcp,0.81,3.8802689161170765,0,1,0.0
0.2,24,20,sub,0.92,45.7288879352914,0,1,0.0
0.2,24,25,dhcp_with,0.91,14.263639337587376,0,1,0.0
0.2,24,25,dhcp_without,0.91,14.263639337587376,0,1,0.0
0.2,24,25,hcp,0.77,28.412967880840995,0,1,0.0
0.2,24,25,pool,0.62,21.92308840376343,0,1,0.0
0.2,24,25,rep,0.71,24.598436081014828,0,1,0.0
0.2,24,25,stdcp,0.87,4.586210599996332,0,1,0.0
0.2,24,25,sub,0.92,45.7288879352914,0,1,0.0
0.2,24,30,dhcp_with,0.82,13.928156611106806,0,1,0.0
0.2,24,30,dhcp_without,0.82,13.928156611106806,0,1,0.0
0.2,24,30,hcp,0.77,28.412967880840995,0,1,0.0
0.2,24,30,pool,0.62,21.92308840376343,0,1,0.0
0.2,24,30,rep,0.71,24.598436081014828,0,1,0.0
0.2,24,30,stdcp,0.8,3.4175123558043463,0,1,0.0
0.2,24,30,sub,0.92,45.7288879352914,0,1,0.0
0.2,24,35,dhcp_with,0.9,14.404727357652863,0,1,0.0
0.2,24,35,dhcp_without,0.9,14.404727357652863,0,1,0.0
0.2,24,35,hcp,0.77,28.412967880840995,0,1,0.0
0.2,24,35,pool,0.62,21.92308840376343,0,1,0.0
0.2,24,35,rep,0.71,24.598436081014828,0,1,0.0
0.2,24,35,stdcp,0.87,3.9772703817247987,0,1,0.0
0.2,24,35,sub,0.92,45.7288879352914,0,1,0.0
0.2,25,0,dhcp_with,0.84,21.956864273181594,0,1,0.0
0.2,25,0,dhcp_without,0.84,21.956864273181594,0,1,0.0
0.2,25,0,hcp,0.84,21.956864273181594,0,1,0.0
0.2,25,0,pool,0.73,16.745918750380667,0,1,0.0
0.2,25,0,rep,0.79,18.903030769133505,0,1,0.0
0.2,25,0,stdcp,1.0,inf,1,1,1.0
0.2,25,0,sub,0.79,18.357111228074686,0,1,0.0
0.2,25,5,dhcp_with,0.83,19.97410569297994,0,1,0.0
0.2,25,5,dhcp_without,0.83,19.97410569297994,0,1,0.0
0.2,25,5,hcp,0.84,21.956864273181594,0,1,0.0
0.2,25,5,pool,0.73,16.745918750380667,0,1,0.0
0.2,25,5,rep,0.79,18.903030769133505,0,1,0.0
0.2,25,5,stdcp,0.69,5.116638219960163,0,1,0.0
0.2,25,5,sub,0.79,18.357111228074686,0,1,0.0
0.2,25,10,dhcp_with,0.79,18.913399126177794,0,1,0.0
0.2,25,10,dhcp_without,0.79,18.913399126177794,0,1,0.0
0.2,25,10,hcp,0.84,21.956864273181594,0,1,0.0
0.2,25,10,pool,0.73,16.745918750380667,0,1,0.0
0.2,25,10,rep,0.79,18.903030769133505,0,1,0.0
0.2,25,10,stdcp,0.88,11.199690636255488,0,1,0.0
0.2,25,10,sub,0.79,18.357111228074686,0,1,0.0
0.2,25,15,dhcp_with,0.78,16.858569342582413,0,1,0.0
0.2,25,15,dhcp_without,0.78,16.858569342582413,0,1,0.0
0.2,25,15,hcp,0.84,21.956864273181594,0,1,0.0
0.2,25,15,pool,0.73,16.745918750380667,0,1,0.0
0.2,25,15,rep,0.79,18.903030769133505,0,1,0.0
0.2,25,15,stdcp,0.81,7.462458702339726,0,1,0.0
0.2,25,15,sub,0.79,18.357111228074686,0,1,0.0
0.2,25,20,dhcp_with,0.76,15.071488669335123,0,1,0.0
0.2,25,20,dhcp_without,0.76,15.071488669335123,0,1,0.0
0.2,25,20,hcp,0.84,21.956864273181594,0,1,0.0
0.2,25,20,pool,0.73,16.745918750380667,0,1,0.0
0.2,25,20,rep,0.79,18.903030769133505,0,1,0.0
0.2,25,20,stdcp,0.76,4.524810277947969,0,1,0.0
0.2,25,20,sub,0.79,18.357111228074686,0,1,0.0
0.2,25,25,dhcp_with,0.9,10.000150574365035,0,1,0.0
0.2,25,25,dhcp_without,0.9,10.000150574365035,0,1,0.0
0.2,25,25,hcp,0.84,21.956864273181594,0,1,0.0
0.2,25,25,pool,0.73,16.745918750380667,0,1,0.0
0.2,25,25,rep,0.79,18.903030769133505,0,1,0.0
0.2,25,25,stdcp,0.8,4.341752060697201,0,1,0.0
0.2,25,25,sub,0.79,18.357111228074686,0,1,0.0
0.2,25,30,dhcp_with,0.82,9.896353106994102,0,1,0.0
0.2,25,30,dhcp_without,0.82,9.896353106994102,0,1,0.0
0.2,25,30,hcp,0.84,21.956864273181594,0,1,0.0
0.2,25,30,pool,0.73,16.745918750380667,0,1,0.0
0.2,25,30,rep,0.79,18.903030769133505,0,1,0.0
0.2,25,30,stdcp,0.75,3.839179495716104,0,1,0.0
0.2,25,30,sub,0.79,18.357111228074686,0,1,0.0
0.2,25,35,dhcp_with,0.88,9.943736262640758,0,1,0.0
0.2,25,35,dhcp_without,0.88,9.943736262640758,0,1,0.0
0.2,25,35,hcp,0.84,21.956864273181594,0,1,0.0
0.2,25,35,pool,0.73,16.745918750380667,0,1,0.0
0.2,25,35,rep,0.79,18.903030769133505,0,1,0.0
0.2,25,35,stdcp,0.81,3.815509928190199,0,1,0.0
0.2,25,35,sub,0.79,18.357111228074686,0,1,0.0
0.2,26,0,dhcp_with,0.74,20.525855350747374,0,1,0.0
0.2,26,0,dhcp_without,0.74,20.525855350747374,0,1,0.0
0.2,26,0,hcp,0.74,20.525855350747374,0,1,0.0
0.2,26,0,pool,0.66,17.4298818858989,0,1,0.0
0.2,26,0,rep,0.71,18.7740715395628,0,1,0.0
0.2,26,0,stdcp,1.0,inf,1,1,1.0
0.2,26,0,sub,0.62,16.221270710850497,0,1,0.0
0.2,26,5,dhcp_with,0.74,19.616378829670428,0,1,0.0
0.2,26,5,dhcp_without,0.74,19.616378829670428,0,1,0.0
0.2,26,5,hcp,0.74,20.525855350747374,0,1,0.0
0.2,26,5,pool,0.66,17.4298818858989,0,1,0.0
0.2,26,5,rep,0.71,18.7740715395628,0,1,0.0
0.2,26,5,stdcp,0.74,4.771687564067387,0,1,0.0
0.2,26,5,sub,0.62,16.221270710850497,0,1,0.0
0.2,26,10,dhcp_with,0.73,18.877928202595577,0,1,0.0
0.2,26,10,dhcp_without,0.73,18.877928202595577,0,1,0.0
0.2,26,10,hcp,0.74,20.525855350747374,0,1,0.0
0.2,26,10,pool,0.66,17.4298818858989,0,1,0.0
0.2,26,10,rep,0.71,18.7740715395628,0,1,0.0
0.2,26,10,stdcp,0.9,11.926437348377247,0,1,0.0
0.2,26,10,sub,0.62,16.221270710850497,0,1,0.0
0.2,26,15,dhcp_with,0.72,18.349631877558394,0,1,0.0
0.2,26,15,dhcp_without,0.72,18.349631877558394,0,1,0.0
0.2,26,15,hcp,0.74,20.525855350747374,0,1,0.0
0.2,26,15,pool,0.66,17.4298818858989,0,1,0.0
0.2,26,15,rep,0.71,18.7740715395628,0,1,0.0
0.2,26,15,stdcp,0.92,6.9061448344647856,0,1,0.0
0.2,26,15,sub,0.62,16.221270710850497,0,1,0.0
0.2,26,20,dhcp_with,0.69,17.48272851946569,0,1,0.0
0.2,26,20,dhcp_without,0.69,17.48272851946569,0,1,0.0
0.2,26,20,hcp,0.74,20.525855350747374,0,1,0.0
0.2,26,20,pool,0.66,17.4298818858989,0,1,0.0
0.2,26,20,rep,0.71,18.7740715395628,0,1,0.0
0.2,26,20,stdcp,0.78,4.161191221267053,0,1,0.0
0.2,26,20,sub,0.62,16.221270710850497,0,1,0.0
0.2,26,25,dhcp_with,0.88,13.679040173214961,0,1,0.0
0.2,26,25,dhcp_without,0.88,13.679040173214961,0,1,0.0
0.2,26,25,hcp,0.74,20.525855350747374,0,1,0.0
0.2,26,25,pool,0.66,17.4298818858989,0,1,0.0
0.2,26,25,rep,0.71,18.7740715395628,0,1,0.0
0.2,26,25,stdcp,0.84,4.408685507771445,0,1,0.0
0.2,26,25,sub,0.62,16.221270710850497,0,1,0.0
0.2,26,30,dhcp_with,0.82,13.027288086826061,0,1,0.0
0.2,26,30,dhcp_without,0.82,13.027288086826061,0,1,0.0
0.2,26,30,hcp,0.74,20.525855350747374,0,1,0.0
0.2,26,30,pool,0.66,17.4298818858989,0,1,0.0
0.2,26,30,rep,0.71,18.7740715395628,0,1,0.0
0.2,26,30,stdcp,0.78,3.7091770066024736,0,1,0.0
0.2,26,30,sub,0.62,16.221270710850497,0,1,0.0
0.2,26,35,dhcp_with,0.84,13.007536539683095,0,1,0.0
0.2,26,35,dhcp_without,0.84,13.007536539683095,0,1,0.0
0.2,26,35,hcp,0.74,20.525855350747374,0,1,0.0
0.2,26,35,pool,0.66,17.4298818858989,0,1,0.0
0.2,26,35,rep,0.71,18.7740715395628,0,1,0.0
0.2,26,35,stdcp,0.82,3.8801123594705125,0,1,0.0
0.2,26,35,sub,0.62,16.221270710850497,0,1,0.0
0.2,27,0,dhcp_with,0.88,34.432582854790056,0,1,0.0
0.2,27,0,dhcp_without,0.88,34.432582854790056,0,1,0.0
0.2,27,0,hcp,0.88,34.432582854790056,0,1,0.0
0.2,27,0,pool,0.84,30.645701388035697,0,1,0.0
0.2,27,0,rep,0.85,32.20826505085895,0,1,0.0
0.2,27,0,stdcp,1.0,inf,1,1,1.0
0.2,27,0,sub,0.84,31.045382798694426,0,1,0.0
0.2,27,5,dhcp_with,0.88,33.647814318996375,0,1,0.0
0.2,27,5,dhcp_without,0.88,33.647814318996375,0,1,0.0
0.2,27,5,hcp,0.88,34.432582854790056,0,1,0.0
0.2,27,5,pool,0.84,30.645701388035697,0,1,0.0
0.2,27,5,rep,0.85,32.20826505085895,0,1,0.0
0.2,27,5,stdcp,0.73,5.059546572131174,0,1,0.0
0.2,27,5,sub,0.84,31.045382798694426,0,1,0.0
0.2,27,10,dhcp_with,0.88,32.2907491111083,0,1,0.0
0.2,27,10,dhcp_without,0.88,32.2907491111083,0,1,0.0
0.2,27,10,hcp,0.88,34.432582854790056,0,1,0.0
0.2,27,10,pool,0.84,30.645701388035697,0,1,0.0
0.2,27,10,rep,0.85,32.20826505085895,0,1,0.0
0.2,27,10,stdcp,0.8,10.255633528296222,0,1,0.0
0.2,27,10,sub,0.84,31.045382798694426,0,1,0.0
0.2,27,15,dhcp_with,0.87,31.728192753647505,0,1,0.0
0.2,27,15,dhcp_without,0.87,31.728192753647505,0,1,0.0
0.2,27,15,hcp,0.88,34.432582854790056,0,1,0.0
0.2,27,15,pool,0.84,30.645701388035697,0,1,0.0
0.2,27,15,rep,0.85,32.20826505085895,0,1,0.0
0.2,27,15,stdcp,0.91,6.860182040046591,0,1,0.0
0.2,27,15,sub,0.84,31.045382798694426,0,1,0.0
0.2,27,20,dhcp_with,0.88,30.18544352460011,0,1,0.0
0.2,27,20,dhcp_without,0.88,30.18544352460011,0,1,0.0
0.2,27,20,hcp,0.88,34.432582854790056,0,1,0.0
0.2,27,20,pool,0.84,30.645701388035697,0,1,0.0
0.2,27,20,rep,0.85,32.20826505085895,0,1,0.0
0.2,27,20,stdcp,0.73,4.3179985893954225,0,1,0.0
0.2,27,20,sub,0.84,31.045382798694426,0,1,0.0
0.2,27,25,dhcp_with,0.84,12.19375580764585,0,1,0.0
0.2,27,25,dhcp_without,0.84,12.19375580764585,0,1,0.0
0.2,27,25,hcp,0.88,34.432582854790056,0,1,0.0
0.2,27,25,pool,0.84,30.645701388035697,0,1,0.0
0.2,27,25,rep,0.85,32.20826505085895,0,1,0.0
0.2,27,25,stdcp,0.77,4.352070770244532,0,1,0.0
0.2,27,25,sub,0.84,31.045382798694426,0,1,0.0
0.2,27,30,dhcp_with,0.78,11.424849593820902,0,1,0.0
0.2,27,30,dhcp_without,0.78,11.424849593820902,0,1,0.0
0.2,27,30,hcp,0.88,34.432582854790056,0,1,0.0
0.2,27,30,pool,0.84,30.645701388035697,0,1,0.0
0.2,27,30,rep,0.85,32.20826505085895,0,1,0.0
0.2,27,30,stdcp,0.77,3.7969584951909763,0,1,0.0
0.2,27,30,sub,0.84,31.045382798694426,0,1,0.0
0.2,27,35,dhcp_with,0.81,11.944003753239542,0,1,0.0
0.2,27,35,dhcp_without,0.81,11.944003753239542,0,1,0.0
0.2,27,35,hcp,0.88,34.432582854790056,0,1,0.0
0.2,27,35,pool,0.84,30.645701388035697,0,1,0.0
0.2,27,35,rep,0.85,32.20826505085895,0,1,0.0
0.2,27,35,stdcp,0.85,3.9956094274766603,0,1,0.0
0.2,27,35,sub,0.84,31.045382798694426,0,1,0.0
0.2,28,0,dhcp_with,0.87,16.982365295864497,0,1,0.0
0.2,28,0,dhcp_without,0.87,16.982365295864497,0,1,0.0
0.2,28,0,hcp,0.87,16.982365295864497,0,1,0.0
0.2,28,0,pool,0.77,13.273109648004658,0,1,0.0
0.2,28,0,rep,0.83,15.829100698368013,0,1,0.0
0.2,28,0,stdcp,1.0,inf,1,1,1.0
0.2,28,0,sub,0.74,12.502325787739956,0,1,0.0
0.2,28,5,dhcp_with,0.85,15.6915625599088,0,1,0.0
0.2,28,5,dhcp_without,0.85,15.6915625599088,0,1,0.0
0.2,28,5,hcp,0.87,16.982365295864497,0,1,0.0
0.2,28,5,pool,0.77,13.273109648004658,0,1,0.0
0.2,28,5,rep,0.83,15.829100698368013,0,1,0.0
0.2,28,5,stdcp,0.76,4.827231983986918,0,1,0.0
0.2,28,5,sub,0.74,12.502325787739956,0,1,0.0
0.2,28,10,dhcp_with,0.84,15.414457960793229,0,1,0.0
0.2,28,10,dhcp_without,0.84,15.414457960793229,0,1,0.0
0.2,28,10,hcp,0.87,16.982365295864497,0,1,0.0
0.2,28,10,pool,0.77,13.273109648004658,0,1,0.0
0.2,28,10,rep,0.83,15.829100698368013,0,1,0.0
0.2,28,10,stdcp,0.91,10.638490446566985,0,1,0.0
0.2,28,10,sub,0.74,12.502325787739956,0,1,0.0
0.2,28,15,dhcp_with,0.83,13.31363918143662,0,1,0.0
0.2,28,15,dhcp_without,0.83,13.31363918143662,0,1,0.0
0.2,28,15,hcp,0.87,16.982365295864497,0,1,0.0
0.2,28,15,pool,0.77,13.273109648004658,0,1,0.0
0.2,28,15,rep,0.83,15.829100698368013,0,1,0.0
0.2,28,15,stdcp,0.9,6.6109404549009465,0,1,0.0
0.2,28,15,sub,0.74,12.502325787739956,0,1,0.0
0.2,28,20,dhcp_with,0.8,13.04193869059536,0,1,0.0
0.2,28,20,dhcp_without,0.8,13.04193869059536,0,1,0.0
0.2,28,20,hcp,0.87,16.982365295864497,0,1,0.0
0.2,28,20,pool,0.77,13.273109648004658,0,1,0.0
0.2,28,20,rep,0.83,15.829100698368013,0,1,0.0
0.2,28,20,stdcp,0.8,3.8779514405295137,0,1,0.0
0.2,28,20,sub,0.74,12.502325787739956,0,1,0.0
0.2,28,25,dhcp_with,0.9,10.66849899624049,0,1,0.0
0.2,28,25,dhcp_without,0.9,10.66849899624049,0,1,0.0
0.2,28,25,hcp,0.87,16.982365295864497,0,1,0.0
0.2,28,25,pool,0.77,13.273109648004658,0,1,0.0
0.2,28,25,rep,0.83,15.829100698368013,0,1,0.0
0.2,28,25,stdcp,0.88,4.324651698883164,0,1,0.0
0.2,28,25,sub,0.74,12.502325787739956,0,1,0.0
0.2,28,30,dhcp_with,0.88,9.923682069217154,0,1,0.0
0.2,28,30,dhcp_without,0.88,9.923682069217154,0,1,0.0
0.2,28,30,hcp,0.87,16.982365295864497,0,1,0.0
0.2,28,30,pool,0.77,13.273109648004658,0,1,0.0
0.2,28,30,rep,0.83,15.829100698368013,0,1,0.0
0.2,28,30,stdcp,0.82,3.554490496172715,0,1,0.0
0.2,28,30,sub,0.74,12.502325787739956,0,1,0.0
0.2,28,35,dhcp_with,0.9,10.987278134989559,0,1,0.0
0.2,28,35,dhcp_without,0.9,10.987278134989559,0,1,0.0
0.2,28,35,hcp,0.87,16.982365295864497,0,1,0.0
0.2,28,35,pool,0.77,13.273109648004658,0,1,0.0
0.2,28,35,rep,0.83,15.829100698368013,0,1,0.0
0.2,28,35,stdcp,0.82,3.765532853949897,0,1,0.0
0.2,28,35,sub,0.74,12.502325787739956,0,1,0.0
0.2,29,0,dhcp_with,0.76,19.4322363056111,0,1,0.0
0.2,29,0,dhcp_without,0.76,19.4322363056111,0,1,0.0
0.2,29,0,hcp,0.76,19.4322363056111,0,1,0.0
0.2,29,0,pool,0.75,17.755152497472096,0,1,0.0
0.2,29,0,rep,0.76,18.562870913443593,0,1,0.0
0.2,29,0,stdcp,1.0,inf,1,1,1.0
0.2,29,0,sub,0.63,14.529733644587921,0,1,0.0
0.2,29,5,dhcp_with,0.76,18.95697846616592,0,1,0.0
0.2,29,5,dhcp_without,0.76,18.95697846616592,0,1,0.0
0.2,29,5,hcp,0.76,19.4322363056111,0,1,0.0
0.2,29,5,pool,0.75,17.755152497472096,0,1,0.0
0.2,29,5,rep,0.76,18.562870913443593,0,1,0.0
0.2,29,5,stdcp,0.73,4.249852133838942,0,1,0.0
0.2,29,5,sub,0.63,14.529733644587921,0,1,0.0
0.2,29,10,dhcp_with,0.76,18.735454922386328,0,1,0.0
0.2,29,10,dhcp_without,0.76,18.735454922386328,0,1,0.0
0.2,29,10,hcp,0.76,19.4322363056111,0,1,0.0
0.2,29,10,pool,0.75,17.755152497472096,0,1,0.0
0.2,29,10,rep,0.76,18.562870913443593,0,1,0.0
0.2,29,10,stdcp,0.82,10.654763067747325,0,1,0.0
0.2,29,10,sub,0.63,14.529733644587921,0,1,0.0
0.2,29,15,dhcp_with,0.76,18.548394396363236,0,1,0.0
0.2,29,15,dhcp_without,0.76,18.548394396363236,0,1,0.0
0.2,29,15,hcp,0.76,19.4322363056111,0,1,0.0
0.2,29,15,pool,0.75,17.755152497472096,0,1,0.0
0.2,29,15,rep,0.76,18.562870913443593,0,1,0.0
0.2,29,15,stdcp,0.91,6.746833871047018,0,1,0.0
0.2,29,15,sub,0.63,14.529733644587921,0,1,0.0
0.2,29,20,dhcp_with,0.74,16.914561189189584,0,1,0.0
0.2,29,20,dhcp_without,0.74,16.914561189189584,0,1,0.0
0.2,29,20,hcp,0.76,19.4322363056111,0,1,0.0
0.2,29,20,pool,0.75,17.755152497472096,0,1,0.0
0.2,29,20,rep,0.76,18.562870913443593,0,1,0.0
0.2,29,20,stdcp,0.82,4.621595148009358,0,1,0.0
0.2,29,20,sub,0.63,14.529733644587921,0,1,0.0
0.2,29,25,dhcp_with,0.82,13.099310500605782,0,1,0.0
0.2,29,25,dhcp_without,0.82,13.099310500605782,0,1,0.0
0.2,29,25,hcp,0.76,19.4322363056111,0,1,0.0
0.2,29,25,pool,0.75,17.755152497472096,0,1,0.0
0.2,29,25,rep,0.76,18.562870913443593,0,1,0.0
0.2,29,25,stdcp,0.85,4.3497449734574705,0,1,0.0
0.2,29,25,sub,0.63,14.529733644587921,0,1,0.0
0.2,29,30,dhcp_with,0.74,11.578353013561273,0,1,0.0
0.2,29,30,dhcp_without,0.74,11.578353013561273,0,1,0.0
0.2,29,30,hcp,0.76,19.4322363056111,0,1,0.0
0.2,29,30,pool,0.75,17.755152497472096,0,1,0.0
0.2,29,30,rep,0.76,18.562870913443593,0,1,0.0
0.2,29,30,stdcp,0.79,3.8748980132731576,0,1,0.0
0.2,29,30,sub,0.63,14.529733644587921,0,1,0.0
0.2,29,35,dhcp_with,0.81,11.812915875426782,0,1,0.0
0.2,29,35,dhcp_without,0.81,11.812915875426782,0,1,0.0
0.2,29,35,hcp,0.76,19.4322363056111,0,1,0.0
0.2,29,35,pool,0.75,17.755152497472096,0,1,0.0
0.2,29,35,rep,0.76,18.562870913443593,0,1,0.0
0.2,29,35,stdcp,0.8,3.92809898963465,0,1,0.0
0.2,29,35,sub,0.63,14.529733644587921,0,1,0.0
0.2,30,0,dhcp_with,0.68,15.162993730932325,0,1,0.0
0.2,30,0,dhcp_without,0.68,15.162993730932325,0,1,0.0
0.2,30,0,hcp,0.68,15.162993730932325,0,1,0.0
0.2,30,0,pool,0.6,12.86588562741585,0,1,0.0
0.2,30,0,rep,0.61,13.75718304539884,0,1,0.0
0.2,30,0,stdcp,1.0,inf,1,1,1.0
0.2,30,0,sub,0.65,14.474561461542997,0,1,0.0
0.2,30,5,dhcp_with,0.68,15.018180759347265,0,1,0.0
0.2,30,5,dhcp_without,0.68,15.018180759347265,0,1,0.0
0.2,30,5,hcp,0.68,15.162993730932325,0,1,0.0
0.2,30,5,pool,0.6,12.86588562741585,0,1,0.0
0.2,30,5,rep,0.61,13.75718304539884,0,1,0.0
0.2,30,5,stdcp,0.81,4.959728825000022,0,1,0.0
0.2,30,5,sub,0.65,14.474561461542997,0,1,0.0
0.2,30,10,dhcp_with,0.62,13.409717394189265,0,1,0.0
0.2,30,10,dhcp_without,0.62,13.409717394189265,0,1,0.0
0.2,30,10,hcp,0.68,15.162993730932325,0,1,0.0
0.2,30,10,pool,0.6,12.86588562741585,0,1,0.0
0.2,30,10,rep,0.61,13.75718304539884,0,1,0.0
0.2,30,10,stdcp,0.75,9.807161551825804,0,1,0.0
0.2,30,10,sub,0.65,14.474561461542997,0,1,0.0
0.2,30,15,dhcp_with,0.61,12.991276286580607,0,1,0.0
0.2,30,15,dhcp_without,0.61,12.991276286580607,0,1,0.0
0.2,30,15,hcp,0.68,15.162993730932325,0,1,0.0
0.2,30,15,pool,0.6,12.86588562741585,0,1,0.0
0.2,30,15,rep,0.61,13.75718304539884,0,1,0.0
0.2,30,15,stdcp,0.91,6.1490982283636555,0,1,0.0
0.2,30,15,sub,0.65,14.474561461542997,0,1,0.0
0.2,30,20,dhcp_with,0.59,12.23670219799288,0,1,0.0
0.2,30,20,dhcp_without,0.59,12.23670219799288,0,1,0.0
0.2,30,20,hcp,0.68,15.162993730932325,0,1,0.0
0.2,30,20,pool,0.6,12.86588562741585,0,1,0.0
0.2,30,20,rep,0.61,13.75718304539884,0,1,0.0
0.2,30,20,stdcp,0.77,4.514894894956668,0,1,0.0
0.2,30,20,sub,0.65,14.474561461542997,0,1,0.0
0.2,30,25,dhcp_with,0.86,12.28984548636936,0,1,0.0
0.2,30,25,dhcp_without,0.86,12.28984548636936,0,1,0.0
0.2,30,25,hcp,0.68,15.162993730932325,0,1,0.0
0.2,30,25,pool,0.6,12.86588562741585,0,1,0.0
0.2,30,25,rep,0.61,13.75718304539884,0,1,0.0
0.2,30,25,stdcp,0.87,4.211648005744086,0,1,0.0
0.2,30,25,sub,0.65,14.474561461542997,0,1,0.0
0.2,30,30,dhcp_with,0.78,11.448930684594728,0,1,0.0
0.2,30,30,dhcp_without,0.78,11.448930684594728,0,1,0.0
0.2,30,30,hcp,0.68,15.162993730932325,0,1,0.0
0.2,30,30,pool,0.6,12.86588562741585,0,1,0.0
0.2,30,30,rep,0.61,13.75718304539884,0,1,0.0
0.2,30,30,stdcp,0.8,3.928847959721967,0,1,0.0
0.2,30,30,sub,0.65,14.474561461542997,0,1,0.0
0.2,30,35,dhcp_with,0.82,11.809304708135766,0,1,0.0
0.2,30,35,dhcp_without,0.82,11.809304708135766,0,1,0.0
0.2,30,35,hcp,0.68,15.162993730932325,0,1,0.0
0.2,30,35,pool,0.6,12.86588562741585,0,1,0.0
0.2,30,35,rep,0.61,13.75718304539884,0,1,0.0
0.2,30,35,stdcp,0.87,3.7799030026574885,0,1,0.0
0.2,30,35,sub,0.65,14.474561461542997,0,1,0.0
0.2,31,0,dhcp_with,0.98,32.56100307358015,0,1,0.0
0.2,31,0,dhcp_without,0.98,32.56100307358015,0,1,0.0
0.2,31,0,hcp,0.98,32.56100307358015,0,1,0.0
0.2,31,0,pool,0.92,25.89875421813824,0,1,0.0
0.2,31,0,rep,0.97,30.10115433245265,0,1,0.0
0.2,31,0,stdcp,1.0,inf,1,1,1.0
0.2,31,0,sub,0.98,32.56100307358015,0,1,0.0
0.2,31,5,dhcp_with,0.97,31.322338312410697,0,1,0.0
0.2,31,5,dhcp_without,0.97,31.322338312410697,0,1,0.0
0.2,31,5,hcp,0.98,32.56100307358015,0,1,0.0
0.2,31,5,pool,0.92,25.89875421813824,0,1,0.0
0.2,31,5,rep,0.97,30.10115433245265,0,1,0.0
0.2,31,5,stdcp,0.78,5.064177884185082,0,1,0.0
0.2,31,5,sub,0.98,32.56100307358015,0,1,0.0
0.2,31,10,dhcp_with,0.97,29.661279529428125,0,1,0.0
0.2,31,10,dhcp_without,0.97,29.661279529428125,0,1,0.0
0.2,31,10,hcp,0.98,32.56100307358015,0,1,0.0
0.2,31,10,pool,0.92,25.89875421813824,0,1,0.0
0.2,31,10,rep,0.97,30.10115433245265,0,1,0.0
0.2,31,10,stdcp,0.86,9.326290234361217,0,1,0.0
0.2,31,10,sub,0.98,32.56100307358015,0,1,0.0
0.2,31,15,dhcp_with,0.97,28.08609596521266,0,1,0.0
0.2,31,15,dhcp_without,0.97,28.08609596521266,0,1,0.0
0.2,31,15,hcp,0.98,32.56100307358015,0,1,0.0
0.2,31,15,pool,0.92,25.89875421813824,0,1,0.0
0.2,31,15,rep,0.97,30.10115433245265,0,1,0.0
0.2,31,15,stdcp,0.85,6.04870459613063,0,1,0.0
0.2,31,15,sub,0.98,32.56100307358015,0,1,0.0
0.2,31,20,dhcp_with,0.96,23.205375797093353,0,1,0.0
0.2,31,20,dhcp_without,0.96,23.205375797093353,0,1,0.0
0.2,31,20,hcp,0.98,32.56100307358015,0,1,0.0
0.2,31,20,pool,0.92,25.89875421813824,0,1,0.0
0.2,31,20,rep,0.97,30.10115433245265,0,1,0.0
0.2,31,20,stdcp,0.83,4.335632381324158,0,1,0.0
0.2,31,20,sub,0.98,32.56100307358015,0,1,0.0
0.2,31,25,dhcp_with,0.89,13.873324169724075,0,1,0.0
0.2,31,25,dhcp_without,0.89,13.873324169724075,0,1,0.0
0.2,31,25,hcp,0.98,32.56100307358015,0,1,0.0
0.2,31,25,pool,0.92,25.89875421813824,0,1,0.0
0.2,31,25,rep,0.97,30.10115433245265,0,1,0.0
0.2,31,25,stdcp,0.86,4.376397043579766,0,1,0.0
0.2,31,25,sub,0.98,32.56100307358015,0,1,0.0
0.2,31,30,dhcp_with,0.84,12.468433136353642,0,1,0.0
0.2,31,30,dhcp_without,0.84,12.468433136353642,0,1,0.0
0.2,31,30,hcp,0.98,32.56100307358015,0,1,0.0
0.2,31,30,pool,0.92,25.89875421813824,0,1,0.0
0.2,31,30,rep,0.97,30.10115433245265,0,1,0.0
0.2,31,30,stdcp,0.77,3.4023260475761052,0,1,0.0
0.2,31,30,sub,0.98,32.56100307358015,0,1,0.0
0.2,31,35,dhcp_with,0.84,13.101530249313317,0,1,0.0
0.2,31,35,dhcp_without,0.84,13.101530249313317,0,1,0.0
0.2,31,35,hcp,0.98,32.56100307358015,0,1,0.0
0.2,31,35,pool,0.92,25.89875421813824,0,1,0.0
0.2,31,35,rep,0.97,30.10115433245265,0,1,0.0
0.2,31,35,stdcp,0.82,4.149519421204875,0,1,0.0
0.2,31,35,sub,0.98,32.56100307358015,0,1,0.0
0.2,32,0,dhcp_with,0.87,37.24574492147022,0,1,0.0
0.2,32,0,dhcp_without,0.87,37.24574492147022,0,1,0.0
0.2,32,0,hcp,0.87,37.24574492147022,0,1,0.0
0.2,32,0,pool,0.83,33.50469871356779,0,1,0.0
0.2,32,0,rep,0.86,35.80543436943024,0,1,0.0
0.2,32,0,stdcp,1.0,inf,1,1,1.0
0.2,32,0,sub,0.83,33.59791758790061,0,1,0.0
0.2,32,5,dhcp_with,0.86,35.980699553549606,0,1,0.0
0.2,32,5,dhcp_without,0.86,35.980699553549606,0,1,0.0
0.2,32,5,hcp,0.87,37.24574492147022,0,1,0.0
0.2,32,5,pool,0.83,33.50469871356779,0,1,0.0
0.2,32,5,rep,0.86,35.80543436943024,0,1,0.0
0.2,32,5,stdcp,0.8,4.997171224371687,0,1,0.0
0.2,32,5,sub,0.83,33.59791758790061,0,1,0.0
0.2,32,10,dhcp_with,0.84,34.76528716983991,0,1,0.0
0.2,32,10,dhcp_without,0.84,34.76528716983991,0,1,0.0
0.2,32,10,hcp,0.87,37.24574492147022,0,1,0.0
0.2,32,10,pool,0.83,33.50469871356779,0,1,0.0
0.2,32,10,rep,0.86,35.80543436943024,0,1,0.0
0.2,32,10,stdcp,0.74,8.721535273854851,0,1,0.0
0.2,32,10,sub,0.83,33.59791758790061,0,1,0.0
0.2,32,15,dhcp_with,0.83,34.00697278701095,0,1,0.0
0.2,32,15,dhcp_without,0.83,34.00697278701095,0,1,0.0
0.2,32,15,hcp,0.87,37.24574492147022,0,1,0.0
0.2,32,15,pool,0.83,33.50469871356779,0,1,0.0
0.2,32,15,rep,0.86,35.80543436943024,0,1,0.0
0.2,32,15,stdcp,0.89,7.301155729455782,0,1,0.0
0.2,32,15,sub,0.83,33.59791758790061,0,1,0.0
0.2,32,20,dhcp_with,0.82,32.050439760715584,0,1,0.0
0.2,32,20,dhcp_without,0.82,32.050439760715584,0,1,0.0
0.2,32,20,hcp,0.87,37.24574492147022,0,1,0.0
0.2,32,20,pool,0.83,33.50469871356779,0,1,0.0
0.2,32,20,rep,0.86,35.80543436943024,0,1,0.0
0.2,32,20,stdcp,0.8,3.8609399690217514,0,1,0.0
0.2,32,20,sub,0.83,33.59791758790061,0,1,0.0
0.2,32,25,dhcp_with,0.87,12.134747878953391,0,1,0.0
0.2,32,25,dhcp_without,0.87,12.134747878953391,0,1,0.0
0.2,32,25,hcp,0.87,37.24574492147022,0,1,0.0
0.2,32,25,pool,0.83,33.50469871356779,0,1,0.0
0.2,32,25,rep,0.86,35.80543436943024,0,1,0.0
0.2,32,25,stdcp,0.94,4.1696783162830915,0,1,0.0
0.2,32,25,sub,0.83,33.59791758790061,0,1,0.0
0.2,32,30,dhcp_with,0.84,11.427089612630168,0,1,0.0
0.2,32,30,dhcp_without,0.84,11.427089612630168,0,1,0.0
0.2,32,30,hcp,0.87,37.24574492147022,0,1,0.0
0.2,32,30,pool,0.83,33.50469871356779,0,1,0.0
0.2,32,30,rep,0.86,35.80543436943024,0,1,0.0
0.2,32,30,stdcp,0.84,3.8775106557308145,0,1,0.0
0.2,32,30,sub,0.83,33.59791758790061,0,1,0.0
0.2,32,35,dhcp_with,0.91,12.083400393459973,0,1,0.0
0.2,32,35,dhcp_without,0.91,12.083400393459973,0,1,0.0
0.2,32,35,hcp,0.87,37.24574492147022,0,1,0.0
0.2,32,35,pool,0.83,33.50469871356779,0,1,0.0
0.2,32,35,rep,0.86,35.80543436943024,0,1,0.0
0.2,32,35,stdcp,0.87,3.8713953589773284,0,1,0.0
0.2,32,35,sub,0.83,33.59791758790061,0,1,0.0
0.2,33,0,dhcp_with,0.86,31.28568716558922,0,1,0.0
0.2,33,0,dhcp_without,0.86,31.28568716558922,0,1,0.0
0.2,33,0,hcp,0.86,31.28568716558922,0,1,0.0
0.2,33,0,pool,0.86,27.99964779013048,0,1,0.0
0.2,33,0,rep,0.86,29.390001908204866,0,1,0.0
0.2,33,0,stdcp,1.0,inf,1,1,1.0
0.2,33,0,sub,0.86,28.938833136798326,0,1,0.0
0.2,33,5,dhcp_with,0.86,30.661677859297885,0,1,0.0
0.2,33,5,dhcp_without,0.86,30.661677859297885,0,1,0.0
0.2,33,5,hcp,0.86,31.28568716558922,0,1,0.0
0.2,33,5,pool,0.86,27.99964779013048,0,1,0.0
0.2,33,5,rep,0.86,29.390001908204866,0,1,0.0
0.2,33,5,stdcp,0.8,4.889352386484651,0,1,0.0
0.2,33,5,sub,0.86,28.938833136798326,0,1,0.0
0.2,33,10,dhcp_with,0.86,29.670266088405683,0,1,0.0
0.2,33,10,dhcp_without,0.86,29.670266088405683,0,1,0.0
0.2,33,10,hcp,0.86,31.28568716558922,0,1,0.0
0.2,33,10,pool,0.86,27.99964779013048,0,1,0.0
0.2,33,10,rep,0.86,29.390001908204866,0,1,0.0
0.2,33,10,stdcp,0.9,11.38043794056346,0,1,0.0
0.2,33,10,sub,0.86,28.938833136798326,0,1,0.0
0.2,33,15,dhcp_with,0.86,28.71568538251283,0,1,0.0
0.2,33,15,dhcp_without,0.86,28.71568538251283,0,1,0.0
0.2,33,15,hcp,0.86,31.28568716558922,0,1,0.0
0.2,33,15,pool,0.86,27.99964779013048,0,1,0.0
0.2,33,15,rep,0.86,29.390001908204866,0,1,0.0
0.2,33,15,stdcp,0.94,6.935380859099197,0,1,0.0
0.2,33,15,sub,0.86,28.938833136798326,0,1,0.0
0.2,33,20,dhcp_with,0.85,25.612779794452678,0,1,0.0
0.2,33,20,dhcp_without,0.85,25.612779794452678,0,1,0.0
0.2,33,20,hcp,0.86,31.28568716558922,0,1,0.0
0.2,33,20,pool,0.86,27.99964779013048,0,1,0.0
0.2,33,20,rep,0.86,29.390001908204866,0,1,0.0
0.2,33,20,stdcp,0.8,3.77284285850312,0,1,0.0
0.2,33,20,sub,0.86,28.938833136798326,0,1,0.0
0.2,33,25,dhcp_with,0.86,14.339616700182136,0,1,0.0
0.2,33,25,dhcp_without,0.86,14.339616700182136,0,1,0.0
0.2,33,25,hcp,0.86,31.28568716558922,0,1,0.0
0.2,33,25,pool,0.86,27.99964779013048,0,1,0.0
0.2,33,25,rep,0.86,29.390001908204866,0,1,0.0
0.2,33,25,stdcp,0.85,4.260430265895558,0,1,0.0
0.2,33,25,sub,0.86,28.938833136798326,0,1,0.0
0.2,33,30,dhcp_with,0.8,12.467508995986524,0,1,0.0
0.2,33,30,dhcp_without,0.8,12.467508995986524,0,1,0.0
0.2,33,30,hcp,0.86,31.28568716558922,0,1,0.0
0.2,33,30,pool,0.86,27.99964779013048,0,1,0.0
0.2,33,30,rep,0.86,29.390001908204866,0,1,0.0
0.2,33,30,stdcp,0.83,4.014933854273326,0,1,0.0
0.2,33,30,sub,0.86,28.938833136798326,0,1,0.0
0.2,33,35,dhcp_with,0.81,13.911982971044983,0,1,0.0
0.2,33,35,dhcp_without,0.81,13.911982971044983,0,1,0.0
0.2,33,35,hcp,0.86,31.28568716558922,0,1,0.0
0.2,33,35,pool,0.86,27.99964779013048,0,1,0.0
0.2,33,35,rep,0.86,29.390001908204866,0,1,0.0
0.2,33,35,stdcp,0.84,4.0713616469643155,0,1,0.0
0.2,33,35,sub,0.86,28.938833136798326,0,1,0.0
0.2,34,0,dhcp_with,0.69,25.757035833332473,0,1,0.0
0.2,34,0,dhcp_without,0.69,25.757035833332473,0,1,0.0
0.2,34,0,hcp,0.69,25.757035833332473,0,1,0.0
0.2,34,0,pool,0.64,23.01767770571603,0,1,0.0
0.2,34,0,rep,0.66,24.378248237239895,0,1,0.0
0.2,34,0,stdcp,1.0,inf,1,1,1.0
0.2,34,0,sub,0.73,28.276978831733707,0,1,0.0
0.2,34,5,dhcp_with,0.69,25.757035833332473,0,1,0.0
0.2,34,5,dhcp_without,0.69,25.757035833332473,0,1,0.0
0.2,34,5,hcp,0.69,25.757035833332473,0,1,0.0
0.2,34,5,pool,0.64,23.01767770571603,0,1,0.0
0.2,34,5,rep,0.66,24.378248237239895,0,1,0.0
0.2,34,5,stdcp,0.8,5.034347777999482,0,1,0.0
0.2,34,5,sub,0.73,28.276978831733707,0,1,0.0
0.2,34,10,dhcp_with,0.68,24.994219646981357,0,1,0.0
0.2,34,10,dhcp_without,0.68,24.994219646981357,0,1,0.0
0.2,34,10,hcp,0.69,25.757035833332473,0,1,0.0
0.2,34,10,pool,0.64,23.01767770571603,0,1,0.0
0.2,34,10,rep,0.66,24.378248237239895,0,1,0.0
0.2,34,10,stdcp,0.85,11.501547623403837,0,1,0.0
0.2,34,10,sub,0.73,28.276978831733707,0,1,0.0
0.2,34,15,dhcp_with,0.66,23.552160277548985,0,1,0.0
0.2,34,15,dhcp_without,0.66,23.552160277548985,0,1,0.0
0.2,34,15,hcp,0.69,25.757035833332473,0,1,0.0
0.2,34,15,pool,0.64,23.01767770571603,0,1,0.0
0.2,34,15,rep,0.66,24.378248237239895,0,1,0.0
0.2,34,15,stdcp,0.87,6.807782527921923,0,1,0.0
0.2,34,15,sub,0.73,28.276978831733707,0,1,0.0
0.2,34,20,dhcp_with,0.65,23.251397485651786,0,1,0.0
0.2,34,20,dhcp_without,0.65,23.251397485651786,0,1,0.0
0.2,34,20,hcp,0.69,25.757035833332473,0,1,0.0
0.2,34,20,pool,0.64,23.01767770571603,0,1,0.0
0.2,34,20,rep,0.66,24.378248237239895,0,1,0.0
0.2,34,20,stdcp,0.82,4.322358633376859,0,1,0.0
0.2,34,20,sub,0.73,28.276978831733707,0,1,0.0
0.2,34,25,dhcp_with,0.8,17.442914889378585,0,1,0.0
0.2,34,25,dhcp_without,0.8,17.442914889378585,0,1,0.0
0.2,34,25,hcp,0.69,25.757035833332473,0,1,0.0
0.2,34,25,pool,0.64,23.01767770571603,0,1,0.0
0.2,34,25,rep,0.66,24.378248237239895,0,1,0.0
0.2,34,25,stdcp,0.87,4.4762421720828325,0,1,0.0
0.2,34,25,sub,0.73,28.276978831733707,0,1,0.0
0.2,34,30,dhcp_with,0.75,16.200155270024993,0,1,0.0
0.2,34,30,dhcp_without,0.75,16.200155270024993,0,1,0.0
0.2,34,30,hcp,0.69,25.757035833332473,0,1,0.0
0.2,34,30,pool,0.64,23.01767770571603,0,1,0.0
0.2,34,30,rep,0.66,24.378248237239895,0,1,0.0
0.2,34,30,stdcp,0.8,3.553395804502804,0,1,0.0
0.2,34,30,sub,0.73,28.276978831733707,0,1,0.0
0.2,34,35,dhcp_with,0.8,16.127463100582474,0,1,0.0
0.2,34,35,dhcp_without,0.8,16.127463100582474,0,1,0.0
0.2,34,35,hcp,0.69,25.757035833332473,0,1,0.0
0.2,34,35,pool,0.64,23.01767770571603,0,1,0.0
0.2,34,35,rep,0.66,24.378248237239895,0,1,0.0
0.2,34,35,stdcp,0.83,3.692659098031222,0,1,0.0
0.2,34,35,sub,0.73,28.276978831733707,0,1,0.0
0.2,35,0,dhcp_with,0.7,18.54395804368947,0,1,0.0
0.2,35,0,dhcp_without,0.7,18.54395804368947,0,1,0.0
0.2,35,0,hcp,0.7,18.54395804368947,0,1,0.0
0.2,35,0,pool,0.6,14.652968726489334,0,1,0.0
0.2,35,0,rep,0.67,16.44497512580485,0,1,0.0
0.2,35,0,stdcp,1.0,inf,1,1,1.0
0.2,35,0,sub,0.73,19.917443409782003,0,1,0.0
0.2,35,5,dhcp_with,0.7,17.888012803589817,0,1,0.0
0.2,35,5,dhcp_without,0.7,17.888012803589817,0,1,0.0
0.2,35,5,hcp,0.7,18.54395804368947,0,1,0.0
0.2,35,5,pool,0.6,14.652968726489334,0,1,0.0
0.2,35,5,rep,0.67,16.44497512580485,0,1,0.0
0.2,35,5,stdcp,0.78,5.223595040930904,0,1,0.0
0.2,35,5,sub,0.73,19.917443409782003,0,1,0.0
0.2,35,10,dhcp_with,0.68,16.53436384632161,0,1,0.0
0.2,35,10,dhcp_without,0.68,16.53436384632161,0,1,0.0
0.2,35,10,hcp,0.7,18.54395804368947,0,1,0.0
0.2,35,10,pool,0.6,14.652968726489334,0,1,0.0
0.2,35,10,rep,0.67,16.44497512580485,0,1,0.0
0.2,35,10,stdcp,0.83,9.568641161475082,0,1,0.0
0.2,35,10,sub,0.73,19.917443409782003,0,1,0.0
0.2,35,15,dhcp_with,0.66,15.696530505143231,0,1,0.0
0.2,35,15,dhcp_without,0.66,15.696530505143231,0,1,0.0
0.2,35,15,hcp,0.7,18.54395804368947,0,1,0.0
0.2,35,15,pool,0.6,14.652968726489334,0,1,0.0
0.2,35,15,rep,0.67,16.44497512580485,0,1,0.0
0.2,35,15,stdcp,0.84,7.031101922150183,0,1,0.0
0.2,35,15,sub,0.73,19.917443409782003,0,1,0.0
0.2,35,20,dhcp_with,0.63,14.122569675948817,0,1,0.0
0.2,35,20,dhcp_without,0.63,14.122569675948817,0,1,0.0
0.2,35,20,hcp,0.7,18.54395804368947,0,1,0.0
0.2,35,20,pool,0.6,14.652968726489334,0,1,0.0
0.2,35,20,rep,0.67,16.44497512580485,0,1,0.0
0.2,35,20,stdcp,0.81,4.6103110166751895,0,1,0.0
0.2,35,20,sub,0.73,19.917443409782003,0,1,0.0
0.2,35,25,dhcp_with,0.91,15.21826827904637,0,1,0.0
0.2,35,25,dhcp_without,0.91,15.21826827904637,0,1,0.0
0.2,35,25,hcp,0.7,18.54395804368947,0,1,0.0
0.2,35,25,pool,0.6,14.652968726489334,0,1,0.0
0.2,35,25,rep,0.67,16.44497512580485,0,1,0.0
0.2,35,25,stdcp,0.84,5.135766781646005,0,1,0.0
0.2,35,25,sub,0.73,19.917443409782003,0,1,0.0
0.2,35,30,dhcp_with,0.86,14.157577166048624,0,1,0.0
0.2,35,30,dhcp_without,0.86,14.157577166048624,0,1,0.0
0.2,35,30,hcp,0.7,18.54395804368947,0,1,0.0
0.2,35,30,pool,0.6,14.652968726489334,0,1,0.0
0.2,35,30,rep,0.67,16.44497512580485,0,1,0.0
0.2,35,30,stdcp,0.77,3.6737311819592033,0,1,0.0
0.2,35,30,sub,0.73,19.917443409782003,0,1,0.0
0.2,35,35,dhcp_with,0.87,14.365628646318106,0,1,0.0
0.2,35,35,dhcp_without,0.87,14.365628646318106,0,1,0.0
0.2,35,35,hcp,0.7,18.54395804368947,0,1,0.0
0.2,35,35,pool,0.6,14.652968726489334,0,1,0.0
0.2,35,35,rep,0.67,16.44497512580485,0,1,0.0
0.2,35,35,stdcp,0.83,4.0708958587639685,0,1,0.0
0.2,35,35,sub,0.73,19.917443409782003,0,1,0.0
0.2,36,0,dhcp_with,0.94,35.49163346214174,0,1,0.0
0.2,36,0,dhcp_without,0.94,35.49163346214174,0,1,0.0
0.2,36,0,hcp,0.94,35.49163346214174,0,1,0.0
0.2,36,0,pool,0.79,24.614634583353258,0,1,0.0
0.2,36,0,rep,0.87,30.423595398208878,0,1,0.0
0.2,36,0,stdcp,1.0,inf,1,1,1.0
0.2,36,0,sub,0.87,30.050562909429036,0,1,0.0
0.2,36,5,dhcp_with,0.93,31.194723320100408,0,1,0.0
0.2,36,5,dhcp_without,0.93,31.194723320100408,0,1,0.0
0.2,36,5,hcp,0.94,35.49163346214174,0,1,0.0
0.2,36,5,pool,0.79,24.614634583353258,0,1,0.0
0.2,36,5,rep,0.87,30.423595398208878,0,1,0.0
0.2,36,5,stdcp,0.76,4.718822452984048,0,1,0.0
0.2,36,5,sub,0.87,30.050562909429036,0,1,0.0
0.2,36,10,dhcp_with,0.91,30.91966957358519,0,1,0.0
0.2,36,10,dhcp_without,0.91,30.91966957358519,0,1,0.0
0.2,36,10,hcp,0.94,35.49163346214174,0,1,0.0
0.2,36,10,pool,0.79,24.614634583353258,0,1,0.0
0.2,36,10,rep,0.87,30.423595398208878,0,1,0.0
0.2,36,10,stdcp,0.83,11.970076101396918,0,1,0.0
0.2,36,10,sub,0.87,30.050562909429036,0,1,0.0
0.2,36,15,dhcp_with,0.87,27.550312007968074,0,1,0.0
0.2,36,15,dhcp_without,0.87,27.550312007968074,0,1,0.0
0.2,36,15,hcp,0.94,35.49163346214174,0,1,0.0
0.2,36,15,pool,0.79,24.614634583353258,0,1,0.0
0.2,36,15,rep,0.87,30.423595398208878,0,1,0.0
0.2,36,15,stdcp,0.83,6.70463282438007,0,1,0.0
0.2,36,15,sub,0.87,30.050562909429036,0,1,0.0
0.2,36,20,dhcp_with,0.8,21.666515788297588,0,1,0.0
0.2,36,20,dhcp_without,0.8,21.666515788297588,0,1,0.0
0.2,36,20,hcp,0.94,35.49163346214174,0,1,0.0
0.2,36,20,pool,0.79,24.614634583353258,0,1,0.0
0.2,36,20,rep,0.87,30.423595398208878,0,1,0.0
0.2,36,20,stdcp,0.85,4.43466760004269,0,1,0.0
0.2,36,20,sub,0.87,30.050562909429036,0,1,0.0
0.2,36,25,dhcp_with,0.87,10.960533867408294,0,1,0.0
0.2,36,25,dhcp_without,0.87,10.960533867408294,0,1,0.0
0.2,36,25,hcp,0.94,35.49163346214174,0,1,0.0
0.2,36,25,pool,0.79,24.614634583353258,0,1,0.0
0.2,36,25,rep,0.87,30.423595398208878,0,1,0.0
0.2,36,25,stdcp,0.85,4.8904743271694375,0,1,0.0
0.2,36,25,sub,0.87,30.050562909429036,0,1,0.0
0.2,36,30,dhcp_with,0.84,10.362752906676333,0,1,0.0
0.2,36,30,dhcp_without,0.84,10.362752906676333,0,1,0.0
0.2,36,30,hcp,0.94,35.49163346214174,0,1,0.0
0.2,36,30,pool,0.79,24.614634583353258,0,1,0.0
0.2,36,30,rep,0.87,30.423595398208878,0,1,0.0
0.2,36,30,stdcp,0.76,3.714906009475105,0,1,0.0
0.2,36,30,sub,0.87,30.050562909429036,0,1,0.0
0.2,36,35,dhcp_with,0.86,11.040175510119749,0,1,0.0
0.2,36,35,dhcp_without,0.86,11.040175510119749,0,1,0.0
0.2,36,35,hcp,0.94,35.49163346214174,0,1,0.0
0.2,36,35,pool,0.79,24.614634583353258,0,1,0.0
0.2,36,35,rep,0.87,30.423595398208878,0,1,0.0
0.2,36,35,stdcp,0.86,4.012067875472357,0,1,0.0
0.2,36,35,sub,0.87,30.050562909429036,0,1,0.0
0.2,37,0,dhcp_with,0.89,27.786163957184346,0,1,0.0
0.2,37,0,dhcp_without,0.89,27.786163957184346,0,1,0.0
0.2,37,0,hcp,0.89,27.786163957184346,0,1,0.0
0.2,37,0,pool,0.78,23.494258384168322,0,1,0.0
0.2,37,0,rep,0.84,25.355979809807604,0,1,0.0
0.2,37,0,stdcp,1.0,inf,1,1,1.0
0.2,37,0,sub,0.74,22.087299953782075,0,1,0.0
0.2,37,5,dhcp_with,0.89,26.926616776938317,0,1,0.0
0.2,37,5,dhcp_without,0.89,26.926616776938317,0,1,0.0
0.2,37,5,hcp,0.89,27.786163957184346,0,1,0.0
0.2,37,5,pool,0.78,23.494258384168322,0,1,0.0
0.2,37,5,rep,0.84,25.355979809807604,0,1,0.0
0.2,37,5,stdcp,0.69,4.112436550502966,0,1,0.0
0.2,37,5,sub,0.74,22.087299953782075,0,1,0.0
0.2,37,10,dhcp_with,0.85,25.51283858899717,0,1,0.0
0.2,37,10,dhcp_without,0.85,25.51283858899717,0,1,0.0
0.2,37,10,hcp,0.89,27.786163957184346,0,1,0.0
0.2,37,10,pool,0.78,23.494258384168322,0,1,0.0
0.2,37,10,rep,0.84,25.355979809807604,0,1,0.0
0.2,37,10,stdcp,0.83,9.618990331404026,0,1,0.0
0.2,37,10,sub,0.74,22.087299953782075,0,1,0.0
0.2,37,15,dhcp_with,0.83,24.15113262169791,0,1,0.0
0.2,37,15,dhcp_without,0.83,24.15113262169791,0,1,0.0
0.2,37,15,hcp,0.89,27.786163957184346,0,1,0.0
0.2,37,15,pool,0.78,23.494258384168322,0,1,0.0
0.2,37,15,rep,0.84,25.355979809807604,0,1,0.0
0.2,37,15,stdcp,0.91,6.335927596028003,0,1,0.0
0.2,37,15,sub,0.74,22.087299953782075,0,1,0.0
0.2,37,20,dhcp_with,0.79,22.61053400564697,0,1,0.0
0.2,37,20,dhcp_without,0.79,22.61053400564697,0,1,0.0
0.2,37,20,hcp,0.89,27.786163957184346,0,1,0.0
0.2,37,20,pool,0.78,23.494258384168322,0,1,0.0
0.2,37,20,rep,0.84,25.355979809807604,0,1,0.0
0.2,37,20,stdcp,0.85,4.1369794507076385,0,1,0.0
0.2,37,20,sub,0.74,22.087299953782075,0,1,0.0
0.2,37,25,dhcp_with,0.79,14.623119234089188,0,1,0.0
0.2,37,25,dhcp_without,0.79,14.623119234089188,0,1,0.0
0.2,37,25,hcp,0.89,27.786163957184346,0,1,0.0
0.2,37,25,pool,0.78,23.494258384168322,0,1,0.0
0.2,37,25,rep,0.84,25.355979809807604,0,1,0.0
0.2,37,25,stdcp,0.83,4.1194670688247275,0,1,0.0
0.2,37,25,sub,0.74,22.087299953782075,0,1,0.0
0.2,37,30,dhcp_with,0.79,13.5345595683974,0,1,0.0
0.2,37,30,dhcp_without,0.79,13.5345595683974,0,1,0.0
0.2,37,30,hcp,0.89,27.786163957184346,0,1,0.0
0.2,37,30,pool,0.78,23.494258384168322,0,1,0.0
0.2,37,30,rep,0.84,25.355979809807604,0,1,0.0
0.2,37,30,stdcp,0.8,3.4318098666110846,0,1,0.0
0.2,37,30,sub,0.74,22.087299953782075,0,1,0.0
0.2,37,35,dhcp_with,0.79,13.900109888287986,0,1,0.0
0.2,37,35,dhcp_without,0.79,13.900109888287986,0,1,0.0
0.2,37,35,hcp,0.89,27.786163957184346,0,1,0.0
0.2,37,35,pool,0.78,23.494258384168322,0,1,0.0
0.2,37,35,rep,0.84,25.355979809807604,0,1,0.0
0.2,37,35,stdcp,0.84,3.6764871735755578,0,1,0.0
0.2,37,35,sub,0.74,22.087299953782075,0,1,0.0
0.2,38,0,dhcp_with,1.0,62.010130330281534,0,1,0.0
0.2,38,0,dhcp_without,1.0,62.010130330281534,0,1,0.0
0.2,38,0,hcp,1.0,62.010130330281534,0,1,0.0
0.2,38,0,pool,0.98,56.23930885502281,0,1,0.0
0.2,38,0,rep,0.98,59.385234816283315,0,1,0.0
0.2,38,0,stdcp,1.0,inf,1,1,1.0
0.2,38,0,sub,1.0,62.010130330281534,0,1,0.0
0.2,38,5,dhcp_with,0.98,59.17002131571773,0,1,0.0
0.2,38,5,dhcp_without,0.98,59.17002131571773,0,1,0.0
0.2,38,5,hcp,1.0,62.010130330281534,0,1,0.0
0.2,38,5,pool,0.98,56.23930885502281,0,1,0.0
0.2,38,5,rep,0.98,59.385234816283315,0,1,0.0
0.2,38,5,stdcp,0.71,4.66485225486216,0,1,0.0
0.2,38,5,sub,1.0,62.010130330281534,0,1,0.0
0.2,38,10,dhcp_with,0.98,57.779646743885976,0,1,0.0
0.2,38,10,dhcp_without,0.98,57.779646743885976,0,1,0.0
0.2,38,10,hcp,1.0,62.010130330281534,0,1,0.0
0.2,38,10,pool,0.98,56.23930885502281,0,1,0.0
0.2,38,10,rep,0.98,59.385234816283315,0,1,0.0
0.2,38,10,stdcp,0.9,10.935170946698467,0,1,0.0
0.2,38,10,sub,1.0,62.010130330281534,0,1,0.0
0.2,38,15,dhcp_with,0.98,57.71485342730246,0,1,0.0
0.2,38,15,dhcp_without,0.98,57.71485342730246,0,1,0.0
0.2,38,15,hcp,1.0,62.010130330281534,0,1,0.0
0.2,38,15,pool,0.98,56.23930885502281,0,1,0.0
0.2,38,15,rep,0.98,59.385234816283315,0,1,0.0
0.2,38,15,stdcp,0.9,6.552175135160224,0,1,0.0
0.2,38,15,sub,1.0,62.010130330281534,0,1,0.0
0.2,38,20,dhcp_with,0.98,56.40509570261779,0,1,0.0
0.2,38,20,dhcp_without,0.98,56.40509570261779,0,1,0.0
0.2,38,20,hcp,1.0,62.010130330281534,0,1,0.0
0.2,38,20,pool,0.98,56.23930885502281,0,1,0.0
0.2,38,20,rep,0.98,59.385234816283315,0,1,0.0
0.2,38,20,stdcp,0.91,4.485415879758474,0,1,0.0
0.2,38,20,sub,1.0,62.010130330281534,0,1,0.0
0.2,38,25,dhcp_with,0.83,14.312881287593314,0,1,0.0
0.2,38,25,dhcp_without,0.83,14.312881287593314,0,1,0.0
0.2,38,25,hcp,1.0,62.010130330281534,0,1,0.0
0.2,38,25,pool,0.98,56.23930885502281,0,1,0.0
0.2,38,25,rep,0.98,59.385234816283315,0,1,0.0
0.2,38,25,stdcp,0.85,4.555807306234422,0,1,0.0
0.2,38,25,sub,1.0,62.010130330281534,0,1,0.0
0.2,38,30,dhcp_with,0.79,12.831844271117962,0,1,0.0
0.2,38,30,dhcp_without,0.79,12.831844271117962,0,1,0.0
0.2,38,30,hcp,1.0,62.010130330281534,0,1,0.0
0.2,38,30,pool,0.98,56.23930885502281,0,1,0.0
0.2,38,30,rep,0.98,59.385234816283315,0,1,0.0
0.2,38,30,stdcp,0.86,3.957077465705483,0,1,0.0
0.2,38,30,sub,1.0,62.010130330281534,0,1,0.0
0.2,38,35,dhcp_with,0.82,13.715119204950101,0,1,0.0
0.2,38,35,dhcp_without,0.82,13.715119204950101,0,1,0.0
0.2,38,35,hcp,1.0,62.010130330281534,0,1,0.0
0.2,38,35,pool,0.98,56.23930885502281,0,1,0.0
0.2,38,35,rep,0.98,59.385234816283315,0,1,0.0
0.2,38,35,stdcp,0.87,3.989405720973935,0,1,0.0
0.2,38,35,sub,1.0,62.010130330281534,0,1,0.0
0.2,39,0,dhcp_with,0.79,17.636949673168907,0,1,0.0
0.2,39,0,dhcp_without,0.79,17.636949673168907,0,1,0.0
0.2,39,0,hcp,0.79,17.636949673168907,0,1,0.0
0.2,39,0,pool,0.63,14.472848539609505,0,1,0.0
0.2,39,0,rep,0.72,16.136170736040807,0,1,0.0
0.2,39,0,stdcp,1.0,inf,1,1,1.0
0.2,39,0,sub,0.63,14.522373560095762,0,1,0.0
0.2,39,5,dhcp_with,0.78,17.013120400427333,0,1,0.0
0.2,39,5,dhcp_without,0.78,17.013120400427333,0,1,0.0
0.2,39,5,hcp,0.79,17.636949673168907,0,1,0.0
0.2,39,5,pool,0.63,14.472848539609505,0,1,0.0
0.2,39,5,rep,0.72,16.136170736040807,0,1,0.0
0.2,39,5,stdcp,0.6,4.763870417819738,0,1,0.0
0.2,39,5,sub,0.63,14.522373560095762,0,1,0.0
0.2,39,10,dhcp_with,0.75,15.958079828924854,0,1,0.0
0.2,39,10,dhcp_without,0.75,15.958079828924854,0,1,0.0
0.2,39,10,hcp,0.79,17.636949673168907,0,1,0.0
0.2,39,10,pool,0.63,14.472848539609505,0,1,0.0
0.2,39,10,rep,0.72,16.136170736040807,0,1,0.0
0.2,39,10,stdcp,0.78,12.52551034426567,0,1,0.0
0.2,39,10,sub,0.63,14.522373560095762,0,1,0.0
0.2,39,15,dhcp_with,0.71,15.172095270952937,0,1,0.0
0.2,39,15,dhcp_without,0.71,15.172095270952937,0,1,0.0
0.2,39,15,hcp,0.79,17.636949673168907,0,1,0.0
0.2,39,15,pool,0.63,14.472848539609505,0,1,0.0
0.2,39,15,rep,0.72,16.136170736040807,0,1,0.0
0.2,39,15,stdcp,0.91,6.701081120403806,0,1,0.0
0.2,39,15,sub,0.63,14.522373560095762,0,1,0.0
0.2,39,20,dhcp_with,0.7,14.489937944192583,0,1,0.0
0.2,39,20,dhcp_without,0.7,14.489937944192583,0,1,0.0
0.2,39,20,hcp,0.79,17.636949673168907,0,1,0.0
0.2,39,20,pool,0.63,14.472848539609505,0,1,0.0
0.2,39,20,rep,0.72,16.136170736040807,0,1,0.0
0.2,39,20,stdcp,0.79,3.956277578405455,0,1,0.0
0.2,39,20,sub,0.63,14.522373560095762,0,1,0.0
0.2,39,25,dhcp_with,0.89,13.590795309466337,0,1,0.0
0.2,39,25,dhcp_without,0.89,13.590795309466337,0,1,0.0
0.2,39,25,hcp,0.79,17.636949673168907,0,1,0.0
0.2,39,25,pool,0.63,14.472848539609505,0,1,0.0
0.2,39,25,rep,0.72,16.136170736040807,0,1,0.0
0.2,39,25,stdcp,0.84,4.147849040819226,0,1,0.0
0.2,39,25,sub,0.63,14.522373560095762,0,1,0.0
0.2,39,30,dhcp_with,0.79,12.387835665461807,0,1,0.0
0.2,39,30,dhcp_without,0.79,12.387835665461807,0,1,0.0
0.2,39,30,hcp,0.79,17.636949673168907,0,1,0.0
0.2,39,30,pool,0.63,14.472848539609505,0,1,0.0
0.2,39,30,rep,0.72,16.136170736040807,0,1,0.0
0.2,39,30,stdcp,0.77,3.435192569613254,0,1,0.0
0.2,39,30,sub,0.63,14.522373560095762,0,1,0.0
0.2,39,35,dhcp_with,0.84,13.062063283919281,0,1,0.0
0.2,39,35,dhcp_without,0.84,13.062063283919281,0,1,0.0
0.2,39,35,hcp,0.79,17.636949673168907,0,1,0.0
0.2,39,35,pool,0.63,14.472848539609505,0,1,0.0
0.2,39,35,rep,0.72,16.136170736040807,0,1,0.0
0.2,39,35,stdcp,0.82,3.5799401021092123,0,1,0.0
0.2,39,35,sub,0.63,14.522373560095762,0,1,0.0
0.2,40,0,dhcp_with,0.93,32.526442421512904,0,1,0.0
0.2,40,0,dhcp_without,0.93,32.526442421512904,0,1,0.0
0.2,40,0,hcp,0.93,32.526442421512904,0,1,0.0
0.2,40,0,pool,0.88,29.988435004013787,0,1,0.0
0.2,40,0,rep,0.93,31.70312026839919,0,1,0.0
0.2,40,0,stdcp,1.0,inf,1,1,1.0
0.2,40,0,sub,0.96,34.90363342913737,0,1,0.0
0.2,40,5,dhcp_with,0.93,32.07864135375118,0,1,0.0
0.2,40,5,dhcp_without,0.93,32.07864135375118,0,1,0.0
0.2,40,5,hcp,0.93,32.526442421512904,0,1,0.0
0.2,40,5,pool,0.88,29.988435004013787,0,1,0.0
0.2,40,5,rep,0.93,31.70312026839919,0,1,0.0
0.2,40,5,stdcp,0.83,4.93731904614379,0,1,0.0
0.2,40,5,sub,0.96,34.90363342913737,0,1,0.0
0.2,40,10,dhcp_with,0.93,31.29893259669545,0,1,0.0
0.2,40,10,dhcp_without,0.93,31.29893259669545,0,1,0.0
0.2,40,10,hcp,0.93,32.526442421512904,0,1,0.0
0.2,40,10,pool,0.88,29.988435004013787,0,1,0.0
0.2,40,10,rep,0.93,31.70312026839919,0,1,0.0
0.2,40,10,stdcp,0.88,10.413347876141298,0,1,0.0
0.2,40,10,sub,0.96,34.90363342913737,0,1,0.0
0.2,40,15,dhcp_with,0.9,30.60477194466722,0,1,0.0
0.2,40,15,dhcp_without,0.9,30.60477194466722,0,1,0.0
0.2,40,15,hcp,0.93,32.526442421512904,0,1,0.0
0.2,40,15,pool,0.88,29.988435004013787,0,1,0.0
0.2,40,15,rep,0.93,31.70312026839919,0,1,0.0
0.2,40,15,stdcp,0.9,7.100189518812764,0,1,0.0
0.2,40,15,sub,0.96,34.90363342913737,0,1,0.0
0.2,40,20,dhcp_with,0.9,29.17089510669035,0,1,0.0
0.2,40,20,dhcp_without,0.9,29.17089510669035,0,1,0.0
0.2,40,20,hcp,0.93,32.526442421512904,0,1,0.0
0.2,40,20,pool,0.88,29.988435004013787,0,1,0.0
0.2,40,20,rep,0.93,31.70312026839919,0,1,0.0
0.2,40,20,stdcp,0.88,4.335727524554522,0,1,0.0
0.2,40,20,sub,0.96,34.90363342913737,0,1,0.0
0.2,40,25,dhcp_with,0.8,12.441486603477848,0,1,0.0
0.2,40,25,dhcp_without,0.8,12.441486603477848,0,1,0.0
0.2,40,25,hcp,0.93,32.526442421512904,0,1,0.0
0.2,40,25,pool,0.88,29.988435004013787,0,1,0.0
0.2,40,25,rep,0.93,31.70312026839919,0,1,0.0
0.2,40,25,stdcp,0.86,4.658542202776278,0,1,0.0
0.2,40,25,sub,0.96,34.90363342913737,0,1,0.0
0.2,40,30,dhcp_with,0.78,11.716054825729724,0,1,0.0
0.2,40,30,dhcp_without,0.78,11.716054825729724,0,1,0.0
0.2,40,30,hcp,0.93,32.526442421512904,0,1,0.0
0.2,40,30,pool,0.88,29.988435004013787,0,1,0.0
0.2,40,30,rep,0.93,31.70312026839919,0,1,0.0
0.2,40,30,stdcp,0.81,3.5517409522710928,0,1,0.0
0.2,40,30,sub,0.96,34.90363342913737,0,1,0.0
0.2,40,35,dhcp_with,0.85,12.304561675260711,0,1,0.0
0.2,40,35,dhcp_without,0.85,12.304561675260711,0,1,0.0
0.2,40,35,hcp,0.93,32.526442421512904,0,1,0.0
0.2,40,35,pool,0.88,29.988435004013787,0,1,0.0
0.2,40,35,rep,0.93,31.70312026839919,0,1,0.0
0.2,40,35,stdcp,0.84,3.7567677979737164,0,1,0.0
0.2,40,35,sub,0.96,34.90363342913737,0,1,0.0
0.2,41,0,dhcp_with,0.86,23.041337122927047,0,1,0.0
0.2,41,0,dhcp_without,0.86,23.041337122927047,0,1,0.0
0.2,41,0,hcp,0.86,23.041337122927047,0,1,0.0
0.2,41,0,pool,0.86,21.03412319611453,0,1,0.0
0.2,41,0,rep,0.86,22.019065917163612,0,1,0.0
0.2,41,0,stdcp,1.0,inf,1,1,1.0
0.2,41,0,sub,0.92,24.763788648679338,0,1,0.0
0.2,41,5,dhcp_with,0.86,22.57378515988387,0,1,0.0
0.2,41,5,dhcp_without,0.86,22.57378515988387,0,1,0.0
0.2,41,5,hcp,0.86,23.041337122927047,0,1,0.0
0.2,41,5,pool,0.86,21.03412319611453,0,1,0.0
0.2,41,5,rep,0.86,22.019065917163612,0,1,0.0
0.2,41,5,stdcp,0.74,4.376409273694822,0,1,0.0
0.2,41,5,sub,0.92,24.763788648679338,0,1,0.0
0.2,41,10,dhcp_with,0.86,21.599299996642888,0,1,0.0
0.2,41,10,dhcp_without,0.86,21.599299996642888,0,1,0.0
0.2,41,10,hcp,0.86,23.041337122927047,0,1,0.0
0.2,41,10,pool,0.86,21.03412319611453,0,1,0.0
0.2,41,10,rep,0.86,22.019065917163612,0,1,0.0
0.2,41,10,stdcp,0.85,8.64158996330048,0,1,0.0
0.2,41,10,sub,0.92,24.763788648679338,0,1,0.0
0.2,41,15,dhcp_with,0.86,21.03412319611453,0,1,0.0
0.2,41,15,dhcp_without,0.86,21.03412319611453,0,1,0.0
0.2,41,15,hcp,0.86,23.041337122927047,0,1,0.0
0.2,41,15,pool,0.86,21.03412319611453,0,1,0.0
0.2,41,15,rep,0.86,22.019065917163612,0,1,0.0
0.2,41,15,stdcp,0.87,7.046155691656558,0,1,0.0
0.2,41,15,sub,0.92,24.763788648679338,0,1,0.0
0.2,41,20,dhcp_with,0.85,19.272683644484083,0,1,0.0
0.2,41,20,dhcp_without,0.85,19.272683644484083,0,1,0.0
0.2,41,20,hcp,0.86,23.041337122927047,0,1,0.0
0.2,41,20,pool,0.86,21.03412319611453,0,1,0.0
0.2,41,20,rep,0.86,22.019065917163612,0,1,0.0
0.2,41,20,stdcp,0.82,4.268743457726613,0,1,0.0
0.2,41,20,sub,0.92,24.763788648679338,0,1,0.0
0.2,41,25,dhcp_with,0.82,10.811386257521265,0,1,0.0
0.2,41,25,dhcp_without,0.82,10.811386257521265,0,1,0.0
0.2,41,25,hcp,0.86,23.041337122927047,0,1,0.0
0.2,41,25,pool,0.86,21.03412319611453,0,1,0.0
0.2,41,25,rep,0.86,22.019065917163612,0,1,0.0
0.2,41,25,stdcp,0.84,4.175968845244656,0,1,0.0
0.2,41,25,sub,0.92,24.763788648679338,0,1,0.0
0.2,41,30,dhcp_with,0.81,9.488358061601302,0,1,0.0
0.2,41,30,dhcp_without,0.81,9.488358061601302,0,1,0.0
0.2,41,30,hcp,0.86,23.041337122927047,0,1,0.0
0.2,41,30,pool,0.86,21.03412319611453,0,1,0.0
0.2,41,30,rep,0.86,22.019065917163612,0,1,0.0
0.2,41,30,stdcp,0.75,3.358885067396293,0,1,0.0
0.2,41,30,sub,0.92,24.763788648679338,0,1,0.0
0.2,41,35,dhcp_with,0.86,10.224317054222528,0,1,0.0
0.2,41,35,dhcp_without,0.86,10.224317054222528,0,1,0.0
0.2,41,35,hcp,0.86,23.041337122927047,0,1,0.0
0.2,41,35,pool,0.86,21.03412319611453,0,1,0.0
0.2,41,35,rep,0.86,22.019065917163612,0,1,0.0
0.2,41,35,stdcp,0.84,3.7635801440159167,0,1,0.0
0.2,41,35,sub,0.92,24.763788648679338,0,1,0.0
0.2,42,0,dhcp_with,0.78,33.35380523831394,0,1,0.0
0.2,42,0,dhcp_without,0.78,33.35380523831394,0,1,0.0
0.2,42,0,hcp,0.78,33.35380523831394,0,1,0.0
0.2,42,0,pool,0.66,25.204255944883535,0,1,0.0
0.2,42,0,rep,0.76,31.43038553360222,0,1,0.0
0.2,42,0,stdcp,1.0,inf,1,1,1.0
0.2,42,0,sub,0.79,34.59209264885186,0,1,0.0
0.2,42,5,dhcp_with,0.76,32.24092624790359,0,1,0.0
0.2,42,5,dhcp_without,0.76,32.24092624790359,0,1,0.0
0.2,42,5,hcp,0.78,33.35380523831394,0,1,0.0
0.2,42,5,pool,0.66,25.204255944883535,0,1,0.0
0.2,42,5,rep,0.76,31.43038553360222,0,1,0.0
0.2,42,5,stdcp,0.77,5.0007116073920725,0,1,0.0
0.2,42,5,sub,0.79,34.59209264885186,0,1,0.0
0.2,42,10,dhcp_with,0.77,31.159466773498895,0,1,0.0
0.2,42,10,dhcp_without,0.77,31.159466773498895,0,1,0.0
0.2,42,10,hcp,0.78,33.35380523831394,0,1,0.0
0.2,42,10,pool,0.66,25.204255944883535,0,1,0.0
0.2,42,10,rep,0.76,31.43038553360222,0,1,0.0
0.2,42,10,stdcp,0.85,11.43376687970915,0,1,0.0
0.2,42,10,sub,0.79,34.59209264885186,0,1,0.0
0.2,42,15,dhcp_with,0.77,30.13503212819474,0,1,0.0
0.2,42,15,dhcp_without,0.77,30.13503212819474,0,1,0.0
0.2,42,15,hcp,0.78,33.35380523831394,0,1,0.0
0.2,42,15,pool,0.66,25.204255944883535,0,1,0.0
0.2,42,15,rep,0.76,31.43038553360222,0,1,0.0
0.2,42,15,stdcp,0.9,6.821449336113599,0,1,0.0
0.2,42,15,sub,0.79,34.59209264885186,0,1,0.0
0.2,42,20,dhcp_with,0.77,23.131799298516103,0,1,0.0
0.2,42,20,dhcp_without,0.77,23.131799298516103,0,1,0.0
0.2,42,20,hcp,0.78,33.35380523831394,0,1,0.0
0.2,42,20,pool,0.66,25.204255944883535,0,1,0.0
0.2,42,20,rep,0.76,31.43038553360222,0,1,0.0
0.2,42,20,stdcp,0.83,4.107954555263877,0,1,0.0
0.2,42,20,sub,0.79,34.59209264885186,0,1,0.0
0.2,42,25,dhcp_with,0.85,16.374519594588257,0,1,0.0
0.2,42,25,dhcp_without,0.85,16.374519594588257,0,1,0.0
0.2,42,25,hcp,0.78,33.35380523831394,0,1,0.0
0.2,42,25,pool,0.66,25.204255944883535,0,1,0.0
0.2,42,25,rep,0.76,31.43038553360222,0,1,0.0
0.2,42,25,stdcp,0.84,4.449738522316018,0,1,0.0
0.2,42,25,sub,0.79,34.59209264885186,0,1,0.0
0.2,42,30,dhcp_with,0.8,15.569670926152266,0,1,0.0
0.2,42,30,dhcp_without,0.8,15.569670926152266,0,1,0.0
0.2,42,30,hcp,0.78,33.35380523831394,0,1,0.0
0.2,42,30,pool,0.66,25.204255944883535,0,1,0.0
0.2,42,30,rep,0.76,31.43038553360222,0,1,0.0
0.2,42,30,stdcp,0.81,3.540138794614705,0,1,0.0
0.2,42,30,sub,0.79,34.59209264885186,0,1,0.0
0.2,42,35,dhcp_with,0.82,16.135661459791912,0,1,0.0
0.2,42,35,dhcp_without,0.82,16.135661459791912,0,1,0.0
0.2,42,35,hcp,0.78,33.35380523831394,0,1,0.0
0.2,42,35,pool,0.66,25.204255944883535,0,1,0.0
0.2,42,35,rep,0.76,31.43038553360222,0,1,0.0
0.2,42,35,stdcp,0.82,3.8698594252505454,0,1,0.0
0.2,42,35,sub,0.79,34.59209264885186,0,1,0.0
0.2,43,0,dhcp_with,0.91,27.558416985078583,0,1,0.0
0.2,43,0,dhcp_without,0.91,27.558416985078583,0,1,0.0
0.2,43,0,hcp,0.91,27.558416985078583,0,1,0.0
0.2,43,0,pool,0.88,25.423437728283062,0,1,0.0
0.2,43,0,rep,0.88,26.346790909182772,0,1,0.0
0.2,43,0,stdcp,1.0,inf,1,1,1.0
0.2,43,0,sub,0.79,22.628459317497928,0,1,0.0
0.2,43,5,dhcp_with,0.9,27.340853889597703,0,1,0.0
0.2,43,5,dhcp_without,0.9,27.340853889597703,0,1,0.0
0.2,43,5,hcp,0.91,27.558416985078583,0,1,0.0
0.2,43,5,pool,0.88,25.423437728283062,0,1,0.0
0.2,43,5,rep,0.88,26.346790909182772,0,1,0.0
0.2,43,5,stdcp,0.66,4.631145764038848,0,1,0.0
0.2,43,5,sub,0.79,22.628459317497928,0,1,0.0
0.2,43,10,dhcp_with,0.9,27.077814383544393,0,1,0.0
0.2,43,10,dhcp_without,0.9,27.077814383544393,0,1,0.0
0.2,43,10,hcp,0.91,27.558416985078583,0,1,0.0
0.2,43,10,pool,0.88,25.423437728283062,0,1,0.0
0.2,43,10,rep,0.88,26.346790909182772,0,1,0.0
0.2,43,10,stdcp,0.81,11.793527699733062,0,1,0.0
0.2,43,10,sub,0.79,22.628459317497928,0,1,0.0
0.2,43,15,dhcp_with,0.9,27.04184207537181,0,1,0.0
0.2,43,15,dhcp_without,0.9,27.04184207537181,0,1,0.0
0.2,43,15,hcp,0.91,27.558416985078583,0,1,0.0
0.2,43,15,pool,0.88,25.423437728283062,0,1,0.0
0.2,43,15,rep,0.88,26.346790909182772,0,1,0.0
0.2,43,15,stdcp,0.92,7.346652670726543,0,1,0.0
0.2,43,15,sub,0.79,22.628459317497928,0,1,0.0
0.2,43,20,dhcp_with,0.88,25.26563980426809,0,1,0.0
0.2,43,20,dhcp_without,0.88,25.26563980426809,0,1,0.0
0.2,43,20,hcp,0.91,27.558416985078583,0,1,0.0
0.2,43,20,pool,0.88,25.423437728283062,0,1,0.0
0.2,43,20,rep,0.88,26.346790909182772,0,1,0.0
0.2,43,20,stdcp,0.84,4.679974802970911,0,1,0.0
0.2,43,20,sub,0.79,22.628459317497928,0,1,0.0
0.2,43,25,dhcp_with,0.87,13.802771854172013,0,1,0.0
0.2,43,25,dhcp_without,0.87,13.802771854172013,0,1,0.0
0.2,43,25,hcp,0.91,27.558416985078583,0,1,0.0
0.2,43,25,pool,0.88,25.423437728283062,0,1,0.0
0.2,43,25,rep,0.88,26.346790909182772,0,1,0.0
0.2,43,25,stdcp,0.86,4.566588707999736,0,1,0.0
0.2,43,25,sub,0.79,22.628459317497928,0,1,0.0
0.2,43,30,dhcp_with,0.82,13.480715090201711,0,1,0.0
0.2,43,30,dhcp_without,0.82,13.480715090201711,0,1,0.0
0.2,43,30,hcp,0.91,27.558416985078583,0,1,0.0
0.2,43,30,pool,0.88,25.423437728283062,0,1,0.0
0.2,43,30,rep,0.88,26.346790909182772,0,1,0.0
0.2,43,30,stdcp,0.79,3.907183752618624,0,1,0.0
0.2,43,30,sub,0.79,22.628459317497928,0,1,0.0
0.2,43,35,dhcp_with,0.85,13.77675439366275,0,1,0.0
0.2,43,35,dhcp_without,0.85,13.77675439366275,0,1,0.0
0.2,43,35,hcp,0.91,27.558416985078583,0,1,0.0
0.2,43,35,pool,0.88,25.423437728283062,0,1,0.0
0.2,43,35,rep,0.88,26.346790909182772,0,1,0.0
0.2,43,35,stdcp,0.85,3.9262756129560734,0,1,0.0
0.2,43,35,sub,0.79,22.628459317497928,0,1,0.0
0.2,44,0,dhcp_with,0.92,33.46644502362291,0,1,0.0
0.2,44,0,dhcp_without,0.92,33.46644502362291,0,1,0.0
0.2,44,0,hcp,0.92,33.46644502362291,0,1,0.0
0.2,44,0,pool,0.88,29.87267047739148,0,1,0.0
0.2,44,0,rep,0.89,31.308444507840836,0,1,0.0
0.2,44,0,stdcp,1.0,inf,1,1,1.0
0.2,44,0,sub,0.89,30.933858254174055,0,1,0.0
0.2,44,5,dhcp_with,0.91,32.826704139309804,0,1,0.0
0.2,44,5,dhcp_without,0.91,32.826704139309804,0,1,0.0
0.2,44,5,hcp,0.92,33.46644502362291,0,1,0.0
0.2,44,5,pool,0.88,29.87267047739148,0,1,0.0
0.2,44,5,rep,0.89,31.308444507840836,0,1,0.0
0.2,44,5,stdcp,0.79,4.51471650332444,0,1,0.0
0.2,44,5,sub,0.89,30.933858254174055,0,1,0.0
0.2,44,10,dhcp_with,0.9,31.376550062023156,0,1,0.0
0.2,44,10,dhcp_without,0.9,31.376550062023156,0,1,0.0
0.2,44,10,hcp,0.92,33.46644502362291,0,1,0.0
0.2,44,10,pool,0.88,29.87267047739148,0,1,0.0
0.2,44,10,rep,0.89,31.308444507840836,0,1,0.0
0.2,44,10,stdcp,0.79,11.512204146170514,0,1,0.0
0.2,44,10,sub,0.89,30.933858254174055,0,1,0.0
0.2,44,15,dhcp_with,0.9,31.269688919590152,0,1,0.0
0.2,44,15,dhcp_without,0.9,31.269688919590152,0,1,0.0
0.2,44,15,hcp,0.92,33.46644502362291,0,1,0.0
0.2,44,15,pool,0.88,29.87267047739148,0,1,0.0
0.2,44,15,rep,0.89,31.308444507840836,0,1,0.0
0.2,44,15,stdcp,0.9,7.062694020880987,0,1,0.0
0.2,44,15,sub,0.89,30.933858254174055,0,1,0.0
0.2,44,20,dhcp_with,0.89,29.87267047739148,0,1,0.0
0.2,44,20,dhcp_without,0.89,29.87267047739148,0,1,0.0
0.2,44,20,hcp,0.92,33.46644502362291,0,1,0.0
0.2,44,20,pool,0.88,29.87267047739148,0,1,0.0
0.2,44,20,rep,0.89,31.308444507840836,0,1,0.0
0.2,44,20,stdcp,0.79,4.532902288728447,0,1,0.0
0.2,44,20,sub,0.89,30.933858254174055,0,1,0.0
0.2,44,25,dhcp_with,0.84,13.76993676229848,0,1,0.0
0.2,44,25,dhcp_without,0.84,13.76993676229848,0,1,0.0
0.2,44,25,hcp,0.92,33.46644502362291,0,1,0.0
0.2,44,25,pool,0.88,29.87267047739148,0,1,0.0
0.2,44,25,rep,0.89,31.308444507840836,0,1,0.0
0.2,44,25,stdcp,0.83,4.3196981318032295,0,1,0.0
0.2,44,25,sub,0.89,30.933858254174055,0,1,0.0
0.2,44,30,dhcp_with,0.81,13.07610133762189,0,1,0.0
0.2,44,30,dhcp_without,0.81,13.07610133762189,0,1,0.0
0.2,44,30,hcp,0.92,33.46644502362291,0,1,0.0
0.2,44,30,pool,0.88,29.87267047739148,0,1,0.0
0.2,44,30,rep,0.89,31.308444507840836,0,1,0.0
0.2,44,30,stdcp,0.78,3.7081029711508897,0,1,0.0
0.2,44,30,sub,0.89,30.933858254174055,0,1,0.0
0.2,44,35,dhcp_with,0.82,13.773991345394482,0,1,0.0
0.2,44,35,dhcp_without,0.82,13.773991345394482,0,1,0.0
0.2,44,35,hcp,0.92,33.46644502362291,0,1,0.0
0.2,44,35,pool,0.88,29.87267047739148,0,1,0.0
0.2,44,35,rep,0.89,31.308444507840836,0,1,0.0
0.2,44,35,stdcp,0.8,3.8341405667150643,0,1,0.0
0.2,44,35,sub,0.89,30.933858254174055,0,1,0.0
0.2,45,0,dhcp_with,0.83,24.159582485716918,0,1,0.0
0.2,45,0,dhcp_without,0.83,24.159582485716918,0,1,0.0
0.2,45,0,hcp,0.83,24.159582485716918,0,1,0.0
0.2,45,0,pool,0.77,20.10323214581412,0,1,0.0
0.2,45,0,rep,0.8,21.262483496040073,0,1,0.0
0.2,45,0,stdcp,1.0,inf,1,1,1.0
0.2,45,0,sub,0.81,21.743764663837673,0,1,0.0
0.2,45,5,dhcp_with,0.82,23.55355236107026,0,1,0.0
0.2,45,5,dhcp_without,0.82,23.55355236107026,0,1,0.0
0.2,45,5,hcp,0.83,24.159582485716918,0,1,0.0
0.2,45,5,pool,0.77,20.10323214581412,0,1,0.0
0.2,45,5,rep,0.8,21.262483496040073,0,1,0.0
0.2,45,5,stdcp,0.76,5.41836606315392,0,1,0.0
0.2,45,5,sub,0.81,21.743764663837673,0,1,0.0
0.2,45,10,dhcp_with,0.81,22.542520388853536,0,1,0.0
0.2,45,10,dhcp_without,0.81,22.542520388853536,0,1,0.0
0.2,45,10,hcp,0.83,24.159582485716918,0,1,0.0
0.2,45,10,pool,0.77,20.10323214581412,0,1,0.0
0.2,45,10,rep,0.8,21.262483496040073,0,1,0.0
0.2,45,10,stdcp,0.92,9.496366929492405,0,1,0.0
0.2,45,10,sub,0.81,21.743764663837673,0,1,0.0
0.2,45,15,dhcp_with,0.81,22.041342770024897,0,1,0.0
0.2,45,15,dhcp_without,0.81,22.041342770024897,0,1,0.0
0.2,45,15,hcp,0.83,24.159582485716918,0,1,0.0
0.2,45,15,pool,0.77,20.10323214581412,0,1,0.0
0.2,45,15,rep,0.8,21.262483496040073,0,1,0.0
0.2,45,15,stdcp,0.9,6.261658003560333,0,1,0.0
0.2,45,15,sub,0.81,21.743764663837673,0,1,0.0
0.2,45,20,dhcp_with,0.81,19.915443249100733,0,1,0.0
0.2,45,20,dhcp_without,0.81,19.915443249100733,0,1,0.0
0.2,45,20,hcp,0.83,24.159582485716918,0,1,0.0
0.2,45,20,pool,0.77,20.10323214581412,0,1,0.0
0.2,45,20,rep,0.8,21.262483496040073,0,1,0.0
0.2,45,20,stdcp,0.85,4.193151503655367,0,1,0.0
0.2,45,20,sub,0.81,21.743764663837673,0,1,0.0
0.2,45,25,dhcp_with,0.81,13.770292117603255,0,1,0.0
0.2,45,25,dhcp_without,0.81,13.770292117603255,0,1,0.0
0.2,45,25,hcp,0.83,24.159582485716918,0,1,0.0
0.2,45,25,pool,0.77,20.10323214581412,0,1,0.0
0.2,45,25,rep,0.8,21.262483496040073,0,1,0.0
0.2,45,25,stdcp,0.83,4.491720866888398,0,1,0.0
0.2,45,25,sub,0.81,21.743764663837673,0,1,0.0
0.2,45,30,dhcp_with,0.77,13.55295157753358,0,1,0.0
0.2,45,30,dhcp_without,0.77,13.55295157753358,0,1,0.0
0.2,45,30,hcp,0.83,24.159582485716918,0,1,0.0
0.2,45,30,pool,0.77,20.10323214581412,0,1,0.0
0.2,45,30,rep,0.8,21.262483496040073,0,1,0.0
0.2,45,30,stdcp,0.73,3.509555313388323,0,1,0.0
0.2,45,30,sub,0.81,21.743764663837673,0,1,0.0
0.2,45,35,dhcp_with,0.83,14.56636936285216,0,1,0.0
0.2,45,35,dhcp_without,0.83,14.56636936285216,0,1,0.0
0.2,45,35,hcp,0.83,24.159582485716918,0,1,0.0
0.2,45,35,pool,0.77,20.10323214581412,0,1,0.0
0.2,45,35,rep,0.8,21.262483496040073,0,1,0.0
0.2,45,35,stdcp,0.85,3.656276912490463,0,1,0.0
0.2,45,35,sub,0.81,21.743764663837673,0,1,0.0
0.2,46,0,dhcp_with,0.88,22.945011964533485,0,1,0.0
0.2,46,0,dhcp_without,0.88,22.945011964533485,0,1,0.0
0.2,46,0,hcp,0.88,22.945011964533485,0,1,0.0
0.2,46,0,pool,0.82,20.156476599305734,0,1,0.0
0.2,46,0,rep,0.84,21.283019969645043,0,1,0.0
0.2,46,0,stdcp,1.0,inf,1,1,1.0
0.2,46,0,sub,0.82,20.32340449348649,0,1,0.0
0.2,46,5,dhcp_with,0.87,22.545606947038802,0,1,0.0
0.2,46,5,dhcp_without,0.87,22.545606947038802,0,1,0.0
0.2,46,5,hcp,0.88,22.945011964533485,0,1,0.0
0.2,46,5,pool,0.82,20.156476599305734,0,1,0.0
0.2,46,5,rep,0.84,21.283019969645043,0,1,0.0
0.2,46,5,stdcp,0.71,3.6773459280829828,0,1,0.0
0.2,46,5,sub,0.82,20.32340449348649,0,1,0.0
0.2,46,10,dhcp_with,0.84,20.861668632036025,0,1,0.0
0.2,46,10,dhcp_without,0.84,20.861668632036025,0,1,0.0
0.2,46,10,hcp,0.88,22.945011964533485,0,1,0.0
0.2,46,10,pool,0.82,20.156476599305734,0,1,0.0
0.2,46,10,rep,0.84,21.283019969645043,0,1,0.0
0.2,46,10,stdcp,0.86,12.421455863424999,0,1,0.0
0.2,46,10,sub,0.82,20.32340449348649,0,1,0.0
0.2,46,15,dhcp_with,0.82,19.949370905097297,0,1,0.0
0.2,46,15,dhcp_without,0.82,19.949370905097297,0,1,0.0
0.2,46,15,hcp,0.88,22.945011964533485,0,1,0.0
0.2,46,15,pool,0.82,20.156476599305734,0,1,0.0
0.2,46,15,rep,0.84,21.283019969645043,0,1,0.0
0.2,46,15,stdcp,0.9,6.325185141259309,0,1,0.0
0.2,46,15,sub,0.82,20.32340449348649,0,1,0.0
0.2,46,20,dhcp_with,0.8,18.810998461010975,0,1,0.0
0.2,46,20,dhcp_without,0.8,18.810998461010975,0,1,0.0
0.2,46,20,hcp,0.88,22.945011964533485,0,1,0.0
0.2,46,20,pool,0.82,20.156476599305734,0,1,0.0
0.2,46,20,rep,0.84,21.283019969645043,0,1,0.0
0.2,46,20,stdcp,0.7,4.336852809967912,0,1,0.0
0.2,46,20,sub,0.82,20.32340449348649,0,1,0.0
0.2,46,25,dhcp_with,0.86,10.645619821493387,0,1,0.0
0.2,46,25,dhcp_without,0.86,10.645619821493387,0,1,0.0
0.2,46,25,hcp,0.88,22.945011964533485,0,1,0.0
0.2,46,25,pool,0.82,20.156476599305734,0,1,0.0
0.2,46,25,rep,0.84,21.283019969645043,0,1,0.0
0.2,46,25,stdcp,0.82,4.129673963987435,0,1,0.0
0.2,46,25,sub,0.82,20.32340449348649,0,1,0.0
0.2,46,30,dhcp_with,0.8,10.762613715641326,0,1,0.0
0.2,46,30,dhcp_without,0.8,10.762613715641326,0,1,0.0
0.2,46,30,hcp,0.88,22.945011964533485,0,1,0.0
0.2,46,30,pool,0.82,20.156476599305734,0,1,0.0
0.2,46,30,rep,0.84,21.283019969645043,0,1,0.0
0.2,46,30,stdcp,0.78,3.5753766083601715,0,1,0.0
0.2,46,30,sub,0.82,20.32340449348649,0,1,0.0
0.2,46,35,dhcp_with,0.85,10.921171934232657,0,1,0.0
0.2,46,35,dhcp_without,0.85,10.921171934232657,0,1,0.0
0.2,46,35,hcp,0.88,22.945011964533485,0,1,0.0
0.2,46,35,pool,0.82,20.156476599305734,0,1,0.0
0.2,46,35,rep,0.84,21.283019969645043,0,1,0.0
0.2,46,35,stdcp,0.82,4.06084216614888,0,1,0.0
0.2,46,35,sub,0.82,20.32340449348649,0,1,0.0
0.2,47,0,dhcp_with,0.94,25.37679859491262,0,1,0.0
0.2,47,0,dhcp_without,0.94,25.37679859491262,0,1,0.0
0.2,47,0,hcp,0.94,25.37679859491262,0,1,0.0
0.2,47,0,pool,0.9,21.816701257911042,0,1,0.0
0.2,47,0,rep,0.9,23.419880854133456,0,1,0.0
0.2,47,0,stdcp,1.0,inf,1,1,1.0
0.2,47,0,sub,0.94,25.44782848839006,0,1,0.0
0.2,47,5,dhcp_with,0.94,25.134704455326876,0,1,0.0
0.2,47,5,dhcp_without,0.94,25.134704455326876,0,1,0.0
0.2,47,5,hcp,0.94,25.37679859491262,0,1,0.0
0.2,47,5,pool,0.9,21.816701257911042,0,1,0.0
0.2,47,5,rep,0.9,23.419880854133456,0,1,0.0
0.2,47,5,stdcp,0.77,4.906069892988594,0,1,0.0
0.2,47,5,sub,0.94,25.44782848839006,0,1,0.0
0.2,47,10,dhcp_with,0.94,24.378211682903483,0,1,0.0
0.2,47,10,dhcp_without,0.94,24.378211682903483,0,1,0.0
0.2,47,10,hcp,0.94,25.37679859491262,0,1,0.0
0.2,47,10,pool,0.9,21.816701257911042,0,1,0.0
0.2,47,10,rep,0.9,23.419880854133456,0,1,0.0
0.2,47,10,stdcp,0.85,11.993641136701285,0,1,0.0
0.2,47,10,sub,0.94,25.44782848839006,0,1,0.0
0.2,47,15,dhcp_with,0.93,23.676783176420916,0,1,0.0
0.2,47,15,dhcp_without,0.93,23.676783176420916,0,1,0.0
0.2,47,15,hcp,0.94,25.37679859491262,0,1,0.0
0.2,47,15,pool,0.9,21.816701257911042,0,1,0.0
0.2,47,15,rep,0.9,23.419880854133456,0,1,0.0
0.2,47,15,stdcp,0.89,6.883979268660581,0,1,0.0
0.2,47,15,sub,0.94,25.44782848839006,0,1,0.0
0.2,47,20,dhcp_with,0.91,21.95895325884601,0,1,0.0
0.2,47,20,dhcp_without,0.91,21.95895325884601,0,1,0.0
0.2,47,20,hcp,0.94,25.37679859491262,0,1,0.0
0.2,47,20,pool,0.9,21.816701257911042,0,1,0.0
0.2,47,20,rep,0.9,23.419880854133456,0,1,0.0
0.2,47,20,stdcp,0.79,4.12868312481039,0,1,0.0
0.2,47,20,sub,0.94,25.44782848839006,0,1,0.0
0.2,47,25,dhcp_with,0.84,12.909060537494078,0,1,0.0
0.2,47,25,dhcp_without,0.84,12.909060537494078,0,1,0.0
0.2,47,25,hcp,0.94,25.37679859491262,0,1,0.0
0.2,47,25,pool,0.9,21.816701257911042,0,1,0.0
0.2,47,25,rep,0.9,23.419880854133456,0,1,0.0
0.2,47,25,stdcp,0.83,4.3113919703229815,0,1,0.0
0.2,47,25,sub,0.94,25.44782848839006,0,1,0.0
0.2,47,30,dhcp_with,0.8,12.609995000271603,0,1,0.0
0.2,47,30,dhcp_without,0.8,12.609995000271603,0,1,0.0
0.2,47,30,hcp,0.94,25.37679859491262,0,1,0.0
0.2,47,30,pool,0.9,21.816701257911042,0,1,0.0
0.2,47,30,rep,0.9,23.419880854133456,0,1,0.0
0.2,47,30,stdcp,0.76,3.642757065017517,0,1,0.0
0.2,47,30,sub,0.94,25.44782848839006,0,1,0.0
0.2,47,35,dhcp_with,0.81,12.76731360347948,0,1,0.0
0.2,47,35,dhcp_without,0.81,12.76731360347948,0,1,0.0
0.2,47,35,hcp,0.94,25.37679859491262,0,1,0.0
0.2,47,35,pool,0.9,21.816701257911042,0,1,0.0
0.2,47,35,rep,0.9,23.419880854133456,0,1,0.0
0.2,47,35,stdcp,0.82,3.8205525824395763,0,1,0.0
0.2,47,35,sub,0.94,25.44782848839006,0,1,0.0
0.2,48,0,dhcp_with,0.97,31.16653204572865,0,1,0.0
0.2,48,0,dhcp_without,0.97,31.16653204572865,0,1,0.0
0.2,48,0,hcp,0.97,31.16653204572865,0,1,0.0
0.2,48,0,pool,0.89,24.558038711359195,0,1,0.0
0.2,48,0,rep,0.96,30.003028470627978,0,1,0.0
0.2,48,0,stdcp,1.0,inf,1,1,1.0
0.2,48,0,sub,0.97,30.622948252212165,0,1,0.0
0.2,48,5,dhcp_with,0.97,30.747250866608844,0,1,0.0
0.2,48,5,dhcp_without,0.97,30.747250866608844,0,1,0.0
0.2,48,5,hcp,0.97,31.16653204572865,0,1,0.0
0.2,48,5,pool,0.89,24.558038711359195,0,1,0.0
0.2,48,5,rep,0.96,30.003028470627978,0,1,0.0
0.2,48,5,stdcp,0.78,3.916397346235109,0,1,0.0
0.2,48,5,sub,0.97,30.622948252212165,0,1,0.0
0.2,48,10,dhcp_with,0.97,30.622948252212165,0,1,0.0
0.2,48,10,dhcp_without,0.97,30.622948252212165,0,1,0.0
0.2,48,10,hcp,0.97,31.16653204572865,0,1,0.0
0.2,48,10,pool,0.89,24.558038711359195,0,1,0.0
0.2,48,10,rep,0.96,30.003028470627978,0,1,0.0
0.2,48,10,stdcp,0.81,8.651768204428203,0,1,0.0
0.2,48,10,sub,0.97,30.622948252212165,0,1,0.0
0.2,48,15,dhcp_with,0.97,29.220597980832753,0,1,0.0
0.2,48,15,dhcp_without,0.97,29.220597980832753,0,1,0.0
0.2,48,15,hcp,0.97,31.16653204572865,0,1,0.0
0.2,48,15,pool,0.89,24.558038711359195,0,1,0.0
0.2,48,15,rep,0.96,30.003028470627978,0,1,0.0
0.2,48,15,stdcp,0.88,6.854075036039353,0,1,0.0
0.2,48,15,sub,0.97,30.622948252212165,0,1,0.0
0.2,48,20,dhcp_with,0.93,23.88511613106887,0,1,0.0
0.2,48,20,dhcp_without,0.93,23.88511613106887,0,1,0.0
0.2,48,20,hcp,0.97,31.16653204572865,0,1,0.0
0.2,48,20,pool,0.89,24.558038711359195,0,1,0.0
0.2,48,20,rep,0.96,30.003028470627978,0,1,0.0
0.2,48,20,stdcp,0.79,4.048129904825347,0,1,0.0
0.2,48,20,sub,0.97,30.622948252212165,0,1,0.0
0.2,48,25,dhcp_with,0.87,10.903828339499517,0,1,0.0
0.2,48,25,dhcp_without,0.87,10.903828339499517,0,1,0.0
0.2,48,25,hcp,0.97,31.16653204572865,0,1,0.0
0.2,48,25,pool,0.89,24.558038711359195,0,1,0.0
0.2,48,25,rep,0.96,30.003028470627978,0,1,0.0
0.2,48,25,stdcp,0.85,4.136890293524396,0,1,0.0
0.2,48,25,sub,0.97,30.622948252212165,0,1,0.0
0.2,48,30,dhcp_with,0.78,10.20092106661896,0,1,0.0
0.2,48,30,dhcp_without,0.78,10.20092106661896,0,1,0.0
0.2,48,30,hcp,0.97,31.16653204572865,0,1,0.0
0.2,48,30,pool,0.89,24.558038711359195,0,1,0.0
0.2,48,30,rep,0.96,30.003028470627978,0,1,0.0
0.2,48,30,stdcp,0.8,3.4077571281892305,0,1,0.0
0.2,48,30,sub,0.97,30.622948252212165,0,1,0.0
0.2,48,35,dhcp_with,0.83,10.75842592758475,0,1,0.0
0.2,48,35,dhcp_without,0.83,10.75842592758475,0,1,0.0
0.2,48,35,hcp,0.97,31.16653204572865,0,1,0.0
0.2,48,35,pool,0.89,24.558038711359195,0,1,0.0
0.2,48,35,rep,0.96,30.003028470627978,0,1,0.0
0.2,48,35,stdcp,0.85,3.6443578095933913,0,1,0.0
0.2,48,35,sub,0.97,30.622948252212165,0,1,0.0
0.2,49,0,dhcp_with,0.76,21.75446364714595,0,1,0.0
0.2,49,0,dhcp_without,0.76,21.75446364714595,0,1,0.0
0.2,49,0,hcp,0.76,21.75446364714595,0,1,0.0
0.2,49,0,pool,0.67,19.628320276871047,0,1,0.0
0.2,49,0,rep,0.71,20.647952250200287,0,1,0.0
0.2,49,0,stdcp,1.0,inf,1,1,1.0
0.2,49,0,sub,0.74,21.40434270890539,0,1,0.0
0.2,49,5,dhcp_with,0.75,21.4269245871445,0,1,0.0
0.2,49,5,dhcp_without,0.75,21.4269245871445,0,1,0.0
0.2,49,5,hcp,0.76,21.75446364714595,0,1,0.0
0.2,49,5,pool,0.67,19.628320276871047,0,1,0.0
0.2,49,5,rep,0.71,20.647952250200287,0,1,0.0
0.2,49,5,stdcp,0.76,4.734432945753879,0,1,0.0
0.2,49,5,sub,0.74,21.40434270890539,0,1,0.0
0.2,49,10,dhcp_with,0.73,20.753182201413946,0,1,0.0
0.2,49,10,dhcp_without,0.73,20.753182201413946,0,1,0.0
0.2,49,10,hcp,0.76,21.75446364714595,0,1,0.0
0.2,49,10,pool,0.67,19.628320276871047,0,1,0.0
0.2,49,10,rep,0.71,20.647952250200287,0,1,0.0
0.2,49,10,stdcp,0.86,10.18664818860611,0,1,0.0
0.2,49,10,sub,0.74,21.40434270890539,0,1,0.0
0.2,49,15,dhcp_with,0.71,19.901878513723727,0,1,0.0
0.2,49,15,dhcp_without,0.71,19.901878513723727,0,1,0.0
0.2,49,15,hcp,0.76,21.75446364714595,0,1,0.0
0.2,49,15,pool,0.67,19.628320276871047,0,1,0.0
0.2,49,15,rep,0.71,20.647952250200287,0,1,0.0
0.2,49,15,stdcp,0.81,6.183605750128942,0,1,0.0
0.2,49,15,sub,0.74,21.40434270890539,0,1,0.0
0.2,49,20,dhcp_with,0.71,18.641342281853035,0,1,0.0
0.2,49,20,dhcp_without,0.71,18.641342281853035,0,1,0.0
0.2,49,20,hcp,0.76,21.75446364714595,0,1,0.0
0.2,49,20,pool,0.67,19.628320276871047,0,1,0.0
0.2,49,20,rep,0.71,20.647952250200287,0,1,0.0
0.2,49,20,stdcp,0.81,4.857485806771719,0,1,0.0
0.2,49,20,sub,0.74,21.40434270890539,0,1,0.0
0.2,49,25,dhcp_with,0.9,14.322446454835212,0,1,0.0
0.2,49,25,dhcp_without,0.9,14.322446454835212,0,1,0.0
0.2,49,25,hcp,0.76,21.75446364714595,0,1,0.0
0.2,49,25,pool,0.67,19.628320276871047,0,1,0.0
0.2,49,25,rep,0.71,20.647952250200287,0,1,0.0
0.2,49,25,stdcp,0.84,4.409150933706586,0,1,0.0
0.2,49,25,sub,0.74,21.40434270890539,0,1,0.0
0.2,49,30,dhcp_with,0.88,13.46459955388017,0,1,0.0
0.2,49,30,dhcp_without,0.88,13.46459955388017,0,1,0.0
0.2,49,30,hcp,0.76,21.75446364714595,0,1,0.0
0.2,49,30,pool,0.67,19.628320276871047,0,1,0.0
0.2,49,30,rep,0.71,20.647952250200287,0,1,0.0
0.2,49,30,stdcp,0.8,3.72034704987621,0,1,0.0
0.2,49,30,sub,0.74,21.40434270890539,0,1,0.0
0.2,49,35,dhcp_with,0.9,14.045414857220132,0,1,0.0
0.2,49,35,dhcp_without,0.9,14.045414857220132,0,1,0.0
0.2,49,35,hcp,0.76,21.75446364714595,0,1,0.0
0.2,49,35,pool,0.67,19.628320276871047,0,1,0.0
0.2,49,35,rep,0.71,20.647952250200287,0,1,0.0
0.2,49,35,stdcp,0.81,4.127441698063798,0,1,0.0
0.2,49,35,sub,0.74,21.40434270890539,0,1,0.0
