experiment,o_observed,coverage_donor_hcp_randomized,coverage_donor_hcp_derandomized,coverage_sample_hcp_randomized,coverage_sample_hcp_derandomized,coverage_stdcp,coverage_hcp,coverage_pool,coverage_sub,coverage_rep,width_donor_hcp_randomized,width_donor_hcp_derandomized,width_sample_hcp_randomized,width_sample_hcp_derandomized,width_stdcp,width_hcp,width_pool,width_sub,width_rep,infinite_donor_hcp_randomized,infinite_donor_hcp_derandomized,infinite_sample_hcp_randomized,infinite_sample_hcp_derandomized,infinite_stdcp,infinite_hcp,infinite_pool,infinite_sub,infinite_rep,test_sample_size_o
1,0,0.89,0.99,0.73,0.97,1.0,0.89,0.8,0.74,0.89,1.7946336987354392,3.299291375686826,1.7890628855453397,2.973980279806791,inf,1.7946336987354392,1.5302085130670846,1.303490650031598,1.7383452869874376,0,0,0,0,100,0,0,0,0,0
1,5,0.89,0.99,0.78,0.89,0.72,0.89,0.8,0.74,0.89,1.7946336987354392,3.12082626741155,1.668892465951513,1.937741932964096,2.0666796992252534,1.7946336987354392,1.5302085130670846,1.303490650031598,1.7383452869874376,0,0,0,0,0,0,0,0,0,5
1,10,0.89,0.98,0.75,0.88,0.89,0.89,0.8,0.74,0.89,1.759426733402176,2.927800345110459,1.572493755518837,1.965683467610809,4.8825975317934684,1.7946336987354392,1.5302085130670846,1.303490650031598,1.7383452869874376,0,0,0,0,0,0,0,0,0,10
1,15,0.89,0.98,0.77,0.87,0.88,0.89,0.8,0.74,0.89,1.7404909657915058,2.5563747584296106,1.5817012151200505,1.9612966619396253,2.976460813366702,1.7946336987354392,1.5302085130670846,1.303490650031598,1.7383452869874376,0,0,0,0,0,0,0,0,0,15
1,20,0.88,0.96,0.74,0.87,0.88,0.89,0.8,0.74,0.89,1.7047863661604894,2.404670632599775,1.5340059145805416,1.9321963461850693,1.7752451286738986,1.7946336987354392,1.5302085130670846,1.303490650031598,1.7383452869874376,0,0,0,0,0,0,0,0,0,20
1,25,0.85,0.96,0.76,0.87,0.84,0.89,0.8,0.74,0.89,1.6861857772024296,2.348385364341402,1.5832053824296057,1.9321963461850693,1.930944278700123,1.7946336987354392,1.5302085130670846,1.303490650031598,1.7383452869874376,0,0,0,0,0,0,0,0,0,25
1,30,0.85,0.96,0.73,0.87,0.78,0.89,0.8,0.74,0.89,1.6735815842678592,2.228853299675407,1.5832053824296057,1.9377419329640957,1.665162767766852,1.7946336987354392,1.5302085130670846,1.303490650031598,1.7383452869874376,0,0,0,0,0,0,0,0,0,30
1,35,0.84,0.95,0.75,0.87,0.9,0.89,0.8,0.74,0.89,1.6137386398934783,2.1194062980933035,1.5502105666388744,1.9291962517722299,1.6652789537011365,1.7946336987354392,1.5302085130670846,1.303490650031598,1.7383452869874376,0,0,0,0,0,0,0,0,0,35
1,40,0.83,0.95,0.75,0.87,0.87,0.89,0.8,0.74,0.89,1.6054316925014507,2.0572968295115777,1.5521548692937315,1.9321963461850693,1.629222087905219,1.7946336987354392,1.5302085130670846,1.303490650031598,1.7383452869874376,0,0,0,0,0,0,0,0,0,40
2,0,0.87,1.0,0.81,1.0,1.0,0.87,0.75,0.73,0.75,1.9413840305706458,3.4377761189561102,1.8853575557645792,3.4983173218454025,inf,1.9413840305706458,1.5732263380121836,1.437295530787801,1.6766119038570728,0,0,0,0,100,0,0,0,0,0
2,5,0.86,0.98,0.77,0.85,0.73,0.87,0.75,0.73,0.75,1.9336585594239128,3.03387511903768,1.7039496221755006,2.1583005516206013,1.9801265617799004,1.9413840305706458,1.5732263380121836,1.437295530787801,1.6766119038570728,0,0,0,0,0,0,0,0,0,5
2,10,0.85,0.96,0.73,0.85,0.85,0.87,0.75,0.73,0.75,1.9230979633019145,2.7218729361546816,1.644298915869821,2.1866888955308736,4.386441251697558,1.9413840305706458,1.5732263380121836,1.437295530787801,1.6766119038570728,0,0,0,0,0,0,0,0,0,10
2,15,0.81,0.92,0.75,0.85,0.89,0.87,0.75,0.73,0.75,1.8911176674936443,2.5474125844726014,1.6430906718267215,2.1320437428936927,3.20533021240817,1.9413840305706458,1.5732263380121836,1.437295530787801,1.6766119038570728,0,0,0,0,0,0,0,0,0,15
2,20,0.79,0.92,0.76,0.85,0.74,0.87,0.75,0.73,0.75,1.8468618416128224,2.483378239478238,1.6620401405016985,2.1329615980839343,1.7987477030378611,1.9413840305706458,1.5732263380121836,1.437295530787801,1.6766119038570728,0,0,0,0,0,0,0,0,0,20
2,25,0.79,0.9,0.76,0.85,0.76,0.87,0.75,0.73,0.75,1.8263713896811442,2.3637515380138563,1.6506009923495855,2.1305461507238332,2.1147096254167375,1.9413840305706458,1.5732263380121836,1.437295530787801,1.6766119038570728,0,0,0,0,0,0,0,0,0,25
2,30,0.76,0.88,0.75,0.85,0.74,0.87,0.75,0.73,0.75,1.7838011440333525,2.286229242077657,1.6478568977394041,2.131768425024883,1.722264340148603,1.9413840305706458,1.5732263380121836,1.437295530787801,1.6766119038570728,0,0,0,0,0,0,0,0,0,30
2,35,0.76,0.88,0.77,0.85,0.8,0.87,0.75,0.73,0.75,1.7202427780788598,2.2517991981721703,1.645730616857982,2.1305461507238332,1.7663427997625676,1.9413840305706458,1.5732263380121836,1.437295530787801,1.6766119038570728,0,0,0,0,0,0,0,0,0,35
2,40,0.75,0.88,0.76,0.85,0.74,0.87,0.75,0.73,0.75,1.661053377224207,2.177434336892376,1.6425770076768835,2.1185156961696334,1.658371213894834,1.9413840305706458,1.5732263380121836,1.437295530787801,1.6766119038570728,0,0,0,0,0,0,0,0,0,40
3,0,0.86,0.97,0.86,0.97,1.0,0.86,0.8,0.93,0.84,1.8238666996806454,3.2149832012840536,1.8138254030087955,3.3831721784720723,inf,1.8238666996806454,1.469724281016135,2.115180666863738,1.6556037511784398,0,0,0,0,100,0,0,0,0,0
3,5,0.86,0.95,0.87,0.93,0.77,0.86,0.8,0.93,0.84,1.7948216834740411,2.757263050174427,1.689054959560793,2.1003096321741026,1.9532703809224814,1.8238666996806454,1.469724281016135,2.115180666863738,1.6556037511784398,0,0,0,0,0,0,0,0,0,5
3,10,0.85,0.93,0.85,0.93,0.79,0.86,0.8,0.93,0.84,1.7328745128861796,2.6165078839111398,1.6196973796047307,1.9998813223330458,4.84560845924954,1.8238666996806454,1.469724281016135,2.115180666863738,1.6556037511784398,0,0,0,0,0,0,0,0,0,10
3,15,0.84,0.93,0.84,0.92,0.87,0.86,0.8,0.93,0.84,1.692474303325524,2.4039399356069464,1.625367903002012,2.0485917659036375,3.01939721041692,1.8238666996806454,1.469724281016135,2.115180666863738,1.6556037511784398,0,0,0,0,0,0,0,0,0,15
3,20,0.84,0.93,0.83,0.92,0.79,0.86,0.8,0.93,0.84,1.678201377338314,2.3603548746698753,1.6122719812329531,1.9998813223330458,1.9630514694520553,1.8238666996806454,1.469724281016135,2.115180666863738,1.6556037511784398,0,0,0,0,0,0,0,0,0,20
3,25,0.84,0.93,0.83,0.92,0.84,0.86,0.8,0.93,0.84,1.6710892176419558,2.2689266463162796,1.5870888129783864,2.0004871114486162,2.0867051896727284,1.8238666996806454,1.469724281016135,2.115180666863738,1.6556037511784398,0,0,0,0,0,0,0,0,0,25
3,30,0.83,0.93,0.85,0.92,0.8,0.86,0.8,0.93,0.84,1.6160628675577757,2.17694090001993,1.587009609389877,1.9998813223330458,1.673294807964699,1.8238666996806454,1.469724281016135,2.115180666863738,1.6556037511784398,0,0,0,0,0,0,0,0,0,30
3,35,0.83,0.93,0.84,0.91,0.79,0.86,0.8,0.93,0.84,1.568658021324584,2.13010941558757,1.618300978095574,1.9998813223330458,1.7425861048934843,1.8238666996806454,1.469724281016135,2.115180666863738,1.6556037511784398,0,0,0,0,0,0,0,0,0,35
3,40,0.82,0.92,0.83,0.91,0.79,0.86,0.8,0.93,0.84,1.556454552053856,2.024186601859899,1.5784983706929072,1.9998813223330458,1.5639357950222141,1.8238666996806454,1.469724281016135,2.115180666863738,1.6556037511784398,0,0,0,0,0,0,0,0,0,40
4,0,0.97,1.0,0.84,1.0,1.0,0.97,0.9,0.98,0.94,1.7589684643591168,3.174492617518715,1.5136259120756088,3.1545108027523945,inf,1.7589684643591168,1.4402487790806078,1.89144499209465,1.565419878331792,0,0,0,0,100,0,0,0,0,0
4,5,0.97,1.0,0.85,0.99,0.77,0.97,0.9,0.98,0.94,1.7487435753152307,2.72158362467745,1.4761044230797382,1.8257182053911256,1.6125284040266767,1.7589684643591168,1.4402487790806078,1.89144499209465,1.565419878331792,0,0,0,0,0,0,0,0,0,5
4,10,0.96,1.0,0.83,0.99,0.85,0.97,0.9,0.98,0.94,1.7081955410252934,2.6281349884798484,1.3474822693076995,1.8513351578186543,5.076611419614953,1.7589684643591168,1.4402487790806078,1.89144499209465,1.565419878331792,0,0,0,0,0,0,0,0,0,10
4,15,0.96,1.0,0.84,0.99,0.91,0.97,0.9,0.98,0.94,1.7081955410252934,2.436337374537949,1.3691272077477032,1.8053122298534678,2.8235632266890405,1.7589684643591168,1.4402487790806078,1.89144499209465,1.565419878331792,0,0,0,0,0,0,0,0,0,15
4,20,0.96,0.99,0.83,0.99,0.87,0.97,0.9,0.98,0.94,1.6399401397560895,2.2579377222575427,1.348248207713132,1.7999185693913928,1.8147579507817753,1.7589684643591168,1.4402487790806078,1.89144499209465,1.565419878331792,0,0,0,0,0,0,0,0,0,20
4,25,0.96,0.98,0.82,0.99,0.9,0.97,0.9,0.98,0.94,1.581173339068894,2.16439544595429,1.338138394870815,1.7955086345218234,1.7618880942071518,1.7589684643591168,1.4402487790806078,1.89144499209465,1.565419878331792,0,0,0,0,0,0,0,0,0,25
4,30,0.96,0.98,0.83,0.99,0.81,0.97,0.9,0.98,0.94,1.5803127716959446,2.10214235173007,1.348248207713132,1.7949167693155659,1.4789291973396645,1.7589684643591168,1.4402487790806078,1.89144499209465,1.565419878331792,0,0,0,0,0,0,0,0,0,30
4,35,0.93,0.98,0.84,0.99,0.88,0.97,0.9,0.98,0.94,1.5382673582772197,2.0409711500950944,1.3519681844354965,1.7955086345218234,1.6170418945468095,1.7589684643591168,1.4402487790806078,1.89144499209465,1.565419878331792,0,0,0,0,0,0,0,0,0,35
4,40,0.91,0.98,0.82,0.99,0.89,0.97,0.9,0.98,0.94,1.4640333672313508,2.0177315097430313,1.3061623605970722,1.7917261792633405,1.3652490675006255,1.7589684643591168,1.4402487790806078,1.89144499209465,1.565419878331792,0,0,0,0,0,0,0,0,0,40
5,0,0.82,0.97,0.75,0.97,1.0,0.82,0.73,0.81,0.77,1.7279742897476176,3.1340799769321857,1.5654711561028298,2.9915206786245134,inf,1.7279742897476176,1.402214989110264,1.5390272000289902,1.4606614208870372,0,0,0,0,100,0,0,0,0,0
5,5,0.82,0.95,0.77,0.89,0.76,0.82,0.73,0.81,0.77,1.6709205443986805,2.615907401989366,1.522032329550408,1.9213567152039532,1.822182819592847,1.7279742897476176,1.402214989110264,1.5390272000289902,1.4606614208870372,0,0,0,0,0,0,0,0,0,5
5,10,0.82,0.94,0.72,0.89,0.73,0.82,0.73,0.81,0.77,1.6149824684844831,2.481999120436984,1.4103600092272996,1.94041282618317,4.603600082437852,1.7279742897476176,1.402214989110264,1.5390272000289902,1.4606614208870372,0,0,0,0,0,0,0,0,0,10
5,15,0.82,0.91,0.79,0.87,0.86,0.82,0.73,0.81,0.77,1.614982468484483,2.2320506226905454,1.4492830337711033,1.9031876073315621,2.811546093063047,1.7279742897476176,1.402214989110264,1.5390272000289902,1.4606614208870372,0,0,0,0,0,0,0,0,0,15
5,20,0.82,0.89,0.75,0.87,0.77,0.82,0.73,0.81,0.77,1.5631848841286091,2.166794835689747,1.4213908188394049,1.890065652588969,1.9451471121053006,1.7279742897476176,1.402214989110264,1.5390272000289902,1.4606614208870372,0,0,0,0,0,0,0,0,0,20
5,25,0.82,0.89,0.76,0.87,0.79,0.82,0.73,0.81,0.77,1.552504880814085,2.0529085924142585,1.4213908188394049,1.900770549679776,1.7679641604856609,1.7279742897476176,1.402214989110264,1.5390272000289902,1.4606614208870372,0,0,0,0,0,0,0,0,0,25
5,30,0.82,0.89,0.73,0.87,0.71,0.82,0.73,0.81,0.77,1.5444674759840176,1.967876631826746,1.4129369892022425,1.8900656525889687,1.7537871375583935,1.7279742897476176,1.402214989110264,1.5390272000289902,1.4606614208870372,0,0,0,0,0,0,0,0,0,30
5,35,0.8,0.87,0.74,0.87,0.8,0.82,0.73,0.81,0.77,1.5134190929537772,1.8954263458349603,1.4121878654783775,1.900770549679776,1.8131385064223946,1.7279742897476176,1.402214989110264,1.5390272000289902,1.4606614208870372,0,0,0,0,0,0,0,0,0,35
5,40,0.8,0.84,0.76,0.87,0.75,0.82,0.73,0.81,0.77,1.5033998587950799,1.8239091593228522,1.408532152976222,1.8900656525889687,1.5285383891600994,1.7279742897476176,1.402214989110264,1.5390272000289902,1.4606614208870372,0,0,0,0,0,0,0,0,0,40
6,0,0.92,1.0,0.83,1.0,1.0,0.92,0.86,0.58,0.88,1.836158482154958,3.4316786133945234,1.5590433856785881,2.997938280871766,inf,1.836158482154958,1.57741609677033,0.9447770543412801,1.7245661800235736,0,0,0,0,100,0,0,0,0,0
6,5,0.91,1.0,0.83,0.95,0.71,0.92,0.86,0.58,0.88,1.7894812026764293,3.017475134281154,1.5330926558284106,1.8943547642814837,2.2523573063553055,1.836158482154958,1.57741609677033,0.9447770543412801,1.7245661800235736,0,0,0,0,0,0,0,0,0,5
6,10,0.89,1.0,0.82,0.93,0.75,0.92,0.86,0.58,0.88,1.7667546146824238,2.705395219412948,1.4996501833451648,1.9140177881214657,5.483101497930049,1.836158482154958,1.57741609677033,0.9447770543412801,1.7245661800235736,0,0,0,0,0,0,0,0,0,10
6,15,0.89,0.99,0.81,0.93,0.9,0.92,0.86,0.58,0.88,1.7449285635093976,2.440057218108848,1.5128879752581341,1.8782414719583773,3.3991656435413002,1.836158482154958,1.57741609677033,0.9447770543412801,1.7245661800235736,0,0,0,0,0,0,0,0,0,15
6,20,0.88,0.97,0.81,0.93,0.74,0.92,0.86,0.58,0.88,1.7279247338046195,2.3238213861377375,1.4772808112820983,1.88528668570576,1.8765009136044677,1.836158482154958,1.57741609677033,0.9447770543412801,1.7245661800235736,0,0,0,0,0,0,0,0,0,20
6,25,0.88,0.96,0.82,0.93,0.88,0.92,0.86,0.58,0.88,1.6899927671876989,2.2838310422674803,1.5226664500960236,1.8743613772323564,2.016563074440806,1.836158482154958,1.57741609677033,0.9447770543412801,1.7245661800235736,0,0,0,0,0,0,0,0,0,25
6,30,0.88,0.95,0.82,0.93,0.78,0.92,0.86,0.58,0.88,1.6774655563803371,2.2102691541586106,1.5036553268684516,1.8782414719583773,1.7379473928751796,1.836158482154958,1.57741609677033,0.9447770543412801,1.7245661800235736,0,0,0,0,0,0,0,0,0,30
6,35,0.87,0.95,0.82,0.93,0.81,0.92,0.86,0.58,0.88,1.6412122952992472,2.157618803553713,1.4730187385349605,1.872533222998949,1.8624670523282698,1.836158482154958,1.57741609677033,0.9447770543412801,1.7245661800235736,0,0,0,0,0,0,0,0,0,35
6,40,0.86,0.95,0.81,0.93,0.81,0.92,0.86,0.58,0.88,1.554044870179764,2.1206402203314827,1.4820234285699296,1.8782414719583773,1.6523392349470765,1.836158482154958,1.57741609677033,0.9447770543412801,1.7245661800235736,0,0,0,0,0,0,0,0,0,40
7,0,0.81,0.96,0.85,0.99,1.0,0.81,0.7,0.8,0.79,1.890412754583985,3.1686703298900296,1.6817070990795409,3.2026399928942624,inf,1.890412754583985,1.5042468429354354,1.7906520219879902,1.7302235593653177,0,0,0,0,100,0,0,0,0,0
7,5,0.81,0.95,0.85,0.93,0.72,0.81,0.7,0.8,0.79,1.8545794144340306,2.8907244589281618,1.6944738729656978,2.090811463790881,1.933775982290562,1.890412754583985,1.5042468429354354,1.7906520219879902,1.7302235593653177,0,0,0,0,0,0,0,0,0,5
7,10,0.8,0.94,0.82,0.92,0.89,0.81,0.7,0.8,0.79,1.7863823012279425,2.803087277009774,1.575930778839957,2.11682939782032,5.080114756233581,1.890412754583985,1.5042468429354354,1.7906520219879902,1.7302235593653177,0,0,0,0,0,0,0,0,0,10
7,15,0.79,0.94,0.82,0.92,0.86,0.81,0.7,0.8,0.79,1.7687329158072775,2.6881594749250324,1.6387755262590091,2.0725541799986917,2.7057446104819425,1.890412754583985,1.5042468429354354,1.7906520219879902,1.7302235593653177,0,0,0,0,0,0,0,0,0,15
7,20,0.79,0.94,0.8,0.92,0.84,0.81,0.7,0.8,0.79,1.754301078541407,2.5043403914779723,1.5958488491359166,2.049162779844961,2.044950144547221,1.890412754583985,1.5042468429354354,1.7906520219879902,1.7302235593653177,0,0,0,0,0,0,0,0,0,20
7,25,0.79,0.92,0.82,0.92,0.86,0.81,0.7,0.8,0.79,1.754301078541407,2.38237238740329,1.6104473766599057,2.0605546940924437,1.9393403685246917,1.890412754583985,1.5042468429354354,1.7906520219879902,1.7302235593653177,0,0,0,0,0,0,0,0,0,25
7,30,0.79,0.89,0.81,0.92,0.78,0.81,0.7,0.8,0.79,1.7422762388163595,2.3375798234947727,1.5765299576388352,2.049162779844961,1.6951319211917182,1.890412754583985,1.5042468429354354,1.7906520219879902,1.7302235593653177,0,0,0,0,0,0,0,0,0,30
7,35,0.77,0.86,0.83,0.92,0.84,0.81,0.7,0.8,0.79,1.674606016506556,2.268006842077041,1.6170086865897195,2.0548587369687024,1.8077035167576425,1.890412754583985,1.5042468429354354,1.7906520219879902,1.7302235593653177,0,0,0,0,0,0,0,0,0,35
7,40,0.76,0.84,0.83,0.92,0.85,0.81,0.7,0.8,0.79,1.6657757265774866,2.1772353229583934,1.5971005534373297,2.049162779844961,1.5166204146447206,1.890412754583985,1.5042468429354354,1.7906520219879902,1.7302235593653177,0,0,0,0,0,0,0,0,0,40
8,0,0.87,0.99,0.78,0.98,1.0,0.87,0.75,0.72,0.81,1.816920783679511,2.986652105500541,1.637099504931592,3.224232215851561,inf,1.816920783679511,1.432070464306543,1.3676596599199002,1.5979086936363374,0,0,0,0,100,0,0,0,0,0
8,5,0.87,0.99,0.8,0.94,0.71,0.87,0.75,0.72,0.81,1.7875371404786504,2.8432452121614284,1.608925022516266,2.1295095697166886,1.8737655518981478,1.816920783679511,1.432070464306543,1.3676596599199002,1.5979086936363374,0,0,0,0,0,0,0,0,0,5
8,10,0.83,0.99,0.8,0.92,0.8,0.87,0.75,0.72,0.81,1.691675047675052,2.629644110820557,1.5843238996772429,2.057396990305336,4.7063313936765345,1.816920783679511,1.432070464306543,1.3676596599199002,1.5979086936363374,0,0,0,0,0,0,0,0,0,10
8,15,0.83,0.99,0.78,0.91,0.91,0.87,0.75,0.72,0.81,1.6734488218679662,2.4029636883174517,1.5658025380303087,2.0726682336817133,2.6504952625855585,1.816920783679511,1.432070464306543,1.3676596599199002,1.5979086936363374,0,0,0,0,0,0,0,0,0,15
8,20,0.83,0.98,0.8,0.91,0.8,0.87,0.75,0.72,0.81,1.6728418836818442,2.268970343540515,1.5608418511121775,2.057396990305336,1.8058911631207106,1.816920783679511,1.432070464306543,1.3676596599199002,1.5979086936363374,0,0,0,0,0,0,0,0,0,20
8,25,0.83,0.96,0.77,0.91,0.78,0.87,0.75,0.72,0.81,1.665083532289508,2.2283463401855794,1.577940717122765,2.045057475772875,1.8935343208137072,1.816920783679511,1.432070464306543,1.3676596599199002,1.5979086936363374,0,0,0,0,0,0,0,0,0,25
8,30,0.83,0.94,0.77,0.92,0.76,0.87,0.75,0.72,0.81,1.629937525967506,2.119307724030258,1.531294086617588,2.057396990305336,1.601961890881681,1.816920783679511,1.432070464306543,1.3676596599199002,1.5979086936363374,0,0,0,0,0,0,0,0,0,30
8,35,0.8,0.94,0.79,0.91,0.78,0.87,0.75,0.72,0.81,1.5688618940542725,2.110515381048751,1.5610798606785439,2.065250279576452,1.5873282902170547,1.816920783679511,1.432070464306543,1.3676596599199002,1.5979086936363374,0,0,0,0,0,0,0,0,0,35
8,40,0.79,0.94,0.78,0.92,0.81,0.87,0.75,0.72,0.81,1.5285636331375567,2.079283875233047,1.5433970825396823,2.057396990305336,1.51274776954565,1.816920783679511,1.432070464306543,1.3676596599199002,1.5979086936363374,0,0,0,0,0,0,0,0,0,40
9,0,0.91,1.0,0.83,0.99,1.0,0.91,0.87,0.93,0.9,1.9712416900135021,3.4163392289826975,1.5433142487532132,3.1796376610365464,inf,1.9712416900135021,1.6060112424056157,2.0997373535133717,1.7977767747709918,0,0,0,0,100,0,0,0,0,0
9,5,0.91,0.99,0.84,0.91,0.76,0.91,0.87,0.93,0.9,1.9649513374558363,2.933031349835705,1.4936064513903156,1.9202514123185477,1.903826860314103,1.9712416900135021,1.6060112424056157,2.0997373535133717,1.7977767747709918,0,0,0,0,0,0,0,0,0,5
9,10,0.91,0.98,0.83,0.9,0.81,0.91,0.87,0.93,0.9,1.9361421296955204,2.677598591435885,1.4413738603397115,1.9293111929194615,4.887823596945235,1.9712416900135021,1.6060112424056157,2.0997373535133717,1.7977767747709918,0,0,0,0,0,0,0,0,0,10
9,15,0.9,0.95,0.82,0.9,0.89,0.91,0.87,0.93,0.9,1.8949626063136065,2.4781124492772317,1.4425721408553187,1.890822656784172,3.294373921719124,1.9712416900135021,1.6060112424056157,2.0997373535133717,1.7977767747709918,0,0,0,0,0,0,0,0,0,15
9,20,0.9,0.95,0.81,0.9,0.77,0.91,0.87,0.93,0.9,1.8829311996205118,2.393767850947224,1.4243204492332697,1.900557135348623,1.886482076941068,1.9712416900135021,1.6060112424056157,2.0997373535133717,1.7977767747709918,0,0,0,0,0,0,0,0,0,20
9,25,0.9,0.95,0.83,0.9,0.85,0.91,0.87,0.93,0.9,1.8757311970337596,2.3085948984033253,1.4379912569184898,1.8945620116307187,2.034915135410687,1.9712416900135021,1.6060112424056157,2.0997373535133717,1.7977767747709918,0,0,0,0,0,0,0,0,0,25
9,30,0.9,0.94,0.84,0.9,0.81,0.91,0.87,0.93,0.9,1.8449555262493949,2.2236062591388164,1.428665702171858,1.890822656784172,1.7231622090904377,1.9712416900135021,1.6060112424056157,2.0997373535133717,1.7977767747709918,0,0,0,0,0,0,0,0,0,30
9,35,0.9,0.93,0.84,0.9,0.81,0.91,0.87,0.93,0.9,1.8449555262493949,2.162641381168353,1.4263560198194392,1.8821031243428892,1.668540954083476,1.9712416900135021,1.6060112424056157,2.0997373535133717,1.7977767747709918,0,0,0,0,0,0,0,0,0,35
9,40,0.9,0.93,0.86,0.89,0.82,0.91,0.87,0.93,0.9,1.8193724754868144,2.112012741359683,1.4243204492332697,1.8908226567841717,1.4736778702363198,1.9712416900135021,1.6060112424056157,2.0997373535133717,1.7977767747709918,0,0,0,0,0,0,0,0,0,40
10,0,0.85,1.0,0.8,1.0,1.0,0.85,0.69,0.77,0.85,1.7204392870122358,3.2467581817418965,1.7346927089285349,3.045216355670619,inf,1.7204392870122358,1.357123124588329,1.5423375309242742,1.6908684501089977,0,0,0,0,100,0,0,0,0,0
10,5,0.85,1.0,0.72,0.92,0.76,0.85,0.69,0.77,0.85,1.6873578999725904,2.980582023470188,1.5511115753383908,2.0508831685693405,1.9611564280714422,1.7204392870122358,1.357123124588329,1.5423375309242742,1.6908684501089977,0,0,0,0,0,0,0,0,0,5
10,10,0.84,0.97,0.74,0.91,0.77,0.85,0.69,0.77,0.85,1.6348631127394953,2.789750627832519,1.4911231559117444,1.985337796498892,4.826034442440297,1.7204392870122358,1.357123124588329,1.5423375309242742,1.6908684501089977,0,0,0,0,0,0,0,0,0,10
10,15,0.82,0.96,0.74,0.91,0.82,0.85,0.69,0.77,0.85,1.581786224385311,2.6399980312388918,1.491782847796249,2.048654914676183,2.9471796592785875,1.7204392870122358,1.357123124588329,1.5423375309242742,1.6908684501089977,0,0,0,0,0,0,0,0,0,15
10,20,0.79,0.96,0.71,0.91,0.75,0.85,0.69,0.77,0.85,1.5589489298752297,2.60028913920599,1.4598514513449454,1.985337796498892,1.8700185241716243,1.7204392870122358,1.357123124588329,1.5423375309242742,1.6908684501089977,0,0,0,0,0,0,0,0,0,20
10,25,0.78,0.96,0.7,0.9,0.83,0.85,0.69,0.77,0.85,1.5514439585440642,2.410840802097187,1.4910154476230248,2.0115799787994133,2.0391750557734216,1.7204392870122358,1.357123124588329,1.5423375309242742,1.6908684501089977,0,0,0,0,0,0,0,0,0,25
10,30,0.77,0.96,0.7,0.91,0.76,0.85,0.69,0.77,0.85,1.5423375309242742,2.3601833264004917,1.4461835972489663,1.9853377964988919,1.6502720812157445,1.7204392870122358,1.357123124588329,1.5423375309242742,1.6908684501089977,0,0,0,0,0,0,0,0,0,30
10,35,0.77,0.94,0.69,0.91,0.76,0.85,0.69,0.77,0.85,1.5172294060619103,2.2133208873866517,1.4506056912036178,1.9853377964988919,1.7536255160503162,1.7204392870122358,1.357123124588329,1.5423375309242742,1.6908684501089977,0,0,0,0,0,0,0,0,0,35
10,40,0.71,0.92,0.69,0.91,0.8,0.85,0.69,0.77,0.85,1.449093179973461,2.1242782335644286,1.4598514513449454,1.9853377964988916,1.6031842094175892,1.7204392870122358,1.357123124588329,1.5423375309242742,1.6908684501089977,0,0,0,0,0,0,0,0,0,40
11,0,0.92,0.99,0.9,0.98,1.0,0.92,0.86,0.9,0.9,1.7939018675331375,3.2197897654008787,1.666364651020385,2.9479954885200903,inf,1.7939018675331375,1.4947797158784188,1.6216172378754727,1.5841712158490724,0,0,0,0,100,0,0,0,0,0
11,5,0.92,0.97,0.89,0.95,0.75,0.92,0.86,0.9,0.9,1.7611260747279727,2.6299573899909277,1.6043229082702888,1.9866607098195614,1.8570255094062418,1.7939018675331375,1.4947797158784188,1.6216172378754727,1.5841712158490724,0,0,0,0,0,0,0,0,0,5
11,10,0.92,0.97,0.88,0.95,0.83,0.92,0.86,0.9,0.9,1.7559291531279744,2.501080187880874,1.5614444525760636,1.991552594737116,4.929711826807509,1.7939018675331375,1.4947797158784188,1.6216172378754727,1.5841712158490724,0,0,0,0,0,0,0,0,0,10
11,15,0.92,0.97,0.9,0.94,0.88,0.92,0.86,0.9,0.9,1.746998782072288,2.3931166134670567,1.5712245598695889,1.9643639348813322,3.046405378754986,1.7939018675331375,1.4947797158784188,1.6216172378754727,1.5841712158490724,0,0,0,0,0,0,0,0,0,15
11,20,0.91,0.97,0.91,0.94,0.84,0.92,0.86,0.9,0.9,1.71399428787887,2.211774828099198,1.5232611815929689,1.9465965793376263,1.9268214115222995,1.7939018675331375,1.4947797158784188,1.6216172378754727,1.5841712158490724,0,0,0,0,0,0,0,0,0,20
11,25,0.91,0.97,0.9,0.94,0.86,0.92,0.86,0.9,0.9,1.6748969076029931,2.1651731930157565,1.5154441637953706,1.9536598409416408,2.0242935600574725,1.7939018675331375,1.4947797158784188,1.6216172378754727,1.5841712158490724,0,0,0,0,0,0,0,0,0,25
11,30,0.91,0.97,0.88,0.94,0.8,0.92,0.86,0.9,0.9,1.63819422790876,2.0752454372860907,1.5085182404976765,1.9465965793376263,1.6664110845268034,1.7939018675331375,1.4947797158784188,1.6216172378754727,1.5841712158490724,0,0,0,0,0,0,0,0,0,30
11,35,0.9,0.96,0.91,0.94,0.86,0.92,0.86,0.9,0.9,1.6205930835628024,2.028904105116874,1.5438710047760025,1.9501282101396333,1.8091040847665139,1.7939018675331375,1.4947797158784188,1.6216172378754727,1.5841712158490724,0,0,0,0,0,0,0,0,0,35
11,40,0.9,0.96,0.88,0.94,0.83,0.92,0.86,0.9,0.9,1.5955975516959957,1.9898987925765779,1.5360358762452937,1.9465965793376263,1.5928440226741363,1.7939018675331375,1.4947797158784188,1.6216172378754727,1.5841712158490724,0,0,0,0,0,0,0,0,0,40
12,0,0.91,1.0,0.88,1.0,1.0,0.91,0.82,0.96,0.85,1.8349290935331761,3.3546503589677243,1.5599918506959622,3.3549562870999026,inf,1.8349290935331761,1.4405336548922254,2.0520793742607673,1.6637346684127987,0,0,0,0,100,0,0,0,0,0
12,5,0.91,1.0,0.87,0.94,0.75,0.91,0.82,0.96,0.85,1.8169952829117255,3.029117977196142,1.5627663173681543,2.046429468486445,1.8026181014181648,1.8349290935331761,1.4405336548922254,2.0520793742607673,1.6637346684127987,0,0,0,0,0,0,0,0,0,5
12,10,0.91,1.0,0.88,0.94,0.86,0.91,0.82,0.96,0.85,1.799725697199269,2.786624898171229,1.5112157501158583,2.0485307019178918,4.516480133991001,1.8349290935331761,1.4405336548922254,2.0520793742607673,1.6637346684127987,0,0,0,0,0,0,0,0,0,10
12,15,0.91,0.99,0.88,0.95,0.86,0.91,0.82,0.96,0.85,1.7643122284531119,2.6001914283473244,1.5045859259116905,2.0031792871831104,2.9786160496188456,1.8349290935331761,1.4405336548922254,2.0520793742607673,1.6637346684127987,0,0,0,0,0,0,0,0,0,15
12,20,0.9,0.99,0.85,0.94,0.83,0.91,0.82,0.96,0.85,1.739201571014871,2.470542010997708,1.4818423539477203,2.032494436659088,1.9155355615630798,1.8349290935331761,1.4405336548922254,2.0520793742607673,1.6637346684127987,0,0,0,0,0,0,0,0,0,20
12,25,0.89,0.98,0.89,0.94,0.85,0.91,0.82,0.96,0.85,1.6937624172275916,2.353019240304347,1.5111091081839914,1.9957939134938503,2.0634731960303014,1.8349290935331761,1.4405336548922254,2.0520793742607673,1.6637346684127987,0,0,0,0,0,0,0,0,0,25
12,30,0.89,0.98,0.88,0.94,0.82,0.91,0.82,0.96,0.85,1.6796066050752723,2.268272918824685,1.4995122301107995,2.00317928718311,1.630525668434511,1.8349290935331761,1.4405336548922254,2.0520793742607673,1.6637346684127987,0,0,0,0,0,0,0,0,0,30
12,35,0.89,0.98,0.87,0.94,0.8,0.91,0.82,0.96,0.85,1.6723399043874716,2.2195624994815937,1.4989130836471194,1.9957939134938503,1.6900693377119431,1.8349290935331761,1.4405336548922254,2.0520793742607673,1.6637346684127987,0,0,0,0,0,0,0,0,0,35
12,40,0.89,0.98,0.87,0.94,0.83,0.91,0.82,0.96,0.85,1.6712387772572974,2.048750525269078,1.4958892171053715,2.0031792871831096,1.6421443862621539,1.8349290935331761,1.4405336548922254,2.0520793742607673,1.6637346684127987,0,0,0,0,0,0,0,0,0,40
13,0,0.9,0.99,0.9,0.99,1.0,0.9,0.8,0.93,0.87,1.793618800363072,3.045945076778078,1.7091900870707462,3.095050040308013,inf,1.793618800363072,1.4714836487023493,1.979031516032316,1.6594139483203099,0,0,0,0,100,0,0,0,0,0
13,5,0.9,0.98,0.86,0.94,0.76,0.9,0.8,0.93,0.87,1.786080165948389,2.8231864112743636,1.7233980774639766,2.165018426293651,2.0032698730116385,1.793618800363072,1.4714836487023493,1.979031516032316,1.6594139483203099,0,0,0,0,0,0,0,0,0,5
13,10,0.9,0.98,0.84,0.94,0.83,0.9,0.8,0.93,0.87,1.786080165948389,2.584737829199229,1.6281068687123135,2.0687743344023346,5.218855894790676,1.793618800363072,1.4714836487023493,1.979031516032316,1.6594139483203099,0,0,0,0,0,0,0,0,0,10
13,15,0.9,0.97,0.86,0.94,0.9,0.9,0.8,0.93,0.87,1.7662381801250628,2.4353584840067164,1.5890335782619749,2.1237952965992535,2.86834956331211,1.793618800363072,1.4714836487023493,1.979031516032316,1.6594139483203099,0,0,0,0,0,0,0,0,0,15
13,20,0.89,0.94,0.85,0.93,0.77,0.9,0.8,0.93,0.87,1.7292784873731089,2.2822373077540705,1.59408762250974,2.0687743344023346,1.8712518979947932,1.793618800363072,1.4714836487023493,1.979031516032316,1.6594139483203099,0,0,0,0,0,0,0,0,0,20
13,25,0.89,0.94,0.86,0.93,0.84,0.9,0.8,0.93,0.87,1.7198395870686483,2.1313648902111213,1.5596589417859503,2.0532819722467277,1.8977846967108465,1.793618800363072,1.4714836487023493,1.979031516032316,1.6594139483203099,0,0,0,0,0,0,0,0,0,25
13,30,0.89,0.94,0.85,0.94,0.81,0.9,0.8,0.93,0.87,1.711935546526111,2.1072594724547704,1.554380734144352,2.0687743344023346,1.6434908946684732,1.793618800363072,1.4714836487023493,1.979031516032316,1.6594139483203099,0,0,0,0,0,0,0,0,0,30
13,35,0.87,0.94,0.85,0.94,0.87,0.9,0.8,0.93,0.87,1.65426540378057,2.0344587815998127,1.5504885122502525,2.0687743344023346,1.7041698225877593,1.793618800363072,1.4714836487023493,1.979031516032316,1.6594139483203099,0,0,0,0,0,0,0,0,0,35
13,40,0.87,0.93,0.86,0.93,0.82,0.9,0.8,0.93,0.87,1.604738229344267,1.9781278704822642,1.554380734144352,2.0687743344023346,1.6286303299187228,1.793618800363072,1.4714836487023493,1.979031516032316,1.6594139483203099,0,0,0,0,0,0,0,0,0,40
14,0,0.85,0.98,0.75,0.96,1.0,0.85,0.78,0.83,0.83,1.6522700838260718,3.2697812628251723,1.3655886596050673,2.7451099152585323,inf,1.6522700838260718,1.3096485667229636,1.4907031153087444,1.5007370344868547,0,0,0,0,100,0,0,0,0,0
14,5,0.85,0.95,0.76,0.83,0.78,0.85,0.78,0.83,0.83,1.6328993391114663,2.7315328779053005,1.2614253015582966,1.6517406000283072,1.8702659551684055,1.6522700838260718,1.3096485667229636,1.4907031153087444,1.5007370344868547,0,0,0,0,0,0,0,0,0,5
14,10,0.83,0.94,0.75,0.83,0.84,0.85,0.78,0.83,0.83,1.5479838006471138,2.4983182068638534,1.2413739788530833,1.5551112544569232,4.774412025136254,1.6522700838260718,1.3096485667229636,1.4907031153087444,1.5007370344868547,0,0,0,0,0,0,0,0,0,10
14,15,0.83,0.93,0.75,0.83,0.9,0.85,0.78,0.83,0.83,1.543638958356301,2.354683269726973,1.2614253015582966,1.5551112544569232,2.8349001415986965,1.6522700838260718,1.3096485667229636,1.4907031153087444,1.5007370344868547,0,0,0,0,0,0,0,0,0,15
14,20,0.83,0.92,0.75,0.83,0.79,0.85,0.78,0.83,0.83,1.4950369789491855,2.2823234055824644,1.2390975356205796,1.5551112544569232,1.97331319667357,1.6522700838260718,1.3096485667229636,1.4907031153087444,1.5007370344868547,0,0,0,0,0,0,0,0,0,20
14,25,0.83,0.92,0.74,0.83,0.84,0.85,0.78,0.83,0.83,1.4779504345004963,2.167072986144316,1.2477350750952245,1.5551112544569232,1.9200329160502725,1.6522700838260718,1.3096485667229636,1.4907031153087444,1.5007370344868547,0,0,0,0,0,0,0,0,0,25
14,30,0.82,0.91,0.74,0.83,0.81,0.85,0.78,0.83,0.83,1.4776602652059299,2.129417054453297,1.2340158041269151,1.5551112544569232,1.5296693023633083,1.6522700838260718,1.3096485667229636,1.4907031153087444,1.5007370344868547,0,0,0,0,0,0,0,0,0,30
14,35,0.82,0.91,0.74,0.83,0.86,0.85,0.78,0.83,0.83,1.419862284517928,2.0690130761236656,1.2416121045690875,1.5517469216197313,1.6646130156250787,1.6522700838260718,1.3096485667229636,1.4907031153087444,1.5007370344868547,0,0,0,0,0,0,0,0,0,35
14,40,0.82,0.91,0.75,0.83,0.76,0.85,0.78,0.83,0.83,1.414030224709185,2.013160278250509,1.2413739788530833,1.5517469216197313,1.5839364486881666,1.6522700838260718,1.3096485667229636,1.4907031153087444,1.5007370344868547,0,0,0,0,0,0,0,0,0,40
15,0,0.86,0.98,0.7,0.99,1.0,0.86,0.76,0.93,0.78,1.6154700608336565,2.952737329665695,1.3203175833400778,3.1052730058081153,inf,1.6154700608336565,1.2951506280792575,1.937664366493956,1.4468741581920792,0,0,0,0,100,0,0,0,0,0
15,5,0.85,0.98,0.75,0.88,0.66,0.86,0.76,0.93,0.78,1.589966800817225,2.452087795255901,1.2968775624674116,1.6872932463745782,2.1829030347153777,1.6154700608336565,1.2951506280792575,1.937664366493956,1.4468741581920792,0,0,0,0,0,0,0,0,0,5
15,10,0.85,0.97,0.7,0.87,0.85,0.86,0.76,0.93,0.78,1.5776475695266057,2.2492322317980404,1.2143018072339995,1.6544162490253203,6.190494735402686,1.6154700608336565,1.2951506280792575,1.937664366493956,1.4468741581920792,0,0,0,0,0,0,0,0,0,10
15,15,0.83,0.95,0.76,0.87,0.86,0.86,0.76,0.93,0.78,1.5292677827855372,2.141031049125428,1.2143018072339995,1.6544162490253203,3.365082581034228,1.6154700608336565,1.2951506280792575,1.937664366493956,1.4468741581920792,0,0,0,0,0,0,0,0,0,15
15,20,0.83,0.93,0.71,0.87,0.78,0.86,0.76,0.93,0.78,1.519625077300693,2.055675997127138,1.1885122262616152,1.6544162490253203,2.0501692872900614,1.6154700608336565,1.2951506280792575,1.937664366493956,1.4468741581920792,0,0,0,0,0,0,0,0,0,20
15,25,0.82,0.93,0.71,0.87,0.84,0.86,0.76,0.93,0.78,1.5028093241218112,1.9752907415802619,1.1932322706107614,1.6544162490253203,2.1961377320817963,1.6154700608336565,1.2951506280792575,1.937664366493956,1.4468741581920792,0,0,0,0,0,0,0,0,0,25
15,30,0.82,0.93,0.72,0.87,0.81,0.86,0.76,0.93,0.78,1.502809324121811,1.9248495309376819,1.1885122262616152,1.6544162490253203,1.747394588965772,1.6154700608336565,1.2951506280792575,1.937664366493956,1.4468741581920792,0,0,0,0,0,0,0,0,0,30
15,35,0.82,0.92,0.71,0.86,0.82,0.86,0.76,0.93,0.78,1.4458504928145999,1.8069836093462999,1.1934510981618371,1.6544162490253203,1.892630355550207,1.6154700608336565,1.2951506280792575,1.937664366493956,1.4468741581920792,0,0,0,0,0,0,0,0,0,35
15,40,0.77,0.91,0.72,0.87,0.82,0.86,0.76,0.93,0.78,1.3964306916850893,1.7584031945425602,1.1686648569721405,1.6527329159878552,1.6293562757733122,1.6154700608336565,1.2951506280792575,1.937664366493956,1.4468741581920792,0,0,0,0,0,0,0,0,0,40
16,0,0.94,0.99,0.83,0.99,1.0,0.94,0.86,0.65,0.91,1.8950067078676085,3.046236953220498,1.548929563013078,2.8939639303721685,inf,1.8950067078676085,1.385335142610116,0.881434465825671,1.615039016894934,0,0,0,0,100,0,0,0,0,0
16,5,0.94,0.99,0.86,0.91,0.77,0.94,0.86,0.65,0.91,1.8473014715368778,2.7938444598490224,1.5059596934985597,1.841172631922881,1.8909002492971752,1.8950067078676085,1.385335142610116,0.881434465825671,1.615039016894934,0,0,0,0,0,0,0,0,0,5
16,10,0.94,0.99,0.89,0.9,0.84,0.94,0.86,0.65,0.91,1.8395451735930326,2.596247628766359,1.481454958389058,1.8433538378444787,5.3346415802096825,1.8950067078676085,1.385335142610116,0.881434465825671,1.615039016894934,0,0,0,0,0,0,0,0,0,10
16,15,0.94,0.99,0.86,0.9,0.91,0.94,0.86,0.65,0.91,1.8128461168248775,2.4786769008346723,1.476286245602148,1.820319595765819,2.923068056666407,1.8950067078676085,1.385335142610116,0.881434465825671,1.615039016894934,0,0,0,0,0,0,0,0,0,15
16,20,0.94,0.98,0.85,0.9,0.82,0.94,0.86,0.65,0.91,1.8093665665451981,2.320690681657775,1.461949086792242,1.8282398896585337,1.884901938724454,1.8950067078676085,1.385335142610116,0.881434465825671,1.615039016894934,0,0,0,0,0,0,0,0,0,20
16,25,0.94,0.98,0.86,0.9,0.89,0.94,0.86,0.65,0.91,1.8029693958014081,2.276646995514474,1.4811858858583904,1.8019962940292262,1.882048657512458,1.8950067078676085,1.385335142610116,0.881434465825671,1.615039016894934,0,0,0,0,0,0,0,0,0,25
16,30,0.93,0.98,0.87,0.91,0.84,0.94,0.86,0.65,0.91,1.7182037799334768,2.148462608777173,1.4680211349283803,1.820319595765819,1.5667514475367548,1.8950067078676085,1.385335142610116,0.881434465825671,1.615039016894934,0,0,0,0,0,0,0,0,0,30
16,35,0.91,0.97,0.88,0.91,0.87,0.94,0.86,0.65,0.91,1.61092667464934,2.0941336397178327,1.4703113924663498,1.8178239578354818,1.6693580828810104,1.8950067078676085,1.385335142610116,0.881434465825671,1.615039016894934,0,0,0,0,0,0,0,0,0,35
16,40,0.91,0.97,0.86,0.91,0.83,0.94,0.86,0.65,0.91,1.597140366146688,1.9685787802802297,1.4581516541711648,1.820319595765819,1.5739107251153561,1.8950067078676085,1.385335142610116,0.881434465825671,1.615039016894934,0,0,0,0,0,0,0,0,0,40
17,0,0.87,0.99,0.72,0.99,1.0,0.87,0.79,0.98,0.87,1.8004088572153245,3.0532780886572297,1.3252153476487813,3.3053378704852663,inf,1.8004088572153245,1.4686899969049376,2.4886426155650945,1.741817613090189,0,0,0,0,100,0,0,0,0,0
17,5,0.87,0.98,0.77,0.93,0.68,0.87,0.79,0.98,0.87,1.7928128786836757,2.5088720585826065,1.3566392874023667,1.7965701057197951,1.788939752936908,1.8004088572153245,1.4686899969049376,2.4886426155650945,1.741817613090189,0,0,0,0,0,0,0,0,0,5
17,10,0.87,0.97,0.72,0.92,0.7,0.87,0.79,0.98,0.87,1.769196098287946,2.4159595852979217,1.3371896215473216,1.8004359442427682,4.642671041178957,1.8004088572153245,1.4686899969049376,2.4886426155650945,1.741817613090189,0,0,0,0,0,0,0,0,0,10
17,15,0.85,0.97,0.74,0.92,0.86,0.87,0.79,0.98,0.87,1.6700517523735448,2.3241322414511183,1.2993322603166546,1.8004359442427682,3.111007297975731,1.8004088572153245,1.4686899969049376,2.4886426155650945,1.741817613090189,0,0,0,0,0,0,0,0,0,15
17,20,0.83,0.97,0.75,0.91,0.74,0.87,0.79,0.98,0.87,1.618578446053811,2.2700633139339477,1.2993322603166546,1.7891858288590465,1.8947774084642366,1.8004088572153245,1.4686899969049376,2.4886426155650945,1.741817613090189,0,0,0,0,0,0,0,0,0,20
17,25,0.82,0.96,0.74,0.92,0.74,0.87,0.79,0.98,0.87,1.5800036743253458,2.157719235181488,1.3039418517813606,1.7891858288590465,1.9568476431823543,1.8004088572153245,1.4686899969049376,2.4886426155650945,1.741817613090189,0,0,0,0,0,0,0,0,0,25
17,30,0.83,0.95,0.75,0.91,0.75,0.87,0.79,0.98,0.87,1.5568641254337074,2.0743524723196822,1.2888508510104733,1.7864361701852207,1.667367999401237,1.8004088572153245,1.4686899969049376,2.4886426155650945,1.741817613090189,0,0,0,0,0,0,0,0,0,30
17,35,0.8,0.94,0.74,0.91,0.81,0.87,0.79,0.98,0.87,1.524452687768379,2.021612988655828,1.3085514432460665,1.7848826252751877,1.7027403961270668,1.8004088572153245,1.4686899969049376,2.4886426155650945,1.741817613090189,0,0,0,0,0,0,0,0,0,35
17,40,0.8,0.93,0.74,0.91,0.79,0.87,0.79,0.98,0.87,1.4840905654747045,1.9741424223810407,1.2898095553988886,1.787034227067117,1.563987275743228,1.8004088572153245,1.4686899969049376,2.4886426155650945,1.741817613090189,0,0,0,0,0,0,0,0,0,40
18,0,0.88,1.0,0.79,0.95,1.0,0.88,0.77,0.88,0.86,1.5539885639064002,3.1451182530461663,1.219995147404036,2.2119953433754302,inf,1.5539885639064002,1.2581304347308113,1.8155892682182624,1.4416584799255232,0,0,0,0,100,0,0,0,0,0
18,5,0.88,0.98,0.7,0.87,0.73,0.88,0.77,0.88,0.86,1.5332018826446454,2.608034530278787,1.2121945309818092,1.5891748973411035,2.0192117830181218,1.5539885639064002,1.2581304347308113,1.8155892682182624,1.4416584799255232,0,0,0,0,0,0,0,0,0,5
18,10,0.88,0.96,0.74,0.87,0.87,0.88,0.77,0.88,0.86,1.5112365004495834,2.4066612844255513,1.1939301600589802,1.5695349363846094,5.5794462955402,1.5539885639064002,1.2581304347308113,1.8155892682182624,1.4416584799255232,0,0,0,0,0,0,0,0,0,10
18,15,0.88,0.95,0.77,0.86,0.89,0.88,0.77,0.88,0.86,1.482999497379403,2.153373728126181,1.2063375811314592,1.5695349363846092,2.8542013622956715,1.5539885639064002,1.2581304347308113,1.8155892682182624,1.4416584799255232,0,0,0,0,0,0,0,0,0,15
18,20,0.85,0.94,0.72,0.86,0.87,0.88,0.77,0.88,0.86,1.4135186219680436,2.068578914191078,1.1697722019550718,1.5695349363846092,1.9982701724919831,1.5539885639064002,1.2581304347308113,1.8155892682182624,1.4416584799255232,0,0,0,0,0,0,0,0,0,20
18,25,0.85,0.91,0.75,0.86,0.89,0.88,0.77,0.88,0.86,1.3979620597138624,1.989029411212952,1.189920065916744,1.5695349363846092,2.0246791416825944,1.5539885639064002,1.2581304347308113,1.8155892682182624,1.4416584799255232,0,0,0,0,0,0,0,0,0,25
18,30,0.84,0.91,0.73,0.86,0.83,0.88,0.77,0.88,0.86,1.3931329117329936,1.905534608888853,1.1501695429112169,1.5695141242808779,1.6450972679760978,1.5539885639064002,1.2581304347308113,1.8155892682182624,1.4416584799255232,0,0,0,0,0,0,0,0,0,30
18,35,0.83,0.9,0.76,0.86,0.85,0.88,0.77,0.88,0.86,1.360565638366586,1.868935456291842,1.1519511009830983,1.5695141242808779,1.7045838917448712,1.5539885639064002,1.2581304347308113,1.8155892682182624,1.4416584799255232,0,0,0,0,0,0,0,0,0,35
18,40,0.82,0.89,0.74,0.86,0.8,0.88,0.77,0.88,0.86,1.3235852758856403,1.8013443566799354,1.1756547175398169,1.5694933121771468,1.6259924100010088,1.5539885639064002,1.2581304347308113,1.8155892682182624,1.4416584799255232,0,0,0,0,0,0,0,0,0,40
19,0,0.95,1.0,0.92,1.0,1.0,0.95,0.9,1.0,0.93,1.8897954949040778,3.413086273509313,1.6027968667755659,4.219099609006231,inf,1.8897954949040778,1.5834224369104466,2.8666523400232835,1.6827455374000306,0,0,0,0,100,0,0,0,0,0
19,5,0.94,1.0,0.91,0.97,0.83,0.95,0.9,1.0,0.93,1.8636301436400862,2.9688289813855295,1.6723441547535518,2.0409328464102368,1.8739430587739156,1.8897954949040778,1.5834224369104466,2.8666523400232835,1.6827455374000306,0,0,0,0,0,0,0,0,0,5
19,10,0.94,0.99,0.9,0.97,0.79,0.95,0.9,1.0,0.93,1.8465331460958478,2.7846835587912513,1.5796759881072213,2.021917961183733,4.766566096773525,1.8897954949040778,1.5834224369104466,2.8666523400232835,1.6827455374000306,0,0,0,0,0,0,0,0,0,10
19,15,0.94,0.99,0.91,0.97,0.91,0.95,0.9,1.0,0.93,1.8153024872974464,2.646197432474599,1.630697543341504,2.0370315376344204,2.9546445566861936,1.8897954949040778,1.5834224369104466,2.8666523400232835,1.6827455374000306,0,0,0,0,0,0,0,0,0,15
19,20,0.94,0.99,0.91,0.97,0.87,0.95,0.9,1.0,0.93,1.807587421292499,2.484263008915196,1.5941100447631023,2.034247970304661,1.9243628200877418,1.8897954949040778,1.5834224369104466,2.8666523400232835,1.6827455374000306,0,0,0,0,0,0,0,0,0,20
19,25,0.94,0.99,0.91,0.97,0.93,0.95,0.9,1.0,0.93,1.7980698723673596,2.384689048038944,1.6171295443239857,2.023030493852617,2.1011203741679028,1.8897954949040778,1.5834224369104466,2.8666523400232835,1.6827455374000306,0,0,0,0,0,0,0,0,0,25
19,30,0.93,0.99,0.91,0.97,0.88,0.95,0.9,1.0,0.93,1.755201196732067,2.3193012747627666,1.5775023146775173,2.034247970304661,1.8762289788763291,1.8897954949040778,1.5834224369104466,2.8666523400232835,1.6827455374000306,0,0,0,0,0,0,0,0,0,30
19,35,0.93,0.99,0.91,0.97,0.86,0.95,0.9,1.0,0.93,1.7017344049875782,2.2888863455109503,1.6115224049697972,2.023030493852617,1.8981556732586145,1.8897954949040778,1.5834224369104466,2.8666523400232835,1.6827455374000306,0,0,0,0,0,0,0,0,0,35
19,40,0.93,0.99,0.92,0.97,0.76,0.95,0.9,1.0,0.93,1.6882307706536264,2.2394679665941846,1.5827154062832074,2.015646750304204,1.6411311285451147,1.8897954949040778,1.5834224369104466,2.8666523400232835,1.6827455374000306,0,0,0,0,0,0,0,0,0,40
20,0,0.88,1.0,0.77,1.0,1.0,0.88,0.73,0.83,0.82,1.775923562309366,3.3933498192083054,1.7374329287543862,3.8472089228147928,inf,1.775923562309366,1.4427277085241912,1.6588191371105965,1.5643057421405684,0,0,0,0,100,0,0,0,0,0
20,5,0.85,0.99,0.73,0.88,0.7,0.88,0.73,0.83,0.82,1.754439422401024,3.0341281045302635,1.6164212956898716,2.1847959725980557,1.9747641388111161,1.775923562309366,1.4427277085241912,1.6588191371105965,1.5643057421405684,0,0,0,0,0,0,0,0,0,5
20,10,0.84,0.99,0.69,0.87,0.86,0.88,0.73,0.83,0.82,1.7320797812146913,2.883303468879333,1.5366212502932841,2.096603558086543,4.818245171338262,1.775923562309366,1.4427277085241912,1.6588191371105965,1.5643057421405684,0,0,0,0,0,0,0,0,0,10
20,15,0.84,0.99,0.71,0.86,0.86,0.88,0.73,0.83,0.82,1.7275621167475212,2.5491875960224135,1.5574771674295365,2.1073357902289653,3.124708233026782,1.775923562309366,1.4427277085241912,1.6588191371105965,1.5643057421405684,0,0,0,0,0,0,0,0,0,15
20,20,0.84,0.96,0.68,0.87,0.79,0.88,0.73,0.83,0.82,1.6850514578905897,2.376527838996047,1.4827541510957973,2.0766049144853636,2.0469685076394115,1.775923562309366,1.4427277085241912,1.6588191371105965,1.5643057421405684,0,0,0,0,0,0,0,0,0,20
20,25,0.84,0.96,0.71,0.87,0.86,0.88,0.73,0.83,0.82,1.676712298696021,2.286114561487439,1.5275403195794548,2.080959846157136,2.0540185476705517,1.775923562309366,1.4427277085241912,1.6588191371105965,1.5643057421405684,0,0,0,0,0,0,0,0,0,25
20,30,0.83,0.95,0.67,0.87,0.79,0.88,0.73,0.83,0.82,1.6588191371105965,2.197399599277476,1.5035029909870836,2.0766049144853636,1.7102056446680796,1.775923562309366,1.4427277085241912,1.6588191371105965,1.5643057421405684,0,0,0,0,0,0,0,0,0,30
20,35,0.82,0.95,0.7,0.86,0.89,0.88,0.73,0.83,0.82,1.6123048810981642,2.140886634701267,1.5329416258028274,2.080959846157136,1.7857220702175889,1.775923562309366,1.4427277085241912,1.6588191371105965,1.5643057421405684,0,0,0,0,0,0,0,0,0,35
20,40,0.77,0.93,0.69,0.87,0.83,0.88,0.73,0.83,0.82,1.5024089023156042,2.072437421944991,1.484678804122606,2.0766049144853636,1.664493678877867,1.775923562309366,1.4427277085241912,1.6588191371105965,1.5643057421405684,0,0,0,0,0,0,0,0,0,40
21,0,0.88,0.99,0.8,0.99,1.0,0.88,0.8,0.83,0.83,1.6232765571558163,2.733669751985082,1.5625828326535158,2.841968422210819,inf,1.6232765571558163,1.347797935432942,1.4675208209749302,1.477514476559992,0,0,0,0,100,0,0,0,0,0
21,5,0.87,0.97,0.84,0.92,0.69,0.88,0.8,0.83,0.83,1.57221657356687,2.4374043312134233,1.5909557428625645,1.9114226014904796,1.7943431260310756,1.6232765571558163,1.347797935432942,1.4675208209749302,1.477514476559992,0,0,0,0,0,0,0,0,0,5
21,10,0.87,0.96,0.85,0.88,0.82,0.88,0.8,0.83,0.83,1.5722165735668698,2.293910042921192,1.5035998564341226,1.9135388223163314,4.725752286957702,1.6232765571558163,1.347797935432942,1.4675208209749302,1.477514476559992,0,0,0,0,0,0,0,0,0,10
21,15,0.87,0.95,0.82,0.88,0.82,0.88,0.8,0.83,0.83,1.5673475762776636,2.162187072479746,1.5307009702352234,1.8817965043980154,2.7545024483417544,1.6232765571558163,1.347797935432942,1.4675208209749302,1.477514476559992,0,0,0,0,0,0,0,0,0,15
21,20,0.87,0.94,0.83,0.87,0.83,0.88,0.8,0.83,0.83,1.5652872460576526,2.121868837190135,1.465512606073748,1.8864592801809013,1.9924754809520366,1.6232765571558163,1.347797935432942,1.4675208209749302,1.477514476559992,0,0,0,0,0,0,0,0,0,20
21,25,0.85,0.93,0.84,0.88,0.88,0.88,0.8,0.83,0.83,1.5652872460576526,1.9984451143932196,1.4721013949517627,1.8814720835054368,1.8078556233354297,1.6232765571558163,1.347797935432942,1.4675208209749302,1.477514476559992,0,0,0,0,0,0,0,0,0,25
21,30,0.85,0.93,0.82,0.87,0.81,0.88,0.8,0.83,0.83,1.5428616903434098,1.8935521473891446,1.4685128532563678,1.8713544082020854,1.6808274882261753,1.6232765571558163,1.347797935432942,1.4675208209749302,1.477514476559992,0,0,0,0,0,0,0,0,0,30
21,35,0.85,0.93,0.82,0.87,0.81,0.88,0.8,0.83,0.83,1.4807041135876724,1.856677377902113,1.4820079136074784,1.8814720835054368,1.6905371506140587,1.6232765571558163,1.347797935432942,1.4675208209749302,1.477514476559992,0,0,0,0,0,0,0,0,0,35
21,40,0.83,0.92,0.83,0.88,0.75,0.88,0.8,0.83,0.83,1.4609073309583818,1.797913709665739,1.468512853256368,1.8817965043980154,1.5073784267396522,1.6232765571558163,1.347797935432942,1.4675208209749302,1.477514476559992,0,0,0,0,0,0,0,0,0,40
22,0,0.86,0.99,0.86,0.99,1.0,0.86,0.73,0.78,0.79,1.6586440282276094,3.1515159126232497,1.653446956075537,2.966102940450712,inf,1.6586440282276094,1.2427574031976543,1.3471566260844652,1.4699732813887545,0,0,0,0,100,0,0,0,0,0
22,5,0.86,0.99,0.78,0.9,0.78,0.86,0.73,0.78,0.79,1.622599610891088,2.694864051113326,1.3798472353008515,1.8966413886991065,1.9904381179998927,1.6586440282276094,1.2427574031976543,1.3471566260844652,1.4699732813887545,0,0,0,0,0,0,0,0,0,5
22,10,0.86,0.97,0.77,0.89,0.79,0.86,0.73,0.78,0.79,1.5992709538939316,2.361605934577989,1.3276956676945666,1.835469354760987,4.273025149062361,1.6586440282276094,1.2427574031976543,1.3471566260844652,1.4699732813887545,0,0,0,0,0,0,0,0,0,10
22,15,0.85,0.96,0.77,0.89,0.9,0.86,0.73,0.78,0.79,1.5852068560876655,2.2699103700990992,1.3709052299380586,1.883280845735872,2.456538964092206,1.6586440282276094,1.2427574031976543,1.3471566260844652,1.4699732813887545,0,0,0,0,0,0,0,0,0,15
22,20,0.82,0.94,0.8,0.89,0.8,0.86,0.73,0.78,0.79,1.4892040308031378,2.1752702362352716,1.3708368688652914,1.835469354760987,1.723891246062732,1.6586440282276094,1.2427574031976543,1.3471566260844652,1.4699732813887545,0,0,0,0,0,0,0,0,0,20
22,25,0.81,0.92,0.77,0.89,0.88,0.86,0.73,0.78,0.79,1.4892040308031378,2.0834896005889014,1.370973591010826,1.845985293724627,1.9776948107016212,1.6586440282276094,1.2427574031976543,1.3471566260844652,1.4699732813887545,0,0,0,0,0,0,0,0,0,25
22,30,0.79,0.9,0.8,0.9,0.82,0.86,0.73,0.78,0.79,1.4687871808430448,1.999500115655147,1.3316263926939809,1.835469354760987,1.7197727986896372,1.6586440282276094,1.2427574031976543,1.3471566260844652,1.4699732813887545,0,0,0,0,0,0,0,0,0,30
22,35,0.79,0.89,0.79,0.89,0.85,0.86,0.73,0.78,0.79,1.440069374253968,1.928921426723362,1.366016087210304,1.8520436960604183,1.7281809245934256,1.6586440282276094,1.2427574031976543,1.3471566260844652,1.4699732813887545,0,0,0,0,0,0,0,0,0,35
22,40,0.79,0.89,0.77,0.89,0.8,0.86,0.73,0.78,0.79,1.4253249339775187,1.8451531993610586,1.3636474221412964,1.8429277296422275,1.5543846110905601,1.6586440282276094,1.2427574031976543,1.3471566260844652,1.4699732813887545,0,0,0,0,0,0,0,0,0,40
23,0,0.87,0.98,0.83,0.98,1.0,0.87,0.79,0.9,0.84,1.7114835363303873,2.9755138618657426,1.62842038447313,3.079234150153846,inf,1.7114835363303873,1.4257027402171172,1.855358008149175,1.5968424369642125,0,0,0,0,100,0,0,0,0,0
23,5,0.86,0.97,0.83,0.92,0.68,0.87,0.79,0.9,0.84,1.6412973552634678,2.6138701800377335,1.4904239339838377,1.901507642536032,1.7147338552930034,1.7114835363303873,1.4257027402171172,1.855358008149175,1.5968424369642125,0,0,0,0,0,0,0,0,0,5
23,10,0.86,0.96,0.79,0.92,0.81,0.87,0.79,0.9,0.84,1.6262654781650974,2.365629625465055,1.4640962628529075,1.9296890665113793,5.322027269237771,1.7114835363303873,1.4257027402171172,1.855358008149175,1.5968424369642125,0,0,0,0,0,0,0,0,0,10
23,15,0.85,0.96,0.82,0.92,0.81,0.87,0.79,0.9,0.84,1.5993912111349216,2.2772032608063224,1.4640962628529075,1.8661755176821084,3.1215676188211283,1.7114835363303873,1.4257027402171172,1.855358008149175,1.5968424369642125,0,0,0,0,0,0,0,0,0,15
23,20,0.84,0.94,0.78,0.91,0.76,0.87,0.79,0.9,0.84,1.5836523858993523,2.212157907405942,1.4556802707836454,1.8729184028467798,1.8512355115743184,1.7114835363303873,1.4257027402171172,1.855358008149175,1.5968424369642125,0,0,0,0,0,0,0,0,0,20
23,25,0.83,0.94,0.8,0.91,0.88,0.87,0.79,0.9,0.84,1.5431829356764126,2.0907147109187916,1.4568230601160206,1.8589837919610515,2.0050119807929123,1.7114835363303873,1.4257027402171172,1.855358008149175,1.5968424369642125,0,0,0,0,0,0,0,0,0,25
23,30,0.82,0.91,0.78,0.91,0.8,0.87,0.79,0.9,0.84,1.5228525462021825,1.9727267364896166,1.4568230601160204,1.8661755176821084,1.5830723276468899,1.7114835363303873,1.4257027402171172,1.855358008149175,1.5968424369642125,0,0,0,0,0,0,0,0,0,30
23,35,0.82,0.89,0.8,0.9,0.81,0.87,0.79,0.9,0.84,1.5160026990012252,1.9565383639652187,1.463711043021264,1.8589837919610517,1.6567488219178144,1.7114835363303873,1.4257027402171172,1.855358008149175,1.5968424369642125,0,0,0,0,0,0,0,0,0,35
23,40,0.8,0.89,0.79,0.9,0.8,0.87,0.79,0.9,0.84,1.4685028350430893,1.8997247077067116,1.4607238712987802,1.8661755176821084,1.5359747443401175,1.7114835363303873,1.4257027402171172,1.855358008149175,1.5968424369642125,0,0,0,0,0,0,0,0,0,40
24,0,0.91,0.98,0.81,0.97,1.0,0.91,0.78,0.96,0.82,1.6103130589223094,3.124129219199275,1.3770386045267304,2.5642568349300543,inf,1.6103130589223094,1.2765732742217155,2.238480524228851,1.455657341620605,0,0,0,0,100,0,0,0,0,0
24,5,0.91,0.98,0.8,0.93,0.73,0.91,0.78,0.96,0.82,1.6064906903099716,2.89843216553415,1.299546566573552,1.7236321040742366,1.7697358793164022,1.6103130589223094,1.2765732742217155,2.238480524228851,1.455657341620605,0,0,0,0,0,0,0,0,0,5
24,10,0.87,0.98,0.78,0.91,0.88,0.91,0.78,0.96,0.82,1.5865560260757388,2.6434393541385823,1.2845932122699222,1.7249124082194074,4.870687255286694,1.6103130589223094,1.2765732742217155,2.238480524228851,1.455657341620605,0,0,0,0,0,0,0,0,0,10
24,15,0.87,0.98,0.78,0.91,0.97,0.91,0.78,0.96,0.82,1.5688695545393123,2.4630788166925526,1.2912122277029572,1.7136600648489768,3.019648582149067,1.6103130589223094,1.2765732742217155,2.238480524228851,1.455657341620605,0,0,0,0,0,0,0,0,0,15
24,20,0.85,0.97,0.78,0.91,0.86,0.91,0.78,0.96,0.82,1.5112062237440087,2.360520038040547,1.2681047244580979,1.7159293366829935,1.968324618202153,1.6103130589223094,1.2765732742217155,2.238480524228851,1.455657341620605,0,0,0,0,0,0,0,0,0,20
24,25,0.83,0.96,0.76,0.91,0.88,0.91,0.78,0.96,0.82,1.4667162196115533,2.2214844137266256,1.2922670304174475,1.709138843972868,1.9808951363511313,1.6103130589223094,1.2765732742217155,2.238480524228851,1.455657341620605,0,0,0,0,0,0,0,0,0,25
24,30,0.84,0.95,0.76,0.91,0.78,0.91,0.78,0.96,0.82,1.4667162196115533,2.1475074371228717,1.268104724458098,1.7136600648489768,1.7010120165904172,1.6103130589223094,1.2765732742217155,2.238480524228851,1.455657341620605,0,0,0,0,0,0,0,0,0,30
24,35,0.81,0.94,0.77,0.91,0.88,0.91,0.78,0.96,0.82,1.4004478868128851,2.0684380550495143,1.27865103755266,1.7091388439728683,1.7003139389195043,1.6103130589223094,1.2765732742217155,2.238480524228851,1.455657341620605,0,0,0,0,0,0,0,0,0,35
24,40,0.79,0.93,0.77,0.91,0.83,0.91,0.78,0.96,0.82,1.3350950001166042,2.0255278233669745,1.283501058064436,1.7136600648489768,1.5959041212914205,1.6103130589223094,1.2765732742217155,2.238480524228851,1.455657341620605,0,0,0,0,0,0,0,0,0,40
25,0,0.91,0.99,0.8,0.99,1.0,0.91,0.77,0.78,0.8,1.7881874917971716,3.115953191845714,1.5140531285249643,2.935877636168539,inf,1.7881874917971716,1.4711464766945954,1.4980160354242966,1.540254761093575,0,0,0,0,100,0,0,0,0,0
25,5,0.91,0.99,0.81,0.89,0.76,0.91,0.77,0.78,0.8,1.7793622600594774,2.679576122531798,1.4810330207839675,1.8597356564840113,2.084583299607723,1.7881874917971716,1.4711464766945954,1.4980160354242966,1.540254761093575,0,0,0,0,0,0,0,0,0,5
25,10,0.89,0.96,0.74,0.89,0.81,0.91,0.77,0.78,0.8,1.7191370602664016,2.547922957156817,1.4205627656024422,1.8652255835993916,5.4551556195729685,1.7881874917971716,1.4711464766945954,1.4980160354242966,1.540254761093575,0,0,0,0,0,0,0,0,0,10
25,15,0.88,0.96,0.76,0.89,0.87,0.91,0.77,0.78,0.8,1.7191370602664016,2.43004211372613,1.4740194311567087,1.8444266137108505,2.8860829866456528,1.7881874917971716,1.4711464766945954,1.4980160354242966,1.540254761093575,0,0,0,0,0,0,0,0,0,15
25,20,0.87,0.96,0.73,0.89,0.79,0.91,0.77,0.78,0.8,1.6961467323389283,2.344808118636844,1.4213117481656339,1.8446887063932196,1.7269480535601867,1.7881874917971716,1.4711464766945954,1.4980160354242966,1.540254761093575,0,0,0,0,0,0,0,0,0,20
25,25,0.87,0.96,0.79,0.88,0.85,0.91,0.77,0.78,0.8,1.6961467323389283,2.260241297809097,1.4205627656024422,1.8446887063932196,2.0823992355140684,1.7881874917971716,1.4711464766945954,1.4980160354242966,1.540254761093575,0,0,0,0,0,0,0,0,0,25
25,30,0.85,0.95,0.73,0.88,0.78,0.91,0.77,0.78,0.8,1.6226878822398527,2.1473582309978223,1.416785327098967,1.8597356564840113,1.6415651874598354,1.7881874917971716,1.4711464766945954,1.4980160354242966,1.540254761093575,0,0,0,0,0,0,0,0,0,30
25,35,0.85,0.94,0.77,0.88,0.84,0.91,0.77,0.78,0.8,1.6226878822398527,2.0341208767338186,1.4273880583027672,1.8444266137108505,1.7465689680991108,1.7881874917971716,1.4711464766945954,1.4980160354242966,1.540254761093575,0,0,0,0,0,0,0,0,0,35
25,40,0.81,0.94,0.76,0.88,0.83,0.91,0.77,0.78,0.8,1.5491649116964572,1.9775382245136852,1.4175115238560387,1.844557660052035,1.5771170829363657,1.7881874917971716,1.4711464766945954,1.4980160354242966,1.540254761093575,0,0,0,0,0,0,0,0,0,40
26,0,0.9,0.97,0.8,0.99,1.0,0.9,0.81,0.46,0.83,1.6386563364007858,4.523488799223373,1.5383820332078706,3.2998963558538055,inf,1.6386563364007858,1.3295599885514093,0.6023174547148138,1.4311575719832408,0,0,0,0,100,0,0,0,0,0
26,5,0.89,0.97,0.81,0.91,0.75,0.9,0.81,0.46,0.83,1.6190050412063175,4.193143152653795,1.5310160005102524,2.021927232013166,1.8946164993350558,1.6386563364007858,1.3295599885514093,0.6023174547148138,1.4311575719832408,0,0,0,0,0,0,0,0,0,5
26,10,0.88,0.97,0.78,0.89,0.84,0.9,0.81,0.46,0.83,1.600352071588452,3.9502606236697835,1.4178597834479638,2.0570190461143043,4.963888006817471,1.6386563364007858,1.3295599885514093,0.6023174547148138,1.4311575719832408,0,0,0,0,0,0,0,0,0,10
26,15,0.88,0.96,0.8,0.89,0.91,0.9,0.81,0.46,0.83,1.567326373629454,3.8528515055059396,1.429222078253901,1.9922724710504665,3.172807965749307,1.6386563364007858,1.3295599885514093,0.6023174547148138,1.4311575719832408,0,0,0,0,0,0,0,0,0,15
26,20,0.88,0.96,0.78,0.89,0.84,0.9,0.81,0.46,0.83,1.5530939549693983,3.768970342495133,1.422704975875901,1.9520160832076745,1.9829840377788184,1.6386563364007858,1.3295599885514093,0.6023174547148138,1.4311575719832408,0,0,0,0,0,0,0,0,0,20
26,25,0.87,0.96,0.8,0.89,0.86,0.9,0.81,0.46,0.83,1.5157616584863471,3.656029203632947,1.429222078253901,1.957842591797914,2.0738701417328116,1.6386563364007858,1.3295599885514093,0.6023174547148138,1.4311575719832408,0,0,0,0,0,0,0,0,0,25
26,30,0.87,0.96,0.8,0.89,0.79,0.9,0.81,0.46,0.83,1.4931947453033674,3.5729700300950507,1.4046744086573681,1.9922724710504662,1.8283648748171366,1.6386563364007858,1.3295599885514093,0.6023174547148138,1.4311575719832408,0,0,0,0,0,0,0,0,0,30
26,35,0.85,0.96,0.76,0.89,0.89,0.9,0.81,0.46,0.83,1.4642944334050496,3.471333587273735,1.431066788775322,1.957842591797914,1.8627274557787414,1.6386563364007858,1.3295599885514093,0.6023174547148138,1.4311575719832408,0,0,0,0,0,0,0,0,0,35
26,40,0.85,0.96,0.79,0.88,0.83,0.9,0.81,0.46,0.83,1.4278655831435771,3.4046158299843903,1.4046744086573681,1.9922724710504665,1.5939412615184843,1.6386563364007858,1.3295599885514093,0.6023174547148138,1.4311575719832408,0,0,0,0,0,0,0,0,0,40
27,0,0.87,1.0,0.75,0.99,1.0,0.87,0.76,0.89,0.83,1.8682096056309039,3.301034236097716,1.6350964576987426,2.925847237236519,inf,1.8682096056309039,1.5240327475917343,2.001602881201239,1.760470892399625,0,0,0,0,100,0,0,0,0,0
27,5,0.86,0.98,0.7,0.82,0.7,0.87,0.76,0.89,0.83,1.839182233583414,2.8018164843443367,1.5649748310644795,1.9225471183259395,1.9459393119649981,1.8682096056309039,1.5240327475917343,2.001602881201239,1.760470892399625,0,0,0,0,0,0,0,0,0,5
27,10,0.86,0.97,0.74,0.81,0.87,0.87,0.76,0.89,0.83,1.8354811067373595,2.745429672503451,1.5521287675000963,1.9429469104872852,5.16163186741244,1.8682096056309039,1.5240327475917343,2.001602881201239,1.760470892399625,0,0,0,0,0,0,0,0,0,10
27,15,0.85,0.95,0.74,0.8,0.87,0.87,0.76,0.89,0.83,1.833717231864446,2.599794140146836,1.4792739807721318,1.9429469104872852,2.484793312285918,1.8682096056309039,1.5240327475917343,2.001602881201239,1.760470892399625,0,0,0,0,0,0,0,0,0,15
27,20,0.83,0.95,0.74,0.8,0.89,0.87,0.76,0.89,0.83,1.7918876878679075,2.494040480110572,1.4831872923885203,1.9199513555625676,1.87745551127739,1.8682096056309039,1.5240327475917343,2.001602881201239,1.760470892399625,0,0,0,0,0,0,0,0,0,20
27,25,0.83,0.94,0.73,0.8,0.85,0.87,0.76,0.89,0.83,1.760478813559534,2.3511122520231837,1.5034198109042423,1.9199513555625676,2.063164987242354,1.8682096056309039,1.5240327475917343,2.001602881201239,1.760470892399625,0,0,0,0,0,0,0,0,0,25
27,30,0.8,0.93,0.72,0.8,0.8,0.87,0.76,0.89,0.83,1.684334661023784,2.315217814094807,1.4544712660841128,1.9154271885538983,1.5171807547221026,1.8682096056309039,1.5240327475917343,2.001602881201239,1.760470892399625,0,0,0,0,0,0,0,0,0,30
27,35,0.8,0.93,0.73,0.79,0.8,0.87,0.76,0.89,0.83,1.6503356302589283,2.293282581882889,1.5154926519465297,1.9133571038934254,1.7323209899027148,1.8682096056309039,1.5240327475917343,2.001602881201239,1.760470892399625,0,0,0,0,0,0,0,0,0,35
27,40,0.8,0.91,0.71,0.79,0.75,0.87,0.76,0.89,0.83,1.589325011976733,2.200516148687089,1.458793073489986,1.9133571038934254,1.532701310115674,1.8682096056309039,1.5240327475917343,2.001602881201239,1.760470892399625,0,0,0,0,0,0,0,0,0,40
28,0,0.82,0.99,0.77,0.98,1.0,0.82,0.69,0.83,0.81,1.573046241800721,2.980263378151329,1.526885453569494,3.281500270680218,inf,1.573046241800721,1.2760822537082726,1.6017022241675856,1.4941888166560984,0,0,0,0,100,0,0,0,0,0
28,5,0.82,0.98,0.78,0.92,0.72,0.82,0.69,0.83,0.81,1.5595820968476382,2.662519062299899,1.3871674426823557,1.8138457845819427,1.8042047821545422,1.573046241800721,1.2760822537082726,1.6017022241675856,1.4941888166560984,0,0,0,0,0,0,0,0,0,5
28,10,0.82,0.97,0.74,0.9,0.88,0.82,0.69,0.83,0.81,1.5595820968476377,2.499966856153888,1.3777456219113988,1.8147012444576387,4.995478443703878,1.573046241800721,1.2760822537082726,1.6017022241675856,1.4941888166560984,0,0,0,0,0,0,0,0,0,10
28,15,0.82,0.96,0.76,0.89,0.86,0.82,0.69,0.83,0.81,1.5312576186876683,2.41298485100545,1.3879052677868837,1.7703473479165037,3.1418126507174446,1.573046241800721,1.2760822537082726,1.6017022241675856,1.4941888166560984,0,0,0,0,0,0,0,0,0,15
28,20,0.82,0.96,0.75,0.89,0.83,0.82,0.69,0.83,0.81,1.5152120989436533,2.378888606624513,1.3596448965224566,1.7804609507046978,2.0383523033334336,1.573046241800721,1.2760822537082726,1.6017022241675856,1.4941888166560984,0,0,0,0,0,0,0,0,0,20
28,25,0.82,0.94,0.73,0.89,0.87,0.82,0.69,0.83,0.81,1.4264414672948451,2.3119551757775216,1.3716812977875512,1.7804609507046978,2.005191621724899,1.573046241800721,1.2760822537082726,1.6017022241675856,1.4941888166560984,0,0,0,0,0,0,0,0,0,25
28,30,0.8,0.93,0.74,0.89,0.86,0.82,0.69,0.83,0.81,1.4264414672948451,2.2220435675326633,1.3694211304890787,1.7703473479165035,1.547663420698909,1.573046241800721,1.2760822537082726,1.6017022241675856,1.4941888166560984,0,0,0,0,0,0,0,0,0,30
28,35,0.76,0.93,0.73,0.89,0.88,0.82,0.69,0.83,0.81,1.3326509563253899,2.1813319737580072,1.3726724145618132,1.7703473479165033,1.8057321982084054,1.573046241800721,1.2760822537082726,1.6017022241675856,1.4941888166560984,0,0,0,0,0,0,0,0,0,35
28,40,0.74,0.92,0.73,0.89,0.81,0.82,0.69,0.83,0.81,1.3191546386872153,2.1181962931160756,1.3609571468770312,1.7703473479165035,1.6154880740402995,1.573046241800721,1.2760822537082726,1.6017022241675856,1.4941888166560984,0,0,0,0,0,0,0,0,0,40
29,0,0.91,1.0,0.89,1.0,1.0,0.91,0.86,0.81,0.88,1.710937936879484,3.397213377296856,1.6721257408383219,3.4787621467876617,inf,1.710937936879484,1.3748741774129478,1.2169388548051656,1.5424762425515661,0,0,0,0,100,0,0,0,0,0
29,5,0.9,0.99,0.89,0.96,0.82,0.91,0.86,0.81,0.88,1.6949803452335996,2.8908322564816737,1.5700349060679288,2.072099263409118,2.088422692158864,1.710937936879484,1.3748741774129478,1.2169388548051656,1.5424762425515661,0,0,0,0,0,0,0,0,0,5
29,10,0.89,0.98,0.86,0.95,0.9,0.91,0.86,0.81,0.88,1.6854139347911232,2.722174547106851,1.5012222461733242,2.0131480935907176,6.327019954125076,1.710937936879484,1.3748741774129478,1.2169388548051656,1.5424762425515661,0,0,0,0,0,0,0,0,0,10
29,15,0.89,0.97,0.89,0.96,0.87,0.91,0.86,0.81,0.88,1.6796556153720916,2.5458814329921093,1.5428367783482466,2.028725900080853,2.8200634091668877,1.710937936879484,1.3748741774129478,1.2169388548051656,1.5424762425515661,0,0,0,0,0,0,0,0,0,15
29,20,0.89,0.97,0.88,0.96,0.82,0.91,0.86,0.81,0.88,1.6750739884730803,2.3817972051419316,1.4686394919273753,2.0131480935907176,1.919729478459394,1.710937936879484,1.3748741774129478,1.2169388548051656,1.5424762425515661,0,0,0,0,0,0,0,0,0,20
29,25,0.89,0.96,0.89,0.95,0.9,0.91,0.86,0.81,0.88,1.6617535217795711,2.2889622934259117,1.4849574092587645,2.007079359242912,2.0419545029525215,1.710937936879484,1.3748741774129478,1.2169388548051656,1.5424762425515661,0,0,0,0,0,0,0,0,0,25
29,30,0.89,0.95,0.89,0.96,0.8,0.91,0.86,0.81,0.88,1.6040910478800683,2.206225468170444,1.4613658234040448,2.0131480935907176,1.658532892495967,1.710937936879484,1.3748741774129478,1.2169388548051656,1.5424762425515661,0,0,0,0,0,0,0,0,0,30
29,35,0.88,0.95,0.9,0.95,0.8,0.91,0.86,0.81,0.88,1.5399336418331853,2.1341437866922015,1.5196613756916544,2.0131480935907176,1.7719307729333784,1.710937936879484,1.3748741774129478,1.2169388548051656,1.5424762425515661,0,0,0,0,0,0,0,0,0,35
29,40,0.88,0.95,0.88,0.95,0.82,0.91,0.86,0.81,0.88,1.4981936550917925,2.017936022808245,1.4703060535254404,2.0131480935907176,1.639166518325104,1.710937936879484,1.3748741774129478,1.2169388548051656,1.5424762425515661,0,0,0,0,0,0,0,0,0,40
30,0,0.94,1.0,0.82,1.0,1.0,0.94,0.84,0.98,0.9,1.9714337606998376,3.811911011227557,1.3799568096469363,3.564588353177129,inf,1.9714337606998376,1.5499668026093556,2.175711465792336,1.8146769616703353,0,0,0,0,100,0,0,0,0,0
30,5,0.94,1.0,0.83,0.95,0.75,0.94,0.84,0.98,0.9,1.921818712714245,3.3592341832893644,1.392810774279432,1.8207606800841227,2.0763188882410786,1.9714337606998376,1.5499668026093556,2.175711465792336,1.8146769616703353,0,0,0,0,0,0,0,0,0,5
30,10,0.94,1.0,0.82,0.95,0.83,0.94,0.84,0.98,0.9,1.9218187127142452,3.0819709466275858,1.3425620800523235,1.841109430717549,5.327702797770961,1.9714337606998376,1.5499668026093556,2.175711465792336,1.8146769616703353,0,0,0,0,0,0,0,0,0,10
30,15,0.94,1.0,0.84,0.95,0.93,0.94,0.84,0.98,0.9,1.8762741879938618,2.791231136709167,1.379023595667795,1.8411094307175488,3.3196610825822606,1.9714337606998376,1.5499668026093556,2.175711465792336,1.8146769616703353,0,0,0,0,0,0,0,0,0,15
30,20,0.9,1.0,0.8,0.95,0.88,0.94,0.84,0.98,0.9,1.8322298582450296,2.723979873138247,1.374938838406339,1.8284526573886133,2.0972331086200287,1.9714337606998376,1.5499668026093556,2.175711465792336,1.8146769616703353,0,0,0,0,0,0,0,0,0,20
30,25,0.9,0.99,0.83,0.94,0.86,0.94,0.84,0.98,0.9,1.8114855551120863,2.548467971005417,1.3696253086896673,1.80573859945707,2.2378623002333584,1.9714337606998376,1.5499668026093556,2.175711465792336,1.8146769616703353,0,0,0,0,0,0,0,0,0,25
30,30,0.91,0.99,0.8,0.94,0.84,0.94,0.84,0.98,0.9,1.8114855551120865,2.429662343281688,1.3246780942376295,1.8207606800841227,1.8616811615539013,1.9714337606998376,1.5499668026093556,2.175711465792336,1.8146769616703353,0,0,0,0,0,0,0,0,0,30
30,35,0.9,0.98,0.78,0.94,0.93,0.94,0.84,0.98,0.9,1.810660692909672,2.3851666045223494,1.347065335776091,1.8207606800841227,1.783483211126003,1.9714337606998376,1.5499668026093556,2.175711465792336,1.8146769616703353,0,0,0,0,0,0,0,0,0,35
30,40,0.88,0.97,0.81,0.94,0.84,0.94,0.84,0.98,0.9,1.7181499954899095,2.26228132180559,1.3515685914998588,1.80573859945707,1.6639741511580575,1.9714337606998376,1.5499668026093556,2.175711465792336,1.8146769616703353,0,0,0,0,0,0,0,0,0,40
31,0,0.93,0.99,0.85,0.98,1.0,0.93,0.86,0.96,0.89,1.9135939001462285,3.770432842515074,1.6939288324848623,3.1126196804588213,inf,1.9135939001462285,1.5748721467203035,2.524773587221766,1.7893449211075054,0,0,0,0,100,0,0,0,0,0
31,5,0.93,0.97,0.84,0.93,0.77,0.93,0.86,0.96,0.89,1.8927983546165805,3.3316626781722483,1.6705560502179873,2.0653881767256586,2.076225174058285,1.9135939001462285,1.5748721467203035,2.524773587221766,1.7893449211075054,0,0,0,0,0,0,0,0,0,5
31,10,0.91,0.96,0.84,0.93,0.76,0.93,0.86,0.96,0.89,1.8376891565038314,3.0043415125962,1.6564396232906855,2.082345972377995,5.241014435144363,1.9135939001462285,1.5748721467203035,2.524773587221766,1.7893449211075054,0,0,0,0,0,0,0,0,0,10
31,15,0.9,0.96,0.82,0.92,0.89,0.93,0.86,0.96,0.89,1.8245564284797111,2.794982304807386,1.635201635255745,2.0577146000344246,2.927658077709491,1.9135939001462285,1.5748721467203035,2.524773587221766,1.7893449211075054,0,0,0,0,0,0,0,0,0,15
31,20,0.9,0.96,0.81,0.93,0.88,0.93,0.86,0.96,0.89,1.7856170044388409,2.6601213481445196,1.6264420740825847,2.0603071301342393,1.991553438974416,1.9135939001462285,1.5748721467203035,2.524773587221766,1.7893449211075054,0,0,0,0,0,0,0,0,0,20
31,25,0.89,0.96,0.85,0.93,0.91,0.93,0.86,0.96,0.89,1.7808740452149276,2.614960781679601,1.6055565855315757,2.041472285119757,1.9666166783513874,1.9135939001462285,1.5748721467203035,2.524773587221766,1.7893449211075054,0,0,0,0,0,0,0,0,0,25
31,30,0.89,0.96,0.82,0.93,0.84,0.93,0.86,0.96,0.89,1.7223686652717425,2.540854243511532,1.6229398259750236,2.0577146000344246,1.7187293633580183,1.9135939001462285,1.5748721467203035,2.524773587221766,1.7893449211075054,0,0,0,0,0,0,0,0,0,30
31,35,0.89,0.95,0.84,0.92,0.88,0.93,0.86,0.96,0.89,1.7102527236427976,2.456734964456121,1.6229398259750236,2.041472285119757,1.8070567624586629,1.9135939001462285,1.5748721467203035,2.524773587221766,1.7893449211075054,0,0,0,0,0,0,0,0,0,35
31,40,0.89,0.95,0.83,0.92,0.8,0.93,0.86,0.96,0.89,1.6357809933614005,2.321067987307934,1.6229398259750236,2.0577146000344246,1.5594982862417182,1.9135939001462285,1.5748721467203035,2.524773587221766,1.7893449211075054,0,0,0,0,0,0,0,0,0,40
32,0,0.9,0.98,0.82,0.99,1.0,0.9,0.84,0.81,0.86,2.1083883819006806,3.559835953796758,1.825947779814308,3.779826620838411,inf,2.1083883819006806,1.6008398056896667,1.5049142854891084,1.8532195258608544,0,0,0,0,100,0,0,0,0,0
32,5,0.9,0.98,0.81,0.91,0.78,0.9,0.84,0.81,0.86,2.0330065810685896,3.2583740608196328,1.5355257345613933,2.103013827343199,1.805873662424872,2.1083883819006806,1.6008398056896667,1.5049142854891084,1.8532195258608544,0,0,0,0,0,0,0,0,0,5
32,10,0.89,0.95,0.81,0.91,0.71,0.9,0.84,0.81,0.86,1.9681284485986956,2.94768286810746,1.4467299630362682,2.0098304809163903,4.527900292780306,2.1083883819006806,1.6008398056896667,1.5049142854891084,1.8532195258608544,0,0,0,0,0,0,0,0,0,10
32,15,0.87,0.95,0.77,0.91,0.85,0.9,0.84,0.81,0.86,1.9319309390191202,2.781508442239306,1.474769910344476,2.0371325642596303,2.9981303574983365,2.1083883819006806,1.6008398056896667,1.5049142854891084,1.8532195258608544,0,0,0,0,0,0,0,0,0,15
32,20,0.86,0.94,0.8,0.91,0.79,0.9,0.84,0.81,0.86,1.899860443689945,2.5680249814682043,1.4461769273076246,2.00983048091639,1.909702517413886,2.1083883819006806,1.6008398056896667,1.5049142854891084,1.8532195258608544,0,0,0,0,0,0,0,0,0,20
32,25,0.86,0.94,0.82,0.91,0.76,0.9,0.84,0.81,0.86,1.8291131653544705,2.478572249819474,1.4743121742156138,2.0020901871534615,1.9653233780865178,2.1083883819006806,1.6008398056896667,1.5049142854891084,1.8532195258608544,0,0,0,0,0,0,0,0,0,25
32,30,0.86,0.94,0.81,0.91,0.76,0.9,0.84,0.81,0.86,1.8134948599074114,2.3906973644812575,1.461615781879952,2.00983048091639,1.638351927500635,2.1083883819006806,1.6008398056896667,1.5049142854891084,1.8532195258608544,0,0,0,0,0,0,0,0,0,30
32,35,0.86,0.94,0.81,0.91,0.79,0.9,0.84,0.81,0.86,1.8228747633070843,2.2733737206473066,1.4553311122247927,2.00983048091639,1.7131840334811073,2.1083883819006806,1.6008398056896667,1.5049142854891084,1.8532195258608544,0,0,0,0,0,0,0,0,0,35
32,40,0.86,0.93,0.79,0.91,0.8,0.9,0.84,0.81,0.86,1.7548133164085087,2.2005019484947694,1.4530248617647996,2.0020901871534615,1.540078434420278,2.1083883819006806,1.6008398056896667,1.5049142854891084,1.8532195258608544,0,0,0,0,0,0,0,0,0,40
33,0,0.88,0.99,0.73,0.97,1.0,0.88,0.84,0.9,0.85,1.8347402299416715,2.9654818738737796,1.3516578415201919,2.7590670805923443,inf,1.8347402299416715,1.48647803763299,2.145061455737867,1.507690827208795,0,0,0,0,100,0,0,0,0,0
33,5,0.88,0.99,0.74,0.84,0.75,0.88,0.84,0.9,0.85,1.8309713486668282,2.8206155050869937,1.3176037811651042,1.6145187828204008,1.7836386776889805,1.8347402299416715,1.48647803763299,2.145061455737867,1.507690827208795,0,0,0,0,0,0,0,0,0,5
33,10,0.88,0.99,0.72,0.85,0.8,0.88,0.84,0.9,0.85,1.8060923412565988,2.746432959358022,1.2933802215533672,1.6114009081899385,5.364403524719907,1.8347402299416715,1.48647803763299,2.145061455737867,1.507690827208795,0,0,0,0,0,0,0,0,0,10
33,15,0.88,0.97,0.75,0.85,0.86,0.88,0.84,0.9,0.85,1.8010572142992787,2.5525585254684113,1.3051594547268737,1.6114009081899385,3.5588956558190086,1.8347402299416715,1.48647803763299,2.145061455737867,1.507690827208795,0,0,0,0,0,0,0,0,0,15
33,20,0.87,0.95,0.76,0.85,0.79,0.88,0.84,0.9,0.85,1.7075483727256404,2.3741197737582853,1.292624343343673,1.6114009081899385,2.1072422157366573,1.8347402299416715,1.48647803763299,2.145061455737867,1.507690827208795,0,0,0,0,0,0,0,0,0,20
33,25,0.87,0.92,0.74,0.84,0.84,0.88,0.84,0.9,0.85,1.7054053535475808,2.3155455389465516,1.2941360997630613,1.5956718249579054,1.9078629636225946,1.8347402299416715,1.48647803763299,2.145061455737867,1.507690827208795,0,0,0,0,0,0,0,0,0,25
33,30,0.87,0.91,0.74,0.84,0.81,0.88,0.84,0.9,0.85,1.68561383821748,2.196048373811565,1.292500065397426,1.5956928268546953,1.6801519751949843,1.8347402299416715,1.48647803763299,2.145061455737867,1.507690827208795,0,0,0,0,0,0,0,0,0,30
33,35,0.86,0.9,0.74,0.84,0.87,0.88,0.84,0.9,0.85,1.5858308799545942,2.1368989517003985,1.2925000653974257,1.5956928268546955,1.9175341351279287,1.8347402299416715,1.48647803763299,2.145061455737867,1.507690827208795,0,0,0,0,0,0,0,0,0,35
33,40,0.83,0.89,0.74,0.85,0.82,0.88,0.84,0.9,0.85,1.4833951744545857,2.044531707670279,1.292624343343673,1.5956928268546955,1.5203465094923754,1.8347402299416715,1.48647803763299,2.145061455737867,1.507690827208795,0,0,0,0,0,0,0,0,0,40
34,0,0.86,0.98,0.83,0.98,1.0,0.86,0.77,0.86,0.8,1.5531077866915122,3.069713926194492,1.5146204245673214,3.330733537369917,inf,1.5531077866915122,1.2854584811543792,1.5362317470701399,1.3841554965466378,0,0,0,0,100,0,0,0,0,0
34,5,0.86,0.97,0.83,0.9,0.81,0.86,0.77,0.86,0.8,1.5393447967126819,2.515482723652135,1.53732005272925,1.9187663918135087,2.2468869077504463,1.5531077866915122,1.2854584811543792,1.5362317470701399,1.3841554965466378,0,0,0,0,0,0,0,0,0,5
34,10,0.86,0.95,0.78,0.9,0.82,0.86,0.77,0.86,0.8,1.530797330114015,2.3064785460109696,1.4684803210725492,1.9216409450516785,4.835608011794431,1.5531077866915122,1.2854584811543792,1.5362317470701399,1.3841554965466378,0,0,0,0,0,0,0,0,0,10
34,15,0.86,0.93,0.81,0.9,0.91,0.86,0.77,0.86,0.8,1.5307973301140152,2.2025955536556023,1.4840704426000455,1.9053286582372388,3.2893791043564757,1.5531077866915122,1.2854584811543792,1.5362317470701399,1.3841554965466378,0,0,0,0,0,0,0,0,0,15
34,20,0.86,0.92,0.77,0.9,0.79,0.86,0.77,0.86,0.8,1.5393447967126819,2.0586877121933473,1.468480321072549,1.9160639693005006,2.1621984875085074,1.5531077866915122,1.2854584811543792,1.5362317470701399,1.3841554965466378,0,0,0,0,0,0,0,0,0,20
34,25,0.85,0.92,0.79,0.9,0.86,0.86,0.77,0.86,0.8,1.5127685111084406,2.0210923104087146,1.458334667354051,1.8943051831165958,2.2160877849196847,1.5531077866915122,1.2854584811543792,1.5362317470701399,1.3841554965466378,0,0,0,0,0,0,0,0,0,25
34,30,0.85,0.91,0.81,0.9,0.79,0.86,0.77,0.86,0.8,1.4789337960248163,1.9706116570004335,1.4607223896070896,1.9053286582372386,1.730690609699575,1.5531077866915122,1.2854584811543792,1.5362317470701399,1.3841554965466378,0,0,0,0,0,0,0,0,0,30
34,35,0.79,0.9,0.8,0.9,0.81,0.86,0.77,0.86,0.8,1.3861071799705733,1.9248205497007933,1.4717301465411334,1.9053286582372386,1.8449607764849203,1.5531077866915122,1.2854584811543792,1.5362317470701399,1.3841554965466378,0,0,0,0,0,0,0,0,0,35
34,40,0.79,0.9,0.8,0.9,0.78,0.86,0.77,0.86,0.8,1.365728530281182,1.8283649847271772,1.4591180297100659,1.9053286582372386,1.7167737165564634,1.5531077866915122,1.2854584811543792,1.5362317470701399,1.3841554965466378,0,0,0,0,0,0,0,0,0,40
35,0,0.91,0.99,0.81,0.99,1.0,0.91,0.87,0.95,0.89,1.8963958369652136,3.201132691762054,1.5002103828291027,3.110276269625932,inf,1.8963958369652136,1.6207434063274722,2.0955195617784796,1.7380280875766936,0,0,0,0,100,0,0,0,0,0
35,5,0.91,0.99,0.83,0.91,0.73,0.91,0.87,0.95,0.89,1.8825759187124111,2.839711971207699,1.4979886023481188,1.8487794468395458,1.9642542984675293,1.8963958369652136,1.6207434063274722,2.0955195617784796,1.7380280875766936,0,0,0,0,0,0,0,0,0,5
35,10,0.9,0.99,0.83,0.91,0.77,0.91,0.87,0.95,0.89,1.8497812182282316,2.7376514937978302,1.4296927067151408,1.855752130164157,4.4871260315544745,1.8963958369652136,1.6207434063274722,2.0955195617784796,1.7380280875766936,0,0,0,0,0,0,0,0,0,10
35,15,0.9,0.98,0.82,0.89,0.88,0.91,0.87,0.95,0.89,1.8335198445390688,2.54127561250828,1.4137151016393306,1.8374658122366105,3.0676784744202235,1.8963958369652136,1.6207434063274722,2.0955195617784796,1.7380280875766936,0,0,0,0,0,0,0,0,0,15
35,20,0.89,0.96,0.82,0.89,0.8,0.91,0.87,0.95,0.89,1.7881012892118182,2.448731622038513,1.3484355201165217,1.831438600907361,1.9711714599509387,1.8963958369652136,1.6207434063274722,2.0955195617784796,1.7380280875766936,0,0,0,0,0,0,0,0,0,20
35,25,0.89,0.96,0.82,0.9,0.83,0.91,0.87,0.95,0.89,1.7454143669424615,2.3517937848806127,1.396789335348738,1.8172957360648807,1.859927451123559,1.8963958369652136,1.6207434063274722,2.0955195617784796,1.7380280875766936,0,0,0,0,0,0,0,0,0,25
35,30,0.89,0.96,0.82,0.9,0.88,0.91,0.87,0.95,0.89,1.7065367055622591,2.287003980746186,1.365465688344306,1.8253100117790657,1.7084432144138249,1.8963958369652136,1.6207434063274722,2.0955195617784796,1.7380280875766936,0,0,0,0,0,0,0,0,0,30
35,35,0.89,0.96,0.82,0.9,0.84,0.91,0.87,0.95,0.89,1.6776032002558239,2.123343726415701,1.3884262958056164,1.8172957360648807,1.6815303525128562,1.8963958369652136,1.6207434063274722,2.0955195617784796,1.7380280875766936,0,0,0,0,0,0,0,0,0,35
35,40,0.88,0.95,0.81,0.9,0.85,0.91,0.87,0.95,0.89,1.657015594150126,2.0884640120680915,1.365465688344306,1.8192977685648732,1.5293510222888018,1.8963958369652136,1.6207434063274722,2.0955195617784796,1.7380280875766936,0,0,0,0,0,0,0,0,0,40
36,0,0.83,1.0,0.81,0.99,1.0,0.83,0.78,0.78,0.78,1.8742238526908555,3.6618528725375477,1.5218403860721934,3.417299839829819,inf,1.8742238526908555,1.4744646326910025,1.4993199554545837,1.464381984819984,0,0,0,0,100,0,0,0,0,0
36,5,0.83,0.99,0.78,0.89,0.77,0.83,0.78,0.78,0.78,1.8575148081003228,3.252572549463298,1.5821201373183518,2.0033561437182907,2.2717474681889542,1.8742238526908555,1.4744646326910025,1.4993199554545837,1.464381984819984,0,0,0,0,0,0,0,0,0,5
36,10,0.83,0.96,0.76,0.88,0.85,0.83,0.78,0.78,0.78,1.8392366124164976,2.9258167638206283,1.4336739176350861,2.022234821878919,6.033468323923881,1.8742238526908555,1.4744646326910025,1.4993199554545837,1.464381984819984,0,0,0,0,0,0,0,0,0,10
36,15,0.83,0.96,0.77,0.88,0.91,0.83,0.78,0.78,0.78,1.8342429284594508,2.7791331097053162,1.4694050139161128,1.984341673697363,3.3155929265094843,1.8742238526908555,1.4744646326910025,1.4993199554545837,1.464381984819984,0,0,0,0,0,0,0,0,0,15
36,20,0.83,0.95,0.77,0.88,0.77,0.83,0.78,0.78,0.78,1.8292492445024038,2.569574453886365,1.4346885910979186,1.9990368085260033,1.8671455170196234,1.8742238526908555,1.4744646326910025,1.4993199554545837,1.464381984819984,0,0,0,0,0,0,0,0,0,20
36,25,0.82,0.93,0.77,0.87,0.85,0.83,0.78,0.78,0.78,1.7846724149037332,2.4274863988052497,1.4249636231317222,1.9520146922224972,2.055768353891533,1.8742238526908555,1.4744646326910025,1.4993199554545837,1.464381984819984,0,0,0,0,0,0,0,0,0,25
36,30,0.82,0.92,0.78,0.87,0.74,0.83,0.78,0.78,0.78,1.713205224183576,2.251029102734959,1.423483937306256,1.9350875355281052,1.6434158182537226,1.8742238526908555,1.4744646326910025,1.4993199554545837,1.464381984819984,0,0,0,0,0,0,0,0,0,30
36,35,0.82,0.9,0.77,0.87,0.84,0.83,0.78,0.78,0.78,1.6963728215361893,2.1929151928253448,1.423483937306256,1.9520146922224972,1.8154137964388692,1.8742238526908555,1.4744646326910025,1.4993199554545837,1.464381984819984,0,0,0,0,0,0,0,0,0,35
36,40,0.81,0.87,0.77,0.87,0.77,0.83,0.78,0.78,0.78,1.6214573671085013,2.1171071530659487,1.421788789732164,1.9566917407537714,1.622605502653311,1.8742238526908555,1.4744646326910025,1.4993199554545837,1.464381984819984,0,0,0,0,0,0,0,0,0,40
37,0,0.89,0.99,0.85,1.0,1.0,0.89,0.79,0.67,0.8,1.76221384818753,2.953188697644345,1.6343783747738196,3.1305228256802593,inf,1.76221384818753,1.3827011165362613,0.9666129037294531,1.502377611491535,0,0,0,0,100,0,0,0,0,0
37,5,0.89,0.99,0.83,0.93,0.77,0.89,0.79,0.67,0.8,1.7566539885614167,2.636019921205609,1.554176243205545,1.9830292161062717,2.0271341002315726,1.76221384818753,1.3827011165362613,0.9666129037294531,1.502377611491535,0,0,0,0,0,0,0,0,0,5
37,10,0.89,0.99,0.83,0.91,0.89,0.89,0.79,0.67,0.8,1.7602452523720133,2.549101626450531,1.5058893115237346,2.000793088669303,4.71836446232727,1.76221384818753,1.3827011165362613,0.9666129037294531,1.502377611491535,0,0,0,0,0,0,0,0,0,10
37,15,0.89,0.98,0.83,0.92,0.93,0.89,0.79,0.67,0.8,1.76221384818753,2.417538639592716,1.490078974153473,1.9418162274149582,3.1024798099872766,1.76221384818753,1.3827011165362613,0.9666129037294531,1.502377611491535,0,0,0,0,0,0,0,0,0,15
37,20,0.89,0.97,0.82,0.9,0.79,0.89,0.79,0.67,0.8,1.7566539885614165,2.3360054502939267,1.4855850380049371,1.927633040762739,1.7727912743628553,1.76221384818753,1.3827011165362613,0.9666129037294531,1.502377611491535,0,0,0,0,0,0,0,0,0,20
37,25,0.87,0.95,0.81,0.9,0.86,0.89,0.79,0.67,0.8,1.6869949548306313,2.2443230779162775,1.4951558051549432,1.9265928866967976,2.1455345234078083,1.76221384818753,1.3827011165362613,0.9666129037294531,1.502377611491535,0,0,0,0,0,0,0,0,0,25
37,30,0.87,0.94,0.82,0.91,0.76,0.89,0.79,0.67,0.8,1.672767623435603,2.1980316443983385,1.4951558051549432,1.9200424705704728,1.7358781906028478,1.76221384818753,1.3827011165362613,0.9666129037294531,1.502377611491535,0,0,0,0,0,0,0,0,0,30
37,35,0.83,0.93,0.83,0.91,0.83,0.89,0.79,0.67,0.8,1.6057521046321641,2.104098060707259,1.483915642698879,1.9265928866967976,1.848945975610779,1.76221384818753,1.3827011165362613,0.9666129037294531,1.502377611491535,0,0,0,0,0,0,0,0,0,35
37,40,0.83,0.93,0.82,0.9,0.85,0.89,0.79,0.67,0.8,1.5766156220852694,2.0684513603439267,1.4765249733436145,1.9200424705704728,1.63429134913061,1.76221384818753,1.3827011165362613,0.9666129037294531,1.502377611491535,0,0,0,0,0,0,0,0,0,40
38,0,0.9,0.98,0.82,0.99,1.0,0.9,0.82,0.86,0.87,1.745088923381335,3.067301599222841,1.4358464604988166,2.882094346411395,inf,1.745088923381335,1.376728952045493,1.5420643127532792,1.6873114343013245,0,0,0,0,100,0,0,0,0,0
38,5,0.88,0.98,0.82,0.94,0.71,0.9,0.82,0.86,0.87,1.6820711835273463,2.8470184945730574,1.3763537228872464,1.9004873970748881,1.9071150082915342,1.745088923381335,1.376728952045493,1.5420643127532792,1.6873114343013245,0,0,0,0,0,0,0,0,0,5
38,10,0.89,0.98,0.79,0.93,0.85,0.9,0.82,0.86,0.87,1.6820711835273465,2.67476037340075,1.2932282641805155,1.9300662974066474,5.0917009929825525,1.745088923381335,1.376728952045493,1.5420643127532792,1.6873114343013245,0,0,0,0,0,0,0,0,0,10
38,15,0.87,0.97,0.81,0.95,0.92,0.9,0.82,0.86,0.87,1.6685547873926048,2.4615448491544587,1.3247827521826134,1.8202197133596556,3.0745866994793047,1.745088923381335,1.376728952045493,1.5420643127532792,1.6873114343013245,0,0,0,0,0,0,0,0,0,15
38,20,0.87,0.97,0.8,0.94,0.84,0.9,0.82,0.86,0.87,1.5674342705971673,2.357280986505744,1.279163938827093,1.8682839872418344,2.0040459596835554,1.745088923381335,1.376728952045493,1.5420643127532792,1.6873114343013245,0,0,0,0,0,0,0,0,0,20
38,25,0.86,0.97,0.82,0.94,0.89,0.9,0.82,0.86,0.87,1.5521177478771215,2.24873293129379,1.2864618282660065,1.8514238534682177,2.0330978905607635,1.745088923381335,1.376728952045493,1.5420643127532792,1.6873114343013245,0,0,0,0,0,0,0,0,0,25
38,30,0.86,0.97,0.79,0.91,0.8,0.9,0.82,0.86,0.87,1.5147349747139125,2.159827976811579,1.244665573210534,1.8202197133596556,1.5674370322202742,1.745088923381335,1.376728952045493,1.5420643127532792,1.6873114343013245,0,0,0,0,0,0,0,0,0,30
38,35,0.85,0.96,0.81,0.92,0.88,0.9,0.82,0.86,0.87,1.4813005294319501,2.084794346906858,1.2844147103213999,1.8202197133596554,1.727906936476647,1.745088923381335,1.376728952045493,1.5420643127532792,1.6873114343013245,0,0,0,0,0,0,0,0,0,35
38,40,0.83,0.96,0.81,0.92,0.8,0.9,0.82,0.86,0.87,1.4035836981297498,2.045560792736296,1.2834278694200798,1.8202197133596556,1.4753080485079126,1.745088923381335,1.376728952045493,1.5420643127532792,1.6873114343013245,0,0,0,0,0,0,0,0,0,40
39,0,0.85,0.98,0.82,1.0,1.0,0.85,0.78,0.83,0.85,1.5660260000118855,2.9621622137337313,1.2469233499867376,2.8027554177205976,inf,1.5660260000118855,1.2560496951730196,1.379635039060874,1.5762859101223206,0,0,0,0,100,0,0,0,0,0
39,5,0.85,0.98,0.8,0.9,0.73,0.85,0.78,0.83,0.85,1.5660260000118855,2.4056474458369377,1.2144166627447377,1.7017194635917057,1.9348181811934069,1.5660260000118855,1.2560496951730196,1.379635039060874,1.5762859101223206,0,0,0,0,0,0,0,0,0,5
39,10,0.84,0.92,0.79,0.89,0.81,0.85,0.78,0.83,0.85,1.5184689838604173,2.2405021962439484,1.1945031122368222,1.7040458789444304,6.012716606995477,1.5660260000118855,1.2560496951730196,1.379635039060874,1.5762859101223206,0,0,0,0,0,0,0,0,0,10
39,15,0.84,0.92,0.82,0.89,0.89,0.85,0.78,0.83,0.85,1.4403866396799505,2.132732010759921,1.2112456134391425,1.7040458789444304,2.8430180320784366,1.5660260000118855,1.2560496951730196,1.379635039060874,1.5762859101223206,0,0,0,0,0,0,0,0,0,15
39,20,0.83,0.92,0.75,0.89,0.85,0.85,0.78,0.83,0.85,1.4030719525469415,2.030349100939787,1.1878608580876722,1.7040458789444304,1.905935688802192,1.5660260000118855,1.2560496951730196,1.379635039060874,1.5762859101223206,0,0,0,0,0,0,0,0,0,20
39,25,0.83,0.91,0.78,0.89,0.87,0.85,0.78,0.83,0.85,1.3878541341398773,1.9424603894585335,1.1906515116664558,1.6698392812457583,1.9635543564042468,1.5660260000118855,1.2560496951730196,1.379635039060874,1.5762859101223206,0,0,0,0,0,0,0,0,0,25
39,30,0.83,0.91,0.76,0.89,0.85,0.85,0.78,0.83,0.85,1.3785212724362363,1.90279895895902,1.1945031122368222,1.6856086174353608,1.5134398837236644,1.5660260000118855,1.2560496951730196,1.379635039060874,1.5762859101223206,0,0,0,0,0,0,0,0,0,30
39,35,0.82,0.91,0.77,0.89,0.89,0.85,0.78,0.83,0.85,1.3586066772237886,1.8845838883104262,1.1873647361463884,1.6696983983568763,1.7553943778022165,1.5660260000118855,1.2560496951730196,1.379635039060874,1.5762859101223206,0,0,0,0,0,0,0,0,0,35
39,40,0.82,0.9,0.77,0.89,0.85,0.85,0.78,0.83,0.85,1.3453729868838193,1.795856750823727,1.1883671988484203,1.6698392812457583,1.512126851191648,1.5660260000118855,1.2560496951730196,1.379635039060874,1.5762859101223206,0,0,0,0,0,0,0,0,0,40
40,0,0.87,0.99,0.78,0.99,1.0,0.87,0.76,0.72,0.82,1.6765788727856692,3.027525068648636,1.5002091184634825,3.2098623162053674,inf,1.6765788727856692,1.365376793280338,1.3156372385475503,1.5448186892127842,0,0,0,0,100,0,0,0,0,0
40,5,0.85,0.97,0.79,0.94,0.75,0.87,0.76,0.72,0.82,1.6542985026958519,2.487679811395112,1.3795382559987914,1.8764144443222173,1.8572706730745645,1.6765788727856692,1.365376793280338,1.3156372385475503,1.5448186892127842,0,0,0,0,0,0,0,0,0,5
40,10,0.85,0.97,0.76,0.93,0.83,0.87,0.76,0.72,0.82,1.650132494068181,2.3522988495891255,1.3756457418059034,1.8892659560405125,4.86205550359821,1.6765788727856692,1.365376793280338,1.3156372385475503,1.5448186892127842,0,0,0,0,0,0,0,0,0,10
40,15,0.84,0.96,0.76,0.93,0.87,0.87,0.76,0.72,0.82,1.6249739195099813,2.2360401354789827,1.3920376469490976,1.839253138559798,2.9900642807276503,1.6765788727856692,1.365376793280338,1.3156372385475503,1.5448186892127842,0,0,0,0,0,0,0,0,0,15
40,20,0.84,0.95,0.74,0.93,0.81,0.87,0.76,0.72,0.82,1.598075120850953,2.1857169653454775,1.3791314999434607,1.8492721842639295,1.9271469258774339,1.6765788727856692,1.365376793280338,1.3156372385475503,1.5448186892127842,0,0,0,0,0,0,0,0,0,20
40,25,0.83,0.94,0.76,0.93,0.87,0.87,0.76,0.72,0.82,1.559019240363078,2.0514607663560582,1.379131499943461,1.8383546555095247,2.102300375455907,1.6765788727856692,1.365376793280338,1.3156372385475503,1.5448186892127842,0,0,0,0,0,0,0,0,0,25
40,30,0.83,0.93,0.77,0.93,0.81,0.87,0.76,0.72,0.82,1.5268954167511133,2.032122595840305,1.3791314999434607,1.839253138559798,1.6537517900389227,1.6765788727856692,1.365376793280338,1.3156372385475503,1.5448186892127842,0,0,0,0,0,0,0,0,0,30
40,35,0.8,0.93,0.75,0.93,0.8,0.87,0.76,0.72,0.82,1.4588047347008342,1.9731873868148,1.3674800724139335,1.8383546555095247,1.7429928715754008,1.6765788727856692,1.365376793280338,1.3156372385475503,1.5448186892127842,0,0,0,0,0,0,0,0,0,35
40,40,0.79,0.92,0.75,0.93,0.8,0.87,0.76,0.72,0.82,1.4585478608094302,1.8970637296023194,1.3773886208746822,1.8385610127737633,1.6507101584426547,1.6765788727856692,1.365376793280338,1.3156372385475503,1.5448186892127842,0,0,0,0,0,0,0,0,0,40
41,0,0.87,0.99,0.87,0.99,1.0,0.87,0.8,0.85,0.83,1.7146380056866208,3.4169311400465157,1.7271996348373113,3.543520928214858,inf,1.7146380056866208,1.3940032199146677,1.6290761781397698,1.5459304621102439,0,0,0,0,100,0,0,0,0,0
41,5,0.86,0.97,0.86,0.95,0.76,0.87,0.8,0.85,0.83,1.6934832822306216,2.9732866794356667,1.715704341488598,2.1689379387047074,1.8894849360981127,1.7146380056866208,1.3940032199146677,1.6290761781397698,1.5459304621102439,0,0,0,0,0,0,0,0,0,5
41,10,0.86,0.97,0.84,0.94,0.8,0.87,0.8,0.85,0.83,1.668393780489557,2.7501007660204912,1.637709816513294,2.061301588664363,4.556505249892036,1.7146380056866208,1.3940032199146677,1.6290761781397698,1.5459304621102439,0,0,0,0,0,0,0,0,0,10
41,15,0.86,0.96,0.83,0.94,0.88,0.87,0.8,0.85,0.83,1.6334414268331487,2.5474475028648866,1.6363343943952118,2.069028171727303,3.1863045639885637,1.7146380056866208,1.3940032199146677,1.6290761781397698,1.5459304621102439,0,0,0,0,0,0,0,0,0,15
41,20,0.84,0.95,0.86,0.94,0.79,0.87,0.8,0.85,0.83,1.5638503370490844,2.4112432909082524,1.5981685927582605,2.061301588664363,1.8483751762037104,1.7146380056866208,1.3940032199146677,1.6290761781397698,1.5459304621102439,0,0,0,0,0,0,0,0,0,20
41,25,0.83,0.95,0.86,0.94,0.88,0.87,0.8,0.85,0.83,1.4781925943789176,2.263887340686697,1.6359635641444523,2.0528934786757294,1.7634450692773629,1.7146380056866208,1.3940032199146677,1.6290761781397698,1.5459304621102439,0,0,0,0,0,0,0,0,0,25
41,30,0.82,0.94,0.84,0.94,0.79,0.87,0.8,0.85,0.83,1.4287415877296925,2.1486986479310404,1.61531407091339,2.0528934786757294,1.5790653328575905,1.7146380056866208,1.3940032199146677,1.6290761781397698,1.5459304621102439,0,0,0,0,0,0,0,0,0,30
41,35,0.81,0.92,0.85,0.94,0.83,0.87,0.8,0.85,0.83,1.4138827638940716,2.061962759031892,1.6151378417371518,2.061301588664363,1.5749887629065953,1.7146380056866208,1.3940032199146677,1.6290761781397698,1.5459304621102439,0,0,0,0,0,0,0,0,0,35
41,40,0.8,0.91,0.86,0.94,0.78,0.87,0.8,0.85,0.83,1.3626192770862946,1.9708383257843045,1.5981685927582605,2.0528934786757294,1.4591725375503022,1.7146380056866208,1.3940032199146677,1.6290761781397698,1.5459304621102439,0,0,0,0,0,0,0,0,0,40
42,0,0.94,0.99,0.89,0.99,1.0,0.94,0.91,0.99,0.92,2.2342666930647033,3.8256561648724623,1.6670182423073885,2.9216311812554743,inf,2.2342666930647033,1.8825502397704226,3.1614151165789326,2.059131972200772,0,0,0,0,100,0,0,0,0,0
42,5,0.94,0.99,0.84,0.94,0.82,0.94,0.91,0.99,0.92,2.2342666930647033,3.2890330911979864,1.5503107557736946,1.9741296227336633,1.9134252439913788,2.2342666930647033,1.8825502397704226,3.1614151165789326,2.059131972200772,0,0,0,0,0,0,0,0,0,5
42,10,0.94,0.99,0.84,0.93,0.79,0.94,0.91,0.99,0.92,2.2061691757384216,3.1302374187327775,1.4563597320832127,1.935331303108096,4.227336882040905,2.2342666930647033,1.8825502397704226,3.1614151165789326,2.059131972200772,0,0,0,0,0,0,0,0,0,10
42,15,0.94,0.99,0.83,0.92,0.92,0.94,0.91,0.99,0.92,2.1672433989159057,2.9692683758165144,1.4584940654654512,1.9489064481880254,3.1971769554591782,2.2342666930647033,1.8825502397704226,3.1614151165789326,2.059131972200772,0,0,0,0,0,0,0,0,0,15
42,20,0.93,0.98,0.82,0.92,0.86,0.94,0.91,0.99,0.92,2.14911248558965,2.8667013552835146,1.446810008008085,1.935331303108096,1.9973489632604777,2.2342666930647033,1.8825502397704226,3.1614151165789326,2.059131972200772,0,0,0,0,0,0,0,0,0,20
42,25,0.93,0.97,0.86,0.92,0.87,0.94,0.91,0.99,0.92,2.059576235220294,2.7158947738830053,1.4542552599260443,1.937961820772279,2.0131225086055378,2.2342666930647033,1.8825502397704226,3.1614151165789326,2.059131972200772,0,0,0,0,0,0,0,0,0,25
42,30,0.92,0.96,0.87,0.92,0.87,0.94,0.91,0.99,0.92,2.0814018431447066,2.6111121445667322,1.446810008008085,1.9489064481880254,1.7376406714721695,2.2342666930647033,1.8825502397704226,3.1614151165789326,2.059131972200772,0,0,0,0,0,0,0,0,0,30
42,35,0.92,0.96,0.85,0.92,0.83,0.94,0.91,0.99,0.92,2.059576235220294,2.510469839424566,1.451841018493882,1.937961820772279,1.844966589037843,2.2342666930647033,1.8825502397704226,3.1614151165789326,2.059131972200772,0,0,0,0,0,0,0,0,0,35
42,40,0.92,0.94,0.82,0.92,0.86,0.94,0.91,0.99,0.92,2.0578309179688237,2.408435905001272,1.451841018493882,1.935331303108096,1.5989138788644655,2.2342666930647033,1.8825502397704226,3.1614151165789326,2.059131972200772,0,0,0,0,0,0,0,0,0,40
43,0,0.91,0.99,0.82,0.98,1.0,0.91,0.88,0.83,0.89,2.0098435110376327,3.5120801865487628,1.775697814798182,3.5659113319060376,inf,2.0098435110376327,1.7249476508666755,1.4225055321531344,1.8545670032768953,0,0,0,0,100,0,0,0,0,0
43,5,0.9,0.96,0.87,0.9,0.74,0.91,0.88,0.83,0.89,1.972045647832404,3.160264605134747,1.724447682283074,2.114406156137788,1.6632781428867278,2.0098435110376327,1.7249476508666755,1.4225055321531344,1.8545670032768953,0,0,0,0,0,0,0,0,0,5
43,10,0.9,0.95,0.86,0.9,0.8,0.91,0.88,0.83,0.89,1.9623894697288793,2.867237322017784,1.6239971264943218,2.1002420719318398,4.3053574115095286,2.0098435110376327,1.7249476508666755,1.4225055321531344,1.8545670032768953,0,0,0,0,0,0,0,0,0,10
43,15,0.89,0.94,0.86,0.9,0.86,0.91,0.88,0.83,0.89,1.903300363416228,2.682999482825728,1.65179655455553,2.102377483375972,3.17505617897183,2.0098435110376327,1.7249476508666755,1.4225055321531344,1.8545670032768953,0,0,0,0,0,0,0,0,0,15
43,20,0.89,0.94,0.85,0.9,0.81,0.91,0.88,0.83,0.89,1.890007673601568,2.626977552087827,1.6145023765718478,2.1002420719318398,1.836158832215929,2.0098435110376327,1.7249476508666755,1.4225055321531344,1.8545670032768953,0,0,0,0,0,0,0,0,0,20
43,25,0.89,0.94,0.87,0.9,0.86,0.91,0.88,0.83,0.89,1.8328060216256876,2.538862555809698,1.6329147832302544,2.091946447349755,1.8595163620880222,2.0098435110376327,1.7249476508666755,1.4225055321531344,1.8545670032768953,0,0,0,0,0,0,0,0,0,25
43,30,0.88,0.94,0.86,0.9,0.78,0.91,0.88,0.83,0.89,1.7674315206502058,2.406246891723324,1.626289798425675,2.1002420719318398,1.5768325846515736,2.0098435110376327,1.7249476508666755,1.4225055321531344,1.8545670032768953,0,0,0,0,0,0,0,0,0,30
43,35,0.89,0.93,0.85,0.9,0.83,0.91,0.88,0.83,0.89,1.7630632136167965,2.2301801353835025,1.6262897984256752,2.1002420719318398,1.7033932482193839,2.0098435110376327,1.7249476508666755,1.4225055321531344,1.8545670032768953,0,0,0,0,0,0,0,0,0,35
43,40,0.88,0.92,0.86,0.9,0.79,0.91,0.88,0.83,0.89,1.7194238208948747,2.1353440894163738,1.590287970076874,2.091946447349755,1.4499874232900578,2.0098435110376327,1.7249476508666755,1.4225055321531344,1.8545670032768953,0,0,0,0,0,0,0,0,0,40
44,0,0.84,0.97,0.8,0.95,1.0,0.84,0.74,0.75,0.82,1.7750787893446296,3.1062111560959305,1.4603280156620793,2.96908776834872,inf,1.7750787893446296,1.4146038141535673,1.5081287340552851,1.7054357987696749,0,0,0,0,100,0,0,0,0,0
44,5,0.84,0.96,0.75,0.86,0.75,0.84,0.74,0.75,0.82,1.7605434389220425,2.7883243555983275,1.3502639537551333,1.7960028059761592,2.1207414993055167,1.7750787893446296,1.4146038141535673,1.5081287340552851,1.7054357987696749,0,0,0,0,0,0,0,0,0,5
44,10,0.82,0.93,0.73,0.86,0.82,0.84,0.74,0.75,0.82,1.70670448424669,2.5671300016873104,1.3239461502020964,1.7994137805256525,3.608263766121597,1.7750787893446296,1.4146038141535673,1.5081287340552851,1.7054357987696749,0,0,0,0,0,0,0,0,0,10
44,15,0.82,0.92,0.72,0.86,0.89,0.84,0.74,0.75,0.82,1.698450226570856,2.411484318757453,1.356388565764751,1.714171909380883,2.78508880389327,1.7750787893446296,1.4146038141535673,1.5081287340552851,1.7054357987696749,0,0,0,0,0,0,0,0,0,15
44,20,0.81,0.89,0.73,0.85,0.85,0.84,0.74,0.75,0.82,1.6748257579903583,2.221040472495402,1.3386146131981866,1.716546236593131,1.9141176991145485,1.7750787893446296,1.4146038141535673,1.5081287340552851,1.7054357987696749,0,0,0,0,0,0,0,0,0,20
44,25,0.81,0.88,0.74,0.85,0.86,0.84,0.74,0.75,0.82,1.6491597433187546,2.130274009991563,1.350263953755133,1.7091207158721402,2.0157817906178033,1.7750787893446296,1.4146038141535673,1.5081287340552851,1.7054357987696749,0,0,0,0,0,0,0,0,0,25
44,30,0.78,0.88,0.71,0.86,0.76,0.84,0.74,0.75,0.82,1.5617486517539092,2.1011222967302237,1.3386146131981866,1.714171909380883,1.6325845902402145,1.7750787893446296,1.4146038141535673,1.5081287340552851,1.7054357987696749,0,0,0,0,0,0,0,0,0,30
44,35,0.77,0.86,0.73,0.86,0.77,0.84,0.74,0.75,0.82,1.5462655552655042,2.029717388447866,1.343879012540397,1.714171909380883,1.7302177028569412,1.7750787893446296,1.4146038141535673,1.5081287340552851,1.7054357987696749,0,0,0,0,0,0,0,0,0,35
44,40,0.77,0.86,0.71,0.86,0.76,0.84,0.74,0.75,0.82,1.5081287340552851,1.9659918784649495,1.3292005888123382,1.716546236593131,1.6168698446833771,1.7750787893446296,1.4146038141535673,1.5081287340552851,1.7054357987696749,0,0,0,0,0,0,0,0,0,40
45,0,0.88,0.98,0.82,1.0,1.0,0.88,0.81,0.79,0.84,1.9390356225956724,3.246055575531599,1.7584394634340896,3.500807064982835,inf,1.9390356225956724,1.6138699741294844,1.575008385037143,1.7972107865412257,0,0,0,0,100,0,0,0,0,0
45,5,0.88,0.98,0.77,0.9,0.71,0.88,0.81,0.79,0.84,1.9263594840363143,2.849018029480661,1.5768057122708072,2.038933992373117,1.9518034386573864,1.9390356225956724,1.6138699741294844,1.575008385037143,1.7972107865412257,0,0,0,0,0,0,0,0,0,5
45,10,0.87,0.97,0.76,0.9,0.83,0.88,0.81,0.79,0.84,1.9002110692954242,2.734884566792817,1.5262332661353155,1.9898033808257234,4.577529078193015,1.9390356225956724,1.6138699741294844,1.575008385037143,1.7972107865412257,0,0,0,0,0,0,0,0,0,10
45,15,0.87,0.95,0.78,0.89,0.85,0.88,0.81,0.79,0.84,1.8753477386002764,2.582405364541626,1.5422383846817094,1.9976732667100199,3.1022194901745395,1.9390356225956724,1.6138699741294844,1.575008385037143,1.7972107865412257,0,0,0,0,0,0,0,0,0,15
45,20,0.86,0.95,0.77,0.89,0.75,0.88,0.81,0.79,0.84,1.8095299492686967,2.497966967150661,1.521824550348659,1.9825888330971724,1.90567381881487,1.9390356225956724,1.6138699741294844,1.575008385037143,1.7972107865412257,0,0,0,0,0,0,0,0,0,20
45,25,0.86,0.93,0.76,0.89,0.81,0.88,0.81,0.79,0.84,1.8007222927775728,2.3521169350708746,1.521824550348659,1.9886564736251056,1.9818416686469742,1.9390356225956724,1.6138699741294844,1.575008385037143,1.7972107865412257,0,0,0,0,0,0,0,0,0,25
45,30,0.86,0.92,0.75,0.88,0.74,0.88,0.81,0.79,0.84,1.8007222927775728,2.288594740903492,1.5224176014054693,1.9825888330971724,1.5121246860928585,1.9390356225956724,1.6138699741294844,1.575008385037143,1.7972107865412257,0,0,0,0,0,0,0,0,0,30
45,35,0.84,0.91,0.77,0.88,0.73,0.88,0.81,0.79,0.84,1.7630177962651574,2.200611170045211,1.5290069589472357,1.9825888330971724,1.7385368637565422,1.9390356225956724,1.6138699741294844,1.575008385037143,1.7972107865412257,0,0,0,0,0,0,0,0,0,35
45,40,0.82,0.91,0.75,0.88,0.68,0.88,0.81,0.79,0.84,1.698506123094209,2.118662160067017,1.5233763799587783,1.9825888330971724,1.4128107532402698,1.9390356225956724,1.6138699741294844,1.575008385037143,1.7972107865412257,0,0,0,0,0,0,0,0,0,40
46,0,0.93,0.99,0.87,0.99,1.0,0.93,0.9,0.9,0.91,1.8894632685742947,3.3800476908552426,1.6285104550563707,3.1702703473404856,inf,1.8894632685742947,1.597949205125765,1.6572651101685338,1.7306466129105786,0,0,0,0,100,0,0,0,0,0
46,5,0.93,0.98,0.89,0.94,0.69,0.93,0.9,0.9,0.91,1.8515931816661633,2.8070980911268117,1.5342065413575,1.9867339909814747,2.001650142574185,1.8894632685742947,1.597949205125765,1.6572651101685338,1.7306466129105786,0,0,0,0,0,0,0,0,0,5
46,10,0.92,0.97,0.83,0.94,0.83,0.93,0.9,0.9,0.91,1.7829026462660131,2.73947141879782,1.472391463717596,2.0143001793955833,5.383912873692506,1.8894632685742947,1.597949205125765,1.6572651101685338,1.7306466129105786,0,0,0,0,0,0,0,0,0,10
46,15,0.91,0.97,0.87,0.93,0.9,0.93,0.9,0.9,0.91,1.7249324034985523,2.627510301474902,1.4971554533208034,1.9558809050406913,3.331130348013721,1.8894632685742947,1.597949205125765,1.6572651101685338,1.7306466129105786,0,0,0,0,0,0,0,0,0,15
46,20,0.91,0.97,0.86,0.93,0.8,0.93,0.9,0.9,0.91,1.7302712844615038,2.55120086923718,1.4974445165406365,1.9576144460422737,2.063690773258768,1.8894632685742947,1.597949205125765,1.6572651101685338,1.7306466129105786,0,0,0,0,0,0,0,0,0,20
46,25,0.91,0.97,0.86,0.92,0.84,0.93,0.9,0.9,0.91,1.7249135436723493,2.4415574967459555,1.4971554533208034,1.952513627498516,2.0339441528246707,1.8894632685742947,1.597949205125765,1.6572651101685338,1.7306466129105786,0,0,0,0,0,0,0,0,0,25
46,30,0.91,0.97,0.85,0.92,0.83,0.93,0.9,0.9,0.91,1.7132064289015672,2.3103184566727486,1.496496239579301,1.9551958842624704,1.6885655991440534,1.8894632685742947,1.597949205125765,1.6572651101685338,1.7306466129105786,0,0,0,0,0,0,0,0,0,30
46,35,0.91,0.96,0.85,0.93,0.89,0.93,0.9,0.9,0.91,1.6576893370789683,2.2076263583801974,1.496496239579301,1.952513627498516,1.7074537107959347,1.8894632685742947,1.597949205125765,1.6572651101685338,1.7306466129105786,0,0,0,0,0,0,0,0,0,35
46,40,0.9,0.96,0.86,0.93,0.77,0.93,0.9,0.9,0.91,1.6435129226899443,2.087794870760635,1.4748383327807884,1.9288558918202767,1.6023483978848572,1.8894632685742947,1.597949205125765,1.6572651101685338,1.7306466129105786,0,0,0,0,0,0,0,0,0,40
47,0,0.87,1.0,0.73,0.98,1.0,0.87,0.82,0.86,0.87,1.7085589154680563,3.1998742887946356,1.592355733534736,2.90473815312441,inf,1.7085589154680563,1.4000144809251165,1.5977301830141875,1.6256287856416773,0,0,0,0,100,0,0,0,0,0
47,5,0.87,1.0,0.77,0.91,0.76,0.87,0.82,0.86,0.87,1.7004948462120242,2.941096547463793,1.5408442514687826,1.9403074031459946,1.8794774340231664,1.7085589154680563,1.4000144809251165,1.5977301830141875,1.6256287856416773,0,0,0,0,0,0,0,0,0,5
47,10,0.87,0.98,0.74,0.89,0.82,0.87,0.82,0.86,0.87,1.660284773189825,2.6398109454178544,1.481408967014064,1.9477250786012124,5.386892603398082,1.7085589154680563,1.4000144809251165,1.5977301830141875,1.6256287856416773,0,0,0,0,0,0,0,0,0,10
47,15,0.87,0.97,0.76,0.91,0.85,0.87,0.82,0.86,0.87,1.660284773189825,2.451016452062229,1.4852935415274648,1.9107684286545834,2.9704499315355815,1.7085589154680563,1.4000144809251165,1.5977301830141875,1.6256287856416773,0,0,0,0,0,0,0,0,0,15
47,20,0.87,0.95,0.76,0.91,0.79,0.87,0.82,0.86,0.87,1.6166118532913212,2.2878118545749215,1.4428860180009353,1.9369417315071202,2.006033136093616,1.7085589154680563,1.4000144809251165,1.5977301830141875,1.6256287856416773,0,0,0,0,0,0,0,0,0,20
47,25,0.86,0.93,0.73,0.91,0.87,0.87,0.82,0.86,0.87,1.5990333408697248,2.121400546153647,1.4514919746160948,1.8686625139416737,1.888803434601711,1.7085589154680563,1.4000144809251165,1.5977301830141875,1.6256287856416773,0,0,0,0,0,0,0,0,0,25
47,30,0.86,0.93,0.74,0.91,0.82,0.87,0.82,0.86,0.87,1.5833545401673585,2.087448255618114,1.4157512417493554,1.910768428654583,1.6286305123601272,1.7085589154680563,1.4000144809251165,1.5977301830141875,1.6256287856416773,0,0,0,0,0,0,0,0,0,30
47,35,0.86,0.92,0.74,0.9,0.83,0.87,0.82,0.86,0.87,1.5711805962048513,2.027046391669517,1.4546152291890029,1.904359361464385,1.773224350390522,1.7085589154680563,1.4000144809251165,1.5977301830141875,1.6256287856416773,0,0,0,0,0,0,0,0,0,35
47,40,0.85,0.91,0.72,0.91,0.75,0.87,0.82,0.86,0.87,1.4381828920915183,1.944786147954511,1.4152524239899757,1.910768428654583,1.6686761124666942,1.7085589154680563,1.4000144809251165,1.5977301830141875,1.6256287856416773,0,0,0,0,0,0,0,0,0,40
48,0,0.91,0.99,0.77,0.99,1.0,0.91,0.84,0.85,0.87,1.8423196760465927,3.9199950833374047,1.4132315129618933,3.329975441478892,inf,1.8423196760465927,1.5162637743879275,1.6222885461000378,1.7024414896344553,0,0,0,0,100,0,0,0,0,0
48,5,0.91,0.97,0.81,0.91,0.75,0.91,0.84,0.85,0.87,1.8243936921590633,3.3306922809694672,1.4781087552154508,1.8570068774123745,1.747758523893264,1.8423196760465927,1.5162637743879275,1.6222885461000378,1.7024414896344553,0,0,0,0,0,0,0,0,0,5
48,10,0.9,0.97,0.8,0.91,0.81,0.91,0.84,0.85,0.87,1.8080075984612147,3.106252092391899,1.433566304706234,1.8884894880629042,4.551316248552649,1.8423196760465927,1.5162637743879275,1.6222885461000378,1.7024414896344553,0,0,0,0,0,0,0,0,0,10
48,15,0.9,0.97,0.82,0.91,0.93,0.91,0.84,0.85,0.87,1.8062977784156629,2.918904756809694,1.4255709514664507,1.83526300605975,3.0100234125442746,1.8423196760465927,1.5162637743879275,1.6222885461000378,1.7024414896344553,0,0,0,0,0,0,0,0,0,15
48,20,0.88,0.96,0.79,0.91,0.75,0.91,0.84,0.85,0.87,1.770387241846224,2.809849529624664,1.4335663047062335,1.8537930403366514,1.8849652814619824,1.8423196760465927,1.5162637743879275,1.6222885461000378,1.7024414896344553,0,0,0,0,0,0,0,0,0,20
48,25,0.88,0.96,0.83,0.91,0.9,0.91,0.84,0.85,0.87,1.7703872418462239,2.572948988527986,1.4171521619787113,1.8380988159544245,1.9384166858129905,1.8423196760465927,1.5162637743879275,1.6222885461000378,1.7024414896344553,0,0,0,0,0,0,0,0,0,25
48,30,0.87,0.96,0.79,0.91,0.83,0.91,0.84,0.85,0.87,1.6734716405446912,2.5307095624581013,1.3941482606424518,1.83526300605975,1.5232144695831698,1.8423196760465927,1.5162637743879275,1.6222885461000378,1.7024414896344553,0,0,0,0,0,0,0,0,0,30
48,35,0.86,0.95,0.77,0.91,0.81,0.91,0.84,0.85,0.87,1.6553105207603138,2.4219512256200164,1.4102165921994945,1.831555604363551,1.6653400527826867,1.8423196760465927,1.5162637743879275,1.6222885461000378,1.7024414896344553,0,0,0,0,0,0,0,0,0,35
48,40,0.86,0.93,0.78,0.91,0.81,0.91,0.84,0.85,0.87,1.628996878447368,2.329242840096442,1.410212602153841,1.83526300605975,1.5416769202091873,1.8423196760465927,1.5162637743879275,1.6222885461000378,1.7024414896344553,0,0,0,0,0,0,0,0,0,40
49,0,0.88,0.99,0.85,1.0,1.0,0.88,0.85,0.92,0.86,1.8268136021195,3.1887674145106786,1.5924546491539635,3.1911577764456593,inf,1.8268136021195,1.5915368854658865,2.1253624499781716,1.644746945299839,0,0,0,0,100,0,0,0,0,0
49,5,0.88,0.98,0.84,0.94,0.75,0.88,0.85,0.92,0.86,1.8140901611011393,2.879750968714947,1.5799119426709165,2.040512423331936,2.1334474786707602,1.8268136021195,1.5915368854658865,2.1253624499781716,1.644746945299839,0,0,0,0,0,0,0,0,0,5
49,10,0.88,0.98,0.84,0.94,0.81,0.88,0.85,0.92,0.86,1.8140901611011393,2.7813738281596283,1.4867067045696674,2.050454541336446,5.50590177971473,1.8268136021195,1.5915368854658865,2.1253624499781716,1.644746945299839,0,0,0,0,0,0,0,0,0,10
49,15,0.88,0.97,0.84,0.94,0.92,0.88,0.85,0.92,0.86,1.8136871792034457,2.475959079718846,1.4984215467268054,2.036727437254393,3.0405720865458994,1.8268136021195,1.5915368854658865,2.1253624499781716,1.644746945299839,0,0,0,0,0,0,0,0,0,15
49,20,0.88,0.96,0.84,0.94,0.88,0.88,0.85,0.92,0.86,1.7936543227156636,2.4493965519528853,1.4582836453146402,2.0394440731883563,2.0868467202014545,1.8268136021195,1.5915368854658865,2.1253624499781716,1.644746945299839,0,0,0,0,0,0,0,0,0,20
49,25,0.88,0.96,0.84,0.94,0.84,0.88,0.85,0.92,0.86,1.7870345093145419,2.3003077281725597,1.4905220710673928,2.0348228720905652,2.167635581311253,1.8268136021195,1.5915368854658865,2.1253624499781716,1.644746945299839,0,0,0,0,0,0,0,0,0,25
49,30,0.87,0.94,0.83,0.94,0.77,0.88,0.85,0.92,0.86,1.7719322529921455,2.2503630889072714,1.4861434161502804,2.036727437254393,1.8338815666990627,1.8268136021195,1.5915368854658865,2.1253624499781716,1.644746945299839,0,0,0,0,0,0,0,0,0,30
49,35,0.87,0.93,0.83,0.94,0.85,0.88,0.85,0.92,0.86,1.7216046067759303,2.1530734478042453,1.4904730777745234,2.0348228720905652,1.90998112268541,1.8268136021195,1.5915368854658865,2.1253624499781716,1.644746945299839,0,0,0,0,0,0,0,0,0,35
49,40,0.87,0.92,0.85,0.94,0.86,0.88,0.85,0.92,0.86,1.6983475004738762,2.089519690783032,1.4867067045696674,2.0195702625642715,1.6570800684449178,1.8268136021195,1.5915368854658865,2.1253624499781716,1.644746945299839,0,0,0,0,0,0,0,0,0,40
50,0,0.78,1.0,0.78,1.0,1.0,0.78,0.72,0.73,0.74,1.6699383844162596,3.4875792979643685,1.50015080744342,3.322006578906915,inf,1.6699383844162596,1.428634972420809,1.527246284578193,1.5611994115042662,0,0,0,0,100,0,0,0,0,0
50,5,0.77,0.98,0.74,0.83,0.77,0.78,0.72,0.73,0.74,1.6586658388913178,2.8807914809587727,1.45591982623772,1.8801607676026848,1.8571472446168102,1.6699383844162596,1.428634972420809,1.527246284578193,1.5611994115042662,0,0,0,0,0,0,0,0,0,5
50,10,0.76,0.98,0.74,0.84,0.89,0.78,0.72,0.73,0.74,1.6183221288192944,2.824149788474528,1.4278056829559829,1.8897187812450609,5.832311792291789,1.6699383844162596,1.428634972420809,1.527246284578193,1.5611994115042662,0,0,0,0,0,0,0,0,0,10
50,15,0.76,0.95,0.73,0.82,0.91,0.78,0.72,0.73,0.74,1.5913418351870243,2.382206002695029,1.445549947360231,1.8790296223198917,2.994908246236068,1.6699383844162596,1.428634972420809,1.527246284578193,1.5611994115042662,0,0,0,0,0,0,0,0,0,15
50,20,0.74,0.92,0.74,0.83,0.77,0.78,0.72,0.73,0.74,1.5787842053301138,2.292466063681004,1.4248622616431839,1.8796448285172642,1.8982646391649105,1.6699383844162596,1.428634972420809,1.527246284578193,1.5611994115042662,0,0,0,0,0,0,0,0,0,20
50,25,0.74,0.91,0.73,0.82,0.8,0.78,0.72,0.73,0.74,1.5508579480909905,2.1957420902246394,1.4305435193399147,1.8669525233006814,1.8989848423374787,1.6699383844162596,1.428634972420809,1.527246284578193,1.5611994115042662,0,0,0,0,0,0,0,0,0,25
50,30,0.74,0.89,0.73,0.82,0.77,0.78,0.72,0.73,0.74,1.5403209343463145,2.1268547871589094,1.4196927857004944,1.8790296223198917,1.7827100591027425,1.6699383844162596,1.428634972420809,1.527246284578193,1.5611994115042662,0,0,0,0,0,0,0,0,0,30
50,35,0.73,0.87,0.73,0.82,0.81,0.78,0.72,0.73,0.74,1.4990172212833146,2.0336198619123067,1.422911679790239,1.8669525233006814,1.832970934345502,1.6699383844162596,1.428634972420809,1.527246284578193,1.5611994115042662,0,0,0,0,0,0,0,0,0,35
50,40,0.73,0.85,0.73,0.83,0.79,0.78,0.72,0.73,0.74,1.514462453884716,1.9507980422761078,1.4305435193399147,1.8790296223198917,1.6454482367358254,1.6699383844162596,1.428634972420809,1.527246284578193,1.5611994115042662,0,0,0,0,0,0,0,0,0,40
