state_fips,age,cow,english,marital,educ,sex,hours,yoep,nativity,income,state_abb,entry_recency,age_sq,educ_level,married,female,y
1,29,1.0,1.0,1,22.0,1,40.0,2017.0,2,41000.0,AL,1.0,841,BAplus,1,0,10.62135173563291
1,41,1.0,3.0,1,21.0,1,50.0,2018.0,2,180000.0,AL,0.0,1681,BAplus,1,0,12.100717685412471
1,34,1.0,1.0,1,22.0,2,40.0,2018.0,2,75000.0,AL,0.0,1156,BAplus,1,1,11.225256725762893
1,53,1.0,2.0,5,19.0,1,40.0,2018.0,2,40000.0,AL,0.0,2809,SomeCollege,0,0,10.596659732783579
1,50,1.0,1.0,1,22.0,1,40.0,2017.0,2,70000.0,AL,1.0,2500,BAplus,1,0,11.156264806643742
1,25,3.0,1.0,5,22.0,1,50.0,2017.0,2,60000.0,AL,1.0,625,BAplus,0,0,11.002116507732017
2,32,1.0,1.0,1,23.0,1,40.0,2017.0,2,50000.0,AK,1.0,1024,BAplus,1,0,10.819798284210286
2,28,1.0,1.0,1,22.0,1,40.0,2018.0,2,78000.0,AK,0.0,784,BAplus,1,0,11.264476926102367
4,32,8.0,4.0,5,12.0,1,48.0,2018.0,2,40500.0,AZ,0.0,1024,<HS,0,0,10.609081944147828
4,26,2.0,2.0,5,24.0,1,40.0,2017.0,2,40000.0,AZ,1.0,676,BAplus,0,0,10.596659732783579
4,32,1.0,1.0,1,22.0,2,40.0,2017.0,2,58000.0,AZ,1.0,1024,BAplus,1,1,10.968215530759236
4,48,7.0,2.0,1,21.0,1,48.0,2018.0,2,60000.0,AZ,0.0,2304,BAplus,1,0,11.002116507732017
4,38,1.0,1.0,1,21.0,1,48.0,2018.0,2,100000.0,AZ,0.0,1444,BAplus,1,0,11.51293546492023
4,29,1.0,1.0,1,22.0,2,40.0,2018.0,2,65000.0,AZ,0.0,841,BAplus,1,1,11.082157933374816
4,31,5.0,1.0,5,21.0,1,40.0,2017.0,2,49000.0,AZ,1.0,961,BAplus,0,0,10.799595985047786
4,29,1.0,1.0,5,22.0,1,65.0,2018.0,2,60000.0,AZ,0.0,841,BAplus,0,0,11.002116507732017
4,29,1.0,1.0,5,22.0,1,40.0,2017.0,2,136000.0,AZ,1.0,841,BAplus,0,0,11.820417517632333
4,29,1.0,2.0,1,18.0,1,54.0,2017.0,2,62000.0,AZ,1.0,841,SomeCollege,1,0,11.034905792929415
4,27,5.0,3.0,1,21.0,1,35.0,2018.0,2,40000.0,AZ,0.0,729,BAplus,1,0,10.596659732783579
4,38,1.0,1.0,2,21.0,2,40.0,2017.0,2,69000.0,AZ,1.0,1444,BAplus,0,1,11.141876276228
4,43,1.0,1.0,1,21.0,1,40.0,2017.0,2,52000.0,AZ,1.0,1849,BAplus,1,0,10.859018228147887
4,50,1.0,1.0,1,21.0,1,25.0,2017.0,2,230000.0,AZ,1.0,2500,BAplus,1,0,12.345838935721968
4,37,7.0,1.0,1,22.0,1,40.0,2017.0,2,170500.0,AZ,1.0,1369,BAplus,1,0,12.046496440791149
4,44,1.0,1.0,3,21.0,2,40.0,2017.0,2,120000.0,AZ,1.0,1936,BAplus,0,1,11.695255355062795
4,26,1.0,1.0,1,22.0,1,40.0,2018.0,2,115000.0,AZ,0.0,676,BAplus,1,0,11.652696102959753
4,27,1.0,1.0,5,21.0,1,40.0,2017.0,2,97000.0,AZ,1.0,729,BAplus,0,0,11.48247656671073
4,30,1.0,1.0,1,22.0,1,40.0,2018.0,2,76050.0,AZ,0.0,900,BAplus,1,0,11.239159446844907
5,31,1.0,2.0,1,21.0,1,40.0,2017.0,2,55000.0,AR,1.0,961,BAplus,1,0,10.915106645867503
5,28,1.0,1.0,5,21.0,2,48.0,2018.0,2,44500.0,AR,0.0,784,BAplus,0,1,10.703266939811954
5,31,3.0,1.0,1,23.0,1,50.0,2017.0,2,21000.0,AR,1.0,961,BAplus,1,0,9.952325334619427
5,33,1.0,4.0,5,1.0,2,40.0,2017.0,2,21000.0,AR,1.0,1089,<HS,0,1,9.952325334619427
6,26,1.0,2.0,1,21.0,1,45.0,2017.0,2,130100.0,CA,1.0,676,BAplus,1,0,11.776066350866136
6,39,1.0,2.0,1,22.0,1,40.0,2017.0,2,101000.0,CA,1.0,1521,BAplus,1,0,11.522885696764481
6,43,1.0,1.0,1,23.0,1,40.0,2017.0,2,120030.0,CA,1.0,1849,BAplus,1,0,11.695505321735206
6,27,1.0,2.0,1,22.0,2,40.0,2018.0,2,167700.0,CA,0.0,729,BAplus,1,1,12.02993791082274
6,33,1.0,1.0,1,22.0,1,40.0,2017.0,2,144000.0,CA,1.0,1089,BAplus,1,0,11.87757552297847
6,30,1.0,2.0,1,24.0,1,40.0,2018.0,2,198000.0,CA,0.0,900,BAplus,1,0,12.19602736016897
6,27,1.0,1.0,5,22.0,1,40.0,2017.0,2,85000.0,CA,1.0,729,BAplus,0,0,11.350418300109132
6,37,1.0,1.0,3,24.0,1,40.0,2018.0,2,155000.0,CA,0.0,1369,BAplus,0,0,11.951186847493476
6,29,1.0,2.0,5,22.0,1,40.0,2017.0,2,150000.0,CA,1.0,841,BAplus,0,0,11.918397239722838
6,45,1.0,1.0,5,21.0,1,45.0,2017.0,2,293000.0,CA,1.0,2025,BAplus,0,0,12.587931300962664
6,36,1.0,1.0,1,21.0,1,40.0,2018.0,2,168000.0,CA,0.0,1296,BAplus,1,0,12.031725210748633
6,33,1.0,1.0,1,21.0,1,40.0,2017.0,2,136000.0,CA,1.0,1089,BAplus,1,0,11.820417517632333
6,32,1.0,1.0,1,21.0,1,40.0,2018.0,2,101000.0,CA,0.0,1024,BAplus,1,0,11.522885696764481
6,30,1.0,1.0,5,21.0,2,40.0,2018.0,2,100000.0,CA,0.0,900,BAplus,0,1,11.51293546492023
6,35,2.0,1.0,1,24.0,1,40.0,2017.0,2,144000.0,CA,1.0,1225,BAplus,1,0,11.87757552297847
6,27,1.0,3.0,5,22.0,1,50.0,2018.0,2,100000.0,CA,0.0,729,BAplus,0,0,11.51293546492023
6,38,1.0,1.0,5,22.0,1,40.0,2018.0,2,160000.0,CA,0.0,1444,BAplus,0,0,11.982935344196433
6,28,1.0,1.0,1,21.0,2,34.0,2017.0,2,90000.0,CA,1.0,784,BAplus,1,1,11.407576060361786
6,34,4.0,1.0,1,16.0,1,40.0,2018.0,2,105000.0,CA,0.0,1156,HS,1,0,11.561725152903833
6,39,1.0,1.0,1,22.0,1,45.0,2017.0,2,272000.0,CA,1.0,1521,BAplus,1,0,12.513561021741964
6,41,1.0,1.0,1,21.0,1,40.0,2017.0,2,150000.0,CA,1.0,1681,BAplus,1,0,11.918397239722838
6,45,1.0,3.0,1,24.0,1,50.0,2017.0,2,223800.0,CA,1.0,2025,BAplus,1,0,12.318512543125225
6,39,1.0,2.0,1,21.0,1,40.0,2017.0,2,100000.0,CA,1.0,1521,BAplus,1,0,11.51293546492023
6,29,1.0,1.0,5,22.0,1,50.0,2017.0,2,125000.0,CA,1.0,841,BAplus,0,0,11.736077016252437
6,30,1.0,1.0,5,22.0,2,45.0,2017.0,2,87000.0,CA,1.0,900,BAplus,0,1,11.373674891823535
6,33,1.0,2.0,1,21.0,2,40.0,2018.0,2,90000.0,CA,0.0,1089,BAplus,1,1,11.407576060361786
6,37,1.0,1.0,5,24.0,1,48.0,2018.0,2,84000.0,CA,0.0,1369,BAplus,0,0,11.338583982516495
6,53,1.0,1.0,1,22.0,1,40.0,2017.0,2,250000.0,CA,1.0,2809,BAplus,1,0,12.429220196836383
6,31,5.0,1.0,1,24.0,1,40.0,2017.0,2,105000.0,CA,1.0,961,BAplus,1,0,11.561725152903833
6,35,1.0,2.0,1,24.0,2,40.0,2018.0,2,247700.0,CA,0.0,1225,BAplus,1,1,12.419977652611005
6,30,1.0,2.0,5,21.0,1,40.0,2018.0,2,125000.0,CA,0.0,900,BAplus,0,0,11.736077016252437
6,30,1.0,1.0,1,22.0,1,40.0,2017.0,2,140000.0,CA,1.0,900,BAplus,1,0,11.849404844423074
6,30,1.0,1.0,1,22.0,2,40.0,2017.0,2,150000.0,CA,1.0,900,BAplus,1,1,11.918397239722838
6,26,1.0,1.0,5,20.0,1,40.0,2018.0,2,90000.0,CA,0.0,676,SomeCollege,0,0,11.407576060361786
6,30,1.0,1.0,5,22.0,2,50.0,2017.0,2,100000.0,CA,1.0,900,BAplus,0,1,11.51293546492023
6,48,1.0,2.0,1,22.0,2,50.0,2017.0,2,120000.0,CA,1.0,2304,BAplus,1,1,11.695255355062795
6,44,2.0,3.0,1,20.0,1,60.0,2017.0,2,110000.0,CA,1.0,1936,SomeCollege,1,0,11.608244735642321
6,34,1.0,1.0,1,21.0,1,40.0,2017.0,2,88000.0,CA,1.0,1156,BAplus,1,0,11.385103457032141
6,33,1.0,1.0,1,22.0,1,40.0,2017.0,2,175000.0,CA,1.0,1089,BAplus,1,0,12.07254696717504
6,33,1.0,1.0,1,22.0,2,40.0,2017.0,2,110000.0,CA,1.0,1089,BAplus,1,1,11.608244735642321
6,31,1.0,1.0,1,22.0,1,40.0,2017.0,2,114000.0,CA,1.0,961,BAplus,1,0,11.643962499267984
6,33,1.0,2.0,1,16.0,2,40.0,2017.0,2,453000.0,CA,1.0,1089,HS,1,1,13.023649611968253
6,27,1.0,2.0,5,19.0,2,40.0,2017.0,2,100000.0,CA,1.0,729,SomeCollege,0,1,11.51293546492023
6,31,1.0,1.0,1,22.0,1,40.0,2017.0,2,90000.0,CA,1.0,961,BAplus,1,0,11.407576060361786
6,34,1.0,1.0,1,22.0,2,45.0,2018.0,2,145000.0,CA,0.0,1156,BAplus,1,1,11.884495917930655
6,34,3.0,1.0,1,22.0,2,40.0,2017.0,2,91000.0,CA,1.0,1156,BAplus,1,1,11.418625774449596
6,46,1.0,1.0,5,20.0,2,50.0,2017.0,2,156000.0,CA,1.0,2116,SomeCollege,0,1,11.957617696467539
6,35,2.0,2.0,1,21.0,2,40.0,2017.0,2,231000.0,CA,1.0,1225,BAplus,1,1,12.35017731849889
6,40,1.0,1.0,1,21.0,1,40.0,2017.0,2,128350.0,CA,1.0,1600,BAplus,1,0,11.762523977464884
6,43,4.0,1.0,1,24.0,1,65.0,2018.0,2,100000.0,CA,0.0,1849,BAplus,1,0,11.51293546492023
6,30,3.0,1.0,2,21.0,2,40.0,2017.0,2,85000.0,CA,1.0,900,BAplus,0,1,11.350418300109132
6,38,1.0,2.0,1,21.0,1,45.0,2018.0,2,90000.0,CA,0.0,1444,BAplus,1,0,11.407576060361786
6,31,1.0,1.0,1,22.0,2,40.0,2017.0,2,97000.0,CA,1.0,961,BAplus,1,1,11.48247656671073
6,33,1.0,1.0,1,21.0,1,40.0,2017.0,2,223000.0,CA,1.0,1089,BAplus,1,0,12.314931534737134
6,34,1.0,1.0,1,22.0,1,40.0,2017.0,2,100000.0,CA,1.0,1156,BAplus,1,0,11.51293546492023
6,34,1.0,1.0,1,22.0,2,40.0,2017.0,2,100000.0,CA,1.0,1156,BAplus,1,1,11.51293546492023
6,37,1.0,2.0,1,22.0,1,40.0,2017.0,2,200000.0,CA,1.0,1369,BAplus,1,0,12.206077645517674
6,40,1.0,2.0,1,21.0,1,40.0,2017.0,2,100000.0,CA,1.0,1600,BAplus,1,0,11.51293546492023
6,37,1.0,1.0,1,21.0,1,40.0,2017.0,2,200020.0,CA,1.0,1369,BAplus,1,0,12.20617764001806
6,41,1.0,1.0,1,21.0,1,40.0,2018.0,2,120000.0,CA,0.0,1681,BAplus,1,0,11.695255355062795
6,35,1.0,1.0,1,22.0,1,40.0,2017.0,2,92000.0,CA,1.0,1225,BAplus,1,0,11.429554725537322
6,26,1.0,1.0,5,22.0,2,60.0,2017.0,2,85000.0,CA,1.0,676,BAplus,0,1,11.350418300109132
6,37,1.0,1.0,1,22.0,1,40.0,2017.0,2,150300.0,CA,1.0,1369,BAplus,1,0,11.92039522907888
6,37,1.0,1.0,1,22.0,2,40.0,2017.0,2,160300.0,CA,1.0,1369,BAplus,1,1,11.984808576881369
6,32,1.0,1.0,1,21.0,1,40.0,2017.0,2,95000.0,CA,1.0,1024,BAplus,1,0,11.461642696843066
6,29,1.0,1.0,5,22.0,1,40.0,2017.0,2,214300.0,CA,1.0,841,BAplus,0,0,12.275136847806356
6,27,1.0,1.0,5,22.0,2,40.0,2017.0,2,100000.0,CA,1.0,729,BAplus,0,1,11.51293546492023
6,26,1.0,1.0,5,22.0,2,40.0,2017.0,2,100000.0,CA,1.0,676,BAplus,0,1,11.51293546492023
6,46,1.0,1.0,1,21.0,1,40.0,2017.0,2,155000.0,CA,1.0,2116,BAplus,1,0,11.951186847493476
6,28,1.0,1.0,5,24.0,1,40.0,2017.0,2,145000.0,CA,1.0,784,BAplus,0,0,11.884495917930655
6,40,1.0,1.0,1,22.0,1,40.0,2017.0,2,130000.0,CA,1.0,1600,BAplus,1,0,11.775297421715827
6,32,7.0,1.0,5,22.0,1,48.0,2018.0,2,100000.0,CA,0.0,1024,BAplus,0,0,11.51293546492023
6,32,1.0,2.0,5,21.0,1,40.0,2018.0,2,98050.0,CA,0.0,1024,BAplus,0,0,11.493243030450607
6,30,1.0,1.0,1,21.0,1,40.0,2017.0,2,90000.0,CA,1.0,900,BAplus,1,0,11.407576060361786
6,35,1.0,2.0,1,24.0,1,40.0,2017.0,2,172000.0,CA,1.0,1225,BAplus,1,0,12.055255569732177
6,32,1.0,2.0,1,24.0,2,40.0,2017.0,2,120300.0,CA,1.0,1024,BAplus,1,1,11.697752214480175
6,31,1.0,2.0,1,22.0,2,40.0,2017.0,2,100000.0,CA,1.0,961,BAplus,1,1,11.51293546492023
6,36,1.0,1.0,1,22.0,2,45.0,2017.0,2,133000.0,CA,1.0,1296,BAplus,1,1,11.798111925972618
6,31,1.0,2.0,1,22.0,1,40.0,2017.0,2,94000.0,CA,1.0,961,BAplus,1,0,11.451060699493427
6,25,1.0,1.0,5,21.0,1,50.0,2017.0,2,130100.0,CA,1.0,625,BAplus,0,0,11.776066350866136
6,32,1.0,1.0,1,22.0,1,40.0,2017.0,2,150000.0,CA,1.0,1024,BAplus,1,0,11.918397239722838
6,30,1.0,1.0,1,22.0,2,40.0,2017.0,2,115000.0,CA,1.0,900,BAplus,1,1,11.652696102959753
6,32,1.0,1.0,1,21.0,1,40.0,2017.0,2,132000.0,CA,1.0,1024,BAplus,1,0,11.790564777297387
6,39,1.0,2.0,1,22.0,1,40.0,2018.0,2,95000.0,CA,0.0,1521,BAplus,1,0,11.461642696843066
6,47,1.0,1.0,1,22.0,1,50.0,2018.0,2,95000.0,CA,0.0,2209,BAplus,1,0,11.461642696843066
6,32,1.0,1.0,1,21.0,1,40.0,2017.0,2,105010.0,CA,1.0,1024,BAplus,1,0,11.561820385557278
6,35,1.0,2.0,1,22.0,1,40.0,2018.0,2,185000.0,CA,0.0,1225,BAplus,1,0,12.128116509451258
6,29,1.0,1.0,5,21.0,1,40.0,2017.0,2,120000.0,CA,1.0,841,BAplus,0,0,11.695255355062795
6,36,1.0,2.0,1,22.0,1,40.0,2017.0,2,90000.0,CA,1.0,1296,BAplus,1,0,11.407576060361786
6,51,1.0,2.0,1,16.0,1,40.0,2017.0,2,156000.0,CA,1.0,2601,HS,1,0,11.957617696467539
6,43,1.0,1.0,1,21.0,1,40.0,2018.0,2,100000.0,CA,0.0,1849,BAplus,1,0,11.51293546492023
6,33,1.0,1.0,1,22.0,1,40.0,2017.0,2,90000.0,CA,1.0,1089,BAplus,1,0,11.407576060361786
6,38,1.0,1.0,5,24.0,2,40.0,2017.0,2,120000.0,CA,1.0,1444,BAplus,0,1,11.695255355062795
6,38,1.0,1.0,5,24.0,1,52.0,2017.0,2,190000.0,CA,1.0,1444,BAplus,0,0,12.154784614286667
6,28,5.0,1.0,5,21.0,1,40.0,2017.0,2,96000.0,CA,1.0,784,BAplus,0,0,11.472113887062386
6,31,1.0,1.0,1,19.0,1,35.0,2017.0,2,110150.0,CA,1.0,961,SomeCollege,1,0,11.609607430718558
6,35,1.0,1.0,1,21.0,1,40.0,2017.0,2,110200.0,CA,1.0,1225,BAplus,1,0,11.610061250069942
6,38,1.0,1.0,1,22.0,2,40.0,2018.0,2,100000.0,CA,0.0,1444,BAplus,1,1,11.51293546492023
6,41,1.0,1.0,1,21.0,1,50.0,2017.0,2,113000.0,CA,1.0,1681,BAplus,1,0,11.635151947212842
6,25,1.0,1.0,5,22.0,2,40.0,2018.0,2,90000.0,CA,0.0,625,BAplus,0,1,11.407576060361786
6,45,1.0,2.0,1,24.0,1,60.0,2017.0,2,110000.0,CA,1.0,2025,BAplus,1,0,11.608244735642321
6,39,1.0,1.0,5,22.0,1,50.0,2017.0,2,160000.0,CA,1.0,1521,BAplus,0,0,11.982935344196433
6,37,7.0,1.0,1,21.0,2,40.0,2017.0,2,208000.0,CA,1.0,1369,BAplus,1,1,12.245298166364206
6,37,7.0,1.0,1,19.0,1,50.0,2017.0,2,100000.0,CA,1.0,1369,SomeCollege,1,0,11.51293546492023
6,51,7.0,2.0,1,22.0,1,30.0,2018.0,2,565000.0,CA,0.0,2601,BAplus,1,0,13.244582780038517
6,36,1.0,1.0,5,22.0,2,40.0,2018.0,2,90000.0,CA,0.0,1296,BAplus,0,1,11.407576060361786
6,30,1.0,1.0,1,22.0,1,40.0,2017.0,2,110000.0,CA,1.0,900,BAplus,1,0,11.608244735642321
6,29,1.0,1.0,1,22.0,2,40.0,2017.0,2,98000.0,CA,1.0,841,BAplus,1,1,11.49273296168228
6,32,1.0,1.0,1,24.0,1,40.0,2017.0,2,150000.0,CA,1.0,1024,BAplus,1,0,11.918397239722838
6,25,1.0,1.0,1,21.0,1,40.0,2018.0,2,106000.0,CA,0.0,625,BAplus,1,0,11.571203807011969
6,53,1.0,1.0,1,22.0,1,56.0,2017.0,2,177000.0,CA,1.0,2809,BAplus,1,0,12.083910661257521
6,46,1.0,2.0,1,24.0,1,45.0,2017.0,2,90000.0,CA,1.0,2116,BAplus,1,0,11.407576060361786
6,32,1.0,1.0,1,21.0,1,40.0,2017.0,2,108000.0,CA,1.0,1024,BAplus,1,0,11.58989576532275
6,45,4.0,1.0,1,24.0,1,50.0,2017.0,2,90000.0,CA,1.0,2025,BAplus,1,0,11.407576060361786
6,28,1.0,1.0,1,22.0,2,70.0,2017.0,2,146000.0,CA,1.0,784,BAplus,1,1,11.891368749982085
6,32,1.0,1.0,1,24.0,1,40.0,2018.0,2,160000.0,CA,0.0,1024,BAplus,1,0,11.982935344196433
6,46,1.0,2.0,1,21.0,1,40.0,2017.0,2,125000.0,CA,1.0,2116,BAplus,1,0,11.736077016252437
6,35,1.0,1.0,1,21.0,1,40.0,2018.0,2,140000.0,CA,0.0,1225,BAplus,1,0,11.849404844423074
6,49,1.0,2.0,1,21.0,1,40.0,2018.0,2,134000.0,CA,0.0,2401,BAplus,1,0,11.80560254159177
6,37,1.0,2.0,1,22.0,2,40.0,2017.0,2,115000.0,CA,1.0,1369,BAplus,1,1,11.652696102959753
6,42,1.0,1.0,1,21.0,1,40.0,2017.0,2,170000.0,CA,1.0,1764,BAplus,1,0,12.04355959836804
6,42,1.0,1.0,1,22.0,1,40.0,2018.0,2,161000.0,CA,0.0,1764,BAplus,1,0,11.989165855127435
6,27,1.0,3.0,1,21.0,1,40.0,2018.0,2,120300.0,CA,0.0,729,BAplus,1,0,11.697752214480175
6,32,1.0,1.0,5,22.0,1,40.0,2017.0,2,197700.0,CA,1.0,1024,BAplus,0,0,12.194511067314858
6,29,1.0,2.0,1,21.0,2,50.0,2018.0,2,90000.0,CA,0.0,841,BAplus,1,1,11.407576060361786
6,34,2.0,1.0,1,21.0,1,40.0,2017.0,2,115000.0,CA,1.0,1156,BAplus,1,0,11.652696102959753
6,31,1.0,2.0,1,22.0,1,60.0,2018.0,2,160000.0,CA,0.0,961,BAplus,1,0,11.982935344196433
6,32,1.0,1.0,1,24.0,1,50.0,2017.0,2,215000.0,CA,1.0,1024,BAplus,1,0,12.278397958261774
6,33,1.0,1.0,1,24.0,2,50.0,2017.0,2,96000.0,CA,1.0,1089,BAplus,1,1,11.472113887062386
6,44,1.0,2.0,1,22.0,2,40.0,2018.0,2,95000.0,CA,0.0,1936,BAplus,1,1,11.461642696843066
6,48,1.0,2.0,1,23.0,1,45.0,2017.0,2,104000.0,CA,1.0,2304,BAplus,1,0,11.552155793461898
6,37,1.0,1.0,1,22.0,1,40.0,2018.0,2,565000.0,CA,0.0,1369,BAplus,1,0,13.244582780038517
6,33,1.0,2.0,1,22.0,1,40.0,2018.0,2,180000.0,CA,0.0,1089,BAplus,1,0,12.100717685412471
6,27,1.0,1.0,5,22.0,1,55.0,2018.0,2,160700.0,CA,0.0,729,BAplus,0,0,11.9873007744816
6,52,1.0,2.0,1,24.0,1,45.0,2018.0,2,100000.0,CA,0.0,2704,BAplus,1,0,11.51293546492023
6,44,1.0,2.0,1,22.0,1,40.0,2017.0,2,90000.0,CA,1.0,1936,BAplus,1,0,11.407576060361786
6,41,7.0,1.0,3,21.0,2,30.0,2017.0,2,84000.0,CA,1.0,1681,BAplus,0,1,11.338583982516495
6,33,1.0,1.0,1,22.0,1,50.0,2017.0,2,162000.0,CA,1.0,1089,BAplus,1,0,11.995357787034976
6,43,1.0,1.0,1,22.0,1,40.0,2018.0,2,115000.0,CA,0.0,1849,BAplus,1,0,11.652696102959753
6,40,1.0,2.0,1,21.0,1,40.0,2017.0,2,120000.0,CA,1.0,1600,BAplus,1,0,11.695255355062795
6,40,1.0,1.0,1,22.0,1,55.0,2018.0,2,150000.0,CA,0.0,1600,BAplus,1,0,11.918397239722838
6,46,1.0,3.0,1,21.0,2,40.0,2017.0,2,125000.0,CA,1.0,2116,BAplus,1,1,11.736077016252437
6,40,1.0,1.0,1,21.0,1,45.0,2018.0,2,99500.0,CA,0.0,1600,BAplus,1,0,11.507922973347437
6,35,1.0,1.0,1,22.0,2,50.0,2018.0,2,140700.0,CA,0.0,1225,BAplus,1,1,11.854392350397763
6,36,1.0,1.0,1,22.0,1,40.0,2017.0,2,123000.0,CA,1.0,1296,BAplus,1,0,11.719947764402807
6,38,1.0,1.0,1,24.0,1,40.0,2017.0,2,132000.0,CA,1.0,1444,BAplus,1,0,11.790564777297387
6,52,1.0,1.0,1,21.0,1,40.0,2017.0,2,105000.0,CA,1.0,2704,BAplus,1,0,11.561725152903833
6,35,1.0,1.0,1,22.0,1,40.0,2017.0,2,180000.0,CA,1.0,1225,BAplus,1,0,12.100717685412471
6,31,1.0,2.0,5,21.0,2,40.0,2018.0,2,160200.0,CA,0.0,961,BAplus,0,1,11.984184555794167
6,29,1.0,1.0,5,22.0,2,40.0,2017.0,2,200000.0,CA,1.0,841,BAplus,0,1,12.206077645517674
6,31,1.0,1.0,1,22.0,2,40.0,2017.0,2,190000.0,CA,1.0,961,BAplus,1,1,12.154784614286667
6,30,1.0,1.0,1,22.0,2,40.0,2017.0,2,110000.0,CA,1.0,900,BAplus,1,1,11.608244735642321
6,32,1.0,1.0,1,21.0,1,40.0,2018.0,2,98000.0,CA,0.0,1024,BAplus,1,0,11.49273296168228
6,53,1.0,1.0,1,21.0,1,50.0,2018.0,2,210000.0,CA,0.0,2809,BAplus,1,0,12.25486757159303
6,30,3.0,1.0,1,24.0,1,40.0,2017.0,2,84000.0,CA,1.0,900,BAplus,1,0,11.338583982516495
6,54,1.0,2.0,1,22.0,1,40.0,2018.0,2,301000.0,CA,0.0,2916,BAplus,1,0,12.614868865984631
6,40,1.0,1.0,1,21.0,2,60.0,2018.0,2,120000.0,CA,0.0,1600,BAplus,1,1,11.695255355062795
6,28,1.0,2.0,5,22.0,1,40.0,2017.0,2,90000.0,CA,1.0,784,BAplus,0,0,11.407576060361786
6,47,1.0,2.0,1,22.0,1,40.0,2017.0,2,125000.0,CA,1.0,2209,BAplus,1,0,11.736077016252437
6,47,5.0,2.0,1,22.0,2,40.0,2017.0,2,140000.0,CA,1.0,2209,BAplus,1,1,11.849404844423074
6,42,1.0,1.0,1,24.0,1,40.0,2018.0,2,100000.0,CA,0.0,1764,BAplus,1,0,11.51293546492023
6,27,1.0,1.0,1,22.0,1,40.0,2017.0,2,110000.0,CA,1.0,729,BAplus,1,0,11.608244735642321
6,38,1.0,1.0,1,22.0,1,50.0,2017.0,2,135000.0,CA,1.0,1444,BAplus,1,0,11.813037464800539
6,33,1.0,1.0,1,22.0,1,55.0,2017.0,2,110000.0,CA,1.0,1089,BAplus,1,0,11.608244735642321
6,29,1.0,1.0,1,21.0,1,40.0,2017.0,2,90000.0,CA,1.0,841,BAplus,1,0,11.407576060361786
6,44,1.0,1.0,5,22.0,1,40.0,2017.0,2,160000.0,CA,1.0,1936,BAplus,0,0,11.982935344196433
6,45,1.0,2.0,1,22.0,1,40.0,2018.0,2,85200.0,CA,0.0,2025,BAplus,1,0,11.352768449837729
6,44,1.0,1.0,1,21.0,1,40.0,2017.0,2,280320.0,CA,1.0,1936,BAplus,1,0,12.543690654075398
6,54,4.0,2.0,1,24.0,1,42.0,2018.0,2,90000.0,CA,0.0,2916,BAplus,1,0,11.407576060361786
6,35,1.0,2.0,1,16.0,1,60.0,2017.0,2,90000.0,CA,1.0,1225,HS,1,0,11.407576060361786
6,46,1.0,1.0,1,24.0,1,45.0,2017.0,2,565500.0,CA,1.0,2116,BAplus,1,0,13.245467342883344
6,30,1.0,2.0,1,24.0,1,40.0,2017.0,2,124230.0,CA,1.0,900,BAplus,1,0,11.72989801476077
6,30,1.0,1.0,1,22.0,1,40.0,2018.0,2,110430.0,CA,0.0,900,BAplus,1,0,11.612146170510453
6,35,1.0,1.0,1,24.0,1,40.0,2017.0,2,161400.0,CA,1.0,1225,BAplus,1,0,11.991647230585656
6,46,1.0,1.0,1,22.0,1,40.0,2017.0,2,100300.0,CA,1.0,2116,BAplus,1,0,11.515930943990057
6,29,1.0,1.0,1,22.0,2,40.0,2017.0,2,135000.0,CA,1.0,841,BAplus,1,1,11.813037464800539
6,30,1.0,2.0,1,22.0,1,48.0,2018.0,2,245000.0,CA,0.0,900,BAplus,1,0,12.409017571151187
6,51,7.0,3.0,1,18.0,2,65.0,2018.0,2,180000.0,CA,0.0,2601,SomeCollege,1,1,12.100717685412471
6,50,1.0,1.0,1,22.0,1,45.0,2017.0,2,250000.0,CA,1.0,2500,BAplus,1,0,12.429220196836383
6,40,1.0,2.0,1,24.0,1,40.0,2018.0,2,305000.0,CA,0.0,1600,BAplus,1,0,12.628070334272698
6,45,2.0,1.0,1,22.0,1,40.0,2017.0,2,125000.0,CA,1.0,2025,BAplus,1,0,11.736077016252437
6,45,1.0,2.0,1,22.0,1,40.0,2017.0,2,108000.0,CA,1.0,2025,BAplus,1,0,11.58989576532275
6,37,1.0,2.0,1,22.0,2,50.0,2018.0,2,84000.0,CA,0.0,1369,BAplus,1,1,11.338583982516495
6,42,1.0,1.0,1,24.0,2,40.0,2018.0,2,115000.0,CA,0.0,1764,BAplus,1,1,11.652696102959753
6,45,1.0,1.0,1,22.0,1,40.0,2017.0,2,165000.0,CA,1.0,2025,BAplus,1,0,12.013706813470414
6,38,1.0,2.0,1,22.0,2,40.0,2017.0,2,115000.0,CA,1.0,1444,BAplus,1,1,11.652696102959753
6,26,1.0,1.0,5,18.0,2,20.0,2017.0,2,250000.0,CA,1.0,676,SomeCollege,0,1,12.429220196836383
6,29,1.0,1.0,5,21.0,1,40.0,2018.0,2,160000.0,CA,0.0,841,BAplus,0,0,11.982935344196433
6,41,1.0,1.0,1,22.0,1,40.0,2018.0,2,84000.0,CA,0.0,1681,BAplus,1,0,11.338583982516495
6,36,1.0,1.0,1,21.0,1,40.0,2017.0,2,175000.0,CA,1.0,1296,BAplus,1,0,12.07254696717504
6,40,1.0,2.0,1,21.0,1,50.0,2018.0,2,565000.0,CA,0.0,1600,BAplus,1,0,13.244582780038517
6,39,1.0,2.0,1,21.0,2,50.0,2017.0,2,150000.0,CA,1.0,1521,BAplus,1,1,11.918397239722838
6,42,1.0,1.0,1,21.0,1,52.0,2017.0,2,250000.0,CA,1.0,1764,BAplus,1,0,12.429220196836383
6,53,1.0,3.0,3,17.0,2,40.0,2018.0,2,86000.0,CA,0.0,2809,HS,0,1,11.362114203075018
6,32,1.0,1.0,1,22.0,2,40.0,2017.0,2,84000.0,CA,1.0,1024,BAplus,1,1,11.338583982516495
6,36,1.0,1.0,1,24.0,1,45.0,2017.0,2,103000.0,CA,1.0,1296,BAplus,1,0,11.542493975902508
6,32,1.0,1.0,1,22.0,1,50.0,2017.0,2,250000.0,CA,1.0,1024,BAplus,1,0,12.429220196836383
6,38,1.0,1.0,1,22.0,1,40.0,2017.0,2,95000.0,CA,1.0,1444,BAplus,1,0,11.461642696843066
6,30,1.0,3.0,5,21.0,1,40.0,2017.0,2,140000.0,CA,1.0,900,BAplus,0,0,11.849404844423074
6,45,1.0,1.0,1,21.0,1,40.0,2017.0,2,125000.0,CA,1.0,2025,BAplus,1,0,11.736077016252437
6,31,1.0,1.0,1,21.0,1,40.0,2018.0,2,97000.0,CA,0.0,961,BAplus,1,0,11.48247656671073
6,36,1.0,2.0,1,22.0,1,40.0,2018.0,2,150000.0,CA,0.0,1296,BAplus,1,0,11.918397239722838
6,32,1.0,1.0,1,22.0,1,40.0,2017.0,2,95000.0,CA,1.0,1024,BAplus,1,0,11.461642696843066
6,27,1.0,1.0,5,22.0,1,50.0,2017.0,2,117500.0,CA,1.0,729,BAplus,0,0,11.674202123168433
6,39,4.0,1.0,5,23.0,1,50.0,2017.0,2,200000.0,CA,1.0,1521,BAplus,0,0,12.206077645517674
6,44,1.0,2.0,1,16.0,2,40.0,2017.0,2,100000.0,CA,1.0,1936,HS,1,1,11.51293546492023
6,38,2.0,2.0,1,15.0,1,40.0,2018.0,2,100000.0,CA,0.0,1444,<HS,1,0,11.51293546492023
6,26,1.0,2.0,5,22.0,1,42.0,2017.0,2,115100.0,CA,1.0,676,BAplus,0,0,11.65356528276954
6,25,1.0,1.0,5,22.0,1,40.0,2017.0,2,166000.0,CA,1.0,625,BAplus,0,0,12.019749091416921
6,35,1.0,1.0,1,24.0,1,50.0,2017.0,2,177700.0,CA,1.0,1225,BAplus,1,0,12.087857641588924
6,29,1.0,1.0,1,22.0,1,40.0,2017.0,2,100000.0,CA,1.0,841,BAplus,1,0,11.51293546492023
6,32,1.0,1.0,1,22.0,1,40.0,2017.0,2,100050.0,CA,1.0,1024,BAplus,1,0,11.513435334964429
6,29,1.0,1.0,5,22.0,1,45.0,2017.0,2,210000.0,CA,1.0,841,BAplus,0,0,12.25486757159303
6,40,1.0,1.0,1,24.0,1,50.0,2018.0,2,136000.0,CA,0.0,1600,BAplus,1,0,11.820417517632333
6,32,5.0,1.0,1,24.0,1,40.0,2017.0,2,91000.0,CA,1.0,1024,BAplus,1,0,11.418625774449596
6,36,1.0,2.0,1,22.0,1,40.0,2017.0,2,127700.0,CA,1.0,1296,BAplus,1,0,11.757446872843532
6,50,3.0,1.0,1,24.0,1,40.0,2017.0,2,150000.0,CA,1.0,2500,BAplus,1,0,11.918397239722838
6,37,1.0,1.0,1,22.0,1,45.0,2017.0,2,201000.0,CA,1.0,1369,BAplus,1,0,12.211065162153215
6,37,1.0,1.0,1,21.0,2,40.0,2017.0,2,150000.0,CA,1.0,1369,BAplus,1,1,11.918397239722838
6,30,1.0,1.0,4,23.0,1,40.0,2017.0,2,130000.0,CA,1.0,900,BAplus,0,0,11.775297421715827
6,40,1.0,1.0,1,21.0,2,65.0,2017.0,2,140000.0,CA,1.0,1600,BAplus,1,1,11.849404844423074
6,33,1.0,1.0,1,21.0,1,40.0,2017.0,2,565000.0,CA,1.0,1089,BAplus,1,0,13.244582780038517
6,34,1.0,2.0,1,18.0,2,40.0,2018.0,2,85000.0,CA,0.0,1156,SomeCollege,1,1,11.350418300109132
6,43,5.0,1.0,1,24.0,1,40.0,2018.0,2,100000.0,CA,0.0,1849,BAplus,1,0,11.51293546492023
6,34,1.0,1.0,1,21.0,2,55.0,2017.0,2,91000.0,CA,1.0,1156,BAplus,1,1,11.418625774449596
6,35,1.0,1.0,1,21.0,1,40.0,2017.0,2,170000.0,CA,1.0,1225,BAplus,1,0,12.04355959836804
6,32,1.0,1.0,1,22.0,1,40.0,2017.0,2,128000.0,CA,1.0,1024,BAplus,1,0,11.759793355371237
6,30,1.0,1.0,1,22.0,1,40.0,2017.0,2,565000.0,CA,1.0,900,BAplus,1,0,13.244582780038517
6,35,1.0,1.0,1,22.0,1,50.0,2017.0,2,160400.0,CA,1.0,1225,BAplus,1,0,11.985432208809083
6,46,1.0,1.0,1,22.0,1,45.0,2017.0,2,115000.0,CA,1.0,2116,BAplus,1,0,11.652696102959753
6,37,1.0,1.0,1,22.0,2,40.0,2018.0,2,128000.0,CA,0.0,1369,BAplus,1,1,11.759793355371237
6,36,1.0,1.0,1,23.0,1,50.0,2017.0,2,120000.0,CA,1.0,1296,BAplus,1,0,11.695255355062795
6,25,1.0,1.0,5,22.0,1,45.0,2017.0,2,140000.0,CA,1.0,625,BAplus,0,0,11.849404844423074
6,25,1.0,1.0,5,22.0,2,45.0,2017.0,2,157000.0,CA,1.0,625,BAplus,0,1,11.964007453736912
6,37,1.0,1.0,1,21.0,1,40.0,2017.0,2,145000.0,CA,1.0,1369,BAplus,1,0,11.884495917930655
6,25,1.0,1.0,5,22.0,1,40.0,2018.0,2,130000.0,CA,0.0,625,BAplus,0,0,11.775297421715827
6,31,1.0,1.0,1,22.0,1,40.0,2018.0,2,301000.0,CA,0.0,961,BAplus,1,0,12.614868865984631
6,35,4.0,1.0,1,24.0,1,40.0,2017.0,2,99000.0,CA,1.0,1225,BAplus,1,0,11.502885230075814
6,41,7.0,2.0,1,16.0,1,40.0,2018.0,2,100000.0,CA,0.0,1681,HS,1,0,11.51293546492023
8,36,1.0,1.0,5,24.0,1,40.0,2018.0,2,61200.0,CO,0.0,1296,BAplus,0,0,11.021918808236205
8,38,1.0,1.0,1,16.0,2,40.0,2017.0,2,62200.0,CO,1.0,1444,HS,1,1,11.038126355768453
8,41,1.0,1.0,1,21.0,1,45.0,2017.0,2,100100.0,CO,1.0,1681,BAplus,1,0,11.513934955263402
8,41,1.0,1.0,1,21.0,1,40.0,2018.0,2,140000.0,CO,0.0,1681,BAplus,1,0,11.849404844423074
8,28,1.0,1.0,5,20.0,2,99.0,2018.0,2,65000.0,CO,0.0,784,SomeCollege,0,1,11.082157933374816
8,31,1.0,2.0,1,21.0,1,40.0,2017.0,2,75000.0,CO,1.0,961,BAplus,1,0,11.225256725762893
8,35,1.0,1.0,1,23.0,1,40.0,2017.0,2,80000.0,CO,1.0,1225,BAplus,1,0,11.289794413577894
8,32,1.0,1.0,1,21.0,1,40.0,2017.0,2,73000.0,CO,1.0,1024,BAplus,1,0,11.19822841866684
8,36,1.0,1.0,5,19.0,1,55.0,2018.0,2,65000.0,CO,0.0,1296,SomeCollege,0,0,11.082157933374816
8,27,2.0,2.0,5,22.0,2,40.0,2017.0,2,60000.0,CO,1.0,729,BAplus,0,1,11.002116507732017
8,34,5.0,1.0,1,21.0,1,60.0,2017.0,2,60000.0,CO,1.0,1156,BAplus,1,0,11.002116507732017
8,39,1.0,1.0,1,23.0,1,60.0,2018.0,2,175000.0,CO,0.0,1521,BAplus,1,0,12.07254696717504
8,29,1.0,1.0,1,23.0,1,40.0,2017.0,2,116000.0,CO,1.0,841,BAplus,1,0,11.661354090741
8,25,1.0,2.0,1,22.0,2,40.0,2018.0,2,62000.0,CO,0.0,625,BAplus,1,1,11.034905792929415
8,37,1.0,1.0,1,21.0,1,40.0,2017.0,2,90000.0,CO,1.0,1369,BAplus,1,0,11.407576060361786
8,49,1.0,1.0,3,20.0,2,40.0,2018.0,2,60000.0,CO,0.0,2401,SomeCollege,0,1,11.002116507732017
8,35,1.0,1.0,1,22.0,1,40.0,2018.0,2,68000.0,CO,0.0,1225,BAplus,1,0,11.127277689932466
9,31,1.0,2.0,1,22.0,1,40.0,2017.0,2,100000.0,CT,1.0,961,BAplus,1,0,11.51293546492023
9,42,7.0,1.0,1,22.0,2,40.0,2018.0,2,100000.0,CT,0.0,1764,BAplus,1,1,11.51293546492023
9,28,1.0,1.0,5,22.0,2,40.0,2017.0,2,82000.0,CT,1.0,784,BAplus,0,1,11.314486721293981
9,36,1.0,1.0,5,22.0,1,48.0,2017.0,2,90000.0,CT,1.0,1296,BAplus,0,0,11.407576060361786
9,34,1.0,1.0,1,22.0,1,40.0,2017.0,2,80000.0,CT,1.0,1156,BAplus,1,0,11.289794413577894
9,38,1.0,1.0,1,21.0,1,40.0,2017.0,2,102000.0,CT,1.0,1444,BAplus,1,0,11.532737896139919
9,37,1.0,1.0,5,23.0,2,48.0,2017.0,2,215000.0,CT,1.0,1369,BAplus,0,1,12.278397958261774
9,46,1.0,1.0,1,22.0,1,60.0,2017.0,2,793000.0,CT,1.0,2116,BAplus,1,0,13.583579761650238
9,48,5.0,1.0,1,22.0,1,45.0,2017.0,2,75000.0,CT,1.0,2304,BAplus,1,0,11.225256725762893
9,41,1.0,1.0,1,22.0,1,40.0,2017.0,2,132500.0,CT,1.0,1681,BAplus,1,0,11.794345471549745
9,32,1.0,1.0,1,22.0,1,45.0,2017.0,2,72000.0,CT,1.0,1024,BAplus,1,0,11.184435286790631
9,28,4.0,2.0,1,19.0,2,40.0,2018.0,2,80000.0,CT,0.0,784,SomeCollege,1,1,11.289794413577894
9,41,1.0,1.0,1,22.0,1,40.0,2017.0,2,96000.0,CT,1.0,1681,BAplus,1,0,11.472113887062386
9,52,1.0,1.0,1,20.0,1,40.0,2017.0,2,136030.0,CT,1.0,2704,SomeCollege,1,0,11.820638079920016
9,29,1.0,3.0,1,21.0,1,40.0,2018.0,2,100300.0,CT,0.0,841,BAplus,1,0,11.515930943990057
9,36,1.0,1.0,1,21.0,1,45.0,2017.0,2,72000.0,CT,1.0,1296,BAplus,1,0,11.184435286790631
9,30,6.0,3.0,3,21.0,1,50.0,2017.0,2,70000.0,CT,1.0,900,BAplus,0,0,11.156264806643742
9,40,1.0,1.0,1,22.0,2,50.0,2018.0,2,100000.0,CT,0.0,1600,BAplus,1,1,11.51293546492023
9,33,1.0,1.0,1,21.0,1,40.0,2017.0,2,80000.0,CT,1.0,1089,BAplus,1,0,11.289794413577894
9,33,2.0,1.0,1,21.0,1,42.0,2018.0,2,82400.0,CT,0.0,1089,BAplus,1,0,11.319352851746254
10,42,1.0,3.0,1,21.0,1,40.0,2017.0,2,92000.0,DE,1.0,1764,BAplus,1,0,11.429554725537322
10,39,1.0,1.0,1,21.0,1,40.0,2017.0,2,96000.0,DE,1.0,1521,BAplus,1,0,11.472113887062386
10,29,1.0,1.0,5,22.0,1,40.0,2017.0,2,70000.0,DE,1.0,841,BAplus,0,0,11.156264806643742
12,44,6.0,3.0,1,20.0,1,40.0,2017.0,2,48000.0,FL,1.0,1936,SomeCollege,1,0,10.778977123006351
12,47,1.0,2.0,4,20.0,1,45.0,2017.0,2,47900.0,FL,1.0,2209,SomeCollege,0,0,10.776891660007811
12,27,1.0,1.0,1,22.0,1,40.0,2018.0,2,95000.0,FL,0.0,729,BAplus,1,0,11.461642696843066
12,38,1.0,2.0,1,21.0,1,40.0,2017.0,2,50000.0,FL,1.0,1444,BAplus,1,0,10.819798284210286
12,47,1.0,1.0,1,21.0,2,60.0,2018.0,2,70000.0,FL,0.0,2209,BAplus,1,1,11.156264806643742
12,42,1.0,1.0,1,22.0,1,45.0,2017.0,2,165000.0,FL,1.0,1764,BAplus,1,0,12.013706813470414
12,37,5.0,2.0,1,21.0,1,40.0,2018.0,2,73000.0,FL,0.0,1369,BAplus,1,0,11.19822841866684
12,31,2.0,1.0,5,22.0,2,35.0,2017.0,2,70000.0,FL,1.0,961,BAplus,0,1,11.156264806643742
12,51,1.0,1.0,1,24.0,1,70.0,2017.0,2,66000.0,FL,1.0,2601,BAplus,1,0,11.097425172408931
12,52,1.0,1.0,1,16.0,1,40.0,2018.0,2,438000.0,FL,0.0,2704,HS,1,0,12.989976472461
12,50,1.0,4.0,1,16.0,1,35.0,2017.0,2,490000.0,FL,1.0,2500,HS,1,0,13.102162710901053
12,44,1.0,1.0,1,22.0,1,44.0,2018.0,2,340000.0,FL,0.0,1936,BAplus,1,0,12.73670383776449
12,27,1.0,4.0,5,18.0,1,50.0,2017.0,2,50000.0,FL,1.0,729,SomeCollege,0,0,10.819798284210286
12,38,1.0,2.0,1,22.0,1,45.0,2017.0,2,79000.0,FL,1.0,1444,BAplus,1,0,11.277215789596893
12,53,1.0,3.0,1,22.0,2,40.0,2017.0,2,70000.0,FL,1.0,2809,BAplus,1,1,11.156264806643742
12,38,1.0,2.0,1,22.0,1,40.0,2017.0,2,63000.0,FL,1.0,1444,BAplus,1,0,11.050905878263567
12,38,2.0,2.0,1,19.0,1,28.0,2018.0,2,51000.0,FL,0.0,1444,SomeCollege,1,0,10.839600519357369
12,42,1.0,1.0,1,22.0,1,55.0,2017.0,2,196000.0,FL,1.0,1764,BAplus,1,0,12.185875040240456
12,39,1.0,1.0,1,22.0,2,50.0,2017.0,2,136000.0,FL,1.0,1521,BAplus,1,1,11.820417517632333
12,29,1.0,1.0,1,21.0,1,40.0,2017.0,2,68000.0,FL,1.0,841,BAplus,1,0,11.127277689932466
12,31,1.0,1.0,5,24.0,2,40.0,2017.0,2,47000.0,FL,1.0,961,BAplus,0,1,10.757924157061597
12,41,1.0,4.0,3,16.0,2,40.0,2017.0,2,74000.0,FL,1.0,1681,HS,0,1,11.211833885608513
12,28,1.0,1.0,5,21.0,1,40.0,2018.0,2,60000.0,FL,0.0,784,BAplus,0,0,11.002116507732017
12,35,1.0,1.0,1,21.0,1,40.0,2017.0,2,87700.0,FL,1.0,1225,BAplus,1,0,11.381688580803818
12,39,4.0,1.0,5,24.0,1,45.0,2018.0,2,60000.0,FL,0.0,1521,BAplus,0,0,11.002116507732017
12,46,5.0,1.0,1,21.0,1,40.0,2017.0,2,96000.0,FL,1.0,2116,BAplus,1,0,11.472113887062386
12,33,1.0,2.0,1,22.0,1,50.0,2018.0,2,60500.0,FL,0.0,1089,BAplus,1,0,11.010415172807951
12,45,7.0,2.0,1,21.0,2,40.0,2017.0,2,90000.0,FL,1.0,2025,BAplus,1,1,11.407576060361786
12,27,1.0,1.0,5,22.0,1,40.0,2018.0,2,80000.0,FL,0.0,729,BAplus,0,0,11.289794413577894
12,47,1.0,2.0,1,24.0,1,50.0,2017.0,2,180000.0,FL,1.0,2209,BAplus,1,0,12.100717685412471
12,33,4.0,1.0,5,23.0,2,52.0,2017.0,2,52000.0,FL,1.0,1089,BAplus,0,1,10.859018228147887
12,40,1.0,1.0,4,21.0,1,40.0,2018.0,2,215000.0,FL,0.0,1600,BAplus,0,0,12.278397958261774
12,31,1.0,2.0,5,20.0,1,45.0,2017.0,2,50000.0,FL,1.0,961,SomeCollege,0,0,10.819798284210286
12,37,1.0,1.0,1,21.0,1,40.0,2017.0,2,105000.0,FL,1.0,1369,BAplus,1,0,11.561725152903833
12,44,4.0,1.0,1,24.0,1,60.0,2017.0,2,110000.0,FL,1.0,1936,BAplus,1,0,11.608244735642321
12,48,1.0,1.0,1,22.0,1,45.0,2017.0,2,154000.0,FL,1.0,2304,BAplus,1,0,11.944714374881176
12,31,1.0,2.0,1,24.0,1,40.0,2017.0,2,47500.0,FL,1.0,961,BAplus,1,0,10.768506042432708
12,37,1.0,1.0,1,20.0,1,50.0,2017.0,2,50000.0,FL,1.0,1369,SomeCollege,1,0,10.819798284210286
12,35,7.0,1.0,1,16.0,1,45.0,2018.0,2,48000.0,FL,0.0,1225,HS,1,0,10.778977123006351
12,30,1.0,1.0,1,23.0,1,45.0,2018.0,2,68000.0,FL,0.0,900,BAplus,1,0,11.127277689932466
12,32,1.0,1.0,1,21.0,2,50.0,2017.0,2,105000.0,FL,1.0,1024,BAplus,1,1,11.561725152903833
12,25,1.0,1.0,1,21.0,2,40.0,2017.0,2,55000.0,FL,1.0,625,BAplus,1,1,10.915106645867503
12,33,1.0,1.0,1,22.0,1,45.0,2017.0,2,90000.0,FL,1.0,1089,BAplus,1,0,11.407576060361786
12,31,1.0,1.0,1,16.0,1,40.0,2018.0,2,198000.0,FL,0.0,961,HS,1,0,12.19602736016897
12,41,7.0,2.0,1,21.0,1,40.0,2018.0,2,48000.0,FL,0.0,1681,BAplus,1,0,10.778977123006351
12,32,5.0,2.0,1,21.0,2,40.0,2017.0,2,90000.0,FL,1.0,1024,BAplus,1,1,11.407576060361786
12,49,1.0,3.0,5,21.0,2,50.0,2017.0,2,100000.0,FL,1.0,2401,BAplus,0,1,11.51293546492023
12,49,1.0,2.0,3,20.0,2,80.0,2017.0,2,55000.0,FL,1.0,2401,SomeCollege,0,1,10.915106645867503
12,27,1.0,1.0,5,21.0,2,45.0,2017.0,2,50000.0,FL,1.0,729,BAplus,0,1,10.819798284210286
12,32,1.0,1.0,1,21.0,1,40.0,2017.0,2,95000.0,FL,1.0,1024,BAplus,1,0,11.461642696843066
12,31,1.0,2.0,5,16.0,2,40.0,2017.0,2,95000.0,FL,1.0,961,HS,0,1,11.461642696843066
12,46,7.0,1.0,1,23.0,1,20.0,2018.0,2,60000.0,FL,0.0,2116,BAplus,1,0,11.002116507732017
12,31,3.0,2.0,1,1.0,1,40.0,2018.0,2,48000.0,FL,0.0,961,<HS,1,0,10.778977123006351
12,33,1.0,1.0,1,22.0,1,50.0,2017.0,2,150000.0,FL,1.0,1089,BAplus,1,0,11.918397239722838
12,48,6.0,1.0,1,22.0,1,42.0,2017.0,2,371000.0,FL,1.0,2304,BAplus,1,0,12.82396003700373
12,34,1.0,1.0,1,23.0,1,40.0,2018.0,2,60000.0,FL,0.0,1156,BAplus,1,0,11.002116507732017
12,29,1.0,2.0,5,21.0,1,50.0,2017.0,2,60000.0,FL,1.0,841,BAplus,0,0,11.002116507732017
12,33,1.0,2.0,5,19.0,2,39.0,2018.0,2,60000.0,FL,0.0,1089,SomeCollege,0,1,11.002116507732017
12,50,3.0,1.0,1,21.0,2,40.0,2017.0,2,47000.0,FL,1.0,2500,BAplus,1,1,10.757924157061597
12,33,1.0,1.0,1,21.0,1,40.0,2017.0,2,76000.0,FL,1.0,1089,BAplus,1,0,11.23850177707664
12,37,6.0,3.0,5,22.0,2,40.0,2018.0,2,50000.0,FL,0.0,1369,BAplus,0,1,10.819798284210286
12,30,1.0,2.0,1,22.0,2,24.0,2017.0,2,75000.0,FL,1.0,900,BAplus,1,1,11.225256725762893
12,31,1.0,2.0,1,21.0,1,45.0,2017.0,2,66000.0,FL,1.0,961,BAplus,1,0,11.097425172408931
12,50,7.0,2.0,1,22.0,1,45.0,2017.0,2,219000.0,FL,1.0,2500,BAplus,1,0,12.296831574998258
12,30,1.0,1.0,1,19.0,2,40.0,2017.0,2,48600.0,FL,1.0,900,SomeCollege,1,1,10.791399385808587
12,34,1.0,4.0,1,19.0,1,40.0,2017.0,2,50000.0,FL,1.0,1156,SomeCollege,1,0,10.819798284210286
12,35,1.0,2.0,5,19.0,2,40.0,2017.0,2,52000.0,FL,1.0,1225,SomeCollege,0,1,10.859018228147887
12,48,1.0,1.0,1,21.0,2,40.0,2017.0,2,80000.0,FL,1.0,2304,BAplus,1,1,11.289794413577894
12,31,1.0,2.0,1,22.0,2,40.0,2018.0,2,90000.0,FL,0.0,961,BAplus,1,1,11.407576060361786
12,50,1.0,4.0,1,19.0,2,55.0,2018.0,2,60000.0,FL,0.0,2500,SomeCollege,1,1,11.002116507732017
12,53,1.0,3.0,5,22.0,1,40.0,2018.0,2,140000.0,FL,0.0,2809,BAplus,0,0,11.849404844423074
12,40,1.0,3.0,3,21.0,2,40.0,2018.0,2,66000.0,FL,0.0,1600,BAplus,0,1,11.097425172408931
12,40,1.0,2.0,1,21.0,1,55.0,2017.0,2,55000.0,FL,1.0,1600,BAplus,1,0,10.915106645867503
12,46,8.0,1.0,1,16.0,1,30.0,2017.0,2,150000.0,FL,1.0,2116,HS,1,0,11.918397239722838
12,46,1.0,1.0,1,19.0,2,50.0,2017.0,2,61000.0,FL,1.0,2116,SomeCollege,1,1,11.0186455364637
12,32,1.0,1.0,5,16.0,1,40.0,2017.0,2,65000.0,FL,1.0,1024,HS,0,0,11.082157933374816
12,44,1.0,1.0,1,21.0,1,40.0,2018.0,2,476000.0,FL,0.0,1936,BAplus,1,0,13.073175234051686
12,28,1.0,1.0,5,22.0,1,20.0,2017.0,2,60000.0,FL,1.0,784,BAplus,0,0,11.002116507732017
12,38,1.0,1.0,1,22.0,1,40.0,2017.0,2,80000.0,FL,1.0,1444,BAplus,1,0,11.289794413577894
12,54,1.0,2.0,1,21.0,2,40.0,2018.0,2,106000.0,FL,0.0,2916,BAplus,1,1,11.571203807011969
12,37,1.0,1.0,1,21.0,1,40.0,2018.0,2,100000.0,FL,0.0,1369,BAplus,1,0,11.51293546492023
12,46,1.0,1.0,1,22.0,1,50.0,2017.0,2,200000.0,FL,1.0,2116,BAplus,1,0,12.206077645517674
12,41,1.0,1.0,1,22.0,1,40.0,2018.0,2,150000.0,FL,0.0,1681,BAplus,1,0,11.918397239722838
12,33,1.0,2.0,5,21.0,1,40.0,2017.0,2,61000.0,FL,1.0,1089,BAplus,0,0,11.0186455364637
12,26,1.0,2.0,5,21.0,1,40.0,2017.0,2,62000.0,FL,1.0,676,BAplus,0,0,11.034905792929415
12,39,2.0,1.0,1,24.0,1,40.0,2018.0,2,100000.0,FL,0.0,1521,BAplus,1,0,11.51293546492023
12,36,5.0,2.0,1,21.0,1,30.0,2017.0,2,67000.0,FL,1.0,1296,BAplus,1,0,11.112462823634855
12,48,1.0,1.0,5,21.0,1,40.0,2017.0,2,75000.0,FL,1.0,2304,BAplus,0,0,11.225256725762893
12,42,1.0,1.0,1,21.0,1,44.0,2017.0,2,476000.0,FL,1.0,1764,BAplus,1,0,13.073175234051686
12,44,1.0,1.0,1,22.0,1,50.0,2017.0,2,100000.0,FL,1.0,1936,BAplus,1,0,11.51293546492023
12,44,1.0,1.0,1,22.0,1,40.0,2018.0,2,100000.0,FL,0.0,1936,BAplus,1,0,11.51293546492023
12,43,1.0,1.0,5,21.0,1,40.0,2017.0,2,50000.0,FL,1.0,1849,BAplus,0,0,10.819798284210286
12,50,7.0,2.0,1,24.0,1,40.0,2017.0,2,50000.0,FL,1.0,2500,BAplus,1,0,10.819798284210286
12,43,1.0,1.0,1,22.0,1,35.0,2018.0,2,95000.0,FL,0.0,1849,BAplus,1,0,11.461642696843066
12,41,1.0,1.0,1,22.0,2,35.0,2018.0,2,70000.0,FL,0.0,1681,BAplus,1,1,11.156264806643742
12,26,1.0,4.0,5,19.0,2,40.0,2017.0,2,57000.0,FL,1.0,676,SomeCollege,0,1,10.950824090522445
12,33,1.0,1.0,1,21.0,1,40.0,2017.0,2,65000.0,FL,1.0,1089,BAplus,1,0,11.082157933374816
12,34,2.0,2.0,1,24.0,1,65.0,2017.0,2,48000.0,FL,1.0,1156,BAplus,1,0,10.778977123006351
12,40,7.0,1.0,1,22.0,1,50.0,2017.0,2,100000.0,FL,1.0,1600,BAplus,1,0,11.51293546492023
12,46,1.0,1.0,1,22.0,1,48.0,2017.0,2,240000.0,FL,1.0,2116,BAplus,1,0,12.388398368982115
12,36,1.0,1.0,1,22.0,1,40.0,2017.0,2,60000.0,FL,1.0,1296,BAplus,1,0,11.002116507732017
12,43,1.0,2.0,1,21.0,1,40.0,2017.0,2,115060.0,FL,1.0,1849,BAplus,1,0,11.653217701497194
12,50,1.0,3.0,1,23.0,1,50.0,2018.0,2,254000.0,FL,0.0,2500,BAplus,1,0,12.445093483000798
12,38,1.0,2.0,1,22.0,1,40.0,2018.0,2,230000.0,FL,0.0,1444,BAplus,1,0,12.345838935721968
12,49,1.0,1.0,1,23.0,2,20.0,2017.0,2,50000.0,FL,1.0,2401,BAplus,1,1,10.819798284210286
12,28,1.0,3.0,4,21.0,1,40.0,2017.0,2,56000.0,FL,1.0,784,BAplus,0,0,10.933124826700707
12,33,1.0,1.0,4,21.0,1,40.0,2018.0,2,135000.0,FL,0.0,1089,BAplus,0,0,11.813037464800539
12,31,3.0,1.0,5,16.0,2,48.0,2017.0,2,50000.0,FL,1.0,961,HS,0,1,10.819798284210286
12,30,1.0,1.0,5,19.0,1,48.0,2017.0,2,50000.0,FL,1.0,900,SomeCollege,0,0,10.819798284210286
12,40,7.0,1.0,5,24.0,1,60.0,2018.0,2,98000.0,FL,0.0,1600,BAplus,0,0,11.49273296168228
12,33,1.0,1.0,1,22.0,1,40.0,2017.0,2,78000.0,FL,1.0,1089,BAplus,1,0,11.264476926102367
12,43,1.0,1.0,1,22.0,2,40.0,2017.0,2,132000.0,FL,1.0,1849,BAplus,1,1,11.790564777297387
12,34,2.0,1.0,1,22.0,2,55.0,2018.0,2,65000.0,FL,0.0,1156,BAplus,1,1,11.082157933374816
12,35,1.0,1.0,1,21.0,1,40.0,2017.0,2,80000.0,FL,1.0,1225,BAplus,1,0,11.289794413577894
12,34,1.0,1.0,5,21.0,1,40.0,2017.0,2,70000.0,FL,1.0,1156,BAplus,0,0,11.156264806643742
12,31,1.0,1.0,1,22.0,1,40.0,2018.0,2,75000.0,FL,0.0,961,BAplus,1,0,11.225256725762893
12,54,1.0,1.0,1,22.0,1,40.0,2017.0,2,120000.0,FL,1.0,2916,BAplus,1,0,11.695255355062795
12,28,1.0,1.0,1,22.0,1,40.0,2018.0,2,60000.0,FL,0.0,784,BAplus,1,0,11.002116507732017
13,30,1.0,1.0,3,22.0,2,45.0,2018.0,2,80000.0,GA,0.0,900,BAplus,0,1,11.289794413577894
13,36,5.0,1.0,1,23.0,1,48.0,2018.0,2,123000.0,GA,0.0,1296,BAplus,1,0,11.719947764402807
13,36,1.0,1.0,1,21.0,1,40.0,2017.0,2,130000.0,GA,1.0,1296,BAplus,1,0,11.775297421715827
13,25,6.0,2.0,1,21.0,2,40.0,2017.0,2,75000.0,GA,1.0,625,BAplus,1,1,11.225256725762893
13,38,1.0,1.0,1,22.0,1,40.0,2018.0,2,100000.0,GA,0.0,1444,BAplus,1,0,11.51293546492023
13,25,4.0,1.0,5,22.0,1,40.0,2018.0,2,50000.0,GA,0.0,625,BAplus,0,0,10.819798284210286
13,35,1.0,1.0,1,21.0,1,40.0,2017.0,2,90040.0,GA,1.0,1225,BAplus,1,0,11.40802040113403
13,34,1.0,1.0,1,21.0,2,40.0,2017.0,2,135030.0,GA,1.0,1156,BAplus,1,1,11.813259660689349
13,39,1.0,1.0,5,21.0,1,50.0,2018.0,2,80000.0,GA,0.0,1521,BAplus,0,0,11.289794413577894
13,39,1.0,1.0,1,21.0,1,40.0,2017.0,2,90000.0,GA,1.0,1521,BAplus,1,0,11.407576060361786
13,34,1.0,1.0,1,22.0,1,40.0,2017.0,2,80000.0,GA,1.0,1156,BAplus,1,0,11.289794413577894
13,36,1.0,1.0,1,21.0,1,40.0,2017.0,2,178000.0,GA,1.0,1296,BAplus,1,0,12.08954444723597
13,36,1.0,1.0,1,21.0,2,40.0,2017.0,2,89000.0,GA,1.0,1296,BAplus,1,1,11.39640288460621
13,46,1.0,2.0,1,19.0,1,56.0,2018.0,2,145000.0,GA,0.0,2116,SomeCollege,1,0,11.884495917930655
13,31,7.0,2.0,1,18.0,1,55.0,2017.0,2,125000.0,GA,1.0,961,SomeCollege,1,0,11.736077016252437
13,37,5.0,1.0,1,21.0,1,40.0,2018.0,2,118000.0,GA,0.0,1369,BAplus,1,0,11.678448377988165
13,37,1.0,1.0,2,22.0,2,40.0,2018.0,2,87000.0,GA,0.0,1369,BAplus,0,1,11.373674891823535
13,41,1.0,1.0,4,21.0,1,40.0,2017.0,2,113000.0,GA,1.0,1681,BAplus,0,0,11.635151947212842
13,41,1.0,1.0,5,21.0,2,40.0,2017.0,2,83000.0,GA,1.0,1681,BAplus,0,1,11.326607934898927
13,51,1.0,2.0,3,16.0,2,70.0,2017.0,2,50400.0,GA,1.0,2601,HS,0,1,10.827766295132466
13,27,1.0,1.0,5,19.0,2,40.0,2017.0,2,52000.0,GA,1.0,729,SomeCollege,0,1,10.859018228147887
13,54,1.0,4.0,1,18.0,1,50.0,2017.0,2,75000.0,GA,1.0,2916,SomeCollege,1,0,11.225256725762893
13,36,1.0,1.0,5,22.0,1,40.0,2017.0,2,140000.0,GA,1.0,1296,BAplus,0,0,11.849404844423074
13,35,1.0,1.0,1,24.0,1,50.0,2017.0,2,90000.0,GA,1.0,1225,BAplus,1,0,11.407576060361786
13,48,1.0,1.0,1,22.0,1,48.0,2018.0,2,471000.0,GA,0.0,2304,BAplus,1,0,13.062615496138552
13,30,1.0,1.0,5,22.0,2,40.0,2018.0,2,65000.0,GA,0.0,900,BAplus,0,1,11.082157933374816
13,50,5.0,2.0,1,21.0,1,50.0,2017.0,2,100000.0,GA,1.0,2500,BAplus,1,0,11.51293546492023
13,25,1.0,3.0,5,1.0,1,40.0,2017.0,2,50000.0,GA,1.0,625,<HS,0,0,10.819798284210286
13,30,7.0,2.0,1,16.0,1,40.0,2018.0,2,50000.0,GA,0.0,900,HS,1,0,10.819798284210286
13,32,1.0,2.0,1,21.0,1,40.0,2017.0,2,50000.0,GA,1.0,1024,BAplus,1,0,10.819798284210286
13,37,1.0,2.0,1,22.0,1,55.0,2018.0,2,120000.0,GA,0.0,1369,BAplus,1,0,11.695255355062795
13,27,1.0,1.0,5,22.0,1,40.0,2018.0,2,60000.0,GA,0.0,729,BAplus,0,0,11.002116507732017
13,45,1.0,1.0,1,24.0,1,48.0,2017.0,2,80000.0,GA,1.0,2025,BAplus,1,0,11.289794413577894
13,34,1.0,2.0,1,22.0,1,40.0,2017.0,2,60000.0,GA,1.0,1156,BAplus,1,0,11.002116507732017
13,33,1.0,1.0,1,21.0,1,40.0,2017.0,2,70000.0,GA,1.0,1089,BAplus,1,0,11.156264806643742
13,34,1.0,1.0,1,21.0,1,40.0,2017.0,2,84000.0,GA,1.0,1156,BAplus,1,0,11.338583982516495
13,31,1.0,1.0,1,21.0,2,40.0,2017.0,2,70000.0,GA,1.0,961,BAplus,1,1,11.156264806643742
13,31,1.0,1.0,1,21.0,1,40.0,2017.0,2,96300.0,GA,1.0,961,BAplus,1,0,11.475233981948293
13,44,1.0,1.0,1,22.0,1,60.0,2017.0,2,145000.0,GA,1.0,1936,BAplus,1,0,11.884495917930655
13,30,1.0,1.0,1,16.0,1,40.0,2018.0,2,75000.0,GA,0.0,900,HS,1,0,11.225256725762893
15,27,1.0,1.0,1,21.0,2,45.0,2017.0,2,65000.0,HI,1.0,729,BAplus,1,1,11.082157933374816
15,40,1.0,2.0,1,21.0,1,40.0,2017.0,2,105000.0,HI,1.0,1600,BAplus,1,0,11.561725152903833
15,35,1.0,2.0,1,21.0,1,40.0,2017.0,2,40000.0,HI,1.0,1225,BAplus,1,0,10.596659732783579
15,32,1.0,2.0,1,16.0,1,40.0,2018.0,2,80000.0,HI,0.0,1024,HS,1,0,11.289794413577894
15,45,4.0,1.0,1,24.0,1,40.0,2017.0,2,40000.0,HI,1.0,2025,BAplus,1,0,10.596659732783579
15,44,7.0,3.0,1,22.0,1,40.0,2018.0,2,70000.0,HI,0.0,1936,BAplus,1,0,11.156264806643742
15,49,1.0,3.0,3,19.0,1,20.0,2017.0,2,58000.0,HI,1.0,2401,SomeCollege,0,0,10.968215530759236
16,27,1.0,1.0,5,22.0,1,40.0,2018.0,2,74000.0,ID,0.0,729,BAplus,0,0,11.211833885608513
16,49,1.0,1.0,1,21.0,1,60.0,2017.0,2,110000.0,ID,1.0,2401,BAplus,1,0,11.608244735642321
17,42,1.0,1.0,1,21.0,2,55.0,2017.0,2,200000.0,IL,1.0,1764,BAplus,1,1,12.206077645517674
17,37,1.0,2.0,1,22.0,1,45.0,2017.0,2,90000.0,IL,1.0,1369,BAplus,1,0,11.407576060361786
17,36,2.0,1.0,4,21.0,1,40.0,2017.0,2,130070.0,IL,1.0,1296,BAplus,0,0,11.775835734196143
17,36,1.0,1.0,1,22.0,1,40.0,2017.0,2,80000.0,IL,1.0,1296,BAplus,1,0,11.289794413577894
17,33,1.0,1.0,1,22.0,2,40.0,2017.0,2,102500.0,IL,1.0,1089,BAplus,1,1,11.537627833610571
17,33,1.0,1.0,1,21.0,1,40.0,2017.0,2,107500.0,IL,1.0,1089,BAplus,1,0,11.58525542883217
17,36,1.0,1.0,1,22.0,1,40.0,2017.0,2,95000.0,IL,1.0,1296,BAplus,1,0,11.461642696843066
17,39,1.0,1.0,1,22.0,1,40.0,2017.0,2,150000.0,IL,1.0,1521,BAplus,1,0,11.918397239722838
17,27,1.0,1.0,1,22.0,1,40.0,2017.0,2,104000.0,IL,1.0,729,BAplus,1,0,11.552155793461898
17,31,1.0,1.0,1,22.0,1,40.0,2017.0,2,112000.0,IL,1.0,961,BAplus,1,0,11.626263078808801
17,46,1.0,1.0,1,21.0,2,50.0,2018.0,2,100000.0,IL,0.0,2116,BAplus,1,1,11.51293546492023
17,51,1.0,1.0,1,21.0,1,40.0,2018.0,2,90000.0,IL,0.0,2601,BAplus,1,0,11.407576060361786
17,35,1.0,1.0,3,21.0,1,40.0,2017.0,2,90000.0,IL,1.0,1225,BAplus,0,0,11.407576060361786
17,30,1.0,1.0,1,22.0,2,40.0,2017.0,2,150000.0,IL,1.0,900,BAplus,1,1,11.918397239722838
17,40,1.0,1.0,1,22.0,1,42.0,2017.0,2,150500.0,IL,1.0,1600,BAplus,1,0,11.921725007667265
17,34,1.0,1.0,1,21.0,2,25.0,2017.0,2,80000.0,IL,1.0,1156,BAplus,1,1,11.289794413577894
17,36,1.0,1.0,1,21.0,2,40.0,2017.0,2,135000.0,IL,1.0,1296,BAplus,1,1,11.813037464800539
17,32,1.0,1.0,1,22.0,1,40.0,2017.0,2,87000.0,IL,1.0,1024,BAplus,1,0,11.373674891823535
17,46,1.0,3.0,3,21.0,1,75.0,2018.0,2,120000.0,IL,0.0,2116,BAplus,0,0,11.695255355062795
17,35,1.0,2.0,3,24.0,2,50.0,2017.0,2,124000.0,IL,1.0,1225,BAplus,0,1,11.728044909070785
17,48,1.0,1.0,5,21.0,1,40.0,2017.0,2,135400.0,IL,1.0,2304,BAplus,0,0,11.81599602495741
17,29,1.0,2.0,5,23.0,1,40.0,2017.0,2,150000.0,IL,1.0,841,BAplus,0,0,11.918397239722838
17,33,1.0,1.0,1,21.0,2,40.0,2017.0,2,90000.0,IL,1.0,1089,BAplus,1,1,11.407576060361786
17,38,1.0,1.0,1,22.0,1,45.0,2017.0,2,200050.0,IL,1.0,1444,BAplus,1,0,12.2063276130232
17,38,1.0,1.0,1,22.0,2,40.0,2017.0,2,120000.0,IL,1.0,1444,BAplus,1,1,11.695255355062795
17,37,5.0,1.0,1,24.0,2,40.0,2017.0,2,85000.0,IL,1.0,1369,BAplus,1,1,11.350418300109132
17,35,1.0,1.0,1,24.0,1,60.0,2017.0,2,140000.0,IL,1.0,1225,BAplus,1,0,11.849404844423074
17,25,1.0,1.0,5,23.0,1,40.0,2017.0,2,80000.0,IL,1.0,625,BAplus,0,0,11.289794413577894
17,46,1.0,1.0,3,22.0,1,50.0,2017.0,2,96000.0,IL,1.0,2116,BAplus,0,0,11.472113887062386
17,42,1.0,1.0,1,21.0,1,40.0,2017.0,2,93000.0,IL,1.0,1764,BAplus,1,0,11.440365524765756
17,54,6.0,1.0,1,24.0,1,45.0,2017.0,2,91000.0,IL,1.0,2916,BAplus,1,0,11.418625774449596
17,40,1.0,1.0,1,22.0,2,50.0,2018.0,2,210000.0,IL,0.0,1600,BAplus,1,1,12.25486757159303
17,35,1.0,1.0,1,21.0,1,40.0,2018.0,2,253000.0,IL,0.0,1225,BAplus,1,0,12.441148720271016
17,32,1.0,3.0,1,16.0,1,40.0,2017.0,2,100000.0,IL,1.0,1024,HS,1,0,11.51293546492023
17,35,1.0,1.0,1,21.0,1,40.0,2017.0,2,90000.0,IL,1.0,1225,BAplus,1,0,11.407576060361786
17,32,1.0,2.0,5,23.0,1,40.0,2017.0,2,80000.0,IL,1.0,1024,BAplus,0,0,11.289794413577894
17,34,1.0,2.0,1,22.0,1,50.0,2017.0,2,170000.0,IL,1.0,1156,BAplus,1,0,12.04355959836804
17,36,1.0,1.0,1,22.0,1,40.0,2017.0,2,100000.0,IL,1.0,1296,BAplus,1,0,11.51293546492023
17,31,1.0,1.0,1,22.0,1,40.0,2017.0,2,100000.0,IL,1.0,961,BAplus,1,0,11.51293546492023
17,40,1.0,1.0,1,22.0,1,40.0,2018.0,2,112000.0,IL,0.0,1600,BAplus,1,0,11.626263078808801
17,45,1.0,2.0,1,23.0,1,70.0,2017.0,2,113000.0,IL,1.0,2025,BAplus,1,0,11.635151947212842
17,29,1.0,1.0,5,20.0,1,40.0,2017.0,2,144000.0,IL,1.0,841,SomeCollege,0,0,11.87757552297847
18,50,1.0,1.0,1,22.0,2,70.0,2018.0,2,422000.0,IN,0.0,2500,BAplus,1,1,12.952762962683588
18,50,6.0,1.0,1,22.0,1,40.0,2018.0,2,290000.0,IN,0.0,2500,BAplus,1,0,12.577639650232573
18,40,1.0,2.0,1,22.0,1,50.0,2017.0,2,160000.0,IN,1.0,1600,BAplus,1,0,11.982935344196433
18,40,1.0,2.0,1,22.0,2,40.0,2017.0,2,85000.0,IN,1.0,1600,BAplus,1,1,11.350418300109132
18,40,1.0,1.0,1,24.0,2,46.0,2017.0,2,80000.0,IN,1.0,1600,BAplus,1,1,11.289794413577894
18,47,1.0,1.0,1,22.0,1,60.0,2017.0,2,160000.0,IN,1.0,2209,BAplus,1,0,11.982935344196433
18,30,1.0,1.0,5,22.0,1,40.0,2017.0,2,61000.0,IN,1.0,900,BAplus,0,0,11.0186455364637
18,30,1.0,2.0,5,21.0,1,40.0,2017.0,2,60000.0,IN,1.0,900,BAplus,0,0,11.002116507732017
18,31,1.0,3.0,1,18.0,1,75.0,2017.0,2,60560.0,IN,1.0,961,SomeCollege,1,0,11.011406400524537
18,47,1.0,2.0,1,21.0,1,50.0,2017.0,2,60000.0,IN,1.0,2209,BAplus,1,0,11.002116507732017
18,45,1.0,1.0,1,21.0,1,40.0,2017.0,2,81000.0,IN,1.0,2025,BAplus,1,0,11.302216779257382
18,30,4.0,1.0,5,22.0,1,40.0,2017.0,2,54400.0,IN,1.0,900,BAplus,0,0,10.904137815028022
18,40,1.0,2.0,1,21.0,1,40.0,2017.0,2,61000.0,IN,1.0,1600,BAplus,1,0,11.0186455364637
19,35,1.0,1.0,1,22.0,1,40.0,2017.0,2,75000.0,IA,1.0,1225,BAplus,1,0,11.225256725762893
19,33,2.0,1.0,1,23.0,2,80.0,2017.0,2,50000.0,IA,1.0,1089,BAplus,1,1,10.819798284210286
19,43,1.0,1.0,1,24.0,2,40.0,2018.0,2,140000.0,IA,0.0,1849,BAplus,1,1,11.849404844423074
19,43,1.0,1.0,1,24.0,1,40.0,2018.0,2,130000.0,IA,0.0,1849,BAplus,1,0,11.775297421715827
19,31,1.0,1.0,1,21.0,1,50.0,2018.0,2,69000.0,IA,0.0,961,BAplus,1,0,11.141876276228
19,40,2.0,1.0,1,22.0,2,50.0,2017.0,2,95000.0,IA,1.0,1600,BAplus,1,1,11.461642696843066
19,36,1.0,2.0,1,21.0,1,40.0,2017.0,2,50000.0,IA,1.0,1296,BAplus,1,0,10.819798284210286
20,32,1.0,1.0,3,22.0,1,40.0,2018.0,2,42000.0,KS,0.0,1024,BAplus,0,0,10.645448706505872
20,28,1.0,1.0,5,22.0,1,40.0,2018.0,2,33900.0,KS,0.0,784,BAplus,0,0,10.431199791458543
20,42,1.0,1.0,1,19.0,2,40.0,2017.0,2,40000.0,KS,1.0,1764,SomeCollege,1,1,10.596659732783579
20,29,1.0,2.0,1,19.0,1,40.0,2017.0,2,40000.0,KS,1.0,841,SomeCollege,1,0,10.596659732783579
20,30,1.0,1.0,5,15.0,1,50.0,2017.0,2,62000.0,KS,1.0,900,<HS,0,0,11.034905792929415
20,31,2.0,1.0,1,24.0,1,90.0,2017.0,2,35000.0,KS,1.0,961,BAplus,1,0,10.463131911491967
20,47,1.0,2.0,3,16.0,2,40.0,2017.0,2,40000.0,KS,1.0,2209,HS,0,1,10.596659732783579
21,29,1.0,2.0,5,20.0,1,45.0,2017.0,2,45000.0,KY,1.0,841,SomeCollege,0,0,10.714439990727769
21,29,1.0,2.0,5,20.0,1,40.0,2017.0,2,42000.0,KY,1.0,841,SomeCollege,0,0,10.645448706505872
21,29,1.0,3.0,4,22.0,1,70.0,2017.0,2,72000.0,KY,1.0,841,BAplus,0,0,11.184435286790631
21,31,1.0,3.0,1,21.0,1,50.0,2017.0,2,90000.0,KY,1.0,961,BAplus,1,0,11.407576060361786
21,41,1.0,1.0,1,24.0,2,20.0,2017.0,2,60000.0,KY,1.0,1681,BAplus,1,1,11.002116507732017
21,38,1.0,1.0,4,22.0,1,40.0,2018.0,2,109070.0,KY,0.0,1444,BAplus,0,0,11.599754325304707
21,40,1.0,3.0,5,16.0,1,40.0,2018.0,2,42000.0,KY,0.0,1600,HS,0,0,10.645448706505872
21,52,1.0,3.0,1,16.0,1,40.0,2018.0,2,42000.0,KY,0.0,2704,HS,1,0,10.645448706505872
21,29,1.0,3.0,5,16.0,1,40.0,2018.0,2,42000.0,KY,0.0,841,HS,0,0,10.645448706505872
21,35,1.0,2.0,1,21.0,2,40.0,2017.0,2,50000.0,KY,1.0,1225,BAplus,1,1,10.819798284210286
21,42,6.0,1.0,4,18.0,1,50.0,2017.0,2,125000.0,KY,1.0,1764,SomeCollege,0,0,11.736077016252437
22,31,2.0,1.0,5,21.0,2,40.0,2017.0,2,65000.0,LA,1.0,961,BAplus,0,1,11.082157933374816
22,34,1.0,1.0,5,24.0,2,40.0,2017.0,2,115380.0,LA,1.0,1156,BAplus,0,1,11.655994974786669
22,37,1.0,1.0,5,24.0,1,50.0,2017.0,2,122000.0,LA,1.0,1369,BAplus,0,0,11.711784520403112
22,51,7.0,3.0,1,1.0,1,40.0,2018.0,2,65000.0,LA,0.0,2601,<HS,1,0,11.082157933374816
23,29,1.0,1.0,5,23.0,2,70.0,2017.0,2,58000.0,ME,1.0,841,BAplus,0,1,10.968215530759236
24,26,1.0,1.0,1,22.0,2,40.0,2017.0,2,75000.0,MD,1.0,676,BAplus,1,1,11.225256725762893
24,45,1.0,1.0,1,24.0,1,40.0,2018.0,2,90000.0,MD,0.0,2025,BAplus,1,0,11.407576060361786
24,33,2.0,1.0,1,21.0,2,40.0,2017.0,2,75000.0,MD,1.0,1089,BAplus,1,1,11.225256725762893
24,48,5.0,2.0,1,22.0,1,36.0,2017.0,2,140000.0,MD,1.0,2304,BAplus,1,0,11.849404844423074
24,44,1.0,1.0,1,21.0,1,40.0,2017.0,2,190000.0,MD,1.0,1936,BAplus,1,0,12.154784614286667
24,26,1.0,1.0,1,22.0,2,40.0,2018.0,2,502200.0,MD,0.0,676,BAplus,1,1,13.12675571694219
24,49,1.0,3.0,1,21.0,1,40.0,2017.0,2,180000.0,MD,1.0,2401,BAplus,1,0,12.100717685412471
24,42,1.0,1.0,1,22.0,1,40.0,2018.0,2,154000.0,MD,0.0,1764,BAplus,1,0,11.944714374881176
24,25,1.0,1.0,5,21.0,1,40.0,2018.0,2,120000.0,MD,0.0,625,BAplus,0,0,11.695255355062795
24,51,1.0,1.0,1,21.0,1,40.0,2017.0,2,256000.0,MD,1.0,2601,BAplus,1,0,12.45293662970407
24,47,5.0,1.0,1,22.0,2,40.0,2017.0,2,116000.0,MD,1.0,2209,BAplus,1,1,11.661354090741
24,38,1.0,1.0,5,21.0,2,40.0,2017.0,2,70000.0,MD,1.0,1444,BAplus,0,1,11.156264806643742
24,30,1.0,1.0,1,22.0,1,40.0,2017.0,2,87000.0,MD,1.0,900,BAplus,1,0,11.373674891823535
24,47,3.0,3.0,1,22.0,1,40.0,2018.0,2,90000.0,MD,0.0,2209,BAplus,1,0,11.407576060361786
24,36,2.0,1.0,1,22.0,1,40.0,2017.0,2,160000.0,MD,1.0,1296,BAplus,1,0,11.982935344196433
24,35,1.0,2.0,1,22.0,1,40.0,2018.0,2,100000.0,MD,0.0,1225,BAplus,1,0,11.51293546492023
24,48,5.0,3.0,1,24.0,1,40.0,2018.0,2,83000.0,MD,0.0,2304,BAplus,1,0,11.326607934898927
24,45,4.0,3.0,1,20.0,1,40.0,2017.0,2,77000.0,MD,1.0,2025,SomeCollege,1,0,11.251573687764477
24,34,1.0,1.0,1,21.0,1,40.0,2017.0,2,100000.0,MD,1.0,1156,BAplus,1,0,11.51293546492023
24,34,1.0,1.0,1,22.0,2,40.0,2017.0,2,80000.0,MD,1.0,1156,BAplus,1,1,11.289794413577894
24,35,1.0,1.0,1,21.0,1,40.0,2017.0,2,90000.0,MD,1.0,1225,BAplus,1,0,11.407576060361786
24,50,5.0,1.0,1,22.0,1,40.0,2018.0,2,210000.0,MD,0.0,2500,BAplus,1,0,12.25486757159303
24,49,1.0,1.0,1,22.0,1,40.0,2018.0,2,170000.0,MD,0.0,2401,BAplus,1,0,12.04355959836804
24,42,1.0,2.0,5,24.0,1,40.0,2018.0,2,75200.0,MD,0.0,1764,BAplus,0,0,11.227919807721856
25,33,2.0,2.0,1,22.0,1,30.0,2018.0,2,105000.0,MA,0.0,1089,BAplus,1,0,11.561725152903833
25,40,2.0,1.0,5,20.0,1,40.0,2018.0,2,120000.0,MA,0.0,1600,SomeCollege,0,0,11.695255355062795
25,37,1.0,2.0,1,24.0,1,40.0,2017.0,2,110000.0,MA,1.0,1369,BAplus,1,0,11.608244735642321
25,33,2.0,1.0,1,22.0,2,40.0,2017.0,2,70000.0,MA,1.0,1089,BAplus,1,1,11.156264806643742
25,33,1.0,1.0,3,22.0,1,40.0,2017.0,2,120800.0,MA,1.0,1089,BAplus,0,0,11.701899842594283
25,31,1.0,1.0,1,22.0,1,45.0,2017.0,2,85000.0,MA,1.0,961,BAplus,1,0,11.350418300109132
25,41,1.0,2.0,1,22.0,1,40.0,2017.0,2,90000.0,MA,1.0,1681,BAplus,1,0,11.407576060361786
25,36,1.0,1.0,1,16.0,2,40.0,2017.0,2,80000.0,MA,1.0,1296,HS,1,1,11.289794413577894
25,46,1.0,2.0,1,16.0,1,40.0,2017.0,2,63000.0,MA,1.0,2116,HS,1,0,11.050905878263567
25,30,1.0,1.0,5,22.0,2,40.0,2018.0,2,95000.0,MA,0.0,900,BAplus,0,1,11.461642696843066
25,36,1.0,3.0,1,19.0,2,40.0,2017.0,2,69000.0,MA,1.0,1296,SomeCollege,1,1,11.141876276228
25,35,6.0,3.0,1,19.0,1,40.0,2017.0,2,85000.0,MA,1.0,1225,SomeCollege,1,0,11.350418300109132
25,30,2.0,1.0,1,21.0,2,45.0,2018.0,2,90000.0,MA,0.0,900,BAplus,1,1,11.407576060361786
25,46,1.0,2.0,3,22.0,2,40.0,2018.0,2,90000.0,MA,0.0,2116,BAplus,0,1,11.407576060361786
25,28,1.0,2.0,1,22.0,2,40.0,2017.0,2,96000.0,MA,1.0,784,BAplus,1,1,11.472113887062386
25,39,1.0,1.0,1,22.0,1,45.0,2017.0,2,165000.0,MA,1.0,1521,BAplus,1,0,12.013706813470414
25,36,1.0,1.0,1,22.0,1,40.0,2018.0,2,115000.0,MA,0.0,1296,BAplus,1,0,11.652696102959753
25,34,1.0,1.0,1,22.0,2,40.0,2018.0,2,125050.0,MA,0.0,1156,BAplus,1,1,11.736476933075071
25,35,1.0,1.0,1,21.0,1,40.0,2017.0,2,96000.0,MA,1.0,1225,BAplus,1,0,11.472113887062386
25,36,6.0,1.0,1,21.0,1,66.0,2017.0,2,92000.0,MA,1.0,1296,BAplus,1,0,11.429554725537322
25,52,1.0,1.0,1,23.0,1,40.0,2017.0,2,72000.0,MA,1.0,2704,BAplus,1,0,11.184435286790631
25,32,1.0,2.0,1,22.0,1,40.0,2017.0,2,100400.0,MA,1.0,1024,BAplus,1,0,11.516927446349527
25,33,1.0,1.0,1,22.0,1,40.0,2017.0,2,121000.0,MA,1.0,1089,BAplus,1,0,11.703554089007538
25,36,1.0,1.0,5,22.0,2,50.0,2018.0,2,150000.0,MA,0.0,1296,BAplus,0,1,11.918397239722838
25,30,1.0,1.0,5,21.0,2,45.0,2017.0,2,75000.0,MA,1.0,900,BAplus,0,1,11.225256725762893
25,37,1.0,2.0,1,24.0,1,50.0,2017.0,2,120000.0,MA,1.0,1369,BAplus,1,0,11.695255355062795
25,41,1.0,1.0,1,21.0,1,40.0,2018.0,2,100000.0,MA,0.0,1681,BAplus,1,0,11.51293546492023
25,31,2.0,1.0,5,24.0,1,40.0,2017.0,2,275000.0,MA,1.0,961,BAplus,0,0,12.524530013005734
25,29,2.0,3.0,4,21.0,1,35.0,2017.0,2,82300.0,MA,1.0,841,BAplus,0,0,11.31813853725963
25,33,1.0,2.0,5,21.0,1,40.0,2018.0,2,80000.0,MA,0.0,1089,BAplus,0,0,11.289794413577894
25,33,1.0,1.0,1,24.0,1,40.0,2018.0,2,175000.0,MA,0.0,1089,BAplus,1,0,12.07254696717504
25,42,1.0,1.0,1,21.0,1,55.0,2017.0,2,165000.0,MA,1.0,1764,BAplus,1,0,12.013706813470414
25,41,1.0,2.0,1,22.0,1,40.0,2017.0,2,104000.0,MA,1.0,1681,BAplus,1,0,11.552155793461898
25,37,2.0,1.0,1,24.0,1,45.0,2018.0,2,100000.0,MA,0.0,1369,BAplus,1,0,11.51293546492023
25,27,1.0,1.0,5,19.0,2,40.0,2017.0,2,65000.0,MA,1.0,729,SomeCollege,0,1,11.082157933374816
25,41,1.0,1.0,1,22.0,1,40.0,2018.0,2,70000.0,MA,0.0,1681,BAplus,1,0,11.156264806643742
25,31,6.0,2.0,3,19.0,1,80.0,2018.0,2,127000.0,MA,0.0,961,SomeCollege,0,0,11.751950239425476
25,47,1.0,2.0,1,21.0,1,40.0,2018.0,2,90000.0,MA,0.0,2209,BAplus,1,0,11.407576060361786
25,26,1.0,1.0,5,21.0,1,40.0,2017.0,2,61000.0,MA,1.0,676,BAplus,0,0,11.0186455364637
25,38,1.0,2.0,1,24.0,2,42.0,2017.0,2,71000.0,MA,1.0,1444,BAplus,1,1,11.170449240431308
25,44,1.0,2.0,3,21.0,1,40.0,2017.0,2,130000.0,MA,1.0,1936,BAplus,0,0,11.775297421715827
25,31,1.0,3.0,1,16.0,2,60.0,2017.0,2,80000.0,MA,1.0,961,HS,1,1,11.289794413577894
25,28,1.0,1.0,1,1.0,2,50.0,2018.0,2,70400.0,MA,0.0,784,<HS,1,1,11.161962746590705
25,29,1.0,2.0,5,22.0,1,40.0,2017.0,2,110500.0,MA,1.0,841,BAplus,0,0,11.612779849672751
26,36,1.0,1.0,1,22.0,1,40.0,2017.0,2,84000.0,MI,1.0,1296,BAplus,1,0,11.338583982516495
26,39,1.0,2.0,1,21.0,1,40.0,2017.0,2,80000.0,MI,1.0,1521,BAplus,1,0,11.289794413577894
26,38,1.0,4.0,1,17.0,1,70.0,2018.0,2,66000.0,MI,0.0,1444,HS,1,0,11.097425172408931
26,49,1.0,1.0,1,24.0,1,40.0,2017.0,2,94000.0,MI,1.0,2401,BAplus,1,0,11.451060699493427
26,41,1.0,1.0,1,22.0,1,40.0,2017.0,2,108000.0,MI,1.0,1681,BAplus,1,0,11.58989576532275
26,35,1.0,1.0,1,21.0,1,40.0,2017.0,2,72300.0,MI,1.0,1225,BAplus,1,0,11.18859323930985
26,31,1.0,1.0,1,24.0,1,40.0,2017.0,2,72000.0,MI,1.0,961,BAplus,1,0,11.184435286790631
26,33,1.0,1.0,1,24.0,2,40.0,2018.0,2,108000.0,MI,0.0,1089,BAplus,1,1,11.58989576532275
26,35,1.0,3.0,5,21.0,2,40.0,2018.0,2,65000.0,MI,0.0,1225,BAplus,0,1,11.082157933374816
26,33,1.0,1.0,1,21.0,1,40.0,2017.0,2,82000.0,MI,1.0,1089,BAplus,1,0,11.314486721293981
26,28,1.0,1.0,5,22.0,1,50.0,2018.0,2,99400.0,MI,0.0,784,BAplus,0,0,11.506917452956234
26,32,2.0,1.0,5,23.0,2,96.0,2017.0,2,92000.0,MI,1.0,1024,BAplus,0,1,11.429554725537322
26,50,1.0,3.0,1,16.0,1,40.0,2017.0,2,100000.0,MI,1.0,2500,HS,1,0,11.51293546492023
26,40,1.0,2.0,1,21.0,1,40.0,2017.0,2,93000.0,MI,1.0,1600,BAplus,1,0,11.440365524765756
26,31,1.0,1.0,1,21.0,1,40.0,2017.0,2,75000.0,MI,1.0,961,BAplus,1,0,11.225256725762893
26,36,1.0,2.0,1,22.0,1,70.0,2017.0,2,72000.0,MI,1.0,1296,BAplus,1,0,11.184435286790631
26,33,1.0,1.0,1,21.0,1,40.0,2017.0,2,98000.0,MI,1.0,1089,BAplus,1,0,11.49273296168228
26,34,1.0,1.0,1,21.0,1,40.0,2018.0,2,85600.0,MI,0.0,1156,BAplus,1,0,11.357452244304588
26,29,1.0,1.0,5,21.0,1,40.0,2018.0,2,85000.0,MI,0.0,841,BAplus,0,0,11.350418300109132
26,32,1.0,1.0,1,22.0,1,40.0,2018.0,2,75000.0,MI,0.0,1024,BAplus,1,0,11.225256725762893
26,31,1.0,1.0,1,24.0,2,50.0,2018.0,2,70000.0,MI,0.0,961,BAplus,1,1,11.156264806643742
26,31,1.0,1.0,1,24.0,1,50.0,2018.0,2,70000.0,MI,0.0,961,BAplus,1,0,11.156264806643742
26,41,1.0,2.0,5,23.0,1,40.0,2017.0,2,100000.0,MI,1.0,1681,BAplus,0,0,11.51293546492023
26,39,1.0,2.0,1,22.0,1,50.0,2018.0,2,100000.0,MI,0.0,1521,BAplus,1,0,11.51293546492023
26,39,1.0,1.0,1,22.0,2,40.0,2018.0,2,150000.0,MI,0.0,1521,BAplus,1,1,11.918397239722838
27,54,1.0,1.0,1,22.0,1,50.0,2017.0,2,487440.0,MN,1.0,2916,BAplus,1,0,13.09692453645482
27,28,1.0,1.0,5,14.0,1,30.0,2017.0,2,207000.0,MN,1.0,784,<HS,0,0,12.240478903153711
27,31,1.0,2.0,5,21.0,1,50.0,2017.0,2,65000.0,MN,1.0,961,BAplus,0,0,11.082157933374816
27,30,1.0,2.0,5,21.0,1,50.0,2017.0,2,65000.0,MN,1.0,900,BAplus,0,0,11.082157933374816
27,36,3.0,3.0,1,17.0,1,92.0,2017.0,2,75000.0,MN,1.0,1296,HS,1,0,11.225256725762893
27,36,1.0,1.0,1,22.0,2,40.0,2017.0,2,68000.0,MN,1.0,1296,BAplus,1,1,11.127277689932466
27,43,1.0,1.0,1,22.0,1,50.0,2017.0,2,190000.0,MN,1.0,1849,BAplus,1,0,12.154784614286667
27,36,1.0,1.0,1,21.0,1,40.0,2017.0,2,87000.0,MN,1.0,1296,BAplus,1,0,11.373674891823535
28,26,2.0,1.0,1,22.0,2,40.0,2017.0,2,80000.0,MS,1.0,676,BAplus,1,1,11.289794413577894
28,30,1.0,1.0,5,22.0,1,50.0,2017.0,2,50000.0,MS,1.0,900,BAplus,0,0,10.819798284210286
28,31,1.0,1.0,1,21.0,1,45.0,2017.0,2,62000.0,MS,1.0,961,BAplus,1,0,11.034905792929415
29,46,1.0,2.0,1,22.0,1,40.0,2017.0,2,100000.0,MO,1.0,2116,BAplus,1,0,11.51293546492023
29,34,1.0,3.0,1,21.0,2,60.0,2017.0,2,80100.0,MO,1.0,1156,BAplus,1,1,11.291043617373028
29,46,1.0,2.0,1,1.0,2,40.0,2017.0,2,53600.0,MO,1.0,2116,<HS,1,1,10.889323003601277
29,39,1.0,3.0,1,19.0,1,56.0,2018.0,2,50000.0,MO,0.0,1521,SomeCollege,1,0,10.819798284210286
29,38,1.0,1.0,1,19.0,1,40.0,2018.0,2,65000.0,MO,0.0,1444,SomeCollege,1,0,11.082157933374816
29,28,1.0,2.0,1,21.0,1,45.0,2017.0,2,68000.0,MO,1.0,784,BAplus,1,0,11.127277689932466
31,26,1.0,1.0,5,21.0,1,40.0,2018.0,2,90000.0,NE,0.0,676,BAplus,0,0,11.407576060361786
31,29,5.0,1.0,1,22.0,1,40.0,2017.0,2,90000.0,NE,1.0,841,BAplus,1,0,11.407576060361786
31,41,6.0,4.0,5,9.0,2,35.0,2017.0,2,68000.0,NE,1.0,1681,<HS,0,1,11.127277689932466
31,42,1.0,1.0,1,20.0,1,40.0,2017.0,2,90000.0,NE,1.0,1764,SomeCollege,1,0,11.407576060361786
31,37,1.0,1.0,1,19.0,1,40.0,2017.0,2,72000.0,NE,1.0,1369,SomeCollege,1,0,11.184435286790631
31,33,1.0,1.0,1,21.0,1,40.0,2017.0,2,86000.0,NE,1.0,1089,BAplus,1,0,11.362114203075018
32,48,7.0,2.0,1,20.0,1,50.0,2017.0,2,220000.0,NV,1.0,2304,SomeCollege,1,0,12.301387370778713
32,40,7.0,2.0,5,24.0,1,60.0,2017.0,2,75000.0,NV,1.0,1600,BAplus,0,0,11.225256725762893
32,54,1.0,1.0,1,21.0,1,45.0,2017.0,2,143000.0,NV,1.0,2916,BAplus,1,0,11.870606902224587
32,53,2.0,1.0,1,24.0,2,40.0,2018.0,2,65000.0,NV,0.0,2809,BAplus,1,1,11.082157933374816
32,53,1.0,2.0,1,23.0,1,40.0,2017.0,2,92000.0,NV,1.0,2809,BAplus,1,0,11.429554725537322
32,39,1.0,1.0,1,16.0,1,40.0,2017.0,2,71000.0,NV,1.0,1521,HS,1,0,11.170449240431308
32,36,1.0,2.0,5,16.0,1,40.0,2017.0,2,105000.0,NV,1.0,1296,HS,0,0,11.561725152903833
32,38,1.0,1.0,1,21.0,1,40.0,2017.0,2,70000.0,NV,1.0,1444,BAplus,1,0,11.156264806643742
32,34,1.0,1.0,1,23.0,1,77.0,2018.0,2,461000.0,NV,0.0,1156,BAplus,1,0,13.04115549117383
33,31,1.0,1.0,5,22.0,2,45.0,2018.0,2,85000.0,NH,0.0,961,BAplus,0,1,11.350418300109132
33,35,1.0,1.0,5,22.0,1,40.0,2017.0,2,120000.0,NH,1.0,1225,BAplus,0,0,11.695255355062795
34,33,1.0,1.0,1,22.0,1,40.0,2017.0,2,129200.0,NJ,1.0,1089,BAplus,1,0,11.769124610238766
34,33,1.0,1.0,1,22.0,2,40.0,2017.0,2,87200.0,NJ,1.0,1089,BAplus,1,1,11.375971077721223
34,39,1.0,2.0,1,22.0,1,50.0,2017.0,2,110000.0,NJ,1.0,1521,BAplus,1,0,11.608244735642321
34,45,1.0,1.0,1,22.0,1,40.0,2017.0,2,210000.0,NJ,1.0,2025,BAplus,1,0,12.25486757159303
34,34,1.0,1.0,1,22.0,1,40.0,2018.0,2,185000.0,NJ,0.0,1156,BAplus,1,0,12.128116509451258
34,36,1.0,1.0,5,21.0,2,40.0,2017.0,2,120000.0,NJ,1.0,1296,BAplus,0,1,11.695255355062795
34,42,1.0,1.0,1,21.0,1,40.0,2018.0,2,104000.0,NJ,0.0,1764,BAplus,1,0,11.552155793461898
34,45,2.0,1.0,1,22.0,1,40.0,2017.0,2,150000.0,NJ,1.0,2025,BAplus,1,0,11.918397239722838
34,38,1.0,1.0,1,23.0,1,40.0,2018.0,2,150000.0,NJ,0.0,1444,BAplus,1,0,11.918397239722838
34,47,1.0,1.0,1,21.0,2,55.0,2018.0,2,150000.0,NJ,0.0,2209,BAplus,1,1,11.918397239722838
34,33,1.0,2.0,1,21.0,1,40.0,2017.0,2,85000.0,NJ,1.0,1089,BAplus,1,0,11.350418300109132
34,29,1.0,1.0,1,21.0,1,40.0,2017.0,2,130000.0,NJ,1.0,841,BAplus,1,0,11.775297421715827
34,41,1.0,1.0,1,16.0,1,55.0,2017.0,2,160000.0,NJ,1.0,1681,HS,1,0,11.982935344196433
34,50,1.0,1.0,1,21.0,1,60.0,2018.0,2,190000.0,NJ,0.0,2500,BAplus,1,0,12.154784614286667
34,42,1.0,1.0,3,22.0,1,45.0,2017.0,2,180000.0,NJ,1.0,1764,BAplus,0,0,12.100717685412471
34,42,1.0,2.0,5,21.0,2,40.0,2017.0,2,137000.0,NJ,1.0,1764,BAplus,0,1,11.827743504053695
34,36,1.0,1.0,1,21.0,1,40.0,2017.0,2,135000.0,NJ,1.0,1296,BAplus,1,0,11.813037464800539
34,42,1.0,2.0,1,21.0,1,40.0,2018.0,2,110000.0,NJ,0.0,1764,BAplus,1,0,11.608244735642321
34,28,1.0,1.0,5,22.0,1,40.0,2017.0,2,140000.0,NJ,1.0,784,BAplus,0,0,11.849404844423074
34,32,2.0,3.0,5,21.0,2,40.0,2017.0,2,83300.0,NJ,1.0,1024,BAplus,0,1,11.330215832884798
34,41,1.0,2.0,1,22.0,1,40.0,2017.0,2,200000.0,NJ,1.0,1681,BAplus,1,0,12.206077645517674
34,31,1.0,1.0,1,21.0,1,40.0,2017.0,2,100040.0,NJ,1.0,961,BAplus,1,0,11.513335380943195
34,29,1.0,1.0,1,21.0,2,45.0,2017.0,2,100000.0,NJ,1.0,841,BAplus,1,1,11.51293546492023
34,37,1.0,1.0,1,22.0,1,40.0,2017.0,2,130000.0,NJ,1.0,1369,BAplus,1,0,11.775297421715827
34,38,1.0,2.0,1,21.0,1,40.0,2017.0,2,102000.0,NJ,1.0,1444,BAplus,1,0,11.532737896139919
34,47,1.0,1.0,1,24.0,1,40.0,2017.0,2,200000.0,NJ,1.0,2209,BAplus,1,0,12.206077645517674
34,35,1.0,2.0,1,22.0,2,40.0,2017.0,2,90000.0,NJ,1.0,1225,BAplus,1,1,11.407576060361786
34,40,1.0,1.0,1,22.0,1,40.0,2017.0,2,185000.0,NJ,1.0,1600,BAplus,1,0,12.128116509451258
34,32,1.0,2.0,5,22.0,2,40.0,2017.0,2,87000.0,NJ,1.0,1024,BAplus,0,1,11.373674891823535
34,48,1.0,1.0,1,21.0,1,40.0,2017.0,2,390000.0,NJ,1.0,2304,BAplus,1,0,12.873904582205107
34,31,1.0,1.0,1,21.0,1,60.0,2018.0,2,301000.0,NJ,0.0,961,BAplus,1,0,12.614868865984631
34,38,1.0,1.0,1,22.0,1,50.0,2017.0,2,90000.0,NJ,1.0,1444,BAplus,1,0,11.407576060361786
34,40,1.0,1.0,1,22.0,1,40.0,2017.0,2,100000.0,NJ,1.0,1600,BAplus,1,0,11.51293546492023
34,43,1.0,1.0,5,22.0,1,45.0,2017.0,2,84000.0,NJ,1.0,1849,BAplus,0,0,11.338583982516495
34,42,1.0,1.0,1,21.0,1,40.0,2017.0,2,86000.0,NJ,1.0,1764,BAplus,1,0,11.362114203075018
34,41,1.0,1.0,1,23.0,1,40.0,2017.0,2,152000.0,NJ,1.0,1681,BAplus,1,0,11.931642378754141
34,40,1.0,2.0,1,22.0,1,40.0,2017.0,2,140000.0,NJ,1.0,1600,BAplus,1,0,11.849404844423074
34,47,1.0,1.0,3,24.0,1,40.0,2018.0,2,220000.0,NJ,0.0,2209,BAplus,0,0,12.301387370778713
34,33,1.0,1.0,1,22.0,1,50.0,2018.0,2,100000.0,NJ,0.0,1089,BAplus,1,0,11.51293546492023
34,36,1.0,1.0,1,22.0,1,40.0,2018.0,2,85000.0,NJ,0.0,1296,BAplus,1,0,11.350418300109132
34,35,1.0,1.0,1,22.0,1,40.0,2017.0,2,128000.0,NJ,1.0,1225,BAplus,1,0,11.759793355371237
34,32,1.0,1.0,1,22.0,2,40.0,2017.0,2,115000.0,NJ,1.0,1024,BAplus,1,1,11.652696102959753
34,36,1.0,1.0,1,22.0,1,40.0,2017.0,2,200000.0,NJ,1.0,1296,BAplus,1,0,12.206077645517674
34,29,1.0,1.0,1,21.0,1,99.0,2018.0,2,305000.0,NJ,0.0,841,BAplus,1,0,12.628070334272698
34,44,1.0,2.0,1,21.0,1,45.0,2017.0,2,160000.0,NJ,1.0,1936,BAplus,1,0,11.982935344196433
34,46,1.0,2.0,1,21.0,1,40.0,2017.0,2,150020.0,NJ,1.0,2116,BAplus,1,0,11.918530563279308
34,32,1.0,1.0,1,21.0,1,40.0,2017.0,2,132000.0,NJ,1.0,1024,BAplus,1,0,11.790564777297387
34,40,1.0,1.0,1,21.0,1,40.0,2018.0,2,140000.0,NJ,0.0,1600,BAplus,1,0,11.849404844423074
34,35,1.0,1.0,1,22.0,1,48.0,2017.0,2,150600.0,NJ,1.0,1225,BAplus,1,0,11.922389234432126
34,29,1.0,2.0,1,22.0,1,40.0,2018.0,2,129200.0,NJ,0.0,841,BAplus,1,0,11.769124610238766
34,29,1.0,2.0,1,22.0,2,40.0,2018.0,2,98000.0,NJ,0.0,841,BAplus,1,1,11.49273296168228
34,53,1.0,3.0,1,21.0,1,50.0,2017.0,2,195040.0,NJ,1.0,2809,BAplus,1,0,12.18096507185536
34,39,1.0,2.0,1,21.0,1,40.0,2017.0,2,170000.0,NJ,1.0,1521,BAplus,1,0,12.04355959836804
34,32,1.0,1.0,1,22.0,1,45.0,2017.0,2,89000.0,NJ,1.0,1024,BAplus,1,0,11.39640288460621
34,37,1.0,2.0,1,21.0,1,40.0,2017.0,2,95000.0,NJ,1.0,1369,BAplus,1,0,11.461642696843066
35,37,4.0,1.0,5,22.0,2,40.0,2017.0,2,56000.0,NM,1.0,1369,BAplus,0,1,10.933124826700707
35,32,4.0,2.0,5,21.0,1,50.0,2017.0,2,42000.0,NM,1.0,1024,BAplus,0,0,10.645448706505872
35,31,4.0,2.0,5,22.0,2,50.0,2017.0,2,54000.0,NM,1.0,961,BAplus,0,1,10.896757843893464
35,32,1.0,1.0,5,12.0,1,40.0,2017.0,2,48000.0,NM,1.0,1024,<HS,0,0,10.778977123006351
35,28,5.0,2.0,5,21.0,1,40.0,2017.0,2,40000.0,NM,1.0,784,BAplus,0,0,10.596659732783579
35,33,2.0,1.0,1,24.0,1,40.0,2018.0,2,38000.0,NM,0.0,1089,BAplus,1,0,10.545367754151743
35,26,1.0,1.0,5,19.0,1,50.0,2017.0,2,50000.0,NM,1.0,676,SomeCollege,0,0,10.819798284210286
36,49,1.0,1.0,1,22.0,1,50.0,2017.0,2,680000.0,NY,1.0,2401,BAplus,1,0,13.429849547739444
36,40,2.0,2.0,1,24.0,1,40.0,2017.0,2,60000.0,NY,1.0,1600,BAplus,1,0,11.002116507732017
36,30,1.0,3.0,1,22.0,1,60.0,2017.0,2,115000.0,NY,1.0,900,BAplus,1,0,11.652696102959753
36,28,1.0,1.0,1,23.0,1,40.0,2018.0,2,145000.0,NY,0.0,784,BAplus,1,0,11.884495917930655
36,26,1.0,1.0,1,21.0,1,40.0,2017.0,2,75000.0,NY,1.0,676,BAplus,1,0,11.225256725762893
36,45,1.0,1.0,3,22.0,1,47.0,2017.0,2,185000.0,NY,1.0,2025,BAplus,0,0,12.128116509451258
36,30,1.0,2.0,1,22.0,1,40.0,2017.0,2,107000.0,NY,1.0,900,BAplus,1,0,11.580593459194764
36,29,2.0,2.0,1,24.0,2,84.0,2017.0,2,140000.0,NY,1.0,841,BAplus,1,1,11.849404844423074
36,39,1.0,2.0,1,21.0,1,40.0,2018.0,2,180000.0,NY,0.0,1521,BAplus,1,0,12.100717685412471
36,26,3.0,1.0,5,23.0,2,80.0,2017.0,2,65000.0,NY,1.0,676,BAplus,0,1,11.082157933374816
36,45,1.0,2.0,1,20.0,2,40.0,2017.0,2,80000.0,NY,1.0,2025,SomeCollege,1,1,11.289794413577894
36,26,1.0,2.0,5,22.0,2,50.0,2017.0,2,665000.0,NY,1.0,676,BAplus,0,1,13.407543823396258
36,26,3.0,1.0,5,22.0,2,40.0,2017.0,2,60000.0,NY,1.0,676,BAplus,0,1,11.002116507732017
36,47,1.0,1.0,1,22.0,1,40.0,2017.0,2,150000.0,NY,1.0,2209,BAplus,1,0,11.918397239722838
36,43,1.0,1.0,1,22.0,1,55.0,2017.0,2,108000.0,NY,1.0,1849,BAplus,1,0,11.58989576532275
36,29,1.0,1.0,1,16.0,1,40.0,2017.0,2,130000.0,NY,1.0,841,HS,1,0,11.775297421715827
36,47,8.0,2.0,5,24.0,1,48.0,2017.0,2,1044000.0,NY,1.0,2209,BAplus,0,0,13.858571005278668
36,27,2.0,1.0,5,23.0,1,90.0,2017.0,2,62000.0,NY,1.0,729,BAplus,0,0,11.034905792929415
36,35,1.0,1.0,1,22.0,1,50.0,2017.0,2,105900.0,NY,1.0,1225,BAplus,1,0,11.570259974415547
36,35,1.0,1.0,1,22.0,2,40.0,2017.0,2,78900.0,NY,1.0,1225,BAplus,1,1,11.275949181024878
36,25,1.0,2.0,1,18.0,2,60.0,2017.0,2,70000.0,NY,1.0,625,SomeCollege,1,1,11.156264806643742
36,30,1.0,1.0,5,21.0,2,60.0,2017.0,2,230000.0,NY,1.0,900,BAplus,0,1,12.345838935721968
36,51,1.0,3.0,1,22.0,1,36.0,2017.0,2,660000.0,NY,1.0,2601,BAplus,1,0,13.399996629152975
36,35,1.0,1.0,1,23.0,1,35.0,2017.0,2,94000.0,NY,1.0,1225,BAplus,1,0,11.451060699493427
36,46,5.0,2.0,5,22.0,1,50.0,2018.0,2,147000.0,NY,0.0,2116,BAplus,0,0,11.898194668458823
36,35,5.0,2.0,5,22.0,1,60.0,2018.0,2,73000.0,NY,0.0,1225,BAplus,0,0,11.19822841866684
36,37,1.0,1.0,1,21.0,1,40.0,2017.0,2,75000.0,NY,1.0,1369,BAplus,1,0,11.225256725762893
36,42,7.0,1.0,1,21.0,2,30.0,2018.0,2,200000.0,NY,0.0,1764,BAplus,1,1,12.206077645517674
36,47,1.0,1.0,1,22.0,1,80.0,2018.0,2,320000.0,NY,0.0,2209,BAplus,1,0,12.676079399771027
36,39,1.0,1.0,1,21.0,1,40.0,2017.0,2,70000.0,NY,1.0,1521,BAplus,1,0,11.156264806643742
36,38,1.0,2.0,1,21.0,1,40.0,2018.0,2,64000.0,NY,0.0,1444,BAplus,1,0,11.06665398721974
36,25,3.0,3.0,5,21.0,1,40.0,2018.0,2,70000.0,NY,0.0,625,BAplus,0,0,11.156264806643742
36,25,1.0,1.0,1,22.0,1,40.0,2018.0,2,75000.0,NY,0.0,625,BAplus,1,0,11.225256725762893
36,26,4.0,1.0,1,22.0,2,38.0,2018.0,2,75000.0,NY,0.0,676,BAplus,1,1,11.225256725762893
36,54,1.0,1.0,1,22.0,1,50.0,2018.0,2,300000.0,NY,0.0,2916,BAplus,1,0,12.611541086966115
36,32,1.0,2.0,5,21.0,2,40.0,2018.0,2,90000.0,NY,0.0,1024,BAplus,0,1,11.407576060361786
36,40,7.0,3.0,1,22.0,1,60.0,2017.0,2,760000.0,NY,1.0,1600,BAplus,1,0,13.541075028051122
36,38,1.0,1.0,3,20.0,1,60.0,2017.0,2,60000.0,NY,1.0,1444,SomeCollege,0,0,11.002116507732017
36,44,1.0,2.0,1,21.0,1,48.0,2017.0,2,100000.0,NY,1.0,1936,BAplus,1,0,11.51293546492023
36,46,1.0,3.0,1,21.0,1,50.0,2017.0,2,240000.0,NY,1.0,2116,BAplus,1,0,12.388398368982115
36,51,1.0,1.0,4,16.0,2,40.0,2017.0,2,300000.0,NY,1.0,2601,HS,0,1,12.611541086966115
36,42,1.0,1.0,5,24.0,1,42.0,2017.0,2,320000.0,NY,1.0,1764,BAplus,0,0,12.676079399771027
36,35,1.0,1.0,5,24.0,1,40.0,2017.0,2,95000.0,NY,1.0,1225,BAplus,0,0,11.461642696843066
36,35,1.0,1.0,1,24.0,2,40.0,2017.0,2,81000.0,NY,1.0,1225,BAplus,1,1,11.302216779257382
36,40,5.0,1.0,1,21.0,1,40.0,2018.0,2,300000.0,NY,0.0,1600,BAplus,1,0,12.611541086966115
36,37,1.0,1.0,1,21.0,1,40.0,2017.0,2,105000.0,NY,1.0,1369,BAplus,1,0,11.561725152903833
36,25,1.0,2.0,5,21.0,1,60.0,2017.0,2,170000.0,NY,1.0,625,BAplus,0,0,12.04355959836804
36,38,1.0,1.0,3,21.0,2,50.0,2017.0,2,118000.0,NY,1.0,1444,BAplus,0,1,11.678448377988165
36,26,1.0,1.0,5,21.0,2,60.0,2018.0,2,80000.0,NY,0.0,676,BAplus,0,1,11.289794413577894
36,39,2.0,1.0,1,21.0,2,40.0,2017.0,2,60000.0,NY,1.0,1521,BAplus,1,1,11.002116507732017
36,51,1.0,1.0,1,22.0,1,40.0,2018.0,2,97000.0,NY,0.0,2601,BAplus,1,0,11.48247656671073
36,31,1.0,3.0,1,21.0,1,50.0,2017.0,2,80000.0,NY,1.0,961,BAplus,1,0,11.289794413577894
36,41,1.0,3.0,1,22.0,1,50.0,2018.0,2,258000.0,NY,0.0,1681,BAplus,1,0,12.460718739865236
36,40,1.0,3.0,1,21.0,1,40.0,2018.0,2,90000.0,NY,0.0,1600,BAplus,1,0,11.407576060361786
36,39,1.0,1.0,1,22.0,1,40.0,2017.0,2,140000.0,NY,1.0,1521,BAplus,1,0,11.849404844423074
36,27,1.0,1.0,1,21.0,1,60.0,2017.0,2,285000.0,NY,1.0,729,BAplus,1,0,12.560247968016562
36,30,1.0,3.0,1,21.0,2,40.0,2017.0,2,69200.0,NY,1.0,900,BAplus,1,1,11.1447705923684
36,29,1.0,2.0,5,21.0,1,40.0,2017.0,2,120000.0,NY,1.0,841,BAplus,0,0,11.695255355062795
36,27,1.0,1.0,5,22.0,1,36.0,2018.0,2,100000.0,NY,0.0,729,BAplus,0,0,11.51293546492023
36,49,1.0,1.0,2,21.0,2,40.0,2017.0,2,82000.0,NY,1.0,2401,BAplus,0,1,11.314486721293981
36,33,1.0,2.0,1,22.0,1,40.0,2018.0,2,250000.0,NY,0.0,1089,BAplus,1,0,12.429220196836383
36,38,1.0,1.0,1,21.0,1,40.0,2017.0,2,150000.0,NY,1.0,1444,BAplus,1,0,11.918397239722838
36,44,1.0,2.0,1,21.0,1,55.0,2017.0,2,253000.0,NY,1.0,1936,BAplus,1,0,12.441148720271016
36,31,1.0,1.0,1,21.0,1,40.0,2017.0,2,70000.0,NY,1.0,961,BAplus,1,0,11.156264806643742
36,28,1.0,1.0,5,16.0,1,55.0,2017.0,2,75000.0,NY,1.0,784,HS,0,0,11.225256725762893
36,46,1.0,1.0,1,22.0,2,40.0,2017.0,2,60000.0,NY,1.0,2116,BAplus,1,1,11.002116507732017
36,36,7.0,1.0,5,21.0,1,40.0,2017.0,2,150000.0,NY,1.0,1296,BAplus,0,0,11.918397239722838
36,35,1.0,3.0,1,22.0,1,40.0,2017.0,2,85000.0,NY,1.0,1225,BAplus,1,0,11.350418300109132
36,53,1.0,1.0,1,22.0,1,55.0,2017.0,2,253000.0,NY,1.0,2809,BAplus,1,0,12.441148720271016
36,30,1.0,2.0,1,22.0,1,50.0,2017.0,2,206000.0,NY,1.0,900,BAplus,1,0,12.235636302128867
36,34,1.0,1.0,1,22.0,1,40.0,2017.0,2,115000.0,NY,1.0,1156,BAplus,1,0,11.652696102959753
36,39,1.0,1.0,1,22.0,1,40.0,2017.0,2,92300.0,NY,1.0,1521,BAplus,1,0,11.43281025466844
36,43,5.0,2.0,1,22.0,1,40.0,2018.0,2,80000.0,NY,0.0,1849,BAplus,1,0,11.289794413577894
36,30,1.0,1.0,1,22.0,1,42.0,2018.0,2,100000.0,NY,0.0,900,BAplus,1,0,11.51293546492023
36,29,1.0,1.0,1,22.0,2,50.0,2018.0,2,92000.0,NY,0.0,841,BAplus,1,1,11.429554725537322
36,42,1.0,1.0,5,22.0,1,60.0,2017.0,2,170000.0,NY,1.0,1764,BAplus,0,0,12.04355959836804
36,42,4.0,2.0,1,20.0,2,40.0,2017.0,2,80000.0,NY,1.0,1764,SomeCollege,1,1,11.289794413577894
36,45,1.0,3.0,1,9.0,1,40.0,2017.0,2,120000.0,NY,1.0,2025,<HS,1,0,11.695255355062795
36,31,1.0,3.0,1,22.0,1,50.0,2017.0,2,70000.0,NY,1.0,961,BAplus,1,0,11.156264806643742
36,35,1.0,1.0,4,22.0,1,60.0,2017.0,2,196100.0,NY,1.0,1225,BAplus,0,0,12.186385111610496
36,36,1.0,1.0,5,21.0,1,40.0,2017.0,2,100000.0,NY,1.0,1296,BAplus,0,0,11.51293546492023
36,31,1.0,2.0,1,22.0,1,40.0,2017.0,2,87080.0,NY,1.0,961,BAplus,1,0,11.374593998975703
36,35,2.0,2.0,1,16.0,1,40.0,2017.0,2,60000.0,NY,1.0,1225,HS,1,0,11.002116507732017
36,25,1.0,2.0,5,21.0,1,40.0,2017.0,2,80000.0,NY,1.0,625,BAplus,0,0,11.289794413577894
36,38,1.0,3.0,1,22.0,1,45.0,2017.0,2,80000.0,NY,1.0,1444,BAplus,1,0,11.289794413577894
36,38,1.0,3.0,1,21.0,1,50.0,2017.0,2,120200.0,NY,1.0,1444,BAplus,1,0,11.696920620516192
36,28,1.0,1.0,5,21.0,2,50.0,2018.0,2,60000.0,NY,0.0,784,BAplus,0,1,11.002116507732017
36,30,4.0,3.0,5,21.0,2,40.0,2017.0,2,80000.0,NY,1.0,900,BAplus,0,1,11.289794413577894
36,35,1.0,3.0,5,17.0,1,40.0,2018.0,2,75000.0,NY,0.0,1225,HS,0,0,11.225256725762893
36,34,1.0,1.0,1,22.0,2,40.0,2017.0,2,100000.0,NY,1.0,1156,BAplus,1,1,11.51293546492023
36,47,6.0,1.0,1,21.0,1,40.0,2017.0,2,171000.0,NY,1.0,2209,BAplus,1,0,12.049424683420915
36,51,1.0,1.0,1,22.0,1,40.0,2017.0,2,250000.0,NY,1.0,2601,BAplus,1,0,12.429220196836383
37,27,1.0,1.0,5,22.0,1,40.0,2018.0,2,80000.0,NC,0.0,729,BAplus,0,0,11.289794413577894
37,32,1.0,1.0,1,21.0,1,40.0,2017.0,2,75500.0,NC,1.0,1024,BAplus,1,0,11.231901180182515
37,47,1.0,1.0,1,22.0,1,40.0,2018.0,2,70000.0,NC,0.0,2209,BAplus,1,0,11.156264806643742
37,45,4.0,1.0,1,21.0,1,45.0,2017.0,2,75000.0,NC,1.0,2025,BAplus,1,0,11.225256725762893
37,40,1.0,2.0,1,21.0,1,40.0,2018.0,2,100000.0,NC,0.0,1600,BAplus,1,0,11.51293546492023
37,34,1.0,1.0,1,21.0,1,40.0,2017.0,2,94000.0,NC,1.0,1156,BAplus,1,0,11.451060699493427
37,28,2.0,1.0,5,21.0,1,20.0,2017.0,2,47100.0,NC,1.0,784,BAplus,0,0,10.76004951120163
37,37,1.0,1.0,1,23.0,1,40.0,2017.0,2,55000.0,NC,1.0,1369,BAplus,1,0,10.915106645867503
37,35,1.0,1.0,5,22.0,1,50.0,2017.0,2,135000.0,NC,1.0,1225,BAplus,0,0,11.813037464800539
37,33,1.0,1.0,1,16.0,2,40.0,2017.0,2,45000.0,NC,1.0,1089,HS,1,1,10.714439990727769
37,33,1.0,1.0,1,20.0,1,40.0,2018.0,2,80000.0,NC,0.0,1089,SomeCollege,1,0,11.289794413577894
37,44,1.0,2.0,1,12.0,2,40.0,2017.0,2,63000.0,NC,1.0,1936,<HS,1,1,11.050905878263567
37,29,1.0,1.0,1,21.0,1,40.0,2017.0,2,70000.0,NC,1.0,841,BAplus,1,0,11.156264806643742
37,40,4.0,1.0,5,23.0,2,40.0,2017.0,2,100000.0,NC,1.0,1600,BAplus,0,1,11.51293546492023
37,37,1.0,2.0,1,22.0,1,40.0,2017.0,2,60000.0,NC,1.0,1369,BAplus,1,0,11.002116507732017
37,32,1.0,1.0,1,21.0,1,40.0,2018.0,2,120000.0,NC,0.0,1024,BAplus,1,0,11.695255355062795
37,44,1.0,3.0,1,21.0,1,40.0,2017.0,2,98000.0,NC,1.0,1936,BAplus,1,0,11.49273296168228
37,34,1.0,1.0,1,22.0,1,48.0,2017.0,2,156900.0,NC,1.0,1156,BAplus,1,0,11.963370312187111
37,41,1.0,1.0,1,20.0,1,50.0,2017.0,2,140000.0,NC,1.0,1681,SomeCollege,1,0,11.849404844423074
37,36,1.0,1.0,1,22.0,1,40.0,2017.0,2,98000.0,NC,1.0,1296,BAplus,1,0,11.49273296168228
37,27,1.0,1.0,1,22.0,2,50.0,2017.0,2,130000.0,NC,1.0,729,BAplus,1,1,11.775297421715827
37,40,4.0,1.0,1,21.0,2,40.0,2017.0,2,47600.0,NC,1.0,1600,BAplus,1,1,10.7706090484022
37,31,1.0,2.0,1,20.0,2,40.0,2017.0,2,93000.0,NC,1.0,961,SomeCollege,1,1,11.440365524765756
37,33,1.0,1.0,1,21.0,1,40.0,2017.0,2,60000.0,NC,1.0,1089,BAplus,1,0,11.002116507732017
37,26,1.0,1.0,5,22.0,1,40.0,2017.0,2,73000.0,NC,1.0,676,BAplus,0,0,11.19822841866684
37,33,1.0,2.0,1,24.0,1,60.0,2018.0,2,120000.0,NC,0.0,1089,BAplus,1,0,11.695255355062795
37,44,1.0,1.0,1,22.0,1,40.0,2018.0,2,88000.0,NC,0.0,1936,BAplus,1,0,11.385103457032141
37,34,1.0,1.0,5,21.0,1,48.0,2018.0,2,60000.0,NC,0.0,1156,BAplus,0,0,11.002116507732017
37,46,1.0,1.0,1,21.0,1,40.0,2018.0,2,60000.0,NC,0.0,2116,BAplus,1,0,11.002116507732017
37,41,1.0,2.0,1,24.0,1,60.0,2018.0,2,50000.0,NC,0.0,1681,BAplus,1,0,10.819798284210286
37,45,1.0,1.0,1,22.0,2,40.0,2018.0,2,73000.0,NC,0.0,2025,BAplus,1,1,11.19822841866684
37,34,3.0,1.0,1,21.0,2,40.0,2017.0,2,45000.0,NC,1.0,1156,BAplus,1,1,10.714439990727769
37,34,1.0,1.0,1,21.0,2,50.0,2017.0,2,110000.0,NC,1.0,1156,BAplus,1,1,11.608244735642321
37,31,1.0,1.0,5,17.0,1,40.0,2018.0,2,414200.0,NC,0.0,961,HS,0,0,12.934106642233319
37,34,1.0,2.0,1,21.0,1,52.0,2017.0,2,75000.0,NC,1.0,1156,BAplus,1,0,11.225256725762893
37,34,1.0,2.0,1,22.0,2,40.0,2017.0,2,70000.0,NC,1.0,1156,BAplus,1,1,11.156264806643742
37,25,1.0,1.0,5,16.0,1,40.0,2017.0,2,60000.0,NC,1.0,625,HS,0,0,11.002116507732017
37,25,1.0,1.0,5,21.0,1,45.0,2017.0,2,50000.0,NC,1.0,625,BAplus,0,0,10.819798284210286
38,27,1.0,4.0,5,19.0,1,40.0,2018.0,2,51000.0,ND,0.0,729,SomeCollege,0,0,10.839600519357369
39,33,1.0,3.0,1,16.0,1,40.0,2017.0,2,65000.0,OH,1.0,1089,HS,1,0,11.082157933374816
39,26,1.0,3.0,5,16.0,1,40.0,2017.0,2,60000.0,OH,1.0,676,HS,0,0,11.002116507732017
39,25,1.0,3.0,5,16.0,1,40.0,2017.0,2,60000.0,OH,1.0,625,HS,0,0,11.002116507732017
39,33,1.0,1.0,1,24.0,1,40.0,2017.0,2,61000.0,OH,1.0,1089,BAplus,1,0,11.0186455364637
39,33,2.0,1.0,5,22.0,1,45.0,2017.0,2,70000.0,OH,1.0,1089,BAplus,0,0,11.156264806643742
39,34,1.0,1.0,1,21.0,1,40.0,2017.0,2,66000.0,OH,1.0,1156,BAplus,1,0,11.097425172408931
39,46,1.0,3.0,1,13.0,1,40.0,2017.0,2,84000.0,OH,1.0,2116,<HS,1,0,11.338583982516495
39,31,1.0,2.0,5,22.0,1,50.0,2017.0,2,70000.0,OH,1.0,961,BAplus,0,0,11.156264806643742
39,33,1.0,1.0,1,21.0,2,40.0,2017.0,2,100100.0,OH,1.0,1089,BAplus,1,1,11.513934955263402
39,41,1.0,1.0,1,22.0,2,48.0,2017.0,2,150000.0,OH,1.0,1681,BAplus,1,1,11.918397239722838
39,41,1.0,1.0,1,21.0,1,40.0,2017.0,2,95000.0,OH,1.0,1681,BAplus,1,0,11.461642696843066
39,45,2.0,4.0,1,21.0,2,45.0,2018.0,2,80000.0,OH,0.0,2025,BAplus,1,1,11.289794413577894
39,38,1.0,1.0,1,21.0,1,40.0,2017.0,2,73000.0,OH,1.0,1444,BAplus,1,0,11.19822841866684
39,37,1.0,2.0,1,22.0,1,40.0,2017.0,2,65000.0,OH,1.0,1369,BAplus,1,0,11.082157933374816
39,33,1.0,1.0,5,22.0,2,40.0,2018.0,2,90000.0,OH,0.0,1089,BAplus,0,1,11.407576060361786
39,29,1.0,1.0,1,21.0,1,60.0,2017.0,2,60000.0,OH,1.0,841,BAplus,1,0,11.002116507732017
39,39,1.0,1.0,1,21.0,1,40.0,2017.0,2,73000.0,OH,1.0,1521,BAplus,1,0,11.19822841866684
39,29,1.0,1.0,1,22.0,2,40.0,2018.0,2,70000.0,OH,0.0,841,BAplus,1,1,11.156264806643742
39,28,1.0,1.0,5,21.0,2,40.0,2017.0,2,60000.0,OH,1.0,784,BAplus,0,1,11.002116507732017
39,32,2.0,1.0,1,23.0,2,65.0,2017.0,2,64000.0,OH,1.0,1024,BAplus,1,1,11.06665398721974
39,33,1.0,1.0,1,21.0,1,40.0,2017.0,2,120000.0,OH,1.0,1089,BAplus,1,0,11.695255355062795
40,34,1.0,3.0,1,16.0,1,48.0,2017.0,2,30000.0,OK,1.0,1156,HS,1,0,10.308985993422082
40,38,1.0,2.0,1,21.0,1,40.0,2017.0,2,51000.0,OK,1.0,1444,BAplus,1,0,10.839600519357369
40,29,2.0,3.0,5,24.0,1,48.0,2017.0,2,30000.0,OK,1.0,841,BAplus,0,0,10.308985993422082
40,27,1.0,1.0,5,16.0,2,60.0,2018.0,2,36000.0,OK,0.0,729,HS,0,1,10.491301994830229
40,46,1.0,1.0,1,16.0,1,42.0,2017.0,2,30000.0,OK,1.0,2116,HS,1,0,10.308985993422082
40,46,7.0,3.0,1,16.0,1,40.0,2017.0,2,50000.0,OK,1.0,2116,HS,1,0,10.819798284210286
40,39,6.0,3.0,1,9.0,1,40.0,2018.0,2,30000.0,OK,0.0,1521,<HS,1,0,10.308985993422082
40,32,5.0,2.0,1,18.0,1,41.0,2018.0,2,38000.0,OK,0.0,1024,SomeCollege,1,0,10.545367754151743
41,33,1.0,1.0,5,21.0,1,60.0,2017.0,2,110200.0,OR,1.0,1089,BAplus,0,0,11.610061250069942
41,36,1.0,1.0,1,22.0,1,50.0,2017.0,2,140150.0,OR,1.0,1296,BAplus,1,0,11.850475691779751
41,50,5.0,2.0,1,24.0,1,52.0,2017.0,2,100000.0,OR,1.0,2500,BAplus,1,0,11.51293546492023
41,26,1.0,1.0,5,22.0,2,40.0,2017.0,2,80000.0,OR,1.0,676,BAplus,0,1,11.289794413577894
41,40,4.0,3.0,1,24.0,1,30.0,2018.0,2,60000.0,OR,0.0,1600,BAplus,1,0,11.002116507732017
41,36,1.0,1.0,1,23.0,1,50.0,2017.0,2,115000.0,OR,1.0,1296,BAplus,1,0,11.652696102959753
41,40,1.0,1.0,1,21.0,1,40.0,2017.0,2,81000.0,OR,1.0,1600,BAplus,1,0,11.302216779257382
41,32,1.0,1.0,1,22.0,2,40.0,2018.0,2,122000.0,OR,0.0,1024,BAplus,1,1,11.711784520403112
41,35,1.0,1.0,1,21.0,1,40.0,2018.0,2,87000.0,OR,0.0,1225,BAplus,1,0,11.373674891823535
41,45,1.0,3.0,5,22.0,1,55.0,2017.0,2,107300.0,OR,1.0,2025,BAplus,0,0,11.583393248239855
41,39,1.0,3.0,3,22.0,1,50.0,2017.0,2,67000.0,OR,1.0,1521,BAplus,0,0,11.112462823634855
41,34,1.0,1.0,5,21.0,1,40.0,2017.0,2,115000.0,OR,1.0,1156,BAplus,0,0,11.652696102959753
42,27,1.0,4.0,1,14.0,1,60.0,2018.0,2,90000.0,PA,0.0,729,<HS,1,0,11.407576060361786
42,43,2.0,1.0,1,22.0,1,45.0,2018.0,2,60000.0,PA,0.0,1849,BAplus,1,0,11.002116507732017
42,44,1.0,1.0,1,22.0,2,40.0,2017.0,2,175000.0,PA,1.0,1936,BAplus,1,1,12.07254696717504
42,44,1.0,1.0,1,21.0,1,40.0,2017.0,2,73000.0,PA,1.0,1936,BAplus,1,0,11.19822841866684
42,26,1.0,1.0,1,22.0,1,40.0,2017.0,2,95000.0,PA,1.0,676,BAplus,1,0,11.461642696843066
42,41,1.0,1.0,1,22.0,1,40.0,2017.0,2,120000.0,PA,1.0,1681,BAplus,1,0,11.695255355062795
42,29,2.0,1.0,5,23.0,1,50.0,2017.0,2,57000.0,PA,1.0,841,BAplus,0,0,10.950824090522445
42,35,1.0,1.0,1,21.0,2,40.0,2017.0,2,80000.0,PA,1.0,1225,BAplus,1,1,11.289794413577894
42,27,1.0,1.0,5,21.0,1,40.0,2017.0,2,80000.0,PA,1.0,729,BAplus,0,0,11.289794413577894
42,37,1.0,1.0,1,21.0,1,40.0,2018.0,2,90000.0,PA,0.0,1369,BAplus,1,0,11.407576060361786
42,29,1.0,1.0,1,21.0,1,50.0,2018.0,2,110000.0,PA,0.0,841,BAplus,1,0,11.608244735642321
42,31,1.0,1.0,5,20.0,1,40.0,2017.0,2,77000.0,PA,1.0,961,SomeCollege,0,0,11.251573687764477
42,40,1.0,1.0,1,22.0,1,50.0,2017.0,2,170000.0,PA,1.0,1600,BAplus,1,0,12.04355959836804
42,49,2.0,2.0,1,22.0,2,40.0,2018.0,2,59000.0,PA,0.0,2401,BAplus,1,1,10.985309671896763
42,32,1.0,1.0,1,22.0,2,40.0,2017.0,2,71000.0,PA,1.0,1024,BAplus,1,1,11.170449240431308
42,41,1.0,2.0,1,21.0,1,38.0,2017.0,2,165000.0,PA,1.0,1681,BAplus,1,0,12.013706813470414
42,32,1.0,2.0,1,21.0,1,40.0,2017.0,2,105300.0,PA,1.0,1024,BAplus,1,0,11.564578194753137
42,27,1.0,1.0,1,22.0,1,40.0,2018.0,2,60000.0,PA,0.0,729,BAplus,1,0,11.002116507732017
42,25,1.0,1.0,5,21.0,1,50.0,2018.0,2,75000.0,PA,0.0,625,BAplus,0,0,11.225256725762893
42,30,1.0,1.0,5,21.0,1,80.0,2017.0,2,80000.0,PA,1.0,900,BAplus,0,0,11.289794413577894
42,29,1.0,1.0,5,21.0,2,40.0,2017.0,2,112000.0,PA,1.0,841,BAplus,0,1,11.626263078808801
42,34,1.0,3.0,1,16.0,1,50.0,2017.0,2,70000.0,PA,1.0,1156,HS,1,0,11.156264806643742
42,30,2.0,2.0,1,24.0,2,40.0,2017.0,2,60000.0,PA,1.0,900,BAplus,1,1,11.002116507732017
42,43,1.0,2.0,5,21.0,1,40.0,2017.0,2,73000.0,PA,1.0,1849,BAplus,0,0,11.19822841866684
42,53,2.0,2.0,1,22.0,2,35.0,2017.0,2,70000.0,PA,1.0,2809,BAplus,1,1,11.156264806643742
42,34,1.0,2.0,1,21.0,1,90.0,2017.0,2,83000.0,PA,1.0,1156,BAplus,1,0,11.326607934898927
42,48,1.0,1.0,1,22.0,1,40.0,2017.0,2,69000.0,PA,1.0,2304,BAplus,1,0,11.141876276228
42,33,1.0,1.0,1,22.0,1,40.0,2017.0,2,80000.0,PA,1.0,1089,BAplus,1,0,11.289794413577894
44,40,1.0,1.0,1,22.0,1,40.0,2017.0,2,80000.0,RI,1.0,1600,BAplus,1,0,11.289794413577894
44,38,1.0,1.0,5,21.0,2,40.0,2018.0,2,125000.0,RI,0.0,1444,BAplus,0,1,11.736077016252437
44,29,2.0,1.0,3,22.0,2,20.0,2017.0,2,30000.0,RI,1.0,841,BAplus,0,1,10.308985993422082
44,28,1.0,1.0,1,21.0,1,40.0,2017.0,2,65000.0,RI,1.0,784,BAplus,1,0,11.082157933374816
45,25,1.0,1.0,5,21.0,1,40.0,2017.0,2,57000.0,SC,1.0,625,BAplus,0,0,10.950824090522445
45,37,1.0,1.0,1,20.0,1,50.0,2017.0,2,60000.0,SC,1.0,1369,SomeCollege,1,0,11.002116507732017
45,34,1.0,1.0,1,21.0,1,40.0,2018.0,2,140000.0,SC,0.0,1156,BAplus,1,0,11.849404844423074
45,42,1.0,1.0,1,22.0,1,50.0,2017.0,2,84000.0,SC,1.0,1764,BAplus,1,0,11.338583982516495
45,46,1.0,1.0,1,22.0,1,40.0,2017.0,2,130000.0,SC,1.0,2116,BAplus,1,0,11.775297421715827
45,30,1.0,1.0,1,21.0,2,40.0,2018.0,2,60000.0,SC,0.0,900,BAplus,1,1,11.002116507732017
45,37,1.0,1.0,1,21.0,1,40.0,2017.0,2,79000.0,SC,1.0,1369,BAplus,1,0,11.277215789596893
45,36,4.0,1.0,5,21.0,1,40.0,2018.0,2,127000.0,SC,0.0,1296,BAplus,0,0,11.751950239425476
46,27,1.0,1.0,5,23.0,2,72.0,2017.0,2,55000.0,SD,1.0,729,BAplus,0,1,10.915106645867503
47,41,2.0,1.0,5,24.0,2,40.0,2017.0,2,60000.0,TN,1.0,1681,BAplus,0,1,11.002116507732017
47,41,2.0,1.0,5,24.0,2,40.0,2017.0,2,60000.0,TN,1.0,1681,BAplus,0,1,11.002116507732017
47,41,2.0,1.0,5,24.0,2,40.0,2017.0,2,60000.0,TN,1.0,1681,BAplus,0,1,11.002116507732017
47,41,2.0,1.0,5,24.0,2,40.0,2017.0,2,60000.0,TN,1.0,1681,BAplus,0,1,11.002116507732017
47,41,2.0,1.0,5,24.0,2,40.0,2017.0,2,60000.0,TN,1.0,1681,BAplus,0,1,11.002116507732017
47,41,2.0,1.0,5,24.0,2,40.0,2017.0,2,60000.0,TN,1.0,1681,BAplus,0,1,11.002116507732017
47,31,2.0,1.0,1,21.0,1,40.0,2017.0,2,67000.0,TN,1.0,961,BAplus,1,0,11.112462823634855
47,35,1.0,2.0,5,16.0,1,40.0,2018.0,2,60000.0,TN,0.0,1225,HS,0,0,11.002116507732017
47,29,1.0,1.0,1,21.0,1,40.0,2017.0,2,65000.0,TN,1.0,841,BAplus,1,0,11.082157933374816
47,50,1.0,3.0,1,1.0,1,40.0,2018.0,2,200000.0,TN,0.0,2500,<HS,1,0,12.206077645517674
47,38,1.0,2.0,1,21.0,1,40.0,2018.0,2,90000.0,TN,0.0,1444,BAplus,1,0,11.407576060361786
47,32,1.0,1.0,1,21.0,1,45.0,2017.0,2,95000.0,TN,1.0,1024,BAplus,1,0,11.461642696843066
47,34,1.0,1.0,3,23.0,2,40.0,2017.0,2,73000.0,TN,1.0,1156,BAplus,0,1,11.19822841866684
47,35,1.0,1.0,1,23.0,2,40.0,2017.0,2,72000.0,TN,1.0,1225,BAplus,1,1,11.184435286790631
47,30,1.0,1.0,1,22.0,1,50.0,2017.0,2,70000.0,TN,1.0,900,BAplus,1,0,11.156264806643742
47,46,1.0,2.0,1,22.0,1,40.0,2018.0,2,100000.0,TN,0.0,2116,BAplus,1,0,11.51293546492023
47,51,1.0,1.0,1,21.0,1,55.0,2018.0,2,90000.0,TN,0.0,2601,BAplus,1,0,11.407576060361786
47,32,2.0,2.0,1,21.0,1,40.0,2017.0,2,99000.0,TN,1.0,1024,BAplus,1,0,11.502885230075814
47,45,1.0,1.0,1,16.0,1,40.0,2017.0,2,68600.0,TN,1.0,2025,HS,1,0,11.136062390867204
47,48,1.0,2.0,1,21.0,1,50.0,2018.0,2,180000.0,TN,0.0,2304,BAplus,1,0,12.100717685412471
48,39,1.0,1.0,1,22.0,1,40.0,2018.0,2,123200.0,TX,0.0,1521,BAplus,1,0,11.72157244693173
48,36,1.0,4.0,3,1.0,2,40.0,2017.0,2,131900.0,TX,1.0,1296,<HS,0,1,11.789806920177805
48,35,4.0,1.0,1,21.0,2,40.0,2018.0,2,59000.0,TX,0.0,1225,BAplus,1,1,10.985309671896763
48,41,1.0,2.0,1,10.0,1,45.0,2017.0,2,92000.0,TX,1.0,1681,<HS,1,0,11.429554725537322
48,30,1.0,1.0,5,22.0,1,40.0,2018.0,2,110000.0,TX,0.0,900,BAplus,0,0,11.608244735642321
48,29,1.0,1.0,5,23.0,1,60.0,2018.0,2,60000.0,TX,0.0,841,BAplus,0,0,11.002116507732017
48,39,1.0,1.0,1,21.0,2,40.0,2017.0,2,93000.0,TX,1.0,1521,BAplus,1,1,11.440365524765756
48,39,1.0,1.0,1,24.0,1,40.0,2017.0,2,101100.0,TX,1.0,1521,BAplus,1,0,11.52387529615648
48,38,1.0,1.0,1,22.0,1,40.0,2017.0,2,70000.0,TX,1.0,1444,BAplus,1,0,11.156264806643742
48,32,1.0,1.0,1,21.0,1,40.0,2017.0,2,76000.0,TX,1.0,1024,BAplus,1,0,11.23850177707664
48,27,1.0,1.0,5,22.0,1,40.0,2018.0,2,70000.0,TX,0.0,729,BAplus,0,0,11.156264806643742
48,46,1.0,1.0,1,22.0,1,70.0,2017.0,2,200000.0,TX,1.0,2116,BAplus,1,0,12.206077645517674
48,46,2.0,2.0,1,24.0,1,80.0,2018.0,2,140000.0,TX,0.0,2116,BAplus,1,0,11.849404844423074
48,40,1.0,2.0,1,22.0,1,50.0,2018.0,2,60000.0,TX,0.0,1600,BAplus,1,0,11.002116507732017
48,36,1.0,2.0,1,21.0,2,50.0,2018.0,2,110000.0,TX,0.0,1296,BAplus,1,1,11.608244735642321
48,45,7.0,3.0,1,19.0,1,40.0,2017.0,2,276000.0,TX,1.0,2025,SomeCollege,1,0,12.52815976788113
48,32,1.0,1.0,1,21.0,1,85.0,2018.0,2,140000.0,TX,0.0,1024,BAplus,1,0,11.849404844423074
48,33,1.0,2.0,1,21.0,1,40.0,2017.0,2,65000.0,TX,1.0,1089,BAplus,1,0,11.082157933374816
48,32,1.0,1.0,1,21.0,1,40.0,2017.0,2,56000.0,TX,1.0,1024,BAplus,1,0,10.933124826700707
48,27,1.0,1.0,1,22.0,1,40.0,2018.0,2,69000.0,TX,0.0,729,BAplus,1,0,11.141876276228
48,51,1.0,1.0,1,21.0,2,60.0,2017.0,2,140000.0,TX,1.0,2601,BAplus,1,1,11.849404844423074
48,51,1.0,2.0,1,19.0,1,60.0,2017.0,2,65000.0,TX,1.0,2601,SomeCollege,1,0,11.082157933374816
48,40,1.0,1.0,1,19.0,1,40.0,2017.0,2,100000.0,TX,1.0,1600,SomeCollege,1,0,11.51293546492023
48,32,1.0,2.0,1,22.0,1,40.0,2018.0,2,100000.0,TX,0.0,1024,BAplus,1,0,11.51293546492023
48,37,1.0,1.0,1,21.0,2,40.0,2018.0,2,96000.0,TX,0.0,1369,BAplus,1,1,11.472113887062386
48,29,1.0,1.0,5,22.0,1,40.0,2017.0,2,102010.0,TX,1.0,841,BAplus,0,0,11.53283592958901
48,50,1.0,1.0,1,22.0,1,60.0,2017.0,2,468000.0,TX,1.0,2500,BAplus,1,0,13.056225711649638
48,33,1.0,1.0,5,21.0,1,50.0,2017.0,2,170000.0,TX,1.0,1089,BAplus,0,0,12.04355959836804
48,25,1.0,4.0,5,11.0,1,40.0,2017.0,2,104000.0,TX,1.0,625,<HS,0,0,11.552155793461898
48,53,4.0,1.0,1,22.0,1,40.0,2018.0,2,81440.0,TX,0.0,2809,BAplus,1,0,11.307634110687353
48,31,2.0,1.0,1,22.0,2,40.0,2018.0,2,85000.0,TX,0.0,961,BAplus,1,1,11.350418300109132
48,31,1.0,1.0,1,22.0,1,40.0,2018.0,2,85000.0,TX,0.0,961,BAplus,1,0,11.350418300109132
48,41,1.0,3.0,1,11.0,1,40.0,2017.0,2,60000.0,TX,1.0,1681,<HS,1,0,11.002116507732017
48,40,1.0,1.0,1,21.0,2,40.0,2018.0,2,98000.0,TX,0.0,1600,BAplus,1,1,11.49273296168228
48,30,1.0,1.0,5,21.0,1,40.0,2017.0,2,75000.0,TX,1.0,900,BAplus,0,0,11.225256725762893
48,41,1.0,2.0,1,22.0,1,40.0,2017.0,2,209500.0,TX,1.0,1681,BAplus,1,0,12.252483791602627
48,30,4.0,2.0,5,24.0,2,50.0,2018.0,2,61000.0,TX,0.0,900,BAplus,0,1,11.0186455364637
48,45,1.0,1.0,1,22.0,1,40.0,2017.0,2,185000.0,TX,1.0,2025,BAplus,1,0,12.128116509451258
48,28,1.0,1.0,1,21.0,1,40.0,2017.0,2,65000.0,TX,1.0,784,BAplus,1,0,11.082157933374816
48,37,1.0,1.0,1,20.0,1,50.0,2017.0,2,150000.0,TX,1.0,1369,SomeCollege,1,0,11.918397239722838
48,43,1.0,1.0,1,22.0,1,40.0,2017.0,2,72000.0,TX,1.0,1849,BAplus,1,0,11.184435286790631
48,52,1.0,4.0,1,14.0,1,40.0,2017.0,2,79000.0,TX,1.0,2704,<HS,1,0,11.277215789596893
48,38,1.0,1.0,5,22.0,1,50.0,2017.0,2,468000.0,TX,1.0,1444,BAplus,0,0,13.056225711649638
48,43,1.0,1.0,1,22.0,1,40.0,2018.0,2,118000.0,TX,0.0,1849,BAplus,1,0,11.678448377988165
48,30,1.0,1.0,1,21.0,2,40.0,2018.0,2,73000.0,TX,0.0,900,BAplus,1,1,11.19822841866684
48,36,1.0,2.0,1,21.0,2,30.0,2017.0,2,80000.0,TX,1.0,1296,BAplus,1,1,11.289794413577894
48,43,1.0,1.0,1,22.0,1,40.0,2017.0,2,234000.0,TX,1.0,1849,BAplus,1,0,12.36308066783498
48,38,1.0,2.0,1,22.0,1,50.0,2018.0,2,85000.0,TX,0.0,1444,BAplus,1,0,11.350418300109132
48,30,1.0,1.0,5,24.0,1,40.0,2018.0,2,92000.0,TX,0.0,900,BAplus,0,0,11.429554725537322
48,34,1.0,1.0,1,21.0,1,40.0,2017.0,2,110000.0,TX,1.0,1156,BAplus,1,0,11.608244735642321
48,54,1.0,1.0,1,22.0,1,40.0,2017.0,2,140000.0,TX,1.0,2916,BAplus,1,0,11.849404844423074
48,48,7.0,2.0,1,18.0,1,70.0,2017.0,2,200000.0,TX,1.0,2304,SomeCollege,1,0,12.206077645517674
48,41,1.0,2.0,5,23.0,1,45.0,2018.0,2,80000.0,TX,0.0,1681,BAplus,0,0,11.289794413577894
48,37,1.0,2.0,5,24.0,1,40.0,2018.0,2,70000.0,TX,0.0,1369,BAplus,0,0,11.156264806643742
48,32,1.0,1.0,1,23.0,1,40.0,2018.0,2,57000.0,TX,0.0,1024,BAplus,1,0,10.950824090522445
48,38,1.0,1.0,1,22.0,1,40.0,2017.0,2,69000.0,TX,1.0,1444,BAplus,1,0,11.141876276228
48,38,1.0,1.0,1,21.0,1,40.0,2017.0,2,90000.0,TX,1.0,1444,BAplus,1,0,11.407576060361786
48,43,1.0,1.0,1,22.0,1,40.0,2017.0,2,98000.0,TX,1.0,1849,BAplus,1,0,11.49273296168228
48,38,1.0,1.0,1,21.0,1,45.0,2017.0,2,60000.0,TX,1.0,1444,BAplus,1,0,11.002116507732017
48,40,2.0,1.0,1,24.0,1,40.0,2017.0,2,60000.0,TX,1.0,1600,BAplus,1,0,11.002116507732017
48,27,1.0,1.0,5,22.0,1,40.0,2017.0,2,78000.0,TX,1.0,729,BAplus,0,0,11.264476926102367
48,43,1.0,1.0,1,22.0,1,44.0,2018.0,2,140000.0,TX,0.0,1849,BAplus,1,0,11.849404844423074
48,40,1.0,1.0,1,22.0,1,40.0,2018.0,2,140040.0,TX,0.0,1600,BAplus,1,0,11.849690515860017
48,39,1.0,1.0,1,21.0,1,40.0,2017.0,2,87000.0,TX,1.0,1521,BAplus,1,0,11.373674891823535
48,27,1.0,1.0,1,21.0,2,40.0,2017.0,2,95000.0,TX,1.0,729,BAplus,1,1,11.461642696843066
48,31,1.0,1.0,1,21.0,1,40.0,2017.0,2,80000.0,TX,1.0,961,BAplus,1,0,11.289794413577894
48,37,1.0,2.0,1,21.0,1,48.0,2018.0,2,120000.0,TX,0.0,1369,BAplus,1,0,11.695255355062795
48,45,1.0,1.0,1,22.0,1,50.0,2018.0,2,166000.0,TX,0.0,2025,BAplus,1,0,12.019749091416921
48,46,1.0,2.0,1,21.0,1,55.0,2017.0,2,200000.0,TX,1.0,2116,BAplus,1,0,12.206077645517674
48,25,1.0,1.0,5,21.0,2,32.0,2018.0,2,98000.0,TX,0.0,625,BAplus,0,1,11.49273296168228
48,47,3.0,2.0,1,22.0,1,40.0,2017.0,2,151500.0,TX,1.0,2209,BAplus,1,0,11.928347504569842
48,49,1.0,1.0,3,19.0,1,48.0,2017.0,2,99000.0,TX,1.0,2401,SomeCollege,0,0,11.502885230075814
48,52,1.0,4.0,1,1.0,1,40.0,2018.0,2,60000.0,TX,0.0,2704,<HS,1,0,11.002116507732017
48,46,1.0,2.0,1,21.0,2,30.0,2017.0,2,200000.0,TX,1.0,2116,BAplus,1,1,12.206077645517674
48,34,1.0,1.0,1,22.0,1,40.0,2017.0,2,115000.0,TX,1.0,1156,BAplus,1,0,11.652696102959753
48,32,6.0,1.0,1,16.0,1,40.0,2018.0,2,100000.0,TX,0.0,1024,HS,1,0,11.51293546492023
48,30,1.0,1.0,1,22.0,1,40.0,2017.0,2,115000.0,TX,1.0,900,BAplus,1,0,11.652696102959753
48,27,1.0,1.0,1,21.0,1,50.0,2017.0,2,95000.0,TX,1.0,729,BAplus,1,0,11.461642696843066
48,36,1.0,1.0,1,23.0,1,40.0,2017.0,2,60000.0,TX,1.0,1296,BAplus,1,0,11.002116507732017
48,33,1.0,2.0,1,21.0,1,40.0,2017.0,2,60000.0,TX,1.0,1089,BAplus,1,0,11.002116507732017
48,42,1.0,1.0,1,22.0,1,40.0,2018.0,2,120000.0,TX,0.0,1764,BAplus,1,0,11.695255355062795
48,27,1.0,1.0,1,21.0,1,40.0,2017.0,2,60000.0,TX,1.0,729,BAplus,1,0,11.002116507732017
48,31,1.0,1.0,1,22.0,1,40.0,2017.0,2,99000.0,TX,1.0,961,BAplus,1,0,11.502885230075814
48,45,1.0,1.0,5,21.0,1,40.0,2018.0,2,93800.0,TX,0.0,2025,BAplus,0,0,11.448930795918299
48,36,1.0,1.0,3,21.0,1,45.0,2017.0,2,146000.0,TX,1.0,1296,BAplus,0,0,11.891368749982085
48,37,2.0,1.0,1,24.0,2,40.0,2017.0,2,175000.0,TX,1.0,1369,BAplus,1,1,12.07254696717504
48,50,2.0,1.0,1,24.0,1,40.0,2017.0,2,225000.0,TX,1.0,2500,BAplus,1,0,12.323860125621126
48,35,1.0,2.0,5,21.0,2,50.0,2018.0,2,68000.0,TX,0.0,1225,BAplus,0,1,11.127277689932466
48,30,1.0,3.0,1,21.0,1,40.0,2018.0,2,74000.0,TX,0.0,900,BAplus,1,0,11.211833885608513
48,35,1.0,1.0,1,23.0,1,40.0,2017.0,2,100000.0,TX,1.0,1225,BAplus,1,0,11.51293546492023
48,49,1.0,1.0,1,12.0,1,45.0,2017.0,2,119000.0,TX,1.0,2401,<HS,1,0,11.686887175419702
48,53,7.0,1.0,1,21.0,1,40.0,2018.0,2,468000.0,TX,0.0,2809,BAplus,1,0,13.056225711649638
48,51,1.0,2.0,1,15.0,2,40.0,2018.0,2,468000.0,TX,0.0,2601,<HS,1,1,13.056225711649638
48,49,1.0,1.0,1,21.0,1,40.0,2018.0,2,220000.0,TX,0.0,2401,BAplus,1,0,12.301387370778713
48,31,1.0,1.0,5,21.0,1,55.0,2017.0,2,65000.0,TX,1.0,961,BAplus,0,0,11.082157933374816
48,38,1.0,1.0,1,22.0,1,42.0,2018.0,2,160000.0,TX,0.0,1444,BAplus,1,0,11.982935344196433
48,32,1.0,1.0,1,21.0,2,40.0,2018.0,2,89000.0,TX,0.0,1024,BAplus,1,1,11.39640288460621
48,50,1.0,1.0,1,21.0,1,40.0,2017.0,2,215000.0,TX,1.0,2500,BAplus,1,0,12.278397958261774
48,43,1.0,2.0,1,21.0,1,40.0,2017.0,2,96000.0,TX,1.0,1849,BAplus,1,0,11.472113887062386
48,35,1.0,1.0,1,21.0,1,40.0,2017.0,2,75000.0,TX,1.0,1225,BAplus,1,0,11.225256725762893
48,33,1.0,1.0,1,24.0,1,40.0,2017.0,2,65000.0,TX,1.0,1089,BAplus,1,0,11.082157933374816
48,39,1.0,1.0,1,21.0,2,40.0,2017.0,2,100000.0,TX,1.0,1521,BAplus,1,1,11.51293546492023
48,41,1.0,1.0,1,21.0,1,40.0,2017.0,2,89000.0,TX,1.0,1681,BAplus,1,0,11.39640288460621
48,44,1.0,1.0,1,21.0,2,40.0,2017.0,2,90000.0,TX,1.0,1936,BAplus,1,1,11.407576060361786
48,49,2.0,1.0,1,21.0,2,40.0,2018.0,2,75000.0,TX,0.0,2401,BAplus,1,1,11.225256725762893
48,40,1.0,2.0,1,1.0,1,55.0,2017.0,2,77000.0,TX,1.0,1600,<HS,1,0,11.251573687764477
48,33,1.0,1.0,1,20.0,1,40.0,2017.0,2,70000.0,TX,1.0,1089,SomeCollege,1,0,11.156264806643742
49,46,5.0,2.0,1,20.0,1,40.0,2017.0,2,116000.0,UT,1.0,2116,SomeCollege,1,0,11.661354090741
49,26,1.0,1.0,5,22.0,1,40.0,2017.0,2,50000.0,UT,1.0,676,BAplus,0,0,10.819798284210286
49,48,3.0,3.0,1,21.0,2,40.0,2017.0,2,53000.0,UT,1.0,2304,BAplus,1,1,10.87806606028079
49,33,4.0,2.0,1,21.0,1,30.0,2017.0,2,52000.0,UT,1.0,1089,BAplus,1,0,10.859018228147887
49,41,1.0,2.0,1,21.0,1,40.0,2017.0,2,100000.0,UT,1.0,1681,BAplus,1,0,11.51293546492023
49,33,4.0,1.0,1,21.0,2,40.0,2017.0,2,50000.0,UT,1.0,1089,BAplus,1,1,10.819798284210286
49,33,1.0,1.0,1,22.0,1,40.0,2017.0,2,64000.0,UT,1.0,1089,BAplus,1,0,11.06665398721974
50,50,3.0,4.0,3,16.0,1,50.0,2017.0,2,105000.0,VT,1.0,2500,HS,0,0,11.561725152903833
50,25,1.0,3.0,5,16.0,1,60.0,2017.0,2,55900.0,VT,1.0,625,HS,0,0,10.93133754807084
51,32,6.0,1.0,1,23.0,1,60.0,2018.0,2,100000.0,VA,0.0,1024,BAplus,1,0,11.51293546492023
51,40,3.0,2.0,1,24.0,2,40.0,2017.0,2,52400.0,VA,1.0,1600,BAplus,1,1,10.866680954096502
51,36,2.0,1.0,1,22.0,1,40.0,2017.0,2,110000.0,VA,1.0,1296,BAplus,1,0,11.608244735642321
51,29,2.0,1.0,1,22.0,2,40.0,2017.0,2,106000.0,VA,1.0,841,BAplus,1,1,11.571203807011969
51,39,1.0,2.0,1,22.0,1,40.0,2018.0,2,127000.0,VA,0.0,1521,BAplus,1,0,11.751950239425476
51,31,3.0,3.0,5,21.0,2,40.0,2017.0,2,115000.0,VA,1.0,961,BAplus,0,1,11.652696102959753
51,39,1.0,1.0,1,22.0,1,40.0,2018.0,2,105600.0,VA,0.0,1521,BAplus,1,0,11.567423119906431
51,36,2.0,1.0,1,22.0,2,40.0,2017.0,2,71010.0,VA,1.0,1296,BAplus,1,1,11.17059007360057
51,43,5.0,2.0,1,22.0,2,40.0,2018.0,2,70000.0,VA,0.0,1849,BAplus,1,1,11.156264806643742
51,34,1.0,1.0,1,22.0,1,40.0,2017.0,2,106000.0,VA,1.0,1156,BAplus,1,0,11.571203807011969
51,32,1.0,1.0,1,22.0,2,40.0,2017.0,2,107000.0,VA,1.0,1024,BAplus,1,1,11.580593459194764
51,41,5.0,2.0,1,22.0,1,40.0,2017.0,2,130000.0,VA,1.0,1681,BAplus,1,0,11.775297421715827
51,47,5.0,2.0,1,19.0,1,42.0,2017.0,2,120000.0,VA,1.0,2209,SomeCollege,1,0,11.695255355062795
51,30,1.0,1.0,5,22.0,1,50.0,2017.0,2,98000.0,VA,1.0,900,BAplus,0,0,11.49273296168228
51,30,1.0,1.0,1,21.0,1,40.0,2018.0,2,105000.0,VA,0.0,900,BAplus,1,0,11.561725152903833
51,28,2.0,3.0,1,21.0,1,40.0,2017.0,2,81000.0,VA,1.0,784,BAplus,1,0,11.302216779257382
51,33,1.0,1.0,5,24.0,1,40.0,2017.0,2,55000.0,VA,1.0,1089,BAplus,0,0,10.915106645867503
51,48,1.0,1.0,1,22.0,1,40.0,2018.0,2,79270.0,VA,0.0,2304,BAplus,1,0,11.280627640864537
51,30,1.0,2.0,1,22.0,1,40.0,2017.0,2,100000.0,VA,1.0,900,BAplus,1,0,11.51293546492023
51,40,3.0,1.0,1,21.0,2,40.0,2018.0,2,73000.0,VA,0.0,1600,BAplus,1,1,11.19822841866684
51,48,7.0,1.0,1,20.0,2,77.0,2017.0,2,75000.0,VA,1.0,2304,SomeCollege,1,1,11.225256725762893
51,31,1.0,1.0,5,22.0,1,40.0,2017.0,2,75000.0,VA,1.0,961,BAplus,0,0,11.225256725762893
51,54,5.0,1.0,1,21.0,1,40.0,2018.0,2,106000.0,VA,0.0,2916,BAplus,1,0,11.571203807011969
51,37,5.0,2.0,1,21.0,1,65.0,2017.0,2,90000.0,VA,1.0,1369,BAplus,1,0,11.407576060361786
51,39,4.0,1.0,1,24.0,2,40.0,2017.0,2,55000.0,VA,1.0,1521,BAplus,1,1,10.915106645867503
51,45,3.0,1.0,1,22.0,1,40.0,2018.0,2,67000.0,VA,0.0,2025,BAplus,1,0,11.112462823634855
51,33,1.0,2.0,1,23.0,1,50.0,2018.0,2,110000.0,VA,0.0,1089,BAplus,1,0,11.608244735642321
51,51,5.0,1.0,1,22.0,1,50.0,2017.0,2,130000.0,VA,1.0,2601,BAplus,1,0,11.775297421715827
51,46,5.0,3.0,1,21.0,1,40.0,2017.0,2,100000.0,VA,1.0,2116,BAplus,1,0,11.51293546492023
51,33,1.0,1.0,5,22.0,1,40.0,2018.0,2,105000.0,VA,0.0,1089,BAplus,0,0,11.561725152903833
51,35,1.0,1.0,1,21.0,2,40.0,2017.0,2,90000.0,VA,1.0,1225,BAplus,1,1,11.407576060361786
51,47,1.0,2.0,1,21.0,1,40.0,2017.0,2,90000.0,VA,1.0,2209,BAplus,1,0,11.407576060361786
51,39,1.0,1.0,1,21.0,1,40.0,2017.0,2,70000.0,VA,1.0,1521,BAplus,1,0,11.156264806643742
51,43,1.0,1.0,1,22.0,2,40.0,2017.0,2,60000.0,VA,1.0,1849,BAplus,1,1,11.002116507732017
53,43,1.0,1.0,1,23.0,1,40.0,2017.0,2,275000.0,WA,1.0,1849,BAplus,1,0,12.524530013005734
53,44,1.0,2.0,1,21.0,1,40.0,2017.0,2,150000.0,WA,1.0,1936,BAplus,1,0,11.918397239722838
53,25,1.0,2.0,5,21.0,1,40.0,2017.0,2,132000.0,WA,1.0,625,BAplus,0,0,11.790564777297387
53,26,1.0,2.0,5,21.0,1,40.0,2017.0,2,138000.0,WA,1.0,676,BAplus,0,0,11.835016210489899
53,36,1.0,1.0,1,21.0,1,40.0,2017.0,2,150000.0,WA,1.0,1296,BAplus,1,0,11.918397239722838
53,31,1.0,2.0,5,22.0,1,40.0,2018.0,2,200000.0,WA,0.0,961,BAplus,0,0,12.206077645517674
53,37,1.0,1.0,1,21.0,1,40.0,2017.0,2,150000.0,WA,1.0,1369,BAplus,1,0,11.918397239722838
53,31,1.0,2.0,1,24.0,1,40.0,2018.0,2,170000.0,WA,0.0,961,BAplus,1,0,12.04355959836804
53,25,1.0,1.0,5,22.0,1,40.0,2017.0,2,248000.0,WA,1.0,625,BAplus,0,0,12.421188057397055
53,31,1.0,1.0,5,22.0,2,45.0,2017.0,2,150000.0,WA,1.0,961,BAplus,0,1,11.918397239722838
53,28,1.0,1.0,1,21.0,1,40.0,2017.0,2,138600.0,WA,1.0,784,BAplus,1,0,11.839354580719126
53,35,1.0,1.0,1,21.0,1,40.0,2018.0,2,160000.0,WA,0.0,1225,BAplus,1,0,11.982935344196433
53,32,1.0,1.0,1,21.0,1,40.0,2017.0,2,200020.0,WA,1.0,1024,BAplus,1,0,12.20617764001806
53,33,1.0,2.0,1,21.0,1,40.0,2017.0,2,153070.0,WA,1.0,1089,BAplus,1,0,11.93865714502319
53,31,1.0,2.0,1,22.0,2,40.0,2017.0,2,184000.0,WA,1.0,961,BAplus,1,1,12.122696471358964
53,37,1.0,1.0,1,22.0,2,40.0,2017.0,2,120000.0,WA,1.0,1369,BAplus,1,1,11.695255355062795
53,37,7.0,1.0,1,22.0,1,50.0,2017.0,2,819000.0,WA,1.0,1369,BAplus,1,0,13.615840583835682
53,40,1.0,2.0,1,21.0,1,40.0,2017.0,2,180000.0,WA,1.0,1600,BAplus,1,0,12.100717685412471
53,36,1.0,1.0,1,21.0,1,40.0,2018.0,2,130100.0,WA,0.0,1296,BAplus,1,0,11.776066350866136
53,33,1.0,2.0,1,22.0,1,40.0,2018.0,2,182000.0,WA,0.0,1089,BAplus,1,0,12.111767460549332
53,36,1.0,1.0,1,24.0,1,40.0,2017.0,2,150700.0,WA,1.0,1296,BAplus,1,0,11.923053020292636
53,41,1.0,2.0,1,22.0,2,60.0,2017.0,2,125000.0,WA,1.0,1681,BAplus,1,1,11.736077016252437
53,47,5.0,1.0,1,22.0,1,50.0,2017.0,2,150000.0,WA,1.0,2209,BAplus,1,0,11.918397239722838
53,41,1.0,1.0,1,24.0,1,40.0,2017.0,2,140000.0,WA,1.0,1681,BAplus,1,0,11.849404844423074
53,29,1.0,1.0,5,22.0,2,50.0,2017.0,2,206000.0,WA,1.0,841,BAplus,0,1,12.235636302128867
53,47,1.0,1.0,1,22.0,2,55.0,2017.0,2,151000.0,WA,1.0,2209,BAplus,1,1,11.92504173829169
53,36,1.0,1.0,1,22.0,1,40.0,2017.0,2,162000.0,WA,1.0,1296,BAplus,1,0,11.995357787034976
53,29,1.0,1.0,5,22.0,2,40.0,2018.0,2,170000.0,WA,0.0,841,BAplus,0,1,12.04355959836804
53,26,1.0,1.0,1,22.0,2,45.0,2018.0,2,120000.0,WA,0.0,676,BAplus,1,1,11.695255355062795
53,44,1.0,1.0,1,22.0,1,40.0,2018.0,2,250000.0,WA,0.0,1936,BAplus,1,0,12.429220196836383
53,36,1.0,2.0,1,21.0,1,40.0,2017.0,2,130300.0,WA,1.0,1296,BAplus,1,0,11.77760243768057
53,29,1.0,1.0,1,22.0,1,40.0,2018.0,2,130000.0,WA,0.0,841,BAplus,1,0,11.775297421715827
53,28,1.0,1.0,1,24.0,2,40.0,2017.0,2,140000.0,WA,1.0,784,BAplus,1,1,11.849404844423074
53,38,1.0,2.0,1,22.0,1,40.0,2018.0,2,150000.0,WA,0.0,1444,BAplus,1,0,11.918397239722838
53,35,1.0,3.0,1,21.0,1,40.0,2017.0,2,150000.0,WA,1.0,1225,BAplus,1,0,11.918397239722838
53,34,1.0,1.0,1,22.0,1,40.0,2018.0,2,120000.0,WA,0.0,1156,BAplus,1,0,11.695255355062795
53,39,1.0,2.0,1,24.0,1,50.0,2017.0,2,178600.0,WA,1.0,1521,BAplus,1,0,12.092909546513004
53,36,1.0,1.0,1,21.0,1,40.0,2017.0,2,135500.0,WA,1.0,1296,BAplus,1,0,11.816734299348461
54,29,1.0,1.0,1,22.0,2,40.0,2017.0,2,60000.0,WV,1.0,841,BAplus,1,1,11.002116507732017
55,34,1.0,1.0,1,22.0,1,40.0,2017.0,2,87000.0,WI,1.0,1156,BAplus,1,0,11.373674891823535
55,28,1.0,1.0,1,22.0,2,40.0,2017.0,2,79000.0,WI,1.0,784,BAplus,1,1,11.277215789596893
55,34,1.0,4.0,5,9.0,1,40.0,2017.0,2,55000.0,WI,1.0,1156,<HS,0,0,10.915106645867503
55,39,1.0,1.0,1,22.0,1,40.0,2017.0,2,108000.0,WI,1.0,1521,BAplus,1,0,11.58989576532275
55,35,1.0,1.0,1,21.0,1,40.0,2017.0,2,100000.0,WI,1.0,1225,BAplus,1,0,11.51293546492023
55,26,3.0,1.0,5,22.0,2,42.0,2017.0,2,48000.0,WI,1.0,676,BAplus,0,1,10.778977123006351
56,40,4.0,2.0,1,24.0,1,40.0,2018.0,2,30000.0,WY,0.0,1600,BAplus,1,0,10.308985993422082
