method,0,25,50,75,overall_coverage,mean_width,median_width,prop_infinite,target_coverage,coverage_diff
HCP,0.6923,0.8571,0.9286,1.0,0.8727,2.2538,2.2538,0.0,0.9,-0.02729999999999999
HCP++,1.0,0.9286,1.0,0.9286,0.9636,2.4303,2.1913,0.1273,0.9,0.06359999999999999
HCP.sample,0.8462,0.8571,1.0,0.8571,0.8909,1.5761,1.4568,0.0,0.9,-0.009099999999999997
Pooling,0.6923,0.7857,0.9286,1.0,0.8545,1.9912,1.9912,0.0,0.9,-0.045499999999999985
Repeated,0.6923,0.8571,0.9286,1.0,0.8727,2.2688,2.2538,0.0,0.9,-0.02729999999999999
Subsampling,0.7692,0.9286,0.9286,1.0,0.9091,2.2526,2.2494,0.0,0.9,0.009099999999999997
