summary,spearman_rho,p_value,subsample
age_mean,-0.28331912769405326,0.06561759596424577,0
age_sd,-0.2642347792014561,0.08685505307651593,0
age_sq_mean,-0.3012579330781071,0.049629619558093994,0
age_sq_sd,-0.2799828691939784,0.06899836336908437,0
english_mean,-0.44760423365111685,0.002615787747320726,0
entry_recency_mean,-0.011974250854845759,0.9392525791612631,0
entry_recency_sd,0.3109581712884217,0.04239431059213264,0
hours_mean,0.1752276669497401,0.26105193459465087,0
hours_sd,0.11180983310020624,0.475335847514075,0
prop_educ_<HS,,,0
prop_educ_BAplus,0.5247638533215282,0.00030320056594205824,0
prop_educ_HS,,,0
prop_educ_SomeCollege,,,0
prop_female,0.07699031759286666,0.6236301736918891,0
prop_married,0.14860816496150045,0.3415695404988281,0
age_mean,-0.3318831602384199,0.029688994022694887,1
age_sd,-0.34865362699790986,0.02194449826571745,1
age_sq_mean,-0.34517087632648663,0.02339563189470588,1
age_sq_sd,-0.37242718592892904,0.013917045156642636,1
english_mean,-0.46253985655230817,0.0017907291826178321,1
entry_recency_mean,0.017051294517862945,0.9135786060853149,1
entry_recency_sd,0.3178111396316829,0.03781991234614984,1
hours_mean,0.09104704616045803,0.5614759203402964,1
hours_sd,0.08472169568092533,0.5890870916225223,1
prop_educ_<HS,,,1
prop_educ_BAplus,0.48894076901053374,0.000877951427075513,1
prop_educ_HS,,,1
prop_educ_SomeCollege,,,1
prop_female,0.04342349317394146,0.7821743348472054,1
prop_married,0.14399923643772045,0.3569171763213942,1
age_mean,-0.3809175090437099,0.011733924258955072,2
age_sd,-0.3978814297037246,0.008234907197889411,2
age_sq_mean,-0.38999236322828096,0.009730625156100958,2
age_sq_sd,-0.4420821993573932,0.002996511989915784,2
english_mean,-0.5568168975380596,0.00010539056995195647,2
entry_recency_mean,0.02083338020370883,0.8945079215662155,2
entry_recency_sd,0.33024269824082125,0.030555044075029434,2
hours_mean,0.12518494386041884,0.42379361912393193,2
hours_sd,0.10674020457198988,0.4957023276729978,2
prop_educ_<HS,,,2
prop_educ_BAplus,0.514009308513817,0.0004223911830093902,2
prop_educ_HS,,,2
prop_educ_SomeCollege,,,2
prop_female,-0.02322479552763827,0.8824790623297888,2
prop_married,0.03125608282547218,0.8422871671905962,2
age_mean,-0.2984750810460297,0.05187993046974508,3
age_sd,-0.24545821036421797,0.11261983411774787,3
age_sq_mean,-0.30436212389394085,0.047213149719943726,3
age_sq_sd,-0.28134568467410054,0.06760109680604283,3
english_mean,-0.4564419379826476,0.002094641055594915,3
entry_recency_mean,-0.07521995223457427,0.6316571463985717,3
entry_recency_sd,0.3329559632963138,0.029133694693686,3
hours_mean,0.20062942501164677,0.19704695665172822,3
hours_sd,0.18898421475556548,0.22485906170814773,3
prop_educ_<HS,,,3
prop_educ_BAplus,0.528835379607308,0.00026665923973679485,3
prop_educ_HS,,,3
prop_educ_SomeCollege,,,3
prop_female,0.009537696244662575,0.9515971580316599,3
prop_married,0.11654345502992906,0.4567260157754678,3
age_mean,-0.32560968026435605,0.03311439304614756,4
age_sd,-0.2898254254393049,0.05940340542603345,4
age_sq_mean,-0.33192128138085486,0.029669112883555383,4
age_sq_sd,-0.32117018148211374,0.035730058255740604,4
english_mean,-0.41924248050587243,0.005136480926302978,4
entry_recency_mean,0.07930070032420378,0.6132192246960961,4
entry_recency_sd,0.23121269217157542,0.13575585644621307,4
hours_mean,0.09084383958462025,0.5623534968254331,4
hours_sd,0.06822936649054238,0.6637560630620387,4
prop_educ_<HS,,,4
prop_educ_BAplus,0.5065325085065521,0.0005284998379577427,4
prop_educ_HS,,,4
prop_educ_SomeCollege,,,4
prop_female,0.07089515461524652,0.6514412825394608,4
prop_married,0.2041312037726679,0.18917987568995318,4
age_mean,-0.3150331685132869,0.039622939868171995,5
age_sd,-0.3477450833444951,0.022315585660346998,5
age_sq_mean,-0.34183954959729923,0.024857855712398198,5
age_sq_sd,-0.3619789339146595,0.017068790656321577,5
english_mean,-0.43113932991675163,0.003897044908951527,5
entry_recency_mean,-0.07292785783300053,0.6421120055808802,5
entry_recency_sd,0.25467644515258564,0.09932871608338494,5
hours_mean,0.06814486150354057,0.6641478945726408,5
hours_sd,0.05019893204444708,0.7492123096345534,5
prop_educ_<HS,,,5
prop_educ_BAplus,0.5454339820698196,0.00015527619094694864,5
prop_educ_HS,,,5
prop_educ_SomeCollege,,,5
prop_female,-0.07190494810004013,0.6468000610172976,5
prop_married,0.14798664201358472,0.3436151236627706,5
age_mean,-0.41294200647050494,0.005922229785737044,6
age_sd,-0.31125191326566937,0.04218939974235443,6
age_sq_mean,-0.4183843523974918,0.00523785746878084,6
age_sq_sd,-0.3415367017128277,0.024994481478672566,6
english_mean,-0.5247513491702005,0.0003033194161846069,6
entry_recency_mean,0.10084551244467364,0.5199350415891677,6
entry_recency_sd,0.5174913225908173,0.0003798557321953336,6
hours_mean,0.14697558319649334,0.3469588192645954,6
hours_sd,-0.04069825755002669,0.7955429924312102,6
prop_educ_<HS,,,6
prop_educ_BAplus,0.5202431422840855,0.0003490097184948827,6
prop_educ_HS,,,6
prop_educ_SomeCollege,,,6
prop_female,0.15233235419939267,0.3294700493534574,6
prop_married,0.11910862662208473,0.4468084935812918,6
age_mean,-0.39170239286181746,0.009388006782941358,7
age_sd,-0.3437323488752466,0.024017978745400317,7
age_sq_mean,-0.40990461163228753,0.006336910013233463,7
age_sq_sd,-0.37038296270874593,0.014491417357452154,7
english_mean,-0.5122747553013668,0.0004451372093284962,7
entry_recency_mean,-0.043054817946619625,0.783979345601535,7
entry_recency_sd,0.31806233359514546,0.037660244190788936,7
hours_mean,0.08664863619072362,0.5806120065277153,7
hours_sd,-0.0334344095910135,0.8314494164694901,7
prop_educ_<HS,,,7
prop_educ_BAplus,0.5227006479487707,0.0003233887420994891,7
prop_educ_HS,,,7
prop_educ_SomeCollege,,,7
prop_female,0.015421617747308014,0.9218114690814743,7
prop_married,0.09090243385440677,0.5621003837108426,7
age_mean,-0.3014435000933492,0.04948241215447976,8
age_sd,-0.42951401215182244,0.004049215688896148,8
age_sq_mean,-0.3177631427818084,0.03785048390622801,8
age_sq_sd,-0.4245170220580414,0.004550050154306582,8
english_mean,-0.45184918562405596,0.0023527308694877114,8
entry_recency_mean,0.0038648139094303244,0.9803767679823777,8
entry_recency_sd,0.1545456377017146,0.3224076524109555,8
hours_mean,0.13112179084308456,0.4019667745219333,8
hours_sd,0.06890309650330101,0.6606352947842438,8
prop_educ_<HS,,,8
prop_educ_BAplus,0.49760491579226845,0.0006860922082256549,8
prop_educ_HS,,,8
prop_educ_SomeCollege,,,8
prop_female,0.015219649979841526,0.9228323571297117,8
prop_married,0.17871486148010068,0.25153079862616595,8
age_mean,-0.3347479628983825,0.028225330906268643,9
age_sd,-0.32841307351853577,0.031545491707546114,9
age_sq_mean,-0.3679601796329732,0.015198092616808998,9
age_sq_sd,-0.341990973539535,0.024789776659212354,9
english_mean,-0.4846840011083236,0.0009886954941722343,9
entry_recency_mean,-0.03711288758986149,0.8132188765485768,9
entry_recency_sd,0.35336327926882255,0.020102702382172415,9
hours_mean,0.07562338340038667,0.6298242323513795,9
hours_sd,0.10691337611281433,0.4949993201672177,9
prop_educ_<HS,,,9
prop_educ_BAplus,0.49895615902333107,0.0006598203031040999,9
prop_educ_HS,,,9
prop_educ_SomeCollege,,,9
prop_female,-0.14521143096513398,0.35284064178756025,9
prop_married,0.010769088081742713,0.9453568472363326,9
age_mean,-0.30819426692898483,0.04436234062754664,10
age_sd,-0.37575851265811655,0.013022496598397583,10
age_sq_mean,-0.3045135478361766,0.047097755039052495,10
age_sq_sd,-0.3635688853081353,0.016553483779505954,10
english_mean,-0.4548766404293186,0.002179646308531717,10
entry_recency_mean,-0.08263256472757681,0.5983370962712677,10
entry_recency_sd,0.1559262725886677,0.31805070673301855,10
hours_mean,0.02882146511152602,0.8544340771755625,10
hours_sd,-0.04441010118180088,0.7773495405325304,10
prop_educ_<HS,,,10
prop_educ_BAplus,0.5658931254158114,7.658758141972193e-05,10
prop_educ_HS,,,10
prop_educ_SomeCollege,,,10
prop_female,0.12635718536110072,0.41943179296967426,10
prop_married,0.19453784695362253,0.2112763839792034,10
age_mean,-0.4007358662018908,0.007744833744101835,11
age_sd,-0.4245927340291593,0.004542076285301473,11
age_sq_mean,-0.4219428150400329,0.004828524228891905,11
age_sq_sd,-0.4402651120505637,0.003132015335893763,11
english_mean,-0.45030549558700234,0.0024455624154637434,11
entry_recency_mean,0.07584150620158019,0.6288341446203634,11
entry_recency_sd,0.31810202057075104,0.0376350682655046,11
hours_mean,0.20406120275245096,0.1893349225136886,11
hours_sd,0.181856629996712,0.24315496172392445,11
prop_educ_<HS,,,11
prop_educ_BAplus,0.46846524035199416,0.001533469990274066,11
prop_educ_HS,,,11
prop_educ_SomeCollege,,,11
prop_female,-0.08048008768250206,0.6079333718999618,11
prop_married,0.10502150963453319,0.502707268867651,11
age_mean,-0.4175356720189816,0.005339824602094027,12
age_sd,-0.4018791426937906,0.007555721907743434,12
age_sq_mean,-0.4449592542598732,0.0027924814333034603,12
age_sq_sd,-0.4299682839785298,0.004006170407939143,12
english_mean,-0.4972684516603031,0.0006927777946555348,12
entry_recency_mean,-0.05016687189796503,0.7493672967813004,12
entry_recency_sd,0.40212146016298406,0.007516155552287826,12
hours_mean,0.010264786622140242,0.9479121208844893,12
hours_sd,-0.024685830717161933,0.8751426780142598,12
prop_educ_<HS,,,12
prop_educ_BAplus,0.551480704872111,0.00012660695876724772,12
prop_educ_HS,,,12
prop_educ_SomeCollege,,,12
prop_female,0.11435119037016582,0.4652952957113557,12
prop_married,-0.008333993863599572,0.9576999134471488,12
age_mean,-0.2963702234025041,0.053635994351347575,13
age_sd,-0.32843853070943163,0.031531531077079206,13
age_sq_mean,-0.31534035970603574,0.039420169345930685,13
age_sq_sd,-0.365991668383908,0.015793574260044633,13
english_mean,-0.42863109618096584,0.004134035018442066,13
entry_recency_mean,-0.013221725913619316,0.9329376174806557,13
entry_recency_sd,0.19011993720000997,0.2220337012512776,13
hours_mean,0.19574321908514614,0.208405491758549,13
hours_sd,0.15960686085926765,0.3066181413632827,13
prop_educ_<HS,,,13
prop_educ_BAplus,0.4912864677993896,0.0008217793397719767,13
prop_educ_HS,,,13
prop_educ_SomeCollege,,,13
prop_female,0.06368659066404589,0.6849430842818411,13
prop_married,0.14883787012561572,0.34081542816822963,13
age_mean,-0.3296618528440628,0.030866653497121452,14
age_sd,-0.30297289076297884,0.04828255341285012,14
age_sq_mean,-0.3219273011932926,0.03527235291372862,14
age_sq_sd,-0.35508914454293095,0.019461126365245635,14
english_mean,-0.4609756157057374,0.0018647143905981853,14
entry_recency_mean,0.09373359245118068,0.5499340628746228,14
entry_recency_sd,0.17625746876246126,0.2582156315779976,14
hours_mean,0.05942296814715418,0.7050480281350872,14
hours_sd,0.06496332382222562,0.6789635210423559,14
prop_educ_<HS,,,14
prop_educ_BAplus,0.4955525802752132,0.0007277871270936175,14
prop_educ_HS,,,14
prop_educ_SomeCollege,,,14
prop_female,-0.016378925652652653,0.9169742718803119,14
prop_married,0.07165212367981652,0.6479608626490712,14
age_mean,-0.26038921620945754,0.09171836770430994,15
age_sd,-0.3650074127593753,0.016098647397435717,15
age_sq_mean,-0.2842984515476985,0.06465057906873717,15
age_sq_sd,-0.38734244423915454,0.0102827372978479,15
english_mean,-0.34359844329855865,0.02407660650751475,15
entry_recency_mean,0.017579119762692184,0.9109139900940747,15
entry_recency_sd,0.42271998717335757,0.004742927655361724,15
hours_mean,0.21184852980675417,0.17263497766633346,15
hours_sd,0.20596766733337563,0.18514439566887497,15
prop_educ_<HS,,,15
prop_educ_BAplus,0.5453512730125659,0.00015570612895728832,15
prop_educ_HS,,,15
prop_educ_SomeCollege,,,15
prop_female,0.08930532287419952,0.5690184077898636,15
prop_married,0.2403551003886684,0.12053590529634145,15
age_mean,-0.35185282171349136,0.02067869388965347,16
age_sd,-0.38582820481679664,0.010610118677668002,16
age_sq_mean,-0.37008011482427433,0.014578197214399029,16
age_sq_sd,-0.41225168273694224,0.0060143494775911355,16
english_mean,-0.48567966985811695,0.000961732906455885,16
entry_recency_mean,0.1459669206211762,0.35031438439679785,16
entry_recency_sd,0.06216422222990124,0.6920979754288703,16
hours_mean,-0.014321462387447977,0.9273738933296217,16
hours_sd,0.015599021864218889,0.9209148453766517,16
prop_educ_<HS,,,16
prop_educ_BAplus,,,16
prop_educ_HS,,,16
prop_educ_SomeCollege,,,16
prop_female,0.08702668778782617,0.578955732461059,16
prop_married,0.054625435335889455,0.72790951929539,16
age_mean,-0.24074439047499513,0.11991764527421923,17
age_sd,-0.3283628187383138,0.03157306622751674,17
age_sq_mean,-0.25302940747600755,0.10161050810685147,17
age_sq_sd,-0.35599768819634575,0.019130360103984907,17
english_mean,-0.42739134564278153,0.004255751988160142,17
entry_recency_mean,-0.13421771053121417,0.39084731972311104,17
entry_recency_sd,0.34761990774357693,0.022367121925897054,17
hours_mean,0.030120535973600905,0.8479483725400555,17
hours_sd,0.007649797652149958,0.9611698659596974,17
prop_educ_<HS,,,17
prop_educ_BAplus,0.5026402068909169,0.0005927045056406951,17
prop_educ_HS,,,17
prop_educ_SomeCollege,,,17
prop_female,-0.11723495376121223,0.4540408665117053,17
prop_married,0.2409472237194641,0.11959645999139429,17
age_mean,-0.36935885506872435,0.014786648907077704,18
age_sd,-0.3425966693084782,0.024519013045266953,18
age_sq_mean,-0.3784841436183608,0.012327459453256594,18
age_sq_sd,-0.37515281688917335,0.013181399799251767,18
english_mean,-0.43084609101728655,0.00392412397347553,18
entry_recency_mean,-0.04466763405218553,0.7760914829485802,18
entry_recency_sd,0.09895928232593111,0.5278114893292876,18
hours_mean,0.13162797775405805,0.4001363415756726,18
hours_sd,0.14193280702795355,0.3639319798734041,18
prop_educ_<HS,,,18
prop_educ_BAplus,0.5215891850517127,0.00033475879916160446,18
prop_educ_HS,,,18
prop_educ_SomeCollege,,,18
prop_female,0.04567584684665835,0.7711717939491373,18
prop_married,0.13979772125557166,0.3712663617219283,18
age_mean,-0.35038360337255536,0.021252185343425805,19
age_sd,-0.303529292211644,0.047851919013686794,19
age_sq_mean,-0.35168210584262566,0.020744656524396866,19
age_sq_sd,-0.3220030131644106,0.035226848545944454,19
english_mean,-0.44445301411421884,0.002827471050183291,19
entry_recency_mean,-0.006520343887084961,0.9668994955616335,19
entry_recency_sd,0.26690485183970997,0.08359795242476442,19
hours_mean,0.06703547075873989,0.6693000674120955,19
hours_sd,0.04626700174290166,0.7682912889207426,19
prop_educ_<HS,,,19
prop_educ_BAplus,0.5236287789977987,0.00031416192843301377,19
prop_educ_HS,,,19
prop_educ_SomeCollege,,,19
prop_female,-0.040305467384098494,0.7974746986573763,19
prop_married,0.10824103685325859,0.48962663419922847,19
age_mean,-0.26669019398788923,0.08385623075742435,20
age_sd,-0.3806040788096619,0.011808978428837463,20
age_sq_mean,-0.31140333720790514,0.04208408377235327,20
age_sq_sd,-0.39998634341584316,0.007871017543668497,20
english_mean,-0.42713561069241723,0.004281245267726622,20
entry_recency_mean,0.04706157286930173,0.764424457684828,20
entry_recency_sd,0.21624971825651396,0.16367962651996568,20
hours_mean,0.12137885068669717,0.43813065558821673,20
hours_sd,0.06072558614906309,0.6988837551400866,20
prop_educ_<HS,,,20
prop_educ_BAplus,0.5434427986176917,0.00016593107408662677,20
prop_educ_HS,,,20
prop_educ_SomeCollege,,,20
prop_female,-0.006664896170969028,0.9661660954422802,20
prop_married,0.22076723107760296,0.15484320213813055,20
age_mean,-0.24171824399313124,0.11838147254608962,21
age_sd,-0.28672123462347116,0.06230685624839899,21
age_sq_mean,-0.25431651098501173,0.09982397315777572,21
age_sq_sd,-0.3207916216265242,0.03596073315633089,21
english_mean,-0.43459297427090654,0.0035902006724079496,21
entry_recency_mean,0.05372108689251976,0.7322459187176498,21
entry_recency_sd,0.2552346906814949,0.09856432618119328,21
hours_mean,0.03120511517510676,0.8425410975953087,21
hours_sd,0.04293355050312208,0.7845733085736588,21
prop_educ_<HS,,,21
prop_educ_BAplus,0.5145634577596548,0.00041534771963684533,21
prop_educ_HS,,,21
prop_educ_SomeCollege,,,21
prop_female,-0.07962478564833722,0.6117647724447777,21
prop_married,0.24101168874120105,0.1194945159968877,21
age_mean,-0.2752753768138937,0.074001326119143,22
age_sd,-0.3653859726149648,0.01598072666148825,22
age_sq_mean,-0.3060277872585345,0.045956323565621786,22
age_sq_sd,-0.3616760860301879,0.01716846480804163,22
english_mean,-0.48398974882356655,0.001007892248554029,22
entry_recency_mean,-0.04333343082371437,0.7826151706085086,22
entry_recency_sd,0.2902318794055702,0.059031374307158664,22
hours_mean,0.22750037853649882,0.1423279086506232,22
hours_sd,0.1433498232703626,0.3591128141356131,22
prop_educ_<HS,,,22
prop_educ_BAplus,0.5038944213229435,0.0005712917450609164,22
prop_educ_HS,,,22
prop_educ_SomeCollege,,,22
prop_female,0.23295683283715224,0.13274722746850937,22
prop_married,0.19414925491829332,0.21220775263028702,22
age_mean,-0.3439346135926106,0.02392964735034354,23
age_sd,-0.2631748116058056,0.0881750761277021,23
age_sq_mean,-0.3706100986220996,0.014426620571670037,23
age_sq_sd,-0.2963366549554439,0.05366438244578772,23
english_mean,-0.4680522721709785,0.0015502738718321076,23
entry_recency_mean,-0.054342958673740525,0.7292631168251372,23
entry_recency_sd,0.3290312152253786,0.031207944248815914,23
hours_mean,0.11415062035558526,0.4660835702603798,23
hours_sd,0.11444728611509832,0.4649178759504163,23
prop_educ_<HS,,,23
prop_educ_BAplus,0.5154049431066269,0.0004048538207291442,23
prop_educ_HS,,,23
prop_educ_SomeCollege,,,23
prop_female,0.1081093000922862,0.4901583830990081,23
prop_married,0.06999894020299913,0.6555713997621272,23
age_mean,-0.3569871048970275,0.018775544892122794,24
age_sd,-0.2976237584644481,0.05258451993355479,24
age_sq_mean,-0.37318430564010807,0.013709281963819759,24
age_sq_sd,-0.344186620701954,0.023819972491777728,24
english_mean,-0.45842031647994125,0.0019913979513105423,24
entry_recency_mean,-0.06631058979168925,0.672674653698611,24
entry_recency_sd,0.18347088689429417,0.23892567461080755,24
hours_mean,0.03872831429531597,0.805242915049646,24
hours_sd,0.06687892402820211,0.6700283083860087,24
prop_educ_<HS,,,24
prop_educ_BAplus,0.48809482859517206,0.0008990343000343819,24
prop_educ_HS,,,24
prop_educ_SomeCollege,,,24
prop_female,0.06120307015756514,0.6966289509938639,24
prop_married,0.0023603862791464984,0.9880146293529678,24
age_mean,-0.2898422866177036,0.05938793508456848,25
age_sd,-0.33434406445662757,0.02842798838878994,25
age_sq_mean,-0.312236168890202,0.04150866746579861,25
age_sq_sd,-0.3371454073879897,0.027046924484015383,25
english_mean,-0.44337038142224694,0.0029035946407613006,25
entry_recency_mean,-0.09172930446404406,0.5585341655228301,25
entry_recency_sd,0.2420315911789029,0.11789036673854546,25
hours_mean,0.19591038833144597,0.20800949729312693,25
hours_sd,0.16495098432136399,0.29049120749297325,25
prop_educ_<HS,,,25
prop_educ_BAplus,0.47242397108715045,0.0013803977328106217,25
prop_educ_HS,,,25
prop_educ_SomeCollege,,,25
prop_female,0.020914313805169997,0.8941004266511501,25
prop_married,0.15512741753395237,0.32056714843994477,25
age_mean,-0.31668923200555654,0.03853981963417561,26
age_sd,-0.32201517041483174,0.035219546298227586,26
age_sq_mean,-0.3001979654824566,0.05047726760662481,26
age_sq_sd,-0.33139129758302965,0.02994650345827897,26
english_mean,-0.45273066206596146,0.00230112729743292,26
entry_recency_mean,0.08262280204544963,0.5983804709282193,26
entry_recency_sd,0.299137997886806,0.05133655581780899,26
hours_mean,-0.03709744173067721,0.8132952299598435,26
hours_sd,-0.11596601868700435,0.45897481758281233,26
prop_educ_<HS,,,26
prop_educ_BAplus,0.5280367536638886,0.00027349676750152335,26
prop_educ_HS,,,26
prop_educ_SomeCollege,,,26
prop_female,0.2219736342100786,0.1525435916713618,26
prop_married,0.08520005197199768,0.586978058302167,26
age_mean,-0.3448183532703657,0.02354688268528576,27
age_sd,-0.31685459912839364,0.03843300751704736,27
age_sq_mean,-0.3647045648749038,0.01619351331983679,27
age_sq_sd,-0.34872933896902775,0.02191380900354958,27
english_mean,-0.47943232324638085,0.0011423666982018279,27
entry_recency_mean,-0.02943967487897634,0.8513464121808221,27
entry_recency_sd,0.24118816012472527,0.11921578217618309,27
hours_mean,0.10397750665305587,0.5069868062750275,27
hours_sd,0.017111551496297193,0.9132743634074556,27
prop_educ_<HS,,,27
prop_educ_BAplus,0.5233792429401696,0.00031661903395502973,27
prop_educ_HS,,,27
prop_educ_SomeCollege,,,27
prop_female,0.08453345751621641,0.58991794019883,27
prop_married,0.13161920347670875,0.40016802927096146,27
age_mean,-0.32026005617805087,0.03628670391761001,28
age_sd,-0.3261671715758948,0.032797378685184245,28
age_sq_mean,-0.3385839348392297,0.026359685270660328,28
age_sq_sd,-0.34517087632648663,0.02339563189470588,28
english_mean,-0.4845317487690823,0.0009928773042829544,28
entry_recency_mean,-0.10053445971181339,0.5212298924962276,28
entry_recency_sd,0.2553579043487721,0.09839622399739167,28
hours_mean,0.14396671357249238,0.35702694064439705,28
hours_sd,0.11576797450370978,0.45974746593287147,28
prop_educ_<HS,,,28
prop_educ_BAplus,0.5957295897802923,2.5031796409516793e-05,28
prop_educ_HS,,,28
prop_educ_SomeCollege,,,28
prop_female,-0.09860275527618607,0.5293068135765985,28
prop_married,0.1292664176991328,0.4087172518760527,28
age_mean,-0.30806904801049767,0.0444532303851871,29
age_sd,-0.3009550851936355,0.04987062332633811,29
age_sq_mean,-0.3282616438592765,0.03162864068919352,29
age_sq_sd,-0.3249557800380085,0.03348944277968034,29
english_mean,-0.4811333650093173,0.0010904143497833783,29
entry_recency_mean,-0.09841236029837142,0.5301062055887443,29
entry_recency_sd,0.23134666193334547,0.13552297769715674,29
hours_mean,0.05184833868288978,0.7412519306482543,29
hours_sd,0.04126458214815032,0.7927599853280172,29
prop_educ_<HS,,,29
prop_educ_BAplus,0.5493905192766704,0.00013592287544307637,29
prop_educ_HS,,,29
prop_educ_SomeCollege,,,29
prop_female,0.16774761027775584,0.28227507419884174,29
prop_married,0.11465690314553525,0.4640951660649152,29
age_mean,-0.2659506494059765,0.08475082282443247,30
age_sd,-0.25181801593812125,0.10331424652304008,30
age_sq_mean,-0.27271451996666046,0.07684037412731383,30
age_sq_sd,-0.25605788632072335,0.09744540843965871,30
english_mean,-0.46927521498967867,0.0015009799249498185,30
entry_recency_mean,0.05519786434425028,0.7251690101324892,30
entry_recency_sd,0.3484791195103657,0.02201537064546713,30
hours_mean,0.1678603224351344,0.2819471534968629,30
hours_sd,0.23289881594075298,0.13284650005483903,30
prop_educ_<HS,,,30
prop_educ_BAplus,0.5085528925411028,0.0004976957109835165,30
prop_educ_HS,,,30
prop_educ_SomeCollege,,,30
prop_female,0.08013311517896846,0.6094864240635303,30
prop_married,0.08066687307297712,0.6070980229015401,30
age_mean,-0.273075843449621,0.07643469844984513,31
age_sd,-0.27271451996666046,0.07684037412731383,31
age_sq_mean,-0.2888411698147722,0.06031206568831943,31
age_sq_sd,-0.26521903482598874,0.08564311828490571,31
english_mean,-0.46506775577395687,0.0016766450965381202,31
entry_recency_mean,0.11778988620266408,0.45189223048842775,31
entry_recency_sd,0.40770189354068603,0.006653156629390049,31
hours_mean,0.08715269874514732,0.5784041436558248,31
hours_sd,0.09842556245326446,0.5300507559965513,31
prop_educ_<HS,,,31
prop_educ_BAplus,,,31
prop_educ_HS,,,31
prop_educ_SomeCollege,,,31
prop_female,-0.0026942241107099744,0.9863196457747004,31
prop_married,0.26475242651679876,0.0862160120842678,31
age_mean,-0.38050099884495436,0.011833751396737148,32
age_sd,-0.3784084316472429,0.012346330009094722,32
age_sq_mean,-0.39188516250622835,0.009352007781363362,32
age_sq_sd,-0.4004406152425505,0.007794330039898107,32
english_mean,-0.46327711624194073,0.0017567678041869048,32
entry_recency_mean,-0.08812502521467329,0.5741559931263476,32
entry_recency_sd,0.2678160577998171,0.0825084787349619,32
hours_mean,0.16054427149508382,0.30374881052348607,32
hours_sd,0.08730249480033633,0.5777487497972459,32
prop_educ_<HS,,,32
prop_educ_BAplus,0.5326395095713597,0.00023615885318046425,32
prop_educ_HS,,,32
prop_educ_SomeCollege,,,32
prop_female,0.07612770684856597,0.6275360171548942,32
prop_married,0.020600993949858773,0.895678118437313,32
age_mean,-0.3417896457317591,0.024880326231041246,33
age_sd,-0.3591775909832974,0.018009688019409137,33
age_sq_mean,-0.35122783401591834,0.020921042506398244,33
age_sq_sd,-0.37394142535128705,0.013504161632442889,33
english_mean,-0.4714360266266777,0.0014172707682707944,33
entry_recency_mean,-0.2168867260402488,0.16241193580633187,33
entry_recency_sd,0.3703212317185379,0.014509070458522748,33
hours_mean,0.065822976449084,0.6749482539710715,33
hours_sd,0.02915351173652559,0.8527753916667372,33
prop_educ_<HS,,,33
prop_educ_BAplus,0.48334042980896696,0.0010261463266608285,33
prop_educ_HS,,,33
prop_educ_SomeCollege,,,33
prop_female,0.11165794959788668,0.4759395201515173,33
prop_married,0.003551307854565509,0.981968293239451,33
age_mean,-0.3341042896296037,0.028548866030694144,34
age_sd,-0.36076754237677316,0.017470441214527004,34
age_sq_mean,-0.35471058468734146,0.019600358235134667,34
age_sq_sd,-0.39476221740870837,0.008800757558987852,34
english_mean,-0.4194566728149884,0.005111444716024038,34
entry_recency_mean,0.021575926009026535,0.890770274736635,34
entry_recency_sd,0.17598119811866358,0.2589745149388086,34
hours_mean,-0.0278557163317111,0.8592618171463156,34
hours_sd,-0.08132693923384021,0.6041500117192853,34
prop_educ_<HS,,,34
prop_educ_BAplus,0.4887977871980559,0.0008814835996687835,34
prop_educ_HS,,,34
prop_educ_SomeCollege,,,34
prop_female,0.016416872656860836,0.9167825886436943,34
prop_married,0.18635309646374665,0.23149927657742722,34
age_mean,-0.3588153645805884,0.018134483903196424,35
age_sd,-0.44003797613721,0.0031493256330025177,35
age_sq_mean,-0.37341144155346173,0.013647469579908922,35
age_sq_sd,-0.47448692299585254,0.0013061356160837128,35
english_mean,-0.45902556903288166,0.001960723550500441,35
entry_recency_mean,-0.02789678217548367,0.8590564261643259,35
entry_recency_sd,0.33564383974816575,0.02778009619347826,35
hours_mean,0.14805992994302944,0.3433735242927773,35
hours_sd,0.12324449940439258,0.4310697234302689,35
prop_educ_<HS,,,35
prop_educ_BAplus,0.5156328807242755,0.00040205261229081936,35
prop_educ_HS,,,35
prop_educ_SomeCollege,,,35
prop_female,0.08769778652936887,0.5760208710663907,35
prop_married,0.07203535345201757,0.6462016494843643,35
age_mean,-0.3396829993669106,0.025844463002049643,36
age_sd,-0.3023936126448755,0.04873421796278994,36
age_sq_mean,-0.3510764100736825,0.020980116713144276,36
age_sq_sd,-0.32601574763365904,0.03288323658714926,36
english_mean,-0.4645149312461368,0.0017010289522051624,36
entry_recency_mean,0.06100709186771423,0.6975541007149145,36
entry_recency_sd,0.42303472545488213,0.004708640761496438,36
hours_mean,0.15394271017816624,0.3243220478009886,36
hours_sd,0.08063324924055895,0.6072483603025315,36
prop_educ_<HS,,,36
prop_educ_BAplus,0.46273023397085117,0.0017819044108561344,36
prop_educ_HS,,,36
prop_educ_SomeCollege,,,36
prop_female,0.029871024733569552,0.8491933200274646,36
prop_married,0.0600811699047214,0.7019309136865071,36
age_mean,-0.24555246369253314,0.1124774323976208,37
age_sd,-0.3027836036889048,0.04842976712707937,37
age_sq_mean,-0.26521903482598874,0.08564311828490571,37
age_sq_sd,-0.28717550645017853,0.06187503773667688,37
english_mean,-0.3925602583962943,0.009220064037562991,37
entry_recency_mean,-0.0837788371538242,0.5932539024566985,37
entry_recency_sd,0.288896367767044,0.06026081532949974,37
hours_mean,0.14252725980010345,0.3619055693567037,37
hours_sd,0.1429549958222333,0.36045169485120226,37
prop_educ_<HS,,,37
prop_educ_BAplus,0.5200943250193444,0.00035061834168993294,37
prop_educ_HS,,,37
prop_educ_SomeCollege,,,37
prop_female,0.05524045635334517,0.7249652354251935,37
prop_married,0.143466216467143,0.3587186937938884,37
age_mean,-0.3122597472303444,0.04149247066165232,38
age_sd,-0.3400224622904697,0.025687033615645463,38
age_sq_mean,-0.3233658286445327,0.03441598380451204,38
age_sq_sd,-0.3683387394885627,0.015085786510017801,38
english_mean,-0.4772599198749773,0.0012119107083400941,38
entry_recency_mean,-0.0332702286409955,0.8322652117375564,38
entry_recency_sd,0.21609828287958363,0.16398204712352887,38
hours_mean,0.1428413199006295,0.36083773443689615,38
hours_sd,0.04296816581481707,0.7844037518569892,38
prop_educ_<HS,,,38
prop_educ_BAplus,,,38
prop_educ_HS,,,38
prop_educ_SomeCollege,,,38
prop_female,0.07784417209449043,0.6197739869408504,38
prop_married,0.16901162932325323,0.2786118355495956,38
age_mean,-0.3102009372173431,0.042926287469302105,39
age_sd,-0.4063461489897464,0.006854517367606149,39
age_sq_mean,-0.31950451811752,0.03675418925040937,39
age_sq_sd,-0.4011977349537295,0.007667949182602588,39
english_mean,-0.46473212104522804,0.0016914120087611515,39
entry_recency_mean,-0.024860759882780775,0.8742649755472277,39
entry_recency_sd,0.32576209737800804,0.03302747216868351,39
hours_mean,0.10011386159709533,0.5229832971025535,39
hours_sd,0.04369570630580926,0.7808423203406508,39
prop_educ_<HS,,,39
prop_educ_BAplus,0.5388227374190322,0.00019324695911163562,39
prop_educ_HS,,,39
prop_educ_SomeCollege,,,39
prop_female,0.006008852816492335,0.969494807850766,39
prop_married,0.12881538460403905,0.41036802529483096,39
age_mean,-0.3382820105165511,0.026502708581476152,40
age_sd,-0.3283628187383138,0.03157306622751674,40
age_sq_mean,-0.33472262431221705,0.028238009300361598,40
age_sq_sd,-0.340552446088295,0.025442845157018865,40
english_mean,-0.4571635016273751,0.0020564510021099593,40
entry_recency_mean,-0.029471991354751266,0.8511850666103639,40
entry_recency_sd,0.17584769181482401,0.2593417739122223,40
hours_mean,0.04792583297371899,0.7602248957964247,40
hours_sd,0.1522855227663493,0.32962051902913553,40
prop_educ_<HS,,,40
prop_educ_BAplus,0.5005538718771724,0.0006299203981907804,40
prop_educ_HS,,,40
prop_educ_SomeCollege,,,40
prop_female,0.15133410203556688,0.33268671559300517,40
prop_married,0.10106961544123919,0.519003136265734,40
age_mean,-0.34061674858430585,0.025413349942993355,41
age_sd,-0.2533322553604791,0.10118795805358026,41
age_sq_mean,-0.343429500990775,0.024150744749515098,41
age_sq_sd,-0.25810210954090657,0.09470910404771012,41
english_mean,-0.5003985058829586,0.0006327737396517628,41
entry_recency_mean,-0.039815210760398616,0.7998874113545967,41
entry_recency_sd,0.24845821342964267,0.10815403331993204,41
hours_mean,0.12286513272529355,0.4325003444162483,41
hours_sd,0.06697988308644254,0.6695586219009247,41
prop_educ_<HS,,,41
prop_educ_BAplus,0.5603030538760428,9.333092415354352e-05,41
prop_educ_HS,,,41
prop_educ_SomeCollege,,,41
prop_female,0.07751647353672993,0.6212527596264695,41
prop_married,0.12109488691887221,0.4392109605526749,41
age_mean,-0.4214145102443495,0.004887476188003895,42
age_sd,-0.3063306351430061,0.045730751488744475,42
age_sq_mean,-0.46267585550146084,0.0017844211415444285,42
age_sq_sd,-0.3300284821029075,0.0306696616937887,42
english_mean,-0.45687400683551377,0.00207169854871576,42
entry_recency_mean,0.04555279478521721,0.77177177013876,42
entry_recency_sd,0.38054798242054383,0.011822454446922733,42
hours_mean,-0.04506904531237315,0.7741317027020684,42
hours_sd,-0.026239151486096488,0.8673542249108493,42
prop_educ_<HS,,,42
prop_educ_BAplus,0.5219952881753301,0.0003305633715052228,42
prop_educ_HS,,,42
prop_educ_SomeCollege,,,42
prop_female,-0.006200456831030095,0.9685225687467903,42
prop_married,0.020273138451142043,0.8973294284061304,42
age_mean,-0.3294855213561696,0.030961769063399064,43
age_sd,-0.39006807519939884,0.009715231788327382,43
age_sq_mean,-0.3620546458857774,0.017043948628216756,43
age_sq_sd,-0.3915066026506388,0.009426702306976833,43
english_mean,-0.4518884126430901,0.0023504129336682712,43
entry_recency_mean,-0.12472490842504905,0.4255123326155815,43
entry_recency_sd,0.2665540577111251,0.08402035322641388,43
hours_mean,0.061187403925663894,0.6967028902207206,43
hours_sd,-0.03673417684448248,0.8150914459930003,43
prop_educ_<HS,,,43
prop_educ_BAplus,0.48869659951234906,0.0008839909600951753,43
prop_educ_HS,,,43
prop_educ_SomeCollege,,,43
prop_female,0.029468355926233536,0.8512032168139746,43
prop_married,0.1459284028633119,0.35044291479585543,43
age_mean,-0.36340325876252966,0.016606542551853436,44
age_sd,-0.35206066569821515,0.020598623089774695,44
age_sq_mean,-0.36311461348142793,0.016699354207895756,44
age_sq_sd,-0.3975635603400705,0.008291099450328444,44
english_mean,-0.4513346605939115,0.0023833213379732296,44
entry_recency_mean,-0.12333603509094893,0.4307249314778863,44
entry_recency_sd,0.23626812585927162,0.1271724702699658,44
hours_mean,0.12304520620314478,0.431820943719308,44
hours_sd,0.0763176668868389,0.6266750227541641,44
prop_educ_<HS,,,44
prop_educ_BAplus,0.5031604609788312,0.0005837366463788641,44
prop_educ_HS,,,44
prop_educ_SomeCollege,,,44
prop_female,0.11039639793644834,0.48096925740955404,44
prop_married,0.05489801636337501,0.7266041148815339,44
age_mean,-0.3656407175982863,0.01590178621083764,45
age_sd,-0.429135452296233,0.00408539487577026,45
age_sq_mean,-0.4017277187515548,0.007580538034208698,45
age_sq_sd,-0.4401894000794458,0.003137776135903285,45
english_mean,-0.43545717032670955,0.003516811783591323,45
entry_recency_mean,0.14077794908242133,0.3678882154774037,45
entry_recency_sd,0.4359281315926154,0.0034773727862661753,45
hours_mean,0.045788635111478265,0.7706219776298046,45
hours_sd,-0.015334569050316129,0.922251459694053,45
prop_educ_<HS,,,45
prop_educ_BAplus,0.48917996008253684,0.0008720707592522668,45
prop_educ_HS,,,45
prop_educ_SomeCollege,,,45
prop_female,0.09116656349839203,0.5609600657663877,45
prop_married,0.11065466704674136,0.47993728943155267,45
age_mean,-0.32164874060002496,0.035440189145195526,46
age_sd,-0.33797823907028657,0.026647257588901758,46
age_sq_mean,-0.326772867344838,0.0324557928349222,46
age_sq_sd,-0.36606738035502584,0.01577031121775045,46
english_mean,-0.43097132944883765,0.003912538808543344,46
entry_recency_mean,-0.03903590179818017,0.803726424003166,46
entry_recency_sd,0.32448815391746866,0.033759793157707135,46
hours_mean,0.05075385324576157,0.7465312252803894,46
hours_sd,-0.0005679041071841544,0.9971162459710753,46
prop_educ_<HS,,,46
prop_educ_BAplus,0.5236690014589911,0.00031376748170594527,46
prop_educ_HS,,,46
prop_educ_SomeCollege,,,46
prop_female,0.05747075698539429,0.7143212253988774,46
prop_married,0.10036043514028209,0.5219550188737364,46
age_mean,-0.3673203765267111,0.015389511890613706,47
age_sd,-0.3640231571348427,0.016408692036467287,47
age_sq_mean,-0.3617517980013058,0.017143500305598806,47
age_sq_sd,-0.3686415873730343,0.014996448944305081,47
english_mean,-0.5506373910329296,0.0001302935634307571,47
entry_recency_mean,-0.017487959328618196,0.9113741264940447,47
entry_recency_sd,0.2813928287897981,0.06755316504158955,47
hours_mean,0.017156535736558853,0.9130472420768256,47
hours_sd,-0.0006815364022362723,0.9965392369817424,47
prop_educ_<HS,,,47
prop_educ_BAplus,0.6047606480193876,1.7449145066111005e-05,47
prop_educ_HS,,,47
prop_educ_SomeCollege,,,47
prop_female,-0.03866551251361457,0.8055526320506244,47
prop_married,0.16686392905715533,0.2848546508441351,47
age_mean,-0.31071660827163855,0.04256342865126616,48
age_sd,-0.3770456161671208,0.012690235698731537,48
age_sq_mean,-0.3203373497998169,0.03623915522871982,48
age_sq_sd,-0.394307945582001,0.008885892978460921,48
english_mean,-0.45664091290186815,0.002084047936808916,48
entry_recency_mean,-0.041382504094647596,0.7921808169245301,48
entry_recency_sd,0.22393102867639167,0.1488658573022868,48
hours_mean,0.12168533992706373,0.43696630806628944,48
hours_sd,0.14281973940195664,0.3609110492765116,48
prop_educ_<HS,,,48
prop_educ_BAplus,0.5357894834486435,0.00021332753327799937,48
prop_educ_HS,,,48
prop_educ_SomeCollege,,,48
prop_female,-0.02564310166920659,0.8703414334228697,48
prop_married,0.12429577490259111,0.42711912123963053,48
age_mean,-0.2993837962490114,0.05113625105316384,49
age_sd,-0.39498935332206203,0.008758453554150546,49
age_sq_mean,-0.32737856311378116,0.032117146197256675,49
age_sq_sd,-0.4207314235021466,0.004964628120384601,49
english_mean,-0.4105629348529258,0.006244958184389301,49
entry_recency_mean,0.046160901349692675,0.7688080559747424,49
entry_recency_sd,0.2017724030291921,0.1944542093530356,49
hours_mean,0.07013311889076508,0.6549524005482794,49
hours_sd,0.027524419061525356,0.8609191360511685,49
prop_educ_<HS,,,49
prop_educ_BAplus,0.4963140718838087,0.0007120596310067747,49
prop_educ_HS,,,49
prop_educ_SomeCollege,,,49
prop_female,-0.00888343851532155,0.9549139192259116,49
prop_married,0.1790565139410818,0.2506106936615731,49
age_mean,-0.389760977405581,0.009777799090718312,50
age_sd,-0.3412338538283561,0.0251317325858723,50
age_sq_mean,-0.4185357763397276,0.005219843325517754,50
age_sq_sd,-0.3816640464053124,0.011556796640581657,50
english_mean,-0.41420657012729023,0.005756652470128057,50
entry_recency_mean,0.055930563907406215,0.7216661481623105,50
entry_recency_sd,0.31233546491880954,0.04144049231108482,50
hours_mean,0.035952486796632474,0.818959789734137,50
hours_sd,-0.06730794232380931,0.6680332690207571,50
prop_educ_<HS,,,50
prop_educ_BAplus,0.5168197967269896,0.00038774579718345976,50
prop_educ_HS,,,50
prop_educ_SomeCollege,,,50
prop_female,0.08560423218951378,0.5851986904446027,50
prop_married,0.10250964916278944,0.5130348121503153,50
age_mean,-0.35489114989781007,0.019533843402071305,51
age_sd,-0.34828821629631457,0.022093121226452607,51
age_sq_mean,-0.37098865847768914,0.014319172515972865,51
age_sq_sd,-0.37651563236929547,0.01282616368829723,51
english_mean,-0.4573446501605774,0.002046960476680931,51
entry_recency_mean,0.0007960583606685888,0.9959577121695544,51
entry_recency_sd,0.30964748697829614,0.043318526769661914,51
hours_mean,0.20252423904509215,0.19276193129878375,51
hours_sd,0.16551261757037905,0.288828896350598,51
prop_educ_<HS,,,51
prop_educ_BAplus,0.5125391968425457,0.00044159988696948726,51
prop_educ_HS,,,51
prop_educ_SomeCollege,,,51
prop_female,0.1099665949379654,0.4826892006646696,51
prop_married,0.08695749416710623,0.579258715406839,51
age_mean,-0.2958358348070085,0.05408935099860915,52
age_sd,-0.3453980122398403,0.02329860943066257,52
age_sq_mean,-0.312236168890202,0.04150866746579861,52
age_sq_sd,-0.3853739329900893,0.01071005646864432,52
english_mean,-0.4995447474832784,0.0006486607390474267,52
entry_recency_mean,-0.035911886637923135,0.8191608242371203,52
entry_recency_sd,0.1812818366162137,0.24467305269376619,52
hours_mean,0.1051517517190831,0.5021746786241722,52
hours_sd,0.018399398297035324,0.906774908858411,52
prop_educ_<HS,,,52
prop_educ_BAplus,,,52
prop_educ_HS,,,52
prop_educ_SomeCollege,,,52
prop_female,-0.05497501165360258,0.7262355187383414,52
prop_married,0.15496234314919913,0.32108870039062387,52
age_mean,-0.28606677741801473,0.06293318135490633,53
age_sd,-0.35168210584262566,0.020744656524396866,53
age_sq_mean,-0.2826327881831048,0.06630212601955049,53
age_sq_sd,-0.3646288529037858,0.01621730355748086,53
english_mean,-0.44036881519454996,0.0031241397949152527,53
entry_recency_mean,-0.06572421235365311,0.6754091113421831,53
entry_recency_sd,0.24360220066598137,0.11545192713113948,53
hours_mean,0.15382893180005652,0.32468411079769616,53
hours_sd,0.1784800705532229,0.25216442827414676,53
prop_educ_<HS,,,53
prop_educ_BAplus,0.49642357921190333,0.0007098230896862033,53
prop_educ_HS,,,53
prop_educ_SomeCollege,,,53
prop_female,0.10059327620004231,0.5209849286309529,53
prop_married,0.20763476862691585,0.18153450439056193,53
age_mean,-0.3195719731771116,0.03671225200863805,54
age_sd,-0.30973767384331147,0.043254411770624696,54
age_sq_mean,-0.33585830387898546,0.027674380711667956,54
age_sq_sd,-0.32851424268054963,0.03149004105356985,54
english_mean,-0.46788236308006526,0.0015572348070283745,54
entry_recency_mean,0.0017815869840541669,0.990953466697379,54
entry_recency_sd,0.3450703360370551,0.023438685946103155,54
hours_mean,0.23394625977289707,0.1310627239104648,54
hours_sd,0.10517186927811549,0.5020924388701714,54
prop_educ_<HS,,,54
prop_educ_BAplus,0.496309720085778,0.0007121486407170179,54
prop_educ_HS,,,54
prop_educ_SomeCollege,,,54
prop_female,0.048992242328989674,0.7550524377579763,54
prop_married,0.19165983285018356,0.21824211253164108,54
age_mean,-0.3229859958925348,0.03464042266784824,55
age_sd,-0.2993651338001597,0.05115143722780713,55
age_sq_mean,-0.34130956579947397,0.025097361065483978,55
age_sq_sd,-0.3381296630125223,0.02657512109932574,55
english_mean,-0.5031672371769266,0.0005836206483325287,55
entry_recency_mean,-0.03196210738525787,0.8387712556579993,55
entry_recency_sd,0.2539096811629763,0.1003860373873653,55
hours_mean,0.107795124132416,0.49142774494856556,55
hours_sd,0.08650419285185638,0.5812453878903643,55
prop_educ_<HS,,,55
prop_educ_BAplus,0.4810808845962048,0.0010919851931021041,55
prop_educ_HS,,,55
prop_educ_SomeCollege,,,55
prop_female,0.10736175673811602,0.49318145963567334,55
prop_married,0.22120806223883815,0.1539999819101917,55
age_mean,-0.2838113298402543,0.06513015421806975,56
age_sd,-0.4034690940872664,0.007299356543916498,56
age_sq_mean,-0.312236168890202,0.04150866746579861,56
age_sq_sd,-0.4209585594155003,0.004938857206713464,56
english_mean,-0.4131277923872479,0.005897647748048261,56
entry_recency_mean,0.047229220397602856,0.7636093088244418,56
entry_recency_sd,0.20159073388889948,0.19486469089981956,56
hours_mean,0.18745791276308063,0.22869488143023214,56
hours_sd,0.12675141049068778,0.41797064171999526,56
prop_educ_<HS,,,56
prop_educ_BAplus,0.5071050740452608,0.0005196010638666306,56
prop_educ_HS,,,56
prop_educ_SomeCollege,,,56
prop_female,0.0024804775591305635,0.9874048875585718,56
prop_married,0.12853785758452946,0.41138566218946543,56
age_mean,-0.37346784385595905,0.013632157134369131,57
age_sd,-0.3837082696254956,0.01108341795026602,57
age_sq_mean,-0.384086829481085,0.01099759994742187,57
age_sq_sd,-0.4162644172061908,0.00549579041812498,57
english_mean,-0.47201172464612157,0.001395679187166977,57
entry_recency_mean,0.03104862689908224,0.843320849984498,57
entry_recency_sd,0.39595070154816897,0.008581333711165004,57
hours_mean,0.212203244441367,0.17190041596112093,57
hours_sd,0.13159237389630318,0.4002649314536905,57
prop_educ_<HS,,,57
prop_educ_BAplus,0.5023187053254741,0.0005983078816887028,57
prop_educ_HS,,,57
prop_educ_SomeCollege,,,57
prop_female,0.17071672419925163,0.2737198796462823,57
prop_married,0.00987163752886089,0.9499045495172928,57
age_mean,-0.35524533497495886,0.019403923420414686,58
age_sd,-0.3547862966584594,0.01957244505760012,58
age_sq_mean,-0.36932299511309535,0.014797078455323534,58
age_sq_sd,-0.37091294650657125,0.014340607595786304,58
english_mean,-0.4605144702439071,0.0018870352454693365,58
entry_recency_mean,0.010949477857070015,0.944442950170817,58
entry_recency_sd,0.27203311222659937,0.07761002044497509,58
hours_mean,0.09083010450144761,0.5624128367393858,58
hours_sd,-0.0021957300592593747,0.9888506524726858,58
prop_educ_<HS,,,58
prop_educ_BAplus,0.5186720489595914,0.0003663322840219884,58
prop_educ_HS,,,58
prop_educ_SomeCollege,,,58
prop_female,0.009842986970477472,0.9500497587685813,58
prop_married,0.06333099937497531,0.6866119005902359,58
age_mean,-0.34903386427538136,0.021790734844404736,59
age_sd,-0.3088291301898967,0.04390384739062805,59
age_sq_mean,-0.3551025509629816,0.019456210860739426,59
age_sq_sd,-0.31488608787932837,0.03972032599390602,59
english_mean,-0.41927327552999805,0.005132874847914246,59
entry_recency_mean,0.02839167342673555,0.856581951592454,59
entry_recency_sd,0.46346797109528076,0.0017480696007317435,59
hours_mean,0.0921836923816595,0.5565789500197532,59
hours_sd,0.03327792408044043,0.8322269701372738,59
prop_educ_<HS,,,59
prop_educ_BAplus,0.5331157572614142,0.00023257117089143842,59
prop_educ_HS,,,59
prop_educ_SomeCollege,,,59
prop_female,-0.017264027405526062,0.912504554159193,59
prop_married,0.06624015829544057,0.6730028780311593,59
age_mean,-0.28966391095272176,0.059551760156249516,60
age_sd,-0.35054642627585725,0.021187979512400326,60
age_sq_mean,-0.31541607167715363,0.03937032393442509,60
age_sq_sd,-0.3624332057413669,0.016920196083112696,60
english_mean,-0.46257166911998143,0.0017892518550498419,60
entry_recency_mean,-0.07698438734151797,0.6236569908771428,60
entry_recency_sd,0.33922805335800155,0.026056707607632845,60
hours_mean,-0.02440414325458267,0.8765563478542823,60
hours_sd,-0.11657178306800078,0.4566158470543112,60
prop_educ_<HS,,,60
prop_educ_BAplus,,,60
prop_educ_HS,,,60
prop_educ_SomeCollege,,,60
prop_female,-0.02087657556458662,0.8942904326604216,60
prop_married,0.049356298805636085,0.7532890425723037,60
age_mean,-0.3597483217642557,0.017814526871554864,61
age_sd,-0.32518291595136223,0.03335877263301949,61
age_sq_mean,-0.37568280068699866,0.013042269870577949,61
age_sq_sd,-0.3357068799367497,0.027748987161446775,61
english_mean,-0.4852670086434322,0.0009728271559132349,61
entry_recency_mean,0.01543187469866979,0.921759626485315,61
entry_recency_sd,0.2918648508188431,0.05755542809800205,61
hours_mean,0.18233853534505068,0.24188712036161655,61
hours_sd,0.12977521798519198,0.40685962854228347,61
prop_educ_<HS,,,61
prop_educ_BAplus,0.5234371843004768,0.0003160469650453313,61
prop_educ_HS,,,61
prop_educ_SomeCollege,,,61
prop_female,0.17458948162407978,0.2628200102697258,61
prop_married,0.08293380383053946,0.596999395823459,61
age_mean,-0.24742623272492825,0.10967474786756042,62
age_sd,-0.27536443895578677,0.07390409530380142,62
age_sq_mean,-0.25045520045799907,0.10525699348686551,62
age_sq_sd,-0.31874739840634103,0.037227596014947205,62
english_mean,-0.4655521716499057,0.0016555335273027239,62
entry_recency_mean,0.15067879619782248,0.3348088847626484,62
entry_recency_sd,0.3260271293028856,0.03287677670908503,62
hours_mean,0.24414973001688509,0.11461090166048549,62
hours_sd,0.22290445842964132,0.15078645840840849,62
prop_educ_<HS,,,62
prop_educ_BAplus,0.4881781114059891,0.0008969388368523581,62
prop_educ_HS,,,62
prop_educ_SomeCollege,,,62
prop_female,0.0014135376709199482,0.9928222907589433,62
prop_married,-0.0038849966118280456,0.9802743122474188,62
age_mean,-0.3163604479753863,0.03875290570382795,63
age_sd,-0.3026964605293471,0.048497662627983086,63
age_sq_mean,-0.3204887737420526,0.036146152005120294,63
age_sq_sd,-0.3244257962401832,0.03379597960951698,63
english_mean,-0.4877808360779625,0.0009069739283593935,63
entry_recency_mean,-0.04500350350828343,0.7744515982516946,63
entry_recency_sd,0.24556173594642838,0.11246343089095966,63
hours_mean,0.19173560841798493,0.2180566989244242,63
hours_sd,0.15059679613334123,0.3350750270357521,63
prop_educ_<HS,,,63
prop_educ_BAplus,0.49258328443176363,0.0007921221501239077,63
prop_educ_HS,,,63
prop_educ_SomeCollege,,,63
prop_female,0.028727468072797392,0.8549037371092985,63
prop_married,0.10640924656960984,0.49704731156409016,63
age_mean,-0.34225778968649045,0.02467019644905319,64
age_sd,-0.3339655046010381,0.028619026214100084,64
age_sq_mean,-0.36797407200001925,0.01519395872337685,64
age_sq_sd,-0.3551648565140489,0.019433380042377577,64
english_mean,-0.44859529750370625,0.002552160277877188,64
entry_recency_mean,0.12669134190264655,0.41819309259822607,64
entry_recency_sd,0.3074804645008718,0.0448824805270102,64
hours_mean,-0.036780385777820494,0.814862907046002,64
hours_sd,-0.12289444879465103,0.4323896969877343,64
prop_educ_<HS,,,64
prop_educ_BAplus,0.47168316135183014,0.0014079659279636354,64
prop_educ_HS,,,64
prop_educ_SomeCollege,,,64
prop_female,-0.0518573933778948,0.7412083034623425,64
prop_married,0.1627387085289705,0.29709923207855243,64
age_mean,-0.3099710248452167,0.04308887774905285,65
age_sd,-0.37992267106960076,0.011973563775296524,65
age_sq_mean,-0.3254857638358337,0.03318519930006289,65
age_sq_sd,-0.4077846764409864,0.006641028963654714,65
english_mean,-0.4108108271823593,0.006210634499165712,65
entry_recency_mean,0.009852977165392284,0.9499991254124189,65
entry_recency_sd,0.36303890151031,0.016723771257306348,65
hours_mean,0.06926475200882314,0.6589624157453845,65
hours_sd,0.017604362568151084,0.9107865809749575,65
prop_educ_<HS,,,65
prop_educ_BAplus,0.5049674870838368,0.000553524767403896,65
prop_educ_HS,,,65
prop_educ_SomeCollege,,,65
prop_female,0.06849663783328531,0.6625173662324614,65
prop_married,0.12823657663745266,0.4124920308221188,65
age_mean,-0.338042495304337,0.0266166268555185,66
age_sd,-0.305724939374063,0.0461827970205473,66
age_sq_mean,-0.35864760718547206,0.018192526954922555,66
age_sq_sd,-0.33419264051439174,0.028504276224969254,66
english_mean,-0.4490410124234554,0.002523991757738712,66
entry_recency_mean,-0.03457822293636439,0.8257708433978197,66
entry_recency_sd,0.2051570768963671,0.18691797638776564,66
hours_mean,0.19803778809309677,0.20301589591670838,66
hours_sd,0.11502385539683734,0.46265682404257963,66
prop_educ_<HS,,,66
prop_educ_BAplus,0.48661756318899313,0.0009369363367298067,66
prop_educ_HS,,,66
prop_educ_SomeCollege,,,66
prop_female,0.059753898908344635,0.7034802051790192,66
prop_married,0.03886630867344221,0.804562477180706,66
age_mean,-0.4143049763277468,0.005743937709555674,67
age_sd,-0.4049076215385064,0.007073915482957449,67
age_sq_mean,-0.428454044556172,0.004151229421397884,67
age_sq_sd,-0.4257284135959277,0.004423921954621051,67
english_mean,-0.4611392535429067,0.0018568501163389534,67
entry_recency_mean,-0.0877573291186013,0.5757608052705615,67
entry_recency_sd,0.20439990001171546,0.1885855712378463,67
hours_mean,0.16654051886543897,0.285802551156771,67
hours_sd,0.12808130630693296,0.41306287941651193,67
prop_educ_<HS,,,67
prop_educ_BAplus,0.51306501745625,0.000434641130582635,67
prop_educ_HS,,,67
prop_educ_SomeCollege,,,67
prop_female,-0.010951422201562535,0.944433100045367,67
prop_married,0.04179190612247704,0.7901709159514686,67
age_mean,-0.3665493298598683,0.01562290788579187,68
age_sd,-0.40733040461427905,0.006707815903142879,68
age_sq_mean,-0.39642788077330204,0.00849456832901903,68
age_sq_sd,-0.4261069734515172,0.004385137503504451,68
english_mean,-0.4538042996752557,0.002239623829212242,68
entry_recency_mean,-0.0017812498878781247,0.9909551783320142,68
entry_recency_sd,0.339113918637055,0.02611018153123085,68
hours_mean,0.04567167165062675,0.7711921491763866,68
hours_sd,-0.01836223279895433,0.9069623920709031,68
prop_educ_<HS,,,68
prop_educ_BAplus,0.5369556723357028,0.0002053942636383105,68
prop_educ_HS,,,68
prop_educ_SomeCollege,,,68
prop_female,0.10256405068910754,0.5128100179446388,68
prop_married,0.013080364408862639,0.9336530199996675,68
age_mean,-0.3190347625134906,0.037047329911354496,69
age_sd,-0.33737254330134336,0.026937433611752683,69
age_sq_mean,-0.31723315898398313,0.03818940407409539,69
age_sq_sd,-0.3780298717916534,0.01244105267329869,69
english_mean,-0.4733864898928329,0.0013452950800821708,69
entry_recency_mean,0.0027654713468212165,0.9859579120309477,69
entry_recency_sd,0.23317262162847854,0.13237847708557945,69
hours_mean,0.0714016757890748,0.6491115658862925,69
hours_sd,0.021504635525373315,0.8911290193613001,69
prop_educ_<HS,,,69
prop_educ_BAplus,0.5041820815743367,0.0005664794457849097,69
prop_educ_HS,,,69
prop_educ_SomeCollege,,,69
prop_female,0.10832284838318904,0.4892965565726734,69
prop_married,0.1587342098073098,0.3093047362912684,69
age_mean,-0.3952004616959145,0.00871929161586165,70
age_sd,-0.42860546849840775,0.004136519999372707,70
age_sq_mean,-0.42769692484499305,0.004225463766006119,70
age_sq_sd,-0.468354253335303,0.0015379701675624642,70
english_mean,-0.5038319247767471,0.0005723420878626764,70
entry_recency_mean,0.012928918883004669,0.9344195129868876,70
entry_recency_sd,0.27784605782292643,0.07123507111181973,70
hours_mean,0.10555049064409573,0.5005459309617544,70
hours_sd,0.09979968176916207,0.5242949611186487,70
prop_educ_<HS,,,70
prop_educ_BAplus,0.5118053446705132,0.00045147904983863974,70
prop_educ_HS,,,70
prop_educ_SomeCollege,,,70
prop_female,0.06892907509479346,0.660515073261564,70
prop_married,0.10744681805849918,0.49283698624924416,70
age_mean,-0.3590317913272821,0.018059832227096225,71
age_sd,-0.2999064401629787,0.05071243451023408,71
age_sq_mean,-0.38378398159661353,0.011066208687519842,71
age_sq_sd,-0.3242743722979474,0.03388398455292072,71
english_mean,-0.45014802616536936,0.002455210942049418,71
entry_recency_mean,-0.10970081083790657,0.4837543970502228,71
entry_recency_sd,0.26671555761854704,0.08382568063646974,71
hours_mean,0.14998513722641513,0.3370643866586581,71
hours_sd,0.09017976696201264,0.5652258279870096,71
prop_educ_<HS,,,71
prop_educ_BAplus,0.5281700896133684,0.0002723443141719749,71
prop_educ_HS,,,71
prop_educ_SomeCollege,,,71
prop_female,-0.02855602727020724,0.8557604752562012,71
prop_married,0.04682113791418929,0.7655939578794348,71
age_mean,-0.22579867301641982,0.14541791440495772,72
age_sd,-0.2109335515344575,0.17454019093743633,72
age_sq_mean,-0.24068835618379056,0.12000648980384925,72
age_sq_sd,-0.24106691603938002,0.11940723253831667,72
english_mean,-0.43188810619591783,0.0038286392328224336,72
entry_recency_mean,0.005418932430753605,0.9724884561510205,72
entry_recency_sd,0.38342547189064247,0.011147900150167336,72
hours_mean,-0.004469538086393169,0.9773070807679771,72
hours_sd,-0.05251219977762815,0.7380554573776407,72
prop_educ_<HS,,,72
prop_educ_BAplus,0.5015594562805359,0.0006117294381772338,72
prop_educ_HS,,,72
prop_educ_SomeCollege,,,72
prop_female,0.017538176206344635,0.911120650990541,72
prop_married,0.1016499860488109,0.5165936020061187,72
age_mean,-0.3182258114829222,0.03755662851255599,73
age_sd,-0.3481746440518701,0.022139485627601457,73
age_sq_mean,-0.3431266531063034,0.024284122703991655,73
age_sq_sd,-0.3656131085283185,0.01591032573803056,73
english_mean,-0.45635674807372884,0.0020991909471716327,73
entry_recency_mean,0.03332447738610602,0.8319956370007862,73
entry_recency_sd,0.25146793866114364,0.10381065550705347,73
hours_mean,0.060532727306184635,0.6997952119372179,73
hours_sd,0.07829504624378876,0.6177417910469353,73
prop_educ_<HS,,,73
prop_educ_BAplus,0.5278643925816165,0.0002749930408198459,73
prop_educ_HS,,,73
prop_educ_SomeCollege,,,73
prop_female,0.04614042301211162,0.7689078080962586,73
prop_married,0.12420617323306551,0.4274550424728304,73
age_mean,-0.42770195553671847,0.004224966715478102,74
age_sd,-0.42769692484499305,0.004225463766006119,74
age_sq_mean,-0.45381755488066694,0.002238873652062462,74
age_sq_sd,-0.4379937529170268,0.0033089342005807763,74
english_mean,-0.4434505432716206,0.0028978971032454738,74
entry_recency_mean,-0.03501066717954529,0.8236261995260468,74
entry_recency_sd,0.33496240628149904,0.028118221163664577,74
hours_mean,0.07971522979680039,0.6113591336073522,74
hours_sd,0.01760502732270879,0.9107832257599586,74
prop_educ_<HS,,,74
prop_educ_BAplus,0.5324927750869617,0.00023727426377318883,74
prop_educ_HS,,,74
prop_educ_SomeCollege,,,74
prop_female,0.0029102043361058268,0.9852230878646714,74
prop_married,0.012627439880381277,0.9359455259266345,74
age_mean,-0.35799592684133086,0.01841949234538007,75
age_sd,-0.35584626425411,0.019185156976122535,75
age_sq_mean,-0.3809069266941334,0.011736451654251627,75
age_sq_sd,-0.3627360536258385,0.016821741408867785,75
english_mean,-0.4847384722570773,0.000987203188829713,75
entry_recency_mean,0.025684788673216233,0.8701324532307676,75
entry_recency_sd,0.13394459089487856,0.39182096973503777,75
hours_mean,0.04417344531598889,0.778506109098233,75
hours_sd,-0.003672723945384356,0.9813519113621983,75
prop_educ_<HS,,,75
prop_educ_BAplus,0.5305473330312447,0.00025251900079862005,75
prop_educ_HS,,,75
prop_educ_SomeCollege,,,75
prop_female,-0.05213980715522295,0.7398479847110346,75
prop_married,0.18022003251450538,0.24749420572845704,75
age_mean,-0.3242598749306353,0.03389242005359936,76
age_sd,-0.282481364240869,0.06645391065984046,76
age_sq_mean,-0.32896851450725695,0.031242046555600658,76
age_sq_sd,-0.3300284821029075,0.0306696616937887,76
english_mean,-0.5204735404618123,0.0003465323561789815,76
entry_recency_mean,-0.132451761875486,0.3971677763541247,76
entry_recency_sd,0.36701749433621295,0.015480839619120154,76
hours_mean,0.04251456099787161,0.7866264300349357,76
hours_sd,-0.02279360634145755,0.8846461032390973,76
prop_educ_<HS,,,76
prop_educ_BAplus,0.5330019722253512,0.00023342383556577124,76
prop_educ_HS,,,76
prop_educ_SomeCollege,,,76
prop_female,0.07831957416758478,0.6176313184901231,76
prop_married,0.07302724905520257,0.6416572171243565,76
age_mean,-0.25220633196087827,0.10276574267031974,77
age_sd,-0.2732445037644857,0.07624591174792363,77
age_sq_mean,-0.2543922229561297,0.09971963892929071,77
age_sq_sd,-0.2836927557787553,0.06524731774687796,77
english_mean,-0.5018974123204554,0.0006057223089447537,77
entry_recency_mean,0.029850189632009742,0.8492972941261345,77
entry_recency_sd,0.3885978504092108,0.01001791538969792,77
hours_mean,0.151151730959396,0.3332764718243036,77
hours_sd,0.09120195575629238,0.5608073499296126,77
prop_educ_<HS,,,77
prop_educ_BAplus,0.5523649357540994,0.0001228433081873672,77
prop_educ_HS,,,77
prop_educ_SomeCollege,,,77
prop_female,0.04232725917425604,0.7875447046577616,77
prop_married,0.16261181616102732,0.29748116801833063,77
age_mean,-0.20148476900580656,0.19510440100323231,78
age_sd,-0.33956819046376235,0.025897888215919537,78
age_sq_mean,-0.23379856681206201,0.13131315333527108,78
age_sq_sd,-0.3414609897417098,0.02502873554558213,78
english_mean,-0.3843791200246684,0.010931728253069324,78
entry_recency_mean,0.0353663969387774,0.8218629594178407,78
entry_recency_sd,0.31114747980619134,0.042262158641062475,78
hours_mean,0.10431841651093475,0.5055873379618601,78
hours_sd,0.0669319093925961,0.6697817918751733,78
prop_educ_<HS,,,78
prop_educ_BAplus,0.4901976632724462,0.000847440833042214,78
prop_educ_HS,,,78
prop_educ_SomeCollege,,,78
prop_female,0.039852739372554985,0.7997026555012591,78
prop_married,0.16395717834115536,0.2934478116833561,78
age_mean,-0.30421878805582225,0.0473225915541378,79
age_sd,-0.36727877189291225,0.015402029777665978,79
age_sq_mean,-0.3245015082113011,0.0337520477468844,79
age_sq_sd,-0.37590993660035227,0.012983026616197924,79
english_mean,-0.4415380865543609,0.003036536908918434,79
entry_recency_mean,-0.09893868196881031,0.5278978336270709,79
entry_recency_sd,0.26106473256297663,0.0908491556924929,79
hours_mean,0.14852725936501057,0.3418353948033546,79
hours_sd,0.11084232571659935,0.47918819010218194,79
prop_educ_<HS,,,79
prop_educ_BAplus,,,79
prop_educ_HS,,,79
prop_educ_SomeCollege,,,79
prop_female,0.08825761083002567,0.5735778230378795,79
prop_married,0.14387054495241894,0.35735162846047824,79
age_mean,-0.27078690381770265,0.07903323120718506,80
age_sd,-0.42830262061393615,0.004165984501191736,80
age_sq_mean,-0.2977107101037193,0.052512203975004515,80
age_sq_sd,-0.39665501668665576,0.00845353421563534,80
english_mean,-0.48154338386218964,0.0010782107453627164,80
entry_recency_mean,-0.05941653588733592,0.7050785136922273,80
entry_recency_sd,0.22094421494135422,0.154504263358229,80
hours_mean,-0.0012884175010183397,0.9934576157995207,80
hours_sd,-0.08596230015228763,0.5836243466786574,80
prop_educ_<HS,,,80
prop_educ_BAplus,0.5310305703337647,0.0002486519767880087,80
prop_educ_HS,,,80
prop_educ_SomeCollege,,,80
prop_female,0.08446598483048455,0.5902158787211146,80
prop_married,0.19303222821678398,0.21490090877365284,80
age_mean,-0.30406392982006963,0.04744106185262257,81
age_sd,-0.3425966693084782,0.024519013045266953,81
age_sq_mean,-0.32306298076006107,0.03459483620293269,81
age_sq_sd,-0.37303288169787224,0.013750622317598517,81
english_mean,-0.4462685864525469,0.002703744025175785,81
entry_recency_mean,-0.11144389798766259,0.4767909712816021,81
entry_recency_sd,0.2401007901230412,0.12094108923644652,81
hours_mean,0.09659842924757805,0.5377516600143123,81
hours_sd,0.0687163969692827,0.6614995349743088,81
prop_educ_<HS,,,81
prop_educ_BAplus,0.4871276759789403,0.0009236904071199976,81
prop_educ_HS,,,81
prop_educ_SomeCollege,,,81
prop_female,0.06744570615105508,0.6673931116303576,81
prop_married,0.1403461005482474,0.36937421185166625,81
age_mean,-0.3138238096299637,0.0404295106153198,82
age_sd,-0.304967819662884,0.04675294072530227,82
age_sq_mean,-0.32927136239172855,0.031077614857280517,82
age_sq_sd,-0.30580065134518086,0.046126094014880825,82
english_mean,-0.4385885413323828,0.0032617787924504498,82
entry_recency_mean,-0.027393105733647193,0.8615761963237829,82
entry_recency_sd,0.24859055785141054,0.10796018044706927,82
hours_mean,0.07278457585909079,0.6427678541974207,82
hours_sd,0.03801458599140097,0.8087645018626322,82
prop_educ_<HS,,,82
prop_educ_BAplus,0.5131091492446985,0.00043406159188085343,82
prop_educ_HS,,,82
prop_educ_SomeCollege,,,82
prop_female,0.16916642961080333,0.2781653613118658,82
prop_married,0.18278510325023858,0.24071625296432964,82
age_mean,-0.2782456594178267,0.07081249538456011,83
age_sd,-0.29270248034178487,0.05680988909191528,83
age_sq_mean,-0.30951053792995775,0.04341603340086728,83
age_sq_sd,-0.2883868979880649,0.06073517172539373,83
english_mean,-0.45219569883606725,0.002332324826671775,83
entry_recency_mean,-0.032478157346864524,0.8362033479942714,83
entry_recency_sd,0.4164851454026452,0.005468429491781673,83
hours_mean,0.13315933950789832,0.39462821145031496,83
hours_sd,0.09965200375394204,0.5249120598232936,83
prop_educ_<HS,,,83
prop_educ_BAplus,0.49570138843492245,0.0007246895206865946,83
prop_educ_HS,,,83
prop_educ_SomeCollege,,,83
prop_female,0.008662733268102534,0.9560329573956219,83
prop_married,0.018135613881818488,0.9081056901712593,83
age_mean,-0.30842143715030845,0.044197835247394235,84
age_sd,-0.3243500842690653,0.03383995853258753,84
age_sq_mean,-0.3239715244134758,0.034060560343807514,84
age_sq_sd,-0.3303313299873791,0.03050772482603555,84
english_mean,-0.45957674439910257,0.0019331537584015897,84
entry_recency_mean,-0.06028123903790393,0.7009843788474206,84
entry_recency_sd,0.3559354140889075,0.019152879718114253,84
hours_mean,0.17263885305535917,0.26827343269653603,84
hours_sd,0.1045243223037092,0.5047430241947958,84
prop_educ_<HS,,,84
prop_educ_BAplus,0.5127732864628084,0.00043848965969920295,84
prop_educ_HS,,,84
prop_educ_SomeCollege,,,84
prop_female,-0.06552160385674062,0.676354898665582,84
prop_married,0.1589404291114709,0.30866851004665563,84
age_mean,-0.3035946080708767,0.047801571386634156,85
age_sd,-0.2524994236781823,0.10235322386798111,85
age_sq_mean,-0.320261637828699,0.03628573042139109,85
age_sq_sd,-0.2663547143927572,0.08426112804091247,85
english_mean,-0.43302809013146115,0.00372651035632915,85
entry_recency_mean,0.045199479442459806,0.7734951914792743,85
entry_recency_sd,0.3187594327407574,0.0372200323735501,85
hours_mean,0.1420508563377871,0.3635290228276455,85
hours_sd,0.11043424862644453,0.4808179443753166,85
prop_educ_<HS,,,85
prop_educ_BAplus,0.4853597985670104,0.0009703226405107871,85
prop_educ_HS,,,85
prop_educ_SomeCollege,,,85
prop_female,-0.024058834226025134,0.8782898243463771,85
prop_married,0.06946491671100602,0.658037236126321,85
age_mean,-0.2987175603788652,0.051680642072633114,86
age_sd,-0.39332368995746836,0.00907278531040518,86
age_sq_mean,-0.3082991463920714,0.044286330429552476,86
age_sq_sd,-0.4088446440366369,0.0064874266620306474,86
english_mean,-0.39353176289310504,0.009032996910793385,86
entry_recency_mean,-0.08517502028020665,0.5870883374201775,86
entry_recency_sd,0.2611980290308988,0.09067839414276115,86
hours_mean,0.1230923801964254,0.4316430590536198,86
hours_sd,0.09313979074266618,0.5524754165837567,86
prop_educ_<HS,,,86
prop_educ_BAplus,0.5137474335599994,0.0004257569147355565,86
prop_educ_HS,,,86
prop_educ_SomeCollege,,,86
prop_female,0.06129391472581777,0.696200250598706,86
prop_married,0.174661863393233,0.2626190792511384,86
age_mean,-0.2859261188133681,0.06306844566143846,87
age_sd,-0.2536351032449507,0.10076675686987617,87
age_sq_mean,-0.31140333720790514,0.04208408377235327,87
age_sq_sd,-0.2719574002554815,0.07769590851504196,87
english_mean,-0.41770017290237516,0.00531992644567736,87
entry_recency_mean,-0.020161469904938067,0.8978919675558505,87
entry_recency_sd,0.234847278457554,0.12954266639707374,87
hours_mean,0.1786408857064432,0.25173032135734874,87
hours_sd,0.05421181801481766,0.7298918052034952,87
prop_educ_<HS,,,87
prop_educ_BAplus,0.4860188868836469,0.0009526977763777061,87
prop_educ_HS,,,87
prop_educ_SomeCollege,,,87
prop_female,-0.07029252083934942,0.654217336923165,87
prop_married,0.11604884965719484,0.458651869271902,87
age_mean,-0.31493365016158426,0.0396888123310118,88
age_sd,-0.35561912834075626,0.019267599875779536,88
age_sq_mean,-0.3404767341171771,0.025477610383156813,88
age_sq_sd,-0.38279972597208084,0.01129172069122217,88
english_mean,-0.419626613143777,0.005091656563555086,88
entry_recency_mean,0.05344154110156325,0.7335880304039618,88
entry_recency_sd,0.1885228080835604,0.22601394627307358,88
hours_mean,0.1517427656291956,0.33136752671485,88
hours_sd,0.04961007388275468,0.7520605538573841,88
prop_educ_<HS,,,88
prop_educ_BAplus,0.5098344706668806,0.00047900082558449144,88
prop_educ_HS,,,88
prop_educ_SomeCollege,,,88
prop_female,0.030022353377967347,0.8484382155769246,88
prop_married,0.053096102629555005,0.7352475789357814,88
age_mean,-0.29339034083939847,0.05620345554350537,89
age_sd,-0.3705343866509817,0.014448192116256604,89
age_sq_mean,-0.3036807161538798,0.047735261935461064,89
age_sq_sd,-0.39453508149535466,0.008843237170495094,89
english_mean,-0.45369107046068025,0.0022460410661854172,89
entry_recency_mean,0.0028816277078597147,0.9853681733870365,89
entry_recency_sd,0.4355117000296524,0.0035122254225973806,89
hours_mean,-0.03499346584540037,0.8237114829153946,89
hours_sd,-0.0760991503626767,0.6276654917725859,89
prop_educ_<HS,,,89
prop_educ_BAplus,0.5473333900029225,0.00014569385449116656,89
prop_educ_HS,,,89
prop_educ_SomeCollege,,,89
prop_female,0.06852973601449956,0.662364031022446,89
prop_married,0.08547035555419848,0.5857878032471352,89
age_mean,-0.3431147052798995,0.02428939725166983,90
age_sd,-0.35236351358268675,0.02048241852016082,90
age_sq_mean,-0.3596318628100047,0.017854204441831133,90
age_sq_sd,-0.3830268618854345,0.011239333824927193,90
english_mean,-0.3724507688750385,0.013910533555590965,90
entry_recency_mean,0.060097104170495366,0.7018555117137154,90
entry_recency_sd,0.3204977711079788,0.036140632074759454,90
hours_mean,0.1727968877129291,0.2678288458705134,90
hours_sd,0.10176457329718304,0.5161185290192395,90
prop_educ_<HS,,,90
prop_educ_BAplus,0.5051616879224766,0.000550362801957234,90
prop_educ_HS,,,90
prop_educ_SomeCollege,,,90
prop_female,-0.06451616274395283,0.6810556040629969,90
prop_married,0.004833139735605522,0.9754615272502102,90
age_mean,-0.33603552182487806,0.027587277148497152,91
age_sd,-0.3154917836482715,0.039320530048601435,91
age_sq_mean,-0.3477450833444951,0.022315585660346998,91
age_sq_sd,-0.33646399964792867,0.027377618171082776,91
english_mean,-0.4742525998669561,0.001314388229733054,91
entry_recency_mean,-0.12599012060420953,0.4207948733694805,91
entry_recency_sd,0.23555772881513126,0.1283534294360021,91
hours_mean,0.021972238098031584,0.8887763661057767,91
hours_sd,0.04921649750235786,0.7539660578334392,91
prop_educ_<HS,,,91
prop_educ_BAplus,0.5062551916377308,0.0005328588054818678,91
prop_educ_HS,,,91
prop_educ_SomeCollege,,,91
prop_female,0.028965915692633955,0.8537124209689679,91
prop_married,0.07455366711515662,0.6346890634193312,91
age_mean,-0.3137954902140619,0.04044855736857741,92
age_sd,-0.2203975479241945,0.155552929398394,92
age_sq_mean,-0.3229115568178253,0.03468454860508939,92
age_sq_sd,-0.25969206093438235,0.09262215547964504,92
english_mean,-0.4234782302940137,0.004660692969081025,92
entry_recency_mean,-0.0972082119992225,0.5351755778368003,92
entry_recency_sd,0.20618705118166034,0.18466644931544313,92
hours_mean,0.09837585176494906,0.5302595576975352,92
hours_sd,0.07499553874815208,0.632677672546067,92
prop_educ_<HS,,,92
prop_educ_BAplus,0.46936154434159166,0.0014975532979315453,92
prop_educ_HS,,,92
prop_educ_SomeCollege,,,92
prop_female,0.06297910714366223,0.6882648063128497,92
prop_married,0.1546605557064835,0.32204357568366476,92
age_mean,-0.33823091437389624,0.026526976854397494,93
age_sd,-0.37636420842705964,0.012865227287103452,93
age_sq_mean,-0.35016786642026776,0.021337507933776954,93
age_sq_sd,-0.3855253569323251,0.010676654731823394,93
english_mean,-0.4828608818962106,0.0010398161263509855,93
entry_recency_mean,0.008376615299975397,0.957483780506424,93
entry_recency_sd,0.26440616812035944,0.08664306531580702,93
hours_mean,0.11737775463329488,0.45348742821081284,93
hours_sd,0.08105272511852278,0.6053739652137063,93
prop_educ_<HS,,,93
prop_educ_BAplus,0.522004966879804,0.0003304639616360244,93
prop_educ_HS,,,93
prop_educ_SomeCollege,,,93
prop_female,0.049641999284878335,0.7519060503203283,93
prop_married,0.24281612039688275,0.11666753346099107,93
age_mean,-0.35782549589185,0.018479241552488434,94
age_sd,-0.3444137566153077,0.02372148166259996,94
age_sq_mean,-0.3734871535245797,0.013626918184211509,94
age_sq_sd,-0.39567076106212307,0.008632589302382808,94
english_mean,-0.4109420676766888,0.006192528947165122,94
entry_recency_mean,-0.035156910165727015,0.82290121491709,94
entry_recency_sd,0.22897028991866183,0.13969810541408736,94
hours_mean,0.20135647853615327,0.19539489381437058,94
hours_sd,0.2124259749890231,0.17144032632652403,94
prop_educ_<HS,,,94
prop_educ_BAplus,0.5071465900745407,0.0005189610806707994,94
prop_educ_HS,,,94
prop_educ_SomeCollege,,,94
prop_female,-0.12915533356127515,0.4091234642120495,94
prop_married,0.1809222783245981,0.24562593434562913,94
age_mean,-0.3601405242049759,0.017681450032989154,95
age_sd,-0.28823547404582905,0.060876732065122494,95
age_sq_mean,-0.3665973641528511,0.015608280844763244,95
age_sq_sd,-0.2806642769340395,0.06829690190086028,95
english_mean,-0.5061989782561213,0.0005337463074759513,95
entry_recency_mean,-0.0069078073852748235,0.964933724058333,95
entry_recency_sd,0.1996447628398694,0.19930003796552687,95
hours_mean,0.056132246649416906,0.7207029331769509,95
hours_sd,0.04274263513858618,0.7855086489609588,95
prop_educ_<HS,,,95
prop_educ_BAplus,0.5264819817970464,0.000287263434589133,95
prop_educ_HS,,,95
prop_educ_SomeCollege,,,95
prop_female,0.07672541832097411,0.6248285425741281,95
prop_married,0.06234566529263636,0.691243816715207,95
age_mean,-0.33888784353292284,0.02621637089176478,96
age_sd,-0.3757111701641534,0.013034857780407116,96
age_sq_mean,-0.3638717331926069,0.016456836482333318,96
age_sq_sd,-0.39006807519939884,0.009715231788327382,96
english_mean,-0.46423832539161713,0.001713346836423662,96
entry_recency_mean,-0.09413998814059489,0.5481979727656338,96
entry_recency_sd,0.253919268267934,0.10037276423944075,96
hours_mean,0.08319458483182814,0.5958424152397752,96
hours_sd,0.03789527222963162,0.8093535706013152,96
prop_educ_<HS,,,96
prop_educ_BAplus,0.5222475382922295,0.0003279812886183263,96
prop_educ_HS,,,96
prop_educ_SomeCollege,,,96
prop_female,0.09458046674169203,0.5463192326734012,96
prop_married,0.1184863663394906,0.44920338940516097,96
age_mean,-0.3411081865355726,0.02518886927790657,97
age_sd,-0.3294227863339643,0.03099566753346554,97
age_sq_mean,-0.3551025509629816,0.019456210860739426,97
age_sq_sd,-0.35228780161156886,0.02051141794023816,97
english_mean,-0.44308756706624874,0.002923774471254341,97
entry_recency_mean,-0.12650225320466577,0.4188937793038024,97
entry_recency_sd,0.28132308158975017,0.0676240870774234,97
hours_mean,0.037800257865126904,0.8098227442393772,97
hours_sd,0.011357224444445039,0.9423774711912691,97
prop_educ_<HS,,,97
prop_educ_BAplus,0.4897999507240908,0.0008569911696051337,97
prop_educ_HS,,,97
prop_educ_SomeCollege,,,97
prop_female,0.006559371557426381,0.9667014821856015,97
prop_married,0.15230942582881254,0.3295437129916933,97
age_mean,-0.2971919272257763,0.05294485370446673,98
age_sd,-0.3261671715758948,0.032797378685184245,98
age_sq_mean,-0.3146589519659747,0.03987110301070377,98
age_sq_sd,-0.30481639572064817,0.046867650857667816,98
english_mean,-0.4694778050910552,0.001492949580110241,98
entry_recency_mean,-0.02531074207352408,0.8720078886104434,98
entry_recency_sd,0.20205265166929534,0.19382218604125198,98
hours_mean,0.10323163589161392,0.5100554988006312,98
hours_sd,0.11381657917345749,0.4673979927028148,98
prop_educ_<HS,,,98
prop_educ_BAplus,0.521881323699344,0.0003317359263364418,98
prop_educ_HS,,,98
prop_educ_SomeCollege,,,98
prop_female,0.18725052322450522,0.22921952200722287,98
prop_married,0.17439010279116607,0.26337401211440437,98
age_mean,-0.3118054410995533,0.041805457945586565,99
age_sd,-0.35236351358268675,0.02048241852016082,99
age_sq_mean,-0.33290553700538755,0.029159601988075663,99
age_sq_sd,-0.3446408925286614,0.023623331172943674,99
english_mean,-0.4640674264181155,0.0017209967534842867,99
entry_recency_mean,0.0004927234285959733,0.997498003816428,99
entry_recency_sd,0.0680323430859516,0.6646697555854966,99
hours_mean,-0.03177677137993874,0.8396939081224775,99
hours_sd,-0.06507935323581013,0.6784210552311366,99
prop_educ_<HS,,,99
prop_educ_BAplus,0.531601435145488,0.00024415264329284003,99
prop_educ_HS,,,99
prop_educ_SomeCollege,,,99
prop_female,-0.10047667406269413,0.5214706186189784,99
prop_married,0.1643782157856282,0.2921928472661851,99
age_mean,-0.2515057989349559,0.10375688186875291,100
age_sd,-0.37810558376277126,0.012422058737209378,100
age_sq_mean,-0.2693074812663551,0.0807492223930738,100
age_sq_sd,-0.40142487086708317,0.00763038135989155,100
english_mean,-0.44821436155578875,0.0025764537904896597,100
entry_recency_mean,-0.019832402037221242,0.89954995936432,100
entry_recency_sd,0.27788391666715906,0.07119495052781938,100
hours_mean,0.0,1.0,100
hours_sd,-0.010865488294751313,0.9448684523758814,100
prop_educ_<HS,,,100
prop_educ_BAplus,0.5386370698327884,0.00019442515020704667,100
prop_educ_HS,,,100
prop_educ_SomeCollege,,,100
prop_female,-0.1136077329382596,0.468220788238673,100
prop_married,0.12344824302061372,0.4303024826413295,100
age_mean,-0.3264066305333505,0.032661981836550884,101
age_sd,-0.3083748583631893,0.0442315248298806,101
age_sq_mean,-0.32518291595136223,0.03335877263301949,101
age_sq_sd,-0.3357825919078676,0.027711663093681976,101
english_mean,-0.4278343135820634,0.0042119075875637485,101
entry_recency_mean,-0.04073518882582022,0.7953614296376531,101
entry_recency_sd,0.42495976068930297,0.004503594043512388,101
hours_mean,0.19856140847124903,0.2017998154853298,101
hours_sd,0.1954116317745223,0.20919251978216927,101
prop_educ_<HS,,,101
prop_educ_BAplus,0.5300838670370404,0.00025627870854348807,101
prop_educ_HS,,,101
prop_educ_SomeCollege,,,101
prop_female,0.11516715340763993,0.462095789806517,101
prop_married,0.04392577055741275,0.7797170344834673,101
age_mean,-0.35043653540750846,0.02123129482218391,102
age_sd,-0.2632505235769234,0.08808027536834276,102
age_sq_mean,-0.3814513116740941,0.011607037036211354,102
age_sq_sd,-0.3157946315327431,0.03912186899860568,102
english_mean,-0.45610690934538933,0.002112584884317578,102
entry_recency_mean,-0.02769783301758399,0.8600515564611757,102
entry_recency_sd,0.22226088237778943,0.15199975536396668,102
hours_mean,0.007353227910385641,0.9626741654898024,102
hours_sd,0.005682690220753289,0.9711499251854796,102
prop_educ_<HS,,,102
prop_educ_BAplus,0.5162210880586975,0.00039490423847439806,102
prop_educ_HS,,,102
prop_educ_SomeCollege,,,102
prop_female,-0.1572105023766546,0.31403150301519694,102
prop_married,0.13160059211627215,0.400235247718511,102
age_mean,-0.36118701216912225,0.01733046785700161,103
age_sd,-0.3039078520672335,0.0475607079172355,103
age_sq_mean,-0.35645196002305307,0.01896675908593157,103
age_sq_sd,-0.3260914596047769,0.03284028450942902,103
english_mean,-0.45687497194603616,0.0020716475514595827,103
entry_recency_mean,-0.08621028867108009,0.5825351122307925,103
entry_recency_sd,0.24531604800001286,0.11283487751408733,103
hours_mean,0.06204793950408663,0.6926455847238611,103
hours_sd,0.053169880710982866,0.7348930355191737,103
prop_educ_<HS,,,103
prop_educ_BAplus,0.4960682352094297,0.0007171034839022318,103
prop_educ_HS,,,103
prop_educ_SomeCollege,,,103
prop_female,-0.11714968019720859,0.45437152707034806,103
prop_married,0.10509949066932124,0.5023883517066383,103
age_mean,-0.2501333838446757,0.10571980321036933,104
age_sd,-0.34721509954666985,0.022534468667276385,104
age_sq_mean,-0.27884718962721,0.07018011623889317,104
age_sq_sd,-0.37363857746681545,0.013585894331140574,104
english_mean,-0.4799411168651122,0.0011266013144381893,104
entry_recency_mean,-0.03879557282293147,0.8049112515238805,104
entry_recency_sd,0.23616347032285256,0.12734593575020128,104
hours_mean,0.053281478552541284,0.734356851166981,104
hours_sd,0.003975178644421213,0.9798165148459516,104
prop_educ_<HS,,,104
prop_educ_BAplus,0.4921310434723924,0.0008023541678692709,104
prop_educ_HS,,,104
prop_educ_SomeCollege,,,104
prop_female,0.07277072024241785,0.6428312901316878,104
prop_married,0.23452026157147762,0.1300928267771593,104
age_mean,-0.32018433563042625,0.03633333452476576,105
age_sd,-0.34100671791500237,0.02523508259348254,105
age_sq_mean,-0.35031929036250353,0.021277590747899075,105
age_sq_sd,-0.3476693713733772,0.02234674527686696,105
english_mean,-0.3952759059794412,0.008705332804460439,105
entry_recency_mean,-0.05784909750983517,0.7125208451933913,105
entry_recency_sd,0.16991113211947573,0.2760240507748762,105
hours_mean,0.17557521343189347,0.2600924048512584,105
hours_sd,0.21761263664888694,0.16097603455318504,105
prop_educ_<HS,,,105
prop_educ_BAplus,0.5036488978567892,0.0005754280756874556,105
prop_educ_HS,,,105
prop_educ_SomeCollege,,,105
prop_female,-0.06264034714018925,0.6898573831191352,105
prop_married,-0.000802216449944782,0.9959264423995065,105
age_mean,-0.379942195163681,0.011968820882051999,106
age_sd,-0.3204887737420526,0.036146152005120294,106
age_sq_mean,-0.3893109554882198,0.009870109627642353,106
age_sq_sd,-0.3273028511426632,0.03215931692581711,106
english_mean,-0.4298876059191823,0.004013785861377117,106
entry_recency_mean,-0.02737235337783999,0.861680044567793,106
entry_recency_sd,0.31274010378520156,0.04116361668345322,106
hours_mean,-0.06258772812061958,0.6901048743159686,106
hours_sd,-0.09900461601910426,0.5276215021888685,106
prop_educ_<HS,,,106
prop_educ_BAplus,0.508815507815148,0.0004938123586454119,106
prop_educ_HS,,,106
prop_educ_SomeCollege,,,106
prop_female,-0.08847487737515344,0.5726309572011735,106
prop_married,0.047026350628985636,0.7645957499904834,106
age_mean,-0.3359090339304611,0.02764942332898938,107
age_sd,-0.2615091482412118,0.09028079710928615,107
age_sq_mean,-0.3366911355612824,0.027267015830092528,107
age_sq_sd,-0.2832384839520479,0.06569773507897766,107
english_mean,-0.387308562363935,0.010289966842206321,107
entry_recency_mean,-0.03366826970119691,0.830287695952552,107
entry_recency_sd,0.2517047682634623,0.10347463232036161,107
hours_mean,0.10153841057767349,0.5170563979047352,107
hours_sd,0.10608448722200005,0.4983689222322302,107
prop_educ_<HS,,,107
prop_educ_BAplus,0.48734730066739507,0.0009180390955428317,107
prop_educ_HS,,,107
prop_educ_SomeCollege,,,107
prop_female,0.034633008681426755,0.825499071919414,107
prop_married,0.12307012438885512,0.4317269766155581,107
age_mean,-0.34839023962057264,0.022051540869354937,108
age_sd,-0.26196342006791923,0.08970268447313534,108
age_sq_mean,-0.37083723453545325,0.014362069913988411,108
age_sq_sd,-0.2906582571216017,0.058643110345177725,108
english_mean,-0.45292688612816767,0.002289776627290203,108
entry_recency_mean,-0.10054206702594115,0.5211982056993998,108
entry_recency_sd,0.29469324350642584,0.05506901533875211,108
hours_mean,0.18855390333953553,0.2259359881065061,108
hours_sd,0.14174351280679065,0.36457868994414766,108
prop_educ_<HS,,,108
prop_educ_BAplus,0.5003796925344024,0.0006331200364145122,108
prop_educ_HS,,,108
prop_educ_SomeCollege,,,108
prop_female,0.0706879131939445,0.652395425271122,108
prop_married,0.1572982551413471,0.3137580460422203,108
age_mean,-0.3962526572706187,0.008526341039313903,109
age_sd,-0.3634931733370174,0.01657772044010811,109
age_sq_mean,-0.4215642551844434,0.0048707032936558675,109
age_sq_sd,-0.3799983830407187,0.011955180379522052,109
english_mean,-0.4969299547621205,0.0006995625097060137,109
entry_recency_mean,-0.16973069372529329,0.2765418851592681,109
entry_recency_sd,0.2828541056515212,0.06608077612638516,109
hours_mean,0.1891127803196098,0.22453799107945338,109
hours_sd,0.11537332505528668,0.4612892372705375,109
prop_educ_<HS,,,109
prop_educ_BAplus,0.5623892632037293,8.672815662789844e-05,109
prop_educ_HS,,,109
prop_educ_SomeCollege,,,109
prop_female,0.16000319701528604,0.30540288871044163,109
prop_married,0.044076897217549524,0.7789780882970689,109
age_mean,-0.3324006523620785,0.02942004810336169,110
age_sd,-0.310040521727783,0.043039677936502645,110
age_sq_mean,-0.3547862966584594,0.01957244505760012,110
age_sq_sd,-0.341990973539535,0.024789776659212354,110
english_mean,-0.4591650972926441,0.001953711707451789,110
entry_recency_mean,-0.024324673452127164,0.8769552418501745,110
entry_recency_sd,0.3113511349687623,0.0421203664274044,110
hours_mean,0.05581034890184317,0.7222404843692818,110
hours_sd,0.027872530059318657,0.8591777221109558,110
prop_educ_<HS,,,110
prop_educ_BAplus,0.5309664255386848,0.00024916218924463373,110
prop_educ_HS,,,110
prop_educ_SomeCollege,,,110
prop_female,0.06237792974407742,0.6910919686351119,110
prop_married,0.08519127022880923,0.587016745921376,110
age_mean,-0.42494948129631854,0.004504667941547418,111
age_sd,-0.3088291301898967,0.04390384739062805,111
age_sq_mean,-0.4353224129555784,0.003528168402779762,111
age_sq_sd,-0.3573605036764679,0.018643088267264196,111
english_mean,-0.4679434511848786,0.001554728931135358,111
entry_recency_mean,-0.13542313925949326,0.3865669955467669,111
entry_recency_sd,0.32308611779345064,0.034581145291058324,111
hours_mean,0.08744427299002627,0.5771287462203064,111
hours_sd,0.007496617303678011,0.961946830906964,111
prop_educ_<HS,,,111
prop_educ_BAplus,0.5448366241533775,0.00015840568802383961,111
prop_educ_HS,,,111
prop_educ_SomeCollege,,,111
prop_female,0.01373204196304154,0.9303554472332582,111
prop_married,-0.0160616274718434,0.9185772338907174,111
age_mean,-0.31267619451690276,0.041207246240047714,112
age_sd,-0.2902796972660122,0.05898772886177772,112
age_sq_mean,-0.3198830779731095,0.03651934369280265,112
age_sq_sd,-0.3557705522829921,0.01921260489982719,112
english_mean,-0.48530608273873316,0.0009717717961539114,112
entry_recency_mean,0.015354879362400493,0.9221487984738289,112
entry_recency_sd,0.2622860728433348,0.08929381791278083,112
hours_mean,0.15648707299948272,0.31629161776799214,112
hours_sd,0.09101953534364614,0.5615946923785816,112
prop_educ_<HS,,,112
prop_educ_BAplus,0.5147131593883904,0.000413463149366348,112
prop_educ_HS,,,112
prop_educ_SomeCollege,,,112
prop_female,0.1182432371089956,0.4501410232560208,112
prop_married,0.14145206282399053,0.3655757586718356,112
age_mean,-0.3119468174120092,0.04170785337562619,113
age_sd,-0.37136721833327857,0.014212404739648741,113
age_sq_mean,-0.344186620701954,0.023819972491777728,113
age_sq_sd,-0.3855253569323251,0.010676654731823394,113
english_mean,-0.5009106101526651,0.0006234123387484075,113
entry_recency_mean,-0.15716909898349984,0.3141605775164077,113
entry_recency_sd,0.17651792817919454,0.25750154064295866,113
hours_mean,0.03341800932208125,0.8315308995747865,113
hours_sd,0.02196476553587612,0.8888139555168831,113
prop_educ_<HS,,,113
prop_educ_BAplus,0.5315320572587714,0.0002446955014204512,113
prop_educ_HS,,,113
prop_educ_SomeCollege,,,113
prop_female,0.16545388284019646,0.28900244867443253,113
prop_married,0.22442344925753488,0.14795099987303167,113
age_mean,-0.279408820734604,0.06959371763181657,114
age_sd,-0.29338388808184596,0.05620912023256719,114
age_sq_mean,-0.29663950283991547,0.05340870723438701,114
age_sq_sd,-0.3002736774535745,0.050416336588709317,114
english_mean,-0.46363873173300785,0.0017403195155833266,114
entry_recency_mean,0.010231550743380934,0.9480805440417359,114
entry_recency_sd,0.10021992930725096,0.5225408434133819,114
hours_mean,-0.02120816111842446,0.892621153355125,114
hours_sd,-0.08158580932121631,0.6029955290890832,114
prop_educ_<HS,,,114
prop_educ_BAplus,0.5135260493590879,0.0004286210169734427,114
prop_educ_HS,,,114
prop_educ_SomeCollege,,,114
prop_female,-0.05001607520466556,0.7500964181420088,114
prop_married,0.16790224536308326,0.2818252479389809,114
age_mean,-0.29623427092594146,0.0537510409589668,115
age_sd,-0.3379025270991687,0.026683386840718148,115
age_sq_mean,-0.30246932461599346,0.04867499187758184,115
age_sq_sd,-0.3758342246292344,0.013002748855650403,115
english_mean,-0.4030655398213977,0.0073637040161865725,115
entry_recency_mean,0.01876707477626727,0.9049204175732863,115
entry_recency_sd,0.19329996004445457,0.21425325559683,115
hours_mean,0.12862411439353347,0.41106922112294314,115
hours_sd,0.09392185638159405,0.5491294901157217,115
prop_educ_<HS,,,115
prop_educ_BAplus,0.477901636143567,0.0011909862931403193,115
prop_educ_HS,,,115
prop_educ_SomeCollege,,,115
prop_female,-0.0019895791744923706,0.9898973765201622,115
prop_married,0.20002562780693658,0.19842641202482353,115
age_mean,-0.3737187628009859,0.01356421304476747,116
age_sd,-0.33593401585010335,0.027637139980616923,116
age_sq_mean,-0.39286941813076093,0.009160176354353776,116
age_sq_sd,-0.3549377206006952,0.019516718969581095,116
english_mean,-0.48295501404598423,0.0010371201116517563,116
entry_recency_mean,0.16056101197045147,0.303697726044308,116
entry_recency_sd,0.19216991828603405,0.21699609835224437,116
hours_mean,-0.047258182277176264,0.7634685136481292,116
hours_sd,-0.08806964842230942,0.5743975550180058,116
prop_educ_<HS,,,116
prop_educ_BAplus,0.4928538556594493,0.0007860563091621885,116
prop_educ_HS,,,116
prop_educ_SomeCollege,,,116
prop_female,0.024264112639088956,0.8772592434952061,116
prop_married,0.05777557832212489,0.7128705749710369,116
age_mean,-0.35130548070411793,0.02089080478650739,117
age_sd,-0.4108286655703919,0.006208170876903721,117
age_sq_mean,-0.3647802768460216,0.01616975261366245,117
age_sq_sd,-0.4246684460002772,0.004534114602618725,117
english_mean,-0.45175756627471103,0.0023581525319407845,117
entry_recency_mean,0.02727278863030974,0.8621783151349515,117
entry_recency_sd,0.258358508494978,0.09437012694656094,117
hours_mean,0.12993927013146264,0.406261711887111,117
hours_sd,0.10261296714795763,0.5126079309595718,117
prop_educ_<HS,,,117
prop_educ_BAplus,0.46742787900672284,0.00157599070579047,117
prop_educ_HS,,,117
prop_educ_SomeCollege,,,117
prop_female,0.026976858950352792,0.8636596026331548,117
prop_married,0.10281457239301049,0.5117754677666436,117
age_mean,-0.40170515441796406,0.0075842420067862015,118
age_sd,-0.38946237943045564,0.009838965780281577,118
age_sq_mean,-0.4165672650906624,0.0054582803846534075,118
age_sq_sd,-0.43367817056330676,0.0036693447256201483,118
english_mean,-0.47806938436043117,0.0011855697699731792,118
entry_recency_mean,0.0289580728017249,0.85375160000549,118
entry_recency_sd,0.28805706932594105,0.06104385322348144,118
hours_mean,0.12614115498117628,0.42023371028822676,118
hours_sd,-0.004012885970370581,0.9796251003816604,118
prop_educ_<HS,,,118
prop_educ_BAplus,0.5435368823375648,0.0001654131023544358,118
prop_educ_HS,,,118
prop_educ_SomeCollege,,,118
prop_female,-0.005193509919646691,0.9736325006402826,118
prop_married,0.05898938919273793,0.707103984777686,118
age_mean,-0.37595251895591025,0.01297194551828136,119
age_sd,-0.3643260050193142,0.01631276039656551,119
age_sq_mean,-0.4020305666360263,0.007530975922700846,119
age_sq_sd,-0.3993049356757821,0.007987268341938704,119
english_mean,-0.49518336285500525,0.0007355239735347396,119
entry_recency_mean,-0.1590359620299003,0.3083740552097694,119
entry_recency_sd,0.36604694995938886,0.015776585742418605,119
hours_mean,-0.030014819858479234,0.8484758034087726,119
hours_sd,-0.1138794034516096,0.46715063377499205,119
prop_educ_<HS,,,119
prop_educ_BAplus,0.4910092267033627,0.000828246785182141,119
prop_educ_HS,,,119
prop_educ_SomeCollege,,,119
prop_female,0.07606569472734802,0.6278171930901,119
prop_married,0.10923595813789697,0.4856203587216685,119
age_mean,-0.37866919770916435,0.012281439807019241,120
age_sd,-0.3537263290628089,0.01996628598922235,120
age_sq_mean,-0.39521648923541575,0.008716324567568918,120
age_sq_sd,-0.35743621564758576,0.018616326973171157,120
english_mean,-0.4911714735280618,0.00082445641895684,120
entry_recency_mean,0.039411908661569135,0.8018735730935622,120
entry_recency_sd,0.12657167498078578,0.4186364528765593,120
hours_mean,0.042459007080969204,0.7868987615045429,120
hours_sd,-0.04520687404339163,0.7734591106308457,120
prop_educ_<HS,,,120
prop_educ_BAplus,0.5119730614768323,0.000449203902990415,120
prop_educ_HS,,,120
prop_educ_SomeCollege,,,120
prop_female,0.17330819427510946,0.26639376805454756,120
prop_married,0.12986309480337288,0.40653928331405936,120
age_mean,-0.3218123274043542,0.035341546740610505,121
age_sd,-0.2537108152160686,0.1006616670441954,121
age_sq_mean,-0.3221544371066463,0.03513598450794782,121
age_sq_sd,-0.30723917879642093,0.045059418363963,121
english_mean,-0.4140640701706188,0.005775107745882802,121
entry_recency_mean,0.16131263306645002,0.30140977662274365,121
entry_recency_sd,0.2873269303924143,0.0617316292971791,121
hours_mean,0.13630030690216008,0.38346967365841855,121
hours_sd,0.039341281500637634,0.8022215214165347,121
prop_educ_<HS,,,121
prop_educ_BAplus,0.48484851980615107,0.0009841944203043118,121
prop_educ_HS,,,121
prop_educ_SomeCollege,,,121
prop_female,-0.029394062658741914,0.8515741492404414,121
prop_married,0.06225039817069595,0.6916922477287114,121
age_mean,-0.33842020859505917,0.026437163457604964,122
age_sd,-0.3510764100736825,0.020980116713144276,122
age_sq_mean,-0.345625148153194,0.023201923447339318,122
age_sq_sd,-0.35137925795815406,0.02086210790802439,122
english_mean,-0.4244507364002946,0.0045570412755481455,122
entry_recency_mean,-0.14229952208807112,0.36268109103838053,122
entry_recency_sd,0.2806476122961376,0.0683139893804028,122
hours_mean,0.16825795429977206,0.2807922853509639,122
hours_sd,0.14185173331111853,0.364208877777298,122
prop_educ_<HS,,,122
prop_educ_BAplus,0.524043548692657,0.0003101158001003665,122
prop_educ_HS,,,122
prop_educ_SomeCollege,,,122
prop_female,0.03771384824620156,0.8102494854539124,122
prop_married,0.11687510594251498,0.4554371157459617,122
age_mean,-0.3237297910622294,0.034202046040560374,123
age_sd,-0.3443380446441898,0.0237542740793748,123
age_sq_mean,-0.3366154235901644,0.027303841961660746,123
age_sq_sd,-0.3641745810770785,0.016360666751360883,123
english_mean,-0.47602862095910425,0.0012529766898452836,123
entry_recency_mean,-0.13457686511134656,0.3895691181096566,123
entry_recency_sd,0.3149271204102391,0.03969313758242465,123
hours_mean,0.10862018651755141,0.48809788549094063,123
hours_sd,0.10660245533399718,0.4962619009575675,123
prop_educ_<HS,,,123
prop_educ_BAplus,0.5049974565684551,0.0005530357461090905,123
prop_educ_HS,,,123
prop_educ_SomeCollege,,,123
prop_female,0.08273984022995434,0.5978605720671142,123
prop_married,0.13722110721733408,0.38023407725245156,123
age_mean,-0.37117649142747966,0.014266111910946793,124
age_sd,-0.4355495574444672,0.003509044408817802,124
age_sq_mean,-0.39415652163976517,0.008914428362569048,124
age_sq_sd,-0.4511676358915407,0.002393326657154932,124
english_mean,-0.5268543945306173,0.0002839102130611197,124
entry_recency_mean,-0.03130096634826907,0.8420635621273682,124
entry_recency_sd,0.3671182896135235,0.0154503960932637,124
hours_mean,0.04239607516284203,0.7872072910737615,124
hours_sd,-0.028359486959720445,0.8567428441179837,124
prop_educ_<HS,,,124
prop_educ_BAplus,0.5079435278829244,0.0005068122826665825,124
prop_educ_HS,,,124
prop_educ_SomeCollege,,,124
prop_female,0.09069912068562365,0.5629788745699681,124
prop_married,0.08148312153034196,0.6034533713335704,124
age_mean,-0.3273492213099122,0.0321334838390102,125
age_sd,-0.3100900847481644,0.043004618088033596,125
age_sq_mean,-0.3480479312289667,0.022191310620962464,125
age_sq_sd,-0.33108844969855805,0.030105973586013766,125
english_mean,-0.4507434665541273,0.002418902278357869,125
entry_recency_mean,0.03858403463928468,0.8059544969529522,125
entry_recency_sd,0.23574702303629416,0.12803794898101029,125
hours_mean,0.06260431252214521,0.6900268668824323,125
hours_sd,0.029076690287828708,0.8531590853935647,125
prop_educ_<HS,,,125
prop_educ_BAplus,,,125
prop_educ_HS,,,125
prop_educ_SomeCollege,,,125
prop_female,0.1572061594077632,0.3140450405832138,125
prop_married,0.15915525691670962,0.3080066116670677,125
age_mean,-0.36278038311608196,0.01680737075950937,126
age_sd,-0.33956819046376235,0.025897888215919537,126
age_sq_mean,-0.3887052597192767,0.009995531942021454,126
age_sq_sd,-0.3414609897417098,0.02502873554558213,126
english_mean,-0.4689836287723171,0.0015126051597916953,126
entry_recency_mean,0.0013267137115296986,0.9932631579688264,126
entry_recency_sd,0.2679270406339897,0.08237654389839277,126
hours_mean,-0.051596876361239684,0.7424638419037377,126
hours_sd,-0.09617235898222955,0.5395551830137568,126
prop_educ_<HS,,,126
prop_educ_BAplus,0.5282786623211946,0.00027140913239481724,126
prop_educ_HS,,,126
prop_educ_SomeCollege,,,126
prop_female,0.03781659123633604,0.8097420866172543,126
prop_married,0.039481271505225964,0.8015318903136999,126
age_mean,-0.24071562089845694,0.11996325435038559,127
age_sd,-0.254591114629643,0.09944595690421175,127
age_sq_mean,-0.2579506855986708,0.09490973769100026,127
age_sq_sd,-0.3026964605293471,0.048497662627983086,127
english_mean,-0.4066614403531172,0.006807224637196693,127
entry_recency_mean,0.005914472050702412,0.9699737318596938,127
entry_recency_sd,0.332879951064537,0.029172754461644232,127
hours_mean,0.1398593728557091,0.37105334814314433,127
hours_sd,0.08805174035774442,0.5744756825977021,127
prop_educ_<HS,,,127
prop_educ_BAplus,0.5483113534102557,0.00014097203062449833,127
prop_educ_HS,,,127
prop_educ_SomeCollege,,,127
prop_female,0.03274426474110622,0.8348798301994157,127
prop_married,0.09917304618806952,0.5269159292482142,127
age_mean,-0.36070844975828487,0.017490236361681077,128
age_sd,-0.33555545599451386,0.027823760493452008,128
age_sq_mean,-0.3810583506363692,0.01170033111638992,128
age_sq_sd,-0.34782079531561305,0.02228446241887028,128
english_mean,-0.48116691174805964,0.0010894112830849459,128
entry_recency_mean,0.06570432154216523,0.6755019409049293,128
entry_recency_sd,0.23803653024355376,0.12426805940253689,128
hours_mean,-0.004129733863047168,0.9790319502726501,128
hours_sd,-0.0311234957021231,0.8429477739663559,128
prop_educ_<HS,,,128
prop_educ_BAplus,0.5247072991866075,0.0003037384397483288,128
prop_educ_HS,,,128
prop_educ_SomeCollege,,,128
prop_female,0.06597006754552541,0.6742621085727168,128
prop_married,0.04580920148801558,0.7705217333250884,128
age_mean,-0.3364390977802161,0.027389766604533176,129
age_sd,-0.41338736230371076,0.005863451324037714,129
age_sq_mean,-0.3500921544491499,0.021367519530935426,129
age_sq_sd,-0.4462463577688774,0.0027052295879612,129
english_mean,-0.4772850253184679,0.0012110859939766033,129
entry_recency_mean,-0.058952898081664165,0.7072771134546559,129
entry_recency_sd,0.3181657269306273,0.03759468417234718,129
hours_mean,0.14019953270242866,0.3698793692277595,129
hours_sd,0.17063625407193228,0.2739494711684025,129
prop_educ_<HS,,,129
prop_educ_BAplus,0.4862705387670922,0.0009460439333549137,129
prop_educ_HS,,,129
prop_educ_SomeCollege,,,129
prop_female,0.1722982523999586,0.2692332773370387,129
prop_married,0.19984187640676535,0.19884756275023388,129
age_mean,-0.35310944015730134,0.02019854713649454,130
age_sd,-0.35213637766933303,0.020569520193607707,130
age_sq_mean,-0.37098865847768914,0.014319172515972865,130
age_sq_sd,-0.3661430923261437,0.015747077193655687,130
english_mean,-0.3891545312107197,0.009902370651957433,130
entry_recency_mean,-0.0638951846987323,0.683964824939847,130
entry_recency_sd,0.3108968288379714,0.042437204467961925,130
hours_mean,-0.010764111824712033,0.9453820591126847,130
hours_sd,-0.09783833685436265,0.5325198678036493,130
prop_educ_<HS,,,130
prop_educ_BAplus,0.47922062152185363,0.0011489840571204816,130
prop_educ_HS,,,130
prop_educ_SomeCollege,,,130
prop_female,-0.010017109915380023,0.9491672785306728,130
prop_married,0.05892514407376277,0.707408799519276,130
age_mean,-0.38102579564675537,0.011708088735194076,131
age_sd,-0.3648559888171395,0.016146021410296977,131
age_sq_mean,-0.3987749518779568,0.008078705913727653,131
age_sq_sd,-0.4043019257695632,0.007168093731864481,131
english_mean,-0.4181014307180142,0.005271660133366649,131
entry_recency_mean,-0.0688768097598586,0.6607569509300352,131
entry_recency_sd,0.4817552722231706,0.0010719519756163273,131
hours_mean,0.29197185922444224,0.05745975035284118,131
hours_sd,0.28131844948890367,0.06762879928986573,131
prop_educ_<HS,,,131
prop_educ_BAplus,0.484121093989259,0.0010042351619219216,131
prop_educ_HS,,,131
prop_educ_SomeCollege,,,131
prop_female,-0.004243387589068118,0.9784550252858403,131
prop_married,-0.020432291842839713,0.8965277665197537,131
age_mean,-0.2995996602222429,0.05096086028528038,132
age_sd,-0.30686061894083144,0.0453381617247652,132
age_sq_mean,-0.3047521892592753,0.046916358782382026,132
age_sq_sd,-0.3444894685864256,0.023688727061317118,132
english_mean,-0.44583949374698123,0.002732547777174834,132
entry_recency_mean,0.10392139118332902,0.5072173534648695,132
entry_recency_sd,0.15808659569416628,0.311308170807954,132
hours_mean,0.05216315179369215,0.7397355742319386,132
hours_sd,0.0593626677566901,0.705333838435768,132
prop_educ_<HS,,,132
prop_educ_BAplus,0.48811645883282834,0.0008984896463297183,132
prop_educ_HS,,,132
prop_educ_SomeCollege,,,132
prop_female,-0.015680907843887294,0.9205010154635002,132
prop_married,0.11961533415150218,0.4448635049953837,132
age_mean,-0.3624122264182117,0.016927034372291302,133
age_sd,-0.36447742896155,0.016264972741905987,133
age_sq_mean,-0.36932299511309535,0.014797078455323534,133
age_sq_sd,-0.37469854506246597,0.013301657511969104,133
english_mean,-0.48014274882987296,0.0011204073384437172,133
entry_recency_mean,0.03125715997260471,0.8422818008116237,133
entry_recency_sd,0.27923629167408875,0.06977344145978619,133
hours_mean,0.004434343045558535,0.9774857285947557,133
hours_sd,0.0017416383634807498,0.9911563095085762,133
prop_educ_<HS,,,133
prop_educ_BAplus,0.5124632031889254,0.0004426138274113919,133
prop_educ_HS,,,133
prop_educ_SomeCollege,,,133
prop_female,0.2619930472707259,0.08966508039488469,133
prop_married,0.15127581906382892,0.3328751219601247,133
age_mean,-0.3036393959744612,0.047767072166834464,134
age_sd,-0.32669715537372,0.032498329945519995,134
age_sq_mean,-0.31829312657963366,0.037514030741525976,134
age_sq_sd,-0.3467608277199624,0.02272350973713674,134
english_mean,-0.5429536704149762,0.00016864767207185546,134
entry_recency_mean,-0.03243535134953485,0.836416290672488,134
entry_recency_sd,0.2747520070556939,0.07457473432088937,134
hours_mean,0.09685627851069724,0.5366616213697118,134
hours_sd,0.16746240206835203,0.2831059604972531,134
prop_educ_<HS,,,134
prop_educ_BAplus,0.5686546719936906,6.936905219406806e-05,134
prop_educ_HS,,,134
prop_educ_SomeCollege,,,134
prop_female,0.14984439224143245,0.3375231782500994,134
prop_married,0.20839997348086187,0.17989450225600026,134
age_mean,-0.30990079767409034,0.04313864103743014,135
age_sd,-0.29986858274816386,0.05074303794647724,135
age_sq_mean,-0.32783283494048854,0.03186507887234302,135
age_sq_sd,-0.34100671791500237,0.02523508259348254,135
english_mean,-0.4627381375854801,0.00178153887924142,135
entry_recency_mean,-0.11338003872078477,0.46911871879312533,135
entry_recency_sd,0.24818384132446217,0.10855676756454052,135
hours_mean,0.11134285447501513,0.47719317944200795,135
hours_sd,0.07083924734940181,0.651698626409295,135
prop_educ_<HS,,,135
prop_educ_BAplus,0.5172492407827135,0.0003826832597621787,135
prop_educ_HS,,,135
prop_educ_SomeCollege,,,135
prop_female,0.01868080329552407,0.9053555102965678,135
prop_married,0.08123592599342262,0.6045561302911115,135
age_mean,-0.2653348185059369,0.08550142078406037,136
age_sd,-0.27044316083312353,0.07942937119405753,136
age_sq_mean,-0.282481364240869,0.06645391065984046,136
age_sq_sd,-0.2856612670278206,0.06332376816948271,136
english_mean,-0.4352164780398127,0.003537118555737327,136
entry_recency_mean,0.10687864106881459,0.49514028947790667,136
entry_recency_sd,0.32472649677523424,0.03362177550829513,136
hours_mean,0.30365887418455,0.04775207478165779,136
hours_sd,0.2158874336645051,0.16440379360709104,136
prop_educ_<HS,,,136
prop_educ_BAplus,0.49789173615061927,0.0006804386801840666,136
prop_educ_HS,,,136
prop_educ_SomeCollege,,,136
prop_female,0.11841888871817578,0.4494635114996867,136
prop_married,0.0863576433355529,0.5818883226886992,136
age_mean,-0.2779386459737952,0.07113698314198269,137
age_sd,-0.36046469449230156,0.017572090950461302,137
age_sq_mean,-0.29179393668837017,0.057618903659754285,137
age_sq_sd,-0.382648302029845,0.011326761092112392,137
english_mean,-0.40526952066228017,0.0070181565308293035,137
entry_recency_mean,0.026873394785893918,0.864177605681903,137
entry_recency_sd,0.10788021619643566,0.49108378064565117,137
hours_mean,0.1492758984979434,0.33938024785256155,137
hours_sd,0.13122370903335195,0.40159783770665347,137
prop_educ_<HS,,,137
prop_educ_BAplus,0.484336409457076,0.0009982656313452674,137
prop_educ_HS,,,137
prop_educ_SomeCollege,,,137
prop_female,0.15498104111827615,0.3210295974338187,137
prop_married,0.11122216510435867,0.4776738230351542,137
age_mean,-0.2695855102179033,0.08042453186371389,138
age_sd,-0.24727529767104747,0.10989852107505167,138
age_sq_mean,-0.25492220675395494,0.09899164245757672,138
age_sq_sd,-0.28270850015422266,0.06622633687781526,138
english_mean,-0.3971933746205922,0.008356955997940493,138
entry_recency_mean,-0.14280311292237818,0.36096754009800125,138
entry_recency_sd,0.2743630441535288,0.07500314446597851,138
hours_mean,0.19831089298473378,0.2023809847917114,138
hours_sd,0.12318802780741386,0.43128251460961076,138
prop_educ_<HS,,,138
prop_educ_BAplus,0.49880317443727945,0.0006627488588978219,138
prop_educ_HS,,,138
prop_educ_SomeCollege,,,138
prop_female,0.07397932445843886,0.6373073444497214,138
prop_married,0.08311163331384568,0.5962103310584579,138
age_mean,-0.4296546119299901,0.00403584995045508,139
age_sd,-0.33260268912091595,0.029315596633322505,139
age_sq_mean,-0.44768488522011746,0.0026105581498098453,139
age_sq_sd,-0.3653102606438469,0.016004252146251532,139
english_mean,-0.4605108436170992,0.0018872117173005212,139
entry_recency_mean,0.018190111689954987,0.9078307305392844,139
entry_recency_sd,0.17895875668741973,0.25087373254752265,139
hours_mean,-0.014052530763151402,0.9287341512290401,139
hours_sd,-0.04471129503868049,0.775878253387828,139
prop_educ_<HS,,,139
prop_educ_BAplus,0.5390634776611446,0.0001917289067370062,139
prop_educ_HS,,,139
prop_educ_SomeCollege,,,139
prop_female,0.1371974040496231,0.38031716458906495,139
prop_married,0.06294378929620989,0.6884307804079721,139
age_mean,-0.4361075711642992,0.0034624484891694514,140
age_sd,-0.45321185911172385,0.002273380133721415,140
age_sq_mean,-0.4360252416679616,0.0034692889941006846,140
age_sq_sd,-0.4895536052483138,0.0008629547653431356,140
english_mean,-0.4987867422543944,0.0006630641078416498,140
entry_recency_mean,-0.00018949466892320474,0.9990377653091931,140
entry_recency_sd,0.23990243768149405,0.12125782904621671,140
hours_mean,0.11661321256372101,0.45645475221016907,140
hours_sd,0.03482882162963146,0.8245278823182216,140
prop_educ_<HS,,,140
prop_educ_BAplus,0.5318052967142217,0.00024256378106556344,140
prop_educ_HS,,,140
prop_educ_SomeCollege,,,140
prop_female,0.08906590878048352,0.5700588152760743,140
prop_married,0.16309098760058238,0.29604055559671555,140
age_mean,-0.2896310946639188,0.0595819388040725,141
age_sd,-0.2466032001037166,0.11089917850651912,141
age_sq_mean,-0.3099648097566651,0.04309327990397757,141
age_sq_sd,-0.2811185487607469,0.06783240518597199,141
english_mean,-0.44938225780991237,0.0025026109124672387,141
entry_recency_mean,-0.05701632521489132,0.7164857201492674,141
entry_recency_sd,0.15064034120144762,0.33493367930654816,141
hours_mean,0.09567480096924906,0.5416649927305183,141
hours_sd,0.023778047811354387,0.8796998073170628,141
prop_educ_<HS,,,141
prop_educ_BAplus,0.5022977331641948,0.0005986750437420525,141
prop_educ_HS,,,141
prop_educ_SomeCollege,,,141
prop_female,-0.009672443035886352,0.9509141572598628,141
prop_married,0.14042480896172907,0.36910310776990185,141
age_mean,-0.2765693001986832,0.07259858215657111,142
age_sd,-0.3676573317485016,0.015288446997186097,142
age_sq_mean,-0.3105705055256083,0.04266598133834599,142
age_sq_sd,-0.36637022823949744,0.015677548947133482,142
english_mean,-0.3995979250153977,0.007937103120885436,142
entry_recency_mean,0.04267258479879749,0.7858519173221693,142
entry_recency_sd,0.3715326689926121,0.014165954343197671,142
hours_mean,0.12675708392416152,0.4179496348689816,142
hours_sd,0.05948298266184354,0.7047636126162578,142
prop_educ_<HS,,,142
prop_educ_BAplus,0.5086794086667507,0.0004958214805574791,142
prop_educ_HS,,,142
prop_educ_SomeCollege,,,142
prop_female,0.07050949032159154,0.6532173260154193,142
prop_married,0.09735170740791026,0.5345702404850907,142
age_mean,-0.277726083911281,0.07136233030030176,143
age_sd,-0.2888411698147722,0.06031206568831943,143
age_sq_mean,-0.29224820851507755,0.05721325138972065,143
age_sq_sd,-0.30133364504922505,0.049569515791499215,143
english_mean,-0.46036050755848296,0.001894539925987807,143
entry_recency_mean,-0.038164226321133435,0.8080258541459121,143
entry_recency_sd,0.24377309801360172,0.11518892244264944,143
hours_mean,0.15913695182074927,0.30806297558529844,143
hours_sd,0.08040914906667089,0.608250755617785,143
prop_educ_<HS,,,143
prop_educ_BAplus,0.4924925548711844,0.0007941655243246103,143
prop_educ_HS,,,143
prop_educ_SomeCollege,,,143
prop_female,0.1716565332810096,0.27104786097423206,143
prop_married,0.13692707968263299,0.3812654992997537,143
age_mean,-0.22347665391411292,0.14971371270400638,144
age_sd,-0.26559759468157823,0.08518050897906877,144
age_sq_mean,-0.2347071104654768,0.12977826614364257,144
age_sq_sd,-0.2909611050060733,0.058368576070348524,144
english_mean,-0.4346044772403419,0.003589215085460194,144
entry_recency_mean,-0.08216799763052055,0.6004026439706921,144
entry_recency_sd,0.369974650185496,0.014608521038720849,144
hours_mean,0.09434200997741303,0.5473359228398205,144
hours_sd,0.060349276456769484,0.7006625929025952,144
prop_educ_<HS,,,144
prop_educ_BAplus,0.5277014455412666,0.00027641437472057683,144
prop_educ_HS,,,144
prop_educ_SomeCollege,,,144
prop_female,-0.029111046825467668,0.8529874835002964,144
prop_married,0.11079433399471057,0.4793797058348813,144
age_mean,-0.40739902278682544,0.006697690566008797,145
age_sd,-0.3444137566153077,0.02372148166259996,145
age_sq_mean,-0.3968064406288915,0.008426273034098838,145
age_sq_sd,-0.35047071430473936,0.02121781469423313,145
english_mean,-0.4679720919957549,0.0015535552964812923,145
entry_recency_mean,-0.04024562211402541,0.7977691174164634,145
entry_recency_sd,0.3200208102980239,0.036434205260754735,145
hours_mean,0.16781012920877025,0.2820931531272575,145
hours_sd,0.18062454583365334,0.2464168627005056,145
prop_educ_<HS,,,145
prop_educ_BAplus,0.5409656614569789,0.0001801082264781827,145
prop_educ_HS,,,145
prop_educ_SomeCollege,,,145
prop_female,0.04337077959609866,0.7824323482642189,145
prop_married,0.030953656429729953,0.8437941425894432,145
age_mean,-0.3732547696247318,0.01369008059871381,146
age_sd,-0.3621303578568953,0.017019137145466743,146
age_sq_mean,-0.3958221850043589,0.008604831788098271,146
age_sq_sd,-0.3815883344341945,0.011574655789629266,146
english_mean,-0.5127050060654762,0.00043939482682707996,146
entry_recency_mean,-0.16583293678933586,0.28788359136491753,146
entry_recency_sd,0.24778613550225556,0.10914256265210288,146
hours_mean,0.0790442453753661,0.614371201245482,146
hours_sd,0.0174163836348075,0.9117354280984267,146
prop_educ_<HS,,,146
prop_educ_BAplus,0.5634081754515,8.366026468847732e-05,146
prop_educ_HS,,,146
prop_educ_SomeCollege,,,146
prop_female,0.07123885609151248,0.6498600872065989,146
prop_married,0.04778973642712155,0.7608857603051526,146
age_mean,-0.2960630221881479,0.053896238374807615,147
age_sd,-0.3368425595035181,0.027193487340100287,147
age_sq_mean,-0.3088291301898967,0.04390384739062805,147
age_sq_sd,-0.37575851265811655,0.013022496598397583,147
english_mean,-0.3837218141801625,0.011080337605485607,147
entry_recency_mean,0.04019860209810133,0.7980004596393989,147
entry_recency_sd,0.3763501118906192,0.012868868991839793,147
hours_mean,0.02037652324482365,0.8968086636036436,147
hours_sd,-0.07548768514074469,0.6304405078078716,147
prop_educ_<HS,,,147
prop_educ_BAplus,0.4946457408360686,0.0007469211700969774,147
prop_educ_HS,,,147
prop_educ_SomeCollege,,,147
prop_female,0.045703739850243175,0.771035811789488,147
prop_married,0.14889173705179184,0.34063873406165684,147
age_mean,-0.3349247147270879,0.02813702279865357,148
age_sd,-0.269383193237473,0.08066070232409918,148
age_sq_mean,-0.3597075747811226,0.01782840090322918,148
age_sq_sd,-0.2892954416414796,0.059891315300437946,148
english_mean,-0.46933821227728656,0.0014984787210181154,148
entry_recency_mean,-0.04642092466904312,0.7675417762157483,148
entry_recency_sd,0.1843416731919765,0.2366651232017096,148
hours_mean,-0.036645495842055155,0.8155300846224726,148
hours_sd,-0.04192398992517121,0.7895227552839504,148
prop_educ_<HS,,,148
prop_educ_BAplus,0.5089460015057818,0.0004918928488506569,148
prop_educ_HS,,,148
prop_educ_SomeCollege,,,148
prop_female,0.18061692749792244,0.24643712338199622,148
prop_married,0.1584139668830032,0.3102944000609476,148
age_mean,-0.40400698185080747,0.007214344751741658,149
age_sd,-0.37288145775563647,0.013792068599317052,149
age_sq_mean,-0.4254255657114561,0.00445516462037214,149
age_sq_sd,-0.41512873763942226,0.005638454705820103,149
english_mean,-0.4719007598842566,0.0013998180702116355,149
entry_recency_mean,-0.13702379132897027,0.3809260612272317,149
entry_recency_sd,0.20944303472951617,0.1776761052172555,149
hours_mean,0.13472496716057758,0.38904274886993456,149
hours_sd,0.12804828141938904,0.4131843529071325,149
prop_educ_<HS,,,149
prop_educ_BAplus,0.4245328440413605,0.004548382799225802,149
prop_educ_HS,,,149
prop_educ_SomeCollege,,,149
prop_female,0.20198973114805546,0.19396395930491422,149
prop_married,0.06775967855027917,0.6659350240317675,149
age_mean,-0.25837685611112465,0.09434590607799101,150
age_sd,-0.3849196611633819,0.010810798815904344,150
age_sq_mean,-0.2801342931362142,0.06884199269867972,150
age_sq_sd,-0.3993049356757821,0.007987268341938704,150
english_mean,-0.4723129915466744,0.0013844969259280207,150
entry_recency_mean,-0.010805694667613872,0.9451713840170927,150
entry_recency_sd,0.35689532458055967,0.018808223385798243,150
hours_mean,-0.0007952159069554248,0.9959619900121731,150
hours_sd,-0.033391500613138184,0.8316626091455811,150
prop_educ_<HS,,,150
prop_educ_BAplus,0.543396626372949,0.00016618580903651317,150
prop_educ_HS,,,150
prop_educ_SomeCollege,,,150
prop_female,0.018339112360595263,0.9070790267968596,150
prop_married,0.19381827511953265,0.21300328664963736,150
age_mean,-0.3450467351988416,0.02344880204660867,151
age_sd,-0.34782079531561305,0.02228446241887028,151
age_sq_mean,-0.3441109087308361,0.023852878553633307,151
age_sq_sd,-0.3749256809758197,0.013241412474095706,151
english_mean,-0.4333018632224642,0.0037023414949477985,151
entry_recency_mean,-0.02893331310592697,0.8538752889497597,151
entry_recency_sd,0.1834330266204819,0.23902429101620853,151
hours_mean,0.0917909188129837,0.5582688528663088,151
hours_sd,0.019306552635063413,0.9022002985564402,151
prop_educ_<HS,,,151
prop_educ_BAplus,0.5185032550757229,0.00036823864183118743,151
prop_educ_HS,,,151
prop_educ_SomeCollege,,,151
prop_female,0.06667695776321031,0.6709682781095015,151
prop_married,0.14457557366586912,0.35497544088107275,151
age_mean,-0.3491095848230059,0.021760222376702144,152
age_sd,-0.3251072039802443,0.033402282606756845,152
age_sq_mean,-0.35531628045628466,0.019377987201222628,152
age_sq_sd,-0.37386571338016916,0.013524555497715559,152
english_mean,-0.45182231409845325,0.002354319878068987,152
entry_recency_mean,-0.10887539767758475,0.48707026018053107,152
entry_recency_sd,0.1701312221777867,0.27539328393509316,152
hours_mean,0.12131685966132413,0.43836636714317007,152
hours_sd,0.06496332382222562,0.6789635210423559,152
prop_educ_<HS,,,152
prop_educ_BAplus,0.5181795983128724,0.0003719190029663791,152
prop_educ_HS,,,152
prop_educ_SomeCollege,,,152
prop_female,0.04901775482164976,0.7549288216832942,152
prop_married,0.09356634175206033,0.5506493013611677,152
age_mean,-0.3845379833950879,0.010896067987241406,153
age_sd,-0.24924380892011275,0.1070072014753651,153
age_sq_mean,-0.3845411013077924,0.010895369102289503,153
age_sq_sd,-0.2911125289483091,0.05823169488733415,153
english_mean,-0.4820238647157485,0.001064064770829718,153
entry_recency_mean,0.05507548734969257,0.7257546076807426,153
entry_recency_sd,0.1023935148765461,0.5135148594981183,153
hours_mean,0.03549787157897221,0.8212114998756918,153
hours_sd,-0.010942445569237928,0.9444785760850372,153
prop_educ_<HS,,,153
prop_educ_BAplus,,,153
prop_educ_HS,,,153
prop_educ_SomeCollege,,,153
prop_female,-0.016403625629968423,0.9168495033575329,153
prop_married,0.03979601803222172,0.7999819026001246,153
age_mean,-0.3542073466400463,0.01978674185152004,154
age_sd,-0.4251227178269845,0.004486599552207668,154
age_sq_mean,-0.3791655513584218,0.01215872836527648,154
age_sq_sd,-0.4457163739710522,0.002740862110670451,154
english_mean,-0.4470443357873828,0.0026523473710515087,154
entry_recency_mean,0.05807215445895709,0.7114601227353495,154
entry_recency_sd,0.25088112228986337,0.10464685042480087,154
hours_mean,0.033744974263297874,0.8299067369947297,154
hours_sd,-0.031687852622671944,0.8401366449875352,154
prop_educ_<HS,,,154
prop_educ_BAplus,0.5236620541848493,0.00031383557915015117,154
prop_educ_HS,,,154
prop_educ_SomeCollege,,,154
prop_female,0.11049795207074967,0.48056333798671463,154
prop_married,0.1000843207875679,0.5231065573925725,154
age_mean,-0.3644154750074265,0.016284510364467937,155
age_sd,-0.2567392940607844,0.09652662995774666,155
age_sq_mean,-0.38756958015250825,0.010234384456185462,155
age_sq_sd,-0.2860398268834101,0.06295908043172477,155
english_mean,-0.42188520873804874,0.00483492211903979,155
entry_recency_mean,-0.06281979530159944,0.6890135970651845,155
entry_recency_sd,0.28542860427075606,0.06354873765074631,155
hours_mean,0.16060788040974242,0.30355473366578245,155
hours_sd,0.1282230639777845,0.4125416919791641,155
prop_educ_<HS,,,155
prop_educ_BAplus,0.4885939769743645,0.0008865403719945346,155
prop_educ_HS,,,155
prop_educ_SomeCollege,,,155
prop_female,0.04177931833648738,0.7902326939452576,155
prop_married,0.10441211182958812,0.5052030528946126,155
age_mean,-0.2705771597302705,0.07927476230178716,156
age_sd,-0.29338388808184596,0.05620912023256719,156
age_sq_mean,-0.2806642769340395,0.06829690190086028,156
age_sq_sd,-0.32745427508489905,0.03207502110283955,156
english_mean,-0.4591535183742618,0.001954292749375083,156
entry_recency_mean,0.08576204209562942,0.5845046018746282,156
entry_recency_sd,0.32049932058401187,0.03613968153305815,156
hours_mean,0.11767402151491795,0.45234038775117524,156
hours_sd,0.10956349520909511,0.4843052045486493,156
prop_educ_<HS,,,156
prop_educ_BAplus,0.5220117318777744,0.0003303944943994501,156
prop_educ_HS,,,156
prop_educ_SomeCollege,,,156
prop_female,0.012837437430182423,0.934882545444566,156
prop_married,0.12227536985558145,0.4347296323609347,156
age_mean,-0.2829191429500926,0.06601584086845368,157
age_sd,-0.2822542283275153,0.06668210412365948,157
age_sq_mean,-0.3045135478361766,0.047097755039052495,157
age_sq_sd,-0.3139018322547957,0.04037707290516826,157
english_mean,-0.4307812957446592,0.0039301296138451215,157
entry_recency_mean,-0.04142666980426144,0.7919639274056888,157
entry_recency_sd,0.2563800931430519,0.09701012458743376,157
hours_mean,0.057373482391124685,0.7147843665983852,157
hours_sd,-0.0033693099185186956,0.9828922446898336,157
prop_educ_<HS,,,157
prop_educ_BAplus,0.4852759327145775,0.0009725860339977526,157
prop_educ_HS,,,157
prop_educ_SomeCollege,,,157
prop_female,0.09880857957410959,0.5284433046438415,157
prop_married,0.12291166937577107,0.43232470883195745,157
age_mean,-0.23207190983388645,0.1342674389452829,158
age_sd,-0.3788627034739503,0.012233475154896369,158
age_sq_mean,-0.259237789107675,0.0932147648828032,158
age_sq_sd,-0.3760613605425881,0.012943658542709869,158
english_mean,-0.46997468139316884,0.001473415278306232,158
entry_recency_mean,0.10318708397861585,0.5102390917768415,158
entry_recency_sd,0.3175101380518685,0.03801196975452513,158
hours_mean,0.15663150044204072,0.31583958301647574,158
hours_sd,0.08091351619882856,0.6059957326597922,158
prop_educ_<HS,,,158
prop_educ_BAplus,,,158
prop_educ_HS,,,158
prop_educ_SomeCollege,,,158
prop_female,0.0536054542525017,0.7328009807643061,158
prop_married,0.13854683397902098,0.3756040886419521,158
age_mean,-0.321091498677004,0.035777903218317204,159
age_sd,-0.2366756217145421,0.12649873628913677,159
age_sq_mean,-0.32707571522930956,0.03228610327970064,159
age_sq_sd,-0.25272655959153595,0.10203440950729868,159
english_mean,-0.48751424413763994,0.0009137640080330554,159
entry_recency_mean,0.12220094404468444,0.4350114131622118,159
entry_recency_sd,0.19455660051124388,0.21123150797284154,159
hours_mean,0.2384402376382514,0.12361205575405501,159
hours_sd,0.24019464734612775,0.12079143040951676,159
prop_educ_<HS,,,159
prop_educ_BAplus,0.5032892096863426,0.0005815361957426725,159
prop_educ_HS,,,159
prop_educ_SomeCollege,,,159
prop_female,-0.02926312569935484,0.852227969979536,159
prop_married,0.13791671487436363,0.3778005306135973,159
age_mean,-0.3462322040132728,0.022945159828248702,160
age_sd,-0.4072546926431611,0.006719003371417674,160
age_sq_mean,-0.3584204712721184,0.018271364091331368,160
age_sq_sd,-0.4460949338266416,0.0027153684993083647,160
english_mean,-0.39850545064454257,0.008125547653472093,160
entry_recency_mean,-0.004925184416271517,0.9749943505300704,160
entry_recency_sd,0.27941937222799856,0.06958273800781167,160
hours_mean,0.11798822999249763,0.45112561067139684,160
hours_sd,0.09479496669630126,0.5454054558745985,160
prop_educ_<HS,,,160
prop_educ_BAplus,0.5329107767157264,0.00023410925900641053,160
prop_educ_HS,,,160
prop_educ_SomeCollege,,,160
prop_female,0.013356146553840032,0.9322573896675478,160
prop_married,0.04071162059433413,0.795477295347167,160
age_mean,-0.2967067197680428,0.05335209328573607,161
age_sd,-0.37780273587829966,0.012498183101121925,161
age_sq_mean,-0.3173845829262189,0.038092317248033525,161
age_sq_sd,-0.4303468438341193,0.0039706053304043405,161
english_mean,-0.45521447989217295,0.0021610463179047275,161
entry_recency_mean,0.10514964952682151,0.5021832726956271,161
entry_recency_sd,0.3069857767333494,0.04524585041295496,161
hours_mean,-0.019359763359344195,0.901932062397477,161
hours_sd,-0.010907054289475438,0.9446578716616867,161
prop_educ_<HS,,,161
prop_educ_BAplus,0.5057269730834612,0.0005412508167168685,161
prop_educ_HS,,,161
prop_educ_SomeCollege,,,161
prop_female,-0.05003148709243426,0.750021889811503,161
prop_married,-0.005622652831837353,0.9714545991229356,161
age_mean,-0.2890035046963114,0.060161439721789695,162
age_sd,-0.33653971161904656,0.02734070939710981,162
age_sq_mean,-0.2964235580000155,0.05359091528713961,162
age_sq_sd,-0.3129175766302631,0.04104265711159527,162
english_mean,-0.4132018970577916,0.005887867402188613,162
entry_recency_mean,0.021717732660422515,0.8900567460380859,162
entry_recency_sd,0.35090226853781714,0.021048226538092144,162
hours_mean,0.15406502421564708,0.32393310527078106,162
hours_sd,0.05304024076984875,0.7355160613984171,162
prop_educ_<HS,,,162
prop_educ_BAplus,0.5280956387234347,0.00027298726919624075,162
prop_educ_HS,,,162
prop_educ_SomeCollege,,,162
prop_female,0.08652477424404434,0.5811551198555894,162
prop_married,0.17327981695186817,0.2664732805426915,162
age_mean,-0.39357240844309554,0.009025242067616538,163
age_sd,-0.3375239672435792,0.026864644545699555,163
age_sq_mean,-0.4225485108089761,0.004761699285234009,163
age_sq_sd,-0.3476693713733772,0.02234674527686696,163
english_mean,-0.5088932470292449,0.000492668038288497,163
entry_recency_mean,0.003675362247203347,0.9813385178562426,163
entry_recency_sd,0.18921850347444968,0.2242742019450698,163
hours_mean,0.16408574738319928,0.29306422388939735,163
hours_sd,0.09006278984444917,0.5657324947003178,163
prop_educ_<HS,,,163
prop_educ_BAplus,0.5537653613676187,0.00011708976144291412,163
prop_educ_HS,,,163
prop_educ_SomeCollege,,,163
prop_female,0.13422867600794375,0.39080825823190674,163
prop_married,0.07963951195365146,0.6116987176631908,163
age_mean,-0.3757205823243677,0.01303239945878657,164
age_sd,-0.41361449821706436,0.005833669106881655,164
age_sq_mean,-0.3989263758201926,0.008052489310618255,164
age_sq_sd,-0.44579208594217,0.0027357466180979173,164
english_mean,-0.4777073579413487,0.0011972869481976262,164
entry_recency_mean,-0.10216469055636028,0.514461375578878,164
entry_recency_sd,0.36642191799261176,0.015661762635951173,164
hours_mean,-0.048344407424295285,0.7581934185572489,164
hours_sd,-0.08439055032756536,0.5905490531414466,164
prop_educ_<HS,,,164
prop_educ_BAplus,0.5611798282136423,9.050225031134561e-05,164
prop_educ_HS,,,164
prop_educ_SomeCollege,,,164
prop_female,0.16480578138567067,0.290921982588085,164
prop_married,0.061812144929496445,0.6937564848609398,164
age_mean,-0.3513206900212461,0.02088488616368478,165
age_sd,-0.27983144525174264,0.06915501483394654,165
age_sq_mean,-0.3648559888171395,0.016146021410296977,165
age_sq_sd,-0.30110650913587134,0.049750003622188094,165
english_mean,-0.47255966982573805,0.0013754001404821348,165
entry_recency_mean,0.04224452529630819,0.7879504102621421,165
entry_recency_sd,0.2663848865431807,0.08422465042693698,165
hours_mean,0.05755848469391645,0.7139036254483033,165
hours_sd,0.0010600076148148704,0.9946174270020331,165
prop_educ_<HS,,,165
prop_educ_BAplus,0.48898885972479633,0.0008767662520004193,165
prop_educ_HS,,,165
prop_educ_SomeCollege,,,165
prop_female,0.15386364249508505,0.3245736283617004,165
prop_married,0.13514727135404142,0.38754412858631354,165
age_mean,-0.3185683737027615,0.037340262792586947,166
age_sd,-0.35607340016746364,0.019103011094293312,166
age_sq_mean,-0.34365663690412873,0.024051112992536847,166
age_sq_sd,-0.35349919314945516,0.020051541168642315,166
english_mean,-0.49170185628888785,0.0008121735832310948,166
entry_recency_mean,0.048424430978071746,0.7578052208770985,166
entry_recency_sd,0.2428162748634008,0.11666729364465825,166
hours_mean,0.1656693622356942,0.28836607047111434,166
hours_sd,0.06640190558518866,0.6722491939157403,166
prop_educ_<HS,,,166
prop_educ_BAplus,0.5054182469837014,0.0005462103515165357,166
prop_educ_HS,,,166
prop_educ_SomeCollege,,,166
prop_female,0.07578204720527862,0.6291039731142523,166
prop_married,0.06414810108703842,0.6827793884750403,166
age_mean,-0.327616577933156,0.03198487163826258,167
age_sd,-0.29271353134816347,0.05680010501248364,167
age_sq_mean,-0.3272394936592764,0.03219464144007016,167
age_sq_sd,-0.31382612028367785,0.0404279568650003,167
english_mean,-0.48444804810543396,0.0009951829596911166,167
entry_recency_mean,-0.007925076512981627,0.9597736797995773,167
entry_recency_sd,0.3499292972417644,0.021432194713847365,167
hours_mean,0.06333347581927484,0.6866002733543518,167
hours_sd,-0.004278857293856522,0.9782749774446815,167
prop_educ_<HS,,,167
prop_educ_BAplus,0.508117562128567,0.0005041934328884682,167
prop_educ_HS,,,167
prop_educ_SomeCollege,,,167
prop_female,-0.07658373857865718,0.6254698752961697,167
prop_married,0.06666248984714199,0.671035632185482,167
age_mean,-0.3537686169975528,0.019950446947416975,168
age_sd,-0.35925330295441527,0.017983695089850024,168
age_sq_mean,-0.37424427323575865,0.013422847525546351,168
age_sq_sd,-0.37288145775563647,0.013792068599317052,168
english_mean,-0.480005020831445,0.0011246349450524642,168
entry_recency_mean,-0.011862366274592617,0.9398191462016342,168
entry_recency_sd,0.3282864342262536,0.03161501609676456,168
hours_mean,0.04134930139063557,0.7923438793769572,168
hours_sd,0.009200046536383302,0.9533087767642223,168
prop_educ_<HS,,,168
prop_educ_BAplus,0.5330396157196484,0.00023314143664475727,168
prop_educ_HS,,,168
prop_educ_SomeCollege,,,168
prop_female,0.05740720655935873,0.7146237885267915,168
prop_married,0.11355019060268501,0.4684476245165744,168
age_mean,-0.3987065435170887,0.008090573811820219,169
age_sd,-0.3614489501168342,0.0172435425842211,169
age_sq_mean,-0.3974121363978347,0.0083179837584077,169
age_sq_sd,-0.4047561975962706,0.007097359219084321,169
english_mean,-0.49870958522173875,0.0006645461487346968,169
entry_recency_mean,-0.02103709255270432,0.89348229582095,169
entry_recency_sd,0.3174205356421301,0.038069295546944,169
hours_mean,0.016594082879437883,0.9158875013261387,169
hours_sd,-0.0014386360808381529,0.9926948486059746,169
prop_educ_<HS,,,169
prop_educ_BAplus,0.5206553394718932,0.00034458874247201334,169
prop_educ_HS,,,169
prop_educ_SomeCollege,,,169
prop_female,0.08893391961898728,0.5706327658742615,169
prop_married,0.03850995455379373,0.8063199173384125,169
age_mean,-0.3013375782700018,0.049566395020377026,170
age_sd,-0.343858898762981,0.02396268109820971,170
age_sq_mean,-0.3231130354444614,0.03456522287598425,170
age_sq_sd,-0.36303890151031,0.016723771257306348,170
english_mean,-0.47773836536776415,0.0011962793601558407,170
entry_recency_mean,-0.05589246838891613,0.7218481360233607,170
entry_recency_sd,0.3138758262296461,0.04039454495057742,170
hours_mean,0.0007577206794263874,0.9961523847765477,170
hours_sd,-0.00318122416776367,0.9838471254377106,170
prop_educ_<HS,,,170
prop_educ_BAplus,0.543225993061183,0.000167130277297899,170
prop_educ_HS,,,170
prop_educ_SomeCollege,,,170
prop_female,0.003908670303276607,0.9801541352092991,170
prop_married,0.06351245414643338,0.6857601354880019,170
age_mean,-0.31665137316132397,0.03856430713797492,171
age_sd,-0.35607340016746364,0.019103011094293312,171
age_sq_mean,-0.3229115568178253,0.03468454860508939,171
age_sq_sd,-0.3910523308239314,0.009517011357562515,171
english_mean,-0.4375524177460673,0.003344308888471781,171
entry_recency_mean,-0.040045537907684566,0.7987536658584646,171
entry_recency_sd,0.38330632500002004,0.011175163340533983,171
hours_mean,0.16179408535668746,0.29995004855840834,171
hours_sd,0.19127010329962324,0.21919745662152493,171
prop_educ_<HS,,,171
prop_educ_BAplus,0.5172114612256039,0.0003831262303264142,171
prop_educ_HS,,,171
prop_educ_SomeCollege,,,171
prop_female,0.048097105496784795,0.759393461472094,171
prop_married,0.21344418830891218,0.16934832641386524,171
age_mean,-0.3170778549435414,0.03828918895947242,172
age_sd,-0.3428995171929498,0.02438455904475701,172
age_sq_mean,-0.35213637766933303,0.020569520193607707,172
age_sq_sd,-0.3839354055388492,0.01103185870386544,172
english_mean,-0.41781809899787425,0.0053057017071395695,172
entry_recency_mean,-0.10445574550844994,0.5050241428619591,172
entry_recency_sd,0.3204614588804579,0.03616291405224051,172
hours_mean,0.07955465518252816,0.6120793840635385,172
hours_sd,0.005792184466666971,0.9705942811927503,172
prop_educ_<HS,,,172
prop_educ_BAplus,0.49140991729003614,0.0008189140626405196,172
prop_educ_HS,,,172
prop_educ_SomeCollege,,,172
prop_female,-0.023447286488419265,0.8813612127543048,172
prop_married,0.12840141954562134,0.4118864818623151,172
age_mean,-0.30004266996229495,0.05060243126631779,173
age_sd,-0.2780627118148294,0.07100571482970816,173
age_sq_mean,-0.32094304556875997,0.03586831693238299,173
age_sq_sd,-0.30133364504922505,0.049569515791499215,173
english_mean,-0.44104262993446436,0.0030733901413563785,173
entry_recency_mean,-0.11838731024879039,0.44958527281046845,173
entry_recency_sd,0.23223813937434637,0.13398088864083127,173
hours_mean,0.05435002017903706,0.7292292689339543,173
hours_sd,0.0017036479904662337,0.9913492096476922,173
prop_educ_<HS,,,173
prop_educ_BAplus,0.5209995059320482,0.00034093610986072443,173
prop_educ_HS,,,173
prop_educ_SomeCollege,,,173
prop_female,0.1834842391525513,0.2388909019599417,173
prop_married,0.21028653921837898,0.1758965239277548,173
age_mean,-0.35602457116321024,0.01912064555094875,174
age_sd,-0.24674531387322218,0.11068701611564626,174
age_sq_mean,-0.36758161977738374,0.015311106588365424,174
age_sq_sd,-0.30080366125139973,0.04999147898925733,174
english_mean,-0.5064492586964302,0.0005298050177810301,174
entry_recency_mean,-0.044223035990835366,0.7782637136863221,174
entry_recency_sd,0.20495230581614376,0.18736792293289148,174
hours_mean,-0.08943201938355735,0.5684681839558577,174
hours_sd,-0.10965577596327872,0.4839350071779718,174
prop_educ_<HS,,,174
prop_educ_BAplus,0.5357877412788696,0.00021333958906687338,174
prop_educ_HS,,,174
prop_educ_SomeCollege,,,174
prop_female,-0.011568471323061361,0.9413075259663393,174
prop_married,0.11497957383453744,0.4628302672744217,174
age_mean,-0.35293985988739945,0.02026279100364926,175
age_sd,-0.3473665234889056,0.022471748141570765,175
age_sq_mean,-0.37477425703358386,0.013281549970652166,175
age_sq_sd,-0.38794814000809774,0.010154229306889289,175
english_mean,-0.5190187777660217,0.00036244415662540895,175
entry_recency_mean,0.06919298120553277,0.6592942695087401,175
entry_recency_sd,0.37987564302973753,0.01198499465325546,175
hours_mean,0.01549714597016669,0.9214297277626826,175
hours_sd,0.06969813223218525,0.6569599283652645,175
prop_educ_<HS,,,175
prop_educ_BAplus,0.5000384258937792,0.0006394312428357169,175
prop_educ_HS,,,175
prop_educ_SomeCollege,,,175
prop_female,-0.024188503057472333,0.8776388110337423,175
prop_married,0.07666865561140042,0.6250854539302998,175
age_mean,-0.2833298276630014,0.06560696878272301,176
age_sd,-0.305724939374063,0.0461827970205473,176
age_sq_mean,-0.29883515000233446,0.051584220061341196,176
age_sq_sd,-0.3063306351430061,0.045730751488744475,176
english_mean,-0.45877282146860787,0.001973481743264111,176
entry_recency_mean,-0.07768431558903362,0.6204951709745389,176
entry_recency_sd,0.2734647577460765,0.07599992616130484,176
hours_mean,0.19942472902423755,0.1998059817389348,176
hours_sd,0.15558810064727574,0.31911444355201,176
prop_educ_<HS,,,176
prop_educ_BAplus,0.531146306243472,0.0002477337897127129,176
prop_educ_HS,,,176
prop_educ_SomeCollege,,,176
prop_female,0.015763588844054936,0.9200831887601477,176
prop_married,0.08673184944284815,0.5802472593210102,176
age_mean,-0.3564923382163999,0.018952274487446533,177
age_sd,-0.32185158922217477,0.03531790556365306,177
age_sq_mean,-0.36705163597955853,0.015470522021126776,177
age_sq_sd,-0.3419152615684171,0.024823796727984744,177
english_mean,-0.4488226826582542,0.0025377554895554904,177
entry_recency_mean,0.0076937746858836125,0.9609468111496811,177
entry_recency_sd,0.2327561743419201,0.1330908090645274,177
hours_mean,0.2116751440469085,0.17299485522231034,177
hours_sd,0.12487733049961781,0.4249424431910771,177
prop_educ_<HS,,,177
prop_educ_BAplus,0.5210488605006192,0.0003404151781827699,177
prop_educ_HS,,,177
prop_educ_SomeCollege,,,177
prop_female,0.07945949586184316,0.6125063875541976,177
prop_married,0.06864281067040372,0.6618402885759181,177
age_mean,-0.33990953828662257,0.025739314401575304,178
age_sd,-0.39370224981305785,0.00900050770473694,178
age_sq_mean,-0.3671273479506764,0.015447662659842458,178
age_sq_sd,-0.4077089644698685,0.00665211999268363,178
english_mean,-0.41664155607924563,0.0054491129242953155,178
entry_recency_mean,-0.1457276212455093,0.35111337172164725,178
entry_recency_sd,0.32342810627895635,0.03437929904321695,178
hours_mean,0.1282054482968923,0.41260643751004983,178
hours_sd,0.10320710641226699,0.5101565776631944,178
prop_educ_<HS,,,178
prop_educ_BAplus,0.4657248678203933,0.0016480642882496376,178
prop_educ_HS,,,178
prop_educ_SomeCollege,,,178
prop_female,0.19948946917977184,0.19965702512665132,178
prop_married,0.19187260486144692,0.21772176202686022,178
age_mean,-0.250123859620712,0.10573352379111685,179
age_sd,-0.33070988984296856,0.03030629859556222,179
age_sq_mean,-0.24712387372881167,0.1101233679890273,179
age_sq_sd,-0.32775712296937065,0.031906976340504205,179
english_mean,-0.3878272647331934,0.010179764408435625,179
entry_recency_mean,-0.11951514935501115,0.44524769349944554,179
entry_recency_sd,0.007874044996261157,0.9600324975735712,179
hours_mean,0.1400540762903841,0.37038110439413496,179
hours_sd,0.10143533453283186,0.517484123288794,179
prop_educ_<HS,,,179
prop_educ_BAplus,0.48694595417063136,0.0009283898446721215,179
prop_educ_HS,,,179
prop_educ_SomeCollege,,,179
prop_female,0.011808591554698527,0.9400914639187343,179
prop_married,0.21601790320847838,0.1641427321135323,179
age_mean,-0.3590397221037225,0.0180571016075098,180
age_sd,-0.33131558561191177,0.029986305309527013,180
age_sq_mean,-0.34850220305567403,0.02200598478480762,180
age_sq_sd,-0.35327205723610144,0.020137101987760607,180
english_mean,-0.4188579382098947,0.005181696511188872,180
entry_recency_mean,0.0874788524397764,0.5769775742441267,180
entry_recency_sd,0.2093436001409817,0.17788673437307673,180
hours_mean,0.11100588738270843,0.47853578322179385,180
hours_sd,0.0686992933371821,0.6615787301687622,180
prop_educ_<HS,,,180
prop_educ_BAplus,0.5675604417396888,7.215175558676908e-05,180
prop_educ_HS,,,180
prop_educ_SomeCollege,,,180
prop_female,0.06651284631529392,0.6717324333264381,180
prop_married,0.006758161970974932,0.9656929168924461,180
age_mean,-0.29103192479497303,0.05830452582037115,181
age_sd,-0.32440018754816513,0.033810849699111856,181
age_sq_mean,-0.30398356403835136,0.047502638179264006,181
age_sq_sd,-0.3276814109982527,0.0319489192613654,181
english_mean,-0.47027865284873643,0.0014615769419040346,181
entry_recency_mean,-0.09300318022528886,0.5530608666617473,181
entry_recency_sd,0.292232418631308,0.05722731285701534,181
hours_mean,0.1496724741012414,0.3380841100775258,181
hours_sd,0.04577998644488969,0.7706641339246991,181
prop_educ_<HS,,,181
prop_educ_BAplus,0.540542545716563,0.00018263652813334526,181
prop_educ_HS,,,181
prop_educ_SomeCollege,,,181
prop_female,0.09622980087306991,0.5393118658798707,181
prop_married,0.03430969580681237,0.8271031956823681,181
age_mean,-0.34001028005282763,0.025692669406789274,182
age_sd,-0.3753042408314092,0.01314152008904134,182
age_sq_mean,-0.3643260050193142,0.01631276039656551,182
age_sq_sd,-0.4102074595167591,0.006294464842987383,182
english_mean,-0.4931122332539204,0.0007803025969260834,182
entry_recency_mean,-0.11091725520103922,0.4788892569792552,182
entry_recency_sd,0.21760442035556699,0.16099223510987296,182
hours_mean,0.04318354764020681,0.7833489654116619,182
hours_sd,-0.11211697259228877,0.4741163351157412,182
prop_educ_<HS,,,182
prop_educ_BAplus,0.543206707238889,0.00016723733081102702,182
prop_educ_HS,,,182
prop_educ_SomeCollege,,,182
prop_female,0.15232384491347015,0.32949738655450544,182
prop_married,0.13383966383975035,0.3921954028558519,182
age_mean,-0.3028328950164312,0.04839139701587382,183
age_sd,-0.33949247849264447,0.02593317032566634,183
age_sq_mean,-0.30905626610325043,0.04374075015839091,183
age_sq_sd,-0.34517087632648663,0.02339563189470588,183
english_mean,-0.39829331807590135,0.0081625826122597,183
entry_recency_mean,-0.07303400896402817,0.6416262902332006,183
entry_recency_sd,0.20455905940773242,0.18823416711240692,183
hours_mean,0.10338587916024448,0.5094201383156822,183
hours_sd,0.07079069299523251,0.6519221568850547,183
prop_educ_<HS,,,183
prop_educ_BAplus,0.5003988304983692,0.0006327677659536992,183
prop_educ_HS,,,183
prop_educ_SomeCollege,,,183
prop_female,0.08065447884288303,0.607153437575787,183
prop_married,0.15238967116072674,0.32928594793139115,183
age_mean,-0.2215917954305165,0.1532687182294732,184
age_sd,-0.30792058653648197,0.04456118660097693,184
age_sq_mean,-0.22842301686269142,0.1406729857067535,184
age_sq_sd,-0.2999708295691029,0.05066041715091709,184
english_mean,-0.44050387142507663,0.003113909256732721,184
entry_recency_mean,-0.01625372318575445,0.9176067450700788,184
entry_recency_sd,0.2671900419800794,0.08325576884313203,184
hours_mean,0.0901036223037834,0.5655556119103955,184
hours_sd,-0.018247273940741698,0.9075423393315842,184
prop_educ_<HS,,,184
prop_educ_BAplus,0.5385229097468087,0.0001951527966648956,184
prop_educ_HS,,,184
prop_educ_SomeCollege,,,184
prop_female,0.024997499646760225,0.8735789910600869,184
prop_married,0.19408671379203277,0.2123579161803419,184
age_mean,-0.290864591221058,0.05845595485556969,185
age_sd,-0.28202709241416163,0.06691091836970395,185
age_sq_mean,-0.30072794928028185,0.05005199540488263,185
age_sq_sd,-0.33146700955414754,0.02990674533477861,185
english_mean,-0.43712279401389725,0.003379062812874713,185
entry_recency_mean,0.020609223200598593,0.8956366757347796,185
entry_recency_sd,0.1341490818401729,0.3910918423970803,185
hours_mean,0.018179110714234545,0.9078862332780325,185
hours_sd,-0.037180192889958615,0.812886186674811,185
prop_educ_<HS,,,185
prop_educ_BAplus,0.5311414277281178,0.00024777243139273674,185
prop_educ_HS,,,185
prop_educ_SomeCollege,,,185
prop_female,-0.04259442852882754,0.7862349545702333,185
prop_married,0.07909893123656,0.6141254794420459,185
age_mean,-0.3701738756467672,0.014551283414058066,186
age_sd,-0.37144293030439646,0.014191132518557413,186
age_sq_mean,-0.3843896773655566,0.010929355340263684,186
age_sq_sd,-0.37462283309134803,0.013321790950481582,186
english_mean,-0.4598737889199282,0.0019184381191008652,186
entry_recency_mean,-0.12839770200905093,0.41190013260145203,186
entry_recency_sd,0.4164472865584126,0.005473113955418178,186
hours_mean,-0.01633135097155318,0.9172145943551953,186
hours_sd,-0.011281935581309726,0.9427588263771076,186
prop_educ_<HS,,,186
prop_educ_BAplus,0.525942158366651,0.00029218743047484914,186
prop_educ_HS,,,186
prop_educ_SomeCollege,,,186
prop_female,0.07402273772353213,0.6371092816144658,186
prop_married,0.08711068389607118,0.5785880291656482,186
age_mean,-0.31037852471304656,0.04280104254132343,187
age_sd,-0.29376244793743544,0.055877566776810224,187
age_sq_mean,-0.31723315898398313,0.03818940407409539,187
age_sq_sd,-0.3414609897417098,0.02502873554558213,187
english_mean,-0.48837321499126995,0.0008920469201806534,187
entry_recency_mean,-0.12896893642029872,0.4098056004944002,187
entry_recency_sd,0.3279711675868663,0.03178864566361305,187
hours_mean,0.11331712760821622,0.46936697545196426,187
hours_sd,0.11836015518836597,0.4496899925940051,187
prop_educ_<HS,,,187
prop_educ_BAplus,0.5266857971994077,0.00028542387460344867,187
prop_educ_HS,,,187
prop_educ_SomeCollege,,,187
prop_female,-0.010425207412231961,0.9470992185262147,187
prop_married,0.21070099467083456,0.17502683204891303,187
age_mean,-0.3603676944262995,0.017604753989609142,188
age_sd,-0.37659134434041336,0.012806669805129657,188
age_sq_mean,-0.384843949192264,0.010827667791478295,188
age_sq_sd,-0.42050428758879294,0.004990516004693503,188
english_mean,-0.44224265833297527,0.002984797426439151,188
entry_recency_mean,-0.013682550594088181,0.9306058402651709,188
entry_recency_sd,0.17829076203545327,0.2526760941991354,188
hours_mean,0.06303521030116467,0.6880011826267467,188
hours_sd,0.05520236378162899,0.7251474824029138,188
prop_educ_<HS,,,188
prop_educ_BAplus,0.5121221929059627,0.0004471895285368158,188
prop_educ_HS,,,188
prop_educ_SomeCollege,,,188
prop_female,0.2081080711195987,0.18051885785988458,188
prop_married,0.07014451092621908,0.6548998568005132,188
age_mean,-0.37736271087409384,0.012609496939713093,189
age_sd,-0.33775110315693285,0.02675576753030439,189
age_sq_mean,-0.3985478159646031,0.008118168714768623,189
age_sq_sd,-0.37772702390718177,0.01251727620242201,189
english_mean,-0.43885614205765633,0.003240756049367879,189
entry_recency_mean,-0.06053605135179795,0.6997794988642252,189
entry_recency_sd,0.3754840170987579,0.013094306766938004,189
hours_mean,0.10735684254417108,0.49320136447275287,189
hours_sd,0.08631490577778231,0.5820758790375856,189
prop_educ_<HS,,,189
prop_educ_BAplus,0.5544917484970106,0.00011420277845436366,189
prop_educ_HS,,,189
prop_educ_SomeCollege,,,189
prop_female,0.2131602784648933,0.16992977917857371,189
prop_married,0.07403806106192587,0.637039378437382,189
age_mean,-0.3480773627016316,0.02217926423035773,190
age_sd,-0.293308176110728,0.05627561977377206,190
age_sq_mean,-0.37590993660035227,0.012983026616197924,190
age_sq_sd,-0.335479744023396,0.027861209827340024,190
english_mean,-0.4968347521005444,0.0007014813952289663,190
entry_recency_mean,0.028791208542248287,0.8545852499121447,190
entry_recency_sd,0.11350938725468017,0.468608509917773,190
hours_mean,0.125402729486266,0.4229813278510795,190
hours_sd,0.09013850467407881,0.5654045246722316,190
prop_educ_<HS,,,190
prop_educ_BAplus,0.5521672624675966,0.0001236757668187472,190
prop_educ_HS,,,190
prop_educ_SomeCollege,,,190
prop_female,0.020928842470140898,0.894027278704621,190
prop_married,0.024091086217602854,0.8781278930791444,190
age_mean,-0.3371963318512947,0.027022344238869372,191
age_sd,-0.33252697714979806,0.029354703105498793,191
age_sq_mean,-0.34600370800878355,0.023041525467867887,191
age_sq_sd,-0.37151864227551434,0.01416988734547966,191
english_mean,-0.48631043736564694,0.0009449928014156007,191
entry_recency_mean,-0.013879415164989611,0.9296098773804597,191
entry_recency_sd,0.24191801464620522,0.11806819593276413,191
hours_mean,0.13951940278620664,0.3722288939971449,191
hours_sd,0.049555355992595196,0.7523253842835887,191
prop_educ_<HS,,,191
prop_educ_BAplus,0.5104993652142227,0.00046955224162439354,191
prop_educ_HS,,,191
prop_educ_SomeCollege,,,191
prop_female,0.25436333078673984,0.09975944364881784,191
prop_married,0.0763497058740467,0.6265298541733976,191
age_mean,-0.2889175323196926,0.060241173623823654,192
age_sd,-0.2533322553604791,0.10118795805358026,192
age_sq_mean,-0.3070877548541851,0.045170748310928696,192
age_sq_sd,-0.27044316083312353,0.07942937119405753,192
english_mean,-0.46675786711694595,0.001604006216945398,192
entry_recency_mean,0.05896404798778048,0.7072242122169499,192
entry_recency_sd,0.26102687514816186,0.09089769890342148,192
hours_mean,0.07697270006704547,0.6237098432985103,192
hours_sd,0.051147298558219596,0.7446320927186012,192
prop_educ_<HS,,,192
prop_educ_BAplus,0.5178770526631409,0.0003753891930004687,192
prop_educ_HS,,,192
prop_educ_SomeCollege,,,192
prop_female,0.07367696634234766,0.6386874736697432,192
prop_married,0.22085683311572035,0.15467153891559215,192
age_mean,-0.30969426505651126,0.04328526199144971,193
age_sd,-0.2643862031436919,0.08666773890553246,193
age_sq_mean,-0.30701204288306716,0.04522649694385167,193
age_sq_sd,-0.3014850689914608,0.049449484590136664,193
english_mean,-0.4888150580227297,0.0008810562751327278,193
entry_recency_mean,-0.09549632620120654,0.5424227494085193,193
entry_recency_sd,0.2096165058296406,0.17730907498847379,193
hours_mean,0.12810150684899743,0.412988586998553,193
hours_sd,0.08257325718457606,0.5986006151517712,193
prop_educ_<HS,,,193
prop_educ_BAplus,0.5185936054944092,0.00036721711720417825,193
prop_educ_HS,,,193
prop_educ_SomeCollege,,,193
prop_female,0.05589541472979377,0.7218340603812244,193
prop_married,0.20777109867955904,0.18124153987265437,193
age_mean,-0.25815084391371695,0.0946446016455662,194
age_sd,-0.3425209573373603,0.024552722996642885,194
age_sq_mean,-0.2712002805443025,0.07855889402462536,194
age_sq_sd,-0.350697850218093,0.02112841467971785,194
english_mean,-0.462253499416929,0.001804075822245773,194
entry_recency_mean,-0.07247324261534027,0.6441938526489409,194
entry_recency_sd,0.2629513932332604,0.08845528532863045,194
hours_mean,0.13926379500992725,0.3731141945833091,194
hours_sd,0.14839546339107562,0.34226874682798236,194
prop_educ_<HS,,,194
prop_educ_BAplus,0.5356216429061581,0.00021449181856254663,194
prop_educ_HS,,,194
prop_educ_SomeCollege,,,194
prop_female,-0.027088885683473042,0.8630987939100229,194
prop_married,0.15387384527974504,0.3245411578814676,194
age_mean,-0.3368052925391451,0.027211568146317783,195
age_sd,-0.34509516435536874,0.02342804764305804,195
age_sq_mean,-0.3439594847886003,0.02391880455433799,195
age_sq_sd,-0.35864760718547206,0.018192526954922555,195
english_mean,-0.48085266567206464,0.0010988396888125152,195
entry_recency_mean,-0.018870099266434993,0.904400870459225,195
entry_recency_sd,0.3198041035172141,0.03656823485884145,195
hours_mean,0.07037096689383335,0.6538557104862297,195
hours_sd,0.0502386862966376,0.7490201407095226,195
prop_educ_<HS,,,195
prop_educ_BAplus,0.5325508185098828,0.00023683247600445867,195
prop_educ_HS,,,195
prop_educ_SomeCollege,,,195
prop_female,-0.05554021300498371,0.7235316284999855,195
prop_married,0.06638263696372648,0.6723389621306546,195
age_mean,-0.310512877954023,0.04270648665530079,196
age_sd,-0.26757620791112513,0.08279417221702386,196
age_sq_mean,-0.31655175124392204,0.038628804479934165,196
age_sq_sd,-0.264310491172574,0.08676135669886764,196
english_mean,-0.4295039737279308,0.004050171441943795,196
entry_recency_mean,-0.003866130138450183,0.9803700862506131,196
entry_recency_sd,0.23901190857690446,0.12268757663216422,196
hours_mean,0.11955928178859947,0.44507843207275805,196
hours_sd,0.11016923671681644,0.4818778881440836,196
prop_educ_<HS,,,196
prop_educ_BAplus,0.499962156151337,0.0006408494112451823,196
prop_educ_HS,,,196
prop_educ_SomeCollege,,,196
prop_female,0.09720052774441572,0.5352080033547217,196
prop_married,0.04167662104800506,0.7907367562947439,196
age_mean,-0.3824789293017942,0.011366065013776927,197
age_sd,-0.3606161184345374,0.017521203873525716,197
age_sq_mean,-0.38915953154598404,0.009901337982836265,197
age_sq_sd,-0.378332719676125,0.01236522518985241,197
english_mean,-0.38221827348847526,0.01142677937907709,197
entry_recency_mean,-0.032562577705443706,0.8357834244366772,197
entry_recency_sd,0.3094581927571332,0.04345334986784083,197
hours_mean,-0.014355550294432296,0.9272014909883823,197
hours_sd,-0.05221326103798997,0.7394943033250114,197
prop_educ_<HS,,,197
prop_educ_BAplus,0.4712316855512876,0.0014250055548180234,197
prop_educ_HS,,,197
prop_educ_SomeCollege,,,197
prop_female,0.037380370751696555,0.8118969005341912,197
prop_married,0.07115976923832242,0.6502237913675117,197
age_mean,-0.31605756578488814,0.038950056550398876,198
age_sd,-0.35448344877398785,0.01968429867252555,198
age_sq_mean,-0.32851424268054963,0.03149004105356985,198
age_sq_sd,-0.362357493770249,0.016944885676852026,198
english_mean,-0.4672788039888592,0.0015821862642823252,198
entry_recency_mean,0.030597177532506646,0.8455711657361323,198
entry_recency_sd,0.33708242151112877,0.027077352236529694,198
hours_mean,-0.03406340886841041,0.8283256202632264,198
hours_sd,-0.05224717786094221,0.7393310112847366,198
prop_educ_<HS,,,198
prop_educ_BAplus,0.5264419436220162,0.00028762605739312663,198
prop_educ_HS,,,198
prop_educ_SomeCollege,,,198
prop_female,0.016300817542024334,0.9173688371545373,198
prop_married,0.11152978115232227,0.47644925013839684,198
age_mean,-0.354055911263116,0.019843119515198286,199
age_sd,-0.4594959527145092,0.0019371734085247097,199
age_sq_mean,-0.3539534649761626,0.01988133560888338,199
age_sq_sd,-0.4688085251620103,0.0015196246535691394,199
english_mean,-0.49510592005546317,0.0007371560620542973,199
entry_recency_mean,-0.12318491921079813,0.4312942298456888,199
entry_recency_sd,0.3298641097984954,0.030757850874300073,199
hours_mean,0.1613688227922268,0.3012391791404683,199
hours_sd,0.15172330603758902,0.3314302694149524,199
prop_educ_<HS,,,199
prop_educ_BAplus,0.5396545173247521,0.00018804757833625158,199
prop_educ_HS,,,199
prop_educ_SomeCollege,,,199
prop_female,0.08532842803409138,0.5864126325432777,199
prop_married,0.17057956296397764,0.27411129417405156,199
