tau_B,experiment,o,method,coverage,width,n_infinite
5.0,0,0,Donor-HCP-no-within,0.71,16.312582096310962,0
5.0,0,0,Donor-HCP-within,0.71,16.312582096310962,0
5.0,0,0,HCP,0.71,16.312582096310962,0
5.0,0,0,Pooling,0.62,14.122150486783298,0
5.0,0,0,Repeated,0.67,15.391892709848314,0
5.0,0,0,S-HCP-within,0.96,35.023852569701766,0
5.0,0,0,Std-CP,1.0,,100
5.0,0,0,Subsampling,0.62,14.240204971513753,0
5.0,0,5,Donor-HCP-no-within,0.69,15.51440757305122,0
5.0,0,5,Donor-HCP-within,0.73,13.172152759024113,0
5.0,0,5,HCP,0.71,16.312582096310962,0
5.0,0,5,Pooling,0.62,14.122150486783298,0
5.0,0,5,Repeated,0.67,15.391892709848314,0
5.0,0,5,S-HCP-within,0.96,34.47793705543313,0
5.0,0,5,Std-CP,0.72,6.660540261276814,0
5.0,0,5,Subsampling,0.62,14.240204971513753,0
5.0,0,10,Donor-HCP-no-within,0.69,15.07258970700641,0
5.0,0,10,Donor-HCP-within,0.68,11.279659327248552,0
5.0,0,10,HCP,0.71,16.312582096310962,0
5.0,0,10,Pooling,0.62,14.122150486783298,0
5.0,0,10,Repeated,0.67,15.391892709848314,0
5.0,0,10,S-HCP-within,0.96,34.09896532245488,0
5.0,0,10,Std-CP,0.93,140.20721140667288,0
5.0,0,10,Subsampling,0.62,14.240204971513753,0
5.0,0,15,Donor-HCP-no-within,0.68,14.532098652789452,0
5.0,0,15,Donor-HCP-within,0.7,9.451734200428179,0
5.0,0,15,HCP,0.71,16.312582096310962,0
5.0,0,15,Pooling,0.62,14.122150486783298,0
5.0,0,15,Repeated,0.67,15.391892709848314,0
5.0,0,15,S-HCP-within,0.96,34.07004573591102,0
5.0,0,15,Std-CP,0.92,5.5550233419502355,0
5.0,0,15,Subsampling,0.62,14.240204971513753,0
5.0,0,20,Donor-HCP-no-within,0.66,14.028427048561372,0
5.0,0,20,Donor-HCP-within,0.62,7.4954567768215545,0
5.0,0,20,HCP,0.71,16.312582096310962,0
5.0,0,20,Pooling,0.62,14.122150486783298,0
5.0,0,20,Repeated,0.67,15.391892709848314,0
5.0,0,20,S-HCP-within,0.96,33.93882187109017,0
5.0,0,20,Std-CP,0.85,3.1096257212287695,0
5.0,0,20,Subsampling,0.62,14.240204971513753,0
5.0,0,25,Donor-HCP-no-within,0.82,12.37526815238191,0
5.0,0,25,Donor-HCP-within,0.87,3.5203090011367504,0
5.0,0,25,HCP,0.71,16.312582096310962,0
5.0,0,25,Pooling,0.62,14.122150486783298,0
5.0,0,25,Repeated,0.67,15.391892709848314,0
5.0,0,25,S-HCP-within,0.85,12.904887720062675,0
5.0,0,25,Std-CP,0.9,3.289184221986952,0
5.0,0,25,Subsampling,0.62,14.240204971513753,0
5.0,0,30,Donor-HCP-no-within,0.82,12.299842043778547,0
5.0,0,30,Donor-HCP-within,0.83,2.9067267508963783,0
5.0,0,30,HCP,0.71,16.312582096310962,0
5.0,0,30,Pooling,0.62,14.122150486783298,0
5.0,0,30,Repeated,0.67,15.391892709848314,0
5.0,0,30,S-HCP-within,0.81,12.366821918324305,0
5.0,0,30,Std-CP,0.85,2.7701063872520337,0
5.0,0,30,Subsampling,0.62,14.240204971513753,0
5.0,0,35,Donor-HCP-no-within,0.82,12.31836866091017,0
5.0,0,35,Donor-HCP-within,0.87,2.9961253215249455,0
5.0,0,35,HCP,0.71,16.312582096310962,0
5.0,0,35,Pooling,0.62,14.122150486783298,0
5.0,0,35,Repeated,0.67,15.391892709848314,0
5.0,0,35,S-HCP-within,0.86,12.732916894986534,0
5.0,0,35,Std-CP,0.88,2.776305927363816,0
5.0,0,35,Subsampling,0.62,14.240204971513753,0
5.0,1,0,Donor-HCP-no-within,0.9,23.850672825467942,0
5.0,1,0,Donor-HCP-within,0.9,23.850672825467942,0
5.0,1,0,HCP,0.9,23.850672825467942,0
5.0,1,0,Pooling,0.86,21.066048139744936,0
5.0,1,0,Repeated,0.86,21.880079820871497,0
5.0,1,0,S-HCP-within,0.88,36.733248610158974,0
5.0,1,0,Std-CP,1.0,,100
5.0,1,0,Subsampling,0.86,21.011389847920565,0
5.0,1,5,Donor-HCP-no-within,0.94,30.702385834746515,0
5.0,1,5,Donor-HCP-within,0.95,27.61362857540555,0
5.0,1,5,HCP,0.9,23.850672825467942,0
5.0,1,5,Pooling,0.86,21.066048139744936,0
5.0,1,5,Repeated,0.86,21.880079820871497,0
5.0,1,5,S-HCP-within,0.88,35.45510401919549,0
5.0,1,5,Std-CP,0.82,6.256411790764575,0
5.0,1,5,Subsampling,0.86,21.011389847920565,0
5.0,1,10,Donor-HCP-no-within,0.96,31.725223587651012,0
5.0,1,10,Donor-HCP-within,0.89,23.259729373387486,0
5.0,1,10,HCP,0.9,23.850672825467942,0
5.0,1,10,Pooling,0.86,21.066048139744936,0
5.0,1,10,Repeated,0.86,21.880079820871497,0
5.0,1,10,S-HCP-within,0.88,34.11573713519645,0
5.0,1,10,Std-CP,0.85,20.615974319851574,0
5.0,1,10,Subsampling,0.86,21.011389847920565,0
5.0,1,15,Donor-HCP-no-within,0.93,32.50892748607512,0
5.0,1,15,Donor-HCP-within,0.95,19.622450506219863,0
5.0,1,15,HCP,0.9,23.850672825467942,0
5.0,1,15,Pooling,0.86,21.066048139744936,0
5.0,1,15,Repeated,0.86,21.880079820871497,0
5.0,1,15,S-HCP-within,0.89,34.694449514104456,0
5.0,1,15,Std-CP,0.88,5.461969663765992,0
5.0,1,15,Subsampling,0.86,21.011389847920565,0
5.0,1,20,Donor-HCP-no-within,0.92,30.118611168913684,0
5.0,1,20,Donor-HCP-within,0.96,16.69142759980125,0
5.0,1,20,HCP,0.9,23.850672825467942,0
5.0,1,20,Pooling,0.86,21.066048139744936,0
5.0,1,20,Repeated,0.86,21.880079820871497,0
5.0,1,20,S-HCP-within,0.88,34.06397314709043,0
5.0,1,20,Std-CP,0.82,2.9488101909598816,0
5.0,1,20,Subsampling,0.86,21.011389847920565,0
5.0,1,25,Donor-HCP-no-within,0.81,9.907975294848972,0
5.0,1,25,Donor-HCP-within,0.87,3.1015726368050425,0
5.0,1,25,HCP,0.9,23.850672825467942,0
5.0,1,25,Pooling,0.86,21.066048139744936,0
5.0,1,25,Repeated,0.86,21.880079820871497,0
5.0,1,25,S-HCP-within,0.88,10.62621567706893,0
5.0,1,25,Std-CP,0.89,3.129646643844518,0
5.0,1,25,Subsampling,0.86,21.011389847920565,0
5.0,1,30,Donor-HCP-no-within,0.82,9.916942745609411,0
5.0,1,30,Donor-HCP-within,0.86,2.652110243009628,0
5.0,1,30,HCP,0.9,23.850672825467942,0
5.0,1,30,Pooling,0.86,21.066048139744936,0
5.0,1,30,Repeated,0.86,21.880079820871497,0
5.0,1,30,S-HCP-within,0.84,9.98694507345105,0
5.0,1,30,Std-CP,0.82,2.4640555541239726,0
5.0,1,30,Subsampling,0.86,21.011389847920565,0
5.0,1,35,Donor-HCP-no-within,0.84,9.870579873324134,0
5.0,1,35,Donor-HCP-within,0.88,2.724113533434629,0
5.0,1,35,HCP,0.9,23.850672825467942,0
5.0,1,35,Pooling,0.86,21.066048139744936,0
5.0,1,35,Repeated,0.86,21.880079820871497,0
5.0,1,35,S-HCP-within,0.87,10.345184955049245,0
5.0,1,35,Std-CP,0.87,2.8044483799026225,0
5.0,1,35,Subsampling,0.86,21.011389847920565,0
5.0,2,0,Donor-HCP-no-within,0.85,16.30160709785735,0
5.0,2,0,Donor-HCP-within,0.85,16.30160709785735,0
5.0,2,0,HCP,0.85,16.30160709785735,0
5.0,2,0,Pooling,0.77,13.477547439143848,0
5.0,2,0,Repeated,0.79,15.152600777130628,0
5.0,2,0,S-HCP-within,0.89,23.891877352433376,0
5.0,2,0,Std-CP,1.0,,100
5.0,2,0,Subsampling,0.85,16.30160709785735,0
5.0,2,5,Donor-HCP-no-within,0.8,23.90514297348797,0
5.0,2,5,Donor-HCP-within,0.79,20.445853137666308,0
5.0,2,5,HCP,0.85,16.30160709785735,0
5.0,2,5,Pooling,0.77,13.477547439143848,0
5.0,2,5,Repeated,0.79,15.152600777130628,0
5.0,2,5,S-HCP-within,0.9,22.779730803834422,0
5.0,2,5,Std-CP,0.73,4.973175589204215,0
5.0,2,5,Subsampling,0.85,16.30160709785735,0
5.0,2,10,Donor-HCP-no-within,0.8,22.812481428523746,0
5.0,2,10,Donor-HCP-within,0.71,16.604972908589566,0
5.0,2,10,HCP,0.85,16.30160709785735,0
5.0,2,10,Pooling,0.77,13.477547439143848,0
5.0,2,10,Repeated,0.79,15.152600777130628,0
5.0,2,10,S-HCP-within,0.89,21.821137446078893,0
5.0,2,10,Std-CP,0.81,28.469375296773382,0
5.0,2,10,Subsampling,0.85,16.30160709785735,0
5.0,2,15,Donor-HCP-no-within,0.8,22.623213028046806,0
5.0,2,15,Donor-HCP-within,0.83,14.556152364188767,0
5.0,2,15,HCP,0.85,16.30160709785735,0
5.0,2,15,Pooling,0.77,13.477547439143848,0
5.0,2,15,Repeated,0.79,15.152600777130628,0
5.0,2,15,S-HCP-within,0.89,22.023638328812336,0
5.0,2,15,Std-CP,0.93,5.311474521523893,0
5.0,2,15,Subsampling,0.85,16.30160709785735,0
5.0,2,20,Donor-HCP-no-within,0.77,21.95775784072191,0
5.0,2,20,Donor-HCP-within,0.82,11.739120812508151,0
5.0,2,20,HCP,0.85,16.30160709785735,0
5.0,2,20,Pooling,0.77,13.477547439143848,0
5.0,2,20,Repeated,0.79,15.152600777130628,0
5.0,2,20,S-HCP-within,0.88,21.719091627682182,0
5.0,2,20,Std-CP,0.82,3.1504421153374484,0
5.0,2,20,Subsampling,0.85,16.30160709785735,0
5.0,2,25,Donor-HCP-no-within,0.82,9.22126415137945,0
5.0,2,25,Donor-HCP-within,0.89,3.1213412434651002,0
5.0,2,25,HCP,0.85,16.30160709785735,0
5.0,2,25,Pooling,0.77,13.477547439143848,0
5.0,2,25,Repeated,0.79,15.152600777130628,0
5.0,2,25,S-HCP-within,0.87,9.678024993396413,0
5.0,2,25,Std-CP,0.82,2.9846674028447024,0
5.0,2,25,Subsampling,0.85,16.30160709785735,0
5.0,2,30,Donor-HCP-no-within,0.83,9.211110510392011,0
5.0,2,30,Donor-HCP-within,0.87,2.588271322267513,0
5.0,2,30,HCP,0.85,16.30160709785735,0
5.0,2,30,Pooling,0.77,13.477547439143848,0
5.0,2,30,Repeated,0.79,15.152600777130628,0
5.0,2,30,S-HCP-within,0.83,9.35015271509178,0
5.0,2,30,Std-CP,0.84,2.388677200610625,0
5.0,2,30,Subsampling,0.85,16.30160709785735,0
5.0,2,35,Donor-HCP-no-within,0.82,9.218267914784644,0
5.0,2,35,Donor-HCP-within,0.84,2.6701700382567113,0
5.0,2,35,HCP,0.85,16.30160709785735,0
5.0,2,35,Pooling,0.77,13.477547439143848,0
5.0,2,35,Repeated,0.79,15.152600777130628,0
5.0,2,35,S-HCP-within,0.85,9.508071728256986,0
5.0,2,35,Std-CP,0.85,2.5285220903452426,0
5.0,2,35,Subsampling,0.85,16.30160709785735,0
5.0,3,0,Donor-HCP-no-within,0.9,20.029663611646622,0
5.0,3,0,Donor-HCP-within,0.9,20.029663611646622,0
5.0,3,0,HCP,0.9,20.029663611646622,0
5.0,3,0,Pooling,0.87,18.31757785052009,0
5.0,3,0,Repeated,0.9,19.457614092185732,0
5.0,3,0,S-HCP-within,0.81,30.217062204888883,0
5.0,3,0,Std-CP,1.0,,100
5.0,3,0,Subsampling,0.9,19.29131649236627,0
5.0,3,5,Donor-HCP-no-within,0.87,18.30348285288805,0
5.0,3,5,Donor-HCP-within,0.85,15.794452095662587,0
5.0,3,5,HCP,0.9,20.029663611646622,0
5.0,3,5,Pooling,0.87,18.31757785052009,0
5.0,3,5,Repeated,0.9,19.457614092185732,0
5.0,3,5,S-HCP-within,0.82,29.475449266679426,0
5.0,3,5,Std-CP,0.75,6.178097491733671,0
5.0,3,5,Subsampling,0.9,19.29131649236627,0
5.0,3,10,Donor-HCP-no-within,0.89,18.10878378848479,0
5.0,3,10,Donor-HCP-within,0.94,27.00427606909291,0
5.0,3,10,HCP,0.9,20.029663611646622,0
5.0,3,10,Pooling,0.87,18.31757785052009,0
5.0,3,10,Repeated,0.9,19.457614092185732,0
5.0,3,10,S-HCP-within,0.79,28.587109886719656,0
5.0,3,10,Std-CP,0.83,366.10534890308327,0
5.0,3,10,Subsampling,0.9,19.29131649236627,0
5.0,3,15,Donor-HCP-no-within,0.84,17.321163954643083,0
5.0,3,15,Donor-HCP-within,0.86,11.292914407774695,0
5.0,3,15,HCP,0.9,20.029663611646622,0
5.0,3,15,Pooling,0.87,18.31757785052009,0
5.0,3,15,Repeated,0.9,19.457614092185732,0
5.0,3,15,S-HCP-within,0.81,28.681961685355546,0
5.0,3,15,Std-CP,0.83,4.823272796400816,0
5.0,3,15,Subsampling,0.9,19.29131649236627,0
5.0,3,20,Donor-HCP-no-within,0.76,15.6313775424815,0
5.0,3,20,Donor-HCP-within,0.88,9.09741998513769,0
5.0,3,20,HCP,0.9,20.029663611646622,0
5.0,3,20,Pooling,0.87,18.31757785052009,0
5.0,3,20,Repeated,0.9,19.457614092185732,0
5.0,3,20,S-HCP-within,0.82,28.3229533737683,0
5.0,3,20,Std-CP,0.75,2.860250897396725,0
5.0,3,20,Subsampling,0.9,19.29131649236627,0
5.0,3,25,Donor-HCP-no-within,0.75,11.349090215246251,0
5.0,3,25,Donor-HCP-within,0.88,3.2478884994247164,0
5.0,3,25,HCP,0.9,20.029663611646622,0
5.0,3,25,Pooling,0.87,18.31757785052009,0
5.0,3,25,Repeated,0.9,19.457614092185732,0
5.0,3,25,S-HCP-within,0.86,12.116260718991619,0
5.0,3,25,Std-CP,0.79,2.8096150499425296,0
5.0,3,25,Subsampling,0.9,19.29131649236627,0
5.0,3,30,Donor-HCP-no-within,0.74,11.344877529934804,0
5.0,3,30,Donor-HCP-within,0.81,2.51571420331271,0
5.0,3,30,HCP,0.9,20.029663611646622,0
5.0,3,30,Pooling,0.87,18.31757785052009,0
5.0,3,30,Repeated,0.9,19.457614092185732,0
5.0,3,30,S-HCP-within,0.79,11.457117375434187,0
5.0,3,30,Std-CP,0.8,2.1784182109997565,0
5.0,3,30,Subsampling,0.9,19.29131649236627,0
5.0,3,35,Donor-HCP-no-within,0.78,11.355336975934012,0
5.0,3,35,Donor-HCP-within,0.84,2.642954863643917,0
5.0,3,35,HCP,0.9,20.029663611646622,0
5.0,3,35,Pooling,0.87,18.31757785052009,0
5.0,3,35,Repeated,0.9,19.457614092185732,0
5.0,3,35,S-HCP-within,0.83,11.738734840722422,0
5.0,3,35,Std-CP,0.76,2.327669095448983,0
5.0,3,35,Subsampling,0.9,19.29131649236627,0
5.0,4,0,Donor-HCP-no-within,0.69,17.61796155663236,0
5.0,4,0,Donor-HCP-within,0.69,17.61796155663236,0
5.0,4,0,HCP,0.69,17.61796155663236,0
5.0,4,0,Pooling,0.65,15.77470052464388,0
5.0,4,0,Repeated,0.67,16.86236187569532,0
5.0,4,0,S-HCP-within,0.52,11.284978502882788,0
5.0,4,0,Std-CP,1.0,,100
5.0,4,0,Subsampling,0.68,17.156646919069964,0
5.0,4,5,Donor-HCP-no-within,0.73,17.438766992392047,0
5.0,4,5,Donor-HCP-within,0.74,15.219543140052487,0
5.0,4,5,HCP,0.69,17.61796155663236,0
5.0,4,5,Pooling,0.65,15.77470052464388,0
5.0,4,5,Repeated,0.67,16.86236187569532,0
5.0,4,5,S-HCP-within,0.52,11.473409099694162,0
5.0,4,5,Std-CP,0.65,6.211990582350496,0
5.0,4,5,Subsampling,0.68,17.156646919069964,0
5.0,4,10,Donor-HCP-no-within,0.68,16.83577809381592,0
5.0,4,10,Donor-HCP-within,0.71,13.464953474805498,0
5.0,4,10,HCP,0.69,17.61796155663236,0
5.0,4,10,Pooling,0.65,15.77470052464388,0
5.0,4,10,Repeated,0.67,16.86236187569532,0
5.0,4,10,S-HCP-within,0.49,11.215161946240505,0
5.0,4,10,Std-CP,0.8,18.17366592850168,0
5.0,4,10,Subsampling,0.68,17.156646919069964,0
5.0,4,15,Donor-HCP-no-within,0.7,16.76431841571514,0
5.0,4,15,Donor-HCP-within,0.67,10.307321758613739,0
5.0,4,15,HCP,0.69,17.61796155663236,0
5.0,4,15,Pooling,0.65,15.77470052464388,0
5.0,4,15,Repeated,0.67,16.86236187569532,0
5.0,4,15,S-HCP-within,0.53,11.248180006484292,0
5.0,4,15,Std-CP,0.91,5.9560426597783716,0
5.0,4,15,Subsampling,0.68,17.156646919069964,0
5.0,4,20,Donor-HCP-no-within,0.65,15.934754518379577,0
5.0,4,20,Donor-HCP-within,0.63,8.187328601521207,0
5.0,4,20,HCP,0.69,17.61796155663236,0
5.0,4,20,Pooling,0.65,15.77470052464388,0
5.0,4,20,Repeated,0.67,16.86236187569532,0
5.0,4,20,S-HCP-within,0.52,11.153471402521202,0
5.0,4,20,Std-CP,0.79,2.919641559650803,0
5.0,4,20,Subsampling,0.68,17.156646919069964,0
5.0,4,25,Donor-HCP-no-within,0.78,13.103153063497166,0
5.0,4,25,Donor-HCP-within,0.88,3.3228422319180266,0
5.0,4,25,HCP,0.69,17.61796155663236,0
5.0,4,25,Pooling,0.65,15.77470052464388,0
5.0,4,25,Repeated,0.67,16.86236187569532,0
5.0,4,25,S-HCP-within,0.86,13.608888015090479,0
5.0,4,25,Std-CP,0.85,2.996138539835179,0
5.0,4,25,Subsampling,0.68,17.156646919069964,0
5.0,4,30,Donor-HCP-no-within,0.75,13.053805626917608,0
5.0,4,30,Donor-HCP-within,0.86,2.753590905554253,0
5.0,4,30,HCP,0.69,17.61796155663236,0
5.0,4,30,Pooling,0.65,15.77470052464388,0
5.0,4,30,Repeated,0.67,16.86236187569532,0
5.0,4,30,S-HCP-within,0.76,13.119821138999471,0
5.0,4,30,Std-CP,0.8,2.4503764984645624,0
5.0,4,30,Subsampling,0.68,17.156646919069964,0
5.0,4,35,Donor-HCP-no-within,0.77,13.063191334224157,0
5.0,4,35,Donor-HCP-within,0.87,2.7905347638312468,0
5.0,4,35,HCP,0.69,17.61796155663236,0
5.0,4,35,Pooling,0.65,15.77470052464388,0
5.0,4,35,Repeated,0.67,16.86236187569532,0
5.0,4,35,S-HCP-within,0.79,13.365021182719364,0
5.0,4,35,Std-CP,0.8,2.5782555115118497,0
5.0,4,35,Subsampling,0.68,17.156646919069964,0
5.0,5,0,Donor-HCP-no-within,0.84,28.023886413858193,0
5.0,5,0,Donor-HCP-within,0.84,28.023886413858193,0
5.0,5,0,HCP,0.84,28.023886413858193,0
5.0,5,0,Pooling,0.8,24.374949793415613,0
5.0,5,0,Repeated,0.83,27.36147629051579,0
5.0,5,0,S-HCP-within,0.84,20.71125123285719,0
5.0,5,0,Std-CP,1.0,,100
5.0,5,0,Subsampling,0.88,30.033243918052285,0
5.0,5,5,Donor-HCP-no-within,0.79,25.0187171245423,0
5.0,5,5,Donor-HCP-within,0.78,21.07470737130229,0
5.0,5,5,HCP,0.84,28.023886413858193,0
5.0,5,5,Pooling,0.8,24.374949793415613,0
5.0,5,5,Repeated,0.83,27.36147629051579,0
5.0,5,5,S-HCP-within,0.85,19.623991669000162,0
5.0,5,5,Std-CP,0.65,5.258565976939036,0
5.0,5,5,Subsampling,0.88,30.033243918052285,0
5.0,5,10,Donor-HCP-no-within,0.78,24.630378015923203,0
5.0,5,10,Donor-HCP-within,0.79,17.131085406988596,0
5.0,5,10,HCP,0.84,28.023886413858193,0
5.0,5,10,Pooling,0.8,24.374949793415613,0
5.0,5,10,Repeated,0.83,27.36147629051579,0
5.0,5,10,S-HCP-within,0.83,18.633506314277096,0
5.0,5,10,Std-CP,0.86,12.234396637359195,0
5.0,5,10,Subsampling,0.88,30.033243918052285,0
5.0,5,15,Donor-HCP-no-within,0.77,22.938024110545044,0
5.0,5,15,Donor-HCP-within,0.77,14.61618050502422,0
5.0,5,15,HCP,0.84,28.023886413858193,0
5.0,5,15,Pooling,0.8,24.374949793415613,0
5.0,5,15,Repeated,0.83,27.36147629051579,0
5.0,5,15,S-HCP-within,0.83,18.955100549777534,0
5.0,5,15,Std-CP,0.93,5.025318652157201,0
5.0,5,15,Subsampling,0.88,30.033243918052285,0
5.0,5,20,Donor-HCP-no-within,0.78,21.155590639371482,0
5.0,5,20,Donor-HCP-within,0.77,11.688485947327193,0
5.0,5,20,HCP,0.84,28.023886413858193,0
5.0,5,20,Pooling,0.8,24.374949793415613,0
5.0,5,20,Repeated,0.83,27.36147629051579,0
5.0,5,20,S-HCP-within,0.82,18.39728586360114,0
5.0,5,20,Std-CP,0.82,3.1083912159612423,0
5.0,5,20,Subsampling,0.88,30.033243918052285,0
5.0,5,25,Donor-HCP-no-within,0.79,11.283533070232716,0
5.0,5,25,Donor-HCP-within,0.85,3.2878707640771654,0
5.0,5,25,HCP,0.84,28.023886413858193,0
5.0,5,25,Pooling,0.8,24.374949793415613,0
5.0,5,25,Repeated,0.83,27.36147629051579,0
5.0,5,25,S-HCP-within,0.83,11.985066493266013,0
5.0,5,25,Std-CP,0.86,3.0361736386859697,0
5.0,5,25,Subsampling,0.88,30.033243918052285,0
5.0,5,30,Donor-HCP-no-within,0.8,11.312439592395402,0
5.0,5,30,Donor-HCP-within,0.81,2.6434797138932167,0
5.0,5,30,HCP,0.84,28.023886413858193,0
5.0,5,30,Pooling,0.8,24.374949793415613,0
5.0,5,30,Repeated,0.83,27.36147629051579,0
5.0,5,30,S-HCP-within,0.77,11.478027298961283,0
5.0,5,30,Std-CP,0.79,2.4193674089800705,0
5.0,5,30,Subsampling,0.88,30.033243918052285,0
5.0,5,35,Donor-HCP-no-within,0.78,11.264534880984066,0
5.0,5,35,Donor-HCP-within,0.84,2.6886098091785033,0
5.0,5,35,HCP,0.84,28.023886413858193,0
5.0,5,35,Pooling,0.8,24.374949793415613,0
5.0,5,35,Repeated,0.83,27.36147629051579,0
5.0,5,35,S-HCP-within,0.78,11.702097147230054,0
5.0,5,35,Std-CP,0.83,2.5411342588540857,0
5.0,5,35,Subsampling,0.88,30.033243918052285,0
5.0,6,0,Donor-HCP-no-within,0.81,23.40305354136336,0
5.0,6,0,Donor-HCP-within,0.81,23.40305354136336,0
5.0,6,0,HCP,0.81,23.40305354136336,0
5.0,6,0,Pooling,0.77,22.19334881422219,0
5.0,6,0,Repeated,0.81,23.515116087498395,0
5.0,6,0,S-HCP-within,0.56,14.172342066700319,0
5.0,6,0,Std-CP,1.0,,100
5.0,6,0,Subsampling,0.76,21.635326736877527,0
5.0,6,5,Donor-HCP-no-within,0.88,22.21628673381344,0
5.0,6,5,Donor-HCP-within,0.84,19.40027266486393,0
5.0,6,5,HCP,0.81,23.40305354136336,0
5.0,6,5,Pooling,0.77,22.19334881422219,0
5.0,6,5,Repeated,0.81,23.515116087498395,0
5.0,6,5,S-HCP-within,0.56,14.46274189955509,0
5.0,6,5,Std-CP,0.71,6.398929775430895,0
5.0,6,5,Subsampling,0.76,21.635326736877527,0
5.0,6,10,Donor-HCP-no-within,0.83,21.651507332468814,0
5.0,6,10,Donor-HCP-within,0.74,14.62110658822601,0
5.0,6,10,HCP,0.81,23.40305354136336,0
5.0,6,10,Pooling,0.77,22.19334881422219,0
5.0,6,10,Repeated,0.81,23.515116087498395,0
5.0,6,10,S-HCP-within,0.56,14.212368564226294,0
5.0,6,10,Std-CP,0.85,17.334839934558822,0
5.0,6,10,Subsampling,0.76,21.635326736877527,0
5.0,6,15,Donor-HCP-no-within,0.78,20.152664063949576,0
5.0,6,15,Donor-HCP-within,0.87,13.917190078664888,0
5.0,6,15,HCP,0.81,23.40305354136336,0
5.0,6,15,Pooling,0.77,22.19334881422219,0
5.0,6,15,Repeated,0.81,23.515116087498395,0
5.0,6,15,S-HCP-within,0.56,14.207375106515252,0
5.0,6,15,Std-CP,0.87,5.926486524467465,0
5.0,6,15,Subsampling,0.76,21.635326736877527,0
5.0,6,20,Donor-HCP-no-within,0.79,19.6331766912256,0
5.0,6,20,Donor-HCP-within,0.81,10.830856231072321,0
5.0,6,20,HCP,0.81,23.40305354136336,0
5.0,6,20,Pooling,0.77,22.19334881422219,0
5.0,6,20,Repeated,0.81,23.515116087498395,0
5.0,6,20,S-HCP-within,0.55,14.151855911546463,0
5.0,6,20,Std-CP,0.78,3.383192519000628,0
5.0,6,20,Subsampling,0.76,21.635326736877527,0
5.0,6,25,Donor-HCP-no-within,0.84,12.134574102352286,0
5.0,6,25,Donor-HCP-within,0.81,3.386730293375757,0
5.0,6,25,HCP,0.81,23.40305354136336,0
5.0,6,25,Pooling,0.77,22.19334881422219,0
5.0,6,25,Repeated,0.81,23.515116087498395,0
5.0,6,25,S-HCP-within,0.85,12.543655671510486,0
5.0,6,25,Std-CP,0.83,3.1199690576817702,0
5.0,6,25,Subsampling,0.76,21.635326736877527,0
5.0,6,30,Donor-HCP-no-within,0.83,12.08002044076265,0
5.0,6,30,Donor-HCP-within,0.78,2.7437055654128026,0
5.0,6,30,HCP,0.81,23.40305354136336,0
5.0,6,30,Pooling,0.77,22.19334881422219,0
5.0,6,30,Repeated,0.81,23.515116087498395,0
5.0,6,30,S-HCP-within,0.85,12.096403209030541,0
5.0,6,30,Std-CP,0.81,2.626229263004868,0
5.0,6,30,Subsampling,0.76,21.635326736877527,0
5.0,6,35,Donor-HCP-no-within,0.83,12.062162776934354,0
5.0,6,35,Donor-HCP-within,0.8,2.7286625101655044,0
5.0,6,35,HCP,0.81,23.40305354136336,0
5.0,6,35,Pooling,0.77,22.19334881422219,0
5.0,6,35,Repeated,0.81,23.515116087498395,0
5.0,6,35,S-HCP-within,0.87,12.30605558906946,0
5.0,6,35,Std-CP,0.77,2.67227243327046,0
5.0,6,35,Subsampling,0.76,21.635326736877527,0
5.0,7,0,Donor-HCP-no-within,0.47,7.819950135015184,0
5.0,7,0,Donor-HCP-within,0.47,7.819950135015184,0
5.0,7,0,HCP,0.47,7.819950135015184,0
5.0,7,0,Pooling,0.37,6.711601231073594,0
5.0,7,0,Repeated,0.45,7.533911791813019,0
5.0,7,0,S-HCP-within,0.59,9.575089865924928,0
5.0,7,0,Std-CP,1.0,,100
5.0,7,0,Subsampling,0.38,6.86532016833533,0
5.0,7,5,Donor-HCP-no-within,0.62,10.945003560648924,0
5.0,7,5,Donor-HCP-within,0.6,9.515787821181469,0
5.0,7,5,HCP,0.47,7.819950135015184,0
5.0,7,5,Pooling,0.37,6.711601231073594,0
5.0,7,5,Repeated,0.45,7.533911791813019,0
5.0,7,5,S-HCP-within,0.54,9.49404450790247,0
5.0,7,5,Std-CP,0.78,5.915701618157033,0
5.0,7,5,Subsampling,0.38,6.86532016833533,0
5.0,7,10,Donor-HCP-no-within,0.6,10.812400261707701,0
5.0,7,10,Donor-HCP-within,0.7,10.01145664778722,0
5.0,7,10,HCP,0.47,7.819950135015184,0
5.0,7,10,Pooling,0.37,6.711601231073594,0
5.0,7,10,Repeated,0.45,7.533911791813019,0
5.0,7,10,S-HCP-within,0.53,9.304663885221299,0
5.0,7,10,Std-CP,0.83,9.80982567378945,0
5.0,7,10,Subsampling,0.38,6.86532016833533,0
5.0,7,15,Donor-HCP-no-within,0.59,10.414529048600782,0
5.0,7,15,Donor-HCP-within,0.69,7.549965783983439,0
5.0,7,15,HCP,0.47,7.819950135015184,0
5.0,7,15,Pooling,0.37,6.711601231073594,0
5.0,7,15,Repeated,0.45,7.533911791813019,0
5.0,7,15,S-HCP-within,0.55,9.425202039576028,0
5.0,7,15,Std-CP,0.92,5.733941243370684,0
5.0,7,15,Subsampling,0.38,6.86532016833533,0
5.0,7,20,Donor-HCP-no-within,0.53,9.958749870751708,0
5.0,7,20,Donor-HCP-within,0.63,5.85228864094079,0
5.0,7,20,HCP,0.47,7.819950135015184,0
5.0,7,20,Pooling,0.37,6.711601231073594,0
5.0,7,20,Repeated,0.45,7.533911791813019,0
5.0,7,20,S-HCP-within,0.53,9.342744842892273,0
5.0,7,20,Std-CP,0.85,3.0436839293549274,0
5.0,7,20,Subsampling,0.38,6.86532016833533,0
5.0,7,25,Donor-HCP-no-within,0.83,11.054491794792241,0
5.0,7,25,Donor-HCP-within,0.86,3.18461726624746,0
5.0,7,25,HCP,0.47,7.819950135015184,0
5.0,7,25,Pooling,0.37,6.711601231073594,0
5.0,7,25,Repeated,0.45,7.533911791813019,0
5.0,7,25,S-HCP-within,0.91,11.599346504314553,0
5.0,7,25,Std-CP,0.88,2.9375278478508426,0
5.0,7,25,Subsampling,0.38,6.86532016833533,0
5.0,7,30,Donor-HCP-no-within,0.83,11.073259294118708,0
5.0,7,30,Donor-HCP-within,0.81,2.5081748335244956,0
5.0,7,30,HCP,0.47,7.819950135015184,0
5.0,7,30,Pooling,0.37,6.711601231073594,0
5.0,7,30,Repeated,0.45,7.533911791813019,0
5.0,7,30,S-HCP-within,0.85,11.248658993733482,0
5.0,7,30,Std-CP,0.83,2.4238421711620823,0
5.0,7,30,Subsampling,0.38,6.86532016833533,0
5.0,7,35,Donor-HCP-no-within,0.85,11.022105990593438,0
5.0,7,35,Donor-HCP-within,0.88,2.540441746746482,0
5.0,7,35,HCP,0.47,7.819950135015184,0
5.0,7,35,Pooling,0.37,6.711601231073594,0
5.0,7,35,Repeated,0.45,7.533911791813019,0
5.0,7,35,S-HCP-within,0.9,11.412603427566541,0
5.0,7,35,Std-CP,0.81,2.4064969162211645,0
5.0,7,35,Subsampling,0.38,6.86532016833533,0
5.0,8,0,Donor-HCP-no-within,0.71,25.282910984428646,0
5.0,8,0,Donor-HCP-within,0.71,25.282910984428646,0
5.0,8,0,HCP,0.71,25.282910984428646,0
5.0,8,0,Pooling,0.6,20.53109886266731,0
5.0,8,0,Repeated,0.68,23.189214121478663,0
5.0,8,0,S-HCP-within,0.95,23.45802108355295,0
5.0,8,0,Std-CP,1.0,,100
5.0,8,0,Subsampling,0.62,21.60318012993296,0
5.0,8,5,Donor-HCP-no-within,0.72,23.651603068167095,0
5.0,8,5,Donor-HCP-within,0.71,20.7823211982953,0
5.0,8,5,HCP,0.71,25.282910984428646,0
5.0,8,5,Pooling,0.6,20.53109886266731,0
5.0,8,5,Repeated,0.68,23.189214121478663,0
5.0,8,5,S-HCP-within,0.93,21.891162732230413,0
5.0,8,5,Std-CP,0.81,6.568163271371385,0
5.0,8,5,Subsampling,0.62,21.60318012993296,0
5.0,8,10,Donor-HCP-no-within,0.72,22.64622303830324,0
5.0,8,10,Donor-HCP-within,0.65,15.257194561655483,0
5.0,8,10,HCP,0.71,25.282910984428646,0
5.0,8,10,Pooling,0.6,20.53109886266731,0
5.0,8,10,Repeated,0.68,23.189214121478663,0
5.0,8,10,S-HCP-within,0.92,20.49665637680659,0
5.0,8,10,Std-CP,0.88,17.45075798042659,0
5.0,8,10,Subsampling,0.62,21.60318012993296,0
5.0,8,15,Donor-HCP-no-within,0.69,22.26316646594025,0
5.0,8,15,Donor-HCP-within,0.76,14.503423421058255,0
5.0,8,15,HCP,0.71,25.282910984428646,0
5.0,8,15,Pooling,0.6,20.53109886266731,0
5.0,8,15,Repeated,0.68,23.189214121478663,0
5.0,8,15,S-HCP-within,0.93,20.908015226190958,0
5.0,8,15,Std-CP,0.94,5.797914787929304,0
5.0,8,15,Subsampling,0.62,21.60318012993296,0
5.0,8,20,Donor-HCP-no-within,0.64,21.627927433869466,0
5.0,8,20,Donor-HCP-within,0.71,11.402472804798027,0
5.0,8,20,HCP,0.71,25.282910984428646,0
5.0,8,20,Pooling,0.6,20.53109886266731,0
5.0,8,20,Repeated,0.68,23.189214121478663,0
5.0,8,20,S-HCP-within,0.93,20.313650614613206,0
5.0,8,20,Std-CP,0.82,2.8625372782738636,0
5.0,8,20,Subsampling,0.62,21.60318012993296,0
5.0,8,25,Donor-HCP-no-within,0.81,16.064683645554535,0
5.0,8,25,Donor-HCP-within,0.87,3.3127643716556014,0
5.0,8,25,HCP,0.71,25.282910984428646,0
5.0,8,25,Pooling,0.6,20.53109886266731,0
5.0,8,25,Repeated,0.68,23.189214121478663,0
5.0,8,25,S-HCP-within,0.85,16.7885382071965,0
5.0,8,25,Std-CP,0.84,2.902218644696573,0
5.0,8,25,Subsampling,0.62,21.60318012993296,0
5.0,8,30,Donor-HCP-no-within,0.83,16.041443959134348,0
5.0,8,30,Donor-HCP-within,0.86,2.8284553117138107,0
5.0,8,30,HCP,0.71,25.282910984428646,0
5.0,8,30,Pooling,0.6,20.53109886266731,0
5.0,8,30,Repeated,0.68,23.189214121478663,0
5.0,8,30,S-HCP-within,0.82,16.221393199734074,0
5.0,8,30,Std-CP,0.83,2.418822580849693,0
5.0,8,30,Subsampling,0.62,21.60318012993296,0
5.0,8,35,Donor-HCP-no-within,0.83,16.039353764326577,0
5.0,8,35,Donor-HCP-within,0.9,2.8864312667845335,0
5.0,8,35,HCP,0.71,25.282910984428646,0
5.0,8,35,Pooling,0.6,20.53109886266731,0
5.0,8,35,Repeated,0.68,23.189214121478663,0
5.0,8,35,S-HCP-within,0.85,16.513492368526965,0
5.0,8,35,Std-CP,0.88,2.596934911856973,0
5.0,8,35,Subsampling,0.62,21.60318012993296,0
5.0,9,0,Donor-HCP-no-within,0.92,20.191674390790496,0
5.0,9,0,Donor-HCP-within,0.92,20.191674390790496,0
5.0,9,0,HCP,0.92,20.191674390790496,0
5.0,9,0,Pooling,0.79,16.69457359665034,0
5.0,9,0,Repeated,0.92,18.726147473207774,0
5.0,9,0,S-HCP-within,0.73,13.393738125996475,0
5.0,9,0,Std-CP,1.0,,100
5.0,9,0,Subsampling,0.79,16.62561114257391,0
5.0,9,5,Donor-HCP-no-within,0.8,17.856157099388216,0
5.0,9,5,Donor-HCP-within,0.87,16.237391990233277,0
5.0,9,5,HCP,0.92,20.191674390790496,0
5.0,9,5,Pooling,0.79,16.69457359665034,0
5.0,9,5,Repeated,0.92,18.726147473207774,0
5.0,9,5,S-HCP-within,0.74,13.292711783736626,0
5.0,9,5,Std-CP,0.79,5.730315271952677,0
5.0,9,5,Subsampling,0.79,16.62561114257391,0
5.0,9,10,Donor-HCP-no-within,0.85,17.595497735864466,0
5.0,9,10,Donor-HCP-within,0.95,17.522520270651675,0
5.0,9,10,HCP,0.92,20.191674390790496,0
5.0,9,10,Pooling,0.79,16.69457359665034,0
5.0,9,10,Repeated,0.92,18.726147473207774,0
5.0,9,10,S-HCP-within,0.73,12.752261630410757,0
5.0,9,10,Std-CP,0.82,18.07946834769455,0
5.0,9,10,Subsampling,0.79,16.62561114257391,0
5.0,9,15,Donor-HCP-no-within,0.83,16.513690295787534,0
5.0,9,15,Donor-HCP-within,0.87,11.179075269797004,0
5.0,9,15,HCP,0.92,20.191674390790496,0
5.0,9,15,Pooling,0.79,16.69457359665034,0
5.0,9,15,Repeated,0.92,18.726147473207774,0
5.0,9,15,S-HCP-within,0.73,12.916055425645268,0
5.0,9,15,Std-CP,0.89,5.212671739266793,0
5.0,9,15,Subsampling,0.79,16.62561114257391,0
5.0,9,20,Donor-HCP-no-within,0.86,16.660449786447856,0
5.0,9,20,Donor-HCP-within,0.83,8.631204175734538,0
5.0,9,20,HCP,0.92,20.191674390790496,0
5.0,9,20,Pooling,0.79,16.69457359665034,0
5.0,9,20,Repeated,0.92,18.726147473207774,0
5.0,9,20,S-HCP-within,0.74,12.8459610465925,0
5.0,9,20,Std-CP,0.78,2.8194663563129603,0
5.0,9,20,Subsampling,0.79,16.62561114257391,0
5.0,9,25,Donor-HCP-no-within,0.81,10.635051589888615,0
5.0,9,25,Donor-HCP-within,0.91,3.0008770576246504,0
5.0,9,25,HCP,0.92,20.191674390790496,0
5.0,9,25,Pooling,0.79,16.69457359665034,0
5.0,9,25,Repeated,0.92,18.726147473207774,0
5.0,9,25,S-HCP-within,0.86,11.00556660933595,0
5.0,9,25,Std-CP,0.84,2.813098195155855,0
5.0,9,25,Subsampling,0.79,16.62561114257391,0
5.0,9,30,Donor-HCP-no-within,0.83,10.632680869371562,0
5.0,9,30,Donor-HCP-within,0.82,2.5129358896640657,0
5.0,9,30,HCP,0.92,20.191674390790496,0
5.0,9,30,Pooling,0.79,16.69457359665034,0
5.0,9,30,Repeated,0.92,18.726147473207774,0
5.0,9,30,S-HCP-within,0.82,10.721688597535776,0
5.0,9,30,Std-CP,0.78,2.3181868385248054,0
5.0,9,30,Subsampling,0.79,16.62561114257391,0
5.0,9,35,Donor-HCP-no-within,0.82,10.63392837274225,0
5.0,9,35,Donor-HCP-within,0.85,2.585380972071896,0
5.0,9,35,HCP,0.92,20.191674390790496,0
5.0,9,35,Pooling,0.79,16.69457359665034,0
5.0,9,35,Repeated,0.92,18.726147473207774,0
5.0,9,35,S-HCP-within,0.84,10.916994163395948,0
5.0,9,35,Std-CP,0.86,2.420351904419,0
5.0,9,35,Subsampling,0.79,16.62561114257391,0
5.0,10,0,Donor-HCP-no-within,0.94,41.23569254923174,0
5.0,10,0,Donor-HCP-within,0.94,41.23569254923174,0
5.0,10,0,HCP,0.94,41.23569254923174,0
5.0,10,0,Pooling,0.92,38.57163106155451,0
5.0,10,0,Repeated,0.92,39.62506898808727,0
5.0,10,0,S-HCP-within,0.92,28.633116305485864,0
5.0,10,0,Std-CP,1.0,,100
5.0,10,0,Subsampling,0.94,40.75235567357694,0
5.0,10,5,Donor-HCP-no-within,0.91,35.50284216501365,0
5.0,10,5,Donor-HCP-within,0.88,31.825152455718356,0
5.0,10,5,HCP,0.94,41.23569254923174,0
5.0,10,5,Pooling,0.92,38.57163106155451,0
5.0,10,5,Repeated,0.92,39.62506898808727,0
5.0,10,5,S-HCP-within,0.92,27.27936966486493,0
5.0,10,5,Std-CP,0.7,5.5477147938084235,0
5.0,10,5,Subsampling,0.94,40.75235567357694,0
5.0,10,10,Donor-HCP-no-within,0.9,35.28577220043206,0
5.0,10,10,Donor-HCP-within,0.91,27.47770968381164,0
5.0,10,10,HCP,0.94,41.23569254923174,0
5.0,10,10,Pooling,0.92,38.57163106155451,0
5.0,10,10,Repeated,0.92,39.62506898808727,0
5.0,10,10,S-HCP-within,0.92,26.76438536969561,0
5.0,10,10,Std-CP,0.87,36.0336119274978,0
5.0,10,10,Subsampling,0.94,40.75235567357694,0
5.0,10,15,Donor-HCP-no-within,0.92,33.57262360473574,0
5.0,10,15,Donor-HCP-within,0.92,22.215965234892998,0
5.0,10,15,HCP,0.94,41.23569254923174,0
5.0,10,15,Pooling,0.92,38.57163106155451,0
5.0,10,15,Repeated,0.92,39.62506898808727,0
5.0,10,15,S-HCP-within,0.91,26.89215569549158,0
5.0,10,15,Std-CP,0.91,4.958556966625007,0
5.0,10,15,Subsampling,0.94,40.75235567357694,0
5.0,10,20,Donor-HCP-no-within,0.91,34.38092030099931,0
5.0,10,20,Donor-HCP-within,0.94,19.36029226366554,0
5.0,10,20,HCP,0.94,41.23569254923174,0
5.0,10,20,Pooling,0.92,38.57163106155451,0
5.0,10,20,Repeated,0.92,39.62506898808727,0
5.0,10,20,S-HCP-within,0.91,26.592191807109874,0
5.0,10,20,Std-CP,0.74,3.017316590387612,0
5.0,10,20,Subsampling,0.94,40.75235567357694,0
5.0,10,25,Donor-HCP-no-within,0.8,9.951244280259411,0
5.0,10,25,Donor-HCP-within,0.88,2.9653083062387258,0
5.0,10,25,HCP,0.94,41.23569254923174,0
5.0,10,25,Pooling,0.92,38.57163106155451,0
5.0,10,25,Repeated,0.92,39.62506898808727,0
5.0,10,25,S-HCP-within,0.86,10.41603511769963,0
5.0,10,25,Std-CP,0.81,2.9699636104192035,0
5.0,10,25,Subsampling,0.94,40.75235567357694,0
5.0,10,30,Donor-HCP-no-within,0.79,9.873574953407505,0
5.0,10,30,Donor-HCP-within,0.81,2.4832586237116585,0
5.0,10,30,HCP,0.94,41.23569254923174,0
5.0,10,30,Pooling,0.92,38.57163106155451,0
5.0,10,30,Repeated,0.92,39.62506898808727,0
5.0,10,30,S-HCP-within,0.82,9.987824471454825,0
5.0,10,30,Std-CP,0.78,2.4619179325953477,0
5.0,10,30,Subsampling,0.94,40.75235567357694,0
5.0,10,35,Donor-HCP-no-within,0.77,9.872215929480053,0
5.0,10,35,Donor-HCP-within,0.84,2.6195466789379993,0
5.0,10,35,HCP,0.94,41.23569254923174,0
5.0,10,35,Pooling,0.92,38.57163106155451,0
5.0,10,35,Repeated,0.92,39.62506898808727,0
5.0,10,35,S-HCP-within,0.85,10.207503950780062,0
5.0,10,35,Std-CP,0.83,2.5471756134045394,0
5.0,10,35,Subsampling,0.94,40.75235567357694,0
5.0,11,0,Donor-HCP-no-within,0.87,49.1735728547479,0
5.0,11,0,Donor-HCP-within,0.87,49.1735728547479,0
5.0,11,0,HCP,0.87,49.1735728547479,0
5.0,11,0,Pooling,0.82,45.736894029543336,0
5.0,11,0,Repeated,0.85,48.23095401179185,0
5.0,11,0,S-HCP-within,0.94,36.011232926772365,0
5.0,11,0,Std-CP,1.0,,100
5.0,11,0,Subsampling,0.85,47.99609805749188,0
5.0,11,5,Donor-HCP-no-within,0.83,37.505749047524546,0
5.0,11,5,Donor-HCP-within,0.86,31.907587572154647,0
5.0,11,5,HCP,0.87,49.1735728547479,0
5.0,11,5,Pooling,0.82,45.736894029543336,0
5.0,11,5,Repeated,0.85,48.23095401179185,0
5.0,11,5,S-HCP-within,0.93,33.53614059554748,0
5.0,11,5,Std-CP,0.72,6.186571270081791,0
5.0,11,5,Subsampling,0.85,47.99609805749188,0
5.0,11,10,Donor-HCP-no-within,0.84,36.648003294337485,0
5.0,11,10,Donor-HCP-within,0.79,25.18394377320341,0
5.0,11,10,HCP,0.87,49.1735728547479,0
5.0,11,10,Pooling,0.82,45.736894029543336,0
5.0,11,10,Repeated,0.85,48.23095401179185,0
5.0,11,10,S-HCP-within,0.92,32.030891925435384,0
5.0,11,10,Std-CP,0.87,31.391492555382815,0
5.0,11,10,Subsampling,0.85,47.99609805749188,0
5.0,11,15,Donor-HCP-no-within,0.84,36.48322735835684,0
5.0,11,15,Donor-HCP-within,0.81,22.135662879673376,0
5.0,11,15,HCP,0.87,49.1735728547479,0
5.0,11,15,Pooling,0.82,45.736894029543336,0
5.0,11,15,Repeated,0.85,48.23095401179185,0
5.0,11,15,S-HCP-within,0.91,32.3342515766716,0
5.0,11,15,Std-CP,0.9,4.89079089191564,0
5.0,11,15,Subsampling,0.85,47.99609805749188,0
5.0,11,20,Donor-HCP-no-within,0.81,35.85519674526799,0
5.0,11,20,Donor-HCP-within,0.86,18.55955197055559,0
5.0,11,20,HCP,0.87,49.1735728547479,0
5.0,11,20,Pooling,0.82,45.736894029543336,0
5.0,11,20,Repeated,0.85,48.23095401179185,0
5.0,11,20,S-HCP-within,0.91,31.77851712296261,0
5.0,11,20,Std-CP,0.84,2.8584729045909376,0
5.0,11,20,Subsampling,0.85,47.99609805749188,0
5.0,11,25,Donor-HCP-no-within,0.83,11.82828136511693,0
5.0,11,25,Donor-HCP-within,0.85,3.1227560341774474,0
5.0,11,25,HCP,0.87,49.1735728547479,0
5.0,11,25,Pooling,0.82,45.736894029543336,0
5.0,11,25,Repeated,0.85,48.23095401179185,0
5.0,11,25,S-HCP-within,0.87,12.509313162239442,0
5.0,11,25,Std-CP,0.8,2.8227293164407765,0
5.0,11,25,Subsampling,0.85,47.99609805749188,0
5.0,11,30,Donor-HCP-no-within,0.83,11.86319708604241,0
5.0,11,30,Donor-HCP-within,0.78,2.6343926059407163,0
5.0,11,30,HCP,0.87,49.1735728547479,0
5.0,11,30,Pooling,0.82,45.736894029543336,0
5.0,11,30,Repeated,0.85,48.23095401179185,0
5.0,11,30,S-HCP-within,0.85,12.010724652471723,0
5.0,11,30,Std-CP,0.83,2.4290696888153436,0
5.0,11,30,Subsampling,0.85,47.99609805749188,0
5.0,11,35,Donor-HCP-no-within,0.82,11.801310308686084,0
5.0,11,35,Donor-HCP-within,0.82,2.6038301931596255,0
5.0,11,35,HCP,0.87,49.1735728547479,0
5.0,11,35,Pooling,0.82,45.736894029543336,0
5.0,11,35,Repeated,0.85,48.23095401179185,0
5.0,11,35,S-HCP-within,0.87,12.252626607220535,0
5.0,11,35,Std-CP,0.84,2.5445081440448694,0
5.0,11,35,Subsampling,0.85,47.99609805749188,0
5.0,12,0,Donor-HCP-no-within,0.93,23.937418219823,0
5.0,12,0,Donor-HCP-within,0.93,23.937418219823,0
5.0,12,0,HCP,0.93,23.937418219823,0
5.0,12,0,Pooling,0.84,18.817671814158636,0
5.0,12,0,Repeated,0.87,21.22266933182452,0
5.0,12,0,S-HCP-within,0.73,21.724151070516886,0
5.0,12,0,Std-CP,1.0,,100
5.0,12,0,Subsampling,0.92,23.034315451464785,0
5.0,12,5,Donor-HCP-no-within,0.88,21.540281332749633,0
5.0,12,5,Donor-HCP-within,0.87,19.103534802180263,0
5.0,12,5,HCP,0.93,23.937418219823,0
5.0,12,5,Pooling,0.84,18.817671814158636,0
5.0,12,5,Repeated,0.87,21.22266933182452,0
5.0,12,5,S-HCP-within,0.76,21.303773408949787,0
5.0,12,5,Std-CP,0.69,5.988007434343778,0
5.0,12,5,Subsampling,0.92,23.034315451464785,0
5.0,12,10,Donor-HCP-no-within,0.86,21.0704623464827,0
5.0,12,10,Donor-HCP-within,0.93,17.217195244731514,0
5.0,12,10,HCP,0.93,23.937418219823,0
5.0,12,10,Pooling,0.84,18.817671814158636,0
5.0,12,10,Repeated,0.87,21.22266933182452,0
5.0,12,10,S-HCP-within,0.67,17.22155058344971,0
5.0,12,10,Std-CP,0.89,22.76802971881189,0
5.0,12,10,Subsampling,0.92,23.034315451464785,0
5.0,12,15,Donor-HCP-no-within,0.86,19.66360194668518,0
5.0,12,15,Donor-HCP-within,0.86,12.990762610391128,0
5.0,12,15,HCP,0.93,23.937418219823,0
5.0,12,15,Pooling,0.84,18.817671814158636,0
5.0,12,15,Repeated,0.87,21.22266933182452,0
5.0,12,15,S-HCP-within,0.69,17.45722424605821,0
5.0,12,15,Std-CP,0.88,5.344725997361667,0
5.0,12,15,Subsampling,0.92,23.034315451464785,0
5.0,12,20,Donor-HCP-no-within,0.9,18.604041585020994,0
5.0,12,20,Donor-HCP-within,0.85,10.176580285905342,0
5.0,12,20,HCP,0.93,23.937418219823,0
5.0,12,20,Pooling,0.84,18.817671814158636,0
5.0,12,20,Repeated,0.87,21.22266933182452,0
5.0,12,20,S-HCP-within,0.68,17.178372959191186,0
5.0,12,20,Std-CP,0.8,3.0137056683512005,0
5.0,12,20,Subsampling,0.92,23.034315451464785,0
5.0,12,25,Donor-HCP-no-within,0.78,11.560755722918179,0
5.0,12,25,Donor-HCP-within,0.81,3.1944706704403334,0
5.0,12,25,HCP,0.93,23.937418219823,0
5.0,12,25,Pooling,0.84,18.817671814158636,0
5.0,12,25,Repeated,0.87,21.22266933182452,0
5.0,12,25,S-HCP-within,0.84,11.98248259225127,0
5.0,12,25,Std-CP,0.9,3.1122340553350245,0
5.0,12,25,Subsampling,0.92,23.034315451464785,0
5.0,12,30,Donor-HCP-no-within,0.79,11.56006599985063,0
5.0,12,30,Donor-HCP-within,0.8,2.7124966003881594,0
5.0,12,30,HCP,0.93,23.937418219823,0
5.0,12,30,Pooling,0.84,18.817671814158636,0
5.0,12,30,Repeated,0.87,21.22266933182452,0
5.0,12,30,S-HCP-within,0.77,11.672559773048926,0
5.0,12,30,Std-CP,0.84,2.552248219303949,0
5.0,12,30,Subsampling,0.92,23.034315451464785,0
5.0,12,35,Donor-HCP-no-within,0.8,11.583822738258652,0
5.0,12,35,Donor-HCP-within,0.87,2.8101669453492235,0
5.0,12,35,HCP,0.93,23.937418219823,0
5.0,12,35,Pooling,0.84,18.817671814158636,0
5.0,12,35,Repeated,0.87,21.22266933182452,0
5.0,12,35,S-HCP-within,0.82,11.943162957144313,0
5.0,12,35,Std-CP,0.81,2.725311065705238,0
5.0,12,35,Subsampling,0.92,23.034315451464785,0
5.0,13,0,Donor-HCP-no-within,0.84,14.454006780771596,0
5.0,13,0,Donor-HCP-within,0.84,14.454006780771596,0
5.0,13,0,HCP,0.84,14.454006780771596,0
5.0,13,0,Pooling,0.77,12.52039871313833,0
5.0,13,0,Repeated,0.8,13.330518708572795,0
5.0,13,0,S-HCP-within,0.95,16.871715712799265,0
5.0,13,0,Std-CP,1.0,,100
5.0,13,0,Subsampling,0.86,14.591108472780059,0
5.0,13,5,Donor-HCP-no-within,0.8,13.594533553275596,0
5.0,13,5,Donor-HCP-within,0.88,12.420354837155497,0
5.0,13,5,HCP,0.84,14.454006780771596,0
5.0,13,5,Pooling,0.77,12.52039871313833,0
5.0,13,5,Repeated,0.8,13.330518708572795,0
5.0,13,5,S-HCP-within,0.91,15.236219971455775,0
5.0,13,5,Std-CP,0.72,5.511493551598459,0
5.0,13,5,Subsampling,0.86,14.591108472780059,0
5.0,13,10,Donor-HCP-no-within,0.79,12.849456575716706,0
5.0,13,10,Donor-HCP-within,0.73,9.982294293896388,0
5.0,13,10,HCP,0.84,14.454006780771596,0
5.0,13,10,Pooling,0.77,12.52039871313833,0
5.0,13,10,Repeated,0.8,13.330518708572795,0
5.0,13,10,S-HCP-within,0.89,14.552736087981021,0
5.0,13,10,Std-CP,0.83,23.38254767338005,0
5.0,13,10,Subsampling,0.86,14.591108472780059,0
5.0,13,15,Donor-HCP-no-within,0.81,12.494360242162983,0
5.0,13,15,Donor-HCP-within,0.81,7.989118572388743,0
5.0,13,15,HCP,0.84,14.454006780771596,0
5.0,13,15,Pooling,0.77,12.52039871313833,0
5.0,13,15,Repeated,0.8,13.330518708572795,0
5.0,13,15,S-HCP-within,0.89,14.664958124277211,0
5.0,13,15,Std-CP,0.82,4.9188321683639415,0
5.0,13,15,Subsampling,0.86,14.591108472780059,0
5.0,13,20,Donor-HCP-no-within,0.77,12.613538059668098,0
5.0,13,20,Donor-HCP-within,0.72,6.569820626727486,0
5.0,13,20,HCP,0.84,14.454006780771596,0
5.0,13,20,Pooling,0.77,12.52039871313833,0
5.0,13,20,Repeated,0.8,13.330518708572795,0
5.0,13,20,S-HCP-within,0.9,14.362884151178418,0
5.0,13,20,Std-CP,0.77,2.7798531774641697,0
5.0,13,20,Subsampling,0.86,14.591108472780059,0
5.0,13,25,Donor-HCP-no-within,0.82,9.349335497377204,0
5.0,13,25,Donor-HCP-within,0.82,2.9990081725293836,0
5.0,13,25,HCP,0.84,14.454006780771596,0
5.0,13,25,Pooling,0.77,12.52039871313833,0
5.0,13,25,Repeated,0.8,13.330518708572795,0
5.0,13,25,S-HCP-within,0.87,9.758829213131952,0
5.0,13,25,Std-CP,0.77,2.9216832852833976,0
5.0,13,25,Subsampling,0.86,14.591108472780059,0
5.0,13,30,Donor-HCP-no-within,0.84,9.354601708065184,0
5.0,13,30,Donor-HCP-within,0.8,2.413034228272871,0
5.0,13,30,HCP,0.84,14.454006780771596,0
5.0,13,30,Pooling,0.77,12.52039871313833,0
5.0,13,30,Repeated,0.8,13.330518708572795,0
5.0,13,30,S-HCP-within,0.87,9.467883861857576,0
5.0,13,30,Std-CP,0.8,2.338705401130694,0
5.0,13,30,Subsampling,0.86,14.591108472780059,0
5.0,13,35,Donor-HCP-no-within,0.85,9.367902303180779,0
5.0,13,35,Donor-HCP-within,0.84,2.50722606978368,0
5.0,13,35,HCP,0.84,14.454006780771596,0
5.0,13,35,Pooling,0.77,12.52039871313833,0
5.0,13,35,Repeated,0.8,13.330518708572795,0
5.0,13,35,S-HCP-within,0.88,9.706674396838048,0
5.0,13,35,Std-CP,0.81,2.466389828950435,0
5.0,13,35,Subsampling,0.86,14.591108472780059,0
5.0,14,0,Donor-HCP-no-within,0.96,31.420060694949555,0
5.0,14,0,Donor-HCP-within,0.96,31.420060694949555,0
5.0,14,0,HCP,0.96,31.420060694949555,0
5.0,14,0,Pooling,0.9,25.95134572072799,0
5.0,14,0,Repeated,0.95,30.08189696290637,0
5.0,14,0,S-HCP-within,0.99,41.28287387723447,0
5.0,14,0,Std-CP,1.0,,100
5.0,14,0,Subsampling,0.95,29.727335013682,0
5.0,14,5,Donor-HCP-no-within,0.95,38.24294531576869,0
5.0,14,5,Donor-HCP-within,0.94,32.50517539209405,0
5.0,14,5,HCP,0.96,31.420060694949555,0
5.0,14,5,Pooling,0.9,25.95134572072799,0
5.0,14,5,Repeated,0.95,30.08189696290637,0
5.0,14,5,S-HCP-within,0.99,40.305032773094624,0
5.0,14,5,Std-CP,0.72,5.798670354902156,0
5.0,14,5,Subsampling,0.95,29.727335013682,0
5.0,14,10,Donor-HCP-no-within,0.94,36.46354535619564,0
5.0,14,10,Donor-HCP-within,0.96,25.66546535302059,0
5.0,14,10,HCP,0.96,31.420060694949555,0
5.0,14,10,Pooling,0.9,25.95134572072799,0
5.0,14,10,Repeated,0.95,30.08189696290637,0
5.0,14,10,S-HCP-within,0.98,31.25565593047375,0
5.0,14,10,Std-CP,0.88,35.78892369745437,0
5.0,14,10,Subsampling,0.95,29.727335013682,0
5.0,14,15,Donor-HCP-no-within,0.96,34.845125206614846,0
5.0,14,15,Donor-HCP-within,0.96,22.53125513186258,0
5.0,14,15,HCP,0.96,31.420060694949555,0
5.0,14,15,Pooling,0.9,25.95134572072799,0
5.0,14,15,Repeated,0.95,30.08189696290637,0
5.0,14,15,S-HCP-within,0.98,31.634297985608217,0
5.0,14,15,Std-CP,0.91,5.22829979168622,0
5.0,14,15,Subsampling,0.95,29.727335013682,0
5.0,14,20,Donor-HCP-no-within,0.92,26.13624491648495,0
5.0,14,20,Donor-HCP-within,0.95,13.94498823678191,0
5.0,14,20,HCP,0.96,31.420060694949555,0
5.0,14,20,Pooling,0.9,25.95134572072799,0
5.0,14,20,Repeated,0.95,30.08189696290637,0
5.0,14,20,S-HCP-within,0.97,31.0637882198611,0
5.0,14,20,Std-CP,0.89,2.9485174745811635,0
5.0,14,20,Subsampling,0.95,29.727335013682,0
5.0,14,25,Donor-HCP-no-within,0.8,10.62276575945051,0
5.0,14,25,Donor-HCP-within,0.88,3.244103806452382,0
5.0,14,25,HCP,0.96,31.420060694949555,0
5.0,14,25,Pooling,0.9,25.95134572072799,0
5.0,14,25,Repeated,0.95,30.08189696290637,0
5.0,14,25,S-HCP-within,0.87,11.21263926469103,0
5.0,14,25,Std-CP,0.92,3.068057099852256,0
5.0,14,25,Subsampling,0.95,29.727335013682,0
5.0,14,30,Donor-HCP-no-within,0.8,10.661470818516786,0
5.0,14,30,Donor-HCP-within,0.83,2.687357203980526,0
5.0,14,30,HCP,0.96,31.420060694949555,0
5.0,14,30,Pooling,0.9,25.95134572072799,0
5.0,14,30,Repeated,0.95,30.08189696290637,0
5.0,14,30,S-HCP-within,0.84,10.819731368825563,0
5.0,14,30,Std-CP,0.86,2.653226616250239,0
5.0,14,30,Subsampling,0.95,29.727335013682,0
5.0,14,35,Donor-HCP-no-within,0.81,10.651382429113465,0
5.0,14,35,Donor-HCP-within,0.87,2.773010826189862,0
5.0,14,35,HCP,0.96,31.420060694949555,0
5.0,14,35,Pooling,0.9,25.95134572072799,0
5.0,14,35,Repeated,0.95,30.08189696290637,0
5.0,14,35,S-HCP-within,0.88,11.089318389170124,0
5.0,14,35,Std-CP,0.91,2.6784022708385438,0
5.0,14,35,Subsampling,0.95,29.727335013682,0
5.0,15,0,Donor-HCP-no-within,0.81,29.829756020588775,0
5.0,15,0,Donor-HCP-within,0.81,29.829756020588775,0
5.0,15,0,HCP,0.81,29.829756020588775,0
5.0,15,0,Pooling,0.73,25.33049583033089,0
5.0,15,0,Repeated,0.8,28.84375644442579,0
5.0,15,0,S-HCP-within,0.58,14.981940335437557,0
5.0,15,0,Std-CP,1.0,,100
5.0,15,0,Subsampling,0.81,29.50078492614438,0
5.0,15,5,Donor-HCP-no-within,0.75,24.404570335254842,0
5.0,15,5,Donor-HCP-within,0.76,20.944628565651307,0
5.0,15,5,HCP,0.81,29.829756020588775,0
5.0,15,5,Pooling,0.73,25.33049583033089,0
5.0,15,5,Repeated,0.8,28.84375644442579,0
5.0,15,5,S-HCP-within,0.52,14.010137225394455,0
5.0,15,5,Std-CP,0.67,6.1585639551887095,0
5.0,15,5,Subsampling,0.81,29.50078492614438,0
5.0,15,10,Donor-HCP-no-within,0.73,23.807082640506618,0
5.0,15,10,Donor-HCP-within,0.76,17.71698882928532,0
5.0,15,10,HCP,0.81,29.829756020588775,0
5.0,15,10,Pooling,0.73,25.33049583033089,0
5.0,15,10,Repeated,0.8,28.84375644442579,0
5.0,15,10,S-HCP-within,0.51,13.35056317710898,0
5.0,15,10,Std-CP,0.83,15.145073482323387,0
5.0,15,10,Subsampling,0.81,29.50078492614438,0
5.0,15,15,Donor-HCP-no-within,0.77,23.01236842290772,0
5.0,15,15,Donor-HCP-within,0.74,14.283130829361466,0
5.0,15,15,HCP,0.81,29.829756020588775,0
5.0,15,15,Pooling,0.73,25.33049583033089,0
5.0,15,15,Repeated,0.8,28.84375644442579,0
5.0,15,15,S-HCP-within,0.51,13.659558410004898,0
5.0,15,15,Std-CP,0.82,5.256443430342733,0
5.0,15,15,Subsampling,0.81,29.50078492614438,0
5.0,15,20,Donor-HCP-no-within,0.76,22.123057184680484,0
5.0,15,20,Donor-HCP-within,0.73,11.829732444890526,0
5.0,15,20,HCP,0.81,29.829756020588775,0
5.0,15,20,Pooling,0.73,25.33049583033089,0
5.0,15,20,Repeated,0.8,28.84375644442579,0
5.0,15,20,S-HCP-within,0.52,13.435915693621343,0
5.0,15,20,Std-CP,0.83,2.9868270680009976,0
5.0,15,20,Subsampling,0.81,29.50078492614438,0
5.0,15,25,Donor-HCP-no-within,0.73,14.280574013306005,0
5.0,15,25,Donor-HCP-within,0.81,3.317863866337465,0
5.0,15,25,HCP,0.81,29.829756020588775,0
5.0,15,25,Pooling,0.73,25.33049583033089,0
5.0,15,25,Repeated,0.8,28.84375644442579,0
5.0,15,25,S-HCP-within,0.78,15.05472844389529,0
5.0,15,25,Std-CP,0.83,2.9715317591648884,0
5.0,15,25,Subsampling,0.81,29.50078492614438,0
5.0,15,30,Donor-HCP-no-within,0.75,14.344586898764769,0
5.0,15,30,Donor-HCP-within,0.77,2.755375537380766,0
5.0,15,30,HCP,0.81,29.829756020588775,0
5.0,15,30,Pooling,0.73,25.33049583033089,0
5.0,15,30,Repeated,0.8,28.84375644442579,0
5.0,15,30,S-HCP-within,0.75,14.518279065430406,0
5.0,15,30,Std-CP,0.8,2.4581138733265235,0
5.0,15,30,Subsampling,0.81,29.50078492614438,0
5.0,15,35,Donor-HCP-no-within,0.75,14.334967440869173,0
5.0,15,35,Donor-HCP-within,0.8,2.880795167856769,0
5.0,15,35,HCP,0.81,29.829756020588775,0
5.0,15,35,Pooling,0.73,25.33049583033089,0
5.0,15,35,Repeated,0.8,28.84375644442579,0
5.0,15,35,S-HCP-within,0.78,14.856624892970203,0
5.0,15,35,Std-CP,0.84,2.557120642305121,0
5.0,15,35,Subsampling,0.81,29.50078492614438,0
5.0,16,0,Donor-HCP-no-within,0.83,55.275522717377456,0
5.0,16,0,Donor-HCP-within,0.83,55.275522717377456,0
5.0,16,0,HCP,0.83,55.275522717377456,0
5.0,16,0,Pooling,0.77,48.004464979378106,0
5.0,16,0,Repeated,0.83,53.84981664370825,0
5.0,16,0,S-HCP-within,0.9,24.10708997433001,0
5.0,16,0,Std-CP,1.0,,100
5.0,16,0,Subsampling,0.77,48.004464979378106,0
5.0,16,5,Donor-HCP-no-within,0.8,31.944664663918275,0
5.0,16,5,Donor-HCP-within,0.86,30.51776377284388,0
5.0,16,5,HCP,0.83,55.275522717377456,0
5.0,16,5,Pooling,0.77,48.004464979378106,0
5.0,16,5,Repeated,0.83,53.84981664370825,0
5.0,16,5,S-HCP-within,0.9,23.199573021472002,0
5.0,16,5,Std-CP,0.87,6.9454005136970265,0
5.0,16,5,Subsampling,0.77,48.004464979378106,0
5.0,16,10,Donor-HCP-no-within,0.81,31.926735780283654,0
5.0,16,10,Donor-HCP-within,0.89,26.134707961503917,0
5.0,16,10,HCP,0.83,55.275522717377456,0
5.0,16,10,Pooling,0.77,48.004464979378106,0
5.0,16,10,Repeated,0.83,53.84981664370825,0
5.0,16,10,S-HCP-within,0.9,22.200228625732567,0
5.0,16,10,Std-CP,0.77,14.488933523253754,0
5.0,16,10,Subsampling,0.77,48.004464979378106,0
5.0,16,15,Donor-HCP-no-within,0.82,30.80502418237249,0
5.0,16,15,Donor-HCP-within,0.79,19.59228446999348,0
5.0,16,15,HCP,0.83,55.275522717377456,0
5.0,16,15,Pooling,0.77,48.004464979378106,0
5.0,16,15,Repeated,0.83,53.84981664370825,0
5.0,16,15,S-HCP-within,0.9,22.314037638695872,0
5.0,16,15,Std-CP,0.93,5.56183782585789,0
5.0,16,15,Subsampling,0.77,48.004464979378106,0
5.0,16,20,Donor-HCP-no-within,0.72,29.96740662009411,0
5.0,16,20,Donor-HCP-within,0.76,14.795341947106442,0
5.0,16,20,HCP,0.83,55.275522717377456,0
5.0,16,20,Pooling,0.77,48.004464979378106,0
5.0,16,20,Repeated,0.83,53.84981664370825,0
5.0,16,20,S-HCP-within,0.89,21.98944709671688,0
5.0,16,20,Std-CP,0.84,3.3046629396889955,0
5.0,16,20,Subsampling,0.77,48.004464979378106,0
5.0,16,25,Donor-HCP-no-within,0.78,11.35919971471137,0
5.0,16,25,Donor-HCP-within,0.87,3.371824881795884,0
5.0,16,25,HCP,0.83,55.275522717377456,0
5.0,16,25,Pooling,0.77,48.004464979378106,0
5.0,16,25,Repeated,0.83,53.84981664370825,0
5.0,16,25,S-HCP-within,0.85,11.784135042978754,0
5.0,16,25,Std-CP,0.89,3.4736525184325644,0
5.0,16,25,Subsampling,0.77,48.004464979378106,0
5.0,16,30,Donor-HCP-no-within,0.78,11.350216797975575,0
5.0,16,30,Donor-HCP-within,0.78,2.757828554239055,0
5.0,16,30,HCP,0.83,55.275522717377456,0
5.0,16,30,Pooling,0.77,48.004464979378106,0
5.0,16,30,Repeated,0.83,53.84981664370825,0
5.0,16,30,S-HCP-within,0.8,11.439306163706297,0
5.0,16,30,Std-CP,0.82,2.6246296062620345,0
5.0,16,30,Subsampling,0.77,48.004464979378106,0
5.0,16,35,Donor-HCP-no-within,0.76,11.317391579026086,0
5.0,16,35,Donor-HCP-within,0.83,2.8909895228703464,0
5.0,16,35,HCP,0.83,55.275522717377456,0
5.0,16,35,Pooling,0.77,48.004464979378106,0
5.0,16,35,Repeated,0.83,53.84981664370825,0
5.0,16,35,S-HCP-within,0.83,11.605087643124753,0
5.0,16,35,Std-CP,0.8,2.613317602866196,0
5.0,16,35,Subsampling,0.77,48.004464979378106,0
5.0,17,0,Donor-HCP-no-within,0.74,19.55414764930277,0
5.0,17,0,Donor-HCP-within,0.74,19.55414764930277,0
5.0,17,0,HCP,0.74,19.55414764930277,0
5.0,17,0,Pooling,0.73,18.31204352099412,0
5.0,17,0,Repeated,0.73,18.84241855018904,0
5.0,17,0,S-HCP-within,0.67,16.12233748139518,0
5.0,17,0,Std-CP,1.0,,100
5.0,17,0,Subsampling,0.73,18.31204352099412,0
5.0,17,5,Donor-HCP-no-within,0.77,18.849166639720405,0
5.0,17,5,Donor-HCP-within,0.76,16.730254571565098,0
5.0,17,5,HCP,0.74,19.55414764930277,0
5.0,17,5,Pooling,0.73,18.31204352099412,0
5.0,17,5,Repeated,0.73,18.84241855018904,0
5.0,17,5,S-HCP-within,0.64,15.57355944422986,0
5.0,17,5,Std-CP,0.8,6.411423084916488,0
5.0,17,5,Subsampling,0.73,18.31204352099412,0
5.0,17,10,Donor-HCP-no-within,0.75,18.80169183002213,0
5.0,17,10,Donor-HCP-within,0.91,17.209480047575415,0
5.0,17,10,HCP,0.74,19.55414764930277,0
5.0,17,10,Pooling,0.73,18.31204352099412,0
5.0,17,10,Repeated,0.73,18.84241855018904,0
5.0,17,10,S-HCP-within,0.6,15.215403392674677,0
5.0,17,10,Std-CP,0.83,20.56924395756007,0
5.0,17,10,Subsampling,0.73,18.31204352099412,0
5.0,17,15,Donor-HCP-no-within,0.81,17.876424331897297,0
5.0,17,15,Donor-HCP-within,0.72,11.295781696226316,0
5.0,17,15,HCP,0.74,19.55414764930277,0
5.0,17,15,Pooling,0.73,18.31204352099412,0
5.0,17,15,Repeated,0.73,18.84241855018904,0
5.0,17,15,S-HCP-within,0.65,15.241209360622802,0
5.0,17,15,Std-CP,0.85,5.576252657510781,0
5.0,17,15,Subsampling,0.73,18.31204352099412,0
5.0,17,20,Donor-HCP-no-within,0.75,17.77446469171116,0
5.0,17,20,Donor-HCP-within,0.72,8.961512546656301,0
5.0,17,20,HCP,0.74,19.55414764930277,0
5.0,17,20,Pooling,0.73,18.31204352099412,0
5.0,17,20,Repeated,0.73,18.84241855018904,0
5.0,17,20,S-HCP-within,0.61,15.13817207609271,0
5.0,17,20,Std-CP,0.82,2.9505581030906827,0
5.0,17,20,Subsampling,0.73,18.31204352099412,0
5.0,17,25,Donor-HCP-no-within,0.75,12.760930227212215,0
5.0,17,25,Donor-HCP-within,0.88,3.271940532581668,0
5.0,17,25,HCP,0.74,19.55414764930277,0
5.0,17,25,Pooling,0.73,18.31204352099412,0
5.0,17,25,Repeated,0.73,18.84241855018904,0
5.0,17,25,S-HCP-within,0.83,13.396233855331007,0
5.0,17,25,Std-CP,0.88,3.1364324845277305,0
5.0,17,25,Subsampling,0.73,18.31204352099412,0
5.0,17,30,Donor-HCP-no-within,0.75,12.766328829510217,0
5.0,17,30,Donor-HCP-within,0.82,2.745502975166987,0
5.0,17,30,HCP,0.74,19.55414764930277,0
5.0,17,30,Pooling,0.73,18.31204352099412,0
5.0,17,30,Repeated,0.73,18.84241855018904,0
5.0,17,30,S-HCP-within,0.77,12.89563456626173,0
5.0,17,30,Std-CP,0.82,2.5999849846699523,0
5.0,17,30,Subsampling,0.73,18.31204352099412,0
5.0,17,35,Donor-HCP-no-within,0.77,12.73327970045227,0
5.0,17,35,Donor-HCP-within,0.86,2.8701962602798226,0
5.0,17,35,HCP,0.74,19.55414764930277,0
5.0,17,35,Pooling,0.73,18.31204352099412,0
5.0,17,35,Repeated,0.73,18.84241855018904,0
5.0,17,35,S-HCP-within,0.81,13.159805828607626,0
5.0,17,35,Std-CP,0.89,2.649886149861034,0
5.0,17,35,Subsampling,0.73,18.31204352099412,0
5.0,18,0,Donor-HCP-no-within,0.63,27.679870820560474,0
5.0,18,0,Donor-HCP-within,0.63,27.679870820560474,0
5.0,18,0,HCP,0.63,27.679870820560474,0
5.0,18,0,Pooling,0.52,24.088393095399333,0
5.0,18,0,Repeated,0.57,25.948410764974525,0
5.0,18,0,S-HCP-within,0.73,16.20064599514251,0
5.0,18,0,Std-CP,1.0,,100
5.0,18,0,Subsampling,0.52,24.24528125591707,0
5.0,18,5,Donor-HCP-no-within,0.57,24.619979082385793,0
5.0,18,5,Donor-HCP-within,0.55,20.896321197263674,0
5.0,18,5,HCP,0.63,27.679870820560474,0
5.0,18,5,Pooling,0.52,24.088393095399333,0
5.0,18,5,Repeated,0.57,25.948410764974525,0
5.0,18,5,S-HCP-within,0.74,15.983681652507983,0
5.0,18,5,Std-CP,0.81,5.838560608751177,0
5.0,18,5,Subsampling,0.52,24.24528125591707,0
5.0,18,10,Donor-HCP-no-within,0.6,24.069354490265955,0
5.0,18,10,Donor-HCP-within,0.53,16.645146763608874,0
5.0,18,10,HCP,0.63,27.679870820560474,0
5.0,18,10,Pooling,0.52,24.088393095399333,0
5.0,18,10,Repeated,0.57,25.948410764974525,0
5.0,18,10,S-HCP-within,0.71,14.438073260237525,0
5.0,18,10,Std-CP,0.82,22.970511271875974,0
5.0,18,10,Subsampling,0.52,24.24528125591707,0
5.0,18,15,Donor-HCP-no-within,0.52,23.758695540467357,0
5.0,18,15,Donor-HCP-within,0.58,14.516522402756236,0
5.0,18,15,HCP,0.63,27.679870820560474,0
5.0,18,15,Pooling,0.52,24.088393095399333,0
5.0,18,15,Repeated,0.57,25.948410764974525,0
5.0,18,15,S-HCP-within,0.7,14.585353860734283,0
5.0,18,15,Std-CP,0.9,5.175685173972377,0
5.0,18,15,Subsampling,0.52,24.24528125591707,0
5.0,18,20,Donor-HCP-no-within,0.59,21.94426840189231,0
5.0,18,20,Donor-HCP-within,0.55,12.111202010244437,0
5.0,18,20,HCP,0.63,27.679870820560474,0
5.0,18,20,Pooling,0.52,24.088393095399333,0
5.0,18,20,Repeated,0.57,25.948410764974525,0
5.0,18,20,S-HCP-within,0.71,14.356327067174181,0
5.0,18,20,Std-CP,0.86,3.0919930484820304,0
5.0,18,20,Subsampling,0.52,24.24528125591707,0
5.0,18,25,Donor-HCP-no-within,0.87,10.628982090690968,0
5.0,18,25,Donor-HCP-within,0.92,3.1425154081956124,0
5.0,18,25,HCP,0.63,27.679870820560474,0
5.0,18,25,Pooling,0.52,24.088393095399333,0
5.0,18,25,Repeated,0.57,25.948410764974525,0
5.0,18,25,S-HCP-within,0.89,10.99609962815937,0
5.0,18,25,Std-CP,0.95,2.9494745096854844,0
5.0,18,25,Subsampling,0.52,24.24528125591707,0
5.0,18,30,Donor-HCP-no-within,0.85,10.598950814193678,0
5.0,18,30,Donor-HCP-within,0.85,2.598663701183249,0
5.0,18,30,HCP,0.63,27.679870820560474,0
5.0,18,30,Pooling,0.52,24.088393095399333,0
5.0,18,30,Repeated,0.57,25.948410764974525,0
5.0,18,30,S-HCP-within,0.8,10.65386760040436,0
5.0,18,30,Std-CP,0.86,2.4416410652795437,0
5.0,18,30,Subsampling,0.52,24.24528125591707,0
5.0,18,35,Donor-HCP-no-within,0.86,10.616388957621393,0
5.0,18,35,Donor-HCP-within,0.88,2.6418525111866713,0
5.0,18,35,HCP,0.63,27.679870820560474,0
5.0,18,35,Pooling,0.52,24.088393095399333,0
5.0,18,35,Repeated,0.57,25.948410764974525,0
5.0,18,35,S-HCP-within,0.83,10.873498825546132,0
5.0,18,35,Std-CP,0.88,2.57942097894811,0
5.0,18,35,Subsampling,0.52,24.24528125591707,0
5.0,19,0,Donor-HCP-no-within,0.93,21.279419721530996,0
5.0,19,0,Donor-HCP-within,0.93,21.279419721530996,0
5.0,19,0,HCP,0.93,21.279419721530996,0
5.0,19,0,Pooling,0.88,18.34328882310624,0
5.0,19,0,Repeated,0.88,19.185157560280008,0
5.0,19,0,S-HCP-within,0.93,37.30914730536806,0
5.0,19,0,Std-CP,1.0,,100
5.0,19,0,Subsampling,0.88,17.962503533778133,0
5.0,19,5,Donor-HCP-no-within,0.88,19.08521934124687,0
5.0,19,5,Donor-HCP-within,0.89,17.004336668116867,0
5.0,19,5,HCP,0.93,21.279419721530996,0
5.0,19,5,Pooling,0.88,18.34328882310624,0
5.0,19,5,Repeated,0.88,19.185157560280008,0
5.0,19,5,S-HCP-within,0.94,36.66004775969742,0
5.0,19,5,Std-CP,0.76,5.8577758532621855,0
5.0,19,5,Subsampling,0.88,17.962503533778133,0
5.0,19,10,Donor-HCP-no-within,0.85,18.242236714505648,0
5.0,19,10,Donor-HCP-within,0.86,13.512312968412708,0
5.0,19,10,HCP,0.93,21.279419721530996,0
5.0,19,10,Pooling,0.88,18.34328882310624,0
5.0,19,10,Repeated,0.88,19.185157560280008,0
5.0,19,10,S-HCP-within,0.93,35.668734251230276,0
5.0,19,10,Std-CP,0.87,22.08833304248815,0
5.0,19,10,Subsampling,0.88,17.962503533778133,0
5.0,19,15,Donor-HCP-no-within,0.9,17.516093923090622,0
5.0,19,15,Donor-HCP-within,0.88,11.205017536210507,0
5.0,19,15,HCP,0.93,21.279419721530996,0
5.0,19,15,Pooling,0.88,18.34328882310624,0
5.0,19,15,Repeated,0.88,19.185157560280008,0
5.0,19,15,S-HCP-within,0.96,35.83100935804953,0
5.0,19,15,Std-CP,0.87,5.206485866753353,0
5.0,19,15,Subsampling,0.88,17.962503533778133,0
5.0,19,20,Donor-HCP-no-within,0.88,17.034099365456644,0
5.0,19,20,Donor-HCP-within,0.88,8.944436106879397,0
5.0,19,20,HCP,0.93,21.279419721530996,0
5.0,19,20,Pooling,0.88,18.34328882310624,0
5.0,19,20,Repeated,0.88,19.185157560280008,0
5.0,19,20,S-HCP-within,0.94,35.420088750026025,0
5.0,19,20,Std-CP,0.77,2.900166044750529,0
5.0,19,20,Subsampling,0.88,17.962503533778133,0
5.0,19,25,Donor-HCP-no-within,0.82,11.954130459526498,0
5.0,19,25,Donor-HCP-within,0.86,3.1339142716550286,0
5.0,19,25,HCP,0.93,21.279419721530996,0
5.0,19,25,Pooling,0.88,18.34328882310624,0
5.0,19,25,Repeated,0.88,19.185157560280008,0
5.0,19,25,S-HCP-within,0.87,12.528471984653638,0
5.0,19,25,Std-CP,0.84,2.924485709267568,0
5.0,19,25,Subsampling,0.88,17.962503533778133,0
5.0,19,30,Donor-HCP-no-within,0.82,11.955506792380111,0
5.0,19,30,Donor-HCP-within,0.83,2.6290355747891847,0
5.0,19,30,HCP,0.93,21.279419721530996,0
5.0,19,30,Pooling,0.88,18.34328882310624,0
5.0,19,30,Repeated,0.88,19.185157560280008,0
5.0,19,30,S-HCP-within,0.84,12.141979332511667,0
5.0,19,30,Std-CP,0.83,2.5231062807925384,0
5.0,19,30,Subsampling,0.88,17.962503533778133,0
5.0,19,35,Donor-HCP-no-within,0.81,11.948508682337343,0
5.0,19,35,Donor-HCP-within,0.82,2.7783928906903905,0
5.0,19,35,HCP,0.93,21.279419721530996,0
5.0,19,35,Pooling,0.88,18.34328882310624,0
5.0,19,35,Repeated,0.88,19.185157560280008,0
5.0,19,35,S-HCP-within,0.86,12.411042197386294,0
5.0,19,35,Std-CP,0.86,2.5828238966452695,0
5.0,19,35,Subsampling,0.88,17.962503533778133,0
5.0,20,0,Donor-HCP-no-within,0.76,22.023540584701138,0
5.0,20,0,Donor-HCP-within,0.76,22.023540584701138,0
5.0,20,0,HCP,0.76,22.023540584701138,0
5.0,20,0,Pooling,0.74,20.00577636905429,0
5.0,20,0,Repeated,0.75,21.0415059846229,0
5.0,20,0,S-HCP-within,0.59,12.494121044701462,0
5.0,20,0,Std-CP,1.0,,100
5.0,20,0,Subsampling,0.71,19.459560441575334,0
5.0,20,5,Donor-HCP-no-within,0.74,17.675635919105968,0
5.0,20,5,Donor-HCP-within,0.73,15.075680099508327,0
5.0,20,5,HCP,0.76,22.023540584701138,0
5.0,20,5,Pooling,0.74,20.00577636905429,0
5.0,20,5,Repeated,0.75,21.0415059846229,0
5.0,20,5,S-HCP-within,0.61,12.498172320140425,0
5.0,20,5,Std-CP,0.7,5.781502231372501,0
5.0,20,5,Subsampling,0.71,19.459560441575334,0
5.0,20,10,Donor-HCP-no-within,0.72,16.86568923369697,0
5.0,20,10,Donor-HCP-within,0.84,16.778589235126073,0
5.0,20,10,HCP,0.76,22.023540584701138,0
5.0,20,10,Pooling,0.74,20.00577636905429,0
5.0,20,10,Repeated,0.75,21.0415059846229,0
5.0,20,10,S-HCP-within,0.59,12.065660874529293,0
5.0,20,10,Std-CP,0.89,23.414603786879816,0
5.0,20,10,Subsampling,0.71,19.459560441575334,0
5.0,20,15,Donor-HCP-no-within,0.7,16.36196188345513,0
5.0,20,15,Donor-HCP-within,0.73,10.928085369554527,0
5.0,20,15,HCP,0.76,22.023540584701138,0
5.0,20,15,Pooling,0.74,20.00577636905429,0
5.0,20,15,Repeated,0.75,21.0415059846229,0
5.0,20,15,S-HCP-within,0.6,12.355463551619259,0
5.0,20,15,Std-CP,0.87,6.2239316487037035,0
5.0,20,15,Subsampling,0.71,19.459560441575334,0
5.0,20,20,Donor-HCP-no-within,0.68,16.038582036146245,0
5.0,20,20,Donor-HCP-within,0.74,9.230822530806924,0
5.0,20,20,HCP,0.76,22.023540584701138,0
5.0,20,20,Pooling,0.74,20.00577636905429,0
5.0,20,20,Repeated,0.75,21.0415059846229,0
5.0,20,20,S-HCP-within,0.6,12.124303998885816,0
5.0,20,20,Std-CP,0.85,2.9116697966768372,0
5.0,20,20,Subsampling,0.71,19.459560441575334,0
5.0,20,25,Donor-HCP-no-within,0.78,11.658241111900791,0
5.0,20,25,Donor-HCP-within,0.86,3.095189192561024,0
5.0,20,25,HCP,0.76,22.023540584701138,0
5.0,20,25,Pooling,0.74,20.00577636905429,0
5.0,20,25,Repeated,0.75,21.0415059846229,0
5.0,20,25,S-HCP-within,0.85,12.018585392306672,0
5.0,20,25,Std-CP,0.87,2.8752484010182298,0
5.0,20,25,Subsampling,0.71,19.459560441575334,0
5.0,20,30,Donor-HCP-no-within,0.78,11.660536637585272,0
5.0,20,30,Donor-HCP-within,0.82,2.600111011422021,0
5.0,20,30,HCP,0.76,22.023540584701138,0
5.0,20,30,Pooling,0.74,20.00577636905429,0
5.0,20,30,Repeated,0.75,21.0415059846229,0
5.0,20,30,S-HCP-within,0.83,11.736467939610252,0
5.0,20,30,Std-CP,0.85,2.5030772449323306,0
5.0,20,30,Subsampling,0.71,19.459560441575334,0
5.0,20,35,Donor-HCP-no-within,0.8,11.67469748322741,0
5.0,20,35,Donor-HCP-within,0.84,2.6533375722031964,0
5.0,20,35,HCP,0.76,22.023540584701138,0
5.0,20,35,Pooling,0.74,20.00577636905429,0
5.0,20,35,Repeated,0.75,21.0415059846229,0
5.0,20,35,S-HCP-within,0.83,11.957004012858565,0
5.0,20,35,Std-CP,0.84,2.4334385798557037,0
5.0,20,35,Subsampling,0.71,19.459560441575334,0
5.0,21,0,Donor-HCP-no-within,0.98,53.44145268432329,0
5.0,21,0,Donor-HCP-within,0.98,53.44145268432329,0
5.0,21,0,HCP,0.98,53.44145268432329,0
5.0,21,0,Pooling,0.97,50.52862883294204,0
5.0,21,0,Repeated,0.98,52.27307683237511,0
5.0,21,0,S-HCP-within,0.94,27.69656193919718,0
5.0,21,0,Std-CP,1.0,,100
5.0,21,0,Subsampling,0.97,50.585364621289294,0
5.0,21,5,Donor-HCP-no-within,0.9,32.70598298816519,0
5.0,21,5,Donor-HCP-within,0.92,29.284401858997466,0
5.0,21,5,HCP,0.98,53.44145268432329,0
5.0,21,5,Pooling,0.97,50.52862883294204,0
5.0,21,5,Repeated,0.98,52.27307683237511,0
5.0,21,5,S-HCP-within,0.91,25.997686846687987,0
5.0,21,5,Std-CP,0.8,6.174756609678756,0
5.0,21,5,Subsampling,0.97,50.585364621289294,0
5.0,21,10,Donor-HCP-no-within,0.92,33.22839452597609,0
5.0,21,10,Donor-HCP-within,0.91,25.64992322092863,0
5.0,21,10,HCP,0.98,53.44145268432329,0
5.0,21,10,Pooling,0.97,50.52862883294204,0
5.0,21,10,Repeated,0.98,52.27307683237511,0
5.0,21,10,S-HCP-within,0.93,24.630784731268992,0
5.0,21,10,Std-CP,0.85,16.654431578861143,0
5.0,21,10,Subsampling,0.97,50.585364621289294,0
5.0,21,15,Donor-HCP-no-within,0.91,32.88837288306559,0
5.0,21,15,Donor-HCP-within,0.91,19.865291335854195,0
5.0,21,15,HCP,0.98,53.44145268432329,0
5.0,21,15,Pooling,0.97,50.52862883294204,0
5.0,21,15,Repeated,0.98,52.27307683237511,0
5.0,21,15,S-HCP-within,0.91,24.82415684265587,0
5.0,21,15,Std-CP,0.9,5.723386496833347,0
5.0,21,15,Subsampling,0.97,50.585364621289294,0
5.0,21,20,Donor-HCP-no-within,0.9,31.070733000296368,0
5.0,21,20,Donor-HCP-within,0.9,16.753960391269988,0
5.0,21,20,HCP,0.98,53.44145268432329,0
5.0,21,20,Pooling,0.97,50.52862883294204,0
5.0,21,20,Repeated,0.98,52.27307683237511,0
5.0,21,20,S-HCP-within,0.92,24.41866595504377,0
5.0,21,20,Std-CP,0.88,2.8423816314894617,0
5.0,21,20,Subsampling,0.97,50.585364621289294,0
5.0,21,25,Donor-HCP-no-within,0.77,10.908856035835408,0
5.0,21,25,Donor-HCP-within,0.92,3.2360427652037957,0
5.0,21,25,HCP,0.98,53.44145268432329,0
5.0,21,25,Pooling,0.97,50.52862883294204,0
5.0,21,25,Repeated,0.98,52.27307683237511,0
5.0,21,25,S-HCP-within,0.84,11.40508057081266,0
5.0,21,25,Std-CP,0.91,2.8545609356197366,0
5.0,21,25,Subsampling,0.97,50.585364621289294,0
5.0,21,30,Donor-HCP-no-within,0.77,10.952922171174434,0
5.0,21,30,Donor-HCP-within,0.83,2.6051262825532215,0
5.0,21,30,HCP,0.98,53.44145268432329,0
5.0,21,30,Pooling,0.97,50.52862883294204,0
5.0,21,30,Repeated,0.98,52.27307683237511,0
5.0,21,30,S-HCP-within,0.76,11.045686102187833,0
5.0,21,30,Std-CP,0.83,2.442048062862421,0
5.0,21,30,Subsampling,0.97,50.585364621289294,0
5.0,21,35,Donor-HCP-no-within,0.74,10.911872782964368,0
5.0,21,35,Donor-HCP-within,0.89,2.6677456138396707,0
5.0,21,35,HCP,0.98,53.44145268432329,0
5.0,21,35,Pooling,0.97,50.52862883294204,0
5.0,21,35,Repeated,0.98,52.27307683237511,0
5.0,21,35,S-HCP-within,0.78,11.189114051130273,0
5.0,21,35,Std-CP,0.85,2.5212527295027147,0
5.0,21,35,Subsampling,0.97,50.585364621289294,0
5.0,22,0,Donor-HCP-no-within,0.86,24.641831290546424,0
5.0,22,0,Donor-HCP-within,0.86,24.641831290546424,0
5.0,22,0,HCP,0.86,24.641831290546424,0
5.0,22,0,Pooling,0.8,21.060504916773397,0
5.0,22,0,Repeated,0.84,23.35939015130336,0
5.0,22,0,S-HCP-within,0.9,33.35960713816552,0
5.0,22,0,Std-CP,1.0,,100
5.0,22,0,Subsampling,0.8,21.251324308114903,0
5.0,22,5,Donor-HCP-no-within,0.89,29.526177277796847,0
5.0,22,5,Donor-HCP-within,0.87,26.982221300572053,0
5.0,22,5,HCP,0.86,24.641831290546424,0
5.0,22,5,Pooling,0.8,21.060504916773397,0
5.0,22,5,Repeated,0.84,23.35939015130336,0
5.0,22,5,S-HCP-within,0.92,32.43234508843915,0
5.0,22,5,Std-CP,0.75,5.968534561657724,0
5.0,22,5,Subsampling,0.8,21.251324308114903,0
5.0,22,10,Donor-HCP-no-within,0.85,28.700469980628505,0
5.0,22,10,Donor-HCP-within,0.83,20.550060074173693,0
5.0,22,10,HCP,0.86,24.641831290546424,0
5.0,22,10,Pooling,0.8,21.060504916773397,0
5.0,22,10,Repeated,0.84,23.35939015130336,0
5.0,22,10,S-HCP-within,0.9,31.64664766118494,0
5.0,22,10,Std-CP,0.81,23.063327627077584,0
5.0,22,10,Subsampling,0.8,21.251324308114903,0
5.0,22,15,Donor-HCP-no-within,0.84,27.799241280660212,0
5.0,22,15,Donor-HCP-within,0.87,18.64868219312279,0
5.0,22,15,HCP,0.86,24.641831290546424,0
5.0,22,15,Pooling,0.8,21.060504916773397,0
5.0,22,15,Repeated,0.84,23.35939015130336,0
5.0,22,15,S-HCP-within,0.9,31.79886416458567,0
5.0,22,15,Std-CP,0.91,5.2108566191002454,0
5.0,22,15,Subsampling,0.8,21.251324308114903,0
5.0,22,20,Donor-HCP-no-within,0.87,27.799765290294978,0
5.0,22,20,Donor-HCP-within,0.81,15.676822100638331,0
5.0,22,20,HCP,0.86,24.641831290546424,0
5.0,22,20,Pooling,0.8,21.060504916773397,0
5.0,22,20,Repeated,0.84,23.35939015130336,0
5.0,22,20,S-HCP-within,0.9,31.523157930207063,0
5.0,22,20,Std-CP,0.78,2.890585469748917,0
5.0,22,20,Subsampling,0.8,21.251324308114903,0
5.0,22,25,Donor-HCP-no-within,0.76,12.269557902851165,0
5.0,22,25,Donor-HCP-within,0.79,3.2309008149163536,0
5.0,22,25,HCP,0.86,24.641831290546424,0
5.0,22,25,Pooling,0.8,21.060504916773397,0
5.0,22,25,Repeated,0.84,23.35939015130336,0
5.0,22,25,S-HCP-within,0.83,13.025879204201754,0
5.0,22,25,Std-CP,0.82,2.975095152949905,0
5.0,22,25,Subsampling,0.8,21.251324308114903,0
5.0,22,30,Donor-HCP-no-within,0.76,12.22037735947684,0
5.0,22,30,Donor-HCP-within,0.78,2.6160152513199204,0
5.0,22,30,HCP,0.86,24.641831290546424,0
5.0,22,30,Pooling,0.8,21.060504916773397,0
5.0,22,30,Repeated,0.84,23.35939015130336,0
5.0,22,30,S-HCP-within,0.75,12.382676578973944,0
5.0,22,30,Std-CP,0.79,2.4257514195652385,0
5.0,22,30,Subsampling,0.8,21.251324308114903,0
5.0,22,35,Donor-HCP-no-within,0.76,12.196124839947192,0
5.0,22,35,Donor-HCP-within,0.79,2.705122269650167,0
5.0,22,35,HCP,0.86,24.641831290546424,0
5.0,22,35,Pooling,0.8,21.060504916773397,0
5.0,22,35,Repeated,0.84,23.35939015130336,0
5.0,22,35,S-HCP-within,0.83,12.712426996835548,0
5.0,22,35,Std-CP,0.82,2.5604734364976607,0
5.0,22,35,Subsampling,0.8,21.251324308114903,0
5.0,23,0,Donor-HCP-no-within,0.87,23.557941871622408,0
5.0,23,0,Donor-HCP-within,0.87,23.557941871622408,0
5.0,23,0,HCP,0.87,23.557941871622408,0
5.0,23,0,Pooling,0.82,20.860632757357894,0
5.0,23,0,Repeated,0.85,22.450653294572543,0
5.0,23,0,S-HCP-within,0.72,16.880680264480034,0
5.0,23,0,Std-CP,1.0,,100
5.0,23,0,Subsampling,0.87,24.20673789544462,0
5.0,23,5,Donor-HCP-no-within,0.73,21.866120174902065,0
5.0,23,5,Donor-HCP-within,0.81,19.221332268653804,0
5.0,23,5,HCP,0.87,23.557941871622408,0
5.0,23,5,Pooling,0.82,20.860632757357894,0
5.0,23,5,Repeated,0.85,22.450653294572543,0
5.0,23,5,S-HCP-within,0.7,16.182821178485135,0
5.0,23,5,Std-CP,0.73,6.0527469289635425,0
5.0,23,5,Subsampling,0.87,24.20673789544462,0
5.0,23,10,Donor-HCP-no-within,0.77,21.617514464142477,0
5.0,23,10,Donor-HCP-within,0.79,17.122596838211496,0
5.0,23,10,HCP,0.87,23.557941871622408,0
5.0,23,10,Pooling,0.82,20.860632757357894,0
5.0,23,10,Repeated,0.85,22.450653294572543,0
5.0,23,10,S-HCP-within,0.7,15.24011015123545,0
5.0,23,10,Std-CP,0.84,82.84125512889736,0
5.0,23,10,Subsampling,0.87,24.20673789544462,0
5.0,23,15,Donor-HCP-no-within,0.76,21.162973453494647,0
5.0,23,15,Donor-HCP-within,0.73,13.186596705302762,0
5.0,23,15,HCP,0.87,23.557941871622408,0
5.0,23,15,Pooling,0.82,20.860632757357894,0
5.0,23,15,Repeated,0.85,22.450653294572543,0
5.0,23,15,S-HCP-within,0.67,15.273938342050934,0
5.0,23,15,Std-CP,0.86,5.302571758209227,0
5.0,23,15,Subsampling,0.87,24.20673789544462,0
5.0,23,20,Donor-HCP-no-within,0.74,20.734686890110957,0
5.0,23,20,Donor-HCP-within,0.8,11.246300371571808,0
5.0,23,20,HCP,0.87,23.557941871622408,0
5.0,23,20,Pooling,0.82,20.860632757357894,0
5.0,23,20,Repeated,0.85,22.450653294572543,0
5.0,23,20,S-HCP-within,0.66,15.035596995367777,0
5.0,23,20,Std-CP,0.79,2.9893121025005205,0
5.0,23,20,Subsampling,0.87,24.20673789544462,0
5.0,23,25,Donor-HCP-no-within,0.82,12.742462228538104,0
5.0,23,25,Donor-HCP-within,0.86,3.324722058185644,0
5.0,23,25,HCP,0.87,23.557941871622408,0
5.0,23,25,Pooling,0.82,20.860632757357894,0
5.0,23,25,Repeated,0.85,22.450653294572543,0
5.0,23,25,S-HCP-within,0.87,13.239815018451859,0
5.0,23,25,Std-CP,0.84,3.027311777825908,0
5.0,23,25,Subsampling,0.87,24.20673789544462,0
5.0,23,30,Donor-HCP-no-within,0.8,12.671172970930911,0
5.0,23,30,Donor-HCP-within,0.8,2.651731450345384,0
5.0,23,30,HCP,0.87,23.557941871622408,0
5.0,23,30,Pooling,0.82,20.860632757357894,0
5.0,23,30,Repeated,0.85,22.450653294572543,0
5.0,23,30,S-HCP-within,0.8,12.642457191136984,0
5.0,23,30,Std-CP,0.82,2.4460233613682725,0
5.0,23,30,Subsampling,0.87,24.20673789544462,0
5.0,23,35,Donor-HCP-no-within,0.8,12.63578013485298,0
5.0,23,35,Donor-HCP-within,0.9,2.834175588420592,0
5.0,23,35,HCP,0.87,23.557941871622408,0
5.0,23,35,Pooling,0.82,20.860632757357894,0
5.0,23,35,Repeated,0.85,22.450653294572543,0
5.0,23,35,S-HCP-within,0.82,12.95073913597509,0
5.0,23,35,Std-CP,0.85,2.5511204699652352,0
5.0,23,35,Subsampling,0.87,24.20673789544462,0
5.0,24,0,Donor-HCP-no-within,0.86,19.7652085508078,0
5.0,24,0,Donor-HCP-within,0.86,19.7652085508078,0
5.0,24,0,HCP,0.86,19.7652085508078,0
5.0,24,0,Pooling,0.8,17.83194171458017,0
5.0,24,0,Repeated,0.84,19.190100459096108,0
5.0,24,0,S-HCP-within,0.97,28.37096601402904,0
5.0,24,0,Std-CP,1.0,,100
5.0,24,0,Subsampling,0.84,19.211422614251656,0
5.0,24,5,Donor-HCP-no-within,0.81,22.096792354560392,0
5.0,24,5,Donor-HCP-within,0.84,20.589731207623714,0
5.0,24,5,HCP,0.86,19.7652085508078,0
5.0,24,5,Pooling,0.8,17.83194171458017,0
5.0,24,5,Repeated,0.84,19.190100459096108,0
5.0,24,5,S-HCP-within,0.96,26.875077836027167,0
5.0,24,5,Std-CP,0.77,5.868058818377818,0
5.0,24,5,Subsampling,0.84,19.211422614251656,0
5.0,24,10,Donor-HCP-no-within,0.88,22.075157952968468,0
5.0,24,10,Donor-HCP-within,0.91,20.512904535778485,0
5.0,24,10,HCP,0.86,19.7652085508078,0
5.0,24,10,Pooling,0.8,17.83194171458017,0
5.0,24,10,Repeated,0.84,19.190100459096108,0
5.0,24,10,S-HCP-within,0.93,19.586723217585313,0
5.0,24,10,Std-CP,0.85,55.20020752879131,0
5.0,24,10,Subsampling,0.84,19.211422614251656,0
5.0,24,15,Donor-HCP-no-within,0.8,20.497345507059755,0
5.0,24,15,Donor-HCP-within,0.86,14.069446248645061,0
5.0,24,15,HCP,0.86,19.7652085508078,0
5.0,24,15,Pooling,0.8,17.83194171458017,0
5.0,24,15,Repeated,0.84,19.190100459096108,0
5.0,24,15,S-HCP-within,0.94,20.082448100391634,0
5.0,24,15,Std-CP,0.85,5.171853262256088,0
5.0,24,15,Subsampling,0.84,19.211422614251656,0
5.0,24,20,Donor-HCP-no-within,0.82,19.669754911813598,0
5.0,24,20,Donor-HCP-within,0.86,11.6003363362097,0
5.0,24,20,HCP,0.86,19.7652085508078,0
5.0,24,20,Pooling,0.8,17.83194171458017,0
5.0,24,20,Repeated,0.84,19.190100459096108,0
5.0,24,20,S-HCP-within,0.94,19.26740596128203,0
5.0,24,20,Std-CP,0.82,2.9093950521094945,0
5.0,24,20,Subsampling,0.84,19.211422614251656,0
5.0,24,25,Donor-HCP-no-within,0.89,12.991450366084027,0
5.0,24,25,Donor-HCP-within,0.85,3.1630711717217097,0
5.0,24,25,HCP,0.86,19.7652085508078,0
5.0,24,25,Pooling,0.8,17.83194171458017,0
5.0,24,25,Repeated,0.84,19.190100459096108,0
5.0,24,25,S-HCP-within,0.9,13.45388445759144,0
5.0,24,25,Std-CP,0.8,2.8407492614359495,0
5.0,24,25,Subsampling,0.84,19.211422614251656,0
5.0,24,30,Donor-HCP-no-within,0.88,12.897654672038314,0
5.0,24,30,Donor-HCP-within,0.78,2.614821246018709,0
5.0,24,30,HCP,0.86,19.7652085508078,0
5.0,24,30,Pooling,0.8,17.83194171458017,0
5.0,24,30,Repeated,0.84,19.190100459096108,0
5.0,24,30,S-HCP-within,0.86,12.933018370132773,0
5.0,24,30,Std-CP,0.76,2.439142781229376,0
5.0,24,30,Subsampling,0.84,19.211422614251656,0
5.0,24,35,Donor-HCP-no-within,0.87,12.886722743582329,0
5.0,24,35,Donor-HCP-within,0.83,2.643803069438113,0
5.0,24,35,HCP,0.86,19.7652085508078,0
5.0,24,35,Pooling,0.8,17.83194171458017,0
5.0,24,35,Repeated,0.84,19.190100459096108,0
5.0,24,35,S-HCP-within,0.86,13.322084630801003,0
5.0,24,35,Std-CP,0.81,2.47566724428802,0
5.0,24,35,Subsampling,0.84,19.211422614251656,0
5.0,25,0,Donor-HCP-no-within,0.65,12.643673959947382,0
5.0,25,0,Donor-HCP-within,0.65,12.643673959947382,0
5.0,25,0,HCP,0.65,12.643673959947382,0
5.0,25,0,Pooling,0.57,10.174120896135353,0
5.0,25,0,Repeated,0.61,11.89804464035298,0
5.0,25,0,S-HCP-within,0.75,15.627131016009379,0
5.0,25,0,Std-CP,1.0,,100
5.0,25,0,Subsampling,0.63,12.321497085471565,0
5.0,25,5,Donor-HCP-no-within,0.61,11.989704057922252,0
5.0,25,5,Donor-HCP-within,0.64,10.986898056045153,0
5.0,25,5,HCP,0.65,12.643673959947382,0
5.0,25,5,Pooling,0.57,10.174120896135353,0
5.0,25,5,Repeated,0.61,11.89804464035298,0
5.0,25,5,S-HCP-within,0.74,15.1646216032848,0
5.0,25,5,Std-CP,0.69,5.650654712788577,0
5.0,25,5,Subsampling,0.63,12.321497085471565,0
5.0,25,10,Donor-HCP-no-within,0.59,11.521890403853615,0
5.0,25,10,Donor-HCP-within,0.72,10.921632889632793,0
5.0,25,10,HCP,0.65,12.643673959947382,0
5.0,25,10,Pooling,0.57,10.174120896135353,0
5.0,25,10,Repeated,0.61,11.89804464035298,0
5.0,25,10,S-HCP-within,0.72,14.529748100927575,0
5.0,25,10,Std-CP,0.82,18.407258658146763,0
5.0,25,10,Subsampling,0.63,12.321497085471565,0
5.0,25,15,Donor-HCP-no-within,0.6,11.118251142982563,0
5.0,25,15,Donor-HCP-within,0.69,8.054845006767597,0
5.0,25,15,HCP,0.65,12.643673959947382,0
5.0,25,15,Pooling,0.57,10.174120896135353,0
5.0,25,15,Repeated,0.61,11.89804464035298,0
5.0,25,15,S-HCP-within,0.73,14.594012457581421,0
5.0,25,15,Std-CP,0.84,4.662523346665747,0
5.0,25,15,Subsampling,0.63,12.321497085471565,0
5.0,25,20,Donor-HCP-no-within,0.57,10.878159663521133,0
5.0,25,20,Donor-HCP-within,0.58,6.115866334676606,0
5.0,25,20,HCP,0.65,12.643673959947382,0
5.0,25,20,Pooling,0.57,10.174120896135353,0
5.0,25,20,Repeated,0.61,11.89804464035298,0
5.0,25,20,S-HCP-within,0.72,14.447907812182395,0
5.0,25,20,Std-CP,0.89,3.0779822914035537,0
5.0,25,20,Subsampling,0.63,12.321497085471565,0
5.0,25,25,Donor-HCP-no-within,0.8,12.331054054954022,0
5.0,25,25,Donor-HCP-within,0.9,3.2385963052768445,0
5.0,25,25,HCP,0.65,12.643673959947382,0
5.0,25,25,Pooling,0.57,10.174120896135353,0
5.0,25,25,Repeated,0.61,11.89804464035298,0
5.0,25,25,S-HCP-within,0.86,12.911967940165281,0
5.0,25,25,Std-CP,0.91,2.8692793383175683,0
5.0,25,25,Subsampling,0.63,12.321497085471565,0
5.0,25,30,Donor-HCP-no-within,0.81,12.277169780477617,0
5.0,25,30,Donor-HCP-within,0.86,2.769661925913806,0
5.0,25,30,HCP,0.65,12.643673959947382,0
5.0,25,30,Pooling,0.57,10.174120896135353,0
5.0,25,30,Repeated,0.61,11.89804464035298,0
5.0,25,30,S-HCP-within,0.84,12.409287299050675,0
5.0,25,30,Std-CP,0.79,2.4483000628547273,0
5.0,25,30,Subsampling,0.63,12.321497085471565,0
5.0,25,35,Donor-HCP-no-within,0.8,12.269430046322963,0
5.0,25,35,Donor-HCP-within,0.9,2.738382624431939,0
5.0,25,35,HCP,0.65,12.643673959947382,0
5.0,25,35,Pooling,0.57,10.174120896135353,0
5.0,25,35,Repeated,0.61,11.89804464035298,0
5.0,25,35,S-HCP-within,0.84,12.749393950533786,0
5.0,25,35,Std-CP,0.86,2.5597060955305118,0
5.0,25,35,Subsampling,0.63,12.321497085471565,0
5.0,26,0,Donor-HCP-no-within,0.69,14.526631013308418,0
5.0,26,0,Donor-HCP-within,0.69,14.526631013308418,0
5.0,26,0,HCP,0.69,14.526631013308418,0
5.0,26,0,Pooling,0.51,10.301940192900815,0
5.0,26,0,Repeated,0.64,12.993347858165743,0
5.0,26,0,S-HCP-within,0.65,11.168400431449339,0
5.0,26,0,Std-CP,1.0,,100
5.0,26,0,Subsampling,0.54,11.035928553535758,0
5.0,26,5,Donor-HCP-no-within,0.63,12.508158813937452,0
5.0,26,5,Donor-HCP-within,0.65,11.629053621842955,0
5.0,26,5,HCP,0.69,14.526631013308418,0
5.0,26,5,Pooling,0.51,10.301940192900815,0
5.0,26,5,Repeated,0.64,12.993347858165743,0
5.0,26,5,S-HCP-within,0.68,10.893793705802231,0
5.0,26,5,Std-CP,0.73,6.209698352603007,0
5.0,26,5,Subsampling,0.54,11.035928553535758,0
5.0,26,10,Donor-HCP-no-within,0.6,11.833110060701934,0
5.0,26,10,Donor-HCP-within,0.68,10.6381558246391,0
5.0,26,10,HCP,0.69,14.526631013308418,0
5.0,26,10,Pooling,0.51,10.301940192900815,0
5.0,26,10,Repeated,0.64,12.993347858165743,0
5.0,26,10,S-HCP-within,0.64,10.436106848355598,0
5.0,26,10,Std-CP,0.9,22.376249870486582,0
5.0,26,10,Subsampling,0.54,11.035928553535758,0
5.0,26,15,Donor-HCP-no-within,0.59,11.573472374502323,0
5.0,26,15,Donor-HCP-within,0.68,7.725617615921277,0
5.0,26,15,HCP,0.69,14.526631013308418,0
5.0,26,15,Pooling,0.51,10.301940192900815,0
5.0,26,15,Repeated,0.64,12.993347858165743,0
5.0,26,15,S-HCP-within,0.62,10.559346566203883,0
5.0,26,15,Std-CP,0.89,4.793647289070932,0
5.0,26,15,Subsampling,0.54,11.035928553535758,0
5.0,26,20,Donor-HCP-no-within,0.58,10.859919891854183,0
5.0,26,20,Donor-HCP-within,0.58,6.0504356522775495,0
5.0,26,20,HCP,0.69,14.526631013308418,0
5.0,26,20,Pooling,0.51,10.301940192900815,0
5.0,26,20,Repeated,0.64,12.993347858165743,0
5.0,26,20,S-HCP-within,0.6,10.3062198677397,0
5.0,26,20,Std-CP,0.79,2.8662732990244733,0
5.0,26,20,Subsampling,0.54,11.035928553535758,0
5.0,26,25,Donor-HCP-no-within,0.87,12.350733301903274,0
5.0,26,25,Donor-HCP-within,0.92,3.0814761359565535,0
5.0,26,25,HCP,0.69,14.526631013308418,0
5.0,26,25,Pooling,0.51,10.301940192900815,0
5.0,26,25,Repeated,0.64,12.993347858165743,0
5.0,26,25,S-HCP-within,0.88,12.744751561778799,0
5.0,26,25,Std-CP,0.86,2.662069969079326,0
5.0,26,25,Subsampling,0.54,11.035928553535758,0
5.0,26,30,Donor-HCP-no-within,0.88,12.298042467879503,0
5.0,26,30,Donor-HCP-within,0.86,2.558844334936044,0
5.0,26,30,HCP,0.69,14.526631013308418,0
5.0,26,30,Pooling,0.51,10.301940192900815,0
5.0,26,30,Repeated,0.64,12.993347858165743,0
5.0,26,30,S-HCP-within,0.87,12.277479083761431,0
5.0,26,30,Std-CP,0.81,2.2455202006128183,0
5.0,26,30,Subsampling,0.54,11.035928553535758,0
5.0,26,35,Donor-HCP-no-within,0.89,12.266638396189885,0
5.0,26,35,Donor-HCP-within,0.88,2.574215745269745,0
5.0,26,35,HCP,0.69,14.526631013308418,0
5.0,26,35,Pooling,0.51,10.301940192900815,0
5.0,26,35,Repeated,0.64,12.993347858165743,0
5.0,26,35,S-HCP-within,0.91,12.526840241461652,0
5.0,26,35,Std-CP,0.85,2.420302030216757,0
5.0,26,35,Subsampling,0.54,11.035928553535758,0
5.0,27,0,Donor-HCP-no-within,0.85,24.96317695792975,0
5.0,27,0,Donor-HCP-within,0.85,24.96317695792975,0
5.0,27,0,HCP,0.85,24.96317695792975,0
5.0,27,0,Pooling,0.8,21.874841372235988,0
5.0,27,0,Repeated,0.85,24.583296783908903,0
5.0,27,0,S-HCP-within,0.78,22.818242364743945,0
5.0,27,0,Std-CP,1.0,,100
5.0,27,0,Subsampling,0.81,22.16419300107198,0
5.0,27,5,Donor-HCP-no-within,0.82,21.037891713073545,0
5.0,27,5,Donor-HCP-within,0.83,18.1826864718722,0
5.0,27,5,HCP,0.85,24.96317695792975,0
5.0,27,5,Pooling,0.8,21.874841372235988,0
5.0,27,5,Repeated,0.85,24.583296783908903,0
5.0,27,5,S-HCP-within,0.8,22.230443537128227,0
5.0,27,5,Std-CP,0.73,5.248237733258158,0
5.0,27,5,Subsampling,0.81,22.16419300107198,0
5.0,27,10,Donor-HCP-no-within,0.8,19.848546564555395,0
5.0,27,10,Donor-HCP-within,0.82,16.341663577312726,0
5.0,27,10,HCP,0.85,24.96317695792975,0
5.0,27,10,Pooling,0.8,21.874841372235988,0
5.0,27,10,Repeated,0.85,24.583296783908903,0
5.0,27,10,S-HCP-within,0.76,20.23137946067945,0
5.0,27,10,Std-CP,0.9,34.37424619875629,0
5.0,27,10,Subsampling,0.81,22.16419300107198,0
5.0,27,15,Donor-HCP-no-within,0.81,19.20984258410066,0
5.0,27,15,Donor-HCP-within,0.83,12.69300638145517,0
5.0,27,15,HCP,0.85,24.96317695792975,0
5.0,27,15,Pooling,0.8,21.874841372235988,0
5.0,27,15,Repeated,0.85,24.583296783908903,0
5.0,27,15,S-HCP-within,0.79,20.578720971189615,0
5.0,27,15,Std-CP,0.9,5.655194072241873,0
5.0,27,15,Subsampling,0.81,22.16419300107198,0
5.0,27,20,Donor-HCP-no-within,0.79,16.984852159800635,0
5.0,27,20,Donor-HCP-within,0.78,9.94669430222117,0
5.0,27,20,HCP,0.85,24.96317695792975,0
5.0,27,20,Pooling,0.8,21.874841372235988,0
5.0,27,20,Repeated,0.85,24.583296783908903,0
5.0,27,20,S-HCP-within,0.76,19.828773074938702,0
5.0,27,20,Std-CP,0.88,2.932241403904797,0
5.0,27,20,Subsampling,0.81,22.16419300107198,0
5.0,27,25,Donor-HCP-no-within,0.82,11.230712866587787,0
5.0,27,25,Donor-HCP-within,0.89,3.2338870208092345,0
5.0,27,25,HCP,0.85,24.96317695792975,0
5.0,27,25,Pooling,0.8,21.874841372235988,0
5.0,27,25,Repeated,0.85,24.583296783908903,0
5.0,27,25,S-HCP-within,0.93,11.766375031542752,0
5.0,27,25,Std-CP,0.88,2.9570523588101434,0
5.0,27,25,Subsampling,0.81,22.16419300107198,0
5.0,27,30,Donor-HCP-no-within,0.82,11.24817384078081,0
5.0,27,30,Donor-HCP-within,0.84,2.491019801184836,0
5.0,27,30,HCP,0.85,24.96317695792975,0
5.0,27,30,Pooling,0.8,21.874841372235988,0
5.0,27,30,Repeated,0.85,24.583296783908903,0
5.0,27,30,S-HCP-within,0.85,11.355293218733712,0
5.0,27,30,Std-CP,0.86,2.3467685042769864,0
5.0,27,30,Subsampling,0.81,22.16419300107198,0
5.0,27,35,Donor-HCP-no-within,0.83,11.243827130171073,0
5.0,27,35,Donor-HCP-within,0.87,2.6206106689817426,0
5.0,27,35,HCP,0.85,24.96317695792975,0
5.0,27,35,Pooling,0.8,21.874841372235988,0
5.0,27,35,Repeated,0.85,24.583296783908903,0
5.0,27,35,S-HCP-within,0.88,11.511082803666923,0
5.0,27,35,Std-CP,0.88,2.4965503462291068,0
5.0,27,35,Subsampling,0.81,22.16419300107198,0
5.0,28,0,Donor-HCP-no-within,0.88,25.942425018531697,0
5.0,28,0,Donor-HCP-within,0.88,25.942425018531697,0
5.0,28,0,HCP,0.88,25.942425018531697,0
5.0,28,0,Pooling,0.84,23.42073081260714,0
5.0,28,0,Repeated,0.87,24.911362785060884,0
5.0,28,0,S-HCP-within,0.9,27.260827884363326,0
5.0,28,0,Std-CP,1.0,,100
5.0,28,0,Subsampling,0.88,25.942425018531697,0
5.0,28,5,Donor-HCP-no-within,0.9,25.773838466079987,0
5.0,28,5,Donor-HCP-within,0.9,23.176925010923124,0
5.0,28,5,HCP,0.88,25.942425018531697,0
5.0,28,5,Pooling,0.84,23.42073081260714,0
5.0,28,5,Repeated,0.87,24.911362785060884,0
5.0,28,5,S-HCP-within,0.87,25.95938477983032,0
5.0,28,5,Std-CP,0.67,5.7295481403927875,0
5.0,28,5,Subsampling,0.88,25.942425018531697,0
5.0,28,10,Donor-HCP-no-within,0.88,25.081208999855257,0
5.0,28,10,Donor-HCP-within,0.83,18.214267504328042,0
5.0,28,10,HCP,0.88,25.942425018531697,0
5.0,28,10,Pooling,0.84,23.42073081260714,0
5.0,28,10,Repeated,0.87,24.911362785060884,0
5.0,28,10,S-HCP-within,0.85,24.62925216728213,0
5.0,28,10,Std-CP,0.82,63.14642593549766,0
5.0,28,10,Subsampling,0.88,25.942425018531697,0
5.0,28,15,Donor-HCP-no-within,0.84,23.908825044457515,0
5.0,28,15,Donor-HCP-within,0.91,15.9180351882764,0
5.0,28,15,HCP,0.88,25.942425018531697,0
5.0,28,15,Pooling,0.84,23.42073081260714,0
5.0,28,15,Repeated,0.87,24.911362785060884,0
5.0,28,15,S-HCP-within,0.88,24.88782172906547,0
5.0,28,15,Std-CP,0.89,5.559852152311302,0
5.0,28,15,Subsampling,0.88,25.942425018531697,0
5.0,28,20,Donor-HCP-no-within,0.89,23.85349127101414,0
5.0,28,20,Donor-HCP-within,0.84,13.20512103116115,0
5.0,28,20,HCP,0.88,25.942425018531697,0
5.0,28,20,Pooling,0.84,23.42073081260714,0
5.0,28,20,Repeated,0.87,24.911362785060884,0
5.0,28,20,S-HCP-within,0.85,24.472672623280165,0
5.0,28,20,Std-CP,0.84,2.883540940215192,0
5.0,28,20,Subsampling,0.88,25.942425018531697,0
5.0,28,25,Donor-HCP-no-within,0.7,10.594319330992365,0
5.0,28,25,Donor-HCP-within,0.87,3.024521140410587,0
5.0,28,25,HCP,0.88,25.942425018531697,0
5.0,28,25,Pooling,0.84,23.42073081260714,0
5.0,28,25,Repeated,0.87,24.911362785060884,0
5.0,28,25,S-HCP-within,0.75,11.11008277163223,0
5.0,28,25,Std-CP,0.81,3.0716308942928343,0
5.0,28,25,Subsampling,0.88,25.942425018531697,0
5.0,28,30,Donor-HCP-no-within,0.7,10.617951071045068,0
5.0,28,30,Donor-HCP-within,0.81,2.551470732833093,0
5.0,28,30,HCP,0.88,25.942425018531697,0
5.0,28,30,Pooling,0.84,23.42073081260714,0
5.0,28,30,Repeated,0.87,24.911362785060884,0
5.0,28,30,S-HCP-within,0.72,10.696240377346157,0
5.0,28,30,Std-CP,0.76,2.461006905263242,0
5.0,28,30,Subsampling,0.88,25.942425018531697,0
5.0,28,35,Donor-HCP-no-within,0.69,10.55174100632043,0
5.0,28,35,Donor-HCP-within,0.85,2.5708240739529886,0
5.0,28,35,HCP,0.88,25.942425018531697,0
5.0,28,35,Pooling,0.84,23.42073081260714,0
5.0,28,35,Repeated,0.87,24.911362785060884,0
5.0,28,35,S-HCP-within,0.72,10.9011051495896,0
5.0,28,35,Std-CP,0.81,2.5089092124232324,0
5.0,28,35,Subsampling,0.88,25.942425018531697,0
5.0,29,0,Donor-HCP-no-within,0.92,32.62073284607151,0
5.0,29,0,Donor-HCP-within,0.92,32.62073284607151,0
5.0,29,0,HCP,0.92,32.62073284607151,0
5.0,29,0,Pooling,0.9,31.801711295828746,0
5.0,29,0,Repeated,0.91,32.585014235042486,0
5.0,29,0,S-HCP-within,0.97,30.430825924681322,0
5.0,29,0,Std-CP,1.0,,100
5.0,29,0,Subsampling,0.9,32.25870986973241,0
5.0,29,5,Donor-HCP-no-within,0.89,29.508380372205234,0
5.0,29,5,Donor-HCP-within,0.94,27.864899174127284,0
5.0,29,5,HCP,0.92,32.62073284607151,0
5.0,29,5,Pooling,0.9,31.801711295828746,0
5.0,29,5,Repeated,0.91,32.585014235042486,0
5.0,29,5,S-HCP-within,0.96,29.298852570537647,0
5.0,29,5,Std-CP,0.76,5.9594280464415865,0
5.0,29,5,Subsampling,0.9,32.25870986973241,0
5.0,29,10,Donor-HCP-no-within,0.9,31.176504980644303,0
5.0,29,10,Donor-HCP-within,0.98,29.110862354318705,0
5.0,29,10,HCP,0.92,32.62073284607151,0
5.0,29,10,Pooling,0.9,31.801711295828746,0
5.0,29,10,Repeated,0.91,32.585014235042486,0
5.0,29,10,S-HCP-within,0.93,20.81535232812692,0
5.0,29,10,Std-CP,0.83,20.29621043323823,0
5.0,29,10,Subsampling,0.9,32.25870986973241,0
5.0,29,15,Donor-HCP-no-within,0.92,26.386409925277132,0
5.0,29,15,Donor-HCP-within,0.89,18.74620521180217,0
5.0,29,15,HCP,0.92,32.62073284607151,0
5.0,29,15,Pooling,0.9,31.801711295828746,0
5.0,29,15,Repeated,0.91,32.585014235042486,0
5.0,29,15,S-HCP-within,0.94,21.46934797165626,0
5.0,29,15,Std-CP,0.88,5.20986632636552,0
5.0,29,15,Subsampling,0.9,32.25870986973241,0
5.0,29,20,Donor-HCP-no-within,0.92,27.200773260472214,0
5.0,29,20,Donor-HCP-within,0.9,15.106672305630315,0
5.0,29,20,HCP,0.92,32.62073284607151,0
5.0,29,20,Pooling,0.9,31.801711295828746,0
5.0,29,20,Repeated,0.91,32.585014235042486,0
5.0,29,20,S-HCP-within,0.95,20.18718095053534,0
5.0,29,20,Std-CP,0.84,3.050977347867685,0
5.0,29,20,Subsampling,0.9,32.25870986973241,0
5.0,29,25,Donor-HCP-no-within,0.81,10.555678452020905,0
5.0,29,25,Donor-HCP-within,0.88,3.288716744912246,0
5.0,29,25,HCP,0.92,32.62073284607151,0
5.0,29,25,Pooling,0.9,31.801711295828746,0
5.0,29,25,Repeated,0.91,32.585014235042486,0
5.0,29,25,S-HCP-within,0.82,11.03393270271338,0
5.0,29,25,Std-CP,0.88,2.9428639172810325,0
5.0,29,25,Subsampling,0.9,32.25870986973241,0
5.0,29,30,Donor-HCP-no-within,0.79,10.532232090391672,0
5.0,29,30,Donor-HCP-within,0.78,2.6645975744626584,0
5.0,29,30,HCP,0.92,32.62073284607151,0
5.0,29,30,Pooling,0.9,31.801711295828746,0
5.0,29,30,Repeated,0.91,32.585014235042486,0
5.0,29,30,S-HCP-within,0.8,10.61657782963461,0
5.0,29,30,Std-CP,0.78,2.450624103707981,0
5.0,29,30,Subsampling,0.9,32.25870986973241,0
5.0,29,35,Donor-HCP-no-within,0.78,10.517945579842893,0
5.0,29,35,Donor-HCP-within,0.8,2.663037226628138,0
5.0,29,35,HCP,0.92,32.62073284607151,0
5.0,29,35,Pooling,0.9,31.801711295828746,0
5.0,29,35,Repeated,0.91,32.585014235042486,0
5.0,29,35,S-HCP-within,0.81,10.832861427488375,0
5.0,29,35,Std-CP,0.87,2.614710329838887,0
5.0,29,35,Subsampling,0.9,32.25870986973241,0
5.0,30,0,Donor-HCP-no-within,0.77,21.336446769835014,0
5.0,30,0,Donor-HCP-within,0.77,21.336446769835014,0
5.0,30,0,HCP,0.77,21.336446769835014,0
5.0,30,0,Pooling,0.72,18.854063641973863,0
5.0,30,0,Repeated,0.74,20.266705198073304,0
5.0,30,0,S-HCP-within,0.8,19.4393429161698,0
5.0,30,0,Std-CP,1.0,,100
5.0,30,0,Subsampling,0.77,20.90154594018091,0
5.0,30,5,Donor-HCP-no-within,0.79,20.3148776161753,0
5.0,30,5,Donor-HCP-within,0.73,17.370839162646295,0
5.0,30,5,HCP,0.77,21.336446769835014,0
5.0,30,5,Pooling,0.72,18.854063641973863,0
5.0,30,5,Repeated,0.74,20.266705198073304,0
5.0,30,5,S-HCP-within,0.82,18.931854432761885,0
5.0,30,5,Std-CP,0.71,6.66160389744512,0
5.0,30,5,Subsampling,0.77,20.90154594018091,0
5.0,30,10,Donor-HCP-no-within,0.73,19.863591881818685,0
5.0,30,10,Donor-HCP-within,0.82,15.220652439552085,0
5.0,30,10,HCP,0.77,21.336446769835014,0
5.0,30,10,Pooling,0.72,18.854063641973863,0
5.0,30,10,Repeated,0.74,20.266705198073304,0
5.0,30,10,S-HCP-within,0.76,17.714929672097913,0
5.0,30,10,Std-CP,0.87,277.6938881999251,0
5.0,30,10,Subsampling,0.77,20.90154594018091,0
5.0,30,15,Donor-HCP-no-within,0.73,19.196378761116772,0
5.0,30,15,Donor-HCP-within,0.77,12.125598445580636,0
5.0,30,15,HCP,0.77,21.336446769835014,0
5.0,30,15,Pooling,0.72,18.854063641973863,0
5.0,30,15,Repeated,0.74,20.266705198073304,0
5.0,30,15,S-HCP-within,0.8,17.892846663227736,0
5.0,30,15,Std-CP,0.88,4.550028926389428,0
5.0,30,15,Subsampling,0.77,20.90154594018091,0
5.0,30,20,Donor-HCP-no-within,0.71,18.75914500331342,0
5.0,30,20,Donor-HCP-within,0.7,9.947407111035515,0
5.0,30,20,HCP,0.77,21.336446769835014,0
5.0,30,20,Pooling,0.72,18.854063641973863,0
5.0,30,20,Repeated,0.74,20.266705198073304,0
5.0,30,20,S-HCP-within,0.77,17.48135835914576,0
5.0,30,20,Std-CP,0.86,2.851774246950731,0
5.0,30,20,Subsampling,0.77,20.90154594018091,0
5.0,30,25,Donor-HCP-no-within,0.85,12.361071271036645,0
5.0,30,25,Donor-HCP-within,0.84,3.1733995551692096,0
5.0,30,25,HCP,0.77,21.336446769835014,0
5.0,30,25,Pooling,0.72,18.854063641973863,0
5.0,30,25,Repeated,0.74,20.266705198073304,0
5.0,30,25,S-HCP-within,0.89,12.804959336757154,0
5.0,30,25,Std-CP,0.86,2.769462370702011,0
5.0,30,25,Subsampling,0.77,20.90154594018091,0
5.0,30,30,Donor-HCP-no-within,0.84,12.362247768557943,0
5.0,30,30,Donor-HCP-within,0.8,2.5678655942967543,0
5.0,30,30,HCP,0.77,21.336446769835014,0
5.0,30,30,Pooling,0.72,18.854063641973863,0
5.0,30,30,Repeated,0.74,20.266705198073304,0
5.0,30,30,S-HCP-within,0.87,12.474049721018416,0
5.0,30,30,Std-CP,0.85,2.442021226382016,0
5.0,30,30,Subsampling,0.77,20.90154594018091,0
5.0,30,35,Donor-HCP-no-within,0.83,12.356876073909877,0
5.0,30,35,Donor-HCP-within,0.87,2.6591983430593102,0
5.0,30,35,HCP,0.77,21.336446769835014,0
5.0,30,35,Pooling,0.72,18.854063641973863,0
5.0,30,35,Repeated,0.74,20.266705198073304,0
5.0,30,35,S-HCP-within,0.88,12.67037141075536,0
5.0,30,35,Std-CP,0.88,2.3127549224814694,0
5.0,30,35,Subsampling,0.77,20.90154594018091,0
5.0,31,0,Donor-HCP-no-within,0.84,21.00654823680124,0
5.0,31,0,Donor-HCP-within,0.84,21.00654823680124,0
5.0,31,0,HCP,0.84,21.00654823680124,0
5.0,31,0,Pooling,0.83,19.925248811410015,0
5.0,31,0,Repeated,0.84,20.56096562402729,0
5.0,31,0,S-HCP-within,0.69,16.27005206673386,0
5.0,31,0,Std-CP,1.0,,100
5.0,31,0,Subsampling,0.85,21.38115828107646,0
5.0,31,5,Donor-HCP-no-within,0.79,18.407628514864463,0
5.0,31,5,Donor-HCP-within,0.86,16.568230474088445,0
5.0,31,5,HCP,0.84,21.00654823680124,0
5.0,31,5,Pooling,0.83,19.925248811410015,0
5.0,31,5,Repeated,0.84,20.56096562402729,0
5.0,31,5,S-HCP-within,0.69,16.11770350329839,0
5.0,31,5,Std-CP,0.83,6.59462963154201,0
5.0,31,5,Subsampling,0.85,21.38115828107646,0
5.0,31,10,Donor-HCP-no-within,0.79,18.209670413654994,0
5.0,31,10,Donor-HCP-within,0.82,12.680990680971426,0
5.0,31,10,HCP,0.84,21.00654823680124,0
5.0,31,10,Pooling,0.83,19.925248811410015,0
5.0,31,10,Repeated,0.84,20.56096562402729,0
5.0,31,10,S-HCP-within,0.67,15.817031450536904,0
5.0,31,10,Std-CP,0.74,35.95100461564312,0
5.0,31,10,Subsampling,0.85,21.38115828107646,0
5.0,31,15,Donor-HCP-no-within,0.84,18.103471964836604,0
5.0,31,15,Donor-HCP-within,0.8,10.891604598148797,0
5.0,31,15,HCP,0.84,21.00654823680124,0
5.0,31,15,Pooling,0.83,19.925248811410015,0
5.0,31,15,Repeated,0.84,20.56096562402729,0
5.0,31,15,S-HCP-within,0.68,15.937355511365908,0
5.0,31,15,Std-CP,0.94,5.412408079533261,0
5.0,31,15,Subsampling,0.85,21.38115828107646,0
5.0,31,20,Donor-HCP-no-within,0.76,16.706675793646603,0
5.0,31,20,Donor-HCP-within,0.79,9.264499538851965,0
5.0,31,20,HCP,0.84,21.00654823680124,0
5.0,31,20,Pooling,0.83,19.925248811410015,0
5.0,31,20,Repeated,0.84,20.56096562402729,0
5.0,31,20,S-HCP-within,0.67,15.812724107686698,0
5.0,31,20,Std-CP,0.85,2.889375126631,0
5.0,31,20,Subsampling,0.85,21.38115828107646,0
5.0,31,25,Donor-HCP-no-within,0.79,12.246771185577918,0
5.0,31,25,Donor-HCP-within,0.83,3.221302170760772,0
5.0,31,25,HCP,0.84,21.00654823680124,0
5.0,31,25,Pooling,0.83,19.925248811410015,0
5.0,31,25,Repeated,0.84,20.56096562402729,0
5.0,31,25,S-HCP-within,0.84,12.79071313017583,0
5.0,31,25,Std-CP,0.87,2.819074008057348,0
5.0,31,25,Subsampling,0.85,21.38115828107646,0
5.0,31,30,Donor-HCP-no-within,0.78,12.255491008804457,0
5.0,31,30,Donor-HCP-within,0.81,2.614710953438535,0
5.0,31,30,HCP,0.84,21.00654823680124,0
5.0,31,30,Pooling,0.83,19.925248811410015,0
5.0,31,30,Repeated,0.84,20.56096562402729,0
5.0,31,30,S-HCP-within,0.75,12.33591475415375,0
5.0,31,30,Std-CP,0.8,2.4075888414808113,0
5.0,31,30,Subsampling,0.85,21.38115828107646,0
5.0,31,35,Donor-HCP-no-within,0.79,12.289474310352409,0
5.0,31,35,Donor-HCP-within,0.78,2.6851078395992283,0
5.0,31,35,HCP,0.84,21.00654823680124,0
5.0,31,35,Pooling,0.83,19.925248811410015,0
5.0,31,35,Repeated,0.84,20.56096562402729,0
5.0,31,35,S-HCP-within,0.8,12.619686460932858,0
5.0,31,35,Std-CP,0.85,2.52252886536599,0
5.0,31,35,Subsampling,0.85,21.38115828107646,0
5.0,32,0,Donor-HCP-no-within,0.82,14.861582779844325,0
5.0,32,0,Donor-HCP-within,0.82,14.861582779844325,0
5.0,32,0,HCP,0.82,14.861582779844325,0
5.0,32,0,Pooling,0.64,11.097476420210128,0
5.0,32,0,Repeated,0.79,13.853125619304478,0
5.0,32,0,S-HCP-within,0.82,18.905210153048515,0
5.0,32,0,Std-CP,1.0,,100
5.0,32,0,Subsampling,0.87,17.18579005192782,0
5.0,32,5,Donor-HCP-no-within,0.81,16.722309128404763,0
5.0,32,5,Donor-HCP-within,0.83,14.485950937377757,0
5.0,32,5,HCP,0.82,14.861582779844325,0
5.0,32,5,Pooling,0.64,11.097476420210128,0
5.0,32,5,Repeated,0.79,13.853125619304478,0
5.0,32,5,S-HCP-within,0.83,18.721920983475727,0
5.0,32,5,Std-CP,0.78,5.800637523353536,0
5.0,32,5,Subsampling,0.87,17.18579005192782,0
5.0,32,10,Donor-HCP-no-within,0.8,16.197505047776886,0
5.0,32,10,Donor-HCP-within,0.83,13.240160760963843,0
5.0,32,10,HCP,0.82,14.861582779844325,0
5.0,32,10,Pooling,0.64,11.097476420210128,0
5.0,32,10,Repeated,0.79,13.853125619304478,0
5.0,32,10,S-HCP-within,0.81,18.43559760844433,0
5.0,32,10,Std-CP,0.8,19.662397257694643,0
5.0,32,10,Subsampling,0.87,17.18579005192782,0
5.0,32,15,Donor-HCP-no-within,0.8,15.151219199199183,0
5.0,32,15,Donor-HCP-within,0.79,9.598539883431704,0
5.0,32,15,HCP,0.82,14.861582779844325,0
5.0,32,15,Pooling,0.64,11.097476420210128,0
5.0,32,15,Repeated,0.79,13.853125619304478,0
5.0,32,15,S-HCP-within,0.82,18.509959403969575,0
5.0,32,15,Std-CP,0.9,5.365905569483118,0
5.0,32,15,Subsampling,0.87,17.18579005192782,0
5.0,32,20,Donor-HCP-no-within,0.82,14.88229362637702,0
5.0,32,20,Donor-HCP-within,0.74,7.860326073369943,0
5.0,32,20,HCP,0.82,14.861582779844325,0
5.0,32,20,Pooling,0.64,11.097476420210128,0
5.0,32,20,Repeated,0.79,13.853125619304478,0
5.0,32,20,S-HCP-within,0.83,18.36933348247574,0
5.0,32,20,Std-CP,0.81,3.0030980073298057,0
5.0,32,20,Subsampling,0.87,17.18579005192782,0
5.0,32,25,Donor-HCP-no-within,0.79,10.34092358959316,0
5.0,32,25,Donor-HCP-within,0.84,3.173792554930184,0
5.0,32,25,HCP,0.82,14.861582779844325,0
5.0,32,25,Pooling,0.64,11.097476420210128,0
5.0,32,25,Repeated,0.79,13.853125619304478,0
5.0,32,25,S-HCP-within,0.81,10.901059836161325,0
5.0,32,25,Std-CP,0.86,2.9208532877145,0
5.0,32,25,Subsampling,0.87,17.18579005192782,0
5.0,32,30,Donor-HCP-no-within,0.78,10.287833687428574,0
5.0,32,30,Donor-HCP-within,0.81,2.6122535753115694,0
5.0,32,30,HCP,0.82,14.861582779844325,0
5.0,32,30,Pooling,0.64,11.097476420210128,0
5.0,32,30,Repeated,0.79,13.853125619304478,0
5.0,32,30,S-HCP-within,0.8,10.421033937274292,0
5.0,32,30,Std-CP,0.85,2.460067854524887,0
5.0,32,30,Subsampling,0.87,17.18579005192782,0
5.0,32,35,Donor-HCP-no-within,0.8,10.304157232374523,0
5.0,32,35,Donor-HCP-within,0.84,2.7025681842138125,0
5.0,32,35,HCP,0.82,14.861582779844325,0
5.0,32,35,Pooling,0.64,11.097476420210128,0
5.0,32,35,Repeated,0.79,13.853125619304478,0
5.0,32,35,S-HCP-within,0.84,10.785451641835126,0
5.0,32,35,Std-CP,0.87,2.635000408456465,0
5.0,32,35,Subsampling,0.87,17.18579005192782,0
5.0,33,0,Donor-HCP-no-within,0.79,39.1621762199242,0
5.0,33,0,Donor-HCP-within,0.79,39.1621762199242,0
5.0,33,0,HCP,0.79,39.1621762199242,0
5.0,33,0,Pooling,0.75,35.94043305567682,0
5.0,33,0,Repeated,0.78,37.97721101059707,0
5.0,33,0,S-HCP-within,0.83,31.66593140586463,0
5.0,33,0,Std-CP,1.0,,100
5.0,33,0,Subsampling,0.78,38.03368988989114,0
5.0,33,5,Donor-HCP-no-within,0.79,23.938507302226704,0
5.0,33,5,Donor-HCP-within,0.8,22.64825550086358,0
5.0,33,5,HCP,0.79,39.1621762199242,0
5.0,33,5,Pooling,0.75,35.94043305567682,0
5.0,33,5,Repeated,0.78,37.97721101059707,0
5.0,33,5,S-HCP-within,0.84,31.174581706124826,0
5.0,33,5,Std-CP,0.73,5.964925508361656,0
5.0,33,5,Subsampling,0.78,38.03368988989114,0
5.0,33,10,Donor-HCP-no-within,0.73,24.167332213301496,0
5.0,33,10,Donor-HCP-within,0.94,26.633038318909627,0
5.0,33,10,HCP,0.79,39.1621762199242,0
5.0,33,10,Pooling,0.75,35.94043305567682,0
5.0,33,10,Repeated,0.78,37.97721101059707,0
5.0,33,10,S-HCP-within,0.83,30.730773415857637,0
5.0,33,10,Std-CP,0.78,24.76684406002692,0
5.0,33,10,Subsampling,0.78,38.03368988989114,0
5.0,33,15,Donor-HCP-no-within,0.78,23.189813145036606,0
5.0,33,15,Donor-HCP-within,0.78,14.736806041315193,0
5.0,33,15,HCP,0.79,39.1621762199242,0
5.0,33,15,Pooling,0.75,35.94043305567682,0
5.0,33,15,Repeated,0.78,37.97721101059707,0
5.0,33,15,S-HCP-within,0.82,30.803814402828415,0
5.0,33,15,Std-CP,0.91,5.280996027738825,0
5.0,33,15,Subsampling,0.78,38.03368988989114,0
5.0,33,20,Donor-HCP-no-within,0.78,22.01313993189257,0
5.0,33,20,Donor-HCP-within,0.77,12.525158231965879,0
5.0,33,20,HCP,0.79,39.1621762199242,0
5.0,33,20,Pooling,0.75,35.94043305567682,0
5.0,33,20,Repeated,0.78,37.97721101059707,0
5.0,33,20,S-HCP-within,0.8,30.56769064260769,0
5.0,33,20,Std-CP,0.81,2.8650683165058526,0
5.0,33,20,Subsampling,0.78,38.03368988989114,0
5.0,33,25,Donor-HCP-no-within,0.83,10.424123463518306,0
5.0,33,25,Donor-HCP-within,0.85,3.142595595520232,0
5.0,33,25,HCP,0.79,39.1621762199242,0
5.0,33,25,Pooling,0.75,35.94043305567682,0
5.0,33,25,Repeated,0.78,37.97721101059707,0
5.0,33,25,S-HCP-within,0.88,10.807083687474679,0
5.0,33,25,Std-CP,0.82,3.017196107276417,0
5.0,33,25,Subsampling,0.78,38.03368988989114,0
5.0,33,30,Donor-HCP-no-within,0.82,10.40172573135915,0
5.0,33,30,Donor-HCP-within,0.8,2.603858105562011,0
5.0,33,30,HCP,0.79,39.1621762199242,0
5.0,33,30,Pooling,0.75,35.94043305567682,0
5.0,33,30,Repeated,0.78,37.97721101059707,0
5.0,33,30,S-HCP-within,0.83,10.496833083096506,0
5.0,33,30,Std-CP,0.79,2.4736542763239293,0
5.0,33,30,Subsampling,0.78,38.03368988989114,0
5.0,33,35,Donor-HCP-no-within,0.83,10.397764395887974,0
5.0,33,35,Donor-HCP-within,0.84,2.6547526421157284,0
5.0,33,35,HCP,0.79,39.1621762199242,0
5.0,33,35,Pooling,0.75,35.94043305567682,0
5.0,33,35,Repeated,0.78,37.97721101059707,0
5.0,33,35,S-HCP-within,0.89,10.690192265921697,0
5.0,33,35,Std-CP,0.79,2.6651799451881772,0
5.0,33,35,Subsampling,0.78,38.03368988989114,0
5.0,34,0,Donor-HCP-no-within,0.68,16.48018331712402,0
5.0,34,0,Donor-HCP-within,0.68,16.48018331712402,0
5.0,34,0,HCP,0.68,16.48018331712402,0
5.0,34,0,Pooling,0.59,14.513222207479874,0
5.0,34,0,Repeated,0.62,15.378228750915088,0
5.0,34,0,S-HCP-within,0.87,21.35204144219299,0
5.0,34,0,Std-CP,1.0,,100
5.0,34,0,Subsampling,0.74,17.50181642876334,0
5.0,34,5,Donor-HCP-no-within,0.74,18.860508118043654,0
5.0,34,5,Donor-HCP-within,0.72,16.086051059724465,0
5.0,34,5,HCP,0.68,16.48018331712402,0
5.0,34,5,Pooling,0.59,14.513222207479874,0
5.0,34,5,Repeated,0.62,15.378228750915088,0
5.0,34,5,S-HCP-within,0.86,19.968931146949874,0
5.0,34,5,Std-CP,0.76,6.622480472211054,0
5.0,34,5,Subsampling,0.74,17.50181642876334,0
5.0,34,10,Donor-HCP-no-within,0.77,18.31618579093217,0
5.0,34,10,Donor-HCP-within,0.77,15.822533794900954,0
5.0,34,10,HCP,0.68,16.48018331712402,0
5.0,34,10,Pooling,0.59,14.513222207479874,0
5.0,34,10,Repeated,0.62,15.378228750915088,0
5.0,34,10,S-HCP-within,0.84,16.543607154594476,0
5.0,34,10,Std-CP,0.79,14.745990991283128,0
5.0,34,10,Subsampling,0.74,17.50181642876334,0
5.0,34,15,Donor-HCP-no-within,0.69,17.699478477385053,0
5.0,34,15,Donor-HCP-within,0.74,11.435425514703088,0
5.0,34,15,HCP,0.68,16.48018331712402,0
5.0,34,15,Pooling,0.59,14.513222207479874,0
5.0,34,15,Repeated,0.62,15.378228750915088,0
5.0,34,15,S-HCP-within,0.82,17.093054245715393,0
5.0,34,15,Std-CP,0.86,5.497877325325261,0
5.0,34,15,Subsampling,0.74,17.50181642876334,0
5.0,34,20,Donor-HCP-no-within,0.67,17.423853083241607,0
5.0,34,20,Donor-HCP-within,0.72,9.20709656187372,0
5.0,34,20,HCP,0.68,16.48018331712402,0
5.0,34,20,Pooling,0.59,14.513222207479874,0
5.0,34,20,Repeated,0.62,15.378228750915088,0
5.0,34,20,S-HCP-within,0.82,15.946332709742714,0
5.0,34,20,Std-CP,0.81,3.074416327310579,0
5.0,34,20,Subsampling,0.74,17.50181642876334,0
5.0,34,25,Donor-HCP-no-within,0.72,12.308416436859051,0
5.0,34,25,Donor-HCP-within,0.81,3.5096370404633785,0
5.0,34,25,HCP,0.68,16.48018331712402,0
5.0,34,25,Pooling,0.59,14.513222207479874,0
5.0,34,25,Repeated,0.62,15.378228750915088,0
5.0,34,25,S-HCP-within,0.79,12.848965540280547,0
5.0,34,25,Std-CP,0.89,3.1323506889969934,0
5.0,34,25,Subsampling,0.74,17.50181642876334,0
5.0,34,30,Donor-HCP-no-within,0.72,12.274207720980849,0
5.0,34,30,Donor-HCP-within,0.82,2.7984518200484736,0
5.0,34,30,HCP,0.68,16.48018331712402,0
5.0,34,30,Pooling,0.59,14.513222207479874,0
5.0,34,30,Repeated,0.62,15.378228750915088,0
5.0,34,30,S-HCP-within,0.74,12.479440311849546,0
5.0,34,30,Std-CP,0.81,2.649663973611561,0
5.0,34,30,Subsampling,0.74,17.50181642876334,0
5.0,34,35,Donor-HCP-no-within,0.7,12.25688491254819,0
5.0,34,35,Donor-HCP-within,0.85,2.946880831784761,0
5.0,34,35,HCP,0.68,16.48018331712402,0
5.0,34,35,Pooling,0.59,14.513222207479874,0
5.0,34,35,Repeated,0.62,15.378228750915088,0
5.0,34,35,S-HCP-within,0.73,12.643776919620905,0
5.0,34,35,Std-CP,0.84,2.715812932132744,0
5.0,34,35,Subsampling,0.74,17.50181642876334,0
5.0,35,0,Donor-HCP-no-within,0.91,26.691006558626817,0
5.0,35,0,Donor-HCP-within,0.91,26.691006558626817,0
5.0,35,0,HCP,0.91,26.691006558626817,0
5.0,35,0,Pooling,0.84,23.277488176378423,0
5.0,35,0,Repeated,0.89,25.894645584298868,0
5.0,35,0,S-HCP-within,0.7,22.52316645846279,0
5.0,35,0,Std-CP,1.0,,100
5.0,35,0,Subsampling,0.86,24.30319930628866,0
5.0,35,5,Donor-HCP-no-within,0.79,23.31965883363266,0
5.0,35,5,Donor-HCP-within,0.82,19.89425520072635,0
5.0,35,5,HCP,0.91,26.691006558626817,0
5.0,35,5,Pooling,0.84,23.277488176378423,0
5.0,35,5,Repeated,0.89,25.894645584298868,0
5.0,35,5,S-HCP-within,0.7,22.11837693688743,0
5.0,35,5,Std-CP,0.75,6.2072168902968485,0
5.0,35,5,Subsampling,0.86,24.30319930628866,0
5.0,35,10,Donor-HCP-no-within,0.81,22.820826483049697,0
5.0,35,10,Donor-HCP-within,0.85,18.508259473970597,0
5.0,35,10,HCP,0.91,26.691006558626817,0
5.0,35,10,Pooling,0.84,23.277488176378423,0
5.0,35,10,Repeated,0.89,25.894645584298868,0
5.0,35,10,S-HCP-within,0.68,21.56883127318813,0
5.0,35,10,Std-CP,0.84,65.21616854346262,0
5.0,35,10,Subsampling,0.86,24.30319930628866,0
5.0,35,15,Donor-HCP-no-within,0.82,22.05028214947026,0
5.0,35,15,Donor-HCP-within,0.85,14.341205919641611,0
5.0,35,15,HCP,0.91,26.691006558626817,0
5.0,35,15,Pooling,0.84,23.277488176378423,0
5.0,35,15,Repeated,0.89,25.894645584298868,0
5.0,35,15,S-HCP-within,0.67,21.664307562389375,0
5.0,35,15,Std-CP,0.89,5.290957119954832,0
5.0,35,15,Subsampling,0.86,24.30319930628866,0
5.0,35,20,Donor-HCP-no-within,0.84,21.256611644065618,0
5.0,35,20,Donor-HCP-within,0.84,11.471975566369828,0
5.0,35,20,HCP,0.91,26.691006558626817,0
5.0,35,20,Pooling,0.84,23.277488176378423,0
5.0,35,20,Repeated,0.89,25.894645584298868,0
5.0,35,20,S-HCP-within,0.67,21.401443993127476,0
5.0,35,20,Std-CP,0.83,2.997262664880823,0
5.0,35,20,Subsampling,0.86,24.30319930628866,0
5.0,35,25,Donor-HCP-no-within,0.75,13.120287777571656,0
5.0,35,25,Donor-HCP-within,0.84,3.1957282153511115,0
5.0,35,25,HCP,0.91,26.691006558626817,0
5.0,35,25,Pooling,0.84,23.277488176378423,0
5.0,35,25,Repeated,0.89,25.894645584298868,0
5.0,35,25,S-HCP-within,0.81,13.592941436321757,0
5.0,35,25,Std-CP,0.88,3.0079712493133877,0
5.0,35,25,Subsampling,0.86,24.30319930628866,0
5.0,35,30,Donor-HCP-no-within,0.74,13.09733419314122,0
5.0,35,30,Donor-HCP-within,0.78,2.6267938013414933,0
5.0,35,30,HCP,0.91,26.691006558626817,0
5.0,35,30,Pooling,0.84,23.277488176378423,0
5.0,35,30,Repeated,0.89,25.894645584298868,0
5.0,35,30,S-HCP-within,0.75,13.127698537062626,0
5.0,35,30,Std-CP,0.8,2.4425685486666167,0
5.0,35,30,Subsampling,0.86,24.30319930628866,0
5.0,35,35,Donor-HCP-no-within,0.75,13.09946830135871,0
5.0,35,35,Donor-HCP-within,0.84,2.7779587585596346,0
5.0,35,35,HCP,0.91,26.691006558626817,0
5.0,35,35,Pooling,0.84,23.277488176378423,0
5.0,35,35,Repeated,0.89,25.894645584298868,0
5.0,35,35,S-HCP-within,0.79,13.408681444917859,0
5.0,35,35,Std-CP,0.87,2.645586423781391,0
5.0,35,35,Subsampling,0.86,24.30319930628866,0
5.0,36,0,Donor-HCP-no-within,0.94,26.713147912703786,0
5.0,36,0,Donor-HCP-within,0.94,26.713147912703786,0
5.0,36,0,HCP,0.94,26.713147912703786,0
5.0,36,0,Pooling,0.92,25.083287530488747,0
5.0,36,0,Repeated,0.92,25.607770351862538,0
5.0,36,0,S-HCP-within,0.96,38.79993765728556,0
5.0,36,0,Std-CP,1.0,,100
5.0,36,0,Subsampling,0.94,26.713147912703786,0
5.0,36,5,Donor-HCP-no-within,0.91,26.883415358720555,0
5.0,36,5,Donor-HCP-within,0.94,22.17692539405397,0
5.0,36,5,HCP,0.94,26.713147912703786,0
5.0,36,5,Pooling,0.92,25.083287530488747,0
5.0,36,5,Repeated,0.92,25.607770351862538,0
5.0,36,5,S-HCP-within,0.99,37.08119324129419,0
5.0,36,5,Std-CP,0.78,5.610493641428916,0
5.0,36,5,Subsampling,0.94,26.713147912703786,0
5.0,36,10,Donor-HCP-no-within,0.96,25.397589923844222,0
5.0,36,10,Donor-HCP-within,0.93,18.835685170099325,0
5.0,36,10,HCP,0.94,26.713147912703786,0
5.0,36,10,Pooling,0.92,25.083287530488747,0
5.0,36,10,Repeated,0.92,25.607770351862538,0
5.0,36,10,S-HCP-within,0.97,35.07636207593756,0
5.0,36,10,Std-CP,0.79,17.613629649589356,0
5.0,36,10,Subsampling,0.94,26.713147912703786,0
5.0,36,15,Donor-HCP-no-within,0.86,25.253650795016924,0
5.0,36,15,Donor-HCP-within,0.9,15.492032270981849,0
5.0,36,15,HCP,0.94,26.713147912703786,0
5.0,36,15,Pooling,0.92,25.083287530488747,0
5.0,36,15,Repeated,0.92,25.607770351862538,0
5.0,36,15,S-HCP-within,0.98,35.38533753801373,0
5.0,36,15,Std-CP,0.9,4.906048045364257,0
5.0,36,15,Subsampling,0.94,26.713147912703786,0
5.0,36,20,Donor-HCP-no-within,0.93,23.597705561208,0
5.0,36,20,Donor-HCP-within,0.88,13.430787536136563,0
5.0,36,20,HCP,0.94,26.713147912703786,0
5.0,36,20,Pooling,0.92,25.083287530488747,0
5.0,36,20,Repeated,0.92,25.607770351862538,0
5.0,36,20,S-HCP-within,0.97,34.73478108837728,0
5.0,36,20,Std-CP,0.84,3.043345588367054,0
5.0,36,20,Subsampling,0.94,26.713147912703786,0
5.0,36,25,Donor-HCP-no-within,0.8,12.57716852759067,0
5.0,36,25,Donor-HCP-within,0.89,3.4121569002641383,0
5.0,36,25,HCP,0.94,26.713147912703786,0
5.0,36,25,Pooling,0.92,25.083287530488747,0
5.0,36,25,Repeated,0.92,25.607770351862538,0
5.0,36,25,S-HCP-within,0.87,13.198825480348946,0
5.0,36,25,Std-CP,0.87,3.1770344628543916,0
5.0,36,25,Subsampling,0.94,26.713147912703786,0
5.0,36,30,Donor-HCP-no-within,0.79,12.560603303607934,0
5.0,36,30,Donor-HCP-within,0.86,2.7679816060986453,0
5.0,36,30,HCP,0.94,26.713147912703786,0
5.0,36,30,Pooling,0.92,25.083287530488747,0
5.0,36,30,Repeated,0.92,25.607770351862538,0
5.0,36,30,S-HCP-within,0.82,12.73780518866219,0
5.0,36,30,Std-CP,0.83,2.5511994542720045,0
5.0,36,30,Subsampling,0.94,26.713147912703786,0
5.0,36,35,Donor-HCP-no-within,0.78,12.542206974747687,0
5.0,36,35,Donor-HCP-within,0.88,2.733026143917103,0
5.0,36,35,HCP,0.94,26.713147912703786,0
5.0,36,35,Pooling,0.92,25.083287530488747,0
5.0,36,35,Repeated,0.92,25.607770351862538,0
5.0,36,35,S-HCP-within,0.85,13.027234730741025,0
5.0,36,35,Std-CP,0.81,2.6204637150718555,0
5.0,36,35,Subsampling,0.94,26.713147912703786,0
5.0,37,0,Donor-HCP-no-within,0.74,18.511166277295366,0
5.0,37,0,Donor-HCP-within,0.74,18.511166277295366,0
5.0,37,0,HCP,0.74,18.511166277295366,0
5.0,37,0,Pooling,0.7,16.241009548285128,0
5.0,37,0,Repeated,0.73,17.927136639548074,0
5.0,37,0,S-HCP-within,0.67,17.196114370330726,0
5.0,37,0,Std-CP,1.0,,100
5.0,37,0,Subsampling,0.72,16.674082552166304,0
5.0,37,5,Donor-HCP-no-within,0.88,24.144808850984568,0
5.0,37,5,Donor-HCP-within,0.88,20.379627585298508,0
5.0,37,5,HCP,0.74,18.511166277295366,0
5.0,37,5,Pooling,0.7,16.241009548285128,0
5.0,37,5,Repeated,0.73,17.927136639548074,0
5.0,37,5,S-HCP-within,0.68,17.05889525690921,0
5.0,37,5,Std-CP,0.74,5.85694248779006,0
5.0,37,5,Subsampling,0.72,16.674082552166304,0
5.0,37,10,Donor-HCP-no-within,0.91,23.940517015439013,0
5.0,37,10,Donor-HCP-within,0.91,17.103250030228267,0
5.0,37,10,HCP,0.74,18.511166277295366,0
5.0,37,10,Pooling,0.7,16.241009548285128,0
5.0,37,10,Repeated,0.73,17.927136639548074,0
5.0,37,10,S-HCP-within,0.65,15.926280978439651,0
5.0,37,10,Std-CP,0.88,33.00753402088637,0
5.0,37,10,Subsampling,0.72,16.674082552166304,0
5.0,37,15,Donor-HCP-no-within,0.89,23.35263683465723,0
5.0,37,15,Donor-HCP-within,0.89,14.812105955268482,0
5.0,37,15,HCP,0.74,18.511166277295366,0
5.0,37,15,Pooling,0.7,16.241009548285128,0
5.0,37,15,Repeated,0.73,17.927136639548074,0
5.0,37,15,S-HCP-within,0.66,16.470735359600607,0
5.0,37,15,Std-CP,0.92,4.609132129724046,0
5.0,37,15,Subsampling,0.72,16.674082552166304,0
5.0,37,20,Donor-HCP-no-within,0.88,20.360364749332465,0
5.0,37,20,Donor-HCP-within,0.93,12.614608644172929,0
5.0,37,20,HCP,0.74,18.511166277295366,0
5.0,37,20,Pooling,0.7,16.241009548285128,0
5.0,37,20,Repeated,0.73,17.927136639548074,0
5.0,37,20,S-HCP-within,0.64,16.101916115965235,0
5.0,37,20,Std-CP,0.89,2.7730733214182077,0
5.0,37,20,Subsampling,0.72,16.674082552166304,0
5.0,37,25,Donor-HCP-no-within,0.81,11.711042093585618,0
5.0,37,25,Donor-HCP-within,0.88,3.0400213528891737,0
5.0,37,25,HCP,0.74,18.511166277295366,0
5.0,37,25,Pooling,0.7,16.241009548285128,0
5.0,37,25,Repeated,0.73,17.927136639548074,0
5.0,37,25,S-HCP-within,0.87,12.183696510420337,0
5.0,37,25,Std-CP,0.85,2.7778048887180073,0
5.0,37,25,Subsampling,0.72,16.674082552166304,0
5.0,37,30,Donor-HCP-no-within,0.8,11.658073477710966,0
5.0,37,30,Donor-HCP-within,0.85,2.5769513927261225,0
5.0,37,30,HCP,0.74,18.511166277295366,0
5.0,37,30,Pooling,0.7,16.241009548285128,0
5.0,37,30,Repeated,0.73,17.927136639548074,0
5.0,37,30,S-HCP-within,0.83,11.795270650333526,0
5.0,37,30,Std-CP,0.84,2.2579279101614778,0
5.0,37,30,Subsampling,0.72,16.674082552166304,0
5.0,37,35,Donor-HCP-no-within,0.8,11.639080208314333,0
5.0,37,35,Donor-HCP-within,0.87,2.57109705174195,0
5.0,37,35,HCP,0.74,18.511166277295366,0
5.0,37,35,Pooling,0.7,16.241009548285128,0
5.0,37,35,Repeated,0.73,17.927136639548074,0
5.0,37,35,S-HCP-within,0.86,11.995074866891198,0
5.0,37,35,Std-CP,0.85,2.2869345364298566,0
5.0,37,35,Subsampling,0.72,16.674082552166304,0
5.0,38,0,Donor-HCP-no-within,0.81,14.962435466101802,0
5.0,38,0,Donor-HCP-within,0.81,14.962435466101802,0
5.0,38,0,HCP,0.81,14.962435466101802,0
5.0,38,0,Pooling,0.73,10.971649325038491,0
5.0,38,0,Repeated,0.79,13.404387619302195,0
5.0,38,0,S-HCP-within,0.81,16.772891049877707,0
5.0,38,0,Std-CP,1.0,,100
5.0,38,0,Subsampling,0.67,9.67997096993282,0
5.0,38,5,Donor-HCP-no-within,0.87,34.85124449353495,0
5.0,38,5,Donor-HCP-within,0.85,29.98339971460662,0
5.0,38,5,HCP,0.81,14.962435466101802,0
5.0,38,5,Pooling,0.73,10.971649325038491,0
5.0,38,5,Repeated,0.79,13.404387619302195,0
5.0,38,5,S-HCP-within,0.83,16.47146195232573,0
5.0,38,5,Std-CP,0.75,4.821860273873085,0
5.0,38,5,Subsampling,0.67,9.67997096993282,0
5.0,38,10,Donor-HCP-no-within,0.84,34.55230292433365,0
5.0,38,10,Donor-HCP-within,0.86,25.73719609440583,0
5.0,38,10,HCP,0.81,14.962435466101802,0
5.0,38,10,Pooling,0.73,10.971649325038491,0
5.0,38,10,Repeated,0.79,13.404387619302195,0
5.0,38,10,S-HCP-within,0.82,16.10219560886037,0
5.0,38,10,Std-CP,0.88,18.111395070462255,0
5.0,38,10,Subsampling,0.67,9.67997096993282,0
5.0,38,15,Donor-HCP-no-within,0.84,31.76261355256928,0
5.0,38,15,Donor-HCP-within,0.89,21.58706631414202,0
5.0,38,15,HCP,0.81,14.962435466101802,0
5.0,38,15,Pooling,0.73,10.971649325038491,0
5.0,38,15,Repeated,0.79,13.404387619302195,0
5.0,38,15,S-HCP-within,0.82,16.099194270261677,0
5.0,38,15,Std-CP,0.92,4.688035610420435,0
5.0,38,15,Subsampling,0.67,9.67997096993282,0
5.0,38,20,Donor-HCP-no-within,0.78,24.163712934145106,0
5.0,38,20,Donor-HCP-within,0.81,13.595682136792469,0
5.0,38,20,HCP,0.81,14.962435466101802,0
5.0,38,20,Pooling,0.73,10.971649325038491,0
5.0,38,20,Repeated,0.79,13.404387619302195,0
5.0,38,20,S-HCP-within,0.82,16.047420675657705,0
5.0,38,20,Std-CP,0.77,2.840979096379042,0
5.0,38,20,Subsampling,0.67,9.67997096993282,0
5.0,38,25,Donor-HCP-no-within,0.74,9.497758076527116,0
5.0,38,25,Donor-HCP-within,0.79,2.978702112540432,0
5.0,38,25,HCP,0.81,14.962435466101802,0
5.0,38,25,Pooling,0.73,10.971649325038491,0
5.0,38,25,Repeated,0.79,13.404387619302195,0
5.0,38,25,S-HCP-within,0.84,10.035783488142851,0
5.0,38,25,Std-CP,0.84,3.004896933642864,0
5.0,38,25,Subsampling,0.67,9.67997096993282,0
5.0,38,30,Donor-HCP-no-within,0.76,9.496778444564805,0
5.0,38,30,Donor-HCP-within,0.77,2.5285734551023156,0
5.0,38,30,HCP,0.81,14.962435466101802,0
5.0,38,30,Pooling,0.73,10.971649325038491,0
5.0,38,30,Repeated,0.79,13.404387619302195,0
5.0,38,30,S-HCP-within,0.81,9.66219427419122,0
5.0,38,30,Std-CP,0.84,2.4465845086672577,0
5.0,38,30,Subsampling,0.67,9.67997096993282,0
5.0,38,35,Donor-HCP-no-within,0.74,9.466746337784242,0
5.0,38,35,Donor-HCP-within,0.81,2.6624241466408183,0
5.0,38,35,HCP,0.81,14.962435466101802,0
5.0,38,35,Pooling,0.73,10.971649325038491,0
5.0,38,35,Repeated,0.79,13.404387619302195,0
5.0,38,35,S-HCP-within,0.82,9.82839371305948,0
5.0,38,35,Std-CP,0.86,2.5187080732573737,0
5.0,38,35,Subsampling,0.67,9.67997096993282,0
5.0,39,0,Donor-HCP-no-within,0.65,15.547047898108644,0
5.0,39,0,Donor-HCP-within,0.65,15.547047898108644,0
5.0,39,0,HCP,0.65,15.547047898108644,0
5.0,39,0,Pooling,0.63,13.810489440559016,0
5.0,39,0,Repeated,0.65,14.695288621321732,0
5.0,39,0,S-HCP-within,0.78,20.83514169155579,0
5.0,39,0,Std-CP,1.0,,100
5.0,39,0,Subsampling,0.64,14.31794721938091,0
5.0,39,5,Donor-HCP-no-within,0.62,14.167219673992756,0
5.0,39,5,Donor-HCP-within,0.67,12.641739525502997,0
5.0,39,5,HCP,0.65,15.547047898108644,0
5.0,39,5,Pooling,0.63,13.810489440559016,0
5.0,39,5,Repeated,0.65,14.695288621321732,0
5.0,39,5,S-HCP-within,0.79,19.542098367541794,0
5.0,39,5,Std-CP,0.84,7.274725254372229,0
5.0,39,5,Subsampling,0.64,14.31794721938091,0
5.0,39,10,Donor-HCP-no-within,0.63,13.902665321114641,0
5.0,39,10,Donor-HCP-within,0.62,10.3789134867489,0
5.0,39,10,HCP,0.65,15.547047898108644,0
5.0,39,10,Pooling,0.63,13.810489440559016,0
5.0,39,10,Repeated,0.65,14.695288621321732,0
5.0,39,10,S-HCP-within,0.73,17.468867144837773,0
5.0,39,10,Std-CP,0.82,29.14437021344898,0
5.0,39,10,Subsampling,0.64,14.31794721938091,0
5.0,39,15,Donor-HCP-no-within,0.62,13.341382536399333,0
5.0,39,15,Donor-HCP-within,0.75,10.819010308872537,0
5.0,39,15,HCP,0.65,15.547047898108644,0
5.0,39,15,Pooling,0.63,13.810489440559016,0
5.0,39,15,Repeated,0.65,14.695288621321732,0
5.0,39,15,S-HCP-within,0.76,17.876915098917827,0
5.0,39,15,Std-CP,0.9,4.7140766520579405,0
5.0,39,15,Subsampling,0.64,14.31794721938091,0
5.0,39,20,Donor-HCP-no-within,0.56,13.486736232665898,0
5.0,39,20,Donor-HCP-within,0.66,7.91939078376868,0
5.0,39,20,HCP,0.65,15.547047898108644,0
5.0,39,20,Pooling,0.63,13.810489440559016,0
5.0,39,20,Repeated,0.65,14.695288621321732,0
5.0,39,20,S-HCP-within,0.74,17.430527893608858,0
5.0,39,20,Std-CP,0.76,2.57151634748383,0
5.0,39,20,Subsampling,0.64,14.31794721938091,0
5.0,39,25,Donor-HCP-no-within,0.82,10.89567894863639,0
5.0,39,25,Donor-HCP-within,0.86,3.1930038740693596,0
5.0,39,25,HCP,0.65,15.547047898108644,0
5.0,39,25,Pooling,0.63,13.810489440559016,0
5.0,39,25,Repeated,0.65,14.695288621321732,0
5.0,39,25,S-HCP-within,0.88,11.45157947382935,0
5.0,39,25,Std-CP,0.85,2.9087932906100082,0
5.0,39,25,Subsampling,0.64,14.31794721938091,0
5.0,39,30,Donor-HCP-no-within,0.81,10.881461446932095,0
5.0,39,30,Donor-HCP-within,0.74,2.540217295275504,0
5.0,39,30,HCP,0.65,15.547047898108644,0
5.0,39,30,Pooling,0.63,13.810489440559016,0
5.0,39,30,Repeated,0.65,14.695288621321732,0
5.0,39,30,S-HCP-within,0.83,10.996251839246398,0
5.0,39,30,Std-CP,0.78,2.4466042712391562,0
5.0,39,30,Subsampling,0.64,14.31794721938091,0
5.0,39,35,Donor-HCP-no-within,0.83,10.826857235649687,0
5.0,39,35,Donor-HCP-within,0.79,2.630135727591392,0
5.0,39,35,HCP,0.65,15.547047898108644,0
5.0,39,35,Pooling,0.63,13.810489440559016,0
5.0,39,35,Repeated,0.65,14.695288621321732,0
5.0,39,35,S-HCP-within,0.88,11.180175838818094,0
5.0,39,35,Std-CP,0.8,2.353161066724653,0
5.0,39,35,Subsampling,0.64,14.31794721938091,0
5.0,40,0,Donor-HCP-no-within,0.93,24.641293404225163,0
5.0,40,0,Donor-HCP-within,0.93,24.641293404225163,0
5.0,40,0,HCP,0.93,24.641293404225163,0
5.0,40,0,Pooling,0.9,22.453552730321285,0
5.0,40,0,Repeated,0.93,24.15950845182328,0
5.0,40,0,S-HCP-within,0.93,27.25217827273551,0
5.0,40,0,Std-CP,1.0,,100
5.0,40,0,Subsampling,0.93,24.223552322891475,0
5.0,40,5,Donor-HCP-no-within,0.92,31.26918693328299,0
5.0,40,5,Donor-HCP-within,0.9,27.88705508622523,0
5.0,40,5,HCP,0.93,24.641293404225163,0
5.0,40,5,Pooling,0.9,22.453552730321285,0
5.0,40,5,Repeated,0.93,24.15950845182328,0
5.0,40,5,S-HCP-within,0.92,26.305192123692112,0
5.0,40,5,Std-CP,0.81,5.277664886183381,0
5.0,40,5,Subsampling,0.93,24.223552322891475,0
5.0,40,10,Donor-HCP-no-within,0.9,30.661983926358694,0
5.0,40,10,Donor-HCP-within,0.89,23.960210628802905,0
5.0,40,10,HCP,0.93,24.641293404225163,0
5.0,40,10,Pooling,0.9,22.453552730321285,0
5.0,40,10,Repeated,0.93,24.15950845182328,0
5.0,40,10,S-HCP-within,0.9,25.55532368313062,0
5.0,40,10,Std-CP,0.76,21.715667361283067,0
5.0,40,10,Subsampling,0.93,24.223552322891475,0
5.0,40,15,Donor-HCP-no-within,0.85,30.17357800629982,0
5.0,40,15,Donor-HCP-within,0.91,18.624242263318994,0
5.0,40,15,HCP,0.93,24.641293404225163,0
5.0,40,15,Pooling,0.9,22.453552730321285,0
5.0,40,15,Repeated,0.93,24.15950845182328,0
5.0,40,15,S-HCP-within,0.89,25.65639648184473,0
5.0,40,15,Std-CP,0.91,5.13696825421752,0
5.0,40,15,Subsampling,0.93,24.223552322891475,0
5.0,40,20,Donor-HCP-no-within,0.9,28.366054050859542,0
5.0,40,20,Donor-HCP-within,0.92,15.117392482953262,0
5.0,40,20,HCP,0.93,24.641293404225163,0
5.0,40,20,Pooling,0.9,22.453552730321285,0
5.0,40,20,Repeated,0.93,24.15950845182328,0
5.0,40,20,S-HCP-within,0.89,25.409125224978116,0
5.0,40,20,Std-CP,0.78,2.9478681260611337,0
5.0,40,20,Subsampling,0.93,24.223552322891475,0
5.0,40,25,Donor-HCP-no-within,0.77,12.0435758944664,0
5.0,40,25,Donor-HCP-within,0.89,3.0777315205632334,0
5.0,40,25,HCP,0.93,24.641293404225163,0
5.0,40,25,Pooling,0.9,22.453552730321285,0
5.0,40,25,Repeated,0.93,24.15950845182328,0
5.0,40,25,S-HCP-within,0.82,12.709641177621993,0
5.0,40,25,Std-CP,0.84,2.9540352887368386,0
5.0,40,25,Subsampling,0.93,24.223552322891475,0
5.0,40,30,Donor-HCP-no-within,0.76,11.970208169442005,0
5.0,40,30,Donor-HCP-within,0.82,2.539282623832757,0
5.0,40,30,HCP,0.93,24.641293404225163,0
5.0,40,30,Pooling,0.9,22.453552730321285,0
5.0,40,30,Repeated,0.93,24.15950845182328,0
5.0,40,30,S-HCP-within,0.79,12.135291191391502,0
5.0,40,30,Std-CP,0.85,2.3859680301306985,0
5.0,40,30,Subsampling,0.93,24.223552322891475,0
5.0,40,35,Donor-HCP-no-within,0.74,11.933880625010856,0
5.0,40,35,Donor-HCP-within,0.87,2.6249467165993945,0
5.0,40,35,HCP,0.93,24.641293404225163,0
5.0,40,35,Pooling,0.9,22.453552730321285,0
5.0,40,35,Repeated,0.93,24.15950845182328,0
5.0,40,35,S-HCP-within,0.81,12.39917661114081,0
5.0,40,35,Std-CP,0.89,2.506553502929725,0
5.0,40,35,Subsampling,0.93,24.223552322891475,0
5.0,41,0,Donor-HCP-no-within,0.94,36.73424731893195,0
5.0,41,0,Donor-HCP-within,0.94,36.73424731893195,0
5.0,41,0,HCP,0.94,36.73424731893195,0
5.0,41,0,Pooling,0.91,33.566744462827884,0
5.0,41,0,Repeated,0.94,36.40173086735356,0
5.0,41,0,S-HCP-within,0.89,20.000131232858788,0
5.0,41,0,Std-CP,1.0,,100
5.0,41,0,Subsampling,0.94,36.74245404776784,0
5.0,41,5,Donor-HCP-no-within,0.94,30.862406744856067,0
5.0,41,5,Donor-HCP-within,0.93,26.80977144147901,0
5.0,41,5,HCP,0.94,36.73424731893195,0
5.0,41,5,Pooling,0.91,33.566744462827884,0
5.0,41,5,Repeated,0.94,36.40173086735356,0
5.0,41,5,S-HCP-within,0.84,18.974099124949362,0
5.0,41,5,Std-CP,0.78,6.1254122256212815,0
5.0,41,5,Subsampling,0.94,36.74245404776784,0
5.0,41,10,Donor-HCP-no-within,0.93,30.241136991101747,0
5.0,41,10,Donor-HCP-within,0.96,26.71034025268963,0
5.0,41,10,HCP,0.94,36.73424731893195,0
5.0,41,10,Pooling,0.91,33.566744462827884,0
5.0,41,10,Repeated,0.94,36.40173086735356,0
5.0,41,10,S-HCP-within,0.85,18.30713264656984,0
5.0,41,10,Std-CP,0.75,15.339085481534653,0
5.0,41,10,Subsampling,0.94,36.74245404776784,0
5.0,41,15,Donor-HCP-no-within,0.89,30.21188713443043,0
5.0,41,15,Donor-HCP-within,0.94,18.81761206556237,0
5.0,41,15,HCP,0.94,36.73424731893195,0
5.0,41,15,Pooling,0.91,33.566744462827884,0
5.0,41,15,Repeated,0.94,36.40173086735356,0
5.0,41,15,S-HCP-within,0.84,18.37970504502234,0
5.0,41,15,Std-CP,0.97,4.7499812680723785,0
5.0,41,15,Subsampling,0.94,36.74245404776784,0
5.0,41,20,Donor-HCP-no-within,0.89,29.30010552205835,0
5.0,41,20,Donor-HCP-within,0.9,15.171908525670425,0
5.0,41,20,HCP,0.94,36.73424731893195,0
5.0,41,20,Pooling,0.91,33.566744462827884,0
5.0,41,20,Repeated,0.94,36.40173086735356,0
5.0,41,20,S-HCP-within,0.85,17.88676872491615,0
5.0,41,20,Std-CP,0.85,2.9339223288738645,0
5.0,41,20,Subsampling,0.94,36.74245404776784,0
5.0,41,25,Donor-HCP-no-within,0.71,11.38484393817547,0
5.0,41,25,Donor-HCP-within,0.87,3.0382810953952344,0
5.0,41,25,HCP,0.94,36.73424731893195,0
5.0,41,25,Pooling,0.91,33.566744462827884,0
5.0,41,25,Repeated,0.94,36.40173086735356,0
5.0,41,25,S-HCP-within,0.84,12.022037234189455,0
5.0,41,25,Std-CP,0.89,3.1026014006630036,0
5.0,41,25,Subsampling,0.94,36.74245404776784,0
5.0,41,30,Donor-HCP-no-within,0.72,11.399738156192857,0
5.0,41,30,Donor-HCP-within,0.81,2.5356668961849396,0
5.0,41,30,HCP,0.94,36.73424731893195,0
5.0,41,30,Pooling,0.91,33.566744462827884,0
5.0,41,30,Repeated,0.94,36.40173086735356,0
5.0,41,30,S-HCP-within,0.8,11.517892628464748,0
5.0,41,30,Std-CP,0.84,2.432363337597696,0
5.0,41,30,Subsampling,0.94,36.74245404776784,0
5.0,41,35,Donor-HCP-no-within,0.72,11.374708376688723,0
5.0,41,35,Donor-HCP-within,0.87,2.62995571845938,0
5.0,41,35,HCP,0.94,36.73424731893195,0
5.0,41,35,Pooling,0.91,33.566744462827884,0
5.0,41,35,Repeated,0.94,36.40173086735356,0
5.0,41,35,S-HCP-within,0.81,11.862021133767476,0
5.0,41,35,Std-CP,0.84,2.429117393558087,0
5.0,41,35,Subsampling,0.94,36.74245404776784,0
5.0,42,0,Donor-HCP-no-within,0.95,27.795581900716787,0
5.0,42,0,Donor-HCP-within,0.95,27.795581900716787,0
5.0,42,0,HCP,0.95,27.795581900716787,0
5.0,42,0,Pooling,0.92,25.823512356883157,0
5.0,42,0,Repeated,0.94,27.20780582999639,0
5.0,42,0,S-HCP-within,0.94,21.626692836234216,0
5.0,42,0,Std-CP,1.0,,100
5.0,42,0,Subsampling,0.94,26.392144850595887,0
5.0,42,5,Donor-HCP-no-within,0.93,23.445319085603664,0
5.0,42,5,Donor-HCP-within,0.93,20.913465390820463,0
5.0,42,5,HCP,0.95,27.795581900716787,0
5.0,42,5,Pooling,0.92,25.823512356883157,0
5.0,42,5,Repeated,0.94,27.20780582999639,0
5.0,42,5,S-HCP-within,0.93,20.233355740194654,0
5.0,42,5,Std-CP,0.7,5.189215584327281,0
5.0,42,5,Subsampling,0.94,26.392144850595887,0
5.0,42,10,Donor-HCP-no-within,0.93,23.357159733972857,0
5.0,42,10,Donor-HCP-within,0.91,17.111714372743094,0
5.0,42,10,HCP,0.95,27.795581900716787,0
5.0,42,10,Pooling,0.92,25.823512356883157,0
5.0,42,10,Repeated,0.94,27.20780582999639,0
5.0,42,10,S-HCP-within,0.93,19.377108135799332,0
5.0,42,10,Std-CP,0.86,13.932409086443013,0
5.0,42,10,Subsampling,0.94,26.392144850595887,0
5.0,42,15,Donor-HCP-no-within,0.94,23.078069629262487,0
5.0,42,15,Donor-HCP-within,0.9,14.477775219613273,0
5.0,42,15,HCP,0.95,27.795581900716787,0
5.0,42,15,Pooling,0.92,25.823512356883157,0
5.0,42,15,Repeated,0.94,27.20780582999639,0
5.0,42,15,S-HCP-within,0.92,19.520305563266795,0
5.0,42,15,Std-CP,0.89,4.347695666442579,0
5.0,42,15,Subsampling,0.94,26.392144850595887,0
5.0,42,20,Donor-HCP-no-within,0.94,22.4558327673769,0
5.0,42,20,Donor-HCP-within,0.93,12.206331608154997,0
5.0,42,20,HCP,0.95,27.795581900716787,0
5.0,42,20,Pooling,0.92,25.823512356883157,0
5.0,42,20,Repeated,0.94,27.20780582999639,0
5.0,42,20,S-HCP-within,0.91,19.33916022384933,0
5.0,42,20,Std-CP,0.79,2.613639161800191,0
5.0,42,20,Subsampling,0.94,26.392144850595887,0
5.0,42,25,Donor-HCP-no-within,0.79,9.175259407157656,0
5.0,42,25,Donor-HCP-within,0.88,2.915006063839689,0
5.0,42,25,HCP,0.95,27.795581900716787,0
5.0,42,25,Pooling,0.92,25.823512356883157,0
5.0,42,25,Repeated,0.94,27.20780582999639,0
5.0,42,25,S-HCP-within,0.84,9.534526915197025,0
5.0,42,25,Std-CP,0.85,2.815216328849768,0
5.0,42,25,Subsampling,0.94,26.392144850595887,0
5.0,42,30,Donor-HCP-no-within,0.8,9.151262353297072,0
5.0,42,30,Donor-HCP-within,0.82,2.495354293284673,0
5.0,42,30,HCP,0.95,27.795581900716787,0
5.0,42,30,Pooling,0.92,25.823512356883157,0
5.0,42,30,Repeated,0.94,27.20780582999639,0
5.0,42,30,S-HCP-within,0.79,9.261326976289775,0
5.0,42,30,Std-CP,0.72,2.2897452809914594,0
5.0,42,30,Subsampling,0.94,26.392144850595887,0
5.0,42,35,Donor-HCP-no-within,0.8,9.16499725465452,0
5.0,42,35,Donor-HCP-within,0.86,2.617387471092981,0
5.0,42,35,HCP,0.95,27.795581900716787,0
5.0,42,35,Pooling,0.92,25.823512356883157,0
5.0,42,35,Repeated,0.94,27.20780582999639,0
5.0,42,35,S-HCP-within,0.89,9.456042142630807,0
5.0,42,35,Std-CP,0.85,2.4093430223217833,0
5.0,42,35,Subsampling,0.94,26.392144850595887,0
5.0,43,0,Donor-HCP-no-within,0.94,33.642388989699896,0
5.0,43,0,Donor-HCP-within,0.94,33.642388989699896,0
5.0,43,0,HCP,0.94,33.642388989699896,0
5.0,43,0,Pooling,0.9,29.608435347662127,0
5.0,43,0,Repeated,0.92,31.722987334420885,0
5.0,43,0,S-HCP-within,0.63,21.533233315380645,0
5.0,43,0,Std-CP,1.0,,100
5.0,43,0,Subsampling,0.94,33.70134548218495,0
5.0,43,5,Donor-HCP-no-within,0.88,29.211186165047604,0
5.0,43,5,Donor-HCP-within,0.89,24.618736399989313,0
5.0,43,5,HCP,0.94,33.642388989699896,0
5.0,43,5,Pooling,0.9,29.608435347662127,0
5.0,43,5,Repeated,0.92,31.722987334420885,0
5.0,43,5,S-HCP-within,0.66,21.36067142710834,0
5.0,43,5,Std-CP,0.78,5.4276589164426845,0
5.0,43,5,Subsampling,0.94,33.70134548218495,0
5.0,43,10,Donor-HCP-no-within,0.88,27.47625988070949,0
5.0,43,10,Donor-HCP-within,0.87,20.603795969320664,0
5.0,43,10,HCP,0.94,33.642388989699896,0
5.0,43,10,Pooling,0.9,29.608435347662127,0
5.0,43,10,Repeated,0.92,31.722987334420885,0
5.0,43,10,S-HCP-within,0.65,21.007203333817742,0
5.0,43,10,Std-CP,0.89,13.63484946306878,0
5.0,43,10,Subsampling,0.94,33.70134548218495,0
5.0,43,15,Donor-HCP-no-within,0.86,27.427347771224476,0
5.0,43,15,Donor-HCP-within,0.88,17.10342164705081,0
5.0,43,15,HCP,0.94,33.642388989699896,0
5.0,43,15,Pooling,0.9,29.608435347662127,0
5.0,43,15,Repeated,0.92,31.722987334420885,0
5.0,43,15,S-HCP-within,0.65,21.092676410524856,0
5.0,43,15,Std-CP,0.9,4.961666794763582,0
5.0,43,15,Subsampling,0.94,33.70134548218495,0
5.0,43,20,Donor-HCP-no-within,0.85,26.456564956969572,0
5.0,43,20,Donor-HCP-within,0.82,13.558315861799992,0
5.0,43,20,HCP,0.94,33.642388989699896,0
5.0,43,20,Pooling,0.9,29.608435347662127,0
5.0,43,20,Repeated,0.92,31.722987334420885,0
5.0,43,20,S-HCP-within,0.64,20.916445310875492,0
5.0,43,20,Std-CP,0.82,2.8951411950062957,0
5.0,43,20,Subsampling,0.94,33.70134548218495,0
5.0,43,25,Donor-HCP-no-within,0.8,10.675106871821832,0
5.0,43,25,Donor-HCP-within,0.89,3.1513676125953727,0
5.0,43,25,HCP,0.94,33.642388989699896,0
5.0,43,25,Pooling,0.9,29.608435347662127,0
5.0,43,25,Repeated,0.92,31.722987334420885,0
5.0,43,25,S-HCP-within,0.86,11.090910717146105,0
5.0,43,25,Std-CP,0.84,3.0055691414358243,0
5.0,43,25,Subsampling,0.94,33.70134548218495,0
5.0,43,30,Donor-HCP-no-within,0.81,10.632815115642224,0
5.0,43,30,Donor-HCP-within,0.87,2.4976353588851232,0
5.0,43,30,HCP,0.94,33.642388989699896,0
5.0,43,30,Pooling,0.9,29.608435347662127,0
5.0,43,30,Repeated,0.92,31.722987334420885,0
5.0,43,30,S-HCP-within,0.82,10.747014969828514,0
5.0,43,30,Std-CP,0.85,2.4547215089689787,0
5.0,43,30,Subsampling,0.94,33.70134548218495,0
5.0,43,35,Donor-HCP-no-within,0.8,10.621991102044579,0
5.0,43,35,Donor-HCP-within,0.89,2.642462280954515,0
5.0,43,35,HCP,0.94,33.642388989699896,0
5.0,43,35,Pooling,0.9,29.608435347662127,0
5.0,43,35,Repeated,0.92,31.722987334420885,0
5.0,43,35,S-HCP-within,0.85,10.920680976924443,0
5.0,43,35,Std-CP,0.87,2.516364695851921,0
5.0,43,35,Subsampling,0.94,33.70134548218495,0
5.0,44,0,Donor-HCP-no-within,0.67,18.45861139985112,0
5.0,44,0,Donor-HCP-within,0.67,18.45861139985112,0
5.0,44,0,HCP,0.67,18.45861139985112,0
5.0,44,0,Pooling,0.58,14.491657266379928,0
5.0,44,0,Repeated,0.63,16.968327255758663,0
5.0,44,0,S-HCP-within,0.88,16.456835192106848,0
5.0,44,0,Std-CP,1.0,,100
5.0,44,0,Subsampling,0.58,14.491657266379928,0
5.0,44,5,Donor-HCP-no-within,0.67,18.207972961326266,0
5.0,44,5,Donor-HCP-within,0.66,16.420417706640997,0
5.0,44,5,HCP,0.67,18.45861139985112,0
5.0,44,5,Pooling,0.58,14.491657266379928,0
5.0,44,5,Repeated,0.63,16.968327255758663,0
5.0,44,5,S-HCP-within,0.89,16.135727585735836,0
5.0,44,5,Std-CP,0.71,6.088965010841439,0
5.0,44,5,Subsampling,0.58,14.491657266379928,0
5.0,44,10,Donor-HCP-no-within,0.7,17.00534045962649,0
5.0,44,10,Donor-HCP-within,0.88,22.108778322541788,0
5.0,44,10,HCP,0.67,18.45861139985112,0
5.0,44,10,Pooling,0.58,14.491657266379928,0
5.0,44,10,Repeated,0.63,16.968327255758663,0
5.0,44,10,S-HCP-within,0.88,15.799535295377645,0
5.0,44,10,Std-CP,0.83,26.827034311385937,0
5.0,44,10,Subsampling,0.58,14.491657266379928,0
5.0,44,15,Donor-HCP-no-within,0.63,16.699433024892436,0
5.0,44,15,Donor-HCP-within,0.64,10.6876226610179,0
5.0,44,15,HCP,0.67,18.45861139985112,0
5.0,44,15,Pooling,0.58,14.491657266379928,0
5.0,44,15,Repeated,0.63,16.968327255758663,0
5.0,44,15,S-HCP-within,0.89,15.883177075231474,0
5.0,44,15,Std-CP,0.81,4.643534176335503,0
5.0,44,15,Subsampling,0.58,14.491657266379928,0
5.0,44,20,Donor-HCP-no-within,0.59,15.847434624276989,0
5.0,44,20,Donor-HCP-within,0.6,8.687350953489242,0
5.0,44,20,HCP,0.67,18.45861139985112,0
5.0,44,20,Pooling,0.58,14.491657266379928,0
5.0,44,20,Repeated,0.63,16.968327255758663,0
5.0,44,20,S-HCP-within,0.88,15.84842719384588,0
5.0,44,20,Std-CP,0.78,2.7475663139646276,0
5.0,44,20,Subsampling,0.58,14.491657266379928,0
5.0,44,25,Donor-HCP-no-within,0.81,11.027361557636167,0
5.0,44,25,Donor-HCP-within,0.83,3.2337967580674842,0
5.0,44,25,HCP,0.67,18.45861139985112,0
5.0,44,25,Pooling,0.58,14.491657266379928,0
5.0,44,25,Repeated,0.63,16.968327255758663,0
5.0,44,25,S-HCP-within,0.85,11.580251757257802,0
5.0,44,25,Std-CP,0.78,2.901854407686864,0
5.0,44,25,Subsampling,0.58,14.491657266379928,0
5.0,44,30,Donor-HCP-no-within,0.81,10.978616475974196,0
5.0,44,30,Donor-HCP-within,0.73,2.488726994723814,0
5.0,44,30,HCP,0.67,18.45861139985112,0
5.0,44,30,Pooling,0.58,14.491657266379928,0
5.0,44,30,Repeated,0.63,16.968327255758663,0
5.0,44,30,S-HCP-within,0.83,11.085397994627213,0
5.0,44,30,Std-CP,0.72,2.3594664937519276,0
5.0,44,30,Subsampling,0.58,14.491657266379928,0
5.0,44,35,Donor-HCP-no-within,0.81,11.000713829177554,0
5.0,44,35,Donor-HCP-within,0.73,2.652546137840255,0
5.0,44,35,HCP,0.67,18.45861139985112,0
5.0,44,35,Pooling,0.58,14.491657266379928,0
5.0,44,35,Repeated,0.63,16.968327255758663,0
5.0,44,35,S-HCP-within,0.86,11.453920322030609,0
5.0,44,35,Std-CP,0.74,2.4526999599451442,0
5.0,44,35,Subsampling,0.58,14.491657266379928,0
5.0,45,0,Donor-HCP-no-within,0.97,41.33028137770903,0
5.0,45,0,Donor-HCP-within,0.97,41.33028137770903,0
5.0,45,0,HCP,0.97,41.33028137770903,0
5.0,45,0,Pooling,0.93,36.2034154110069,0
5.0,45,0,Repeated,0.96,39.80933459903852,0
5.0,45,0,S-HCP-within,0.82,25.501722103397757,0
5.0,45,0,Std-CP,1.0,,100
5.0,45,0,Subsampling,0.93,36.90494803020431,0
5.0,45,5,Donor-HCP-no-within,0.82,38.17013350101293,0
5.0,45,5,Donor-HCP-within,0.86,33.82467360136616,0
5.0,45,5,HCP,0.97,41.33028137770903,0
5.0,45,5,Pooling,0.93,36.2034154110069,0
5.0,45,5,Repeated,0.96,39.80933459903852,0
5.0,45,5,S-HCP-within,0.82,25.271047090500502,0
5.0,45,5,Std-CP,0.75,5.8608977917936,0
5.0,45,5,Subsampling,0.93,36.90494803020431,0
5.0,45,10,Donor-HCP-no-within,0.88,37.26718638667957,0
5.0,45,10,Donor-HCP-within,0.79,26.85612543810109,0
5.0,45,10,HCP,0.97,41.33028137770903,0
5.0,45,10,Pooling,0.93,36.2034154110069,0
5.0,45,10,Repeated,0.96,39.80933459903852,0
5.0,45,10,S-HCP-within,0.83,24.724004749057553,0
5.0,45,10,Std-CP,0.77,48.105345888327754,0
5.0,45,10,Subsampling,0.93,36.90494803020431,0
5.0,45,15,Donor-HCP-no-within,0.83,36.65571530144102,0
5.0,45,15,Donor-HCP-within,0.84,22.375730199976534,0
5.0,45,15,HCP,0.97,41.33028137770903,0
5.0,45,15,Pooling,0.93,36.2034154110069,0
5.0,45,15,Repeated,0.96,39.80933459903852,0
5.0,45,15,S-HCP-within,0.83,24.904348591297307,0
5.0,45,15,Std-CP,0.91,4.924193568427929,0
5.0,45,15,Subsampling,0.93,36.90494803020431,0
5.0,45,20,Donor-HCP-no-within,0.83,32.60945325016489,0
5.0,45,20,Donor-HCP-within,0.8,17.544997690350716,0
5.0,45,20,HCP,0.97,41.33028137770903,0
5.0,45,20,Pooling,0.93,36.2034154110069,0
5.0,45,20,Repeated,0.96,39.80933459903852,0
5.0,45,20,S-HCP-within,0.83,24.68850081430226,0
5.0,45,20,Std-CP,0.79,2.9046068557432476,0
5.0,45,20,Subsampling,0.93,36.90494803020431,0
5.0,45,25,Donor-HCP-no-within,0.79,10.25406719511301,0
5.0,45,25,Donor-HCP-within,0.79,3.052103904527237,0
5.0,45,25,HCP,0.97,41.33028137770903,0
5.0,45,25,Pooling,0.93,36.2034154110069,0
5.0,45,25,Repeated,0.96,39.80933459903852,0
5.0,45,25,S-HCP-within,0.87,10.741845025213262,0
5.0,45,25,Std-CP,0.84,2.88742854370088,0
5.0,45,25,Subsampling,0.93,36.90494803020431,0
5.0,45,30,Donor-HCP-no-within,0.79,10.282105835903291,0
5.0,45,30,Donor-HCP-within,0.81,2.565127729735605,0
5.0,45,30,HCP,0.97,41.33028137770903,0
5.0,45,30,Pooling,0.93,36.2034154110069,0
5.0,45,30,Repeated,0.96,39.80933459903852,0
5.0,45,30,S-HCP-within,0.79,10.429006055722652,0
5.0,45,30,Std-CP,0.81,2.4734014274964684,0
5.0,45,30,Subsampling,0.93,36.90494803020431,0
5.0,45,35,Donor-HCP-no-within,0.8,10.266207379067817,0
5.0,45,35,Donor-HCP-within,0.82,2.661611233150607,0
5.0,45,35,HCP,0.97,41.33028137770903,0
5.0,45,35,Pooling,0.93,36.2034154110069,0
5.0,45,35,Repeated,0.96,39.80933459903852,0
5.0,45,35,S-HCP-within,0.81,10.600262383366516,0
5.0,45,35,Std-CP,0.8,2.5033429245811765,0
5.0,45,35,Subsampling,0.93,36.90494803020431,0
5.0,46,0,Donor-HCP-no-within,0.87,25.274922617311507,0
5.0,46,0,Donor-HCP-within,0.87,25.274922617311507,0
5.0,46,0,HCP,0.87,25.274922617311507,0
5.0,46,0,Pooling,0.86,23.81806986313606,0
5.0,46,0,Repeated,0.86,24.30726674926525,0
5.0,46,0,S-HCP-within,0.77,15.633334450360518,0
5.0,46,0,Std-CP,1.0,,100
5.0,46,0,Subsampling,0.87,24.798507617971985,0
5.0,46,5,Donor-HCP-no-within,0.85,22.838212466411942,0
5.0,46,5,Donor-HCP-within,0.9,19.5883489596718,0
5.0,46,5,HCP,0.87,25.274922617311507,0
5.0,46,5,Pooling,0.86,23.81806986313606,0
5.0,46,5,Repeated,0.86,24.30726674926525,0
5.0,46,5,S-HCP-within,0.77,15.226544322454432,0
5.0,46,5,Std-CP,0.8,5.849481393769977,0
5.0,46,5,Subsampling,0.87,24.798507617971985,0
5.0,46,10,Donor-HCP-no-within,0.88,22.550109427392886,0
5.0,46,10,Donor-HCP-within,0.85,17.665513207781085,0
5.0,46,10,HCP,0.87,25.274922617311507,0
5.0,46,10,Pooling,0.86,23.81806986313606,0
5.0,46,10,Repeated,0.86,24.30726674926525,0
5.0,46,10,S-HCP-within,0.77,14.899552038312539,0
5.0,46,10,Std-CP,0.87,21.208026231990935,0
5.0,46,10,Subsampling,0.87,24.798507617971985,0
5.0,46,15,Donor-HCP-no-within,0.79,21.155547769040318,0
5.0,46,15,Donor-HCP-within,0.85,13.971541411473725,0
5.0,46,15,HCP,0.87,25.274922617311507,0
5.0,46,15,Pooling,0.86,23.81806986313606,0
5.0,46,15,Repeated,0.86,24.30726674926525,0
5.0,46,15,S-HCP-within,0.76,14.987035468535364,0
5.0,46,15,Std-CP,0.89,5.335121208102745,0
5.0,46,15,Subsampling,0.87,24.798507617971985,0
5.0,46,20,Donor-HCP-no-within,0.83,20.76843268469612,0
5.0,46,20,Donor-HCP-within,0.86,11.40824730171284,0
5.0,46,20,HCP,0.87,25.274922617311507,0
5.0,46,20,Pooling,0.86,23.81806986313606,0
5.0,46,20,Repeated,0.86,24.30726674926525,0
5.0,46,20,S-HCP-within,0.77,14.761665965142907,0
5.0,46,20,Std-CP,0.81,2.916520501194461,0
5.0,46,20,Subsampling,0.87,24.798507617971985,0
5.0,46,25,Donor-HCP-no-within,0.82,10.891621327695129,0
5.0,46,25,Donor-HCP-within,0.84,3.093227567148467,0
5.0,46,25,HCP,0.87,25.274922617311507,0
5.0,46,25,Pooling,0.86,23.81806986313606,0
5.0,46,25,Repeated,0.86,24.30726674926525,0
5.0,46,25,S-HCP-within,0.85,11.438021234847385,0
5.0,46,25,Std-CP,0.87,2.9425393862226445,0
5.0,46,25,Subsampling,0.87,24.798507617971985,0
5.0,46,30,Donor-HCP-no-within,0.81,10.841779727830906,0
5.0,46,30,Donor-HCP-within,0.77,2.4927617865585625,0
5.0,46,30,HCP,0.87,25.274922617311507,0
5.0,46,30,Pooling,0.86,23.81806986313606,0
5.0,46,30,Repeated,0.86,24.30726674926525,0
5.0,46,30,S-HCP-within,0.82,10.951400277329821,0
5.0,46,30,Std-CP,0.83,2.425835045641335,0
5.0,46,30,Subsampling,0.87,24.798507617971985,0
5.0,46,35,Donor-HCP-no-within,0.82,10.82589447310729,0
5.0,46,35,Donor-HCP-within,0.83,2.558714101686229,0
5.0,46,35,HCP,0.87,25.274922617311507,0
5.0,46,35,Pooling,0.86,23.81806986313606,0
5.0,46,35,Repeated,0.86,24.30726674926525,0
5.0,46,35,S-HCP-within,0.84,11.20680800945946,0
5.0,46,35,Std-CP,0.8,2.4585256815715777,0
5.0,46,35,Subsampling,0.87,24.798507617971985,0
5.0,47,0,Donor-HCP-no-within,0.83,19.421083917996462,0
5.0,47,0,Donor-HCP-within,0.83,19.421083917996462,0
5.0,47,0,HCP,0.83,19.421083917996462,0
5.0,47,0,Pooling,0.73,17.284275846492857,0
5.0,47,0,Repeated,0.8,18.8976216980201,0
5.0,47,0,S-HCP-within,0.81,20.740491949637132,0
5.0,47,0,Std-CP,1.0,,100
5.0,47,0,Subsampling,0.79,18.750535330500256,0
5.0,47,5,Donor-HCP-no-within,0.73,15.011257774485246,0
5.0,47,5,Donor-HCP-within,0.67,12.626716698816818,0
5.0,47,5,HCP,0.83,19.421083917996462,0
5.0,47,5,Pooling,0.73,17.284275846492857,0
5.0,47,5,Repeated,0.8,18.8976216980201,0
5.0,47,5,S-HCP-within,0.81,19.995304533053453,0
5.0,47,5,Std-CP,0.78,7.015902539270754,0
5.0,47,5,Subsampling,0.79,18.750535330500256,0
5.0,47,10,Donor-HCP-no-within,0.69,14.277307060787228,0
5.0,47,10,Donor-HCP-within,0.82,14.2516128690966,0
5.0,47,10,HCP,0.83,19.421083917996462,0
5.0,47,10,Pooling,0.73,17.284275846492857,0
5.0,47,10,Repeated,0.8,18.8976216980201,0
5.0,47,10,S-HCP-within,0.79,19.532785433743737,0
5.0,47,10,Std-CP,0.86,17.615349267982516,0
5.0,47,10,Subsampling,0.79,18.750535330500256,0
5.0,47,15,Donor-HCP-no-within,0.66,13.414783431162014,0
5.0,47,15,Donor-HCP-within,0.62,8.712026281850312,0
5.0,47,15,HCP,0.83,19.421083917996462,0
5.0,47,15,Pooling,0.73,17.284275846492857,0
5.0,47,15,Repeated,0.8,18.8976216980201,0
5.0,47,15,S-HCP-within,0.81,19.591469079129624,0
5.0,47,15,Std-CP,0.91,7.2055855021743875,0
5.0,47,15,Subsampling,0.79,18.750535330500256,0
5.0,47,20,Donor-HCP-no-within,0.65,12.628631499939688,0
5.0,47,20,Donor-HCP-within,0.67,7.479877308402859,0
5.0,47,20,HCP,0.83,19.421083917996462,0
5.0,47,20,Pooling,0.73,17.284275846492857,0
5.0,47,20,Repeated,0.8,18.8976216980201,0
5.0,47,20,S-HCP-within,0.81,19.41666033234552,0
5.0,47,20,Std-CP,0.77,2.879265168793658,0
5.0,47,20,Subsampling,0.79,18.750535330500256,0
5.0,47,25,Donor-HCP-no-within,0.77,11.515136666171136,0
5.0,47,25,Donor-HCP-within,0.88,3.25154355382669,0
5.0,47,25,HCP,0.83,19.421083917996462,0
5.0,47,25,Pooling,0.73,17.284275846492857,0
5.0,47,25,Repeated,0.8,18.8976216980201,0
5.0,47,25,S-HCP-within,0.86,11.971763513278015,0
5.0,47,25,Std-CP,0.88,2.8449086472538143,0
5.0,47,25,Subsampling,0.79,18.750535330500256,0
5.0,47,30,Donor-HCP-no-within,0.78,11.477278354404259,0
5.0,47,30,Donor-HCP-within,0.79,2.5370270964003203,0
5.0,47,30,HCP,0.83,19.421083917996462,0
5.0,47,30,Pooling,0.73,17.284275846492857,0
5.0,47,30,Repeated,0.8,18.8976216980201,0
5.0,47,30,S-HCP-within,0.79,11.542656839673468,0
5.0,47,30,Std-CP,0.79,2.4806165598236927,0
5.0,47,30,Subsampling,0.79,18.750535330500256,0
5.0,47,35,Donor-HCP-no-within,0.79,11.495196559943915,0
5.0,47,35,Donor-HCP-within,0.82,2.6450115722907146,0
5.0,47,35,HCP,0.83,19.421083917996462,0
5.0,47,35,Pooling,0.73,17.284275846492857,0
5.0,47,35,Repeated,0.8,18.8976216980201,0
5.0,47,35,S-HCP-within,0.83,11.76350451230518,0
5.0,47,35,Std-CP,0.84,2.6001747673372946,0
5.0,47,35,Subsampling,0.79,18.750535330500256,0
5.0,48,0,Donor-HCP-no-within,0.58,15.743785610461437,0
5.0,48,0,Donor-HCP-within,0.58,15.743785610461437,0
5.0,48,0,HCP,0.58,15.743785610461437,0
5.0,48,0,Pooling,0.54,14.338426126054546,0
5.0,48,0,Repeated,0.56,15.01079329147925,0
5.0,48,0,S-HCP-within,0.57,15.195477401026915,0
5.0,48,0,Std-CP,1.0,,100
5.0,48,0,Subsampling,0.55,14.640617116505648,0
5.0,48,5,Donor-HCP-no-within,0.5,15.066037471251304,0
5.0,48,5,Donor-HCP-within,0.56,13.6242368838142,0
5.0,48,5,HCP,0.58,15.743785610461437,0
5.0,48,5,Pooling,0.54,14.338426126054546,0
5.0,48,5,Repeated,0.56,15.01079329147925,0
5.0,48,5,S-HCP-within,0.58,15.613814490707664,0
5.0,48,5,Std-CP,0.75,5.924242258216435,0
5.0,48,5,Subsampling,0.55,14.640617116505648,0
5.0,48,10,Donor-HCP-no-within,0.56,14.689065132062417,0
5.0,48,10,Donor-HCP-within,0.7,14.883391934952225,0
5.0,48,10,HCP,0.58,15.743785610461437,0
5.0,48,10,Pooling,0.54,14.338426126054546,0
5.0,48,10,Repeated,0.56,15.01079329147925,0
5.0,48,10,S-HCP-within,0.57,15.127493191115452,0
5.0,48,10,Std-CP,0.81,17.76259345660653,0
5.0,48,10,Subsampling,0.55,14.640617116505648,0
5.0,48,15,Donor-HCP-no-within,0.46,14.5033353925683,0
5.0,48,15,Donor-HCP-within,0.56,9.740728736539728,0
5.0,48,15,HCP,0.58,15.743785610461437,0
5.0,48,15,Pooling,0.54,14.338426126054546,0
5.0,48,15,Repeated,0.56,15.01079329147925,0
5.0,48,15,S-HCP-within,0.56,15.195257051874302,0
5.0,48,15,Std-CP,0.89,4.485145442366289,0
5.0,48,15,Subsampling,0.55,14.640617116505648,0
5.0,48,20,Donor-HCP-no-within,0.44,14.154860832086246,0
5.0,48,20,Donor-HCP-within,0.51,7.515624651963393,0
5.0,48,20,HCP,0.58,15.743785610461437,0
5.0,48,20,Pooling,0.54,14.338426126054546,0
5.0,48,20,Repeated,0.56,15.01079329147925,0
5.0,48,20,S-HCP-within,0.56,15.15017975154226,0
5.0,48,20,Std-CP,0.8,2.6842466201606134,0
5.0,48,20,Subsampling,0.55,14.640617116505648,0
5.0,48,25,Donor-HCP-no-within,0.81,14.18064260380431,0
5.0,48,25,Donor-HCP-within,0.88,3.153378358839218,0
5.0,48,25,HCP,0.58,15.743785610461437,0
5.0,48,25,Pooling,0.54,14.338426126054546,0
5.0,48,25,Repeated,0.56,15.01079329147925,0
5.0,48,25,S-HCP-within,0.86,14.725288740337852,0
5.0,48,25,Std-CP,0.82,2.7556029974007057,0
5.0,48,25,Subsampling,0.55,14.640617116505648,0
5.0,48,30,Donor-HCP-no-within,0.82,14.168105319411485,0
5.0,48,30,Donor-HCP-within,0.86,2.6006288107813695,0
5.0,48,30,HCP,0.58,15.743785610461437,0
5.0,48,30,Pooling,0.54,14.338426126054546,0
5.0,48,30,Repeated,0.56,15.01079329147925,0
5.0,48,30,S-HCP-within,0.81,14.368308230516881,0
5.0,48,30,Std-CP,0.73,2.3040972862509066,0
5.0,48,30,Subsampling,0.55,14.640617116505648,0
5.0,48,35,Donor-HCP-no-within,0.78,14.105373946903153,0
5.0,48,35,Donor-HCP-within,0.87,2.6914860068863073,0
5.0,48,35,HCP,0.58,15.743785610461437,0
5.0,48,35,Pooling,0.54,14.338426126054546,0
5.0,48,35,Repeated,0.56,15.01079329147925,0
5.0,48,35,S-HCP-within,0.83,14.590186941251218,0
5.0,48,35,Std-CP,0.85,2.535201032574436,0
5.0,48,35,Subsampling,0.55,14.640617116505648,0
5.0,49,0,Donor-HCP-no-within,0.88,36.414015655152625,0
5.0,49,0,Donor-HCP-within,0.88,36.414015655152625,0
5.0,49,0,HCP,0.88,36.414015655152625,0
5.0,49,0,Pooling,0.87,33.70302680894205,0
5.0,49,0,Repeated,0.87,35.33912451158758,0
5.0,49,0,S-HCP-within,0.87,20.15907072486184,0
5.0,49,0,Std-CP,1.0,,100
5.0,49,0,Subsampling,0.87,35.11425944539003,0
5.0,49,5,Donor-HCP-no-within,0.89,29.10602071700906,0
5.0,49,5,Donor-HCP-within,0.85,26.56994571315239,0
5.0,49,5,HCP,0.88,36.414015655152625,0
5.0,49,5,Pooling,0.87,33.70302680894205,0
5.0,49,5,Repeated,0.87,35.33912451158758,0
5.0,49,5,S-HCP-within,0.86,19.08131589881308,0
5.0,49,5,Std-CP,0.73,5.494776360858319,0
5.0,49,5,Subsampling,0.87,35.11425944539003,0
5.0,49,10,Donor-HCP-no-within,0.79,25.61089612372808,0
5.0,49,10,Donor-HCP-within,0.84,19.88780183882842,0
5.0,49,10,HCP,0.88,36.414015655152625,0
5.0,49,10,Pooling,0.87,33.70302680894205,0
5.0,49,10,Repeated,0.87,35.33912451158758,0
5.0,49,10,S-HCP-within,0.83,18.275245896657523,0
5.0,49,10,Std-CP,0.81,42.939013982229206,0
5.0,49,10,Subsampling,0.87,35.11425944539003,0
5.0,49,15,Donor-HCP-no-within,0.87,28.03727485390969,0
5.0,49,15,Donor-HCP-within,0.84,17.90684112447864,0
5.0,49,15,HCP,0.88,36.414015655152625,0
5.0,49,15,Pooling,0.87,33.70302680894205,0
5.0,49,15,Repeated,0.87,35.33912451158758,0
5.0,49,15,S-HCP-within,0.86,18.463182287234403,0
5.0,49,15,Std-CP,0.91,4.9800601398364766,0
5.0,49,15,Subsampling,0.87,35.11425944539003,0
5.0,49,20,Donor-HCP-no-within,0.81,27.136355468976927,0
5.0,49,20,Donor-HCP-within,0.85,14.683109131588894,0
5.0,49,20,HCP,0.88,36.414015655152625,0
5.0,49,20,Pooling,0.87,33.70302680894205,0
5.0,49,20,Repeated,0.87,35.33912451158758,0
5.0,49,20,S-HCP-within,0.82,18.22791564527471,0
5.0,49,20,Std-CP,0.75,2.752105081433385,0
5.0,49,20,Subsampling,0.87,35.11425944539003,0
5.0,49,25,Donor-HCP-no-within,0.77,10.730748219043251,0
5.0,49,25,Donor-HCP-within,0.81,3.027521806203517,0
5.0,49,25,HCP,0.88,36.414015655152625,0
5.0,49,25,Pooling,0.87,33.70302680894205,0
5.0,49,25,Repeated,0.87,35.33912451158758,0
5.0,49,25,S-HCP-within,0.83,11.134056357232502,0
5.0,49,25,Std-CP,0.77,3.009369168778642,0
5.0,49,25,Subsampling,0.87,35.11425944539003,0
5.0,49,30,Donor-HCP-no-within,0.77,10.70490502285329,0
5.0,49,30,Donor-HCP-within,0.75,2.509672810475253,0
5.0,49,30,HCP,0.88,36.414015655152625,0
5.0,49,30,Pooling,0.87,33.70302680894205,0
5.0,49,30,Repeated,0.87,35.33912451158758,0
5.0,49,30,S-HCP-within,0.79,10.80738662191477,0
5.0,49,30,Std-CP,0.78,2.4740635369571544,0
5.0,49,30,Subsampling,0.87,35.11425944539003,0
5.0,49,35,Donor-HCP-no-within,0.77,10.72684779789073,0
5.0,49,35,Donor-HCP-within,0.78,2.5242795398861984,0
5.0,49,35,HCP,0.88,36.414015655152625,0
5.0,49,35,Pooling,0.87,33.70302680894205,0
5.0,49,35,Repeated,0.87,35.33912451158758,0
5.0,49,35,S-HCP-within,0.83,11.090784132939447,0
5.0,49,35,Std-CP,0.81,2.3794751953226783,0
5.0,49,35,Subsampling,0.87,35.11425944539003,0
