method,0,25,50,75,overall_coverage,mean_width,median_width,prop_infinite,target_coverage,coverage_diff
HCP,0.9333,0.7692,0.9333,1.0,0.9138,56.8587,56.8587,0.0,0.8,0.1137999999999999
HCP++,0.9333,0.7692,0.8,0.8,0.8276,50.7545,48.1507,0.0,0.8,0.027599999999999958
HCP.sample,0.9333,0.7692,0.9333,0.8667,0.8793,47.6596,46.9795,0.0,0.8,0.07929999999999993
Pooling,0.8667,0.5385,0.6,0.8,0.7069,45.5129,45.5129,0.0,0.8,-0.09310000000000007
Repeated,1.0,0.8462,1.0,1.0,0.9655,56.9134,56.8587,0.0,0.8,0.16549999999999998
Subsampling,0.9333,0.8462,0.8,0.8667,0.8621,60.934,61.357,0.0,0.8,0.06209999999999993
