summary,spearman_rho,p_value,subsample
age_mean,-0.037813094532271566,0.629665344552734,0
age_sd,-0.08154177576451418,0.29778495146865835,0
age_sq_mean,-0.04356397431228106,0.5784849535532265,0
age_sq_sd,-0.09383897725452071,0.2305795987584262,0
english_mean,-0.12327982698021486,0.11467062630174382,0
entry_recency_mean,-0.16602888033517782,0.03306598178185399,0
entry_recency_sd,0.06322444751300958,0.4198011841980491,0
hours_mean,-0.11819528522528698,0.1305316070947106,0
hours_sd,-0.1384348318963137,0.07618611866218974,0
prop_educ_<HS,,,0
prop_educ_BAplus,,,0
prop_educ_HS,,,0
prop_educ_SomeCollege,,,0
prop_female,-0.012153426504877647,0.8768745409803943,0
prop_married,0.02200003300346938,0.7791084097958757,0
age_mean,-0.15679414692068624,0.0443040165249443,1
age_sd,-0.10941088983231582,0.16183476354661655,1
age_sq_mean,-0.16935907906038006,0.029656174640234068,1
age_sq_sd,-0.1297619299339868,0.09667699720403834,1
english_mean,-0.11647003252261111,0.1362805112065246,1
entry_recency_mean,-0.2550744627474847,0.000944863695808695,1
entry_recency_sd,0.15730648370175268,0.04360608240494157,1
hours_mean,-0.12185917281165388,0.11894285834890142,1
hours_sd,-0.12169873882227562,0.11943298698189511,1
prop_educ_<HS,,,1
prop_educ_BAplus,,,1
prop_educ_HS,,,1
prop_educ_SomeCollege,,,1
prop_female,-0.019601847837141306,0.8026645881759852,1
prop_married,0.003730363644784943,0.9620722745150108,1
age_mean,-0.11782111286779687,0.13176232259567924,2
age_sd,-0.11333441498504185,0.1472220926012343,2
age_sq_mean,-0.12156729816586187,0.11983570768199524,2
age_sq_sd,-0.11426483735656547,0.14390818859066098,2
english_mean,-0.12866958686801463,0.0995416756824014,2
entry_recency_mean,-0.1676327290330842,0.03138440640943919,2
entry_recency_sd,0.09306278190356453,0.2344761855946455,2
hours_mean,-0.09166567167184984,0.24160579940549104,2
hours_sd,-0.10947545994771135,0.16158580982155227,2
prop_educ_<HS,,,2
prop_educ_BAplus,,,2
prop_educ_HS,,,2
prop_educ_SomeCollege,,,2
prop_female,0.0846453676086433,0.27971277279224666,2
prop_married,-0.00019909430499074883,0.9979749947779809,2
age_mean,-0.0951059475658349,0.2243176491033441,3
age_sd,-0.05356577598189286,0.494401635661714,3
age_sq_mean,-0.094501731800342,0.2272887746608142,3
age_sq_sd,-0.07410253001306304,0.3441847127114297,3
english_mean,-0.11715328825088259,0.13398102587712296,3
entry_recency_mean,-0.2637692913547098,0.0006187739075440604,3
entry_recency_sd,0.21745631465780998,0.005020794286801353,3
hours_mean,-0.1461069632310185,0.061127551182274246,3
hours_sd,-0.1302630437196978,0.09538487232249102,3
prop_educ_<HS,,,3
prop_educ_BAplus,,,3
prop_educ_HS,,,3
prop_educ_SomeCollege,,,3
prop_female,0.08157649105194754,0.2975786241292615,3
prop_married,-0.013637066531657893,0.8619851799177495,3
age_mean,-0.17501775766711786,0.024548397380835585,4
age_sd,-0.09533276878808167,0.2232094273923224,4
age_sq_mean,-0.1786782966533336,0.02166295699397214,4
age_sq_sd,-0.11185857270168698,0.15259674043680127,4
english_mean,-0.13378098568973984,0.08669543476606222,4
entry_recency_mean,-0.19083075329438665,0.014079191593813344,4
entry_recency_sd,0.16433778383518927,0.03492117217849543,4
hours_mean,-0.13623393916060805,0.08102020191657114,4
hours_sd,-0.1285802606231414,0.09977887088955328,4
prop_educ_<HS,,,4
prop_educ_BAplus,,,4
prop_educ_HS,,,4
prop_educ_SomeCollege,,,4
prop_female,0.08088336399093712,0.3017160957213274,4
prop_married,0.009531001003599365,0.9032950554415563,4
age_mean,-0.1504139128372193,0.05380552790848849,5
age_sd,-0.09532736083338504,0.2232358047743252,5
age_sq_mean,-0.14982705074851504,0.054758352514826296,5
age_sq_sd,-0.10437390052143745,0.18215090828142763,5
english_mean,-0.14443203005510227,0.06418744061284862,5
entry_recency_mean,-0.21297559843816408,0.006023375056932888,5
entry_recency_sd,0.10467666052030417,0.18087916288020103,5
hours_mean,-0.07252145679853166,0.3546057380674441,5
hours_sd,-0.035761407454052416,0.6483775436974759,5
prop_educ_<HS,,,5
prop_educ_BAplus,,,5
prop_educ_HS,,,5
prop_educ_SomeCollege,,,5
prop_female,0.047125234002422925,0.5477955355671807,5
prop_married,-0.08804831616703913,0.2607634381536902,5
age_mean,-0.10928536714586144,0.16231954405372145,6
age_sd,-0.0994926299799263,0.20356954602390634,6
age_sq_mean,-0.1076913658951539,0.16857047277585765,6
age_sq_sd,-0.10790380125335806,0.16772721319152814,6
english_mean,-0.14732157864886272,0.058984323289853896,6
entry_recency_mean,-0.25066306474739064,0.0011648472960215936,6
entry_recency_sd,0.0678183633105634,0.38675509492831334,6
hours_mean,-0.16450226535655102,0.034736946939063935,6
hours_sd,-0.18414082836454504,0.017902301759117414,6
prop_educ_<HS,,,6
prop_educ_BAplus,,,6
prop_educ_HS,,,6
prop_educ_SomeCollege,,,6
prop_female,0.052322274133283525,0.5044913020507995,6
prop_married,-0.043640339587039854,0.5778185536286928,6
age_mean,-0.1373987383751531,0.07843195782353053,7
age_sd,-0.14605532108681488,0.06122007333705818,7
age_sq_mean,-0.14145608411680094,0.06993260492638384,7
age_sq_sd,-0.16123042044834182,0.03855989017417977,7
english_mean,-0.12603178748018293,0.10673608469635786,7
entry_recency_mean,-0.19365903302612997,0.012690995458260858,7
entry_recency_sd,0.10324358408721912,0.1869568714010026,7
hours_mean,-0.1605750642802539,0.03936676187393614,7
hours_sd,-0.17653735865084683,0.02331279555699268,7
prop_educ_<HS,,,7
prop_educ_BAplus,,,7
prop_educ_HS,,,7
prop_educ_SomeCollege,,,7
prop_female,0.056688849118046405,0.4695401450638511,7
prop_married,-0.016355598844138577,0.8348321493263593,7
age_mean,-0.13193817951604794,0.09116473808147313,8
age_sd,-0.08792018079637982,0.2614606183514314,8
age_sq_mean,-0.13068248315287143,0.09431391277350329,8
age_sq_sd,-0.10402251373396769,0.18363513467362974,8
english_mean,-0.15303144555725,0.04972119741583798,8
entry_recency_mean,-0.16032976973729196,0.039672398085155096,8
entry_recency_sd,0.12384722440277535,0.1129981437621092,8
hours_mean,-0.18492554724392288,0.017411564416432237,8
hours_sd,-0.1691516588613736,0.029859438903055,8
prop_educ_<HS,,,8
prop_educ_BAplus,,,8
prop_educ_HS,,,8
prop_educ_SomeCollege,,,8
prop_female,0.09300469442378032,0.23476963863387085,8
prop_married,0.011441729686110833,0.8840325968550662,8
age_mean,-0.15171403734950004,0.05174343780968731,9
age_sd,-0.09103990759767983,0.2448476713558996,9
age_sq_mean,-0.15189425759140135,0.05146283526654881,9
age_sq_sd,-0.09756528048742252,0.21250834614757183,9
english_mean,-0.15339626232357312,0.04917295442008246,9
entry_recency_mean,-0.23586343791018444,0.0022896621430871737,9
entry_recency_sd,0.06834673427002218,0.3830578456747952,9
hours_mean,-0.0674797329511709,0.38913594693532694,9
hours_sd,-0.104728767375879,0.1806609481291758,9
prop_educ_<HS,,,9
prop_educ_BAplus,,,9
prop_educ_HS,,,9
prop_educ_SomeCollege,,,9
prop_female,0.08285760313817259,0.2900306384453268,9
prop_married,-0.02049813560818764,0.793838750287592,9
age_mean,-0.07637967661764232,0.3295199651562857,10
age_sd,-0.020062448671657764,0.7981258130163669,10
age_sq_mean,-0.08549387506997262,0.2749032852572485,10
age_sq_sd,-0.02246871332653627,0.7745274529810204,10
english_mean,-0.12498053693002412,0.10971461366672565,10
entry_recency_mean,-0.21280232212692435,0.006065505869381897,10
entry_recency_sd,0.1255287552627673,0.1081533161793847,10
hours_mean,-0.08154250561829059,0.29778061267081857,10
hours_sd,-0.0924636152175006,0.23751550781874364,10
prop_educ_<HS,,,10
prop_educ_BAplus,,,10
prop_educ_HS,,,10
prop_educ_SomeCollege,,,10
prop_female,0.06452831169083624,0.41025872749239145,10
prop_married,-0.012883383464353707,0.8695431838799743,10
age_mean,-0.10889787615934293,0.16382291943197336,11
age_sd,-0.03224744169788431,0.6809377708362317,11
age_sq_mean,-0.10960194804755605,0.16109895828457463,11
age_sq_sd,-0.037393967329672186,0.6334693655759477,11
english_mean,-0.12427240852662368,0.1117573849928973,11
entry_recency_mean,-0.21366115963441962,0.00585923569290157,11
entry_recency_sd,0.09450239983650578,0.22728547443446934,11
hours_mean,-0.04293554773020502,0.5839824481168779,11
hours_sd,-0.07252267397588702,0.35459764035570623,11
prop_educ_<HS,,,11
prop_educ_BAplus,,,11
prop_educ_HS,,,11
prop_educ_SomeCollege,,,11
prop_female,0.03891392404466087,0.6197206030194823,11
prop_married,-0.011250995739793445,0.8859525672562641,11
age_mean,-0.1071253941515173,0.17083247223857018,12
age_sd,-0.011975884308045491,0.8786593023774298,12
age_sq_mean,-0.10765870404594674,0.1687004026889957,12
age_sq_sd,-0.02540272619833705,0.7460322602245292,12
english_mean,-0.13523326529260174,0.08329821675237917,12
entry_recency_mean,-0.25927062238168375,0.0007716622864585303,12
entry_recency_sd,0.14956594867205875,0.055186734602504256,12
hours_mean,-0.12193885418260156,0.11870001164808075,12
hours_sd,-0.11115334968869832,0.15521663636675065,12
prop_educ_<HS,,,12
prop_educ_BAplus,,,12
prop_educ_HS,,,12
prop_educ_SomeCollege,,,12
prop_female,-0.046898703302075524,0.5497236894637771,12
prop_married,-0.04631420808327206,0.5547139725099267,12
age_mean,-0.1047630205053878,0.18051760733656025,13
age_sd,-0.09436278027827621,0.22797595757245426,13
age_sq_mean,-0.11457621852186635,0.14281188637531828,13
age_sq_sd,-0.0961837826233779,0.2190860867471462,13
english_mean,-0.14058663753970851,0.07168787867249866,13
entry_recency_mean,-0.2488796419133602,0.001266393941051517,13
entry_recency_sd,0.14834420960182487,0.05722813538897457,13
hours_mean,-0.1554022125876074,0.04624748862972683,13
hours_sd,-0.11743608133899934,0.13303803705996994,13
prop_educ_<HS,,,13
prop_educ_BAplus,,,13
prop_educ_HS,,,13
prop_educ_SomeCollege,,,13
prop_female,-0.004330229516480091,0.9559789683668473,13
prop_married,-0.016594777926111214,0.8324520226571835,13
age_mean,-0.11847911554762512,0.1296039497839514,14
age_sd,-0.058925505252401,0.45216464159212744,14
age_sq_mean,-0.12287881816338217,0.11586424912895539,14
age_sq_sd,-0.08047959897349342,0.3041436881793241,14
english_mean,-0.13300583843666675,0.08855353990055832,14
entry_recency_mean,-0.21425002457789347,0.005721449397552791,14
entry_recency_sd,0.21429116142771162,0.005711933015283119,14
hours_mean,-0.15322271030131004,0.04943313665544453,14
hours_sd,-0.1544555116644503,0.04760953824340471,14
prop_educ_<HS,,,14
prop_educ_BAplus,,,14
prop_educ_HS,,,14
prop_educ_SomeCollege,,,14
prop_female,0.02756821699239117,0.7252171306064833,14
prop_married,-0.036332563585968015,0.643145577865986,14
age_mean,-0.09229464059965418,0.23837760783717973,15
age_sd,-0.09176005010127755,0.24111946652559033,15
age_sq_mean,-0.09719251655698881,0.21426910500805268,15
age_sq_sd,-0.10432312980689809,0.18236481272138083,15
english_mean,-0.11840512007607099,0.12984530283573784,15
entry_recency_mean,-0.20087559777762995,0.009678663140967884,15
entry_recency_sd,0.11195217247054697,0.15225153960957163,15
hours_mean,-0.12703558253326316,0.10395162966730187,15
hours_sd,-0.12155385625252599,0.1198769516470218,15
prop_educ_<HS,,,15
prop_educ_BAplus,,,15
prop_educ_HS,,,15
prop_educ_SomeCollege,,,15
prop_female,0.10001122592976931,0.20121134735658347,15
prop_married,0.0036260783684701663,0.963131815447563,15
age_mean,-0.0686850498738433,0.38070180500035866,16
age_sd,0.008637701828867039,0.912320677495666,16
age_sq_mean,-0.060191354229279036,0.4424926854632992,16
age_sq_sd,0.006809956105450162,0.9308213781379416,16
english_mean,-0.13073837795626994,0.0941719199098004,16
entry_recency_mean,-0.228453947809565,0.0031637100008701144,16
entry_recency_sd,0.04484790986691105,0.5673286109048119,16
hours_mean,-0.0996163198926769,0.20300529190631736,16
hours_sd,-0.10065581538930048,0.19830782413387985,16
prop_educ_<HS,,,16
prop_educ_BAplus,,,16
prop_educ_HS,,,16
prop_educ_SomeCollege,,,16
prop_female,0.1110616280635743,0.1555598527126421,16
prop_married,0.05675706387165523,0.4690048677026011,16
age_mean,-0.17406902769621124,0.02534798857095957,17
age_sd,-0.14485762978975245,0.06339829364424139,17
age_sq_mean,-0.18506326271026455,0.0173266580220788,17
age_sq_sd,-0.16912793870208243,0.02988275923167855,17
english_mean,-0.1342392303373231,0.08561172966278095,17
entry_recency_mean,-0.20311502401061596,0.008882130158430897,17
entry_recency_sd,0.08292755876328645,0.28962218740027357,17
hours_mean,-0.0675747009458652,0.3884673532677261,17
hours_sd,-0.04477120536311682,0.5679922326050139,17
prop_educ_<HS,,,17
prop_educ_BAplus,,,17
prop_educ_HS,,,17
prop_educ_SomeCollege,,,17
prop_female,0.06405507126340046,0.41370732548082667,17
prop_married,0.04771115032894682,0.5428238277232174,17
age_mean,-0.11886309346717193,0.1283570568685383,18
age_sd,-0.14297968464287797,0.06694107705218034,18
age_sq_mean,-0.13261194743789181,0.08950984756956487,18
age_sq_sd,-0.14205245106681708,0.06874896509801372,18
english_mean,-0.14421059946356338,0.06460118412833533,18
entry_recency_mean,-0.2083684672769846,0.00723696903226698,18
entry_recency_sd,0.11656504003068008,0.13595897043673083,18
hours_mean,-0.09563204579663384,0.22175314191880646,18
hours_sd,-0.11665054871675158,0.1356700737302859,18
prop_educ_<HS,,,18
prop_educ_BAplus,,,18
prop_educ_HS,,,18
prop_educ_SomeCollege,,,18
prop_female,-0.001730093011573602,0.9824044703888019,18
prop_married,0.007232672905038772,0.9265389192928094,18
age_mean,-0.14404860131867495,0.06490525713054106,19
age_sd,-0.04500092010056721,0.5660059177542179,19
age_sq_mean,-0.14311596392927312,0.06667866292516234,19
age_sq_sd,-0.05720122635719791,0.4655277412451517,19
english_mean,-0.11557058278080556,0.13935346119157102,19
entry_recency_mean,-0.22457448192895776,0.0037326246361933033,19
entry_recency_sd,0.1446551182226768,0.063772794381894,19
hours_mean,-0.12807443504396737,0.1011304668899297,19
hours_sd,-0.14525931355031577,0.06266079463716186,19
prop_educ_<HS,,,19
prop_educ_BAplus,,,19
prop_educ_HS,,,19
prop_educ_SomeCollege,,,19
prop_female,0.0804646815683099,0.30423362292326805,19
prop_married,-0.02848443061254696,0.7164694920695384,19
age_mean,-0.13599060669339572,0.08156947953772534,20
age_sd,-0.07532637144774862,0.33625264645272723,20
age_sq_mean,-0.1357648988925482,0.08208164516511945,20
age_sq_sd,-0.10058613800251431,0.19862021123376694,20
english_mean,-0.13564271753810844,0.08235996948416813,20
entry_recency_mean,-0.23486081892089744,0.0023934535890859183,20
entry_recency_sd,0.15367781389553364,0.04875328588119239,20
hours_mean,-0.123881024656054,0.11289911710276634,20
hours_sd,-0.13736636399078828,0.07850298355296581,20
prop_educ_<HS,,,20
prop_educ_BAplus,,,20
prop_educ_HS,,,20
prop_educ_SomeCollege,,,20
prop_female,0.05130718608400073,0.5128066843016166,20
prop_married,-0.0376623075368432,0.6310327817489443,20
age_mean,-0.10516034845699686,0.17886100084672651,21
age_sd,-0.08317384257116103,0.28818726122748217,21
age_sq_mean,-0.10455961445093667,0.18137003897500775,21
age_sq_sd,-0.08932439187482363,0.25388985789321356,21
english_mean,-0.1579485881497375,0.04274438545121756,21
entry_recency_mean,-0.19163976890951417,0.013669153315119816,21
entry_recency_sd,0.21186647476717807,0.0062976282066962135,21
hours_mean,-0.15695842867808285,0.044079212375484726,21
hours_sd,-0.14445318577350041,0.06414802480411932,21
prop_educ_<HS,,,21
prop_educ_BAplus,,,21
prop_educ_HS,,,21
prop_educ_SomeCollege,,,21
prop_female,-0.006909820827333742,0.9298094850763686,21
prop_married,-0.0087574867492907,0.9111097306875623,21
age_mean,-0.07319207897520982,0.3501617182928867,22
age_sd,-0.06274993102777562,0.4233057994526448,22
age_sq_mean,-0.07222606591916965,0.35657435270751814,22
age_sq_sd,-0.07637785966728741,0.3295315040129116,22
english_mean,-0.12442501524984155,0.11131465896461161,22
entry_recency_mean,-0.25648417828391,0.0008830514691704616,22
entry_recency_sd,0.1782889506420924,0.02195527629350627,22
hours_mean,-0.1287123112716393,0.09942838378423978,22
hours_sd,-0.13046354170034577,0.09487174085931352,22
prop_educ_<HS,,,22
prop_educ_BAplus,,,22
prop_educ_HS,,,22
prop_educ_SomeCollege,,,22
prop_female,0.006102886769213416,0.9379889317142324,22
prop_married,-0.011015918496815479,0.8883198188602991,22
age_mean,-0.12957189328316887,0.09717062036462171,23
age_sd,-0.09995952049938381,0.20144557621257697,23
age_sq_mean,-0.13559263623431747,0.08247427155480423,23
age_sq_sd,-0.11797644380367958,0.1312503358949351,23
english_mean,-0.1103031262628616,0.15842002234642094,23
entry_recency_mean,-0.19024167125773445,0.014384487918293677,23
entry_recency_sd,0.04845336335508403,0.536558035665886,23
hours_mean,-0.13339787254298863,0.08760985914740638,23
hours_sd,-0.16212401730790868,0.03748217289315643,23
prop_educ_<HS,,,23
prop_educ_BAplus,,,23
prop_educ_HS,,,23
prop_educ_SomeCollege,,,23
prop_female,0.06849868382501643,0.38199857129960746,23
prop_married,-0.03334666505910155,0.6706853790672158,23
age_mean,-0.14333959172182015,0.06624987293648936,24
age_sd,-0.11249320663342892,0.1502677089991215,24
age_sq_mean,-0.15439482340690655,0.047697980159804594,24
age_sq_sd,-0.11385867164025061,0.14534779965191474,24
english_mean,-0.1415901706223115,0.06966504271049935,24
entry_recency_mean,-0.22065019382801462,0.0044002753620928205,24
entry_recency_sd,0.1146406562500005,0.1425858109887615,24
hours_mean,-0.15985112483818184,0.04027453503997198,24
hours_sd,-0.15038155539675202,0.05385770359251613,24
prop_educ_<HS,,,24
prop_educ_BAplus,,,24
prop_educ_HS,,,24
prop_educ_SomeCollege,,,24
prop_female,0.1435493150599365,0.06584979145453117,24
prop_married,0.02833872113848319,0.7178582393254452,24
age_mean,-0.05294950890719457,0.4993885683864708,25
age_sd,-0.09081811973942895,0.24600390572353817,25
age_sq_mean,-0.05976719146471277,0.44572044901264557,25
age_sq_sd,-0.10121008336277432,0.19583552664285042,25
english_mean,-0.15206457492382705,0.05119881245379774,25
entry_recency_mean,-0.22387492708696077,0.0038445081207876563,25
entry_recency_sd,0.1126329013214366,0.14975867131986875,25
hours_mean,-0.044444103826395694,0.5708263284136045,25
hours_sd,-0.0534722866934341,0.49515646442643313,25
prop_educ_<HS,,,25
prop_educ_BAplus,,,25
prop_educ_HS,,,25
prop_educ_SomeCollege,,,25
prop_female,0.13973600211809412,0.07343962049642568,25
prop_married,-0.028735883514543408,0.7140750972108626,25
age_mean,-0.09231488902874269,0.23827418611759613,26
age_sd,-0.11085251091094653,0.1563444889176079,26
age_sq_mean,-0.10246138269175507,0.19033659390215757,26
age_sq_sd,-0.11839597023434689,0.12987517112435792,26
english_mean,-0.12151704420288116,0.1199899588365983,26
entry_recency_mean,-0.24869259519749434,0.0012775004631416559,26
entry_recency_sd,0.10823247482642864,0.16642873834513594,26
hours_mean,-0.0897032487827022,0.2518734226506434,26
hours_sd,-0.07062473606711704,0.3673647036734575,26
prop_educ_<HS,,,26
prop_educ_BAplus,,,26
prop_educ_HS,,,26
prop_educ_SomeCollege,,,26
prop_female,-0.004569924781308663,0.953544889086161,26
prop_married,0.006579388981480191,0.9331580518578586,26
age_mean,-0.06443712518758081,0.41092190214296204,27
age_sd,-0.12543305848378894,0.10842459323019617,27
age_sq_mean,-0.07138629678520741,0.36220812284611215,27
age_sq_sd,-0.13575821853537198,0.08209684320012667,27
english_mean,-0.15951145049791302,0.04070648921413066,27
entry_recency_mean,-0.21564797577713765,0.0054058753577845495,27
entry_recency_sd,0.03601182548077248,0.6460815003648704,27
hours_mean,-0.0876647858814826,0.26285401870644715,27
hours_sd,-0.07489625648608031,0.33902696063293125,27
prop_educ_<HS,,,27
prop_educ_BAplus,,,27
prop_educ_HS,,,27
prop_educ_SomeCollege,,,27
prop_female,0.077846055857855,0.32029206106784985,27
prop_married,-0.01974935812388068,0.8012102912574879,27
age_mean,-0.1480914889960674,0.057658079138506915,28
age_sd,-0.0813589513237033,0.2988731153059352,28
age_sq_mean,-0.15455273541498105,0.04746813730305896,28
age_sq_sd,-0.10250473658352793,0.19014811206195542,28
english_mean,-0.13827043193847557,0.07653896318151053,28
entry_recency_mean,-0.20032389111101911,0.009884330253669955,28
entry_recency_sd,0.14712036653242677,0.059335035684486406,28
hours_mean,-0.12870424760385352,0.09944975832940871,28
hours_sd,-0.10937770719361116,0.16196281262197454,28
prop_educ_<HS,,,28
prop_educ_BAplus,,,28
prop_educ_HS,,,28
prop_educ_SomeCollege,,,28
prop_female,0.12915435985390222,0.09826218154599696,28
prop_married,-0.021951210974379805,0.7795860446495025,28
age_mean,-0.07592030342493725,0.3324455481202163,29
age_sd,-0.10574738195687058,0.17643398604187763,29
age_sq_mean,-0.082235196839407,0.2936816020961424,29
age_sq_sd,-0.09948387906843616,0.20360950912066664,29
english_mean,-0.12240517306641331,0.11728651561281432,29
entry_recency_mean,-0.20328784671573363,0.008823142209336221,29
entry_recency_sd,0.05375497369333953,0.4928759281852629,29
hours_mean,-0.15439784993513908,0.04769356631506187,29
hours_sd,-0.13501678906114098,0.08379772090301638,29
prop_educ_<HS,,,29
prop_educ_BAplus,,,29
prop_educ_HS,,,29
prop_educ_SomeCollege,,,29
prop_female,0.06472078402740447,0.4088609990775746,29
prop_married,0.042647821859051874,0.5865074999258876,29
age_mean,-0.1380363409524266,0.07704365950900922,30
age_sd,-0.08511175863949218,0.27706221962456123,30
age_sq_mean,-0.14192094281378503,0.06900856452500906,30
age_sq_sd,-0.09483034225947345,0.22566946066239796,30
english_mean,-0.1362086287967649,0.08107719634296759,30
entry_recency_mean,-0.26321240113473393,0.0006360538755699218,30
entry_recency_sd,0.10945653556622978,0.16165874414583525,30
hours_mean,-0.15053283137559278,0.05361413333292913,30
hours_sd,-0.11930006158771551,0.126949350504994,30
prop_educ_<HS,,,30
prop_educ_BAplus,,,30
prop_educ_HS,,,30
prop_educ_SomeCollege,,,30
prop_female,0.1442037633754976,0.06461399199013718,30
prop_married,-0.04051216706313195,0.6054045254230442,30
age_mean,-0.07064224866655149,0.36724561794616556,31
age_sd,-0.11118526695453,0.1550973377309402,31
age_sq_mean,-0.08034738156221695,0.3049414163038715,31
age_sq_sd,-0.11693297201275223,0.1347192253360316,31
english_mean,-0.15407473512840156,0.048166716575727755,31
entry_recency_mean,-0.2109489660270661,0.0065328592251579455,31
entry_recency_sd,0.16579933818277634,0.03331278797835066,31
hours_mean,-0.10205970178628122,0.19208939475232867,31
hours_sd,-0.12223266262935559,0.11780789212353206,31
prop_educ_<HS,,,31
prop_educ_BAplus,,,31
prop_educ_HS,,,31
prop_educ_SomeCollege,,,31
prop_female,0.061047848290114795,0.43601554604072146,31
prop_married,0.08033631191419167,0.30500826690668614,31
age_mean,-0.08124324560486255,0.2995631482444,32
age_sd,-0.04890288667288343,0.5327807499173921,32
age_sq_mean,-0.08557537542752265,0.2744442896810881,32
age_sq_sd,-0.04137145199240029,0.5977687706672354,32
english_mean,-0.12879065009270918,0.0992209182727559,32
entry_recency_mean,-0.22646188955930774,0.0034452423692749967,32
entry_recency_sd,0.10590844929684877,0.1757723454233009,32
hours_mean,-0.12140467116493747,0.12033543765498866,32
hours_sd,-0.13098795043914357,0.0935399868588168,32
prop_educ_<HS,,,32
prop_educ_BAplus,,,32
prop_educ_HS,,,32
prop_educ_SomeCollege,,,32
prop_female,0.006491613882819648,0.9340477563334095,32
prop_married,0.025458988873194494,0.7454890464929946,32
age_mean,-0.1376522900689444,0.0778774845554457,33
age_sd,-0.11273043460134816,0.14940404024692683,33
age_sq_mean,-0.14427032964932587,0.06448936396911463,33
age_sq_sd,-0.1396461864119386,0.07362658827251012,33
english_mean,-0.1301514839107901,0.09567133772891914,33
entry_recency_mean,-0.19709468166253583,0.011167279292556587,33
entry_recency_sd,0.011286478524825862,0.8855953390678785,33
hours_mean,-0.15009764408875081,0.05431730125252933,33
hours_sd,-0.16805485425286087,0.030954102865958878,33
prop_educ_<HS,,,33
prop_educ_BAplus,,,33
prop_educ_HS,,,33
prop_educ_SomeCollege,,,33
prop_female,0.13061463879644752,0.09448649018962216,33
prop_married,-0.03311863099651236,0.6728073289403462,33
age_mean,-0.06666831614401954,0.39487672517558847,34
age_sd,-0.09416310035317133,0.22896603798154072,34
age_sq_mean,-0.06983850466982762,0.3727356162385485,34
age_sq_sd,-0.10109651729077838,0.1963402531826732,34
english_mean,-0.13225624110036033,0.09038051196345262,34
entry_recency_mean,-0.21399524596646674,0.00578070475274711,34
entry_recency_sd,0.08193992505221759,0.2954242689304843,34
hours_mean,-0.03241300010464647,0.6793898191802014,34
hours_sd,-0.0005504625342181371,0.9944012380022875,34
prop_educ_<HS,,,34
prop_educ_BAplus,,,34
prop_educ_HS,,,34
prop_educ_SomeCollege,,,34
prop_female,0.06574809451863826,0.4014483295499522,34
prop_married,0.040114125620599884,0.6089561996213183,34
age_mean,-0.12905195836962932,0.09853136679728049,35
age_sd,-0.09396724011230437,0.22994012134865058,35
age_sq_mean,-0.13496210023163774,0.08392429108463041,35
age_sq_sd,-0.0795430128973858,0.30982415850994544,35
english_mean,-0.11706201795473105,0.13428646242390746,35
entry_recency_mean,-0.21332793048321938,0.005938512870164196,35
entry_recency_sd,0.1817151890538677,0.019495883200334702,35
hours_mean,-0.1764180104326578,0.023407864505519915,35
hours_sd,-0.17307838067707043,0.026206636948303774,35
prop_educ_<HS,,,35
prop_educ_BAplus,,,35
prop_educ_HS,,,35
prop_educ_SomeCollege,,,35
prop_female,0.03896158038496746,0.6192916175232518,35
prop_married,-0.0278974703600181,0.7220693915352461,35
age_mean,-0.041975062249951546,0.5924310485486155,36
age_sd,-0.1028161098947211,0.18879841148626683,36
age_sq_mean,-0.0484138845275833,0.5368904075600127,36
age_sq_sd,-0.10919845447411167,0.16265584457228316,36
english_mean,-0.09825245363016137,0.20928965299495597,36
entry_recency_mean,-0.22268067835974226,0.00404250348602244,36
entry_recency_sd,0.03532911611633121,0.6523489497302662,36
hours_mean,-0.07154157501861136,0.36116226360779347,36
hours_sd,-0.1043119821972809,0.1824118039289764,36
prop_educ_<HS,,,36
prop_educ_BAplus,,,36
prop_educ_HS,,,36
prop_educ_SomeCollege,,,36
prop_female,-0.006001588458960274,0.9390162128754448,36
prop_married,0.0072901304855719495,0.925956988093486,36
age_mean,-0.052053772590878115,0.5066839348809365,37
age_sd,-0.0634486963884094,0.418150855994781,37
age_sq_mean,-0.04827226095544719,0.5380835784379099,37
age_sq_sd,-0.07263552357716266,0.35384737028952973,37
english_mean,-0.13501949286050052,0.08379146728563001,37
entry_recency_mean,-0.2270272162249998,0.0033631347639184773,37
entry_recency_sd,0.11747706692020987,0.13290179180968578,37
hours_mean,-0.08035404201970607,0.3049011978427093,37
hours_sd,-0.06020279125059378,0.44240583664073224,37
prop_educ_<HS,,,37
prop_educ_BAplus,,,37
prop_educ_HS,,,37
prop_educ_SomeCollege,,,37
prop_female,0.056662362901064134,0.46974807107659877,37
prop_married,-0.01281380799831691,0.8702414996799125,37
age_mean,-0.12812813256047173,0.10098630197335869,38
age_sd,-0.09474216154474718,0.22610319093475653,38
age_sq_mean,-0.13425732160815793,0.08556916913290247,38
age_sq_sd,-0.10495108338146383,0.1797321020739582,38
english_mean,-0.12911062256729813,0.09837708352272988,38
entry_recency_mean,-0.21905385273250583,0.0047012443309420015,38
entry_recency_sd,0.12253394714043558,0.11689849422269843,38
hours_mean,-0.08838098149505394,0.25895936873578773,38
hours_sd,-0.09835964064615908,0.20879076415429035,38
prop_educ_<HS,,,38
prop_educ_BAplus,,,38
prop_educ_HS,,,38
prop_educ_SomeCollege,,,38
prop_female,0.05568965320870585,0.47741900354776184,38
prop_married,-0.051421403228050305,0.5118675219999015,38
age_mean,-0.15378258690348054,0.04859787832668447,39
age_sd,-0.07178850223189516,0.3595029819380246,39
age_sq_mean,-0.15402097898375305,0.04824581171974736,39
age_sq_sd,-0.07897518253740614,0.31330168408249776,39
english_mean,-0.11420927555558705,0.144104479442968,39
entry_recency_mean,-0.21818297674688128,0.0048731057625699,39
entry_recency_sd,0.11182650698724106,0.15271513606888062,39
hours_mean,-0.11059066242188578,0.15733116938468727,39
hours_sd,-0.07985776438805613,0.30790747005726204,39
prop_educ_<HS,,,39
prop_educ_BAplus,,,39
prop_educ_HS,,,39
prop_educ_SomeCollege,,,39
prop_female,0.03641591643170759,0.6423834961130405,39
prop_married,-0.013981729419468904,0.8585329927416225,39
age_mean,-0.09916498145681743,0.20506969226567398,40
age_sd,-0.10287215622822064,0.1885562142960362,40
age_sq_mean,-0.10475942709515089,0.18053264093042354,40
age_sq_sd,-0.13526119996146038,0.08323393384606474,40
english_mean,-0.12835059968487278,0.1003907587136954,40
entry_recency_mean,-0.17517049478536384,0.024421715270689707,40
entry_recency_sd,0.05129318698391118,0.5129218545229667,40
hours_mean,-0.11617683910035778,0.13727645390833615,40
hours_sd,-0.09892693548813965,0.2061645741077378,40
prop_educ_<HS,,,40
prop_educ_BAplus,,,40
prop_educ_HS,,,40
prop_educ_SomeCollege,,,40
prop_female,0.02344122881584927,0.7650468698867192,40
prop_married,-0.07208230041870477,0.3575349329495286,40
age_mean,-0.1215287644452527,0.11995397057488398,41
age_sd,-0.07582205395022498,0.33307341486178554,41
age_sq_mean,-0.126795267993527,0.10461298221138049,41
age_sq_sd,-0.09463260368705699,0.22664288856556236,41
english_mean,-0.12245116248174252,0.11714782570918857,41
entry_recency_mean,-0.2499634288895022,0.0012037605343199898,41
entry_recency_sd,0.16108422820791637,0.038738664322276475,41
hours_mean,-0.14871836633472396,0.05659645098814987,41
hours_sd,-0.09665694557154592,0.2168170955350771,41
prop_educ_<HS,,,41
prop_educ_BAplus,,,41
prop_educ_HS,,,41
prop_educ_SomeCollege,,,41
prop_female,0.019144509601648672,0.807177748834379,41
prop_married,0.004625724325359157,0.9529783115696397,41
age_mean,-0.1169068403306869,0.13480698931530147,42
age_sd,-0.15660247817382236,0.0445675080491891,42
age_sq_mean,-0.12757419816049195,0.10248129991602335,42
age_sq_sd,-0.18504322163873582,0.01733899163157309,42
english_mean,-0.13329613222978662,0.08785398651919259,42
entry_recency_mean,-0.2351873491888238,0.002359191750340991,42
entry_recency_sd,0.08221649183931355,0.29379179416550383,42
hours_mean,-0.1178291717208208,0.13173572212894782,42
hours_sd,-0.1231725078773597,0.1149891235124571,42
prop_educ_<HS,,,42
prop_educ_BAplus,,,42
prop_educ_HS,,,42
prop_educ_SomeCollege,,,42
prop_female,0.03945086936872981,0.6148946601451495,42
prop_married,0.010205587598625982,0.8964873709269923,42
age_mean,-0.03727279130857542,0.6345709628751176,43
age_sd,-0.04644718737490081,0.5535767004872717,43
age_sq_mean,-0.039895093056453175,0.6109145099532526,43
age_sq_sd,-0.04316980414424174,0.5819303496216185,43
english_mean,-0.147547887248153,0.05859190680518461,43
entry_recency_mean,-0.21600028771891244,0.005328842072683347,43
entry_recency_sd,0.12924754243141698,0.09801773628108688,43
hours_mean,-0.0904990150925955,0.2476741210462203,43
hours_sd,-0.07854774459597663,0.3159361418391448,43
prop_educ_<HS,,,43
prop_educ_BAplus,,,43
prop_educ_HS,,,43
prop_educ_SomeCollege,,,43
prop_female,0.06920066749311861,0.377128033278532,43
prop_married,0.05682121748523139,0.46850176321923803,43
age_mean,-0.1389202356789176,0.07515198218239261,44
age_sd,-0.08765970541092928,0.26288178849936594,44
age_sq_mean,-0.14572617412749564,0.06181247718999684,44
age_sq_sd,-0.08819941972634629,0.2599429272103814,44
english_mean,-0.1394692405527516,0.07399606158815167,44
entry_recency_mean,-0.24365723363231728,0.0016120943252218457,44
entry_recency_sd,0.07743017106022042,0.3228920487678722,44
hours_mean,-0.06619619996982806,0.39824017409609025,44
hours_sd,-0.060414092560960565,0.44080302592603593,44
prop_educ_<HS,,,44
prop_educ_BAplus,,,44
prop_educ_HS,,,44
prop_educ_SomeCollege,,,44
prop_female,0.06152340027655603,0.43244274849013575,44
prop_married,0.019415351109658776,0.80450421961781,44
age_mean,-0.06711137410799514,0.3917358246362755,45
age_sd,-0.09968562585515833,0.2026896226740249,45
age_sq_mean,-0.07811475253310755,0.3186194808122207,45
age_sq_sd,-0.09720854941421178,0.2141931595750983,45
english_mean,-0.13938878539293004,0.07416455255289855,45
entry_recency_mean,-0.21976243562664965,0.004565442890276984,45
entry_recency_sd,0.12152120363977646,0.11997718588049065,45
hours_mean,-0.11471915177348868,0.1423107826494214,45
hours_sd,-0.12911218986756504,0.09837296424140693,45
prop_educ_<HS,,,45
prop_educ_BAplus,,,45
prop_educ_HS,,,45
prop_educ_SomeCollege,,,45
prop_female,0.025141596989629873,0.7485550852700396,45
prop_married,0.04536343771981398,0.5628780104371396,45
age_mean,-0.10377830171675019,0.18467187954685477,46
age_sd,-0.11154860412870984,0.15374413396662795,46
age_sq_mean,-0.1120016819482246,0.15206918438690045,46
age_sq_sd,-0.12951208457559574,0.09732638677725915,46
english_mean,-0.11794885967084487,0.13134114425862278,46
entry_recency_mean,-0.17756717522628918,0.02250618299759472,46
entry_recency_sd,0.15154734393382382,0.05200410710363824,46
hours_mean,-0.09624010873525406,0.21881509985244582,46
hours_sd,-0.06920315606001502,0.3771108347443002,46
prop_educ_<HS,,,46
prop_educ_BAplus,,,46
prop_educ_HS,,,46
prop_educ_SomeCollege,,,46
prop_female,0.0071608432434372045,0.9272664658658426,46
prop_married,0.0025279028573649766,0.9742928644173814,46
age_mean,-0.13354600827064175,0.08725537507793192,47
age_sd,-0.10990196948391275,0.15994856975199453,47
age_sq_mean,-0.14269242928430004,0.06749696420652931,47
age_sq_sd,-0.1276429206376862,0.10229488431394497,47
english_mean,-0.11254295804565649,0.15008626867208424,47
entry_recency_mean,-0.2221443564303586,0.0041343678773390295,47
entry_recency_sd,0.09201536265223524,0.23980726278200595,47
hours_mean,-0.1482464340316524,0.057394162791687256,47
hours_sd,-0.1338438069466091,0.08654622261130827,47
prop_educ_<HS,,,47
prop_educ_BAplus,,,47
prop_educ_HS,,,47
prop_educ_SomeCollege,,,47
prop_female,0.02604304878139673,0.7398574228824383,47
prop_married,-0.030039321841461863,0.7017085692268512,47
age_mean,-0.09519623062654303,0.22387607082515576,48
age_sd,-0.11036558658157457,0.1581830159317034,48
age_sq_mean,-0.10007114929775794,0.2009401370443401,48
age_sq_sd,-0.12134200774906487,0.12052842438616657,48
english_mean,-0.14117303530545638,0.07050015725168511,48
entry_recency_mean,-0.18816933154125426,0.015504937781734436,48
entry_recency_sd,0.0507493712898756,0.517406123441632,48
hours_mean,-0.11073237846205503,0.15679658534326218,48
hours_sd,-0.09863994306608272,0.20749016796545836,48
prop_educ_<HS,,,48
prop_educ_BAplus,,,48
prop_educ_HS,,,48
prop_educ_SomeCollege,,,48
prop_female,0.08068796308528525,0.3028893217287292,48
prop_married,-0.0103439749140092,0.8950917323493502,48
age_mean,-0.06976340388151007,0.3732511550275382,49
age_sd,-0.02182071868044184,0.7808630789452741,49
age_sq_mean,-0.07738669696791227,0.32316462080657066,49
age_sq_sd,-0.01340346863839043,0.8643264160655332,49
english_mean,-0.13316760431370944,0.0881631679047354,49
entry_recency_mean,-0.24666999450732474,0.0014034196341040262,49
entry_recency_sd,0.12283306347079971,0.11600105297198546,49
hours_mean,-0.12236735365602187,0.11740066295918554,49
hours_sd,-0.08336657105058828,0.2870676832791193,49
prop_educ_<HS,,,49
prop_educ_BAplus,,,49
prop_educ_HS,,,49
prop_educ_SomeCollege,,,49
prop_female,0.03295845999638618,0.6742993314525217,49
prop_married,-0.03716002558019523,0.6355968240537316,49
age_mean,-0.12972576035140337,0.0967707948235869,50
age_sd,-0.08680929537444008,0.26755842004281566,50
age_sq_mean,-0.13431210061017249,0.08544040237959248,50
age_sq_sd,-0.09473548118757097,0.2261360732896916,50
english_mean,-0.16304039865703052,0.036403465232012246,50
entry_recency_mean,-0.2280311850435296,0.0032216593404198013,50
entry_recency_sd,0.1745857905150634,0.024909734458983444,50
hours_mean,-0.12953212635708064,0.0972741677393726,50
hours_sd,-0.11959183403951046,0.1260160449599472,50
prop_educ_<HS,,,50
prop_educ_BAplus,,,50
prop_educ_HS,,,50
prop_educ_SomeCollege,,,50
prop_female,0.12399717427917568,0.11255934292522415,50
prop_married,-0.029563842496785172,0.7062108778657122,50
age_mean,-0.16139001962480654,0.038365514739895495,51
age_sd,-0.12190850203760929,0.11879247110911063,51
age_sq_mean,-0.16946206973785438,0.029555686303096778,51
age_sq_sd,-0.14735398252187423,0.05892800310733055,51
english_mean,-0.1268527456439188,0.10445450166480993,51
entry_recency_mean,-0.23511951994719524,0.002366272038931259,51
entry_recency_sd,0.044753078683805625,0.5681491123072785,51
hours_mean,-0.0706468705599804,0.3672141930327717,51
hours_sd,-0.08389198144722222,0.28403031570186876,51
prop_educ_<HS,,,51
prop_educ_BAplus,,,51
prop_educ_HS,,,51
prop_educ_SomeCollege,,,51
prop_female,0.037784842976371864,0.6299214529945995,51
prop_married,-0.04593760950083587,0.557940865473749,51
age_mean,-0.11973456256815028,0.12556142585972,52
age_sd,-0.1288007125571881,0.0991942945663779,52
age_sq_mean,-0.12925038721670662,0.09801028115213188,52
age_sq_sd,-0.14225152571066876,0.06835750180696247,52
english_mean,-0.12920135719008216,0.09813883350439524,52
entry_recency_mean,-0.2051657243714997,0.008204192568210655,52
entry_recency_sd,0.05743314982322319,0.4637177840611548,52
hours_mean,-0.0927020032780917,0.23630297844934894,52
hours_sd,-0.0828391011281383,0.2901387306396142,52
prop_educ_<HS,,,52
prop_educ_BAplus,,,52
prop_educ_HS,,,52
prop_educ_SomeCollege,,,52
prop_female,0.024349820126028997,0.7562208269608434,52
prop_married,0.0048409635042895045,0.9507930386860141,52
age_mean,-0.14382316914087848,0.06533034247211529,53
age_sd,-0.029556572290517658,0.7062797989784044,53
age_sq_mean,-0.14036107837136377,0.07214904202783136,53
age_sq_sd,-0.0460223166584925,0.5572142624433258,53
english_mean,-0.14772024161716532,0.058294489453646674,53
entry_recency_mean,-0.22204740997610198,0.004151172302620361,53
entry_recency_sd,0.09748992267063997,0.21286346286302504,53
hours_mean,-0.10709215522128247,0.17096601399158282,53
hours_sd,-0.061838730308937676,0.4300829797628111,53
prop_educ_<HS,,,53
prop_educ_BAplus,,,53
prop_educ_HS,,,53
prop_educ_SomeCollege,,,53
prop_female,0.06131573098543344,0.434000887290486,53
prop_married,0.012100512897884745,0.8774063960622478,53
age_mean,-0.09371803884918906,0.23118370505001767,54
age_sd,-0.058904756777275566,0.45232415401601134,54
age_sq_mean,-0.09860207192117362,0.20766554809572857,54
age_sq_sd,-0.07603181716555864,0.33173383394866185,54
english_mean,-0.1347267060830198,0.08447083160854046,54
entry_recency_mean,-0.21887566590038632,0.004735959345940333,54
entry_recency_sd,0.10803414036998989,0.16721138968935476,54
hours_mean,-0.08153728083664126,0.29781167361125527,54
hours_sd,-0.0453531266070085,0.5629668634132462,54
prop_educ_<HS,,,54
prop_educ_BAplus,,,54
prop_educ_HS,,,54
prop_educ_SomeCollege,,,54
prop_female,0.1251934178794742,0.10910625659750206,54
prop_married,0.03838774126864096,0.6244656158957967,54
age_mean,-0.06068220107786413,0.43877406303590405,55
age_sd,-0.10398109551947504,0.18381066455852432,55
age_sq_mean,-0.06914975938497267,0.3774799653559761,55
age_sq_sd,-0.08649459257497207,0.26930333162244036,55
english_mean,-0.1417800011565467,0.0692876708495616,55
entry_recency_mean,-0.15203164322517138,0.051249774763368346,55
entry_recency_sd,0.057725004912043895,0.4614456425204497,55
hours_mean,-0.1685208398591998,0.030484925978396943,55
hours_sd,-0.14234514577778398,0.06817403461070123,55
prop_educ_<HS,,,55
prop_educ_BAplus,,,55
prop_educ_HS,,,55
prop_educ_SomeCollege,,,55
prop_female,0.04151414357983289,0.5965049970894214,55
prop_married,0.009467239743795807,0.9039388834826829,55
age_mean,-0.09953335725148924,0.20338362978456315,56
age_sd,-0.11445055128606471,0.14325356530652353,56
age_sq_mean,-0.10413154264659846,0.18317365966127516,56
age_sq_sd,-0.10694717410572174,0.1715494004468545,56
english_mean,-0.16363422559977525,0.035718538733415205,56
entry_recency_mean,-0.2429410205031508,0.0016656941512945042,56
entry_recency_sd,0.11968068284929291,0.12573289460539983,56
hours_mean,-0.1287287356922583,0.09938485843513772,56
hours_sd,-0.16495482974084524,0.03423429758606605,56
prop_educ_<HS,,,56
prop_educ_BAplus,,,56
prop_educ_HS,,,56
prop_educ_SomeCollege,,,56
prop_female,0.06813764255450769,0.3845183821250671,56
prop_married,0.006633288587552381,0.9326117565045626,56
age_mean,-0.10604128507414758,0.17522805683427847,57
age_sd,-0.10509217929168278,0.1791444241627124,57
age_sq_mean,-0.11500049829021591,0.1413283309088026,57
age_sq_sd,-0.10970616161950525,0.16069866670980432,57
english_mean,-0.12519311993017357,0.10910710620645803,57
entry_recency_mean,-0.2035365515966589,0.008738862683116218,57
entry_recency_sd,0.032701060092852965,0.6766996852693176,57
hours_mean,-0.11271166420066711,0.14947224005372564,57
hours_sd,-0.06664266417035236,0.3950590365022845,57
prop_educ_<HS,,,57
prop_educ_BAplus,,,57
prop_educ_HS,,,57
prop_educ_SomeCollege,,,57
prop_female,0.1025657433204395,0.189883114886083,57
prop_married,-0.03318210924643883,0.6722163777430552,57
age_mean,-0.14022326945630215,0.07243197960663679,58
age_sd,-0.10267595944691656,0.18940504868461086,58
age_sq_mean,-0.1439725780264203,0.06504835679822359,58
age_sq_sd,-0.12848731778476186,0.10002614342415775,58
english_mean,-0.13872710438290972,0.07556207344754853,58
entry_recency_mean,-0.21565550841950037,0.005404217973471423,58
entry_recency_sd,0.09321242200425076,0.23372140249745663,58
hours_mean,-0.037494405414157064,0.6325569041358656,58
hours_sd,-0.022300398112798873,0.7761717072423594,58
prop_educ_<HS,,,58
prop_educ_BAplus,,,58
prop_educ_HS,,,58
prop_educ_SomeCollege,,,58
prop_female,0.14061715704877165,0.07162566469339691,58
prop_married,-0.11403090478214599,0.144736008987712,58
age_mean,-0.1150854756689188,0.1410326107807542,59
age_sd,-0.11831054067738454,0.13015429817213708,59
age_sq_mean,-0.1183720790605501,0.12995318519704013,59
age_sq_sd,-0.12668228527574416,0.10492505571839444,59
english_mean,-0.13802212297902378,0.07707439958198016,59
entry_recency_mean,-0.23551502707195834,0.0023252573397693523,59
entry_recency_sd,0.12331170646483844,0.11457614828999699,59
hours_mean,-0.04757161370524069,0.5440058220719108,59
hours_sd,-0.038162927415668964,0.6264976720150914,59
prop_educ_<HS,,,59
prop_educ_BAplus,,,59
prop_educ_HS,,,59
prop_educ_SomeCollege,,,59
prop_female,0.10038409610694458,0.19952804785387424,59
prop_married,-0.04041881065103142,0.6062367075325598,59
age_mean,-0.04832745653557508,0.5376184019203527,60
age_sd,-0.0764152696674743,0.3292939776522539,60
age_sq_mean,-0.048246875598177516,0.5382975879589014,60
age_sq_sd,-0.07592359537930368,0.33242452389212446,60
english_mean,-0.11299224980753228,0.14845521987617874,60
entry_recency_mean,-0.20796951301698421,0.0073516494328060645,60
entry_recency_sd,0.17362071081187733,0.025733534606455343,60
hours_mean,-0.10021365324416674,0.2002962326523674,60
hours_sd,-0.10262779223763824,0.18961386736410432,60
prop_educ_<HS,,,60
prop_educ_BAplus,,,60
prop_educ_HS,,,60
prop_educ_SomeCollege,,,60
prop_female,-0.013849540339549103,0.8598567022385395,60
prop_married,-0.016098578874219553,0.8373914861551672,60
age_mean,-0.08316476172398989,0.28824008458944556,61
age_sd,-0.06746497217992493,0.3892399279798244,61
age_sq_mean,-0.08870390517679506,0.25721634207713834,61
age_sq_sd,-0.07155330571461319,0.36108332911926827,61
english_mean,-0.13255048288768395,0.08965981459090738,61
entry_recency_mean,-0.18005417121270895,0.02065668395793773,61
entry_recency_sd,0.045477229885340816,0.5618978854997266,61
hours_mean,-0.11803025529224886,0.13107332457085177,61
hours_sd,-0.11963750020247789,0.12587045104804204,61
prop_educ_<HS,,,61
prop_educ_BAplus,,,61
prop_educ_HS,,,61
prop_educ_SomeCollege,,,61
prop_female,0.03551209618903663,0.6506667344492494,61
prop_married,-0.025856417213686842,0.7416554768108798,61
age_mean,-0.0661415158653442,0.39863085638274426,62
age_sd,-0.03690362911293681,0.6379319116301929,62
age_sq_mean,-0.0711578285697803,0.363750358742498,62
age_sq_sd,-0.04591409487223756,0.5581426507451474,62
english_mean,-0.15107947950022085,0.052741556575169005,62
entry_recency_mean,-0.23476049212724157,0.0024040708423372376,62
entry_recency_sd,0.14325090714423297,0.06641964907110778,62
hours_mean,-0.06934043577945666,0.3761628343083573,62
hours_sd,-0.04188533930082229,0.5932230962226291,62
prop_educ_<HS,,,62
prop_educ_BAplus,,,62
prop_educ_HS,,,62
prop_educ_SomeCollege,,,62
prop_female,0.10929412086299652,0.16228570119332025,62
prop_married,0.01974711083128375,0.8012324421031685,62
age_mean,-0.10267318773085259,0.1894170603140681,63
age_sd,-0.09708108426536069,0.21479747598597512,63
age_sq_mean,-0.10617893303045514,0.17466536609855848,63
age_sq_sd,-0.11636514165277259,0.13663617605967238,63
english_mean,-0.15736785837209524,0.04352309485167527,63
entry_recency_mean,-0.22585617414140843,0.003535218177481058,63
entry_recency_sd,0.1485667650150172,0.05685170140366386,63
hours_mean,-0.07219850587281848,0.35675837232899127,63
hours_sd,-0.1195180013113103,0.12625171504992824,63
prop_educ_<HS,,,63
prop_educ_BAplus,,,63
prop_educ_HS,,,63
prop_educ_SomeCollege,,,63
prop_female,0.04522000573886487,0.5641145948670494,63
prop_married,-0.016267644097134156,0.835707785786492,63
age_mean,-0.09490533249592911,0.22530107307835018,64
age_sd,-0.06440265139317523,0.4111727848783807,64
age_sq_mean,-0.10233512385680106,0.19088628299922844,64
age_sq_sd,-0.06970551891966761,0.3736488119618358,64
english_mean,-0.11866760427236374,0.12899071024467698,64
entry_recency_mean,-0.2119871302349173,0.006267263272186195,64
entry_recency_sd,0.08705719493330909,0.2661893411569454,64
hours_mean,-0.10042077345930912,0.19936302245993662,64
hours_sd,-0.09640776774962435,0.21800989837222223,64
prop_educ_<HS,,,64
prop_educ_BAplus,,,64
prop_educ_HS,,,64
prop_educ_SomeCollege,,,64
prop_female,0.023517728141603658,0.7643025721388749,64
prop_married,0.011696897916998553,0.881465073401153,64
age_mean,-0.1141571819079735,0.14428870252679774,65
age_sd,-0.053553787105415,0.4944983992795628,65
age_sq_mean,-0.12402884740534512,0.11246682780172888,65
age_sq_sd,-0.06617027390200603,0.39842537045557813,65
english_mean,-0.15613731065073808,0.04521243598013115,65
entry_recency_mean,-0.19444622959839583,0.012326629349391681,65
entry_recency_sd,0.10188233142428167,0.19286711104776502,65
hours_mean,-0.10368077265870299,0.18508711328222438,65
hours_sd,-0.07653443559704418,0.3285380933285586,65
prop_educ_<HS,,,65
prop_educ_BAplus,,,65
prop_educ_HS,,,65
prop_educ_SomeCollege,,,65
prop_female,0.039883719081011015,0.6110162770799077,65
prop_married,-0.0012716100398786833,0.9870668928166499,65
age_mean,-0.12381427327097727,0.11309474796727208,66
age_sd,-0.012484259828680434,0.8735504654522395,66
age_sq_mean,-0.11938199095355863,0.1266867428260374,66
age_sq_sd,-0.03179449194455513,0.6851795906622439,66
english_mean,-0.13001203123595345,0.09603038619642176,66
entry_recency_mean,-0.20791815722721044,0.007366528517532979,66
entry_recency_sd,0.109266740067157,0.16239157600502283,66
hours_mean,-0.10004797017322896,0.20104501330212304,66
hours_sd,-0.10923081199246827,0.162530579362485,66
prop_educ_<HS,,,66
prop_educ_BAplus,,,66
prop_educ_HS,,,66
prop_educ_SomeCollege,,,66
prop_female,0.10409777724218518,0.18331648377482185,66
prop_married,0.007893766133708496,0.9198457882267377,66
age_mean,-0.16544398242470945,0.03369794977567494,67
age_sd,-0.11334035161887733,0.14720076628520926,67
age_sq_mean,-0.1703865179940844,0.028666618880935697,67
age_sq_sd,-0.11839196202004115,0.12988825700425569,67
english_mean,-0.12479007802205612,0.1102611429201178,67
entry_recency_mean,-0.19611824494852473,0.011583038157623946,67
entry_recency_sd,0.11252534749906835,0.1501504743110696,67
hours_mean,-0.07580350342741608,0.3331920476897818,67
hours_sd,-0.11012256851115149,0.1591066488302815,67
prop_educ_<HS,,,67
prop_educ_BAplus,,,67
prop_educ_HS,,,67
prop_educ_SomeCollege,,,67
prop_female,-0.06680499243444775,0.39390620216900385,67
prop_married,0.01418936725203338,0.8564545543703206,67
age_mean,-0.10613583728422274,0.17484139319591208,68
age_sd,-0.0877044638339024,0.2626372085098872,68
age_sq_mean,-0.11152054662856967,0.15384831271542243,68
age_sq_sd,-0.10565118481353286,0.1768300258332598,68
english_mean,-0.1526414286025836,0.0503129184818624,68
entry_recency_mean,-0.26014924008682344,0.0007393157786574717,68
entry_recency_sd,0.12148454276112974,0.1200898018276146,68
hours_mean,-0.06890207366887918,0.3791950976368765,68
hours_sd,-0.07374847108272278,0.34650135913731717,68
prop_educ_<HS,,,68
prop_educ_BAplus,,,68
prop_educ_HS,,,68
prop_educ_SomeCollege,,,68
prop_female,0.033887821984423534,0.6656601230775,68
prop_married,-0.02611944161536653,0.73912184117918,68
age_mean,-0.1491101284873568,0.055941216509099764,69
age_sd,-0.09953732192584601,0.20336553795573237,69
age_sq_mean,-0.15142642938818004,0.0521938692648509,69
age_sq_sd,-0.09312417903666398,0.23416629241178574,69
english_mean,-0.14405311793796827,0.06489676354131352,69
entry_recency_mean,-0.20421280190258886,0.008513292236429626,69
entry_recency_sd,0.1068304818987401,0.1720200270898583,69
hours_mean,-0.09260563421629663,0.2367926236570327,69
hours_sd,-0.0508789703056485,0.5163356365244366,69
prop_educ_<HS,,,69
prop_educ_BAplus,,,69
prop_educ_HS,,,69
prop_educ_SomeCollege,,,69
prop_female,0.1275328771393411,0.10259351556720053,69
prop_married,-0.030862590053365224,0.6939376086505488,69
age_mean,-0.13892652658073174,0.07513865454163779,70
age_sd,-0.07081178606805152,0.3660939956146733,70
age_sq_mean,-0.14019139718576418,0.07249754503223502,70
age_sq_sd,-0.09247084010482857,0.23747869551541764,70
english_mean,-0.12875882875768369,0.09930514972998773,70
entry_recency_mean,-0.23267968803199762,0.0026341283184562014,70
entry_recency_sd,0.11719425224771175,0.1338441128524512,70
hours_mean,-0.056840138566891525,0.46835343714616645,70
hours_sd,-0.059968470603298546,0.4441871151478257,70
prop_educ_<HS,,,70
prop_educ_BAplus,,,70
prop_educ_HS,,,70
prop_educ_SomeCollege,,,70
prop_female,0.08434204989140624,0.28144569623944593,70
prop_married,-0.05120625864177,0.5136373104202014,70
age_mean,-0.1184717850140567,0.12962784457314425,71
age_sd,-0.09177741902993575,0.24103003874411494,71
age_sq_mean,-0.12427610361992072,0.11174664895529933,71
age_sq_sd,-0.10106311550489723,0.1964888816900303,71
english_mean,-0.13515605131297648,0.08347610787788833,71
entry_recency_mean,-0.21336868335658732,0.00592876639366217,71
entry_recency_sd,0.14530922223646625,0.06256965425330945,71
hours_mean,-0.06974993343340782,0.3733436708525653,71
hours_sd,-0.07239841924942433,0.3554248866419293,71
prop_educ_<HS,,,71
prop_educ_BAplus,,,71
prop_educ_HS,,,71
prop_educ_SomeCollege,,,71
prop_female,0.07823987813579612,0.31784253764298426,71
prop_married,-0.028445808603066947,0.7168375055982723,71
age_mean,-0.1337971085339286,0.0866571204000702,72
age_sd,-0.1257817731283882,0.10743863587856643,72
age_sq_mean,-0.13788400027607547,0.07737354446616322,72
age_sq_sd,-0.13922665998127123,0.07450502290450903,72
english_mean,-0.14429184701337627,0.06444912037047754,72
entry_recency_mean,-0.2039354794792051,0.00860516454094899,72
entry_recency_sd,0.06488773199605716,0.4076509052949124,72
hours_mean,-0.13051411438624594,0.09474265762880492,72
hours_sd,-0.1044745245259988,0.1817275095547099,72
prop_educ_<HS,,,72
prop_educ_BAplus,,,72
prop_educ_HS,,,72
prop_educ_SomeCollege,,,72
prop_female,0.02519912846651564,0.7479990312163618,72
prop_married,-0.027723825315717567,0.7237289016086673,72
age_mean,-0.0847463423115446,0.27913747880046524,73
age_sd,-0.1275240954482086,0.10261737651205509,73
age_sq_mean,-0.08543386597117077,0.2752415776187248,73
age_sq_sd,-0.11044768126606692,0.15787191143532295,73
english_mean,-0.13964727696215,0.07362431578269442,73
entry_recency_mean,-0.23540738105362652,0.0023363560266715104,73
entry_recency_sd,0.027681451493200185,0.7241340601509054,73
hours_mean,-0.11747873744337392,0.13289624088748497,73
hours_sd,-0.17265051484492125,0.026585123624681226,73
prop_educ_<HS,,,73
prop_educ_BAplus,,,73
prop_educ_HS,,,73
prop_educ_SomeCollege,,,73
prop_female,0.02329306589472622,0.7664890272852258,73
prop_married,-0.03016842604058735,0.700487863925366,73
age_mean,-0.09116873071868932,0.24417782233496957,74
age_sd,-0.03513001774458572,0.6541813397774995,74
age_sq_mean,-0.0915343151608408,0.24228381856524023,74
age_sq_sd,-0.03692233411303026,0.6377614382171746,74
english_mean,-0.11546669148620693,0.139711781202146,74
entry_recency_mean,-0.22330644944643735,0.003937641165803632,74
entry_recency_sd,0.0775590504132751,0.32208487950271053,74
hours_mean,-0.1357352802531889,0.08214904576745727,74
hours_sd,-0.14169609852668621,0.06945425867724718,74
prop_educ_<HS,,,74
prop_educ_BAplus,,,74
prop_educ_HS,,,74
prop_educ_SomeCollege,,,74
prop_female,0.08221923940323735,0.2937756064109059,74
prop_married,-0.04375042464566335,0.5768585291185508,74
age_mean,-0.13036469320314473,0.09512444780219728,75
age_sd,-0.12104088531723428,0.12145915150484454,75
age_sq_mean,-0.1297253612463693,0.09677183021419204,75
age_sq_sd,-0.12060182417393846,0.12282619560228708,75
english_mean,-0.1376609663418908,0.0778585671671409,75
entry_recency_mean,-0.1944994530811791,0.01230232876561067,75
entry_recency_sd,0.07525966840188411,0.336681941542594,75
hours_mean,-0.19709147293468907,0.011168623749680966,75
hours_sd,-0.1384745442448551,0.07610108318319238,75
prop_educ_<HS,,,75
prop_educ_BAplus,,,75
prop_educ_HS,,,75
prop_educ_SomeCollege,,,75
prop_female,0.06650388770980381,0.3960462095710443,75
prop_married,-0.044911500437710826,0.566778725689294,75
age_mean,-0.13351611834509905,0.08732680821435328,76
age_sd,-0.07581742833563936,0.3331029936958301,76
age_sq_mean,-0.1344576427920589,0.08509903617050461,76
age_sq_sd,-0.09472078440178326,0.22620842637164076,76
english_mean,-0.12417462085281833,0.11204179869049356,76
entry_recency_mean,-0.23446738775617454,0.0024353342325642894,76
entry_recency_sd,0.14713830525289,0.0593036990732578,76
hours_mean,-0.0654678645949896,0.4034623890458908,76
hours_sd,-0.0719495469996638,0.35842336699558497,76
prop_educ_<HS,,,76
prop_educ_BAplus,,,76
prop_educ_HS,,,76
prop_educ_SomeCollege,,,76
prop_female,0.005698805241722441,0.9420873751326801,76
prop_married,0.00763448824996319,0.9224701608461805,76
age_mean,-0.1290011420582572,0.09866516527360349,77
age_sd,-0.08718266936412387,0.2654982055608903,77
age_sq_mean,-0.13285894352088762,0.08890922005440319,77
age_sq_sd,-0.10621099874490106,0.17453447688413762,77
english_mean,-0.11921944765310814,0.12720815134028568,77
entry_recency_mean,-0.2663541032054224,0.0005440919536191646,77
entry_recency_sd,0.1266364445376956,0.10505188263061727,77
hours_mean,-0.13493852186811936,0.08397890742387493,77
hours_sd,-0.12214849001650399,0.11806293931040741,77
prop_educ_<HS,,,77
prop_educ_BAplus,,,77
prop_educ_HS,,,77
prop_educ_SomeCollege,,,77
prop_female,0.06055886437339064,0.4397067762631039,77
prop_married,-0.04203309670059066,0.5919189936819417,77
age_mean,-0.1263659537892501,0.10580270159726385,78
age_sd,-0.06523635996876889,0.4051307653196937,78
age_sq_mean,-0.12772442099523623,0.10207415425086284,78
age_sq_sd,-0.08051567290224507,0.30392627631290325,78
english_mean,-0.12461770694128878,0.1107576032301353,78
entry_recency_mean,-0.22778371735205838,0.0032560234352715044,78
entry_recency_sd,0.08617393543051297,0.2710892000506458,78
hours_mean,-0.06974465023855447,0.37337995998348433,78
hours_sd,-0.09613928106092647,0.21930035409675386,78
prop_educ_<HS,,,78
prop_educ_BAplus,,,78
prop_educ_HS,,,78
prop_educ_SomeCollege,,,78
prop_female,0.18289158432242977,0.01870831015671702,78
prop_married,-0.025935383834073875,0.7408945219857666,78
age_mean,-0.1268239296228632,0.10453393115744404,79
age_sd,-0.10497513266729826,0.17963183427006515,79
age_sq_mean,-0.12864639620335538,0.0996032128564008,79
age_sq_sd,-0.1158133441500159,0.1385189126109427,79
english_mean,-0.14219253791715053,0.06847330652859503,79
entry_recency_mean,-0.1973879841090799,0.011044985440575073,79
entry_recency_sd,0.11232886984689364,0.15086821287686314,79
hours_mean,-0.14792261271352117,0.057946862000993055,79
hours_sd,-0.18294984206959816,0.01867003487190026,79
prop_educ_<HS,,,79
prop_educ_BAplus,,,79
prop_educ_HS,,,79
prop_educ_SomeCollege,,,79
prop_female,0.057581026030942124,0.4625657717648057,79
prop_married,-0.013893054217597955,0.859420921511287,79
age_mean,-0.1380479489671019,0.0770185696574343,80
age_sd,-0.07637785966728741,0.3295315040129116,80
age_sq_mean,-0.14660845466100683,0.060235032185544456,80
age_sq_sd,-0.10711284696369228,0.1708828731101205,80
english_mean,-0.12648967247085324,0.10545876586375866,80
entry_recency_mean,-0.27108086467867903,0.0004286235195828944,80
entry_recency_sd,0.18491763092382268,0.01741645607136154,80
hours_mean,-0.10655190808635241,0.17314740061292389,80
hours_sd,-0.11920920854808728,0.1272410517814354,80
prop_educ_<HS,,,80
prop_educ_BAplus,,,80
prop_educ_HS,,,80
prop_educ_SomeCollege,,,80
prop_female,0.031396360267661856,0.6889161890988102,80
prop_married,0.025940147391635825,0.7408486264080517,80
age_mean,-0.1446043550956828,0.06386695288379282,81
age_sd,-0.07393495180438606,0.3452799718055621,81
age_sq_mean,-0.14735751952895315,0.05892185822175241,81
age_sq_sd,-0.08988821402049754,0.25089299052662695,81
english_mean,-0.10964114230356051,0.16094832296296663,81
entry_recency_mean,-0.20656004879910947,0.007769844627665643,81
entry_recency_sd,0.1143262966425868,0.1436912995562681,81
hours_mean,0.030873658511796194,0.6938333464151037,81
hours_sd,0.03307785483229498,0.6731870405812806,81
prop_educ_<HS,,,81
prop_educ_BAplus,,,81
prop_educ_HS,,,81
prop_educ_SomeCollege,,,81
prop_female,0.04838683897938557,0.5371181629723923,81
prop_married,0.024118722341260324,0.758462772004328,81
age_mean,-0.13711218590151472,0.07906242508874653,82
age_sd,0.01455049568324532,0.8528420437563506,82
age_sq_mean,-0.13126710207385592,0.09283715577236384,82
age_sq_sd,-0.005477892884509645,0.9443286535694534,82
english_mean,-0.09789160252933611,0.21097547661953567,82
entry_recency_mean,-0.21634061055493936,0.005255364357130806,82
entry_recency_sd,0.07397713692386981,0.3450040508084762,82
hours_mean,-0.07962412495350253,0.3093294791150058,82
hours_sd,-0.11263438784204977,0.14975326155966034,82
prop_educ_<HS,,,82
prop_educ_BAplus,,,82
prop_educ_HS,,,82
prop_educ_SomeCollege,,,82
prop_female,0.02721979880849128,0.7285531057291578,82
prop_married,-0.043682460945186866,0.5774511357285141,82
age_mean,-0.12289071716966872,0.11582869239305325,83
age_sd,-0.1055276686834954,0.17733949861362616,83
age_sq_mean,-0.12776734594265432,0.10195805031265197,83
age_sq_sd,-0.11618343593757909,0.1372539842558947,83
english_mean,-0.14641000356211656,0.06058693319322375,83
entry_recency_mean,-0.1860160627832894,0.016749017588095657,83
entry_recency_sd,0.03082124624118714,0.6943271082367781,83
hours_mean,-0.20254459661568433,0.009079313460623748,83
hours_sd,-0.197164861413558,0.011137909572783364,83
prop_educ_<HS,,,83
prop_educ_BAplus,,,83
prop_educ_HS,,,83
prop_educ_SomeCollege,,,83
prop_female,0.054877132831379474,0.4838783510838184,83
prop_married,-0.08987263859625355,0.25097544817107875,83
age_mean,-0.11839556393045587,0.12987649756511185,84
age_sd,-0.057966795289594024,0.4595679397616913,84
age_sq_mean,-0.11936536977998974,0.1267399846628925,84
age_sq_sd,-0.0857156629282235,0.2736554306177564,84
english_mean,-0.14278659574877967,0.06731432323381463,84
entry_recency_mean,-0.24634394507562815,0.0014247479865468304,84
entry_recency_sd,0.11523246091265868,0.1405222169831417,84
hours_mean,-0.062060111152413416,0.4284307141473593,84
hours_sd,-0.09442490764150754,0.22766852646959485,84
prop_educ_<HS,,,84
prop_educ_BAplus,,,84
prop_educ_HS,,,84
prop_educ_SomeCollege,,,84
prop_female,0.0881778537303743,0.2600599247757757,84
prop_married,0.04604220459320504,0.5570437334587278,84
age_mean,-0.06969274428790129,0.37373660584616614,85
age_sd,-0.08228463148251111,0.29339051243945036,85
age_sq_mean,-0.07722030427957284,0.3242092351841698,85
age_sq_sd,-0.09491718690276446,0.2252428775834663,85
english_mean,-0.12602017352263228,0.10676864033074616,85
entry_recency_mean,-0.1998666558318869,0.010057693541165253,85
entry_recency_sd,0.12215575683608983,0.11804090357572203,85
hours_mean,-0.1250703192657539,0.10945771654654912,85
hours_sd,-0.1315891833880837,0.09203146448071359,85
prop_educ_<HS,,,85
prop_educ_BAplus,,,85
prop_educ_HS,,,85
prop_educ_SomeCollege,,,85
prop_female,0.059343836333933274,0.4489552773727102,85
prop_married,-0.013411169354815568,0.8642492166638812,85
age_mean,-0.12151206898372194,0.1200052383134476,86
age_sd,-0.09891878691524114,0.20620212742306565,86
age_sq_mean,-0.12891361066886656,0.09889597086952256,86
age_sq_sd,-0.10962466126195522,0.16101165171585208,86
english_mean,-0.1585980702434975,0.04188734467580058,86
entry_recency_mean,-0.16701595677911824,0.03202226328281461,86
entry_recency_sd,0.05050620612626046,0.5194177328128846,86
hours_mean,-0.1836730496837747,0.018200510199334337,86
hours_sd,-0.19567993310862922,0.011774051527174206,86
prop_educ_<HS,,,86
prop_educ_BAplus,,,86
prop_educ_HS,,,86
prop_educ_SomeCollege,,,86
prop_female,0.09383013345445992,0.23062373721434773,86
prop_married,-0.05909917218140216,0.45083074167020204,86
age_mean,-0.14623496802758024,0.060898712185014366,87
age_sd,-0.15732997004203989,0.04357430980213418,87
age_sq_mean,-0.15905473434235928,0.04129340856046697,87
age_sq_sd,-0.18046450483014692,0.020364505697934503,87
english_mean,-0.11585881934893137,0.1383630061679087,87
entry_recency_mean,-0.22228450615242387,0.004110182818468752,87
entry_recency_sd,0.13429254817090683,0.08548634567409157,87
hours_mean,-0.09990967571729079,0.2016715626665881,87
hours_sd,-0.10194706293211604,0.19258301743086653,87
prop_educ_<HS,,,87
prop_educ_BAplus,,,87
prop_educ_HS,,,87
prop_educ_SomeCollege,,,87
prop_female,0.05346849094795471,0.4951871240028531,87
prop_married,-0.022156700710597783,0.7775762597700664,87
age_mean,-0.07025210401761935,0.3699042498997979,88
age_sd,-0.06970227184384763,0.37367112634948685,88
age_sq_mean,-0.07666717033596479,0.32769745377368603,88
age_sq_sd,-0.07596100537949059,0.33218566286931245,88
english_mean,-0.10256283501695551,0.18989574166731996,88
entry_recency_mean,-0.24881014877788762,0.0012705099751153897,88
entry_recency_sd,0.1293491702476497,0.09775168566147299,88
hours_mean,-0.07271009828735206,0.35335211312789055,88
hours_sd,-0.07137470115829278,0.36228629925516426,88
prop_educ_<HS,,,88
prop_educ_BAplus,,,88
prop_educ_HS,,,88
prop_educ_SomeCollege,,,88
prop_female,0.06180295751462681,0.43035031194894174,88
prop_married,-0.036716941167522506,0.6396343844633477,88
age_mean,-0.1265183899825492,0.10537905751201561,89
age_sd,-0.13813375354723983,0.07683331406776311,89
age_sq_mean,-0.14372521250374543,0.06551576161933308,89
age_sq_sd,-0.16049023687321542,0.039472231748763624,89
english_mean,-0.14396274850490978,0.06506687784886446,89
entry_recency_mean,-0.21567385969772557,0.005400182100126439,89
entry_recency_sd,0.11537118155676199,0.14004181335855723,89
hours_mean,-0.047194178356945844,0.5472093623833202,89
hours_sd,-0.03872806052269321,0.6213949054364102,89
prop_educ_<HS,,,89
prop_educ_BAplus,,,89
prop_educ_HS,,,89
prop_educ_SomeCollege,,,89
prop_female,0.041017778481821116,0.6009063264276358,89
prop_married,-0.0884357414690416,0.2586632244827301,89
age_mean,-0.14305460704044098,0.06679670532172662,90
age_sd,-0.1286730317142611,0.09953253723611609,90
age_sq_mean,-0.14937756247387338,0.05549752974988692,90
age_sq_sd,-0.15639384185275038,0.04485581293445411,90
english_mean,-0.11261172006440488,0.14983577040299165,90
entry_recency_mean,-0.21211894890689087,0.0062342382500852256,90
entry_recency_sd,0.13954950763205082,0.0738282735650782,90
hours_mean,-0.1263452647986941,0.10586030255537776,90
hours_sd,-0.14996860723426048,0.054527256084108404,90
prop_educ_<HS,,,90
prop_educ_BAplus,,,90
prop_educ_HS,,,90
prop_educ_SomeCollege,,,90
prop_female,-0.019113507486491564,0.8074839197746867,90
prop_married,-0.08341363650135991,0.28679471814368146,90
age_mean,-0.13334473814446132,0.0877372881876545,91
age_sd,-0.18236184806040462,0.01905947842807867,91
age_sq_mean,-0.1390609871233007,0.07485424897145493,91
age_sq_sd,-0.19535234883309593,0.011918612563871915,91
english_mean,-0.0878654246570433,0.26175893362296854,91
entry_recency_mean,-0.22731621763396007,0.003321846040223799,91
entry_recency_sd,0.10572146977824011,0.17654060092905263,91
hours_mean,-0.13013519509836527,0.09571322148801316,91
hours_sd,-0.10246766875415236,0.19030925668422832,91
prop_educ_<HS,,,91
prop_educ_BAplus,,,91
prop_educ_HS,,,91
prop_educ_SomeCollege,,,91
prop_female,0.033662792790687915,0.6677479840527142,91
prop_married,-0.02755762193771494,0.7253184985704809,91
age_mean,-0.18361393159320638,0.018238502932131775,92
age_sd,-0.10552292195574922,0.17735909925428917,92
age_sq_mean,-0.19136764358429384,0.013805894411603407,92
age_sq_sd,-0.11153123520005163,0.1538086193058889,92
english_mean,-0.13475733368884296,0.08439955906585665,92
entry_recency_mean,-0.24405108345693505,0.0015832943089539538,92
entry_recency_sd,0.1604253050819316,0.03955312496710516,92
hours_mean,-0.09394132308414978,0.23006923447588418,92
hours_sd,-0.07831721966049608,0.31736291612088563,92
prop_educ_<HS,,,92
prop_educ_BAplus,,,92
prop_educ_HS,,,92
prop_educ_SomeCollege,,,92
prop_female,-0.015875470866347777,0.8396145207358608,92
prop_married,-0.02440071769611472,0.7557273275858089,92
age_mean,-0.10550644354231013,0.1774271558970907,93
age_sd,-0.11554821114016313,0.13943056147316046,93
age_sq_mean,-0.11054996456277727,0.15748494329698806,93
age_sq_sd,-0.11049177162343006,0.1577050170833336,93
english_mean,-0.13556858492126553,0.08252920986159926,93
entry_recency_mean,-0.1999684709434545,0.010018859281268916,93
entry_recency_sd,0.09846445656334327,0.2083037375220411,93
hours_mean,-0.07721821387497427,0.32422237259982534,93
hours_sd,-0.06857533988174784,0.3814648609345282,93
prop_educ_<HS,,,93
prop_educ_BAplus,,,93
prop_educ_HS,,,93
prop_educ_SomeCollege,,,93
prop_female,0.05066118561973709,0.5181351866354935,93
prop_married,-0.04617734468900403,0.5558856430161747,93
age_mean,-0.11886183673085317,0.12836112274949152,94
age_sd,-0.10759116053751043,0.16896932915794066,94
age_sq_mean,-0.11955642812283022,0.1261290163368818,94
age_sq_sd,-0.11800450130381976,0.13115801866753887,94
english_mean,-0.1315087613858464,0.09223211813241007,94
entry_recency_mean,-0.20409769805478684,0.008551318215627227,94
entry_recency_sd,0.12839721871426626,0.10026631205902535,94
hours_mean,-0.13332264611569603,0.0877903137512126,94
hours_sd,-0.1616600753810929,0.03803849414359528,94
prop_educ_<HS,,,94
prop_educ_BAplus,,,94
prop_educ_HS,,,94
prop_educ_SomeCollege,,,94
prop_female,0.03554418280377768,0.6503719295546792,94
prop_married,-0.03979350173002588,0.6118237483711003,94
age_mean,-0.15205987872843882,0.051206077317430744,95
age_sd,-0.14699668158616913,0.059551467913069554,95
age_sq_mean,-0.15971932365507832,0.040441683384356636,95
age_sq_sd,-0.16486453475221163,0.03433409071127427,95
english_mean,-0.13349092497105736,0.08738705349156033,95
entry_recency_mean,-0.20913756332829894,0.007020370503583162,95
entry_recency_sd,0.17514505338311256,0.02444277765031323,95
hours_mean,-0.10294489224144338,0.1882422333783998,95
hours_sd,-0.08806131277083623,0.26069279530628675,95
prop_educ_<HS,,,95
prop_educ_BAplus,,,95
prop_educ_HS,,,95
prop_educ_SomeCollege,,,95
prop_female,0.0824297155223068,0.29253731124011983,95
prop_married,0.028975694225480617,0.711794157447519,95
age_mean,-0.13082365535574675,0.09395561193092554,96
age_sd,-0.09131920751610433,0.24339699515665641,96
age_sq_mean,-0.13362584852471895,0.08706479602759165,96
age_sq_sd,-0.09715377048536669,0.2144527192289751,96
english_mean,-0.11331370426149244,0.1472965105687021,96
entry_recency_mean,-0.2406439392294518,0.0018487470408431283,96
entry_recency_sd,0.02174723475150329,0.7815824713986578,96
hours_mean,-0.11341111399431704,0.1469467450170009,96
hours_sd,-0.07787292360332798,0.32012455956676517,96
prop_educ_<HS,,,96
prop_educ_BAplus,,,96
prop_educ_HS,,,96
prop_educ_SomeCollege,,,96
prop_female,0.11086600948785576,0.1562937507838515,96
prop_married,-0.03652521083856182,0.6413847998524727,96
age_mean,-0.13958687253508703,0.07375027222291344,97
age_sd,-0.13540768065046335,0.0828975058499952,97
age_sq_mean,-0.14720931371704238,0.059179790030056766,97
age_sq_sd,-0.14281000357060172,0.06726898507983718,97
english_mean,-0.15207798904702693,0.05117806594422043,97
entry_recency_mean,-0.21125768326943847,0.006452850572718661,97
entry_recency_sd,0.1839888847564653,0.017998697207996364,97
hours_mean,-0.02549370331542459,0.7451539425407715,97
hours_sd,-0.01384173704656561,0.8599348547638163,97
prop_educ_<HS,,,97
prop_educ_BAplus,,,97
prop_educ_HS,,,97
prop_educ_SomeCollege,,,97
prop_female,-0.01160280146117019,0.8824117373941109,97
prop_married,-0.016128837657291548,0.8370900880999803,97
age_mean,-0.11732258151290202,0.13341589498878736,98
age_sd,-0.08435559854488404,0.281368136013236,98
age_sq_mean,-0.12038671667286382,0.12350027758786508,98
age_sq_sd,-0.11150317769991146,0.15391283095938507,98
english_mean,-0.13215941761308783,0.09061867260293302,98
entry_recency_mean,-0.20102227877179626,0.00962462286453494,98
entry_recency_sd,0.06765803463125673,0.3878812388059508,98
hours_mean,-0.07645979038821536,0.3290114466440312,98
hours_sd,-0.03486079917058325,0.6566623625673994,98
prop_educ_<HS,,,98
prop_educ_BAplus,,,98
prop_educ_HS,,,98
prop_educ_SomeCollege,,,98
prop_female,0.15847321075179158,0.04205097810029753,98
prop_married,0.02603685485699631,0.7399170741267913,98
age_mean,-0.13637593805186193,0.0807010430216147,99
age_sd,-0.04483725124044163,0.5674208037580373,99
age_sq_mean,-0.1320265710167292,0.09094625435093591,99
age_sq_sd,-0.04453259700819293,0.5700589416459034,99
english_mean,-0.14020249887361838,0.07247470194819473,99
entry_recency_mean,-0.25093896569246,0.0011498211234058583,99
entry_recency_sd,0.08707656799499715,0.26608255085601706,99
hours_mean,-0.11801489780654054,0.1311238238594215,99
hours_sd,-0.10143875481903791,0.19482209206769588,99
prop_educ_<HS,,,99
prop_educ_BAplus,,,99
prop_educ_HS,,,99
prop_educ_SomeCollege,,,99
prop_female,-0.029586134096092107,0.7059995697440435,99
prop_married,0.03165735482149112,0.6864658125399944,99
age_mean,-0.12306167311863529,0.11531877759734582,100
age_sd,-0.16199008524599917,0.03764206445190236,100
age_sq_mean,-0.1363755746182651,0.08070185858749952,100
age_sq_sd,-0.1862764155734681,0.01659412089386114,100
english_mean,-0.11391955929070195,0.14513129634703675,100
entry_recency_mean,-0.19965621022815114,0.010138382775346904,100
entry_recency_sd,0.04530354048275858,0.5633942508455968,100
hours_mean,-0.041556821414912265,0.5961272475166915,100
hours_sd,-0.043917394773635814,0.575403847432079,100
prop_educ_<HS,,,100
prop_educ_BAplus,,,100
prop_educ_HS,,,100
prop_educ_SomeCollege,,,100
prop_female,0.002202992634705078,0.977596067102061,100
prop_married,-0.015085665729448746,0.8474941668013578,100
age_mean,-0.11895329650554881,0.12806548467483458,101
age_sd,-0.11082719957074506,0.15643966195292566,101
age_sq_mean,-0.12652078962851848,0.10537239919723504,101
age_sq_sd,-0.13366860281064682,0.08696287828626117,101
english_mean,-0.1343134073959412,0.08543733246820771,101
entry_recency_mean,-0.22357777730289627,0.003892939543953165,101
entry_recency_sd,0.1291494274346801,0.09827513416121125,101
hours_mean,-0.06920472407967994,0.37709999837596053,101
hours_sd,-0.12046268742311962,0.12326188211627113,101
prop_educ_<HS,,,101
prop_educ_BAplus,,,101
prop_educ_HS,,,101
prop_educ_SomeCollege,,,101
prop_female,0.07394840851446305,0.3451919401147071,101
prop_married,-0.045888906890787874,0.5583588344949283,101
age_mean,-0.0946828993293287,0.22639501212705,102
age_sd,-0.01661472742931887,0.8322535689401378,102
age_sq_mean,-0.09242407760459494,0.23771703090893262,102
age_sq_sd,-0.020081153671751215,0.797941635006267,102
english_mean,-0.14181845882055774,0.06921142228751252,102
entry_recency_mean,-0.2549705948817219,0.0009495715126366737,102
entry_recency_sd,0.17687125883031452,0.023048583702305864,102
hours_mean,-0.07992560357651435,0.3074953818300417,102
hours_sd,-0.10012125201004127,0.2007135774794029,102
prop_educ_<HS,,,102
prop_educ_BAplus,,,102
prop_educ_HS,,,102
prop_educ_SomeCollege,,,102
prop_female,0.05528487832018111,0.4806310124937629,102
prop_married,-0.05293135731753687,0.4995358541832836,102
age_mean,-0.057414210613444025,0.4638654420476433,103
age_sd,-0.050989196272671844,0.5154260669430586,103
age_sq_mean,-0.05849124239189708,0.4555097789020326,103
age_sq_sd,-0.07184857750180261,0.35910001173769274,103
english_mean,-0.14934385874536152,0.05555328547237935,103
entry_recency_mean,-0.2011950814238572,0.009561300906256015,103
entry_recency_sd,0.13426391230456333,0.08555366843394982,103
hours_mean,-0.1068353929689502,0.1720002011768608,103
hours_sd,-0.11141358814897394,0.15424594199249436,103
prop_educ_<HS,,,103
prop_educ_BAplus,,,103
prop_educ_HS,,,103
prop_educ_SomeCollege,,,103
prop_female,0.10220264878248812,0.19146427919072903,103
prop_married,0.04510571827591517,0.5651008396516944,103
age_mean,-0.042934134031646386,0.5839948423177086,104
age_sd,-0.07624163129963829,0.3303973843445997,104
age_sq_mean,-0.04145231199857928,0.5970524715637431,104
age_sq_sd,-0.07365093786794981,0.34714125384777633,104
english_mean,-0.12922254700393523,0.09808325934060849,104
entry_recency_mean,-0.23880152777707647,0.002008599558480365,104
entry_recency_sd,0.09660938589706113,0.2170444015195968,104
hours_mean,-0.08847681091914862,0.25844127182171023,104
hours_sd,-0.08136958557998297,0.29880974869443466,104
prop_educ_<HS,,,104
prop_educ_BAplus,,,104
prop_educ_HS,,,104
prop_educ_SomeCollege,,,104
prop_female,0.03251450874407168,0.678441386741606,104
prop_married,-0.023190408201604475,0.767488725982527,104
age_mean,-0.09666404992315054,0.21678315567888182,105
age_sd,-0.146595957793629,0.06025714246273691,105
age_sq_mean,-0.10729796451750669,0.17014039219468174,105
age_sq_sd,-0.1566436872111414,0.04451074675385246,105
english_mean,-0.1406708501308269,0.07151631780790281,105
entry_recency_mean,-0.22206634802249228,0.004147884817606764,105
entry_recency_sd,0.1549351622707229,0.046915330848188,105
hours_mean,-0.0994629147169113,0.20370527077882025,105
hours_sd,-0.0801958444724329,0.3058573992621587,105
prop_educ_<HS,,,105
prop_educ_BAplus,,,105
prop_educ_HS,,,105
prop_educ_SomeCollege,,,105
prop_female,0.04621397163973294,0.5555719670034693,105
prop_married,0.013426272673233314,0.8640978101758111,105
age_mean,-0.12396741982469948,0.11264630787359149,106
age_sd,-0.17750109838677075,0.02255720691433186,106
age_sq_mean,-0.12679184313343433,0.1046224313927849,106
age_sq_sd,-0.18192349483743583,0.019354370966248584,106
english_mean,-0.11797554666126585,0.13125328857425592,106
entry_recency_mean,-0.21900187416782887,0.0047113473331860745,106
entry_recency_sd,0.16107698738715667,0.03874753701174757,106
hours_mean,-0.17172984150712725,0.027415432586596174,106
hours_sd,-0.1856629867370972,0.016961088294857565,106
prop_educ_<HS,,,106
prop_educ_BAplus,,,106
prop_educ_HS,,,106
prop_educ_SomeCollege,,,106
prop_female,0.05540144765132305,0.4797048060701559,106
prop_married,-0.08095105838761461,0.30131034503574505,106
age_mean,-0.17833393680215276,0.02192132806487787,107
age_sd,-0.07902328110907501,0.3130061342282476,107
age_sq_mean,-0.17494275526293565,0.024610811572345247,107
age_sq_sd,-0.10265304051284026,0.18950438789205637,107
english_mean,-0.16431908672439427,0.034942165837396434,107
entry_recency_mean,-0.2161251071709698,0.005301786746490079,107
entry_recency_sd,0.1232940904591673,0.11462834756342034,107
hours_mean,-0.13383825680776948,0.08655939694218714,107
hours_sd,-0.10433504386513068,0.18231460048827042,107
prop_educ_<HS,,,107
prop_educ_BAplus,,,107
prop_educ_HS,,,107
prop_educ_SomeCollege,,,107
prop_female,0.0029185157619390162,0.9703222780246241,107
prop_married,-0.03911773430417162,0.6178868756456625,107
age_mean,-0.13990895879191967,0.0730806634709798,108
age_sd,-0.1282521692121585,0.10065391352221009,108
age_sq_mean,-0.1483208283204772,0.05726780182971468,108
age_sq_sd,-0.1341348917415478,0.08585752181957365,108
english_mean,-0.13258890648143862,0.08956604160803239,108
entry_recency_mean,-0.2429297492750096,0.001666550498258246,108
entry_recency_sd,0.14198860412369924,0.06887490052523258,108
hours_mean,-0.1187808847874708,0.12862323314749483,108
hours_sd,-0.1072328550571571,0.1704012636528288,108
prop_educ_<HS,,,108
prop_educ_BAplus,,,108
prop_educ_HS,,,108
prop_educ_SomeCollege,,,108
prop_female,0.025651361787739003,0.7436326426497761,108
prop_married,-0.03044262269325505,0.6978978255414792,108
age_mean,-0.10937904231913495,0.16195765901979994,109
age_sd,-0.08158992882684375,0.2974987832829238,109
age_sq_mean,-0.11446257592898192,0.14321125777853466,109
age_sq_sd,-0.09733280405768968,0.21360523455985445,109
english_mean,-0.12006795368237813,0.12450444187172106,109
entry_recency_mean,-0.25070951764775024,0.001162304847767371,109
entry_recency_sd,0.20398751475422117,0.008587859492553685,109
hours_mean,-0.14606137382126222,0.06120922330651115,109
hours_sd,-0.12512258900392773,0.10930837257862681,109
prop_educ_<HS,,,109
prop_educ_BAplus,,,109
prop_educ_HS,,,109
prop_educ_SomeCollege,,,109
prop_female,0.07283077154311637,0.3525516318501119,109
prop_married,-0.05390475823613721,0.4916698273082147,109
age_mean,-0.13643819027660264,0.08056144326977006,110
age_sd,-0.12110694005895861,0.12125451023739091,110
age_sq_mean,-0.14116138569556963,0.07052359631368342,110
age_sq_sd,-0.12374159204676717,0.11330805848584326,110
english_mean,-0.1511127247527946,0.052688871045005276,110
entry_recency_mean,-0.24867985798132,0.001278260007926859,110
entry_recency_sd,0.15737929964360445,0.04350763920085976,110
hours_mean,-0.045886007018727006,0.5583837261447069,110
hours_sd,-0.0444704993865276,0.5705973829022899,110
prop_educ_<HS,,,110
prop_educ_BAplus,,,110
prop_educ_HS,,,110
prop_educ_SomeCollege,,,110
prop_female,0.05148483023884723,0.5113463711007542,110
prop_married,-0.037990965442925136,0.6280539079161509,110
age_mean,-0.09603120387588013,0.21982134759752173,111
age_sd,0.010663200367757942,0.8918735716396063,111
age_sq_mean,-0.09997234671315272,0.20138745428987742,111
age_sq_sd,-0.008119306111991492,0.9175636079644819,111
english_mean,-0.14998740462110555,0.05449662933558157,111
entry_recency_mean,-0.21806249229277663,0.0048973207721033285,111
entry_recency_sd,0.09624075848560185,0.2188119752730468,111
hours_mean,-0.10617672435924091,0.17467438435744856,111
hours_sd,-0.08958370939207744,0.2525084629937446,111
prop_educ_<HS,,,111
prop_educ_BAplus,,,111
prop_educ_HS,,,111
prop_educ_SomeCollege,,,111
prop_female,0.05624865565341856,0.473002352339972,111
prop_married,-0.02378344461681344,0.761718971893486,111
age_mean,-0.08331485171433721,0.2873678398291287,112
age_sd,-0.13159844801108972,0.09200837149463412,112
age_sq_mean,-0.08751073334640681,0.26369696026329925,112
age_sq_sd,-0.143327063216042,0.06627383577122103,112
english_mean,-0.1161999036597947,0.1371979053991343,112
entry_recency_mean,-0.2708559836770137,0.00043355810799027065,112
entry_recency_sd,0.08642116636328516,0.2697115638027722,112
hours_mean,-0.07264259588541888,0.35380038382724194,112
hours_sd,-0.053632233888276336,0.49386542815045054,112
prop_educ_<HS,,,112
prop_educ_BAplus,,,112
prop_educ_HS,,,112
prop_educ_SomeCollege,,,112
prop_female,0.08997958515405717,0.2504096411491201,112
prop_married,0.019332421652354857,0.8053225933866626,112
age_mean,-0.09419501942874234,0.22880756914189657,113
age_sd,-0.1321141719295262,0.09073013657933106,113
age_sq_mean,-0.10380487274434101,0.18455887085333936,113
age_sq_sd,-0.1427285032130517,0.06742694918390464,113
english_mean,-0.14054852728445885,0.07176562795842169,113
entry_recency_mean,-0.219710978219719,0.0045751849540036985,113
entry_recency_sd,0.0836816059433153,0.2852438870823844,113
hours_mean,-0.10266210901360569,0.1894650770806087,113
hours_sd,-0.10175420422525508,0.19343033503509924,113
prop_educ_<HS,,,113
prop_educ_BAplus,,,113
prop_educ_HS,,,113
prop_educ_SomeCollege,,,113
prop_female,0.09927163712354267,0.20458049526955144,113
prop_married,0.00021709788787343786,0.9977918792390256,113
age_mean,-0.15921222947553684,0.041090216725964766,114
age_sd,-0.0856749699683453,0.2738840953628957,114
age_sq_mean,-0.16242486831145198,0.03712509610674757,114
age_sq_sd,-0.09787792120327016,0.21103958391312153,114
english_mean,-0.13174857994623246,0.09163479540983765,114
entry_recency_mean,-0.2212237045010338,0.004296446773818946,114
entry_recency_sd,0.1315311520476668,0.09217621828236597,114
hours_mean,-0.0756250826812873,0.33433444931445866,114
hours_sd,-0.03213728012061447,0.6819685072989703,114
prop_educ_<HS,,,114
prop_educ_BAplus,,,114
prop_educ_HS,,,114
prop_educ_SomeCollege,,,114
prop_female,0.0493880233394054,0.528719220837313,114
prop_married,-0.03441420323491125,0.6607863046036659,114
age_mean,-0.11585365307002037,0.13838071140811398,115
age_sd,-0.09010672187884754,0.2497381657201758,115
age_sq_mean,-0.11991775559909236,0.12497977601581947,115
age_sq_sd,-0.09983927407021166,0.20199106185025587,115
english_mean,-0.12678044834126606,0.10465387443250614,115
entry_recency_mean,-0.2619930809141856,0.0006754523627317557,115
entry_recency_sd,0.1624284254490521,0.037120891403364255,115
hours_mean,-0.09251132056595504,0.23727251301713317,115
hours_sd,-0.04935728281604505,0.5289761140986674,115
prop_educ_<HS,,,115
prop_educ_BAplus,,,115
prop_educ_HS,,,115
prop_educ_SomeCollege,,,115
prop_female,0.1031970662687703,0.18715662839993372,115
prop_married,0.03962787299498893,0.6133073899391656,115
age_mean,-0.0944738825507841,0.2274263853944311,116
age_sd,-0.0018357646040971576,0.9813299495126495,116
age_sq_mean,-0.08892496590512454,0.25602779653082,116
age_sq_sd,-0.0051144814541226645,0.9480166061179944,116
english_mean,-0.1561785382942955,0.04515496317526678,116
entry_recency_mean,-0.19845325367101327,0.010610675033807016,116
entry_recency_sd,0.09656201981944239,0.2172709509916069,116
hours_mean,-0.034313503412906045,0.6617176008510182,116
hours_sd,-0.025782855741006066,0.7423645706621225,116
prop_educ_<HS,,,116
prop_educ_BAplus,,,116
prop_educ_HS,,,116
prop_educ_SomeCollege,,,116
prop_female,0.07839750113209139,0.31686556051781106,116
prop_married,-0.015503244430561336,0.843326177030192,116
age_mean,-0.11062149349689972,0.1572147514759522,117
age_sd,-0.13044599850883287,0.0949165512244212,117
age_sq_mean,-0.11511992307512307,0.1409128685995795,117
age_sq_sd,-0.14730053966446438,0.05902091420462406,117
english_mean,-0.11795672911818278,0.1313152327205044,117
entry_recency_mean,-0.1820949487889681,0.0192385620241025,117
entry_recency_sd,0.08920626870746504,0.2545208292983277,117
hours_mean,-0.15169339388978467,0.051775660444021945,117
hours_sd,-0.12777327293729776,0.10194202708928525,117
prop_educ_<HS,,,117
prop_educ_BAplus,,,117
prop_educ_HS,,,117
prop_educ_SomeCollege,,,117
prop_female,0.15225623301574304,0.05090305217747663,117
prop_married,0.009122102977745076,0.9074249706109871,117
age_mean,-0.08173698283795192,0.29662598557524184,118
age_sd,-0.040437538059163156,0.6060697301619559,118
age_sq_mean,-0.07996660094886357,0.3072465192843358,118
age_sq_sd,-0.03776138697436491,0.630134121862216,118
english_mean,-0.1509411651117252,0.052961219303401225,118
entry_recency_mean,-0.22821532868147543,0.0031963014476996073,118
entry_recency_sd,0.13454800739296913,0.0848876382668263,118
hours_mean,-0.08277637480505581,0.2905053894225933,118
hours_sd,-0.07273248590650581,0.3532035197827299,118
prop_educ_<HS,,,118
prop_educ_BAplus,,,118
prop_educ_HS,,,118
prop_educ_SomeCollege,,,118
prop_female,0.03063818414758871,0.6960526941372364,118
prop_married,-0.0004366009744526276,0.9955593120989152,118
age_mean,-0.11586588202224744,0.13833880463440681,119
age_sd,-0.12545443562675287,0.10836394801311611,119
age_sq_mean,-0.12698373899920237,0.10409402542342513,119
age_sq_sd,-0.12670767063301386,0.10485487424108919,119
english_mean,-0.15287200348527746,0.049962395261914316,119
entry_recency_mean,-0.19997007446732312,0.010018248725939254,119
entry_recency_sd,0.1634612100480092,0.035916963294882816,119
hours_mean,-0.11176339501311144,0.15294836548186733,119
hours_sd,-0.10261175935899984,0.1896834117662331,119
prop_educ_<HS,,,119
prop_educ_BAplus,,,119
prop_educ_HS,,,119
prop_educ_SomeCollege,,,119
prop_female,0.020287885529698044,0.7959068025744417,119
prop_married,-0.001104487743590078,0.9887665163637076,119
age_mean,-0.15812065744130704,0.04251590898411486,120
age_sd,-0.08467219113729617,0.2795598704070796,120
age_sq_mean,-0.16106474759037132,0.03876253918985681,120
age_sq_sd,-0.10740945482231692,0.1696943773224883,120
english_mean,-0.17094061111441122,0.028144747809244308,120
entry_recency_mean,-0.21460463375217356,0.00563987927489117,120
entry_recency_sd,0.096606303794841,0.21705913792998324,120
hours_mean,-0.053108094563573446,0.4981027436944494,120
hours_sd,-0.07513427823671005,0.33748988678532943,120
prop_educ_<HS,,,120
prop_educ_BAplus,,,120
prop_educ_HS,,,120
prop_educ_SomeCollege,,,120
prop_female,0.14865379388807676,0.056705055539331146,120
prop_married,0.011128203035975044,0.8871889777645492,120
age_mean,-0.12003271143725261,0.12461584790113195,121
age_sd,-0.05026638114346421,0.5214056200431861,121
age_sq_mean,-0.12274103848951494,0.1162765831023287,121
age_sq_sd,-0.04788613631066103,0.5413433410449651,121
english_mean,-0.12438618596897641,0.11142717595968753,121
entry_recency_mean,-0.1556903179226919,0.0458394912967865,121
entry_recency_sd,0.06603804693409544,0.3993706998055121,121
hours_mean,-0.14835070399569625,0.05721712164131121,121
hours_sd,-0.14905443206596286,0.05603398704131083,121
prop_educ_<HS,,,121
prop_educ_BAplus,,,121
prop_educ_HS,,,121
prop_educ_SomeCollege,,,121
prop_female,0.06357418213758168,0.4172290152988477,121
prop_married,0.01770369540134199,0.8214371303234667,121
age_mean,-0.08564152495834927,0.27407212875045334,122
age_sd,-0.02610152642332028,0.7392943242167154,122
age_sq_mean,-0.08514454925430569,0.2768765069525426,122
age_sq_sd,-0.03237434694745201,0.6797511021248897,122
english_mean,-0.14474090439438655,0.06361393124700952,122
entry_recency_mean,-0.26596750146095255,0.0005547055678090775,122
entry_recency_sd,0.0931509626771832,0.23403119595434393,122
hours_mean,-0.10197602629123127,0.1924560017746444,122
hours_sd,-0.06562867225828437,0.4023059052465458,122
prop_educ_<HS,,,122
prop_educ_BAplus,,,122
prop_educ_HS,,,122
prop_educ_SomeCollege,,,122
prop_female,0.0064991155139900655,0.9339717152204948,122
prop_married,0.002379026795887855,0.975806363396234,122
age_mean,-0.04642923808185898,0.5537301412263483,123
age_sd,-0.09885866366050113,0.20647936214444107,123
age_sq_mean,-0.054370127297551536,0.4879326004286045,123
age_sq_sd,-0.10209723479577783,0.19192511695034523,123
english_mean,-0.13954493920080047,0.07383781500585605,123
entry_recency_mean,-0.1893779504109849,0.014842573501857177,123
entry_recency_sd,0.1697193770098659,0.029305897945968863,123
hours_mean,-0.1063215164560821,0.1740839100036241,123
hours_sd,-0.09505225708099277,0.22458054382796083,123
prop_educ_<HS,,,123
prop_educ_BAplus,,,123
prop_educ_HS,,,123
prop_educ_SomeCollege,,,123
prop_female,0.07604596611781174,0.331643600895494,123
prop_married,-0.004016973639075573,0.9591606573995974,123
age_mean,-0.13327151878736487,0.08791312841951869,124
age_sd,-0.029573941219175857,0.7061151465532446,124
age_sq_mean,-0.12702565563460244,0.10397888345265145,124
age_sq_sd,-0.04848469631365135,0.5362943167863713,124
english_mean,-0.16814584681701647,0.03086200767387402,124
entry_recency_mean,-0.2085466476654053,0.007186266484837601,124
entry_recency_sd,0.12487992490959698,0.11000305886135803,124
hours_mean,-0.11575537241611598,0.13871785635220954,124
hours_sd,-0.12042244426761856,0.12338812036281739,124
prop_educ_<HS,,,124
prop_educ_BAplus,,,124
prop_educ_HS,,,124
prop_educ_SomeCollege,,,124
prop_female,0.09887183961320575,0.20641858349436307,124
prop_married,-0.028342664784644932,0.717820640509301,124
age_mean,-0.10331505777135148,0.18665025291256096,125
age_sd,-0.0691885516908088,0.37721177266892064,125
age_sq_mean,-0.10671469767598889,0.17248793709824223,125
age_sq_sd,-0.07708864967083842,0.32503730580867646,125
english_mean,-0.11882596153344056,0.12847723052323876,125
entry_recency_mean,-0.23949322302134066,0.0019471685776568208,125
entry_recency_sd,0.07999337581987263,0.30708406161316576,125
hours_mean,-0.0625165362115213,0.4250357794510513,125
hours_sd,-0.06510292674401567,0.4060942272022287,125
prop_educ_<HS,,,125
prop_educ_BAplus,,,125
prop_educ_HS,,,125
prop_educ_SomeCollege,,,125
prop_female,0.09476037415873287,0.22601356115865742,125
prop_married,-0.026507439634269873,0.7353894959120868,125
age_mean,-0.10909071714315127,0.16307344669481272,126
age_sd,-0.08408704800704535,0.2829081539117164,126
age_sq_mean,-0.11166899971647773,0.1532977028924283,126
age_sq_sd,-0.08513580792532663,0.2769260060570364,126
english_mean,-0.14269732702444177,0.06748745482457874,126
entry_recency_mean,-0.20133389219511758,0.009510701818174675,126
entry_recency_sd,0.1371672890810281,0.07894087199776406,126
hours_mean,-0.1474783619517521,0.05871223360660027,126
hours_sd,-0.15839091796187632,0.042159118881533945,126
prop_educ_<HS,,,126
prop_educ_BAplus,,,126
prop_educ_HS,,,126
prop_educ_SomeCollege,,,126
prop_female,0.12018815146926086,0.1241250574424263,126
prop_married,0.08092085533516781,0.30149133337915873,126
age_mean,-0.13096162574341844,0.09360648320444355,127
age_sd,-0.12989820922038192,0.09632423473337337,127
age_sq_mean,-0.1429805436606691,0.066939420326469,127
age_sq_sd,-0.14061617427392736,0.07162766739541669,127
english_mean,-0.14387696504598224,0.06522869635496245,127
entry_recency_mean,-0.19519117454230311,0.011990308403758095,127
entry_recency_sd,0.11195618068752965,0.15223677025730548,127
hours_mean,-0.11128800774516304,0.15471378713799178,127
hours_sd,-0.13452253214230153,0.08494719213477911,127
prop_educ_<HS,,,127
prop_educ_BAplus,,,127
prop_educ_HS,,,127
prop_educ_SomeCollege,,,127
prop_female,0.059917588543730874,0.44457444999921836,127
prop_married,0.016871075898047604,0.8297044118969156,127
age_mean,-0.09307052048581356,0.23443711037144782,128
age_sd,-0.12378301026125982,0.11318646262897389,128
age_sq_mean,-0.1075631748745265,0.16908084821691005,128
age_sq_sd,-0.12382977276149341,0.11304929943736455,128
english_mean,-0.1258972244490157,0.1071137630421255,128
entry_recency_mean,-0.14934633661571464,0.05554918478335434,128
entry_recency_sd,0.1670468972265286,0.031990004842776296,128
hours_mean,-0.12556186156678803,0.10805959188929966,128
hours_sd,-0.13743229050813965,0.07835840293476605,128
prop_educ_<HS,,,128
prop_educ_BAplus,,,128
prop_educ_HS,,,128
prop_educ_SomeCollege,,,128
prop_female,-0.0818162167917611,0.2961564189754647,128
prop_married,-0.015363880294700464,0.844716738821166,128
age_mean,-0.1540776152388847,0.04816248191750197,129
age_sd,-0.07797847324671242,0.31946708122702266,129
age_sq_mean,-0.15842867864863044,0.04210946873414267,129
age_sq_sd,-0.10926659411730923,0.16239214049555073,129
english_mean,-0.13831553139573866,0.07644203702133336,129
entry_recency_mean,-0.21300671398841775,0.00601583727323386,129
entry_recency_sd,0.024185565120827708,0.7578141034863122,129
hours_mean,-0.14144891140115878,0.06994694119797307,129
hours_sd,-0.1738788051974535,0.025510968047452343,129
prop_educ_<HS,,,129
prop_educ_BAplus,,,129
prop_educ_HS,,,129
prop_educ_SomeCollege,,,129
prop_female,0.07541631393154209,0.3356743370884933,129
prop_married,0.011347762630956385,0.884978406552067,129
age_mean,-0.0991074734492886,0.20533381331506995,130
age_sd,-0.07399297215537284,0.34490051298887653,130
age_sq_mean,-0.10261837119024286,0.18965472995382324,130
age_sq_sd,-0.08613786150176132,0.27129061216862344,130
english_mean,-0.11671276507617938,0.13546016707390332,130
entry_recency_mean,-0.2158042920570787,0.005371574583284088,130
entry_recency_sd,0.1660003063371576,0.03309662010442166,130
hours_mean,-0.16838334623265938,0.03062272765066529,130
hours_sd,-0.16489003023295878,0.03430588843903595,130
prop_educ_<HS,,,130
prop_educ_BAplus,,,130
prop_educ_HS,,,130
prop_educ_SomeCollege,,,130
prop_female,0.04755110901386673,0.5441796211242872,130
prop_married,0.017188971853650186,0.8265456880480881,130
age_mean,-0.10871013427075725,0.16455504237809193,131
age_sd,-0.07614805538042507,0.33099300620519806,131
age_sq_mean,-0.11142976819047269,0.15418574138587435,131
age_sq_sd,-0.08684597936244183,0.267355523031362,131
english_mean,-0.13448006610576144,0.08504654002519454,131
entry_recency_mean,-0.21653176627114423,0.005214491610379129,131
entry_recency_sd,0.09601677369397212,0.21989097581839065,131
hours_mean,-0.0819984394145749,0.2950783785883124,131
hours_sd,-0.07971747669997012,0.30876079370990644,131
prop_educ_<HS,,,131
prop_educ_BAplus,,,131
prop_educ_HS,,,131
prop_educ_SomeCollege,,,131
prop_female,0.03983744987651427,0.6114303413348794,131
prop_married,0.01747988863945178,0.8236574721123072,131
age_mean,-0.13866342057185924,0.07569769446595304,132
age_sd,-0.10371929478814877,0.18492302213486733,132
age_sq_mean,-0.1448435042950465,0.06342435710616316,132
age_sq_sd,-0.11263750234843554,0.14974192769677652,132
english_mean,-0.1410877444257896,0.07067190943570463,132
entry_recency_mean,-0.20326474654486368,0.008831006643813151,132
entry_recency_sd,0.07845221536075614,0.31652688818938335,132
hours_mean,-0.11500971592964011,0.1412962308383272,132
hours_sd,-0.09591548849767362,0.22038013638542492,132
prop_educ_<HS,,,132
prop_educ_BAplus,,,132
prop_educ_HS,,,132
prop_educ_SomeCollege,,,132
prop_female,0.09879255441226478,0.20678450832477271,132
prop_married,-0.020519543121038212,0.7936282629469289,132
age_mean,-0.05880179789009636,0.45311615862833104,133
age_sd,-0.03881020305103322,0.620654705985242,133
age_sq_mean,-0.05993620461414857,0.4444327147857559,133
age_sq_sd,-0.043136402358360595,0.5822227468668137,133
english_mean,-0.11501623978395947,0.1412735151247987,133
entry_recency_mean,-0.19490662451913965,0.012117811068561336,133
entry_recency_sd,0.12107687843158861,0.12134760967559312,133
hours_mean,-0.11052824462566008,0.15756705667039192,133
hours_sd,-0.08028068517855633,0.305344347631801,133
prop_educ_<HS,,,133
prop_educ_BAplus,,,133
prop_educ_HS,,,133
prop_educ_SomeCollege,,,133
prop_female,0.029817457612271798,0.7038081196139446,133
prop_married,-0.02034744297352668,0.7953208414662898,133
age_mean,-0.12380189772730528,0.11313104651453657,134
age_sd,-0.1797096244692328,0.02090480855615747,134
age_sq_mean,-0.1382780492622464,0.07652258533353716,134
age_sq_sd,-0.20389919780436624,0.008617248779219107,134
english_mean,-0.1397073127360333,0.07349930081360878,134
entry_recency_mean,-0.19816626695896902,0.010726172968218066,134
entry_recency_sd,0.046781205233712375,0.550725097498491,134
hours_mean,-0.12249994710357982,0.11700084579221948,134
hours_sd,-0.08304713755605106,0.28892488983470294,134
prop_educ_<HS,,,134
prop_educ_BAplus,,,134
prop_educ_HS,,,134
prop_educ_SomeCollege,,,134
prop_female,0.058251807766412485,0.45736003530916847,134
prop_married,0.007317749538348344,0.9256772758784922,134
age_mean,-0.10780910017199603,0.16810273942676235,135
age_sd,-0.0782376711051502,0.3178562311056416,135
age_sq_mean,-0.11062537876695466,0.15720008531601218,135
age_sq_sd,-0.08937783473223349,0.2536047401322241,135
english_mean,-0.1486489937839734,0.056713135702393204,135
entry_recency_mean,-0.22166036730890729,0.0042188747385302336,135
entry_recency_sd,0.08985359618249054,0.251076285815341,135
hours_mean,-0.032044104963885156,0.6828407681049802,135
hours_sd,-0.045314927361616616,0.5632960925668059,135
prop_educ_<HS,,,135
prop_educ_BAplus,,,135
prop_educ_HS,,,135
prop_educ_SomeCollege,,,135
prop_female,0.036340520371753574,0.6430728141668618,135
prop_married,-0.07665914839710121,0.327748219251645,135
age_mean,-0.1499309253912217,0.05458869428396467,136
age_sd,-0.1380924275591742,0.07692249358903354,136
age_sq_mean,-0.15304852340897632,0.049695420157999694,136
age_sq_sd,-0.14136303820623,0.07011876357719321,136
english_mean,-0.12288757515928073,0.11583808055579214,136
entry_recency_mean,-0.2366507933566368,0.00221103704966309,136
entry_recency_sd,0.06424107255764157,0.4123498735521062,136
hours_mean,-0.13084121723479844,0.09391111489771889,136
hours_sd,-0.11785108921305637,0.13166339825878948,136
prop_educ_<HS,,,136
prop_educ_BAplus,,,136
prop_educ_HS,,,136
prop_educ_SomeCollege,,,136
prop_female,0.09857280674439542,0.20780114719789983,136
prop_married,0.03121845379271296,0.6905883411965688,136
age_mean,-0.029886922573924044,0.7031505158002107,137
age_sd,-0.061611598164945804,0.4317819734891586,137
age_sq_mean,-0.035606303749312694,0.6498013297733722,137
age_sq_sd,-0.06120543244863094,0.4348297605022577,137
english_mean,-0.1255316227761903,0.10814519569837852,137
entry_recency_mean,-0.19370984904966848,0.012667192461222635,137
entry_recency_sd,0.14523363715413842,0.06270772575631353,137
hours_mean,-0.110370507048014,0.1581643564742899,137
hours_sd,-0.093553913446008,0.23200531767497262,137
prop_educ_<HS,,,137
prop_educ_BAplus,,,137
prop_educ_HS,,,137
prop_educ_SomeCollege,,,137
prop_female,0.12753237638709386,0.10259487605563454,137
prop_married,0.07278695053278451,0.35284218522688376,137
age_mean,-0.09497551006506394,0.2249567131971844,138
age_sd,-0.05024767613087844,0.521560827080032,138
age_sq_mean,-0.10048399564697265,0.1990787937114692,138
age_sq_sd,-0.05209342526025148,0.5063598118484264,138
english_mean,-0.14609832915215845,0.06114301201962767,138
entry_recency_mean,-0.20467488496065475,0.008362140851488816,138
entry_recency_sd,0.1543298176268287,0.047792865798043024,138
hours_mean,-0.08170043084294472,0.2968427710061941,138
hours_sd,-0.0642179057200484,0.4125188041639025,138
prop_educ_<HS,,,138
prop_educ_BAplus,,,138
prop_educ_HS,,,138
prop_educ_SomeCollege,,,138
prop_female,0.06670836003869614,0.3945922297015986,138
prop_married,-0.03449171231092469,0.6600698361212401,138
age_mean,-0.10514761920197875,0.17891389948750194,139
age_sd,-0.10264368801279355,0.18954493604232875,139
age_sq_mean,-0.10740418226754737,0.16971545049408795,139
age_sq_sd,-0.12972719207667038,0.09676708059816527,139
english_mean,-0.14130244789293106,0.07024020418151995,139
entry_recency_mean,-0.155740960355441,0.04576808590422418,139
entry_recency_sd,0.08128768846756626,0.2992979803886134,139
hours_mean,-0.09069099716837928,0.24666833393722232,139
hours_sd,-0.10412145255874303,0.18321633111132946,139
prop_educ_<HS,,,139
prop_educ_BAplus,,,139
prop_educ_HS,,,139
prop_educ_SomeCollege,,,139
prop_female,0.06958587470664691,0.3744715643364604,139
prop_married,0.04232868380191064,0.5893140723259133,139
age_mean,-0.15180877817924682,0.05159576881690393,140
age_sd,-0.08001670366114692,0.30694256489457217,140
age_sq_mean,-0.15657955578224964,0.04459910751194859,140
age_sq_sd,-0.09382027225442728,0.23067296041997268,140
english_mean,-0.1404757152698378,0.07191436310582013,140
entry_recency_mean,-0.21138018492904811,0.006421345271659848,140
entry_recency_sd,0.13341742138082052,0.08756301358219387,140
hours_mean,-0.08248101232228451,0.29223604362564076,140
hours_sd,-0.04396418669833716,0.5749964938517247,140
prop_educ_<HS,,,140
prop_educ_BAplus,,,140
prop_educ_HS,,,140
prop_educ_SomeCollege,,,140
prop_female,0.0732532506352264,0.3497581009088229,140
prop_married,-0.033095823894230936,0.6730197007348024,140
age_mean,-0.09612148496516032,0.2193860809390217,141
age_sd,-0.12821475921197162,0.1007540722387416,141
age_sq_mean,-0.10665672103214695,0.17272258778290173,141
age_sq_sd,-0.13657856639661317,0.08024736485757354,141
english_mean,-0.14120040313283352,0.07044511797993898,141
entry_recency_mean,-0.21433257943027156,0.00570236588366423,141
entry_recency_sd,0.10658777088964048,0.1730019596325101,141
hours_mean,-0.11814376360829969,0.13070054381463975,141
hours_sd,-0.08546198058559015,0.27508305063144534,141
prop_educ_<HS,,,141
prop_educ_BAplus,,,141
prop_educ_HS,,,141
prop_educ_SomeCollege,,,141
prop_female,0.047226311381760706,0.5469362686454899,141
prop_married,-0.03884929606478295,0.6203025661491731,141
age_mean,-0.12560494838158304,0.10793770807911995,142
age_sd,-0.10426307622546394,0.182618065416672,142
age_sq_mean,-0.13686056887316783,0.07961938973698508,142
age_sq_sd,-0.1106173623383432,0.1572303469455579,142
english_mean,-0.14328340307081977,0.0663573982939511,142
entry_recency_mean,-0.19320946389568475,0.012903294711644036,142
entry_recency_sd,0.15048115821643437,0.053697229882732546,142
hours_mean,-0.11996814691110431,0.12482014586381278,142
hours_sd,-0.1089747352885891,0.16352390027042082,142
prop_educ_<HS,,,142
prop_educ_BAplus,,,142
prop_educ_HS,,,142
prop_educ_SomeCollege,,,142
prop_female,0.07405673978819212,0.34448377047788087,142
prop_married,-0.030189508056398483,0.7002886020410041,142
age_mean,-0.1782622358935093,0.021975457674139796,143
age_sd,-0.06286621122847821,0.4224454281573899,143
age_sq_mean,-0.1780061333892938,0.022169740414011947,143
age_sq_sd,-0.08337486577367205,0.28701956382874155,143
english_mean,-0.11769328608653173,0.1321848018551177,143
entry_recency_mean,-0.2723682800557708,0.0004013595384094279,143
entry_recency_sd,0.12553693938482446,0.10813014091555123,143
hours_mean,-0.11617907616818866,0.13726883386063737,143
hours_sd,-0.10271056018084421,0.18925514824461245,143
prop_educ_<HS,,,143
prop_educ_BAplus,,,143
prop_educ_HS,,,143
prop_educ_SomeCollege,,,143
prop_female,0.005250541166282135,0.9466357187267347,143
prop_married,-0.036667413565449634,0.6400863602839786,143
age_mean,-0.1180831114374765,0.13089963443360958,144
age_sd,-0.08157924024822331,0.29756228856251765,144
age_sq_mean,-0.11890367737974046,0.12822581027649266,144
age_sq_sd,-0.09900422942318274,0.2058086038810378,144
english_mean,-0.11013886506570952,0.1590445847145697,144
entry_recency_mean,-0.18974059687259676,0.014648710747495266,144
entry_recency_sd,0.02374668151381118,0.7620762688413298,144
hours_mean,-0.08408381675865986,0.28292671807408487,144
hours_sd,-0.07937354386702411,0.31085937178205153,144
prop_educ_<HS,,,144
prop_educ_BAplus,,,144
prop_educ_HS,,,144
prop_educ_SomeCollege,,,144
prop_female,0.08045000966246238,0.30432209465497256,144
prop_married,0.0030240996790951683,0.9692491368657142,144
age_mean,-0.09519044184461814,0.2239043655125263,145
age_sd,-0.10211727586730653,0.19183744134547498,145
age_sq_mean,-0.10108589623053649,0.19638750504828617,145
age_sq_sd,-0.12560140348462995,0.10794773179699288,145
english_mean,-0.11449376331816193,0.1431015722682543,145
entry_recency_mean,-0.24889634381023848,0.0012654065180061588,145
entry_recency_sd,0.16454754747080153,0.03468637393355348,145
hours_mean,-0.12843123641982132,0.10017558078959592,145
hours_sd,-0.1383221182439853,0.07642788910291225,145
prop_educ_<HS,,,145
prop_educ_BAplus,,,145
prop_educ_HS,,,145
prop_educ_SomeCollege,,,145
prop_female,0.04715315471360401,0.5475581132750751,145
prop_married,-0.031592166988511805,0.6870775311822498,145
age_mean,-0.15958050539823773,0.04061836038862126,146
age_sd,-0.20157042529273203,0.00942502602380878,146
age_sq_mean,-0.1600479972281489,0.04002594562890113,146
age_sq_sd,-0.21311541856469488,0.005989569490692269,146
english_mean,-0.1514609411628939,0.0521396483891522,146
entry_recency_mean,-0.2477975245096369,0.0013318916329536602,146
entry_recency_sd,0.18246071741264377,0.018993506724567278,146
hours_mean,-0.13842303695015168,0.07621138979514992,146
hours_sd,-0.11908294954448628,0.12764728840395642,146
prop_educ_<HS,,,146
prop_educ_BAplus,,,146
prop_educ_HS,,,146
prop_educ_SomeCollege,,,146
prop_female,0.16683711410699378,0.032209266048627096,146
prop_married,0.018285593956579003,0.8156709030998248,146
age_mean,-0.08909268095976522,0.25512859267697907,147
age_sd,-0.07976613682707193,0.30846463492807824,147
age_sq_mean,-0.09869833498119446,0.20721996542289736,147
age_sq_sd,-0.07367899536808999,0.3469570982589186,147
english_mean,-0.09696708913601046,0.21533896115946713,147
entry_recency_mean,-0.22428263088906986,0.0037789404580100662,147
entry_recency_sd,0.10219617233473528,0.1914925689674187,147
hours_mean,-0.19413270982919814,0.012470631840614171,147
hours_sd,-0.1778066282097204,0.022322111519150485,147
prop_educ_<HS,,,147
prop_educ_BAplus,,,147
prop_educ_HS,,,147
prop_educ_SomeCollege,,,147
prop_female,0.05781694415825564,0.4607311581943036,147
prop_married,0.01849173490044978,0.8136305365326033,147
age_mean,-0.1585952820293379,0.041890992906341754,148
age_sd,-0.147706804028265,0.05831763281246157,148
age_sq_mean,-0.1693925939768215,0.029623442125049627,148
age_sq_sd,-0.16250236045469627,0.037033587665209144,148
english_mean,-0.11624963482890205,0.13702865813145712,148
entry_recency_mean,-0.2190713054081865,0.004697856438347704,148
entry_recency_sd,0.09035389525944534,0.2484362836679416,148
hours_mean,-0.008153985877073524,0.9172127516758583,148
hours_sd,-0.016819202659959537,0.8302201026102262,148
prop_educ_<HS,,,148
prop_educ_BAplus,,,148
prop_educ_HS,,,148
prop_educ_SomeCollege,,,148
prop_female,0.07605484070131555,0.3315870124471183,148
prop_married,0.034699841001817555,0.6581474916182574,148
age_mean,-0.1291121056560957,0.09837318556804239,149
age_sd,-0.09144218724091233,0.2427601430578766,149
age_sq_mean,-0.1348203864289903,0.0842529828021338,149
age_sq_sd,-0.11704252987044242,0.1343517484627453,149
english_mean,-0.13135935053177822,0.09260582369141813,149
entry_recency_mean,-0.19634336009942677,0.01148599750822648,149
entry_recency_sd,0.05913597627919652,0.4505483406887269,149
hours_mean,-0.12446896093983224,0.11118742316264042,149
hours_sd,-0.11014847482834678,0.15900799521575804,149
prop_educ_<HS,,,149
prop_educ_BAplus,,,149
prop_educ_HS,,,149
prop_educ_SomeCollege,,,149
prop_female,0.00163241843779414,0.9833977018056221,149
prop_married,0.007949125054265236,0.9192855644361021,149
age_mean,-0.10716979708531196,0.170654198432454,150
age_sd,-0.08780800943928797,0.2620719859479194,150
age_sq_mean,-0.10487432931532066,0.18005238564218665,150
age_sq_sd,-0.09792601977493902,0.2108142676694772,150
english_mean,-0.11662716121464152,0.1357490432321489,150
entry_recency_mean,-0.21695668254410752,0.005124653975088118,150
entry_recency_sd,0.010343203923772429,0.8950995069127601,150
hours_mean,-0.13104997092769524,0.09338347114151162,150
hours_sd,-0.11462454678561358,0.14264230441440864,150
prop_educ_<HS,,,150
prop_educ_BAplus,,,150
prop_educ_HS,,,150
prop_educ_SomeCollege,,,150
prop_female,0.10064315062136525,0.1983645780489752,150
prop_married,-0.01774475749012164,0.8210299148832328,150
age_mean,-0.10033203493982694,0.19976246063561162,151
age_sd,-0.10797594911086135,0.16744153836395004,151
age_sq_mean,-0.11582642360842056,0.13847405747485791,151
age_sq_sd,-0.12627077527368832,0.1060678956116482,151
english_mean,-0.1360707988157265,0.08138813103924653,151
entry_recency_mean,-0.21011088456727406,0.006754535623074518,151
entry_recency_sd,0.03563703339232337,0.6495191438394847,151
hours_mean,-0.17338214255237272,0.025940740634290298,151
hours_sd,-0.18204799264618798,0.019270218834319897,151
prop_educ_<HS,,,151
prop_educ_BAplus,,,151
prop_educ_HS,,,151
prop_educ_SomeCollege,,,151
prop_female,0.10463921816651492,0.18103608484327877,151
prop_married,-0.020138839912923378,0.7973737000285106,151
age_mean,-0.13364078930136494,0.0870291693265354,152
age_sd,-0.09735625032816475,0.21349442536833202,152
age_sq_mean,-0.13682974782643947,0.07968783011087681,152
age_sq_sd,-0.1234650252596712,0.11412262038694235,152
english_mean,-0.12632236650337086,0.10592408324509185,152
entry_recency_mean,-0.22449183198623665,0.0037456887502617495,152
entry_recency_sd,0.19667185072468996,0.011345677424538297,152
hours_mean,-0.11731038742109431,0.13345653984821143,152
hours_sd,-0.11098819628621553,0.15583504074682733,152
prop_educ_<HS,,,152
prop_educ_BAplus,,,152
prop_educ_HS,,,152
prop_educ_SomeCollege,,,152
prop_female,0.11519217094260603,0.14066198026586402,152
prop_married,-0.037384036466079705,0.6335596156808858,152
age_mean,-0.12501394858118292,0.1096189567183855,153
age_sd,-0.03774936233144769,0.6302431576406897,153
age_sq_mean,-0.12667827706143842,0.1049361403807002,153
age_sq_sd,-0.05525857849034986,0.48084011225623313,153
english_mean,-0.15274755697368006,0.050151327811439834,153
entry_recency_mean,-0.16887141299388297,0.03013595351664566,153
entry_recency_sd,0.0872093907928288,0.2653511774471458,153
hours_mean,-0.12658032643440395,0.10520730787416224,153
hours_sd,-0.12236292976829263,0.11741402087295832,153
prop_educ_<HS,,,153
prop_educ_BAplus,,,153
prop_educ_HS,,,153
prop_educ_SomeCollege,,,153
prop_female,0.13680253182585791,0.0797483046019989,153
prop_married,-0.08816145964018055,0.26014888842015016,153
age_mean,-0.0640905994792303,0.4134478355089772,154
age_sd,-0.09217824046050963,0.23897274699337098,154
age_sq_mean,-0.07125674544552799,0.36308213833144226,154
age_sq_sd,-0.09595798655082129,0.22017479640100326,154
english_mean,-0.1426499650188165,0.06757945801357526,154
entry_recency_mean,-0.20298175447754183,0.008927855860682711,154
entry_recency_sd,0.030680310818478877,0.6956554598224218,154
hours_mean,-0.13794988175244038,0.07723074227572488,154
hours_sd,-0.1549544318571165,0.0468876188487568,154
prop_educ_<HS,,,154
prop_educ_BAplus,,,154
prop_educ_HS,,,154
prop_educ_SomeCollege,,,154
prop_female,0.09351752709640714,0.2321877457148323,154
prop_married,-0.018353572711017556,0.8149979172535579,154
age_mean,-0.11800294742607297,0.13116313006608368,155
age_sd,-0.04678788559088861,0.5506681385693796,155
age_sq_mean,-0.12522738711714035,0.1090094265519411,155
age_sq_sd,-0.04891624738723589,0.5326686859075126,155
english_mean,-0.12368711016143509,0.11346816199485606,155
entry_recency_mean,-0.228343279518518,0.003178787967523808,155
entry_recency_sd,0.11889782387256774,0.12824473388008178,155
hours_mean,-0.16686464325496353,0.032180420589481805,155
hours_sd,-0.13889883997397562,0.07519732453843546,155
prop_educ_<HS,,,155
prop_educ_BAplus,,,155
prop_educ_HS,,,155
prop_educ_SomeCollege,,,155
prop_female,0.041972527095559826,0.5924534215428945,155
prop_married,0.004977023966126982,0.9494118368144159,155
age_mean,-0.07348536036652874,0.34822927744735777,156
age_sd,-0.09921739908044984,0.20482916343390503,156
age_sq_mean,-0.07748751874508397,0.32253271992020777,156
age_sq_sd,-0.10909691304503295,0.16304940898864084,156
english_mean,-0.1364890004963294,0.08044764613902848,156
entry_recency_mean,-0.21250530649652974,0.006138335032489681,156
entry_recency_sd,0.0855713672132169,0.2744668511008587,156
hours_mean,-0.05391525549767526,0.4915853597488437,156
hours_sd,-0.012370759776579116,0.8746906205753595,156
prop_educ_<HS,,,156
prop_educ_BAplus,,,156
prop_educ_HS,,,156
prop_educ_SomeCollege,,,156
prop_female,-0.04084847357813117,0.6024108906456352,156
prop_married,0.023350727770101287,0.7659276745474433,156
age_mean,-0.1519159381959959,0.05142916380408565,157
age_sd,-0.08289788827128913,0.28979537809274725,157
age_sq_mean,-0.15243392972783754,0.050630104531726894,157
age_sq_sd,-0.09669282584020673,0.21664572226999812,157
english_mean,-0.14739525783083446,0.058856327814890474,157
entry_recency_mean,-0.20605436690206616,0.007924952488830767,157
entry_recency_sd,0.07320736215144806,0.35006085078171795,157
hours_mean,-0.08751110005950864,0.26369495149864003,157
hours_sd,-0.07280955325061195,0.3526923001142469,157
prop_educ_<HS,,,157
prop_educ_BAplus,,,157
prop_educ_HS,,,157
prop_educ_SomeCollege,,,157
prop_female,0.11561179468352459,0.13921151609122437,157
prop_married,0.03568037675930538,0.649121212561516,157
age_mean,-0.13945363140476505,0.07402872634827522,158
age_sd,-0.057481839748428756,0.46333829616186856,158
age_sq_mean,-0.13710507010911052,0.07907813293315019,158
age_sq_sd,-0.06334581888789545,0.4189074981426907,158
english_mean,-0.13248655329605943,0.08981600863247108,158
entry_recency_mean,-0.23116509338998337,0.002813929062473607,158
entry_recency_sd,0.12062737065568548,0.12274633016981408,158
hours_mean,-0.09983291441346999,0.20201994145688362,158
hours_sd,-0.09329617576049087,0.23329969497843858,158
prop_educ_<HS,,,158
prop_educ_BAplus,,,158
prop_educ_HS,,,158
prop_educ_SomeCollege,,,158
prop_female,0.028510946760991775,0.7162168681615807,158
prop_married,-0.07068056401199072,0.3669851566103108,158
age_mean,-0.12490405222397431,0.10993383406620341,159
age_sd,-0.1603886954441367,0.039598795355966866,159
age_sq_mean,-0.1287799174290808,0.09924932144743298,159
age_sq_sd,-0.15849013793465178,0.042028762987094306,159
english_mean,-0.1339230944281806,0.08635819349684833,159
entry_recency_mean,-0.22426218737767697,0.0037822040884864026,159
entry_recency_sd,0.08914881755901076,0.2548281029729956,159
hours_mean,-0.11579356840589053,0.1385867532744736,159
hours_sd,-0.12141097759913742,0.1203160287891089,159
prop_educ_<HS,,,159
prop_educ_BAplus,,,159
prop_educ_HS,,,159
prop_educ_SomeCollege,,,159
prop_female,-0.03148373395070025,0.6880955098226766,159
prop_married,0.026675281658824754,0.733776850322111,159
age_mean,-0.13140495080887682,0.09249164105081713,160
age_sd,-0.1451695057252466,0.06282507048197708,160
age_sq_mean,-0.14541400679789665,0.06237865609118952,160
age_sq_sd,-0.15728900971436538,0.043629734000365225,160
english_mean,-0.15033337174512845,0.053935476249619724,160
entry_recency_mean,-0.20834708930056015,0.007243073613784788,160
entry_recency_sd,0.15174127710555674,0.051700944377056864,160
hours_mean,-0.07532352265455859,0.3362709739051769,160
hours_sd,-0.08791713419992842,0.26147721030190557,160
prop_educ_<HS,,,160
prop_educ_BAplus,,,160
prop_educ_HS,,,160
prop_educ_SomeCollege,,,160
prop_female,0.062241739715522125,0.42707787438838557,160
prop_married,-0.03317801093198949,0.6722545249752884,160
age_mean,-0.10781417669826013,0.1680825931954855,161
age_sd,-0.037972486261133816,0.6282212400614946,161
age_sq_mean,-0.1025181657656762,0.19008975608424764,161
age_sq_sd,-0.06230368316840337,0.42661706020862766,161
english_mean,-0.1499190039322505,0.05460814348389554,161
entry_recency_mean,-0.27679642757280404,0.00031936439332167036,161
entry_recency_sd,0.12910025142181197,0.0984043450870337,161
hours_mean,-0.05383931497121506,0.49219659893311685,161
hours_sd,-0.05172537212515503,0.509372445348888,161
prop_educ_<HS,,,161
prop_educ_BAplus,,,161
prop_educ_HS,,,161
prop_educ_SomeCollege,,,161
prop_female,-0.027547715347570376,0.7254132839785841,161
prop_married,0.02649581126814298,0.7355012655064563,161
age_mean,-0.034521461637249076,0.659794925049277,162
age_sd,-0.07618885644269985,0.3307332180308702,162
age_sq_mean,-0.040249151986793436,0.6077503465465967,162
age_sq_sd,-0.0812558564773715,0.29948788983828284,162
english_mean,-0.13590546855658997,0.08176236843935338,162
entry_recency_mean,-0.19551469511660485,0.011846776365372,162
entry_recency_sd,0.1602191213758241,0.039810917193397376,162
hours_mean,-0.08253014953080103,0.2919476530507356,162
hours_sd,-0.0967938285230893,0.21616382647702032,162
prop_educ_<HS,,,162
prop_educ_BAplus,,,162
prop_educ_HS,,,162
prop_educ_SomeCollege,,,162
prop_female,0.009718144729886996,0.9014057407577651,162
prop_married,0.0067938893457466735,0.9309841871852086,162
age_mean,-0.11003233699489852,0.1594506169139286,163
age_sd,-0.11440779700013683,0.1434040690159877,163
age_sq_mean,-0.11845609344893297,0.1296790045796165,163
age_sq_sd,-0.13299923102158845,0.08856951414981196,163
english_mean,-0.14980562451661958,0.05479340207819776,163
entry_recency_mean,-0.20453138258098333,0.008408825094201924,163
entry_recency_sd,0.14991409563516853,0.05461615276268798,163
hours_mean,-0.13254432976067335,0.08967483860213668,163
hours_sd,-0.14318324563358123,0.06654941767938206,163
prop_educ_<HS,,,163
prop_educ_BAplus,,,163
prop_educ_HS,,,163
prop_educ_SomeCollege,,,163
prop_female,0.017951716379114385,0.8189782194279547,163
prop_married,-0.012874721165065672,0.8696301202582547,163
age_mean,-0.10407686828276427,0.18340496745229928,164
age_sd,-0.04314578367375613,0.5821406165251779,164
age_sq_mean,-0.11240992739120355,0.15057179402815052,164
age_sq_sd,-0.057830516003198905,0.46062573971340515,164
english_mean,-0.14660460396648603,0.06024184437635169,164
entry_recency_mean,-0.22518786644417932,0.0036369449128636987,164
entry_recency_sd,0.11042311143895182,0.15796497260851372,164
hours_mean,-0.07068194835823015,0.3669757481909861,164
hours_sd,-0.01233132072527279,0.8750868626855254,164
prop_educ_<HS,,,164
prop_educ_BAplus,,,164
prop_educ_HS,,,164
prop_educ_SomeCollege,,,164
prop_female,0.10083479392842323,0.19750703526898902,164
prop_married,-0.08410861676456374,0.2827842580746653,164
age_mean,-0.07555461603608465,0.3347863251547567,165
age_sd,-0.07124868142737704,0.3631365852678557,165
age_sq_mean,-0.07945889346439242,0.31033772556617795,165
age_sq_sd,-0.061155997805526836,0.43520154641762565,165
english_mean,-0.12600115934740555,0.10682195669626232,165
entry_recency_mean,-0.16815057119060883,0.030857232422550986,165
entry_recency_sd,0.07872554748984416,0.3148385316810711,165
hours_mean,-0.14405874601553262,0.06488618110486875,165
hours_sd,-0.15755942228327127,0.04326492201572937,165
prop_educ_<HS,,,165
prop_educ_BAplus,,,165
prop_educ_HS,,,165
prop_educ_SomeCollege,,,165
prop_female,0.15403799460082168,0.048220763777338416,165
prop_married,-0.011742207022687882,0.88100929772221,165
age_mean,-0.16872966131450826,0.030276646210929854,166
age_sd,-0.14548615465539996,0.06224742509560216,166
age_sq_mean,-0.17291436514957034,0.02635117485968103,166
age_sq_sd,-0.15255664469072314,0.050442320585596834,166
english_mean,-0.1291699669086893,0.09822120605929514,166
entry_recency_mean,-0.2650868888675024,0.0005795986870435608,166
entry_recency_sd,0.11411401370883423,0.14444149727530575,166
hours_mean,-0.0662872813765076,0.39758996435826616,166
hours_sd,-0.06189822682716411,0.42963857044366927,166
prop_educ_<HS,,,166
prop_educ_BAplus,,,166
prop_educ_HS,,,166
prop_educ_SomeCollege,,,166
prop_female,0.06467037010449993,0.4092268317773655,166
prop_married,-0.02888005650301406,0.7127035027748047,166
age_mean,-0.18904657133872885,0.015021676069938534,167
age_sd,-0.10141583836380223,0.19492348187513237,167
age_sq_mean,-0.18991052987733795,0.014558631788289308,167
age_sq_sd,-0.11313719306521763,0.1479319089010653,167
english_mean,-0.15019065843519236,0.0541663731954842,167
entry_recency_mean,-0.2665166690602907,0.0005396851717309013,167
entry_recency_sd,0.21108325391168536,0.006497948531644546,167
hours_mean,-0.011309445254219787,0.8853641303972274,167
hours_sd,-0.04383002833996375,0.5761647894399269,167
prop_educ_<HS,,,167
prop_educ_BAplus,,,167
prop_educ_HS,,,167
prop_educ_SomeCollege,,,167
prop_female,0.04391482152998397,0.5754262530797755,167
prop_married,0.01587267123699509,0.839642424165561,167
age_mean,-0.09357889201737127,0.23188014249463795,168
age_sd,-0.08006942504287283,0.3066229371526255,168
age_sq_mean,-0.09360055101540568,0.23177164116341234,168
age_sq_sd,-0.10374728301830695,0.1848038687151948,168
english_mean,-0.14246433980638698,0.06794103081708411,168
entry_recency_mean,-0.20092608322179123,0.009660033103802878,168
entry_recency_sd,0.15305340410239382,0.04968805529463582,168
hours_mean,-0.1156377642256377,0.13912212652678987,168
hours_sd,-0.12134508510019983,0.12051894135862949,168
prop_educ_<HS,,,168
prop_educ_BAplus,,,168
prop_educ_HS,,,168
prop_educ_SomeCollege,,,168
prop_female,-0.0418242969304951,0.5937622347636404,168
prop_married,-0.02119533398354046,0.7869913444041379,168
age_mean,-0.07056852474170726,0.36774710187528337,169
age_sd,-0.13828606569085788,0.07650535243631418,169
age_sq_mean,-0.0818798018376315,0.2957799496353288,169
age_sq_sd,-0.1437626225039323,0.06544489869199734,169
english_mean,-0.12336383995556352,0.11442177631069182,169
entry_recency_mean,-0.22475615772032637,0.003704052067874318,169
entry_recency_sd,0.18362656315546075,0.018230379379297106,169
hours_mean,-0.15061558074558332,0.053481284165691874,169
hours_sd,-0.15946378547395682,0.04076741360466281,169
prop_educ_<HS,,,169
prop_educ_BAplus,,,169
prop_educ_HS,,,169
prop_educ_SomeCollege,,,169
prop_female,0.1349335082169233,0.08399052459621913,169
prop_married,0.039287388460802396,0.6163622548309385,169
age_mean,-0.1259736390231448,0.10689916159990745,170
age_sd,-0.12909865668623302,0.09840853753472469,170
age_sq_mean,-0.13110944553920434,0.0932335758402483,170
age_sq_sd,-0.14200168035227773,0.068849092930094,170
english_mean,-0.1450317923003279,0.06307766002518045,170
entry_recency_mean,-0.3065582745459797,6.208787392187614e-05,170
entry_recency_sd,0.08505575724994842,0.2773795830676388,170
hours_mean,-0.05786247668185938,0.4603775398819958,170
hours_sd,-0.0723538057934087,0.3557222021591737,170
prop_educ_<HS,,,170
prop_educ_BAplus,,,170
prop_educ_HS,,,170
prop_educ_SomeCollege,,,170
prop_female,0.0364396262158451,0.6421667894238754,170
prop_married,0.03206203789565107,0.6826728560040851,170
age_mean,-0.10886668144208946,0.16394439836206517,171
age_sd,-0.10428438373527595,0.18252817970361646,171
age_sq_mean,-0.11336239681228201,0.14712159327298507,171
age_sq_sd,-0.10288952515687885,0.1884812027556295,171
english_mean,-0.12877048903356153,0.09927427827967956,171
entry_recency_mean,-0.2002748471195636,0.009902798405940712,171
entry_recency_sd,0.19610641700973042,0.011588156711521361,171
hours_mean,-0.14712367005304883,0.0593292638412044,171
hours_sd,-0.13801235539259393,0.07709552340139882,171
prop_educ_<HS,,,171
prop_educ_BAplus,,,171
prop_educ_HS,,,171
prop_educ_SomeCollege,,,171
prop_female,0.03628531103655017,0.6435777657070895,171
prop_married,-0.017097614250707906,0.8274531663413282,171
age_mean,-0.13768875814538728,0.07779799601988156,172
age_sd,-0.08206762949371604,0.29466972887063747,172
age_sq_mean,-0.13876456461537903,0.07548238997393629,172
age_sq_sd,-0.11060266555255549,0.15728583796077042,172
english_mean,-0.1442141593641513,0.06459451524181171,172
entry_recency_mean,-0.2151697762131992,0.005512027337277363,172
entry_recency_sd,0.19768205342846082,0.0109235568412088,172
hours_mean,-0.11894360415375049,0.1280967897337319,172
hours_sd,-0.11619278843762582,0.13722213328791996,172
prop_educ_<HS,,,172
prop_educ_BAplus,,,172
prop_educ_HS,,,172
prop_educ_SomeCollege,,,172
prop_female,0.040010771764115494,0.609879913420279,172
prop_married,-0.051721679454197825,0.509402718097992,172
age_mean,-0.1382559777961828,0.07657004851415498,173
age_sd,-0.15040690575141194,0.05381682313735719,173
age_sq_mean,-0.14296899607139602,0.0669616941269848,173
age_sq_sd,-0.16491797760962149,0.03427499649407575,173
english_mean,-0.14184284745308004,0.0691631032564227,173
entry_recency_mean,-0.23943682271965872,0.0019521128620481195,173
entry_recency_sd,0.09889079544167045,0.20633116574375365,173
hours_mean,-0.07741001155396919,0.3230184255201174,173
hours_sd,-0.03267239998062459,0.6769671539218652,173
prop_educ_<HS,,,173
prop_educ_BAplus,,,173
prop_educ_HS,,,173
prop_educ_SomeCollege,,,173
prop_female,0.0474145523196669,0.5453377813905965,173
prop_married,-0.039504833411342144,0.6144105508143726,173
age_mean,-0.1659144114215431,0.033188865475349105,174
age_sd,-0.16392137779548094,0.03539126019803741,174
age_sq_mean,-0.17151416228543223,0.027613116159083812,174
age_sq_sd,-0.17505074337452908,0.024520990959847448,174
english_mean,-0.14023052133991304,0.07241706825320561,174
entry_recency_mean,-0.25289479312354435,0.001048288564912074,174
entry_recency_sd,0.11542930070301068,0.13984091340317578,174
hours_mean,-0.12042712267461224,0.12337343959169544,174
hours_sd,-0.10134790177940968,0.19522428061315622,174
prop_educ_<HS,,,174
prop_educ_BAplus,,,174
prop_educ_HS,,,174
prop_educ_SomeCollege,,,174
prop_female,0.017773301607954844,0.8207468691324863,174
prop_married,0.0033255376317146146,0.9661856709562727,174
age_mean,-0.1578433350067372,0.042884648649115,175
age_sd,-0.059879421540227455,0.44486511796963846,175
age_sq_mean,-0.15641131524229035,0.044831607622706895,175
age_sq_sd,-0.08191721183781839,0.29555860382807086,175
english_mean,-0.1353004951674025,0.08314357561935139,175
entry_recency_mean,-0.24582233992207958,0.0014594848565446707,175
entry_recency_sd,0.07106769121117887,0.3643599333928749,175
hours_mean,-0.1647560468130394,0.03445431610029913,175
hours_sd,-0.14808483786233967,0.05766943028557058,175
prop_educ_<HS,,,175
prop_educ_BAplus,,,175
prop_educ_HS,,,175
prop_educ_SomeCollege,,,175
prop_female,0.040796483091407244,0.6028732524150905,175
prop_married,-0.045934298454482804,0.5579692763147948,175
age_mean,-0.1575568269711144,0.04326841116100317,176
age_sd,-0.10903411768757638,0.1632931532947261,176
age_sq_mean,-0.16218058386676676,0.037414814479733584,176
age_sq_sd,-0.13292307494977942,0.08875379709267862,176
english_mean,-0.12513365076707628,0.10927678762185995,176
entry_recency_mean,-0.22493802411725738,0.0036756469808242624,176
entry_recency_sd,0.07339713331427222,0.3488099008434029,176
hours_mean,-0.08780187441794056,0.2621054518569856,176
hours_sd,-0.08507245816519675,0.27728491225431373,176
prop_educ_<HS,,,176
prop_educ_BAplus,,,176
prop_educ_HS,,,176
prop_educ_SomeCollege,,,176
prop_female,0.04967281932573753,0.5263422255478751,176
prop_married,0.01553939654219006,0.8429655336284949,176
age_mean,-0.14299104835472862,0.06691916338503098,177
age_sd,-0.10589709268206454,0.17581893654084377,177
age_sq_mean,-0.14679817680481178,0.05990018108249443,177
age_sq_sd,-0.1149849798601632,0.14138238578000295,177
english_mean,-0.11040622676080776,0.15802894921800284,177
entry_recency_mean,-0.20801953896861325,0.0073371813256409985,177
entry_recency_sd,0.15017386158109658,0.054193602626567174,177
hours_mean,-0.05135689553192225,0.5123978339072968,177
hours_sd,-0.04148446085205974,0.5967677881714484,177
prop_educ_<HS,,,177
prop_educ_BAplus,,,177
prop_educ_HS,,,177
prop_educ_SomeCollege,,,177
prop_female,0.04773983992185062,0.542580959592475,177
prop_married,-0.02407862306676924,0.7588519919557314,177
age_mean,-0.15301381998561803,0.049747813049274114,178
age_sd,-0.13966355534059677,0.07359040163283478,178
age_sq_mean,-0.16418848260597704,0.035089109889813376,178
age_sq_sd,-0.16182363616559114,0.037841576612473324,178
english_mean,-0.13930966672078093,0.07433054745004952,178
entry_recency_mean,-0.23604983799643212,0.0022708224119067314,178
entry_recency_sd,0.03696988810271827,0.637328126698795,178
hours_mean,-0.15158384588700272,0.051946933764147114,178
hours_sd,-0.12522696998378166,0.10901061519109156,178
prop_educ_<HS,,,178
prop_educ_BAplus,,,178
prop_educ_HS,,,178
prop_educ_SomeCollege,,,178
prop_female,0.044588591008749796,0.5695736300751482,178
prop_married,0.0020996229883827717,0.9786470580327011,178
age_mean,-0.11124732802494598,0.15486556669381626,179
age_sd,-0.05136259418517178,0.5123509743704493,179
age_sq_mean,-0.11210121940310469,0.15170306281585164,179
age_sq_sd,-0.07454476965812956,0.34130488247055546,179
english_mean,-0.12133063058572198,0.12056348876795396,179
entry_recency_mean,-0.23356743855812104,0.0025336427513474244,179
entry_recency_sd,0.2069184657903641,0.007661545307322482,179
hours_mean,-0.10325741098406063,0.1868975259762387,179
hours_sd,-0.12774422060797774,0.10202058706190861,179
prop_educ_<HS,,,179
prop_educ_BAplus,,,179
prop_educ_HS,,,179
prop_educ_SomeCollege,,,179
prop_female,0.12230534508011019,0.11758800548550676,179
prop_married,0.00569161135311637,0.9421603540637292,179
age_mean,-0.13958872113625592,0.07374641489751797,180
age_sd,-0.09333394225199763,0.23310971234973163,180
age_sq_mean,-0.14309993107205016,0.06670949154651903,180
age_sq_sd,-0.10138911693509732,0.1950417545323459,180
english_mean,-0.12093351524304602,0.12179236088904023,180
entry_recency_mean,-0.23833762370875922,0.0020507816074600426,180
entry_recency_sd,0.10329315670113198,0.18674416825642465,180
hours_mean,-0.13640384533832103,0.08063843726868372,180
hours_sd,-0.14054803463072982,0.0717666334763872,180
prop_educ_<HS,,,180
prop_educ_BAplus,,,180
prop_educ_HS,,,180
prop_educ_SomeCollege,,,180
prop_female,0.013794478323023638,0.860408195317924,180
prop_married,0.0165727095701453,0.8326715666286149,180
age_mean,-0.09519238155104622,0.22389488423972728,181
age_sd,-0.04607979850506844,0.556721453495646,181
age_sq_mean,-0.10075728972982455,0.19785351759428996,181
age_sq_sd,-0.04508439451094963,0.5652849441650475,181
english_mean,-0.13116692293038348,0.09308889600425314,181
entry_recency_mean,-0.18696316276258365,0.016191506680652185,181
entry_recency_sd,0.16979998263401133,0.029228018849243656,181
hours_mean,-0.049518220728423684,0.5276318817520561,181
hours_sd,-0.03286944922307759,0.6751290214827023,181
prop_educ_<HS,,,181
prop_educ_BAplus,,,181
prop_educ_HS,,,181
prop_educ_SomeCollege,,,181
prop_female,0.1000295119678679,0.2011285575854752,181
prop_married,-0.022280536899883848,0.7763657951473261,181
age_mean,-0.11530581236882187,0.14026803726796827,182
age_sd,-0.06698674776236588,0.39261779653088935,182
age_sq_mean,-0.11593091843631756,0.13811609741223313,182
age_sq_sd,-0.08148298862136336,0.29813456375405384,182
english_mean,-0.10057309132329494,0.1986787434721458,182
entry_recency_mean,-0.21838438213008968,0.004832866783803151,182
entry_recency_sd,0.07193275000222313,0.3585358765576547,182
hours_mean,-0.09951556511895907,0.203464834157484,182
hours_sd,-0.05984075537337145,0.44515969688391177,182
prop_educ_<HS,,,182
prop_educ_BAplus,,,182
prop_educ_HS,,,182
prop_educ_SomeCollege,,,182
prop_female,0.057359980564908895,0.4642883855996255,182
prop_married,-0.041717438831382174,0.5947065614995513,182
age_mean,-0.02985159445023189,0.7034849290182938,183
age_sd,-0.1144946416434278,0.14309848413832288,183
age_sq_mean,-0.03481002842213613,0.6571306694506448,183
age_sq_sd,-0.09951995299718779,0.20344480544267857,183
english_mean,-0.15778052719226954,0.0429685315528601,183
entry_recency_mean,-0.19726229420087035,0.011097247356132867,183
entry_recency_sd,0.10944651501038842,0.16169737321025876,183
hours_mean,-0.13165987579164865,0.09185537334437521,183
hours_sd,-0.09554472768392633,0.22217733436611578,183
prop_educ_<HS,,,183
prop_educ_BAplus,,,183
prop_educ_HS,,,183
prop_educ_SomeCollege,,,183
prop_female,0.02607207286172912,0.739577924062568,183
prop_married,-0.042743013969376596,0.5856715491111244,183
age_mean,-0.09336338068507766,0.23296169905433634,184
age_sd,-0.08400487955890067,0.2833804819746788,184
age_sq_mean,-0.10371922551816679,0.18492331710564974,184
age_sq_sd,-0.09577093654988682,0.22107959390946882,184
english_mean,-0.13877771714657722,0.07545442871153803,184
entry_recency_mean,-0.19930574704812964,0.010274025482942107,184
entry_recency_sd,0.07717025310629382,0.32452388253811343,184
hours_mean,-0.12305603987463554,0.11533555210924382,184
hours_sd,-0.09264264902896277,0.2366044697155682,184
prop_educ_<HS,,,184
prop_educ_BAplus,,,184
prop_educ_HS,,,184
prop_educ_SomeCollege,,,184
prop_female,0.06832334849933039,0.38322103128451607,184
prop_married,-0.010496037784568979,0.8935585466063114,184
age_mean,-0.1182868421467469,0.1302318108979672,185
age_sd,-0.052422098833322064,0.50367738116834,185
age_sq_mean,-0.11773595094533525,0.13204367512974796,185
age_sq_sd,-0.059789196727269914,0.4455526687549571,185
english_mean,-0.12565542376338312,0.10779506069823132,185
entry_recency_mean,-0.2859412510231724,0.0001967916949325391,185
entry_recency_sd,0.08637434614579989,0.2699720925239317,185
hours_mean,-0.11983816357693881,0.12523222967746467,185
hours_sd,-0.158101095469375,0.04254183203197987,185
prop_educ_<HS,,,185
prop_educ_BAplus,,,185
prop_educ_HS,,,185
prop_educ_SomeCollege,,,185
prop_female,0.09307835855836993,0.23439753744046898,185
prop_married,-0.04319463673968784,0.5817130106270832,185
age_mean,-0.1415718764341059,0.06970149862450485,186
age_sd,-0.09554514047733019,0.22217532765727674,186
age_sq_mean,-0.15185464056916162,0.05152441043616689,186
age_sq_sd,-0.0976280758448791,0.21221275284164678,186
english_mean,-0.14645489666199804,0.060507179668150744,186
entry_recency_mean,-0.20712001743612016,0.007601235114216743,186
entry_recency_sd,0.1498479600107851,0.054724166484530434,186
hours_mean,-0.1285377017619938,0.09989203785740387,186
hours_sd,-0.11864546451164054,0.1290626249812562,186
prop_educ_<HS,,,186
prop_educ_BAplus,,,186
prop_educ_HS,,,186
prop_educ_SomeCollege,,,186
prop_female,0.06914614350403646,0.377504969874002,186
prop_married,-0.007253112907909241,0.926331898172673,186
age_mean,-0.1210707565886538,0.12136657552078628,187
age_sd,-0.0649130306814393,0.4074677168177769,187
age_sq_mean,-0.12363946515584043,0.1136083189278113,187
age_sq_sd,-0.0816660304079921,0.2970468916667458,187
english_mean,-0.15622780127061664,0.04508636886636813,187
entry_recency_mean,-0.22843155916305335,0.00316675511340961,187
entry_recency_sd,0.16557743944548622,0.033552858679888595,187
hours_mean,-0.0973257775723849,0.2136384503697893,187
hours_sd,-0.11510101126834206,0.14097859809523217,187
prop_educ_<HS,,,187
prop_educ_BAplus,,,187
prop_educ_HS,,,187
prop_educ_SomeCollege,,,187
prop_female,0.06573786263942483,0.4015217624442704,187
prop_married,0.020855287316667,0.7903290475295938,187
age_mean,-0.07890252151034678,0.31374850715319796,188
age_sd,-0.11082311733937113,0.1564550156053117,188
age_sq_mean,-0.08180097362295197,0.2962467167220046,188
age_sq_sd,-0.1148206430736279,0.1419557814214453,188
english_mean,-0.13993543166293118,0.07302584696999458,188
entry_recency_mean,-0.21300358389059157,0.006016595162537606,188
entry_recency_sd,0.029058943902857702,0.7110029309348064,188
hours_mean,-0.10167052689040687,0.19379881092174342,188
hours_sd,-0.09587006194752079,0.22059977657837188,188
prop_educ_<HS,,,188
prop_educ_BAplus,,,188
prop_educ_HS,,,188
prop_educ_SomeCollege,,,188
prop_female,0.01269563374081258,0.871427821839703,188
prop_married,0.014192673356530537,0.8564214684609657,188
age_mean,-0.15397740776738322,0.04831000036411867,189
age_sd,-0.04992898953515255,0.5242087804029911,189
age_sq_mean,-0.15692960649828414,0.04411858367271802,189
age_sq_sd,-0.06069371708893163,0.43868703265698367,189
english_mean,-0.13025401017889995,0.095408043468259,189
entry_recency_mean,-0.23911617851944358,0.0019804395094911676,189
entry_recency_sd,0.06497315389602538,0.40703255810381805,189
hours_mean,-0.12767411819202706,0.10221034655294214,189
hours_sd,-0.12205771855525495,0.11833846204886941,189
prop_educ_<HS,,,189
prop_educ_BAplus,,,189
prop_educ_HS,,,189
prop_educ_SomeCollege,,,189
prop_female,0.051846118553802154,0.5083830730223056,189
prop_married,-0.0005751133689906237,0.9941505183782424,189
age_mean,-0.08784080963363358,0.26189311388998515,190
age_sd,-0.15304718733575645,0.04969743642242167,190
age_sq_mean,-0.09920998442421067,0.20486317473139826,190
age_sq_sd,-0.1602737933007055,0.039742423455200605,190
english_mean,-0.12008597329840905,0.12444750890431411,190
entry_recency_mean,-0.16599491369085287,0.03310240504124687,190
entry_recency_sd,0.11623318109102528,0.137084636532094,190
hours_mean,-0.06919842946190176,0.37714350076502573,190
hours_sd,-0.06598878854351224,0.3997232040124375,190
prop_educ_<HS,,,190
prop_educ_BAplus,,,190
prop_educ_HS,,,190
prop_educ_SomeCollege,,,190
prop_female,0.079579216267536,0.3096033005081364,190
prop_married,0.03639881208110321,0.6425398480769348,190
age_mean,-0.18913022257362233,0.014976287496243221,191
age_sd,-0.09989411971435681,0.201742128013507,191
age_sq_mean,-0.197647719558849,0.010937673287874029,191
age_sq_sd,-0.12226256096794955,0.11771740183806796,191
english_mean,-0.15677125252738683,0.04433542132441899,191
entry_recency_mean,-0.2639004836200643,0.0006147665775179923,191
entry_recency_sd,0.09291441582133032,0.23522622978487626,191
hours_mean,-0.1137556189492164,0.1457147909439165,191
hours_sd,-0.10575100464326172,0.17641908439590193,191
prop_educ_<HS,,,191
prop_educ_BAplus,,,191
prop_educ_HS,,,191
prop_educ_SomeCollege,,,191
prop_female,-0.03404255391243842,0.6642259798992726,191
prop_married,-0.03373879445156877,0.6670425411279206,191
age_mean,-0.19698006665837808,0.011215391392524393,192
age_sd,-0.11582002450719212,0.13849600138314908,192
age_sq_mean,-0.20685820430250687,0.0076796596499192765,192
age_sq_sd,-0.1516828539720721,0.0517921187468727,192
english_mean,-0.15572725975042437,0.04578739447182661,192
entry_recency_mean,-0.25070933603650203,0.0011623147777667239,192
entry_recency_sd,0.18972882416214445,0.014654969276791038,192
hours_mean,-0.09181552044097671,0.2408339462448441,192
hours_sd,-0.08682065198922431,0.2674955960604636,192
prop_educ_<HS,,,192
prop_educ_BAplus,,,192
prop_educ_HS,,,192
prop_educ_SomeCollege,,,192
prop_female,0.09325325783447846,0.2335157236794691,192
prop_married,-0.03857355661757692,0.6227881933058685,192
age_mean,-0.14297491680533173,0.06695027304485725,193
age_sd,-0.08207625915407402,0.2946187868309057,193
age_sq_mean,-0.1448435042950465,0.06342435710616316,193
age_sq_sd,-0.08739777686519853,0.26431620605307615,193
english_mean,-0.13666196426101282,0.08006123715417682,193
entry_recency_mean,-0.23479361650616784,0.002400560685037287,193
entry_recency_sd,0.12332874597327607,0.11452567491221957,193
hours_mean,-0.09312143525779333,0.23418013510007135,193
hours_sd,-0.12164145022956448,0.1196083840068259,193
prop_educ_<HS,,,193
prop_educ_BAplus,,,193
prop_educ_HS,,,193
prop_educ_SomeCollege,,,193
prop_female,0.04444341313827059,0.5708323197736289,193
prop_married,-0.041537585662585086,0.5962974934225023,193
age_mean,-0.06830551793969666,0.38334548104366134,194
age_sd,-0.0052447554245876205,0.9466944357537251,194
age_sq_mean,-0.07081383746894328,0.366080074678698,194
age_sq_sd,-0.019592151526451086,0.8027602074236835,194
english_mean,-0.1311182025177896,0.0932115215805194,194
entry_recency_mean,-0.266659457029122,0.0005358417240068597,194
entry_recency_sd,0.1121511723460059,0.15151957527514978,194
hours_mean,-0.09743422039909491,0.21312622737648915,194
hours_sd,-0.10803850936100232,0.16719411967018932,194
prop_educ_<HS,,,194
prop_educ_BAplus,,,194
prop_educ_HS,,,194
prop_educ_SomeCollege,,,194
prop_female,0.06293425551937193,0.42194243138749987,194
prop_married,0.033180058946206493,0.6722354618938106,194
age_mean,-0.15112692859533694,0.052666374748035615,195
age_sd,-0.19429818847068664,0.012394443116890056,195
age_sq_mean,-0.16044825777999988,0.039524514158231196,195
age_sq_sd,-0.20410228066252367,0.008549801423614289,195
english_mean,-0.13250141739672092,0.08977967301811086,195
entry_recency_mean,-0.2527536378689302,0.0010553315389623806,195
entry_recency_sd,0.062162769148020144,0.4276657744187412,195
hours_mean,-0.1272368469777807,0.10340028042191576,195
hours_sd,-0.15425977680701594,0.04789527668989247,195
prop_educ_<HS,,,195
prop_educ_BAplus,,,195
prop_educ_HS,,,195
prop_educ_SomeCollege,,,195
prop_female,0.02850915957588441,0.7162338940147315,195
prop_married,-0.0077662352430800585,0.9211365308427877,195
age_mean,-0.06667624382083057,0.39482039252416046,196
age_sd,-0.1557393748737883,0.045770320011009225,196
age_sq_mean,-0.07522159031511791,0.3369271653694447,196
age_sq_sd,-0.14771071359508497,0.058310898643972695,196
english_mean,-0.13593356830774125,0.08169866517273972,196
entry_recency_mean,-0.16586853213421732,0.03323822600062994,196
entry_recency_sd,0.12402867637330686,0.11246732721553811,196
hours_mean,-0.08975727002279117,0.2515868028409177,196
hours_sd,-0.09453847378934979,0.22710731247029628,196
prop_educ_<HS,,,196
prop_educ_BAplus,,,196
prop_educ_HS,,,196
prop_educ_SomeCollege,,,196
prop_female,0.020875816442866086,0.7901274366173721,196
prop_married,0.0158634591573607,0.8397342408061786,196
age_mean,-0.13340945245848176,0.08758210737225336,197
age_sd,-0.04260063771282684,0.5869220610902084,197
age_sq_mean,-0.13671618175444356,0.07994042085576214,197
age_sq_sd,-0.07138629678520741,0.36220812284611215,197
english_mean,-0.13146045947915044,0.09235279908197841,197
entry_recency_mean,-0.23480916773623758,0.002398914340601614,197
entry_recency_sd,0.10471547657915925,0.18071658934032647,197
hours_mean,-0.11867927440868929,0.1289528155308583,197
hours_sd,-0.12855455063939383,0.09984722340087178,197
prop_educ_<HS,,,197
prop_educ_BAplus,,,197
prop_educ_HS,,,197
prop_educ_SomeCollege,,,197
prop_female,0.05305259804931909,0.49855251510536647,197
prop_married,-0.032730041892834974,0.6764292555683183,197
age_mean,-0.1453739436226183,0.06245162555215585,198
age_sd,-0.06912699998820598,0.3776373678504216,198
age_sq_mean,-0.14611086563299971,0.061120564297664264,198
age_sq_sd,-0.09189766545910791,0.24041155797852634,198
english_mean,-0.12035659084319648,0.12359491083326143,198
entry_recency_mean,-0.23352681389997368,0.0025381641661995683,198
entry_recency_sd,0.0884165903844896,0.25876676790352116,198
hours_mean,-0.16037431148254955,0.039616751425482814,198
hours_sd,-0.15181913325846721,0.05157964994562544,198
prop_educ_<HS,,,198
prop_educ_BAplus,,,198
prop_educ_HS,,,198
prop_educ_SomeCollege,,,198
prop_female,0.093988281528816,0.2298353350417233,198
prop_married,0.00044692562356438387,0.9954543007469461,198
age_mean,-0.09134995255833983,0.24323767261807322,199
age_sd,-0.05356443991045762,0.49441241875309344,199
age_sq_mean,-0.0900311736640689,0.2501370248640346,199
age_sq_sd,-0.05733884171502828,0.46445330640038157,199
english_mean,-0.14494235519414736,0.06324214769330863,199
entry_recency_mean,-0.21808377016817573,0.004893036512222893,199
entry_recency_sd,0.08471973483515188,0.27928899500821225,199
hours_mean,-0.11363662379127443,0.14613943040244567,199
hours_sd,-0.06418036695341206,0.4127926199271645,199
prop_educ_<HS,,,199
prop_educ_BAplus,,,199
prop_educ_HS,,,199
prop_educ_SomeCollege,,,199
prop_female,0.10944122638062462,0.1617177635673129,199
prop_married,-0.03437285935208797,0.6611685999457961,199
